ISO-10303-21;
HEADER;
/* Generated by software containing ST-Developer
 * from STEP Tools, Inc. (www.steptools.com) 
 */

FILE_DESCRIPTION(
/* description */ (''),
/* implementation_level */ '2;1');

FILE_NAME(
/* name */ 'AA battery.step',
/* time_stamp */ '2026-05-19T16:35:40+05:30',
/* author */ (''),
/* organization */ (''),
/* preprocessor_version */ 'ST-DEVELOPER v20.1',
/* originating_system */ 'Autodesk Translation Framework v15.8.0.0',
/* authorisation */ '');

FILE_SCHEMA (('AUTOMOTIVE_DESIGN { 1 0 10303 214 3 1 1 }'));
ENDSEC;

DATA;
#10=MECHANICAL_DESIGN_GEOMETRIC_PRESENTATION_REPRESENTATION('',(#355,#356,
#357,#358,#359,#360,#361,#362,#363,#364,#365,#366,#367,#368,#369,#370,#371,
#372,#373,#374,#375,#376,#377,#378),#10335);
#11=SHAPE_REPRESENTATION_RELATIONSHIP('SRR','None',#10342,#12);
#12=ADVANCED_BREP_SHAPE_REPRESENTATION('',(#379,#380,#381,#382,#383,#384),
#10334);
#13=B_SPLINE_SURFACE_WITH_KNOTS('',3,3,((#6288,#6289,#6290,#6291),(#6292,
#6293,#6294,#6295),(#6296,#6297,#6298,#6299),(#6300,#6301,#6302,#6303),
(#6304,#6305,#6306,#6307)),.UNSPECIFIED.,.F.,.F.,.F.,(4,1,4),(4,4),(0.,
0.00597754605298324,0.0147803363585491),(0.,0.001),.UNSPECIFIED.);
#14=B_SPLINE_SURFACE_WITH_KNOTS('',3,3,((#6315,#6316,#6317,#6318),(#6319,
#6320,#6321,#6322),(#6323,#6324,#6325,#6326),(#6327,#6328,#6329,#6330),
(#6331,#6332,#6333,#6334)),.UNSPECIFIED.,.F.,.F.,.F.,(4,1,4),(4,4),(0.,
0.00680639128907896,0.0132398813299385),(0.,0.001),.UNSPECIFIED.);
#15=B_SPLINE_SURFACE_WITH_KNOTS('',3,3,((#6342,#6343,#6344,#6345),(#6346,
#6347,#6348,#6349),(#6350,#6351,#6352,#6353),(#6354,#6355,#6356,#6357),
(#6358,#6359,#6360,#6361)),.UNSPECIFIED.,.F.,.F.,.F.,(4,1,4),(4,4),(0.,
0.0107915803604655,0.0190145824881829),(0.,0.001),.UNSPECIFIED.);
#16=B_SPLINE_SURFACE_WITH_KNOTS('',3,3,((#6369,#6370,#6371,#6372),(#6373,
#6374,#6375,#6376),(#6377,#6378,#6379,#6380),(#6381,#6382,#6383,#6384),
(#6385,#6386,#6387,#6388)),.UNSPECIFIED.,.F.,.F.,.F.,(4,1,4),(4,4),(0.,
0.0190890615502072,0.0335377417892495),(0.,0.001),.UNSPECIFIED.);
#17=B_SPLINE_SURFACE_WITH_KNOTS('',3,3,((#6396,#6397,#6398,#6399),(#6400,
#6401,#6402,#6403),(#6404,#6405,#6406,#6407),(#6408,#6409,#6410,#6411)),
 .UNSPECIFIED.,.F.,.F.,.F.,(4,4),(4,4),(0.,0.0590210265301643),(0.,0.001),
 .UNSPECIFIED.);
#18=B_SPLINE_SURFACE_WITH_KNOTS('',3,3,((#6422,#6423,#6424,#6425),(#6426,
#6427,#6428,#6429),(#6430,#6431,#6432,#6433),(#6434,#6435,#6436,#6437)),
 .UNSPECIFIED.,.F.,.F.,.F.,(4,4),(4,4),(0.,0.0772110959316822),(0.,0.001),
 .UNSPECIFIED.);
#19=B_SPLINE_SURFACE_WITH_KNOTS('',3,3,((#6444,#6445,#6446,#6447),(#6448,
#6449,#6450,#6451),(#6452,#6453,#6454,#6455),(#6456,#6457,#6458,#6459),
(#6460,#6461,#6462,#6463)),.UNSPECIFIED.,.F.,.F.,.F.,(4,1,4),(4,4),(0.,
0.0164548757329375,0.0345669168325766),(0.,0.001),.UNSPECIFIED.);
#20=B_SPLINE_SURFACE_WITH_KNOTS('',3,3,((#6471,#6472,#6473,#6474),(#6475,
#6476,#6477,#6478),(#6479,#6480,#6481,#6482),(#6483,#6484,#6485,#6486),
(#6487,#6488,#6489,#6490)),.UNSPECIFIED.,.F.,.F.,.F.,(4,1,4),(4,4),(0.,
0.010515012453431,0.0188576872489789),(0.,0.001),.UNSPECIFIED.);
#21=B_SPLINE_SURFACE_WITH_KNOTS('',3,3,((#6498,#6499,#6500,#6501),(#6502,
#6503,#6504,#6505),(#6506,#6507,#6508,#6509),(#6510,#6511,#6512,#6513),
(#6514,#6515,#6516,#6517)),.UNSPECIFIED.,.F.,.F.,.F.,(4,1,4),(4,4),(0.,
0.0212090292596212,0.047102634199579),(0.,0.001),.UNSPECIFIED.);
#22=B_SPLINE_SURFACE_WITH_KNOTS('',3,3,((#6525,#6526,#6527,#6528),(#6529,
#6530,#6531,#6532),(#6533,#6534,#6535,#6536),(#6537,#6538,#6539,#6540),
(#6541,#6542,#6543,#6544)),.UNSPECIFIED.,.F.,.F.,.F.,(4,1,4),(4,4),(0.,
0.0199114072058168,0.039185049841478),(0.,0.001),.UNSPECIFIED.);
#23=B_SPLINE_SURFACE_WITH_KNOTS('',3,3,((#6552,#6553,#6554,#6555),(#6556,
#6557,#6558,#6559),(#6560,#6561,#6562,#6563),(#6564,#6565,#6566,#6567),
(#6568,#6569,#6570,#6571)),.UNSPECIFIED.,.F.,.F.,.F.,(4,1,4),(4,4),(0.,
0.015656715511878,0.0315844086889071),(0.,0.001),.UNSPECIFIED.);
#24=B_SPLINE_SURFACE_WITH_KNOTS('',3,3,((#6579,#6580,#6581,#6582),(#6583,
#6584,#6585,#6586),(#6587,#6588,#6589,#6590),(#6591,#6592,#6593,#6594),
(#6595,#6596,#6597,#6598)),.UNSPECIFIED.,.F.,.F.,.F.,(4,1,4),(4,4),(0.,
0.0145676581804785,0.0296859113569096),(0.,0.001),.UNSPECIFIED.);
#25=B_SPLINE_SURFACE_WITH_KNOTS('',3,3,((#6606,#6607,#6608,#6609),(#6610,
#6611,#6612,#6613),(#6614,#6615,#6616,#6617),(#6618,#6619,#6620,#6621),
(#6622,#6623,#6624,#6625)),.UNSPECIFIED.,.F.,.F.,.F.,(4,1,4),(4,4),(0.,
0.0235718730204436,0.0411637477406089),(0.,0.001),.UNSPECIFIED.);
#26=B_SPLINE_SURFACE_WITH_KNOTS('',3,3,((#6649,#6650,#6651,#6652),(#6653,
#6654,#6655,#6656),(#6657,#6658,#6659,#6660),(#6661,#6662,#6663,#6664),
(#6665,#6666,#6667,#6668)),.UNSPECIFIED.,.F.,.F.,.F.,(4,1,4),(4,4),(0.,
0.0149490257189555,0.0343374133180068),(0.,0.001),.UNSPECIFIED.);
#27=B_SPLINE_SURFACE_WITH_KNOTS('',3,3,((#6676,#6677,#6678,#6679),(#6680,
#6681,#6682,#6683),(#6684,#6685,#6686,#6687),(#6688,#6689,#6690,#6691),
(#6692,#6693,#6694,#6695)),.UNSPECIFIED.,.F.,.F.,.F.,(4,1,4),(4,4),(0.,
0.0131803067050131,0.0261375476841649),(0.,0.001),.UNSPECIFIED.);
#28=B_SPLINE_SURFACE_WITH_KNOTS('',3,3,((#6703,#6704,#6705,#6706),(#6707,
#6708,#6709,#6710),(#6711,#6712,#6713,#6714),(#6715,#6716,#6717,#6718),
(#6719,#6720,#6721,#6722)),.UNSPECIFIED.,.F.,.F.,.F.,(4,1,4),(4,4),(0.,
0.0094914425846635,0.0189139608800355),(0.,0.001),.UNSPECIFIED.);
#29=B_SPLINE_SURFACE_WITH_KNOTS('',3,3,((#6730,#6731,#6732,#6733),(#6734,
#6735,#6736,#6737),(#6738,#6739,#6740,#6741),(#6742,#6743,#6744,#6745),
(#6746,#6747,#6748,#6749)),.UNSPECIFIED.,.F.,.F.,.F.,(4,1,4),(4,4),(0.,
0.0102401796904598,0.0199197143219097),(0.,0.001),.UNSPECIFIED.);
#30=B_SPLINE_SURFACE_WITH_KNOTS('',3,3,((#6757,#6758,#6759,#6760),(#6761,
#6762,#6763,#6764),(#6765,#6766,#6767,#6768),(#6769,#6770,#6771,#6772),
(#6773,#6774,#6775,#6776)),.UNSPECIFIED.,.F.,.F.,.F.,(4,1,4),(4,4),(0.,
0.0161936342153691,0.0287237785462882),(0.,0.001),.UNSPECIFIED.);
#31=B_SPLINE_SURFACE_WITH_KNOTS('',3,3,((#6830,#6831,#6832,#6833),(#6834,
#6835,#6836,#6837),(#6838,#6839,#6840,#6841),(#6842,#6843,#6844,#6845)),
 .UNSPECIFIED.,.F.,.F.,.F.,(4,4),(4,4),(0.,0.283687926353292),(0.,0.001),
 .UNSPECIFIED.);
#32=B_SPLINE_SURFACE_WITH_KNOTS('',3,3,((#6858,#6859,#6860,#6861),(#6862,
#6863,#6864,#6865),(#6866,#6867,#6868,#6869),(#6870,#6871,#6872,#6873)),
 .UNSPECIFIED.,.F.,.F.,.F.,(4,4),(4,4),(0.,0.206089780685749),(0.,0.001),
 .UNSPECIFIED.);
#33=B_SPLINE_SURFACE_WITH_KNOTS('',3,3,((#6880,#6881,#6882,#6883),(#6884,
#6885,#6886,#6887),(#6888,#6889,#6890,#6891),(#6892,#6893,#6894,#6895),
(#6896,#6897,#6898,#6899)),.UNSPECIFIED.,.F.,.F.,.F.,(4,1,4),(4,4),(0.,
0.0171216006139142,0.0344777453477942),(0.,0.001),.UNSPECIFIED.);
#34=B_SPLINE_SURFACE_WITH_KNOTS('',3,3,((#6907,#6908,#6909,#6910),(#6911,
#6912,#6913,#6914),(#6915,#6916,#6917,#6918),(#6919,#6920,#6921,#6922),
(#6923,#6924,#6925,#6926)),.UNSPECIFIED.,.F.,.F.,.F.,(4,1,4),(4,4),(0.,
0.0178717731855044,0.0343919842445859),(0.,0.001),.UNSPECIFIED.);
#35=B_SPLINE_SURFACE_WITH_KNOTS('',3,3,((#6934,#6935,#6936,#6937),(#6938,
#6939,#6940,#6941),(#6942,#6943,#6944,#6945),(#6946,#6947,#6948,#6949)),
 .UNSPECIFIED.,.F.,.F.,.F.,(4,4),(4,4),(0.,0.206089780685749),(0.,0.001),
 .UNSPECIFIED.);
#36=B_SPLINE_SURFACE_WITH_KNOTS('',3,3,((#6960,#6961,#6962,#6963),(#6964,
#6965,#6966,#6967),(#6968,#6969,#6970,#6971),(#6972,#6973,#6974,#6975)),
 .UNSPECIFIED.,.F.,.F.,.F.,(4,4),(4,4),(0.,0.283687926353292),(0.,0.001),
 .UNSPECIFIED.);
#37=B_SPLINE_SURFACE_WITH_KNOTS('',3,3,((#7062,#7063,#7064,#7065),(#7066,
#7067,#7068,#7069),(#7070,#7071,#7072,#7073),(#7074,#7075,#7076,#7077),
(#7078,#7079,#7080,#7081)),.UNSPECIFIED.,.F.,.F.,.F.,(4,1,4),(4,4),(0.,
0.0197130922771892,0.0397206118769019),(0.,0.001),.UNSPECIFIED.);
#38=B_SPLINE_SURFACE_WITH_KNOTS('',3,3,((#7091,#7092,#7093,#7094),(#7095,
#7096,#7097,#7098),(#7099,#7100,#7101,#7102),(#7103,#7104,#7105,#7106),
(#7107,#7108,#7109,#7110)),.UNSPECIFIED.,.F.,.F.,.F.,(4,1,4),(4,4),(0.,
0.0244477221274537,0.0438419035349094),(0.,0.001),.UNSPECIFIED.);
#39=B_SPLINE_SURFACE_WITH_KNOTS('',3,3,((#7118,#7119,#7120,#7121),(#7122,
#7123,#7124,#7125),(#7126,#7127,#7128,#7129),(#7130,#7131,#7132,#7133)),
 .UNSPECIFIED.,.F.,.F.,.F.,(4,4),(4,4),(0.,0.0785656854615989),(0.,0.001),
 .UNSPECIFIED.);
#40=B_SPLINE_SURFACE_WITH_KNOTS('',3,3,((#7144,#7145,#7146,#7147),(#7148,
#7149,#7150,#7151),(#7152,#7153,#7154,#7155),(#7156,#7157,#7158,#7159)),
 .UNSPECIFIED.,.F.,.F.,.F.,(4,4),(4,4),(0.,0.0832099863823424),(0.,0.001),
 .UNSPECIFIED.);
#41=B_SPLINE_SURFACE_WITH_KNOTS('',3,3,((#7164,#7165,#7166,#7167),(#7168,
#7169,#7170,#7171),(#7172,#7173,#7174,#7175),(#7176,#7177,#7178,#7179)),
 .UNSPECIFIED.,.F.,.F.,.F.,(4,4),(4,4),(0.,0.0859191231693781),(0.,0.001),
 .UNSPECIFIED.);
#42=B_SPLINE_SURFACE_WITH_KNOTS('',3,3,((#7192,#7193,#7194,#7195),(#7196,
#7197,#7198,#7199),(#7200,#7201,#7202,#7203),(#7204,#7205,#7206,#7207)),
 .UNSPECIFIED.,.F.,.F.,.F.,(4,4),(4,4),(0.,0.0859191231693782),(0.,0.001),
 .UNSPECIFIED.);
#43=B_SPLINE_SURFACE_WITH_KNOTS('',3,3,((#7218,#7219,#7220,#7221),(#7222,
#7223,#7224,#7225),(#7226,#7227,#7228,#7229),(#7230,#7231,#7232,#7233)),
 .UNSPECIFIED.,.F.,.F.,.F.,(4,4),(4,4),(0.,0.283687926353292),(0.,0.001),
 .UNSPECIFIED.);
#44=B_SPLINE_SURFACE_WITH_KNOTS('',3,3,((#7244,#7245,#7246,#7247),(#7248,
#7249,#7250,#7251),(#7252,#7253,#7254,#7255),(#7256,#7257,#7258,#7259)),
 .UNSPECIFIED.,.F.,.F.,.F.,(4,4),(4,4),(0.,0.283687926353292),(0.,0.001),
 .UNSPECIFIED.);
#45=B_SPLINE_SURFACE_WITH_KNOTS('',3,3,((#7879,#7880,#7881,#7882),(#7883,
#7884,#7885,#7886),(#7887,#7888,#7889,#7890),(#7891,#7892,#7893,#7894)),
 .UNSPECIFIED.,.F.,.F.,.F.,(4,4),(4,4),(0.,0.0859191231693781),(0.,0.001),
 .UNSPECIFIED.);
#46=B_SPLINE_SURFACE_WITH_KNOTS('',3,3,((#7899,#7900,#7901,#7902),(#7903,
#7904,#7905,#7906),(#7907,#7908,#7909,#7910),(#7911,#7912,#7913,#7914)),
 .UNSPECIFIED.,.F.,.F.,.F.,(4,4),(4,4),(0.,0.0859191231693782),(0.,0.001),
 .UNSPECIFIED.);
#47=B_SPLINE_SURFACE_WITH_KNOTS('',3,3,((#7918,#7919,#7920,#7921),(#7922,
#7923,#7924,#7925),(#7926,#7927,#7928,#7929),(#7930,#7931,#7932,#7933)),
 .UNSPECIFIED.,.F.,.F.,.F.,(4,4),(4,4),(0.,0.283687926353292),(0.,0.001),
 .UNSPECIFIED.);
#48=B_SPLINE_SURFACE_WITH_KNOTS('',3,3,((#7937,#7938,#7939,#7940),(#7941,
#7942,#7943,#7944),(#7945,#7946,#7947,#7948),(#7949,#7950,#7951,#7952)),
 .UNSPECIFIED.,.F.,.F.,.F.,(4,4),(4,4),(0.,0.283687926353292),(0.,0.001),
 .UNSPECIFIED.);
#49=B_SPLINE_SURFACE_WITH_KNOTS('',3,3,((#7955,#7956,#7957,#7958),(#7959,
#7960,#7961,#7962),(#7963,#7964,#7965,#7966),(#7967,#7968,#7969,#7970),
(#7971,#7972,#7973,#7974)),.UNSPECIFIED.,.F.,.F.,.F.,(4,1,4),(4,4),(0.,
0.0197130644333818,0.039720657596212),(0.,0.001),.UNSPECIFIED.);
#50=B_SPLINE_SURFACE_WITH_KNOTS('',3,3,((#7984,#7985,#7986,#7987),(#7988,
#7989,#7990,#7991),(#7992,#7993,#7994,#7995),(#7996,#7997,#7998,#7999),
(#8000,#8001,#8002,#8003)),.UNSPECIFIED.,.F.,.F.,.F.,(4,1,4),(4,4),(0.,
0.0244476815488885,0.0438418629563442),(0.,0.001),.UNSPECIFIED.);
#51=B_SPLINE_SURFACE_WITH_KNOTS('',3,3,((#8011,#8012,#8013,#8014),(#8015,
#8016,#8017,#8018),(#8019,#8020,#8021,#8022),(#8023,#8024,#8025,#8026)),
 .UNSPECIFIED.,.F.,.F.,.F.,(4,4),(4,4),(0.,0.0785656854615989),(0.,0.001),
 .UNSPECIFIED.);
#52=B_SPLINE_SURFACE_WITH_KNOTS('',3,3,((#8037,#8038,#8039,#8040),(#8041,
#8042,#8043,#8044),(#8045,#8046,#8047,#8048),(#8049,#8050,#8051,#8052)),
 .UNSPECIFIED.,.F.,.F.,.F.,(4,4),(4,4),(0.,0.0832099863823424),(0.,0.001),
 .UNSPECIFIED.);
#53=B_SPLINE_SURFACE_WITH_KNOTS('',3,3,((#8143,#8144,#8145,#8146),(#8147,
#8148,#8149,#8150),(#8151,#8152,#8153,#8154),(#8155,#8156,#8157,#8158)),
 .UNSPECIFIED.,.F.,.F.,.F.,(4,4),(4,4),(0.,0.045281690908662),(0.,0.001),
 .UNSPECIFIED.);
#54=B_SPLINE_SURFACE_WITH_KNOTS('',3,3,((#8160,#8161,#8162,#8163),(#8164,
#8165,#8166,#8167),(#8168,#8169,#8170,#8171),(#8172,#8173,#8174,#8175)),
 .UNSPECIFIED.,.F.,.F.,.F.,(4,4),(4,4),(0.,0.143585560169626),(0.,0.001),
 .UNSPECIFIED.);
#55=B_SPLINE_SURFACE_WITH_KNOTS('',3,3,((#8179,#8180,#8181,#8182),(#8183,
#8184,#8185,#8186),(#8187,#8188,#8189,#8190),(#8191,#8192,#8193,#8194)),
 .UNSPECIFIED.,.F.,.F.,.F.,(4,4),(4,4),(0.,0.16874205981586),(0.,0.001),
 .UNSPECIFIED.);
#56=B_SPLINE_SURFACE_WITH_KNOTS('',3,3,((#8196,#8197,#8198,#8199),(#8200,
#8201,#8202,#8203),(#8204,#8205,#8206,#8207),(#8208,#8209,#8210,#8211)),
 .UNSPECIFIED.,.F.,.F.,.F.,(4,4),(4,4),(0.,0.114945866537432),(0.,0.001),
 .UNSPECIFIED.);
#57=B_SPLINE_SURFACE_WITH_KNOTS('',3,3,((#8215,#8216,#8217,#8218),(#8219,
#8220,#8221,#8222),(#8223,#8224,#8225,#8226),(#8227,#8228,#8229,#8230)),
 .UNSPECIFIED.,.F.,.F.,.F.,(4,4),(4,4),(0.,0.14068289851466),(0.,0.001),
 .UNSPECIFIED.);
#58=B_SPLINE_SURFACE_WITH_KNOTS('',3,3,((#8294,#8295,#8296,#8297),(#8298,
#8299,#8300,#8301),(#8302,#8303,#8304,#8305),(#8306,#8307,#8308,#8309)),
 .UNSPECIFIED.,.F.,.F.,.F.,(4,4),(4,4),(0.,0.222925302830148),(0.,0.001),
 .UNSPECIFIED.);
#59=B_SPLINE_SURFACE_WITH_KNOTS('',3,3,((#8319,#8320,#8321,#8322),(#8323,
#8324,#8325,#8326),(#8327,#8328,#8329,#8330),(#8331,#8332,#8333,#8334)),
 .UNSPECIFIED.,.F.,.F.,.F.,(4,4),(4,4),(0.,0.222731820235016),(0.,0.001),
 .UNSPECIFIED.);
#60=B_SPLINE_SURFACE_WITH_KNOTS('',3,3,((#8444,#8445,#8446,#8447),(#8448,
#8449,#8450,#8451),(#8452,#8453,#8454,#8455),(#8456,#8457,#8458,#8459),
(#8460,#8461,#8462,#8463)),.UNSPECIFIED.,.F.,.F.,.F.,(4,1,4),(4,4),(0.,
0.0197130354553783,0.0397206385754134),(0.,0.001),.UNSPECIFIED.);
#61=B_SPLINE_SURFACE_WITH_KNOTS('',3,3,((#8473,#8474,#8475,#8476),(#8477,
#8478,#8479,#8480),(#8481,#8482,#8483,#8484),(#8485,#8486,#8487,#8488),
(#8489,#8490,#8491,#8492)),.UNSPECIFIED.,.F.,.F.,.F.,(4,1,4),(4,4),(0.,
0.0244477018381069,0.043841872868409),(0.,0.001),.UNSPECIFIED.);
#62=B_SPLINE_SURFACE_WITH_KNOTS('',3,3,((#8500,#8501,#8502,#8503),(#8504,
#8505,#8506,#8507),(#8508,#8509,#8510,#8511),(#8512,#8513,#8514,#8515)),
 .UNSPECIFIED.,.F.,.F.,.F.,(4,4),(4,4),(0.,0.0785656854615989),(0.,0.001),
 .UNSPECIFIED.);
#63=B_SPLINE_SURFACE_WITH_KNOTS('',3,3,((#8526,#8527,#8528,#8529),(#8530,
#8531,#8532,#8533),(#8534,#8535,#8536,#8537),(#8538,#8539,#8540,#8541)),
 .UNSPECIFIED.,.F.,.F.,.F.,(4,4),(4,4),(0.,0.0832099441095446),(0.,0.001),
 .UNSPECIFIED.);
#64=B_SPLINE_SURFACE_WITH_KNOTS('',3,3,((#8549,#8550,#8551,#8552),(#8553,
#8554,#8555,#8556),(#8557,#8558,#8559,#8560),(#8561,#8562,#8563,#8564)),
 .UNSPECIFIED.,.F.,.F.,.F.,(4,4),(4,4),(0.,0.283687926353292),(0.,0.001),
 .UNSPECIFIED.);
#65=B_SPLINE_SURFACE_WITH_KNOTS('',3,3,((#8568,#8569,#8570,#8571),(#8572,
#8573,#8574,#8575),(#8576,#8577,#8578,#8579),(#8580,#8581,#8582,#8583)),
 .UNSPECIFIED.,.F.,.F.,.F.,(4,4),(4,4),(0.,0.0859191231693782),(0.,0.001),
 .UNSPECIFIED.);
#66=B_SPLINE_SURFACE_WITH_KNOTS('',3,3,((#8587,#8588,#8589,#8590),(#8591,
#8592,#8593,#8594),(#8595,#8596,#8597,#8598),(#8599,#8600,#8601,#8602)),
 .UNSPECIFIED.,.F.,.F.,.F.,(4,4),(4,4),(0.,0.0859191231693782),(0.,0.001),
 .UNSPECIFIED.);
#67=B_SPLINE_SURFACE_WITH_KNOTS('',3,3,((#8606,#8607,#8608,#8609),(#8610,
#8611,#8612,#8613),(#8614,#8615,#8616,#8617),(#8618,#8619,#8620,#8621)),
 .UNSPECIFIED.,.F.,.F.,.F.,(4,4),(4,4),(0.,0.0859191231693782),(0.,0.001),
 .UNSPECIFIED.);
#68=B_SPLINE_SURFACE_WITH_KNOTS('',3,3,((#8625,#8626,#8627,#8628),(#8629,
#8630,#8631,#8632),(#8633,#8634,#8635,#8636),(#8637,#8638,#8639,#8640)),
 .UNSPECIFIED.,.F.,.F.,.F.,(4,4),(4,4),(0.,0.0859191231693782),(0.,0.001),
 .UNSPECIFIED.);
#69=B_SPLINE_SURFACE_WITH_KNOTS('',3,3,((#8644,#8645,#8646,#8647),(#8648,
#8649,#8650,#8651),(#8652,#8653,#8654,#8655),(#8656,#8657,#8658,#8659)),
 .UNSPECIFIED.,.F.,.F.,.F.,(4,4),(4,4),(0.,0.283687926353292),(0.,0.001),
 .UNSPECIFIED.);
#70=B_SPLINE_SURFACE_WITH_KNOTS('',3,3,((#8663,#8664,#8665,#8666),(#8667,
#8668,#8669,#8670),(#8671,#8672,#8673,#8674),(#8675,#8676,#8677,#8678)),
 .UNSPECIFIED.,.F.,.F.,.F.,(4,4),(4,4),(0.,0.282224472074305),(0.,0.001),
 .UNSPECIFIED.);
#71=B_SPLINE_SURFACE_WITH_KNOTS('',3,3,((#8680,#8681,#8682,#8683),(#8684,
#8685,#8686,#8687),(#8688,#8689,#8690,#8691),(#8692,#8693,#8694,#8695)),
 .UNSPECIFIED.,.F.,.F.,.F.,(4,4),(4,4),(0.,0.282224472074305),(0.,0.001),
 .UNSPECIFIED.);
#72=B_SPLINE_SURFACE_WITH_KNOTS('',3,3,((#8696,#8697,#8698,#8699),(#8700,
#8701,#8702,#8703),(#8704,#8705,#8706,#8707),(#8708,#8709,#8710,#8711),
(#8712,#8713,#8714,#8715)),.UNSPECIFIED.,.F.,.F.,.F.,(4,1,4),(4,4),(0.,
0.0197130493772173,0.0397206157157457),(0.,0.001),.UNSPECIFIED.);
#73=B_SPLINE_SURFACE_WITH_KNOTS('',3,3,((#8725,#8726,#8727,#8728),(#8729,
#8730,#8731,#8732),(#8733,#8734,#8735,#8736),(#8737,#8738,#8739,#8740),
(#8741,#8742,#8743,#8744)),.UNSPECIFIED.,.F.,.F.,.F.,(4,1,4),(4,4),(0.,
0.0244477221274537,0.0438418751286264),(0.,0.001),.UNSPECIFIED.);
#74=B_SPLINE_SURFACE_WITH_KNOTS('',3,3,((#8752,#8753,#8754,#8755),(#8756,
#8757,#8758,#8759),(#8760,#8761,#8762,#8763),(#8764,#8765,#8766,#8767)),
 .UNSPECIFIED.,.F.,.F.,.F.,(4,4),(4,4),(0.,0.0785656854615989),(0.,0.001),
 .UNSPECIFIED.);
#75=B_SPLINE_SURFACE_WITH_KNOTS('',3,3,((#8778,#8779,#8780,#8781),(#8782,
#8783,#8784,#8785),(#8786,#8787,#8788,#8789),(#8790,#8791,#8792,#8793)),
 .UNSPECIFIED.,.F.,.F.,.F.,(4,4),(4,4),(0.,0.0832099441095446),(0.,0.001),
 .UNSPECIFIED.);
#76=B_SPLINE_SURFACE_WITH_KNOTS('',3,3,((#8838,#8839,#8840,#8841),(#8842,
#8843,#8844,#8845),(#8846,#8847,#8848,#8849),(#8850,#8851,#8852,#8853),
(#8854,#8855,#8856,#8857)),.UNSPECIFIED.,.F.,.F.,.F.,(4,1,4),(4,4),(0.,
0.0189098806386352,0.0346694882294853),(0.,0.001),.UNSPECIFIED.);
#77=B_SPLINE_SURFACE_WITH_KNOTS('',3,3,((#8859,#8860,#8861,#8862),(#8863,
#8864,#8865,#8866),(#8867,#8868,#8869,#8870),(#8871,#8872,#8873,#8874),
(#8875,#8876,#8877,#8878)),.UNSPECIFIED.,.F.,.F.,.F.,(4,1,4),(4,4),(0.,
0.0220758483763234,0.0430997978380056),(0.,0.001),.UNSPECIFIED.);
#78=B_SPLINE_SURFACE_WITH_KNOTS('',3,3,((#8882,#8883,#8884,#8885),(#8886,
#8887,#8888,#8889),(#8890,#8891,#8892,#8893),(#8894,#8895,#8896,#8897),
(#8898,#8899,#8900,#8901)),.UNSPECIFIED.,.F.,.F.,.F.,(4,1,4),(4,4),(0.,
0.0155356637010804,0.0288255872234134),(0.,0.001),.UNSPECIFIED.);
#79=B_SPLINE_SURFACE_WITH_KNOTS('',3,3,((#8903,#8904,#8905,#8906),(#8907,
#8908,#8909,#8910),(#8911,#8912,#8913,#8914),(#8915,#8916,#8917,#8918),
(#8919,#8920,#8921,#8922)),.UNSPECIFIED.,.F.,.F.,.F.,(4,1,4),(4,4),(0.,
0.0132887154743362,0.0288078036739989),(0.,0.001),.UNSPECIFIED.);
#80=B_SPLINE_SURFACE_WITH_KNOTS('',3,3,((#9046,#9047,#9048,#9049),(#9050,
#9051,#9052,#9053),(#9054,#9055,#9056,#9057),(#9058,#9059,#9060,#9061),
(#9062,#9063,#9064,#9065)),.UNSPECIFIED.,.F.,.F.,.F.,(4,1,4),(4,4),(0.,
0.02507096884711,0.0479176640184815),(0.,0.001),.UNSPECIFIED.);
#81=B_SPLINE_SURFACE_WITH_KNOTS('',3,3,((#9068,#9069,#9070,#9071),(#9072,
#9073,#9074,#9075),(#9076,#9077,#9078,#9079),(#9080,#9081,#9082,#9083),
(#9084,#9085,#9086,#9087)),.UNSPECIFIED.,.F.,.F.,.F.,(4,1,4),(4,4),(0.,
0.0291413882173508,0.0595289122688718),(0.,0.001),.UNSPECIFIED.);
#82=B_SPLINE_SURFACE_WITH_KNOTS('',3,3,((#9089,#9090,#9091,#9092),(#9093,
#9094,#9095,#9096),(#9097,#9098,#9099,#9100),(#9101,#9102,#9103,#9104),
(#9105,#9106,#9107,#9108)),.UNSPECIFIED.,.F.,.F.,.F.,(4,1,4),(4,4),(0.,
0.0256143254349458,0.0502811109679919),(0.,0.001),.UNSPECIFIED.);
#83=B_SPLINE_SURFACE_WITH_KNOTS('',3,3,((#9110,#9111,#9112,#9113),(#9114,
#9115,#9116,#9117),(#9118,#9119,#9120,#9121),(#9122,#9123,#9124,#9125),
(#9126,#9127,#9128,#9129)),.UNSPECIFIED.,.F.,.F.,.F.,(4,1,4),(4,4),(0.,
0.0247472020712644,0.0510561343988997),(0.,0.001),.UNSPECIFIED.);
#84=B_SPLINE_SURFACE_WITH_KNOTS('',3,3,((#9131,#9132,#9133,#9134),(#9135,
#9136,#9137,#9138),(#9139,#9140,#9141,#9142),(#9143,#9144,#9145,#9146),
(#9147,#9148,#9149,#9150)),.UNSPECIFIED.,.F.,.F.,.F.,(4,1,4),(4,4),(0.,
0.0245697615262935,0.0488056067866326),(0.,0.001),.UNSPECIFIED.);
#85=B_SPLINE_SURFACE_WITH_KNOTS('',3,3,((#9152,#9153,#9154,#9155),(#9156,
#9157,#9158,#9159),(#9160,#9161,#9162,#9163),(#9164,#9165,#9166,#9167),
(#9168,#9169,#9170,#9171)),.UNSPECIFIED.,.F.,.F.,.F.,(4,1,4),(4,4),(0.,
0.020714049946118,0.0403053359592558),(0.,0.001),.UNSPECIFIED.);
#86=B_SPLINE_SURFACE_WITH_KNOTS('',3,3,((#9173,#9174,#9175,#9176),(#9177,
#9178,#9179,#9180),(#9181,#9182,#9183,#9184),(#9185,#9186,#9187,#9188)),
 .UNSPECIFIED.,.F.,.F.,.F.,(4,4),(4,4),(0.,0.076243556137626),(0.,0.001),
 .UNSPECIFIED.);
#87=B_SPLINE_SURFACE_WITH_KNOTS('',3,3,((#9196,#9197,#9198,#9199),(#9200,
#9201,#9202,#9203),(#9204,#9205,#9206,#9207),(#9208,#9209,#9210,#9211)),
 .UNSPECIFIED.,.F.,.F.,.F.,(4,4),(4,4),(0.,0.145714164625668),(0.,0.001),
 .UNSPECIFIED.);
#88=B_SPLINE_SURFACE_WITH_KNOTS('',3,3,((#9213,#9214,#9215,#9216),(#9217,
#9218,#9219,#9220),(#9221,#9222,#9223,#9224),(#9225,#9226,#9227,#9228)),
 .UNSPECIFIED.,.F.,.F.,.F.,(4,4),(4,4),(0.,0.00425729345768056),(0.,0.001),
 .UNSPECIFIED.);
#89=B_SPLINE_SURFACE_WITH_KNOTS('',3,3,((#9230,#9231,#9232,#9233),(#9234,
#9235,#9236,#9237),(#9238,#9239,#9240,#9241),(#9242,#9243,#9244,#9245),
(#9246,#9247,#9248,#9249)),.UNSPECIFIED.,.F.,.F.,.F.,(4,1,4),(4,4),(0.,
0.0105367025924162,0.0206722726250461),(0.,0.001),.UNSPECIFIED.);
#90=B_SPLINE_SURFACE_WITH_KNOTS('',3,3,((#9251,#9252,#9253,#9254),(#9255,
#9256,#9257,#9258),(#9259,#9260,#9261,#9262),(#9263,#9264,#9265,#9266),
(#9267,#9268,#9269,#9270)),.UNSPECIFIED.,.F.,.F.,.F.,(4,1,4),(4,4),(0.,
0.0113692184991303,0.0222754209410069),(0.,0.001),.UNSPECIFIED.);
#91=B_SPLINE_SURFACE_WITH_KNOTS('',3,3,((#9272,#9273,#9274,#9275),(#9276,
#9277,#9278,#9279),(#9280,#9281,#9282,#9283),(#9284,#9285,#9286,#9287),
(#9288,#9289,#9290,#9291)),.UNSPECIFIED.,.F.,.F.,.F.,(4,1,4),(4,4),(0.,
0.0163884349010074,0.0339280746290502),(0.,0.001),.UNSPECIFIED.);
#92=B_SPLINE_SURFACE_WITH_KNOTS('',3,3,((#9293,#9294,#9295,#9296),(#9297,
#9298,#9299,#9300),(#9301,#9302,#9303,#9304),(#9305,#9306,#9307,#9308),
(#9309,#9310,#9311,#9312)),.UNSPECIFIED.,.F.,.F.,.F.,(4,1,4),(4,4),(0.,
0.0190227901134101,0.0358901650861378),(0.,0.001),.UNSPECIFIED.);
#93=B_SPLINE_SURFACE_WITH_KNOTS('',3,3,((#9314,#9315,#9316,#9317),(#9318,
#9319,#9320,#9321),(#9322,#9323,#9324,#9325),(#9326,#9327,#9328,#9329),
(#9330,#9331,#9332,#9333)),.UNSPECIFIED.,.F.,.F.,.F.,(4,1,4),(4,4),(0.,
0.0180743705248199,0.0382276432968801),(0.,0.001),.UNSPECIFIED.);
#94=B_SPLINE_SURFACE_WITH_KNOTS('',3,3,((#9335,#9336,#9337,#9338),(#9339,
#9340,#9341,#9342),(#9343,#9344,#9345,#9346),(#9347,#9348,#9349,#9350),
(#9351,#9352,#9353,#9354)),.UNSPECIFIED.,.F.,.F.,.F.,(4,1,4),(4,4),(0.,
0.0167087281536052,0.0336399327706749),(0.,0.001),.UNSPECIFIED.);
#95=B_SPLINE_SURFACE_WITH_KNOTS('',3,3,((#9356,#9357,#9358,#9359),(#9360,
#9361,#9362,#9363),(#9364,#9365,#9366,#9367),(#9368,#9369,#9370,#9371),
(#9372,#9373,#9374,#9375)),.UNSPECIFIED.,.F.,.F.,.F.,(4,1,4),(4,4),(0.,
0.0135302566517028,0.0273941200750012),(0.,0.001),.UNSPECIFIED.);
#96=B_SPLINE_SURFACE_WITH_KNOTS('',3,3,((#9377,#9378,#9379,#9380),(#9381,
#9382,#9383,#9384),(#9385,#9386,#9387,#9388),(#9389,#9390,#9391,#9392),
(#9393,#9394,#9395,#9396)),.UNSPECIFIED.,.F.,.F.,.F.,(4,1,4),(4,4),(0.,
0.0171631199316677,0.0317458286176289),(0.,0.001),.UNSPECIFIED.);
#97=B_SPLINE_SURFACE_WITH_KNOTS('',3,3,((#9398,#9399,#9400,#9401),(#9402,
#9403,#9404,#9405),(#9406,#9407,#9408,#9409),(#9410,#9411,#9412,#9413)),
 .UNSPECIFIED.,.F.,.F.,.F.,(4,4),(4,4),(0.,0.00309614425009869),(0.,0.001),
 .UNSPECIFIED.);
#98=B_SPLINE_SURFACE_WITH_KNOTS('',3,3,((#9415,#9416,#9417,#9418),(#9419,
#9420,#9421,#9422),(#9423,#9424,#9425,#9426),(#9427,#9428,#9429,#9430),
(#9431,#9432,#9433,#9434)),.UNSPECIFIED.,.F.,.F.,.F.,(4,1,4),(4,4),(0.,
0.022350759901494,0.045917940520475),(0.,0.001),.UNSPECIFIED.);
#99=B_SPLINE_SURFACE_WITH_KNOTS('',3,3,((#9628,#9629,#9630,#9631),(#9632,
#9633,#9634,#9635),(#9636,#9637,#9638,#9639),(#9640,#9641,#9642,#9643),
(#9644,#9645,#9646,#9647)),.UNSPECIFIED.,.F.,.F.,.F.,(4,1,4),(4,4),(0.,
0.0156686352871552,0.0313366871479834),(0.,0.001),.UNSPECIFIED.);
#100=B_SPLINE_SURFACE_WITH_KNOTS('',3,3,((#9657,#9658,#9659,#9660),(#9661,
#9662,#9663,#9664),(#9665,#9666,#9667,#9668),(#9669,#9670,#9671,#9672),
(#9673,#9674,#9675,#9676)),.UNSPECIFIED.,.F.,.F.,.F.,(4,1,4),(4,4),(0.,
0.0153615786276443,0.030996979547013),(0.,0.001),.UNSPECIFIED.);
#101=B_SPLINE_SURFACE_WITH_KNOTS('',3,3,((#9684,#9685,#9686,#9687),(#9688,
#9689,#9690,#9691),(#9692,#9693,#9694,#9695),(#9696,#9697,#9698,#9699),
(#9700,#9701,#9702,#9703)),.UNSPECIFIED.,.F.,.F.,.F.,(4,1,4),(4,4),(0.,
0.0187415286651274,0.0351289228788896),(0.,0.001),.UNSPECIFIED.);
#102=B_SPLINE_SURFACE_WITH_KNOTS('',3,3,((#9711,#9712,#9713,#9714),(#9715,
#9716,#9717,#9718),(#9719,#9720,#9721,#9722),(#9723,#9724,#9725,#9726),
(#9727,#9728,#9729,#9730)),.UNSPECIFIED.,.F.,.F.,.F.,(4,1,4),(4,4),(0.,
0.0170147259968788,0.0365204688094867),(0.,0.001),.UNSPECIFIED.);
#103=B_SPLINE_SURFACE_WITH_KNOTS('',3,3,((#9738,#9739,#9740,#9741),(#9742,
#9743,#9744,#9745),(#9746,#9747,#9748,#9749),(#9750,#9751,#9752,#9753),
(#9754,#9755,#9756,#9757)),.UNSPECIFIED.,.F.,.F.,.F.,(4,1,4),(4,4),(0.,
0.0147977759001705,0.0302691243810226),(0.,0.001),.UNSPECIFIED.);
#104=B_SPLINE_SURFACE_WITH_KNOTS('',3,3,((#9765,#9766,#9767,#9768),(#9769,
#9770,#9771,#9772),(#9773,#9774,#9775,#9776),(#9777,#9778,#9779,#9780),
(#9781,#9782,#9783,#9784)),.UNSPECIFIED.,.F.,.F.,.F.,(4,1,4),(4,4),(0.,
0.0109194795380073,0.021432290416354),(0.,0.001),.UNSPECIFIED.);
#105=B_SPLINE_SURFACE_WITH_KNOTS('',3,3,((#9792,#9793,#9794,#9795),(#9796,
#9797,#9798,#9799),(#9800,#9801,#9802,#9803),(#9804,#9805,#9806,#9807),
(#9808,#9809,#9810,#9811)),.UNSPECIFIED.,.F.,.F.,.F.,(4,1,4),(4,4),(0.,
0.0120877829812118,0.0234764240751068),(0.,0.001),.UNSPECIFIED.);
#106=B_SPLINE_SURFACE_WITH_KNOTS('',3,3,((#9819,#9820,#9821,#9822),(#9823,
#9824,#9825,#9826),(#9827,#9828,#9829,#9830),(#9831,#9832,#9833,#9834),
(#9835,#9836,#9837,#9838)),.UNSPECIFIED.,.F.,.F.,.F.,(4,1,4),(4,4),(0.,
0.0124876213484048,0.0250259062191124),(0.,0.001),.UNSPECIFIED.);
#107=B_SPLINE_SURFACE_WITH_KNOTS('',3,3,((#9846,#9847,#9848,#9849),(#9850,
#9851,#9852,#9853),(#9854,#9855,#9856,#9857),(#9858,#9859,#9860,#9861),
(#9862,#9863,#9864,#9865)),.UNSPECIFIED.,.F.,.F.,.F.,(4,1,4),(4,4),(0.,
0.0163085015132697,0.0340605325796596),(0.,0.001),.UNSPECIFIED.);
#108=B_SPLINE_SURFACE_WITH_KNOTS('',3,3,((#9871,#9872,#9873,#9874),(#9875,
#9876,#9877,#9878),(#9879,#9880,#9881,#9882),(#9883,#9884,#9885,#9886),
(#9887,#9888,#9889,#9890)),.UNSPECIFIED.,.F.,.F.,.F.,(4,1,4),(4,4),(0.,
0.0217234693138946,0.0415873276244174),(0.,0.001),.UNSPECIFIED.);
#109=B_SPLINE_SURFACE_WITH_KNOTS('',3,3,((#9893,#9894,#9895,#9896),(#9897,
#9898,#9899,#9900),(#9901,#9902,#9903,#9904),(#9905,#9906,#9907,#9908),
(#9909,#9910,#9911,#9912)),.UNSPECIFIED.,.F.,.F.,.F.,(4,1,4),(4,4),(0.,
0.0278644578161507,0.0568471694980893),(0.,0.001),.UNSPECIFIED.);
#110=B_SPLINE_SURFACE_WITH_KNOTS('',3,3,((#9914,#9915,#9916,#9917),(#9918,
#9919,#9920,#9921),(#9922,#9923,#9924,#9925),(#9926,#9927,#9928,#9929),
(#9930,#9931,#9932,#9933)),.UNSPECIFIED.,.F.,.F.,.F.,(4,1,4),(4,4),(0.,
0.0503537169917934,0.0881774066584546),(0.,0.001),.UNSPECIFIED.);
#111=B_SPLINE_SURFACE_WITH_KNOTS('',3,3,((#9935,#9936,#9937,#9938),(#9939,
#9940,#9941,#9942),(#9943,#9944,#9945,#9946),(#9947,#9948,#9949,#9950),
(#9951,#9952,#9953,#9954)),.UNSPECIFIED.,.F.,.F.,.F.,(4,1,4),(4,4),(0.,
0.0332380382660084,0.0780265925742067),(0.,0.001),.UNSPECIFIED.);
#112=B_SPLINE_SURFACE_WITH_KNOTS('',3,3,((#9956,#9957,#9958,#9959),(#9960,
#9961,#9962,#9963),(#9964,#9965,#9966,#9967),(#9968,#9969,#9970,#9971),
(#9972,#9973,#9974,#9975)),.UNSPECIFIED.,.F.,.F.,.F.,(4,1,4),(4,4),(0.,
0.0284309025669827,0.0563546548802808),(0.,0.001),.UNSPECIFIED.);
#113=B_SPLINE_SURFACE_WITH_KNOTS('',3,3,((#9977,#9978,#9979,#9980),(#9981,
#9982,#9983,#9984),(#9985,#9986,#9987,#9988),(#9989,#9990,#9991,#9992),
(#9993,#9994,#9995,#9996)),.UNSPECIFIED.,.F.,.F.,.F.,(4,1,4),(4,4),(0.,
0.0164582541894753,0.0336462228276651),(0.,0.001),.UNSPECIFIED.);
#114=B_SPLINE_SURFACE_WITH_KNOTS('',3,3,((#9998,#9999,#10000,#10001),(#10002,
#10003,#10004,#10005),(#10006,#10007,#10008,#10009),(#10010,#10011,#10012,
#10013),(#10014,#10015,#10016,#10017)),.UNSPECIFIED.,.F.,.F.,.F.,(4,1,4),
(4,4),(0.,0.0172212301522818,0.0336691659302064),(0.,0.001),
 .UNSPECIFIED.);
#115=B_SPLINE_SURFACE_WITH_KNOTS('',3,3,((#10019,#10020,#10021,#10022),
(#10023,#10024,#10025,#10026),(#10027,#10028,#10029,#10030),(#10031,#10032,
#10033,#10034),(#10035,#10036,#10037,#10038)),.UNSPECIFIED.,.F.,.F.,.F.,
(4,1,4),(4,4),(0.,0.0182746883538041,0.0361733206262803),(0.,0.001),
 .UNSPECIFIED.);
#116=B_SPLINE_SURFACE_WITH_KNOTS('',3,3,((#10040,#10041,#10042,#10043),
(#10044,#10045,#10046,#10047),(#10048,#10049,#10050,#10051),(#10052,#10053,
#10054,#10055),(#10056,#10057,#10058,#10059)),.UNSPECIFIED.,.F.,.F.,.F.,
(4,1,4),(4,4),(0.,0.0244301447112237,0.0507917002969272),(0.,0.001),
 .UNSPECIFIED.);
#117=B_SPLINE_SURFACE_WITH_KNOTS('',3,3,((#10061,#10062,#10063,#10064),
(#10065,#10066,#10067,#10068),(#10069,#10070,#10071,#10072),(#10073,#10074,
#10075,#10076),(#10077,#10078,#10079,#10080)),.UNSPECIFIED.,.F.,.F.,.F.,
(4,1,4),(4,4),(0.,0.0231768638243115,0.0465850751471871),(0.,0.001),
 .UNSPECIFIED.);
#118=B_SPLINE_SURFACE_WITH_KNOTS('',3,3,((#10082,#10083,#10084,#10085),
(#10086,#10087,#10088,#10089),(#10090,#10091,#10092,#10093),(#10094,#10095,
#10096,#10097),(#10098,#10099,#10100,#10101)),.UNSPECIFIED.,.F.,.F.,.F.,
(4,1,4),(4,4),(0.,0.0140195500509383,0.0278615326333854),(0.,0.001),
 .UNSPECIFIED.);
#119=B_SPLINE_SURFACE_WITH_KNOTS('',3,3,((#10103,#10104,#10105,#10106),
(#10107,#10108,#10109,#10110),(#10111,#10112,#10113,#10114),(#10115,#10116,
#10117,#10118),(#10119,#10120,#10121,#10122)),.UNSPECIFIED.,.F.,.F.,.F.,
(4,1,4),(4,4),(0.,0.0153495643487249,0.0297978619718783),(0.,0.001),
 .UNSPECIFIED.);
#120=B_SPLINE_SURFACE_WITH_KNOTS('',3,3,((#10124,#10125,#10126,#10127),
(#10128,#10129,#10130,#10131),(#10132,#10133,#10134,#10135),(#10136,#10137,
#10138,#10139),(#10140,#10141,#10142,#10143)),.UNSPECIFIED.,.F.,.F.,.F.,
(4,1,4),(4,4),(0.,0.0203249964149562,0.0469600261967192),(0.,0.001),
 .UNSPECIFIED.);
#121=B_SPLINE_SURFACE_WITH_KNOTS('',3,3,((#10145,#10146,#10147,#10148),
(#10149,#10150,#10151,#10152),(#10153,#10154,#10155,#10156),(#10157,#10158,
#10159,#10160),(#10161,#10162,#10163,#10164)),.UNSPECIFIED.,.F.,.F.,.F.,
(4,1,4),(4,4),(0.,0.0146871849675,0.0310221239310116),(0.,0.001),
 .UNSPECIFIED.);
#122=B_SPLINE_SURFACE_WITH_KNOTS('',3,3,((#10166,#10167,#10168,#10169),
(#10170,#10171,#10172,#10173),(#10174,#10175,#10176,#10177),(#10178,#10179,
#10180,#10181),(#10182,#10183,#10184,#10185)),.UNSPECIFIED.,.F.,.F.,.F.,
(4,1,4),(4,4),(0.,0.0111373463285916,0.0219064224583715),(0.,0.001),
 .UNSPECIFIED.);
#123=B_SPLINE_SURFACE_WITH_KNOTS('',3,3,((#10187,#10188,#10189,#10190),
(#10191,#10192,#10193,#10194),(#10195,#10196,#10197,#10198),(#10199,#10200,
#10201,#10202),(#10203,#10204,#10205,#10206)),.UNSPECIFIED.,.F.,.F.,.F.,
(4,1,4),(4,4),(0.,0.0136270250138557,0.0273192236169037),(0.,0.001),
 .UNSPECIFIED.);
#124=B_SPLINE_SURFACE_WITH_KNOTS('',3,3,((#10208,#10209,#10210,#10211),
(#10212,#10213,#10214,#10215),(#10216,#10217,#10218,#10219),(#10220,#10221,
#10222,#10223),(#10224,#10225,#10226,#10227)),.UNSPECIFIED.,.F.,.F.,.F.,
(4,1,4),(4,4),(0.,0.0130948380299487,0.0231453386278525),(0.,0.001),
 .UNSPECIFIED.);
#125=B_SPLINE_SURFACE_WITH_KNOTS('',3,3,((#10229,#10230,#10231,#10232),
(#10233,#10234,#10235,#10236),(#10237,#10238,#10239,#10240),(#10241,#10242,
#10243,#10244)),.UNSPECIFIED.,.F.,.F.,.F.,(4,4),(4,4),(0.,0.0027091790598335),
(0.,0.001),.UNSPECIFIED.);
#126=B_SPLINE_SURFACE_WITH_KNOTS('',3,3,((#10246,#10247,#10248,#10249),
(#10250,#10251,#10252,#10253),(#10254,#10255,#10256,#10257),(#10258,#10259,
#10260,#10261),(#10262,#10263,#10264,#10265)),.UNSPECIFIED.,.F.,.F.,.F.,
(4,1,4),(4,4),(0.,0.0198405875055932,0.0414989336782935),(0.,0.001),
 .UNSPECIFIED.);
#127=B_SPLINE_CURVE_WITH_KNOTS('',3,(#6160,#6161,#6162,#6163,#6164),
 .UNSPECIFIED.,.F.,.F.,(4,1,4),(0.,0.00597754605298324,0.0147803363585491),
 .UNSPECIFIED.);
#128=B_SPLINE_CURVE_WITH_KNOTS('',3,(#6166,#6167,#6168,#6169,#6170),
 .UNSPECIFIED.,.F.,.F.,(4,1,4),(0.,0.00680639128907896,0.0132398813299385),
 .UNSPECIFIED.);
#129=B_SPLINE_CURVE_WITH_KNOTS('',3,(#6172,#6173,#6174,#6175,#6176),
 .UNSPECIFIED.,.F.,.F.,(4,1,4),(0.,0.0107915803604655,0.0190145824881829),
 .UNSPECIFIED.);
#130=B_SPLINE_CURVE_WITH_KNOTS('',3,(#6178,#6179,#6180,#6181,#6182),
 .UNSPECIFIED.,.F.,.F.,(4,1,4),(0.,0.0190890615502072,0.0335377417892495),
 .UNSPECIFIED.);
#131=B_SPLINE_CURVE_WITH_KNOTS('',3,(#6184,#6185,#6186,#6187),
 .UNSPECIFIED.,.F.,.F.,(4,4),(0.,0.0590210265301643),.UNSPECIFIED.);
#132=B_SPLINE_CURVE_WITH_KNOTS('',3,(#6191,#6192,#6193,#6194),
 .UNSPECIFIED.,.F.,.F.,(4,4),(0.,0.0772110959316822),.UNSPECIFIED.);
#133=B_SPLINE_CURVE_WITH_KNOTS('',3,(#6196,#6197,#6198,#6199,#6200),
 .UNSPECIFIED.,.F.,.F.,(4,1,4),(0.,0.0164548757329375,0.0345669168325766),
 .UNSPECIFIED.);
#134=B_SPLINE_CURVE_WITH_KNOTS('',3,(#6202,#6203,#6204,#6205,#6206),
 .UNSPECIFIED.,.F.,.F.,(4,1,4),(0.,0.010515012453431,0.0188576872489789),
 .UNSPECIFIED.);
#135=B_SPLINE_CURVE_WITH_KNOTS('',3,(#6208,#6209,#6210,#6211,#6212),
 .UNSPECIFIED.,.F.,.F.,(4,1,4),(0.,0.0212090292596212,0.047102634199579),
 .UNSPECIFIED.);
#136=B_SPLINE_CURVE_WITH_KNOTS('',3,(#6214,#6215,#6216,#6217,#6218),
 .UNSPECIFIED.,.F.,.F.,(4,1,4),(0.,0.0199114072058168,0.039185049841478),
 .UNSPECIFIED.);
#137=B_SPLINE_CURVE_WITH_KNOTS('',3,(#6220,#6221,#6222,#6223,#6224),
 .UNSPECIFIED.,.F.,.F.,(4,1,4),(0.,0.015656715511878,0.0315844086889071),
 .UNSPECIFIED.);
#138=B_SPLINE_CURVE_WITH_KNOTS('',3,(#6226,#6227,#6228,#6229,#6230),
 .UNSPECIFIED.,.F.,.F.,(4,1,4),(0.,0.0145676581804785,0.0296859113569096),
 .UNSPECIFIED.);
#139=B_SPLINE_CURVE_WITH_KNOTS('',3,(#6232,#6233,#6234,#6235,#6236),
 .UNSPECIFIED.,.F.,.F.,(4,1,4),(0.,0.0235718730204436,0.0411637477406089),
 .UNSPECIFIED.);
#140=B_SPLINE_CURVE_WITH_KNOTS('',3,(#6246,#6247,#6248,#6249,#6250),
 .UNSPECIFIED.,.F.,.F.,(4,1,4),(0.,0.0149490257189555,0.0343374133180068),
 .UNSPECIFIED.);
#141=B_SPLINE_CURVE_WITH_KNOTS('',3,(#6252,#6253,#6254,#6255,#6256),
 .UNSPECIFIED.,.F.,.F.,(4,1,4),(0.,0.0131803067050131,0.0261375476841649),
 .UNSPECIFIED.);
#142=B_SPLINE_CURVE_WITH_KNOTS('',3,(#6258,#6259,#6260,#6261,#6262),
 .UNSPECIFIED.,.F.,.F.,(4,1,4),(0.,0.0094914425846635,0.0189139608800355),
 .UNSPECIFIED.);
#143=B_SPLINE_CURVE_WITH_KNOTS('',3,(#6264,#6265,#6266,#6267,#6268),
 .UNSPECIFIED.,.F.,.F.,(4,1,4),(0.,0.0102401796904598,0.0199197143219097),
 .UNSPECIFIED.);
#144=B_SPLINE_CURVE_WITH_KNOTS('',3,(#6270,#6271,#6272,#6273,#6274),
 .UNSPECIFIED.,.F.,.F.,(4,1,4),(0.,0.0161936342153691,0.0287237785462882),
 .UNSPECIFIED.);
#145=B_SPLINE_CURVE_WITH_KNOTS('',3,(#6309,#6310,#6311,#6312,#6313),
 .UNSPECIFIED.,.F.,.F.,(4,1,4),(0.,0.00597754605298324,0.0147803363585491),
 .UNSPECIFIED.);
#146=B_SPLINE_CURVE_WITH_KNOTS('',3,(#6336,#6337,#6338,#6339,#6340),
 .UNSPECIFIED.,.F.,.F.,(4,1,4),(0.,0.00680639128907896,0.0132398813299385),
 .UNSPECIFIED.);
#147=B_SPLINE_CURVE_WITH_KNOTS('',3,(#6363,#6364,#6365,#6366,#6367),
 .UNSPECIFIED.,.F.,.F.,(4,1,4),(0.,0.0107915803604655,0.0190145824881829),
 .UNSPECIFIED.);
#148=B_SPLINE_CURVE_WITH_KNOTS('',3,(#6390,#6391,#6392,#6393,#6394),
 .UNSPECIFIED.,.F.,.F.,(4,1,4),(0.,0.0190890615502072,0.0335377417892495),
 .UNSPECIFIED.);
#149=B_SPLINE_CURVE_WITH_KNOTS('',3,(#6413,#6414,#6415,#6416),
 .UNSPECIFIED.,.F.,.F.,(4,4),(0.,0.0590210265301643),.UNSPECIFIED.);
#150=B_SPLINE_CURVE_WITH_KNOTS('',3,(#6439,#6440,#6441,#6442),
 .UNSPECIFIED.,.F.,.F.,(4,4),(0.,0.0772110959316822),.UNSPECIFIED.);
#151=B_SPLINE_CURVE_WITH_KNOTS('',3,(#6465,#6466,#6467,#6468,#6469),
 .UNSPECIFIED.,.F.,.F.,(4,1,4),(0.,0.0164548757329375,0.0345669168325766),
 .UNSPECIFIED.);
#152=B_SPLINE_CURVE_WITH_KNOTS('',3,(#6492,#6493,#6494,#6495,#6496),
 .UNSPECIFIED.,.F.,.F.,(4,1,4),(0.,0.010515012453431,0.0188576872489789),
 .UNSPECIFIED.);
#153=B_SPLINE_CURVE_WITH_KNOTS('',3,(#6519,#6520,#6521,#6522,#6523),
 .UNSPECIFIED.,.F.,.F.,(4,1,4),(0.,0.0212090292596212,0.047102634199579),
 .UNSPECIFIED.);
#154=B_SPLINE_CURVE_WITH_KNOTS('',3,(#6546,#6547,#6548,#6549,#6550),
 .UNSPECIFIED.,.F.,.F.,(4,1,4),(0.,0.0199114072058168,0.039185049841478),
 .UNSPECIFIED.);
#155=B_SPLINE_CURVE_WITH_KNOTS('',3,(#6573,#6574,#6575,#6576,#6577),
 .UNSPECIFIED.,.F.,.F.,(4,1,4),(0.,0.015656715511878,0.0315844086889071),
 .UNSPECIFIED.);
#156=B_SPLINE_CURVE_WITH_KNOTS('',3,(#6600,#6601,#6602,#6603,#6604),
 .UNSPECIFIED.,.F.,.F.,(4,1,4),(0.,0.0145676581804785,0.0296859113569096),
 .UNSPECIFIED.);
#157=B_SPLINE_CURVE_WITH_KNOTS('',3,(#6627,#6628,#6629,#6630,#6631),
 .UNSPECIFIED.,.F.,.F.,(4,1,4),(0.,0.0235718730204436,0.0411637477406089),
 .UNSPECIFIED.);
#158=B_SPLINE_CURVE_WITH_KNOTS('',3,(#6670,#6671,#6672,#6673,#6674),
 .UNSPECIFIED.,.F.,.F.,(4,1,4),(0.,0.0149490257189555,0.0343374133180068),
 .UNSPECIFIED.);
#159=B_SPLINE_CURVE_WITH_KNOTS('',3,(#6697,#6698,#6699,#6700,#6701),
 .UNSPECIFIED.,.F.,.F.,(4,1,4),(0.,0.0131803067050131,0.0261375476841649),
 .UNSPECIFIED.);
#160=B_SPLINE_CURVE_WITH_KNOTS('',3,(#6724,#6725,#6726,#6727,#6728),
 .UNSPECIFIED.,.F.,.F.,(4,1,4),(0.,0.0094914425846635,0.0189139608800355),
 .UNSPECIFIED.);
#161=B_SPLINE_CURVE_WITH_KNOTS('',3,(#6751,#6752,#6753,#6754,#6755),
 .UNSPECIFIED.,.F.,.F.,(4,1,4),(0.,0.0102401796904598,0.0199197143219097),
 .UNSPECIFIED.);
#162=B_SPLINE_CURVE_WITH_KNOTS('',3,(#6778,#6779,#6780,#6781,#6782),
 .UNSPECIFIED.,.F.,.F.,(4,1,4),(0.,0.0161936342153691,0.0287237785462882),
 .UNSPECIFIED.);
#163=B_SPLINE_CURVE_WITH_KNOTS('',3,(#6794,#6795,#6796,#6797),
 .UNSPECIFIED.,.F.,.F.,(4,4),(0.,0.283687926353292),.UNSPECIFIED.);
#164=B_SPLINE_CURVE_WITH_KNOTS('',3,(#6801,#6802,#6803,#6804),
 .UNSPECIFIED.,.F.,.F.,(4,4),(0.,0.206089780685749),.UNSPECIFIED.);
#165=B_SPLINE_CURVE_WITH_KNOTS('',3,(#6806,#6807,#6808,#6809,#6810),
 .UNSPECIFIED.,.F.,.F.,(4,1,4),(0.,0.0171216006139142,0.0344777453477942),
 .UNSPECIFIED.);
#166=B_SPLINE_CURVE_WITH_KNOTS('',3,(#6812,#6813,#6814,#6815,#6816),
 .UNSPECIFIED.,.F.,.F.,(4,1,4),(0.,0.0178717731855044,0.0343919842445859),
 .UNSPECIFIED.);
#167=B_SPLINE_CURVE_WITH_KNOTS('',3,(#6818,#6819,#6820,#6821),
 .UNSPECIFIED.,.F.,.F.,(4,4),(0.,0.206089780685749),.UNSPECIFIED.);
#168=B_SPLINE_CURVE_WITH_KNOTS('',3,(#6825,#6826,#6827,#6828),
 .UNSPECIFIED.,.F.,.F.,(4,4),(0.,0.283687926353292),.UNSPECIFIED.);
#169=B_SPLINE_CURVE_WITH_KNOTS('',3,(#6848,#6849,#6850,#6851),
 .UNSPECIFIED.,.F.,.F.,(4,4),(0.,0.283687926353292),.UNSPECIFIED.);
#170=B_SPLINE_CURVE_WITH_KNOTS('',3,(#6875,#6876,#6877,#6878),
 .UNSPECIFIED.,.F.,.F.,(4,4),(0.,0.206089780685749),.UNSPECIFIED.);
#171=B_SPLINE_CURVE_WITH_KNOTS('',3,(#6901,#6902,#6903,#6904,#6905),
 .UNSPECIFIED.,.F.,.F.,(4,1,4),(0.,0.0171216006139142,0.0344777453477942),
 .UNSPECIFIED.);
#172=B_SPLINE_CURVE_WITH_KNOTS('',3,(#6928,#6929,#6930,#6931,#6932),
 .UNSPECIFIED.,.F.,.F.,(4,1,4),(0.,0.0178717731855044,0.0343919842445859),
 .UNSPECIFIED.);
#173=B_SPLINE_CURVE_WITH_KNOTS('',3,(#6951,#6952,#6953,#6954),
 .UNSPECIFIED.,.F.,.F.,(4,4),(0.,0.206089780685749),.UNSPECIFIED.);
#174=B_SPLINE_CURVE_WITH_KNOTS('',3,(#6977,#6978,#6979,#6980),
 .UNSPECIFIED.,.F.,.F.,(4,4),(0.,0.283687926353292),.UNSPECIFIED.);
#175=B_SPLINE_CURVE_WITH_KNOTS('',3,(#7012,#7013,#7014,#7015),
 .UNSPECIFIED.,.F.,.F.,(4,4),(0.,0.0859191231693781),.UNSPECIFIED.);
#176=B_SPLINE_CURVE_WITH_KNOTS('',3,(#7019,#7020,#7021,#7022),
 .UNSPECIFIED.,.F.,.F.,(4,4),(0.,0.0859191231693782),.UNSPECIFIED.);
#177=B_SPLINE_CURVE_WITH_KNOTS('',3,(#7026,#7027,#7028,#7029),
 .UNSPECIFIED.,.F.,.F.,(4,4),(0.,0.283687926353292),.UNSPECIFIED.);
#178=B_SPLINE_CURVE_WITH_KNOTS('',3,(#7033,#7034,#7035,#7036),
 .UNSPECIFIED.,.F.,.F.,(4,4),(0.,0.283687926353292),.UNSPECIFIED.);
#179=B_SPLINE_CURVE_WITH_KNOTS('',3,(#7040,#7041,#7042,#7043,#7044),
 .UNSPECIFIED.,.F.,.F.,(4,1,4),(0.,0.0197130922771892,0.0397206118769019),
 .UNSPECIFIED.);
#180=B_SPLINE_CURVE_WITH_KNOTS('',3,(#7046,#7047,#7048,#7049,#7050),
 .UNSPECIFIED.,.F.,.F.,(4,1,4),(0.,0.0244477221274537,0.0438419035349094),
 .UNSPECIFIED.);
#181=B_SPLINE_CURVE_WITH_KNOTS('',3,(#7052,#7053,#7054,#7055),
 .UNSPECIFIED.,.F.,.F.,(4,4),(0.,0.0785656854615989),.UNSPECIFIED.);
#182=B_SPLINE_CURVE_WITH_KNOTS('',3,(#7058,#7059,#7060,#7061),
 .UNSPECIFIED.,.F.,.F.,(4,4),(0.,0.0832099863823424),.UNSPECIFIED.);
#183=B_SPLINE_CURVE_WITH_KNOTS('',3,(#7084,#7085,#7086,#7087,#7088),
 .UNSPECIFIED.,.F.,.F.,(4,1,4),(0.,0.0197130922771892,0.0397206118769019),
 .UNSPECIFIED.);
#184=B_SPLINE_CURVE_WITH_KNOTS('',3,(#7112,#7113,#7114,#7115,#7116),
 .UNSPECIFIED.,.F.,.F.,(4,1,4),(0.,0.0244477221274537,0.0438419035349094),
 .UNSPECIFIED.);
#185=B_SPLINE_CURVE_WITH_KNOTS('',3,(#7135,#7136,#7137,#7138),
 .UNSPECIFIED.,.F.,.F.,(4,4),(0.,0.0785656854615989),.UNSPECIFIED.);
#186=B_SPLINE_CURVE_WITH_KNOTS('',3,(#7160,#7161,#7162,#7163),
 .UNSPECIFIED.,.F.,.F.,(4,4),(0.,0.0832099863823424),.UNSPECIFIED.);
#187=B_SPLINE_CURVE_WITH_KNOTS('',3,(#7182,#7183,#7184,#7185),
 .UNSPECIFIED.,.F.,.F.,(4,4),(0.,0.0859191231693781),.UNSPECIFIED.);
#188=B_SPLINE_CURVE_WITH_KNOTS('',3,(#7209,#7210,#7211,#7212),
 .UNSPECIFIED.,.F.,.F.,(4,4),(0.,0.0859191231693782),.UNSPECIFIED.);
#189=B_SPLINE_CURVE_WITH_KNOTS('',3,(#7235,#7236,#7237,#7238),
 .UNSPECIFIED.,.F.,.F.,(4,4),(0.,0.283687926353292),.UNSPECIFIED.);
#190=B_SPLINE_CURVE_WITH_KNOTS('',3,(#7261,#7262,#7263,#7264),
 .UNSPECIFIED.,.F.,.F.,(4,4),(0.,0.283687926353292),.UNSPECIFIED.);
#191=B_SPLINE_CURVE_WITH_KNOTS('',3,(#7278,#7279,#7280,#7281),
 .UNSPECIFIED.,.F.,.F.,(4,4),(0.,0.282224472074305),.UNSPECIFIED.);
#192=B_SPLINE_CURVE_WITH_KNOTS('',3,(#7283,#7284,#7285,#7286),
 .UNSPECIFIED.,.F.,.F.,(4,4),(0.,0.282224472074305),.UNSPECIFIED.);
#193=B_SPLINE_CURVE_WITH_KNOTS('',3,(#7290,#7291,#7292,#7293),
 .UNSPECIFIED.,.F.,.F.,(4,4),(0.,0.283687926353292),.UNSPECIFIED.);
#194=B_SPLINE_CURVE_WITH_KNOTS('',3,(#7297,#7298,#7299,#7300),
 .UNSPECIFIED.,.F.,.F.,(4,4),(0.,0.0859191231693782),.UNSPECIFIED.);
#195=B_SPLINE_CURVE_WITH_KNOTS('',3,(#7304,#7305,#7306,#7307),
 .UNSPECIFIED.,.F.,.F.,(4,4),(0.,0.0859191231693782),.UNSPECIFIED.);
#196=B_SPLINE_CURVE_WITH_KNOTS('',3,(#7311,#7312,#7313,#7314),
 .UNSPECIFIED.,.F.,.F.,(4,4),(0.,0.0859191231693782),.UNSPECIFIED.);
#197=B_SPLINE_CURVE_WITH_KNOTS('',3,(#7318,#7319,#7320,#7321),
 .UNSPECIFIED.,.F.,.F.,(4,4),(0.,0.0859191231693782),.UNSPECIFIED.);
#198=B_SPLINE_CURVE_WITH_KNOTS('',3,(#7324,#7325,#7326,#7327),
 .UNSPECIFIED.,.F.,.F.,(4,4),(0.,0.283687926353292),.UNSPECIFIED.);
#199=B_SPLINE_CURVE_WITH_KNOTS('',3,(#7338,#7339,#7340,#7341,#7342),
 .UNSPECIFIED.,.F.,.F.,(4,1,4),(0.,0.0132887154743362,0.0288078036739989),
 .UNSPECIFIED.);
#200=B_SPLINE_CURVE_WITH_KNOTS('',3,(#7344,#7345,#7346,#7347,#7348),
 .UNSPECIFIED.,.F.,.F.,(4,1,4),(0.,0.0155356637010804,0.0288255872234134),
 .UNSPECIFIED.);
#201=B_SPLINE_CURVE_WITH_KNOTS('',3,(#7352,#7353,#7354,#7355,#7356),
 .UNSPECIFIED.,.F.,.F.,(4,1,4),(0.,0.0220758483763234,0.0430997978380056),
 .UNSPECIFIED.);
#202=B_SPLINE_CURVE_WITH_KNOTS('',3,(#7357,#7358,#7359,#7360,#7361),
 .UNSPECIFIED.,.F.,.F.,(4,1,4),(0.,0.0189098806386352,0.0346694882294853),
 .UNSPECIFIED.);
#203=B_SPLINE_CURVE_WITH_KNOTS('',3,(#7364,#7365,#7366,#7367,#7368),
 .UNSPECIFIED.,.F.,.F.,(4,1,4),(0.,0.02507096884711,0.0479176640184815),
 .UNSPECIFIED.);
#204=B_SPLINE_CURVE_WITH_KNOTS('',3,(#7370,#7371,#7372,#7373,#7374),
 .UNSPECIFIED.,.F.,.F.,(4,1,4),(0.,0.022350759901494,0.045917940520475),
 .UNSPECIFIED.);
#205=B_SPLINE_CURVE_WITH_KNOTS('',3,(#7376,#7377,#7378,#7379),
 .UNSPECIFIED.,.F.,.F.,(4,4),(0.,0.00309614425009869),.UNSPECIFIED.);
#206=B_SPLINE_CURVE_WITH_KNOTS('',3,(#7381,#7382,#7383,#7384,#7385),
 .UNSPECIFIED.,.F.,.F.,(4,1,4),(0.,0.0171631199316677,0.0317458286176289),
 .UNSPECIFIED.);
#207=B_SPLINE_CURVE_WITH_KNOTS('',3,(#7387,#7388,#7389,#7390,#7391),
 .UNSPECIFIED.,.F.,.F.,(4,1,4),(0.,0.0135302566517028,0.0273941200750012),
 .UNSPECIFIED.);
#208=B_SPLINE_CURVE_WITH_KNOTS('',3,(#7393,#7394,#7395,#7396,#7397),
 .UNSPECIFIED.,.F.,.F.,(4,1,4),(0.,0.0167087281536052,0.0336399327706749),
 .UNSPECIFIED.);
#209=B_SPLINE_CURVE_WITH_KNOTS('',3,(#7399,#7400,#7401,#7402,#7403),
 .UNSPECIFIED.,.F.,.F.,(4,1,4),(0.,0.0180743705248199,0.0382276432968801),
 .UNSPECIFIED.);
#210=B_SPLINE_CURVE_WITH_KNOTS('',3,(#7405,#7406,#7407,#7408,#7409),
 .UNSPECIFIED.,.F.,.F.,(4,1,4),(0.,0.0190227901134101,0.0358901650861378),
 .UNSPECIFIED.);
#211=B_SPLINE_CURVE_WITH_KNOTS('',3,(#7411,#7412,#7413,#7414,#7415),
 .UNSPECIFIED.,.F.,.F.,(4,1,4),(0.,0.0163884349010074,0.0339280746290502),
 .UNSPECIFIED.);
#212=B_SPLINE_CURVE_WITH_KNOTS('',3,(#7417,#7418,#7419,#7420,#7421),
 .UNSPECIFIED.,.F.,.F.,(4,1,4),(0.,0.0113692184991303,0.0222754209410069),
 .UNSPECIFIED.);
#213=B_SPLINE_CURVE_WITH_KNOTS('',3,(#7423,#7424,#7425,#7426,#7427),
 .UNSPECIFIED.,.F.,.F.,(4,1,4),(0.,0.0105367025924162,0.0206722726250461),
 .UNSPECIFIED.);
#214=B_SPLINE_CURVE_WITH_KNOTS('',3,(#7429,#7430,#7431,#7432),
 .UNSPECIFIED.,.F.,.F.,(4,4),(0.,0.00425729345768056),.UNSPECIFIED.);
#215=B_SPLINE_CURVE_WITH_KNOTS('',3,(#7434,#7435,#7436,#7437),
 .UNSPECIFIED.,.F.,.F.,(4,4),(0.,0.145714164625668),.UNSPECIFIED.);
#216=B_SPLINE_CURVE_WITH_KNOTS('',3,(#7445,#7446,#7447,#7448),
 .UNSPECIFIED.,.F.,.F.,(4,4),(0.,0.076243556137626),.UNSPECIFIED.);
#217=B_SPLINE_CURVE_WITH_KNOTS('',3,(#7450,#7451,#7452,#7453,#7454),
 .UNSPECIFIED.,.F.,.F.,(4,1,4),(0.,0.020714049946118,0.0403053359592558),
 .UNSPECIFIED.);
#218=B_SPLINE_CURVE_WITH_KNOTS('',3,(#7456,#7457,#7458,#7459,#7460),
 .UNSPECIFIED.,.F.,.F.,(4,1,4),(0.,0.0245697615262935,0.0488056067866326),
 .UNSPECIFIED.);
#219=B_SPLINE_CURVE_WITH_KNOTS('',3,(#7462,#7463,#7464,#7465,#7466),
 .UNSPECIFIED.,.F.,.F.,(4,1,4),(0.,0.0247472020712644,0.0510561343988997),
 .UNSPECIFIED.);
#220=B_SPLINE_CURVE_WITH_KNOTS('',3,(#7468,#7469,#7470,#7471,#7472),
 .UNSPECIFIED.,.F.,.F.,(4,1,4),(0.,0.0256143254349458,0.0502811109679919),
 .UNSPECIFIED.);
#221=B_SPLINE_CURVE_WITH_KNOTS('',3,(#7473,#7474,#7475,#7476,#7477),
 .UNSPECIFIED.,.F.,.F.,(4,1,4),(0.,0.0291413882173508,0.0595289122688718),
 .UNSPECIFIED.);
#222=B_SPLINE_CURVE_WITH_KNOTS('',3,(#7492,#7493,#7494,#7495,#7496),
 .UNSPECIFIED.,.F.,.F.,(4,1,4),(0.,0.0217234693138946,0.0415873276244174),
 .UNSPECIFIED.);
#223=B_SPLINE_CURVE_WITH_KNOTS('',3,(#7498,#7499,#7500,#7501,#7502),
 .UNSPECIFIED.,.F.,.F.,(4,1,4),(0.,0.0198405875055932,0.0414989336782935),
 .UNSPECIFIED.);
#224=B_SPLINE_CURVE_WITH_KNOTS('',3,(#7504,#7505,#7506,#7507),
 .UNSPECIFIED.,.F.,.F.,(4,4),(0.,0.0027091790598335),.UNSPECIFIED.);
#225=B_SPLINE_CURVE_WITH_KNOTS('',3,(#7509,#7510,#7511,#7512,#7513),
 .UNSPECIFIED.,.F.,.F.,(4,1,4),(0.,0.0130948380299487,0.0231453386278525),
 .UNSPECIFIED.);
#226=B_SPLINE_CURVE_WITH_KNOTS('',3,(#7515,#7516,#7517,#7518,#7519),
 .UNSPECIFIED.,.F.,.F.,(4,1,4),(0.,0.0136270250138557,0.0273192236169037),
 .UNSPECIFIED.);
#227=B_SPLINE_CURVE_WITH_KNOTS('',3,(#7521,#7522,#7523,#7524,#7525),
 .UNSPECIFIED.,.F.,.F.,(4,1,4),(0.,0.0111373463285916,0.0219064224583715),
 .UNSPECIFIED.);
#228=B_SPLINE_CURVE_WITH_KNOTS('',3,(#7527,#7528,#7529,#7530,#7531),
 .UNSPECIFIED.,.F.,.F.,(4,1,4),(0.,0.0146871849675,0.0310221239310116),
 .UNSPECIFIED.);
#229=B_SPLINE_CURVE_WITH_KNOTS('',3,(#7533,#7534,#7535,#7536,#7537),
 .UNSPECIFIED.,.F.,.F.,(4,1,4),(0.,0.0203249964149562,0.0469600261967192),
 .UNSPECIFIED.);
#230=B_SPLINE_CURVE_WITH_KNOTS('',3,(#7539,#7540,#7541,#7542,#7543),
 .UNSPECIFIED.,.F.,.F.,(4,1,4),(0.,0.0153495643487249,0.0297978619718783),
 .UNSPECIFIED.);
#231=B_SPLINE_CURVE_WITH_KNOTS('',3,(#7545,#7546,#7547,#7548,#7549),
 .UNSPECIFIED.,.F.,.F.,(4,1,4),(0.,0.0140195500509383,0.0278615326333854),
 .UNSPECIFIED.);
#232=B_SPLINE_CURVE_WITH_KNOTS('',3,(#7551,#7552,#7553,#7554,#7555),
 .UNSPECIFIED.,.F.,.F.,(4,1,4),(0.,0.0231768638243115,0.0465850751471871),
 .UNSPECIFIED.);
#233=B_SPLINE_CURVE_WITH_KNOTS('',3,(#7557,#7558,#7559,#7560,#7561),
 .UNSPECIFIED.,.F.,.F.,(4,1,4),(0.,0.0244301447112237,0.0507917002969272),
 .UNSPECIFIED.);
#234=B_SPLINE_CURVE_WITH_KNOTS('',3,(#7563,#7564,#7565,#7566,#7567),
 .UNSPECIFIED.,.F.,.F.,(4,1,4),(0.,0.0182746883538041,0.0361733206262803),
 .UNSPECIFIED.);
#235=B_SPLINE_CURVE_WITH_KNOTS('',3,(#7569,#7570,#7571,#7572,#7573),
 .UNSPECIFIED.,.F.,.F.,(4,1,4),(0.,0.0172212301522818,0.0336691659302064),
 .UNSPECIFIED.);
#236=B_SPLINE_CURVE_WITH_KNOTS('',3,(#7575,#7576,#7577,#7578,#7579),
 .UNSPECIFIED.,.F.,.F.,(4,1,4),(0.,0.0164582541894753,0.0336462228276651),
 .UNSPECIFIED.);
#237=B_SPLINE_CURVE_WITH_KNOTS('',3,(#7581,#7582,#7583,#7584,#7585),
 .UNSPECIFIED.,.F.,.F.,(4,1,4),(0.,0.0284309025669827,0.0563546548802808),
 .UNSPECIFIED.);
#238=B_SPLINE_CURVE_WITH_KNOTS('',3,(#7587,#7588,#7589,#7590,#7591),
 .UNSPECIFIED.,.F.,.F.,(4,1,4),(0.,0.0332380382660084,0.0780265925742067),
 .UNSPECIFIED.);
#239=B_SPLINE_CURVE_WITH_KNOTS('',3,(#7593,#7594,#7595,#7596,#7597),
 .UNSPECIFIED.,.F.,.F.,(4,1,4),(0.,0.0503537169917934,0.0881774066584546),
 .UNSPECIFIED.);
#240=B_SPLINE_CURVE_WITH_KNOTS('',3,(#7598,#7599,#7600,#7601,#7602),
 .UNSPECIFIED.,.F.,.F.,(4,1,4),(0.,0.0278644578161507,0.0568471694980893),
 .UNSPECIFIED.);
#241=B_SPLINE_CURVE_WITH_KNOTS('',3,(#7613,#7614,#7615,#7616),
 .UNSPECIFIED.,.F.,.F.,(4,4),(0.,0.222731820235016),.UNSPECIFIED.);
#242=B_SPLINE_CURVE_WITH_KNOTS('',3,(#7625,#7626,#7627,#7628),
 .UNSPECIFIED.,.F.,.F.,(4,4),(0.,0.222925302830148),.UNSPECIFIED.);
#243=B_SPLINE_CURVE_WITH_KNOTS('',3,(#7653,#7654,#7655,#7656),
 .UNSPECIFIED.,.F.,.F.,(4,4),(0.,0.14068289851466),.UNSPECIFIED.);
#244=B_SPLINE_CURVE_WITH_KNOTS('',3,(#7660,#7661,#7662,#7663),
 .UNSPECIFIED.,.F.,.F.,(4,4),(0.,0.114945866537432),.UNSPECIFIED.);
#245=B_SPLINE_CURVE_WITH_KNOTS('',3,(#7665,#7666,#7667,#7668),
 .UNSPECIFIED.,.F.,.F.,(4,4),(0.,0.16874205981586),.UNSPECIFIED.);
#246=B_SPLINE_CURVE_WITH_KNOTS('',3,(#7672,#7673,#7674,#7675),
 .UNSPECIFIED.,.F.,.F.,(4,4),(0.,0.143585560169626),.UNSPECIFIED.);
#247=B_SPLINE_CURVE_WITH_KNOTS('',3,(#7676,#7677,#7678,#7679),
 .UNSPECIFIED.,.F.,.F.,(4,4),(0.,0.045281690908662),.UNSPECIFIED.);
#248=B_SPLINE_CURVE_WITH_KNOTS('',3,(#7702,#7703,#7704,#7705),
 .UNSPECIFIED.,.F.,.F.,(4,4),(0.,0.0859191231693781),.UNSPECIFIED.);
#249=B_SPLINE_CURVE_WITH_KNOTS('',3,(#7709,#7710,#7711,#7712),
 .UNSPECIFIED.,.F.,.F.,(4,4),(0.,0.283687926353292),.UNSPECIFIED.);
#250=B_SPLINE_CURVE_WITH_KNOTS('',3,(#7716,#7717,#7718,#7719),
 .UNSPECIFIED.,.F.,.F.,(4,4),(0.,0.283687926353292),.UNSPECIFIED.);
#251=B_SPLINE_CURVE_WITH_KNOTS('',3,(#7723,#7724,#7725,#7726),
 .UNSPECIFIED.,.F.,.F.,(4,4),(0.,0.0859191231693782),.UNSPECIFIED.);
#252=B_SPLINE_CURVE_WITH_KNOTS('',3,(#7829,#7830,#7831,#7832),
 .UNSPECIFIED.,.F.,.F.,(4,4),(0.,0.0859191231693781),.UNSPECIFIED.);
#253=B_SPLINE_CURVE_WITH_KNOTS('',3,(#7836,#7837,#7838,#7839),
 .UNSPECIFIED.,.F.,.F.,(4,4),(0.,0.0859191231693782),.UNSPECIFIED.);
#254=B_SPLINE_CURVE_WITH_KNOTS('',3,(#7843,#7844,#7845,#7846),
 .UNSPECIFIED.,.F.,.F.,(4,4),(0.,0.283687926353292),.UNSPECIFIED.);
#255=B_SPLINE_CURVE_WITH_KNOTS('',3,(#7850,#7851,#7852,#7853),
 .UNSPECIFIED.,.F.,.F.,(4,4),(0.,0.283687926353292),.UNSPECIFIED.);
#256=B_SPLINE_CURVE_WITH_KNOTS('',3,(#7857,#7858,#7859,#7860,#7861),
 .UNSPECIFIED.,.F.,.F.,(4,1,4),(0.,0.0197130644333818,0.039720657596212),
 .UNSPECIFIED.);
#257=B_SPLINE_CURVE_WITH_KNOTS('',3,(#7863,#7864,#7865,#7866,#7867),
 .UNSPECIFIED.,.F.,.F.,(4,1,4),(0.,0.0244476815488885,0.0438418629563442),
 .UNSPECIFIED.);
#258=B_SPLINE_CURVE_WITH_KNOTS('',3,(#7869,#7870,#7871,#7872),
 .UNSPECIFIED.,.F.,.F.,(4,4),(0.,0.0785656854615989),.UNSPECIFIED.);
#259=B_SPLINE_CURVE_WITH_KNOTS('',3,(#7875,#7876,#7877,#7878),
 .UNSPECIFIED.,.F.,.F.,(4,4),(0.,0.0832099863823424),.UNSPECIFIED.);
#260=B_SPLINE_CURVE_WITH_KNOTS('',3,(#7977,#7978,#7979,#7980,#7981),
 .UNSPECIFIED.,.F.,.F.,(4,1,4),(0.,0.0197130644333818,0.039720657596212),
 .UNSPECIFIED.);
#261=B_SPLINE_CURVE_WITH_KNOTS('',3,(#8005,#8006,#8007,#8008,#8009),
 .UNSPECIFIED.,.F.,.F.,(4,1,4),(0.,0.0244476815488885,0.0438418629563442),
 .UNSPECIFIED.);
#262=B_SPLINE_CURVE_WITH_KNOTS('',3,(#8028,#8029,#8030,#8031),
 .UNSPECIFIED.,.F.,.F.,(4,4),(0.,0.0785656854615989),.UNSPECIFIED.);
#263=B_SPLINE_CURVE_WITH_KNOTS('',3,(#8053,#8054,#8055,#8056),
 .UNSPECIFIED.,.F.,.F.,(4,4),(0.,0.0832099863823424),.UNSPECIFIED.);
#264=B_SPLINE_CURVE_WITH_KNOTS('',3,(#8105,#8106,#8107,#8108),
 .UNSPECIFIED.,.F.,.F.,(4,4),(0.,0.045281690908662),.UNSPECIFIED.);
#265=B_SPLINE_CURVE_WITH_KNOTS('',3,(#8110,#8111,#8112,#8113),
 .UNSPECIFIED.,.F.,.F.,(4,4),(0.,0.143585560169626),.UNSPECIFIED.);
#266=B_SPLINE_CURVE_WITH_KNOTS('',3,(#8117,#8118,#8119,#8120),
 .UNSPECIFIED.,.F.,.F.,(4,4),(0.,0.16874205981586),.UNSPECIFIED.);
#267=B_SPLINE_CURVE_WITH_KNOTS('',3,(#8122,#8123,#8124,#8125),
 .UNSPECIFIED.,.F.,.F.,(4,4),(0.,0.114945866537432),.UNSPECIFIED.);
#268=B_SPLINE_CURVE_WITH_KNOTS('',3,(#8129,#8130,#8131,#8132),
 .UNSPECIFIED.,.F.,.F.,(4,4),(0.,0.14068289851466),.UNSPECIFIED.);
#269=B_SPLINE_CURVE_WITH_KNOTS('',3,(#8269,#8270,#8271,#8272),
 .UNSPECIFIED.,.F.,.F.,(4,4),(0.,0.222925302830148),.UNSPECIFIED.);
#270=B_SPLINE_CURVE_WITH_KNOTS('',3,(#8282,#8283,#8284,#8285),
 .UNSPECIFIED.,.F.,.F.,(4,4),(0.,0.222731820235016),.UNSPECIFIED.);
#271=B_SPLINE_CURVE_WITH_KNOTS('',3,(#8346,#8347,#8348,#8349),
 .UNSPECIFIED.,.F.,.F.,(4,4),(0.,0.283687926353292),.UNSPECIFIED.);
#272=B_SPLINE_CURVE_WITH_KNOTS('',3,(#8353,#8354,#8355,#8356),
 .UNSPECIFIED.,.F.,.F.,(4,4),(0.,0.0859191231693782),.UNSPECIFIED.);
#273=B_SPLINE_CURVE_WITH_KNOTS('',3,(#8360,#8361,#8362,#8363),
 .UNSPECIFIED.,.F.,.F.,(4,4),(0.,0.0859191231693782),.UNSPECIFIED.);
#274=B_SPLINE_CURVE_WITH_KNOTS('',3,(#8367,#8368,#8369,#8370),
 .UNSPECIFIED.,.F.,.F.,(4,4),(0.,0.0859191231693782),.UNSPECIFIED.);
#275=B_SPLINE_CURVE_WITH_KNOTS('',3,(#8374,#8375,#8376,#8377),
 .UNSPECIFIED.,.F.,.F.,(4,4),(0.,0.0859191231693782),.UNSPECIFIED.);
#276=B_SPLINE_CURVE_WITH_KNOTS('',3,(#8381,#8382,#8383,#8384),
 .UNSPECIFIED.,.F.,.F.,(4,4),(0.,0.283687926353292),.UNSPECIFIED.);
#277=B_SPLINE_CURVE_WITH_KNOTS('',3,(#8388,#8389,#8390,#8391),
 .UNSPECIFIED.,.F.,.F.,(4,4),(0.,0.282224472074305),.UNSPECIFIED.);
#278=B_SPLINE_CURVE_WITH_KNOTS('',3,(#8392,#8393,#8394,#8395),
 .UNSPECIFIED.,.F.,.F.,(4,4),(0.,0.282224472074305),.UNSPECIFIED.);
#279=B_SPLINE_CURVE_WITH_KNOTS('',3,(#8398,#8399,#8400,#8401,#8402),
 .UNSPECIFIED.,.F.,.F.,(4,1,4),(0.,0.0197130354553783,0.0397206385754134),
 .UNSPECIFIED.);
#280=B_SPLINE_CURVE_WITH_KNOTS('',3,(#8404,#8405,#8406,#8407,#8408),
 .UNSPECIFIED.,.F.,.F.,(4,1,4),(0.,0.0244477018381069,0.043841872868409),
 .UNSPECIFIED.);
#281=B_SPLINE_CURVE_WITH_KNOTS('',3,(#8410,#8411,#8412,#8413),
 .UNSPECIFIED.,.F.,.F.,(4,4),(0.,0.0785656854615989),.UNSPECIFIED.);
#282=B_SPLINE_CURVE_WITH_KNOTS('',3,(#8416,#8417,#8418,#8419),
 .UNSPECIFIED.,.F.,.F.,(4,4),(0.,0.0832099441095446),.UNSPECIFIED.);
#283=B_SPLINE_CURVE_WITH_KNOTS('',3,(#8422,#8423,#8424,#8425,#8426),
 .UNSPECIFIED.,.F.,.F.,(4,1,4),(0.,0.0197130493772173,0.0397206157157457),
 .UNSPECIFIED.);
#284=B_SPLINE_CURVE_WITH_KNOTS('',3,(#8428,#8429,#8430,#8431,#8432),
 .UNSPECIFIED.,.F.,.F.,(4,1,4),(0.,0.0244477221274537,0.0438418751286264),
 .UNSPECIFIED.);
#285=B_SPLINE_CURVE_WITH_KNOTS('',3,(#8434,#8435,#8436,#8437),
 .UNSPECIFIED.,.F.,.F.,(4,4),(0.,0.0785656854615989),.UNSPECIFIED.);
#286=B_SPLINE_CURVE_WITH_KNOTS('',3,(#8440,#8441,#8442,#8443),
 .UNSPECIFIED.,.F.,.F.,(4,4),(0.,0.0832099441095446),.UNSPECIFIED.);
#287=B_SPLINE_CURVE_WITH_KNOTS('',3,(#8466,#8467,#8468,#8469,#8470),
 .UNSPECIFIED.,.F.,.F.,(4,1,4),(0.,0.0197130354553783,0.0397206385754134),
 .UNSPECIFIED.);
#288=B_SPLINE_CURVE_WITH_KNOTS('',3,(#8494,#8495,#8496,#8497,#8498),
 .UNSPECIFIED.,.F.,.F.,(4,1,4),(0.,0.0244477018381069,0.043841872868409),
 .UNSPECIFIED.);
#289=B_SPLINE_CURVE_WITH_KNOTS('',3,(#8517,#8518,#8519,#8520),
 .UNSPECIFIED.,.F.,.F.,(4,4),(0.,0.0785656854615989),.UNSPECIFIED.);
#290=B_SPLINE_CURVE_WITH_KNOTS('',3,(#8542,#8543,#8544,#8545),
 .UNSPECIFIED.,.F.,.F.,(4,4),(0.,0.0832099441095446),.UNSPECIFIED.);
#291=B_SPLINE_CURVE_WITH_KNOTS('',3,(#8718,#8719,#8720,#8721,#8722),
 .UNSPECIFIED.,.F.,.F.,(4,1,4),(0.,0.0197130493772173,0.0397206157157457),
 .UNSPECIFIED.);
#292=B_SPLINE_CURVE_WITH_KNOTS('',3,(#8746,#8747,#8748,#8749,#8750),
 .UNSPECIFIED.,.F.,.F.,(4,1,4),(0.,0.0244477221274537,0.0438418751286264),
 .UNSPECIFIED.);
#293=B_SPLINE_CURVE_WITH_KNOTS('',3,(#8769,#8770,#8771,#8772),
 .UNSPECIFIED.,.F.,.F.,(4,4),(0.,0.0785656854615989),.UNSPECIFIED.);
#294=B_SPLINE_CURVE_WITH_KNOTS('',3,(#8794,#8795,#8796,#8797),
 .UNSPECIFIED.,.F.,.F.,(4,4),(0.,0.0832099441095446),.UNSPECIFIED.);
#295=B_SPLINE_CURVE_WITH_KNOTS('',3,(#8805,#8806,#8807,#8808,#8809),
 .UNSPECIFIED.,.F.,.F.,(4,1,4),(0.,0.0189098806386352,0.0346694882294853),
 .UNSPECIFIED.);
#296=B_SPLINE_CURVE_WITH_KNOTS('',3,(#8811,#8812,#8813,#8814,#8815),
 .UNSPECIFIED.,.F.,.F.,(4,1,4),(0.,0.0220758483763234,0.0430997978380056),
 .UNSPECIFIED.);
#297=B_SPLINE_CURVE_WITH_KNOTS('',3,(#8819,#8820,#8821,#8822,#8823),
 .UNSPECIFIED.,.F.,.F.,(4,1,4),(0.,0.0155356637010804,0.0288255872234134),
 .UNSPECIFIED.);
#298=B_SPLINE_CURVE_WITH_KNOTS('',3,(#8825,#8826,#8827,#8828,#8829),
 .UNSPECIFIED.,.F.,.F.,(4,1,4),(0.,0.0132887154743362,0.0288078036739989),
 .UNSPECIFIED.);
#299=B_SPLINE_CURVE_WITH_KNOTS('',3,(#8932,#8933,#8934,#8935,#8936),
 .UNSPECIFIED.,.F.,.F.,(4,1,4),(0.,0.02507096884711,0.0479176640184815),
 .UNSPECIFIED.);
#300=B_SPLINE_CURVE_WITH_KNOTS('',3,(#8938,#8939,#8940,#8941,#8942),
 .UNSPECIFIED.,.F.,.F.,(4,1,4),(0.,0.0291413882173508,0.0595289122688718),
 .UNSPECIFIED.);
#301=B_SPLINE_CURVE_WITH_KNOTS('',3,(#8944,#8945,#8946,#8947,#8948),
 .UNSPECIFIED.,.F.,.F.,(4,1,4),(0.,0.0256143254349458,0.0502811109679919),
 .UNSPECIFIED.);
#302=B_SPLINE_CURVE_WITH_KNOTS('',3,(#8950,#8951,#8952,#8953,#8954),
 .UNSPECIFIED.,.F.,.F.,(4,1,4),(0.,0.0247472020712644,0.0510561343988997),
 .UNSPECIFIED.);
#303=B_SPLINE_CURVE_WITH_KNOTS('',3,(#8956,#8957,#8958,#8959,#8960),
 .UNSPECIFIED.,.F.,.F.,(4,1,4),(0.,0.0245697615262935,0.0488056067866326),
 .UNSPECIFIED.);
#304=B_SPLINE_CURVE_WITH_KNOTS('',3,(#8962,#8963,#8964,#8965,#8966),
 .UNSPECIFIED.,.F.,.F.,(4,1,4),(0.,0.020714049946118,0.0403053359592558),
 .UNSPECIFIED.);
#305=B_SPLINE_CURVE_WITH_KNOTS('',3,(#8968,#8969,#8970,#8971),
 .UNSPECIFIED.,.F.,.F.,(4,4),(0.,0.076243556137626),.UNSPECIFIED.);
#306=B_SPLINE_CURVE_WITH_KNOTS('',3,(#8979,#8980,#8981,#8982),
 .UNSPECIFIED.,.F.,.F.,(4,4),(0.,0.145714164625668),.UNSPECIFIED.);
#307=B_SPLINE_CURVE_WITH_KNOTS('',3,(#8984,#8985,#8986,#8987),
 .UNSPECIFIED.,.F.,.F.,(4,4),(0.,0.00425729345768056),.UNSPECIFIED.);
#308=B_SPLINE_CURVE_WITH_KNOTS('',3,(#8989,#8990,#8991,#8992,#8993),
 .UNSPECIFIED.,.F.,.F.,(4,1,4),(0.,0.0105367025924162,0.0206722726250461),
 .UNSPECIFIED.);
#309=B_SPLINE_CURVE_WITH_KNOTS('',3,(#8995,#8996,#8997,#8998,#8999),
 .UNSPECIFIED.,.F.,.F.,(4,1,4),(0.,0.0113692184991303,0.0222754209410069),
 .UNSPECIFIED.);
#310=B_SPLINE_CURVE_WITH_KNOTS('',3,(#9001,#9002,#9003,#9004,#9005),
 .UNSPECIFIED.,.F.,.F.,(4,1,4),(0.,0.0163884349010074,0.0339280746290502),
 .UNSPECIFIED.);
#311=B_SPLINE_CURVE_WITH_KNOTS('',3,(#9007,#9008,#9009,#9010,#9011),
 .UNSPECIFIED.,.F.,.F.,(4,1,4),(0.,0.0190227901134101,0.0358901650861378),
 .UNSPECIFIED.);
#312=B_SPLINE_CURVE_WITH_KNOTS('',3,(#9013,#9014,#9015,#9016,#9017),
 .UNSPECIFIED.,.F.,.F.,(4,1,4),(0.,0.0180743705248199,0.0382276432968801),
 .UNSPECIFIED.);
#313=B_SPLINE_CURVE_WITH_KNOTS('',3,(#9019,#9020,#9021,#9022,#9023),
 .UNSPECIFIED.,.F.,.F.,(4,1,4),(0.,0.0167087281536052,0.0336399327706749),
 .UNSPECIFIED.);
#314=B_SPLINE_CURVE_WITH_KNOTS('',3,(#9025,#9026,#9027,#9028,#9029),
 .UNSPECIFIED.,.F.,.F.,(4,1,4),(0.,0.0135302566517028,0.0273941200750012),
 .UNSPECIFIED.);
#315=B_SPLINE_CURVE_WITH_KNOTS('',3,(#9031,#9032,#9033,#9034,#9035),
 .UNSPECIFIED.,.F.,.F.,(4,1,4),(0.,0.0171631199316677,0.0317458286176289),
 .UNSPECIFIED.);
#316=B_SPLINE_CURVE_WITH_KNOTS('',3,(#9037,#9038,#9039,#9040),
 .UNSPECIFIED.,.F.,.F.,(4,4),(0.,0.00309614425009869),.UNSPECIFIED.);
#317=B_SPLINE_CURVE_WITH_KNOTS('',3,(#9041,#9042,#9043,#9044,#9045),
 .UNSPECIFIED.,.F.,.F.,(4,1,4),(0.,0.022350759901494,0.045917940520475),
 .UNSPECIFIED.);
#318=B_SPLINE_CURVE_WITH_KNOTS('',3,(#9463,#9464,#9465,#9466,#9467),
 .UNSPECIFIED.,.F.,.F.,(4,1,4),(0.,0.0217234693138946,0.0415873276244174),
 .UNSPECIFIED.);
#319=B_SPLINE_CURVE_WITH_KNOTS('',3,(#9469,#9470,#9471,#9472,#9473),
 .UNSPECIFIED.,.F.,.F.,(4,1,4),(0.,0.0278644578161507,0.0568471694980893),
 .UNSPECIFIED.);
#320=B_SPLINE_CURVE_WITH_KNOTS('',3,(#9475,#9476,#9477,#9478,#9479),
 .UNSPECIFIED.,.F.,.F.,(4,1,4),(0.,0.0503537169917934,0.0881774066584546),
 .UNSPECIFIED.);
#321=B_SPLINE_CURVE_WITH_KNOTS('',3,(#9481,#9482,#9483,#9484,#9485),
 .UNSPECIFIED.,.F.,.F.,(4,1,4),(0.,0.0332380382660084,0.0780265925742067),
 .UNSPECIFIED.);
#322=B_SPLINE_CURVE_WITH_KNOTS('',3,(#9487,#9488,#9489,#9490,#9491),
 .UNSPECIFIED.,.F.,.F.,(4,1,4),(0.,0.0284309025669827,0.0563546548802808),
 .UNSPECIFIED.);
#323=B_SPLINE_CURVE_WITH_KNOTS('',3,(#9493,#9494,#9495,#9496,#9497),
 .UNSPECIFIED.,.F.,.F.,(4,1,4),(0.,0.0164582541894753,0.0336462228276651),
 .UNSPECIFIED.);
#324=B_SPLINE_CURVE_WITH_KNOTS('',3,(#9499,#9500,#9501,#9502,#9503),
 .UNSPECIFIED.,.F.,.F.,(4,1,4),(0.,0.0172212301522818,0.0336691659302064),
 .UNSPECIFIED.);
#325=B_SPLINE_CURVE_WITH_KNOTS('',3,(#9505,#9506,#9507,#9508,#9509),
 .UNSPECIFIED.,.F.,.F.,(4,1,4),(0.,0.0182746883538041,0.0361733206262803),
 .UNSPECIFIED.);
#326=B_SPLINE_CURVE_WITH_KNOTS('',3,(#9511,#9512,#9513,#9514,#9515),
 .UNSPECIFIED.,.F.,.F.,(4,1,4),(0.,0.0244301447112237,0.0507917002969272),
 .UNSPECIFIED.);
#327=B_SPLINE_CURVE_WITH_KNOTS('',3,(#9517,#9518,#9519,#9520,#9521),
 .UNSPECIFIED.,.F.,.F.,(4,1,4),(0.,0.0231768638243115,0.0465850751471871),
 .UNSPECIFIED.);
#328=B_SPLINE_CURVE_WITH_KNOTS('',3,(#9523,#9524,#9525,#9526,#9527),
 .UNSPECIFIED.,.F.,.F.,(4,1,4),(0.,0.0140195500509383,0.0278615326333854),
 .UNSPECIFIED.);
#329=B_SPLINE_CURVE_WITH_KNOTS('',3,(#9529,#9530,#9531,#9532,#9533),
 .UNSPECIFIED.,.F.,.F.,(4,1,4),(0.,0.0153495643487249,0.0297978619718783),
 .UNSPECIFIED.);
#330=B_SPLINE_CURVE_WITH_KNOTS('',3,(#9535,#9536,#9537,#9538,#9539),
 .UNSPECIFIED.,.F.,.F.,(4,1,4),(0.,0.0203249964149562,0.0469600261967192),
 .UNSPECIFIED.);
#331=B_SPLINE_CURVE_WITH_KNOTS('',3,(#9541,#9542,#9543,#9544,#9545),
 .UNSPECIFIED.,.F.,.F.,(4,1,4),(0.,0.0146871849675,0.0310221239310116),
 .UNSPECIFIED.);
#332=B_SPLINE_CURVE_WITH_KNOTS('',3,(#9547,#9548,#9549,#9550,#9551),
 .UNSPECIFIED.,.F.,.F.,(4,1,4),(0.,0.0111373463285916,0.0219064224583715),
 .UNSPECIFIED.);
#333=B_SPLINE_CURVE_WITH_KNOTS('',3,(#9553,#9554,#9555,#9556,#9557),
 .UNSPECIFIED.,.F.,.F.,(4,1,4),(0.,0.0136270250138557,0.0273192236169037),
 .UNSPECIFIED.);
#334=B_SPLINE_CURVE_WITH_KNOTS('',3,(#9559,#9560,#9561,#9562,#9563),
 .UNSPECIFIED.,.F.,.F.,(4,1,4),(0.,0.0130948380299487,0.0231453386278525),
 .UNSPECIFIED.);
#335=B_SPLINE_CURVE_WITH_KNOTS('',3,(#9565,#9566,#9567,#9568),
 .UNSPECIFIED.,.F.,.F.,(4,4),(0.,0.0027091790598335),.UNSPECIFIED.);
#336=B_SPLINE_CURVE_WITH_KNOTS('',3,(#9569,#9570,#9571,#9572,#9573),
 .UNSPECIFIED.,.F.,.F.,(4,1,4),(0.,0.0198405875055932,0.0414989336782935),
 .UNSPECIFIED.);
#337=B_SPLINE_CURVE_WITH_KNOTS('',3,(#9576,#9577,#9578,#9579,#9580),
 .UNSPECIFIED.,.F.,.F.,(4,1,4),(0.,0.0156686352871552,0.0313366871479834),
 .UNSPECIFIED.);
#338=B_SPLINE_CURVE_WITH_KNOTS('',3,(#9582,#9583,#9584,#9585,#9586),
 .UNSPECIFIED.,.F.,.F.,(4,1,4),(0.,0.0153615786276443,0.030996979547013),
 .UNSPECIFIED.);
#339=B_SPLINE_CURVE_WITH_KNOTS('',3,(#9588,#9589,#9590,#9591,#9592),
 .UNSPECIFIED.,.F.,.F.,(4,1,4),(0.,0.0187415286651274,0.0351289228788896),
 .UNSPECIFIED.);
#340=B_SPLINE_CURVE_WITH_KNOTS('',3,(#9594,#9595,#9596,#9597,#9598),
 .UNSPECIFIED.,.F.,.F.,(4,1,4),(0.,0.0170147259968788,0.0365204688094867),
 .UNSPECIFIED.);
#341=B_SPLINE_CURVE_WITH_KNOTS('',3,(#9600,#9601,#9602,#9603,#9604),
 .UNSPECIFIED.,.F.,.F.,(4,1,4),(0.,0.0147977759001705,0.0302691243810226),
 .UNSPECIFIED.);
#342=B_SPLINE_CURVE_WITH_KNOTS('',3,(#9606,#9607,#9608,#9609,#9610),
 .UNSPECIFIED.,.F.,.F.,(4,1,4),(0.,0.0109194795380073,0.021432290416354),
 .UNSPECIFIED.);
#343=B_SPLINE_CURVE_WITH_KNOTS('',3,(#9612,#9613,#9614,#9615,#9616),
 .UNSPECIFIED.,.F.,.F.,(4,1,4),(0.,0.0120877829812118,0.0234764240751068),
 .UNSPECIFIED.);
#344=B_SPLINE_CURVE_WITH_KNOTS('',3,(#9618,#9619,#9620,#9621,#9622),
 .UNSPECIFIED.,.F.,.F.,(4,1,4),(0.,0.0124876213484048,0.0250259062191124),
 .UNSPECIFIED.);
#345=B_SPLINE_CURVE_WITH_KNOTS('',3,(#9623,#9624,#9625,#9626,#9627),
 .UNSPECIFIED.,.F.,.F.,(4,1,4),(0.,0.0163085015132697,0.0340605325796596),
 .UNSPECIFIED.);
#346=B_SPLINE_CURVE_WITH_KNOTS('',3,(#9650,#9651,#9652,#9653,#9654),
 .UNSPECIFIED.,.F.,.F.,(4,1,4),(0.,0.0156686352871552,0.0313366871479834),
 .UNSPECIFIED.);
#347=B_SPLINE_CURVE_WITH_KNOTS('',3,(#9678,#9679,#9680,#9681,#9682),
 .UNSPECIFIED.,.F.,.F.,(4,1,4),(0.,0.0153615786276443,0.030996979547013),
 .UNSPECIFIED.);
#348=B_SPLINE_CURVE_WITH_KNOTS('',3,(#9705,#9706,#9707,#9708,#9709),
 .UNSPECIFIED.,.F.,.F.,(4,1,4),(0.,0.0187415286651274,0.0351289228788896),
 .UNSPECIFIED.);
#349=B_SPLINE_CURVE_WITH_KNOTS('',3,(#9732,#9733,#9734,#9735,#9736),
 .UNSPECIFIED.,.F.,.F.,(4,1,4),(0.,0.0170147259968788,0.0365204688094867),
 .UNSPECIFIED.);
#350=B_SPLINE_CURVE_WITH_KNOTS('',3,(#9759,#9760,#9761,#9762,#9763),
 .UNSPECIFIED.,.F.,.F.,(4,1,4),(0.,0.0147977759001705,0.0302691243810226),
 .UNSPECIFIED.);
#351=B_SPLINE_CURVE_WITH_KNOTS('',3,(#9786,#9787,#9788,#9789,#9790),
 .UNSPECIFIED.,.F.,.F.,(4,1,4),(0.,0.0109194795380073,0.021432290416354),
 .UNSPECIFIED.);
#352=B_SPLINE_CURVE_WITH_KNOTS('',3,(#9813,#9814,#9815,#9816,#9817),
 .UNSPECIFIED.,.F.,.F.,(4,1,4),(0.,0.0120877829812118,0.0234764240751068),
 .UNSPECIFIED.);
#353=B_SPLINE_CURVE_WITH_KNOTS('',3,(#9840,#9841,#9842,#9843,#9844),
 .UNSPECIFIED.,.F.,.F.,(4,1,4),(0.,0.0124876213484048,0.0250259062191124),
 .UNSPECIFIED.);
#354=B_SPLINE_CURVE_WITH_KNOTS('',3,(#9866,#9867,#9868,#9869,#9870),
 .UNSPECIFIED.,.F.,.F.,(4,1,4),(0.,0.0163085015132697,0.0340605325796596),
 .UNSPECIFIED.);
#355=STYLED_ITEM('',(#10352),#379);
#356=STYLED_ITEM('',(#10354),#4600);
#357=STYLED_ITEM('',(#10354),#4613);
#358=STYLED_ITEM('',(#10354),#4642);
#359=STYLED_ITEM('',(#10354),#4652);
#360=STYLED_ITEM('',(#10354),#4657);
#361=STYLED_ITEM('',(#10354),#4672);
#362=STYLED_ITEM('',(#10354),#4685);
#363=STYLED_ITEM('',(#10354),#4690);
#364=STYLED_ITEM('',(#10354),#4705);
#365=STYLED_ITEM('',(#10354),#4712);
#366=STYLED_ITEM('',(#10354),#4717);
#367=STYLED_ITEM('',(#10354),#4730);
#368=STYLED_ITEM('',(#10354),#4737);
#369=STYLED_ITEM('',(#10354),#4748);
#370=STYLED_ITEM('',(#10354),#4776);
#371=STYLED_ITEM('',(#10354),#4786);
#372=STYLED_ITEM('',(#10354),#4809);
#373=STYLED_ITEM('',(#10354),#4816);
#374=STYLED_ITEM('',(#10353),#380);
#375=STYLED_ITEM('',(#10354),#381);
#376=STYLED_ITEM('',(#10353),#382);
#377=STYLED_ITEM('',(#10353),#383);
#378=STYLED_ITEM('',(#10353),#384);
#379=MANIFOLD_SOLID_BREP('Body1',#4866);
#380=MANIFOLD_SOLID_BREP('Body2',#4867);
#381=MANIFOLD_SOLID_BREP('Body3',#4868);
#382=MANIFOLD_SOLID_BREP('Body4',#4869);
#383=MANIFOLD_SOLID_BREP('Body6',#4870);
#384=MANIFOLD_SOLID_BREP('Body5',#4871);
#385=FACE_BOUND('',#822,.T.);
#386=FACE_BOUND('',#824,.T.);
#387=FACE_BOUND('',#839,.T.);
#388=FACE_BOUND('',#884,.T.);
#389=FACE_BOUND('',#899,.T.);
#390=FACE_BOUND('',#900,.T.);
#391=FACE_BOUND('',#901,.T.);
#392=FACE_BOUND('',#902,.T.);
#393=FACE_BOUND('',#903,.T.);
#394=FACE_BOUND('',#904,.T.);
#395=FACE_BOUND('',#905,.T.);
#396=FACE_BOUND('',#906,.T.);
#397=FACE_BOUND('',#907,.T.);
#398=FACE_BOUND('',#908,.T.);
#399=FACE_BOUND('',#909,.T.);
#400=FACE_BOUND('',#910,.T.);
#401=FACE_BOUND('',#911,.T.);
#402=FACE_BOUND('',#912,.T.);
#403=FACE_BOUND('',#913,.T.);
#404=FACE_BOUND('',#914,.T.);
#405=FACE_BOUND('',#915,.T.);
#406=FACE_BOUND('',#916,.T.);
#407=FACE_BOUND('',#936,.T.);
#408=FACE_BOUND('',#995,.T.);
#409=FACE_BOUND('',#996,.T.);
#410=FACE_BOUND('',#1065,.T.);
#411=FACE_BOUND('',#1098,.T.);
#412=FACE_BOUND('',#1100,.T.);
#413=FACE_BOUND('',#1104,.T.);
#414=FACE_BOUND('',#1106,.T.);
#415=FACE_BOUND('',#1110,.T.);
#416=FACE_BOUND('',#1112,.T.);
#417=FACE_BOUND('',#1116,.T.);
#418=FACE_BOUND('',#1118,.T.);
#419=FACE_BOUND('',#1122,.T.);
#420=FACE_BOUND('',#1124,.T.);
#421=PLANE('',#4888);
#422=PLANE('',#4892);
#423=PLANE('',#4896);
#424=PLANE('',#4897);
#425=PLANE('',#4905);
#426=PLANE('',#4907);
#427=PLANE('',#4908);
#428=PLANE('',#4910);
#429=PLANE('',#4911);
#430=PLANE('',#4913);
#431=PLANE('',#4914);
#432=PLANE('',#4916);
#433=PLANE('',#4917);
#434=PLANE('',#4919);
#435=PLANE('',#4920);
#436=PLANE('',#4922);
#437=PLANE('',#4927);
#438=PLANE('',#4929);
#439=PLANE('',#4930);
#440=PLANE('',#4931);
#441=PLANE('',#4932);
#442=PLANE('',#4934);
#443=PLANE('',#4935);
#444=PLANE('',#4936);
#445=PLANE('',#4937);
#446=PLANE('',#4941);
#447=PLANE('',#4942);
#448=PLANE('',#4943);
#449=PLANE('',#4947);
#450=PLANE('',#4949);
#451=PLANE('',#4950);
#452=PLANE('',#4952);
#453=PLANE('',#4954);
#454=PLANE('',#4955);
#455=PLANE('',#4956);
#456=PLANE('',#4957);
#457=PLANE('',#4958);
#458=PLANE('',#4999);
#459=PLANE('',#5000);
#460=PLANE('',#5001);
#461=PLANE('',#5002);
#462=PLANE('',#5003);
#463=PLANE('',#5004);
#464=PLANE('',#5005);
#465=PLANE('',#5006);
#466=PLANE('',#5007);
#467=PLANE('',#5008);
#468=PLANE('',#5009);
#469=PLANE('',#5010);
#470=PLANE('',#5014);
#471=PLANE('',#5015);
#472=PLANE('',#5016);
#473=PLANE('',#5017);
#474=PLANE('',#5019);
#475=PLANE('',#5020);
#476=PLANE('',#5021);
#477=PLANE('',#5022);
#478=PLANE('',#5023);
#479=PLANE('',#5029);
#480=PLANE('',#5030);
#481=PLANE('',#5031);
#482=PLANE('',#5032);
#483=PLANE('',#5033);
#484=PLANE('',#5034);
#485=PLANE('',#5038);
#486=PLANE('',#5039);
#487=PLANE('',#5040);
#488=PLANE('',#5041);
#489=PLANE('',#5046);
#490=PLANE('',#5047);
#491=PLANE('',#5048);
#492=PLANE('',#5049);
#493=PLANE('',#5050);
#494=PLANE('',#5051);
#495=PLANE('',#5052);
#496=PLANE('',#5057);
#497=PLANE('',#5058);
#498=PLANE('',#5059);
#499=PLANE('',#5060);
#500=PLANE('',#5061);
#501=PLANE('',#5062);
#502=PLANE('',#5068);
#503=PLANE('',#5069);
#504=PLANE('',#5070);
#505=PLANE('',#5071);
#506=PLANE('',#5072);
#507=PLANE('',#5073);
#508=PLANE('',#5074);
#509=PLANE('',#5075);
#510=PLANE('',#5077);
#511=PLANE('',#5078);
#512=PLANE('',#5079);
#513=PLANE('',#5080);
#514=PLANE('',#5081);
#515=PLANE('',#5082);
#516=PLANE('',#5083);
#517=PLANE('',#5084);
#518=PLANE('',#5085);
#519=PLANE('',#5092);
#520=PLANE('',#5093);
#521=PLANE('',#5094);
#522=PLANE('',#5095);
#523=PLANE('',#5096);
#524=PLANE('',#5099);
#525=PLANE('',#5100);
#526=PLANE('',#5101);
#527=PLANE('',#5106);
#528=PLANE('',#5107);
#529=PLANE('',#5108);
#530=PLANE('',#5109);
#531=PLANE('',#5110);
#532=PLANE('',#5111);
#533=PLANE('',#5118);
#534=PLANE('',#5119);
#535=PLANE('',#5126);
#536=PLANE('',#5127);
#537=PLANE('',#5134);
#538=PLANE('',#5135);
#539=PLANE('',#5142);
#540=PLANE('',#5143);
#541=PLANE('',#5150);
#542=PLANE('',#5151);
#543=FACE_OUTER_BOUND('',#816,.T.);
#544=FACE_OUTER_BOUND('',#817,.T.);
#545=FACE_OUTER_BOUND('',#818,.T.);
#546=FACE_OUTER_BOUND('',#819,.T.);
#547=FACE_OUTER_BOUND('',#820,.T.);
#548=FACE_OUTER_BOUND('',#821,.T.);
#549=FACE_OUTER_BOUND('',#823,.T.);
#550=FACE_OUTER_BOUND('',#825,.T.);
#551=FACE_OUTER_BOUND('',#826,.T.);
#552=FACE_OUTER_BOUND('',#827,.T.);
#553=FACE_OUTER_BOUND('',#828,.T.);
#554=FACE_OUTER_BOUND('',#829,.T.);
#555=FACE_OUTER_BOUND('',#830,.T.);
#556=FACE_OUTER_BOUND('',#831,.T.);
#557=FACE_OUTER_BOUND('',#832,.T.);
#558=FACE_OUTER_BOUND('',#833,.T.);
#559=FACE_OUTER_BOUND('',#834,.T.);
#560=FACE_OUTER_BOUND('',#835,.T.);
#561=FACE_OUTER_BOUND('',#836,.T.);
#562=FACE_OUTER_BOUND('',#837,.T.);
#563=FACE_OUTER_BOUND('',#838,.T.);
#564=FACE_OUTER_BOUND('',#840,.T.);
#565=FACE_OUTER_BOUND('',#841,.T.);
#566=FACE_OUTER_BOUND('',#842,.T.);
#567=FACE_OUTER_BOUND('',#843,.T.);
#568=FACE_OUTER_BOUND('',#844,.T.);
#569=FACE_OUTER_BOUND('',#845,.T.);
#570=FACE_OUTER_BOUND('',#846,.T.);
#571=FACE_OUTER_BOUND('',#847,.T.);
#572=FACE_OUTER_BOUND('',#848,.T.);
#573=FACE_OUTER_BOUND('',#849,.T.);
#574=FACE_OUTER_BOUND('',#850,.T.);
#575=FACE_OUTER_BOUND('',#851,.T.);
#576=FACE_OUTER_BOUND('',#852,.T.);
#577=FACE_OUTER_BOUND('',#853,.T.);
#578=FACE_OUTER_BOUND('',#854,.T.);
#579=FACE_OUTER_BOUND('',#855,.T.);
#580=FACE_OUTER_BOUND('',#856,.T.);
#581=FACE_OUTER_BOUND('',#857,.T.);
#582=FACE_OUTER_BOUND('',#858,.T.);
#583=FACE_OUTER_BOUND('',#859,.T.);
#584=FACE_OUTER_BOUND('',#860,.T.);
#585=FACE_OUTER_BOUND('',#861,.T.);
#586=FACE_OUTER_BOUND('',#862,.T.);
#587=FACE_OUTER_BOUND('',#863,.T.);
#588=FACE_OUTER_BOUND('',#864,.T.);
#589=FACE_OUTER_BOUND('',#865,.T.);
#590=FACE_OUTER_BOUND('',#866,.T.);
#591=FACE_OUTER_BOUND('',#867,.T.);
#592=FACE_OUTER_BOUND('',#868,.T.);
#593=FACE_OUTER_BOUND('',#869,.T.);
#594=FACE_OUTER_BOUND('',#870,.T.);
#595=FACE_OUTER_BOUND('',#871,.T.);
#596=FACE_OUTER_BOUND('',#872,.T.);
#597=FACE_OUTER_BOUND('',#873,.T.);
#598=FACE_OUTER_BOUND('',#874,.T.);
#599=FACE_OUTER_BOUND('',#875,.T.);
#600=FACE_OUTER_BOUND('',#876,.T.);
#601=FACE_OUTER_BOUND('',#877,.T.);
#602=FACE_OUTER_BOUND('',#878,.T.);
#603=FACE_OUTER_BOUND('',#879,.T.);
#604=FACE_OUTER_BOUND('',#880,.T.);
#605=FACE_OUTER_BOUND('',#881,.T.);
#606=FACE_OUTER_BOUND('',#882,.T.);
#607=FACE_OUTER_BOUND('',#883,.T.);
#608=FACE_OUTER_BOUND('',#885,.T.);
#609=FACE_OUTER_BOUND('',#886,.T.);
#610=FACE_OUTER_BOUND('',#887,.T.);
#611=FACE_OUTER_BOUND('',#888,.T.);
#612=FACE_OUTER_BOUND('',#889,.T.);
#613=FACE_OUTER_BOUND('',#890,.T.);
#614=FACE_OUTER_BOUND('',#891,.T.);
#615=FACE_OUTER_BOUND('',#892,.T.);
#616=FACE_OUTER_BOUND('',#893,.T.);
#617=FACE_OUTER_BOUND('',#894,.T.);
#618=FACE_OUTER_BOUND('',#895,.T.);
#619=FACE_OUTER_BOUND('',#896,.T.);
#620=FACE_OUTER_BOUND('',#897,.T.);
#621=FACE_OUTER_BOUND('',#898,.T.);
#622=FACE_OUTER_BOUND('',#917,.T.);
#623=FACE_OUTER_BOUND('',#918,.T.);
#624=FACE_OUTER_BOUND('',#919,.T.);
#625=FACE_OUTER_BOUND('',#920,.T.);
#626=FACE_OUTER_BOUND('',#921,.T.);
#627=FACE_OUTER_BOUND('',#922,.T.);
#628=FACE_OUTER_BOUND('',#923,.T.);
#629=FACE_OUTER_BOUND('',#924,.T.);
#630=FACE_OUTER_BOUND('',#925,.T.);
#631=FACE_OUTER_BOUND('',#926,.T.);
#632=FACE_OUTER_BOUND('',#927,.T.);
#633=FACE_OUTER_BOUND('',#928,.T.);
#634=FACE_OUTER_BOUND('',#929,.T.);
#635=FACE_OUTER_BOUND('',#930,.T.);
#636=FACE_OUTER_BOUND('',#931,.T.);
#637=FACE_OUTER_BOUND('',#932,.T.);
#638=FACE_OUTER_BOUND('',#933,.T.);
#639=FACE_OUTER_BOUND('',#934,.T.);
#640=FACE_OUTER_BOUND('',#935,.T.);
#641=FACE_OUTER_BOUND('',#937,.T.);
#642=FACE_OUTER_BOUND('',#938,.T.);
#643=FACE_OUTER_BOUND('',#939,.T.);
#644=FACE_OUTER_BOUND('',#940,.T.);
#645=FACE_OUTER_BOUND('',#941,.T.);
#646=FACE_OUTER_BOUND('',#942,.T.);
#647=FACE_OUTER_BOUND('',#943,.T.);
#648=FACE_OUTER_BOUND('',#944,.T.);
#649=FACE_OUTER_BOUND('',#945,.T.);
#650=FACE_OUTER_BOUND('',#946,.T.);
#651=FACE_OUTER_BOUND('',#947,.T.);
#652=FACE_OUTER_BOUND('',#948,.T.);
#653=FACE_OUTER_BOUND('',#949,.T.);
#654=FACE_OUTER_BOUND('',#950,.T.);
#655=FACE_OUTER_BOUND('',#951,.T.);
#656=FACE_OUTER_BOUND('',#952,.T.);
#657=FACE_OUTER_BOUND('',#953,.T.);
#658=FACE_OUTER_BOUND('',#954,.T.);
#659=FACE_OUTER_BOUND('',#955,.T.);
#660=FACE_OUTER_BOUND('',#956,.T.);
#661=FACE_OUTER_BOUND('',#957,.T.);
#662=FACE_OUTER_BOUND('',#958,.T.);
#663=FACE_OUTER_BOUND('',#959,.T.);
#664=FACE_OUTER_BOUND('',#960,.T.);
#665=FACE_OUTER_BOUND('',#961,.T.);
#666=FACE_OUTER_BOUND('',#962,.T.);
#667=FACE_OUTER_BOUND('',#963,.T.);
#668=FACE_OUTER_BOUND('',#964,.T.);
#669=FACE_OUTER_BOUND('',#965,.T.);
#670=FACE_OUTER_BOUND('',#966,.T.);
#671=FACE_OUTER_BOUND('',#967,.T.);
#672=FACE_OUTER_BOUND('',#968,.T.);
#673=FACE_OUTER_BOUND('',#969,.T.);
#674=FACE_OUTER_BOUND('',#970,.T.);
#675=FACE_OUTER_BOUND('',#971,.T.);
#676=FACE_OUTER_BOUND('',#972,.T.);
#677=FACE_OUTER_BOUND('',#973,.T.);
#678=FACE_OUTER_BOUND('',#974,.T.);
#679=FACE_OUTER_BOUND('',#975,.T.);
#680=FACE_OUTER_BOUND('',#976,.T.);
#681=FACE_OUTER_BOUND('',#977,.T.);
#682=FACE_OUTER_BOUND('',#978,.T.);
#683=FACE_OUTER_BOUND('',#979,.T.);
#684=FACE_OUTER_BOUND('',#980,.T.);
#685=FACE_OUTER_BOUND('',#981,.T.);
#686=FACE_OUTER_BOUND('',#982,.T.);
#687=FACE_OUTER_BOUND('',#983,.T.);
#688=FACE_OUTER_BOUND('',#984,.T.);
#689=FACE_OUTER_BOUND('',#985,.T.);
#690=FACE_OUTER_BOUND('',#986,.T.);
#691=FACE_OUTER_BOUND('',#987,.T.);
#692=FACE_OUTER_BOUND('',#988,.T.);
#693=FACE_OUTER_BOUND('',#989,.T.);
#694=FACE_OUTER_BOUND('',#990,.T.);
#695=FACE_OUTER_BOUND('',#991,.T.);
#696=FACE_OUTER_BOUND('',#992,.T.);
#697=FACE_OUTER_BOUND('',#993,.T.);
#698=FACE_OUTER_BOUND('',#994,.T.);
#699=FACE_OUTER_BOUND('',#997,.T.);
#700=FACE_OUTER_BOUND('',#998,.T.);
#701=FACE_OUTER_BOUND('',#999,.T.);
#702=FACE_OUTER_BOUND('',#1000,.T.);
#703=FACE_OUTER_BOUND('',#1001,.T.);
#704=FACE_OUTER_BOUND('',#1002,.T.);
#705=FACE_OUTER_BOUND('',#1003,.T.);
#706=FACE_OUTER_BOUND('',#1004,.T.);
#707=FACE_OUTER_BOUND('',#1005,.T.);
#708=FACE_OUTER_BOUND('',#1006,.T.);
#709=FACE_OUTER_BOUND('',#1007,.T.);
#710=FACE_OUTER_BOUND('',#1008,.T.);
#711=FACE_OUTER_BOUND('',#1009,.T.);
#712=FACE_OUTER_BOUND('',#1010,.T.);
#713=FACE_OUTER_BOUND('',#1011,.T.);
#714=FACE_OUTER_BOUND('',#1012,.T.);
#715=FACE_OUTER_BOUND('',#1013,.T.);
#716=FACE_OUTER_BOUND('',#1014,.T.);
#717=FACE_OUTER_BOUND('',#1015,.T.);
#718=FACE_OUTER_BOUND('',#1016,.T.);
#719=FACE_OUTER_BOUND('',#1017,.T.);
#720=FACE_OUTER_BOUND('',#1018,.T.);
#721=FACE_OUTER_BOUND('',#1019,.T.);
#722=FACE_OUTER_BOUND('',#1020,.T.);
#723=FACE_OUTER_BOUND('',#1021,.T.);
#724=FACE_OUTER_BOUND('',#1022,.T.);
#725=FACE_OUTER_BOUND('',#1023,.T.);
#726=FACE_OUTER_BOUND('',#1024,.T.);
#727=FACE_OUTER_BOUND('',#1025,.T.);
#728=FACE_OUTER_BOUND('',#1026,.T.);
#729=FACE_OUTER_BOUND('',#1027,.T.);
#730=FACE_OUTER_BOUND('',#1028,.T.);
#731=FACE_OUTER_BOUND('',#1029,.T.);
#732=FACE_OUTER_BOUND('',#1030,.T.);
#733=FACE_OUTER_BOUND('',#1031,.T.);
#734=FACE_OUTER_BOUND('',#1032,.T.);
#735=FACE_OUTER_BOUND('',#1033,.T.);
#736=FACE_OUTER_BOUND('',#1034,.T.);
#737=FACE_OUTER_BOUND('',#1035,.T.);
#738=FACE_OUTER_BOUND('',#1036,.T.);
#739=FACE_OUTER_BOUND('',#1037,.T.);
#740=FACE_OUTER_BOUND('',#1038,.T.);
#741=FACE_OUTER_BOUND('',#1039,.T.);
#742=FACE_OUTER_BOUND('',#1040,.T.);
#743=FACE_OUTER_BOUND('',#1041,.T.);
#744=FACE_OUTER_BOUND('',#1042,.T.);
#745=FACE_OUTER_BOUND('',#1043,.T.);
#746=FACE_OUTER_BOUND('',#1044,.T.);
#747=FACE_OUTER_BOUND('',#1045,.T.);
#748=FACE_OUTER_BOUND('',#1046,.T.);
#749=FACE_OUTER_BOUND('',#1047,.T.);
#750=FACE_OUTER_BOUND('',#1048,.T.);
#751=FACE_OUTER_BOUND('',#1049,.T.);
#752=FACE_OUTER_BOUND('',#1050,.T.);
#753=FACE_OUTER_BOUND('',#1051,.T.);
#754=FACE_OUTER_BOUND('',#1052,.T.);
#755=FACE_OUTER_BOUND('',#1053,.T.);
#756=FACE_OUTER_BOUND('',#1054,.T.);
#757=FACE_OUTER_BOUND('',#1055,.T.);
#758=FACE_OUTER_BOUND('',#1056,.T.);
#759=FACE_OUTER_BOUND('',#1057,.T.);
#760=FACE_OUTER_BOUND('',#1058,.T.);
#761=FACE_OUTER_BOUND('',#1059,.T.);
#762=FACE_OUTER_BOUND('',#1060,.T.);
#763=FACE_OUTER_BOUND('',#1061,.T.);
#764=FACE_OUTER_BOUND('',#1062,.T.);
#765=FACE_OUTER_BOUND('',#1063,.T.);
#766=FACE_OUTER_BOUND('',#1064,.T.);
#767=FACE_OUTER_BOUND('',#1066,.T.);
#768=FACE_OUTER_BOUND('',#1067,.T.);
#769=FACE_OUTER_BOUND('',#1068,.T.);
#770=FACE_OUTER_BOUND('',#1069,.T.);
#771=FACE_OUTER_BOUND('',#1070,.T.);
#772=FACE_OUTER_BOUND('',#1071,.T.);
#773=FACE_OUTER_BOUND('',#1072,.T.);
#774=FACE_OUTER_BOUND('',#1073,.T.);
#775=FACE_OUTER_BOUND('',#1074,.T.);
#776=FACE_OUTER_BOUND('',#1075,.T.);
#777=FACE_OUTER_BOUND('',#1076,.T.);
#778=FACE_OUTER_BOUND('',#1077,.T.);
#779=FACE_OUTER_BOUND('',#1078,.T.);
#780=FACE_OUTER_BOUND('',#1079,.T.);
#781=FACE_OUTER_BOUND('',#1080,.T.);
#782=FACE_OUTER_BOUND('',#1081,.T.);
#783=FACE_OUTER_BOUND('',#1082,.T.);
#784=FACE_OUTER_BOUND('',#1083,.T.);
#785=FACE_OUTER_BOUND('',#1084,.T.);
#786=FACE_OUTER_BOUND('',#1085,.T.);
#787=FACE_OUTER_BOUND('',#1086,.T.);
#788=FACE_OUTER_BOUND('',#1087,.T.);
#789=FACE_OUTER_BOUND('',#1088,.T.);
#790=FACE_OUTER_BOUND('',#1089,.T.);
#791=FACE_OUTER_BOUND('',#1090,.T.);
#792=FACE_OUTER_BOUND('',#1091,.T.);
#793=FACE_OUTER_BOUND('',#1092,.T.);
#794=FACE_OUTER_BOUND('',#1093,.T.);
#795=FACE_OUTER_BOUND('',#1094,.T.);
#796=FACE_OUTER_BOUND('',#1095,.T.);
#797=FACE_OUTER_BOUND('',#1096,.T.);
#798=FACE_OUTER_BOUND('',#1097,.T.);
#799=FACE_OUTER_BOUND('',#1099,.T.);
#800=FACE_OUTER_BOUND('',#1101,.T.);
#801=FACE_OUTER_BOUND('',#1102,.T.);
#802=FACE_OUTER_BOUND('',#1103,.T.);
#803=FACE_OUTER_BOUND('',#1105,.T.);
#804=FACE_OUTER_BOUND('',#1107,.T.);
#805=FACE_OUTER_BOUND('',#1108,.T.);
#806=FACE_OUTER_BOUND('',#1109,.T.);
#807=FACE_OUTER_BOUND('',#1111,.T.);
#808=FACE_OUTER_BOUND('',#1113,.T.);
#809=FACE_OUTER_BOUND('',#1114,.T.);
#810=FACE_OUTER_BOUND('',#1115,.T.);
#811=FACE_OUTER_BOUND('',#1117,.T.);
#812=FACE_OUTER_BOUND('',#1119,.T.);
#813=FACE_OUTER_BOUND('',#1120,.T.);
#814=FACE_OUTER_BOUND('',#1121,.T.);
#815=FACE_OUTER_BOUND('',#1123,.T.);
#816=EDGE_LOOP('',(#3146,#3147,#3148,#3149));
#817=EDGE_LOOP('',(#3150));
#818=EDGE_LOOP('',(#3151,#3152,#3153,#3154));
#819=EDGE_LOOP('',(#3155));
#820=EDGE_LOOP('',(#3156,#3157,#3158,#3159));
#821=EDGE_LOOP('',(#3160));
#822=EDGE_LOOP('',(#3161));
#823=EDGE_LOOP('',(#3162));
#824=EDGE_LOOP('',(#3163));
#825=EDGE_LOOP('',(#3164,#3165,#3166,#3167,#3168,#3169,#3170,#3171,#3172,
#3173,#3174,#3175));
#826=EDGE_LOOP('',(#3176,#3177,#3178,#3179));
#827=EDGE_LOOP('',(#3180,#3181,#3182,#3183));
#828=EDGE_LOOP('',(#3184,#3185,#3186,#3187));
#829=EDGE_LOOP('',(#3188,#3189,#3190,#3191));
#830=EDGE_LOOP('',(#3192,#3193,#3194,#3195));
#831=EDGE_LOOP('',(#3196,#3197,#3198,#3199));
#832=EDGE_LOOP('',(#3200,#3201,#3202,#3203));
#833=EDGE_LOOP('',(#3204,#3205,#3206,#3207));
#834=EDGE_LOOP('',(#3208,#3209,#3210,#3211));
#835=EDGE_LOOP('',(#3212,#3213,#3214,#3215));
#836=EDGE_LOOP('',(#3216,#3217,#3218,#3219));
#837=EDGE_LOOP('',(#3220,#3221,#3222,#3223));
#838=EDGE_LOOP('',(#3224,#3225,#3226,#3227,#3228,#3229,#3230,#3231,#3232,
#3233,#3234,#3235,#3236,#3237,#3238,#3239,#3240,#3241,#3242));
#839=EDGE_LOOP('',(#3243,#3244,#3245,#3246,#3247,#3248,#3249,#3250));
#840=EDGE_LOOP('',(#3251,#3252,#3253,#3254));
#841=EDGE_LOOP('',(#3255,#3256,#3257,#3258));
#842=EDGE_LOOP('',(#3259,#3260,#3261,#3262));
#843=EDGE_LOOP('',(#3263,#3264,#3265,#3266));
#844=EDGE_LOOP('',(#3267,#3268,#3269,#3270));
#845=EDGE_LOOP('',(#3271,#3272,#3273,#3274));
#846=EDGE_LOOP('',(#3275,#3276,#3277,#3278));
#847=EDGE_LOOP('',(#3279,#3280,#3281,#3282));
#848=EDGE_LOOP('',(#3283,#3284,#3285,#3286));
#849=EDGE_LOOP('',(#3287,#3288,#3289,#3290));
#850=EDGE_LOOP('',(#3291,#3292,#3293,#3294));
#851=EDGE_LOOP('',(#3295,#3296,#3297,#3298));
#852=EDGE_LOOP('',(#3299,#3300,#3301,#3302));
#853=EDGE_LOOP('',(#3303,#3304,#3305,#3306));
#854=EDGE_LOOP('',(#3307,#3308,#3309,#3310));
#855=EDGE_LOOP('',(#3311,#3312,#3313,#3314));
#856=EDGE_LOOP('',(#3315,#3316,#3317,#3318));
#857=EDGE_LOOP('',(#3319,#3320,#3321,#3322));
#858=EDGE_LOOP('',(#3323,#3324,#3325,#3326));
#859=EDGE_LOOP('',(#3327,#3328,#3329,#3330));
#860=EDGE_LOOP('',(#3331,#3332,#3333,#3334));
#861=EDGE_LOOP('',(#3335,#3336,#3337,#3338));
#862=EDGE_LOOP('',(#3339,#3340,#3341,#3342));
#863=EDGE_LOOP('',(#3343,#3344,#3345,#3346));
#864=EDGE_LOOP('',(#3347,#3348,#3349,#3350));
#865=EDGE_LOOP('',(#3351,#3352,#3353,#3354));
#866=EDGE_LOOP('',(#3355,#3356,#3357,#3358));
#867=EDGE_LOOP('',(#3359,#3360,#3361,#3362,#3363,#3364,#3365,#3366));
#868=EDGE_LOOP('',(#3367,#3368,#3369,#3370,#3371,#3372,#3373,#3374,#3375));
#869=EDGE_LOOP('',(#3376,#3377,#3378,#3379));
#870=EDGE_LOOP('',(#3380,#3381,#3382,#3383));
#871=EDGE_LOOP('',(#3384,#3385,#3386,#3387));
#872=EDGE_LOOP('',(#3388,#3389,#3390,#3391));
#873=EDGE_LOOP('',(#3392,#3393,#3394,#3395));
#874=EDGE_LOOP('',(#3396,#3397,#3398,#3399));
#875=EDGE_LOOP('',(#3400,#3401,#3402,#3403));
#876=EDGE_LOOP('',(#3404,#3405,#3406,#3407));
#877=EDGE_LOOP('',(#3408,#3409,#3410,#3411));
#878=EDGE_LOOP('',(#3412,#3413,#3414,#3415));
#879=EDGE_LOOP('',(#3416,#3417,#3418,#3419));
#880=EDGE_LOOP('',(#3420,#3421,#3422,#3423));
#881=EDGE_LOOP('',(#3424,#3425,#3426,#3427));
#882=EDGE_LOOP('',(#3428,#3429,#3430,#3431));
#883=EDGE_LOOP('',(#3432,#3433,#3434,#3435,#3436,#3437,#3438,#3439));
#884=EDGE_LOOP('',(#3440,#3441,#3442,#3443,#3444));
#885=EDGE_LOOP('',(#3445,#3446,#3447,#3448));
#886=EDGE_LOOP('',(#3449,#3450,#3451,#3452));
#887=EDGE_LOOP('',(#3453,#3454,#3455,#3456));
#888=EDGE_LOOP('',(#3457,#3458,#3459,#3460));
#889=EDGE_LOOP('',(#3461,#3462,#3463,#3464));
#890=EDGE_LOOP('',(#3465,#3466,#3467,#3468));
#891=EDGE_LOOP('',(#3469,#3470,#3471,#3472));
#892=EDGE_LOOP('',(#3473,#3474,#3475,#3476));
#893=EDGE_LOOP('',(#3477,#3478,#3479,#3480));
#894=EDGE_LOOP('',(#3481,#3482,#3483,#3484));
#895=EDGE_LOOP('',(#3485,#3486,#3487,#3488));
#896=EDGE_LOOP('',(#3489,#3490,#3491,#3492));
#897=EDGE_LOOP('',(#3493,#3494,#3495,#3496));
#898=EDGE_LOOP('',(#3497,#3498,#3499,#3500));
#899=EDGE_LOOP('',(#3501,#3502,#3503,#3504,#3505,#3506,#3507,#3508,#3509,
#3510,#3511,#3512));
#900=EDGE_LOOP('',(#3513,#3514,#3515,#3516,#3517,#3518,#3519,#3520,#3521,
#3522,#3523,#3524,#3525,#3526,#3527,#3528,#3529,#3530,#3531));
#901=EDGE_LOOP('',(#3532,#3533,#3534,#3535,#3536,#3537,#3538,#3539,#3540));
#902=EDGE_LOOP('',(#3541,#3542,#3543,#3544));
#903=EDGE_LOOP('',(#3545,#3546,#3547,#3548,#3549,#3550,#3551,#3552,#3553,
#3554,#3555,#3556,#3557,#3558,#3559));
#904=EDGE_LOOP('',(#3560,#3561,#3562,#3563,#3564,#3565,#3566,#3567,#3568));
#905=EDGE_LOOP('',(#3569,#3570,#3571,#3572,#3573,#3574,#3575,#3576,#3577,
#3578,#3579,#3580,#3581,#3582,#3583,#3584,#3585,#3586,#3587,#3588,#3589,
#3590));
#906=EDGE_LOOP('',(#3591,#3592,#3593,#3594,#3595,#3596));
#907=EDGE_LOOP('',(#3597,#3598,#3599,#3600,#3601,#3602,#3603,#3604,#3605,
#3606,#3607,#3608,#3609,#3610,#3611,#3612,#3613,#3614,#3615));
#908=EDGE_LOOP('',(#3616,#3617,#3618,#3619,#3620,#3621,#3622,#3623,#3624,
#3625));
#909=EDGE_LOOP('',(#3626,#3627,#3628,#3629,#3630,#3631));
#910=EDGE_LOOP('',(#3632,#3633,#3634,#3635,#3636,#3637,#3638,#3639,#3640,
#3641,#3642,#3643));
#911=EDGE_LOOP('',(#3644,#3645,#3646,#3647));
#912=EDGE_LOOP('',(#3648,#3649,#3650,#3651,#3652,#3653));
#913=EDGE_LOOP('',(#3654,#3655,#3656,#3657,#3658,#3659,#3660,#3661));
#914=EDGE_LOOP('',(#3662,#3663,#3664,#3665));
#915=EDGE_LOOP('',(#3666,#3667,#3668,#3669,#3670,#3671,#3672,#3673,#3674,
#3675,#3676,#3677));
#916=EDGE_LOOP('',(#3678,#3679,#3680,#3681,#3682,#3683,#3684,#3685));
#917=EDGE_LOOP('',(#3686,#3687,#3688,#3689,#3690,#3691,#3692,#3693,#3694,
#3695,#3696,#3697));
#918=EDGE_LOOP('',(#3698,#3699,#3700,#3701));
#919=EDGE_LOOP('',(#3702,#3703,#3704,#3705));
#920=EDGE_LOOP('',(#3706,#3707,#3708,#3709));
#921=EDGE_LOOP('',(#3710,#3711,#3712,#3713));
#922=EDGE_LOOP('',(#3714,#3715,#3716,#3717));
#923=EDGE_LOOP('',(#3718,#3719,#3720,#3721));
#924=EDGE_LOOP('',(#3722,#3723,#3724,#3725));
#925=EDGE_LOOP('',(#3726,#3727,#3728,#3729));
#926=EDGE_LOOP('',(#3730,#3731,#3732,#3733));
#927=EDGE_LOOP('',(#3734,#3735,#3736,#3737));
#928=EDGE_LOOP('',(#3738,#3739,#3740,#3741));
#929=EDGE_LOOP('',(#3742,#3743,#3744,#3745));
#930=EDGE_LOOP('',(#3746,#3747,#3748,#3749));
#931=EDGE_LOOP('',(#3750,#3751,#3752,#3753));
#932=EDGE_LOOP('',(#3754,#3755,#3756,#3757));
#933=EDGE_LOOP('',(#3758,#3759,#3760,#3761));
#934=EDGE_LOOP('',(#3762,#3763,#3764,#3765));
#935=EDGE_LOOP('',(#3766,#3767,#3768,#3769,#3770,#3771,#3772,#3773));
#936=EDGE_LOOP('',(#3774,#3775,#3776,#3777,#3778));
#937=EDGE_LOOP('',(#3779,#3780,#3781,#3782));
#938=EDGE_LOOP('',(#3783,#3784,#3785,#3786));
#939=EDGE_LOOP('',(#3787,#3788,#3789,#3790));
#940=EDGE_LOOP('',(#3791,#3792,#3793,#3794));
#941=EDGE_LOOP('',(#3795,#3796,#3797,#3798));
#942=EDGE_LOOP('',(#3799,#3800,#3801,#3802));
#943=EDGE_LOOP('',(#3803,#3804,#3805,#3806));
#944=EDGE_LOOP('',(#3807,#3808,#3809,#3810));
#945=EDGE_LOOP('',(#3811,#3812,#3813,#3814));
#946=EDGE_LOOP('',(#3815,#3816,#3817,#3818));
#947=EDGE_LOOP('',(#3819,#3820,#3821,#3822));
#948=EDGE_LOOP('',(#3823,#3824,#3825,#3826));
#949=EDGE_LOOP('',(#3827,#3828,#3829,#3830));
#950=EDGE_LOOP('',(#3831,#3832,#3833,#3834,#3835));
#951=EDGE_LOOP('',(#3836,#3837,#3838,#3839,#3840,#3841));
#952=EDGE_LOOP('',(#3842,#3843,#3844,#3845));
#953=EDGE_LOOP('',(#3846,#3847,#3848,#3849));
#954=EDGE_LOOP('',(#3850,#3851,#3852,#3853));
#955=EDGE_LOOP('',(#3854,#3855,#3856,#3857));
#956=EDGE_LOOP('',(#3858,#3859,#3860,#3861));
#957=EDGE_LOOP('',(#3862,#3863,#3864,#3865));
#958=EDGE_LOOP('',(#3866,#3867,#3868,#3869));
#959=EDGE_LOOP('',(#3870,#3871,#3872,#3873));
#960=EDGE_LOOP('',(#3874,#3875,#3876,#3877));
#961=EDGE_LOOP('',(#3878,#3879,#3880,#3881));
#962=EDGE_LOOP('',(#3882,#3883,#3884,#3885));
#963=EDGE_LOOP('',(#3886,#3887,#3888,#3889,#3890,#3891,#3892,#3893,#3894,
#3895,#3896,#3897));
#964=EDGE_LOOP('',(#3898,#3899,#3900,#3901));
#965=EDGE_LOOP('',(#3902,#3903,#3904,#3905));
#966=EDGE_LOOP('',(#3906,#3907,#3908,#3909));
#967=EDGE_LOOP('',(#3910,#3911,#3912,#3913));
#968=EDGE_LOOP('',(#3914,#3915,#3916,#3917));
#969=EDGE_LOOP('',(#3918,#3919,#3920,#3921));
#970=EDGE_LOOP('',(#3922,#3923,#3924,#3925));
#971=EDGE_LOOP('',(#3926,#3927,#3928,#3929));
#972=EDGE_LOOP('',(#3930,#3931,#3932,#3933));
#973=EDGE_LOOP('',(#3934,#3935,#3936,#3937));
#974=EDGE_LOOP('',(#3938,#3939,#3940,#3941));
#975=EDGE_LOOP('',(#3942,#3943,#3944,#3945));
#976=EDGE_LOOP('',(#3946,#3947,#3948,#3949,#3950,#3951));
#977=EDGE_LOOP('',(#3952,#3953,#3954,#3955));
#978=EDGE_LOOP('',(#3956,#3957,#3958,#3959));
#979=EDGE_LOOP('',(#3960,#3961,#3962,#3963));
#980=EDGE_LOOP('',(#3964,#3965,#3966,#3967));
#981=EDGE_LOOP('',(#3968,#3969,#3970,#3971));
#982=EDGE_LOOP('',(#3972,#3973,#3974,#3975));
#983=EDGE_LOOP('',(#3976,#3977,#3978,#3979,#3980,#3981,#3982,#3983,#3984,
#3985));
#984=EDGE_LOOP('',(#3986,#3987,#3988,#3989));
#985=EDGE_LOOP('',(#3990,#3991,#3992,#3993));
#986=EDGE_LOOP('',(#3994,#3995,#3996,#3997));
#987=EDGE_LOOP('',(#3998,#3999,#4000,#4001));
#988=EDGE_LOOP('',(#4002,#4003,#4004,#4005));
#989=EDGE_LOOP('',(#4006,#4007,#4008,#4009));
#990=EDGE_LOOP('',(#4010,#4011,#4012,#4013));
#991=EDGE_LOOP('',(#4014,#4015,#4016,#4017));
#992=EDGE_LOOP('',(#4018,#4019,#4020,#4021));
#993=EDGE_LOOP('',(#4022,#4023,#4024,#4025));
#994=EDGE_LOOP('',(#4026,#4027,#4028,#4029,#4030,#4031,#4032,#4033,#4034,
#4035,#4036,#4037,#4038,#4039,#4040));
#995=EDGE_LOOP('',(#4041,#4042,#4043,#4044,#4045));
#996=EDGE_LOOP('',(#4046,#4047,#4048,#4049,#4050));
#997=EDGE_LOOP('',(#4051,#4052,#4053,#4054));
#998=EDGE_LOOP('',(#4055,#4056,#4057,#4058));
#999=EDGE_LOOP('',(#4059,#4060,#4061,#4062));
#1000=EDGE_LOOP('',(#4063,#4064,#4065,#4066));
#1001=EDGE_LOOP('',(#4067,#4068,#4069,#4070));
#1002=EDGE_LOOP('',(#4071,#4072,#4073,#4074));
#1003=EDGE_LOOP('',(#4075,#4076,#4077,#4078));
#1004=EDGE_LOOP('',(#4079,#4080,#4081,#4082));
#1005=EDGE_LOOP('',(#4083,#4084,#4085,#4086));
#1006=EDGE_LOOP('',(#4087,#4088,#4089,#4090));
#1007=EDGE_LOOP('',(#4091,#4092,#4093,#4094));
#1008=EDGE_LOOP('',(#4095,#4096,#4097,#4098));
#1009=EDGE_LOOP('',(#4099,#4100,#4101,#4102));
#1010=EDGE_LOOP('',(#4103,#4104,#4105,#4106));
#1011=EDGE_LOOP('',(#4107,#4108,#4109,#4110));
#1012=EDGE_LOOP('',(#4111,#4112,#4113,#4114));
#1013=EDGE_LOOP('',(#4115,#4116,#4117,#4118));
#1014=EDGE_LOOP('',(#4119,#4120,#4121,#4122));
#1015=EDGE_LOOP('',(#4123,#4124,#4125,#4126));
#1016=EDGE_LOOP('',(#4127,#4128,#4129,#4130));
#1017=EDGE_LOOP('',(#4131,#4132,#4133,#4134));
#1018=EDGE_LOOP('',(#4135,#4136,#4137,#4138));
#1019=EDGE_LOOP('',(#4139,#4140,#4141,#4142));
#1020=EDGE_LOOP('',(#4143,#4144,#4145,#4146));
#1021=EDGE_LOOP('',(#4147,#4148,#4149,#4150));
#1022=EDGE_LOOP('',(#4151,#4152,#4153,#4154,#4155));
#1023=EDGE_LOOP('',(#4156,#4157,#4158,#4159,#4160));
#1024=EDGE_LOOP('',(#4161,#4162,#4163,#4164,#4165,#4166,#4167,#4168,#4169));
#1025=EDGE_LOOP('',(#4170,#4171,#4172,#4173));
#1026=EDGE_LOOP('',(#4174,#4175,#4176,#4177));
#1027=EDGE_LOOP('',(#4178,#4179,#4180,#4181));
#1028=EDGE_LOOP('',(#4182,#4183,#4184,#4185));
#1029=EDGE_LOOP('',(#4186,#4187,#4188,#4189));
#1030=EDGE_LOOP('',(#4190,#4191,#4192,#4193));
#1031=EDGE_LOOP('',(#4194,#4195,#4196,#4197));
#1032=EDGE_LOOP('',(#4198,#4199,#4200,#4201));
#1033=EDGE_LOOP('',(#4202,#4203,#4204,#4205));
#1034=EDGE_LOOP('',(#4206,#4207,#4208,#4209,#4210,#4211,#4212,#4213,#4214,
#4215,#4216,#4217,#4218,#4219,#4220,#4221,#4222,#4223,#4224,#4225,#4226,
#4227));
#1035=EDGE_LOOP('',(#4228,#4229,#4230,#4231));
#1036=EDGE_LOOP('',(#4232,#4233,#4234,#4235));
#1037=EDGE_LOOP('',(#4236,#4237,#4238,#4239));
#1038=EDGE_LOOP('',(#4240,#4241,#4242,#4243));
#1039=EDGE_LOOP('',(#4244,#4245,#4246,#4247));
#1040=EDGE_LOOP('',(#4248,#4249,#4250,#4251));
#1041=EDGE_LOOP('',(#4252,#4253,#4254,#4255));
#1042=EDGE_LOOP('',(#4256,#4257,#4258,#4259));
#1043=EDGE_LOOP('',(#4260,#4261,#4262,#4263));
#1044=EDGE_LOOP('',(#4264,#4265,#4266,#4267));
#1045=EDGE_LOOP('',(#4268,#4269,#4270,#4271));
#1046=EDGE_LOOP('',(#4272,#4273,#4274,#4275));
#1047=EDGE_LOOP('',(#4276,#4277,#4278,#4279));
#1048=EDGE_LOOP('',(#4280,#4281,#4282,#4283));
#1049=EDGE_LOOP('',(#4284,#4285,#4286,#4287));
#1050=EDGE_LOOP('',(#4288,#4289,#4290,#4291));
#1051=EDGE_LOOP('',(#4292,#4293,#4294,#4295));
#1052=EDGE_LOOP('',(#4296,#4297,#4298,#4299));
#1053=EDGE_LOOP('',(#4300,#4301,#4302,#4303));
#1054=EDGE_LOOP('',(#4304,#4305,#4306,#4307));
#1055=EDGE_LOOP('',(#4308,#4309,#4310,#4311));
#1056=EDGE_LOOP('',(#4312,#4313,#4314,#4315));
#1057=EDGE_LOOP('',(#4316,#4317,#4318,#4319,#4320,#4321));
#1058=EDGE_LOOP('',(#4322,#4323,#4324,#4325));
#1059=EDGE_LOOP('',(#4326,#4327,#4328,#4329));
#1060=EDGE_LOOP('',(#4330,#4331,#4332,#4333));
#1061=EDGE_LOOP('',(#4334,#4335,#4336,#4337));
#1062=EDGE_LOOP('',(#4338,#4339,#4340,#4341));
#1063=EDGE_LOOP('',(#4342,#4343,#4344,#4345));
#1064=EDGE_LOOP('',(#4346,#4347,#4348,#4349,#4350,#4351,#4352,#4353,#4354,
#4355,#4356,#4357,#4358,#4359,#4360,#4361,#4362,#4363,#4364));
#1065=EDGE_LOOP('',(#4365,#4366,#4367,#4368,#4369,#4370,#4371,#4372,#4373));
#1066=EDGE_LOOP('',(#4374,#4375,#4376,#4377));
#1067=EDGE_LOOP('',(#4378,#4379,#4380,#4381));
#1068=EDGE_LOOP('',(#4382,#4383,#4384,#4385));
#1069=EDGE_LOOP('',(#4386,#4387,#4388,#4389));
#1070=EDGE_LOOP('',(#4390,#4391,#4392,#4393));
#1071=EDGE_LOOP('',(#4394,#4395,#4396,#4397));
#1072=EDGE_LOOP('',(#4398,#4399,#4400,#4401));
#1073=EDGE_LOOP('',(#4402,#4403,#4404,#4405));
#1074=EDGE_LOOP('',(#4406,#4407,#4408,#4409));
#1075=EDGE_LOOP('',(#4410,#4411,#4412,#4413));
#1076=EDGE_LOOP('',(#4414,#4415,#4416,#4417));
#1077=EDGE_LOOP('',(#4418,#4419,#4420,#4421));
#1078=EDGE_LOOP('',(#4422,#4423,#4424,#4425));
#1079=EDGE_LOOP('',(#4426,#4427,#4428,#4429));
#1080=EDGE_LOOP('',(#4430,#4431,#4432,#4433));
#1081=EDGE_LOOP('',(#4434,#4435,#4436,#4437));
#1082=EDGE_LOOP('',(#4438,#4439,#4440,#4441));
#1083=EDGE_LOOP('',(#4442,#4443,#4444,#4445));
#1084=EDGE_LOOP('',(#4446,#4447,#4448,#4449));
#1085=EDGE_LOOP('',(#4450,#4451,#4452,#4453));
#1086=EDGE_LOOP('',(#4454,#4455,#4456,#4457));
#1087=EDGE_LOOP('',(#4458,#4459,#4460,#4461));
#1088=EDGE_LOOP('',(#4462,#4463,#4464,#4465));
#1089=EDGE_LOOP('',(#4466,#4467,#4468,#4469));
#1090=EDGE_LOOP('',(#4470,#4471,#4472,#4473));
#1091=EDGE_LOOP('',(#4474,#4475,#4476,#4477));
#1092=EDGE_LOOP('',(#4478,#4479,#4480,#4481));
#1093=EDGE_LOOP('',(#4482,#4483,#4484,#4485));
#1094=EDGE_LOOP('',(#4486,#4487,#4488,#4489,#4490));
#1095=EDGE_LOOP('',(#4491,#4492,#4493,#4494));
#1096=EDGE_LOOP('',(#4495,#4496,#4497,#4498,#4499,#4500,#4501,#4502,#4503));
#1097=EDGE_LOOP('',(#4504));
#1098=EDGE_LOOP('',(#4505));
#1099=EDGE_LOOP('',(#4506));
#1100=EDGE_LOOP('',(#4507));
#1101=EDGE_LOOP('',(#4508,#4509,#4510,#4511));
#1102=EDGE_LOOP('',(#4512,#4513,#4514,#4515));
#1103=EDGE_LOOP('',(#4516));
#1104=EDGE_LOOP('',(#4517));
#1105=EDGE_LOOP('',(#4518));
#1106=EDGE_LOOP('',(#4519));
#1107=EDGE_LOOP('',(#4520,#4521,#4522,#4523));
#1108=EDGE_LOOP('',(#4524,#4525,#4526,#4527));
#1109=EDGE_LOOP('',(#4528));
#1110=EDGE_LOOP('',(#4529));
#1111=EDGE_LOOP('',(#4530));
#1112=EDGE_LOOP('',(#4531));
#1113=EDGE_LOOP('',(#4532,#4533,#4534,#4535));
#1114=EDGE_LOOP('',(#4536,#4537,#4538,#4539));
#1115=EDGE_LOOP('',(#4540));
#1116=EDGE_LOOP('',(#4541));
#1117=EDGE_LOOP('',(#4542));
#1118=EDGE_LOOP('',(#4543));
#1119=EDGE_LOOP('',(#4544,#4545,#4546,#4547));
#1120=EDGE_LOOP('',(#4548,#4549,#4550,#4551));
#1121=EDGE_LOOP('',(#4552));
#1122=EDGE_LOOP('',(#4553));
#1123=EDGE_LOOP('',(#4554));
#1124=EDGE_LOOP('',(#4555));
#1125=LINE('',#6062,#1494);
#1126=LINE('',#6069,#1495);
#1127=LINE('',#6076,#1496);
#1128=LINE('',#6085,#1497);
#1129=LINE('',#6089,#1498);
#1130=LINE('',#6093,#1499);
#1131=LINE('',#6097,#1500);
#1132=LINE('',#6101,#1501);
#1133=LINE('',#6104,#1502);
#1134=LINE('',#6109,#1503);
#1135=LINE('',#6110,#1504);
#1136=LINE('',#6113,#1505);
#1137=LINE('',#6114,#1506);
#1138=LINE('',#6118,#1507);
#1139=LINE('',#6121,#1508);
#1140=LINE('',#6122,#1509);
#1141=LINE('',#6126,#1510);
#1142=LINE('',#6129,#1511);
#1143=LINE('',#6130,#1512);
#1144=LINE('',#6134,#1513);
#1145=LINE('',#6137,#1514);
#1146=LINE('',#6138,#1515);
#1147=LINE('',#6142,#1516);
#1148=LINE('',#6145,#1517);
#1149=LINE('',#6146,#1518);
#1150=LINE('',#6150,#1519);
#1151=LINE('',#6152,#1520);
#1152=LINE('',#6158,#1521);
#1153=LINE('',#6189,#1522);
#1154=LINE('',#6238,#1523);
#1155=LINE('',#6241,#1524);
#1156=LINE('',#6244,#1525);
#1157=LINE('',#6276,#1526);
#1158=LINE('',#6282,#1527);
#1159=LINE('',#6283,#1528);
#1160=LINE('',#6286,#1529);
#1161=LINE('',#6287,#1530);
#1162=LINE('',#6314,#1531);
#1163=LINE('',#6341,#1532);
#1164=LINE('',#6368,#1533);
#1165=LINE('',#6395,#1534);
#1166=LINE('',#6417,#1535);
#1167=LINE('',#6420,#1536);
#1168=LINE('',#6421,#1537);
#1169=LINE('',#6443,#1538);
#1170=LINE('',#6470,#1539);
#1171=LINE('',#6497,#1540);
#1172=LINE('',#6524,#1541);
#1173=LINE('',#6551,#1542);
#1174=LINE('',#6578,#1543);
#1175=LINE('',#6605,#1544);
#1176=LINE('',#6632,#1545);
#1177=LINE('',#6635,#1546);
#1178=LINE('',#6636,#1547);
#1179=LINE('',#6640,#1548);
#1180=LINE('',#6642,#1549);
#1181=LINE('',#6646,#1550);
#1182=LINE('',#6647,#1551);
#1183=LINE('',#6648,#1552);
#1184=LINE('',#6675,#1553);
#1185=LINE('',#6702,#1554);
#1186=LINE('',#6729,#1555);
#1187=LINE('',#6756,#1556);
#1188=LINE('',#6783,#1557);
#1189=LINE('',#6786,#1558);
#1190=LINE('',#6787,#1559);
#1191=LINE('',#6799,#1560);
#1192=LINE('',#6823,#1561);
#1193=LINE('',#6829,#1562);
#1194=LINE('',#6852,#1563);
#1195=LINE('',#6853,#1564);
#1196=LINE('',#6856,#1565);
#1197=LINE('',#6857,#1566);
#1198=LINE('',#6879,#1567);
#1199=LINE('',#6906,#1568);
#1200=LINE('',#6933,#1569);
#1201=LINE('',#6955,#1570);
#1202=LINE('',#6958,#1571);
#1203=LINE('',#6959,#1572);
#1204=LINE('',#6981,#1573);
#1205=LINE('',#6983,#1574);
#1206=LINE('',#6989,#1575);
#1207=LINE('',#6992,#1576);
#1208=LINE('',#6997,#1577);
#1209=LINE('',#6998,#1578);
#1210=LINE('',#7001,#1579);
#1211=LINE('',#7002,#1580);
#1212=LINE('',#7006,#1581);
#1213=LINE('',#7008,#1582);
#1214=LINE('',#7017,#1583);
#1215=LINE('',#7024,#1584);
#1216=LINE('',#7031,#1585);
#1217=LINE('',#7037,#1586);
#1218=LINE('',#7057,#1587);
#1219=LINE('',#7089,#1588);
#1220=LINE('',#7090,#1589);
#1221=LINE('',#7117,#1590);
#1222=LINE('',#7139,#1591);
#1223=LINE('',#7142,#1592);
#1224=LINE('',#7143,#1593);
#1225=LINE('',#7186,#1594);
#1226=LINE('',#7187,#1595);
#1227=LINE('',#7190,#1596);
#1228=LINE('',#7191,#1597);
#1229=LINE('',#7213,#1598);
#1230=LINE('',#7216,#1599);
#1231=LINE('',#7217,#1600);
#1232=LINE('',#7239,#1601);
#1233=LINE('',#7242,#1602);
#1234=LINE('',#7243,#1603);
#1235=LINE('',#7265,#1604);
#1236=LINE('',#7267,#1605);
#1237=LINE('',#7272,#1606);
#1238=LINE('',#7276,#1607);
#1239=LINE('',#7288,#1608);
#1240=LINE('',#7295,#1609);
#1241=LINE('',#7302,#1610);
#1242=LINE('',#7309,#1611);
#1243=LINE('',#7316,#1612);
#1244=LINE('',#7323,#1613);
#1245=LINE('',#7330,#1614);
#1246=LINE('',#7334,#1615);
#1247=LINE('',#7439,#1616);
#1248=LINE('',#7443,#1617);
#1249=LINE('',#7482,#1618);
#1250=LINE('',#7486,#1619);
#1251=LINE('',#7489,#1620);
#1252=LINE('',#7607,#1621);
#1253=LINE('',#7611,#1622);
#1254=LINE('',#7620,#1623);
#1255=LINE('',#7624,#1624);
#1256=LINE('',#7633,#1625);
#1257=LINE('',#7637,#1626);
#1258=LINE('',#7640,#1627);
#1259=LINE('',#7645,#1628);
#1260=LINE('',#7649,#1629);
#1261=LINE('',#7658,#1630);
#1262=LINE('',#7670,#1631);
#1263=LINE('',#7684,#1632);
#1264=LINE('',#7687,#1633);
#1265=LINE('',#7692,#1634);
#1266=LINE('',#7696,#1635);
#1267=LINE('',#7699,#1636);
#1268=LINE('',#7707,#1637);
#1269=LINE('',#7714,#1638);
#1270=LINE('',#7721,#1639);
#1271=LINE('',#7727,#1640);
#1272=LINE('',#7732,#1641);
#1273=LINE('',#7735,#1642);
#1274=LINE('',#7740,#1643);
#1275=LINE('',#7744,#1644);
#1276=LINE('',#7748,#1645);
#1277=LINE('',#7752,#1646);
#1278=LINE('',#7756,#1647);
#1279=LINE('',#7759,#1648);
#1280=LINE('',#7765,#1649);
#1281=LINE('',#7769,#1650);
#1282=LINE('',#7773,#1651);
#1283=LINE('',#7777,#1652);
#1284=LINE('',#7781,#1653);
#1285=LINE('',#7784,#1654);
#1286=LINE('',#7786,#1655);
#1287=LINE('',#7787,#1656);
#1288=LINE('',#7789,#1657);
#1289=LINE('',#7791,#1658);
#1290=LINE('',#7793,#1659);
#1291=LINE('',#7795,#1660);
#1292=LINE('',#7797,#1661);
#1293=LINE('',#7799,#1662);
#1294=LINE('',#7801,#1663);
#1295=LINE('',#7803,#1664);
#1296=LINE('',#7805,#1665);
#1297=LINE('',#7807,#1666);
#1298=LINE('',#7814,#1667);
#1299=LINE('',#7817,#1668);
#1300=LINE('',#7819,#1669);
#1301=LINE('',#7820,#1670);
#1302=LINE('',#7822,#1671);
#1303=LINE('',#7824,#1672);
#1304=LINE('',#7834,#1673);
#1305=LINE('',#7841,#1674);
#1306=LINE('',#7848,#1675);
#1307=LINE('',#7854,#1676);
#1308=LINE('',#7874,#1677);
#1309=LINE('',#7895,#1678);
#1310=LINE('',#7896,#1679);
#1311=LINE('',#7898,#1680);
#1312=LINE('',#7915,#1681);
#1313=LINE('',#7917,#1682);
#1314=LINE('',#7934,#1683);
#1315=LINE('',#7936,#1684);
#1316=LINE('',#7953,#1685);
#1317=LINE('',#7982,#1686);
#1318=LINE('',#7983,#1687);
#1319=LINE('',#8010,#1688);
#1320=LINE('',#8032,#1689);
#1321=LINE('',#8035,#1690);
#1322=LINE('',#8036,#1691);
#1323=LINE('',#8063,#1692);
#1324=LINE('',#8067,#1693);
#1325=LINE('',#8070,#1694);
#1326=LINE('',#8072,#1695);
#1327=LINE('',#8073,#1696);
#1328=LINE('',#8075,#1697);
#1329=LINE('',#8077,#1698);
#1330=LINE('',#8079,#1699);
#1331=LINE('',#8081,#1700);
#1332=LINE('',#8088,#1701);
#1333=LINE('',#8091,#1702);
#1334=LINE('',#8093,#1703);
#1335=LINE('',#8094,#1704);
#1336=LINE('',#8096,#1705);
#1337=LINE('',#8098,#1706);
#1338=LINE('',#8115,#1707);
#1339=LINE('',#8127,#1708);
#1340=LINE('',#8136,#1709);
#1341=LINE('',#8139,#1710);
#1342=LINE('',#8141,#1711);
#1343=LINE('',#8142,#1712);
#1344=LINE('',#8159,#1713);
#1345=LINE('',#8176,#1714);
#1346=LINE('',#8178,#1715);
#1347=LINE('',#8195,#1716);
#1348=LINE('',#8212,#1717);
#1349=LINE('',#8214,#1718);
#1350=LINE('',#8231,#1719);
#1351=LINE('',#8233,#1720);
#1352=LINE('',#8235,#1721);
#1353=LINE('',#8237,#1722);
#1354=LINE('',#8244,#1723);
#1355=LINE('',#8248,#1724);
#1356=LINE('',#8251,#1725);
#1357=LINE('',#8253,#1726);
#1358=LINE('',#8254,#1727);
#1359=LINE('',#8256,#1728);
#1360=LINE('',#8258,#1729);
#1361=LINE('',#8260,#1730);
#1362=LINE('',#8262,#1731);
#1363=LINE('',#8274,#1732);
#1364=LINE('',#8278,#1733);
#1365=LINE('',#8287,#1734);
#1366=LINE('',#8290,#1735);
#1367=LINE('',#8292,#1736);
#1368=LINE('',#8293,#1737);
#1369=LINE('',#8310,#1738);
#1370=LINE('',#8312,#1739);
#1371=LINE('',#8314,#1740);
#1372=LINE('',#8316,#1741);
#1373=LINE('',#8318,#1742);
#1374=LINE('',#8335,#1743);
#1375=LINE('',#8337,#1744);
#1376=LINE('',#8339,#1745);
#1377=LINE('',#8344,#1746);
#1378=LINE('',#8351,#1747);
#1379=LINE('',#8358,#1748);
#1380=LINE('',#8365,#1749);
#1381=LINE('',#8372,#1750);
#1382=LINE('',#8379,#1751);
#1383=LINE('',#8386,#1752);
#1384=LINE('',#8415,#1753);
#1385=LINE('',#8439,#1754);
#1386=LINE('',#8471,#1755);
#1387=LINE('',#8472,#1756);
#1388=LINE('',#8499,#1757);
#1389=LINE('',#8521,#1758);
#1390=LINE('',#8524,#1759);
#1391=LINE('',#8525,#1760);
#1392=LINE('',#8547,#1761);
#1393=LINE('',#8548,#1762);
#1394=LINE('',#8565,#1763);
#1395=LINE('',#8567,#1764);
#1396=LINE('',#8584,#1765);
#1397=LINE('',#8586,#1766);
#1398=LINE('',#8603,#1767);
#1399=LINE('',#8605,#1768);
#1400=LINE('',#8622,#1769);
#1401=LINE('',#8624,#1770);
#1402=LINE('',#8641,#1771);
#1403=LINE('',#8643,#1772);
#1404=LINE('',#8660,#1773);
#1405=LINE('',#8662,#1774);
#1406=LINE('',#8679,#1775);
#1407=LINE('',#8723,#1776);
#1408=LINE('',#8724,#1777);
#1409=LINE('',#8751,#1778);
#1410=LINE('',#8773,#1779);
#1411=LINE('',#8776,#1780);
#1412=LINE('',#8777,#1781);
#1413=LINE('',#8803,#1782);
#1414=LINE('',#8833,#1783);
#1415=LINE('',#8836,#1784);
#1416=LINE('',#8837,#1785);
#1417=LINE('',#8858,#1786);
#1418=LINE('',#8879,#1787);
#1419=LINE('',#8881,#1788);
#1420=LINE('',#8902,#1789);
#1421=LINE('',#8923,#1790);
#1422=LINE('',#8925,#1791);
#1423=LINE('',#8927,#1792);
#1424=LINE('',#8973,#1793);
#1425=LINE('',#8977,#1794);
#1426=LINE('',#9066,#1795);
#1427=LINE('',#9067,#1796);
#1428=LINE('',#9088,#1797);
#1429=LINE('',#9109,#1798);
#1430=LINE('',#9130,#1799);
#1431=LINE('',#9151,#1800);
#1432=LINE('',#9172,#1801);
#1433=LINE('',#9189,#1802);
#1434=LINE('',#9191,#1803);
#1435=LINE('',#9193,#1804);
#1436=LINE('',#9195,#1805);
#1437=LINE('',#9212,#1806);
#1438=LINE('',#9229,#1807);
#1439=LINE('',#9250,#1808);
#1440=LINE('',#9271,#1809);
#1441=LINE('',#9292,#1810);
#1442=LINE('',#9313,#1811);
#1443=LINE('',#9334,#1812);
#1444=LINE('',#9355,#1813);
#1445=LINE('',#9376,#1814);
#1446=LINE('',#9397,#1815);
#1447=LINE('',#9414,#1816);
#1448=LINE('',#9440,#1817);
#1449=LINE('',#9444,#1818);
#1450=LINE('',#9447,#1819);
#1451=LINE('',#9449,#1820);
#1452=LINE('',#9450,#1821);
#1453=LINE('',#9452,#1822);
#1454=LINE('',#9454,#1823);
#1455=LINE('',#9456,#1824);
#1456=LINE('',#9458,#1825);
#1457=LINE('',#9655,#1826);
#1458=LINE('',#9656,#1827);
#1459=LINE('',#9683,#1828);
#1460=LINE('',#9710,#1829);
#1461=LINE('',#9737,#1830);
#1462=LINE('',#9764,#1831);
#1463=LINE('',#9791,#1832);
#1464=LINE('',#9818,#1833);
#1465=LINE('',#9845,#1834);
#1466=LINE('',#9891,#1835);
#1467=LINE('',#9892,#1836);
#1468=LINE('',#9913,#1837);
#1469=LINE('',#9934,#1838);
#1470=LINE('',#9955,#1839);
#1471=LINE('',#9976,#1840);
#1472=LINE('',#9997,#1841);
#1473=LINE('',#10018,#1842);
#1474=LINE('',#10039,#1843);
#1475=LINE('',#10060,#1844);
#1476=LINE('',#10081,#1845);
#1477=LINE('',#10102,#1846);
#1478=LINE('',#10123,#1847);
#1479=LINE('',#10144,#1848);
#1480=LINE('',#10165,#1849);
#1481=LINE('',#10186,#1850);
#1482=LINE('',#10207,#1851);
#1483=LINE('',#10228,#1852);
#1484=LINE('',#10245,#1853);
#1485=LINE('',#10271,#1854);
#1486=LINE('',#10280,#1855);
#1487=LINE('',#10286,#1856);
#1488=LINE('',#10294,#1857);
#1489=LINE('',#10300,#1858);
#1490=LINE('',#10308,#1859);
#1491=LINE('',#10314,#1860);
#1492=LINE('',#10322,#1861);
#1493=LINE('',#10328,#1862);
#1494=VECTOR('',#5158,4.3);
#1495=VECTOR('',#5167,2.6);
#1496=VECTOR('',#5176,7.);
#1497=VECTOR('',#5187,10.);
#1498=VECTOR('',#5190,10.);
#1499=VECTOR('',#5193,10.);
#1500=VECTOR('',#5196,10.);
#1501=VECTOR('',#5199,10.);
#1502=VECTOR('',#5202,10.);
#1503=VECTOR('',#5207,10.);
#1504=VECTOR('',#5208,10.);
#1505=VECTOR('',#5211,10.);
#1506=VECTOR('',#5212,10.);
#1507=VECTOR('',#5217,10.);
#1508=VECTOR('',#5220,10.);
#1509=VECTOR('',#5221,10.);
#1510=VECTOR('',#5226,10.);
#1511=VECTOR('',#5229,10.);
#1512=VECTOR('',#5230,10.);
#1513=VECTOR('',#5235,10.);
#1514=VECTOR('',#5238,10.);
#1515=VECTOR('',#5239,10.);
#1516=VECTOR('',#5244,10.);
#1517=VECTOR('',#5247,10.);
#1518=VECTOR('',#5248,10.);
#1519=VECTOR('',#5253,10.);
#1520=VECTOR('',#5256,10.);
#1521=VECTOR('',#5261,10.);
#1522=VECTOR('',#5262,10.);
#1523=VECTOR('',#5263,10.);
#1524=VECTOR('',#5266,10.);
#1525=VECTOR('',#5267,10.);
#1526=VECTOR('',#5268,10.);
#1527=VECTOR('',#5275,10.);
#1528=VECTOR('',#5276,10.);
#1529=VECTOR('',#5279,10.);
#1530=VECTOR('',#5280,10.);
#1531=VECTOR('',#5281,10.);
#1532=VECTOR('',#5282,10.);
#1533=VECTOR('',#5283,10.);
#1534=VECTOR('',#5284,10.);
#1535=VECTOR('',#5285,10.);
#1536=VECTOR('',#5288,10.);
#1537=VECTOR('',#5289,10.);
#1538=VECTOR('',#5290,10.);
#1539=VECTOR('',#5291,10.);
#1540=VECTOR('',#5292,10.);
#1541=VECTOR('',#5293,10.);
#1542=VECTOR('',#5294,10.);
#1543=VECTOR('',#5295,10.);
#1544=VECTOR('',#5296,10.);
#1545=VECTOR('',#5297,10.);
#1546=VECTOR('',#5300,10.);
#1547=VECTOR('',#5301,10.);
#1548=VECTOR('',#5306,10.);
#1549=VECTOR('',#5309,10.);
#1550=VECTOR('',#5312,10.);
#1551=VECTOR('',#5313,10.);
#1552=VECTOR('',#5314,10.);
#1553=VECTOR('',#5315,10.);
#1554=VECTOR('',#5316,10.);
#1555=VECTOR('',#5317,10.);
#1556=VECTOR('',#5318,10.);
#1557=VECTOR('',#5319,10.);
#1558=VECTOR('',#5322,10.);
#1559=VECTOR('',#5323,10.);
#1560=VECTOR('',#5332,10.);
#1561=VECTOR('',#5333,10.);
#1562=VECTOR('',#5334,10.);
#1563=VECTOR('',#5335,10.);
#1564=VECTOR('',#5336,10.);
#1565=VECTOR('',#5339,10.);
#1566=VECTOR('',#5340,10.);
#1567=VECTOR('',#5341,10.);
#1568=VECTOR('',#5342,10.);
#1569=VECTOR('',#5343,10.);
#1570=VECTOR('',#5344,10.);
#1571=VECTOR('',#5347,10.);
#1572=VECTOR('',#5348,10.);
#1573=VECTOR('',#5349,10.);
#1574=VECTOR('',#5352,10.);
#1575=VECTOR('',#5357,10.);
#1576=VECTOR('',#5360,10.);
#1577=VECTOR('',#5365,10.);
#1578=VECTOR('',#5366,10.);
#1579=VECTOR('',#5369,10.);
#1580=VECTOR('',#5370,10.);
#1581=VECTOR('',#5375,10.);
#1582=VECTOR('',#5378,10.);
#1583=VECTOR('',#5381,10.);
#1584=VECTOR('',#5382,10.);
#1585=VECTOR('',#5383,10.);
#1586=VECTOR('',#5384,10.);
#1587=VECTOR('',#5385,10.);
#1588=VECTOR('',#5386,10.);
#1589=VECTOR('',#5387,10.);
#1590=VECTOR('',#5388,10.);
#1591=VECTOR('',#5389,10.);
#1592=VECTOR('',#5392,10.);
#1593=VECTOR('',#5393,10.);
#1594=VECTOR('',#5394,10.);
#1595=VECTOR('',#5395,10.);
#1596=VECTOR('',#5398,10.);
#1597=VECTOR('',#5399,10.);
#1598=VECTOR('',#5400,10.);
#1599=VECTOR('',#5403,10.);
#1600=VECTOR('',#5404,10.);
#1601=VECTOR('',#5405,10.);
#1602=VECTOR('',#5408,10.);
#1603=VECTOR('',#5409,10.);
#1604=VECTOR('',#5410,10.);
#1605=VECTOR('',#5413,10.);
#1606=VECTOR('',#5418,7.05);
#1607=VECTOR('',#5421,10.);
#1608=VECTOR('',#5422,10.);
#1609=VECTOR('',#5423,10.);
#1610=VECTOR('',#5424,10.);
#1611=VECTOR('',#5425,10.);
#1612=VECTOR('',#5426,10.);
#1613=VECTOR('',#5427,10.);
#1614=VECTOR('',#5428,10.);
#1615=VECTOR('',#5431,10.);
#1616=VECTOR('',#5436,10.);
#1617=VECTOR('',#5439,10.);
#1618=VECTOR('',#5442,10.);
#1619=VECTOR('',#5445,10.);
#1620=VECTOR('',#5448,10.);
#1621=VECTOR('',#5451,10.);
#1622=VECTOR('',#5454,10.);
#1623=VECTOR('',#5457,10.);
#1624=VECTOR('',#5460,10.);
#1625=VECTOR('',#5463,10.);
#1626=VECTOR('',#5466,10.);
#1627=VECTOR('',#5469,10.);
#1628=VECTOR('',#5472,10.);
#1629=VECTOR('',#5475,10.);
#1630=VECTOR('',#5478,10.);
#1631=VECTOR('',#5479,10.);
#1632=VECTOR('',#5482,10.);
#1633=VECTOR('',#5485,10.);
#1634=VECTOR('',#5488,10.);
#1635=VECTOR('',#5491,10.);
#1636=VECTOR('',#5494,10.);
#1637=VECTOR('',#5495,10.);
#1638=VECTOR('',#5496,10.);
#1639=VECTOR('',#5497,10.);
#1640=VECTOR('',#5498,10.);
#1641=VECTOR('',#5501,10.);
#1642=VECTOR('',#5504,10.);
#1643=VECTOR('',#5507,10.);
#1644=VECTOR('',#5510,10.);
#1645=VECTOR('',#5513,10.);
#1646=VECTOR('',#5516,10.);
#1647=VECTOR('',#5519,10.);
#1648=VECTOR('',#5522,10.);
#1649=VECTOR('',#5527,10.);
#1650=VECTOR('',#5530,10.);
#1651=VECTOR('',#5533,10.);
#1652=VECTOR('',#5536,10.);
#1653=VECTOR('',#5539,10.);
#1654=VECTOR('',#5542,10.);
#1655=VECTOR('',#5545,10.);
#1656=VECTOR('',#5546,10.);
#1657=VECTOR('',#5549,10.);
#1658=VECTOR('',#5552,10.);
#1659=VECTOR('',#5555,10.);
#1660=VECTOR('',#5558,10.);
#1661=VECTOR('',#5561,10.);
#1662=VECTOR('',#5564,10.);
#1663=VECTOR('',#5567,10.);
#1664=VECTOR('',#5570,10.);
#1665=VECTOR('',#5573,10.);
#1666=VECTOR('',#5576,10.);
#1667=VECTOR('',#5583,10.);
#1668=VECTOR('',#5586,10.);
#1669=VECTOR('',#5589,10.);
#1670=VECTOR('',#5590,10.);
#1671=VECTOR('',#5593,10.);
#1672=VECTOR('',#5596,10.);
#1673=VECTOR('',#5601,10.);
#1674=VECTOR('',#5602,10.);
#1675=VECTOR('',#5603,10.);
#1676=VECTOR('',#5604,10.);
#1677=VECTOR('',#5605,10.);
#1678=VECTOR('',#5606,10.);
#1679=VECTOR('',#5607,10.);
#1680=VECTOR('',#5610,10.);
#1681=VECTOR('',#5611,10.);
#1682=VECTOR('',#5614,10.);
#1683=VECTOR('',#5615,10.);
#1684=VECTOR('',#5618,10.);
#1685=VECTOR('',#5619,10.);
#1686=VECTOR('',#5622,10.);
#1687=VECTOR('',#5623,10.);
#1688=VECTOR('',#5624,10.);
#1689=VECTOR('',#5625,10.);
#1690=VECTOR('',#5628,10.);
#1691=VECTOR('',#5629,10.);
#1692=VECTOR('',#5636,10.);
#1693=VECTOR('',#5639,10.);
#1694=VECTOR('',#5642,10.);
#1695=VECTOR('',#5645,10.);
#1696=VECTOR('',#5646,10.);
#1697=VECTOR('',#5649,10.);
#1698=VECTOR('',#5652,10.);
#1699=VECTOR('',#5655,10.);
#1700=VECTOR('',#5658,10.);
#1701=VECTOR('',#5665,10.);
#1702=VECTOR('',#5668,10.);
#1703=VECTOR('',#5671,10.);
#1704=VECTOR('',#5672,10.);
#1705=VECTOR('',#5675,10.);
#1706=VECTOR('',#5678,10.);
#1707=VECTOR('',#5685,10.);
#1708=VECTOR('',#5686,10.);
#1709=VECTOR('',#5689,10.);
#1710=VECTOR('',#5692,10.);
#1711=VECTOR('',#5695,10.);
#1712=VECTOR('',#5696,10.);
#1713=VECTOR('',#5697,10.);
#1714=VECTOR('',#5698,10.);
#1715=VECTOR('',#5701,10.);
#1716=VECTOR('',#5702,10.);
#1717=VECTOR('',#5703,10.);
#1718=VECTOR('',#5706,10.);
#1719=VECTOR('',#5707,10.);
#1720=VECTOR('',#5710,10.);
#1721=VECTOR('',#5713,10.);
#1722=VECTOR('',#5716,10.);
#1723=VECTOR('',#5723,10.);
#1724=VECTOR('',#5726,10.);
#1725=VECTOR('',#5729,10.);
#1726=VECTOR('',#5732,10.);
#1727=VECTOR('',#5733,10.);
#1728=VECTOR('',#5736,10.);
#1729=VECTOR('',#5739,10.);
#1730=VECTOR('',#5742,10.);
#1731=VECTOR('',#5745,10.);
#1732=VECTOR('',#5752,10.);
#1733=VECTOR('',#5755,10.);
#1734=VECTOR('',#5758,10.);
#1735=VECTOR('',#5761,10.);
#1736=VECTOR('',#5764,10.);
#1737=VECTOR('',#5765,10.);
#1738=VECTOR('',#5766,10.);
#1739=VECTOR('',#5769,10.);
#1740=VECTOR('',#5772,10.);
#1741=VECTOR('',#5775,10.);
#1742=VECTOR('',#5778,10.);
#1743=VECTOR('',#5779,10.);
#1744=VECTOR('',#5782,10.);
#1745=VECTOR('',#5785,10.);
#1746=VECTOR('',#5790,10.);
#1747=VECTOR('',#5791,10.);
#1748=VECTOR('',#5792,10.);
#1749=VECTOR('',#5793,10.);
#1750=VECTOR('',#5794,10.);
#1751=VECTOR('',#5795,10.);
#1752=VECTOR('',#5796,10.);
#1753=VECTOR('',#5797,10.);
#1754=VECTOR('',#5798,10.);
#1755=VECTOR('',#5799,10.);
#1756=VECTOR('',#5800,10.);
#1757=VECTOR('',#5801,10.);
#1758=VECTOR('',#5802,10.);
#1759=VECTOR('',#5805,10.);
#1760=VECTOR('',#5806,10.);
#1761=VECTOR('',#5809,10.);
#1762=VECTOR('',#5810,10.);
#1763=VECTOR('',#5811,10.);
#1764=VECTOR('',#5814,10.);
#1765=VECTOR('',#5815,10.);
#1766=VECTOR('',#5818,10.);
#1767=VECTOR('',#5819,10.);
#1768=VECTOR('',#5822,10.);
#1769=VECTOR('',#5823,10.);
#1770=VECTOR('',#5826,10.);
#1771=VECTOR('',#5827,10.);
#1772=VECTOR('',#5830,10.);
#1773=VECTOR('',#5831,10.);
#1774=VECTOR('',#5834,10.);
#1775=VECTOR('',#5835,10.);
#1776=VECTOR('',#5836,10.);
#1777=VECTOR('',#5837,10.);
#1778=VECTOR('',#5838,10.);
#1779=VECTOR('',#5839,10.);
#1780=VECTOR('',#5842,10.);
#1781=VECTOR('',#5843,10.);
#1782=VECTOR('',#5850,10.);
#1783=VECTOR('',#5855,10.);
#1784=VECTOR('',#5860,10.);
#1785=VECTOR('',#5861,10.);
#1786=VECTOR('',#5862,10.);
#1787=VECTOR('',#5863,10.);
#1788=VECTOR('',#5866,10.);
#1789=VECTOR('',#5867,10.);
#1790=VECTOR('',#5868,10.);
#1791=VECTOR('',#5871,10.);
#1792=VECTOR('',#5874,10.);
#1793=VECTOR('',#5879,10.);
#1794=VECTOR('',#5882,10.);
#1795=VECTOR('',#5883,10.);
#1796=VECTOR('',#5884,10.);
#1797=VECTOR('',#5885,10.);
#1798=VECTOR('',#5886,10.);
#1799=VECTOR('',#5887,10.);
#1800=VECTOR('',#5888,10.);
#1801=VECTOR('',#5889,10.);
#1802=VECTOR('',#5890,10.);
#1803=VECTOR('',#5893,10.);
#1804=VECTOR('',#5896,10.);
#1805=VECTOR('',#5899,10.);
#1806=VECTOR('',#5900,10.);
#1807=VECTOR('',#5901,10.);
#1808=VECTOR('',#5902,10.);
#1809=VECTOR('',#5903,10.);
#1810=VECTOR('',#5904,10.);
#1811=VECTOR('',#5905,10.);
#1812=VECTOR('',#5906,10.);
#1813=VECTOR('',#5907,10.);
#1814=VECTOR('',#5908,10.);
#1815=VECTOR('',#5909,10.);
#1816=VECTOR('',#5910,10.);
#1817=VECTOR('',#5915,10.);
#1818=VECTOR('',#5918,10.);
#1819=VECTOR('',#5921,10.);
#1820=VECTOR('',#5924,10.);
#1821=VECTOR('',#5925,10.);
#1822=VECTOR('',#5928,10.);
#1823=VECTOR('',#5931,10.);
#1824=VECTOR('',#5934,10.);
#1825=VECTOR('',#5937,10.);
#1826=VECTOR('',#5942,10.);
#1827=VECTOR('',#5943,10.);
#1828=VECTOR('',#5944,10.);
#1829=VECTOR('',#5945,10.);
#1830=VECTOR('',#5946,10.);
#1831=VECTOR('',#5947,10.);
#1832=VECTOR('',#5948,10.);
#1833=VECTOR('',#5949,10.);
#1834=VECTOR('',#5950,10.);
#1835=VECTOR('',#5951,10.);
#1836=VECTOR('',#5952,10.);
#1837=VECTOR('',#5953,10.);
#1838=VECTOR('',#5954,10.);
#1839=VECTOR('',#5955,10.);
#1840=VECTOR('',#5956,10.);
#1841=VECTOR('',#5957,10.);
#1842=VECTOR('',#5958,10.);
#1843=VECTOR('',#5959,10.);
#1844=VECTOR('',#5960,10.);
#1845=VECTOR('',#5961,10.);
#1846=VECTOR('',#5962,10.);
#1847=VECTOR('',#5963,10.);
#1848=VECTOR('',#5964,10.);
#1849=VECTOR('',#5965,10.);
#1850=VECTOR('',#5966,10.);
#1851=VECTOR('',#5967,10.);
#1852=VECTOR('',#5968,10.);
#1853=VECTOR('',#5969,10.);
#1854=VECTOR('',#5976,7.);
#1855=VECTOR('',#5989,7.);
#1856=VECTOR('',#5996,7.05);
#1857=VECTOR('',#6007,7.);
#1858=VECTOR('',#6014,7.05);
#1859=VECTOR('',#6025,4.9);
#1860=VECTOR('',#6032,7.);
#1861=VECTOR('',#6043,4.9);
#1862=VECTOR('',#6050,7.);
#1863=CIRCLE('',#4886,4.3);
#1864=CIRCLE('',#4887,4.3);
#1865=CIRCLE('',#4890,2.6);
#1866=CIRCLE('',#4891,2.6);
#1867=CIRCLE('',#4894,7.);
#1868=CIRCLE('',#4895,7.);
#1869=CIRCLE('',#4899,7.06);
#1870=CIRCLE('',#4900,7.06);
#1871=CIRCLE('',#4901,7.06);
#1872=CIRCLE('',#4902,7.06);
#1873=CIRCLE('',#4903,7.06);
#1874=CIRCLE('',#4904,7.06);
#1875=CIRCLE('',#4906,7.05);
#1876=CIRCLE('',#4909,7.05);
#1877=CIRCLE('',#4912,7.05);
#1878=CIRCLE('',#4915,7.05);
#1879=CIRCLE('',#4918,7.05);
#1880=CIRCLE('',#4921,7.05);
#1881=CIRCLE('',#4924,7.06);
#1882=CIRCLE('',#4925,7.06);
#1883=CIRCLE('',#4926,7.06);
#1884=CIRCLE('',#4928,7.05);
#1885=CIRCLE('',#4933,7.05);
#1886=CIRCLE('',#4938,7.05);
#1887=CIRCLE('',#4945,7.06);
#1888=CIRCLE('',#4946,7.06);
#1889=CIRCLE('',#4948,7.05);
#1890=CIRCLE('',#4951,7.05);
#1891=CIRCLE('',#4960,7.05);
#1892=CIRCLE('',#4961,7.05);
#1893=CIRCLE('',#4962,7.05);
#1894=CIRCLE('',#4963,7.05);
#1895=CIRCLE('',#4964,7.05);
#1896=CIRCLE('',#4965,7.05);
#1897=CIRCLE('',#4966,7.05);
#1898=CIRCLE('',#4967,7.05);
#1899=CIRCLE('',#4968,7.05);
#1900=CIRCLE('',#4969,7.05);
#1901=CIRCLE('',#4970,7.05);
#1902=CIRCLE('',#4971,7.05);
#1903=CIRCLE('',#4972,7.05);
#1904=CIRCLE('',#4973,7.05);
#1905=CIRCLE('',#4974,7.05);
#1906=CIRCLE('',#4975,7.05);
#1907=CIRCLE('',#4976,7.05);
#1908=CIRCLE('',#4977,7.05);
#1909=CIRCLE('',#4978,7.05);
#1910=CIRCLE('',#4979,7.05);
#1911=CIRCLE('',#4980,7.05);
#1912=CIRCLE('',#4981,7.05);
#1913=CIRCLE('',#4982,7.05);
#1914=CIRCLE('',#4983,7.05);
#1915=CIRCLE('',#4984,7.05);
#1916=CIRCLE('',#4985,7.05);
#1917=CIRCLE('',#4986,7.05);
#1918=CIRCLE('',#4987,7.05);
#1919=CIRCLE('',#4988,7.05);
#1920=CIRCLE('',#4989,7.05);
#1921=CIRCLE('',#4990,7.05);
#1922=CIRCLE('',#4991,7.05);
#1923=CIRCLE('',#4993,7.06);
#1924=CIRCLE('',#4994,7.06);
#1925=CIRCLE('',#4995,7.06);
#1926=CIRCLE('',#4996,7.06);
#1927=CIRCLE('',#4997,7.06);
#1928=CIRCLE('',#4998,7.06);
#1929=CIRCLE('',#5012,7.06);
#1930=CIRCLE('',#5013,7.06);
#1931=CIRCLE('',#5026,7.06);
#1932=CIRCLE('',#5027,7.06);
#1933=CIRCLE('',#5028,7.06);
#1934=CIRCLE('',#5036,7.06);
#1935=CIRCLE('',#5037,7.06);
#1936=CIRCLE('',#5043,7.06);
#1937=CIRCLE('',#5044,7.06);
#1938=CIRCLE('',#5045,7.06);
#1939=CIRCLE('',#5054,7.06);
#1940=CIRCLE('',#5055,7.06);
#1941=CIRCLE('',#5056,7.06);
#1942=CIRCLE('',#5064,7.06);
#1943=CIRCLE('',#5065,7.06);
#1944=CIRCLE('',#5066,7.06);
#1945=CIRCLE('',#5067,7.06);
#1946=CIRCLE('',#5089,7.06);
#1947=CIRCLE('',#5090,7.06);
#1948=CIRCLE('',#5091,7.06);
#1949=CIRCLE('',#5098,7.06);
#1950=CIRCLE('',#5103,7.06);
#1951=CIRCLE('',#5104,7.06);
#1952=CIRCLE('',#5105,7.06);
#1953=CIRCLE('',#5115,7.);
#1954=CIRCLE('',#5116,7.);
#1955=CIRCLE('',#5121,7.);
#1956=CIRCLE('',#5122,7.);
#1957=CIRCLE('',#5124,7.05);
#1958=CIRCLE('',#5125,7.05);
#1959=CIRCLE('',#5129,7.);
#1960=CIRCLE('',#5130,7.);
#1961=CIRCLE('',#5132,7.05);
#1962=CIRCLE('',#5133,7.05);
#1963=CIRCLE('',#5137,4.9);
#1964=CIRCLE('',#5138,4.9);
#1965=CIRCLE('',#5140,7.);
#1966=CIRCLE('',#5141,7.);
#1967=CIRCLE('',#5145,4.9);
#1968=CIRCLE('',#5146,4.9);
#1969=CIRCLE('',#5148,7.);
#1970=CIRCLE('',#5149,7.);
#1971=VERTEX_POINT('',#6059);
#1972=VERTEX_POINT('',#6061);
#1973=VERTEX_POINT('',#6066);
#1974=VERTEX_POINT('',#6068);
#1975=VERTEX_POINT('',#6073);
#1976=VERTEX_POINT('',#6075);
#1977=VERTEX_POINT('',#6081);
#1978=VERTEX_POINT('',#6082);
#1979=VERTEX_POINT('',#6084);
#1980=VERTEX_POINT('',#6086);
#1981=VERTEX_POINT('',#6088);
#1982=VERTEX_POINT('',#6090);
#1983=VERTEX_POINT('',#6092);
#1984=VERTEX_POINT('',#6094);
#1985=VERTEX_POINT('',#6096);
#1986=VERTEX_POINT('',#6098);
#1987=VERTEX_POINT('',#6100);
#1988=VERTEX_POINT('',#6102);
#1989=VERTEX_POINT('',#6106);
#1990=VERTEX_POINT('',#6107);
#1991=VERTEX_POINT('',#6112);
#1992=VERTEX_POINT('',#6116);
#1993=VERTEX_POINT('',#6120);
#1994=VERTEX_POINT('',#6124);
#1995=VERTEX_POINT('',#6128);
#1996=VERTEX_POINT('',#6132);
#1997=VERTEX_POINT('',#6136);
#1998=VERTEX_POINT('',#6140);
#1999=VERTEX_POINT('',#6144);
#2000=VERTEX_POINT('',#6148);
#2001=VERTEX_POINT('',#6154);
#2002=VERTEX_POINT('',#6155);
#2003=VERTEX_POINT('',#6157);
#2004=VERTEX_POINT('',#6159);
#2005=VERTEX_POINT('',#6165);
#2006=VERTEX_POINT('',#6171);
#2007=VERTEX_POINT('',#6177);
#2008=VERTEX_POINT('',#6183);
#2009=VERTEX_POINT('',#6188);
#2010=VERTEX_POINT('',#6190);
#2011=VERTEX_POINT('',#6195);
#2012=VERTEX_POINT('',#6201);
#2013=VERTEX_POINT('',#6207);
#2014=VERTEX_POINT('',#6213);
#2015=VERTEX_POINT('',#6219);
#2016=VERTEX_POINT('',#6225);
#2017=VERTEX_POINT('',#6231);
#2018=VERTEX_POINT('',#6237);
#2019=VERTEX_POINT('',#6239);
#2020=VERTEX_POINT('',#6242);
#2021=VERTEX_POINT('',#6243);
#2022=VERTEX_POINT('',#6245);
#2023=VERTEX_POINT('',#6251);
#2024=VERTEX_POINT('',#6257);
#2025=VERTEX_POINT('',#6263);
#2026=VERTEX_POINT('',#6269);
#2027=VERTEX_POINT('',#6275);
#2028=VERTEX_POINT('',#6279);
#2029=VERTEX_POINT('',#6280);
#2030=VERTEX_POINT('',#6285);
#2031=VERTEX_POINT('',#6308);
#2032=VERTEX_POINT('',#6335);
#2033=VERTEX_POINT('',#6362);
#2034=VERTEX_POINT('',#6389);
#2035=VERTEX_POINT('',#6412);
#2036=VERTEX_POINT('',#6419);
#2037=VERTEX_POINT('',#6438);
#2038=VERTEX_POINT('',#6464);
#2039=VERTEX_POINT('',#6491);
#2040=VERTEX_POINT('',#6518);
#2041=VERTEX_POINT('',#6545);
#2042=VERTEX_POINT('',#6572);
#2043=VERTEX_POINT('',#6599);
#2044=VERTEX_POINT('',#6626);
#2045=VERTEX_POINT('',#6634);
#2046=VERTEX_POINT('',#6638);
#2047=VERTEX_POINT('',#6644);
#2048=VERTEX_POINT('',#6645);
#2049=VERTEX_POINT('',#6669);
#2050=VERTEX_POINT('',#6696);
#2051=VERTEX_POINT('',#6723);
#2052=VERTEX_POINT('',#6750);
#2053=VERTEX_POINT('',#6777);
#2054=VERTEX_POINT('',#6785);
#2055=VERTEX_POINT('',#6792);
#2056=VERTEX_POINT('',#6793);
#2057=VERTEX_POINT('',#6798);
#2058=VERTEX_POINT('',#6800);
#2059=VERTEX_POINT('',#6805);
#2060=VERTEX_POINT('',#6811);
#2061=VERTEX_POINT('',#6817);
#2062=VERTEX_POINT('',#6822);
#2063=VERTEX_POINT('',#6824);
#2064=VERTEX_POINT('',#6846);
#2065=VERTEX_POINT('',#6847);
#2066=VERTEX_POINT('',#6855);
#2067=VERTEX_POINT('',#6874);
#2068=VERTEX_POINT('',#6900);
#2069=VERTEX_POINT('',#6927);
#2070=VERTEX_POINT('',#6950);
#2071=VERTEX_POINT('',#6957);
#2072=VERTEX_POINT('',#6976);
#2073=VERTEX_POINT('',#6985);
#2074=VERTEX_POINT('',#6986);
#2075=VERTEX_POINT('',#6988);
#2076=VERTEX_POINT('',#6990);
#2077=VERTEX_POINT('',#6994);
#2078=VERTEX_POINT('',#6995);
#2079=VERTEX_POINT('',#7000);
#2080=VERTEX_POINT('',#7004);
#2081=VERTEX_POINT('',#7010);
#2082=VERTEX_POINT('',#7011);
#2083=VERTEX_POINT('',#7016);
#2084=VERTEX_POINT('',#7018);
#2085=VERTEX_POINT('',#7023);
#2086=VERTEX_POINT('',#7025);
#2087=VERTEX_POINT('',#7030);
#2088=VERTEX_POINT('',#7032);
#2089=VERTEX_POINT('',#7038);
#2090=VERTEX_POINT('',#7039);
#2091=VERTEX_POINT('',#7045);
#2092=VERTEX_POINT('',#7051);
#2093=VERTEX_POINT('',#7056);
#2094=VERTEX_POINT('',#7082);
#2095=VERTEX_POINT('',#7083);
#2096=VERTEX_POINT('',#7111);
#2097=VERTEX_POINT('',#7134);
#2098=VERTEX_POINT('',#7141);
#2099=VERTEX_POINT('',#7180);
#2100=VERTEX_POINT('',#7181);
#2101=VERTEX_POINT('',#7189);
#2102=VERTEX_POINT('',#7208);
#2103=VERTEX_POINT('',#7215);
#2104=VERTEX_POINT('',#7234);
#2105=VERTEX_POINT('',#7241);
#2106=VERTEX_POINT('',#7260);
#2107=VERTEX_POINT('',#7269);
#2108=VERTEX_POINT('',#7271);
#2109=VERTEX_POINT('',#7274);
#2110=VERTEX_POINT('',#7275);
#2111=VERTEX_POINT('',#7277);
#2112=VERTEX_POINT('',#7282);
#2113=VERTEX_POINT('',#7287);
#2114=VERTEX_POINT('',#7289);
#2115=VERTEX_POINT('',#7294);
#2116=VERTEX_POINT('',#7296);
#2117=VERTEX_POINT('',#7301);
#2118=VERTEX_POINT('',#7303);
#2119=VERTEX_POINT('',#7308);
#2120=VERTEX_POINT('',#7310);
#2121=VERTEX_POINT('',#7315);
#2122=VERTEX_POINT('',#7317);
#2123=VERTEX_POINT('',#7322);
#2124=VERTEX_POINT('',#7328);
#2125=VERTEX_POINT('',#7329);
#2126=VERTEX_POINT('',#7331);
#2127=VERTEX_POINT('',#7333);
#2128=VERTEX_POINT('',#7335);
#2129=VERTEX_POINT('',#7337);
#2130=VERTEX_POINT('',#7343);
#2131=VERTEX_POINT('',#7349);
#2132=VERTEX_POINT('',#7351);
#2133=VERTEX_POINT('',#7362);
#2134=VERTEX_POINT('',#7363);
#2135=VERTEX_POINT('',#7369);
#2136=VERTEX_POINT('',#7375);
#2137=VERTEX_POINT('',#7380);
#2138=VERTEX_POINT('',#7386);
#2139=VERTEX_POINT('',#7392);
#2140=VERTEX_POINT('',#7398);
#2141=VERTEX_POINT('',#7404);
#2142=VERTEX_POINT('',#7410);
#2143=VERTEX_POINT('',#7416);
#2144=VERTEX_POINT('',#7422);
#2145=VERTEX_POINT('',#7428);
#2146=VERTEX_POINT('',#7433);
#2147=VERTEX_POINT('',#7438);
#2148=VERTEX_POINT('',#7440);
#2149=VERTEX_POINT('',#7442);
#2150=VERTEX_POINT('',#7444);
#2151=VERTEX_POINT('',#7449);
#2152=VERTEX_POINT('',#7455);
#2153=VERTEX_POINT('',#7461);
#2154=VERTEX_POINT('',#7467);
#2155=VERTEX_POINT('',#7478);
#2156=VERTEX_POINT('',#7479);
#2157=VERTEX_POINT('',#7481);
#2158=VERTEX_POINT('',#7483);
#2159=VERTEX_POINT('',#7485);
#2160=VERTEX_POINT('',#7487);
#2161=VERTEX_POINT('',#7490);
#2162=VERTEX_POINT('',#7491);
#2163=VERTEX_POINT('',#7497);
#2164=VERTEX_POINT('',#7503);
#2165=VERTEX_POINT('',#7508);
#2166=VERTEX_POINT('',#7514);
#2167=VERTEX_POINT('',#7520);
#2168=VERTEX_POINT('',#7526);
#2169=VERTEX_POINT('',#7532);
#2170=VERTEX_POINT('',#7538);
#2171=VERTEX_POINT('',#7544);
#2172=VERTEX_POINT('',#7550);
#2173=VERTEX_POINT('',#7556);
#2174=VERTEX_POINT('',#7562);
#2175=VERTEX_POINT('',#7568);
#2176=VERTEX_POINT('',#7574);
#2177=VERTEX_POINT('',#7580);
#2178=VERTEX_POINT('',#7586);
#2179=VERTEX_POINT('',#7592);
#2180=VERTEX_POINT('',#7603);
#2181=VERTEX_POINT('',#7604);
#2182=VERTEX_POINT('',#7606);
#2183=VERTEX_POINT('',#7608);
#2184=VERTEX_POINT('',#7610);
#2185=VERTEX_POINT('',#7612);
#2186=VERTEX_POINT('',#7617);
#2187=VERTEX_POINT('',#7619);
#2188=VERTEX_POINT('',#7621);
#2189=VERTEX_POINT('',#7623);
#2190=VERTEX_POINT('',#7629);
#2191=VERTEX_POINT('',#7630);
#2192=VERTEX_POINT('',#7632);
#2193=VERTEX_POINT('',#7634);
#2194=VERTEX_POINT('',#7636);
#2195=VERTEX_POINT('',#7638);
#2196=VERTEX_POINT('',#7641);
#2197=VERTEX_POINT('',#7642);
#2198=VERTEX_POINT('',#7644);
#2199=VERTEX_POINT('',#7646);
#2200=VERTEX_POINT('',#7648);
#2201=VERTEX_POINT('',#7650);
#2202=VERTEX_POINT('',#7652);
#2203=VERTEX_POINT('',#7657);
#2204=VERTEX_POINT('',#7659);
#2205=VERTEX_POINT('',#7664);
#2206=VERTEX_POINT('',#7669);
#2207=VERTEX_POINT('',#7671);
#2208=VERTEX_POINT('',#7680);
#2209=VERTEX_POINT('',#7681);
#2210=VERTEX_POINT('',#7683);
#2211=VERTEX_POINT('',#7685);
#2212=VERTEX_POINT('',#7688);
#2213=VERTEX_POINT('',#7689);
#2214=VERTEX_POINT('',#7691);
#2215=VERTEX_POINT('',#7693);
#2216=VERTEX_POINT('',#7695);
#2217=VERTEX_POINT('',#7697);
#2218=VERTEX_POINT('',#7700);
#2219=VERTEX_POINT('',#7701);
#2220=VERTEX_POINT('',#7706);
#2221=VERTEX_POINT('',#7708);
#2222=VERTEX_POINT('',#7713);
#2223=VERTEX_POINT('',#7715);
#2224=VERTEX_POINT('',#7720);
#2225=VERTEX_POINT('',#7722);
#2226=VERTEX_POINT('',#7728);
#2227=VERTEX_POINT('',#7729);
#2228=VERTEX_POINT('',#7731);
#2229=VERTEX_POINT('',#7733);
#2230=VERTEX_POINT('',#7736);
#2231=VERTEX_POINT('',#7737);
#2232=VERTEX_POINT('',#7739);
#2233=VERTEX_POINT('',#7741);
#2234=VERTEX_POINT('',#7743);
#2235=VERTEX_POINT('',#7745);
#2236=VERTEX_POINT('',#7747);
#2237=VERTEX_POINT('',#7749);
#2238=VERTEX_POINT('',#7751);
#2239=VERTEX_POINT('',#7753);
#2240=VERTEX_POINT('',#7755);
#2241=VERTEX_POINT('',#7757);
#2242=VERTEX_POINT('',#7761);
#2243=VERTEX_POINT('',#7762);
#2244=VERTEX_POINT('',#7764);
#2245=VERTEX_POINT('',#7766);
#2246=VERTEX_POINT('',#7768);
#2247=VERTEX_POINT('',#7770);
#2248=VERTEX_POINT('',#7772);
#2249=VERTEX_POINT('',#7774);
#2250=VERTEX_POINT('',#7776);
#2251=VERTEX_POINT('',#7778);
#2252=VERTEX_POINT('',#7780);
#2253=VERTEX_POINT('',#7782);
#2254=VERTEX_POINT('',#7810);
#2255=VERTEX_POINT('',#7811);
#2256=VERTEX_POINT('',#7813);
#2257=VERTEX_POINT('',#7815);
#2258=VERTEX_POINT('',#7827);
#2259=VERTEX_POINT('',#7828);
#2260=VERTEX_POINT('',#7833);
#2261=VERTEX_POINT('',#7835);
#2262=VERTEX_POINT('',#7840);
#2263=VERTEX_POINT('',#7842);
#2264=VERTEX_POINT('',#7847);
#2265=VERTEX_POINT('',#7849);
#2266=VERTEX_POINT('',#7855);
#2267=VERTEX_POINT('',#7856);
#2268=VERTEX_POINT('',#7862);
#2269=VERTEX_POINT('',#7868);
#2270=VERTEX_POINT('',#7873);
#2271=VERTEX_POINT('',#7975);
#2272=VERTEX_POINT('',#7976);
#2273=VERTEX_POINT('',#8004);
#2274=VERTEX_POINT('',#8027);
#2275=VERTEX_POINT('',#8034);
#2276=VERTEX_POINT('',#8059);
#2277=VERTEX_POINT('',#8060);
#2278=VERTEX_POINT('',#8062);
#2279=VERTEX_POINT('',#8064);
#2280=VERTEX_POINT('',#8066);
#2281=VERTEX_POINT('',#8068);
#2282=VERTEX_POINT('',#8084);
#2283=VERTEX_POINT('',#8085);
#2284=VERTEX_POINT('',#8087);
#2285=VERTEX_POINT('',#8089);
#2286=VERTEX_POINT('',#8101);
#2287=VERTEX_POINT('',#8102);
#2288=VERTEX_POINT('',#8104);
#2289=VERTEX_POINT('',#8109);
#2290=VERTEX_POINT('',#8114);
#2291=VERTEX_POINT('',#8116);
#2292=VERTEX_POINT('',#8121);
#2293=VERTEX_POINT('',#8126);
#2294=VERTEX_POINT('',#8128);
#2295=VERTEX_POINT('',#8133);
#2296=VERTEX_POINT('',#8135);
#2297=VERTEX_POINT('',#8137);
#2298=VERTEX_POINT('',#8240);
#2299=VERTEX_POINT('',#8241);
#2300=VERTEX_POINT('',#8243);
#2301=VERTEX_POINT('',#8245);
#2302=VERTEX_POINT('',#8247);
#2303=VERTEX_POINT('',#8249);
#2304=VERTEX_POINT('',#8265);
#2305=VERTEX_POINT('',#8266);
#2306=VERTEX_POINT('',#8268);
#2307=VERTEX_POINT('',#8273);
#2308=VERTEX_POINT('',#8275);
#2309=VERTEX_POINT('',#8277);
#2310=VERTEX_POINT('',#8279);
#2311=VERTEX_POINT('',#8281);
#2312=VERTEX_POINT('',#8286);
#2313=VERTEX_POINT('',#8288);
#2314=VERTEX_POINT('',#8342);
#2315=VERTEX_POINT('',#8343);
#2316=VERTEX_POINT('',#8345);
#2317=VERTEX_POINT('',#8350);
#2318=VERTEX_POINT('',#8352);
#2319=VERTEX_POINT('',#8357);
#2320=VERTEX_POINT('',#8359);
#2321=VERTEX_POINT('',#8364);
#2322=VERTEX_POINT('',#8366);
#2323=VERTEX_POINT('',#8371);
#2324=VERTEX_POINT('',#8373);
#2325=VERTEX_POINT('',#8378);
#2326=VERTEX_POINT('',#8380);
#2327=VERTEX_POINT('',#8385);
#2328=VERTEX_POINT('',#8387);
#2329=VERTEX_POINT('',#8396);
#2330=VERTEX_POINT('',#8397);
#2331=VERTEX_POINT('',#8403);
#2332=VERTEX_POINT('',#8409);
#2333=VERTEX_POINT('',#8414);
#2334=VERTEX_POINT('',#8420);
#2335=VERTEX_POINT('',#8421);
#2336=VERTEX_POINT('',#8427);
#2337=VERTEX_POINT('',#8433);
#2338=VERTEX_POINT('',#8438);
#2339=VERTEX_POINT('',#8464);
#2340=VERTEX_POINT('',#8465);
#2341=VERTEX_POINT('',#8493);
#2342=VERTEX_POINT('',#8516);
#2343=VERTEX_POINT('',#8523);
#2344=VERTEX_POINT('',#8716);
#2345=VERTEX_POINT('',#8717);
#2346=VERTEX_POINT('',#8745);
#2347=VERTEX_POINT('',#8768);
#2348=VERTEX_POINT('',#8775);
#2349=VERTEX_POINT('',#8801);
#2350=VERTEX_POINT('',#8802);
#2351=VERTEX_POINT('',#8804);
#2352=VERTEX_POINT('',#8810);
#2353=VERTEX_POINT('',#8816);
#2354=VERTEX_POINT('',#8818);
#2355=VERTEX_POINT('',#8824);
#2356=VERTEX_POINT('',#8830);
#2357=VERTEX_POINT('',#8832);
#2358=VERTEX_POINT('',#8930);
#2359=VERTEX_POINT('',#8931);
#2360=VERTEX_POINT('',#8937);
#2361=VERTEX_POINT('',#8943);
#2362=VERTEX_POINT('',#8949);
#2363=VERTEX_POINT('',#8955);
#2364=VERTEX_POINT('',#8961);
#2365=VERTEX_POINT('',#8967);
#2366=VERTEX_POINT('',#8972);
#2367=VERTEX_POINT('',#8974);
#2368=VERTEX_POINT('',#8976);
#2369=VERTEX_POINT('',#8978);
#2370=VERTEX_POINT('',#8983);
#2371=VERTEX_POINT('',#8988);
#2372=VERTEX_POINT('',#8994);
#2373=VERTEX_POINT('',#9000);
#2374=VERTEX_POINT('',#9006);
#2375=VERTEX_POINT('',#9012);
#2376=VERTEX_POINT('',#9018);
#2377=VERTEX_POINT('',#9024);
#2378=VERTEX_POINT('',#9030);
#2379=VERTEX_POINT('',#9036);
#2380=VERTEX_POINT('',#9436);
#2381=VERTEX_POINT('',#9437);
#2382=VERTEX_POINT('',#9439);
#2383=VERTEX_POINT('',#9441);
#2384=VERTEX_POINT('',#9443);
#2385=VERTEX_POINT('',#9445);
#2386=VERTEX_POINT('',#9461);
#2387=VERTEX_POINT('',#9462);
#2388=VERTEX_POINT('',#9468);
#2389=VERTEX_POINT('',#9474);
#2390=VERTEX_POINT('',#9480);
#2391=VERTEX_POINT('',#9486);
#2392=VERTEX_POINT('',#9492);
#2393=VERTEX_POINT('',#9498);
#2394=VERTEX_POINT('',#9504);
#2395=VERTEX_POINT('',#9510);
#2396=VERTEX_POINT('',#9516);
#2397=VERTEX_POINT('',#9522);
#2398=VERTEX_POINT('',#9528);
#2399=VERTEX_POINT('',#9534);
#2400=VERTEX_POINT('',#9540);
#2401=VERTEX_POINT('',#9546);
#2402=VERTEX_POINT('',#9552);
#2403=VERTEX_POINT('',#9558);
#2404=VERTEX_POINT('',#9564);
#2405=VERTEX_POINT('',#9574);
#2406=VERTEX_POINT('',#9575);
#2407=VERTEX_POINT('',#9581);
#2408=VERTEX_POINT('',#9587);
#2409=VERTEX_POINT('',#9593);
#2410=VERTEX_POINT('',#9599);
#2411=VERTEX_POINT('',#9605);
#2412=VERTEX_POINT('',#9611);
#2413=VERTEX_POINT('',#9617);
#2414=VERTEX_POINT('',#9648);
#2415=VERTEX_POINT('',#9649);
#2416=VERTEX_POINT('',#9677);
#2417=VERTEX_POINT('',#9704);
#2418=VERTEX_POINT('',#9731);
#2419=VERTEX_POINT('',#9758);
#2420=VERTEX_POINT('',#9785);
#2421=VERTEX_POINT('',#9812);
#2422=VERTEX_POINT('',#9839);
#2423=VERTEX_POINT('',#10268);
#2424=VERTEX_POINT('',#10270);
#2425=VERTEX_POINT('',#10277);
#2426=VERTEX_POINT('',#10279);
#2427=VERTEX_POINT('',#10283);
#2428=VERTEX_POINT('',#10285);
#2429=VERTEX_POINT('',#10291);
#2430=VERTEX_POINT('',#10293);
#2431=VERTEX_POINT('',#10297);
#2432=VERTEX_POINT('',#10299);
#2433=VERTEX_POINT('',#10305);
#2434=VERTEX_POINT('',#10307);
#2435=VERTEX_POINT('',#10311);
#2436=VERTEX_POINT('',#10313);
#2437=VERTEX_POINT('',#10319);
#2438=VERTEX_POINT('',#10321);
#2439=VERTEX_POINT('',#10325);
#2440=VERTEX_POINT('',#10327);
#2441=EDGE_CURVE('',#1971,#1971,#1863,.T.);
#2442=EDGE_CURVE('',#1971,#1972,#1125,.T.);
#2443=EDGE_CURVE('',#1972,#1972,#1864,.T.);
#2444=EDGE_CURVE('',#1973,#1973,#1865,.T.);
#2445=EDGE_CURVE('',#1973,#1974,#1126,.T.);
#2446=EDGE_CURVE('',#1974,#1974,#1866,.T.);
#2447=EDGE_CURVE('',#1975,#1975,#1867,.T.);
#2448=EDGE_CURVE('',#1975,#1976,#1127,.T.);
#2449=EDGE_CURVE('',#1976,#1976,#1868,.T.);
#2450=EDGE_CURVE('',#1977,#1978,#1869,.T.);
#2451=EDGE_CURVE('',#1979,#1977,#1128,.T.);
#2452=EDGE_CURVE('',#1980,#1979,#1870,.T.);
#2453=EDGE_CURVE('',#1981,#1980,#1129,.T.);
#2454=EDGE_CURVE('',#1982,#1981,#1871,.T.);
#2455=EDGE_CURVE('',#1983,#1982,#1130,.T.);
#2456=EDGE_CURVE('',#1984,#1983,#1872,.T.);
#2457=EDGE_CURVE('',#1985,#1984,#1131,.T.);
#2458=EDGE_CURVE('',#1986,#1985,#1873,.T.);
#2459=EDGE_CURVE('',#1987,#1986,#1132,.T.);
#2460=EDGE_CURVE('',#1988,#1987,#1874,.T.);
#2461=EDGE_CURVE('',#1978,#1988,#1133,.T.);
#2462=EDGE_CURVE('',#1989,#1990,#1875,.T.);
#2463=EDGE_CURVE('',#1989,#1977,#1134,.T.);
#2464=EDGE_CURVE('',#1990,#1978,#1135,.T.);
#2465=EDGE_CURVE('',#1991,#1989,#1136,.T.);
#2466=EDGE_CURVE('',#1991,#1979,#1137,.T.);
#2467=EDGE_CURVE('',#1992,#1991,#1876,.T.);
#2468=EDGE_CURVE('',#1992,#1980,#1138,.T.);
#2469=EDGE_CURVE('',#1993,#1992,#1139,.T.);
#2470=EDGE_CURVE('',#1993,#1981,#1140,.T.);
#2471=EDGE_CURVE('',#1994,#1993,#1877,.T.);
#2472=EDGE_CURVE('',#1994,#1982,#1141,.T.);
#2473=EDGE_CURVE('',#1995,#1994,#1142,.T.);
#2474=EDGE_CURVE('',#1995,#1983,#1143,.T.);
#2475=EDGE_CURVE('',#1996,#1995,#1878,.T.);
#2476=EDGE_CURVE('',#1996,#1984,#1144,.T.);
#2477=EDGE_CURVE('',#1997,#1996,#1145,.T.);
#2478=EDGE_CURVE('',#1997,#1985,#1146,.T.);
#2479=EDGE_CURVE('',#1998,#1997,#1879,.T.);
#2480=EDGE_CURVE('',#1998,#1986,#1147,.T.);
#2481=EDGE_CURVE('',#1999,#1998,#1148,.T.);
#2482=EDGE_CURVE('',#1999,#1987,#1149,.T.);
#2483=EDGE_CURVE('',#2000,#1999,#1880,.T.);
#2484=EDGE_CURVE('',#2000,#1988,#1150,.T.);
#2485=EDGE_CURVE('',#1990,#2000,#1151,.T.);
#2486=EDGE_CURVE('',#2001,#2002,#1881,.T.);
#2487=EDGE_CURVE('',#2003,#2001,#1152,.T.);
#2488=EDGE_CURVE('',#2004,#2003,#127,.T.);
#2489=EDGE_CURVE('',#2005,#2004,#128,.T.);
#2490=EDGE_CURVE('',#2006,#2005,#129,.T.);
#2491=EDGE_CURVE('',#2007,#2006,#130,.T.);
#2492=EDGE_CURVE('',#2008,#2007,#131,.T.);
#2493=EDGE_CURVE('',#2009,#2008,#1153,.T.);
#2494=EDGE_CURVE('',#2010,#2009,#132,.T.);
#2495=EDGE_CURVE('',#2011,#2010,#133,.T.);
#2496=EDGE_CURVE('',#2012,#2011,#134,.T.);
#2497=EDGE_CURVE('',#2013,#2012,#135,.T.);
#2498=EDGE_CURVE('',#2014,#2013,#136,.T.);
#2499=EDGE_CURVE('',#2015,#2014,#137,.T.);
#2500=EDGE_CURVE('',#2016,#2015,#138,.T.);
#2501=EDGE_CURVE('',#2017,#2016,#139,.T.);
#2502=EDGE_CURVE('',#2018,#2017,#1154,.T.);
#2503=EDGE_CURVE('',#2019,#2018,#1882,.T.);
#2504=EDGE_CURVE('',#2002,#2019,#1155,.T.);
#2505=EDGE_CURVE('',#2020,#2021,#1156,.T.);
#2506=EDGE_CURVE('',#2022,#2020,#140,.T.);
#2507=EDGE_CURVE('',#2023,#2022,#141,.T.);
#2508=EDGE_CURVE('',#2024,#2023,#142,.T.);
#2509=EDGE_CURVE('',#2025,#2024,#143,.T.);
#2510=EDGE_CURVE('',#2026,#2025,#144,.T.);
#2511=EDGE_CURVE('',#2027,#2026,#1157,.T.);
#2512=EDGE_CURVE('',#2021,#2027,#1883,.T.);
#2513=EDGE_CURVE('',#2028,#2029,#1884,.T.);
#2514=EDGE_CURVE('',#2028,#2001,#1158,.T.);
#2515=EDGE_CURVE('',#2029,#2002,#1159,.T.);
#2516=EDGE_CURVE('',#2030,#2028,#1160,.T.);
#2517=EDGE_CURVE('',#2030,#2003,#1161,.T.);
#2518=EDGE_CURVE('',#2031,#2030,#145,.T.);
#2519=EDGE_CURVE('',#2031,#2004,#1162,.T.);
#2520=EDGE_CURVE('',#2032,#2031,#146,.T.);
#2521=EDGE_CURVE('',#2032,#2005,#1163,.T.);
#2522=EDGE_CURVE('',#2033,#2032,#147,.T.);
#2523=EDGE_CURVE('',#2033,#2006,#1164,.T.);
#2524=EDGE_CURVE('',#2034,#2033,#148,.T.);
#2525=EDGE_CURVE('',#2034,#2007,#1165,.T.);
#2526=EDGE_CURVE('',#2035,#2034,#149,.T.);
#2527=EDGE_CURVE('',#2035,#2008,#1166,.T.);
#2528=EDGE_CURVE('',#2036,#2035,#1167,.T.);
#2529=EDGE_CURVE('',#2036,#2009,#1168,.T.);
#2530=EDGE_CURVE('',#2037,#2036,#150,.T.);
#2531=EDGE_CURVE('',#2037,#2010,#1169,.T.);
#2532=EDGE_CURVE('',#2038,#2037,#151,.T.);
#2533=EDGE_CURVE('',#2038,#2011,#1170,.T.);
#2534=EDGE_CURVE('',#2039,#2038,#152,.T.);
#2535=EDGE_CURVE('',#2039,#2012,#1171,.T.);
#2536=EDGE_CURVE('',#2040,#2039,#153,.T.);
#2537=EDGE_CURVE('',#2040,#2013,#1172,.T.);
#2538=EDGE_CURVE('',#2041,#2040,#154,.T.);
#2539=EDGE_CURVE('',#2041,#2014,#1173,.T.);
#2540=EDGE_CURVE('',#2042,#2041,#155,.T.);
#2541=EDGE_CURVE('',#2042,#2015,#1174,.T.);
#2542=EDGE_CURVE('',#2043,#2042,#156,.T.);
#2543=EDGE_CURVE('',#2043,#2016,#1175,.T.);
#2544=EDGE_CURVE('',#2044,#2043,#157,.T.);
#2545=EDGE_CURVE('',#2044,#2017,#1176,.T.);
#2546=EDGE_CURVE('',#2045,#2044,#1177,.T.);
#2547=EDGE_CURVE('',#2045,#2018,#1178,.T.);
#2548=EDGE_CURVE('',#2046,#2045,#1885,.T.);
#2549=EDGE_CURVE('',#2046,#2019,#1179,.T.);
#2550=EDGE_CURVE('',#2029,#2046,#1180,.T.);
#2551=EDGE_CURVE('',#2047,#2048,#1181,.T.);
#2552=EDGE_CURVE('',#2047,#2020,#1182,.T.);
#2553=EDGE_CURVE('',#2048,#2021,#1183,.T.);
#2554=EDGE_CURVE('',#2049,#2047,#158,.T.);
#2555=EDGE_CURVE('',#2049,#2022,#1184,.T.);
#2556=EDGE_CURVE('',#2050,#2049,#159,.T.);
#2557=EDGE_CURVE('',#2050,#2023,#1185,.T.);
#2558=EDGE_CURVE('',#2051,#2050,#160,.T.);
#2559=EDGE_CURVE('',#2051,#2024,#1186,.T.);
#2560=EDGE_CURVE('',#2052,#2051,#161,.T.);
#2561=EDGE_CURVE('',#2052,#2025,#1187,.T.);
#2562=EDGE_CURVE('',#2053,#2052,#162,.T.);
#2563=EDGE_CURVE('',#2053,#2026,#1188,.T.);
#2564=EDGE_CURVE('',#2054,#2053,#1189,.T.);
#2565=EDGE_CURVE('',#2054,#2027,#1190,.T.);
#2566=EDGE_CURVE('',#2048,#2054,#1886,.T.);
#2567=EDGE_CURVE('',#2055,#2056,#163,.T.);
#2568=EDGE_CURVE('',#2057,#2055,#1191,.T.);
#2569=EDGE_CURVE('',#2058,#2057,#164,.T.);
#2570=EDGE_CURVE('',#2059,#2058,#165,.T.);
#2571=EDGE_CURVE('',#2060,#2059,#166,.T.);
#2572=EDGE_CURVE('',#2061,#2060,#167,.T.);
#2573=EDGE_CURVE('',#2062,#2061,#1192,.T.);
#2574=EDGE_CURVE('',#2063,#2062,#168,.T.);
#2575=EDGE_CURVE('',#2056,#2063,#1193,.T.);
#2576=EDGE_CURVE('',#2064,#2065,#169,.T.);
#2577=EDGE_CURVE('',#2064,#2055,#1194,.T.);
#2578=EDGE_CURVE('',#2065,#2056,#1195,.T.);
#2579=EDGE_CURVE('',#2066,#2064,#1196,.T.);
#2580=EDGE_CURVE('',#2066,#2057,#1197,.T.);
#2581=EDGE_CURVE('',#2067,#2066,#170,.T.);
#2582=EDGE_CURVE('',#2067,#2058,#1198,.T.);
#2583=EDGE_CURVE('',#2068,#2067,#171,.T.);
#2584=EDGE_CURVE('',#2068,#2059,#1199,.T.);
#2585=EDGE_CURVE('',#2069,#2068,#172,.T.);
#2586=EDGE_CURVE('',#2069,#2060,#1200,.T.);
#2587=EDGE_CURVE('',#2070,#2069,#173,.T.);
#2588=EDGE_CURVE('',#2070,#2061,#1201,.T.);
#2589=EDGE_CURVE('',#2071,#2070,#1202,.T.);
#2590=EDGE_CURVE('',#2071,#2062,#1203,.T.);
#2591=EDGE_CURVE('',#2072,#2071,#174,.T.);
#2592=EDGE_CURVE('',#2072,#2063,#1204,.T.);
#2593=EDGE_CURVE('',#2065,#2072,#1205,.T.);
#2594=EDGE_CURVE('',#2073,#2074,#1887,.T.);
#2595=EDGE_CURVE('',#2075,#2073,#1206,.T.);
#2596=EDGE_CURVE('',#2076,#2075,#1888,.T.);
#2597=EDGE_CURVE('',#2074,#2076,#1207,.T.);
#2598=EDGE_CURVE('',#2077,#2078,#1889,.T.);
#2599=EDGE_CURVE('',#2077,#2073,#1208,.T.);
#2600=EDGE_CURVE('',#2078,#2074,#1209,.T.);
#2601=EDGE_CURVE('',#2079,#2077,#1210,.T.);
#2602=EDGE_CURVE('',#2079,#2075,#1211,.T.);
#2603=EDGE_CURVE('',#2080,#2079,#1890,.T.);
#2604=EDGE_CURVE('',#2080,#2076,#1212,.T.);
#2605=EDGE_CURVE('',#2078,#2080,#1213,.T.);
#2606=EDGE_CURVE('',#2081,#2082,#175,.T.);
#2607=EDGE_CURVE('',#2083,#2081,#1214,.T.);
#2608=EDGE_CURVE('',#2084,#2083,#176,.T.);
#2609=EDGE_CURVE('',#2085,#2084,#1215,.T.);
#2610=EDGE_CURVE('',#2086,#2085,#177,.T.);
#2611=EDGE_CURVE('',#2087,#2086,#1216,.T.);
#2612=EDGE_CURVE('',#2088,#2087,#178,.T.);
#2613=EDGE_CURVE('',#2082,#2088,#1217,.T.);
#2614=EDGE_CURVE('',#2089,#2090,#179,.T.);
#2615=EDGE_CURVE('',#2091,#2089,#180,.T.);
#2616=EDGE_CURVE('',#2092,#2091,#181,.T.);
#2617=EDGE_CURVE('',#2093,#2092,#1218,.T.);
#2618=EDGE_CURVE('',#2090,#2093,#182,.T.);
#2619=EDGE_CURVE('',#2094,#2095,#183,.T.);
#2620=EDGE_CURVE('',#2094,#2089,#1219,.T.);
#2621=EDGE_CURVE('',#2095,#2090,#1220,.T.);
#2622=EDGE_CURVE('',#2096,#2094,#184,.T.);
#2623=EDGE_CURVE('',#2096,#2091,#1221,.T.);
#2624=EDGE_CURVE('',#2097,#2096,#185,.T.);
#2625=EDGE_CURVE('',#2097,#2092,#1222,.T.);
#2626=EDGE_CURVE('',#2098,#2097,#1223,.T.);
#2627=EDGE_CURVE('',#2098,#2093,#1224,.T.);
#2628=EDGE_CURVE('',#2095,#2098,#186,.T.);
#2629=EDGE_CURVE('',#2099,#2100,#187,.T.);
#2630=EDGE_CURVE('',#2099,#2081,#1225,.T.);
#2631=EDGE_CURVE('',#2100,#2082,#1226,.T.);
#2632=EDGE_CURVE('',#2101,#2099,#1227,.T.);
#2633=EDGE_CURVE('',#2101,#2083,#1228,.T.);
#2634=EDGE_CURVE('',#2102,#2101,#188,.T.);
#2635=EDGE_CURVE('',#2102,#2084,#1229,.T.);
#2636=EDGE_CURVE('',#2103,#2102,#1230,.T.);
#2637=EDGE_CURVE('',#2103,#2085,#1231,.T.);
#2638=EDGE_CURVE('',#2104,#2103,#189,.T.);
#2639=EDGE_CURVE('',#2104,#2086,#1232,.T.);
#2640=EDGE_CURVE('',#2105,#2104,#1233,.T.);
#2641=EDGE_CURVE('',#2105,#2087,#1234,.T.);
#2642=EDGE_CURVE('',#2106,#2105,#190,.T.);
#2643=EDGE_CURVE('',#2106,#2088,#1235,.T.);
#2644=EDGE_CURVE('',#2100,#2106,#1236,.T.);
#2645=EDGE_CURVE('',#2107,#2107,#1891,.T.);
#2646=EDGE_CURVE('',#2107,#2108,#1237,.T.);
#2647=EDGE_CURVE('',#2108,#2108,#1892,.T.);
#2648=EDGE_CURVE('',#2109,#2110,#1238,.T.);
#2649=EDGE_CURVE('',#2110,#2111,#191,.T.);
#2650=EDGE_CURVE('',#2111,#2112,#192,.T.);
#2651=EDGE_CURVE('',#2112,#2113,#1239,.T.);
#2652=EDGE_CURVE('',#2113,#2114,#193,.T.);
#2653=EDGE_CURVE('',#2114,#2115,#1240,.T.);
#2654=EDGE_CURVE('',#2115,#2116,#194,.T.);
#2655=EDGE_CURVE('',#2116,#2117,#1241,.T.);
#2656=EDGE_CURVE('',#2117,#2118,#195,.T.);
#2657=EDGE_CURVE('',#2118,#2119,#1242,.T.);
#2658=EDGE_CURVE('',#2119,#2120,#196,.T.);
#2659=EDGE_CURVE('',#2120,#2121,#1243,.T.);
#2660=EDGE_CURVE('',#2121,#2122,#197,.T.);
#2661=EDGE_CURVE('',#2122,#2123,#1244,.T.);
#2662=EDGE_CURVE('',#2123,#2109,#198,.T.);
#2663=EDGE_CURVE('',#2124,#2125,#1245,.T.);
#2664=EDGE_CURVE('',#2125,#2126,#1893,.T.);
#2665=EDGE_CURVE('',#2126,#2127,#1246,.T.);
#2666=EDGE_CURVE('',#2127,#2128,#1894,.T.);
#2667=EDGE_CURVE('',#2128,#2129,#199,.T.);
#2668=EDGE_CURVE('',#2129,#2130,#200,.T.);
#2669=EDGE_CURVE('',#2130,#2131,#1895,.T.);
#2670=EDGE_CURVE('',#2131,#2132,#201,.T.);
#2671=EDGE_CURVE('',#2132,#2124,#202,.T.);
#2672=EDGE_CURVE('',#2133,#2134,#203,.T.);
#2673=EDGE_CURVE('',#2134,#2135,#204,.T.);
#2674=EDGE_CURVE('',#2135,#2136,#205,.T.);
#2675=EDGE_CURVE('',#2136,#2137,#206,.T.);
#2676=EDGE_CURVE('',#2137,#2138,#207,.T.);
#2677=EDGE_CURVE('',#2138,#2139,#208,.T.);
#2678=EDGE_CURVE('',#2139,#2140,#209,.T.);
#2679=EDGE_CURVE('',#2140,#2141,#210,.T.);
#2680=EDGE_CURVE('',#2141,#2142,#211,.T.);
#2681=EDGE_CURVE('',#2142,#2143,#212,.T.);
#2682=EDGE_CURVE('',#2143,#2144,#213,.T.);
#2683=EDGE_CURVE('',#2144,#2145,#214,.T.);
#2684=EDGE_CURVE('',#2145,#2146,#215,.T.);
#2685=EDGE_CURVE('',#2146,#2147,#1247,.T.);
#2686=EDGE_CURVE('',#2147,#2148,#1896,.T.);
#2687=EDGE_CURVE('',#2148,#2149,#1248,.T.);
#2688=EDGE_CURVE('',#2149,#2150,#216,.T.);
#2689=EDGE_CURVE('',#2150,#2151,#217,.T.);
#2690=EDGE_CURVE('',#2151,#2152,#218,.T.);
#2691=EDGE_CURVE('',#2152,#2153,#219,.T.);
#2692=EDGE_CURVE('',#2153,#2154,#220,.T.);
#2693=EDGE_CURVE('',#2154,#2133,#221,.T.);
#2694=EDGE_CURVE('',#2155,#2156,#1897,.T.);
#2695=EDGE_CURVE('',#2156,#2157,#1249,.T.);
#2696=EDGE_CURVE('',#2157,#2158,#1898,.T.);
#2697=EDGE_CURVE('',#2158,#2159,#1250,.T.);
#2698=EDGE_CURVE('',#2159,#2160,#1899,.T.);
#2699=EDGE_CURVE('',#2160,#2155,#1251,.T.);
#2700=EDGE_CURVE('',#2161,#2162,#222,.T.);
#2701=EDGE_CURVE('',#2162,#2163,#223,.T.);
#2702=EDGE_CURVE('',#2163,#2164,#224,.T.);
#2703=EDGE_CURVE('',#2164,#2165,#225,.T.);
#2704=EDGE_CURVE('',#2165,#2166,#226,.T.);
#2705=EDGE_CURVE('',#2166,#2167,#227,.T.);
#2706=EDGE_CURVE('',#2167,#2168,#228,.T.);
#2707=EDGE_CURVE('',#2168,#2169,#229,.T.);
#2708=EDGE_CURVE('',#2169,#2170,#230,.T.);
#2709=EDGE_CURVE('',#2170,#2171,#231,.T.);
#2710=EDGE_CURVE('',#2171,#2172,#232,.T.);
#2711=EDGE_CURVE('',#2172,#2173,#233,.T.);
#2712=EDGE_CURVE('',#2173,#2174,#234,.T.);
#2713=EDGE_CURVE('',#2174,#2175,#235,.T.);
#2714=EDGE_CURVE('',#2175,#2176,#236,.T.);
#2715=EDGE_CURVE('',#2176,#2177,#237,.T.);
#2716=EDGE_CURVE('',#2177,#2178,#238,.T.);
#2717=EDGE_CURVE('',#2178,#2179,#239,.T.);
#2718=EDGE_CURVE('',#2179,#2161,#240,.T.);
#2719=EDGE_CURVE('',#2180,#2181,#1900,.T.);
#2720=EDGE_CURVE('',#2181,#2182,#1252,.T.);
#2721=EDGE_CURVE('',#2182,#2183,#1901,.T.);
#2722=EDGE_CURVE('',#2183,#2184,#1253,.T.);
#2723=EDGE_CURVE('',#2184,#2185,#241,.T.);
#2724=EDGE_CURVE('',#2185,#2186,#1902,.T.);
#2725=EDGE_CURVE('',#2186,#2187,#1254,.T.);
#2726=EDGE_CURVE('',#2187,#2188,#1903,.T.);
#2727=EDGE_CURVE('',#2188,#2189,#1255,.T.);
#2728=EDGE_CURVE('',#2189,#2180,#242,.T.);
#2729=EDGE_CURVE('',#2190,#2191,#1904,.T.);
#2730=EDGE_CURVE('',#2191,#2192,#1256,.T.);
#2731=EDGE_CURVE('',#2192,#2193,#1905,.T.);
#2732=EDGE_CURVE('',#2193,#2194,#1257,.T.);
#2733=EDGE_CURVE('',#2194,#2195,#1906,.T.);
#2734=EDGE_CURVE('',#2195,#2190,#1258,.T.);
#2735=EDGE_CURVE('',#2196,#2197,#1907,.T.);
#2736=EDGE_CURVE('',#2197,#2198,#1259,.T.);
#2737=EDGE_CURVE('',#2198,#2199,#1908,.T.);
#2738=EDGE_CURVE('',#2199,#2200,#1260,.T.);
#2739=EDGE_CURVE('',#2200,#2201,#1909,.T.);
#2740=EDGE_CURVE('',#2201,#2202,#243,.T.);
#2741=EDGE_CURVE('',#2202,#2203,#1261,.T.);
#2742=EDGE_CURVE('',#2203,#2204,#244,.T.);
#2743=EDGE_CURVE('',#2204,#2205,#245,.T.);
#2744=EDGE_CURVE('',#2205,#2206,#1262,.T.);
#2745=EDGE_CURVE('',#2206,#2207,#246,.T.);
#2746=EDGE_CURVE('',#2207,#2196,#247,.T.);
#2747=EDGE_CURVE('',#2208,#2209,#1910,.T.);
#2748=EDGE_CURVE('',#2209,#2210,#1263,.T.);
#2749=EDGE_CURVE('',#2210,#2211,#1911,.T.);
#2750=EDGE_CURVE('',#2211,#2208,#1264,.T.);
#2751=EDGE_CURVE('',#2212,#2213,#1912,.T.);
#2752=EDGE_CURVE('',#2213,#2214,#1265,.T.);
#2753=EDGE_CURVE('',#2214,#2215,#1913,.T.);
#2754=EDGE_CURVE('',#2215,#2216,#1266,.T.);
#2755=EDGE_CURVE('',#2216,#2217,#1914,.T.);
#2756=EDGE_CURVE('',#2217,#2212,#1267,.T.);
#2757=EDGE_CURVE('',#2218,#2219,#248,.T.);
#2758=EDGE_CURVE('',#2219,#2220,#1268,.T.);
#2759=EDGE_CURVE('',#2220,#2221,#249,.T.);
#2760=EDGE_CURVE('',#2221,#2222,#1269,.T.);
#2761=EDGE_CURVE('',#2222,#2223,#250,.T.);
#2762=EDGE_CURVE('',#2223,#2224,#1270,.T.);
#2763=EDGE_CURVE('',#2224,#2225,#251,.T.);
#2764=EDGE_CURVE('',#2225,#2218,#1271,.T.);
#2765=EDGE_CURVE('',#2226,#2227,#1915,.T.);
#2766=EDGE_CURVE('',#2227,#2228,#1272,.T.);
#2767=EDGE_CURVE('',#2228,#2229,#1916,.T.);
#2768=EDGE_CURVE('',#2229,#2226,#1273,.T.);
#2769=EDGE_CURVE('',#2230,#2231,#1917,.T.);
#2770=EDGE_CURVE('',#2231,#2232,#1274,.T.);
#2771=EDGE_CURVE('',#2232,#2233,#1918,.T.);
#2772=EDGE_CURVE('',#2233,#2234,#1275,.T.);
#2773=EDGE_CURVE('',#2234,#2235,#1919,.T.);
#2774=EDGE_CURVE('',#2235,#2236,#1276,.T.);
#2775=EDGE_CURVE('',#2236,#2237,#1920,.T.);
#2776=EDGE_CURVE('',#2237,#2238,#1277,.T.);
#2777=EDGE_CURVE('',#2238,#2239,#1921,.T.);
#2778=EDGE_CURVE('',#2239,#2240,#1278,.T.);
#2779=EDGE_CURVE('',#2240,#2241,#1922,.T.);
#2780=EDGE_CURVE('',#2241,#2230,#1279,.T.);
#2781=EDGE_CURVE('',#2242,#2243,#1923,.T.);
#2782=EDGE_CURVE('',#2244,#2242,#1280,.T.);
#2783=EDGE_CURVE('',#2245,#2244,#1924,.T.);
#2784=EDGE_CURVE('',#2246,#2245,#1281,.T.);
#2785=EDGE_CURVE('',#2247,#2246,#1925,.T.);
#2786=EDGE_CURVE('',#2248,#2247,#1282,.T.);
#2787=EDGE_CURVE('',#2249,#2248,#1926,.T.);
#2788=EDGE_CURVE('',#2250,#2249,#1283,.T.);
#2789=EDGE_CURVE('',#2251,#2250,#1927,.T.);
#2790=EDGE_CURVE('',#2252,#2251,#1284,.T.);
#2791=EDGE_CURVE('',#2253,#2252,#1928,.T.);
#2792=EDGE_CURVE('',#2243,#2253,#1285,.T.);
#2793=EDGE_CURVE('',#2230,#2242,#1286,.T.);
#2794=EDGE_CURVE('',#2231,#2243,#1287,.T.);
#2795=EDGE_CURVE('',#2241,#2244,#1288,.T.);
#2796=EDGE_CURVE('',#2240,#2245,#1289,.T.);
#2797=EDGE_CURVE('',#2239,#2246,#1290,.T.);
#2798=EDGE_CURVE('',#2238,#2247,#1291,.T.);
#2799=EDGE_CURVE('',#2237,#2248,#1292,.T.);
#2800=EDGE_CURVE('',#2236,#2249,#1293,.T.);
#2801=EDGE_CURVE('',#2235,#2250,#1294,.T.);
#2802=EDGE_CURVE('',#2234,#2251,#1295,.T.);
#2803=EDGE_CURVE('',#2233,#2252,#1296,.T.);
#2804=EDGE_CURVE('',#2232,#2253,#1297,.T.);
#2805=EDGE_CURVE('',#2254,#2255,#1929,.T.);
#2806=EDGE_CURVE('',#2256,#2254,#1298,.T.);
#2807=EDGE_CURVE('',#2257,#2256,#1930,.T.);
#2808=EDGE_CURVE('',#2255,#2257,#1299,.T.);
#2809=EDGE_CURVE('',#2226,#2254,#1300,.T.);
#2810=EDGE_CURVE('',#2227,#2255,#1301,.T.);
#2811=EDGE_CURVE('',#2229,#2256,#1302,.T.);
#2812=EDGE_CURVE('',#2228,#2257,#1303,.T.);
#2813=EDGE_CURVE('',#2258,#2259,#252,.T.);
#2814=EDGE_CURVE('',#2260,#2258,#1304,.T.);
#2815=EDGE_CURVE('',#2261,#2260,#253,.T.);
#2816=EDGE_CURVE('',#2262,#2261,#1305,.T.);
#2817=EDGE_CURVE('',#2263,#2262,#254,.T.);
#2818=EDGE_CURVE('',#2264,#2263,#1306,.T.);
#2819=EDGE_CURVE('',#2265,#2264,#255,.T.);
#2820=EDGE_CURVE('',#2259,#2265,#1307,.T.);
#2821=EDGE_CURVE('',#2266,#2267,#256,.T.);
#2822=EDGE_CURVE('',#2268,#2266,#257,.T.);
#2823=EDGE_CURVE('',#2269,#2268,#258,.T.);
#2824=EDGE_CURVE('',#2270,#2269,#1308,.T.);
#2825=EDGE_CURVE('',#2267,#2270,#259,.T.);
#2826=EDGE_CURVE('',#2218,#2258,#1309,.T.);
#2827=EDGE_CURVE('',#2219,#2259,#1310,.T.);
#2828=EDGE_CURVE('',#2225,#2260,#1311,.T.);
#2829=EDGE_CURVE('',#2224,#2261,#1312,.T.);
#2830=EDGE_CURVE('',#2223,#2262,#1313,.T.);
#2831=EDGE_CURVE('',#2222,#2263,#1314,.T.);
#2832=EDGE_CURVE('',#2221,#2264,#1315,.T.);
#2833=EDGE_CURVE('',#2220,#2265,#1316,.T.);
#2834=EDGE_CURVE('',#2271,#2272,#260,.T.);
#2835=EDGE_CURVE('',#2271,#2266,#1317,.T.);
#2836=EDGE_CURVE('',#2272,#2267,#1318,.T.);
#2837=EDGE_CURVE('',#2273,#2271,#261,.T.);
#2838=EDGE_CURVE('',#2273,#2268,#1319,.T.);
#2839=EDGE_CURVE('',#2274,#2273,#262,.T.);
#2840=EDGE_CURVE('',#2274,#2269,#1320,.T.);
#2841=EDGE_CURVE('',#2275,#2274,#1321,.T.);
#2842=EDGE_CURVE('',#2275,#2270,#1322,.T.);
#2843=EDGE_CURVE('',#2272,#2275,#263,.T.);
#2844=EDGE_CURVE('',#2276,#2277,#1931,.T.);
#2845=EDGE_CURVE('',#2278,#2276,#1323,.T.);
#2846=EDGE_CURVE('',#2279,#2278,#1932,.T.);
#2847=EDGE_CURVE('',#2280,#2279,#1324,.T.);
#2848=EDGE_CURVE('',#2281,#2280,#1933,.T.);
#2849=EDGE_CURVE('',#2277,#2281,#1325,.T.);
#2850=EDGE_CURVE('',#2212,#2276,#1326,.T.);
#2851=EDGE_CURVE('',#2213,#2277,#1327,.T.);
#2852=EDGE_CURVE('',#2217,#2278,#1328,.T.);
#2853=EDGE_CURVE('',#2216,#2279,#1329,.T.);
#2854=EDGE_CURVE('',#2215,#2280,#1330,.T.);
#2855=EDGE_CURVE('',#2214,#2281,#1331,.T.);
#2856=EDGE_CURVE('',#2282,#2283,#1934,.T.);
#2857=EDGE_CURVE('',#2284,#2282,#1332,.T.);
#2858=EDGE_CURVE('',#2285,#2284,#1935,.T.);
#2859=EDGE_CURVE('',#2283,#2285,#1333,.T.);
#2860=EDGE_CURVE('',#2208,#2282,#1334,.T.);
#2861=EDGE_CURVE('',#2209,#2283,#1335,.T.);
#2862=EDGE_CURVE('',#2211,#2284,#1336,.T.);
#2863=EDGE_CURVE('',#2210,#2285,#1337,.T.);
#2864=EDGE_CURVE('',#2286,#2287,#1936,.T.);
#2865=EDGE_CURVE('',#2288,#2286,#264,.T.);
#2866=EDGE_CURVE('',#2289,#2288,#265,.T.);
#2867=EDGE_CURVE('',#2290,#2289,#1338,.T.);
#2868=EDGE_CURVE('',#2291,#2290,#266,.T.);
#2869=EDGE_CURVE('',#2292,#2291,#267,.T.);
#2870=EDGE_CURVE('',#2293,#2292,#1339,.T.);
#2871=EDGE_CURVE('',#2294,#2293,#268,.T.);
#2872=EDGE_CURVE('',#2295,#2294,#1937,.T.);
#2873=EDGE_CURVE('',#2296,#2295,#1340,.T.);
#2874=EDGE_CURVE('',#2297,#2296,#1938,.T.);
#2875=EDGE_CURVE('',#2287,#2297,#1341,.T.);
#2876=EDGE_CURVE('',#2196,#2286,#1342,.T.);
#2877=EDGE_CURVE('',#2197,#2287,#1343,.T.);
#2878=EDGE_CURVE('',#2207,#2288,#1344,.T.);
#2879=EDGE_CURVE('',#2206,#2289,#1345,.T.);
#2880=EDGE_CURVE('',#2205,#2290,#1346,.T.);
#2881=EDGE_CURVE('',#2204,#2291,#1347,.T.);
#2882=EDGE_CURVE('',#2203,#2292,#1348,.T.);
#2883=EDGE_CURVE('',#2202,#2293,#1349,.T.);
#2884=EDGE_CURVE('',#2201,#2294,#1350,.T.);
#2885=EDGE_CURVE('',#2200,#2295,#1351,.T.);
#2886=EDGE_CURVE('',#2199,#2296,#1352,.T.);
#2887=EDGE_CURVE('',#2198,#2297,#1353,.T.);
#2888=EDGE_CURVE('',#2298,#2299,#1939,.T.);
#2889=EDGE_CURVE('',#2300,#2298,#1354,.T.);
#2890=EDGE_CURVE('',#2301,#2300,#1940,.T.);
#2891=EDGE_CURVE('',#2302,#2301,#1355,.T.);
#2892=EDGE_CURVE('',#2303,#2302,#1941,.T.);
#2893=EDGE_CURVE('',#2299,#2303,#1356,.T.);
#2894=EDGE_CURVE('',#2190,#2298,#1357,.T.);
#2895=EDGE_CURVE('',#2191,#2299,#1358,.T.);
#2896=EDGE_CURVE('',#2195,#2300,#1359,.T.);
#2897=EDGE_CURVE('',#2194,#2301,#1360,.T.);
#2898=EDGE_CURVE('',#2193,#2302,#1361,.T.);
#2899=EDGE_CURVE('',#2192,#2303,#1362,.T.);
#2900=EDGE_CURVE('',#2304,#2305,#1942,.T.);
#2901=EDGE_CURVE('',#2306,#2304,#269,.T.);
#2902=EDGE_CURVE('',#2307,#2306,#1363,.T.);
#2903=EDGE_CURVE('',#2308,#2307,#1943,.T.);
#2904=EDGE_CURVE('',#2309,#2308,#1364,.T.);
#2905=EDGE_CURVE('',#2310,#2309,#1944,.T.);
#2906=EDGE_CURVE('',#2311,#2310,#270,.T.);
#2907=EDGE_CURVE('',#2312,#2311,#1365,.T.);
#2908=EDGE_CURVE('',#2313,#2312,#1945,.T.);
#2909=EDGE_CURVE('',#2305,#2313,#1366,.T.);
#2910=EDGE_CURVE('',#2180,#2304,#1367,.T.);
#2911=EDGE_CURVE('',#2181,#2305,#1368,.T.);
#2912=EDGE_CURVE('',#2189,#2306,#1369,.T.);
#2913=EDGE_CURVE('',#2188,#2307,#1370,.T.);
#2914=EDGE_CURVE('',#2187,#2308,#1371,.T.);
#2915=EDGE_CURVE('',#2186,#2309,#1372,.T.);
#2916=EDGE_CURVE('',#2185,#2310,#1373,.T.);
#2917=EDGE_CURVE('',#2184,#2311,#1374,.T.);
#2918=EDGE_CURVE('',#2183,#2312,#1375,.T.);
#2919=EDGE_CURVE('',#2182,#2313,#1376,.T.);
#2920=EDGE_CURVE('',#2314,#2315,#1377,.T.);
#2921=EDGE_CURVE('',#2316,#2314,#271,.T.);
#2922=EDGE_CURVE('',#2317,#2316,#1378,.T.);
#2923=EDGE_CURVE('',#2318,#2317,#272,.T.);
#2924=EDGE_CURVE('',#2319,#2318,#1379,.T.);
#2925=EDGE_CURVE('',#2320,#2319,#273,.T.);
#2926=EDGE_CURVE('',#2321,#2320,#1380,.T.);
#2927=EDGE_CURVE('',#2322,#2321,#274,.T.);
#2928=EDGE_CURVE('',#2323,#2322,#1381,.T.);
#2929=EDGE_CURVE('',#2324,#2323,#275,.T.);
#2930=EDGE_CURVE('',#2325,#2324,#1382,.T.);
#2931=EDGE_CURVE('',#2326,#2325,#276,.T.);
#2932=EDGE_CURVE('',#2327,#2326,#1383,.T.);
#2933=EDGE_CURVE('',#2328,#2327,#277,.T.);
#2934=EDGE_CURVE('',#2315,#2328,#278,.T.);
#2935=EDGE_CURVE('',#2329,#2330,#279,.T.);
#2936=EDGE_CURVE('',#2331,#2329,#280,.T.);
#2937=EDGE_CURVE('',#2332,#2331,#281,.T.);
#2938=EDGE_CURVE('',#2333,#2332,#1384,.T.);
#2939=EDGE_CURVE('',#2330,#2333,#282,.T.);
#2940=EDGE_CURVE('',#2334,#2335,#283,.T.);
#2941=EDGE_CURVE('',#2336,#2334,#284,.T.);
#2942=EDGE_CURVE('',#2337,#2336,#285,.T.);
#2943=EDGE_CURVE('',#2338,#2337,#1385,.T.);
#2944=EDGE_CURVE('',#2335,#2338,#286,.T.);
#2945=EDGE_CURVE('',#2339,#2340,#287,.T.);
#2946=EDGE_CURVE('',#2339,#2329,#1386,.T.);
#2947=EDGE_CURVE('',#2340,#2330,#1387,.T.);
#2948=EDGE_CURVE('',#2341,#2339,#288,.T.);
#2949=EDGE_CURVE('',#2341,#2331,#1388,.T.);
#2950=EDGE_CURVE('',#2342,#2341,#289,.T.);
#2951=EDGE_CURVE('',#2342,#2332,#1389,.T.);
#2952=EDGE_CURVE('',#2343,#2342,#1390,.T.);
#2953=EDGE_CURVE('',#2343,#2333,#1391,.T.);
#2954=EDGE_CURVE('',#2340,#2343,#290,.T.);
#2955=EDGE_CURVE('',#2109,#2314,#1392,.T.);
#2956=EDGE_CURVE('',#2110,#2315,#1393,.T.);
#2957=EDGE_CURVE('',#2123,#2316,#1394,.T.);
#2958=EDGE_CURVE('',#2122,#2317,#1395,.T.);
#2959=EDGE_CURVE('',#2121,#2318,#1396,.T.);
#2960=EDGE_CURVE('',#2120,#2319,#1397,.T.);
#2961=EDGE_CURVE('',#2119,#2320,#1398,.T.);
#2962=EDGE_CURVE('',#2118,#2321,#1399,.T.);
#2963=EDGE_CURVE('',#2117,#2322,#1400,.T.);
#2964=EDGE_CURVE('',#2116,#2323,#1401,.T.);
#2965=EDGE_CURVE('',#2115,#2324,#1402,.T.);
#2966=EDGE_CURVE('',#2114,#2325,#1403,.T.);
#2967=EDGE_CURVE('',#2113,#2326,#1404,.T.);
#2968=EDGE_CURVE('',#2112,#2327,#1405,.T.);
#2969=EDGE_CURVE('',#2111,#2328,#1406,.T.);
#2970=EDGE_CURVE('',#2344,#2345,#291,.T.);
#2971=EDGE_CURVE('',#2344,#2334,#1407,.T.);
#2972=EDGE_CURVE('',#2345,#2335,#1408,.T.);
#2973=EDGE_CURVE('',#2346,#2344,#292,.T.);
#2974=EDGE_CURVE('',#2346,#2336,#1409,.T.);
#2975=EDGE_CURVE('',#2347,#2346,#293,.T.);
#2976=EDGE_CURVE('',#2347,#2337,#1410,.T.);
#2977=EDGE_CURVE('',#2348,#2347,#1411,.T.);
#2978=EDGE_CURVE('',#2348,#2338,#1412,.T.);
#2979=EDGE_CURVE('',#2345,#2348,#294,.T.);
#2980=EDGE_CURVE('',#2349,#2350,#1413,.T.);
#2981=EDGE_CURVE('',#2351,#2349,#295,.T.);
#2982=EDGE_CURVE('',#2352,#2351,#296,.T.);
#2983=EDGE_CURVE('',#2353,#2352,#1946,.T.);
#2984=EDGE_CURVE('',#2354,#2353,#297,.T.);
#2985=EDGE_CURVE('',#2355,#2354,#298,.T.);
#2986=EDGE_CURVE('',#2356,#2355,#1947,.T.);
#2987=EDGE_CURVE('',#2357,#2356,#1414,.T.);
#2988=EDGE_CURVE('',#2350,#2357,#1948,.T.);
#2989=EDGE_CURVE('',#2124,#2349,#1415,.T.);
#2990=EDGE_CURVE('',#2125,#2350,#1416,.T.);
#2991=EDGE_CURVE('',#2132,#2351,#1417,.T.);
#2992=EDGE_CURVE('',#2131,#2352,#1418,.T.);
#2993=EDGE_CURVE('',#2130,#2353,#1419,.T.);
#2994=EDGE_CURVE('',#2129,#2354,#1420,.T.);
#2995=EDGE_CURVE('',#2128,#2355,#1421,.T.);
#2996=EDGE_CURVE('',#2127,#2356,#1422,.T.);
#2997=EDGE_CURVE('',#2126,#2357,#1423,.T.);
#2998=EDGE_CURVE('',#2358,#2359,#299,.T.);
#2999=EDGE_CURVE('',#2360,#2358,#300,.T.);
#3000=EDGE_CURVE('',#2361,#2360,#301,.T.);
#3001=EDGE_CURVE('',#2362,#2361,#302,.T.);
#3002=EDGE_CURVE('',#2363,#2362,#303,.T.);
#3003=EDGE_CURVE('',#2364,#2363,#304,.T.);
#3004=EDGE_CURVE('',#2365,#2364,#305,.T.);
#3005=EDGE_CURVE('',#2366,#2365,#1424,.T.);
#3006=EDGE_CURVE('',#2367,#2366,#1949,.T.);
#3007=EDGE_CURVE('',#2368,#2367,#1425,.T.);
#3008=EDGE_CURVE('',#2369,#2368,#306,.T.);
#3009=EDGE_CURVE('',#2370,#2369,#307,.T.);
#3010=EDGE_CURVE('',#2371,#2370,#308,.T.);
#3011=EDGE_CURVE('',#2372,#2371,#309,.T.);
#3012=EDGE_CURVE('',#2373,#2372,#310,.T.);
#3013=EDGE_CURVE('',#2374,#2373,#311,.T.);
#3014=EDGE_CURVE('',#2375,#2374,#312,.T.);
#3015=EDGE_CURVE('',#2376,#2375,#313,.T.);
#3016=EDGE_CURVE('',#2377,#2376,#314,.T.);
#3017=EDGE_CURVE('',#2378,#2377,#315,.T.);
#3018=EDGE_CURVE('',#2379,#2378,#316,.T.);
#3019=EDGE_CURVE('',#2359,#2379,#317,.T.);
#3020=EDGE_CURVE('',#2133,#2358,#1426,.T.);
#3021=EDGE_CURVE('',#2134,#2359,#1427,.T.);
#3022=EDGE_CURVE('',#2154,#2360,#1428,.T.);
#3023=EDGE_CURVE('',#2153,#2361,#1429,.T.);
#3024=EDGE_CURVE('',#2152,#2362,#1430,.T.);
#3025=EDGE_CURVE('',#2151,#2363,#1431,.T.);
#3026=EDGE_CURVE('',#2150,#2364,#1432,.T.);
#3027=EDGE_CURVE('',#2149,#2365,#1433,.T.);
#3028=EDGE_CURVE('',#2148,#2366,#1434,.T.);
#3029=EDGE_CURVE('',#2147,#2367,#1435,.T.);
#3030=EDGE_CURVE('',#2146,#2368,#1436,.T.);
#3031=EDGE_CURVE('',#2145,#2369,#1437,.T.);
#3032=EDGE_CURVE('',#2144,#2370,#1438,.T.);
#3033=EDGE_CURVE('',#2143,#2371,#1439,.T.);
#3034=EDGE_CURVE('',#2142,#2372,#1440,.T.);
#3035=EDGE_CURVE('',#2141,#2373,#1441,.T.);
#3036=EDGE_CURVE('',#2140,#2374,#1442,.T.);
#3037=EDGE_CURVE('',#2139,#2375,#1443,.T.);
#3038=EDGE_CURVE('',#2138,#2376,#1444,.T.);
#3039=EDGE_CURVE('',#2137,#2377,#1445,.T.);
#3040=EDGE_CURVE('',#2136,#2378,#1446,.T.);
#3041=EDGE_CURVE('',#2135,#2379,#1447,.T.);
#3042=EDGE_CURVE('',#2380,#2381,#1950,.T.);
#3043=EDGE_CURVE('',#2382,#2380,#1448,.T.);
#3044=EDGE_CURVE('',#2383,#2382,#1951,.T.);
#3045=EDGE_CURVE('',#2384,#2383,#1449,.T.);
#3046=EDGE_CURVE('',#2385,#2384,#1952,.T.);
#3047=EDGE_CURVE('',#2381,#2385,#1450,.T.);
#3048=EDGE_CURVE('',#2155,#2380,#1451,.T.);
#3049=EDGE_CURVE('',#2156,#2381,#1452,.T.);
#3050=EDGE_CURVE('',#2160,#2382,#1453,.T.);
#3051=EDGE_CURVE('',#2159,#2383,#1454,.T.);
#3052=EDGE_CURVE('',#2158,#2384,#1455,.T.);
#3053=EDGE_CURVE('',#2157,#2385,#1456,.T.);
#3054=EDGE_CURVE('',#2386,#2387,#318,.T.);
#3055=EDGE_CURVE('',#2388,#2386,#319,.T.);
#3056=EDGE_CURVE('',#2389,#2388,#320,.T.);
#3057=EDGE_CURVE('',#2390,#2389,#321,.T.);
#3058=EDGE_CURVE('',#2391,#2390,#322,.T.);
#3059=EDGE_CURVE('',#2392,#2391,#323,.T.);
#3060=EDGE_CURVE('',#2393,#2392,#324,.T.);
#3061=EDGE_CURVE('',#2394,#2393,#325,.T.);
#3062=EDGE_CURVE('',#2395,#2394,#326,.T.);
#3063=EDGE_CURVE('',#2396,#2395,#327,.T.);
#3064=EDGE_CURVE('',#2397,#2396,#328,.T.);
#3065=EDGE_CURVE('',#2398,#2397,#329,.T.);
#3066=EDGE_CURVE('',#2399,#2398,#330,.T.);
#3067=EDGE_CURVE('',#2400,#2399,#331,.T.);
#3068=EDGE_CURVE('',#2401,#2400,#332,.T.);
#3069=EDGE_CURVE('',#2402,#2401,#333,.T.);
#3070=EDGE_CURVE('',#2403,#2402,#334,.T.);
#3071=EDGE_CURVE('',#2404,#2403,#335,.T.);
#3072=EDGE_CURVE('',#2387,#2404,#336,.T.);
#3073=EDGE_CURVE('',#2405,#2406,#337,.T.);
#3074=EDGE_CURVE('',#2407,#2405,#338,.T.);
#3075=EDGE_CURVE('',#2408,#2407,#339,.T.);
#3076=EDGE_CURVE('',#2409,#2408,#340,.T.);
#3077=EDGE_CURVE('',#2410,#2409,#341,.T.);
#3078=EDGE_CURVE('',#2411,#2410,#342,.T.);
#3079=EDGE_CURVE('',#2412,#2411,#343,.T.);
#3080=EDGE_CURVE('',#2413,#2412,#344,.T.);
#3081=EDGE_CURVE('',#2406,#2413,#345,.T.);
#3082=EDGE_CURVE('',#2414,#2415,#346,.T.);
#3083=EDGE_CURVE('',#2414,#2405,#1457,.T.);
#3084=EDGE_CURVE('',#2415,#2406,#1458,.T.);
#3085=EDGE_CURVE('',#2416,#2414,#347,.T.);
#3086=EDGE_CURVE('',#2416,#2407,#1459,.T.);
#3087=EDGE_CURVE('',#2417,#2416,#348,.T.);
#3088=EDGE_CURVE('',#2417,#2408,#1460,.T.);
#3089=EDGE_CURVE('',#2418,#2417,#349,.T.);
#3090=EDGE_CURVE('',#2418,#2409,#1461,.T.);
#3091=EDGE_CURVE('',#2419,#2418,#350,.T.);
#3092=EDGE_CURVE('',#2419,#2410,#1462,.T.);
#3093=EDGE_CURVE('',#2420,#2419,#351,.T.);
#3094=EDGE_CURVE('',#2420,#2411,#1463,.T.);
#3095=EDGE_CURVE('',#2421,#2420,#352,.T.);
#3096=EDGE_CURVE('',#2421,#2412,#1464,.T.);
#3097=EDGE_CURVE('',#2422,#2421,#353,.T.);
#3098=EDGE_CURVE('',#2422,#2413,#1465,.T.);
#3099=EDGE_CURVE('',#2415,#2422,#354,.T.);
#3100=EDGE_CURVE('',#2161,#2386,#1466,.T.);
#3101=EDGE_CURVE('',#2162,#2387,#1467,.T.);
#3102=EDGE_CURVE('',#2179,#2388,#1468,.T.);
#3103=EDGE_CURVE('',#2178,#2389,#1469,.T.);
#3104=EDGE_CURVE('',#2177,#2390,#1470,.T.);
#3105=EDGE_CURVE('',#2176,#2391,#1471,.T.);
#3106=EDGE_CURVE('',#2175,#2392,#1472,.T.);
#3107=EDGE_CURVE('',#2174,#2393,#1473,.T.);
#3108=EDGE_CURVE('',#2173,#2394,#1474,.T.);
#3109=EDGE_CURVE('',#2172,#2395,#1475,.T.);
#3110=EDGE_CURVE('',#2171,#2396,#1476,.T.);
#3111=EDGE_CURVE('',#2170,#2397,#1477,.T.);
#3112=EDGE_CURVE('',#2169,#2398,#1478,.T.);
#3113=EDGE_CURVE('',#2168,#2399,#1479,.T.);
#3114=EDGE_CURVE('',#2167,#2400,#1480,.T.);
#3115=EDGE_CURVE('',#2166,#2401,#1481,.T.);
#3116=EDGE_CURVE('',#2165,#2402,#1482,.T.);
#3117=EDGE_CURVE('',#2164,#2403,#1483,.T.);
#3118=EDGE_CURVE('',#2163,#2404,#1484,.T.);
#3119=EDGE_CURVE('',#2423,#2423,#1953,.T.);
#3120=EDGE_CURVE('',#2423,#2424,#1485,.T.);
#3121=EDGE_CURVE('',#2424,#2424,#1954,.T.);
#3122=EDGE_CURVE('',#2425,#2425,#1955,.T.);
#3123=EDGE_CURVE('',#2425,#2426,#1486,.T.);
#3124=EDGE_CURVE('',#2426,#2426,#1956,.T.);
#3125=EDGE_CURVE('',#2427,#2427,#1957,.T.);
#3126=EDGE_CURVE('',#2427,#2428,#1487,.T.);
#3127=EDGE_CURVE('',#2428,#2428,#1958,.T.);
#3128=EDGE_CURVE('',#2429,#2429,#1959,.T.);
#3129=EDGE_CURVE('',#2429,#2430,#1488,.T.);
#3130=EDGE_CURVE('',#2430,#2430,#1960,.T.);
#3131=EDGE_CURVE('',#2431,#2431,#1961,.T.);
#3132=EDGE_CURVE('',#2431,#2432,#1489,.T.);
#3133=EDGE_CURVE('',#2432,#2432,#1962,.T.);
#3134=EDGE_CURVE('',#2433,#2433,#1963,.T.);
#3135=EDGE_CURVE('',#2433,#2434,#1490,.T.);
#3136=EDGE_CURVE('',#2434,#2434,#1964,.T.);
#3137=EDGE_CURVE('',#2435,#2435,#1965,.T.);
#3138=EDGE_CURVE('',#2435,#2436,#1491,.T.);
#3139=EDGE_CURVE('',#2436,#2436,#1966,.T.);
#3140=EDGE_CURVE('',#2437,#2437,#1967,.T.);
#3141=EDGE_CURVE('',#2437,#2438,#1492,.T.);
#3142=EDGE_CURVE('',#2438,#2438,#1968,.T.);
#3143=EDGE_CURVE('',#2439,#2439,#1969,.T.);
#3144=EDGE_CURVE('',#2439,#2440,#1493,.T.);
#3145=EDGE_CURVE('',#2440,#2440,#1970,.T.);
#3146=ORIENTED_EDGE('',*,*,#2441,.F.);
#3147=ORIENTED_EDGE('',*,*,#2442,.T.);
#3148=ORIENTED_EDGE('',*,*,#2443,.F.);
#3149=ORIENTED_EDGE('',*,*,#2442,.F.);
#3150=ORIENTED_EDGE('',*,*,#2441,.T.);
#3151=ORIENTED_EDGE('',*,*,#2444,.F.);
#3152=ORIENTED_EDGE('',*,*,#2445,.T.);
#3153=ORIENTED_EDGE('',*,*,#2446,.F.);
#3154=ORIENTED_EDGE('',*,*,#2445,.F.);
#3155=ORIENTED_EDGE('',*,*,#2444,.T.);
#3156=ORIENTED_EDGE('',*,*,#2447,.F.);
#3157=ORIENTED_EDGE('',*,*,#2448,.T.);
#3158=ORIENTED_EDGE('',*,*,#2449,.T.);
#3159=ORIENTED_EDGE('',*,*,#2448,.F.);
#3160=ORIENTED_EDGE('',*,*,#2447,.T.);
#3161=ORIENTED_EDGE('',*,*,#2446,.T.);
#3162=ORIENTED_EDGE('',*,*,#2449,.F.);
#3163=ORIENTED_EDGE('',*,*,#2443,.T.);
#3164=ORIENTED_EDGE('',*,*,#2450,.F.);
#3165=ORIENTED_EDGE('',*,*,#2451,.F.);
#3166=ORIENTED_EDGE('',*,*,#2452,.F.);
#3167=ORIENTED_EDGE('',*,*,#2453,.F.);
#3168=ORIENTED_EDGE('',*,*,#2454,.F.);
#3169=ORIENTED_EDGE('',*,*,#2455,.F.);
#3170=ORIENTED_EDGE('',*,*,#2456,.F.);
#3171=ORIENTED_EDGE('',*,*,#2457,.F.);
#3172=ORIENTED_EDGE('',*,*,#2458,.F.);
#3173=ORIENTED_EDGE('',*,*,#2459,.F.);
#3174=ORIENTED_EDGE('',*,*,#2460,.F.);
#3175=ORIENTED_EDGE('',*,*,#2461,.F.);
#3176=ORIENTED_EDGE('',*,*,#2462,.F.);
#3177=ORIENTED_EDGE('',*,*,#2463,.T.);
#3178=ORIENTED_EDGE('',*,*,#2450,.T.);
#3179=ORIENTED_EDGE('',*,*,#2464,.F.);
#3180=ORIENTED_EDGE('',*,*,#2465,.F.);
#3181=ORIENTED_EDGE('',*,*,#2466,.T.);
#3182=ORIENTED_EDGE('',*,*,#2451,.T.);
#3183=ORIENTED_EDGE('',*,*,#2463,.F.);
#3184=ORIENTED_EDGE('',*,*,#2467,.F.);
#3185=ORIENTED_EDGE('',*,*,#2468,.T.);
#3186=ORIENTED_EDGE('',*,*,#2452,.T.);
#3187=ORIENTED_EDGE('',*,*,#2466,.F.);
#3188=ORIENTED_EDGE('',*,*,#2469,.F.);
#3189=ORIENTED_EDGE('',*,*,#2470,.T.);
#3190=ORIENTED_EDGE('',*,*,#2453,.T.);
#3191=ORIENTED_EDGE('',*,*,#2468,.F.);
#3192=ORIENTED_EDGE('',*,*,#2471,.F.);
#3193=ORIENTED_EDGE('',*,*,#2472,.T.);
#3194=ORIENTED_EDGE('',*,*,#2454,.T.);
#3195=ORIENTED_EDGE('',*,*,#2470,.F.);
#3196=ORIENTED_EDGE('',*,*,#2473,.F.);
#3197=ORIENTED_EDGE('',*,*,#2474,.T.);
#3198=ORIENTED_EDGE('',*,*,#2455,.T.);
#3199=ORIENTED_EDGE('',*,*,#2472,.F.);
#3200=ORIENTED_EDGE('',*,*,#2475,.F.);
#3201=ORIENTED_EDGE('',*,*,#2476,.T.);
#3202=ORIENTED_EDGE('',*,*,#2456,.T.);
#3203=ORIENTED_EDGE('',*,*,#2474,.F.);
#3204=ORIENTED_EDGE('',*,*,#2477,.F.);
#3205=ORIENTED_EDGE('',*,*,#2478,.T.);
#3206=ORIENTED_EDGE('',*,*,#2457,.T.);
#3207=ORIENTED_EDGE('',*,*,#2476,.F.);
#3208=ORIENTED_EDGE('',*,*,#2479,.F.);
#3209=ORIENTED_EDGE('',*,*,#2480,.T.);
#3210=ORIENTED_EDGE('',*,*,#2458,.T.);
#3211=ORIENTED_EDGE('',*,*,#2478,.F.);
#3212=ORIENTED_EDGE('',*,*,#2481,.F.);
#3213=ORIENTED_EDGE('',*,*,#2482,.T.);
#3214=ORIENTED_EDGE('',*,*,#2459,.T.);
#3215=ORIENTED_EDGE('',*,*,#2480,.F.);
#3216=ORIENTED_EDGE('',*,*,#2483,.F.);
#3217=ORIENTED_EDGE('',*,*,#2484,.T.);
#3218=ORIENTED_EDGE('',*,*,#2460,.T.);
#3219=ORIENTED_EDGE('',*,*,#2482,.F.);
#3220=ORIENTED_EDGE('',*,*,#2485,.F.);
#3221=ORIENTED_EDGE('',*,*,#2464,.T.);
#3222=ORIENTED_EDGE('',*,*,#2461,.T.);
#3223=ORIENTED_EDGE('',*,*,#2484,.F.);
#3224=ORIENTED_EDGE('',*,*,#2486,.F.);
#3225=ORIENTED_EDGE('',*,*,#2487,.F.);
#3226=ORIENTED_EDGE('',*,*,#2488,.F.);
#3227=ORIENTED_EDGE('',*,*,#2489,.F.);
#3228=ORIENTED_EDGE('',*,*,#2490,.F.);
#3229=ORIENTED_EDGE('',*,*,#2491,.F.);
#3230=ORIENTED_EDGE('',*,*,#2492,.F.);
#3231=ORIENTED_EDGE('',*,*,#2493,.F.);
#3232=ORIENTED_EDGE('',*,*,#2494,.F.);
#3233=ORIENTED_EDGE('',*,*,#2495,.F.);
#3234=ORIENTED_EDGE('',*,*,#2496,.F.);
#3235=ORIENTED_EDGE('',*,*,#2497,.F.);
#3236=ORIENTED_EDGE('',*,*,#2498,.F.);
#3237=ORIENTED_EDGE('',*,*,#2499,.F.);
#3238=ORIENTED_EDGE('',*,*,#2500,.F.);
#3239=ORIENTED_EDGE('',*,*,#2501,.F.);
#3240=ORIENTED_EDGE('',*,*,#2502,.F.);
#3241=ORIENTED_EDGE('',*,*,#2503,.F.);
#3242=ORIENTED_EDGE('',*,*,#2504,.F.);
#3243=ORIENTED_EDGE('',*,*,#2505,.F.);
#3244=ORIENTED_EDGE('',*,*,#2506,.F.);
#3245=ORIENTED_EDGE('',*,*,#2507,.F.);
#3246=ORIENTED_EDGE('',*,*,#2508,.F.);
#3247=ORIENTED_EDGE('',*,*,#2509,.F.);
#3248=ORIENTED_EDGE('',*,*,#2510,.F.);
#3249=ORIENTED_EDGE('',*,*,#2511,.F.);
#3250=ORIENTED_EDGE('',*,*,#2512,.F.);
#3251=ORIENTED_EDGE('',*,*,#2513,.F.);
#3252=ORIENTED_EDGE('',*,*,#2514,.T.);
#3253=ORIENTED_EDGE('',*,*,#2486,.T.);
#3254=ORIENTED_EDGE('',*,*,#2515,.F.);
#3255=ORIENTED_EDGE('',*,*,#2516,.F.);
#3256=ORIENTED_EDGE('',*,*,#2517,.T.);
#3257=ORIENTED_EDGE('',*,*,#2487,.T.);
#3258=ORIENTED_EDGE('',*,*,#2514,.F.);
#3259=ORIENTED_EDGE('',*,*,#2518,.F.);
#3260=ORIENTED_EDGE('',*,*,#2519,.T.);
#3261=ORIENTED_EDGE('',*,*,#2488,.T.);
#3262=ORIENTED_EDGE('',*,*,#2517,.F.);
#3263=ORIENTED_EDGE('',*,*,#2520,.F.);
#3264=ORIENTED_EDGE('',*,*,#2521,.T.);
#3265=ORIENTED_EDGE('',*,*,#2489,.T.);
#3266=ORIENTED_EDGE('',*,*,#2519,.F.);
#3267=ORIENTED_EDGE('',*,*,#2522,.F.);
#3268=ORIENTED_EDGE('',*,*,#2523,.T.);
#3269=ORIENTED_EDGE('',*,*,#2490,.T.);
#3270=ORIENTED_EDGE('',*,*,#2521,.F.);
#3271=ORIENTED_EDGE('',*,*,#2524,.F.);
#3272=ORIENTED_EDGE('',*,*,#2525,.T.);
#3273=ORIENTED_EDGE('',*,*,#2491,.T.);
#3274=ORIENTED_EDGE('',*,*,#2523,.F.);
#3275=ORIENTED_EDGE('',*,*,#2526,.F.);
#3276=ORIENTED_EDGE('',*,*,#2527,.T.);
#3277=ORIENTED_EDGE('',*,*,#2492,.T.);
#3278=ORIENTED_EDGE('',*,*,#2525,.F.);
#3279=ORIENTED_EDGE('',*,*,#2528,.F.);
#3280=ORIENTED_EDGE('',*,*,#2529,.T.);
#3281=ORIENTED_EDGE('',*,*,#2493,.T.);
#3282=ORIENTED_EDGE('',*,*,#2527,.F.);
#3283=ORIENTED_EDGE('',*,*,#2530,.F.);
#3284=ORIENTED_EDGE('',*,*,#2531,.T.);
#3285=ORIENTED_EDGE('',*,*,#2494,.T.);
#3286=ORIENTED_EDGE('',*,*,#2529,.F.);
#3287=ORIENTED_EDGE('',*,*,#2532,.F.);
#3288=ORIENTED_EDGE('',*,*,#2533,.T.);
#3289=ORIENTED_EDGE('',*,*,#2495,.T.);
#3290=ORIENTED_EDGE('',*,*,#2531,.F.);
#3291=ORIENTED_EDGE('',*,*,#2534,.F.);
#3292=ORIENTED_EDGE('',*,*,#2535,.T.);
#3293=ORIENTED_EDGE('',*,*,#2496,.T.);
#3294=ORIENTED_EDGE('',*,*,#2533,.F.);
#3295=ORIENTED_EDGE('',*,*,#2536,.F.);
#3296=ORIENTED_EDGE('',*,*,#2537,.T.);
#3297=ORIENTED_EDGE('',*,*,#2497,.T.);
#3298=ORIENTED_EDGE('',*,*,#2535,.F.);
#3299=ORIENTED_EDGE('',*,*,#2538,.F.);
#3300=ORIENTED_EDGE('',*,*,#2539,.T.);
#3301=ORIENTED_EDGE('',*,*,#2498,.T.);
#3302=ORIENTED_EDGE('',*,*,#2537,.F.);
#3303=ORIENTED_EDGE('',*,*,#2540,.F.);
#3304=ORIENTED_EDGE('',*,*,#2541,.T.);
#3305=ORIENTED_EDGE('',*,*,#2499,.T.);
#3306=ORIENTED_EDGE('',*,*,#2539,.F.);
#3307=ORIENTED_EDGE('',*,*,#2542,.F.);
#3308=ORIENTED_EDGE('',*,*,#2543,.T.);
#3309=ORIENTED_EDGE('',*,*,#2500,.T.);
#3310=ORIENTED_EDGE('',*,*,#2541,.F.);
#3311=ORIENTED_EDGE('',*,*,#2544,.F.);
#3312=ORIENTED_EDGE('',*,*,#2545,.T.);
#3313=ORIENTED_EDGE('',*,*,#2501,.T.);
#3314=ORIENTED_EDGE('',*,*,#2543,.F.);
#3315=ORIENTED_EDGE('',*,*,#2546,.F.);
#3316=ORIENTED_EDGE('',*,*,#2547,.T.);
#3317=ORIENTED_EDGE('',*,*,#2502,.T.);
#3318=ORIENTED_EDGE('',*,*,#2545,.F.);
#3319=ORIENTED_EDGE('',*,*,#2548,.F.);
#3320=ORIENTED_EDGE('',*,*,#2549,.T.);
#3321=ORIENTED_EDGE('',*,*,#2503,.T.);
#3322=ORIENTED_EDGE('',*,*,#2547,.F.);
#3323=ORIENTED_EDGE('',*,*,#2550,.F.);
#3324=ORIENTED_EDGE('',*,*,#2515,.T.);
#3325=ORIENTED_EDGE('',*,*,#2504,.T.);
#3326=ORIENTED_EDGE('',*,*,#2549,.F.);
#3327=ORIENTED_EDGE('',*,*,#2551,.F.);
#3328=ORIENTED_EDGE('',*,*,#2552,.T.);
#3329=ORIENTED_EDGE('',*,*,#2505,.T.);
#3330=ORIENTED_EDGE('',*,*,#2553,.F.);
#3331=ORIENTED_EDGE('',*,*,#2554,.F.);
#3332=ORIENTED_EDGE('',*,*,#2555,.T.);
#3333=ORIENTED_EDGE('',*,*,#2506,.T.);
#3334=ORIENTED_EDGE('',*,*,#2552,.F.);
#3335=ORIENTED_EDGE('',*,*,#2556,.F.);
#3336=ORIENTED_EDGE('',*,*,#2557,.T.);
#3337=ORIENTED_EDGE('',*,*,#2507,.T.);
#3338=ORIENTED_EDGE('',*,*,#2555,.F.);
#3339=ORIENTED_EDGE('',*,*,#2558,.F.);
#3340=ORIENTED_EDGE('',*,*,#2559,.T.);
#3341=ORIENTED_EDGE('',*,*,#2508,.T.);
#3342=ORIENTED_EDGE('',*,*,#2557,.F.);
#3343=ORIENTED_EDGE('',*,*,#2560,.F.);
#3344=ORIENTED_EDGE('',*,*,#2561,.T.);
#3345=ORIENTED_EDGE('',*,*,#2509,.T.);
#3346=ORIENTED_EDGE('',*,*,#2559,.F.);
#3347=ORIENTED_EDGE('',*,*,#2562,.F.);
#3348=ORIENTED_EDGE('',*,*,#2563,.T.);
#3349=ORIENTED_EDGE('',*,*,#2510,.T.);
#3350=ORIENTED_EDGE('',*,*,#2561,.F.);
#3351=ORIENTED_EDGE('',*,*,#2564,.F.);
#3352=ORIENTED_EDGE('',*,*,#2565,.T.);
#3353=ORIENTED_EDGE('',*,*,#2511,.T.);
#3354=ORIENTED_EDGE('',*,*,#2563,.F.);
#3355=ORIENTED_EDGE('',*,*,#2566,.F.);
#3356=ORIENTED_EDGE('',*,*,#2553,.T.);
#3357=ORIENTED_EDGE('',*,*,#2512,.T.);
#3358=ORIENTED_EDGE('',*,*,#2565,.F.);
#3359=ORIENTED_EDGE('',*,*,#2551,.T.);
#3360=ORIENTED_EDGE('',*,*,#2566,.T.);
#3361=ORIENTED_EDGE('',*,*,#2564,.T.);
#3362=ORIENTED_EDGE('',*,*,#2562,.T.);
#3363=ORIENTED_EDGE('',*,*,#2560,.T.);
#3364=ORIENTED_EDGE('',*,*,#2558,.T.);
#3365=ORIENTED_EDGE('',*,*,#2556,.T.);
#3366=ORIENTED_EDGE('',*,*,#2554,.T.);
#3367=ORIENTED_EDGE('',*,*,#2567,.F.);
#3368=ORIENTED_EDGE('',*,*,#2568,.F.);
#3369=ORIENTED_EDGE('',*,*,#2569,.F.);
#3370=ORIENTED_EDGE('',*,*,#2570,.F.);
#3371=ORIENTED_EDGE('',*,*,#2571,.F.);
#3372=ORIENTED_EDGE('',*,*,#2572,.F.);
#3373=ORIENTED_EDGE('',*,*,#2573,.F.);
#3374=ORIENTED_EDGE('',*,*,#2574,.F.);
#3375=ORIENTED_EDGE('',*,*,#2575,.F.);
#3376=ORIENTED_EDGE('',*,*,#2576,.F.);
#3377=ORIENTED_EDGE('',*,*,#2577,.T.);
#3378=ORIENTED_EDGE('',*,*,#2567,.T.);
#3379=ORIENTED_EDGE('',*,*,#2578,.F.);
#3380=ORIENTED_EDGE('',*,*,#2579,.F.);
#3381=ORIENTED_EDGE('',*,*,#2580,.T.);
#3382=ORIENTED_EDGE('',*,*,#2568,.T.);
#3383=ORIENTED_EDGE('',*,*,#2577,.F.);
#3384=ORIENTED_EDGE('',*,*,#2581,.F.);
#3385=ORIENTED_EDGE('',*,*,#2582,.T.);
#3386=ORIENTED_EDGE('',*,*,#2569,.T.);
#3387=ORIENTED_EDGE('',*,*,#2580,.F.);
#3388=ORIENTED_EDGE('',*,*,#2583,.F.);
#3389=ORIENTED_EDGE('',*,*,#2584,.T.);
#3390=ORIENTED_EDGE('',*,*,#2570,.T.);
#3391=ORIENTED_EDGE('',*,*,#2582,.F.);
#3392=ORIENTED_EDGE('',*,*,#2585,.F.);
#3393=ORIENTED_EDGE('',*,*,#2586,.T.);
#3394=ORIENTED_EDGE('',*,*,#2571,.T.);
#3395=ORIENTED_EDGE('',*,*,#2584,.F.);
#3396=ORIENTED_EDGE('',*,*,#2587,.F.);
#3397=ORIENTED_EDGE('',*,*,#2588,.T.);
#3398=ORIENTED_EDGE('',*,*,#2572,.T.);
#3399=ORIENTED_EDGE('',*,*,#2586,.F.);
#3400=ORIENTED_EDGE('',*,*,#2589,.F.);
#3401=ORIENTED_EDGE('',*,*,#2590,.T.);
#3402=ORIENTED_EDGE('',*,*,#2573,.T.);
#3403=ORIENTED_EDGE('',*,*,#2588,.F.);
#3404=ORIENTED_EDGE('',*,*,#2591,.F.);
#3405=ORIENTED_EDGE('',*,*,#2592,.T.);
#3406=ORIENTED_EDGE('',*,*,#2574,.T.);
#3407=ORIENTED_EDGE('',*,*,#2590,.F.);
#3408=ORIENTED_EDGE('',*,*,#2593,.F.);
#3409=ORIENTED_EDGE('',*,*,#2578,.T.);
#3410=ORIENTED_EDGE('',*,*,#2575,.T.);
#3411=ORIENTED_EDGE('',*,*,#2592,.F.);
#3412=ORIENTED_EDGE('',*,*,#2594,.F.);
#3413=ORIENTED_EDGE('',*,*,#2595,.F.);
#3414=ORIENTED_EDGE('',*,*,#2596,.F.);
#3415=ORIENTED_EDGE('',*,*,#2597,.F.);
#3416=ORIENTED_EDGE('',*,*,#2598,.F.);
#3417=ORIENTED_EDGE('',*,*,#2599,.T.);
#3418=ORIENTED_EDGE('',*,*,#2594,.T.);
#3419=ORIENTED_EDGE('',*,*,#2600,.F.);
#3420=ORIENTED_EDGE('',*,*,#2601,.F.);
#3421=ORIENTED_EDGE('',*,*,#2602,.T.);
#3422=ORIENTED_EDGE('',*,*,#2595,.T.);
#3423=ORIENTED_EDGE('',*,*,#2599,.F.);
#3424=ORIENTED_EDGE('',*,*,#2603,.F.);
#3425=ORIENTED_EDGE('',*,*,#2604,.T.);
#3426=ORIENTED_EDGE('',*,*,#2596,.T.);
#3427=ORIENTED_EDGE('',*,*,#2602,.F.);
#3428=ORIENTED_EDGE('',*,*,#2605,.F.);
#3429=ORIENTED_EDGE('',*,*,#2600,.T.);
#3430=ORIENTED_EDGE('',*,*,#2597,.T.);
#3431=ORIENTED_EDGE('',*,*,#2604,.F.);
#3432=ORIENTED_EDGE('',*,*,#2606,.F.);
#3433=ORIENTED_EDGE('',*,*,#2607,.F.);
#3434=ORIENTED_EDGE('',*,*,#2608,.F.);
#3435=ORIENTED_EDGE('',*,*,#2609,.F.);
#3436=ORIENTED_EDGE('',*,*,#2610,.F.);
#3437=ORIENTED_EDGE('',*,*,#2611,.F.);
#3438=ORIENTED_EDGE('',*,*,#2612,.F.);
#3439=ORIENTED_EDGE('',*,*,#2613,.F.);
#3440=ORIENTED_EDGE('',*,*,#2614,.F.);
#3441=ORIENTED_EDGE('',*,*,#2615,.F.);
#3442=ORIENTED_EDGE('',*,*,#2616,.F.);
#3443=ORIENTED_EDGE('',*,*,#2617,.F.);
#3444=ORIENTED_EDGE('',*,*,#2618,.F.);
#3445=ORIENTED_EDGE('',*,*,#2619,.F.);
#3446=ORIENTED_EDGE('',*,*,#2620,.T.);
#3447=ORIENTED_EDGE('',*,*,#2614,.T.);
#3448=ORIENTED_EDGE('',*,*,#2621,.F.);
#3449=ORIENTED_EDGE('',*,*,#2622,.F.);
#3450=ORIENTED_EDGE('',*,*,#2623,.T.);
#3451=ORIENTED_EDGE('',*,*,#2615,.T.);
#3452=ORIENTED_EDGE('',*,*,#2620,.F.);
#3453=ORIENTED_EDGE('',*,*,#2624,.F.);
#3454=ORIENTED_EDGE('',*,*,#2625,.T.);
#3455=ORIENTED_EDGE('',*,*,#2616,.T.);
#3456=ORIENTED_EDGE('',*,*,#2623,.F.);
#3457=ORIENTED_EDGE('',*,*,#2626,.F.);
#3458=ORIENTED_EDGE('',*,*,#2627,.T.);
#3459=ORIENTED_EDGE('',*,*,#2617,.T.);
#3460=ORIENTED_EDGE('',*,*,#2625,.F.);
#3461=ORIENTED_EDGE('',*,*,#2628,.F.);
#3462=ORIENTED_EDGE('',*,*,#2621,.T.);
#3463=ORIENTED_EDGE('',*,*,#2618,.T.);
#3464=ORIENTED_EDGE('',*,*,#2627,.F.);
#3465=ORIENTED_EDGE('',*,*,#2629,.F.);
#3466=ORIENTED_EDGE('',*,*,#2630,.T.);
#3467=ORIENTED_EDGE('',*,*,#2606,.T.);
#3468=ORIENTED_EDGE('',*,*,#2631,.F.);
#3469=ORIENTED_EDGE('',*,*,#2632,.F.);
#3470=ORIENTED_EDGE('',*,*,#2633,.T.);
#3471=ORIENTED_EDGE('',*,*,#2607,.T.);
#3472=ORIENTED_EDGE('',*,*,#2630,.F.);
#3473=ORIENTED_EDGE('',*,*,#2634,.F.);
#3474=ORIENTED_EDGE('',*,*,#2635,.T.);
#3475=ORIENTED_EDGE('',*,*,#2608,.T.);
#3476=ORIENTED_EDGE('',*,*,#2633,.F.);
#3477=ORIENTED_EDGE('',*,*,#2636,.F.);
#3478=ORIENTED_EDGE('',*,*,#2637,.T.);
#3479=ORIENTED_EDGE('',*,*,#2609,.T.);
#3480=ORIENTED_EDGE('',*,*,#2635,.F.);
#3481=ORIENTED_EDGE('',*,*,#2638,.F.);
#3482=ORIENTED_EDGE('',*,*,#2639,.T.);
#3483=ORIENTED_EDGE('',*,*,#2610,.T.);
#3484=ORIENTED_EDGE('',*,*,#2637,.F.);
#3485=ORIENTED_EDGE('',*,*,#2640,.F.);
#3486=ORIENTED_EDGE('',*,*,#2641,.T.);
#3487=ORIENTED_EDGE('',*,*,#2611,.T.);
#3488=ORIENTED_EDGE('',*,*,#2639,.F.);
#3489=ORIENTED_EDGE('',*,*,#2642,.F.);
#3490=ORIENTED_EDGE('',*,*,#2643,.T.);
#3491=ORIENTED_EDGE('',*,*,#2612,.T.);
#3492=ORIENTED_EDGE('',*,*,#2641,.F.);
#3493=ORIENTED_EDGE('',*,*,#2644,.F.);
#3494=ORIENTED_EDGE('',*,*,#2631,.T.);
#3495=ORIENTED_EDGE('',*,*,#2613,.T.);
#3496=ORIENTED_EDGE('',*,*,#2643,.F.);
#3497=ORIENTED_EDGE('',*,*,#2645,.F.);
#3498=ORIENTED_EDGE('',*,*,#2646,.T.);
#3499=ORIENTED_EDGE('',*,*,#2647,.T.);
#3500=ORIENTED_EDGE('',*,*,#2646,.F.);
#3501=ORIENTED_EDGE('',*,*,#2462,.T.);
#3502=ORIENTED_EDGE('',*,*,#2485,.T.);
#3503=ORIENTED_EDGE('',*,*,#2483,.T.);
#3504=ORIENTED_EDGE('',*,*,#2481,.T.);
#3505=ORIENTED_EDGE('',*,*,#2479,.T.);
#3506=ORIENTED_EDGE('',*,*,#2477,.T.);
#3507=ORIENTED_EDGE('',*,*,#2475,.T.);
#3508=ORIENTED_EDGE('',*,*,#2473,.T.);
#3509=ORIENTED_EDGE('',*,*,#2471,.T.);
#3510=ORIENTED_EDGE('',*,*,#2469,.T.);
#3511=ORIENTED_EDGE('',*,*,#2467,.T.);
#3512=ORIENTED_EDGE('',*,*,#2465,.T.);
#3513=ORIENTED_EDGE('',*,*,#2513,.T.);
#3514=ORIENTED_EDGE('',*,*,#2550,.T.);
#3515=ORIENTED_EDGE('',*,*,#2548,.T.);
#3516=ORIENTED_EDGE('',*,*,#2546,.T.);
#3517=ORIENTED_EDGE('',*,*,#2544,.T.);
#3518=ORIENTED_EDGE('',*,*,#2542,.T.);
#3519=ORIENTED_EDGE('',*,*,#2540,.T.);
#3520=ORIENTED_EDGE('',*,*,#2538,.T.);
#3521=ORIENTED_EDGE('',*,*,#2536,.T.);
#3522=ORIENTED_EDGE('',*,*,#2534,.T.);
#3523=ORIENTED_EDGE('',*,*,#2532,.T.);
#3524=ORIENTED_EDGE('',*,*,#2530,.T.);
#3525=ORIENTED_EDGE('',*,*,#2528,.T.);
#3526=ORIENTED_EDGE('',*,*,#2526,.T.);
#3527=ORIENTED_EDGE('',*,*,#2524,.T.);
#3528=ORIENTED_EDGE('',*,*,#2522,.T.);
#3529=ORIENTED_EDGE('',*,*,#2520,.T.);
#3530=ORIENTED_EDGE('',*,*,#2518,.T.);
#3531=ORIENTED_EDGE('',*,*,#2516,.T.);
#3532=ORIENTED_EDGE('',*,*,#2576,.T.);
#3533=ORIENTED_EDGE('',*,*,#2593,.T.);
#3534=ORIENTED_EDGE('',*,*,#2591,.T.);
#3535=ORIENTED_EDGE('',*,*,#2589,.T.);
#3536=ORIENTED_EDGE('',*,*,#2587,.T.);
#3537=ORIENTED_EDGE('',*,*,#2585,.T.);
#3538=ORIENTED_EDGE('',*,*,#2583,.T.);
#3539=ORIENTED_EDGE('',*,*,#2581,.T.);
#3540=ORIENTED_EDGE('',*,*,#2579,.T.);
#3541=ORIENTED_EDGE('',*,*,#2598,.T.);
#3542=ORIENTED_EDGE('',*,*,#2605,.T.);
#3543=ORIENTED_EDGE('',*,*,#2603,.T.);
#3544=ORIENTED_EDGE('',*,*,#2601,.T.);
#3545=ORIENTED_EDGE('',*,*,#2648,.T.);
#3546=ORIENTED_EDGE('',*,*,#2649,.T.);
#3547=ORIENTED_EDGE('',*,*,#2650,.T.);
#3548=ORIENTED_EDGE('',*,*,#2651,.T.);
#3549=ORIENTED_EDGE('',*,*,#2652,.T.);
#3550=ORIENTED_EDGE('',*,*,#2653,.T.);
#3551=ORIENTED_EDGE('',*,*,#2654,.T.);
#3552=ORIENTED_EDGE('',*,*,#2655,.T.);
#3553=ORIENTED_EDGE('',*,*,#2656,.T.);
#3554=ORIENTED_EDGE('',*,*,#2657,.T.);
#3555=ORIENTED_EDGE('',*,*,#2658,.T.);
#3556=ORIENTED_EDGE('',*,*,#2659,.T.);
#3557=ORIENTED_EDGE('',*,*,#2660,.T.);
#3558=ORIENTED_EDGE('',*,*,#2661,.T.);
#3559=ORIENTED_EDGE('',*,*,#2662,.T.);
#3560=ORIENTED_EDGE('',*,*,#2663,.T.);
#3561=ORIENTED_EDGE('',*,*,#2664,.T.);
#3562=ORIENTED_EDGE('',*,*,#2665,.T.);
#3563=ORIENTED_EDGE('',*,*,#2666,.T.);
#3564=ORIENTED_EDGE('',*,*,#2667,.T.);
#3565=ORIENTED_EDGE('',*,*,#2668,.T.);
#3566=ORIENTED_EDGE('',*,*,#2669,.T.);
#3567=ORIENTED_EDGE('',*,*,#2670,.T.);
#3568=ORIENTED_EDGE('',*,*,#2671,.T.);
#3569=ORIENTED_EDGE('',*,*,#2672,.T.);
#3570=ORIENTED_EDGE('',*,*,#2673,.T.);
#3571=ORIENTED_EDGE('',*,*,#2674,.T.);
#3572=ORIENTED_EDGE('',*,*,#2675,.T.);
#3573=ORIENTED_EDGE('',*,*,#2676,.T.);
#3574=ORIENTED_EDGE('',*,*,#2677,.T.);
#3575=ORIENTED_EDGE('',*,*,#2678,.T.);
#3576=ORIENTED_EDGE('',*,*,#2679,.T.);
#3577=ORIENTED_EDGE('',*,*,#2680,.T.);
#3578=ORIENTED_EDGE('',*,*,#2681,.T.);
#3579=ORIENTED_EDGE('',*,*,#2682,.T.);
#3580=ORIENTED_EDGE('',*,*,#2683,.T.);
#3581=ORIENTED_EDGE('',*,*,#2684,.T.);
#3582=ORIENTED_EDGE('',*,*,#2685,.T.);
#3583=ORIENTED_EDGE('',*,*,#2686,.T.);
#3584=ORIENTED_EDGE('',*,*,#2687,.T.);
#3585=ORIENTED_EDGE('',*,*,#2688,.T.);
#3586=ORIENTED_EDGE('',*,*,#2689,.T.);
#3587=ORIENTED_EDGE('',*,*,#2690,.T.);
#3588=ORIENTED_EDGE('',*,*,#2691,.T.);
#3589=ORIENTED_EDGE('',*,*,#2692,.T.);
#3590=ORIENTED_EDGE('',*,*,#2693,.T.);
#3591=ORIENTED_EDGE('',*,*,#2694,.T.);
#3592=ORIENTED_EDGE('',*,*,#2695,.T.);
#3593=ORIENTED_EDGE('',*,*,#2696,.T.);
#3594=ORIENTED_EDGE('',*,*,#2697,.T.);
#3595=ORIENTED_EDGE('',*,*,#2698,.T.);
#3596=ORIENTED_EDGE('',*,*,#2699,.T.);
#3597=ORIENTED_EDGE('',*,*,#2700,.T.);
#3598=ORIENTED_EDGE('',*,*,#2701,.T.);
#3599=ORIENTED_EDGE('',*,*,#2702,.T.);
#3600=ORIENTED_EDGE('',*,*,#2703,.T.);
#3601=ORIENTED_EDGE('',*,*,#2704,.T.);
#3602=ORIENTED_EDGE('',*,*,#2705,.T.);
#3603=ORIENTED_EDGE('',*,*,#2706,.T.);
#3604=ORIENTED_EDGE('',*,*,#2707,.T.);
#3605=ORIENTED_EDGE('',*,*,#2708,.T.);
#3606=ORIENTED_EDGE('',*,*,#2709,.T.);
#3607=ORIENTED_EDGE('',*,*,#2710,.T.);
#3608=ORIENTED_EDGE('',*,*,#2711,.T.);
#3609=ORIENTED_EDGE('',*,*,#2712,.T.);
#3610=ORIENTED_EDGE('',*,*,#2713,.T.);
#3611=ORIENTED_EDGE('',*,*,#2714,.T.);
#3612=ORIENTED_EDGE('',*,*,#2715,.T.);
#3613=ORIENTED_EDGE('',*,*,#2716,.T.);
#3614=ORIENTED_EDGE('',*,*,#2717,.T.);
#3615=ORIENTED_EDGE('',*,*,#2718,.T.);
#3616=ORIENTED_EDGE('',*,*,#2719,.T.);
#3617=ORIENTED_EDGE('',*,*,#2720,.T.);
#3618=ORIENTED_EDGE('',*,*,#2721,.T.);
#3619=ORIENTED_EDGE('',*,*,#2722,.T.);
#3620=ORIENTED_EDGE('',*,*,#2723,.T.);
#3621=ORIENTED_EDGE('',*,*,#2724,.T.);
#3622=ORIENTED_EDGE('',*,*,#2725,.T.);
#3623=ORIENTED_EDGE('',*,*,#2726,.T.);
#3624=ORIENTED_EDGE('',*,*,#2727,.T.);
#3625=ORIENTED_EDGE('',*,*,#2728,.T.);
#3626=ORIENTED_EDGE('',*,*,#2729,.T.);
#3627=ORIENTED_EDGE('',*,*,#2730,.T.);
#3628=ORIENTED_EDGE('',*,*,#2731,.T.);
#3629=ORIENTED_EDGE('',*,*,#2732,.T.);
#3630=ORIENTED_EDGE('',*,*,#2733,.T.);
#3631=ORIENTED_EDGE('',*,*,#2734,.T.);
#3632=ORIENTED_EDGE('',*,*,#2735,.T.);
#3633=ORIENTED_EDGE('',*,*,#2736,.T.);
#3634=ORIENTED_EDGE('',*,*,#2737,.T.);
#3635=ORIENTED_EDGE('',*,*,#2738,.T.);
#3636=ORIENTED_EDGE('',*,*,#2739,.T.);
#3637=ORIENTED_EDGE('',*,*,#2740,.T.);
#3638=ORIENTED_EDGE('',*,*,#2741,.T.);
#3639=ORIENTED_EDGE('',*,*,#2742,.T.);
#3640=ORIENTED_EDGE('',*,*,#2743,.T.);
#3641=ORIENTED_EDGE('',*,*,#2744,.T.);
#3642=ORIENTED_EDGE('',*,*,#2745,.T.);
#3643=ORIENTED_EDGE('',*,*,#2746,.T.);
#3644=ORIENTED_EDGE('',*,*,#2747,.T.);
#3645=ORIENTED_EDGE('',*,*,#2748,.T.);
#3646=ORIENTED_EDGE('',*,*,#2749,.T.);
#3647=ORIENTED_EDGE('',*,*,#2750,.T.);
#3648=ORIENTED_EDGE('',*,*,#2751,.T.);
#3649=ORIENTED_EDGE('',*,*,#2752,.T.);
#3650=ORIENTED_EDGE('',*,*,#2753,.T.);
#3651=ORIENTED_EDGE('',*,*,#2754,.T.);
#3652=ORIENTED_EDGE('',*,*,#2755,.T.);
#3653=ORIENTED_EDGE('',*,*,#2756,.T.);
#3654=ORIENTED_EDGE('',*,*,#2757,.T.);
#3655=ORIENTED_EDGE('',*,*,#2758,.T.);
#3656=ORIENTED_EDGE('',*,*,#2759,.T.);
#3657=ORIENTED_EDGE('',*,*,#2760,.T.);
#3658=ORIENTED_EDGE('',*,*,#2761,.T.);
#3659=ORIENTED_EDGE('',*,*,#2762,.T.);
#3660=ORIENTED_EDGE('',*,*,#2763,.T.);
#3661=ORIENTED_EDGE('',*,*,#2764,.T.);
#3662=ORIENTED_EDGE('',*,*,#2765,.T.);
#3663=ORIENTED_EDGE('',*,*,#2766,.T.);
#3664=ORIENTED_EDGE('',*,*,#2767,.T.);
#3665=ORIENTED_EDGE('',*,*,#2768,.T.);
#3666=ORIENTED_EDGE('',*,*,#2769,.T.);
#3667=ORIENTED_EDGE('',*,*,#2770,.T.);
#3668=ORIENTED_EDGE('',*,*,#2771,.T.);
#3669=ORIENTED_EDGE('',*,*,#2772,.T.);
#3670=ORIENTED_EDGE('',*,*,#2773,.T.);
#3671=ORIENTED_EDGE('',*,*,#2774,.T.);
#3672=ORIENTED_EDGE('',*,*,#2775,.T.);
#3673=ORIENTED_EDGE('',*,*,#2776,.T.);
#3674=ORIENTED_EDGE('',*,*,#2777,.T.);
#3675=ORIENTED_EDGE('',*,*,#2778,.T.);
#3676=ORIENTED_EDGE('',*,*,#2779,.T.);
#3677=ORIENTED_EDGE('',*,*,#2780,.T.);
#3678=ORIENTED_EDGE('',*,*,#2629,.T.);
#3679=ORIENTED_EDGE('',*,*,#2644,.T.);
#3680=ORIENTED_EDGE('',*,*,#2642,.T.);
#3681=ORIENTED_EDGE('',*,*,#2640,.T.);
#3682=ORIENTED_EDGE('',*,*,#2638,.T.);
#3683=ORIENTED_EDGE('',*,*,#2636,.T.);
#3684=ORIENTED_EDGE('',*,*,#2634,.T.);
#3685=ORIENTED_EDGE('',*,*,#2632,.T.);
#3686=ORIENTED_EDGE('',*,*,#2781,.F.);
#3687=ORIENTED_EDGE('',*,*,#2782,.F.);
#3688=ORIENTED_EDGE('',*,*,#2783,.F.);
#3689=ORIENTED_EDGE('',*,*,#2784,.F.);
#3690=ORIENTED_EDGE('',*,*,#2785,.F.);
#3691=ORIENTED_EDGE('',*,*,#2786,.F.);
#3692=ORIENTED_EDGE('',*,*,#2787,.F.);
#3693=ORIENTED_EDGE('',*,*,#2788,.F.);
#3694=ORIENTED_EDGE('',*,*,#2789,.F.);
#3695=ORIENTED_EDGE('',*,*,#2790,.F.);
#3696=ORIENTED_EDGE('',*,*,#2791,.F.);
#3697=ORIENTED_EDGE('',*,*,#2792,.F.);
#3698=ORIENTED_EDGE('',*,*,#2769,.F.);
#3699=ORIENTED_EDGE('',*,*,#2793,.T.);
#3700=ORIENTED_EDGE('',*,*,#2781,.T.);
#3701=ORIENTED_EDGE('',*,*,#2794,.F.);
#3702=ORIENTED_EDGE('',*,*,#2780,.F.);
#3703=ORIENTED_EDGE('',*,*,#2795,.T.);
#3704=ORIENTED_EDGE('',*,*,#2782,.T.);
#3705=ORIENTED_EDGE('',*,*,#2793,.F.);
#3706=ORIENTED_EDGE('',*,*,#2779,.F.);
#3707=ORIENTED_EDGE('',*,*,#2796,.T.);
#3708=ORIENTED_EDGE('',*,*,#2783,.T.);
#3709=ORIENTED_EDGE('',*,*,#2795,.F.);
#3710=ORIENTED_EDGE('',*,*,#2778,.F.);
#3711=ORIENTED_EDGE('',*,*,#2797,.T.);
#3712=ORIENTED_EDGE('',*,*,#2784,.T.);
#3713=ORIENTED_EDGE('',*,*,#2796,.F.);
#3714=ORIENTED_EDGE('',*,*,#2777,.F.);
#3715=ORIENTED_EDGE('',*,*,#2798,.T.);
#3716=ORIENTED_EDGE('',*,*,#2785,.T.);
#3717=ORIENTED_EDGE('',*,*,#2797,.F.);
#3718=ORIENTED_EDGE('',*,*,#2776,.F.);
#3719=ORIENTED_EDGE('',*,*,#2799,.T.);
#3720=ORIENTED_EDGE('',*,*,#2786,.T.);
#3721=ORIENTED_EDGE('',*,*,#2798,.F.);
#3722=ORIENTED_EDGE('',*,*,#2775,.F.);
#3723=ORIENTED_EDGE('',*,*,#2800,.T.);
#3724=ORIENTED_EDGE('',*,*,#2787,.T.);
#3725=ORIENTED_EDGE('',*,*,#2799,.F.);
#3726=ORIENTED_EDGE('',*,*,#2774,.F.);
#3727=ORIENTED_EDGE('',*,*,#2801,.T.);
#3728=ORIENTED_EDGE('',*,*,#2788,.T.);
#3729=ORIENTED_EDGE('',*,*,#2800,.F.);
#3730=ORIENTED_EDGE('',*,*,#2773,.F.);
#3731=ORIENTED_EDGE('',*,*,#2802,.T.);
#3732=ORIENTED_EDGE('',*,*,#2789,.T.);
#3733=ORIENTED_EDGE('',*,*,#2801,.F.);
#3734=ORIENTED_EDGE('',*,*,#2772,.F.);
#3735=ORIENTED_EDGE('',*,*,#2803,.T.);
#3736=ORIENTED_EDGE('',*,*,#2790,.T.);
#3737=ORIENTED_EDGE('',*,*,#2802,.F.);
#3738=ORIENTED_EDGE('',*,*,#2771,.F.);
#3739=ORIENTED_EDGE('',*,*,#2804,.T.);
#3740=ORIENTED_EDGE('',*,*,#2791,.T.);
#3741=ORIENTED_EDGE('',*,*,#2803,.F.);
#3742=ORIENTED_EDGE('',*,*,#2770,.F.);
#3743=ORIENTED_EDGE('',*,*,#2794,.T.);
#3744=ORIENTED_EDGE('',*,*,#2792,.T.);
#3745=ORIENTED_EDGE('',*,*,#2804,.F.);
#3746=ORIENTED_EDGE('',*,*,#2805,.F.);
#3747=ORIENTED_EDGE('',*,*,#2806,.F.);
#3748=ORIENTED_EDGE('',*,*,#2807,.F.);
#3749=ORIENTED_EDGE('',*,*,#2808,.F.);
#3750=ORIENTED_EDGE('',*,*,#2765,.F.);
#3751=ORIENTED_EDGE('',*,*,#2809,.T.);
#3752=ORIENTED_EDGE('',*,*,#2805,.T.);
#3753=ORIENTED_EDGE('',*,*,#2810,.F.);
#3754=ORIENTED_EDGE('',*,*,#2768,.F.);
#3755=ORIENTED_EDGE('',*,*,#2811,.T.);
#3756=ORIENTED_EDGE('',*,*,#2806,.T.);
#3757=ORIENTED_EDGE('',*,*,#2809,.F.);
#3758=ORIENTED_EDGE('',*,*,#2767,.F.);
#3759=ORIENTED_EDGE('',*,*,#2812,.T.);
#3760=ORIENTED_EDGE('',*,*,#2807,.T.);
#3761=ORIENTED_EDGE('',*,*,#2811,.F.);
#3762=ORIENTED_EDGE('',*,*,#2766,.F.);
#3763=ORIENTED_EDGE('',*,*,#2810,.T.);
#3764=ORIENTED_EDGE('',*,*,#2808,.T.);
#3765=ORIENTED_EDGE('',*,*,#2812,.F.);
#3766=ORIENTED_EDGE('',*,*,#2813,.F.);
#3767=ORIENTED_EDGE('',*,*,#2814,.F.);
#3768=ORIENTED_EDGE('',*,*,#2815,.F.);
#3769=ORIENTED_EDGE('',*,*,#2816,.F.);
#3770=ORIENTED_EDGE('',*,*,#2817,.F.);
#3771=ORIENTED_EDGE('',*,*,#2818,.F.);
#3772=ORIENTED_EDGE('',*,*,#2819,.F.);
#3773=ORIENTED_EDGE('',*,*,#2820,.F.);
#3774=ORIENTED_EDGE('',*,*,#2821,.F.);
#3775=ORIENTED_EDGE('',*,*,#2822,.F.);
#3776=ORIENTED_EDGE('',*,*,#2823,.F.);
#3777=ORIENTED_EDGE('',*,*,#2824,.F.);
#3778=ORIENTED_EDGE('',*,*,#2825,.F.);
#3779=ORIENTED_EDGE('',*,*,#2757,.F.);
#3780=ORIENTED_EDGE('',*,*,#2826,.T.);
#3781=ORIENTED_EDGE('',*,*,#2813,.T.);
#3782=ORIENTED_EDGE('',*,*,#2827,.F.);
#3783=ORIENTED_EDGE('',*,*,#2764,.F.);
#3784=ORIENTED_EDGE('',*,*,#2828,.T.);
#3785=ORIENTED_EDGE('',*,*,#2814,.T.);
#3786=ORIENTED_EDGE('',*,*,#2826,.F.);
#3787=ORIENTED_EDGE('',*,*,#2763,.F.);
#3788=ORIENTED_EDGE('',*,*,#2829,.T.);
#3789=ORIENTED_EDGE('',*,*,#2815,.T.);
#3790=ORIENTED_EDGE('',*,*,#2828,.F.);
#3791=ORIENTED_EDGE('',*,*,#2762,.F.);
#3792=ORIENTED_EDGE('',*,*,#2830,.T.);
#3793=ORIENTED_EDGE('',*,*,#2816,.T.);
#3794=ORIENTED_EDGE('',*,*,#2829,.F.);
#3795=ORIENTED_EDGE('',*,*,#2761,.F.);
#3796=ORIENTED_EDGE('',*,*,#2831,.T.);
#3797=ORIENTED_EDGE('',*,*,#2817,.T.);
#3798=ORIENTED_EDGE('',*,*,#2830,.F.);
#3799=ORIENTED_EDGE('',*,*,#2760,.F.);
#3800=ORIENTED_EDGE('',*,*,#2832,.T.);
#3801=ORIENTED_EDGE('',*,*,#2818,.T.);
#3802=ORIENTED_EDGE('',*,*,#2831,.F.);
#3803=ORIENTED_EDGE('',*,*,#2759,.F.);
#3804=ORIENTED_EDGE('',*,*,#2833,.T.);
#3805=ORIENTED_EDGE('',*,*,#2819,.T.);
#3806=ORIENTED_EDGE('',*,*,#2832,.F.);
#3807=ORIENTED_EDGE('',*,*,#2758,.F.);
#3808=ORIENTED_EDGE('',*,*,#2827,.T.);
#3809=ORIENTED_EDGE('',*,*,#2820,.T.);
#3810=ORIENTED_EDGE('',*,*,#2833,.F.);
#3811=ORIENTED_EDGE('',*,*,#2834,.F.);
#3812=ORIENTED_EDGE('',*,*,#2835,.T.);
#3813=ORIENTED_EDGE('',*,*,#2821,.T.);
#3814=ORIENTED_EDGE('',*,*,#2836,.F.);
#3815=ORIENTED_EDGE('',*,*,#2837,.F.);
#3816=ORIENTED_EDGE('',*,*,#2838,.T.);
#3817=ORIENTED_EDGE('',*,*,#2822,.T.);
#3818=ORIENTED_EDGE('',*,*,#2835,.F.);
#3819=ORIENTED_EDGE('',*,*,#2839,.F.);
#3820=ORIENTED_EDGE('',*,*,#2840,.T.);
#3821=ORIENTED_EDGE('',*,*,#2823,.T.);
#3822=ORIENTED_EDGE('',*,*,#2838,.F.);
#3823=ORIENTED_EDGE('',*,*,#2841,.F.);
#3824=ORIENTED_EDGE('',*,*,#2842,.T.);
#3825=ORIENTED_EDGE('',*,*,#2824,.T.);
#3826=ORIENTED_EDGE('',*,*,#2840,.F.);
#3827=ORIENTED_EDGE('',*,*,#2843,.F.);
#3828=ORIENTED_EDGE('',*,*,#2836,.T.);
#3829=ORIENTED_EDGE('',*,*,#2825,.T.);
#3830=ORIENTED_EDGE('',*,*,#2842,.F.);
#3831=ORIENTED_EDGE('',*,*,#2834,.T.);
#3832=ORIENTED_EDGE('',*,*,#2843,.T.);
#3833=ORIENTED_EDGE('',*,*,#2841,.T.);
#3834=ORIENTED_EDGE('',*,*,#2839,.T.);
#3835=ORIENTED_EDGE('',*,*,#2837,.T.);
#3836=ORIENTED_EDGE('',*,*,#2844,.F.);
#3837=ORIENTED_EDGE('',*,*,#2845,.F.);
#3838=ORIENTED_EDGE('',*,*,#2846,.F.);
#3839=ORIENTED_EDGE('',*,*,#2847,.F.);
#3840=ORIENTED_EDGE('',*,*,#2848,.F.);
#3841=ORIENTED_EDGE('',*,*,#2849,.F.);
#3842=ORIENTED_EDGE('',*,*,#2751,.F.);
#3843=ORIENTED_EDGE('',*,*,#2850,.T.);
#3844=ORIENTED_EDGE('',*,*,#2844,.T.);
#3845=ORIENTED_EDGE('',*,*,#2851,.F.);
#3846=ORIENTED_EDGE('',*,*,#2756,.F.);
#3847=ORIENTED_EDGE('',*,*,#2852,.T.);
#3848=ORIENTED_EDGE('',*,*,#2845,.T.);
#3849=ORIENTED_EDGE('',*,*,#2850,.F.);
#3850=ORIENTED_EDGE('',*,*,#2755,.F.);
#3851=ORIENTED_EDGE('',*,*,#2853,.T.);
#3852=ORIENTED_EDGE('',*,*,#2846,.T.);
#3853=ORIENTED_EDGE('',*,*,#2852,.F.);
#3854=ORIENTED_EDGE('',*,*,#2754,.F.);
#3855=ORIENTED_EDGE('',*,*,#2854,.T.);
#3856=ORIENTED_EDGE('',*,*,#2847,.T.);
#3857=ORIENTED_EDGE('',*,*,#2853,.F.);
#3858=ORIENTED_EDGE('',*,*,#2753,.F.);
#3859=ORIENTED_EDGE('',*,*,#2855,.T.);
#3860=ORIENTED_EDGE('',*,*,#2848,.T.);
#3861=ORIENTED_EDGE('',*,*,#2854,.F.);
#3862=ORIENTED_EDGE('',*,*,#2752,.F.);
#3863=ORIENTED_EDGE('',*,*,#2851,.T.);
#3864=ORIENTED_EDGE('',*,*,#2849,.T.);
#3865=ORIENTED_EDGE('',*,*,#2855,.F.);
#3866=ORIENTED_EDGE('',*,*,#2856,.F.);
#3867=ORIENTED_EDGE('',*,*,#2857,.F.);
#3868=ORIENTED_EDGE('',*,*,#2858,.F.);
#3869=ORIENTED_EDGE('',*,*,#2859,.F.);
#3870=ORIENTED_EDGE('',*,*,#2747,.F.);
#3871=ORIENTED_EDGE('',*,*,#2860,.T.);
#3872=ORIENTED_EDGE('',*,*,#2856,.T.);
#3873=ORIENTED_EDGE('',*,*,#2861,.F.);
#3874=ORIENTED_EDGE('',*,*,#2750,.F.);
#3875=ORIENTED_EDGE('',*,*,#2862,.T.);
#3876=ORIENTED_EDGE('',*,*,#2857,.T.);
#3877=ORIENTED_EDGE('',*,*,#2860,.F.);
#3878=ORIENTED_EDGE('',*,*,#2749,.F.);
#3879=ORIENTED_EDGE('',*,*,#2863,.T.);
#3880=ORIENTED_EDGE('',*,*,#2858,.T.);
#3881=ORIENTED_EDGE('',*,*,#2862,.F.);
#3882=ORIENTED_EDGE('',*,*,#2748,.F.);
#3883=ORIENTED_EDGE('',*,*,#2861,.T.);
#3884=ORIENTED_EDGE('',*,*,#2859,.T.);
#3885=ORIENTED_EDGE('',*,*,#2863,.F.);
#3886=ORIENTED_EDGE('',*,*,#2864,.F.);
#3887=ORIENTED_EDGE('',*,*,#2865,.F.);
#3888=ORIENTED_EDGE('',*,*,#2866,.F.);
#3889=ORIENTED_EDGE('',*,*,#2867,.F.);
#3890=ORIENTED_EDGE('',*,*,#2868,.F.);
#3891=ORIENTED_EDGE('',*,*,#2869,.F.);
#3892=ORIENTED_EDGE('',*,*,#2870,.F.);
#3893=ORIENTED_EDGE('',*,*,#2871,.F.);
#3894=ORIENTED_EDGE('',*,*,#2872,.F.);
#3895=ORIENTED_EDGE('',*,*,#2873,.F.);
#3896=ORIENTED_EDGE('',*,*,#2874,.F.);
#3897=ORIENTED_EDGE('',*,*,#2875,.F.);
#3898=ORIENTED_EDGE('',*,*,#2735,.F.);
#3899=ORIENTED_EDGE('',*,*,#2876,.T.);
#3900=ORIENTED_EDGE('',*,*,#2864,.T.);
#3901=ORIENTED_EDGE('',*,*,#2877,.F.);
#3902=ORIENTED_EDGE('',*,*,#2746,.F.);
#3903=ORIENTED_EDGE('',*,*,#2878,.T.);
#3904=ORIENTED_EDGE('',*,*,#2865,.T.);
#3905=ORIENTED_EDGE('',*,*,#2876,.F.);
#3906=ORIENTED_EDGE('',*,*,#2745,.F.);
#3907=ORIENTED_EDGE('',*,*,#2879,.T.);
#3908=ORIENTED_EDGE('',*,*,#2866,.T.);
#3909=ORIENTED_EDGE('',*,*,#2878,.F.);
#3910=ORIENTED_EDGE('',*,*,#2744,.F.);
#3911=ORIENTED_EDGE('',*,*,#2880,.T.);
#3912=ORIENTED_EDGE('',*,*,#2867,.T.);
#3913=ORIENTED_EDGE('',*,*,#2879,.F.);
#3914=ORIENTED_EDGE('',*,*,#2743,.F.);
#3915=ORIENTED_EDGE('',*,*,#2881,.T.);
#3916=ORIENTED_EDGE('',*,*,#2868,.T.);
#3917=ORIENTED_EDGE('',*,*,#2880,.F.);
#3918=ORIENTED_EDGE('',*,*,#2742,.F.);
#3919=ORIENTED_EDGE('',*,*,#2882,.T.);
#3920=ORIENTED_EDGE('',*,*,#2869,.T.);
#3921=ORIENTED_EDGE('',*,*,#2881,.F.);
#3922=ORIENTED_EDGE('',*,*,#2741,.F.);
#3923=ORIENTED_EDGE('',*,*,#2883,.T.);
#3924=ORIENTED_EDGE('',*,*,#2870,.T.);
#3925=ORIENTED_EDGE('',*,*,#2882,.F.);
#3926=ORIENTED_EDGE('',*,*,#2740,.F.);
#3927=ORIENTED_EDGE('',*,*,#2884,.T.);
#3928=ORIENTED_EDGE('',*,*,#2871,.T.);
#3929=ORIENTED_EDGE('',*,*,#2883,.F.);
#3930=ORIENTED_EDGE('',*,*,#2739,.F.);
#3931=ORIENTED_EDGE('',*,*,#2885,.T.);
#3932=ORIENTED_EDGE('',*,*,#2872,.T.);
#3933=ORIENTED_EDGE('',*,*,#2884,.F.);
#3934=ORIENTED_EDGE('',*,*,#2738,.F.);
#3935=ORIENTED_EDGE('',*,*,#2886,.T.);
#3936=ORIENTED_EDGE('',*,*,#2873,.T.);
#3937=ORIENTED_EDGE('',*,*,#2885,.F.);
#3938=ORIENTED_EDGE('',*,*,#2737,.F.);
#3939=ORIENTED_EDGE('',*,*,#2887,.T.);
#3940=ORIENTED_EDGE('',*,*,#2874,.T.);
#3941=ORIENTED_EDGE('',*,*,#2886,.F.);
#3942=ORIENTED_EDGE('',*,*,#2736,.F.);
#3943=ORIENTED_EDGE('',*,*,#2877,.T.);
#3944=ORIENTED_EDGE('',*,*,#2875,.T.);
#3945=ORIENTED_EDGE('',*,*,#2887,.F.);
#3946=ORIENTED_EDGE('',*,*,#2888,.F.);
#3947=ORIENTED_EDGE('',*,*,#2889,.F.);
#3948=ORIENTED_EDGE('',*,*,#2890,.F.);
#3949=ORIENTED_EDGE('',*,*,#2891,.F.);
#3950=ORIENTED_EDGE('',*,*,#2892,.F.);
#3951=ORIENTED_EDGE('',*,*,#2893,.F.);
#3952=ORIENTED_EDGE('',*,*,#2729,.F.);
#3953=ORIENTED_EDGE('',*,*,#2894,.T.);
#3954=ORIENTED_EDGE('',*,*,#2888,.T.);
#3955=ORIENTED_EDGE('',*,*,#2895,.F.);
#3956=ORIENTED_EDGE('',*,*,#2734,.F.);
#3957=ORIENTED_EDGE('',*,*,#2896,.T.);
#3958=ORIENTED_EDGE('',*,*,#2889,.T.);
#3959=ORIENTED_EDGE('',*,*,#2894,.F.);
#3960=ORIENTED_EDGE('',*,*,#2733,.F.);
#3961=ORIENTED_EDGE('',*,*,#2897,.T.);
#3962=ORIENTED_EDGE('',*,*,#2890,.T.);
#3963=ORIENTED_EDGE('',*,*,#2896,.F.);
#3964=ORIENTED_EDGE('',*,*,#2732,.F.);
#3965=ORIENTED_EDGE('',*,*,#2898,.T.);
#3966=ORIENTED_EDGE('',*,*,#2891,.T.);
#3967=ORIENTED_EDGE('',*,*,#2897,.F.);
#3968=ORIENTED_EDGE('',*,*,#2731,.F.);
#3969=ORIENTED_EDGE('',*,*,#2899,.T.);
#3970=ORIENTED_EDGE('',*,*,#2892,.T.);
#3971=ORIENTED_EDGE('',*,*,#2898,.F.);
#3972=ORIENTED_EDGE('',*,*,#2730,.F.);
#3973=ORIENTED_EDGE('',*,*,#2895,.T.);
#3974=ORIENTED_EDGE('',*,*,#2893,.T.);
#3975=ORIENTED_EDGE('',*,*,#2899,.F.);
#3976=ORIENTED_EDGE('',*,*,#2900,.F.);
#3977=ORIENTED_EDGE('',*,*,#2901,.F.);
#3978=ORIENTED_EDGE('',*,*,#2902,.F.);
#3979=ORIENTED_EDGE('',*,*,#2903,.F.);
#3980=ORIENTED_EDGE('',*,*,#2904,.F.);
#3981=ORIENTED_EDGE('',*,*,#2905,.F.);
#3982=ORIENTED_EDGE('',*,*,#2906,.F.);
#3983=ORIENTED_EDGE('',*,*,#2907,.F.);
#3984=ORIENTED_EDGE('',*,*,#2908,.F.);
#3985=ORIENTED_EDGE('',*,*,#2909,.F.);
#3986=ORIENTED_EDGE('',*,*,#2719,.F.);
#3987=ORIENTED_EDGE('',*,*,#2910,.T.);
#3988=ORIENTED_EDGE('',*,*,#2900,.T.);
#3989=ORIENTED_EDGE('',*,*,#2911,.F.);
#3990=ORIENTED_EDGE('',*,*,#2728,.F.);
#3991=ORIENTED_EDGE('',*,*,#2912,.T.);
#3992=ORIENTED_EDGE('',*,*,#2901,.T.);
#3993=ORIENTED_EDGE('',*,*,#2910,.F.);
#3994=ORIENTED_EDGE('',*,*,#2727,.F.);
#3995=ORIENTED_EDGE('',*,*,#2913,.T.);
#3996=ORIENTED_EDGE('',*,*,#2902,.T.);
#3997=ORIENTED_EDGE('',*,*,#2912,.F.);
#3998=ORIENTED_EDGE('',*,*,#2726,.F.);
#3999=ORIENTED_EDGE('',*,*,#2914,.T.);
#4000=ORIENTED_EDGE('',*,*,#2903,.T.);
#4001=ORIENTED_EDGE('',*,*,#2913,.F.);
#4002=ORIENTED_EDGE('',*,*,#2725,.F.);
#4003=ORIENTED_EDGE('',*,*,#2915,.T.);
#4004=ORIENTED_EDGE('',*,*,#2904,.T.);
#4005=ORIENTED_EDGE('',*,*,#2914,.F.);
#4006=ORIENTED_EDGE('',*,*,#2724,.F.);
#4007=ORIENTED_EDGE('',*,*,#2916,.T.);
#4008=ORIENTED_EDGE('',*,*,#2905,.T.);
#4009=ORIENTED_EDGE('',*,*,#2915,.F.);
#4010=ORIENTED_EDGE('',*,*,#2723,.F.);
#4011=ORIENTED_EDGE('',*,*,#2917,.T.);
#4012=ORIENTED_EDGE('',*,*,#2906,.T.);
#4013=ORIENTED_EDGE('',*,*,#2916,.F.);
#4014=ORIENTED_EDGE('',*,*,#2722,.F.);
#4015=ORIENTED_EDGE('',*,*,#2918,.T.);
#4016=ORIENTED_EDGE('',*,*,#2907,.T.);
#4017=ORIENTED_EDGE('',*,*,#2917,.F.);
#4018=ORIENTED_EDGE('',*,*,#2721,.F.);
#4019=ORIENTED_EDGE('',*,*,#2919,.T.);
#4020=ORIENTED_EDGE('',*,*,#2908,.T.);
#4021=ORIENTED_EDGE('',*,*,#2918,.F.);
#4022=ORIENTED_EDGE('',*,*,#2720,.F.);
#4023=ORIENTED_EDGE('',*,*,#2911,.T.);
#4024=ORIENTED_EDGE('',*,*,#2909,.T.);
#4025=ORIENTED_EDGE('',*,*,#2919,.F.);
#4026=ORIENTED_EDGE('',*,*,#2920,.F.);
#4027=ORIENTED_EDGE('',*,*,#2921,.F.);
#4028=ORIENTED_EDGE('',*,*,#2922,.F.);
#4029=ORIENTED_EDGE('',*,*,#2923,.F.);
#4030=ORIENTED_EDGE('',*,*,#2924,.F.);
#4031=ORIENTED_EDGE('',*,*,#2925,.F.);
#4032=ORIENTED_EDGE('',*,*,#2926,.F.);
#4033=ORIENTED_EDGE('',*,*,#2927,.F.);
#4034=ORIENTED_EDGE('',*,*,#2928,.F.);
#4035=ORIENTED_EDGE('',*,*,#2929,.F.);
#4036=ORIENTED_EDGE('',*,*,#2930,.F.);
#4037=ORIENTED_EDGE('',*,*,#2931,.F.);
#4038=ORIENTED_EDGE('',*,*,#2932,.F.);
#4039=ORIENTED_EDGE('',*,*,#2933,.F.);
#4040=ORIENTED_EDGE('',*,*,#2934,.F.);
#4041=ORIENTED_EDGE('',*,*,#2935,.F.);
#4042=ORIENTED_EDGE('',*,*,#2936,.F.);
#4043=ORIENTED_EDGE('',*,*,#2937,.F.);
#4044=ORIENTED_EDGE('',*,*,#2938,.F.);
#4045=ORIENTED_EDGE('',*,*,#2939,.F.);
#4046=ORIENTED_EDGE('',*,*,#2940,.F.);
#4047=ORIENTED_EDGE('',*,*,#2941,.F.);
#4048=ORIENTED_EDGE('',*,*,#2942,.F.);
#4049=ORIENTED_EDGE('',*,*,#2943,.F.);
#4050=ORIENTED_EDGE('',*,*,#2944,.F.);
#4051=ORIENTED_EDGE('',*,*,#2945,.F.);
#4052=ORIENTED_EDGE('',*,*,#2946,.T.);
#4053=ORIENTED_EDGE('',*,*,#2935,.T.);
#4054=ORIENTED_EDGE('',*,*,#2947,.F.);
#4055=ORIENTED_EDGE('',*,*,#2948,.F.);
#4056=ORIENTED_EDGE('',*,*,#2949,.T.);
#4057=ORIENTED_EDGE('',*,*,#2936,.T.);
#4058=ORIENTED_EDGE('',*,*,#2946,.F.);
#4059=ORIENTED_EDGE('',*,*,#2950,.F.);
#4060=ORIENTED_EDGE('',*,*,#2951,.T.);
#4061=ORIENTED_EDGE('',*,*,#2937,.T.);
#4062=ORIENTED_EDGE('',*,*,#2949,.F.);
#4063=ORIENTED_EDGE('',*,*,#2952,.F.);
#4064=ORIENTED_EDGE('',*,*,#2953,.T.);
#4065=ORIENTED_EDGE('',*,*,#2938,.T.);
#4066=ORIENTED_EDGE('',*,*,#2951,.F.);
#4067=ORIENTED_EDGE('',*,*,#2954,.F.);
#4068=ORIENTED_EDGE('',*,*,#2947,.T.);
#4069=ORIENTED_EDGE('',*,*,#2939,.T.);
#4070=ORIENTED_EDGE('',*,*,#2953,.F.);
#4071=ORIENTED_EDGE('',*,*,#2648,.F.);
#4072=ORIENTED_EDGE('',*,*,#2955,.T.);
#4073=ORIENTED_EDGE('',*,*,#2920,.T.);
#4074=ORIENTED_EDGE('',*,*,#2956,.F.);
#4075=ORIENTED_EDGE('',*,*,#2662,.F.);
#4076=ORIENTED_EDGE('',*,*,#2957,.T.);
#4077=ORIENTED_EDGE('',*,*,#2921,.T.);
#4078=ORIENTED_EDGE('',*,*,#2955,.F.);
#4079=ORIENTED_EDGE('',*,*,#2661,.F.);
#4080=ORIENTED_EDGE('',*,*,#2958,.T.);
#4081=ORIENTED_EDGE('',*,*,#2922,.T.);
#4082=ORIENTED_EDGE('',*,*,#2957,.F.);
#4083=ORIENTED_EDGE('',*,*,#2660,.F.);
#4084=ORIENTED_EDGE('',*,*,#2959,.T.);
#4085=ORIENTED_EDGE('',*,*,#2923,.T.);
#4086=ORIENTED_EDGE('',*,*,#2958,.F.);
#4087=ORIENTED_EDGE('',*,*,#2659,.F.);
#4088=ORIENTED_EDGE('',*,*,#2960,.T.);
#4089=ORIENTED_EDGE('',*,*,#2924,.T.);
#4090=ORIENTED_EDGE('',*,*,#2959,.F.);
#4091=ORIENTED_EDGE('',*,*,#2658,.F.);
#4092=ORIENTED_EDGE('',*,*,#2961,.T.);
#4093=ORIENTED_EDGE('',*,*,#2925,.T.);
#4094=ORIENTED_EDGE('',*,*,#2960,.F.);
#4095=ORIENTED_EDGE('',*,*,#2657,.F.);
#4096=ORIENTED_EDGE('',*,*,#2962,.T.);
#4097=ORIENTED_EDGE('',*,*,#2926,.T.);
#4098=ORIENTED_EDGE('',*,*,#2961,.F.);
#4099=ORIENTED_EDGE('',*,*,#2656,.F.);
#4100=ORIENTED_EDGE('',*,*,#2963,.T.);
#4101=ORIENTED_EDGE('',*,*,#2927,.T.);
#4102=ORIENTED_EDGE('',*,*,#2962,.F.);
#4103=ORIENTED_EDGE('',*,*,#2655,.F.);
#4104=ORIENTED_EDGE('',*,*,#2964,.T.);
#4105=ORIENTED_EDGE('',*,*,#2928,.T.);
#4106=ORIENTED_EDGE('',*,*,#2963,.F.);
#4107=ORIENTED_EDGE('',*,*,#2654,.F.);
#4108=ORIENTED_EDGE('',*,*,#2965,.T.);
#4109=ORIENTED_EDGE('',*,*,#2929,.T.);
#4110=ORIENTED_EDGE('',*,*,#2964,.F.);
#4111=ORIENTED_EDGE('',*,*,#2653,.F.);
#4112=ORIENTED_EDGE('',*,*,#2966,.T.);
#4113=ORIENTED_EDGE('',*,*,#2930,.T.);
#4114=ORIENTED_EDGE('',*,*,#2965,.F.);
#4115=ORIENTED_EDGE('',*,*,#2652,.F.);
#4116=ORIENTED_EDGE('',*,*,#2967,.T.);
#4117=ORIENTED_EDGE('',*,*,#2931,.T.);
#4118=ORIENTED_EDGE('',*,*,#2966,.F.);
#4119=ORIENTED_EDGE('',*,*,#2651,.F.);
#4120=ORIENTED_EDGE('',*,*,#2968,.T.);
#4121=ORIENTED_EDGE('',*,*,#2932,.T.);
#4122=ORIENTED_EDGE('',*,*,#2967,.F.);
#4123=ORIENTED_EDGE('',*,*,#2650,.F.);
#4124=ORIENTED_EDGE('',*,*,#2969,.T.);
#4125=ORIENTED_EDGE('',*,*,#2933,.T.);
#4126=ORIENTED_EDGE('',*,*,#2968,.F.);
#4127=ORIENTED_EDGE('',*,*,#2649,.F.);
#4128=ORIENTED_EDGE('',*,*,#2956,.T.);
#4129=ORIENTED_EDGE('',*,*,#2934,.T.);
#4130=ORIENTED_EDGE('',*,*,#2969,.F.);
#4131=ORIENTED_EDGE('',*,*,#2970,.F.);
#4132=ORIENTED_EDGE('',*,*,#2971,.T.);
#4133=ORIENTED_EDGE('',*,*,#2940,.T.);
#4134=ORIENTED_EDGE('',*,*,#2972,.F.);
#4135=ORIENTED_EDGE('',*,*,#2973,.F.);
#4136=ORIENTED_EDGE('',*,*,#2974,.T.);
#4137=ORIENTED_EDGE('',*,*,#2941,.T.);
#4138=ORIENTED_EDGE('',*,*,#2971,.F.);
#4139=ORIENTED_EDGE('',*,*,#2975,.F.);
#4140=ORIENTED_EDGE('',*,*,#2976,.T.);
#4141=ORIENTED_EDGE('',*,*,#2942,.T.);
#4142=ORIENTED_EDGE('',*,*,#2974,.F.);
#4143=ORIENTED_EDGE('',*,*,#2977,.F.);
#4144=ORIENTED_EDGE('',*,*,#2978,.T.);
#4145=ORIENTED_EDGE('',*,*,#2943,.T.);
#4146=ORIENTED_EDGE('',*,*,#2976,.F.);
#4147=ORIENTED_EDGE('',*,*,#2979,.F.);
#4148=ORIENTED_EDGE('',*,*,#2972,.T.);
#4149=ORIENTED_EDGE('',*,*,#2944,.T.);
#4150=ORIENTED_EDGE('',*,*,#2978,.F.);
#4151=ORIENTED_EDGE('',*,*,#2970,.T.);
#4152=ORIENTED_EDGE('',*,*,#2979,.T.);
#4153=ORIENTED_EDGE('',*,*,#2977,.T.);
#4154=ORIENTED_EDGE('',*,*,#2975,.T.);
#4155=ORIENTED_EDGE('',*,*,#2973,.T.);
#4156=ORIENTED_EDGE('',*,*,#2619,.T.);
#4157=ORIENTED_EDGE('',*,*,#2628,.T.);
#4158=ORIENTED_EDGE('',*,*,#2626,.T.);
#4159=ORIENTED_EDGE('',*,*,#2624,.T.);
#4160=ORIENTED_EDGE('',*,*,#2622,.T.);
#4161=ORIENTED_EDGE('',*,*,#2980,.F.);
#4162=ORIENTED_EDGE('',*,*,#2981,.F.);
#4163=ORIENTED_EDGE('',*,*,#2982,.F.);
#4164=ORIENTED_EDGE('',*,*,#2983,.F.);
#4165=ORIENTED_EDGE('',*,*,#2984,.F.);
#4166=ORIENTED_EDGE('',*,*,#2985,.F.);
#4167=ORIENTED_EDGE('',*,*,#2986,.F.);
#4168=ORIENTED_EDGE('',*,*,#2987,.F.);
#4169=ORIENTED_EDGE('',*,*,#2988,.F.);
#4170=ORIENTED_EDGE('',*,*,#2663,.F.);
#4171=ORIENTED_EDGE('',*,*,#2989,.T.);
#4172=ORIENTED_EDGE('',*,*,#2980,.T.);
#4173=ORIENTED_EDGE('',*,*,#2990,.F.);
#4174=ORIENTED_EDGE('',*,*,#2671,.F.);
#4175=ORIENTED_EDGE('',*,*,#2991,.T.);
#4176=ORIENTED_EDGE('',*,*,#2981,.T.);
#4177=ORIENTED_EDGE('',*,*,#2989,.F.);
#4178=ORIENTED_EDGE('',*,*,#2670,.F.);
#4179=ORIENTED_EDGE('',*,*,#2992,.T.);
#4180=ORIENTED_EDGE('',*,*,#2982,.T.);
#4181=ORIENTED_EDGE('',*,*,#2991,.F.);
#4182=ORIENTED_EDGE('',*,*,#2669,.F.);
#4183=ORIENTED_EDGE('',*,*,#2993,.T.);
#4184=ORIENTED_EDGE('',*,*,#2983,.T.);
#4185=ORIENTED_EDGE('',*,*,#2992,.F.);
#4186=ORIENTED_EDGE('',*,*,#2668,.F.);
#4187=ORIENTED_EDGE('',*,*,#2994,.T.);
#4188=ORIENTED_EDGE('',*,*,#2984,.T.);
#4189=ORIENTED_EDGE('',*,*,#2993,.F.);
#4190=ORIENTED_EDGE('',*,*,#2667,.F.);
#4191=ORIENTED_EDGE('',*,*,#2995,.T.);
#4192=ORIENTED_EDGE('',*,*,#2985,.T.);
#4193=ORIENTED_EDGE('',*,*,#2994,.F.);
#4194=ORIENTED_EDGE('',*,*,#2666,.F.);
#4195=ORIENTED_EDGE('',*,*,#2996,.T.);
#4196=ORIENTED_EDGE('',*,*,#2986,.T.);
#4197=ORIENTED_EDGE('',*,*,#2995,.F.);
#4198=ORIENTED_EDGE('',*,*,#2665,.F.);
#4199=ORIENTED_EDGE('',*,*,#2997,.T.);
#4200=ORIENTED_EDGE('',*,*,#2987,.T.);
#4201=ORIENTED_EDGE('',*,*,#2996,.F.);
#4202=ORIENTED_EDGE('',*,*,#2664,.F.);
#4203=ORIENTED_EDGE('',*,*,#2990,.T.);
#4204=ORIENTED_EDGE('',*,*,#2988,.T.);
#4205=ORIENTED_EDGE('',*,*,#2997,.F.);
#4206=ORIENTED_EDGE('',*,*,#2998,.F.);
#4207=ORIENTED_EDGE('',*,*,#2999,.F.);
#4208=ORIENTED_EDGE('',*,*,#3000,.F.);
#4209=ORIENTED_EDGE('',*,*,#3001,.F.);
#4210=ORIENTED_EDGE('',*,*,#3002,.F.);
#4211=ORIENTED_EDGE('',*,*,#3003,.F.);
#4212=ORIENTED_EDGE('',*,*,#3004,.F.);
#4213=ORIENTED_EDGE('',*,*,#3005,.F.);
#4214=ORIENTED_EDGE('',*,*,#3006,.F.);
#4215=ORIENTED_EDGE('',*,*,#3007,.F.);
#4216=ORIENTED_EDGE('',*,*,#3008,.F.);
#4217=ORIENTED_EDGE('',*,*,#3009,.F.);
#4218=ORIENTED_EDGE('',*,*,#3010,.F.);
#4219=ORIENTED_EDGE('',*,*,#3011,.F.);
#4220=ORIENTED_EDGE('',*,*,#3012,.F.);
#4221=ORIENTED_EDGE('',*,*,#3013,.F.);
#4222=ORIENTED_EDGE('',*,*,#3014,.F.);
#4223=ORIENTED_EDGE('',*,*,#3015,.F.);
#4224=ORIENTED_EDGE('',*,*,#3016,.F.);
#4225=ORIENTED_EDGE('',*,*,#3017,.F.);
#4226=ORIENTED_EDGE('',*,*,#3018,.F.);
#4227=ORIENTED_EDGE('',*,*,#3019,.F.);
#4228=ORIENTED_EDGE('',*,*,#2672,.F.);
#4229=ORIENTED_EDGE('',*,*,#3020,.T.);
#4230=ORIENTED_EDGE('',*,*,#2998,.T.);
#4231=ORIENTED_EDGE('',*,*,#3021,.F.);
#4232=ORIENTED_EDGE('',*,*,#2693,.F.);
#4233=ORIENTED_EDGE('',*,*,#3022,.T.);
#4234=ORIENTED_EDGE('',*,*,#2999,.T.);
#4235=ORIENTED_EDGE('',*,*,#3020,.F.);
#4236=ORIENTED_EDGE('',*,*,#2692,.F.);
#4237=ORIENTED_EDGE('',*,*,#3023,.T.);
#4238=ORIENTED_EDGE('',*,*,#3000,.T.);
#4239=ORIENTED_EDGE('',*,*,#3022,.F.);
#4240=ORIENTED_EDGE('',*,*,#2691,.F.);
#4241=ORIENTED_EDGE('',*,*,#3024,.T.);
#4242=ORIENTED_EDGE('',*,*,#3001,.T.);
#4243=ORIENTED_EDGE('',*,*,#3023,.F.);
#4244=ORIENTED_EDGE('',*,*,#2690,.F.);
#4245=ORIENTED_EDGE('',*,*,#3025,.T.);
#4246=ORIENTED_EDGE('',*,*,#3002,.T.);
#4247=ORIENTED_EDGE('',*,*,#3024,.F.);
#4248=ORIENTED_EDGE('',*,*,#2689,.F.);
#4249=ORIENTED_EDGE('',*,*,#3026,.T.);
#4250=ORIENTED_EDGE('',*,*,#3003,.T.);
#4251=ORIENTED_EDGE('',*,*,#3025,.F.);
#4252=ORIENTED_EDGE('',*,*,#2688,.F.);
#4253=ORIENTED_EDGE('',*,*,#3027,.T.);
#4254=ORIENTED_EDGE('',*,*,#3004,.T.);
#4255=ORIENTED_EDGE('',*,*,#3026,.F.);
#4256=ORIENTED_EDGE('',*,*,#2687,.F.);
#4257=ORIENTED_EDGE('',*,*,#3028,.T.);
#4258=ORIENTED_EDGE('',*,*,#3005,.T.);
#4259=ORIENTED_EDGE('',*,*,#3027,.F.);
#4260=ORIENTED_EDGE('',*,*,#2686,.F.);
#4261=ORIENTED_EDGE('',*,*,#3029,.T.);
#4262=ORIENTED_EDGE('',*,*,#3006,.T.);
#4263=ORIENTED_EDGE('',*,*,#3028,.F.);
#4264=ORIENTED_EDGE('',*,*,#2685,.F.);
#4265=ORIENTED_EDGE('',*,*,#3030,.T.);
#4266=ORIENTED_EDGE('',*,*,#3007,.T.);
#4267=ORIENTED_EDGE('',*,*,#3029,.F.);
#4268=ORIENTED_EDGE('',*,*,#2684,.F.);
#4269=ORIENTED_EDGE('',*,*,#3031,.T.);
#4270=ORIENTED_EDGE('',*,*,#3008,.T.);
#4271=ORIENTED_EDGE('',*,*,#3030,.F.);
#4272=ORIENTED_EDGE('',*,*,#2683,.F.);
#4273=ORIENTED_EDGE('',*,*,#3032,.T.);
#4274=ORIENTED_EDGE('',*,*,#3009,.T.);
#4275=ORIENTED_EDGE('',*,*,#3031,.F.);
#4276=ORIENTED_EDGE('',*,*,#2682,.F.);
#4277=ORIENTED_EDGE('',*,*,#3033,.T.);
#4278=ORIENTED_EDGE('',*,*,#3010,.T.);
#4279=ORIENTED_EDGE('',*,*,#3032,.F.);
#4280=ORIENTED_EDGE('',*,*,#2681,.F.);
#4281=ORIENTED_EDGE('',*,*,#3034,.T.);
#4282=ORIENTED_EDGE('',*,*,#3011,.T.);
#4283=ORIENTED_EDGE('',*,*,#3033,.F.);
#4284=ORIENTED_EDGE('',*,*,#2680,.F.);
#4285=ORIENTED_EDGE('',*,*,#3035,.T.);
#4286=ORIENTED_EDGE('',*,*,#3012,.T.);
#4287=ORIENTED_EDGE('',*,*,#3034,.F.);
#4288=ORIENTED_EDGE('',*,*,#2679,.F.);
#4289=ORIENTED_EDGE('',*,*,#3036,.T.);
#4290=ORIENTED_EDGE('',*,*,#3013,.T.);
#4291=ORIENTED_EDGE('',*,*,#3035,.F.);
#4292=ORIENTED_EDGE('',*,*,#2678,.F.);
#4293=ORIENTED_EDGE('',*,*,#3037,.T.);
#4294=ORIENTED_EDGE('',*,*,#3014,.T.);
#4295=ORIENTED_EDGE('',*,*,#3036,.F.);
#4296=ORIENTED_EDGE('',*,*,#2677,.F.);
#4297=ORIENTED_EDGE('',*,*,#3038,.T.);
#4298=ORIENTED_EDGE('',*,*,#3015,.T.);
#4299=ORIENTED_EDGE('',*,*,#3037,.F.);
#4300=ORIENTED_EDGE('',*,*,#2676,.F.);
#4301=ORIENTED_EDGE('',*,*,#3039,.T.);
#4302=ORIENTED_EDGE('',*,*,#3016,.T.);
#4303=ORIENTED_EDGE('',*,*,#3038,.F.);
#4304=ORIENTED_EDGE('',*,*,#2675,.F.);
#4305=ORIENTED_EDGE('',*,*,#3040,.T.);
#4306=ORIENTED_EDGE('',*,*,#3017,.T.);
#4307=ORIENTED_EDGE('',*,*,#3039,.F.);
#4308=ORIENTED_EDGE('',*,*,#2674,.F.);
#4309=ORIENTED_EDGE('',*,*,#3041,.T.);
#4310=ORIENTED_EDGE('',*,*,#3018,.T.);
#4311=ORIENTED_EDGE('',*,*,#3040,.F.);
#4312=ORIENTED_EDGE('',*,*,#2673,.F.);
#4313=ORIENTED_EDGE('',*,*,#3021,.T.);
#4314=ORIENTED_EDGE('',*,*,#3019,.T.);
#4315=ORIENTED_EDGE('',*,*,#3041,.F.);
#4316=ORIENTED_EDGE('',*,*,#3042,.F.);
#4317=ORIENTED_EDGE('',*,*,#3043,.F.);
#4318=ORIENTED_EDGE('',*,*,#3044,.F.);
#4319=ORIENTED_EDGE('',*,*,#3045,.F.);
#4320=ORIENTED_EDGE('',*,*,#3046,.F.);
#4321=ORIENTED_EDGE('',*,*,#3047,.F.);
#4322=ORIENTED_EDGE('',*,*,#2694,.F.);
#4323=ORIENTED_EDGE('',*,*,#3048,.T.);
#4324=ORIENTED_EDGE('',*,*,#3042,.T.);
#4325=ORIENTED_EDGE('',*,*,#3049,.F.);
#4326=ORIENTED_EDGE('',*,*,#2699,.F.);
#4327=ORIENTED_EDGE('',*,*,#3050,.T.);
#4328=ORIENTED_EDGE('',*,*,#3043,.T.);
#4329=ORIENTED_EDGE('',*,*,#3048,.F.);
#4330=ORIENTED_EDGE('',*,*,#2698,.F.);
#4331=ORIENTED_EDGE('',*,*,#3051,.T.);
#4332=ORIENTED_EDGE('',*,*,#3044,.T.);
#4333=ORIENTED_EDGE('',*,*,#3050,.F.);
#4334=ORIENTED_EDGE('',*,*,#2697,.F.);
#4335=ORIENTED_EDGE('',*,*,#3052,.T.);
#4336=ORIENTED_EDGE('',*,*,#3045,.T.);
#4337=ORIENTED_EDGE('',*,*,#3051,.F.);
#4338=ORIENTED_EDGE('',*,*,#2696,.F.);
#4339=ORIENTED_EDGE('',*,*,#3053,.T.);
#4340=ORIENTED_EDGE('',*,*,#3046,.T.);
#4341=ORIENTED_EDGE('',*,*,#3052,.F.);
#4342=ORIENTED_EDGE('',*,*,#2695,.F.);
#4343=ORIENTED_EDGE('',*,*,#3049,.T.);
#4344=ORIENTED_EDGE('',*,*,#3047,.T.);
#4345=ORIENTED_EDGE('',*,*,#3053,.F.);
#4346=ORIENTED_EDGE('',*,*,#3054,.F.);
#4347=ORIENTED_EDGE('',*,*,#3055,.F.);
#4348=ORIENTED_EDGE('',*,*,#3056,.F.);
#4349=ORIENTED_EDGE('',*,*,#3057,.F.);
#4350=ORIENTED_EDGE('',*,*,#3058,.F.);
#4351=ORIENTED_EDGE('',*,*,#3059,.F.);
#4352=ORIENTED_EDGE('',*,*,#3060,.F.);
#4353=ORIENTED_EDGE('',*,*,#3061,.F.);
#4354=ORIENTED_EDGE('',*,*,#3062,.F.);
#4355=ORIENTED_EDGE('',*,*,#3063,.F.);
#4356=ORIENTED_EDGE('',*,*,#3064,.F.);
#4357=ORIENTED_EDGE('',*,*,#3065,.F.);
#4358=ORIENTED_EDGE('',*,*,#3066,.F.);
#4359=ORIENTED_EDGE('',*,*,#3067,.F.);
#4360=ORIENTED_EDGE('',*,*,#3068,.F.);
#4361=ORIENTED_EDGE('',*,*,#3069,.F.);
#4362=ORIENTED_EDGE('',*,*,#3070,.F.);
#4363=ORIENTED_EDGE('',*,*,#3071,.F.);
#4364=ORIENTED_EDGE('',*,*,#3072,.F.);
#4365=ORIENTED_EDGE('',*,*,#3073,.F.);
#4366=ORIENTED_EDGE('',*,*,#3074,.F.);
#4367=ORIENTED_EDGE('',*,*,#3075,.F.);
#4368=ORIENTED_EDGE('',*,*,#3076,.F.);
#4369=ORIENTED_EDGE('',*,*,#3077,.F.);
#4370=ORIENTED_EDGE('',*,*,#3078,.F.);
#4371=ORIENTED_EDGE('',*,*,#3079,.F.);
#4372=ORIENTED_EDGE('',*,*,#3080,.F.);
#4373=ORIENTED_EDGE('',*,*,#3081,.F.);
#4374=ORIENTED_EDGE('',*,*,#3082,.F.);
#4375=ORIENTED_EDGE('',*,*,#3083,.T.);
#4376=ORIENTED_EDGE('',*,*,#3073,.T.);
#4377=ORIENTED_EDGE('',*,*,#3084,.F.);
#4378=ORIENTED_EDGE('',*,*,#3085,.F.);
#4379=ORIENTED_EDGE('',*,*,#3086,.T.);
#4380=ORIENTED_EDGE('',*,*,#3074,.T.);
#4381=ORIENTED_EDGE('',*,*,#3083,.F.);
#4382=ORIENTED_EDGE('',*,*,#3087,.F.);
#4383=ORIENTED_EDGE('',*,*,#3088,.T.);
#4384=ORIENTED_EDGE('',*,*,#3075,.T.);
#4385=ORIENTED_EDGE('',*,*,#3086,.F.);
#4386=ORIENTED_EDGE('',*,*,#3089,.F.);
#4387=ORIENTED_EDGE('',*,*,#3090,.T.);
#4388=ORIENTED_EDGE('',*,*,#3076,.T.);
#4389=ORIENTED_EDGE('',*,*,#3088,.F.);
#4390=ORIENTED_EDGE('',*,*,#3091,.F.);
#4391=ORIENTED_EDGE('',*,*,#3092,.T.);
#4392=ORIENTED_EDGE('',*,*,#3077,.T.);
#4393=ORIENTED_EDGE('',*,*,#3090,.F.);
#4394=ORIENTED_EDGE('',*,*,#3093,.F.);
#4395=ORIENTED_EDGE('',*,*,#3094,.T.);
#4396=ORIENTED_EDGE('',*,*,#3078,.T.);
#4397=ORIENTED_EDGE('',*,*,#3092,.F.);
#4398=ORIENTED_EDGE('',*,*,#3095,.F.);
#4399=ORIENTED_EDGE('',*,*,#3096,.T.);
#4400=ORIENTED_EDGE('',*,*,#3079,.T.);
#4401=ORIENTED_EDGE('',*,*,#3094,.F.);
#4402=ORIENTED_EDGE('',*,*,#3097,.F.);
#4403=ORIENTED_EDGE('',*,*,#3098,.T.);
#4404=ORIENTED_EDGE('',*,*,#3080,.T.);
#4405=ORIENTED_EDGE('',*,*,#3096,.F.);
#4406=ORIENTED_EDGE('',*,*,#3099,.F.);
#4407=ORIENTED_EDGE('',*,*,#3084,.T.);
#4408=ORIENTED_EDGE('',*,*,#3081,.T.);
#4409=ORIENTED_EDGE('',*,*,#3098,.F.);
#4410=ORIENTED_EDGE('',*,*,#2700,.F.);
#4411=ORIENTED_EDGE('',*,*,#3100,.T.);
#4412=ORIENTED_EDGE('',*,*,#3054,.T.);
#4413=ORIENTED_EDGE('',*,*,#3101,.F.);
#4414=ORIENTED_EDGE('',*,*,#2718,.F.);
#4415=ORIENTED_EDGE('',*,*,#3102,.T.);
#4416=ORIENTED_EDGE('',*,*,#3055,.T.);
#4417=ORIENTED_EDGE('',*,*,#3100,.F.);
#4418=ORIENTED_EDGE('',*,*,#2717,.F.);
#4419=ORIENTED_EDGE('',*,*,#3103,.T.);
#4420=ORIENTED_EDGE('',*,*,#3056,.T.);
#4421=ORIENTED_EDGE('',*,*,#3102,.F.);
#4422=ORIENTED_EDGE('',*,*,#2716,.F.);
#4423=ORIENTED_EDGE('',*,*,#3104,.T.);
#4424=ORIENTED_EDGE('',*,*,#3057,.T.);
#4425=ORIENTED_EDGE('',*,*,#3103,.F.);
#4426=ORIENTED_EDGE('',*,*,#2715,.F.);
#4427=ORIENTED_EDGE('',*,*,#3105,.T.);
#4428=ORIENTED_EDGE('',*,*,#3058,.T.);
#4429=ORIENTED_EDGE('',*,*,#3104,.F.);
#4430=ORIENTED_EDGE('',*,*,#2714,.F.);
#4431=ORIENTED_EDGE('',*,*,#3106,.T.);
#4432=ORIENTED_EDGE('',*,*,#3059,.T.);
#4433=ORIENTED_EDGE('',*,*,#3105,.F.);
#4434=ORIENTED_EDGE('',*,*,#2713,.F.);
#4435=ORIENTED_EDGE('',*,*,#3107,.T.);
#4436=ORIENTED_EDGE('',*,*,#3060,.T.);
#4437=ORIENTED_EDGE('',*,*,#3106,.F.);
#4438=ORIENTED_EDGE('',*,*,#2712,.F.);
#4439=ORIENTED_EDGE('',*,*,#3108,.T.);
#4440=ORIENTED_EDGE('',*,*,#3061,.T.);
#4441=ORIENTED_EDGE('',*,*,#3107,.F.);
#4442=ORIENTED_EDGE('',*,*,#2711,.F.);
#4443=ORIENTED_EDGE('',*,*,#3109,.T.);
#4444=ORIENTED_EDGE('',*,*,#3062,.T.);
#4445=ORIENTED_EDGE('',*,*,#3108,.F.);
#4446=ORIENTED_EDGE('',*,*,#2710,.F.);
#4447=ORIENTED_EDGE('',*,*,#3110,.T.);
#4448=ORIENTED_EDGE('',*,*,#3063,.T.);
#4449=ORIENTED_EDGE('',*,*,#3109,.F.);
#4450=ORIENTED_EDGE('',*,*,#2709,.F.);
#4451=ORIENTED_EDGE('',*,*,#3111,.T.);
#4452=ORIENTED_EDGE('',*,*,#3064,.T.);
#4453=ORIENTED_EDGE('',*,*,#3110,.F.);
#4454=ORIENTED_EDGE('',*,*,#2708,.F.);
#4455=ORIENTED_EDGE('',*,*,#3112,.T.);
#4456=ORIENTED_EDGE('',*,*,#3065,.T.);
#4457=ORIENTED_EDGE('',*,*,#3111,.F.);
#4458=ORIENTED_EDGE('',*,*,#2707,.F.);
#4459=ORIENTED_EDGE('',*,*,#3113,.T.);
#4460=ORIENTED_EDGE('',*,*,#3066,.T.);
#4461=ORIENTED_EDGE('',*,*,#3112,.F.);
#4462=ORIENTED_EDGE('',*,*,#2706,.F.);
#4463=ORIENTED_EDGE('',*,*,#3114,.T.);
#4464=ORIENTED_EDGE('',*,*,#3067,.T.);
#4465=ORIENTED_EDGE('',*,*,#3113,.F.);
#4466=ORIENTED_EDGE('',*,*,#2705,.F.);
#4467=ORIENTED_EDGE('',*,*,#3115,.T.);
#4468=ORIENTED_EDGE('',*,*,#3068,.T.);
#4469=ORIENTED_EDGE('',*,*,#3114,.F.);
#4470=ORIENTED_EDGE('',*,*,#2704,.F.);
#4471=ORIENTED_EDGE('',*,*,#3116,.T.);
#4472=ORIENTED_EDGE('',*,*,#3069,.T.);
#4473=ORIENTED_EDGE('',*,*,#3115,.F.);
#4474=ORIENTED_EDGE('',*,*,#2703,.F.);
#4475=ORIENTED_EDGE('',*,*,#3117,.T.);
#4476=ORIENTED_EDGE('',*,*,#3070,.T.);
#4477=ORIENTED_EDGE('',*,*,#3116,.F.);
#4478=ORIENTED_EDGE('',*,*,#2702,.F.);
#4479=ORIENTED_EDGE('',*,*,#3118,.T.);
#4480=ORIENTED_EDGE('',*,*,#3071,.T.);
#4481=ORIENTED_EDGE('',*,*,#3117,.F.);
#4482=ORIENTED_EDGE('',*,*,#2701,.F.);
#4483=ORIENTED_EDGE('',*,*,#3101,.T.);
#4484=ORIENTED_EDGE('',*,*,#3072,.T.);
#4485=ORIENTED_EDGE('',*,*,#3118,.F.);
#4486=ORIENTED_EDGE('',*,*,#2945,.T.);
#4487=ORIENTED_EDGE('',*,*,#2954,.T.);
#4488=ORIENTED_EDGE('',*,*,#2952,.T.);
#4489=ORIENTED_EDGE('',*,*,#2950,.T.);
#4490=ORIENTED_EDGE('',*,*,#2948,.T.);
#4491=ORIENTED_EDGE('',*,*,#3119,.F.);
#4492=ORIENTED_EDGE('',*,*,#3120,.T.);
#4493=ORIENTED_EDGE('',*,*,#3121,.T.);
#4494=ORIENTED_EDGE('',*,*,#3120,.F.);
#4495=ORIENTED_EDGE('',*,*,#3082,.T.);
#4496=ORIENTED_EDGE('',*,*,#3099,.T.);
#4497=ORIENTED_EDGE('',*,*,#3097,.T.);
#4498=ORIENTED_EDGE('',*,*,#3095,.T.);
#4499=ORIENTED_EDGE('',*,*,#3093,.T.);
#4500=ORIENTED_EDGE('',*,*,#3091,.T.);
#4501=ORIENTED_EDGE('',*,*,#3089,.T.);
#4502=ORIENTED_EDGE('',*,*,#3087,.T.);
#4503=ORIENTED_EDGE('',*,*,#3085,.T.);
#4504=ORIENTED_EDGE('',*,*,#2645,.T.);
#4505=ORIENTED_EDGE('',*,*,#3119,.T.);
#4506=ORIENTED_EDGE('',*,*,#2647,.F.);
#4507=ORIENTED_EDGE('',*,*,#3121,.F.);
#4508=ORIENTED_EDGE('',*,*,#3122,.F.);
#4509=ORIENTED_EDGE('',*,*,#3123,.T.);
#4510=ORIENTED_EDGE('',*,*,#3124,.T.);
#4511=ORIENTED_EDGE('',*,*,#3123,.F.);
#4512=ORIENTED_EDGE('',*,*,#3125,.F.);
#4513=ORIENTED_EDGE('',*,*,#3126,.T.);
#4514=ORIENTED_EDGE('',*,*,#3127,.T.);
#4515=ORIENTED_EDGE('',*,*,#3126,.F.);
#4516=ORIENTED_EDGE('',*,*,#3125,.T.);
#4517=ORIENTED_EDGE('',*,*,#3122,.T.);
#4518=ORIENTED_EDGE('',*,*,#3127,.F.);
#4519=ORIENTED_EDGE('',*,*,#3124,.F.);
#4520=ORIENTED_EDGE('',*,*,#3128,.F.);
#4521=ORIENTED_EDGE('',*,*,#3129,.T.);
#4522=ORIENTED_EDGE('',*,*,#3130,.T.);
#4523=ORIENTED_EDGE('',*,*,#3129,.F.);
#4524=ORIENTED_EDGE('',*,*,#3131,.F.);
#4525=ORIENTED_EDGE('',*,*,#3132,.T.);
#4526=ORIENTED_EDGE('',*,*,#3133,.T.);
#4527=ORIENTED_EDGE('',*,*,#3132,.F.);
#4528=ORIENTED_EDGE('',*,*,#3131,.T.);
#4529=ORIENTED_EDGE('',*,*,#3128,.T.);
#4530=ORIENTED_EDGE('',*,*,#3133,.F.);
#4531=ORIENTED_EDGE('',*,*,#3130,.F.);
#4532=ORIENTED_EDGE('',*,*,#3134,.F.);
#4533=ORIENTED_EDGE('',*,*,#3135,.T.);
#4534=ORIENTED_EDGE('',*,*,#3136,.T.);
#4535=ORIENTED_EDGE('',*,*,#3135,.F.);
#4536=ORIENTED_EDGE('',*,*,#3137,.F.);
#4537=ORIENTED_EDGE('',*,*,#3138,.T.);
#4538=ORIENTED_EDGE('',*,*,#3139,.T.);
#4539=ORIENTED_EDGE('',*,*,#3138,.F.);
#4540=ORIENTED_EDGE('',*,*,#3137,.T.);
#4541=ORIENTED_EDGE('',*,*,#3134,.T.);
#4542=ORIENTED_EDGE('',*,*,#3139,.F.);
#4543=ORIENTED_EDGE('',*,*,#3136,.F.);
#4544=ORIENTED_EDGE('',*,*,#3140,.F.);
#4545=ORIENTED_EDGE('',*,*,#3141,.T.);
#4546=ORIENTED_EDGE('',*,*,#3142,.T.);
#4547=ORIENTED_EDGE('',*,*,#3141,.F.);
#4548=ORIENTED_EDGE('',*,*,#3143,.F.);
#4549=ORIENTED_EDGE('',*,*,#3144,.T.);
#4550=ORIENTED_EDGE('',*,*,#3145,.T.);
#4551=ORIENTED_EDGE('',*,*,#3144,.F.);
#4552=ORIENTED_EDGE('',*,*,#3143,.T.);
#4553=ORIENTED_EDGE('',*,*,#3140,.T.);
#4554=ORIENTED_EDGE('',*,*,#3145,.F.);
#4555=ORIENTED_EDGE('',*,*,#3142,.F.);
#4556=CYLINDRICAL_SURFACE('',#4885,4.3);
#4557=CYLINDRICAL_SURFACE('',#4889,2.6);
#4558=CYLINDRICAL_SURFACE('',#4893,7.);
#4559=CYLINDRICAL_SURFACE('',#4898,7.06);
#4560=CYLINDRICAL_SURFACE('',#4923,7.06);
#4561=CYLINDRICAL_SURFACE('',#4939,7.05);
#4562=CYLINDRICAL_SURFACE('',#4940,7.06);
#4563=CYLINDRICAL_SURFACE('',#4944,7.06);
#4564=CYLINDRICAL_SURFACE('',#4953,7.06);
#4565=CYLINDRICAL_SURFACE('',#4959,7.05);
#4566=CYLINDRICAL_SURFACE('',#4992,7.06);
#4567=CYLINDRICAL_SURFACE('',#5011,7.06);
#4568=CYLINDRICAL_SURFACE('',#5018,7.06);
#4569=CYLINDRICAL_SURFACE('',#5024,7.05);
#4570=CYLINDRICAL_SURFACE('',#5025,7.06);
#4571=CYLINDRICAL_SURFACE('',#5035,7.06);
#4572=CYLINDRICAL_SURFACE('',#5042,7.06);
#4573=CYLINDRICAL_SURFACE('',#5053,7.06);
#4574=CYLINDRICAL_SURFACE('',#5063,7.06);
#4575=CYLINDRICAL_SURFACE('',#5076,7.06);
#4576=CYLINDRICAL_SURFACE('',#5086,7.05);
#4577=CYLINDRICAL_SURFACE('',#5087,7.05);
#4578=CYLINDRICAL_SURFACE('',#5088,7.06);
#4579=CYLINDRICAL_SURFACE('',#5097,7.06);
#4580=CYLINDRICAL_SURFACE('',#5102,7.06);
#4581=CYLINDRICAL_SURFACE('',#5112,7.06);
#4582=CYLINDRICAL_SURFACE('',#5113,7.05);
#4583=CYLINDRICAL_SURFACE('',#5114,7.);
#4584=CYLINDRICAL_SURFACE('',#5117,7.05);
#4585=CYLINDRICAL_SURFACE('',#5120,7.);
#4586=CYLINDRICAL_SURFACE('',#5123,7.05);
#4587=CYLINDRICAL_SURFACE('',#5128,7.);
#4588=CYLINDRICAL_SURFACE('',#5131,7.05);
#4589=CYLINDRICAL_SURFACE('',#5136,4.9);
#4590=CYLINDRICAL_SURFACE('',#5139,7.);
#4591=CYLINDRICAL_SURFACE('',#5144,4.9);
#4592=CYLINDRICAL_SURFACE('',#5147,7.);
#4593=ADVANCED_FACE('',(#543),#4556,.T.);
#4594=ADVANCED_FACE('',(#544),#421,.F.);
#4595=ADVANCED_FACE('',(#545),#4557,.T.);
#4596=ADVANCED_FACE('',(#546),#422,.T.);
#4597=ADVANCED_FACE('',(#547),#4558,.T.);
#4598=ADVANCED_FACE('',(#548,#385),#423,.T.);
#4599=ADVANCED_FACE('',(#549,#386),#424,.F.);
#4600=ADVANCED_FACE('',(#550),#4559,.T.);
#4601=ADVANCED_FACE('',(#551),#425,.F.);
#4602=ADVANCED_FACE('',(#552),#426,.F.);
#4603=ADVANCED_FACE('',(#553),#427,.F.);
#4604=ADVANCED_FACE('',(#554),#428,.F.);
#4605=ADVANCED_FACE('',(#555),#429,.F.);
#4606=ADVANCED_FACE('',(#556),#430,.F.);
#4607=ADVANCED_FACE('',(#557),#431,.F.);
#4608=ADVANCED_FACE('',(#558),#432,.F.);
#4609=ADVANCED_FACE('',(#559),#433,.F.);
#4610=ADVANCED_FACE('',(#560),#434,.F.);
#4611=ADVANCED_FACE('',(#561),#435,.F.);
#4612=ADVANCED_FACE('',(#562),#436,.F.);
#4613=ADVANCED_FACE('',(#563,#387),#4560,.T.);
#4614=ADVANCED_FACE('',(#564),#437,.F.);
#4615=ADVANCED_FACE('',(#565),#438,.F.);
#4616=ADVANCED_FACE('',(#566),#13,.F.);
#4617=ADVANCED_FACE('',(#567),#14,.F.);
#4618=ADVANCED_FACE('',(#568),#15,.F.);
#4619=ADVANCED_FACE('',(#569),#16,.F.);
#4620=ADVANCED_FACE('',(#570),#17,.F.);
#4621=ADVANCED_FACE('',(#571),#439,.F.);
#4622=ADVANCED_FACE('',(#572),#18,.F.);
#4623=ADVANCED_FACE('',(#573),#19,.F.);
#4624=ADVANCED_FACE('',(#574),#20,.F.);
#4625=ADVANCED_FACE('',(#575),#21,.F.);
#4626=ADVANCED_FACE('',(#576),#22,.F.);
#4627=ADVANCED_FACE('',(#577),#23,.F.);
#4628=ADVANCED_FACE('',(#578),#24,.F.);
#4629=ADVANCED_FACE('',(#579),#25,.F.);
#4630=ADVANCED_FACE('',(#580),#440,.F.);
#4631=ADVANCED_FACE('',(#581),#441,.F.);
#4632=ADVANCED_FACE('',(#582),#442,.F.);
#4633=ADVANCED_FACE('',(#583),#443,.F.);
#4634=ADVANCED_FACE('',(#584),#26,.F.);
#4635=ADVANCED_FACE('',(#585),#27,.F.);
#4636=ADVANCED_FACE('',(#586),#28,.F.);
#4637=ADVANCED_FACE('',(#587),#29,.F.);
#4638=ADVANCED_FACE('',(#588),#30,.F.);
#4639=ADVANCED_FACE('',(#589),#444,.F.);
#4640=ADVANCED_FACE('',(#590),#445,.F.);
#4641=ADVANCED_FACE('',(#591),#4561,.T.);
#4642=ADVANCED_FACE('',(#592),#4562,.T.);
#4643=ADVANCED_FACE('',(#593),#31,.F.);
#4644=ADVANCED_FACE('',(#594),#446,.F.);
#4645=ADVANCED_FACE('',(#595),#32,.F.);
#4646=ADVANCED_FACE('',(#596),#33,.F.);
#4647=ADVANCED_FACE('',(#597),#34,.F.);
#4648=ADVANCED_FACE('',(#598),#35,.F.);
#4649=ADVANCED_FACE('',(#599),#447,.F.);
#4650=ADVANCED_FACE('',(#600),#36,.F.);
#4651=ADVANCED_FACE('',(#601),#448,.F.);
#4652=ADVANCED_FACE('',(#602),#4563,.T.);
#4653=ADVANCED_FACE('',(#603),#449,.F.);
#4654=ADVANCED_FACE('',(#604),#450,.F.);
#4655=ADVANCED_FACE('',(#605),#451,.F.);
#4656=ADVANCED_FACE('',(#606),#452,.F.);
#4657=ADVANCED_FACE('',(#607,#388),#4564,.T.);
#4658=ADVANCED_FACE('',(#608),#37,.F.);
#4659=ADVANCED_FACE('',(#609),#38,.F.);
#4660=ADVANCED_FACE('',(#610),#39,.F.);
#4661=ADVANCED_FACE('',(#611),#453,.F.);
#4662=ADVANCED_FACE('',(#612),#40,.F.);
#4663=ADVANCED_FACE('',(#613),#41,.F.);
#4664=ADVANCED_FACE('',(#614),#454,.F.);
#4665=ADVANCED_FACE('',(#615),#42,.F.);
#4666=ADVANCED_FACE('',(#616),#455,.F.);
#4667=ADVANCED_FACE('',(#617),#43,.F.);
#4668=ADVANCED_FACE('',(#618),#456,.F.);
#4669=ADVANCED_FACE('',(#619),#44,.F.);
#4670=ADVANCED_FACE('',(#620),#457,.F.);
#4671=ADVANCED_FACE('',(#621,#389,#390,#391,#392,#393,#394,#395,#396,#397,
#398,#399,#400,#401,#402,#403,#404,#405,#406),#4565,.T.);
#4672=ADVANCED_FACE('',(#622),#4566,.T.);
#4673=ADVANCED_FACE('',(#623),#458,.F.);
#4674=ADVANCED_FACE('',(#624),#459,.F.);
#4675=ADVANCED_FACE('',(#625),#460,.F.);
#4676=ADVANCED_FACE('',(#626),#461,.F.);
#4677=ADVANCED_FACE('',(#627),#462,.F.);
#4678=ADVANCED_FACE('',(#628),#463,.F.);
#4679=ADVANCED_FACE('',(#629),#464,.F.);
#4680=ADVANCED_FACE('',(#630),#465,.F.);
#4681=ADVANCED_FACE('',(#631),#466,.F.);
#4682=ADVANCED_FACE('',(#632),#467,.F.);
#4683=ADVANCED_FACE('',(#633),#468,.F.);
#4684=ADVANCED_FACE('',(#634),#469,.F.);
#4685=ADVANCED_FACE('',(#635),#4567,.T.);
#4686=ADVANCED_FACE('',(#636),#470,.F.);
#4687=ADVANCED_FACE('',(#637),#471,.F.);
#4688=ADVANCED_FACE('',(#638),#472,.F.);
#4689=ADVANCED_FACE('',(#639),#473,.F.);
#4690=ADVANCED_FACE('',(#640,#407),#4568,.T.);
#4691=ADVANCED_FACE('',(#641),#45,.F.);
#4692=ADVANCED_FACE('',(#642),#474,.F.);
#4693=ADVANCED_FACE('',(#643),#46,.F.);
#4694=ADVANCED_FACE('',(#644),#475,.F.);
#4695=ADVANCED_FACE('',(#645),#47,.F.);
#4696=ADVANCED_FACE('',(#646),#476,.F.);
#4697=ADVANCED_FACE('',(#647),#48,.F.);
#4698=ADVANCED_FACE('',(#648),#477,.F.);
#4699=ADVANCED_FACE('',(#649),#49,.F.);
#4700=ADVANCED_FACE('',(#650),#50,.F.);
#4701=ADVANCED_FACE('',(#651),#51,.F.);
#4702=ADVANCED_FACE('',(#652),#478,.F.);
#4703=ADVANCED_FACE('',(#653),#52,.F.);
#4704=ADVANCED_FACE('',(#654),#4569,.T.);
#4705=ADVANCED_FACE('',(#655),#4570,.T.);
#4706=ADVANCED_FACE('',(#656),#479,.F.);
#4707=ADVANCED_FACE('',(#657),#480,.F.);
#4708=ADVANCED_FACE('',(#658),#481,.F.);
#4709=ADVANCED_FACE('',(#659),#482,.F.);
#4710=ADVANCED_FACE('',(#660),#483,.F.);
#4711=ADVANCED_FACE('',(#661),#484,.F.);
#4712=ADVANCED_FACE('',(#662),#4571,.T.);
#4713=ADVANCED_FACE('',(#663),#485,.F.);
#4714=ADVANCED_FACE('',(#664),#486,.F.);
#4715=ADVANCED_FACE('',(#665),#487,.F.);
#4716=ADVANCED_FACE('',(#666),#488,.F.);
#4717=ADVANCED_FACE('',(#667),#4572,.T.);
#4718=ADVANCED_FACE('',(#668),#489,.F.);
#4719=ADVANCED_FACE('',(#669),#53,.F.);
#4720=ADVANCED_FACE('',(#670),#54,.F.);
#4721=ADVANCED_FACE('',(#671),#490,.F.);
#4722=ADVANCED_FACE('',(#672),#55,.F.);
#4723=ADVANCED_FACE('',(#673),#56,.F.);
#4724=ADVANCED_FACE('',(#674),#491,.F.);
#4725=ADVANCED_FACE('',(#675),#57,.F.);
#4726=ADVANCED_FACE('',(#676),#492,.F.);
#4727=ADVANCED_FACE('',(#677),#493,.F.);
#4728=ADVANCED_FACE('',(#678),#494,.F.);
#4729=ADVANCED_FACE('',(#679),#495,.F.);
#4730=ADVANCED_FACE('',(#680),#4573,.T.);
#4731=ADVANCED_FACE('',(#681),#496,.F.);
#4732=ADVANCED_FACE('',(#682),#497,.F.);
#4733=ADVANCED_FACE('',(#683),#498,.F.);
#4734=ADVANCED_FACE('',(#684),#499,.F.);
#4735=ADVANCED_FACE('',(#685),#500,.F.);
#4736=ADVANCED_FACE('',(#686),#501,.F.);
#4737=ADVANCED_FACE('',(#687),#4574,.T.);
#4738=ADVANCED_FACE('',(#688),#502,.F.);
#4739=ADVANCED_FACE('',(#689),#58,.F.);
#4740=ADVANCED_FACE('',(#690),#503,.F.);
#4741=ADVANCED_FACE('',(#691),#504,.F.);
#4742=ADVANCED_FACE('',(#692),#505,.F.);
#4743=ADVANCED_FACE('',(#693),#506,.F.);
#4744=ADVANCED_FACE('',(#694),#59,.F.);
#4745=ADVANCED_FACE('',(#695),#507,.F.);
#4746=ADVANCED_FACE('',(#696),#508,.F.);
#4747=ADVANCED_FACE('',(#697),#509,.F.);
#4748=ADVANCED_FACE('',(#698,#408,#409),#4575,.T.);
#4749=ADVANCED_FACE('',(#699),#60,.F.);
#4750=ADVANCED_FACE('',(#700),#61,.F.);
#4751=ADVANCED_FACE('',(#701),#62,.F.);
#4752=ADVANCED_FACE('',(#702),#510,.F.);
#4753=ADVANCED_FACE('',(#703),#63,.F.);
#4754=ADVANCED_FACE('',(#704),#511,.F.);
#4755=ADVANCED_FACE('',(#705),#64,.F.);
#4756=ADVANCED_FACE('',(#706),#512,.F.);
#4757=ADVANCED_FACE('',(#707),#65,.F.);
#4758=ADVANCED_FACE('',(#708),#513,.F.);
#4759=ADVANCED_FACE('',(#709),#66,.F.);
#4760=ADVANCED_FACE('',(#710),#514,.F.);
#4761=ADVANCED_FACE('',(#711),#67,.F.);
#4762=ADVANCED_FACE('',(#712),#515,.F.);
#4763=ADVANCED_FACE('',(#713),#68,.F.);
#4764=ADVANCED_FACE('',(#714),#516,.F.);
#4765=ADVANCED_FACE('',(#715),#69,.F.);
#4766=ADVANCED_FACE('',(#716),#517,.F.);
#4767=ADVANCED_FACE('',(#717),#70,.F.);
#4768=ADVANCED_FACE('',(#718),#71,.F.);
#4769=ADVANCED_FACE('',(#719),#72,.F.);
#4770=ADVANCED_FACE('',(#720),#73,.F.);
#4771=ADVANCED_FACE('',(#721),#74,.F.);
#4772=ADVANCED_FACE('',(#722),#518,.F.);
#4773=ADVANCED_FACE('',(#723),#75,.F.);
#4774=ADVANCED_FACE('',(#724),#4576,.T.);
#4775=ADVANCED_FACE('',(#725),#4577,.T.);
#4776=ADVANCED_FACE('',(#726),#4578,.T.);
#4777=ADVANCED_FACE('',(#727),#519,.F.);
#4778=ADVANCED_FACE('',(#728),#76,.F.);
#4779=ADVANCED_FACE('',(#729),#77,.F.);
#4780=ADVANCED_FACE('',(#730),#520,.F.);
#4781=ADVANCED_FACE('',(#731),#78,.F.);
#4782=ADVANCED_FACE('',(#732),#79,.F.);
#4783=ADVANCED_FACE('',(#733),#521,.F.);
#4784=ADVANCED_FACE('',(#734),#522,.F.);
#4785=ADVANCED_FACE('',(#735),#523,.F.);
#4786=ADVANCED_FACE('',(#736),#4579,.T.);
#4787=ADVANCED_FACE('',(#737),#80,.F.);
#4788=ADVANCED_FACE('',(#738),#81,.F.);
#4789=ADVANCED_FACE('',(#739),#82,.F.);
#4790=ADVANCED_FACE('',(#740),#83,.F.);
#4791=ADVANCED_FACE('',(#741),#84,.F.);
#4792=ADVANCED_FACE('',(#742),#85,.F.);
#4793=ADVANCED_FACE('',(#743),#86,.F.);
#4794=ADVANCED_FACE('',(#744),#524,.F.);
#4795=ADVANCED_FACE('',(#745),#525,.F.);
#4796=ADVANCED_FACE('',(#746),#526,.F.);
#4797=ADVANCED_FACE('',(#747),#87,.F.);
#4798=ADVANCED_FACE('',(#748),#88,.F.);
#4799=ADVANCED_FACE('',(#749),#89,.F.);
#4800=ADVANCED_FACE('',(#750),#90,.F.);
#4801=ADVANCED_FACE('',(#751),#91,.F.);
#4802=ADVANCED_FACE('',(#752),#92,.F.);
#4803=ADVANCED_FACE('',(#753),#93,.F.);
#4804=ADVANCED_FACE('',(#754),#94,.F.);
#4805=ADVANCED_FACE('',(#755),#95,.F.);
#4806=ADVANCED_FACE('',(#756),#96,.F.);
#4807=ADVANCED_FACE('',(#757),#97,.F.);
#4808=ADVANCED_FACE('',(#758),#98,.F.);
#4809=ADVANCED_FACE('',(#759),#4580,.T.);
#4810=ADVANCED_FACE('',(#760),#527,.F.);
#4811=ADVANCED_FACE('',(#761),#528,.F.);
#4812=ADVANCED_FACE('',(#762),#529,.F.);
#4813=ADVANCED_FACE('',(#763),#530,.F.);
#4814=ADVANCED_FACE('',(#764),#531,.F.);
#4815=ADVANCED_FACE('',(#765),#532,.F.);
#4816=ADVANCED_FACE('',(#766,#410),#4581,.T.);
#4817=ADVANCED_FACE('',(#767),#99,.F.);
#4818=ADVANCED_FACE('',(#768),#100,.F.);
#4819=ADVANCED_FACE('',(#769),#101,.F.);
#4820=ADVANCED_FACE('',(#770),#102,.F.);
#4821=ADVANCED_FACE('',(#771),#103,.F.);
#4822=ADVANCED_FACE('',(#772),#104,.F.);
#4823=ADVANCED_FACE('',(#773),#105,.F.);
#4824=ADVANCED_FACE('',(#774),#106,.F.);
#4825=ADVANCED_FACE('',(#775),#107,.F.);
#4826=ADVANCED_FACE('',(#776),#108,.F.);
#4827=ADVANCED_FACE('',(#777),#109,.F.);
#4828=ADVANCED_FACE('',(#778),#110,.F.);
#4829=ADVANCED_FACE('',(#779),#111,.F.);
#4830=ADVANCED_FACE('',(#780),#112,.F.);
#4831=ADVANCED_FACE('',(#781),#113,.F.);
#4832=ADVANCED_FACE('',(#782),#114,.F.);
#4833=ADVANCED_FACE('',(#783),#115,.F.);
#4834=ADVANCED_FACE('',(#784),#116,.F.);
#4835=ADVANCED_FACE('',(#785),#117,.F.);
#4836=ADVANCED_FACE('',(#786),#118,.F.);
#4837=ADVANCED_FACE('',(#787),#119,.F.);
#4838=ADVANCED_FACE('',(#788),#120,.F.);
#4839=ADVANCED_FACE('',(#789),#121,.F.);
#4840=ADVANCED_FACE('',(#790),#122,.F.);
#4841=ADVANCED_FACE('',(#791),#123,.F.);
#4842=ADVANCED_FACE('',(#792),#124,.F.);
#4843=ADVANCED_FACE('',(#793),#125,.F.);
#4844=ADVANCED_FACE('',(#794),#126,.F.);
#4845=ADVANCED_FACE('',(#795),#4582,.T.);
#4846=ADVANCED_FACE('',(#796),#4583,.F.);
#4847=ADVANCED_FACE('',(#797),#4584,.T.);
#4848=ADVANCED_FACE('',(#798,#411),#533,.T.);
#4849=ADVANCED_FACE('',(#799,#412),#534,.F.);
#4850=ADVANCED_FACE('',(#800),#4585,.F.);
#4851=ADVANCED_FACE('',(#801),#4586,.T.);
#4852=ADVANCED_FACE('',(#802,#413),#535,.T.);
#4853=ADVANCED_FACE('',(#803,#414),#536,.F.);
#4854=ADVANCED_FACE('',(#804),#4587,.F.);
#4855=ADVANCED_FACE('',(#805),#4588,.T.);
#4856=ADVANCED_FACE('',(#806,#415),#537,.T.);
#4857=ADVANCED_FACE('',(#807,#416),#538,.F.);
#4858=ADVANCED_FACE('',(#808),#4589,.F.);
#4859=ADVANCED_FACE('',(#809),#4590,.T.);
#4860=ADVANCED_FACE('',(#810,#417),#539,.T.);
#4861=ADVANCED_FACE('',(#811,#418),#540,.F.);
#4862=ADVANCED_FACE('',(#812),#4591,.F.);
#4863=ADVANCED_FACE('',(#813),#4592,.T.);
#4864=ADVANCED_FACE('',(#814,#419),#541,.T.);
#4865=ADVANCED_FACE('',(#815,#420),#542,.F.);
#4866=CLOSED_SHELL('',(#4593,#4594,#4595,#4596,#4597,#4598,#4599));
#4867=CLOSED_SHELL('',(#4600,#4601,#4602,#4603,#4604,#4605,#4606,#4607,
#4608,#4609,#4610,#4611,#4612,#4613,#4614,#4615,#4616,#4617,#4618,#4619,
#4620,#4621,#4622,#4623,#4624,#4625,#4626,#4627,#4628,#4629,#4630,#4631,
#4632,#4633,#4634,#4635,#4636,#4637,#4638,#4639,#4640,#4641,#4642,#4643,
#4644,#4645,#4646,#4647,#4648,#4649,#4650,#4651,#4652,#4653,#4654,#4655,
#4656,#4657,#4658,#4659,#4660,#4661,#4662,#4663,#4664,#4665,#4666,#4667,
#4668,#4669,#4670,#4671,#4672,#4673,#4674,#4675,#4676,#4677,#4678,#4679,
#4680,#4681,#4682,#4683,#4684,#4685,#4686,#4687,#4688,#4689,#4690,#4691,
#4692,#4693,#4694,#4695,#4696,#4697,#4698,#4699,#4700,#4701,#4702,#4703,
#4704,#4705,#4706,#4707,#4708,#4709,#4710,#4711,#4712,#4713,#4714,#4715,
#4716,#4717,#4718,#4719,#4720,#4721,#4722,#4723,#4724,#4725,#4726,#4727,
#4728,#4729,#4730,#4731,#4732,#4733,#4734,#4735,#4736,#4737,#4738,#4739,
#4740,#4741,#4742,#4743,#4744,#4745,#4746,#4747,#4748,#4749,#4750,#4751,
#4752,#4753,#4754,#4755,#4756,#4757,#4758,#4759,#4760,#4761,#4762,#4763,
#4764,#4765,#4766,#4767,#4768,#4769,#4770,#4771,#4772,#4773,#4774,#4775,
#4776,#4777,#4778,#4779,#4780,#4781,#4782,#4783,#4784,#4785,#4786,#4787,
#4788,#4789,#4790,#4791,#4792,#4793,#4794,#4795,#4796,#4797,#4798,#4799,
#4800,#4801,#4802,#4803,#4804,#4805,#4806,#4807,#4808,#4809,#4810,#4811,
#4812,#4813,#4814,#4815,#4816,#4817,#4818,#4819,#4820,#4821,#4822,#4823,
#4824,#4825,#4826,#4827,#4828,#4829,#4830,#4831,#4832,#4833,#4834,#4835,
#4836,#4837,#4838,#4839,#4840,#4841,#4842,#4843,#4844,#4845,#4846,#4847,
#4848,#4849));
#4868=CLOSED_SHELL('',(#4850,#4851,#4852,#4853));
#4869=CLOSED_SHELL('',(#4854,#4855,#4856,#4857));
#4870=CLOSED_SHELL('',(#4858,#4859,#4860,#4861));
#4871=CLOSED_SHELL('',(#4862,#4863,#4864,#4865));
#4872=DERIVED_UNIT_ELEMENT(#4874,1.);
#4873=DERIVED_UNIT_ELEMENT(#10337,-3.);
#4874=(
MASS_UNIT()
NAMED_UNIT(*)
SI_UNIT(.KILO.,.GRAM.)
);
#4875=DERIVED_UNIT((#4872,#4873));
#4876=MEASURE_REPRESENTATION_ITEM('density measure',
POSITIVE_RATIO_MEASURE(7850.),#4875);
#4877=PROPERTY_DEFINITION_REPRESENTATION(#4882,#4879);
#4878=PROPERTY_DEFINITION_REPRESENTATION(#4883,#4880);
#4879=REPRESENTATION('material name',(#4881),#10334);
#4880=REPRESENTATION('density',(#4876),#10334);
#4881=DESCRIPTIVE_REPRESENTATION_ITEM('Steel','Steel');
#4882=PROPERTY_DEFINITION('material property','material name',#10344);
#4883=PROPERTY_DEFINITION('material property','density of part',#10344);
#4884=AXIS2_PLACEMENT_3D('',#6057,#5152,#5153);
#4885=AXIS2_PLACEMENT_3D('',#6058,#5154,#5155);
#4886=AXIS2_PLACEMENT_3D('',#6060,#5156,#5157);
#4887=AXIS2_PLACEMENT_3D('',#6063,#5159,#5160);
#4888=AXIS2_PLACEMENT_3D('',#6064,#5161,#5162);
#4889=AXIS2_PLACEMENT_3D('',#6065,#5163,#5164);
#4890=AXIS2_PLACEMENT_3D('',#6067,#5165,#5166);
#4891=AXIS2_PLACEMENT_3D('',#6070,#5168,#5169);
#4892=AXIS2_PLACEMENT_3D('',#6071,#5170,#5171);
#4893=AXIS2_PLACEMENT_3D('',#6072,#5172,#5173);
#4894=AXIS2_PLACEMENT_3D('',#6074,#5174,#5175);
#4895=AXIS2_PLACEMENT_3D('',#6077,#5177,#5178);
#4896=AXIS2_PLACEMENT_3D('',#6078,#5179,#5180);
#4897=AXIS2_PLACEMENT_3D('',#6079,#5181,#5182);
#4898=AXIS2_PLACEMENT_3D('',#6080,#5183,#5184);
#4899=AXIS2_PLACEMENT_3D('',#6083,#5185,#5186);
#4900=AXIS2_PLACEMENT_3D('',#6087,#5188,#5189);
#4901=AXIS2_PLACEMENT_3D('',#6091,#5191,#5192);
#4902=AXIS2_PLACEMENT_3D('',#6095,#5194,#5195);
#4903=AXIS2_PLACEMENT_3D('',#6099,#5197,#5198);
#4904=AXIS2_PLACEMENT_3D('',#6103,#5200,#5201);
#4905=AXIS2_PLACEMENT_3D('',#6105,#5203,#5204);
#4906=AXIS2_PLACEMENT_3D('',#6108,#5205,#5206);
#4907=AXIS2_PLACEMENT_3D('',#6111,#5209,#5210);
#4908=AXIS2_PLACEMENT_3D('',#6115,#5213,#5214);
#4909=AXIS2_PLACEMENT_3D('',#6117,#5215,#5216);
#4910=AXIS2_PLACEMENT_3D('',#6119,#5218,#5219);
#4911=AXIS2_PLACEMENT_3D('',#6123,#5222,#5223);
#4912=AXIS2_PLACEMENT_3D('',#6125,#5224,#5225);
#4913=AXIS2_PLACEMENT_3D('',#6127,#5227,#5228);
#4914=AXIS2_PLACEMENT_3D('',#6131,#5231,#5232);
#4915=AXIS2_PLACEMENT_3D('',#6133,#5233,#5234);
#4916=AXIS2_PLACEMENT_3D('',#6135,#5236,#5237);
#4917=AXIS2_PLACEMENT_3D('',#6139,#5240,#5241);
#4918=AXIS2_PLACEMENT_3D('',#6141,#5242,#5243);
#4919=AXIS2_PLACEMENT_3D('',#6143,#5245,#5246);
#4920=AXIS2_PLACEMENT_3D('',#6147,#5249,#5250);
#4921=AXIS2_PLACEMENT_3D('',#6149,#5251,#5252);
#4922=AXIS2_PLACEMENT_3D('',#6151,#5254,#5255);
#4923=AXIS2_PLACEMENT_3D('',#6153,#5257,#5258);
#4924=AXIS2_PLACEMENT_3D('',#6156,#5259,#5260);
#4925=AXIS2_PLACEMENT_3D('',#6240,#5264,#5265);
#4926=AXIS2_PLACEMENT_3D('',#6277,#5269,#5270);
#4927=AXIS2_PLACEMENT_3D('',#6278,#5271,#5272);
#4928=AXIS2_PLACEMENT_3D('',#6281,#5273,#5274);
#4929=AXIS2_PLACEMENT_3D('',#6284,#5277,#5278);
#4930=AXIS2_PLACEMENT_3D('',#6418,#5286,#5287);
#4931=AXIS2_PLACEMENT_3D('',#6633,#5298,#5299);
#4932=AXIS2_PLACEMENT_3D('',#6637,#5302,#5303);
#4933=AXIS2_PLACEMENT_3D('',#6639,#5304,#5305);
#4934=AXIS2_PLACEMENT_3D('',#6641,#5307,#5308);
#4935=AXIS2_PLACEMENT_3D('',#6643,#5310,#5311);
#4936=AXIS2_PLACEMENT_3D('',#6784,#5320,#5321);
#4937=AXIS2_PLACEMENT_3D('',#6788,#5324,#5325);
#4938=AXIS2_PLACEMENT_3D('',#6789,#5326,#5327);
#4939=AXIS2_PLACEMENT_3D('',#6790,#5328,#5329);
#4940=AXIS2_PLACEMENT_3D('',#6791,#5330,#5331);
#4941=AXIS2_PLACEMENT_3D('',#6854,#5337,#5338);
#4942=AXIS2_PLACEMENT_3D('',#6956,#5345,#5346);
#4943=AXIS2_PLACEMENT_3D('',#6982,#5350,#5351);
#4944=AXIS2_PLACEMENT_3D('',#6984,#5353,#5354);
#4945=AXIS2_PLACEMENT_3D('',#6987,#5355,#5356);
#4946=AXIS2_PLACEMENT_3D('',#6991,#5358,#5359);
#4947=AXIS2_PLACEMENT_3D('',#6993,#5361,#5362);
#4948=AXIS2_PLACEMENT_3D('',#6996,#5363,#5364);
#4949=AXIS2_PLACEMENT_3D('',#6999,#5367,#5368);
#4950=AXIS2_PLACEMENT_3D('',#7003,#5371,#5372);
#4951=AXIS2_PLACEMENT_3D('',#7005,#5373,#5374);
#4952=AXIS2_PLACEMENT_3D('',#7007,#5376,#5377);
#4953=AXIS2_PLACEMENT_3D('',#7009,#5379,#5380);
#4954=AXIS2_PLACEMENT_3D('',#7140,#5390,#5391);
#4955=AXIS2_PLACEMENT_3D('',#7188,#5396,#5397);
#4956=AXIS2_PLACEMENT_3D('',#7214,#5401,#5402);
#4957=AXIS2_PLACEMENT_3D('',#7240,#5406,#5407);
#4958=AXIS2_PLACEMENT_3D('',#7266,#5411,#5412);
#4959=AXIS2_PLACEMENT_3D('',#7268,#5414,#5415);
#4960=AXIS2_PLACEMENT_3D('',#7270,#5416,#5417);
#4961=AXIS2_PLACEMENT_3D('',#7273,#5419,#5420);
#4962=AXIS2_PLACEMENT_3D('',#7332,#5429,#5430);
#4963=AXIS2_PLACEMENT_3D('',#7336,#5432,#5433);
#4964=AXIS2_PLACEMENT_3D('',#7350,#5434,#5435);
#4965=AXIS2_PLACEMENT_3D('',#7441,#5437,#5438);
#4966=AXIS2_PLACEMENT_3D('',#7480,#5440,#5441);
#4967=AXIS2_PLACEMENT_3D('',#7484,#5443,#5444);
#4968=AXIS2_PLACEMENT_3D('',#7488,#5446,#5447);
#4969=AXIS2_PLACEMENT_3D('',#7605,#5449,#5450);
#4970=AXIS2_PLACEMENT_3D('',#7609,#5452,#5453);
#4971=AXIS2_PLACEMENT_3D('',#7618,#5455,#5456);
#4972=AXIS2_PLACEMENT_3D('',#7622,#5458,#5459);
#4973=AXIS2_PLACEMENT_3D('',#7631,#5461,#5462);
#4974=AXIS2_PLACEMENT_3D('',#7635,#5464,#5465);
#4975=AXIS2_PLACEMENT_3D('',#7639,#5467,#5468);
#4976=AXIS2_PLACEMENT_3D('',#7643,#5470,#5471);
#4977=AXIS2_PLACEMENT_3D('',#7647,#5473,#5474);
#4978=AXIS2_PLACEMENT_3D('',#7651,#5476,#5477);
#4979=AXIS2_PLACEMENT_3D('',#7682,#5480,#5481);
#4980=AXIS2_PLACEMENT_3D('',#7686,#5483,#5484);
#4981=AXIS2_PLACEMENT_3D('',#7690,#5486,#5487);
#4982=AXIS2_PLACEMENT_3D('',#7694,#5489,#5490);
#4983=AXIS2_PLACEMENT_3D('',#7698,#5492,#5493);
#4984=AXIS2_PLACEMENT_3D('',#7730,#5499,#5500);
#4985=AXIS2_PLACEMENT_3D('',#7734,#5502,#5503);
#4986=AXIS2_PLACEMENT_3D('',#7738,#5505,#5506);
#4987=AXIS2_PLACEMENT_3D('',#7742,#5508,#5509);
#4988=AXIS2_PLACEMENT_3D('',#7746,#5511,#5512);
#4989=AXIS2_PLACEMENT_3D('',#7750,#5514,#5515);
#4990=AXIS2_PLACEMENT_3D('',#7754,#5517,#5518);
#4991=AXIS2_PLACEMENT_3D('',#7758,#5520,#5521);
#4992=AXIS2_PLACEMENT_3D('',#7760,#5523,#5524);
#4993=AXIS2_PLACEMENT_3D('',#7763,#5525,#5526);
#4994=AXIS2_PLACEMENT_3D('',#7767,#5528,#5529);
#4995=AXIS2_PLACEMENT_3D('',#7771,#5531,#5532);
#4996=AXIS2_PLACEMENT_3D('',#7775,#5534,#5535);
#4997=AXIS2_PLACEMENT_3D('',#7779,#5537,#5538);
#4998=AXIS2_PLACEMENT_3D('',#7783,#5540,#5541);
#4999=AXIS2_PLACEMENT_3D('',#7785,#5543,#5544);
#5000=AXIS2_PLACEMENT_3D('',#7788,#5547,#5548);
#5001=AXIS2_PLACEMENT_3D('',#7790,#5550,#5551);
#5002=AXIS2_PLACEMENT_3D('',#7792,#5553,#5554);
#5003=AXIS2_PLACEMENT_3D('',#7794,#5556,#5557);
#5004=AXIS2_PLACEMENT_3D('',#7796,#5559,#5560);
#5005=AXIS2_PLACEMENT_3D('',#7798,#5562,#5563);
#5006=AXIS2_PLACEMENT_3D('',#7800,#5565,#5566);
#5007=AXIS2_PLACEMENT_3D('',#7802,#5568,#5569);
#5008=AXIS2_PLACEMENT_3D('',#7804,#5571,#5572);
#5009=AXIS2_PLACEMENT_3D('',#7806,#5574,#5575);
#5010=AXIS2_PLACEMENT_3D('',#7808,#5577,#5578);
#5011=AXIS2_PLACEMENT_3D('',#7809,#5579,#5580);
#5012=AXIS2_PLACEMENT_3D('',#7812,#5581,#5582);
#5013=AXIS2_PLACEMENT_3D('',#7816,#5584,#5585);
#5014=AXIS2_PLACEMENT_3D('',#7818,#5587,#5588);
#5015=AXIS2_PLACEMENT_3D('',#7821,#5591,#5592);
#5016=AXIS2_PLACEMENT_3D('',#7823,#5594,#5595);
#5017=AXIS2_PLACEMENT_3D('',#7825,#5597,#5598);
#5018=AXIS2_PLACEMENT_3D('',#7826,#5599,#5600);
#5019=AXIS2_PLACEMENT_3D('',#7897,#5608,#5609);
#5020=AXIS2_PLACEMENT_3D('',#7916,#5612,#5613);
#5021=AXIS2_PLACEMENT_3D('',#7935,#5616,#5617);
#5022=AXIS2_PLACEMENT_3D('',#7954,#5620,#5621);
#5023=AXIS2_PLACEMENT_3D('',#8033,#5626,#5627);
#5024=AXIS2_PLACEMENT_3D('',#8057,#5630,#5631);
#5025=AXIS2_PLACEMENT_3D('',#8058,#5632,#5633);
#5026=AXIS2_PLACEMENT_3D('',#8061,#5634,#5635);
#5027=AXIS2_PLACEMENT_3D('',#8065,#5637,#5638);
#5028=AXIS2_PLACEMENT_3D('',#8069,#5640,#5641);
#5029=AXIS2_PLACEMENT_3D('',#8071,#5643,#5644);
#5030=AXIS2_PLACEMENT_3D('',#8074,#5647,#5648);
#5031=AXIS2_PLACEMENT_3D('',#8076,#5650,#5651);
#5032=AXIS2_PLACEMENT_3D('',#8078,#5653,#5654);
#5033=AXIS2_PLACEMENT_3D('',#8080,#5656,#5657);
#5034=AXIS2_PLACEMENT_3D('',#8082,#5659,#5660);
#5035=AXIS2_PLACEMENT_3D('',#8083,#5661,#5662);
#5036=AXIS2_PLACEMENT_3D('',#8086,#5663,#5664);
#5037=AXIS2_PLACEMENT_3D('',#8090,#5666,#5667);
#5038=AXIS2_PLACEMENT_3D('',#8092,#5669,#5670);
#5039=AXIS2_PLACEMENT_3D('',#8095,#5673,#5674);
#5040=AXIS2_PLACEMENT_3D('',#8097,#5676,#5677);
#5041=AXIS2_PLACEMENT_3D('',#8099,#5679,#5680);
#5042=AXIS2_PLACEMENT_3D('',#8100,#5681,#5682);
#5043=AXIS2_PLACEMENT_3D('',#8103,#5683,#5684);
#5044=AXIS2_PLACEMENT_3D('',#8134,#5687,#5688);
#5045=AXIS2_PLACEMENT_3D('',#8138,#5690,#5691);
#5046=AXIS2_PLACEMENT_3D('',#8140,#5693,#5694);
#5047=AXIS2_PLACEMENT_3D('',#8177,#5699,#5700);
#5048=AXIS2_PLACEMENT_3D('',#8213,#5704,#5705);
#5049=AXIS2_PLACEMENT_3D('',#8232,#5708,#5709);
#5050=AXIS2_PLACEMENT_3D('',#8234,#5711,#5712);
#5051=AXIS2_PLACEMENT_3D('',#8236,#5714,#5715);
#5052=AXIS2_PLACEMENT_3D('',#8238,#5717,#5718);
#5053=AXIS2_PLACEMENT_3D('',#8239,#5719,#5720);
#5054=AXIS2_PLACEMENT_3D('',#8242,#5721,#5722);
#5055=AXIS2_PLACEMENT_3D('',#8246,#5724,#5725);
#5056=AXIS2_PLACEMENT_3D('',#8250,#5727,#5728);
#5057=AXIS2_PLACEMENT_3D('',#8252,#5730,#5731);
#5058=AXIS2_PLACEMENT_3D('',#8255,#5734,#5735);
#5059=AXIS2_PLACEMENT_3D('',#8257,#5737,#5738);
#5060=AXIS2_PLACEMENT_3D('',#8259,#5740,#5741);
#5061=AXIS2_PLACEMENT_3D('',#8261,#5743,#5744);
#5062=AXIS2_PLACEMENT_3D('',#8263,#5746,#5747);
#5063=AXIS2_PLACEMENT_3D('',#8264,#5748,#5749);
#5064=AXIS2_PLACEMENT_3D('',#8267,#5750,#5751);
#5065=AXIS2_PLACEMENT_3D('',#8276,#5753,#5754);
#5066=AXIS2_PLACEMENT_3D('',#8280,#5756,#5757);
#5067=AXIS2_PLACEMENT_3D('',#8289,#5759,#5760);
#5068=AXIS2_PLACEMENT_3D('',#8291,#5762,#5763);
#5069=AXIS2_PLACEMENT_3D('',#8311,#5767,#5768);
#5070=AXIS2_PLACEMENT_3D('',#8313,#5770,#5771);
#5071=AXIS2_PLACEMENT_3D('',#8315,#5773,#5774);
#5072=AXIS2_PLACEMENT_3D('',#8317,#5776,#5777);
#5073=AXIS2_PLACEMENT_3D('',#8336,#5780,#5781);
#5074=AXIS2_PLACEMENT_3D('',#8338,#5783,#5784);
#5075=AXIS2_PLACEMENT_3D('',#8340,#5786,#5787);
#5076=AXIS2_PLACEMENT_3D('',#8341,#5788,#5789);
#5077=AXIS2_PLACEMENT_3D('',#8522,#5803,#5804);
#5078=AXIS2_PLACEMENT_3D('',#8546,#5807,#5808);
#5079=AXIS2_PLACEMENT_3D('',#8566,#5812,#5813);
#5080=AXIS2_PLACEMENT_3D('',#8585,#5816,#5817);
#5081=AXIS2_PLACEMENT_3D('',#8604,#5820,#5821);
#5082=AXIS2_PLACEMENT_3D('',#8623,#5824,#5825);
#5083=AXIS2_PLACEMENT_3D('',#8642,#5828,#5829);
#5084=AXIS2_PLACEMENT_3D('',#8661,#5832,#5833);
#5085=AXIS2_PLACEMENT_3D('',#8774,#5840,#5841);
#5086=AXIS2_PLACEMENT_3D('',#8798,#5844,#5845);
#5087=AXIS2_PLACEMENT_3D('',#8799,#5846,#5847);
#5088=AXIS2_PLACEMENT_3D('',#8800,#5848,#5849);
#5089=AXIS2_PLACEMENT_3D('',#8817,#5851,#5852);
#5090=AXIS2_PLACEMENT_3D('',#8831,#5853,#5854);
#5091=AXIS2_PLACEMENT_3D('',#8834,#5856,#5857);
#5092=AXIS2_PLACEMENT_3D('',#8835,#5858,#5859);
#5093=AXIS2_PLACEMENT_3D('',#8880,#5864,#5865);
#5094=AXIS2_PLACEMENT_3D('',#8924,#5869,#5870);
#5095=AXIS2_PLACEMENT_3D('',#8926,#5872,#5873);
#5096=AXIS2_PLACEMENT_3D('',#8928,#5875,#5876);
#5097=AXIS2_PLACEMENT_3D('',#8929,#5877,#5878);
#5098=AXIS2_PLACEMENT_3D('',#8975,#5880,#5881);
#5099=AXIS2_PLACEMENT_3D('',#9190,#5891,#5892);
#5100=AXIS2_PLACEMENT_3D('',#9192,#5894,#5895);
#5101=AXIS2_PLACEMENT_3D('',#9194,#5897,#5898);
#5102=AXIS2_PLACEMENT_3D('',#9435,#5911,#5912);
#5103=AXIS2_PLACEMENT_3D('',#9438,#5913,#5914);
#5104=AXIS2_PLACEMENT_3D('',#9442,#5916,#5917);
#5105=AXIS2_PLACEMENT_3D('',#9446,#5919,#5920);
#5106=AXIS2_PLACEMENT_3D('',#9448,#5922,#5923);
#5107=AXIS2_PLACEMENT_3D('',#9451,#5926,#5927);
#5108=AXIS2_PLACEMENT_3D('',#9453,#5929,#5930);
#5109=AXIS2_PLACEMENT_3D('',#9455,#5932,#5933);
#5110=AXIS2_PLACEMENT_3D('',#9457,#5935,#5936);
#5111=AXIS2_PLACEMENT_3D('',#9459,#5938,#5939);
#5112=AXIS2_PLACEMENT_3D('',#9460,#5940,#5941);
#5113=AXIS2_PLACEMENT_3D('',#10266,#5970,#5971);
#5114=AXIS2_PLACEMENT_3D('',#10267,#5972,#5973);
#5115=AXIS2_PLACEMENT_3D('',#10269,#5974,#5975);
#5116=AXIS2_PLACEMENT_3D('',#10272,#5977,#5978);
#5117=AXIS2_PLACEMENT_3D('',#10273,#5979,#5980);
#5118=AXIS2_PLACEMENT_3D('',#10274,#5981,#5982);
#5119=AXIS2_PLACEMENT_3D('',#10275,#5983,#5984);
#5120=AXIS2_PLACEMENT_3D('',#10276,#5985,#5986);
#5121=AXIS2_PLACEMENT_3D('',#10278,#5987,#5988);
#5122=AXIS2_PLACEMENT_3D('',#10281,#5990,#5991);
#5123=AXIS2_PLACEMENT_3D('',#10282,#5992,#5993);
#5124=AXIS2_PLACEMENT_3D('',#10284,#5994,#5995);
#5125=AXIS2_PLACEMENT_3D('',#10287,#5997,#5998);
#5126=AXIS2_PLACEMENT_3D('',#10288,#5999,#6000);
#5127=AXIS2_PLACEMENT_3D('',#10289,#6001,#6002);
#5128=AXIS2_PLACEMENT_3D('',#10290,#6003,#6004);
#5129=AXIS2_PLACEMENT_3D('',#10292,#6005,#6006);
#5130=AXIS2_PLACEMENT_3D('',#10295,#6008,#6009);
#5131=AXIS2_PLACEMENT_3D('',#10296,#6010,#6011);
#5132=AXIS2_PLACEMENT_3D('',#10298,#6012,#6013);
#5133=AXIS2_PLACEMENT_3D('',#10301,#6015,#6016);
#5134=AXIS2_PLACEMENT_3D('',#10302,#6017,#6018);
#5135=AXIS2_PLACEMENT_3D('',#10303,#6019,#6020);
#5136=AXIS2_PLACEMENT_3D('',#10304,#6021,#6022);
#5137=AXIS2_PLACEMENT_3D('',#10306,#6023,#6024);
#5138=AXIS2_PLACEMENT_3D('',#10309,#6026,#6027);
#5139=AXIS2_PLACEMENT_3D('',#10310,#6028,#6029);
#5140=AXIS2_PLACEMENT_3D('',#10312,#6030,#6031);
#5141=AXIS2_PLACEMENT_3D('',#10315,#6033,#6034);
#5142=AXIS2_PLACEMENT_3D('',#10316,#6035,#6036);
#5143=AXIS2_PLACEMENT_3D('',#10317,#6037,#6038);
#5144=AXIS2_PLACEMENT_3D('',#10318,#6039,#6040);
#5145=AXIS2_PLACEMENT_3D('',#10320,#6041,#6042);
#5146=AXIS2_PLACEMENT_3D('',#10323,#6044,#6045);
#5147=AXIS2_PLACEMENT_3D('',#10324,#6046,#6047);
#5148=AXIS2_PLACEMENT_3D('',#10326,#6048,#6049);
#5149=AXIS2_PLACEMENT_3D('',#10329,#6051,#6052);
#5150=AXIS2_PLACEMENT_3D('',#10330,#6053,#6054);
#5151=AXIS2_PLACEMENT_3D('',#10331,#6055,#6056);
#5152=DIRECTION('axis',(0.,0.,1.));
#5153=DIRECTION('refdir',(1.,0.,0.));
#5154=DIRECTION('center_axis',(0.,0.,-1.));
#5155=DIRECTION('ref_axis',(1.,0.,0.));
#5156=DIRECTION('center_axis',(0.,0.,-1.));
#5157=DIRECTION('ref_axis',(1.,0.,0.));
#5158=DIRECTION('',(0.,0.,1.));
#5159=DIRECTION('center_axis',(0.,0.,1.));
#5160=DIRECTION('ref_axis',(1.,0.,0.));
#5161=DIRECTION('center_axis',(0.,0.,1.));
#5162=DIRECTION('ref_axis',(1.,0.,0.));
#5163=DIRECTION('center_axis',(0.,0.,1.));
#5164=DIRECTION('ref_axis',(1.,0.,0.));
#5165=DIRECTION('center_axis',(0.,0.,1.));
#5166=DIRECTION('ref_axis',(1.,0.,0.));
#5167=DIRECTION('',(0.,0.,-1.));
#5168=DIRECTION('center_axis',(0.,0.,-1.));
#5169=DIRECTION('ref_axis',(1.,0.,0.));
#5170=DIRECTION('center_axis',(0.,0.,1.));
#5171=DIRECTION('ref_axis',(1.,0.,0.));
#5172=DIRECTION('center_axis',(0.,0.,1.));
#5173=DIRECTION('ref_axis',(1.,0.,0.));
#5174=DIRECTION('center_axis',(0.,0.,1.));
#5175=DIRECTION('ref_axis',(1.,0.,0.));
#5176=DIRECTION('',(0.,0.,-1.));
#5177=DIRECTION('center_axis',(0.,0.,1.));
#5178=DIRECTION('ref_axis',(1.,0.,0.));
#5179=DIRECTION('center_axis',(0.,0.,1.));
#5180=DIRECTION('ref_axis',(1.,0.,0.));
#5181=DIRECTION('center_axis',(0.,0.,1.));
#5182=DIRECTION('ref_axis',(1.,0.,0.));
#5183=DIRECTION('center_axis',(0.,0.,1.));
#5184=DIRECTION('ref_axis',(1.,0.,0.));
#5185=DIRECTION('center_axis',(0.,0.,-1.));
#5186=DIRECTION('ref_axis',(0.0206577397669662,-0.999786606125387,0.));
#5187=DIRECTION('',(-6.65953445609146E-17,0.,1.));
#5188=DIRECTION('center_axis',(0.,0.,-1.));
#5189=DIRECTION('ref_axis',(0.121320281992092,-0.992613413760543,0.));
#5190=DIRECTION('',(0.,0.,-1.));
#5191=DIRECTION('center_axis',(0.,0.,-1.));
#5192=DIRECTION('ref_axis',(0.264686176433059,-0.964334603758077,0.));
#5193=DIRECTION('',(0.,0.,-1.));
#5194=DIRECTION('center_axis',(0.,0.,1.));
#5195=DIRECTION('ref_axis',(0.121320281992092,-0.992613413760543,0.));
#5196=DIRECTION('',(0.,0.,-1.));
#5197=DIRECTION('center_axis',(0.,0.,1.));
#5198=DIRECTION('ref_axis',(0.0206577397669662,-0.999786606125387,0.));
#5199=DIRECTION('',(-6.67687787650089E-17,0.,1.));
#5200=DIRECTION('center_axis',(0.,0.,1.));
#5201=DIRECTION('ref_axis',(-0.125269421022962,-0.992122760628226,0.));
#5202=DIRECTION('',(0.,0.,1.));
#5203=DIRECTION('center_axis',(0.,0.,1.));
#5204=DIRECTION('ref_axis',(1.,0.,0.));
#5205=DIRECTION('center_axis',(0.,0.,-1.));
#5206=DIRECTION('ref_axis',(1.,0.,0.));
#5207=DIRECTION('',(0.0206577397669662,-0.999786606125387,0.));
#5208=DIRECTION('',(-0.125269421022962,-0.992122760628226,0.));
#5209=DIRECTION('center_axis',(0.999786606125387,0.0206577397669662,6.65953445609146E-17));
#5210=DIRECTION('ref_axis',(6.66095586327175E-17,0.,-1.));
#5211=DIRECTION('',(0.,0.,1.));
#5212=DIRECTION('',(0.0206577397669662,-0.999786606125387,0.));
#5213=DIRECTION('center_axis',(0.,0.,1.));
#5214=DIRECTION('ref_axis',(1.,0.,0.));
#5215=DIRECTION('center_axis',(0.,0.,-1.));
#5216=DIRECTION('ref_axis',(1.,0.,0.));
#5217=DIRECTION('',(0.121320281992092,-0.992613413760543,0.));
#5218=DIRECTION('center_axis',(-0.992613413760543,-0.121320281992092,0.));
#5219=DIRECTION('ref_axis',(0.,0.,1.));
#5220=DIRECTION('',(0.,0.,-1.));
#5221=DIRECTION('',(0.121320281992092,-0.992613413760543,0.));
#5222=DIRECTION('center_axis',(0.,0.,1.));
#5223=DIRECTION('ref_axis',(1.,0.,0.));
#5224=DIRECTION('center_axis',(0.,0.,-1.));
#5225=DIRECTION('ref_axis',(1.,0.,0.));
#5226=DIRECTION('',(0.264686176433059,-0.964334603758077,0.));
#5227=DIRECTION('center_axis',(-0.964334603758077,-0.264686176433059,0.));
#5228=DIRECTION('ref_axis',(0.,0.,1.));
#5229=DIRECTION('',(0.,0.,-1.));
#5230=DIRECTION('',(0.264686176433059,-0.964334603758077,0.));
#5231=DIRECTION('center_axis',(0.,0.,-1.));
#5232=DIRECTION('ref_axis',(-1.,0.,0.));
#5233=DIRECTION('center_axis',(0.,0.,1.));
#5234=DIRECTION('ref_axis',(1.,0.,0.));
#5235=DIRECTION('',(0.121320281992092,-0.992613413760543,0.));
#5236=DIRECTION('center_axis',(-0.992613413760543,-0.121320281992092,0.));
#5237=DIRECTION('ref_axis',(0.,0.,1.));
#5238=DIRECTION('',(0.,0.,-1.));
#5239=DIRECTION('',(0.121320281992092,-0.992613413760543,0.));
#5240=DIRECTION('center_axis',(0.,0.,-1.));
#5241=DIRECTION('ref_axis',(-1.,0.,0.));
#5242=DIRECTION('center_axis',(0.,0.,1.));
#5243=DIRECTION('ref_axis',(1.,0.,0.));
#5244=DIRECTION('',(0.0206577397669662,-0.999786606125387,0.));
#5245=DIRECTION('center_axis',(0.999786606125387,0.0206577397669662,6.67687787650089E-17));
#5246=DIRECTION('ref_axis',(6.67830298545079E-17,0.,-1.));
#5247=DIRECTION('',(0.,0.,1.));
#5248=DIRECTION('',(0.0206577397669663,-0.999786606125387,0.));
#5249=DIRECTION('center_axis',(0.,0.,-1.));
#5250=DIRECTION('ref_axis',(-1.,0.,0.));
#5251=DIRECTION('center_axis',(0.,0.,1.));
#5252=DIRECTION('ref_axis',(1.,0.,0.));
#5253=DIRECTION('',(-0.125269421022962,-0.992122760628226,0.));
#5254=DIRECTION('center_axis',(0.992122760628226,-0.125269421022962,0.));
#5255=DIRECTION('ref_axis',(0.,0.,-1.));
#5256=DIRECTION('',(0.,0.,1.));
#5257=DIRECTION('center_axis',(0.,0.,1.));
#5258=DIRECTION('ref_axis',(1.,0.,0.));
#5259=DIRECTION('center_axis',(0.,0.,-1.));
#5260=DIRECTION('ref_axis',(-0.165557342395422,-0.986200165472996,0.));
#5261=DIRECTION('',(0.,0.,1.));
#5262=DIRECTION('',(0.,0.,1.));
#5263=DIRECTION('',(0.,0.,-1.));
#5264=DIRECTION('center_axis',(0.,0.,1.));
#5265=DIRECTION('ref_axis',(-0.288154653197149,-0.957583884493067,0.));
#5266=DIRECTION('',(0.,0.,1.));
#5267=DIRECTION('',(0.,0.,1.));
#5268=DIRECTION('',(0.,0.,-1.));
#5269=DIRECTION('center_axis',(0.,0.,-1.));
#5270=DIRECTION('ref_axis',(-0.0399494612973311,-0.999201701630883,0.));
#5271=DIRECTION('center_axis',(0.,0.,1.));
#5272=DIRECTION('ref_axis',(1.,0.,0.));
#5273=DIRECTION('center_axis',(0.,0.,-1.));
#5274=DIRECTION('ref_axis',(1.,0.,0.));
#5275=DIRECTION('',(-0.165557342395422,-0.986200165472996,0.));
#5276=DIRECTION('',(-0.288154653197149,-0.957583884493067,0.));
#5277=DIRECTION('center_axis',(0.986200165472996,-0.165557342395422,0.));
#5278=DIRECTION('ref_axis',(0.,0.,-1.));
#5279=DIRECTION('',(0.,0.,1.));
#5280=DIRECTION('',(-0.165557342395422,-0.986200165472996,0.));
#5281=DIRECTION('',(-0.166893086513812,-0.985974998503458,0.));
#5282=DIRECTION('',(-0.174329379478959,-0.984687395801572,0.));
#5283=DIRECTION('',(-0.192970691311614,-0.981204521134466,0.));
#5284=DIRECTION('',(-0.231168131589331,-0.972913816808816,0.));
#5285=DIRECTION('',(-0.288154653197149,-0.957583884493067,0.));
#5286=DIRECTION('center_axis',(0.957583884493067,-0.288154653197149,0.));
#5287=DIRECTION('ref_axis',(0.,0.,-1.));
#5288=DIRECTION('',(0.,0.,1.));
#5289=DIRECTION('',(-0.288154653197149,-0.957583884493067,0.));
#5290=DIRECTION('',(-0.213433494428401,-0.976957595526071,0.));
#5291=DIRECTION('',(-0.176424992935344,-0.984314087000569,0.));
#5292=DIRECTION('',(-0.162503135777295,-0.986708027160287,0.));
#5293=DIRECTION('',(-0.136482066702697,-0.990642541721564,0.));
#5294=DIRECTION('',(-0.0859098567457569,-0.996302914034644,0.));
#5295=DIRECTION('',(-0.043236366650918,-0.999064871066352,0.));
#5296=DIRECTION('',(-0.016254231727365,-0.999867891249115,0.));
#5297=DIRECTION('',(-0.00861115837767396,-0.999962923288356,0.));
#5298=DIRECTION('center_axis',(-0.999962923288356,0.00861115837767396,0.));
#5299=DIRECTION('ref_axis',(0.,0.,1.));
#5300=DIRECTION('',(0.,0.,-1.));
#5301=DIRECTION('',(-0.00861115837767392,-0.999962923288356,0.));
#5302=DIRECTION('center_axis',(0.,0.,-1.));
#5303=DIRECTION('ref_axis',(-1.,0.,0.));
#5304=DIRECTION('center_axis',(0.,0.,1.));
#5305=DIRECTION('ref_axis',(1.,0.,0.));
#5306=DIRECTION('',(-0.288154653197149,-0.957583884493067,0.));
#5307=DIRECTION('center_axis',(0.957583884493067,-0.288154653197149,0.));
#5308=DIRECTION('ref_axis',(0.,0.,-1.));
#5309=DIRECTION('',(0.,0.,1.));
#5310=DIRECTION('center_axis',(0.999201701630884,-0.0399494612973311,0.));
#5311=DIRECTION('ref_axis',(0.,0.,-1.));
#5312=DIRECTION('',(0.,0.,1.));
#5313=DIRECTION('',(-0.0399494612973311,-0.999201701630884,0.));
#5314=DIRECTION('',(-0.0399494612973311,-0.999201701630884,0.));
#5315=DIRECTION('',(-0.052900711151281,-0.998599777067714,0.));
#5316=DIRECTION('',(-0.0859098567457569,-0.996302914034644,0.));
#5317=DIRECTION('',(-0.111232015190204,-0.993794465066457,0.));
#5318=DIRECTION('',(-0.128138400403886,-0.991756295841843,0.));
#5319=DIRECTION('',(-0.133414245228139,-0.99106036101249,0.));
#5320=DIRECTION('center_axis',(-0.99106036101249,0.133414245228139,0.));
#5321=DIRECTION('ref_axis',(0.,0.,1.));
#5322=DIRECTION('',(0.,0.,-1.));
#5323=DIRECTION('',(-0.133414245228139,-0.99106036101249,0.));
#5324=DIRECTION('center_axis',(0.,0.,1.));
#5325=DIRECTION('ref_axis',(1.,0.,0.));
#5326=DIRECTION('center_axis',(0.,0.,-1.));
#5327=DIRECTION('ref_axis',(1.,0.,0.));
#5328=DIRECTION('center_axis',(0.,0.,1.));
#5329=DIRECTION('ref_axis',(1.,0.,0.));
#5330=DIRECTION('center_axis',(0.,0.,1.));
#5331=DIRECTION('ref_axis',(1.,0.,0.));
#5332=DIRECTION('',(0.,0.,-1.));
#5333=DIRECTION('',(0.,0.,-1.));
#5334=DIRECTION('',(0.,0.,1.));
#5335=DIRECTION('',(-0.00861115837767396,-0.999962923288356,0.));
#5336=DIRECTION('',(-0.288154653197149,-0.957583884493067,0.));
#5337=DIRECTION('center_axis',(-0.999962923288356,0.00861115837767396,0.));
#5338=DIRECTION('ref_axis',(0.,0.,1.));
#5339=DIRECTION('',(0.,0.,-1.));
#5340=DIRECTION('',(-0.00861115837767387,-0.999962923288356,0.));
#5341=DIRECTION('',(-0.213055347271578,-0.977040131723865,0.));
#5342=DIRECTION('',(-0.258185741365858,-0.966095297036147,0.));
#5343=DIRECTION('',(-0.213055347271579,-0.977040131723865,0.));
#5344=DIRECTION('',(-0.00861115837767396,-0.999962923288356,0.));
#5345=DIRECTION('center_axis',(-0.999962923288356,0.00861115837767396,0.));
#5346=DIRECTION('ref_axis',(0.,0.,1.));
#5347=DIRECTION('',(0.,0.,-1.));
#5348=DIRECTION('',(-0.00861115837767384,-0.999962923288356,0.));
#5349=DIRECTION('',(-0.288154653197149,-0.957583884493067,0.));
#5350=DIRECTION('center_axis',(0.957583884493067,-0.288154653197149,0.));
#5351=DIRECTION('ref_axis',(0.,0.,-1.));
#5352=DIRECTION('',(0.,0.,1.));
#5353=DIRECTION('center_axis',(0.,0.,1.));
#5354=DIRECTION('ref_axis',(1.,0.,0.));
#5355=DIRECTION('center_axis',(0.,0.,-1.));
#5356=DIRECTION('ref_axis',(-0.249950661303232,-0.968258574407723,0.));
#5357=DIRECTION('',(0.,0.,-1.));
#5358=DIRECTION('center_axis',(0.,0.,1.));
#5359=DIRECTION('ref_axis',(-0.288154653197149,-0.957583884493067,0.));
#5360=DIRECTION('',(0.,0.,1.));
#5361=DIRECTION('center_axis',(0.,0.,1.));
#5362=DIRECTION('ref_axis',(1.,0.,0.));
#5363=DIRECTION('center_axis',(0.,0.,-1.));
#5364=DIRECTION('ref_axis',(1.,0.,0.));
#5365=DIRECTION('',(-0.249950661303232,-0.968258574407723,0.));
#5366=DIRECTION('',(-0.288154653197149,-0.957583884493067,0.));
#5367=DIRECTION('center_axis',(-0.968258574407723,0.249950661303232,0.));
#5368=DIRECTION('ref_axis',(0.,0.,1.));
#5369=DIRECTION('',(0.,0.,-1.));
#5370=DIRECTION('',(-0.249950661303232,-0.968258574407723,0.));
#5371=DIRECTION('center_axis',(0.,0.,-1.));
#5372=DIRECTION('ref_axis',(-1.,0.,0.));
#5373=DIRECTION('center_axis',(0.,0.,1.));
#5374=DIRECTION('ref_axis',(1.,0.,0.));
#5375=DIRECTION('',(-0.288154653197149,-0.957583884493067,0.));
#5376=DIRECTION('center_axis',(0.957583884493067,-0.288154653197149,0.));
#5377=DIRECTION('ref_axis',(0.,0.,-1.));
#5378=DIRECTION('',(0.,0.,1.));
#5379=DIRECTION('center_axis',(0.,0.,1.));
#5380=DIRECTION('ref_axis',(1.,0.,0.));
#5381=DIRECTION('',(0.,0.,1.));
#5382=DIRECTION('',(0.,0.,1.));
#5383=DIRECTION('',(0.,0.,-1.));
#5384=DIRECTION('',(0.,0.,1.));
#5385=DIRECTION('',(0.,0.,-1.));
#5386=DIRECTION('',(0.393414230978558,-0.919361323345479,0.));
#5387=DIRECTION('',(0.343047267413509,-0.939318142228779,0.));
#5388=DIRECTION('',(0.338681107305737,-0.940901220933505,0.));
#5389=DIRECTION('',(0.263789854763553,-0.964580174233238,0.));
#5390=DIRECTION('center_axis',(-0.964580174233238,-0.263789854763553,0.));
#5391=DIRECTION('ref_axis',(0.,0.,1.));
#5392=DIRECTION('',(0.,0.,-1.));
#5393=DIRECTION('',(0.263789854763553,-0.964580174233238,0.));
#5394=DIRECTION('',(0.234179300295818,-0.972193424845571,0.));
#5395=DIRECTION('',(0.149888191439457,-0.988702953402592,0.));
#5396=DIRECTION('center_axis',(0.972193424845571,0.234179300295818,0.));
#5397=DIRECTION('ref_axis',(0.,0.,-1.));
#5398=DIRECTION('',(0.,0.,1.));
#5399=DIRECTION('',(0.234179300295818,-0.972193424845571,0.));
#5400=DIRECTION('',(0.149888191439457,-0.988702953402592,0.));
#5401=DIRECTION('center_axis',(0.988702953402592,0.149888191439457,0.));
#5402=DIRECTION('ref_axis',(0.,0.,-1.));
#5403=DIRECTION('',(0.,0.,1.));
#5404=DIRECTION('',(0.149888191439457,-0.988702953402592,0.));
#5405=DIRECTION('',(0.420633160748395,-0.90723081080771,0.));
#5406=DIRECTION('center_axis',(-0.90723081080771,-0.420633160748395,0.));
#5407=DIRECTION('ref_axis',(0.,0.,1.));
#5408=DIRECTION('',(0.,0.,-1.));
#5409=DIRECTION('',(0.420633160748395,-0.90723081080771,0.));
#5410=DIRECTION('',(0.149888191439457,-0.988702953402592,0.));
#5411=DIRECTION('center_axis',(0.988702953402592,0.149888191439457,0.));
#5412=DIRECTION('ref_axis',(0.,0.,-1.));
#5413=DIRECTION('',(0.,0.,1.));
#5414=DIRECTION('center_axis',(0.,0.,1.));
#5415=DIRECTION('ref_axis',(1.,0.,0.));
#5416=DIRECTION('center_axis',(0.,0.,1.));
#5417=DIRECTION('ref_axis',(1.,0.,0.));
#5418=DIRECTION('',(0.,0.,-1.));
#5419=DIRECTION('center_axis',(0.,0.,1.));
#5420=DIRECTION('ref_axis',(1.,0.,0.));
#5421=DIRECTION('',(0.,0.,-1.));
#5422=DIRECTION('',(0.,0.,-1.));
#5423=DIRECTION('',(0.,0.,1.));
#5424=DIRECTION('',(0.,0.,1.));
#5425=DIRECTION('',(0.,0.,1.));
#5426=DIRECTION('',(0.,0.,1.));
#5427=DIRECTION('',(0.,0.,1.));
#5428=DIRECTION('',(0.,0.,-1.));
#5429=DIRECTION('center_axis',(0.,0.,-1.));
#5430=DIRECTION('ref_axis',(1.,0.,0.));
#5431=DIRECTION('',(0.,0.,1.));
#5432=DIRECTION('center_axis',(0.,0.,1.));
#5433=DIRECTION('ref_axis',(1.,0.,0.));
#5434=DIRECTION('center_axis',(0.,0.,1.));
#5435=DIRECTION('ref_axis',(1.,0.,0.));
#5436=DIRECTION('',(0.,0.,-1.));
#5437=DIRECTION('center_axis',(0.,0.,-1.));
#5438=DIRECTION('ref_axis',(1.,0.,0.));
#5439=DIRECTION('',(0.,0.,1.));
#5440=DIRECTION('center_axis',(0.,0.,-1.));
#5441=DIRECTION('ref_axis',(1.,0.,0.));
#5442=DIRECTION('',(0.,0.,1.));
#5443=DIRECTION('center_axis',(0.,0.,1.));
#5444=DIRECTION('ref_axis',(1.,0.,0.));
#5445=DIRECTION('',(0.,0.,-1.));
#5446=DIRECTION('center_axis',(0.,0.,-1.));
#5447=DIRECTION('ref_axis',(1.,0.,0.));
#5448=DIRECTION('',(0.,0.,-1.));
#5449=DIRECTION('center_axis',(0.,0.,-1.));
#5450=DIRECTION('ref_axis',(1.,0.,0.));
#5451=DIRECTION('',(0.,0.,1.));
#5452=DIRECTION('center_axis',(0.,0.,1.));
#5453=DIRECTION('ref_axis',(1.,0.,0.));
#5454=DIRECTION('',(0.,0.,-1.));
#5455=DIRECTION('center_axis',(0.,0.,1.));
#5456=DIRECTION('ref_axis',(1.,0.,0.));
#5457=DIRECTION('',(0.,0.,-1.));
#5458=DIRECTION('center_axis',(0.,0.,-1.));
#5459=DIRECTION('ref_axis',(1.,0.,0.));
#5460=DIRECTION('',(0.,0.,1.));
#5461=DIRECTION('center_axis',(0.,0.,-1.));
#5462=DIRECTION('ref_axis',(1.,0.,0.));
#5463=DIRECTION('',(0.,0.,1.));
#5464=DIRECTION('center_axis',(0.,0.,1.));
#5465=DIRECTION('ref_axis',(1.,0.,0.));
#5466=DIRECTION('',(0.,0.,-1.));
#5467=DIRECTION('center_axis',(0.,0.,-1.));
#5468=DIRECTION('ref_axis',(1.,0.,0.));
#5469=DIRECTION('',(0.,0.,-1.));
#5470=DIRECTION('center_axis',(0.,0.,-1.));
#5471=DIRECTION('ref_axis',(1.,0.,0.));
#5472=DIRECTION('',(0.,0.,1.));
#5473=DIRECTION('center_axis',(0.,0.,1.));
#5474=DIRECTION('ref_axis',(1.,0.,0.));
#5475=DIRECTION('',(0.,0.,-1.));
#5476=DIRECTION('center_axis',(0.,0.,-1.));
#5477=DIRECTION('ref_axis',(1.,0.,0.));
#5478=DIRECTION('',(0.,0.,-1.));
#5479=DIRECTION('',(0.,0.,1.));
#5480=DIRECTION('center_axis',(0.,0.,-1.));
#5481=DIRECTION('ref_axis',(1.,0.,0.));
#5482=DIRECTION('',(0.,0.,1.));
#5483=DIRECTION('center_axis',(0.,0.,1.));
#5484=DIRECTION('ref_axis',(1.,0.,0.));
#5485=DIRECTION('',(0.,0.,-1.));
#5486=DIRECTION('center_axis',(0.,0.,-1.));
#5487=DIRECTION('ref_axis',(1.,0.,0.));
#5488=DIRECTION('',(0.,0.,1.));
#5489=DIRECTION('center_axis',(0.,0.,1.));
#5490=DIRECTION('ref_axis',(1.,0.,0.));
#5491=DIRECTION('',(0.,0.,-1.));
#5492=DIRECTION('center_axis',(0.,0.,-1.));
#5493=DIRECTION('ref_axis',(1.,0.,0.));
#5494=DIRECTION('',(0.,0.,-1.));
#5495=DIRECTION('',(0.,0.,1.));
#5496=DIRECTION('',(0.,0.,-1.));
#5497=DIRECTION('',(0.,0.,1.));
#5498=DIRECTION('',(0.,0.,1.));
#5499=DIRECTION('center_axis',(0.,0.,-1.));
#5500=DIRECTION('ref_axis',(1.,0.,0.));
#5501=DIRECTION('',(0.,0.,1.));
#5502=DIRECTION('center_axis',(0.,0.,1.));
#5503=DIRECTION('ref_axis',(1.,0.,0.));
#5504=DIRECTION('',(0.,0.,-1.));
#5505=DIRECTION('center_axis',(0.,0.,-1.));
#5506=DIRECTION('ref_axis',(1.,0.,0.));
#5507=DIRECTION('',(0.,0.,1.));
#5508=DIRECTION('center_axis',(0.,0.,1.));
#5509=DIRECTION('ref_axis',(1.,0.,0.));
#5510=DIRECTION('',(0.,0.,-1.));
#5511=DIRECTION('center_axis',(0.,0.,-1.));
#5512=DIRECTION('ref_axis',(1.,0.,0.));
#5513=DIRECTION('',(0.,0.,1.));
#5514=DIRECTION('center_axis',(0.,0.,-1.));
#5515=DIRECTION('ref_axis',(1.,0.,0.));
#5516=DIRECTION('',(0.,0.,-1.));
#5517=DIRECTION('center_axis',(0.,0.,-1.));
#5518=DIRECTION('ref_axis',(1.,0.,0.));
#5519=DIRECTION('',(0.,0.,1.));
#5520=DIRECTION('center_axis',(0.,0.,-1.));
#5521=DIRECTION('ref_axis',(1.,0.,0.));
#5522=DIRECTION('',(0.,0.,-1.));
#5523=DIRECTION('center_axis',(0.,0.,1.));
#5524=DIRECTION('ref_axis',(1.,0.,0.));
#5525=DIRECTION('center_axis',(0.,0.,-1.));
#5526=DIRECTION('ref_axis',(0.182897346139426,-0.98313201594453,0.));
#5527=DIRECTION('',(0.,0.,-1.));
#5528=DIRECTION('center_axis',(0.,0.,-1.));
#5529=DIRECTION('ref_axis',(0.276831274788726,-0.960918542488826,0.));
#5530=DIRECTION('',(0.,0.,1.));
#5531=DIRECTION('center_axis',(0.,0.,-1.));
#5532=DIRECTION('ref_axis',(0.308655251304071,-0.951173977694102,0.));
#5533=DIRECTION('',(0.,0.,-1.));
#5534=DIRECTION('center_axis',(0.,0.,-1.));
#5535=DIRECTION('ref_axis',(0.390031346348047,-0.920801579530536,0.));
#5536=DIRECTION('',(0.,0.,1.));
#5537=DIRECTION('center_axis',(0.,0.,-1.));
#5538=DIRECTION('ref_axis',(0.420633160748395,-0.90723081080771,0.));
#5539=DIRECTION('',(0.,0.,-1.));
#5540=DIRECTION('center_axis',(0.,0.,1.));
#5541=DIRECTION('ref_axis',(0.149888191439457,-0.988702953402592,0.));
#5542=DIRECTION('',(0.,0.,1.));
#5543=DIRECTION('center_axis',(0.,0.,1.));
#5544=DIRECTION('ref_axis',(1.,0.,0.));
#5545=DIRECTION('',(0.182897346139426,-0.98313201594453,0.));
#5546=DIRECTION('',(0.149888191439457,-0.988702953402592,0.));
#5547=DIRECTION('center_axis',(-0.98313201594453,-0.182897346139426,0.));
#5548=DIRECTION('ref_axis',(0.,0.,1.));
#5549=DIRECTION('',(0.182897346139426,-0.98313201594453,0.));
#5550=DIRECTION('center_axis',(0.,0.,1.));
#5551=DIRECTION('ref_axis',(1.,0.,0.));
#5552=DIRECTION('',(0.276831274788726,-0.960918542488826,0.));
#5553=DIRECTION('center_axis',(0.960918542488826,0.276831274788726,0.));
#5554=DIRECTION('ref_axis',(0.,0.,-1.));
#5555=DIRECTION('',(0.276831274788726,-0.960918542488826,0.));
#5556=DIRECTION('center_axis',(0.,0.,1.));
#5557=DIRECTION('ref_axis',(1.,0.,0.));
#5558=DIRECTION('',(0.308655251304071,-0.951173977694102,0.));
#5559=DIRECTION('center_axis',(-0.951173977694103,-0.308655251304071,0.));
#5560=DIRECTION('ref_axis',(0.,0.,1.));
#5561=DIRECTION('',(0.308655251304071,-0.951173977694102,0.));
#5562=DIRECTION('center_axis',(0.,0.,1.));
#5563=DIRECTION('ref_axis',(1.,0.,0.));
#5564=DIRECTION('',(0.390031346348048,-0.920801579530536,0.));
#5565=DIRECTION('center_axis',(0.920801579530536,0.390031346348048,0.));
#5566=DIRECTION('ref_axis',(0.,0.,-1.));
#5567=DIRECTION('',(0.390031346348048,-0.920801579530536,0.));
#5568=DIRECTION('center_axis',(0.,0.,1.));
#5569=DIRECTION('ref_axis',(1.,0.,0.));
#5570=DIRECTION('',(0.420633160748395,-0.90723081080771,0.));
#5571=DIRECTION('center_axis',(-0.90723081080771,-0.420633160748395,0.));
#5572=DIRECTION('ref_axis',(0.,0.,1.));
#5573=DIRECTION('',(0.420633160748395,-0.90723081080771,0.));
#5574=DIRECTION('center_axis',(0.,0.,-1.));
#5575=DIRECTION('ref_axis',(-1.,0.,0.));
#5576=DIRECTION('',(0.149888191439457,-0.988702953402592,0.));
#5577=DIRECTION('center_axis',(0.988702953402592,0.149888191439457,0.));
#5578=DIRECTION('ref_axis',(0.,0.,-1.));
#5579=DIRECTION('center_axis',(0.,0.,1.));
#5580=DIRECTION('ref_axis',(1.,0.,0.));
#5581=DIRECTION('center_axis',(0.,0.,-1.));
#5582=DIRECTION('ref_axis',(0.420633160748395,-0.90723081080771,0.));
#5583=DIRECTION('',(0.,0.,-1.));
#5584=DIRECTION('center_axis',(0.,0.,1.));
#5585=DIRECTION('ref_axis',(0.149888191439457,-0.988702953402592,0.));
#5586=DIRECTION('',(0.,0.,1.));
#5587=DIRECTION('center_axis',(0.,0.,1.));
#5588=DIRECTION('ref_axis',(1.,0.,0.));
#5589=DIRECTION('',(0.420633160748395,-0.90723081080771,0.));
#5590=DIRECTION('',(0.149888191439457,-0.988702953402592,0.));
#5591=DIRECTION('center_axis',(-0.90723081080771,-0.420633160748395,0.));
#5592=DIRECTION('ref_axis',(0.,0.,1.));
#5593=DIRECTION('',(0.420633160748395,-0.90723081080771,0.));
#5594=DIRECTION('center_axis',(0.,0.,-1.));
#5595=DIRECTION('ref_axis',(-1.,0.,0.));
#5596=DIRECTION('',(0.149888191439457,-0.988702953402592,0.));
#5597=DIRECTION('center_axis',(0.988702953402592,0.149888191439457,0.));
#5598=DIRECTION('ref_axis',(0.,0.,-1.));
#5599=DIRECTION('center_axis',(0.,0.,1.));
#5600=DIRECTION('ref_axis',(1.,0.,0.));
#5601=DIRECTION('',(0.,0.,1.));
#5602=DIRECTION('',(0.,0.,1.));
#5603=DIRECTION('',(0.,0.,-1.));
#5604=DIRECTION('',(0.,0.,1.));
#5605=DIRECTION('',(0.,0.,-1.));
#5606=DIRECTION('',(0.234179300295818,-0.972193424845571,0.));
#5607=DIRECTION('',(0.149888191439457,-0.988702953402592,0.));
#5608=DIRECTION('center_axis',(0.972193424845571,0.234179300295818,0.));
#5609=DIRECTION('ref_axis',(0.,0.,-1.));
#5610=DIRECTION('',(0.234179300295818,-0.972193424845571,0.));
#5611=DIRECTION('',(0.149888191439457,-0.988702953402592,0.));
#5612=DIRECTION('center_axis',(0.988702953402592,0.149888191439457,0.));
#5613=DIRECTION('ref_axis',(0.,0.,-1.));
#5614=DIRECTION('',(0.149888191439457,-0.988702953402592,0.));
#5615=DIRECTION('',(0.420633160748395,-0.90723081080771,0.));
#5616=DIRECTION('center_axis',(-0.90723081080771,-0.420633160748395,0.));
#5617=DIRECTION('ref_axis',(0.,0.,1.));
#5618=DIRECTION('',(0.420633160748395,-0.90723081080771,0.));
#5619=DIRECTION('',(0.149888191439457,-0.988702953402592,0.));
#5620=DIRECTION('center_axis',(0.988702953402592,0.149888191439457,0.));
#5621=DIRECTION('ref_axis',(0.,0.,-1.));
#5622=DIRECTION('',(0.393414230978558,-0.919361323345479,0.));
#5623=DIRECTION('',(0.343047267413509,-0.939318142228779,0.));
#5624=DIRECTION('',(0.338681107305737,-0.940901220933505,0.));
#5625=DIRECTION('',(0.263789854763553,-0.964580174233238,0.));
#5626=DIRECTION('center_axis',(-0.964580174233238,-0.263789854763553,0.));
#5627=DIRECTION('ref_axis',(0.,0.,1.));
#5628=DIRECTION('',(0.,0.,-1.));
#5629=DIRECTION('',(0.263789854763553,-0.964580174233238,0.));
#5630=DIRECTION('center_axis',(0.,0.,1.));
#5631=DIRECTION('ref_axis',(1.,0.,0.));
#5632=DIRECTION('center_axis',(0.,0.,1.));
#5633=DIRECTION('ref_axis',(1.,0.,0.));
#5634=DIRECTION('center_axis',(0.,0.,-1.));
#5635=DIRECTION('ref_axis',(0.182897346139426,-0.98313201594453,0.));
#5636=DIRECTION('',(0.,0.,-1.));
#5637=DIRECTION('center_axis',(0.,0.,-1.));
#5638=DIRECTION('ref_axis',(0.420633160748395,-0.90723081080771,0.));
#5639=DIRECTION('',(0.,0.,-1.));
#5640=DIRECTION('center_axis',(0.,0.,1.));
#5641=DIRECTION('ref_axis',(0.149888191439457,-0.988702953402592,0.));
#5642=DIRECTION('',(0.,0.,1.));
#5643=DIRECTION('center_axis',(0.,0.,1.));
#5644=DIRECTION('ref_axis',(1.,0.,0.));
#5645=DIRECTION('',(0.182897346139426,-0.98313201594453,0.));
#5646=DIRECTION('',(0.149888191439457,-0.988702953402592,0.));
#5647=DIRECTION('center_axis',(-0.98313201594453,-0.182897346139426,0.));
#5648=DIRECTION('ref_axis',(0.,0.,1.));
#5649=DIRECTION('',(0.182897346139426,-0.98313201594453,0.));
#5650=DIRECTION('center_axis',(0.,0.,1.));
#5651=DIRECTION('ref_axis',(1.,0.,0.));
#5652=DIRECTION('',(0.420633160748395,-0.90723081080771,0.));
#5653=DIRECTION('center_axis',(-0.90723081080771,-0.420633160748395,0.));
#5654=DIRECTION('ref_axis',(0.,0.,1.));
#5655=DIRECTION('',(0.420633160748395,-0.90723081080771,0.));
#5656=DIRECTION('center_axis',(0.,0.,-1.));
#5657=DIRECTION('ref_axis',(-1.,0.,0.));
#5658=DIRECTION('',(0.149888191439457,-0.988702953402592,0.));
#5659=DIRECTION('center_axis',(0.988702953402592,0.149888191439457,0.));
#5660=DIRECTION('ref_axis',(0.,0.,-1.));
#5661=DIRECTION('center_axis',(0.,0.,1.));
#5662=DIRECTION('ref_axis',(1.,0.,0.));
#5663=DIRECTION('center_axis',(0.,0.,-1.));
#5664=DIRECTION('ref_axis',(0.160841671861273,-0.986980220973486,0.));
#5665=DIRECTION('',(0.,0.,-1.));
#5666=DIRECTION('center_axis',(0.,0.,1.));
#5667=DIRECTION('ref_axis',(0.0536471031002722,-0.99855995730299,0.));
#5668=DIRECTION('',(0.,0.,1.));
#5669=DIRECTION('center_axis',(0.,0.,1.));
#5670=DIRECTION('ref_axis',(1.,0.,0.));
#5671=DIRECTION('',(0.160841671861273,-0.986980220973486,0.));
#5672=DIRECTION('',(0.0536471031002722,-0.99855995730299,0.));
#5673=DIRECTION('center_axis',(-0.986980220973486,-0.160841671861273,0.));
#5674=DIRECTION('ref_axis',(0.,0.,1.));
#5675=DIRECTION('',(0.160841671861273,-0.986980220973486,0.));
#5676=DIRECTION('center_axis',(0.,0.,-1.));
#5677=DIRECTION('ref_axis',(-1.,0.,0.));
#5678=DIRECTION('',(0.0536471031002722,-0.99855995730299,0.));
#5679=DIRECTION('center_axis',(0.99855995730299,0.0536471031002722,0.));
#5680=DIRECTION('ref_axis',(0.,0.,-1.));
#5681=DIRECTION('center_axis',(0.,0.,1.));
#5682=DIRECTION('ref_axis',(1.,0.,0.));
#5683=DIRECTION('center_axis',(0.,0.,-1.));
#5684=DIRECTION('ref_axis',(0.246201402013313,-0.969218690310231,0.));
#5685=DIRECTION('',(0.,0.,1.));
#5686=DIRECTION('',(0.,0.,-1.));
#5687=DIRECTION('center_axis',(0.,0.,-1.));
#5688=DIRECTION('ref_axis',(0.420633160748395,-0.90723081080771,0.));
#5689=DIRECTION('',(0.,0.,-1.));
#5690=DIRECTION('center_axis',(0.,0.,1.));
#5691=DIRECTION('ref_axis',(0.149888191439457,-0.988702953402592,0.));
#5692=DIRECTION('',(0.,0.,1.));
#5693=DIRECTION('center_axis',(0.,0.,1.));
#5694=DIRECTION('ref_axis',(1.,0.,0.));
#5695=DIRECTION('',(0.246201402013313,-0.969218690310231,0.));
#5696=DIRECTION('',(0.149888191439457,-0.988702953402592,0.));
#5697=DIRECTION('',(0.289821900099868,-0.957080595468585,0.));
#5698=DIRECTION('',(0.149888191439457,-0.988702953402592,0.));
#5699=DIRECTION('center_axis',(0.988702953402592,0.149888191439457,0.));
#5700=DIRECTION('ref_axis',(0.,0.,-1.));
#5701=DIRECTION('',(0.149888191439457,-0.988702953402592,0.));
#5702=DIRECTION('',(0.313804456361123,-0.949487631919395,0.));
#5703=DIRECTION('',(0.420633160748395,-0.90723081080771,0.));
#5704=DIRECTION('center_axis',(-0.90723081080771,-0.420633160748395,0.));
#5705=DIRECTION('ref_axis',(0.,0.,1.));
#5706=DIRECTION('',(0.420633160748395,-0.90723081080771,0.));
#5707=DIRECTION('',(0.289266235064475,-0.957248685165785,0.));
#5708=DIRECTION('center_axis',(0.,0.,1.));
#5709=DIRECTION('ref_axis',(1.,0.,0.));
#5710=DIRECTION('',(0.420633160748395,-0.90723081080771,0.));
#5711=DIRECTION('center_axis',(-0.90723081080771,-0.420633160748395,0.));
#5712=DIRECTION('ref_axis',(0.,0.,1.));
#5713=DIRECTION('',(0.420633160748395,-0.90723081080771,0.));
#5714=DIRECTION('center_axis',(0.,0.,-1.));
#5715=DIRECTION('ref_axis',(-1.,0.,0.));
#5716=DIRECTION('',(0.149888191439457,-0.988702953402592,0.));
#5717=DIRECTION('center_axis',(0.988702953402592,0.149888191439457,0.));
#5718=DIRECTION('ref_axis',(0.,0.,-1.));
#5719=DIRECTION('center_axis',(0.,0.,1.));
#5720=DIRECTION('ref_axis',(1.,0.,0.));
#5721=DIRECTION('center_axis',(0.,0.,-1.));
#5722=DIRECTION('ref_axis',(0.182897346139426,-0.98313201594453,0.));
#5723=DIRECTION('',(0.,0.,-1.));
#5724=DIRECTION('center_axis',(0.,0.,-1.));
#5725=DIRECTION('ref_axis',(0.420633160748395,-0.90723081080771,0.));
#5726=DIRECTION('',(0.,0.,-1.));
#5727=DIRECTION('center_axis',(0.,0.,1.));
#5728=DIRECTION('ref_axis',(0.149888191439457,-0.988702953402592,0.));
#5729=DIRECTION('',(0.,0.,1.));
#5730=DIRECTION('center_axis',(0.,0.,1.));
#5731=DIRECTION('ref_axis',(1.,0.,0.));
#5732=DIRECTION('',(0.182897346139426,-0.98313201594453,0.));
#5733=DIRECTION('',(0.149888191439457,-0.988702953402592,0.));
#5734=DIRECTION('center_axis',(-0.98313201594453,-0.182897346139426,0.));
#5735=DIRECTION('ref_axis',(0.,0.,1.));
#5736=DIRECTION('',(0.182897346139426,-0.98313201594453,0.));
#5737=DIRECTION('center_axis',(0.,0.,1.));
#5738=DIRECTION('ref_axis',(1.,0.,0.));
#5739=DIRECTION('',(0.420633160748395,-0.90723081080771,0.));
#5740=DIRECTION('center_axis',(-0.90723081080771,-0.420633160748395,0.));
#5741=DIRECTION('ref_axis',(0.,0.,1.));
#5742=DIRECTION('',(0.420633160748395,-0.90723081080771,0.));
#5743=DIRECTION('center_axis',(0.,0.,-1.));
#5744=DIRECTION('ref_axis',(-1.,0.,0.));
#5745=DIRECTION('',(0.149888191439457,-0.988702953402592,0.));
#5746=DIRECTION('center_axis',(0.988702953402592,0.149888191439457,0.));
#5747=DIRECTION('ref_axis',(0.,0.,-1.));
#5748=DIRECTION('center_axis',(0.,0.,1.));
#5749=DIRECTION('ref_axis',(1.,0.,0.));
#5750=DIRECTION('center_axis',(0.,0.,-1.));
#5751=DIRECTION('ref_axis',(0.364765081652507,-0.93109958393667,0.));
#5752=DIRECTION('',(0.,0.,1.));
#5753=DIRECTION('center_axis',(0.,0.,-1.));
#5754=DIRECTION('ref_axis',(0.420633160748395,-0.90723081080771,0.));
#5755=DIRECTION('',(0.,0.,-1.));
#5756=DIRECTION('center_axis',(0.,0.,1.));
#5757=DIRECTION('ref_axis',(0.20983997882388,-0.977735743075394,0.));
#5758=DIRECTION('',(0.,0.,-1.));
#5759=DIRECTION('center_axis',(0.,0.,1.));
#5760=DIRECTION('ref_axis',(0.149888191439457,-0.988702953402592,0.));
#5761=DIRECTION('',(0.,0.,1.));
#5762=DIRECTION('center_axis',(0.,0.,1.));
#5763=DIRECTION('ref_axis',(1.,0.,0.));
#5764=DIRECTION('',(0.364765081652507,-0.93109958393667,0.));
#5765=DIRECTION('',(0.149888191439457,-0.988702953402592,0.));
#5766=DIRECTION('',(0.149888191439457,-0.988702953402592,0.));
#5767=DIRECTION('center_axis',(0.988702953402592,0.149888191439457,0.));
#5768=DIRECTION('ref_axis',(0.,0.,-1.));
#5769=DIRECTION('',(0.149888191439457,-0.988702953402592,0.));
#5770=DIRECTION('center_axis',(0.,0.,1.));
#5771=DIRECTION('ref_axis',(1.,0.,0.));
#5772=DIRECTION('',(0.420633160748395,-0.90723081080771,0.));
#5773=DIRECTION('center_axis',(-0.90723081080771,-0.420633160748395,0.));
#5774=DIRECTION('ref_axis',(0.,0.,1.));
#5775=DIRECTION('',(0.420633160748395,-0.90723081080771,0.));
#5776=DIRECTION('center_axis',(0.,0.,-1.));
#5777=DIRECTION('ref_axis',(-1.,0.,0.));
#5778=DIRECTION('',(0.20983997882388,-0.977735743075394,0.));
#5779=DIRECTION('',(0.420633160748395,-0.90723081080771,0.));
#5780=DIRECTION('center_axis',(-0.90723081080771,-0.420633160748395,0.));
#5781=DIRECTION('ref_axis',(0.,0.,1.));
#5782=DIRECTION('',(0.420633160748395,-0.90723081080771,0.));
#5783=DIRECTION('center_axis',(0.,0.,-1.));
#5784=DIRECTION('ref_axis',(-1.,0.,0.));
#5785=DIRECTION('',(0.149888191439457,-0.988702953402592,0.));
#5786=DIRECTION('center_axis',(0.988702953402592,0.149888191439457,0.));
#5787=DIRECTION('ref_axis',(0.,0.,-1.));
#5788=DIRECTION('center_axis',(0.,0.,1.));
#5789=DIRECTION('ref_axis',(1.,0.,0.));
#5790=DIRECTION('',(0.,0.,-1.));
#5791=DIRECTION('',(0.,0.,1.));
#5792=DIRECTION('',(0.,0.,1.));
#5793=DIRECTION('',(0.,0.,1.));
#5794=DIRECTION('',(0.,0.,1.));
#5795=DIRECTION('',(0.,0.,1.));
#5796=DIRECTION('',(0.,0.,-1.));
#5797=DIRECTION('',(0.,0.,-1.));
#5798=DIRECTION('',(0.,0.,-1.));
#5799=DIRECTION('',(-0.0384026199852109,-0.9992623473234,0.));
#5800=DIRECTION('',(-0.0924630480813869,-0.995716116541004,0.));
#5801=DIRECTION('',(-0.0970863974702803,-0.995275957423991,0.));
#5802=DIRECTION('',(-0.17490103456119,-0.984586018644092,0.));
#5803=DIRECTION('center_axis',(-0.984586018644093,0.17490103456119,0.));
#5804=DIRECTION('ref_axis',(0.,0.,1.));
#5805=DIRECTION('',(0.,0.,-1.));
#5806=DIRECTION('',(-0.17490103456119,-0.984586018644092,0.));
#5807=DIRECTION('center_axis',(-0.999962923288356,0.00861115837767396,0.));
#5808=DIRECTION('ref_axis',(0.,0.,1.));
#5809=DIRECTION('',(-0.00861115837767388,-0.999962923288356,0.));
#5810=DIRECTION('',(-0.00861115837767396,-0.999962923288356,0.));
#5811=DIRECTION('',(-0.288154653197149,-0.957583884493067,0.));
#5812=DIRECTION('center_axis',(0.957583884493067,-0.288154653197149,0.));
#5813=DIRECTION('ref_axis',(0.,0.,-1.));
#5814=DIRECTION('',(-0.288154653197149,-0.957583884493067,0.));
#5815=DIRECTION('',(-0.204918136342843,-0.978779115734381,0.));
#5816=DIRECTION('center_axis',(0.978779115734381,-0.204918136342843,0.));
#5817=DIRECTION('ref_axis',(0.,0.,-1.));
#5818=DIRECTION('',(-0.204918136342843,-0.978779115734381,0.));
#5819=DIRECTION('',(-0.288154653197149,-0.957583884493067,0.));
#5820=DIRECTION('center_axis',(0.957583884493067,-0.288154653197149,0.));
#5821=DIRECTION('ref_axis',(0.,0.,-1.));
#5822=DIRECTION('',(-0.288154653197149,-0.957583884493067,0.));
#5823=DIRECTION('',(-0.204918136342843,-0.978779115734381,0.));
#5824=DIRECTION('center_axis',(0.978779115734381,-0.204918136342843,0.));
#5825=DIRECTION('ref_axis',(0.,0.,-1.));
#5826=DIRECTION('',(-0.204918136342843,-0.978779115734381,0.));
#5827=DIRECTION('',(-0.288154653197149,-0.957583884493067,0.));
#5828=DIRECTION('center_axis',(0.957583884493067,-0.288154653197149,0.));
#5829=DIRECTION('ref_axis',(0.,0.,-1.));
#5830=DIRECTION('',(-0.288154653197149,-0.957583884493067,0.));
#5831=DIRECTION('',(-0.00861115837767396,-0.999962923288356,0.));
#5832=DIRECTION('center_axis',(-0.999962923288356,0.00861115837767396,0.));
#5833=DIRECTION('ref_axis',(0.,0.,1.));
#5834=DIRECTION('',(-0.00861115837767391,-0.999962923288356,0.));
#5835=DIRECTION('',(-0.286752964893992,-0.958004560075005,0.));
#5836=DIRECTION('',(-0.0384026199852109,-0.9992623473234,0.));
#5837=DIRECTION('',(-0.0924630480813869,-0.995716116541004,0.));
#5838=DIRECTION('',(-0.0970863974702803,-0.995275957423991,0.));
#5839=DIRECTION('',(-0.17490103456119,-0.984586018644092,0.));
#5840=DIRECTION('center_axis',(-0.984586018644093,0.17490103456119,0.));
#5841=DIRECTION('ref_axis',(0.,0.,1.));
#5842=DIRECTION('',(0.,0.,-1.));
#5843=DIRECTION('',(-0.17490103456119,-0.984586018644092,0.));
#5844=DIRECTION('center_axis',(0.,0.,1.));
#5845=DIRECTION('ref_axis',(1.,0.,0.));
#5846=DIRECTION('center_axis',(0.,0.,1.));
#5847=DIRECTION('ref_axis',(1.,0.,0.));
#5848=DIRECTION('center_axis',(0.,0.,1.));
#5849=DIRECTION('ref_axis',(1.,0.,0.));
#5850=DIRECTION('',(0.,0.,-1.));
#5851=DIRECTION('center_axis',(0.,0.,1.));
#5852=DIRECTION('ref_axis',(-0.112097388636953,-0.993697225245585,0.));
#5853=DIRECTION('center_axis',(0.,0.,1.));
#5854=DIRECTION('ref_axis',(-0.288154653197149,-0.957583884493067,0.));
#5855=DIRECTION('',(0.,0.,1.));
#5856=DIRECTION('center_axis',(0.,0.,-1.));
#5857=DIRECTION('ref_axis',(-0.0074501312207774,-0.999972247387293,0.));
#5858=DIRECTION('center_axis',(-0.999972247387293,0.0074501312207774,0.));
#5859=DIRECTION('ref_axis',(0.,0.,1.));
#5860=DIRECTION('',(-0.0074501312207774,-0.999972247387293,0.));
#5861=DIRECTION('',(-0.0074501312207774,-0.999972247387293,0.));
#5862=DIRECTION('',(-0.0453628810303927,-0.99897057465404,0.));
#5863=DIRECTION('',(-0.0785813486612439,-0.996907704676105,0.));
#5864=DIRECTION('center_axis',(0.,0.,-1.));
#5865=DIRECTION('ref_axis',(-1.,0.,0.));
#5866=DIRECTION('',(-0.112097388636953,-0.993697225245585,0.));
#5867=DIRECTION('',(-0.0941970010867512,-0.995553577155073,0.));
#5868=DIRECTION('',(-0.0702833930494756,-0.997527064626045,0.));
#5869=DIRECTION('center_axis',(0.,0.,-1.));
#5870=DIRECTION('ref_axis',(-1.,0.,0.));
#5871=DIRECTION('',(-0.288154653197149,-0.957583884493067,0.));
#5872=DIRECTION('center_axis',(0.957583884493067,-0.288154653197149,0.));
#5873=DIRECTION('ref_axis',(0.,0.,-1.));
#5874=DIRECTION('',(-0.288154653197149,-0.957583884493067,0.));
#5875=DIRECTION('center_axis',(0.,0.,1.));
#5876=DIRECTION('ref_axis',(1.,0.,0.));
#5877=DIRECTION('center_axis',(0.,0.,1.));
#5878=DIRECTION('ref_axis',(1.,0.,0.));
#5879=DIRECTION('',(0.,0.,1.));
#5880=DIRECTION('center_axis',(0.,0.,-1.));
#5881=DIRECTION('ref_axis',(-0.0124811844497523,-0.999922106983705,0.));
#5882=DIRECTION('',(0.,0.,-1.));
#5883=DIRECTION('',(-0.292783846657667,-0.956178654403213,0.));
#5884=DIRECTION('',(-0.271993195170516,-0.962299174779306,0.));
#5885=DIRECTION('',(-0.259681057416051,-0.965694438432407,0.));
#5886=DIRECTION('',(-0.194869037674813,-0.980829270645861,0.));
#5887=DIRECTION('',(-0.129577610473032,-0.991569282936951,0.));
#5888=DIRECTION('',(-0.104017464028863,-0.994575470830145,0.));
#5889=DIRECTION('',(-0.121706575688562,-0.992566123456853,0.));
#5890=DIRECTION('',(-0.0457495289199414,-0.998952942136717,0.));
#5891=DIRECTION('center_axis',(0.998952942136717,-0.0457495289199414,0.));
#5892=DIRECTION('ref_axis',(0.,0.,-1.));
#5893=DIRECTION('',(-0.0457495289199414,-0.998952942136717,0.));
#5894=DIRECTION('center_axis',(0.,0.,1.));
#5895=DIRECTION('ref_axis',(1.,0.,0.));
#5896=DIRECTION('',(-0.0124811844497523,-0.999922106983705,0.));
#5897=DIRECTION('center_axis',(-0.999922106983705,0.0124811844497523,0.));
#5898=DIRECTION('ref_axis',(0.,0.,1.));
#5899=DIRECTION('',(-0.0124811844497523,-0.999922106983705,0.));
#5900=DIRECTION('',(-0.157536667549786,-0.98751313833149,0.));
#5901=DIRECTION('',(-0.161739360435063,-0.986833511432428,0.));
#5902=DIRECTION('',(-0.142134997277397,-0.989847282437525,0.));
#5903=DIRECTION('',(-0.134564840206735,-0.990904790471888,0.));
#5904=DIRECTION('',(-0.151609927126335,-0.9884404028553,0.));
#5905=DIRECTION('',(-0.197904970585816,-0.980221211062803,0.));
#5906=DIRECTION('',(-0.246951599848906,-0.96902781556159,0.));
#5907=DIRECTION('',(-0.265282818515687,-0.96417064163994,0.));
#5908=DIRECTION('',(-0.252292081374807,-0.967651128080554,0.));
#5909=DIRECTION('',(-0.213244424843192,-0.976998881920187,0.));
#5910=DIRECTION('',(-0.216268327389563,-0.976333964669939,0.));
#5911=DIRECTION('center_axis',(0.,0.,1.));
#5912=DIRECTION('ref_axis',(1.,0.,0.));
#5913=DIRECTION('center_axis',(0.,0.,-1.));
#5914=DIRECTION('ref_axis',(-0.255941649057846,-0.966692232449165,0.));
#5915=DIRECTION('',(0.,0.,-1.));
#5916=DIRECTION('center_axis',(0.,0.,-1.));
#5917=DIRECTION('ref_axis',(-0.00861115837767396,-0.999962923288356,0.));
#5918=DIRECTION('',(0.,0.,-1.));
#5919=DIRECTION('center_axis',(0.,0.,1.));
#5920=DIRECTION('ref_axis',(-0.288154653197149,-0.957583884493067,0.));
#5921=DIRECTION('',(0.,0.,1.));
#5922=DIRECTION('center_axis',(0.,0.,1.));
#5923=DIRECTION('ref_axis',(1.,0.,0.));
#5924=DIRECTION('',(-0.255941649057846,-0.966692232449165,0.));
#5925=DIRECTION('',(-0.288154653197149,-0.957583884493067,0.));
#5926=DIRECTION('center_axis',(-0.966692232449165,0.255941649057846,0.));
#5927=DIRECTION('ref_axis',(0.,0.,1.));
#5928=DIRECTION('',(-0.255941649057846,-0.966692232449165,0.));
#5929=DIRECTION('center_axis',(0.,0.,1.));
#5930=DIRECTION('ref_axis',(1.,0.,0.));
#5931=DIRECTION('',(-0.00861115837767396,-0.999962923288356,0.));
#5932=DIRECTION('center_axis',(-0.999962923288356,0.00861115837767396,0.));
#5933=DIRECTION('ref_axis',(0.,0.,1.));
#5934=DIRECTION('',(-0.00861115837767392,-0.999962923288356,0.));
#5935=DIRECTION('center_axis',(0.,0.,-1.));
#5936=DIRECTION('ref_axis',(-1.,0.,0.));
#5937=DIRECTION('',(-0.288154653197149,-0.957583884493067,0.));
#5938=DIRECTION('center_axis',(0.957583884493067,-0.288154653197149,0.));
#5939=DIRECTION('ref_axis',(0.,0.,-1.));
#5940=DIRECTION('center_axis',(0.,0.,1.));
#5941=DIRECTION('ref_axis',(1.,0.,0.));
#5942=DIRECTION('',(-0.138590525771603,-0.990349769609884,0.));
#5943=DIRECTION('',(-0.15533874200085,-0.987861263150648,0.));
#5944=DIRECTION('',(-0.15533874200085,-0.987861263150648,0.));
#5945=DIRECTION('',(-0.200938923434878,-0.979603771454986,0.));
#5946=DIRECTION('',(-0.248076537095104,-0.968740435691058,0.));
#5947=DIRECTION('',(-0.265282818515687,-0.96417064163994,0.));
#5948=DIRECTION('',(-0.256970397456103,-0.966419274865342,0.));
#5949=DIRECTION('',(-0.232674035859921,-0.972554776368229,0.));
#5950=DIRECTION('',(-0.199042937144228,-0.979990769942757,0.));
#5951=DIRECTION('',(-0.0074501312207774,-0.999972247387293,0.));
#5952=DIRECTION('',(-0.0262177551193188,-0.999656255578138,0.));
#5953=DIRECTION('',(-0.0399494612973311,-0.999201701630884,0.));
#5954=DIRECTION('',(-0.158874197565537,-0.987298834876202,0.));
#5955=DIRECTION('',(-0.262016246550468,-0.965063462443587,0.));
#5956=DIRECTION('',(-0.292783846657667,-0.956178654403213,0.));
#5957=DIRECTION('',(-0.281105392547091,-0.959676903067353,0.));
#5958=DIRECTION('',(-0.247232844949611,-0.968956098271806,0.));
#5959=DIRECTION('',(-0.19885328083382,-0.980029271349395,0.));
#5960=DIRECTION('',(-0.133510183910499,-0.991047441241934,0.));
#5961=DIRECTION('',(-0.108058318580841,-0.994144556785119,0.));
#5962=DIRECTION('',(-0.117287653294119,-0.993097984281893,0.));
#5963=DIRECTION('',(-0.145486267766975,-0.989360271029333,0.));
#5964=DIRECTION('',(-0.0803173979331815,-0.996769339210052,0.));
#5965=DIRECTION('',(-0.0453628810303927,-0.99897057465404,0.));
#5966=DIRECTION('',(-0.0360821021326579,-0.99934882894097,0.));
#5967=DIRECTION('',(-0.050968158832046,-0.998700278754978,0.));
#5968=DIRECTION('',(-0.0807031912169301,-0.996738177721413,0.));
#5969=DIRECTION('',(-0.0780025561545159,-0.996953158996631,0.));
#5970=DIRECTION('center_axis',(0.,0.,1.));
#5971=DIRECTION('ref_axis',(1.,0.,0.));
#5972=DIRECTION('center_axis',(0.,0.,1.));
#5973=DIRECTION('ref_axis',(1.,0.,0.));
#5974=DIRECTION('center_axis',(0.,0.,-1.));
#5975=DIRECTION('ref_axis',(1.,0.,0.));
#5976=DIRECTION('',(0.,0.,-1.));
#5977=DIRECTION('center_axis',(0.,0.,-1.));
#5978=DIRECTION('ref_axis',(1.,0.,0.));
#5979=DIRECTION('center_axis',(0.,0.,1.));
#5980=DIRECTION('ref_axis',(1.,0.,0.));
#5981=DIRECTION('center_axis',(0.,0.,1.));
#5982=DIRECTION('ref_axis',(1.,0.,0.));
#5983=DIRECTION('center_axis',(0.,0.,1.));
#5984=DIRECTION('ref_axis',(1.,0.,0.));
#5985=DIRECTION('center_axis',(0.,0.,1.));
#5986=DIRECTION('ref_axis',(1.,0.,0.));
#5987=DIRECTION('center_axis',(0.,0.,-1.));
#5988=DIRECTION('ref_axis',(1.,0.,0.));
#5989=DIRECTION('',(0.,0.,-1.));
#5990=DIRECTION('center_axis',(0.,0.,-1.));
#5991=DIRECTION('ref_axis',(1.,0.,0.));
#5992=DIRECTION('center_axis',(0.,0.,1.));
#5993=DIRECTION('ref_axis',(1.,0.,0.));
#5994=DIRECTION('center_axis',(0.,0.,1.));
#5995=DIRECTION('ref_axis',(1.,0.,0.));
#5996=DIRECTION('',(0.,0.,-1.));
#5997=DIRECTION('center_axis',(0.,0.,1.));
#5998=DIRECTION('ref_axis',(1.,0.,0.));
#5999=DIRECTION('center_axis',(0.,0.,1.));
#6000=DIRECTION('ref_axis',(1.,0.,0.));
#6001=DIRECTION('center_axis',(0.,0.,1.));
#6002=DIRECTION('ref_axis',(1.,0.,0.));
#6003=DIRECTION('center_axis',(0.,0.,1.));
#6004=DIRECTION('ref_axis',(1.,0.,0.));
#6005=DIRECTION('center_axis',(0.,0.,-1.));
#6006=DIRECTION('ref_axis',(1.,0.,0.));
#6007=DIRECTION('',(0.,0.,-1.));
#6008=DIRECTION('center_axis',(0.,0.,-1.));
#6009=DIRECTION('ref_axis',(1.,0.,0.));
#6010=DIRECTION('center_axis',(0.,0.,1.));
#6011=DIRECTION('ref_axis',(1.,0.,0.));
#6012=DIRECTION('center_axis',(0.,0.,1.));
#6013=DIRECTION('ref_axis',(1.,0.,0.));
#6014=DIRECTION('',(0.,0.,-1.));
#6015=DIRECTION('center_axis',(0.,0.,1.));
#6016=DIRECTION('ref_axis',(1.,0.,0.));
#6017=DIRECTION('center_axis',(0.,0.,1.));
#6018=DIRECTION('ref_axis',(1.,0.,0.));
#6019=DIRECTION('center_axis',(0.,0.,1.));
#6020=DIRECTION('ref_axis',(1.,0.,0.));
#6021=DIRECTION('center_axis',(0.,0.,1.));
#6022=DIRECTION('ref_axis',(1.,0.,0.));
#6023=DIRECTION('center_axis',(0.,0.,-1.));
#6024=DIRECTION('ref_axis',(1.,0.,0.));
#6025=DIRECTION('',(0.,0.,-1.));
#6026=DIRECTION('center_axis',(0.,0.,-1.));
#6027=DIRECTION('ref_axis',(1.,0.,0.));
#6028=DIRECTION('center_axis',(0.,0.,1.));
#6029=DIRECTION('ref_axis',(1.,0.,0.));
#6030=DIRECTION('center_axis',(0.,0.,1.));
#6031=DIRECTION('ref_axis',(1.,0.,0.));
#6032=DIRECTION('',(0.,0.,-1.));
#6033=DIRECTION('center_axis',(0.,0.,1.));
#6034=DIRECTION('ref_axis',(1.,0.,0.));
#6035=DIRECTION('center_axis',(0.,0.,1.));
#6036=DIRECTION('ref_axis',(1.,0.,0.));
#6037=DIRECTION('center_axis',(0.,0.,1.));
#6038=DIRECTION('ref_axis',(1.,0.,0.));
#6039=DIRECTION('center_axis',(0.,0.,1.));
#6040=DIRECTION('ref_axis',(1.,0.,0.));
#6041=DIRECTION('center_axis',(0.,0.,-1.));
#6042=DIRECTION('ref_axis',(1.,0.,0.));
#6043=DIRECTION('',(0.,0.,-1.));
#6044=DIRECTION('center_axis',(0.,0.,-1.));
#6045=DIRECTION('ref_axis',(1.,0.,0.));
#6046=DIRECTION('center_axis',(0.,0.,1.));
#6047=DIRECTION('ref_axis',(1.,0.,0.));
#6048=DIRECTION('center_axis',(0.,0.,1.));
#6049=DIRECTION('ref_axis',(1.,0.,0.));
#6050=DIRECTION('',(0.,0.,-1.));
#6051=DIRECTION('center_axis',(0.,0.,1.));
#6052=DIRECTION('ref_axis',(1.,0.,0.));
#6053=DIRECTION('center_axis',(0.,0.,1.));
#6054=DIRECTION('ref_axis',(1.,0.,0.));
#6055=DIRECTION('center_axis',(0.,0.,1.));
#6056=DIRECTION('ref_axis',(1.,0.,0.));
#6057=CARTESIAN_POINT('',(0.,0.,0.));
#6058=CARTESIAN_POINT('Origin',(0.,0.,0.));
#6059=CARTESIAN_POINT('',(-4.3,-5.26598123633362E-16,-0.2));
#6060=CARTESIAN_POINT('Origin',(0.,0.,-0.2));
#6061=CARTESIAN_POINT('',(-4.3,-5.26598123633362E-16,0.));
#6062=CARTESIAN_POINT('',(-4.3,5.26598123633362E-16,0.));
#6063=CARTESIAN_POINT('Origin',(0.,0.,0.));
#6064=CARTESIAN_POINT('Origin',(0.,0.,-0.2));
#6065=CARTESIAN_POINT('Origin',(0.,0.,47.8));
#6066=CARTESIAN_POINT('',(-2.6,-3.18408167778312E-16,49.2));
#6067=CARTESIAN_POINT('Origin',(0.,0.,49.2));
#6068=CARTESIAN_POINT('',(-2.6,-3.18408167778312E-16,47.8));
#6069=CARTESIAN_POINT('',(-2.6,-3.18408167778312E-16,47.8));
#6070=CARTESIAN_POINT('Origin',(0.,0.,47.8));
#6071=CARTESIAN_POINT('Origin',(0.,0.,49.2));
#6072=CARTESIAN_POINT('Origin',(0.,0.,0.));
#6073=CARTESIAN_POINT('',(-7.,-8.57252759403147E-16,47.8));
#6074=CARTESIAN_POINT('Origin',(0.,0.,47.8));
#6075=CARTESIAN_POINT('',(-7.,-8.57252759403147E-16,0.));
#6076=CARTESIAN_POINT('',(-7.,-8.57252759403147E-16,0.));
#6077=CARTESIAN_POINT('Origin',(0.,0.,0.));
#6078=CARTESIAN_POINT('Origin',(0.,0.,47.8));
#6079=CARTESIAN_POINT('Origin',(0.,0.,0.));
#6080=CARTESIAN_POINT('Origin',(0.,0.,0.));
#6081=CARTESIAN_POINT('',(0.145843642754782,-7.05849343924524,31.0522153634558));
#6082=CARTESIAN_POINT('',(-0.884402112422115,-7.00438669003527,31.0522153634558));
#6083=CARTESIAN_POINT('Origin',(0.,0.,31.0522153634558));
#6084=CARTESIAN_POINT('',(0.145843642754782,-7.05849343924523,30.0102665681372));
#6085=CARTESIAN_POINT('',(0.145843642754782,-7.05849343924524,30.0102665681372));
#6086=CARTESIAN_POINT('',(0.856521190864171,-7.00785070114943,30.0102665681372));
#6087=CARTESIAN_POINT('Origin',(0.,0.,30.0102665681372));
#6088=CARTESIAN_POINT('',(0.856521190864171,-7.00785070114944,31.0522153634558));
#6089=CARTESIAN_POINT('',(0.856521190864171,-7.00785070114943,31.0522153634558));
#6090=CARTESIAN_POINT('',(1.8686844056174,-6.80820230253203,31.0522153634558));
#6091=CARTESIAN_POINT('Origin',(0.,0.,31.0522153634558));
#6092=CARTESIAN_POINT('',(1.8686844056174,-6.80820230253202,31.7450433630476));
#6093=CARTESIAN_POINT('',(1.8686844056174,-6.80820230253203,31.7450433630476));
#6094=CARTESIAN_POINT('',(0.856521190864171,-7.00785070114943,31.7450433630476));
#6095=CARTESIAN_POINT('Origin',(0.,0.,31.7450433630476));
#6096=CARTESIAN_POINT('',(0.856521190864171,-7.00785070114944,32.7842856604586));
#6097=CARTESIAN_POINT('',(0.856521190864171,-7.00785070114943,32.7842856604586));
#6098=CARTESIAN_POINT('',(0.145843642754782,-7.05849343924524,32.7842856604586));
#6099=CARTESIAN_POINT('Origin',(0.,0.,32.7842856604586));
#6100=CARTESIAN_POINT('',(0.145843642754782,-7.05849343924524,31.7450433630476));
#6101=CARTESIAN_POINT('',(0.145843642754782,-7.05849343924524,31.7450433630476));
#6102=CARTESIAN_POINT('',(-0.884402112422115,-7.00438669003527,31.7450433630476));
#6103=CARTESIAN_POINT('Origin',(0.,0.,31.7450433630476));
#6104=CARTESIAN_POINT('',(-0.884402112422115,-7.00438669003527,31.0522153634558));
#6105=CARTESIAN_POINT('Origin',(-0.369744412899499,-7.04029751282782,31.0522153634558));
#6106=CARTESIAN_POINT('',(0.145637065357112,-7.04849557318398,31.0522153634558));
#6107=CARTESIAN_POINT('',(-0.883149418211885,-6.99446546242899,31.0522153634558));
#6108=CARTESIAN_POINT('Origin',(0.,0.,31.0522153634558));
#6109=CARTESIAN_POINT('',(0.145637065357112,-7.04849557318398,31.0522153634558));
#6110=CARTESIAN_POINT('',(-0.883149418211885,-6.99446546242899,31.0522153634558));
#6111=CARTESIAN_POINT('Origin',(0.145637065357112,-7.04849557318398,30.5312409657965));
#6112=CARTESIAN_POINT('',(0.145637065357112,-7.04849557318398,30.0102665681372));
#6113=CARTESIAN_POINT('',(0.145637065357114,-7.04849557318398,0.));
#6114=CARTESIAN_POINT('',(0.145637065357112,-7.04849557318398,30.0102665681372));
#6115=CARTESIAN_POINT('Origin',(0.501110872610523,-7.0321680791454,30.0102665681372));
#6116=CARTESIAN_POINT('',(0.85530798804425,-6.99792456701183,30.0102665681372));
#6117=CARTESIAN_POINT('Origin',(0.,0.,30.0102665681372));
#6118=CARTESIAN_POINT('',(0.85530798804425,-6.99792456701183,30.0102665681372));
#6119=CARTESIAN_POINT('Origin',(0.85530798804425,-6.99792456701183,30.5312409657965));
#6120=CARTESIAN_POINT('',(0.85530798804425,-6.99792456701183,31.0522153634558));
#6121=CARTESIAN_POINT('',(0.85530798804425,-6.99792456701183,0.));
#6122=CARTESIAN_POINT('',(0.85530798804425,-6.99792456701183,31.0522153634558));
#6123=CARTESIAN_POINT('Origin',(1.36431925796663,-6.91672848696126,31.0522153634558));
#6124=CARTESIAN_POINT('',(1.86603754385307,-6.79855895649444,31.0522153634558));
#6125=CARTESIAN_POINT('Origin',(0.,0.,31.0522153634558));
#6126=CARTESIAN_POINT('',(1.86603754385307,-6.79855895649444,31.0522153634558));
#6127=CARTESIAN_POINT('Origin',(1.86603754385307,-6.79855895649444,31.3986293632517));
#6128=CARTESIAN_POINT('',(1.86603754385307,-6.79855895649444,31.7450433630476));
#6129=CARTESIAN_POINT('',(1.86603754385307,-6.79855895649444,0.));
#6130=CARTESIAN_POINT('',(1.86603754385307,-6.79855895649444,31.7450433630476));
#6131=CARTESIAN_POINT('Origin',(1.36431925796663,-6.91672848696126,31.7450433630476));
#6132=CARTESIAN_POINT('',(0.85530798804425,-6.99792456701183,31.7450433630476));
#6133=CARTESIAN_POINT('Origin',(0.,0.,31.7450433630476));
#6134=CARTESIAN_POINT('',(0.85530798804425,-6.99792456701183,31.7450433630476));
#6135=CARTESIAN_POINT('Origin',(0.85530798804425,-6.99792456701183,32.2646645117531));
#6136=CARTESIAN_POINT('',(0.85530798804425,-6.99792456701183,32.7842856604586));
#6137=CARTESIAN_POINT('',(0.85530798804425,-6.99792456701183,0.));
#6138=CARTESIAN_POINT('',(0.85530798804425,-6.99792456701183,32.7842856604586));
#6139=CARTESIAN_POINT('Origin',(0.501110872610523,-7.0321680791454,32.7842856604586));
#6140=CARTESIAN_POINT('',(0.145637065357112,-7.04849557318398,32.7842856604586));
#6141=CARTESIAN_POINT('Origin',(0.,0.,32.7842856604586));
#6142=CARTESIAN_POINT('',(0.145637065357112,-7.04849557318398,32.7842856604586));
#6143=CARTESIAN_POINT('Origin',(0.145637065357112,-7.04849557318398,32.2646645117531));
#6144=CARTESIAN_POINT('',(0.145637065357112,-7.04849557318398,31.7450433630476));
#6145=CARTESIAN_POINT('',(0.145637065357114,-7.04849557318398,0.));
#6146=CARTESIAN_POINT('',(0.145637065357112,-7.04849557318398,31.7450433630476));
#6147=CARTESIAN_POINT('Origin',(-0.369744412899498,-7.04029751282782,31.7450433630476));
#6148=CARTESIAN_POINT('',(-0.883149418211885,-6.99446546242899,31.7450433630476));
#6149=CARTESIAN_POINT('Origin',(0.,0.,31.7450433630476));
#6150=CARTESIAN_POINT('',(-0.883149418211885,-6.99446546242899,31.7450433630476));
#6151=CARTESIAN_POINT('Origin',(-0.883149418211885,-6.99446546242899,31.3986293632517));
#6152=CARTESIAN_POINT('',(-0.883149418211885,-6.99446546242899,0.));
#6153=CARTESIAN_POINT('Origin',(0.,0.,0.));
#6154=CARTESIAN_POINT('',(-1.16883483731168,-6.96257316823935,11.9693030999042));
#6155=CARTESIAN_POINT('',(-2.03437185157187,-6.76054222452105,11.9693030999042));
#6156=CARTESIAN_POINT('Origin',(0.,0.,11.9693030999042));
#6157=CARTESIAN_POINT('',(-1.16883483731168,-6.96257316823935,11.6623463318683));
#6158=CARTESIAN_POINT('',(-1.16883483731168,-6.96257316823935,11.6623463318683));
#6159=CARTESIAN_POINT('',(-1.17826519078751,-6.96098348943441,11.5150060341693));
#6160=CARTESIAN_POINT('Ctrl Pts',(-1.17826519078751,-6.96098348943441,11.5150060341693));
#6161=CARTESIAN_POINT('Ctrl Pts',(-1.17553895726984,-6.96144495095931,11.5347600749836));
#6162=CARTESIAN_POINT('Ctrl Pts',(-1.16879704127082,-6.96258056897313,11.5836047622662));
#6163=CARTESIAN_POINT('Ctrl Pts',(-1.16882066491393,-6.96257554741611,11.6329547445945));
#6164=CARTESIAN_POINT('Ctrl Pts',(-1.16883483731168,-6.96257316823935,11.6623463318683));
#6165=CARTESIAN_POINT('',(-1.23076541912145,-6.9518930143591,11.3942708657123));
#6166=CARTESIAN_POINT('Ctrl Pts',(-1.23076541912145,-6.9518930143591,11.3942708657123));
#6167=CARTESIAN_POINT('Ctrl Pts',(-1.21923780763259,-6.95393386647754,11.4138335563608));
#6168=CARTESIAN_POINT('Ctrl Pts',(-1.19680245835737,-6.95783743363599,11.4518871579948));
#6169=CARTESIAN_POINT('Ctrl Pts',(-1.18432759808146,-6.95995732359195,11.4943652068498));
#6170=CARTESIAN_POINT('Ctrl Pts',(-1.17826519078751,-6.96098348943441,11.5150060341693));
#6171=CARTESIAN_POINT('',(-1.36237308066,-6.92730391920933,11.2598910019733));
#6172=CARTESIAN_POINT('Ctrl Pts',(-1.36237308066,-6.92730391920933,11.2598910019733));
#6173=CARTESIAN_POINT('Ctrl Pts',(-1.33464841262224,-6.93275645050367,11.2824669198207));
#6174=CARTESIAN_POINT('Ctrl Pts',(-1.28573494077733,-6.94204113723913,11.3222453061013));
#6175=CARTESIAN_POINT('Ctrl Pts',(-1.24736684962125,-6.94895389165901,11.372526414496));
#6176=CARTESIAN_POINT('Ctrl Pts',(-1.23076541912145,-6.9518930143591,11.3942708657123));
#6177=CARTESIAN_POINT('',(-1.63204700902068,-6.86877154667024,11.068893878255));
#6178=CARTESIAN_POINT('Ctrl Pts',(-1.63204700902068,-6.86877154667024,11.068893878255));
#6179=CARTESIAN_POINT('Ctrl Pts',(-1.57998386147512,-6.88114195434134,11.1034800914383));
#6180=CARTESIAN_POINT('Ctrl Pts',(-1.48826161082705,-6.90181249599652,11.1642449165794));
#6181=CARTESIAN_POINT('Ctrl Pts',(-1.40031976051011,-6.91984105404113,11.2310920283145));
#6182=CARTESIAN_POINT('Ctrl Pts',(-1.36237308066,-6.92730391920933,11.2598910019733));
#6183=CARTESIAN_POINT('',(-2.03437185157187,-6.76054222452105,10.8042277977802));
#6184=CARTESIAN_POINT('Ctrl Pts',(-2.03437185157187,-6.76054222452105,10.8042277977802));
#6185=CARTESIAN_POINT('Ctrl Pts',(-1.90136713757462,-6.80056579619567,10.8924498246051));
#6186=CARTESIAN_POINT('Ctrl Pts',(-1.76718099158257,-6.83666318339761,10.9806718514301));
#6187=CARTESIAN_POINT('Ctrl Pts',(-1.63204700902068,-6.86877154667024,11.068893878255));
#6188=CARTESIAN_POINT('',(-2.03437185157187,-6.76054222452105,10.4713501618244));
#6189=CARTESIAN_POINT('',(-2.03437185157187,-6.76054222452105,10.4713501618244));
#6190=CARTESIAN_POINT('',(-1.50684047066451,-6.89732062441406,10.8192362473346));
#6191=CARTESIAN_POINT('Ctrl Pts',(-1.50684047066451,-6.89732062441406,10.8192362473346));
#6192=CARTESIAN_POINT('Ctrl Pts',(-1.68435703213225,-6.85853902303599,10.7032742188312));
#6193=CARTESIAN_POINT('Ctrl Pts',(-1.86037556015598,-6.81290091791853,10.5873121903278));
#6194=CARTESIAN_POINT('Ctrl Pts',(-2.03437185157187,-6.76054222452105,10.4713501618244));
#6195=CARTESIAN_POINT('',(-1.24556045012353,-6.94925745422402,11.0388817475177));
#6196=CARTESIAN_POINT('Ctrl Pts',(-1.24556045012353,-6.94925745422402,11.0388817475177));
#6197=CARTESIAN_POINT('Ctrl Pts',(-1.28386118590322,-6.94239256513162,10.9999883648783));
#6198=CARTESIAN_POINT('Ctrl Pts',(-1.36421239252055,-6.92736607436685,10.9182846592498));
#6199=CARTESIAN_POINT('Ctrl Pts',(-1.45788156312218,-6.9080165550952,10.8532910004634));
#6200=CARTESIAN_POINT('Ctrl Pts',(-1.50684047066451,-6.89732062441406,10.8192362473346));
#6201=CARTESIAN_POINT('',(-1.1472721385877,-6.96615867175163,11.1984982178547));
#6202=CARTESIAN_POINT('Ctrl Pts',(-1.1472721385877,-6.96615867175163,11.1984982178547));
#6203=CARTESIAN_POINT('Ctrl Pts',(-1.16266572001732,-6.96362346864767,11.1669693188704));
#6204=CARTESIAN_POINT('Ctrl Pts',(-1.1902610543233,-6.95900547210912,11.110425199785));
#6205=CARTESIAN_POINT('Ctrl Pts',(-1.22860814444528,-6.95229592583488,11.0608249758851));
#6206=CARTESIAN_POINT('Ctrl Pts',(-1.24556045012353,-6.94925745422402,11.0388817475177));
#6207=CARTESIAN_POINT('',(-0.963563390921043,-6.99393634455424,10.7728519127704));
#6208=CARTESIAN_POINT('Ctrl Pts',(-0.963563390921043,-6.99393634455424,
10.7728519127704));
#6209=CARTESIAN_POINT('Ctrl Pts',(-1.00789014848291,-6.98782939151368,10.8290554944406));
#6210=CARTESIAN_POINT('Ctrl Pts',(-1.10616350819753,-6.97306329059801,10.9538767069397));
#6211=CARTESIAN_POINT('Ctrl Pts',(-1.1326827691811,-6.96856142739193,11.1117248054417));
#6212=CARTESIAN_POINT('Ctrl Pts',(-1.1472721385877,-6.96615867175163,11.1984982178547));
#6213=CARTESIAN_POINT('',(-0.606523588625044,-7.03389857308459,10.6350602791645));
#6214=CARTESIAN_POINT('Ctrl Pts',(-0.606523588625044,-7.03389857308459,
10.6350602791645));
#6215=CARTESIAN_POINT('Ctrl Pts',(-0.674114262177463,-7.02807032045134,
10.6404179422766));
#6216=CARTESIAN_POINT('Ctrl Pts',(-0.806944151047151,-7.0144990016224,10.6509616619603));
#6217=CARTESIAN_POINT('Ctrl Pts',(-0.911972944842027,-7.00104402508121,
10.7326650896422));
#6218=CARTESIAN_POINT('Ctrl Pts',(-0.963563390921043,-6.99393634455424,
10.7728519127704));
#6219=CARTESIAN_POINT('',(-0.305248748555481,-7.05339798972845,10.7182802841999));
#6220=CARTESIAN_POINT('Ctrl Pts',(-0.305248748555481,-7.05339798972845,
10.7182802841999));
#6221=CARTESIAN_POINT('Ctrl Pts',(-0.352172600821276,-7.05136727386605,
10.6940079925232));
#6222=CARTESIAN_POINT('Ctrl Pts',(-0.446795390756042,-7.04638701672584,
10.6450433179366));
#6223=CARTESIAN_POINT('Ctrl Pts',(-0.553013570121158,-7.03851266982101,
10.6384069376429));
#6224=CARTESIAN_POINT('Ctrl Pts',(-0.606523588625044,-7.03389857308459,
10.6350602791645));
#6225=CARTESIAN_POINT('',(-0.114754875995197,-7.05906731221876,10.9406556771137));
#6226=CARTESIAN_POINT('Ctrl Pts',(-0.114754875995197,-7.05906731221876,
10.9406556771137));
#6227=CARTESIAN_POINT('Ctrl Pts',(-0.136593358370455,-7.05871229756511,
10.8963545858137));
#6228=CARTESIAN_POINT('Ctrl Pts',(-0.181095178599951,-7.05789437079617,
10.806078011978));
#6229=CARTESIAN_POINT('Ctrl Pts',(-0.263367583805957,-7.05521047402984,
10.747905840009));
#6230=CARTESIAN_POINT('Ctrl Pts',(-0.305248748555481,-7.05339798972845,
10.7182802841999));
#6231=CARTESIAN_POINT('',(-0.0607947781463782,-7.05973823841579,11.3472022698261));
#6232=CARTESIAN_POINT('Ctrl Pts',(-0.0607947781463782,-7.05973823841579,
11.3472022698261));
#6233=CARTESIAN_POINT('Ctrl Pts',(-0.0614034767098962,-7.05973299662171,
11.2681927987104));
#6234=CARTESIAN_POINT('Ctrl Pts',(-0.0624667245201574,-7.05975259005439,
11.1302179362417));
#6235=CARTESIAN_POINT('Ctrl Pts',(-0.099100127846403,-7.05932180174309,
10.997412041434));
#6236=CARTESIAN_POINT('Ctrl Pts',(-0.114754875995197,-7.05906731221876,
10.9406556771137));
#6237=CARTESIAN_POINT('',(-0.0607947781463778,-7.05973823841579,12.2339691803791));
#6238=CARTESIAN_POINT('',(-0.0607947781463782,-7.05973823841579,12.2339691803791));
#6239=CARTESIAN_POINT('',(-2.03437185157187,-6.76054222452105,12.2339691803791));
#6240=CARTESIAN_POINT('Origin',(0.,0.,12.2339691803791));
#6241=CARTESIAN_POINT('',(-2.03437185157187,-6.76054222452105,11.9693030999042));
#6242=CARTESIAN_POINT('',(-0.282043196759158,-7.05436401351404,11.3362898514606));
#6243=CARTESIAN_POINT('',(-0.282043196759158,-7.05436401351404,11.9693030999042));
#6244=CARTESIAN_POINT('',(-0.282043196759158,-7.05436401351404,11.3362898514606));
#6245=CARTESIAN_POINT('',(-0.373479020728044,-7.05011442609806,11.0109128640033));
#6246=CARTESIAN_POINT('Ctrl Pts',(-0.373479020728044,-7.05011442609806,
11.0109128640033));
#6247=CARTESIAN_POINT('Ctrl Pts',(-0.346931324226811,-7.05152078734167,
11.0540621369432));
#6248=CARTESIAN_POINT('Ctrl Pts',(-0.285928914548757,-7.05428727893253,
11.1531745772561));
#6249=CARTESIAN_POINT('Ctrl Pts',(-0.283444287278683,-7.05430799598385,
11.2702078228825));
#6250=CARTESIAN_POINT('Ctrl Pts',(-0.282043196759158,-7.05436401351404,
11.3362898514606));
#6251=CARTESIAN_POINT('',(-0.606523588625044,-7.03389857308459,10.9079112694599));
#6252=CARTESIAN_POINT('Ctrl Pts',(-0.606523588625044,-7.03389857308459,
10.9079112694599));
#6253=CARTESIAN_POINT('Ctrl Pts',(-0.561568007810796,-7.03777503219483,
10.9120540036565));
#6254=CARTESIAN_POINT('Ctrl Pts',(-0.472337148227083,-7.04450587017639,
10.92026935972));
#6255=CARTESIAN_POINT('Ctrl Pts',(-0.406249806995466,-7.0483783973723,10.9808707594582));
#6256=CARTESIAN_POINT('Ctrl Pts',(-0.373479020728044,-7.05011442609806,
11.0109128640033));
#6257=CARTESIAN_POINT('',(-0.785298027242838,-7.01618892336919,10.961119143758));
#6258=CARTESIAN_POINT('Ctrl Pts',(-0.785298027242838,-7.01618892336919,
10.961119143758));
#6259=CARTESIAN_POINT('Ctrl Pts',(-0.757382494182718,-7.01931341349923,
10.9456011357669));
#6260=CARTESIAN_POINT('Ctrl Pts',(-0.701719413697067,-7.02523200037229,
10.9146778073623));
#6261=CARTESIAN_POINT('Ctrl Pts',(-0.638191493361199,-7.0311678923639,10.9101612958936));
#6262=CARTESIAN_POINT('Ctrl Pts',(-0.606523588625044,-7.03389857308459,
10.9079112694599));
#6263=CARTESIAN_POINT('',(-0.904657106851437,-7.00179944864341,11.1166443512775));
#6264=CARTESIAN_POINT('Ctrl Pts',(-0.904657106851437,-7.00179944864341,
11.1166443512775));
#6265=CARTESIAN_POINT('Ctrl Pts',(-0.890777685446065,-7.00359271868856,
11.0848515770385));
#6266=CARTESIAN_POINT('Ctrl Pts',(-0.863774546578482,-7.0070510059904,11.0230066681124));
#6267=CARTESIAN_POINT('Ctrl Pts',(-0.810974407087734,-7.01331505399948,
10.9813575773813));
#6268=CARTESIAN_POINT('Ctrl Pts',(-0.785298027242838,-7.01618892336919,
10.961119143758));
#6269=CARTESIAN_POINT('',(-0.941904571310661,-6.99688614874818,11.4004101441242));
#6270=CARTESIAN_POINT('Ctrl Pts',(-0.941904571310661,-6.99688614874818,
11.4004101441242));
#6271=CARTESIAN_POINT('Ctrl Pts',(-0.941318109194572,-6.99696509691688,
11.3461589213815));
#6272=CARTESIAN_POINT('Ctrl Pts',(-0.940279608135437,-6.99711817515907,
11.2499297434713));
#6273=CARTESIAN_POINT('Ctrl Pts',(-0.915479873436131,-7.00040110914819,
11.1571274153091));
#6274=CARTESIAN_POINT('Ctrl Pts',(-0.904657106851437,-7.00179944864341,
11.1166443512775));
#6275=CARTESIAN_POINT('',(-0.941904571310661,-6.99688614874818,11.9693030999042));
#6276=CARTESIAN_POINT('',(-0.941904571310661,-6.99688614874818,11.9693030999042));
#6277=CARTESIAN_POINT('Origin',(0.,0.,11.9693030999042));
#6278=CARTESIAN_POINT('Origin',(-1.60251271194704,-6.86545359084512,11.9693030999042));
#6279=CARTESIAN_POINT('',(-1.16717926388772,-6.95271116658462,11.9693030999042));
#6280=CARTESIAN_POINT('',(-2.0314903050399,-6.75096638567612,11.9693030999042));
#6281=CARTESIAN_POINT('Origin',(0.,0.,11.9693030999042));
#6282=CARTESIAN_POINT('',(-1.16717926388772,-6.95271116658462,11.9693030999042));
#6283=CARTESIAN_POINT('',(-2.0314903050399,-6.75096638567612,11.9693030999042));
#6284=CARTESIAN_POINT('Origin',(-1.16717926388772,-6.95271116658462,11.8158247158863));
#6285=CARTESIAN_POINT('',(-1.16717926388772,-6.95271116658462,11.6623463318683));
#6286=CARTESIAN_POINT('',(-1.16717926388772,-6.95271116658462,0.));
#6287=CARTESIAN_POINT('',(-1.16717926388772,-6.95271116658462,11.6623463318683));
#6288=CARTESIAN_POINT('Ctrl Pts',(-1.17659625992237,-6.95112373944938,11.5150060341693));
#6289=CARTESIAN_POINT('Ctrl Pts',(-1.17715257021075,-6.95441032277772,11.5150060341693));
#6290=CARTESIAN_POINT('Ctrl Pts',(-1.17770888049913,-6.95769690610607,11.5150060341693));
#6291=CARTESIAN_POINT('Ctrl Pts',(-1.17826519078751,-6.96098348943441,11.5150060341693));
#6292=CARTESIAN_POINT('Ctrl Pts',(-1.17387388792527,-6.95158454734605,11.5347600749836));
#6293=CARTESIAN_POINT('Ctrl Pts',(-1.17442891105982,-6.95487134866776,11.5347600749836));
#6294=CARTESIAN_POINT('Ctrl Pts',(-1.17498393413529,-6.9581581496376,11.5347600749836));
#6295=CARTESIAN_POINT('Ctrl Pts',(-1.17553895726984,-6.96144495095931,11.5347600749836));
#6296=CARTESIAN_POINT('Ctrl Pts',(-1.16714152138233,-6.95271855683578,11.5836047622662));
#6297=CARTESIAN_POINT('Ctrl Pts',(-1.16769336134434,-6.95600589420999,11.5836047622662));
#6298=CARTESIAN_POINT('Ctrl Pts',(-1.16824520130881,-6.95929323159892,11.5836047622662));
#6299=CARTESIAN_POINT('Ctrl Pts',(-1.16879704127082,-6.96258056897313,11.5836047622662));
#6300=CARTESIAN_POINT('Ctrl Pts',(-1.16716511156419,-6.95271354239144,11.6329547445945));
#6301=CARTESIAN_POINT('Ctrl Pts',(-1.16771696265788,-6.95600087726347,11.6329547445945));
#6302=CARTESIAN_POINT('Ctrl Pts',(-1.16826881382023,-6.95928821254408,11.6329547445945));
#6303=CARTESIAN_POINT('Ctrl Pts',(-1.16882066491393,-6.96257554741611,11.6329547445945));
#6304=CARTESIAN_POINT('Ctrl Pts',(-1.16717926388772,-6.95271116658462,11.6623463318683));
#6305=CARTESIAN_POINT('Ctrl Pts',(-1.16773112169571,-6.95599850046953,11.6623463318683));
#6306=CARTESIAN_POINT('Ctrl Pts',(-1.16828297950369,-6.95928583435444,11.6623463318683));
#6307=CARTESIAN_POINT('Ctrl Pts',(-1.16883483731168,-6.96257316823935,11.6623463318683));
#6308=CARTESIAN_POINT('',(-1.17659625992237,-6.95112373944938,11.5150060341693));
#6309=CARTESIAN_POINT('Ctrl Pts',(-1.17659625992237,-6.95112373944938,11.5150060341693));
#6310=CARTESIAN_POINT('Ctrl Pts',(-1.17387388792527,-6.95158454734605,11.5347600749836));
#6311=CARTESIAN_POINT('Ctrl Pts',(-1.16714152138233,-6.95271855683578,11.5836047622662));
#6312=CARTESIAN_POINT('Ctrl Pts',(-1.16716511156419,-6.95271354239144,11.6329547445945));
#6313=CARTESIAN_POINT('Ctrl Pts',(-1.16717926388772,-6.95271116658462,11.6623463318683));
#6314=CARTESIAN_POINT('',(-1.17659625992237,-6.95112373944938,11.5150060341693));
#6315=CARTESIAN_POINT('Ctrl Pts',(-1.22902212532666,-6.94204614040108,11.3942708657123));
#6316=CARTESIAN_POINT('Ctrl Pts',(-1.22960322325826,-6.94532843172042,11.3942708657123));
#6317=CARTESIAN_POINT('Ctrl Pts',(-1.23018432118985,-6.94861072303976,11.3942708657123));
#6318=CARTESIAN_POINT('Ctrl Pts',(-1.23076541912145,-6.9518930143591,11.3942708657123));
#6319=CARTESIAN_POINT('Ctrl Pts',(-1.2175108418994,-6.94408410179415,11.4138335563608));
#6320=CARTESIAN_POINT('Ctrl Pts',(-1.21808649730961,-6.94736735765707,11.4138335563608));
#6321=CARTESIAN_POINT('Ctrl Pts',(-1.21866215222239,-6.95065061061461,11.4138335563608));
#6322=CARTESIAN_POINT('Ctrl Pts',(-1.21923780763259,-6.95393386647754,11.4138335563608));
#6323=CARTESIAN_POINT('Ctrl Pts',(-1.1951072707393,-6.94798213982065,11.4518871579948));
#6324=CARTESIAN_POINT('Ctrl Pts',(-1.19567233327093,-6.95126723771247,11.4518871579948));
#6325=CARTESIAN_POINT('Ctrl Pts',(-1.19623739582574,-6.95455233574417,11.4518871579948));
#6326=CARTESIAN_POINT('Ctrl Pts',(-1.19680245835737,-6.95783743363599,11.4518871579948));
#6327=CARTESIAN_POINT('Ctrl Pts',(-1.18265008023715,-6.9500990270996,11.4943652068498));
#6328=CARTESIAN_POINT('Ctrl Pts',(-1.18320925271476,-6.9533851251326,11.4943652068498));
#6329=CARTESIAN_POINT('Ctrl Pts',(-1.18376842560385,-6.95667122555895,11.4943652068498));
#6330=CARTESIAN_POINT('Ctrl Pts',(-1.18432759808146,-6.95995732359195,11.4943652068498));
#6331=CARTESIAN_POINT('Ctrl Pts',(-1.17659625992237,-6.95112373944938,11.5150060341693));
#6332=CARTESIAN_POINT('Ctrl Pts',(-1.17715257021075,-6.95441032277772,11.5150060341693));
#6333=CARTESIAN_POINT('Ctrl Pts',(-1.17770888049913,-6.95769690610607,11.5150060341693));
#6334=CARTESIAN_POINT('Ctrl Pts',(-1.17826519078751,-6.96098348943441,11.5150060341693));
#6335=CARTESIAN_POINT('',(-1.22902212532666,-6.94204614040108,11.3942708657123));
#6336=CARTESIAN_POINT('Ctrl Pts',(-1.22902212532666,-6.94204614040108,11.3942708657123));
#6337=CARTESIAN_POINT('Ctrl Pts',(-1.2175108418994,-6.94408410179415,11.4138335563608));
#6338=CARTESIAN_POINT('Ctrl Pts',(-1.1951072707393,-6.94798213982065,11.4518871579948));
#6339=CARTESIAN_POINT('Ctrl Pts',(-1.18265008023715,-6.9500990270996,11.4943652068498));
#6340=CARTESIAN_POINT('Ctrl Pts',(-1.17659625992237,-6.95112373944938,11.5150060341693));
#6341=CARTESIAN_POINT('',(-1.22902212532666,-6.94204614040108,11.3942708657123));
#6342=CARTESIAN_POINT('Ctrl Pts',(-1.36044337374688,-6.91749187399799,11.2598910019733));
#6343=CARTESIAN_POINT('Ctrl Pts',(-1.36108660938459,-6.9207625557351,11.2598910019733));
#6344=CARTESIAN_POINT('Ctrl Pts',(-1.36172984502229,-6.92403323747222,11.2598910019733));
#6345=CARTESIAN_POINT('Ctrl Pts',(-1.36237308066,-6.92730391920933,11.2598910019733));
#6346=CARTESIAN_POINT('Ctrl Pts',(-1.33275797577717,-6.92293668216018,11.2824669198207));
#6347=CARTESIAN_POINT('Ctrl Pts',(-1.33338812192099,-6.92620994117764,11.2824669198207));
#6348=CARTESIAN_POINT('Ctrl Pts',(-1.33401826647841,-6.92948319148621,11.2824669198207));
#6349=CARTESIAN_POINT('Ctrl Pts',(-1.33464841262224,-6.93275645050367,11.2824669198207));
#6350=CARTESIAN_POINT('Ctrl Pts',(-1.28391378647028,-6.93220821778129,11.3222453061013));
#6351=CARTESIAN_POINT('Ctrl Pts',(-1.28452083786828,-6.93548585738793,11.3222453061013));
#6352=CARTESIAN_POINT('Ctrl Pts',(-1.28512788937934,-6.93876349763249,11.3222453061013));
#6353=CARTESIAN_POINT('Ctrl Pts',(-1.28573494077733,-6.94204113723913,11.3222453061013));
#6354=CARTESIAN_POINT('Ctrl Pts',(-1.24560004105238,-6.93911118076431,11.372526414496));
#6355=CARTESIAN_POINT('Ctrl Pts',(-1.24618897689592,-6.9423920825102,11.372526414496));
#6356=CARTESIAN_POINT('Ctrl Pts',(-1.24677791377771,-6.94567298991311,11.372526414496));
#6357=CARTESIAN_POINT('Ctrl Pts',(-1.24736684962125,-6.94895389165901,11.372526414496));
#6358=CARTESIAN_POINT('Ctrl Pts',(-1.22902212532666,-6.94204614040108,11.3942708657123));
#6359=CARTESIAN_POINT('Ctrl Pts',(-1.22960322325826,-6.94532843172042,11.3942708657123));
#6360=CARTESIAN_POINT('Ctrl Pts',(-1.23018432118985,-6.94861072303976,11.3942708657123));
#6361=CARTESIAN_POINT('Ctrl Pts',(-1.23076541912145,-6.9518930143591,11.3942708657123));
#6362=CARTESIAN_POINT('',(-1.36044337374688,-6.91749187399799,11.2598910019733));
#6363=CARTESIAN_POINT('Ctrl Pts',(-1.36044337374688,-6.91749187399799,11.2598910019733));
#6364=CARTESIAN_POINT('Ctrl Pts',(-1.33275797577717,-6.92293668216018,11.2824669198207));
#6365=CARTESIAN_POINT('Ctrl Pts',(-1.28391378647028,-6.93220821778129,11.3222453061013));
#6366=CARTESIAN_POINT('Ctrl Pts',(-1.24560004105238,-6.93911118076431,11.372526414496));
#6367=CARTESIAN_POINT('Ctrl Pts',(-1.22902212532666,-6.94204614040108,11.3942708657123));
#6368=CARTESIAN_POINT('',(-1.36044337374688,-6.91749187399799,11.2598910019733));
#6369=CARTESIAN_POINT('Ctrl Pts',(-1.62973532770479,-6.85904240850215,11.068893878255));
#6370=CARTESIAN_POINT('Ctrl Pts',(-1.63050588814342,-6.86228545455818,11.068893878255));
#6371=CARTESIAN_POINT('Ctrl Pts',(-1.63127644858205,-6.86552850061421,11.068893878255));
#6372=CARTESIAN_POINT('Ctrl Pts',(-1.63204700902068,-6.86877154667024,11.068893878255));
#6373=CARTESIAN_POINT('Ctrl Pts',(-1.57774592399427,-6.87139529434935,11.1034800914383));
#6374=CARTESIAN_POINT('Ctrl Pts',(-1.578491903645,-6.87464418335226,11.1034800914383));
#6375=CARTESIAN_POINT('Ctrl Pts',(-1.57923788182439,-6.87789306533843,11.1034800914383));
#6376=CARTESIAN_POINT('Ctrl Pts',(-1.57998386147512,-6.88114195434134,11.1034800914383));
#6377=CARTESIAN_POINT('Ctrl Pts',(-1.48615359154826,-6.89203655761692,11.1642449165794));
#6378=CARTESIAN_POINT('Ctrl Pts',(-1.48685626461085,-6.89529520359005,11.1642449165794));
#6379=CARTESIAN_POINT('Ctrl Pts',(-1.48755893776445,-6.8985538500234,11.1642449165794));
#6380=CARTESIAN_POINT('Ctrl Pts',(-1.48826161082705,-6.90181249599652,11.1642449165794));
#6381=CARTESIAN_POINT('Ctrl Pts',(-1.39833630475868,-6.91003957946034,11.2310920283145));
#6382=CARTESIAN_POINT('Ctrl Pts',(-1.3989974563433,-6.91330673608984,11.2310920283145));
#6383=CARTESIAN_POINT('Ctrl Pts',(-1.39965860892549,-6.91657389741163,11.2310920283145));
#6384=CARTESIAN_POINT('Ctrl Pts',(-1.40031976051011,-6.91984105404113,11.2310920283145));
#6385=CARTESIAN_POINT('Ctrl Pts',(-1.36044337374688,-6.91749187399799,11.2598910019733));
#6386=CARTESIAN_POINT('Ctrl Pts',(-1.36108660938459,-6.9207625557351,11.2598910019733));
#6387=CARTESIAN_POINT('Ctrl Pts',(-1.36172984502229,-6.92403323747222,11.2598910019733));
#6388=CARTESIAN_POINT('Ctrl Pts',(-1.36237308066,-6.92730391920933,11.2598910019733));
#6389=CARTESIAN_POINT('',(-1.62973532770479,-6.85904240850215,11.068893878255));
#6390=CARTESIAN_POINT('Ctrl Pts',(-1.62973532770479,-6.85904240850215,11.068893878255));
#6391=CARTESIAN_POINT('Ctrl Pts',(-1.57774592399427,-6.87139529434935,11.1034800914383));
#6392=CARTESIAN_POINT('Ctrl Pts',(-1.48615359154826,-6.89203655761692,11.1642449165794));
#6393=CARTESIAN_POINT('Ctrl Pts',(-1.39833630475868,-6.91003957946034,11.2310920283145));
#6394=CARTESIAN_POINT('Ctrl Pts',(-1.36044337374688,-6.91749187399799,11.2598910019733));
#6395=CARTESIAN_POINT('',(-1.62973532770479,-6.85904240850215,11.068893878255));
#6396=CARTESIAN_POINT('Ctrl Pts',(-2.0314903050399,-6.75096638567612,10.8042277977802));
#6397=CARTESIAN_POINT('Ctrl Pts',(-2.03245082055056,-6.75415833195776,10.8042277977802));
#6398=CARTESIAN_POINT('Ctrl Pts',(-2.03341133606121,-6.75735027823941,10.8042277977802));
#6399=CARTESIAN_POINT('Ctrl Pts',(-2.03437185157187,-6.76054222452105,10.8042277977802));
#6400=CARTESIAN_POINT('Ctrl Pts',(-1.89867398298882,-6.7909332667393,10.8924498246051));
#6401=CARTESIAN_POINT('Ctrl Pts',(-1.89957170121594,-6.79414411000768,10.8924498246051));
#6402=CARTESIAN_POINT('Ctrl Pts',(-1.9004694193475,-6.79735495292729,10.8924498246051));
#6403=CARTESIAN_POINT('Ctrl Pts',(-1.90136713757462,-6.80056579619567,10.8924498246051));
#6404=CARTESIAN_POINT('Ctrl Pts',(-1.76467790235936,-6.82697952449761,10.9806718514301));
#6405=CARTESIAN_POINT('Ctrl Pts',(-1.76551226546453,-6.83020741091416,10.9806718514301));
#6406=CARTESIAN_POINT('Ctrl Pts',(-1.76634662847739,-6.83343529698106,10.9806718514301));
#6407=CARTESIAN_POINT('Ctrl Pts',(-1.76718099158257,-6.83666318339761,10.9806718514301));
#6408=CARTESIAN_POINT('Ctrl Pts',(-1.62973532770479,-6.85904240850215,11.068893878255));
#6409=CARTESIAN_POINT('Ctrl Pts',(-1.63050588814342,-6.86228545455818,11.068893878255));
#6410=CARTESIAN_POINT('Ctrl Pts',(-1.63127644858205,-6.86552850061421,11.068893878255));
#6411=CARTESIAN_POINT('Ctrl Pts',(-1.63204700902068,-6.86877154667024,11.068893878255));
#6412=CARTESIAN_POINT('',(-2.0314903050399,-6.75096638567612,10.8042277977802));
#6413=CARTESIAN_POINT('Ctrl Pts',(-2.0314903050399,-6.75096638567612,10.8042277977802));
#6414=CARTESIAN_POINT('Ctrl Pts',(-1.89867398298882,-6.7909332667393,10.8924498246051));
#6415=CARTESIAN_POINT('Ctrl Pts',(-1.76467790235936,-6.82697952449761,10.9806718514301));
#6416=CARTESIAN_POINT('Ctrl Pts',(-1.62973532770479,-6.85904240850215,11.068893878255));
#6417=CARTESIAN_POINT('',(-2.0314903050399,-6.75096638567612,10.8042277977802));
#6418=CARTESIAN_POINT('Origin',(-2.0314903050399,-6.75096638567612,10.6377889798023));
#6419=CARTESIAN_POINT('',(-2.0314903050399,-6.75096638567612,10.4713501618244));
#6420=CARTESIAN_POINT('',(-2.0314903050399,-6.75096638567612,0.));
#6421=CARTESIAN_POINT('',(-2.0314903050399,-6.75096638567612,10.4713501618244));
#6422=CARTESIAN_POINT('Ctrl Pts',(-1.50470613572023,-6.8875510484588,10.8192362473346));
#6423=CARTESIAN_POINT('Ctrl Pts',(-1.50541758070166,-6.89080757377722,10.8192362473346));
#6424=CARTESIAN_POINT('Ctrl Pts',(-1.50612902568309,-6.89406409909564,10.8192362473346));
#6425=CARTESIAN_POINT('Ctrl Pts',(-1.50684047066451,-6.89732062441406,10.8192362473346));
#6426=CARTESIAN_POINT('Ctrl Pts',(-1.6819712572992,-6.84882437852744,10.7032742188312));
#6427=CARTESIAN_POINT('Ctrl Pts',(-1.6827665156634,-6.85206259370588,10.7032742188312));
#6428=CARTESIAN_POINT('Ctrl Pts',(-1.68356177376805,-6.85530080785754,10.7032742188312));
#6429=CARTESIAN_POINT('Ctrl Pts',(-1.68435703213225,-6.85853902303599,10.7032742188312));
#6430=CARTESIAN_POINT('Ctrl Pts',(-1.85774046729457,-6.80325091661836,10.5873121903278));
#6431=CARTESIAN_POINT('Ctrl Pts',(-1.85861883167239,-6.8064675840596,10.5873121903278));
#6432=CARTESIAN_POINT('Ctrl Pts',(-1.85949719577816,-6.80968425047729,10.5873121903278));
#6433=CARTESIAN_POINT('Ctrl Pts',(-1.86037556015598,-6.81290091791853,10.5873121903278));
#6434=CARTESIAN_POINT('Ctrl Pts',(-2.0314903050399,-6.75096638567612,10.4713501618244));
#6435=CARTESIAN_POINT('Ctrl Pts',(-2.03245082055056,-6.75415833195776,10.4713501618244));
#6436=CARTESIAN_POINT('Ctrl Pts',(-2.03341133606122,-6.75735027823941,10.4713501618244));
#6437=CARTESIAN_POINT('Ctrl Pts',(-2.03437185157187,-6.76054222452105,10.4713501618244));
#6438=CARTESIAN_POINT('',(-1.50470613572023,-6.8875510484588,10.8192362473346));
#6439=CARTESIAN_POINT('Ctrl Pts',(-1.50470613572023,-6.8875510484588,10.8192362473346));
#6440=CARTESIAN_POINT('Ctrl Pts',(-1.6819712572992,-6.84882437852744,10.7032742188312));
#6441=CARTESIAN_POINT('Ctrl Pts',(-1.85774046729457,-6.80325091661836,10.5873121903278));
#6442=CARTESIAN_POINT('Ctrl Pts',(-2.0314903050399,-6.75096638567612,10.4713501618244));
#6443=CARTESIAN_POINT('',(-1.50470613572023,-6.8875510484588,10.8192362473346));
#6444=CARTESIAN_POINT('Ctrl Pts',(-1.24379620019417,-6.93941431335401,11.0388817475177));
#6445=CARTESIAN_POINT('Ctrl Pts',(-1.24438428350396,-6.94269536031068,11.0388817475177));
#6446=CARTESIAN_POINT('Ctrl Pts',(-1.24497236681374,-6.94597640726735,11.0388817475177));
#6447=CARTESIAN_POINT('Ctrl Pts',(-1.24556045012353,-6.94925745422402,11.0388817475177));
#6448=CARTESIAN_POINT('Ctrl Pts',(-1.2820426856399,-6.93255914790055,10.9999883648783));
#6449=CARTESIAN_POINT('Ctrl Pts',(-1.28264885130021,-6.93583694808763,10.9999883648783));
#6450=CARTESIAN_POINT('Ctrl Pts',(-1.2832550202429,-6.93911476494454,10.9999883648783));
#6451=CARTESIAN_POINT('Ctrl Pts',(-1.28386118590322,-6.94239256513162,10.9999883648783));
#6452=CARTESIAN_POINT('Ctrl Pts',(-1.36228008034984,-6.91755394111704,10.9182846592498));
#6453=CARTESIAN_POINT('Ctrl Pts',(-1.36292418436631,-6.92082465194615,10.9182846592498));
#6454=CARTESIAN_POINT('Ctrl Pts',(-1.36356828850408,-6.92409536353774,10.9182846592498));
#6455=CARTESIAN_POINT('Ctrl Pts',(-1.36421239252055,-6.92736607436685,10.9182846592498));
#6456=CARTESIAN_POINT('Ctrl Pts',(-1.45581657507243,-6.89823182909648,10.8532910004634));
#6457=CARTESIAN_POINT('Ctrl Pts',(-1.4565049056947,-6.90149341101101,10.8532910004634));
#6458=CARTESIAN_POINT('Ctrl Pts',(-1.45719323249991,-6.90475497318066,10.8532910004634));
#6459=CARTESIAN_POINT('Ctrl Pts',(-1.45788156312218,-6.9080165550952,10.8532910004634));
#6460=CARTESIAN_POINT('Ctrl Pts',(-1.50470613572023,-6.8875510484588,10.8192362473346));
#6461=CARTESIAN_POINT('Ctrl Pts',(-1.50541758070166,-6.89080757377722,10.8192362473346));
#6462=CARTESIAN_POINT('Ctrl Pts',(-1.50612902568309,-6.89406409909564,10.8192362473346));
#6463=CARTESIAN_POINT('Ctrl Pts',(-1.50684047066451,-6.89732062441406,10.8192362473346));
#6464=CARTESIAN_POINT('',(-1.24379620019417,-6.93941431335401,11.0388817475177));
#6465=CARTESIAN_POINT('Ctrl Pts',(-1.24379620019417,-6.93941431335401,11.0388817475177));
#6466=CARTESIAN_POINT('Ctrl Pts',(-1.2820426856399,-6.93255914790055,10.9999883648783));
#6467=CARTESIAN_POINT('Ctrl Pts',(-1.36228008034984,-6.91755394111704,10.9182846592498));
#6468=CARTESIAN_POINT('Ctrl Pts',(-1.45581657507243,-6.89823182909648,10.8532910004634));
#6469=CARTESIAN_POINT('Ctrl Pts',(-1.50470613572023,-6.8875510484588,10.8192362473346));
#6470=CARTESIAN_POINT('',(-1.24379620019417,-6.93941431335401,11.0388817475177));
#6471=CARTESIAN_POINT('Ctrl Pts',(-1.14564710722993,-6.95629159148003,11.1984982178547));
#6472=CARTESIAN_POINT('Ctrl Pts',(-1.14618878434918,-6.95958061823723,11.1984982178547));
#6473=CARTESIAN_POINT('Ctrl Pts',(-1.14673046146844,-6.96286964499443,11.1984982178547));
#6474=CARTESIAN_POINT('Ctrl Pts',(-1.1472721385877,-6.96615867175163,11.1984982178547));
#6475=CARTESIAN_POINT('Ctrl Pts',(-1.16101888471985,-6.95375997931531,11.1669693188704));
#6476=CARTESIAN_POINT('Ctrl Pts',(-1.16156782945936,-6.95704780700988,11.1669693188704));
#6477=CARTESIAN_POINT('Ctrl Pts',(-1.16211677527781,-6.9603356409531,11.1669693188704));
#6478=CARTESIAN_POINT('Ctrl Pts',(-1.16266572001732,-6.96362346864767,11.1669693188704));
#6479=CARTESIAN_POINT('Ctrl Pts',(-1.18857513215003,-6.94914852384834,11.110425199785));
#6480=CARTESIAN_POINT('Ctrl Pts',(-1.1891371062239,-6.95243417335722,11.110425199785));
#6481=CARTESIAN_POINT('Ctrl Pts',(-1.18969908024943,-6.95571982260024,11.110425199785));
#6482=CARTESIAN_POINT('Ctrl Pts',(-1.1902610543233,-6.95900547210912,11.110425199785));
#6483=CARTESIAN_POINT('Ctrl Pts',(-1.22686790628035,-6.94244848118072,11.0608249758851));
#6484=CARTESIAN_POINT('Ctrl Pts',(-1.22744798594379,-6.9457309643366,11.0608249758851));
#6485=CARTESIAN_POINT('Ctrl Pts',(-1.22802806478184,-6.94901344267901,11.0608249758851));
#6486=CARTESIAN_POINT('Ctrl Pts',(-1.22860814444528,-6.95229592583488,11.0608249758851));
#6487=CARTESIAN_POINT('Ctrl Pts',(-1.24379620019417,-6.93941431335401,11.0388817475177));
#6488=CARTESIAN_POINT('Ctrl Pts',(-1.24438428350396,-6.94269536031068,11.0388817475177));
#6489=CARTESIAN_POINT('Ctrl Pts',(-1.24497236681374,-6.94597640726735,11.0388817475177));
#6490=CARTESIAN_POINT('Ctrl Pts',(-1.24556045012353,-6.94925745422402,11.0388817475177));
#6491=CARTESIAN_POINT('',(-1.14564710722993,-6.95629159148003,11.1984982178547));
#6492=CARTESIAN_POINT('Ctrl Pts',(-1.14564710722993,-6.95629159148003,11.1984982178547));
#6493=CARTESIAN_POINT('Ctrl Pts',(-1.16101888471985,-6.95375997931531,11.1669693188704));
#6494=CARTESIAN_POINT('Ctrl Pts',(-1.18857513215003,-6.94914852384834,11.110425199785));
#6495=CARTESIAN_POINT('Ctrl Pts',(-1.22686790628035,-6.94244848118072,11.0608249758851));
#6496=CARTESIAN_POINT('Ctrl Pts',(-1.24379620019417,-6.93941431335401,11.0388817475177));
#6497=CARTESIAN_POINT('',(-1.14564710722993,-6.95629159148003,11.1984982178547));
#6498=CARTESIAN_POINT('Ctrl Pts',(-0.962198570254016,-6.98402991913703,
10.7728519127704));
#6499=CARTESIAN_POINT('Ctrl Pts',(-0.962653510476359,-6.98733206094276,
10.7728519127704));
#6500=CARTESIAN_POINT('Ctrl Pts',(-0.963108450698701,-6.9906342027485,10.7728519127704));
#6501=CARTESIAN_POINT('Ctrl Pts',(-0.963563390921043,-6.99393634455424,
10.7728519127704));
#6502=CARTESIAN_POINT('Ctrl Pts',(-1.0064625420403,-6.9779316161716,10.8290554944406));
#6503=CARTESIAN_POINT('Ctrl Pts',(-1.00693841445256,-6.98123089720005,10.8290554944406));
#6504=CARTESIAN_POINT('Ctrl Pts',(-1.00741427607064,-6.98453011048523,10.8290554944406));
#6505=CARTESIAN_POINT('Ctrl Pts',(-1.00789014848291,-6.98782939151368,10.8290554944406));
#6506=CARTESIAN_POINT('Ctrl Pts',(-1.10459670436156,-6.96318643041303,10.9538767069397));
#6507=CARTESIAN_POINT('Ctrl Pts',(-1.10511897226149,-6.96647871700802,10.9538767069397));
#6508=CARTESIAN_POINT('Ctrl Pts',(-1.1056412402976,-6.96977100400302,10.9538767069397));
#6509=CARTESIAN_POINT('Ctrl Pts',(-1.10616350819753,-6.97306329059801,10.9538767069397));
#6510=CARTESIAN_POINT('Ctrl Pts',(-1.13107840265252,-6.95869094378372,11.1117248054417));
#6511=CARTESIAN_POINT('Ctrl Pts',(-1.13161318773524,-6.96198108101624,11.1117248054417));
#6512=CARTESIAN_POINT('Ctrl Pts',(-1.13214798409838,-6.9652712901594,11.1117248054417));
#6513=CARTESIAN_POINT('Ctrl Pts',(-1.1326827691811,-6.96856142739193,11.1117248054417));
#6514=CARTESIAN_POINT('Ctrl Pts',(-1.14564710722993,-6.95629159148003,11.1984982178547));
#6515=CARTESIAN_POINT('Ctrl Pts',(-1.14618878434918,-6.95958061823723,11.1984982178547));
#6516=CARTESIAN_POINT('Ctrl Pts',(-1.14673046146844,-6.96286964499443,11.1984982178547));
#6517=CARTESIAN_POINT('Ctrl Pts',(-1.1472721385877,-6.96615867175163,11.1984982178547));
#6518=CARTESIAN_POINT('',(-0.962198570254016,-6.98402991913703,10.7728519127704));
#6519=CARTESIAN_POINT('Ctrl Pts',(-0.962198570254016,-6.98402991913703,
10.7728519127704));
#6520=CARTESIAN_POINT('Ctrl Pts',(-1.0064625420403,-6.9779316161716,10.8290554944406));
#6521=CARTESIAN_POINT('Ctrl Pts',(-1.10459670436156,-6.96318643041303,10.9538767069397));
#6522=CARTESIAN_POINT('Ctrl Pts',(-1.13107840265252,-6.95869094378372,11.1117248054417));
#6523=CARTESIAN_POINT('Ctrl Pts',(-1.14564710722993,-6.95629159148003,11.1984982178547));
#6524=CARTESIAN_POINT('',(-0.962198570254016,-6.98402991913703,10.7728519127704));
#6525=CARTESIAN_POINT('Ctrl Pts',(-0.605664490057586,-7.02393554394424,
10.6350602791645));
#6526=CARTESIAN_POINT('Ctrl Pts',(-0.605950856246739,-7.02725655365769,
10.6350602791645));
#6527=CARTESIAN_POINT('Ctrl Pts',(-0.606237222435891,-7.03057756337114,
10.6350602791645));
#6528=CARTESIAN_POINT('Ctrl Pts',(-0.606523588625044,-7.03389857308459,
10.6350602791645));
#6529=CARTESIAN_POINT('Ctrl Pts',(-0.673159426112056,-7.01811554662634,
10.6404179422766));
#6530=CARTESIAN_POINT('Ctrl Pts',(-0.673477706845383,-7.02143382177853,
10.6404179422766));
#6531=CARTESIAN_POINT('Ctrl Pts',(-0.673795981444135,-7.02475204529914,
10.6404179422766));
#6532=CARTESIAN_POINT('Ctrl Pts',(-0.674114262177463,-7.02807032045134,
10.6404179422766));
#6533=CARTESIAN_POINT('Ctrl Pts',(-0.805801170663231,-7.0045634506286,10.6509616619603));
#6534=CARTESIAN_POINT('Ctrl Pts',(-0.80618216404301,-7.00787530055254,10.6509616619603));
#6535=CARTESIAN_POINT('Ctrl Pts',(-0.806563157667372,-7.01118715169845,
10.6509616619603));
#6536=CARTESIAN_POINT('Ctrl Pts',(-0.806944151047151,-7.0144990016224,10.6509616619603));
#6537=CARTESIAN_POINT('Ctrl Pts',(-0.910681198461231,-6.99112753212783,
10.7326650896422));
#6538=CARTESIAN_POINT('Ctrl Pts',(-0.911111778799906,-6.99443301408625,
10.7326650896422));
#6539=CARTESIAN_POINT('Ctrl Pts',(-0.911542364503351,-6.99773854312279,
10.7326650896422));
#6540=CARTESIAN_POINT('Ctrl Pts',(-0.911972944842027,-7.00104402508121,
10.7326650896422));
#6541=CARTESIAN_POINT('Ctrl Pts',(-0.962198570254016,-6.98402991913703,
10.7728519127704));
#6542=CARTESIAN_POINT('Ctrl Pts',(-0.962653510476359,-6.98733206094276,
10.7728519127704));
#6543=CARTESIAN_POINT('Ctrl Pts',(-0.963108450698701,-6.9906342027485,10.7728519127704));
#6544=CARTESIAN_POINT('Ctrl Pts',(-0.963563390921043,-6.99393634455424,
10.7728519127704));
#6545=CARTESIAN_POINT('',(-0.605664490057586,-7.02393554394424,10.6350602791645));
#6546=CARTESIAN_POINT('Ctrl Pts',(-0.605664490057586,-7.02393554394424,
10.6350602791645));
#6547=CARTESIAN_POINT('Ctrl Pts',(-0.673159426112056,-7.01811554662634,
10.6404179422766));
#6548=CARTESIAN_POINT('Ctrl Pts',(-0.805801170663231,-7.0045634506286,10.6509616619603));
#6549=CARTESIAN_POINT('Ctrl Pts',(-0.910681198461231,-6.99112753212783,
10.7326650896422));
#6550=CARTESIAN_POINT('Ctrl Pts',(-0.962198570254016,-6.98402991913703,
10.7728519127704));
#6551=CARTESIAN_POINT('',(-0.605664490057586,-7.02393554394424,10.6350602791645));
#6552=CARTESIAN_POINT('Ctrl Pts',(-0.304816384888972,-7.04340734101779,
10.7182802841999));
#6553=CARTESIAN_POINT('Ctrl Pts',(-0.304960506111142,-7.04673755725467,
10.7182802841999));
#6554=CARTESIAN_POINT('Ctrl Pts',(-0.305104627333312,-7.05006777349156,
10.7182802841999));
#6555=CARTESIAN_POINT('Ctrl Pts',(-0.305248748555481,-7.05339798972845,
10.7182802841999));
#6556=CARTESIAN_POINT('Ctrl Pts',(-0.351673772774787,-7.04137950152347,
10.6940079925232));
#6557=CARTESIAN_POINT('Ctrl Pts',(-0.351840048416083,-7.04470875320273,
10.6940079925232));
#6558=CARTESIAN_POINT('Ctrl Pts',(-0.352006325179979,-7.04803802218679,
10.6940079925232));
#6559=CARTESIAN_POINT('Ctrl Pts',(-0.352172600821276,-7.05136727386605,
10.6940079925232));
#6560=CARTESIAN_POINT('Ctrl Pts',(-0.446162536094915,-7.03640629857183,
10.6450433179366));
#6561=CARTESIAN_POINT('Ctrl Pts',(-0.446373487653967,-7.03973320454498,
10.6450433179366));
#6562=CARTESIAN_POINT('Ctrl Pts',(-0.446584439196989,-7.04306011075269,
10.6450433179366));
#6563=CARTESIAN_POINT('Ctrl Pts',(-0.446795390756042,-7.04638701672584,
10.6450433179366));
#6564=CARTESIAN_POINT('Ctrl Pts',(-0.552230264781043,-7.02854310513287,
10.6384069376429));
#6565=CARTESIAN_POINT('Ctrl Pts',(-0.552491366929383,-7.03186629941948,
10.6384069376429));
#6566=CARTESIAN_POINT('Ctrl Pts',(-0.552752467972818,-7.0351894755344,10.6384069376429));
#6567=CARTESIAN_POINT('Ctrl Pts',(-0.553013570121158,-7.03851266982101,
10.6384069376429));
#6568=CARTESIAN_POINT('Ctrl Pts',(-0.605664490057586,-7.02393554394424,
10.6350602791645));
#6569=CARTESIAN_POINT('Ctrl Pts',(-0.605950856246739,-7.02725655365769,
10.6350602791645));
#6570=CARTESIAN_POINT('Ctrl Pts',(-0.606237222435891,-7.03057756337114,
10.6350602791645));
#6571=CARTESIAN_POINT('Ctrl Pts',(-0.606523588625044,-7.03389857308459,
10.6350602791645));
#6572=CARTESIAN_POINT('',(-0.304816384888972,-7.04340734101779,10.7182802841999));
#6573=CARTESIAN_POINT('Ctrl Pts',(-0.304816384888972,-7.04340734101779,
10.7182802841999));
#6574=CARTESIAN_POINT('Ctrl Pts',(-0.351673772774787,-7.04137950152347,
10.6940079925232));
#6575=CARTESIAN_POINT('Ctrl Pts',(-0.446162536094915,-7.03640629857183,
10.6450433179366));
#6576=CARTESIAN_POINT('Ctrl Pts',(-0.552230264781043,-7.02854310513287,
10.6384069376429));
#6577=CARTESIAN_POINT('Ctrl Pts',(-0.605664490057586,-7.02393554394424,
10.6350602791645));
#6578=CARTESIAN_POINT('',(-0.304816384888972,-7.04340734101779,10.7182802841999));
#6579=CARTESIAN_POINT('Ctrl Pts',(-0.114592333677923,-7.04906863330627,
10.9406556771137));
#6580=CARTESIAN_POINT('Ctrl Pts',(-0.114646514450348,-7.0524015262771,10.9406556771137));
#6581=CARTESIAN_POINT('Ctrl Pts',(-0.114700695222772,-7.05573441924793,
10.9406556771137));
#6582=CARTESIAN_POINT('Ctrl Pts',(-0.114754875995197,-7.05906731221876,
10.9406556771137));
#6583=CARTESIAN_POINT('Ctrl Pts',(-0.136399883358599,-7.04871412150624,
10.8963545858137));
#6584=CARTESIAN_POINT('Ctrl Pts',(-0.136464374748905,-7.05204683589613,
10.8963545858137));
#6585=CARTESIAN_POINT('Ctrl Pts',(-0.136528866980149,-7.05537958317523,
10.8963545858137));
#6586=CARTESIAN_POINT('Ctrl Pts',(-0.136593358370455,-7.05871229756511,
10.8963545858137));
#6587=CARTESIAN_POINT('Ctrl Pts',(-0.180838669848393,-7.04789735327379,
10.806078011978));
#6588=CARTESIAN_POINT('Ctrl Pts',(-0.180924172764714,-7.05122969187543,
10.806078011978));
#6589=CARTESIAN_POINT('Ctrl Pts',(-0.181009675683631,-7.05456203219452,
10.806078011978));
#6590=CARTESIAN_POINT('Ctrl Pts',(-0.181095178599951,-7.05789437079617,
10.806078011978));
#6591=CARTESIAN_POINT('Ctrl Pts',(-0.262994541902549,-7.04521725806096,
10.747905840009));
#6592=CARTESIAN_POINT('Ctrl Pts',(-0.263118889503544,-7.04854834305983,
10.747905840009));
#6593=CARTESIAN_POINT('Ctrl Pts',(-0.263243236204961,-7.05187938903097,
10.747905840009));
#6594=CARTESIAN_POINT('Ctrl Pts',(-0.263367583805957,-7.05521047402984,
10.747905840009));
#6595=CARTESIAN_POINT('Ctrl Pts',(-0.304816384888972,-7.04340734101779,
10.7182802841999));
#6596=CARTESIAN_POINT('Ctrl Pts',(-0.304960506111142,-7.04673755725467,
10.7182802841999));
#6597=CARTESIAN_POINT('Ctrl Pts',(-0.305104627333312,-7.05006777349156,
10.7182802841999));
#6598=CARTESIAN_POINT('Ctrl Pts',(-0.305248748555481,-7.05339798972845,
10.7182802841999));
#6599=CARTESIAN_POINT('',(-0.114592333677923,-7.04906863330627,10.9406556771137));
#6600=CARTESIAN_POINT('Ctrl Pts',(-0.114592333677923,-7.04906863330627,
10.9406556771137));
#6601=CARTESIAN_POINT('Ctrl Pts',(-0.136399883358599,-7.04871412150624,
10.8963545858137));
#6602=CARTESIAN_POINT('Ctrl Pts',(-0.180838669848393,-7.04789735327379,
10.806078011978));
#6603=CARTESIAN_POINT('Ctrl Pts',(-0.262994541902549,-7.04521725806096,
10.747905840009));
#6604=CARTESIAN_POINT('Ctrl Pts',(-0.304816384888972,-7.04340734101779,
10.7182802841999));
#6605=CARTESIAN_POINT('',(-0.114592333677923,-7.04906863330627,10.9406556771137));
#6606=CARTESIAN_POINT('Ctrl Pts',(-0.0607086665626014,-7.04973860918291,
11.3472022698261));
#6607=CARTESIAN_POINT('Ctrl Pts',(-0.0607373704238603,-7.05307181892721,
11.3472022698261));
#6608=CARTESIAN_POINT('Ctrl Pts',(-0.0607660742851192,-7.0564050286715,
11.3472022698261));
#6609=CARTESIAN_POINT('Ctrl Pts',(-0.0607947781463782,-7.05973823841579,
11.3472022698261));
#6610=CARTESIAN_POINT('Ctrl Pts',(-0.0613165029468511,-7.04973337481347,
11.2681927987104));
#6611=CARTESIAN_POINT('Ctrl Pts',(-0.0613454941663192,-7.05306657841838,
11.2681927987104));
#6612=CARTESIAN_POINT('Ctrl Pts',(-0.0613744854904281,-7.0563997930168,
11.2681927987104));
#6613=CARTESIAN_POINT('Ctrl Pts',(-0.0614034767098962,-7.05973299662171,
11.2681927987104));
#6614=CARTESIAN_POINT('Ctrl Pts',(-0.0623782447403838,-7.04975294049341,
11.1302179362417));
#6615=CARTESIAN_POINT('Ctrl Pts',(-0.06240773800032,-7.05308615689809,11.1302179362417));
#6616=CARTESIAN_POINT('Ctrl Pts',(-0.0624372312602212,-7.05641937364972,
11.1302179362417));
#6617=CARTESIAN_POINT('Ctrl Pts',(-0.0624667245201574,-7.05975259005439,
11.1302179362417));
#6618=CARTESIAN_POINT('Ctrl Pts',(-0.0989597593933628,-7.04932276236385,
10.997412041434));
#6619=CARTESIAN_POINT('Ctrl Pts',(-0.0990065489084002,-7.05265577897788,
10.997412041434));
#6620=CARTESIAN_POINT('Ctrl Pts',(-0.0990533383313655,-7.05598878512907,
10.997412041434));
#6621=CARTESIAN_POINT('Ctrl Pts',(-0.099100127846403,-7.05932180174309,
10.997412041434));
#6622=CARTESIAN_POINT('Ctrl Pts',(-0.114592333677923,-7.04906863330627,
10.9406556771137));
#6623=CARTESIAN_POINT('Ctrl Pts',(-0.114646514450348,-7.0524015262771,10.9406556771137));
#6624=CARTESIAN_POINT('Ctrl Pts',(-0.114700695222772,-7.05573441924793,
10.9406556771137));
#6625=CARTESIAN_POINT('Ctrl Pts',(-0.114754875995197,-7.05906731221876,
10.9406556771137));
#6626=CARTESIAN_POINT('',(-0.0607086665626014,-7.04973860918291,11.3472022698261));
#6627=CARTESIAN_POINT('Ctrl Pts',(-0.0607086665626014,-7.04973860918291,
11.3472022698261));
#6628=CARTESIAN_POINT('Ctrl Pts',(-0.0613165029468511,-7.04973337481347,
11.2681927987104));
#6629=CARTESIAN_POINT('Ctrl Pts',(-0.0623782447403838,-7.04975294049341,
11.1302179362417));
#6630=CARTESIAN_POINT('Ctrl Pts',(-0.0989597593933628,-7.04932276236385,
10.997412041434));
#6631=CARTESIAN_POINT('Ctrl Pts',(-0.114592333677923,-7.04906863330627,
10.9406556771137));
#6632=CARTESIAN_POINT('',(-0.0607086665626014,-7.04973860918291,11.3472022698261));
#6633=CARTESIAN_POINT('Origin',(-0.0607086665626014,-7.04973860918291,11.7905857251026));
#6634=CARTESIAN_POINT('',(-0.0607086665626011,-7.04973860918291,12.2339691803791));
#6635=CARTESIAN_POINT('',(-0.0607086665626014,-7.04973860918291,0.));
#6636=CARTESIAN_POINT('',(-0.0607086665626011,-7.04973860918291,12.2339691803791));
#6637=CARTESIAN_POINT('Origin',(-1.05671204430461,-6.97035577681811,12.2339691803791));
#6638=CARTESIAN_POINT('',(-2.0314903050399,-6.75096638567612,12.2339691803791));
#6639=CARTESIAN_POINT('Origin',(0.,0.,12.2339691803791));
#6640=CARTESIAN_POINT('',(-2.0314903050399,-6.75096638567612,12.2339691803791));
#6641=CARTESIAN_POINT('Origin',(-2.0314903050399,-6.75096638567612,12.1016361401416));
#6642=CARTESIAN_POINT('',(-2.0314903050399,-6.75096638567612,0.));
#6643=CARTESIAN_POINT('Origin',(-0.281643702146184,-7.04437199649773,11.6527964756824));
#6644=CARTESIAN_POINT('',(-0.281643702146184,-7.04437199649773,11.3362898514606));
#6645=CARTESIAN_POINT('',(-0.281643702146184,-7.04437199649773,11.9693030999042));
#6646=CARTESIAN_POINT('',(-0.281643702146184,-7.04437199649773,0.));
#6647=CARTESIAN_POINT('',(-0.281643702146184,-7.04437199649773,11.3362898514606));
#6648=CARTESIAN_POINT('',(-0.281643702146184,-7.04437199649773,11.9693030999042));
#6649=CARTESIAN_POINT('Ctrl Pts',(-0.372950013616531,-7.04012842832739,
11.0109128640033));
#6650=CARTESIAN_POINT('Ctrl Pts',(-0.373126349320368,-7.04345709425095,
11.0109128640033));
#6651=CARTESIAN_POINT('Ctrl Pts',(-0.373302685024206,-7.04678576017451,
11.0109128640033));
#6652=CARTESIAN_POINT('Ctrl Pts',(-0.373479020728044,-7.05011442609806,
11.0109128640033));
#6653=CARTESIAN_POINT('Ctrl Pts',(-0.346439920084847,-7.0415327975579,11.0540621369432));
#6654=CARTESIAN_POINT('Ctrl Pts',(-0.346603721858231,-7.04486213724594,
11.0540621369432));
#6655=CARTESIAN_POINT('Ctrl Pts',(-0.346767522453428,-7.04819144765363,
11.0540621369432));
#6656=CARTESIAN_POINT('Ctrl Pts',(-0.346931324226811,-7.05152078734167,
11.0540621369432));
#6657=CARTESIAN_POINT('Ctrl Pts',(-0.285523916086224,-7.04429537060542,
11.1531745772561));
#6658=CARTESIAN_POINT('Ctrl Pts',(-0.285658915565409,-7.04762600638246,
11.1531745772561));
#6659=CARTESIAN_POINT('Ctrl Pts',(-0.285793915069571,-7.05095664315549,
11.1531745772561));
#6660=CARTESIAN_POINT('Ctrl Pts',(-0.285928914548757,-7.05428727893253,
11.1531745772561));
#6661=CARTESIAN_POINT('Ctrl Pts',(-0.283042808118232,-7.04431605831249,
11.2702078228825));
#6662=CARTESIAN_POINT('Ctrl Pts',(-0.283176634094771,-7.04764669431348,
11.2702078228825));
#6663=CARTESIAN_POINT('Ctrl Pts',(-0.283310461302144,-7.05097735998286,
11.2702078228825));
#6664=CARTESIAN_POINT('Ctrl Pts',(-0.283444287278683,-7.05430799598385,
11.2702078228825));
#6665=CARTESIAN_POINT('Ctrl Pts',(-0.281643702146184,-7.04437199649773,
11.3362898514606));
#6666=CARTESIAN_POINT('Ctrl Pts',(-0.281776867017175,-7.0477026688365,11.3362898514606));
#6667=CARTESIAN_POINT('Ctrl Pts',(-0.281910031888166,-7.05103334117527,
11.3362898514606));
#6668=CARTESIAN_POINT('Ctrl Pts',(-0.282043196759158,-7.05436401351404,
11.3362898514606));
#6669=CARTESIAN_POINT('',(-0.372950013616531,-7.04012842832739,11.0109128640033));
#6670=CARTESIAN_POINT('Ctrl Pts',(-0.372950013616531,-7.04012842832739,
11.0109128640033));
#6671=CARTESIAN_POINT('Ctrl Pts',(-0.346439920084847,-7.0415327975579,11.0540621369432));
#6672=CARTESIAN_POINT('Ctrl Pts',(-0.285523916086224,-7.04429537060542,
11.1531745772561));
#6673=CARTESIAN_POINT('Ctrl Pts',(-0.283042808118232,-7.04431605831249,
11.2702078228825));
#6674=CARTESIAN_POINT('Ctrl Pts',(-0.281643702146184,-7.04437199649773,
11.3362898514606));
#6675=CARTESIAN_POINT('',(-0.372950013616531,-7.04012842832739,11.0109128640033));
#6676=CARTESIAN_POINT('Ctrl Pts',(-0.605664490057586,-7.02393554394424,
10.9079112694599));
#6677=CARTESIAN_POINT('Ctrl Pts',(-0.605950856246739,-7.02725655365769,
10.9079112694599));
#6678=CARTESIAN_POINT('Ctrl Pts',(-0.606237222435891,-7.03057756337114,
10.9079112694599));
#6679=CARTESIAN_POINT('Ctrl Pts',(-0.606523588625044,-7.03389857308459,
10.9079112694599));
#6680=CARTESIAN_POINT('Ctrl Pts',(-0.560772585703415,-7.0278065123192,10.9120540036565));
#6681=CARTESIAN_POINT('Ctrl Pts',(-0.56103772701597,-7.03112936171103,10.9120540036565));
#6682=CARTESIAN_POINT('Ctrl Pts',(-0.561302866498241,-7.03445218280301,
10.9120540036565));
#6683=CARTESIAN_POINT('Ctrl Pts',(-0.561568007810796,-7.03777503219483,
10.9120540036565));
#6684=CARTESIAN_POINT('Ctrl Pts',(-0.471668115439226,-7.03452781653592,
10.92026935972));
#6685=CARTESIAN_POINT('Ctrl Pts',(-0.471891126366551,-7.03785383420267,
10.92026935972));
#6686=CARTESIAN_POINT('Ctrl Pts',(-0.472114137299758,-7.04117985250964,
10.92026935972));
#6687=CARTESIAN_POINT('Ctrl Pts',(-0.472337148227083,-7.04450587017639,
10.92026935972));
#6688=CARTESIAN_POINT('Ctrl Pts',(-0.405674382339665,-7.03839485856582,
10.9808707594582));
#6689=CARTESIAN_POINT('Ctrl Pts',(-0.405866189969948,-7.04172269615983,
10.9808707594582));
#6690=CARTESIAN_POINT('Ctrl Pts',(-0.406057999365183,-7.04505055977829,
10.9808707594582));
#6691=CARTESIAN_POINT('Ctrl Pts',(-0.406249806995466,-7.0483783973723,10.9808707594582));
#6692=CARTESIAN_POINT('Ctrl Pts',(-0.372950013616531,-7.04012842832739,
11.0109128640033));
#6693=CARTESIAN_POINT('Ctrl Pts',(-0.373126349320368,-7.04345709425095,
11.0109128640033));
#6694=CARTESIAN_POINT('Ctrl Pts',(-0.373302685024206,-7.04678576017451,
11.0109128640033));
#6695=CARTESIAN_POINT('Ctrl Pts',(-0.373479020728044,-7.05011442609806,
11.0109128640033));
#6696=CARTESIAN_POINT('',(-0.605664490057586,-7.02393554394424,10.9079112694599));
#6697=CARTESIAN_POINT('Ctrl Pts',(-0.605664490057586,-7.02393554394424,
10.9079112694599));
#6698=CARTESIAN_POINT('Ctrl Pts',(-0.560772585703415,-7.0278065123192,10.9120540036565));
#6699=CARTESIAN_POINT('Ctrl Pts',(-0.471668115439226,-7.03452781653592,
10.92026935972));
#6700=CARTESIAN_POINT('Ctrl Pts',(-0.405674382339665,-7.03839485856582,
10.9808707594582));
#6701=CARTESIAN_POINT('Ctrl Pts',(-0.372950013616531,-7.04012842832739,
11.0109128640033));
#6702=CARTESIAN_POINT('',(-0.605664490057586,-7.02393554394424,10.9079112694599));
#6703=CARTESIAN_POINT('Ctrl Pts',(-0.784185707090936,-7.00625097871853,
10.961119143758));
#6704=CARTESIAN_POINT('Ctrl Pts',(-0.784556480474904,-7.00956362693541,
10.961119143758));
#6705=CARTESIAN_POINT('Ctrl Pts',(-0.784927253858871,-7.0128762751523,10.961119143758));
#6706=CARTESIAN_POINT('Ctrl Pts',(-0.785298027242838,-7.01618892336919,
10.961119143758));
#6707=CARTESIAN_POINT('Ctrl Pts',(-0.756309714445915,-7.00937104322515,
10.9456011357669));
#6708=CARTESIAN_POINT('Ctrl Pts',(-0.756667307462499,-7.01268516433154,
10.9456011357669));
#6709=CARTESIAN_POINT('Ctrl Pts',(-0.757024901166135,-7.01599929239284,
10.9456011357669));
#6710=CARTESIAN_POINT('Ctrl Pts',(-0.757382494182718,-7.01931341349923,
10.9456011357669));
#6711=CARTESIAN_POINT('Ctrl Pts',(-0.700725476850471,-7.01528124683068,
10.9146778073623));
#6712=CARTESIAN_POINT('Ctrl Pts',(-0.701056789129034,-7.01859816466586,
10.9146778073623));
#6713=CARTESIAN_POINT('Ctrl Pts',(-0.701388101418504,-7.02191508253711,
10.9146778073623));
#6714=CARTESIAN_POINT('Ctrl Pts',(-0.701719413697067,-7.02523200037229,
10.9146778073623));
#6715=CARTESIAN_POINT('Ctrl Pts',(-0.637287539404597,-7.02120873104327,
10.9101612958936));
#6716=CARTESIAN_POINT('Ctrl Pts',(-0.637588857628449,-7.02452845383773,
10.9101612958936));
#6717=CARTESIAN_POINT('Ctrl Pts',(-0.637890175137347,-7.02784816956944,
10.9101612958936));
#6718=CARTESIAN_POINT('Ctrl Pts',(-0.638191493361199,-7.0311678923639,10.9101612958936));
#6719=CARTESIAN_POINT('Ctrl Pts',(-0.605664490057586,-7.02393554394424,
10.9079112694599));
#6720=CARTESIAN_POINT('Ctrl Pts',(-0.605950856246739,-7.02725655365769,
10.9079112694599));
#6721=CARTESIAN_POINT('Ctrl Pts',(-0.606237222435891,-7.03057756337114,
10.9079112694599));
#6722=CARTESIAN_POINT('Ctrl Pts',(-0.606523588625044,-7.03389857308459,
10.9079112694599));
#6723=CARTESIAN_POINT('',(-0.784185707090936,-7.00625097871853,10.961119143758));
#6724=CARTESIAN_POINT('Ctrl Pts',(-0.784185707090936,-7.00625097871853,
10.961119143758));
#6725=CARTESIAN_POINT('Ctrl Pts',(-0.756309714445915,-7.00937104322515,
10.9456011357669));
#6726=CARTESIAN_POINT('Ctrl Pts',(-0.700725476850471,-7.01528124683068,
10.9146778073623));
#6727=CARTESIAN_POINT('Ctrl Pts',(-0.637287539404597,-7.02120873104327,
10.9101612958936));
#6728=CARTESIAN_POINT('Ctrl Pts',(-0.605664490057586,-7.02393554394424,
10.9079112694599));
#6729=CARTESIAN_POINT('',(-0.784185707090936,-7.00625097871853,10.961119143758));
#6730=CARTESIAN_POINT('Ctrl Pts',(-0.903375722847398,-6.99188188568499,
11.1166443512775));
#6731=CARTESIAN_POINT('Ctrl Pts',(-0.903802850848745,-6.99518774000447,
11.1166443512775));
#6732=CARTESIAN_POINT('Ctrl Pts',(-0.904229978850091,-6.99849359432394,
11.1166443512775));
#6733=CARTESIAN_POINT('Ctrl Pts',(-0.904657106851437,-7.00179944864341,
11.1166443512775));
#6734=CARTESIAN_POINT('Ctrl Pts',(-0.889515960679144,-6.99367261568758,
11.0848515770385));
#6735=CARTESIAN_POINT('Ctrl Pts',(-0.889936534977714,-6.9969793116049,11.0848515770385));
#6736=CARTESIAN_POINT('Ctrl Pts',(-0.890357111147494,-7.00028602277124,
11.0848515770385));
#6737=CARTESIAN_POINT('Ctrl Pts',(-0.890777685446065,-7.00359271868856,
11.0848515770385));
#6738=CARTESIAN_POINT('Ctrl Pts',(-0.862551069883611,-6.99712600456548,
11.0230066681124));
#6739=CARTESIAN_POINT('Ctrl Pts',(-0.862958895433062,-7.00043433827819,
11.0230066681124));
#6740=CARTESIAN_POINT('Ctrl Pts',(-0.86336672102903,-7.00374267227769,11.0230066681124));
#6741=CARTESIAN_POINT('Ctrl Pts',(-0.863774546578482,-7.0070510059904,11.0230066681124));
#6742=CARTESIAN_POINT('Ctrl Pts',(-0.809825718125853,-7.00338117998532,
10.9813575773813));
#6743=CARTESIAN_POINT('Ctrl Pts',(-0.810208615108333,-7.00669247664564,
10.9813575773813));
#6744=CARTESIAN_POINT('Ctrl Pts',(-0.810591510105254,-7.01000375733917,
10.9813575773813));
#6745=CARTESIAN_POINT('Ctrl Pts',(-0.810974407087734,-7.01331505399948,
10.9813575773813));
#6746=CARTESIAN_POINT('Ctrl Pts',(-0.784185707090936,-7.00625097871853,
10.961119143758));
#6747=CARTESIAN_POINT('Ctrl Pts',(-0.784556480474904,-7.00956362693541,
10.961119143758));
#6748=CARTESIAN_POINT('Ctrl Pts',(-0.784927253858871,-7.0128762751523,10.961119143758));
#6749=CARTESIAN_POINT('Ctrl Pts',(-0.785298027242838,-7.01618892336919,
10.961119143758));
#6750=CARTESIAN_POINT('',(-0.903375722847398,-6.99188188568499,11.1166443512775));
#6751=CARTESIAN_POINT('Ctrl Pts',(-0.903375722847398,-6.99188188568499,
11.1166443512775));
#6752=CARTESIAN_POINT('Ctrl Pts',(-0.889515960679144,-6.99367261568758,
11.0848515770385));
#6753=CARTESIAN_POINT('Ctrl Pts',(-0.862551069883611,-6.99712600456548,
11.0230066681124));
#6754=CARTESIAN_POINT('Ctrl Pts',(-0.809825718125853,-7.00338117998532,
10.9813575773813));
#6755=CARTESIAN_POINT('Ctrl Pts',(-0.784185707090936,-7.00625097871853,
10.961119143758));
#6756=CARTESIAN_POINT('',(-0.903375722847398,-6.99188188568499,11.1166443512775));
#6757=CARTESIAN_POINT('Ctrl Pts',(-0.94057042885838,-6.98697554513805,11.4004101441242));
#6758=CARTESIAN_POINT('Ctrl Pts',(-0.94101514300914,-6.99027907967476,11.4004101441242));
#6759=CARTESIAN_POINT('Ctrl Pts',(-0.941459857159901,-6.99358261421147,
11.4004101441242));
#6760=CARTESIAN_POINT('Ctrl Pts',(-0.941904571310661,-6.99688614874818,
11.4004101441242));
#6761=CARTESIAN_POINT('Ctrl Pts',(-0.939984797425175,-6.98705438148215,
11.3461589213815));
#6762=CARTESIAN_POINT('Ctrl Pts',(-0.94042923446172,-6.99035795165242,11.3461589213815));
#6763=CARTESIAN_POINT('Ctrl Pts',(-0.940873672158028,-6.99366152674661,
11.3461589213815));
#6764=CARTESIAN_POINT('Ctrl Pts',(-0.941318109194572,-6.99696509691688,
11.3461589213815));
#6765=CARTESIAN_POINT('Ctrl Pts',(-0.938947767330712,-6.98720724289964,
11.2499297434713));
#6766=CARTESIAN_POINT('Ctrl Pts',(-0.939391714257805,-6.99051088693063,
11.2499297434713));
#6767=CARTESIAN_POINT('Ctrl Pts',(-0.939835661208343,-6.99381453112808,
11.2499297434713));
#6768=CARTESIAN_POINT('Ctrl Pts',(-0.940279608135437,-6.99711817515907,
11.2499297434713));
#6769=CARTESIAN_POINT('Ctrl Pts',(-0.914183159734381,-6.99048552684062,
11.1571274153091));
#6770=CARTESIAN_POINT('Ctrl Pts',(-0.914615397853693,-6.99379072256922,
11.1571274153091));
#6771=CARTESIAN_POINT('Ctrl Pts',(-0.915047635316819,-6.99709591341959,
11.1571274153091));
#6772=CARTESIAN_POINT('Ctrl Pts',(-0.915479873436131,-7.00040110914819,
11.1571274153091));
#6773=CARTESIAN_POINT('Ctrl Pts',(-0.903375722847398,-6.99188188568499,
11.1166443512775));
#6774=CARTESIAN_POINT('Ctrl Pts',(-0.903802850848745,-6.99518774000447,
11.1166443512775));
#6775=CARTESIAN_POINT('Ctrl Pts',(-0.904229978850091,-6.99849359432394,
11.1166443512775));
#6776=CARTESIAN_POINT('Ctrl Pts',(-0.904657106851437,-7.00179944864341,
11.1166443512775));
#6777=CARTESIAN_POINT('',(-0.94057042885838,-6.98697554513805,11.4004101441242));
#6778=CARTESIAN_POINT('Ctrl Pts',(-0.94057042885838,-6.98697554513805,11.4004101441242));
#6779=CARTESIAN_POINT('Ctrl Pts',(-0.939984797425175,-6.98705438148215,
11.3461589213815));
#6780=CARTESIAN_POINT('Ctrl Pts',(-0.938947767330712,-6.98720724289964,
11.2499297434713));
#6781=CARTESIAN_POINT('Ctrl Pts',(-0.914183159734381,-6.99048552684062,
11.1571274153091));
#6782=CARTESIAN_POINT('Ctrl Pts',(-0.903375722847398,-6.99188188568499,
11.1166443512775));
#6783=CARTESIAN_POINT('',(-0.94057042885838,-6.98697554513805,11.4004101441242));
#6784=CARTESIAN_POINT('Origin',(-0.94057042885838,-6.98697554513805,11.6848566220142));
#6785=CARTESIAN_POINT('',(-0.94057042885838,-6.98697554513805,11.9693030999042));
#6786=CARTESIAN_POINT('',(-0.94057042885838,-6.98697554513805,0.));
#6787=CARTESIAN_POINT('',(-0.94057042885838,-6.98697554513805,11.9693030999042));
#6788=CARTESIAN_POINT('Origin',(-0.611780543711535,-7.02340548212447,11.9693030999042));
#6789=CARTESIAN_POINT('Origin',(0.,0.,11.9693030999042));
#6790=CARTESIAN_POINT('Origin',(0.,0.,0.));
#6791=CARTESIAN_POINT('Origin',(0.,0.,0.));
#6792=CARTESIAN_POINT('',(-0.0607947781463782,-7.05973823841579,16.3581170723774));
#6793=CARTESIAN_POINT('',(-2.03437185157187,-6.76054222452105,17.1412005112506));
#6794=CARTESIAN_POINT('Ctrl Pts',(-0.0607947781463782,-7.05973823841579,
16.3581170723774));
#6795=CARTESIAN_POINT('Ctrl Pts',(-0.728382278630785,-7.05398932356731,
16.6191448853351));
#6796=CARTESIAN_POINT('Ctrl Pts',(-1.39507711667246,-6.95291780185569,16.8801726982929));
#6797=CARTESIAN_POINT('Ctrl Pts',(-2.03437185157187,-6.76054222452105,17.1412005112506));
#6798=CARTESIAN_POINT('',(-0.0607947781463776,-7.05973823841579,16.6282405541278));
#6799=CARTESIAN_POINT('',(-0.0607947781463782,-7.05973823841579,16.6282405541278));
#6800=CARTESIAN_POINT('',(-1.50417075173734,-6.89790332997049,17.168485133443));
#6801=CARTESIAN_POINT('Ctrl Pts',(-1.50417075173734,-6.89790332997049,17.168485133443));
#6802=CARTESIAN_POINT('Ctrl Pts',(-1.03030829024897,-7.00123473675031,16.9884036070046));
#6803=CARTESIAN_POINT('Ctrl Pts',(-0.545774746564348,-7.05556184425079,
16.8083220805662));
#6804=CARTESIAN_POINT('Ctrl Pts',(-0.0607947781463776,-7.05973823841579,
16.6282405541278));
#6805=CARTESIAN_POINT('',(-1.82279133404296,-6.8206327970752,17.2762622521259));
#6806=CARTESIAN_POINT('Ctrl Pts',(-1.82279133404296,-6.8206327970752,17.2762622521259));
#6807=CARTESIAN_POINT('Ctrl Pts',(-1.76981935494622,-6.83478938156191,17.2601064348599));
#6808=CARTESIAN_POINT('Ctrl Pts',(-1.66281458721758,-6.86204120430422,17.2275734862096));
#6809=CARTESIAN_POINT('Ctrl Pts',(-1.55737959372609,-6.88630050226695,17.1882703743556));
#6810=CARTESIAN_POINT('Ctrl Pts',(-1.50417075173734,-6.89790332997049,17.168485133443));
#6811=CARTESIAN_POINT('',(-1.50417075173734,-6.89790332997049,17.381309478078));
#6812=CARTESIAN_POINT('Ctrl Pts',(-1.50417075173734,-6.89790332997049,17.381309478078));
#6813=CARTESIAN_POINT('Ctrl Pts',(-1.55917106147961,-6.88590985118522,17.3615457743504));
#6814=CARTESIAN_POINT('Ctrl Pts',(-1.66473897450164,-6.8615753725971,17.3235130072511));
#6815=CARTESIAN_POINT('Ctrl Pts',(-1.77161066555309,-6.83431065978522,17.2915943831156));
#6816=CARTESIAN_POINT('Ctrl Pts',(-1.82279133404296,-6.8206327970752,17.2762622521259));
#6817=CARTESIAN_POINT('',(-0.0607947781463782,-7.05973823841579,17.9010905907489));
#6818=CARTESIAN_POINT('Ctrl Pts',(-0.0607947781463782,-7.05973823841579,
17.9010905907489));
#6819=CARTESIAN_POINT('Ctrl Pts',(-0.545774746564348,-7.05556184425079,
17.7278302198586));
#6820=CARTESIAN_POINT('Ctrl Pts',(-1.03030829024897,-7.00123473675031,17.5545698489683));
#6821=CARTESIAN_POINT('Ctrl Pts',(-1.50417075173734,-6.89790332997049,17.381309478078));
#6822=CARTESIAN_POINT('',(-0.0607947781463773,-7.05973823841579,18.1875850842334));
#6823=CARTESIAN_POINT('',(-0.0607947781463782,-7.05973823841579,18.1875850842334));
#6824=CARTESIAN_POINT('',(-2.03437185157187,-6.76054222452105,17.4126877472736));
#6825=CARTESIAN_POINT('Ctrl Pts',(-2.03437185157187,-6.76054222452105,17.4126877472736));
#6826=CARTESIAN_POINT('Ctrl Pts',(-1.39507711667245,-6.95291780185569,17.6709868595935));
#6827=CARTESIAN_POINT('Ctrl Pts',(-0.728382278630784,-7.05398932356731,
17.9292859719135));
#6828=CARTESIAN_POINT('Ctrl Pts',(-0.0607947781463773,-7.05973823841579,
18.1875850842334));
#6829=CARTESIAN_POINT('',(-2.03437185157187,-6.76054222452105,17.1412005112506));
#6830=CARTESIAN_POINT('Ctrl Pts',(-0.0607086665626014,-7.04973860918291,
16.3581170723774));
#6831=CARTESIAN_POINT('Ctrl Pts',(-0.0607373704238603,-7.05307181892721,
16.3581170723774));
#6832=CARTESIAN_POINT('Ctrl Pts',(-0.0607660742851192,-7.0564050286715,
16.3581170723774));
#6833=CARTESIAN_POINT('Ctrl Pts',(-0.0607947781463782,-7.05973823841579,
16.3581170723774));
#6834=CARTESIAN_POINT('Ctrl Pts',(-0.727350575686549,-7.0439978372733,16.6191448853351));
#6835=CARTESIAN_POINT('Ctrl Pts',(-0.727694484875961,-7.04732839644518,
16.6191448853351));
#6836=CARTESIAN_POINT('Ctrl Pts',(-0.728038369441373,-7.05065876439543,
16.6191448853351));
#6837=CARTESIAN_POINT('Ctrl Pts',(-0.728382278630785,-7.05398932356731,
16.6191448853351));
#6838=CARTESIAN_POINT('Ctrl Pts',(-1.39310108676215,-6.94306947635732,16.8801726982929));
#6839=CARTESIAN_POINT('Ctrl Pts',(-1.39375977445178,-6.9463523148327,16.8801726982929));
#6840=CARTESIAN_POINT('Ctrl Pts',(-1.39441842898283,-6.94963496338031,16.8801726982929));
#6841=CARTESIAN_POINT('Ctrl Pts',(-1.39507711667246,-6.95291780185569,16.8801726982929));
#6842=CARTESIAN_POINT('Ctrl Pts',(-2.0314903050399,-6.75096638567612,17.1412005112506));
#6843=CARTESIAN_POINT('Ctrl Pts',(-2.03245082055056,-6.75415833195776,17.1412005112506));
#6844=CARTESIAN_POINT('Ctrl Pts',(-2.03341133606122,-6.75735027823941,17.1412005112506));
#6845=CARTESIAN_POINT('Ctrl Pts',(-2.03437185157187,-6.76054222452105,17.1412005112506));
#6846=CARTESIAN_POINT('',(-0.0607086665626014,-7.04973860918291,16.3581170723774));
#6847=CARTESIAN_POINT('',(-2.0314903050399,-6.75096638567612,17.1412005112506));
#6848=CARTESIAN_POINT('Ctrl Pts',(-0.0607086665626014,-7.04973860918291,
16.3581170723774));
#6849=CARTESIAN_POINT('Ctrl Pts',(-0.727350575686549,-7.0439978372733,16.6191448853351));
#6850=CARTESIAN_POINT('Ctrl Pts',(-1.39310108676215,-6.94306947635732,16.8801726982929));
#6851=CARTESIAN_POINT('Ctrl Pts',(-2.0314903050399,-6.75096638567612,17.1412005112506));
#6852=CARTESIAN_POINT('',(-0.0607086665626014,-7.04973860918291,16.3581170723774));
#6853=CARTESIAN_POINT('',(-2.0314903050399,-6.75096638567612,17.1412005112506));
#6854=CARTESIAN_POINT('Origin',(-0.0607086665626014,-7.04973860918291,16.4931788132526));
#6855=CARTESIAN_POINT('',(-0.0607086665626008,-7.04973860918291,16.6282405541278));
#6856=CARTESIAN_POINT('',(-0.0607086665626014,-7.04973860918291,0.));
#6857=CARTESIAN_POINT('',(-0.0607086665626008,-7.04973860918291,16.6282405541278));
#6858=CARTESIAN_POINT('Ctrl Pts',(-1.50204019826463,-6.88813292865325,17.168485133443));
#6859=CARTESIAN_POINT('Ctrl Pts',(-1.50275038275553,-6.89138972909233,17.168485133443));
#6860=CARTESIAN_POINT('Ctrl Pts',(-1.50346056724644,-6.89464652953141,17.168485133443));
#6861=CARTESIAN_POINT('Ctrl Pts',(-1.50417075173734,-6.89790332997049,17.168485133443));
#6862=CARTESIAN_POINT('Ctrl Pts',(-1.02884893006448,-6.99131797366709,16.9884036070046));
#6863=CARTESIAN_POINT('Ctrl Pts',(-1.02933538574406,-6.99462357912488,16.9884036070046));
#6864=CARTESIAN_POINT('Ctrl Pts',(-1.02982183456939,-6.99792913129253,16.9884036070046));
#6865=CARTESIAN_POINT('Ctrl Pts',(-1.03030829024897,-7.00123473675031,16.9884036070046));
#6866=CARTESIAN_POINT('Ctrl Pts',(-0.545001694515389,-7.04556813059037,
16.8083220805662));
#6867=CARTESIAN_POINT('Ctrl Pts',(-0.545259380237585,-7.04889938630546,
16.8083220805662));
#6868=CARTESIAN_POINT('Ctrl Pts',(-0.545517060842152,-7.0522305885357,16.8083220805662));
#6869=CARTESIAN_POINT('Ctrl Pts',(-0.545774746564348,-7.05556184425079,
16.8083220805662));
#6870=CARTESIAN_POINT('Ctrl Pts',(-0.0607086665626008,-7.04973860918291,
16.6282405541278));
#6871=CARTESIAN_POINT('Ctrl Pts',(-0.0607373704238597,-7.05307181892721,
16.6282405541278));
#6872=CARTESIAN_POINT('Ctrl Pts',(-0.0607660742851187,-7.0564050286715,
16.6282405541278));
#6873=CARTESIAN_POINT('Ctrl Pts',(-0.0607947781463776,-7.05973823841579,
16.6282405541278));
#6874=CARTESIAN_POINT('',(-1.50204019826463,-6.88813292865325,17.168485133443));
#6875=CARTESIAN_POINT('Ctrl Pts',(-1.50204019826463,-6.88813292865325,17.168485133443));
#6876=CARTESIAN_POINT('Ctrl Pts',(-1.02884893006448,-6.99131797366709,16.9884036070046));
#6877=CARTESIAN_POINT('Ctrl Pts',(-0.545001694515389,-7.04556813059037,
16.8083220805662));
#6878=CARTESIAN_POINT('Ctrl Pts',(-0.0607086665626008,-7.04973860918291,
16.6282405541278));
#6879=CARTESIAN_POINT('',(-1.50204019826463,-6.88813292865325,17.168485133443));
#6880=CARTESIAN_POINT('Ctrl Pts',(-1.8202094766293,-6.81097184410484,17.2762622521259));
#6881=CARTESIAN_POINT('Ctrl Pts',(-1.82107009576719,-6.81419216176163,17.2762622521259));
#6882=CARTESIAN_POINT('Ctrl Pts',(-1.82193071490507,-6.81741247941842,17.2762622521259));
#6883=CARTESIAN_POINT('Ctrl Pts',(-1.82279133404296,-6.8206327970752,17.2762622521259));
#6884=CARTESIAN_POINT('Ctrl Pts',(-1.76731252866443,-6.82510837677217,17.2601064348599));
#6885=CARTESIAN_POINT('Ctrl Pts',(-1.76814813770913,-6.82833537955117,17.2601064348599));
#6886=CARTESIAN_POINT('Ctrl Pts',(-1.76898374590153,-6.83156237878291,17.2601064348599));
#6887=CARTESIAN_POINT('Ctrl Pts',(-1.76981935494622,-6.83478938156191,17.2601064348599));
#6888=CARTESIAN_POINT('Ctrl Pts',(-1.6604593257626,-6.85232159919897,17.2275734862096));
#6889=CARTESIAN_POINT('Ctrl Pts',(-1.6612444129168,-6.85556146756811,17.2275734862096));
#6890=CARTESIAN_POINT('Ctrl Pts',(-1.66202950006338,-6.85880133593508,17.2275734862096));
#6891=CARTESIAN_POINT('Ctrl Pts',(-1.66281458721758,-6.86204120430422,17.2275734862096));
#6892=CARTESIAN_POINT('Ctrl Pts',(-1.55517367362166,-6.87654653554986,17.1882703743556));
#6893=CARTESIAN_POINT('Ctrl Pts',(-1.55590898003142,-6.87979785659792,17.1882703743556));
#6894=CARTESIAN_POINT('Ctrl Pts',(-1.55664428731633,-6.8830491812189,17.1882703743556));
#6895=CARTESIAN_POINT('Ctrl Pts',(-1.55737959372609,-6.88630050226695,17.1882703743556));
#6896=CARTESIAN_POINT('Ctrl Pts',(-1.50204019826463,-6.88813292865325,17.168485133443));
#6897=CARTESIAN_POINT('Ctrl Pts',(-1.50275038275553,-6.89138972909233,17.168485133443));
#6898=CARTESIAN_POINT('Ctrl Pts',(-1.50346056724644,-6.89464652953141,17.168485133443));
#6899=CARTESIAN_POINT('Ctrl Pts',(-1.50417075173734,-6.89790332997049,17.168485133443));
#6900=CARTESIAN_POINT('',(-1.8202094766293,-6.81097184410484,17.2762622521259));
#6901=CARTESIAN_POINT('Ctrl Pts',(-1.8202094766293,-6.81097184410484,17.2762622521259));
#6902=CARTESIAN_POINT('Ctrl Pts',(-1.76731252866443,-6.82510837677217,17.2601064348599));
#6903=CARTESIAN_POINT('Ctrl Pts',(-1.6604593257626,-6.85232159919897,17.2275734862096));
#6904=CARTESIAN_POINT('Ctrl Pts',(-1.55517367362166,-6.87654653554986,17.1882703743556));
#6905=CARTESIAN_POINT('Ctrl Pts',(-1.50204019826463,-6.88813292865325,17.168485133443));
#6906=CARTESIAN_POINT('',(-1.8202094766293,-6.81097184410484,17.2762622521259));
#6907=CARTESIAN_POINT('Ctrl Pts',(-1.50204019826463,-6.88813292865325,17.381309478078));
#6908=CARTESIAN_POINT('Ctrl Pts',(-1.50275038275553,-6.89138972909233,17.381309478078));
#6909=CARTESIAN_POINT('Ctrl Pts',(-1.50346056724644,-6.89464652953141,17.381309478078));
#6910=CARTESIAN_POINT('Ctrl Pts',(-1.50417075173734,-6.89790332997049,17.381309478078));
#6911=CARTESIAN_POINT('Ctrl Pts',(-1.55696260388545,-6.87615643779827,17.3615457743504));
#6912=CARTESIAN_POINT('Ctrl Pts',(-1.55769875614698,-6.87940757449901,17.3615457743504));
#6913=CARTESIAN_POINT('Ctrl Pts',(-1.55843490921808,-6.88265871448448,17.3615457743504));
#6914=CARTESIAN_POINT('Ctrl Pts',(-1.55917106147961,-6.88590985118522,17.3615457743504));
#6915=CARTESIAN_POINT('Ctrl Pts',(-1.66238098728564,-6.85185642731014,17.3235130072511));
#6916=CARTESIAN_POINT('Ctrl Pts',(-1.66316698303203,-6.85509607576247,17.3235130072511));
#6917=CARTESIAN_POINT('Ctrl Pts',(-1.66395297875525,-6.85833572414477,17.3235130072511));
#6918=CARTESIAN_POINT('Ctrl Pts',(-1.66473897450164,-6.8615753725971,17.3235130072511));
#6919=CARTESIAN_POINT('Ctrl Pts',(-1.76910130200415,-6.82463033307165,17.2915943831156));
#6920=CARTESIAN_POINT('Ctrl Pts',(-1.76993775676017,-6.82785710963394,17.2915943831156));
#6921=CARTESIAN_POINT('Ctrl Pts',(-1.77077421079706,-6.83108388322293,17.2915943831156));
#6922=CARTESIAN_POINT('Ctrl Pts',(-1.77161066555309,-6.83431065978522,17.2915943831156));
#6923=CARTESIAN_POINT('Ctrl Pts',(-1.8202094766293,-6.81097184410484,17.2762622521259));
#6924=CARTESIAN_POINT('Ctrl Pts',(-1.82107009576719,-6.81419216176163,17.2762622521259));
#6925=CARTESIAN_POINT('Ctrl Pts',(-1.82193071490507,-6.81741247941842,17.2762622521259));
#6926=CARTESIAN_POINT('Ctrl Pts',(-1.82279133404296,-6.8206327970752,17.2762622521259));
#6927=CARTESIAN_POINT('',(-1.50204019826463,-6.88813292865325,17.381309478078));
#6928=CARTESIAN_POINT('Ctrl Pts',(-1.50204019826463,-6.88813292865325,17.381309478078));
#6929=CARTESIAN_POINT('Ctrl Pts',(-1.55696260388545,-6.87615643779827,17.3615457743504));
#6930=CARTESIAN_POINT('Ctrl Pts',(-1.66238098728564,-6.85185642731014,17.3235130072511));
#6931=CARTESIAN_POINT('Ctrl Pts',(-1.76910130200415,-6.82463033307165,17.2915943831156));
#6932=CARTESIAN_POINT('Ctrl Pts',(-1.8202094766293,-6.81097184410484,17.2762622521259));
#6933=CARTESIAN_POINT('',(-1.50204019826463,-6.88813292865325,17.381309478078));
#6934=CARTESIAN_POINT('Ctrl Pts',(-0.0607086665626014,-7.04973860918291,
17.9010905907489));
#6935=CARTESIAN_POINT('Ctrl Pts',(-0.0607373704238603,-7.05307181892721,
17.9010905907489));
#6936=CARTESIAN_POINT('Ctrl Pts',(-0.0607660742851192,-7.0564050286715,
17.9010905907489));
#6937=CARTESIAN_POINT('Ctrl Pts',(-0.0607947781463782,-7.05973823841579,
17.9010905907489));
#6938=CARTESIAN_POINT('Ctrl Pts',(-0.54500169451539,-7.04556813059037,17.7278302198586));
#6939=CARTESIAN_POINT('Ctrl Pts',(-0.545259380237585,-7.04889938630546,
17.7278302198586));
#6940=CARTESIAN_POINT('Ctrl Pts',(-0.545517060842153,-7.0522305885357,17.7278302198586));
#6941=CARTESIAN_POINT('Ctrl Pts',(-0.545774746564348,-7.05556184425079,
17.7278302198586));
#6942=CARTESIAN_POINT('Ctrl Pts',(-1.02884893006448,-6.99131797366709,17.5545698489683));
#6943=CARTESIAN_POINT('Ctrl Pts',(-1.02933538574406,-6.99462357912488,17.5545698489683));
#6944=CARTESIAN_POINT('Ctrl Pts',(-1.02982183456939,-6.99792913129253,17.5545698489683));
#6945=CARTESIAN_POINT('Ctrl Pts',(-1.03030829024897,-7.00123473675031,17.5545698489683));
#6946=CARTESIAN_POINT('Ctrl Pts',(-1.50204019826463,-6.88813292865325,17.381309478078));
#6947=CARTESIAN_POINT('Ctrl Pts',(-1.50275038275553,-6.89138972909233,17.381309478078));
#6948=CARTESIAN_POINT('Ctrl Pts',(-1.50346056724644,-6.89464652953141,17.381309478078));
#6949=CARTESIAN_POINT('Ctrl Pts',(-1.50417075173734,-6.89790332997049,17.381309478078));
#6950=CARTESIAN_POINT('',(-0.0607086665626014,-7.04973860918291,17.9010905907489));
#6951=CARTESIAN_POINT('Ctrl Pts',(-0.0607086665626014,-7.04973860918291,
17.9010905907489));
#6952=CARTESIAN_POINT('Ctrl Pts',(-0.54500169451539,-7.04556813059037,17.7278302198586));
#6953=CARTESIAN_POINT('Ctrl Pts',(-1.02884893006448,-6.99131797366709,17.5545698489683));
#6954=CARTESIAN_POINT('Ctrl Pts',(-1.50204019826463,-6.88813292865325,17.381309478078));
#6955=CARTESIAN_POINT('',(-0.0607086665626014,-7.04973860918291,17.9010905907489));
#6956=CARTESIAN_POINT('Origin',(-0.0607086665626014,-7.04973860918291,18.0443378374912));
#6957=CARTESIAN_POINT('',(-0.0607086665626005,-7.04973860918291,18.1875850842334));
#6958=CARTESIAN_POINT('',(-0.0607086665626014,-7.04973860918291,0.));
#6959=CARTESIAN_POINT('',(-0.0607086665626005,-7.04973860918291,18.1875850842334));
#6960=CARTESIAN_POINT('Ctrl Pts',(-2.0314903050399,-6.75096638567612,17.4126877472736));
#6961=CARTESIAN_POINT('Ctrl Pts',(-2.03245082055056,-6.75415833195776,17.4126877472736));
#6962=CARTESIAN_POINT('Ctrl Pts',(-2.03341133606121,-6.75735027823941,17.4126877472736));
#6963=CARTESIAN_POINT('Ctrl Pts',(-2.03437185157187,-6.76054222452105,17.4126877472736));
#6964=CARTESIAN_POINT('Ctrl Pts',(-1.39310108676215,-6.94306947635732,17.6709868595935));
#6965=CARTESIAN_POINT('Ctrl Pts',(-1.39375977445178,-6.9463523148327,17.6709868595935));
#6966=CARTESIAN_POINT('Ctrl Pts',(-1.39441842898283,-6.94963496338031,17.6709868595935));
#6967=CARTESIAN_POINT('Ctrl Pts',(-1.39507711667245,-6.95291780185569,17.6709868595935));
#6968=CARTESIAN_POINT('Ctrl Pts',(-0.727350575686548,-7.0439978372733,17.9292859719135));
#6969=CARTESIAN_POINT('Ctrl Pts',(-0.72769448487596,-7.04732839644518,17.9292859719135));
#6970=CARTESIAN_POINT('Ctrl Pts',(-0.728038369441372,-7.05065876439543,
17.9292859719135));
#6971=CARTESIAN_POINT('Ctrl Pts',(-0.728382278630784,-7.05398932356731,
17.9292859719135));
#6972=CARTESIAN_POINT('Ctrl Pts',(-0.0607086665626005,-7.04973860918291,
18.1875850842334));
#6973=CARTESIAN_POINT('Ctrl Pts',(-0.0607373704238595,-7.0530718189272,
18.1875850842334));
#6974=CARTESIAN_POINT('Ctrl Pts',(-0.0607660742851184,-7.0564050286715,
18.1875850842334));
#6975=CARTESIAN_POINT('Ctrl Pts',(-0.0607947781463773,-7.05973823841579,
18.1875850842334));
#6976=CARTESIAN_POINT('',(-2.0314903050399,-6.75096638567612,17.4126877472736));
#6977=CARTESIAN_POINT('Ctrl Pts',(-2.0314903050399,-6.75096638567612,17.4126877472736));
#6978=CARTESIAN_POINT('Ctrl Pts',(-1.39310108676215,-6.94306947635732,17.6709868595935));
#6979=CARTESIAN_POINT('Ctrl Pts',(-0.727350575686548,-7.0439978372733,17.9292859719135));
#6980=CARTESIAN_POINT('Ctrl Pts',(-0.0607086665626005,-7.04973860918291,
18.1875850842334));
#6981=CARTESIAN_POINT('',(-2.0314903050399,-6.75096638567612,17.4126877472736));
#6982=CARTESIAN_POINT('Origin',(-2.0314903050399,-6.75096638567612,17.2769441292621));
#6983=CARTESIAN_POINT('',(-2.0314903050399,-6.75096638567612,0.));
#6984=CARTESIAN_POINT('Origin',(0.,0.,0.));
#6985=CARTESIAN_POINT('',(-1.76465166880082,-6.83590553531853,19.9965896294452));
#6986=CARTESIAN_POINT('',(-2.03437185157187,-6.76054222452105,19.9965896294452));
#6987=CARTESIAN_POINT('Origin',(0.,0.,19.9965896294452));
#6988=CARTESIAN_POINT('',(-1.76465166880082,-6.83590553531853,20.2762617752887));
#6989=CARTESIAN_POINT('',(-1.76465166880082,-6.83590553531853,20.2762617752887));
#6990=CARTESIAN_POINT('',(-2.03437185157187,-6.76054222452105,20.2762617752887));
#6991=CARTESIAN_POINT('Origin',(0.,0.,20.2762617752887));
#6992=CARTESIAN_POINT('',(-2.03437185157187,-6.76054222452105,19.9965896294452));
#6993=CARTESIAN_POINT('Origin',(-1.89719442332376,-6.78993028830998,19.9965896294452));
#6994=CARTESIAN_POINT('',(-1.76215216218779,-6.82622294957445,19.9965896294452));
#6995=CARTESIAN_POINT('',(-2.0314903050399,-6.75096638567612,19.9965896294452));
#6996=CARTESIAN_POINT('Origin',(0.,0.,19.9965896294452));
#6997=CARTESIAN_POINT('',(-1.76215216218779,-6.82622294957445,19.9965896294452));
#6998=CARTESIAN_POINT('',(-2.0314903050399,-6.75096638567612,19.9965896294452));
#6999=CARTESIAN_POINT('Origin',(-1.76215216218779,-6.82622294957445,20.136425702367));
#7000=CARTESIAN_POINT('',(-1.76215216218779,-6.82622294957445,20.2762617752887));
#7001=CARTESIAN_POINT('',(-1.76215216218779,-6.82622294957445,0.));
#7002=CARTESIAN_POINT('',(-1.76215216218779,-6.82622294957445,20.2762617752887));
#7003=CARTESIAN_POINT('Origin',(-1.89719442332376,-6.78993028830998,20.2762617752887));
#7004=CARTESIAN_POINT('',(-2.0314903050399,-6.75096638567612,20.2762617752887));
#7005=CARTESIAN_POINT('Origin',(0.,0.,20.2762617752887));
#7006=CARTESIAN_POINT('',(-2.0314903050399,-6.75096638567612,20.2762617752887));
#7007=CARTESIAN_POINT('Origin',(-2.0314903050399,-6.75096638567612,20.136425702367));
#7008=CARTESIAN_POINT('',(-2.0314903050399,-6.75096638567612,0.));
#7009=CARTESIAN_POINT('Origin',(0.,0.,0.));
#7010=CARTESIAN_POINT('',(1.65330586008847,-6.86368557940973,24.6152796433307));
#7011=CARTESIAN_POINT('',(1.05821063156257,-6.9802428510223,24.8349239514209));
#7012=CARTESIAN_POINT('Ctrl Pts',(1.65330586008847,-6.86368557940973,24.6152796433307));
#7013=CARTESIAN_POINT('Ctrl Pts',(1.45673191119074,-6.9110357760196,24.6884944126941));
#7014=CARTESIAN_POINT('Ctrl Pts',(1.25812274665229,-6.94993600782484,24.7617091820575));
#7015=CARTESIAN_POINT('Ctrl Pts',(1.05821063156257,-6.9802428510223,24.8349239514209));
#7016=CARTESIAN_POINT('',(1.65330586008847,-6.86368557940973,23.7789895222522));
#7017=CARTESIAN_POINT('',(1.65330586008847,-6.86368557940973,23.7789895222522));
#7018=CARTESIAN_POINT('',(1.05821063156257,-6.9802428510223,23.5457017109729));
#7019=CARTESIAN_POINT('Ctrl Pts',(1.05821063156257,-6.9802428510223,23.5457017109729));
#7020=CARTESIAN_POINT('Ctrl Pts',(1.25812274665229,-6.94993600782485,23.6234643147327));
#7021=CARTESIAN_POINT('Ctrl Pts',(1.45673191119074,-6.9110357760196,23.7012269184925));
#7022=CARTESIAN_POINT('Ctrl Pts',(1.65330586008847,-6.86368557940973,23.7789895222522));
#7023=CARTESIAN_POINT('',(1.05821063156257,-6.9802428510223,23.2442011521198));
#7024=CARTESIAN_POINT('',(1.05821063156257,-6.9802428510223,23.2442011521198));
#7025=CARTESIAN_POINT('',(2.96967011488367,-6.40504952430243,24.0627553150989));
#7026=CARTESIAN_POINT('Ctrl Pts',(2.96967011488367,-6.40504952430243,24.0627553150989));
#7027=CARTESIAN_POINT('Ctrl Pts',(2.3639917089705,-6.685869376584,23.7899039274392));
#7028=CARTESIAN_POINT('Ctrl Pts',(1.71828083817887,-6.88017565778464,23.5170525397795));
#7029=CARTESIAN_POINT('Ctrl Pts',(1.05821063156257,-6.9802428510223,23.2442011521198));
#7030=CARTESIAN_POINT('',(2.96967011488367,-6.40504952430243,24.3478848622181));
#7031=CARTESIAN_POINT('',(2.96967011488367,-6.40504952430243,24.3478848622181));
#7032=CARTESIAN_POINT('',(1.05821063156257,-6.9802428510223,25.1159616396762));
#7033=CARTESIAN_POINT('Ctrl Pts',(1.05821063156257,-6.9802428510223,25.1159616396762));
#7034=CARTESIAN_POINT('Ctrl Pts',(1.71828083817887,-6.88017565778464,24.8599360471902));
#7035=CARTESIAN_POINT('Ctrl Pts',(2.3639917089705,-6.685869376584,24.6039104547041));
#7036=CARTESIAN_POINT('Ctrl Pts',(2.96967011488367,-6.40504952430243,24.3478848622181));
#7037=CARTESIAN_POINT('',(1.05821063156257,-6.9802428510223,24.8349239514209));
#7038=CARTESIAN_POINT('',(2.77750447070862,-6.49069094281908,24.2114593670703));
#7039=CARTESIAN_POINT('',(2.42191370793937,-6.63158608413518,24.3192352936603));
#7040=CARTESIAN_POINT('Ctrl Pts',(2.77750447070862,-6.49069094281908,24.2114593670703));
#7041=CARTESIAN_POINT('Ctrl Pts',(2.71836349444051,-6.51599862229941,24.2255851648791));
#7042=CARTESIAN_POINT('Ctrl Pts',(2.59849075885642,-6.56533673730065,24.2540477380932));
#7043=CARTESIAN_POINT('Ctrl Pts',(2.48125280391562,-6.60991492309794,24.297398995363));
#7044=CARTESIAN_POINT('Ctrl Pts',(2.42191370793937,-6.63158608413518,24.3192352936603));
#7045=CARTESIAN_POINT('',(2.3910886175785,-6.64276261979055,24.069576470647));
#7046=CARTESIAN_POINT('Ctrl Pts',(2.3910886175785,-6.64276261979055,24.069576470647));
#7047=CARTESIAN_POINT('Ctrl Pts',(2.46301247837603,-6.61687334228228,24.0981781397376));
#7048=CARTESIAN_POINT('Ctrl Pts',(2.59124734868884,-6.56837267133064,24.1494692829643));
#7049=CARTESIAN_POINT('Ctrl Pts',(2.7206044998383,-6.51503964850662,24.192447327699));
#7050=CARTESIAN_POINT('Ctrl Pts',(2.77750447070862,-6.49069094281908,24.2114593670703));
#7051=CARTESIAN_POINT('',(1.86235637463069,-6.80993603008666,23.8608457730152));
#7052=CARTESIAN_POINT('Ctrl Pts',(1.86235637463069,-6.80993603008666,23.8608457730152));
#7053=CARTESIAN_POINT('Ctrl Pts',(2.04069880534849,-6.76116359503778,23.9304226722258));
#7054=CARTESIAN_POINT('Ctrl Pts',(2.21712421805099,-6.70538179187037,23.9999995714364));
#7055=CARTESIAN_POINT('Ctrl Pts',(2.3910886175785,-6.64276261979055,24.069576470647));
#7056=CARTESIAN_POINT('',(1.86235637463069,-6.80993603008666,24.5388807938434));
#7057=CARTESIAN_POINT('',(1.86235637463069,-6.80993603008666,24.5388807938434));
#7058=CARTESIAN_POINT('Ctrl Pts',(2.42191370793937,-6.63158608413518,24.3192352936603));
#7059=CARTESIAN_POINT('Ctrl Pts',(2.23797564535463,-6.69876188635413,24.392450460388));
#7060=CARTESIAN_POINT('Ctrl Pts',(2.05124126940673,-6.75828048056263,24.4656656271157));
#7061=CARTESIAN_POINT('Ctrl Pts',(1.86235637463069,-6.80993603008666,24.5388807938434));
#7062=CARTESIAN_POINT('Ctrl Pts',(2.77357032839883,-6.48149732958563,24.2114593670703));
#7063=CARTESIAN_POINT('Ctrl Pts',(2.77488170916876,-6.48456186733011,24.2114593670703));
#7064=CARTESIAN_POINT('Ctrl Pts',(2.77619308993869,-6.4876264050746,24.2114593670703));
#7065=CARTESIAN_POINT('Ctrl Pts',(2.77750447070862,-6.49069094281908,24.2114593670703));
#7066=CARTESIAN_POINT('Ctrl Pts',(2.71451312121892,-6.50676916249446,24.2255851648791));
#7067=CARTESIAN_POINT('Ctrl Pts',(2.71579657993727,-6.50984565158329,24.2255851648791));
#7068=CARTESIAN_POINT('Ctrl Pts',(2.71708003572215,-6.51292213321057,24.2255851648791));
#7069=CARTESIAN_POINT('Ctrl Pts',(2.71836349444051,-6.51599862229941,24.2255851648791));
#7070=CARTESIAN_POINT('Ctrl Pts',(2.59481017704501,-6.55603739348011,24.2540477380932));
#7071=CARTESIAN_POINT('Ctrl Pts',(2.5960370376554,-6.55913717475428,24.2540477380932));
#7072=CARTESIAN_POINT('Ctrl Pts',(2.59726389824603,-6.56223695602648,24.2540477380932));
#7073=CARTESIAN_POINT('Ctrl Pts',(2.59849075885642,-6.56533673730065,24.2540477380932));
#7074=CARTESIAN_POINT('Ctrl Pts',(2.47773828153047,-6.60055243737117,24.297398995363));
#7075=CARTESIAN_POINT('Ctrl Pts',(2.47890978799295,-6.603673263443,24.297398995363));
#7076=CARTESIAN_POINT('Ctrl Pts',(2.48008129745314,-6.60679409702611,24.297398995363));
#7077=CARTESIAN_POINT('Ctrl Pts',(2.48125280391562,-6.60991492309794,24.297398995363));
#7078=CARTESIAN_POINT('Ctrl Pts',(2.41848323526524,-6.62219290271289,24.3192352936603));
#7079=CARTESIAN_POINT('Ctrl Pts',(2.41962672615662,-6.62532396318699,24.3192352936603));
#7080=CARTESIAN_POINT('Ctrl Pts',(2.42077021704799,-6.62845502366108,24.3192352936603));
#7081=CARTESIAN_POINT('Ctrl Pts',(2.42191370793937,-6.63158608413518,24.3192352936603));
#7082=CARTESIAN_POINT('',(2.77357032839883,-6.48149732958563,24.2114593670703));
#7083=CARTESIAN_POINT('',(2.41848323526524,-6.62219290271289,24.3192352936603));
#7084=CARTESIAN_POINT('Ctrl Pts',(2.77357032839883,-6.48149732958563,24.2114593670703));
#7085=CARTESIAN_POINT('Ctrl Pts',(2.71451312121892,-6.50676916249446,24.2255851648791));
#7086=CARTESIAN_POINT('Ctrl Pts',(2.59481017704501,-6.55603739348011,24.2540477380932));
#7087=CARTESIAN_POINT('Ctrl Pts',(2.47773828153047,-6.60055243737117,24.297398995363));
#7088=CARTESIAN_POINT('Ctrl Pts',(2.41848323526524,-6.62219290271289,24.3192352936603));
#7089=CARTESIAN_POINT('',(2.77357032839883,-6.48149732958563,24.2114593670703));
#7090=CARTESIAN_POINT('',(2.41848323526524,-6.62219290271289,24.3192352936603));
#7091=CARTESIAN_POINT('Ctrl Pts',(2.38770180650544,-6.63335360758121,24.069576470647));
#7092=CARTESIAN_POINT('Ctrl Pts',(2.3888307435298,-6.63648994498432,24.069576470647));
#7093=CARTESIAN_POINT('Ctrl Pts',(2.38995968055415,-6.63962628238743,24.069576470647));
#7094=CARTESIAN_POINT('Ctrl Pts',(2.3910886175785,-6.64276261979055,24.069576470647));
#7095=CARTESIAN_POINT('Ctrl Pts',(2.45952379214603,-6.60750100043769,24.0981781397376));
#7096=CARTESIAN_POINT('Ctrl Pts',(2.46068668670015,-6.61062511226468,24.0981781397376));
#7097=CARTESIAN_POINT('Ctrl Pts',(2.46184958382191,-6.6137492304553,24.0981781397376));
#7098=CARTESIAN_POINT('Ctrl Pts',(2.46301247837603,-6.61687334228228,24.0981781397376));
#7099=CARTESIAN_POINT('Ctrl Pts',(2.58757702666521,-6.55906902732026,24.1494692829643));
#7100=CARTESIAN_POINT('Ctrl Pts',(2.58880046738941,-6.56217024210455,24.1494692829643));
#7101=CARTESIAN_POINT('Ctrl Pts',(2.59002390796464,-6.56527145654635,24.1494692829643));
#7102=CARTESIAN_POINT('Ctrl Pts',(2.59124734868884,-6.56837267133064,24.1494692829643));
#7103=CARTESIAN_POINT('Ctrl Pts',(2.71675095238811,-6.50581154702149,24.192447327699));
#7104=CARTESIAN_POINT('Ctrl Pts',(2.71803546882428,-6.50888758240639,24.192447327699));
#7105=CARTESIAN_POINT('Ctrl Pts',(2.71931998340213,-6.51196361312172,24.192447327699));
#7106=CARTESIAN_POINT('Ctrl Pts',(2.7206044998383,-6.51503964850662,24.192447327699));
#7107=CARTESIAN_POINT('Ctrl Pts',(2.77357032839883,-6.48149732958563,24.2114593670703));
#7108=CARTESIAN_POINT('Ctrl Pts',(2.77488170916876,-6.48456186733011,24.2114593670703));
#7109=CARTESIAN_POINT('Ctrl Pts',(2.77619308993869,-6.4876264050746,24.2114593670703));
#7110=CARTESIAN_POINT('Ctrl Pts',(2.77750447070862,-6.49069094281908,24.2114593670703));
#7111=CARTESIAN_POINT('',(2.38770180650544,-6.63335360758121,24.069576470647));
#7112=CARTESIAN_POINT('Ctrl Pts',(2.38770180650544,-6.63335360758121,24.069576470647));
#7113=CARTESIAN_POINT('Ctrl Pts',(2.45952379214603,-6.60750100043769,24.0981781397376));
#7114=CARTESIAN_POINT('Ctrl Pts',(2.58757702666521,-6.55906902732026,24.1494692829643));
#7115=CARTESIAN_POINT('Ctrl Pts',(2.71675095238811,-6.50581154702149,24.192447327699));
#7116=CARTESIAN_POINT('Ctrl Pts',(2.77357032839883,-6.48149732958563,24.2114593670703));
#7117=CARTESIAN_POINT('',(2.38770180650544,-6.63335360758121,24.069576470647));
#7118=CARTESIAN_POINT('Ctrl Pts',(1.85971847608305,-6.80029022834433,23.8608457730152));
#7119=CARTESIAN_POINT('Ctrl Pts',(1.86059777559893,-6.80350549559177,23.8608457730152));
#7120=CARTESIAN_POINT('Ctrl Pts',(1.86147707511481,-6.80672076283922,23.8608457730152));
#7121=CARTESIAN_POINT('Ctrl Pts',(1.86235637463069,-6.80993603008666,23.8608457730152));
#7122=CARTESIAN_POINT('Ctrl Pts',(2.03780829712561,-6.75158687606464,23.9304226722258));
#7123=CARTESIAN_POINT('Ctrl Pts',(2.03877179997843,-6.75477911608391,23.9304226722258));
#7124=CARTESIAN_POINT('Ctrl Pts',(2.03973530249567,-6.75797135501851,23.9304226722258));
#7125=CARTESIAN_POINT('Ctrl Pts',(2.04069880534849,-6.76116359503778,23.9304226722258));
#7126=CARTESIAN_POINT('Ctrl Pts',(2.21398381547585,-6.69588408394988,23.9999995714364));
#7127=CARTESIAN_POINT('Ctrl Pts',(2.21503061645056,-6.69904998695018,23.9999995714364));
#7128=CARTESIAN_POINT('Ctrl Pts',(2.21607741707628,-6.70221588887007,23.9999995714364));
#7129=CARTESIAN_POINT('Ctrl Pts',(2.21712421805099,-6.70538179187037,23.9999995714364));
#7130=CARTESIAN_POINT('Ctrl Pts',(2.38770180650544,-6.63335360758121,24.069576470647));
#7131=CARTESIAN_POINT('Ctrl Pts',(2.3888307435298,-6.63648994498432,24.069576470647));
#7132=CARTESIAN_POINT('Ctrl Pts',(2.38995968055415,-6.63962628238744,24.069576470647));
#7133=CARTESIAN_POINT('Ctrl Pts',(2.3910886175785,-6.64276261979055,24.069576470647));
#7134=CARTESIAN_POINT('',(1.85971847608305,-6.80029022834433,23.8608457730152));
#7135=CARTESIAN_POINT('Ctrl Pts',(1.85971847608305,-6.80029022834433,23.8608457730152));
#7136=CARTESIAN_POINT('Ctrl Pts',(2.03780829712561,-6.75158687606464,23.9304226722258));
#7137=CARTESIAN_POINT('Ctrl Pts',(2.21398381547585,-6.69588408394988,23.9999995714364));
#7138=CARTESIAN_POINT('Ctrl Pts',(2.38770180650544,-6.63335360758121,24.069576470647));
#7139=CARTESIAN_POINT('',(1.85971847608305,-6.80029022834433,23.8608457730152));
#7140=CARTESIAN_POINT('Origin',(1.85971847608305,-6.80029022834433,24.1998632834293));
#7141=CARTESIAN_POINT('',(1.85971847608305,-6.80029022834433,24.5388807938434));
#7142=CARTESIAN_POINT('',(1.85971847608305,-6.80029022834433,0.));
#7143=CARTESIAN_POINT('',(1.85971847608305,-6.80029022834433,24.5388807938434));
#7144=CARTESIAN_POINT('Ctrl Pts',(2.41848323526524,-6.62219290271289,24.3192352936603));
#7145=CARTESIAN_POINT('Ctrl Pts',(2.41962672615662,-6.62532396318699,24.3192352936603));
#7146=CARTESIAN_POINT('Ctrl Pts',(2.42077021704799,-6.62845502366108,24.3192352936603));
#7147=CARTESIAN_POINT('Ctrl Pts',(2.42191370793937,-6.63158608413518,24.3192352936603));
#7148=CARTESIAN_POINT('Ctrl Pts',(2.23480570817991,-6.68927355507034,24.392450460388));
#7149=CARTESIAN_POINT('Ctrl Pts',(2.23586235405241,-6.69243633261769,24.392450460388));
#7150=CARTESIAN_POINT('Ctrl Pts',(2.23691899948214,-6.69559910880678,24.392450460388));
#7151=CARTESIAN_POINT('Ctrl Pts',(2.23797564535463,-6.69876188635413,24.392450460388));
#7152=CARTESIAN_POINT('Ctrl Pts',(2.04833582851522,-6.74870784532104,24.4656656271157));
#7153=CARTESIAN_POINT('Ctrl Pts',(2.04930430895402,-6.75189872418955,24.4656656271157));
#7154=CARTESIAN_POINT('Ctrl Pts',(2.05027278896793,-6.75508960169412,24.4656656271157));
#7155=CARTESIAN_POINT('Ctrl Pts',(2.05124126940673,-6.75828048056263,24.4656656271157));
#7156=CARTESIAN_POINT('Ctrl Pts',(1.85971847608305,-6.80029022834433,24.5388807938434));
#7157=CARTESIAN_POINT('Ctrl Pts',(1.86059777559893,-6.80350549559177,24.5388807938434));
#7158=CARTESIAN_POINT('Ctrl Pts',(1.86147707511481,-6.80672076283922,24.5388807938434));
#7159=CARTESIAN_POINT('Ctrl Pts',(1.86235637463069,-6.80993603008666,24.5388807938434));
#7160=CARTESIAN_POINT('Ctrl Pts',(2.41848323526524,-6.62219290271289,24.3192352936603));
#7161=CARTESIAN_POINT('Ctrl Pts',(2.23480570817991,-6.68927355507034,24.392450460388));
#7162=CARTESIAN_POINT('Ctrl Pts',(2.04833582851522,-6.74870784532104,24.4656656271157));
#7163=CARTESIAN_POINT('Ctrl Pts',(1.85971847608305,-6.80029022834433,24.5388807938434));
#7164=CARTESIAN_POINT('Ctrl Pts',(1.65096406708551,-6.85396364516128,24.6152796433307));
#7165=CARTESIAN_POINT('Ctrl Pts',(1.65174466475317,-6.85720428991076,24.6152796433307));
#7166=CARTESIAN_POINT('Ctrl Pts',(1.65252526242082,-6.86044493466025,24.6152796433307));
#7167=CARTESIAN_POINT('Ctrl Pts',(1.65330586008847,-6.86368557940973,24.6152796433307));
#7168=CARTESIAN_POINT('Ctrl Pts',(1.45466855154316,-6.90124677350399,24.6884944126941));
#7169=CARTESIAN_POINT('Ctrl Pts',(1.4553563382,-6.90450977487302,24.6884944126941));
#7170=CARTESIAN_POINT('Ctrl Pts',(1.45604412453391,-6.90777277465057,24.6884944126941));
#7171=CARTESIAN_POINT('Ctrl Pts',(1.45673191119074,-6.9110357760196,24.6884944126941));
#7172=CARTESIAN_POINT('Ctrl Pts',(1.25634070310179,-6.94009190583076,24.7617091820575));
#7173=CARTESIAN_POINT('Ctrl Pts',(1.25693471771906,-6.94337327369403,24.7617091820575));
#7174=CARTESIAN_POINT('Ctrl Pts',(1.25752873203501,-6.94665463996158,24.7617091820575));
#7175=CARTESIAN_POINT('Ctrl Pts',(1.25812274665229,-6.94993600782484,24.7617091820575));
#7176=CARTESIAN_POINT('Ctrl Pts',(1.05671174964817,-6.97035582148828,24.8349239514209));
#7177=CARTESIAN_POINT('Ctrl Pts',(1.05721137695297,-6.97365149799962,24.8349239514209));
#7178=CARTESIAN_POINT('Ctrl Pts',(1.05771100425777,-6.97694717451096,24.8349239514209));
#7179=CARTESIAN_POINT('Ctrl Pts',(1.05821063156257,-6.9802428510223,24.8349239514209));
#7180=CARTESIAN_POINT('',(1.65096406708551,-6.85396364516128,24.6152796433307));
#7181=CARTESIAN_POINT('',(1.05671174964817,-6.97035582148828,24.8349239514209));
#7182=CARTESIAN_POINT('Ctrl Pts',(1.65096406708551,-6.85396364516128,24.6152796433307));
#7183=CARTESIAN_POINT('Ctrl Pts',(1.45466855154316,-6.90124677350399,24.6884944126941));
#7184=CARTESIAN_POINT('Ctrl Pts',(1.25634070310179,-6.94009190583076,24.7617091820575));
#7185=CARTESIAN_POINT('Ctrl Pts',(1.05671174964817,-6.97035582148828,24.8349239514209));
#7186=CARTESIAN_POINT('',(1.65096406708551,-6.85396364516128,24.6152796433307));
#7187=CARTESIAN_POINT('',(1.05671174964817,-6.97035582148828,24.8349239514209));
#7188=CARTESIAN_POINT('Origin',(1.65096406708551,-6.85396364516128,24.1971345827915));
#7189=CARTESIAN_POINT('',(1.65096406708551,-6.85396364516128,23.7789895222522));
#7190=CARTESIAN_POINT('',(1.65096406708551,-6.85396364516128,0.));
#7191=CARTESIAN_POINT('',(1.65096406708551,-6.85396364516128,23.7789895222522));
#7192=CARTESIAN_POINT('Ctrl Pts',(1.05671174964817,-6.97035582148828,23.5457017109729));
#7193=CARTESIAN_POINT('Ctrl Pts',(1.05721137695297,-6.97365149799962,23.5457017109729));
#7194=CARTESIAN_POINT('Ctrl Pts',(1.05771100425777,-6.97694717451096,23.5457017109729));
#7195=CARTESIAN_POINT('Ctrl Pts',(1.05821063156257,-6.9802428510223,23.5457017109729));
#7196=CARTESIAN_POINT('Ctrl Pts',(1.25634070310179,-6.94009190583076,23.6234643147327));
#7197=CARTESIAN_POINT('Ctrl Pts',(1.25693471771906,-6.94337327369403,23.6234643147327));
#7198=CARTESIAN_POINT('Ctrl Pts',(1.25752873203501,-6.94665463996158,23.6234643147327));
#7199=CARTESIAN_POINT('Ctrl Pts',(1.25812274665229,-6.94993600782485,23.6234643147327));
#7200=CARTESIAN_POINT('Ctrl Pts',(1.45466855154316,-6.90124677350399,23.7012269184925));
#7201=CARTESIAN_POINT('Ctrl Pts',(1.4553563382,-6.90450977487302,23.7012269184925));
#7202=CARTESIAN_POINT('Ctrl Pts',(1.45604412453391,-6.90777277465057,23.7012269184925));
#7203=CARTESIAN_POINT('Ctrl Pts',(1.45673191119074,-6.9110357760196,23.7012269184925));
#7204=CARTESIAN_POINT('Ctrl Pts',(1.65096406708551,-6.85396364516128,23.7789895222522));
#7205=CARTESIAN_POINT('Ctrl Pts',(1.65174466475317,-6.85720428991076,23.7789895222522));
#7206=CARTESIAN_POINT('Ctrl Pts',(1.65252526242082,-6.86044493466025,23.7789895222522));
#7207=CARTESIAN_POINT('Ctrl Pts',(1.65330586008847,-6.86368557940973,23.7789895222522));
#7208=CARTESIAN_POINT('',(1.05671174964817,-6.97035582148828,23.5457017109729));
#7209=CARTESIAN_POINT('Ctrl Pts',(1.05671174964817,-6.97035582148828,23.5457017109729));
#7210=CARTESIAN_POINT('Ctrl Pts',(1.25634070310179,-6.94009190583076,23.6234643147327));
#7211=CARTESIAN_POINT('Ctrl Pts',(1.45466855154316,-6.90124677350399,23.7012269184925));
#7212=CARTESIAN_POINT('Ctrl Pts',(1.65096406708551,-6.85396364516128,23.7789895222522));
#7213=CARTESIAN_POINT('',(1.05671174964817,-6.97035582148828,23.5457017109729));
#7214=CARTESIAN_POINT('Origin',(1.05671174964817,-6.97035582148828,23.3949514315464));
#7215=CARTESIAN_POINT('',(1.05671174964817,-6.97035582148828,23.2442011521198));
#7216=CARTESIAN_POINT('',(1.05671174964817,-6.97035582148828,0.));
#7217=CARTESIAN_POINT('',(1.05671174964817,-6.97035582148828,23.2442011521198));
#7218=CARTESIAN_POINT('Ctrl Pts',(2.96546378327618,-6.39597721619436,24.0627553150989));
#7219=CARTESIAN_POINT('Ctrl Pts',(2.96686589381201,-6.39900131889705,24.0627553150989));
#7220=CARTESIAN_POINT('Ctrl Pts',(2.96826800434784,-6.40202542159974,24.0627553150989));
#7221=CARTESIAN_POINT('Ctrl Pts',(2.96967011488367,-6.40504952430243,24.0627553150989));
#7222=CARTESIAN_POINT('Ctrl Pts',(2.36064327878782,-6.67639930664549,23.7899039274392));
#7223=CARTESIAN_POINT('Ctrl Pts',(2.36175944207386,-6.67955605773591,23.7899039274392));
#7224=CARTESIAN_POINT('Ctrl Pts',(2.36287554568447,-6.68271262549358,23.7899039274392));
#7225=CARTESIAN_POINT('Ctrl Pts',(2.3639917089705,-6.685869376584,23.7899039274392));
#7226=CARTESIAN_POINT('Ctrl Pts',(1.71584701262904,-6.87043036648466,23.5170525397795));
#7227=CARTESIAN_POINT('Ctrl Pts',(1.71665830494881,-6.87367885885803,23.5170525397795));
#7228=CARTESIAN_POINT('Ctrl Pts',(1.71746954585911,-6.87692716541127,23.5170525397795));
#7229=CARTESIAN_POINT('Ctrl Pts',(1.71828083817887,-6.88017565778464,23.5170525397795));
#7230=CARTESIAN_POINT('Ctrl Pts',(1.05671174964817,-6.97035582148828,23.2442011521198));
#7231=CARTESIAN_POINT('Ctrl Pts',(1.05721137695297,-6.97365149799962,23.2442011521198));
#7232=CARTESIAN_POINT('Ctrl Pts',(1.05771100425777,-6.97694717451096,23.2442011521198));
#7233=CARTESIAN_POINT('Ctrl Pts',(1.05821063156257,-6.9802428510223,23.2442011521198));
#7234=CARTESIAN_POINT('',(2.96546378327618,-6.39597721619436,24.0627553150989));
#7235=CARTESIAN_POINT('Ctrl Pts',(2.96546378327618,-6.39597721619436,24.0627553150989));
#7236=CARTESIAN_POINT('Ctrl Pts',(2.36064327878782,-6.67639930664549,23.7899039274392));
#7237=CARTESIAN_POINT('Ctrl Pts',(1.71584701262904,-6.87043036648466,23.5170525397795));
#7238=CARTESIAN_POINT('Ctrl Pts',(1.05671174964817,-6.97035582148828,23.2442011521198));
#7239=CARTESIAN_POINT('',(2.96546378327618,-6.39597721619436,24.0627553150989));
#7240=CARTESIAN_POINT('Origin',(2.96546378327618,-6.39597721619436,24.2053200886585));
#7241=CARTESIAN_POINT('',(2.96546378327618,-6.39597721619436,24.3478848622181));
#7242=CARTESIAN_POINT('',(2.96546378327618,-6.39597721619436,0.));
#7243=CARTESIAN_POINT('',(2.96546378327618,-6.39597721619436,24.3478848622181));
#7244=CARTESIAN_POINT('Ctrl Pts',(1.05671174964817,-6.97035582148828,25.1159616396762));
#7245=CARTESIAN_POINT('Ctrl Pts',(1.05721137695297,-6.97365149799962,25.1159616396762));
#7246=CARTESIAN_POINT('Ctrl Pts',(1.05771100425777,-6.97694717451096,25.1159616396762));
#7247=CARTESIAN_POINT('Ctrl Pts',(1.05821063156257,-6.9802428510223,25.1159616396762));
#7248=CARTESIAN_POINT('Ctrl Pts',(1.71584701262904,-6.87043036648466,24.8599360471902));
#7249=CARTESIAN_POINT('Ctrl Pts',(1.71665830494881,-6.87367885885803,24.8599360471902));
#7250=CARTESIAN_POINT('Ctrl Pts',(1.71746954585911,-6.87692716541127,24.8599360471902));
#7251=CARTESIAN_POINT('Ctrl Pts',(1.71828083817887,-6.88017565778464,24.8599360471902));
#7252=CARTESIAN_POINT('Ctrl Pts',(2.36064327878783,-6.67639930664549,24.6039104547041));
#7253=CARTESIAN_POINT('Ctrl Pts',(2.36175944207386,-6.67955605773591,24.6039104547041));
#7254=CARTESIAN_POINT('Ctrl Pts',(2.36287554568447,-6.68271262549358,24.6039104547041));
#7255=CARTESIAN_POINT('Ctrl Pts',(2.3639917089705,-6.685869376584,24.6039104547041));
#7256=CARTESIAN_POINT('Ctrl Pts',(2.96546378327618,-6.39597721619436,24.3478848622181));
#7257=CARTESIAN_POINT('Ctrl Pts',(2.96686589381201,-6.39900131889705,24.3478848622181));
#7258=CARTESIAN_POINT('Ctrl Pts',(2.96826800434784,-6.40202542159974,24.3478848622181));
#7259=CARTESIAN_POINT('Ctrl Pts',(2.96967011488367,-6.40504952430243,24.3478848622181));
#7260=CARTESIAN_POINT('',(1.05671174964817,-6.97035582148828,25.1159616396762));
#7261=CARTESIAN_POINT('Ctrl Pts',(1.05671174964817,-6.97035582148828,25.1159616396762));
#7262=CARTESIAN_POINT('Ctrl Pts',(1.71584701262904,-6.87043036648466,24.8599360471902));
#7263=CARTESIAN_POINT('Ctrl Pts',(2.36064327878783,-6.67639930664549,24.6039104547041));
#7264=CARTESIAN_POINT('Ctrl Pts',(2.96546378327618,-6.39597721619436,24.3478848622181));
#7265=CARTESIAN_POINT('',(1.05671174964817,-6.97035582148828,25.1159616396762));
#7266=CARTESIAN_POINT('Origin',(1.05671174964817,-6.97035582148828,24.9754427955486));
#7267=CARTESIAN_POINT('',(1.05671174964817,-6.97035582148828,0.));
#7268=CARTESIAN_POINT('Origin',(0.,0.,0.));
#7269=CARTESIAN_POINT('',(-7.05,-8.63375993398884E-16,35.4));
#7270=CARTESIAN_POINT('Origin',(0.,0.,35.4));
#7271=CARTESIAN_POINT('',(-7.05,-8.63375993398884E-16,0.));
#7272=CARTESIAN_POINT('',(-7.05,-8.63375993398884E-16,0.));
#7273=CARTESIAN_POINT('Origin',(0.,0.,0.));
#7274=CARTESIAN_POINT('',(-0.0607086665626008,-7.04973860918291,27.2216912196018));
#7275=CARTESIAN_POINT('',(-0.0607086665626014,-7.04973860918291,26.9365616724826));
#7276=CARTESIAN_POINT('',(-0.0607086665626014,-7.04973860918291,0.));
#7277=CARTESIAN_POINT('',(-2.02160840250265,-6.75393214852879,26.122230758715));
#7278=CARTESIAN_POINT('Ctrl Pts',(-0.0607086665626014,-7.04973860918291,
26.9365616724826));
#7279=CARTESIAN_POINT('Ctrl Pts',(-0.7239115856421,-7.04402745205926,26.6651180345601));
#7280=CARTESIAN_POINT('Ctrl Pts',(-1.38623342415457,-6.94411460324122,26.3936743966376));
#7281=CARTESIAN_POINT('Ctrl Pts',(-2.02160840250265,-6.75393214852879,26.122230758715));
#7282=CARTESIAN_POINT('',(-0.0607086665626011,-7.04973860918291,25.3581168339588));
#7283=CARTESIAN_POINT('Ctrl Pts',(-2.02160840250265,-6.75393214852879,26.122230758715));
#7284=CARTESIAN_POINT('Ctrl Pts',(-1.38623342415457,-6.94411460324122,25.8675261171296));
#7285=CARTESIAN_POINT('Ctrl Pts',(-0.7239115856421,-7.04402745205926,25.6128214755442));
#7286=CARTESIAN_POINT('Ctrl Pts',(-0.0607086665626011,-7.04973860918291,
25.3581168339588));
#7287=CARTESIAN_POINT('',(-0.0607086665626014,-7.04973860918291,25.0729872868396));
#7288=CARTESIAN_POINT('',(-0.0607086665626014,-7.04973860918291,0.));
#7289=CARTESIAN_POINT('',(-2.0314903050399,-6.75096638567612,24.2544331238605));
#7290=CARTESIAN_POINT('Ctrl Pts',(-0.0607086665626014,-7.04973860918291,
25.0729872868396));
#7291=CARTESIAN_POINT('Ctrl Pts',(-0.727350575686549,-7.0439978372733,24.8001358991799));
#7292=CARTESIAN_POINT('Ctrl Pts',(-1.39310108676215,-6.94306947635731,24.5272845115202));
#7293=CARTESIAN_POINT('Ctrl Pts',(-2.0314903050399,-6.75096638567612,24.2544331238605));
#7294=CARTESIAN_POINT('',(-2.0314903050399,-6.75096638567612,24.5559348748066));
#7295=CARTESIAN_POINT('',(-2.0314903050399,-6.75096638567612,0.));
#7296=CARTESIAN_POINT('',(-1.44467286121704,-6.90039276592738,24.7892226860859));
#7297=CARTESIAN_POINT('Ctrl Pts',(-2.0314903050399,-6.75096638567612,24.5559348748066));
#7298=CARTESIAN_POINT('Ctrl Pts',(-1.83814460090549,-6.80914767425483,24.6336974785663));
#7299=CARTESIAN_POINT('Ctrl Pts',(-1.64229809320798,-6.8590177574266,24.7114600823261));
#7300=CARTESIAN_POINT('Ctrl Pts',(-1.44467286121704,-6.90039276592738,24.7892226860859));
#7301=CARTESIAN_POINT('',(-1.44467286121704,-6.90039276592738,25.625511019025));
#7302=CARTESIAN_POINT('',(-1.44467286121704,-6.90039276592738,0.));
#7303=CARTESIAN_POINT('',(-2.0314903050399,-6.75096638567612,25.8451565192081));
#7304=CARTESIAN_POINT('Ctrl Pts',(-1.44467286121704,-6.90039276592738,25.625511019025));
#7305=CARTESIAN_POINT('Ctrl Pts',(-1.64229809320798,-6.8590177574266,25.6987261857527));
#7306=CARTESIAN_POINT('Ctrl Pts',(-1.83814460090549,-6.80914767425483,25.7719413524804));
#7307=CARTESIAN_POINT('Ctrl Pts',(-2.0314903050399,-6.75096638567612,25.8451565192081));
#7308=CARTESIAN_POINT('',(-2.0314903050399,-6.75096638567612,26.4195086644031));
#7309=CARTESIAN_POINT('',(-2.0314903050399,-6.75096638567612,0.));
#7310=CARTESIAN_POINT('',(-1.44467286121704,-6.90039276592738,26.6527964756824));
#7311=CARTESIAN_POINT('Ctrl Pts',(-2.0314903050399,-6.75096638567612,26.4195086644031));
#7312=CARTESIAN_POINT('Ctrl Pts',(-1.83814460090549,-6.80914767425483,26.4972712681629));
#7313=CARTESIAN_POINT('Ctrl Pts',(-1.64229809320798,-6.8590177574266,26.5750338719226));
#7314=CARTESIAN_POINT('Ctrl Pts',(-1.44467286121704,-6.90039276592738,26.6527964756824));
#7315=CARTESIAN_POINT('',(-1.44467286121704,-6.90039276592738,27.489085404668));
#7316=CARTESIAN_POINT('',(-1.44467286121704,-6.90039276592738,0.));
#7317=CARTESIAN_POINT('',(-2.0314903050399,-6.75096638567612,27.7087309048511));
#7318=CARTESIAN_POINT('Ctrl Pts',(-1.44467286121704,-6.90039276592738,27.489085404668));
#7319=CARTESIAN_POINT('Ctrl Pts',(-1.64229809320798,-6.8590177574266,27.5623005713957));
#7320=CARTESIAN_POINT('Ctrl Pts',(-1.83814460090549,-6.80914767425483,27.6355157381234));
#7321=CARTESIAN_POINT('Ctrl Pts',(-2.0314903050399,-6.75096638567612,27.7087309048511));
#7322=CARTESIAN_POINT('',(-2.0314903050399,-6.75096638567612,27.98976799706));
#7323=CARTESIAN_POINT('',(-2.0314903050399,-6.75096638567612,0.));
#7324=CARTESIAN_POINT('Ctrl Pts',(-2.0314903050399,-6.75096638567612,27.98976799706));
#7325=CARTESIAN_POINT('Ctrl Pts',(-1.39310108676215,-6.94306947635732,27.7337424045739));
#7326=CARTESIAN_POINT('Ctrl Pts',(-0.727350575686548,-7.0439978372733,27.4777168120878));
#7327=CARTESIAN_POINT('Ctrl Pts',(-0.0607086665626008,-7.04973860918291,
27.2216912196018));
#7328=CARTESIAN_POINT('',(-0.0525234251064807,-7.04980434408041,21.2012281105854));
#7329=CARTESIAN_POINT('',(-0.0525234251064807,-7.04980434408041,21.0429730103351));
#7330=CARTESIAN_POINT('',(-0.0525234251064807,-7.04980434408041,0.));
#7331=CARTESIAN_POINT('',(-2.0314903050399,-6.75096638567612,21.0429730103351));
#7332=CARTESIAN_POINT('Origin',(0.,0.,21.0429730103351));
#7333=CARTESIAN_POINT('',(-2.0314903050399,-6.75096638567612,21.2885393784381));
#7334=CARTESIAN_POINT('',(-2.0314903050399,-6.75096638567612,0.));
#7335=CARTESIAN_POINT('',(-0.495497920998803,-7.03256580561361,21.2885393784381));
#7336=CARTESIAN_POINT('Origin',(0.,0.,21.2885393784381));
#7337=CARTESIAN_POINT('',(-0.664088857661596,-7.01865271894327,21.5211453125812));
#7338=CARTESIAN_POINT('Ctrl Pts',(-0.495497920998804,-7.03256580561361,
21.2885393784381));
#7339=CARTESIAN_POINT('Ctrl Pts',(-0.524555303979031,-7.03051849126856,
21.3220171297205));
#7340=CARTESIAN_POINT('Ctrl Pts',(-0.587516370213712,-7.02565137404539,
21.3945915247591));
#7341=CARTESIAN_POINT('Ctrl Pts',(-0.63728866706951,-7.02118849164326,21.4768381366842));
#7342=CARTESIAN_POINT('Ctrl Pts',(-0.664088857661596,-7.01865271894327,
21.5211453125812));
#7343=CARTESIAN_POINT('',(-0.790286589890521,-7.00556543798138,21.7796721146442));
#7344=CARTESIAN_POINT('Ctrl Pts',(-0.664088857661596,-7.01865271894327,
21.5211453125812));
#7345=CARTESIAN_POINT('Ctrl Pts',(-0.68974135249339,-7.01622553858955,21.5661432120006));
#7346=CARTESIAN_POINT('Ctrl Pts',(-0.73731049989678,-7.01143284714722,21.6496343907194));
#7347=CARTESIAN_POINT('Ctrl Pts',(-0.773573383120161,-7.00745082800473,
21.7386375557518));
#7348=CARTESIAN_POINT('Ctrl Pts',(-0.790286589890521,-7.00556543798138,
21.7796721146442));
#7349=CARTESIAN_POINT('',(-0.55399850806177,-7.02819931796654,21.7796721146442));
#7350=CARTESIAN_POINT('Origin',(0.,0.,21.7796721146442));
#7351=CARTESIAN_POINT('',(-0.319808311264268,-7.04274255131098,21.4195086644031));
#7352=CARTESIAN_POINT('Ctrl Pts',(-0.55399850806177,-7.02819931796654,21.7796721146442));
#7353=CARTESIAN_POINT('Ctrl Pts',(-0.520695277812518,-7.03082444839284,
21.7138260495956));
#7354=CARTESIAN_POINT('Ctrl Pts',(-0.455646047826134,-7.03559247544453,
21.5852714389801));
#7355=CARTESIAN_POINT('Ctrl Pts',(-0.364360064417057,-7.04071947282474,
21.4738565205733));
#7356=CARTESIAN_POINT('Ctrl Pts',(-0.319808311264268,-7.04274255131098,
21.4195086644031));
#7357=CARTESIAN_POINT('Ctrl Pts',(-0.319808311264268,-7.04274255131098,
21.4195086644031));
#7358=CARTESIAN_POINT('Ctrl Pts',(-0.276625157427927,-7.04470348221295,
21.3731064108245));
#7359=CARTESIAN_POINT('Ctrl Pts',(-0.19742253023162,-7.04767166732111,21.2880322416634));
#7360=CARTESIAN_POINT('Ctrl Pts',(-0.0978088652400907,-7.04946695224552,
21.2283552882752));
#7361=CARTESIAN_POINT('Ctrl Pts',(-0.0525234251064807,-7.04980434408041,
21.2012281105854));
#7362=CARTESIAN_POINT('',(-2.06412611893655,-6.74105951354265,18.9952244446613));
#7363=CARTESIAN_POINT('',(-1.91755202595213,-6.78420918219411,19.4406547234394));
#7364=CARTESIAN_POINT('Ctrl Pts',(-2.06412611893655,-6.74105951354265,18.9952244446613));
#7365=CARTESIAN_POINT('Ctrl Pts',(-2.05925127196235,-6.74255220159044,19.0805124631893));
#7366=CARTESIAN_POINT('Ctrl Pts',(-2.04998169448695,-6.74556202743773,19.243521824397));
#7367=CARTESIAN_POINT('Ctrl Pts',(-1.96041214266427,-6.77209479989446,19.3770091919284));
#7368=CARTESIAN_POINT('Ctrl Pts',(-1.91755202595213,-6.78420918219411,19.4406547234394));
#7369=CARTESIAN_POINT('',(-1.52469170809642,-6.88315445092307,19.6377887413837));
#7370=CARTESIAN_POINT('Ctrl Pts',(-1.91755202595213,-6.78420918219411,19.4406547234394));
#7371=CARTESIAN_POINT('Ctrl Pts',(-1.86352404076142,-6.79948015478329,19.492107847819));
#7372=CARTESIAN_POINT('Ctrl Pts',(-1.75221775062707,-6.82977883614478,19.5978143882349));
#7373=CARTESIAN_POINT('Ctrl Pts',(-1.60207790822724,-6.8660125868981,19.6242306906048));
#7374=CARTESIAN_POINT('Ctrl Pts',(-1.52469170809642,-6.88315445092307,19.6377887413837));
#7375=CARTESIAN_POINT('',(-1.5033731951445,-6.88784211753732,19.3799450085498));
#7376=CARTESIAN_POINT('Ctrl Pts',(-1.52469170809642,-6.88315445092307,19.6377887413837));
#7377=CARTESIAN_POINT('Ctrl Pts',(-1.51758796173783,-6.88472800607813,19.5518408304391));
#7378=CARTESIAN_POINT('Ctrl Pts',(-1.51048177940044,-6.88629056411269,19.4658929194945));
#7379=CARTESIAN_POINT('Ctrl Pts',(-1.5033731951445,-6.88784211753732,19.3799450085498));
#7380=CARTESIAN_POINT('',(-1.77865917369239,-6.8219404529679,19.2469300911762));
#7381=CARTESIAN_POINT('Ctrl Pts',(-1.5033731951445,-6.88784211753732,19.3799450085498));
#7382=CARTESIAN_POINT('Ctrl Pts',(-1.55934959513459,-6.87562444212175,19.3688588403626));
#7383=CARTESIAN_POINT('Ctrl Pts',(-1.66257938555412,-6.85163394818043,19.3483532681415));
#7384=CARTESIAN_POINT('Ctrl Pts',(-1.74216545153025,-6.83145532548158,19.2788547909352));
#7385=CARTESIAN_POINT('Ctrl Pts',(-1.77865917369239,-6.8219404529679,19.2469300911762));
#7386=CARTESIAN_POINT('',(-1.87024387053559,-6.79740302356158,18.9952244446613));
#7387=CARTESIAN_POINT('Ctrl Pts',(-1.77865917369239,-6.8219404529679,19.2469300911762));
#7388=CARTESIAN_POINT('Ctrl Pts',(-1.80541783660853,-6.81496376626129,19.2100589329814));
#7389=CARTESIAN_POINT('Ctrl Pts',(-1.85948473345432,-6.8004204210911,19.1354075083343));
#7390=CARTESIAN_POINT('Ctrl Pts',(-1.86662360983819,-6.79839910549987,19.0423299666532));
#7391=CARTESIAN_POINT('Ctrl Pts',(-1.87024387053559,-6.79740302356158,18.9952244446613));
#7392=CARTESIAN_POINT('',(-1.74100877893478,-6.83164609970921,18.6950888321735));
#7393=CARTESIAN_POINT('Ctrl Pts',(-1.87024387053559,-6.79740302356158,18.9952244446613));
#7394=CARTESIAN_POINT('Ctrl Pts',(-1.86473222224113,-6.79891950366487,18.9382473259371));
#7395=CARTESIAN_POINT('Ctrl Pts',(-1.85366212791494,-6.80207009835439,18.823534439012));
#7396=CARTESIAN_POINT('Ctrl Pts',(-1.77879558983308,-6.82201633134274,18.7380923904062));
#7397=CARTESIAN_POINT('Ctrl Pts',(-1.74100877893478,-6.83164609970921,18.6950888321735));
#7398=CARTESIAN_POINT('',(-1.39523004263,-6.91055953799276,18.572305648122));
#7399=CARTESIAN_POINT('Ctrl Pts',(-1.74100877893478,-6.83164609970921,18.6950888321735));
#7400=CARTESIAN_POINT('Ctrl Pts',(-1.69253737491964,-6.84399877996898,18.6593054817736));
#7401=CARTESIAN_POINT('Ctrl Pts',(-1.58977332146789,-6.86917078875361,18.5836230034723));
#7402=CARTESIAN_POINT('Ctrl Pts',(-1.46252997927125,-6.89697179694911,18.5762124341882));
#7403=CARTESIAN_POINT('Ctrl Pts',(-1.39523004263,-6.91055953799276,18.572305648122));
#7404=CARTESIAN_POINT('',(-1.06884998624066,-6.96850484012986,18.6903133080341));
#7405=CARTESIAN_POINT('Ctrl Pts',(-1.39523004263,-6.91055953799276,18.572305648122));
#7406=CARTESIAN_POINT('Ctrl Pts',(-1.3315764756122,-6.92341108330331,18.575928255169));
#7407=CARTESIAN_POINT('Ctrl Pts',(-1.2111198541202,-6.94584368518662,18.5827630025528));
#7408=CARTESIAN_POINT('Ctrl Pts',(-1.11437524231178,-6.96152204102998,18.6559278660866));
#7409=CARTESIAN_POINT('Ctrl Pts',(-1.06884998624066,-6.96850484012986,18.6903133080341));
#7410=CARTESIAN_POINT('',(-0.948682123457478,-6.98587877282681,18.9993180916645));
#7411=CARTESIAN_POINT('Ctrl Pts',(-1.06884998624066,-6.96850484012986,18.6903133080341));
#7412=CARTESIAN_POINT('Ctrl Pts',(-1.03385673788523,-6.97387220857996,18.7337064150547));
#7413=CARTESIAN_POINT('Ctrl Pts',(-0.961304377996078,-6.98426421308665,
18.8235407758264));
#7414=CARTESIAN_POINT('Ctrl Pts',(-0.952979064247322,-6.98529524839911,
18.9394150858544));
#7415=CARTESIAN_POINT('Ctrl Pts',(-0.948682123457478,-6.98587877282681,
18.9993180916645));
#7416=CARTESIAN_POINT('',(-1.00205173080565,-6.97842334118456,19.2135061905719));
#7417=CARTESIAN_POINT('Ctrl Pts',(-0.948682123457478,-6.98587877282681,
18.9993180916645));
#7418=CARTESIAN_POINT('Ctrl Pts',(-0.950716080891613,-6.98560256146953,
19.0375689413171));
#7419=CARTESIAN_POINT('Ctrl Pts',(-0.954703657865815,-6.98507965050636,
19.11251285918));
#7420=CARTESIAN_POINT('Ctrl Pts',(-0.98649579038088,-6.98065706308202,19.1803115001033));
#7421=CARTESIAN_POINT('Ctrl Pts',(-1.00205173080565,-6.97842334118456,19.2135061905719));
#7422=CARTESIAN_POINT('',(-1.1402624910672,-6.95717625559862,19.3635739968158));
#7423=CARTESIAN_POINT('Ctrl Pts',(-1.00205173080565,-6.97842334118456,19.2135061905719));
#7424=CARTESIAN_POINT('Ctrl Pts',(-1.02086922723279,-6.97572128314904,19.2434485797969));
#7425=CARTESIAN_POINT('Ctrl Pts',(-1.05777301482122,-6.9703143173114,19.3021934506589));
#7426=CARTESIAN_POINT('Ctrl Pts',(-1.11314387854089,-6.96162092331114,19.3433802159293));
#7427=CARTESIAN_POINT('Ctrl Pts',(-1.1402624910672,-6.95717625559862,19.3635739968158));
#7428=CARTESIAN_POINT('',(-1.11063350622599,-6.961967625237,19.5941331074573));
#7429=CARTESIAN_POINT('Ctrl Pts',(-1.1402624910672,-6.95717625559862,19.3635739968158));
#7430=CARTESIAN_POINT('Ctrl Pts',(-1.1303895774149,-6.95879439961304,19.4404270336963));
#7431=CARTESIAN_POINT('Ctrl Pts',(-1.12051321930049,-6.96039152765036,19.5172800705768));
#7432=CARTESIAN_POINT('Ctrl Pts',(-1.11063350622599,-6.961967625237,19.5941331074573));
#7433=CARTESIAN_POINT('',(-0.087992350370754,-7.04945085423512,19.4004084751941));
#7434=CARTESIAN_POINT('Ctrl Pts',(-1.11063350622599,-6.961967625237,19.5941331074573));
#7435=CARTESIAN_POINT('Ctrl Pts',(-0.772481074005203,-7.01591263642534,
19.5295582300363));
#7436=CARTESIAN_POINT('Ctrl Pts',(-0.430393964468945,-7.04517694362588,
19.4649833526152));
#7437=CARTESIAN_POINT('Ctrl Pts',(-0.087992350370754,-7.04945085423512,
19.4004084751941));
#7438=CARTESIAN_POINT('',(-0.087992350370754,-7.04945085423512,18.4058656380512));
#7439=CARTESIAN_POINT('',(-0.087992350370754,-7.04945085423512,0.));
#7440=CARTESIAN_POINT('',(-0.322534178885587,-7.04261824206386,18.4058656380512));
#7441=CARTESIAN_POINT('Origin',(0.,0.,18.4058656380512));
#7442=CARTESIAN_POINT('',(-0.322534178885587,-7.04261824206386,19.2039551422931));
#7443=CARTESIAN_POINT('',(-0.322534178885587,-7.04261824206386,0.));
#7444=CARTESIAN_POINT('',(-0.85803135860436,-6.99759117037081,19.311732260976));
#7445=CARTESIAN_POINT('Ctrl Pts',(-0.322534178885587,-7.04261824206386,
19.2039551422931));
#7446=CARTESIAN_POINT('Ctrl Pts',(-0.501518931983809,-7.03442119113913,
19.2398808485207));
#7447=CARTESIAN_POINT('Ctrl Pts',(-0.680190946862252,-7.01939762439001,
19.2758065547484));
#7448=CARTESIAN_POINT('Ctrl Pts',(-0.85803135860436,-6.99759117037081,19.311732260976));
#7449=CARTESIAN_POINT('',(-0.733323121403483,-7.01175706935252,18.9338328526355));
#7450=CARTESIAN_POINT('Ctrl Pts',(-0.85803135860436,-6.99759117037081,19.311732260976));
#7451=CARTESIAN_POINT('Ctrl Pts',(-0.821704299678307,-7.00204552544323,
19.251935891811));
#7452=CARTESIAN_POINT('Ctrl Pts',(-0.75093394546853,-7.00999642195303,19.135584296898));
#7453=CARTESIAN_POINT('Ctrl Pts',(-0.739080558439758,-7.01115492902493,
18.9998227218127));
#7454=CARTESIAN_POINT('Ctrl Pts',(-0.733323121403483,-7.01175706935252,
18.9338328526355));
#7455=CARTESIAN_POINT('',(-0.913522153834876,-6.99056344470551,18.4918131516315));
#7456=CARTESIAN_POINT('Ctrl Pts',(-0.733323121403483,-7.01175706935252,
18.9338328526355));
#7457=CARTESIAN_POINT('Ctrl Pts',(-0.740634457928174,-7.01099241477752,
18.8501393678425));
#7458=CARTESIAN_POINT('Ctrl Pts',(-0.755178839565606,-7.00966958663669,
18.6838898377019));
#7459=CARTESIAN_POINT('Ctrl Pts',(-0.861047247367877,-6.99742083037366,
18.5555460144274));
#7460=CARTESIAN_POINT('Ctrl Pts',(-0.913522153834876,-6.99056344470551,
18.4918131516315));
#7461=CARTESIAN_POINT('',(-1.37382671560743,-6.91484635805332,18.3117320225574));
#7462=CARTESIAN_POINT('Ctrl Pts',(-0.913522153834876,-6.99056344470551,
18.4918131516315));
#7463=CARTESIAN_POINT('Ctrl Pts',(-0.97914157120859,-6.98198834314656,18.4393032594628));
#7464=CARTESIAN_POINT('Ctrl Pts',(-1.11431762992276,-6.96267647913956,18.3309697151649));
#7465=CARTESIAN_POINT('Ctrl Pts',(-1.28581563472282,-6.93233220921008,18.3182740340151));
#7466=CARTESIAN_POINT('Ctrl Pts',(-1.37382671560743,-6.91484635805332,18.3117320225574));
#7467=CARTESIAN_POINT('',(-1.83075145478316,-6.80814579094847,18.4699859307148));
#7468=CARTESIAN_POINT('Ctrl Pts',(-1.37382671560743,-6.91484635805332,18.3117320225574));
#7469=CARTESIAN_POINT('Ctrl Pts',(-1.45894171708934,-6.89793589368724,18.3178144193644));
#7470=CARTESIAN_POINT('Ctrl Pts',(-1.62535382522318,-6.86141777142761,18.3297542094471));
#7471=CARTESIAN_POINT('Ctrl Pts',(-1.76331503077963,-6.82627985198958,18.4238329904065));
#7472=CARTESIAN_POINT('Ctrl Pts',(-1.83075145478316,-6.80814579094847,18.4699859307148));
#7473=CARTESIAN_POINT('Ctrl Pts',(-1.83075145478316,-6.80814579094847,18.4699859307148));
#7474=CARTESIAN_POINT('Ctrl Pts',(-1.89914079557323,-6.78975548483758,18.5410795652624));
#7475=CARTESIAN_POINT('Ctrl Pts',(-2.03808019247985,-6.74942658313011,18.6863069203319));
#7476=CARTESIAN_POINT('Ctrl Pts',(-2.05528721905949,-6.74376600264311,18.8908248589499));
#7477=CARTESIAN_POINT('Ctrl Pts',(-2.06412611893655,-6.74105951354265,18.9952244446613));
#7478=CARTESIAN_POINT('',(-1.80438862585782,-6.81518023876661,12.5532068894245));
#7479=CARTESIAN_POINT('',(-2.0314903050399,-6.75096638567612,12.5532068894245));
#7480=CARTESIAN_POINT('Origin',(0.,0.,12.5532068894245));
#7481=CARTESIAN_POINT('',(-2.0314903050399,-6.75096638567612,13.8028659508564));
#7482=CARTESIAN_POINT('',(-2.0314903050399,-6.75096638567612,0.));
#7483=CARTESIAN_POINT('',(-0.0607086665626011,-7.04973860918291,13.8028659508564));
#7484=CARTESIAN_POINT('Origin',(0.,0.,13.8028659508564));
#7485=CARTESIAN_POINT('',(-0.0607086665626014,-7.04973860918291,13.5381998703815));
#7486=CARTESIAN_POINT('',(-0.0607086665626014,-7.04973860918291,0.));
#7487=CARTESIAN_POINT('',(-1.80438862585781,-6.81518023876661,13.5381998703815));
#7488=CARTESIAN_POINT('Origin',(0.,0.,13.5381998703815));
#7489=CARTESIAN_POINT('',(-1.80438862585781,-6.81518023876661,0.));
#7490=CARTESIAN_POINT('',(-0.0525234251064807,-7.04980434408041,9.61323401192204));
#7491=CARTESIAN_POINT('',(-0.184835173591198,-7.04757660182587,9.2264666245319));
#7492=CARTESIAN_POINT('Ctrl Pts',(-0.0525234251064807,-7.04980434408041,
9.61323401192204));
#7493=CARTESIAN_POINT('Ctrl Pts',(-0.0569819121176906,-7.04977112684527,
9.53935781127898));
#7494=CARTESIAN_POINT('Ctrl Pts',(-0.065518387473123,-7.04982970585408,
9.3979294917322));
#7495=CARTESIAN_POINT('Ctrl Pts',(-0.146272794156805,-7.04858796849835,
9.28189133355523));
#7496=CARTESIAN_POINT('Ctrl Pts',(-0.184835173591198,-7.04757660182587,
9.2264666245319));
#7497=CARTESIAN_POINT('',(-0.549918020889337,-7.02851977092625,9.04570242622868));
#7498=CARTESIAN_POINT('Ctrl Pts',(-0.184835173591198,-7.04757660182587,
9.2264666245319));
#7499=CARTESIAN_POINT('Ctrl Pts',(-0.234710965331778,-7.04626852088611,
9.18106512787455));
#7500=CARTESIAN_POINT('Ctrl Pts',(-0.339012497672955,-7.04262866784943,
9.08610253172425));
#7501=CARTESIAN_POINT('Ctrl Pts',(-0.477654041402902,-7.0341737728891,9.05955671938857));
#7502=CARTESIAN_POINT('Ctrl Pts',(-0.549918020889337,-7.02851977092625,
9.04570242622868));
#7503=CARTESIAN_POINT('',(-0.568957498079357,-7.02700415293596,9.28990504005924));
#7504=CARTESIAN_POINT('Ctrl Pts',(-0.549918020889337,-7.02851977092625,
9.04570242622868));
#7505=CARTESIAN_POINT('Ctrl Pts',(-0.55626519375101,-7.02802316213064,9.12710329750553));
#7506=CARTESIAN_POINT('Ctrl Pts',(-0.562611693911191,-7.02751795551587,
9.20850416878239));
#7507=CARTESIAN_POINT('Ctrl Pts',(-0.568957498079357,-7.02700415293596,
9.28990504005924));
#7508=CARTESIAN_POINT('',(-0.359325519765924,-7.0408369652226,9.38267370918766));
#7509=CARTESIAN_POINT('Ctrl Pts',(-0.568957498079357,-7.02700415293596,
9.28990504005924));
#7510=CARTESIAN_POINT('Ctrl Pts',(-0.526192772699236,-7.03046669694886,
9.3002867129379));
#7511=CARTESIAN_POINT('Ctrl Pts',(-0.450546314104312,-7.03584485370074,
9.31863648815091));
#7512=CARTESIAN_POINT('Ctrl Pts',(-0.386948946529628,-7.03942721774107,
9.36328555261957));
#7513=CARTESIAN_POINT('Ctrl Pts',(-0.359325519765924,-7.0408369652226,9.38267370918766));
#7514=CARTESIAN_POINT('',(-0.254378820035238,-7.04540924403384,9.62824007729069));
#7515=CARTESIAN_POINT('Ctrl Pts',(-0.359325519765924,-7.0408369652226,9.38267370918766));
#7516=CARTESIAN_POINT('Ctrl Pts',(-0.328726617033217,-7.04239856460105,
9.41786088406869));
#7517=CARTESIAN_POINT('Ctrl Pts',(-0.26735732934541,-7.04500554088533,9.48840352254221));
#7518=CARTESIAN_POINT('Ctrl Pts',(-0.258711047782861,-7.04525282629509,
9.58155381829402));
#7519=CARTESIAN_POINT('Ctrl Pts',(-0.254378820035238,-7.04540924403384,
9.62824007729069));
#7520=CARTESIAN_POINT('',(-0.319808311264268,-7.04274255131098,9.8342432663776));
#7521=CARTESIAN_POINT('Ctrl Pts',(-0.254378820035238,-7.04540924403384,
9.62824007729069));
#7522=CARTESIAN_POINT('Ctrl Pts',(-0.256917486010249,-7.04531758394245,
9.66589734615594));
#7523=CARTESIAN_POINT('Ctrl Pts',(-0.261911867591828,-7.04516405529592,
9.73996669948773));
#7524=CARTESIAN_POINT('Ctrl Pts',(-0.300729974252629,-7.04360889147562,
9.80317192638406));
#7525=CARTESIAN_POINT('Ctrl Pts',(-0.319808311264268,-7.04274255131098,
9.8342432663776));
#7526=CARTESIAN_POINT('',(-0.56623765542893,-7.02722384143086,10.0170530960895));
#7527=CARTESIAN_POINT('Ctrl Pts',(-0.319808311264268,-7.04274255131098,
9.8342432663776));
#7528=CARTESIAN_POINT('Ctrl Pts',(-0.352518868959616,-7.04125717709194,
9.87137196619001));
#7529=CARTESIAN_POINT('Ctrl Pts',(-0.421593852738683,-7.0377396798049,9.94979483139712));
#7530=CARTESIAN_POINT('Ctrl Pts',(-0.516376015625671,-7.03124157854229,
9.993853607325));
#7531=CARTESIAN_POINT('Ctrl Pts',(-0.56623765542893,-7.02722384143086,10.0170530960895));
#7532=CARTESIAN_POINT('',(-1.02567818775718,-6.9749899107568,10.0866307900287));
#7533=CARTESIAN_POINT('Ctrl Pts',(-0.56623765542893,-7.02722384143086,10.0170530960895));
#7534=CARTESIAN_POINT('Ctrl Pts',(-0.631195928708425,-7.02198965205644,
10.0366259987457));
#7535=CARTESIAN_POINT('Ctrl Pts',(-0.781116729968038,-7.00786429200171,
10.0818483448023));
#7536=CARTESIAN_POINT('Ctrl Pts',(-0.937328152559571,-6.9879818584369,10.0848999594812));
#7537=CARTESIAN_POINT('Ctrl Pts',(-1.02567818775718,-6.9749899107568,10.0866307900287));
#7538=CARTESIAN_POINT('',(-0.826877955723537,-7.00134078918734,9.86971518257633));
#7539=CARTESIAN_POINT('Ctrl Pts',(-1.02567818775718,-6.9749899107568,10.0866307900287));
#7540=CARTESIAN_POINT('Ctrl Pts',(-0.984357517516082,-6.98106615039471,
10.0561072562616));
#7541=CARTESIAN_POINT('Ctrl Pts',(-0.904023152369548,-6.9920375449958,9.99685241192715));
#7542=CARTESIAN_POINT('Ctrl Pts',(-0.852076225111554,-6.99836480300031,
9.91123102362235));
#7543=CARTESIAN_POINT('Ctrl Pts',(-0.826877955723537,-7.00134078918734,
9.86971518257633));
#7544=CARTESIAN_POINT('',(-0.76181114599493,-7.00871912533509,9.6009554550983));
#7545=CARTESIAN_POINT('Ctrl Pts',(-0.826877955723537,-7.00134078918734,
9.86971518257633));
#7546=CARTESIAN_POINT('Ctrl Pts',(-0.807910488711292,-7.00358090016331,
9.82660724830065));
#7547=CARTESIAN_POINT('Ctrl Pts',(-0.770192522809361,-7.00783251215603,
9.74093737207666));
#7548=CARTESIAN_POINT('Ctrl Pts',(-0.764592164489732,-7.00841684315647,
9.64741741991455));
#7549=CARTESIAN_POINT('Ctrl Pts',(-0.76181114599493,-7.00871912533509,9.6009554550983));
#7550=CARTESIAN_POINT('',(-0.941246796569016,-6.98688446075564,9.18280979851261));
#7551=CARTESIAN_POINT('Ctrl Pts',(-0.76181114599493,-7.00871912533509,9.6009554550983));
#7552=CARTESIAN_POINT('Ctrl Pts',(-0.769446523121353,-7.00788919973888,
9.52199954949474));
#7553=CARTESIAN_POINT('Ctrl Pts',(-0.784814117514288,-7.00640591626242,
9.36329961391509));
#7554=CARTESIAN_POINT('Ctrl Pts',(-0.888996280197136,-6.99392345380473,
9.24317192684867));
#7555=CARTESIAN_POINT('Ctrl Pts',(-0.941246796569016,-6.98688446075564,
9.18280979851261));
#7556=CARTESIAN_POINT('',(-1.40191562987843,-6.90920636301323,9.01023289421574));
#7557=CARTESIAN_POINT('Ctrl Pts',(-0.941246796569016,-6.98688446075564,
9.18280979851261));
#7558=CARTESIAN_POINT('Ctrl Pts',(-1.00700780920258,-6.97802538446374,9.13249490160013));
#7559=CARTESIAN_POINT('Ctrl Pts',(-1.14351199787175,-6.95794272764506,9.02788728692334));
#7560=CARTESIAN_POINT('Ctrl Pts',(-1.31386691311069,-6.92707192755741,9.01626500847156));
#7561=CARTESIAN_POINT('Ctrl Pts',(-1.40191562987843,-6.90920636301323,9.01023289421574));
#7562=CARTESIAN_POINT('',(-1.74299155689475,-6.83114049281623,9.09140488365665));
#7563=CARTESIAN_POINT('Ctrl Pts',(-1.40191562987843,-6.90920636301323,9.01023289421574));
#7564=CARTESIAN_POINT('Ctrl Pts',(-1.46205126411193,-6.8970045150563,9.01347280109934));
#7565=CARTESIAN_POINT('Ctrl Pts',(-1.58075596330976,-6.87123795076109,9.01988594414348));
#7566=CARTESIAN_POINT('Ctrl Pts',(-1.68939245477544,-6.84481650819746,9.06773103556649));
#7567=CARTESIAN_POINT('Ctrl Pts',(-1.74299155689475,-6.83114049281623,9.09140488365665));
#7568=CARTESIAN_POINT('',(-1.98179301745699,-6.76572216662484,9.3144621537067));
#7569=CARTESIAN_POINT('Ctrl Pts',(-1.74299155689475,-6.83114049281623,9.09140488365665));
#7570=CARTESIAN_POINT('Ctrl Pts',(-1.79181276019218,-6.81868357654664,9.12042691536109));
#7571=CARTESIAN_POINT('Ctrl Pts',(-1.8869606998266,-6.79315783415825,9.17716778650953));
#7572=CARTESIAN_POINT('Ctrl Pts',(-1.95070083471227,-6.77482958622373,9.26940350391724));
#7573=CARTESIAN_POINT('Ctrl Pts',(-1.98179301745699,-6.76572216662484,9.3144621537067));
#7574=CARTESIAN_POINT('',(-2.06412611893655,-6.74105951354265,9.63642737129704));
#7575=CARTESIAN_POINT('Ctrl Pts',(-1.98179301745699,-6.76572216662484,9.3144621537067));
#7576=CARTESIAN_POINT('Ctrl Pts',(-2.00584701279797,-6.75867634966182,9.36397344625045));
#7577=CARTESIAN_POINT('Ctrl Pts',(-2.05491962919784,-6.74392777761845,9.46519122805371));
#7578=CARTESIAN_POINT('Ctrl Pts',(-2.06100859827002,-6.74201410470465,9.57852930358079));
#7579=CARTESIAN_POINT('Ctrl Pts',(-2.06412611893655,-6.74105951354265,9.63642737129704));
#7580=CARTESIAN_POINT('',(-1.8472145381808,-6.80369741022729,10.1371087715961));
#7581=CARTESIAN_POINT('Ctrl Pts',(-2.06412611893655,-6.74105951354265,9.63642737129704));
#7582=CARTESIAN_POINT('Ctrl Pts',(-2.05545884912267,-6.74371344916906,9.73373197672643));
#7583=CARTESIAN_POINT('Ctrl Pts',(-2.03836810587019,-6.74926899269427,9.92660546867121));
#7584=CARTESIAN_POINT('Ctrl Pts',(-1.91076602821557,-6.78644308081828,10.0673632426078));
#7585=CARTESIAN_POINT('Ctrl Pts',(-1.8472145381808,-6.80369741022729,10.1371087715961));
#7586=CARTESIAN_POINT('',(-1.12006309283704,-6.96045678587723,10.3308334038593));
#7587=CARTESIAN_POINT('Ctrl Pts',(-1.8472145381808,-6.80369741022729,10.1371087715961));
#7588=CARTESIAN_POINT('Ctrl Pts',(-1.75320572870693,-6.82922094972453,10.1933030913237));
#7589=CARTESIAN_POINT('Ctrl Pts',(-1.53137057800487,-6.88496451031066,10.3252197602702));
#7590=CARTESIAN_POINT('Ctrl Pts',(-1.27060551276061,-6.9362317940915,10.3287862053896));
#7591=CARTESIAN_POINT('Ctrl Pts',(-1.12006309283704,-6.96045678587723,10.3308334038593));
#7592=CARTESIAN_POINT('',(-0.281643702146184,-7.04437199649773,10.1166453049518));
#7593=CARTESIAN_POINT('Ctrl Pts',(-1.12006309283704,-6.96045678587723,10.3308334038593));
#7594=CARTESIAN_POINT('Ctrl Pts',(-0.951077711162461,-6.98764958299748,
10.3282422673466));
#7595=CARTESIAN_POINT('Ctrl Pts',(-0.653364259300046,-7.02381117126847,
10.3237047731629));
#7596=CARTESIAN_POINT('Ctrl Pts',(-0.393290737402487,-7.03990819413765,
10.1788015345131));
#7597=CARTESIAN_POINT('Ctrl Pts',(-0.281643702146184,-7.04437199649773,
10.1166453049518));
#7598=CARTESIAN_POINT('Ctrl Pts',(-0.281643702146184,-7.04437199649773,
10.1166453049518));
#7599=CARTESIAN_POINT('Ctrl Pts',(-0.214855764273449,-7.04704227031214,
10.047942220882));
#7600=CARTESIAN_POINT('Ctrl Pts',(-0.0785147724166386,-7.04994267991001,
9.90777886687272));
#7601=CARTESIAN_POINT('Ctrl Pts',(-0.0612988467925556,-7.04973896422287,
9.71269481148354));
#7602=CARTESIAN_POINT('Ctrl Pts',(-0.0525234251064807,-7.04980434408041,
9.61323401192204));
#7603=CARTESIAN_POINT('',(2.57159382565017,-6.56425206675352,15.1705326722004));
#7604=CARTESIAN_POINT('',(1.05671174964817,-6.97035582148828,15.1705326722004));
#7605=CARTESIAN_POINT('Origin',(0.,0.,15.1705326722004));
#7606=CARTESIAN_POINT('',(1.05671174964817,-6.97035582148828,15.4242839501239));
#7607=CARTESIAN_POINT('',(1.05671174964817,-6.97035582148828,0.));
#7608=CARTESIAN_POINT('',(2.96546378327618,-6.39597721619436,15.4242839501239));
#7609=CARTESIAN_POINT('Origin',(0.,0.,15.4242839501239));
#7610=CARTESIAN_POINT('',(2.96546378327618,-6.39597721619436,15.152796714101));
#7611=CARTESIAN_POINT('',(2.96546378327618,-6.39597721619436,0.));
#7612=CARTESIAN_POINT('',(1.47937185070835,-6.89303698868153,14.1023196862079));
#7613=CARTESIAN_POINT('Ctrl Pts',(2.96546378327618,-6.39597721619436,15.152796714101));
#7614=CARTESIAN_POINT('Ctrl Pts',(2.49060123409463,-6.6161449316244,14.8026377048033));
#7615=CARTESIAN_POINT('Ctrl Pts',(1.9911380758538,-6.78320259364396,14.4524786955056));
#7616=CARTESIAN_POINT('Ctrl Pts',(1.47937185070835,-6.89303698868153,14.1023196862079));
#7617=CARTESIAN_POINT('',(2.96546378327618,-6.39597721619436,14.1023196862079));
#7618=CARTESIAN_POINT('Origin',(0.,0.,14.1023196862079));
#7619=CARTESIAN_POINT('',(2.96546378327618,-6.39597721619436,13.8485660240985));
#7620=CARTESIAN_POINT('',(2.96546378327618,-6.39597721619436,0.));
#7621=CARTESIAN_POINT('',(1.05671174964817,-6.97035582148828,13.8485660240985));
#7622=CARTESIAN_POINT('Origin',(0.,0.,13.8485660240985));
#7623=CARTESIAN_POINT('',(1.05671174964817,-6.97035582148828,14.1200532601215));
#7624=CARTESIAN_POINT('',(1.05671174964817,-6.97035582148828,0.));
#7625=CARTESIAN_POINT('Ctrl Pts',(1.05671174964817,-6.97035582148828,14.1200532601215));
#7626=CARTESIAN_POINT('Ctrl Pts',(1.57466797709456,-6.89183322589011,14.4702130641478));
#7627=CARTESIAN_POINT('Ctrl Pts',(2.08381453237202,-6.75534317753326,14.8203728681741));
#7628=CARTESIAN_POINT('Ctrl Pts',(2.57159382565017,-6.56425206675352,15.1705326722004));
#7629=CARTESIAN_POINT('',(1.28942629028295,-6.93108071240894,16.5129604027607));
#7630=CARTESIAN_POINT('',(1.05671174964817,-6.97035582148828,16.5129604027607));
#7631=CARTESIAN_POINT('Origin',(0.,0.,16.5129604027607));
#7632=CARTESIAN_POINT('',(1.05671174964817,-6.97035582148828,17.7626194641925));
#7633=CARTESIAN_POINT('',(1.05671174964817,-6.97035582148828,0.));
#7634=CARTESIAN_POINT('',(2.96546378327618,-6.39597721619436,17.7626194641925));
#7635=CARTESIAN_POINT('Origin',(0.,0.,17.7626194641925));
#7636=CARTESIAN_POINT('',(2.96546378327618,-6.39597721619436,17.4979533837177));
#7637=CARTESIAN_POINT('',(2.96546378327618,-6.39597721619436,0.));
#7638=CARTESIAN_POINT('',(1.28942629028295,-6.93108071240894,17.4979533837177));
#7639=CARTESIAN_POINT('Origin',(0.,0.,17.4979533837177));
#7640=CARTESIAN_POINT('',(1.28942629028295,-6.93108071240894,0.));
#7641=CARTESIAN_POINT('',(1.73571988419386,-6.83299176668713,21.2251021550037));
#7642=CARTESIAN_POINT('',(1.05671174964817,-6.97035582148828,21.2251021550037));
#7643=CARTESIAN_POINT('Origin',(0.,0.,21.2251021550037));
#7644=CARTESIAN_POINT('',(1.05671174964817,-6.97035582148828,21.4897670433857));
#7645=CARTESIAN_POINT('',(1.05671174964817,-6.97035582148828,0.));
#7646=CARTESIAN_POINT('',(2.96546378327618,-6.39597721619436,21.4897670433857));
#7647=CARTESIAN_POINT('Origin',(0.,0.,21.4897670433857));
#7648=CARTESIAN_POINT('',(2.96546378327618,-6.39597721619436,21.2251021550037));
#7649=CARTESIAN_POINT('',(2.96546378327618,-6.39597721619436,0.));
#7650=CARTESIAN_POINT('',(2.03932695720455,-6.74860323041878,21.2251021550037));
#7651=CARTESIAN_POINT('Origin',(0.,0.,21.2251021550037));
#7652=CARTESIAN_POINT('',(2.96546378327619,-6.39597721619436,20.2319230721332));
#7653=CARTESIAN_POINT('Ctrl Pts',(2.03932695720455,-6.74860323041878,21.2251021550037));
#7654=CARTESIAN_POINT('Ctrl Pts',(2.35579797833145,-6.65297042129924,20.8940424607135));
#7655=CARTESIAN_POINT('Ctrl Pts',(2.66552891207354,-6.5350405630182,20.5629827664234));
#7656=CARTESIAN_POINT('Ctrl Pts',(2.96546378327619,-6.39597721619436,20.2319230721332));
#7657=CARTESIAN_POINT('',(2.96546378327618,-6.39597721619436,19.8731233761646));
#7658=CARTESIAN_POINT('',(2.96546378327618,-6.39597721619436,0.));
#7659=CARTESIAN_POINT('',(2.21232141734591,-6.69388780503174,20.712141005788));
#7660=CARTESIAN_POINT('Ctrl Pts',(2.96546378327619,-6.39597721619436,19.8731233761646));
#7661=CARTESIAN_POINT('Ctrl Pts',(2.72040006878647,-6.50959981761237,20.1527959193724));
#7662=CARTESIAN_POINT('Ctrl Pts',(2.46879966209716,-6.60912207090635,20.4324684625802));
#7663=CARTESIAN_POINT('Ctrl Pts',(2.21232141734591,-6.69388780503174,20.712141005788));
#7664=CARTESIAN_POINT('',(1.05671174964817,-6.97035582148828,19.8362888977863));
#7665=CARTESIAN_POINT('Ctrl Pts',(2.21232141734592,-6.69388780503174,20.712141005788));
#7666=CARTESIAN_POINT('Ctrl Pts',(1.83580794521348,-6.8183250293443,20.4201903031208));
#7667=CARTESIAN_POINT('Ctrl Pts',(1.44877581597064,-6.91091858239919,20.1282396004535));
#7668=CARTESIAN_POINT('Ctrl Pts',(1.05671174964817,-6.97035582148828,19.8362888977863));
#7669=CARTESIAN_POINT('',(1.05671174964817,-6.97035582148828,20.185538737569));
#7670=CARTESIAN_POINT('',(1.05671174964817,-6.97035582148828,0.));
#7671=CARTESIAN_POINT('',(2.04324439570407,-6.74741819805353,20.8976807282306));
#7672=CARTESIAN_POINT('Ctrl Pts',(1.05671174964817,-6.97035582148828,20.185538737569));
#7673=CARTESIAN_POINT('Ctrl Pts',(1.39032589805151,-6.91977963865126,20.4229194011229));
#7674=CARTESIAN_POINT('Ctrl Pts',(1.72030045514866,-6.8452116617604,20.6603000646768));
#7675=CARTESIAN_POINT('Ctrl Pts',(2.04324439570407,-6.74741819805353,20.8976807282306));
#7676=CARTESIAN_POINT('Ctrl Pts',(2.04324439570407,-6.74741819805353,20.8976807282306));
#7677=CARTESIAN_POINT('Ctrl Pts',(1.94139956061216,-6.7782587184459,21.0068212038217));
#7678=CARTESIAN_POINT('Ctrl Pts',(1.83885635791404,-6.8067929895871,21.1159616794127));
#7679=CARTESIAN_POINT('Ctrl Pts',(1.73571988419386,-6.83299176668713,21.2251021550037));
#7680=CARTESIAN_POINT('',(1.13393378662197,-6.95821055786308,4.44832816969841));
#7681=CARTESIAN_POINT('',(0.378212076856919,-7.03984769898608,4.44832816969841));
#7682=CARTESIAN_POINT('Origin',(0.,0.,4.44832816969841));
#7683=CARTESIAN_POINT('',(0.378212076856919,-7.03984769898608,5.9422390187928));
#7684=CARTESIAN_POINT('',(0.378212076856919,-7.03984769898608,0.));
#7685=CARTESIAN_POINT('',(1.13393378662197,-6.95821055786307,5.9422390187928));
#7686=CARTESIAN_POINT('Origin',(0.,0.,5.9422390187928));
#7687=CARTESIAN_POINT('',(1.13393378662197,-6.95821055786308,0.));
#7688=CARTESIAN_POINT('',(1.28942629028295,-6.93108071240894,21.7939963028766));
#7689=CARTESIAN_POINT('',(1.05671174964817,-6.97035582148828,21.7939963028766));
#7690=CARTESIAN_POINT('Origin',(0.,0.,21.7939963028766));
#7691=CARTESIAN_POINT('',(1.05671174964817,-6.97035582148828,23.0436553643085));
#7692=CARTESIAN_POINT('',(1.05671174964817,-6.97035582148828,0.));
#7693=CARTESIAN_POINT('',(2.96546378327618,-6.39597721619436,23.0436553643085));
#7694=CARTESIAN_POINT('Origin',(0.,0.,23.0436553643085));
#7695=CARTESIAN_POINT('',(2.96546378327618,-6.39597721619436,22.7789892838337));
#7696=CARTESIAN_POINT('',(2.96546378327618,-6.39597721619436,0.));
#7697=CARTESIAN_POINT('',(1.28942629028295,-6.93108071240894,22.7789892838337));
#7698=CARTESIAN_POINT('Origin',(0.,0.,22.7789892838337));
#7699=CARTESIAN_POINT('',(1.28942629028295,-6.93108071240894,0.));
#7700=CARTESIAN_POINT('',(1.65096406708551,-6.85396364516128,19.3342437432148));
#7701=CARTESIAN_POINT('',(1.05671174964817,-6.97035582148828,19.553888051305));
#7702=CARTESIAN_POINT('Ctrl Pts',(1.65096406708551,-6.85396364516128,19.3342437432148));
#7703=CARTESIAN_POINT('Ctrl Pts',(1.45466855154316,-6.90124677350399,19.4074585125782));
#7704=CARTESIAN_POINT('Ctrl Pts',(1.25634070310179,-6.94009190583076,19.4806732819416));
#7705=CARTESIAN_POINT('Ctrl Pts',(1.05671174964817,-6.97035582148828,19.553888051305));
#7706=CARTESIAN_POINT('',(1.05671174964817,-6.97035582148828,19.8349251435138));
#7707=CARTESIAN_POINT('',(1.05671174964817,-6.97035582148828,0.));
#7708=CARTESIAN_POINT('',(2.96546378327619,-6.39597721619436,19.0668489621021));
#7709=CARTESIAN_POINT('Ctrl Pts',(1.05671174964817,-6.97035582148828,19.8349251435138));
#7710=CARTESIAN_POINT('Ctrl Pts',(1.71584701262904,-6.87043036648466,19.5788997497099));
#7711=CARTESIAN_POINT('Ctrl Pts',(2.36064327878783,-6.67639930664549,19.322874355906));
#7712=CARTESIAN_POINT('Ctrl Pts',(2.96546378327619,-6.39597721619436,19.0668489621021));
#7713=CARTESIAN_POINT('',(2.96546378327618,-6.39597721619436,18.7817194149829));
#7714=CARTESIAN_POINT('',(2.96546378327618,-6.39597721619436,0.));
#7715=CARTESIAN_POINT('',(1.05671174964817,-6.97035582148828,17.9631652520038));
#7716=CARTESIAN_POINT('Ctrl Pts',(2.96546378327618,-6.39597721619436,18.7817194149829));
#7717=CARTESIAN_POINT('Ctrl Pts',(2.36064327878782,-6.67639930664549,18.5088680273232));
#7718=CARTESIAN_POINT('Ctrl Pts',(1.71584701262904,-6.87043036648466,18.2360166396635));
#7719=CARTESIAN_POINT('Ctrl Pts',(1.05671174964817,-6.97035582148828,17.9631652520038));
#7720=CARTESIAN_POINT('',(1.05671174964817,-6.97035582148828,18.264665810857));
#7721=CARTESIAN_POINT('',(1.05671174964817,-6.97035582148828,0.));
#7722=CARTESIAN_POINT('',(1.65096406708551,-6.85396364516128,18.4979536221363));
#7723=CARTESIAN_POINT('Ctrl Pts',(1.05671174964817,-6.97035582148828,18.264665810857));
#7724=CARTESIAN_POINT('Ctrl Pts',(1.25634070310179,-6.94009190583076,18.3424284146167));
#7725=CARTESIAN_POINT('Ctrl Pts',(1.45466855154316,-6.90124677350399,18.4201910183765));
#7726=CARTESIAN_POINT('Ctrl Pts',(1.65096406708551,-6.85396364516128,18.4979536221363));
#7727=CARTESIAN_POINT('',(1.65096406708551,-6.85396364516128,0.));
#7728=CARTESIAN_POINT('',(2.96546378327618,-6.39597721619436,15.8881308720447));
#7729=CARTESIAN_POINT('',(1.05671174964817,-6.97035582148828,15.8881308720447));
#7730=CARTESIAN_POINT('Origin',(0.,0.,15.8881308720447));
#7731=CARTESIAN_POINT('',(1.05671174964817,-6.97035582148828,16.1527957604267));
#7732=CARTESIAN_POINT('',(1.05671174964817,-6.97035582148828,0.));
#7733=CARTESIAN_POINT('',(2.96546378327618,-6.39597721619436,16.1527957604267));
#7734=CARTESIAN_POINT('Origin',(0.,0.,16.1527957604267));
#7735=CARTESIAN_POINT('',(2.96546378327618,-6.39597721619436,0.));
#7736=CARTESIAN_POINT('',(1.28942629028295,-6.93108071240894,11.9058646843769));
#7737=CARTESIAN_POINT('',(1.05671174964817,-6.97035582148828,11.9058646843769));
#7738=CARTESIAN_POINT('Origin',(0.,0.,11.9058646843769));
#7739=CARTESIAN_POINT('',(1.05671174964817,-6.97035582148828,13.3983626053669));
#7740=CARTESIAN_POINT('',(1.05671174964817,-6.97035582148828,0.));
#7741=CARTESIAN_POINT('',(2.96546378327618,-6.39597721619436,13.3983626053669));
#7742=CARTESIAN_POINT('Origin',(0.,0.,13.3983626053669));
#7743=CARTESIAN_POINT('',(2.96546378327618,-6.39597721619436,11.9522514031269));
#7744=CARTESIAN_POINT('',(2.96546378327618,-6.39597721619436,0.));
#7745=CARTESIAN_POINT('',(2.74972099175374,-6.49165113569028,11.9522514031269));
#7746=CARTESIAN_POINT('Origin',(0.,0.,11.9522514031269));
#7747=CARTESIAN_POINT('',(2.74972099175374,-6.49165113569028,13.133696524892));
#7748=CARTESIAN_POINT('',(2.74972099175374,-6.49165113569028,0.));
#7749=CARTESIAN_POINT('',(2.1760195216937,-6.70577654274342,13.133696524892));
#7750=CARTESIAN_POINT('Origin',(0.,0.,13.133696524892));
#7751=CARTESIAN_POINT('',(2.1760195216937,-6.70577654274342,12.0272864983417));
#7752=CARTESIAN_POINT('',(2.1760195216937,-6.70577654274342,0.));
#7753=CARTESIAN_POINT('',(1.95166048726052,-6.77447572454622,12.0272864983417));
#7754=CARTESIAN_POINT('Origin',(0.,0.,12.0272864983417));
#7755=CARTESIAN_POINT('',(1.95166048726052,-6.77447572454622,13.133696524892));
#7756=CARTESIAN_POINT('',(1.95166048726052,-6.77447572454622,0.));
#7757=CARTESIAN_POINT('',(1.28942629028295,-6.93108071240894,13.133696524892));
#7758=CARTESIAN_POINT('Origin',(0.,0.,13.133696524892));
#7759=CARTESIAN_POINT('',(1.28942629028295,-6.93108071240894,0.));
#7760=CARTESIAN_POINT('Origin',(0.,0.,0.));
#7761=CARTESIAN_POINT('',(1.29125526374435,-6.94091203256838,11.9058646843769));
#7762=CARTESIAN_POINT('',(1.05821063156257,-6.9802428510223,11.9058646843769));
#7763=CARTESIAN_POINT('Origin',(0.,0.,11.9058646843769));
#7764=CARTESIAN_POINT('',(1.29125526374435,-6.94091203256838,13.133696524892));
#7765=CARTESIAN_POINT('',(1.29125526374435,-6.94091203256838,13.133696524892));
#7766=CARTESIAN_POINT('',(1.95442880000841,-6.78408490997111,13.133696524892));
#7767=CARTESIAN_POINT('Origin',(0.,0.,13.133696524892));
#7768=CARTESIAN_POINT('',(1.9544288000084,-6.78408490997111,12.0272864983417));
#7769=CARTESIAN_POINT('',(1.95442880000841,-6.78408490997111,12.0272864983417));
#7770=CARTESIAN_POINT('',(2.17910607420674,-6.71528828252036,12.0272864983417));
#7771=CARTESIAN_POINT('Origin',(0.,0.,12.0272864983417));
#7772=CARTESIAN_POINT('',(2.17910607420674,-6.71528828252036,13.133696524892));
#7773=CARTESIAN_POINT('',(2.17910607420674,-6.71528828252036,13.133696524892));
#7774=CARTESIAN_POINT('',(2.75362130521722,-6.50085915148558,13.133696524892));
#7775=CARTESIAN_POINT('Origin',(0.,0.,13.133696524892));
#7776=CARTESIAN_POINT('',(2.75362130521722,-6.50085915148558,11.9522514031269));
#7777=CARTESIAN_POINT('',(2.75362130521722,-6.50085915148558,11.9522514031269));
#7778=CARTESIAN_POINT('',(2.96967011488367,-6.40504952430243,11.9522514031269));
#7779=CARTESIAN_POINT('Origin',(0.,0.,11.9522514031269));
#7780=CARTESIAN_POINT('',(2.96967011488367,-6.40504952430243,13.3983626053669));
#7781=CARTESIAN_POINT('',(2.96967011488367,-6.40504952430243,13.3983626053669));
#7782=CARTESIAN_POINT('',(1.05821063156257,-6.9802428510223,13.3983626053669));
#7783=CARTESIAN_POINT('Origin',(0.,0.,13.3983626053669));
#7784=CARTESIAN_POINT('',(1.05821063156257,-6.9802428510223,11.9058646843769));
#7785=CARTESIAN_POINT('Origin',(1.17323337795652,-6.95169212788144,11.9058646843769));
#7786=CARTESIAN_POINT('',(1.28942629028295,-6.93108071240894,11.9058646843769));
#7787=CARTESIAN_POINT('',(1.05671174964817,-6.97035582148828,11.9058646843769));
#7788=CARTESIAN_POINT('Origin',(1.28942629028295,-6.93108071240894,12.5197806046344));
#7789=CARTESIAN_POINT('',(1.28942629028295,-6.93108071240894,13.133696524892));
#7790=CARTESIAN_POINT('Origin',(1.62243402190895,-6.86077312294703,13.133696524892));
#7791=CARTESIAN_POINT('',(1.95166048726052,-6.77447572454622,13.133696524892));
#7792=CARTESIAN_POINT('Origin',(1.95166048726052,-6.77447572454622,12.5804915116169));
#7793=CARTESIAN_POINT('',(1.95166048726052,-6.77447572454622,12.0272864983417));
#7794=CARTESIAN_POINT('Origin',(2.0641258339731,-6.74105960079903,12.0272864983417));
#7795=CARTESIAN_POINT('',(2.1760195216937,-6.70577654274342,12.0272864983417));
#7796=CARTESIAN_POINT('Origin',(2.1760195216937,-6.70577654274342,12.5804915116169));
#7797=CARTESIAN_POINT('',(2.1760195216937,-6.70577654274342,13.133696524892));
#7798=CARTESIAN_POINT('Origin',(2.46519620394418,-6.60494569819156,13.133696524892));
#7799=CARTESIAN_POINT('',(2.74972099175374,-6.49165113569028,13.133696524892));
#7800=CARTESIAN_POINT('Origin',(2.74972099175374,-6.49165113569028,12.5429739640094));
#7801=CARTESIAN_POINT('',(2.74972099175374,-6.49165113569028,11.9522514031269));
#7802=CARTESIAN_POINT('Origin',(2.85799276204496,-6.44471701256918,11.9522514031269));
#7803=CARTESIAN_POINT('',(2.96546378327618,-6.39597721619436,11.9522514031269));
#7804=CARTESIAN_POINT('Origin',(2.96546378327618,-6.39597721619436,12.6753070042469));
#7805=CARTESIAN_POINT('',(2.96546378327618,-6.39597721619436,13.3983626053669));
#7806=CARTESIAN_POINT('Origin',(2.03149001965766,-6.75096647155289,13.3983626053669));
#7807=CARTESIAN_POINT('',(1.05671174964817,-6.97035582148828,13.3983626053669));
#7808=CARTESIAN_POINT('Origin',(1.05671174964817,-6.97035582148828,12.6521136448719));
#7809=CARTESIAN_POINT('Origin',(0.,0.,0.));
#7810=CARTESIAN_POINT('',(2.96967011488367,-6.40504952430243,15.8881308720447));
#7811=CARTESIAN_POINT('',(1.05821063156257,-6.9802428510223,15.8881308720447));
#7812=CARTESIAN_POINT('Origin',(0.,0.,15.8881308720447));
#7813=CARTESIAN_POINT('',(2.96967011488367,-6.40504952430243,16.1527957604267));
#7814=CARTESIAN_POINT('',(2.96967011488367,-6.40504952430243,16.1527957604267));
#7815=CARTESIAN_POINT('',(1.05821063156257,-6.9802428510223,16.1527957604267));
#7816=CARTESIAN_POINT('Origin',(0.,0.,16.1527957604267));
#7817=CARTESIAN_POINT('',(1.05821063156257,-6.9802428510223,15.8881308720447));
#7818=CARTESIAN_POINT('Origin',(2.03149001965766,-6.75096647155289,15.8881308720447));
#7819=CARTESIAN_POINT('',(2.96546378327618,-6.39597721619436,15.8881308720447));
#7820=CARTESIAN_POINT('',(1.05671174964817,-6.97035582148828,15.8881308720447));
#7821=CARTESIAN_POINT('Origin',(2.96546378327618,-6.39597721619436,16.0204633162357));
#7822=CARTESIAN_POINT('',(2.96546378327618,-6.39597721619436,16.1527957604267));
#7823=CARTESIAN_POINT('Origin',(2.03149001965766,-6.75096647155289,16.1527957604267));
#7824=CARTESIAN_POINT('',(1.05671174964817,-6.97035582148828,16.1527957604267));
#7825=CARTESIAN_POINT('Origin',(1.05671174964817,-6.97035582148828,16.0204633162357));
#7826=CARTESIAN_POINT('Origin',(0.,0.,0.));
#7827=CARTESIAN_POINT('',(1.65330586008847,-6.86368557940973,19.3342437432148));
#7828=CARTESIAN_POINT('',(1.05821063156257,-6.9802428510223,19.553888051305));
#7829=CARTESIAN_POINT('Ctrl Pts',(1.65330586008847,-6.86368557940973,19.3342437432148));
#7830=CARTESIAN_POINT('Ctrl Pts',(1.45673191119074,-6.9110357760196,19.4074585125782));
#7831=CARTESIAN_POINT('Ctrl Pts',(1.25812274665229,-6.94993600782484,19.4806732819416));
#7832=CARTESIAN_POINT('Ctrl Pts',(1.05821063156257,-6.9802428510223,19.553888051305));
#7833=CARTESIAN_POINT('',(1.65330586008847,-6.86368557940973,18.4979536221363));
#7834=CARTESIAN_POINT('',(1.65330586008847,-6.86368557940973,18.4979536221363));
#7835=CARTESIAN_POINT('',(1.05821063156257,-6.9802428510223,18.264665810857));
#7836=CARTESIAN_POINT('Ctrl Pts',(1.05821063156257,-6.9802428510223,18.264665810857));
#7837=CARTESIAN_POINT('Ctrl Pts',(1.25812274665229,-6.94993600782485,18.3424284146167));
#7838=CARTESIAN_POINT('Ctrl Pts',(1.45673191119074,-6.9110357760196,18.4201910183765));
#7839=CARTESIAN_POINT('Ctrl Pts',(1.65330586008847,-6.86368557940973,18.4979536221363));
#7840=CARTESIAN_POINT('',(1.05821063156257,-6.9802428510223,17.9631652520038));
#7841=CARTESIAN_POINT('',(1.05821063156257,-6.9802428510223,17.9631652520038));
#7842=CARTESIAN_POINT('',(2.96967011488367,-6.40504952430243,18.7817194149829));
#7843=CARTESIAN_POINT('Ctrl Pts',(2.96967011488367,-6.40504952430243,18.7817194149829));
#7844=CARTESIAN_POINT('Ctrl Pts',(2.3639917089705,-6.685869376584,18.5088680273232));
#7845=CARTESIAN_POINT('Ctrl Pts',(1.71828083817887,-6.88017565778464,18.2360166396635));
#7846=CARTESIAN_POINT('Ctrl Pts',(1.05821063156257,-6.9802428510223,17.9631652520038));
#7847=CARTESIAN_POINT('',(2.96967011488367,-6.40504952430243,19.0668489621021));
#7848=CARTESIAN_POINT('',(2.96967011488367,-6.40504952430243,19.0668489621021));
#7849=CARTESIAN_POINT('',(1.05821063156257,-6.9802428510223,19.8349251435138));
#7850=CARTESIAN_POINT('Ctrl Pts',(1.05821063156257,-6.9802428510223,19.8349251435138));
#7851=CARTESIAN_POINT('Ctrl Pts',(1.71828083817887,-6.88017565778464,19.5788997497099));
#7852=CARTESIAN_POINT('Ctrl Pts',(2.3639917089705,-6.685869376584,19.322874355906));
#7853=CARTESIAN_POINT('Ctrl Pts',(2.96967011488367,-6.40504952430243,19.0668489621021));
#7854=CARTESIAN_POINT('',(1.05821063156257,-6.9802428510223,19.553888051305));
#7855=CARTESIAN_POINT('',(2.77750447070862,-6.49069094281908,18.9304222748615));
#7856=CARTESIAN_POINT('',(2.42191370793937,-6.63158608413518,19.0381993935443));
#7857=CARTESIAN_POINT('Ctrl Pts',(2.77750447070862,-6.49069094281908,18.9304222748615));
#7858=CARTESIAN_POINT('Ctrl Pts',(2.71836342258108,-6.51599865304959,18.944547411133));
#7859=CARTESIAN_POINT('Ctrl Pts',(2.59849023082718,-6.56533694649699,18.9730087243519));
#7860=CARTESIAN_POINT('Ctrl Pts',(2.48125272488832,-6.60991495195941,19.016362015576));
#7861=CARTESIAN_POINT('Ctrl Pts',(2.42191370793937,-6.63158608413518,19.0381993935443));
#7862=CARTESIAN_POINT('',(2.3910886175785,-6.64276261979055,18.788540570531));
#7863=CARTESIAN_POINT('Ctrl Pts',(2.3910886175785,-6.64276261979055,18.788540570531));
#7864=CARTESIAN_POINT('Ctrl Pts',(2.46301251244866,-6.61687333001771,18.8171417422402));
#7865=CARTESIAN_POINT('Ctrl Pts',(2.59124753624902,-6.5683725968224,18.8684320311765));
#7866=CARTESIAN_POINT('Ctrl Pts',(2.72060452022712,-6.51503963978182,18.911410174348));
#7867=CARTESIAN_POINT('Ctrl Pts',(2.77750447070862,-6.49069094281908,18.9304222748615));
#7868=CARTESIAN_POINT('',(1.86235637463069,-6.80993603008666,18.5798086808063));
#7869=CARTESIAN_POINT('Ctrl Pts',(1.86235637463069,-6.80993603008666,18.5798086808063));
#7870=CARTESIAN_POINT('Ctrl Pts',(2.04069880534849,-6.76116359503778,18.6493859773812));
#7871=CARTESIAN_POINT('Ctrl Pts',(2.21712421805099,-6.70538179187037,18.7189632739561));
#7872=CARTESIAN_POINT('Ctrl Pts',(2.3910886175785,-6.64276261979055,18.788540570531));
#7873=CARTESIAN_POINT('',(1.86235637463069,-6.80993603008666,19.2578448937275));
#7874=CARTESIAN_POINT('',(1.86235637463069,-6.80993603008666,19.2578448937275));
#7875=CARTESIAN_POINT('Ctrl Pts',(2.42191370793937,-6.63158608413518,19.0381993935443));
#7876=CARTESIAN_POINT('Ctrl Pts',(2.23797564535463,-6.69876188635413,19.1114145602721));
#7877=CARTESIAN_POINT('Ctrl Pts',(2.05124126940673,-6.75828048056263,19.1846297269998));
#7878=CARTESIAN_POINT('Ctrl Pts',(1.86235637463069,-6.80993603008666,19.2578448937275));
#7879=CARTESIAN_POINT('Ctrl Pts',(1.65096406708551,-6.85396364516128,19.3342437432148));
#7880=CARTESIAN_POINT('Ctrl Pts',(1.65174466475317,-6.85720428991076,19.3342437432148));
#7881=CARTESIAN_POINT('Ctrl Pts',(1.65252526242082,-6.86044493466025,19.3342437432148));
#7882=CARTESIAN_POINT('Ctrl Pts',(1.65330586008847,-6.86368557940973,19.3342437432148));
#7883=CARTESIAN_POINT('Ctrl Pts',(1.45466855154316,-6.90124677350399,19.4074585125782));
#7884=CARTESIAN_POINT('Ctrl Pts',(1.4553563382,-6.90450977487302,19.4074585125782));
#7885=CARTESIAN_POINT('Ctrl Pts',(1.45604412453391,-6.90777277465057,19.4074585125782));
#7886=CARTESIAN_POINT('Ctrl Pts',(1.45673191119074,-6.9110357760196,19.4074585125782));
#7887=CARTESIAN_POINT('Ctrl Pts',(1.25634070310179,-6.94009190583076,19.4806732819416));
#7888=CARTESIAN_POINT('Ctrl Pts',(1.25693471771906,-6.94337327369403,19.4806732819416));
#7889=CARTESIAN_POINT('Ctrl Pts',(1.25752873203501,-6.94665463996158,19.4806732819416));
#7890=CARTESIAN_POINT('Ctrl Pts',(1.25812274665229,-6.94993600782484,19.4806732819416));
#7891=CARTESIAN_POINT('Ctrl Pts',(1.05671174964817,-6.97035582148828,19.553888051305));
#7892=CARTESIAN_POINT('Ctrl Pts',(1.05721137695297,-6.97365149799962,19.553888051305));
#7893=CARTESIAN_POINT('Ctrl Pts',(1.05771100425777,-6.97694717451096,19.553888051305));
#7894=CARTESIAN_POINT('Ctrl Pts',(1.05821063156257,-6.9802428510223,19.553888051305));
#7895=CARTESIAN_POINT('',(1.65096406708551,-6.85396364516128,19.3342437432148));
#7896=CARTESIAN_POINT('',(1.05671174964817,-6.97035582148828,19.553888051305));
#7897=CARTESIAN_POINT('Origin',(1.65096406708551,-6.85396364516128,18.9160986826755));
#7898=CARTESIAN_POINT('',(1.65096406708551,-6.85396364516128,18.4979536221363));
#7899=CARTESIAN_POINT('Ctrl Pts',(1.05671174964817,-6.97035582148828,18.264665810857));
#7900=CARTESIAN_POINT('Ctrl Pts',(1.05721137695297,-6.97365149799962,18.264665810857));
#7901=CARTESIAN_POINT('Ctrl Pts',(1.05771100425777,-6.97694717451096,18.264665810857));
#7902=CARTESIAN_POINT('Ctrl Pts',(1.05821063156257,-6.9802428510223,18.264665810857));
#7903=CARTESIAN_POINT('Ctrl Pts',(1.25634070310179,-6.94009190583076,18.3424284146167));
#7904=CARTESIAN_POINT('Ctrl Pts',(1.25693471771906,-6.94337327369403,18.3424284146167));
#7905=CARTESIAN_POINT('Ctrl Pts',(1.25752873203501,-6.94665463996158,18.3424284146167));
#7906=CARTESIAN_POINT('Ctrl Pts',(1.25812274665229,-6.94993600782485,18.3424284146167));
#7907=CARTESIAN_POINT('Ctrl Pts',(1.45466855154316,-6.90124677350399,18.4201910183765));
#7908=CARTESIAN_POINT('Ctrl Pts',(1.4553563382,-6.90450977487302,18.4201910183765));
#7909=CARTESIAN_POINT('Ctrl Pts',(1.45604412453391,-6.90777277465057,18.4201910183765));
#7910=CARTESIAN_POINT('Ctrl Pts',(1.45673191119074,-6.9110357760196,18.4201910183765));
#7911=CARTESIAN_POINT('Ctrl Pts',(1.65096406708551,-6.85396364516128,18.4979536221363));
#7912=CARTESIAN_POINT('Ctrl Pts',(1.65174466475317,-6.85720428991076,18.4979536221363));
#7913=CARTESIAN_POINT('Ctrl Pts',(1.65252526242082,-6.86044493466025,18.4979536221363));
#7914=CARTESIAN_POINT('Ctrl Pts',(1.65330586008847,-6.86368557940973,18.4979536221363));
#7915=CARTESIAN_POINT('',(1.05671174964817,-6.97035582148828,18.264665810857));
#7916=CARTESIAN_POINT('Origin',(1.05671174964817,-6.97035582148828,18.1139155314304));
#7917=CARTESIAN_POINT('',(1.05671174964817,-6.97035582148828,17.9631652520038));
#7918=CARTESIAN_POINT('Ctrl Pts',(2.96546378327618,-6.39597721619436,18.7817194149829));
#7919=CARTESIAN_POINT('Ctrl Pts',(2.96686589381201,-6.39900131889705,18.7817194149829));
#7920=CARTESIAN_POINT('Ctrl Pts',(2.96826800434784,-6.40202542159974,18.7817194149829));
#7921=CARTESIAN_POINT('Ctrl Pts',(2.96967011488367,-6.40504952430243,18.7817194149829));
#7922=CARTESIAN_POINT('Ctrl Pts',(2.36064327878782,-6.67639930664549,18.5088680273232));
#7923=CARTESIAN_POINT('Ctrl Pts',(2.36175944207386,-6.67955605773591,18.5088680273232));
#7924=CARTESIAN_POINT('Ctrl Pts',(2.36287554568447,-6.68271262549358,18.5088680273232));
#7925=CARTESIAN_POINT('Ctrl Pts',(2.3639917089705,-6.685869376584,18.5088680273232));
#7926=CARTESIAN_POINT('Ctrl Pts',(1.71584701262904,-6.87043036648466,18.2360166396635));
#7927=CARTESIAN_POINT('Ctrl Pts',(1.71665830494881,-6.87367885885803,18.2360166396635));
#7928=CARTESIAN_POINT('Ctrl Pts',(1.71746954585911,-6.87692716541127,18.2360166396635));
#7929=CARTESIAN_POINT('Ctrl Pts',(1.71828083817887,-6.88017565778464,18.2360166396635));
#7930=CARTESIAN_POINT('Ctrl Pts',(1.05671174964817,-6.97035582148828,17.9631652520038));
#7931=CARTESIAN_POINT('Ctrl Pts',(1.05721137695297,-6.97365149799962,17.9631652520038));
#7932=CARTESIAN_POINT('Ctrl Pts',(1.05771100425777,-6.97694717451096,17.9631652520038));
#7933=CARTESIAN_POINT('Ctrl Pts',(1.05821063156257,-6.9802428510223,17.9631652520038));
#7934=CARTESIAN_POINT('',(2.96546378327618,-6.39597721619436,18.7817194149829));
#7935=CARTESIAN_POINT('Origin',(2.96546378327618,-6.39597721619436,18.9242841885425));
#7936=CARTESIAN_POINT('',(2.96546378327619,-6.39597721619436,19.0668489621021));
#7937=CARTESIAN_POINT('Ctrl Pts',(1.05671174964817,-6.97035582148828,19.8349251435138));
#7938=CARTESIAN_POINT('Ctrl Pts',(1.05721137695297,-6.97365149799962,19.8349251435138));
#7939=CARTESIAN_POINT('Ctrl Pts',(1.05771100425777,-6.97694717451096,19.8349251435138));
#7940=CARTESIAN_POINT('Ctrl Pts',(1.05821063156257,-6.9802428510223,19.8349251435138));
#7941=CARTESIAN_POINT('Ctrl Pts',(1.71584701262904,-6.87043036648466,19.5788997497099));
#7942=CARTESIAN_POINT('Ctrl Pts',(1.71665830494881,-6.87367885885803,19.5788997497099));
#7943=CARTESIAN_POINT('Ctrl Pts',(1.71746954585911,-6.87692716541127,19.5788997497099));
#7944=CARTESIAN_POINT('Ctrl Pts',(1.71828083817887,-6.88017565778464,19.5788997497099));
#7945=CARTESIAN_POINT('Ctrl Pts',(2.36064327878783,-6.67639930664549,19.322874355906));
#7946=CARTESIAN_POINT('Ctrl Pts',(2.36175944207386,-6.67955605773591,19.322874355906));
#7947=CARTESIAN_POINT('Ctrl Pts',(2.36287554568447,-6.68271262549358,19.322874355906));
#7948=CARTESIAN_POINT('Ctrl Pts',(2.3639917089705,-6.685869376584,19.322874355906));
#7949=CARTESIAN_POINT('Ctrl Pts',(2.96546378327619,-6.39597721619436,19.0668489621021));
#7950=CARTESIAN_POINT('Ctrl Pts',(2.96686589381201,-6.39900131889705,19.0668489621021));
#7951=CARTESIAN_POINT('Ctrl Pts',(2.96826800434784,-6.40202542159974,19.0668489621021));
#7952=CARTESIAN_POINT('Ctrl Pts',(2.96967011488367,-6.40504952430243,19.0668489621021));
#7953=CARTESIAN_POINT('',(1.05671174964817,-6.97035582148828,19.8349251435138));
#7954=CARTESIAN_POINT('Origin',(1.05671174964817,-6.97035582148828,19.6944065974094));
#7955=CARTESIAN_POINT('Ctrl Pts',(2.77357032839883,-6.48149732958563,18.9304222748615));
#7956=CARTESIAN_POINT('Ctrl Pts',(2.77488170916876,-6.48456186733011,18.9304222748615));
#7957=CARTESIAN_POINT('Ctrl Pts',(2.77619308993869,-6.4876264050746,18.9304222748615));
#7958=CARTESIAN_POINT('Ctrl Pts',(2.77750447070862,-6.49069094281908,18.9304222748615));
#7959=CARTESIAN_POINT('Ctrl Pts',(2.71451304946127,-6.50676919320107,18.944547411133));
#7960=CARTESIAN_POINT('Ctrl Pts',(2.71579650814592,-6.509845682305,18.944547411133));
#7961=CARTESIAN_POINT('Ctrl Pts',(2.71707996389643,-6.51292216394566,18.944547411133));
#7962=CARTESIAN_POINT('Ctrl Pts',(2.71836342258108,-6.51599865304959,18.944547411133));
#7963=CARTESIAN_POINT('Ctrl Pts',(2.59480964976368,-6.55603760238014,18.9730087243519));
#7964=CARTESIAN_POINT('Ctrl Pts',(2.59603651012477,-6.55913738375308,18.9730087243519));
#7965=CARTESIAN_POINT('Ctrl Pts',(2.59726337046609,-6.56223716512404,18.9730087243519));
#7966=CARTESIAN_POINT('Ctrl Pts',(2.59849023082718,-6.56533694649699,18.9730087243519));
#7967=CARTESIAN_POINT('Ctrl Pts',(2.4777382026151,-6.60055246619176,19.016362015576));
#7968=CARTESIAN_POINT('Ctrl Pts',(2.47890970904004,-6.60367329227663,19.016362015576));
#7969=CARTESIAN_POINT('Ctrl Pts',(2.48008121846339,-6.60679412587454,19.016362015576));
#7970=CARTESIAN_POINT('Ctrl Pts',(2.48125272488832,-6.60991495195941,19.016362015576));
#7971=CARTESIAN_POINT('Ctrl Pts',(2.41848323526524,-6.62219290271289,19.0381993935443));
#7972=CARTESIAN_POINT('Ctrl Pts',(2.41962672615662,-6.62532396318699,19.0381993935443));
#7973=CARTESIAN_POINT('Ctrl Pts',(2.42077021704799,-6.62845502366108,19.0381993935443));
#7974=CARTESIAN_POINT('Ctrl Pts',(2.42191370793937,-6.63158608413518,19.0381993935443));
#7975=CARTESIAN_POINT('',(2.77357032839883,-6.48149732958563,18.9304222748615));
#7976=CARTESIAN_POINT('',(2.41848323526524,-6.62219290271289,19.0381993935443));
#7977=CARTESIAN_POINT('Ctrl Pts',(2.77357032839883,-6.48149732958563,18.9304222748615));
#7978=CARTESIAN_POINT('Ctrl Pts',(2.71451304946127,-6.50676919320107,18.944547411133));
#7979=CARTESIAN_POINT('Ctrl Pts',(2.59480964976368,-6.55603760238014,18.9730087243519));
#7980=CARTESIAN_POINT('Ctrl Pts',(2.4777382026151,-6.60055246619176,19.016362015576));
#7981=CARTESIAN_POINT('Ctrl Pts',(2.41848323526524,-6.62219290271289,19.0381993935443));
#7982=CARTESIAN_POINT('',(2.77357032839883,-6.48149732958563,18.9304222748615));
#7983=CARTESIAN_POINT('',(2.41848323526524,-6.62219290271289,19.0381993935443));
#7984=CARTESIAN_POINT('Ctrl Pts',(2.38770180650544,-6.63335360758121,18.788540570531));
#7985=CARTESIAN_POINT('Ctrl Pts',(2.3888307435298,-6.63648994498432,18.788540570531));
#7986=CARTESIAN_POINT('Ctrl Pts',(2.38995968055415,-6.63962628238743,18.788540570531));
#7987=CARTESIAN_POINT('Ctrl Pts',(2.3910886175785,-6.64276261979055,18.788540570531));
#7988=CARTESIAN_POINT('Ctrl Pts',(2.4595238261704,-6.60750098819049,18.8171417422402));
#7989=CARTESIAN_POINT('Ctrl Pts',(2.46068672074071,-6.61062510001194,18.8171417422402));
#7990=CARTESIAN_POINT('Ctrl Pts',(2.46184961787834,-6.61374921819625,18.8171417422402));
#7991=CARTESIAN_POINT('Ctrl Pts',(2.46301251244866,-6.61687333001771,18.8171417422402));
#7992=CARTESIAN_POINT('Ctrl Pts',(2.58757721395972,-6.55906895291755,18.8684320311765));
#7993=CARTESIAN_POINT('Ctrl Pts',(2.58880065477248,-6.56217016766666,18.8684320311765));
#7994=CARTESIAN_POINT('Ctrl Pts',(2.59002409543626,-6.56527138207329,18.8684320311765));
#7995=CARTESIAN_POINT('Ctrl Pts',(2.59124753624902,-6.5683725968224,18.8684320311765));
#7996=CARTESIAN_POINT('Ctrl Pts',(2.71675097274804,-6.50581153830904,18.911410174348));
#7997=CARTESIAN_POINT('Ctrl Pts',(2.71803548919377,-6.50888757368963,18.911410174348));
#7998=CARTESIAN_POINT('Ctrl Pts',(2.71932000378139,-6.51196360440122,18.911410174348));
#7999=CARTESIAN_POINT('Ctrl Pts',(2.72060452022712,-6.51503963978182,18.911410174348));
#8000=CARTESIAN_POINT('Ctrl Pts',(2.77357032839883,-6.48149732958563,18.9304222748615));
#8001=CARTESIAN_POINT('Ctrl Pts',(2.77488170916876,-6.48456186733011,18.9304222748615));
#8002=CARTESIAN_POINT('Ctrl Pts',(2.77619308993869,-6.4876264050746,18.9304222748615));
#8003=CARTESIAN_POINT('Ctrl Pts',(2.77750447070862,-6.49069094281908,18.9304222748615));
#8004=CARTESIAN_POINT('',(2.38770180650544,-6.63335360758121,18.788540570531));
#8005=CARTESIAN_POINT('Ctrl Pts',(2.38770180650544,-6.63335360758121,18.788540570531));
#8006=CARTESIAN_POINT('Ctrl Pts',(2.4595238261704,-6.60750098819049,18.8171417422402));
#8007=CARTESIAN_POINT('Ctrl Pts',(2.58757721395972,-6.55906895291755,18.8684320311765));
#8008=CARTESIAN_POINT('Ctrl Pts',(2.71675097274804,-6.50581153830904,18.911410174348));
#8009=CARTESIAN_POINT('Ctrl Pts',(2.77357032839883,-6.48149732958563,18.9304222748615));
#8010=CARTESIAN_POINT('',(2.38770180650544,-6.63335360758121,18.788540570531));
#8011=CARTESIAN_POINT('Ctrl Pts',(1.85971847608305,-6.80029022834433,18.5798086808063));
#8012=CARTESIAN_POINT('Ctrl Pts',(1.86059777559893,-6.80350549559177,18.5798086808063));
#8013=CARTESIAN_POINT('Ctrl Pts',(1.86147707511481,-6.80672076283922,18.5798086808063));
#8014=CARTESIAN_POINT('Ctrl Pts',(1.86235637463069,-6.80993603008666,18.5798086808063));
#8015=CARTESIAN_POINT('Ctrl Pts',(2.03780829712561,-6.75158687606464,18.6493859773812));
#8016=CARTESIAN_POINT('Ctrl Pts',(2.03877179997843,-6.75477911608391,18.6493859773812));
#8017=CARTESIAN_POINT('Ctrl Pts',(2.03973530249567,-6.75797135501851,18.6493859773812));
#8018=CARTESIAN_POINT('Ctrl Pts',(2.04069880534849,-6.76116359503778,18.6493859773812));
#8019=CARTESIAN_POINT('Ctrl Pts',(2.21398381547585,-6.69588408394988,18.7189632739561));
#8020=CARTESIAN_POINT('Ctrl Pts',(2.21503061645056,-6.69904998695018,18.7189632739561));
#8021=CARTESIAN_POINT('Ctrl Pts',(2.21607741707628,-6.70221588887007,18.7189632739561));
#8022=CARTESIAN_POINT('Ctrl Pts',(2.21712421805099,-6.70538179187037,18.7189632739561));
#8023=CARTESIAN_POINT('Ctrl Pts',(2.38770180650544,-6.63335360758121,18.788540570531));
#8024=CARTESIAN_POINT('Ctrl Pts',(2.3888307435298,-6.63648994498432,18.788540570531));
#8025=CARTESIAN_POINT('Ctrl Pts',(2.38995968055415,-6.63962628238744,18.788540570531));
#8026=CARTESIAN_POINT('Ctrl Pts',(2.3910886175785,-6.64276261979055,18.788540570531));
#8027=CARTESIAN_POINT('',(1.85971847608305,-6.80029022834433,18.5798086808063));
#8028=CARTESIAN_POINT('Ctrl Pts',(1.85971847608305,-6.80029022834433,18.5798086808063));
#8029=CARTESIAN_POINT('Ctrl Pts',(2.03780829712561,-6.75158687606464,18.6493859773812));
#8030=CARTESIAN_POINT('Ctrl Pts',(2.21398381547585,-6.69588408394988,18.7189632739561));
#8031=CARTESIAN_POINT('Ctrl Pts',(2.38770180650544,-6.63335360758121,18.788540570531));
#8032=CARTESIAN_POINT('',(1.85971847608305,-6.80029022834433,18.5798086808063));
#8033=CARTESIAN_POINT('Origin',(1.85971847608305,-6.80029022834433,18.9188267872669));
#8034=CARTESIAN_POINT('',(1.85971847608305,-6.80029022834433,19.2578448937275));
#8035=CARTESIAN_POINT('',(1.85971847608305,-6.80029022834433,0.));
#8036=CARTESIAN_POINT('',(1.85971847608305,-6.80029022834433,19.2578448937275));
#8037=CARTESIAN_POINT('Ctrl Pts',(2.41848323526524,-6.62219290271289,19.0381993935443));
#8038=CARTESIAN_POINT('Ctrl Pts',(2.41962672615662,-6.62532396318699,19.0381993935443));
#8039=CARTESIAN_POINT('Ctrl Pts',(2.42077021704799,-6.62845502366108,19.0381993935443));
#8040=CARTESIAN_POINT('Ctrl Pts',(2.42191370793937,-6.63158608413518,19.0381993935443));
#8041=CARTESIAN_POINT('Ctrl Pts',(2.23480570817991,-6.68927355507034,19.1114145602721));
#8042=CARTESIAN_POINT('Ctrl Pts',(2.23586235405241,-6.69243633261769,19.1114145602721));
#8043=CARTESIAN_POINT('Ctrl Pts',(2.23691899948214,-6.69559910880678,19.1114145602721));
#8044=CARTESIAN_POINT('Ctrl Pts',(2.23797564535463,-6.69876188635413,19.1114145602721));
#8045=CARTESIAN_POINT('Ctrl Pts',(2.04833582851522,-6.74870784532104,19.1846297269998));
#8046=CARTESIAN_POINT('Ctrl Pts',(2.04930430895402,-6.75189872418955,19.1846297269998));
#8047=CARTESIAN_POINT('Ctrl Pts',(2.05027278896793,-6.75508960169412,19.1846297269998));
#8048=CARTESIAN_POINT('Ctrl Pts',(2.05124126940673,-6.75828048056263,19.1846297269998));
#8049=CARTESIAN_POINT('Ctrl Pts',(1.85971847608305,-6.80029022834433,19.2578448937275));
#8050=CARTESIAN_POINT('Ctrl Pts',(1.86059777559893,-6.80350549559177,19.2578448937275));
#8051=CARTESIAN_POINT('Ctrl Pts',(1.86147707511481,-6.80672076283922,19.2578448937275));
#8052=CARTESIAN_POINT('Ctrl Pts',(1.86235637463069,-6.80993603008666,19.2578448937275));
#8053=CARTESIAN_POINT('Ctrl Pts',(2.41848323526524,-6.62219290271289,19.0381993935443));
#8054=CARTESIAN_POINT('Ctrl Pts',(2.23480570817991,-6.68927355507034,19.1114145602721));
#8055=CARTESIAN_POINT('Ctrl Pts',(2.04833582851522,-6.74870784532104,19.1846297269998));
#8056=CARTESIAN_POINT('Ctrl Pts',(1.85971847608305,-6.80029022834433,19.2578448937275));
#8057=CARTESIAN_POINT('Origin',(0.,0.,0.));
#8058=CARTESIAN_POINT('Origin',(0.,0.,0.));
#8059=CARTESIAN_POINT('',(1.29125526374435,-6.94091203256838,21.7939963028766));
#8060=CARTESIAN_POINT('',(1.05821063156257,-6.9802428510223,21.7939963028766));
#8061=CARTESIAN_POINT('Origin',(0.,0.,21.7939963028766));
#8062=CARTESIAN_POINT('',(1.29125526374435,-6.94091203256838,22.7789892838337));
#8063=CARTESIAN_POINT('',(1.29125526374435,-6.94091203256838,22.7789892838337));
#8064=CARTESIAN_POINT('',(2.96967011488367,-6.40504952430243,22.7789892838337));
#8065=CARTESIAN_POINT('Origin',(0.,0.,22.7789892838337));
#8066=CARTESIAN_POINT('',(2.96967011488367,-6.40504952430243,23.0436553643085));
#8067=CARTESIAN_POINT('',(2.96967011488367,-6.40504952430243,23.0436553643085));
#8068=CARTESIAN_POINT('',(1.05821063156257,-6.9802428510223,23.0436553643085));
#8069=CARTESIAN_POINT('Origin',(0.,0.,23.0436553643085));
#8070=CARTESIAN_POINT('',(1.05821063156257,-6.9802428510223,21.7939963028766));
#8071=CARTESIAN_POINT('Origin',(1.17323337795652,-6.95169212788144,21.7939963028766));
#8072=CARTESIAN_POINT('',(1.28942629028295,-6.93108071240894,21.7939963028766));
#8073=CARTESIAN_POINT('',(1.05671174964817,-6.97035582148828,21.7939963028766));
#8074=CARTESIAN_POINT('Origin',(1.28942629028295,-6.93108071240894,22.2864927933551));
#8075=CARTESIAN_POINT('',(1.28942629028295,-6.93108071240894,22.7789892838337));
#8076=CARTESIAN_POINT('Origin',(2.1442029573791,-6.71601769485212,22.7789892838337));
#8077=CARTESIAN_POINT('',(2.96546378327618,-6.39597721619436,22.7789892838337));
#8078=CARTESIAN_POINT('Origin',(2.96546378327618,-6.39597721619436,22.9113223240711));
#8079=CARTESIAN_POINT('',(2.96546378327618,-6.39597721619436,23.0436553643085));
#8080=CARTESIAN_POINT('Origin',(2.03149001965766,-6.75096647155289,23.0436553643085));
#8081=CARTESIAN_POINT('',(1.05671174964817,-6.97035582148828,23.0436553643085));
#8082=CARTESIAN_POINT('Origin',(1.05671174964817,-6.97035582148828,22.4188258335926));
#8083=CARTESIAN_POINT('Origin',(0.,0.,0.));
#8084=CARTESIAN_POINT('',(1.13554220334059,-6.96808036007281,4.44832816969841));
#8085=CARTESIAN_POINT('',(0.378748547887922,-7.04983329855911,4.44832816969841));
#8086=CARTESIAN_POINT('Origin',(0.,0.,4.44832816969841));
#8087=CARTESIAN_POINT('',(1.13554220334059,-6.96808036007281,5.9422390187928));
#8088=CARTESIAN_POINT('',(1.13554220334059,-6.96808036007281,5.9422390187928));
#8089=CARTESIAN_POINT('',(0.378748547887922,-7.04983329855911,5.9422390187928));
#8090=CARTESIAN_POINT('Origin',(0.,0.,5.9422390187928));
#8091=CARTESIAN_POINT('',(0.378748547887922,-7.04983329855911,4.44832816969841));
#8092=CARTESIAN_POINT('Origin',(0.757173978562237,-7.00922160915092,4.44832816969841));
#8093=CARTESIAN_POINT('',(1.13393378662197,-6.95821055786308,4.44832816969841));
#8094=CARTESIAN_POINT('',(0.378212076856919,-7.03984769898608,4.44832816969841));
#8095=CARTESIAN_POINT('Origin',(1.13393378662197,-6.95821055786308,5.1952835942456));
#8096=CARTESIAN_POINT('',(1.13393378662197,-6.95821055786307,5.9422390187928));
#8097=CARTESIAN_POINT('Origin',(0.757173978562237,-7.00922160915092,5.9422390187928));
#8098=CARTESIAN_POINT('',(0.378212076856919,-7.03984769898608,5.9422390187928));
#8099=CARTESIAN_POINT('Origin',(0.378212076856919,-7.03984769898608,5.1952835942456));
#8100=CARTESIAN_POINT('Origin',(0.,0.,0.));
#8101=CARTESIAN_POINT('',(1.73818189821399,-6.84268395359023,21.2251021550037));
#8102=CARTESIAN_POINT('',(1.05821063156257,-6.9802428510223,21.2251021550037));
#8103=CARTESIAN_POINT('Origin',(0.,0.,21.2251021550037));
#8104=CARTESIAN_POINT('',(2.04614261470507,-6.75698900400822,20.8976807282306));
#8105=CARTESIAN_POINT('Ctrl Pts',(2.04614261470507,-6.75698900400822,20.8976807282306));
#8106=CARTESIAN_POINT('Ctrl Pts',(1.94415331885416,-6.78787326981959,21.0068212038217));
#8107=CARTESIAN_POINT('Ctrl Pts',(1.8414646648047,-6.81644801510425,21.1159616794127));
#8108=CARTESIAN_POINT('Ctrl Pts',(1.73818189821399,-6.84268395359023,21.2251021550037));
#8109=CARTESIAN_POINT('',(1.05821063156257,-6.9802428510223,20.185538737569));
#8110=CARTESIAN_POINT('Ctrl Pts',(1.05821063156257,-6.9802428510223,20.185538737569));
#8111=CARTESIAN_POINT('Ctrl Pts',(1.39229799152392,-6.92959492891885,20.4229194011229));
#8112=CARTESIAN_POINT('Ctrl Pts',(1.72274059763823,-6.85492118184801,20.6603000646768));
#8113=CARTESIAN_POINT('Ctrl Pts',(2.04614261470507,-6.75698900400822,20.8976807282306));
#8114=CARTESIAN_POINT('',(1.05821063156257,-6.9802428510223,19.8362888977863));
#8115=CARTESIAN_POINT('',(1.05821063156257,-6.9802428510223,19.8362888977863));
#8116=CARTESIAN_POINT('',(2.21545946190953,-6.70338268135093,20.712141005788));
#8117=CARTESIAN_POINT('Ctrl Pts',(2.21545946190953,-6.70338268135093,20.712141005788));
#8118=CARTESIAN_POINT('Ctrl Pts',(1.83841192811449,-6.82799641236465,20.4201903031208));
#8119=CARTESIAN_POINT('Ctrl Pts',(1.45083081712805,-6.92072130379267,20.1282396004535));
#8120=CARTESIAN_POINT('Ctrl Pts',(1.05821063156257,-6.9802428510223,19.8362888977863));
#8121=CARTESIAN_POINT('',(2.96967011488367,-6.40504952430243,19.8731233761646));
#8122=CARTESIAN_POINT('Ctrl Pts',(2.96967011488367,-6.40504952430243,19.8731233761646));
#8123=CARTESIAN_POINT('Ctrl Pts',(2.7242587922883,-6.51883329253097,20.1527959193724));
#8124=CARTESIAN_POINT('Ctrl Pts',(2.47230150558949,-6.61849671214168,20.4324684625802));
#8125=CARTESIAN_POINT('Ctrl Pts',(2.21545946190953,-6.70338268135093,20.712141005788));
#8126=CARTESIAN_POINT('',(2.96967011488367,-6.40504952430243,20.2319230721332));
#8127=CARTESIAN_POINT('',(2.96967011488367,-6.40504952430243,20.2319230721332));
#8128=CARTESIAN_POINT('',(2.04221961955519,-6.75817571727044,21.2251021550037));
#8129=CARTESIAN_POINT('Ctrl Pts',(2.04221961955519,-6.75817571727044,21.2251021550037));
#8130=CARTESIAN_POINT('Ctrl Pts',(2.35913953574752,-6.66240725877627,20.8940424607135));
#8131=CARTESIAN_POINT('Ctrl Pts',(2.6693098041474,-6.5443101241005,20.5629827664234));
#8132=CARTESIAN_POINT('Ctrl Pts',(2.96967011488367,-6.40504952430243,20.2319230721332));
#8133=CARTESIAN_POINT('',(2.96967011488367,-6.40504952430243,21.2251021550037));
#8134=CARTESIAN_POINT('Origin',(0.,0.,21.2251021550037));
#8135=CARTESIAN_POINT('',(2.96967011488367,-6.40504952430243,21.4897670433857));
#8136=CARTESIAN_POINT('',(2.96967011488367,-6.40504952430243,21.4897670433857));
#8137=CARTESIAN_POINT('',(1.05821063156257,-6.9802428510223,21.4897670433857));
#8138=CARTESIAN_POINT('Origin',(0.,0.,21.4897670433857));
#8139=CARTESIAN_POINT('',(1.05821063156257,-6.9802428510223,21.2251021550037));
#8140=CARTESIAN_POINT('Origin',(1.39790408408741,-6.91001911514662,21.2251021550037));
#8141=CARTESIAN_POINT('',(1.73571988419386,-6.83299176668713,21.2251021550037));
#8142=CARTESIAN_POINT('',(1.05671174964817,-6.97035582148828,21.2251021550037));
#8143=CARTESIAN_POINT('Ctrl Pts',(2.04324439570407,-6.74741819805353,20.8976807282306));
#8144=CARTESIAN_POINT('Ctrl Pts',(2.0442104687044,-6.75060846670509,20.8976807282306));
#8145=CARTESIAN_POINT('Ctrl Pts',(2.04517654170474,-6.75379873535665,20.8976807282306));
#8146=CARTESIAN_POINT('Ctrl Pts',(2.04614261470507,-6.75698900400822,20.8976807282306));
#8147=CARTESIAN_POINT('Ctrl Pts',(1.94139956061216,-6.7782587184459,21.0068212038217));
#8148=CARTESIAN_POINT('Ctrl Pts',(1.9423174800375,-6.78146356894399,21.0068212038217));
#8149=CARTESIAN_POINT('Ctrl Pts',(1.94323539942882,-6.7846684193215,21.0068212038217));
#8150=CARTESIAN_POINT('Ctrl Pts',(1.94415331885416,-6.78787326981959,21.0068212038217));
#8151=CARTESIAN_POINT('Ctrl Pts',(1.83885635791404,-6.8067929895871,21.1159616794127));
#8152=CARTESIAN_POINT('Ctrl Pts',(1.83972579355531,-6.81001133146642,21.1159616794127));
#8153=CARTESIAN_POINT('Ctrl Pts',(1.84059522916343,-6.81322967322492,21.1159616794127));
#8154=CARTESIAN_POINT('Ctrl Pts',(1.8414646648047,-6.81644801510425,21.1159616794127));
#8155=CARTESIAN_POINT('Ctrl Pts',(1.73571988419386,-6.83299176668713,21.2251021550037));
#8156=CARTESIAN_POINT('Ctrl Pts',(1.7365405555339,-6.83622249565483,21.2251021550037));
#8157=CARTESIAN_POINT('Ctrl Pts',(1.73736122687394,-6.83945322462253,21.2251021550037));
#8158=CARTESIAN_POINT('Ctrl Pts',(1.73818189821399,-6.84268395359023,21.2251021550037));
#8159=CARTESIAN_POINT('',(2.04324439570407,-6.74741819805353,20.8976807282306));
#8160=CARTESIAN_POINT('Ctrl Pts',(1.05671174964817,-6.97035582148828,20.185538737569));
#8161=CARTESIAN_POINT('Ctrl Pts',(1.05721137695297,-6.97365149799962,20.185538737569));
#8162=CARTESIAN_POINT('Ctrl Pts',(1.05771100425777,-6.97694717451096,20.185538737569));
#8163=CARTESIAN_POINT('Ctrl Pts',(1.05821063156257,-6.9802428510223,20.185538737569));
#8164=CARTESIAN_POINT('Ctrl Pts',(1.39032589805151,-6.91977963865126,20.4229194011229));
#8165=CARTESIAN_POINT('Ctrl Pts',(1.39098326342607,-6.92305140620151,20.4229194011229));
#8166=CARTESIAN_POINT('Ctrl Pts',(1.39164062614936,-6.92632316136859,20.4229194011229));
#8167=CARTESIAN_POINT('Ctrl Pts',(1.39229799152392,-6.92959492891885,20.4229194011229));
#8168=CARTESIAN_POINT('Ctrl Pts',(1.72030045514866,-6.8452116617604,20.6603000646768));
#8169=CARTESIAN_POINT('Ctrl Pts',(1.72111383695557,-6.84844817256291,20.6603000646768));
#8170=CARTESIAN_POINT('Ctrl Pts',(1.72192721583132,-6.8516846710455,20.6603000646768));
#8171=CARTESIAN_POINT('Ctrl Pts',(1.72274059763823,-6.85492118184801,20.6603000646768));
#8172=CARTESIAN_POINT('Ctrl Pts',(2.04324439570407,-6.74741819805353,20.8976807282306));
#8173=CARTESIAN_POINT('Ctrl Pts',(2.0442104687044,-6.75060846670509,20.8976807282306));
#8174=CARTESIAN_POINT('Ctrl Pts',(2.04517654170474,-6.75379873535665,20.8976807282306));
#8175=CARTESIAN_POINT('Ctrl Pts',(2.04614261470507,-6.75698900400822,20.8976807282306));
#8176=CARTESIAN_POINT('',(1.05671174964817,-6.97035582148828,20.185538737569));
#8177=CARTESIAN_POINT('Origin',(1.05671174964817,-6.97035582148828,20.0109138176776));
#8178=CARTESIAN_POINT('',(1.05671174964817,-6.97035582148828,19.8362888977863));
#8179=CARTESIAN_POINT('Ctrl Pts',(2.21232141734592,-6.69388780503174,20.712141005788));
#8180=CARTESIAN_POINT('Ctrl Pts',(2.21336743220045,-6.6970527638048,20.712141005788));
#8181=CARTESIAN_POINT('Ctrl Pts',(2.21441344705499,-6.70021772257786,20.712141005788));
#8182=CARTESIAN_POINT('Ctrl Pts',(2.21545946190953,-6.70338268135093,20.712141005788));
#8183=CARTESIAN_POINT('Ctrl Pts',(1.83580794521348,-6.8183250293443,20.4201903031208));
#8184=CARTESIAN_POINT('Ctrl Pts',(1.83667594149114,-6.82154883148872,20.4201903031208));
#8185=CARTESIAN_POINT('Ctrl Pts',(1.83754393183683,-6.82477261022023,20.4201903031208));
#8186=CARTESIAN_POINT('Ctrl Pts',(1.83841192811449,-6.82799641236465,20.4201903031208));
#8187=CARTESIAN_POINT('Ctrl Pts',(1.44877581597064,-6.91091858239919,20.1282396004535));
#8188=CARTESIAN_POINT('Ctrl Pts',(1.44946081812525,-6.9141861640512,20.1282396004535));
#8189=CARTESIAN_POINT('Ctrl Pts',(1.45014581497343,-6.91745372214066,20.1282396004535));
#8190=CARTESIAN_POINT('Ctrl Pts',(1.45083081712805,-6.92072130379267,20.1282396004535));
#8191=CARTESIAN_POINT('Ctrl Pts',(1.05671174964817,-6.97035582148828,19.8362888977863));
#8192=CARTESIAN_POINT('Ctrl Pts',(1.05721137695297,-6.97365149799962,19.8362888977863));
#8193=CARTESIAN_POINT('Ctrl Pts',(1.05771100425777,-6.97694717451096,19.8362888977863));
#8194=CARTESIAN_POINT('Ctrl Pts',(1.05821063156257,-6.9802428510223,19.8362888977863));
#8195=CARTESIAN_POINT('',(2.21232141734591,-6.69388780503174,20.712141005788));
#8196=CARTESIAN_POINT('Ctrl Pts',(2.96546378327619,-6.39597721619436,19.8731233761646));
#8197=CARTESIAN_POINT('Ctrl Pts',(2.96686589381201,-6.39900131889705,19.8731233761646));
#8198=CARTESIAN_POINT('Ctrl Pts',(2.96826800434784,-6.40202542159974,19.8731233761646));
#8199=CARTESIAN_POINT('Ctrl Pts',(2.96967011488367,-6.40504952430243,19.8731233761646));
#8200=CARTESIAN_POINT('Ctrl Pts',(2.72040006878647,-6.50959981761237,20.1527959193724));
#8201=CARTESIAN_POINT('Ctrl Pts',(2.72168631060611,-6.51267764419172,20.1527959193724));
#8202=CARTESIAN_POINT('Ctrl Pts',(2.72297255046866,-6.51575546595163,20.1527959193724));
#8203=CARTESIAN_POINT('Ctrl Pts',(2.7242587922883,-6.51883329253097,20.1527959193724));
#8204=CARTESIAN_POINT('Ctrl Pts',(2.46879966209716,-6.60912207090635,20.4324684625802));
#8205=CARTESIAN_POINT('Ctrl Pts',(2.46996694388439,-6.61224695293618,20.4324684625802));
#8206=CARTESIAN_POINT('Ctrl Pts',(2.47113422380226,-6.61537183011186,20.4324684625802));
#8207=CARTESIAN_POINT('Ctrl Pts',(2.47230150558949,-6.61849671214168,20.4324684625802));
#8208=CARTESIAN_POINT('Ctrl Pts',(2.21232141734591,-6.69388780503174,20.712141005788));
#8209=CARTESIAN_POINT('Ctrl Pts',(2.21336743220045,-6.6970527638048,20.712141005788));
#8210=CARTESIAN_POINT('Ctrl Pts',(2.21441344705499,-6.70021772257786,20.712141005788));
#8211=CARTESIAN_POINT('Ctrl Pts',(2.21545946190953,-6.70338268135093,20.712141005788));
#8212=CARTESIAN_POINT('',(2.96546378327618,-6.39597721619436,19.8731233761646));
#8213=CARTESIAN_POINT('Origin',(2.96546378327618,-6.39597721619436,20.0525232241489));
#8214=CARTESIAN_POINT('',(2.96546378327619,-6.39597721619436,20.2319230721332));
#8215=CARTESIAN_POINT('Ctrl Pts',(2.03932695720455,-6.74860323041878,21.2251021550037));
#8216=CARTESIAN_POINT('Ctrl Pts',(2.0402911779881,-6.75179405936934,21.2251021550037));
#8217=CARTESIAN_POINT('Ctrl Pts',(2.04125539877164,-6.75498488831989,21.2251021550037));
#8218=CARTESIAN_POINT('Ctrl Pts',(2.04221961955519,-6.75817571727044,21.2251021550037));
#8219=CARTESIAN_POINT('Ctrl Pts',(2.35579797833145,-6.65297042129924,20.8940424607135));
#8220=CARTESIAN_POINT('Ctrl Pts',(2.35691183214728,-6.65611603744231,20.8940424607135));
#8221=CARTESIAN_POINT('Ctrl Pts',(2.3580256819317,-6.6592616426332,20.8940424607135));
#8222=CARTESIAN_POINT('Ctrl Pts',(2.35913953574752,-6.66240725877627,20.8940424607135));
#8223=CARTESIAN_POINT('Ctrl Pts',(2.66552891207354,-6.5350405630182,20.5629827664234));
#8224=CARTESIAN_POINT('Ctrl Pts',(2.66678921085601,-6.53813042033229,20.5629827664234));
#8225=CARTESIAN_POINT('Ctrl Pts',(2.66804950536493,-6.54122026678641,20.5629827664234));
#8226=CARTESIAN_POINT('Ctrl Pts',(2.6693098041474,-6.5443101241005,20.5629827664234));
#8227=CARTESIAN_POINT('Ctrl Pts',(2.96546378327619,-6.39597721619436,20.2319230721332));
#8228=CARTESIAN_POINT('Ctrl Pts',(2.96686589381201,-6.39900131889705,20.2319230721332));
#8229=CARTESIAN_POINT('Ctrl Pts',(2.96826800434784,-6.40202542159974,20.2319230721332));
#8230=CARTESIAN_POINT('Ctrl Pts',(2.96967011488367,-6.40504952430243,20.2319230721332));
#8231=CARTESIAN_POINT('',(2.03932695720455,-6.74860323041878,21.2251021550037));
#8232=CARTESIAN_POINT('Origin',(2.50859898458828,-6.58858339360766,21.2251021550037));
#8233=CARTESIAN_POINT('',(2.96546378327618,-6.39597721619436,21.2251021550037));
#8234=CARTESIAN_POINT('Origin',(2.96546378327618,-6.39597721619436,21.3574345991947));
#8235=CARTESIAN_POINT('',(2.96546378327618,-6.39597721619436,21.4897670433857));
#8236=CARTESIAN_POINT('Origin',(2.03149001965766,-6.75096647155289,21.4897670433857));
#8237=CARTESIAN_POINT('',(1.05671174964817,-6.97035582148828,21.4897670433857));
#8238=CARTESIAN_POINT('Origin',(1.05671174964817,-6.97035582148828,21.3574345991947));
#8239=CARTESIAN_POINT('Origin',(0.,0.,0.));
#8240=CARTESIAN_POINT('',(1.29125526374435,-6.94091203256838,16.5129604027607));
#8241=CARTESIAN_POINT('',(1.05821063156257,-6.9802428510223,16.5129604027607));
#8242=CARTESIAN_POINT('Origin',(0.,0.,16.5129604027607));
#8243=CARTESIAN_POINT('',(1.29125526374435,-6.94091203256838,17.4979533837177));
#8244=CARTESIAN_POINT('',(1.29125526374435,-6.94091203256838,17.4979533837177));
#8245=CARTESIAN_POINT('',(2.96967011488367,-6.40504952430243,17.4979533837177));
#8246=CARTESIAN_POINT('Origin',(0.,0.,17.4979533837177));
#8247=CARTESIAN_POINT('',(2.96967011488367,-6.40504952430243,17.7626194641925));
#8248=CARTESIAN_POINT('',(2.96967011488367,-6.40504952430243,17.7626194641925));
#8249=CARTESIAN_POINT('',(1.05821063156257,-6.9802428510223,17.7626194641925));
#8250=CARTESIAN_POINT('Origin',(0.,0.,17.7626194641925));
#8251=CARTESIAN_POINT('',(1.05821063156257,-6.9802428510223,16.5129604027607));
#8252=CARTESIAN_POINT('Origin',(1.17323337795652,-6.95169212788144,16.5129604027607));
#8253=CARTESIAN_POINT('',(1.28942629028295,-6.93108071240894,16.5129604027607));
#8254=CARTESIAN_POINT('',(1.05671174964817,-6.97035582148828,16.5129604027607));
#8255=CARTESIAN_POINT('Origin',(1.28942629028295,-6.93108071240894,17.0054568932392));
#8256=CARTESIAN_POINT('',(1.28942629028295,-6.93108071240894,17.4979533837177));
#8257=CARTESIAN_POINT('Origin',(2.1442029573791,-6.71601769485212,17.4979533837177));
#8258=CARTESIAN_POINT('',(2.96546378327618,-6.39597721619436,17.4979533837177));
#8259=CARTESIAN_POINT('Origin',(2.96546378327618,-6.39597721619436,17.6302864239551));
#8260=CARTESIAN_POINT('',(2.96546378327618,-6.39597721619436,17.7626194641925));
#8261=CARTESIAN_POINT('Origin',(2.03149001965766,-6.75096647155289,17.7626194641925));
#8262=CARTESIAN_POINT('',(1.05671174964817,-6.97035582148828,17.7626194641925));
#8263=CARTESIAN_POINT('Origin',(1.05671174964817,-6.97035582148828,17.1377899334766));
#8264=CARTESIAN_POINT('Origin',(0.,0.,0.));
#8265=CARTESIAN_POINT('',(2.5752414764667,-6.57356306259289,15.1705326722004));
#8266=CARTESIAN_POINT('',(1.05821063156257,-6.9802428510223,15.1705326722004));
#8267=CARTESIAN_POINT('Origin',(0.,0.,15.1705326722004));
#8268=CARTESIAN_POINT('',(1.05821063156257,-6.9802428510223,14.1200532601215));
#8269=CARTESIAN_POINT('Ctrl Pts',(1.05821063156257,-6.9802428510223,14.1200532601215));
#8270=CARTESIAN_POINT('Ctrl Pts',(1.57690154869328,-6.90160887585591,14.4702130641478));
#8271=CARTESIAN_POINT('Ctrl Pts',(2.08677029766617,-6.76492522459359,14.8203728681741));
#8272=CARTESIAN_POINT('Ctrl Pts',(2.5752414764667,-6.57356306259289,15.1705326722004));
#8273=CARTESIAN_POINT('',(1.05821063156257,-6.9802428510223,13.8485660240985));
#8274=CARTESIAN_POINT('',(1.05821063156257,-6.9802428510223,13.8485660240985));
#8275=CARTESIAN_POINT('',(2.96967011488367,-6.40504952430243,13.8485660240985));
#8276=CARTESIAN_POINT('Origin',(0.,0.,13.8485660240985));
#8277=CARTESIAN_POINT('',(2.96967011488367,-6.40504952430243,14.1023196862079));
#8278=CARTESIAN_POINT('',(2.96967011488367,-6.40504952430243,14.1023196862079));
#8279=CARTESIAN_POINT('',(1.48147025049659,-6.90281434611228,14.1023196862079));
#8280=CARTESIAN_POINT('Origin',(0.,0.,14.1023196862079));
#8281=CARTESIAN_POINT('',(2.96967011488367,-6.40504952430243,15.152796714101));
#8282=CARTESIAN_POINT('Ctrl Pts',(2.96967011488367,-6.40504952430243,15.152796714101));
#8283=CARTESIAN_POINT('Ctrl Pts',(2.49413400180257,-6.62552953436429,14.8026377048033));
#8284=CARTESIAN_POINT('Ctrl Pts',(1.99396238518125,-6.79282415760658,14.4524786955056));
#8285=CARTESIAN_POINT('Ctrl Pts',(1.48147025049659,-6.90281434611228,14.1023196862079));
#8286=CARTESIAN_POINT('',(2.96967011488367,-6.40504952430243,15.4242839501239));
#8287=CARTESIAN_POINT('',(2.96967011488367,-6.40504952430243,15.4242839501239));
#8288=CARTESIAN_POINT('',(1.05821063156257,-6.9802428510223,15.4242839501239));
#8289=CARTESIAN_POINT('Origin',(0.,0.,15.4242839501239));
#8290=CARTESIAN_POINT('',(1.05821063156257,-6.9802428510223,15.1705326722004));
#8291=CARTESIAN_POINT('Origin',(1.82548086865836,-6.80956089613437,15.1705326722004));
#8292=CARTESIAN_POINT('',(2.57159382565017,-6.56425206675352,15.1705326722004));
#8293=CARTESIAN_POINT('',(1.05671174964817,-6.97035582148828,15.1705326722004));
#8294=CARTESIAN_POINT('Ctrl Pts',(1.05671174964817,-6.97035582148828,14.1200532601215));
#8295=CARTESIAN_POINT('Ctrl Pts',(1.05721137695297,-6.97365149799962,14.1200532601215));
#8296=CARTESIAN_POINT('Ctrl Pts',(1.05771100425777,-6.97694717451096,14.1200532601215));
#8297=CARTESIAN_POINT('Ctrl Pts',(1.05821063156257,-6.9802428510223,14.1200532601215));
#8298=CARTESIAN_POINT('Ctrl Pts',(1.57466797709456,-6.89183322589011,14.4702130641478));
#8299=CARTESIAN_POINT('Ctrl Pts',(1.57541250689135,-6.89509179966688,14.4702130641478));
#8300=CARTESIAN_POINT('Ctrl Pts',(1.57615701889648,-6.89835030207914,14.4702130641478));
#8301=CARTESIAN_POINT('Ctrl Pts',(1.57690154869328,-6.90160887585591,14.4702130641478));
#8302=CARTESIAN_POINT('Ctrl Pts',(2.08381453237202,-6.75534317753326,14.8203728681741));
#8303=CARTESIAN_POINT('Ctrl Pts',(2.08479979423373,-6.75853721678487,14.8203728681741));
#8304=CARTESIAN_POINT('Ctrl Pts',(2.08578503580446,-6.76173118534198,14.8203728681741));
#8305=CARTESIAN_POINT('Ctrl Pts',(2.08677029766617,-6.76492522459359,14.8203728681741));
#8306=CARTESIAN_POINT('Ctrl Pts',(2.57159382565017,-6.56425206675352,15.1705326722004));
#8307=CARTESIAN_POINT('Ctrl Pts',(2.57280970925568,-6.56735573203331,15.1705326722004));
#8308=CARTESIAN_POINT('Ctrl Pts',(2.57402559286119,-6.5704593973131,15.1705326722004));
#8309=CARTESIAN_POINT('Ctrl Pts',(2.5752414764667,-6.57356306259289,15.1705326722004));
#8310=CARTESIAN_POINT('',(1.05671174964817,-6.97035582148828,14.1200532601215));
#8311=CARTESIAN_POINT('Origin',(1.05671174964817,-6.97035582148828,13.98430964211));
#8312=CARTESIAN_POINT('',(1.05671174964817,-6.97035582148828,13.8485660240985));
#8313=CARTESIAN_POINT('Origin',(2.03149001965766,-6.75096647155289,13.8485660240985));
#8314=CARTESIAN_POINT('',(2.96546378327618,-6.39597721619436,13.8485660240985));
#8315=CARTESIAN_POINT('Origin',(2.96546378327618,-6.39597721619436,13.9754428551532));
#8316=CARTESIAN_POINT('',(2.96546378327618,-6.39597721619436,14.1023196862079));
#8317=CARTESIAN_POINT('Origin',(2.23627101614293,-6.68592491300636,14.1023196862079));
#8318=CARTESIAN_POINT('',(1.47937185070835,-6.89303698868153,14.1023196862079));
#8319=CARTESIAN_POINT('Ctrl Pts',(2.96546378327618,-6.39597721619436,15.152796714101));
#8320=CARTESIAN_POINT('Ctrl Pts',(2.96686589381201,-6.39900131889705,15.152796714101));
#8321=CARTESIAN_POINT('Ctrl Pts',(2.96826800434784,-6.40202542159974,15.152796714101));
#8322=CARTESIAN_POINT('Ctrl Pts',(2.96967011488367,-6.40504952430243,15.152796714101));
#8323=CARTESIAN_POINT('Ctrl Pts',(2.49060123409463,-6.6161449316244,14.8026377048033));
#8324=CARTESIAN_POINT('Ctrl Pts',(2.49177883148628,-6.61927315556755,14.8026377048033));
#8325=CARTESIAN_POINT('Ctrl Pts',(2.49295640441092,-6.62240131042113,14.8026377048033));
#8326=CARTESIAN_POINT('Ctrl Pts',(2.49413400180257,-6.62552953436429,14.8026377048033));
#8327=CARTESIAN_POINT('Ctrl Pts',(1.9911380758538,-6.78320259364396,14.4524786955056));
#8328=CARTESIAN_POINT('Ctrl Pts',(1.99207951963752,-6.78640980493376,14.4524786955056));
#8329=CARTESIAN_POINT('Ctrl Pts',(1.99302094139753,-6.78961694631677,14.4524786955056));
#8330=CARTESIAN_POINT('Ctrl Pts',(1.99396238518125,-6.79282415760658,14.4524786955056));
#8331=CARTESIAN_POINT('Ctrl Pts',(1.47937185070835,-6.89303698868153,14.1023196862079));
#8332=CARTESIAN_POINT('Ctrl Pts',(1.48007131730443,-6.89629610782512,14.1023196862079));
#8333=CARTESIAN_POINT('Ctrl Pts',(1.48077078390051,-6.8995552269687,14.1023196862079));
#8334=CARTESIAN_POINT('Ctrl Pts',(1.48147025049659,-6.90281434611228,14.1023196862079));
#8335=CARTESIAN_POINT('',(2.96546378327618,-6.39597721619436,15.152796714101));
#8336=CARTESIAN_POINT('Origin',(2.96546378327618,-6.39597721619436,15.2885403321125));
#8337=CARTESIAN_POINT('',(2.96546378327618,-6.39597721619436,15.4242839501239));
#8338=CARTESIAN_POINT('Origin',(2.03149001965766,-6.75096647155289,15.4242839501239));
#8339=CARTESIAN_POINT('',(1.05671174964817,-6.97035582148828,15.4242839501239));
#8340=CARTESIAN_POINT('Origin',(1.05671174964817,-6.97035582148828,15.2974083111621));
#8341=CARTESIAN_POINT('Origin',(0.,0.,0.));
#8342=CARTESIAN_POINT('',(-0.0607947781463776,-7.05973823841579,27.2216912196018));
#8343=CARTESIAN_POINT('',(-0.0607947781463782,-7.05973823841579,26.9365616724826));
#8344=CARTESIAN_POINT('',(-0.0607947781463782,-7.05973823841579,27.2216912196018));
#8345=CARTESIAN_POINT('',(-2.03437185157187,-6.76054222452105,27.98976799706));
#8346=CARTESIAN_POINT('Ctrl Pts',(-2.03437185157187,-6.76054222452105,27.98976799706));
#8347=CARTESIAN_POINT('Ctrl Pts',(-1.39507711667245,-6.95291780185569,27.7337424045739));
#8348=CARTESIAN_POINT('Ctrl Pts',(-0.728382278630784,-7.05398932356731,
27.4777168120878));
#8349=CARTESIAN_POINT('Ctrl Pts',(-0.0607947781463776,-7.05973823841579,
27.2216912196018));
#8350=CARTESIAN_POINT('',(-2.03437185157187,-6.76054222452105,27.7087309048511));
#8351=CARTESIAN_POINT('',(-2.03437185157187,-6.76054222452105,27.7087309048511));
#8352=CARTESIAN_POINT('',(-1.44672204258047,-6.91018055708473,27.489085404668));
#8353=CARTESIAN_POINT('Ctrl Pts',(-1.44672204258047,-6.91018055708473,27.489085404668));
#8354=CARTESIAN_POINT('Ctrl Pts',(-1.64462759404941,-6.86874686062862,27.5623005713957));
#8355=CARTESIAN_POINT('Ctrl Pts',(-1.84075189821174,-6.81880603975022,27.6355157381234));
#8356=CARTESIAN_POINT('Ctrl Pts',(-2.03437185157187,-6.76054222452105,27.7087309048511));
#8357=CARTESIAN_POINT('',(-1.44672204258047,-6.91018055708473,26.6527964756824));
#8358=CARTESIAN_POINT('',(-1.44672204258047,-6.91018055708473,26.6527964756824));
#8359=CARTESIAN_POINT('',(-2.03437185157187,-6.76054222452105,26.4195086644031));
#8360=CARTESIAN_POINT('Ctrl Pts',(-2.03437185157187,-6.76054222452105,26.4195086644031));
#8361=CARTESIAN_POINT('Ctrl Pts',(-1.84075189821174,-6.81880603975022,26.4972712681629));
#8362=CARTESIAN_POINT('Ctrl Pts',(-1.64462759404941,-6.86874686062862,26.5750338719226));
#8363=CARTESIAN_POINT('Ctrl Pts',(-1.44672204258047,-6.91018055708473,26.6527964756824));
#8364=CARTESIAN_POINT('',(-2.03437185157187,-6.76054222452105,25.8451565192081));
#8365=CARTESIAN_POINT('',(-2.03437185157187,-6.76054222452105,26.11800810555));
#8366=CARTESIAN_POINT('',(-1.44672204258047,-6.91018055708473,25.625511019025));
#8367=CARTESIAN_POINT('Ctrl Pts',(-1.44672204258047,-6.91018055708473,25.625511019025));
#8368=CARTESIAN_POINT('Ctrl Pts',(-1.64462759404941,-6.86874686062862,25.6987261857527));
#8369=CARTESIAN_POINT('Ctrl Pts',(-1.84075189821174,-6.81880603975022,25.7719413524804));
#8370=CARTESIAN_POINT('Ctrl Pts',(-2.03437185157187,-6.76054222452105,25.8451565192081));
#8371=CARTESIAN_POINT('',(-1.44672204258047,-6.91018055708473,24.7892226860859));
#8372=CARTESIAN_POINT('',(-1.44672204258047,-6.91018055708473,24.7892226860859));
#8373=CARTESIAN_POINT('',(-2.03437185157187,-6.76054222452105,24.5559348748066));
#8374=CARTESIAN_POINT('Ctrl Pts',(-2.03437185157187,-6.76054222452105,24.5559348748066));
#8375=CARTESIAN_POINT('Ctrl Pts',(-1.84075189821174,-6.81880603975022,24.6336974785663));
#8376=CARTESIAN_POINT('Ctrl Pts',(-1.64462759404941,-6.86874686062862,24.7114600823261));
#8377=CARTESIAN_POINT('Ctrl Pts',(-1.44672204258047,-6.91018055708473,24.7892226860859));
#8378=CARTESIAN_POINT('',(-2.03437185157187,-6.76054222452105,24.2544331238605));
#8379=CARTESIAN_POINT('',(-2.03437185157187,-6.76054222452105,24.2544331238605));
#8380=CARTESIAN_POINT('',(-0.0607947781463782,-7.05973823841579,25.0729872868396));
#8381=CARTESIAN_POINT('Ctrl Pts',(-0.0607947781463782,-7.05973823841579,
25.0729872868396));
#8382=CARTESIAN_POINT('Ctrl Pts',(-0.728382278630785,-7.05398932356731,
24.8001358991799));
#8383=CARTESIAN_POINT('Ctrl Pts',(-1.39507711667246,-6.95291780185569,24.5272845115202));
#8384=CARTESIAN_POINT('Ctrl Pts',(-2.03437185157187,-6.76054222452105,24.2544331238605));
#8385=CARTESIAN_POINT('',(-0.0607947781463778,-7.05973823841579,25.3581168339588));
#8386=CARTESIAN_POINT('',(-0.0607947781463782,-7.05973823841579,25.3581168339588));
#8387=CARTESIAN_POINT('',(-2.02447593215159,-6.76351219412954,26.122230758715));
#8388=CARTESIAN_POINT('Ctrl Pts',(-2.02447593215159,-6.76351219412954,26.122230758715));
#8389=CARTESIAN_POINT('Ctrl Pts',(-1.38819971269947,-6.95396441118908,25.8675261171296));
#8390=CARTESIAN_POINT('Ctrl Pts',(-0.724938410586273,-7.05401898036005,
25.6128214755442));
#8391=CARTESIAN_POINT('Ctrl Pts',(-0.0607947781463778,-7.05973823841579,
25.3581168339588));
#8392=CARTESIAN_POINT('Ctrl Pts',(-0.0607947781463782,-7.05973823841579,
26.9365616724826));
#8393=CARTESIAN_POINT('Ctrl Pts',(-0.724938410586273,-7.05401898036005,
26.6651180345601));
#8394=CARTESIAN_POINT('Ctrl Pts',(-1.38819971269947,-6.95396441118908,26.3936743966376));
#8395=CARTESIAN_POINT('Ctrl Pts',(-2.02447593215159,-6.76351219412954,26.122230758715));
#8396=CARTESIAN_POINT('',(-0.271122497095589,-7.05479217210321,27.0852657244541));
#8397=CARTESIAN_POINT('',(-0.652789119454591,-7.02975578277949,27.1930422470905));
#8398=CARTESIAN_POINT('Ctrl Pts',(-0.271122497095589,-7.05479217210321,
27.0852657244541));
#8399=CARTESIAN_POINT('Ctrl Pts',(-0.335403332520269,-7.0523217973295,27.0993909204134));
#8400=CARTESIAN_POINT('Ctrl Pts',(-0.464855644987663,-7.04554539622575,
27.1278523821084));
#8401=CARTESIAN_POINT('Ctrl Pts',(-0.589887188044829,-7.03559690979525,
27.1712051243327));
#8402=CARTESIAN_POINT('Ctrl Pts',(-0.652789119454591,-7.02975578277949,
27.1930422470905));
#8403=CARTESIAN_POINT('',(-0.685429966140179,-7.02664825941338,26.9433828280307));
#8404=CARTESIAN_POINT('Ctrl Pts',(-0.685429966140178,-7.02664825941338,
26.9433828280307));
#8405=CARTESIAN_POINT('Ctrl Pts',(-0.609349580026152,-7.03406968916948,
26.9719841751268));
#8406=CARTESIAN_POINT('Ctrl Pts',(-0.472700524146011,-7.04518534598522,
27.0232747476131));
#8407=CARTESIAN_POINT('Ctrl Pts',(-0.332967477719313,-7.05241540958909,
27.0662534091183));
#8408=CARTESIAN_POINT('Ctrl Pts',(-0.271122497095589,-7.05479217210321,
27.0852657244541));
#8409=CARTESIAN_POINT('',(-1.234801304002,-6.95117729162729,26.7346515343525));
#8410=CARTESIAN_POINT('Ctrl Pts',(-1.234801304002,-6.95117729162729,26.7346515343525));
#8411=CARTESIAN_POINT('Ctrl Pts',(-1.05275996777474,-6.98351496191323,26.8042286322452));
#8412=CARTESIAN_POINT('Ctrl Pts',(-0.869447778472967,-7.00869783437147,
26.873805730138));
#8413=CARTESIAN_POINT('Ctrl Pts',(-0.685429966140179,-7.02664825941338,
26.9433828280307));
#8414=CARTESIAN_POINT('',(-1.234801304002,-6.95117729162729,27.4126871512271));
#8415=CARTESIAN_POINT('',(-1.234801304002,-6.95117729162729,27.4126871512271));
#8416=CARTESIAN_POINT('Ctrl Pts',(-0.652789119454591,-7.02975578277949,
27.1930422470905));
#8417=CARTESIAN_POINT('Ctrl Pts',(-0.847770981384201,-7.01164960073111,
27.266257215136));
#8418=CARTESIAN_POINT('Ctrl Pts',(-1.04199894602472,-6.98542654079143,27.3394721831816));
#8419=CARTESIAN_POINT('Ctrl Pts',(-1.234801304002,-6.95117729162729,27.4126871512271));
#8420=CARTESIAN_POINT('',(-0.271122497095589,-7.05479217210321,25.2216913388111));
#8421=CARTESIAN_POINT('',(-0.652789119454591,-7.02975578277949,25.329467265401));
#8422=CARTESIAN_POINT('Ctrl Pts',(-0.271122497095589,-7.05479217210321,
25.2216913388111));
#8423=CARTESIAN_POINT('Ctrl Pts',(-0.335403293468172,-7.05232179883031,
25.2358168655385));
#8424=CARTESIAN_POINT('Ctrl Pts',(-0.464855361619189,-7.04554541482606,
25.2642789572315));
#8425=CARTESIAN_POINT('Ctrl Pts',(-0.589887146158704,-7.03559691368483,
25.3076306824792));
#8426=CARTESIAN_POINT('Ctrl Pts',(-0.652789119454591,-7.02975578277949,
25.329467265401));
#8427=CARTESIAN_POINT('',(-0.685429966140179,-7.02664825941338,25.0798084423877));
#8428=CARTESIAN_POINT('Ctrl Pts',(-0.685429966140178,-7.02664825941338,
25.0798084423877));
#8429=CARTESIAN_POINT('Ctrl Pts',(-0.609349618233052,-7.03406968544251,
25.1084101019702));
#8430=CARTESIAN_POINT('Ctrl Pts',(-0.472700737640089,-7.04518533213772,
25.1597011949134));
#8431=CARTESIAN_POINT('Ctrl Pts',(-0.332967501211365,-7.05241540868627,
25.2026792918677));
#8432=CARTESIAN_POINT('Ctrl Pts',(-0.271122497095589,-7.05479217210321,
25.2216913388111));
#8433=CARTESIAN_POINT('',(-1.234801304002,-6.95117729162729,24.871076552663));
#8434=CARTESIAN_POINT('Ctrl Pts',(-1.234801304002,-6.95117729162729,24.871076552663));
#8435=CARTESIAN_POINT('Ctrl Pts',(-1.05275996777474,-6.98351496191323,24.9406538492379));
#8436=CARTESIAN_POINT('Ctrl Pts',(-0.869447778472967,-7.00869783437147,
25.0102311458128));
#8437=CARTESIAN_POINT('Ctrl Pts',(-0.685429966140179,-7.02664825941338,
25.0798084423877));
#8438=CARTESIAN_POINT('',(-1.234801304002,-6.95117729162729,25.5491127655841));
#8439=CARTESIAN_POINT('',(-1.234801304002,-6.95117729162729,25.5491127655841));
#8440=CARTESIAN_POINT('Ctrl Pts',(-0.652789119454591,-7.02975578277949,
25.329467265401));
#8441=CARTESIAN_POINT('Ctrl Pts',(-0.847770981384201,-7.01164960073111,
25.4026824321287));
#8442=CARTESIAN_POINT('Ctrl Pts',(-1.04199894602472,-6.98542654079143,25.4758975988564));
#8443=CARTESIAN_POINT('Ctrl Pts',(-1.234801304002,-6.95117729162729,25.5491127655841));
#8444=CARTESIAN_POINT('Ctrl Pts',(-0.270738470895737,-7.04479954862997,
27.0852657244541));
#8445=CARTESIAN_POINT('Ctrl Pts',(-0.270866479629021,-7.04813042312105,
27.0852657244541));
#8446=CARTESIAN_POINT('Ctrl Pts',(-0.270994488362305,-7.05146129761213,
27.0852657244541));
#8447=CARTESIAN_POINT('Ctrl Pts',(-0.271122497095589,-7.05479217210321,
27.0852657244541));
#8448=CARTESIAN_POINT('Ctrl Pts',(-0.334928256978455,-7.04233267297067,
27.0993909204134));
#8449=CARTESIAN_POINT('Ctrl Pts',(-0.335086615674471,-7.04566238375703,
27.0993909204134));
#8450=CARTESIAN_POINT('Ctrl Pts',(-0.335244973824253,-7.04899208654313,
27.0993909204134));
#8451=CARTESIAN_POINT('Ctrl Pts',(-0.335403332520269,-7.0523217973295,27.0993909204134));
#8452=CARTESIAN_POINT('Ctrl Pts',(-0.46419720922989,-7.03556587016877,27.1278523821084));
#8453=CARTESIAN_POINT('Ctrl Pts',(-0.464416687810143,-7.03889237885786,
27.1278523821084));
#8454=CARTESIAN_POINT('Ctrl Pts',(-0.464636166407409,-7.04221888753666,
27.1278523821084));
#8455=CARTESIAN_POINT('Ctrl Pts',(-0.464855644987663,-7.04554539622575,
27.1278523821084));
#8456=CARTESIAN_POINT('Ctrl Pts',(-0.589051653784142,-7.02563147507882,
27.1712051243327));
#8457=CARTESIAN_POINT('Ctrl Pts',(-0.58933016503454,-7.02895328396003,27.1712051243327));
#8458=CARTESIAN_POINT('Ctrl Pts',(-0.589608676794432,-7.03227510091404,
27.1712051243327));
#8459=CARTESIAN_POINT('Ctrl Pts',(-0.589887188044829,-7.03559690979525,
27.1712051243327));
#8460=CARTESIAN_POINT('Ctrl Pts',(-0.651864488973777,-7.01979862161408,
27.1930422470905));
#8461=CARTESIAN_POINT('Ctrl Pts',(-0.652172699134049,-7.02311767533589,
27.1930422470905));
#8462=CARTESIAN_POINT('Ctrl Pts',(-0.65248090929432,-7.02643672905769,27.1930422470905));
#8463=CARTESIAN_POINT('Ctrl Pts',(-0.652789119454591,-7.02975578277949,
27.1930422470905));
#8464=CARTESIAN_POINT('',(-0.270738470895737,-7.04479954862997,27.0852657244541));
#8465=CARTESIAN_POINT('',(-0.651864488973777,-7.01979862161408,27.1930422470905));
#8466=CARTESIAN_POINT('Ctrl Pts',(-0.270738470895737,-7.04479954862997,
27.0852657244541));
#8467=CARTESIAN_POINT('Ctrl Pts',(-0.334928256978455,-7.04233267297067,
27.0993909204134));
#8468=CARTESIAN_POINT('Ctrl Pts',(-0.46419720922989,-7.03556587016877,27.1278523821084));
#8469=CARTESIAN_POINT('Ctrl Pts',(-0.589051653784142,-7.02563147507882,
27.1712051243327));
#8470=CARTESIAN_POINT('Ctrl Pts',(-0.651864488973777,-7.01979862161408,
27.1930422470905));
#8471=CARTESIAN_POINT('',(-0.270738470895737,-7.04479954862997,27.0852657244541));
#8472=CARTESIAN_POINT('',(-0.651864488973777,-7.01979862161408,27.1930422470905));
#8473=CARTESIAN_POINT('Ctrl Pts',(-0.684459102165475,-7.01669549983914,
26.9433828280307));
#8474=CARTESIAN_POINT('Ctrl Pts',(-0.684782723490376,-7.02001308636389,
26.9433828280307));
#8475=CARTESIAN_POINT('Ctrl Pts',(-0.685106344815277,-7.02333067288863,
26.9433828280307));
#8476=CARTESIAN_POINT('Ctrl Pts',(-0.685429966140178,-7.02664825941338,
26.9433828280307));
#8477=CARTESIAN_POINT('Ctrl Pts',(-0.608486478638013,-7.02410641765508,
26.9719841751268));
#8478=CARTESIAN_POINT('Ctrl Pts',(-0.608774178965307,-7.02742750587685,
26.9719841751268));
#8479=CARTESIAN_POINT('Ctrl Pts',(-0.609061879698858,-7.03074860094771,
26.9719841751268));
#8480=CARTESIAN_POINT('Ctrl Pts',(-0.609349580026152,-7.03406968916948,
26.9719841751268));
#8481=CARTESIAN_POINT('Ctrl Pts',(-0.472030976661385,-7.03520632991442,
27.0232747476131));
#8482=CARTESIAN_POINT('Ctrl Pts',(-0.472254159160297,-7.03853266872909,
27.0232747476131));
#8483=CARTESIAN_POINT('Ctrl Pts',(-0.472477341647099,-7.04185900717055,
27.0232747476131));
#8484=CARTESIAN_POINT('Ctrl Pts',(-0.472700524146011,-7.04518534598522,
27.0232747476131));
#8485=CARTESIAN_POINT('Ctrl Pts',(-0.332495852396765,-7.042426152635,27.0662534091183));
#8486=CARTESIAN_POINT('Ctrl Pts',(-0.33265306094475,-7.04575590662462,27.0662534091183));
#8487=CARTESIAN_POINT('Ctrl Pts',(-0.332810269171328,-7.04908565559947,
27.0662534091183));
#8488=CARTESIAN_POINT('Ctrl Pts',(-0.332967477719313,-7.05241540958909,
27.0662534091183));
#8489=CARTESIAN_POINT('Ctrl Pts',(-0.270738470895737,-7.04479954862997,
27.0852657244541));
#8490=CARTESIAN_POINT('Ctrl Pts',(-0.270866479629021,-7.04813042312105,
27.0852657244541));
#8491=CARTESIAN_POINT('Ctrl Pts',(-0.270994488362305,-7.05146129761213,
27.0852657244541));
#8492=CARTESIAN_POINT('Ctrl Pts',(-0.271122497095589,-7.05479217210321,
27.0852657244541));
#8493=CARTESIAN_POINT('',(-0.684459102165476,-7.01669549983914,26.9433828280307));
#8494=CARTESIAN_POINT('Ctrl Pts',(-0.684459102165475,-7.01669549983914,
26.9433828280307));
#8495=CARTESIAN_POINT('Ctrl Pts',(-0.608486478638013,-7.02410641765508,
26.9719841751268));
#8496=CARTESIAN_POINT('Ctrl Pts',(-0.472030976661385,-7.03520632991442,
27.0232747476131));
#8497=CARTESIAN_POINT('Ctrl Pts',(-0.332495852396765,-7.042426152635,27.0662534091183));
#8498=CARTESIAN_POINT('Ctrl Pts',(-0.270738470895737,-7.04479954862997,
27.0852657244541));
#8499=CARTESIAN_POINT('',(-0.684459102165476,-7.01669549983914,26.9433828280307));
#8500=CARTESIAN_POINT('Ctrl Pts',(-1.23305229365639,-6.94133143144085,26.7346515343525));
#8501=CARTESIAN_POINT('Ctrl Pts',(-1.23363529710493,-6.94461338483633,26.7346515343525));
#8502=CARTESIAN_POINT('Ctrl Pts',(-1.23421830055347,-6.94789533823181,26.7346515343525));
#8503=CARTESIAN_POINT('Ctrl Pts',(-1.234801304002,-6.95117729162729,26.7346515343525));
#8504=CARTESIAN_POINT('Ctrl Pts',(-1.05126880634729,-6.97362329766122,26.8042286322452));
#8505=CARTESIAN_POINT('Ctrl Pts',(-1.05176586021027,-6.97692051945317,26.8042286322452));
#8506=CARTESIAN_POINT('Ctrl Pts',(-1.05226291391176,-6.98021774012128,26.8042286322452));
#8507=CARTESIAN_POINT('Ctrl Pts',(-1.05275996777474,-6.98351496191323,26.8042286322452));
#8508=CARTESIAN_POINT('Ctrl Pts',(-0.868216266038869,-6.99877050032845,
26.873805730138));
#8509=CARTESIAN_POINT('Ctrl Pts',(-0.868626770232751,-7.00207961205138,
26.873805730138));
#8510=CARTESIAN_POINT('Ctrl Pts',(-0.869037274279084,-7.00538872264855,
26.873805730138));
#8511=CARTESIAN_POINT('Ctrl Pts',(-0.869447778472967,-7.00869783437147,
26.873805730138));
#8512=CARTESIAN_POINT('Ctrl Pts',(-0.684459102165476,-7.01669549983914,
26.9433828280307));
#8513=CARTESIAN_POINT('Ctrl Pts',(-0.684782723490377,-7.02001308636389,
26.9433828280307));
#8514=CARTESIAN_POINT('Ctrl Pts',(-0.685106344815278,-7.02333067288863,
26.9433828280307));
#8515=CARTESIAN_POINT('Ctrl Pts',(-0.685429966140179,-7.02664825941338,
26.9433828280307));
#8516=CARTESIAN_POINT('',(-1.23305229365639,-6.94133143144085,26.7346515343525));
#8517=CARTESIAN_POINT('Ctrl Pts',(-1.23305229365639,-6.94133143144085,26.7346515343525));
#8518=CARTESIAN_POINT('Ctrl Pts',(-1.05126880634729,-6.97362329766122,26.8042286322452));
#8519=CARTESIAN_POINT('Ctrl Pts',(-0.868216266038869,-6.99877050032845,
26.873805730138));
#8520=CARTESIAN_POINT('Ctrl Pts',(-0.684459102165476,-7.01669549983914,
26.9433828280307));
#8521=CARTESIAN_POINT('',(-1.23305229365639,-6.94133143144085,26.7346515343525));
#8522=CARTESIAN_POINT('Origin',(-1.23305229365639,-6.94133143144085,27.0736693427898));
#8523=CARTESIAN_POINT('',(-1.23305229365639,-6.94133143144085,27.4126871512271));
#8524=CARTESIAN_POINT('',(-1.23305229365639,-6.94133143144085,0.));
#8525=CARTESIAN_POINT('',(-1.23305229365639,-6.94133143144085,27.4126871512271));
#8526=CARTESIAN_POINT('Ctrl Pts',(-0.651864488973777,-7.01979862161408,
27.1930422470905));
#8527=CARTESIAN_POINT('Ctrl Pts',(-0.652172699134049,-7.02311767533589,
27.1930422470905));
#8528=CARTESIAN_POINT('Ctrl Pts',(-0.65248090929432,-7.02643672905769,27.1930422470905));
#8529=CARTESIAN_POINT('Ctrl Pts',(-0.652789119454591,-7.02975578277949,
27.1930422470905));
#8530=CARTESIAN_POINT('Ctrl Pts',(-0.8465701726287,-7.00171808571591,27.266257215136));
#8531=CARTESIAN_POINT('Ctrl Pts',(-0.846970442274481,-7.0050285911933,27.266257215136));
#8532=CARTESIAN_POINT('Ctrl Pts',(-0.84737071173842,-7.00833909525372,27.266257215136));
#8533=CARTESIAN_POINT('Ctrl Pts',(-0.847770981384201,-7.01164960073111,
27.266257215136));
#8534=CARTESIAN_POINT('Ctrl Pts',(-1.04052302683772,-6.97553216892062,27.3394721831816));
#8535=CARTESIAN_POINT('Ctrl Pts',(-1.04101499996686,-6.97883029334904,27.3394721831816));
#8536=CARTESIAN_POINT('Ctrl Pts',(-1.04150697289557,-6.982128416363,27.3394721831816));
#8537=CARTESIAN_POINT('Ctrl Pts',(-1.04199894602472,-6.98542654079143,27.3394721831816));
#8538=CARTESIAN_POINT('Ctrl Pts',(-1.23305229365639,-6.94133143144085,27.4126871512271));
#8539=CARTESIAN_POINT('Ctrl Pts',(-1.23363529710493,-6.94461338483633,27.4126871512271));
#8540=CARTESIAN_POINT('Ctrl Pts',(-1.23421830055346,-6.94789533823181,27.4126871512271));
#8541=CARTESIAN_POINT('Ctrl Pts',(-1.234801304002,-6.95117729162729,27.4126871512271));
#8542=CARTESIAN_POINT('Ctrl Pts',(-0.651864488973777,-7.01979862161408,
27.1930422470905));
#8543=CARTESIAN_POINT('Ctrl Pts',(-0.8465701726287,-7.00171808571591,27.266257215136));
#8544=CARTESIAN_POINT('Ctrl Pts',(-1.04052302683772,-6.97553216892062,27.3394721831816));
#8545=CARTESIAN_POINT('Ctrl Pts',(-1.23305229365639,-6.94133143144085,27.4126871512271));
#8546=CARTESIAN_POINT('Origin',(-0.0607086665626014,-7.04973860918291,27.0791264460422));
#8547=CARTESIAN_POINT('',(-0.0607086665626008,-7.04973860918291,27.2216912196018));
#8548=CARTESIAN_POINT('',(-0.0607086665626014,-7.04973860918291,26.9365616724826));
#8549=CARTESIAN_POINT('Ctrl Pts',(-2.0314903050399,-6.75096638567612,27.98976799706));
#8550=CARTESIAN_POINT('Ctrl Pts',(-2.03245082055056,-6.75415833195776,27.98976799706));
#8551=CARTESIAN_POINT('Ctrl Pts',(-2.03341133606121,-6.75735027823941,27.98976799706));
#8552=CARTESIAN_POINT('Ctrl Pts',(-2.03437185157187,-6.76054222452105,27.98976799706));
#8553=CARTESIAN_POINT('Ctrl Pts',(-1.39310108676215,-6.94306947635732,27.7337424045739));
#8554=CARTESIAN_POINT('Ctrl Pts',(-1.39375977445178,-6.9463523148327,27.7337424045739));
#8555=CARTESIAN_POINT('Ctrl Pts',(-1.39441842898283,-6.94963496338031,27.7337424045739));
#8556=CARTESIAN_POINT('Ctrl Pts',(-1.39507711667245,-6.95291780185569,27.7337424045739));
#8557=CARTESIAN_POINT('Ctrl Pts',(-0.727350575686548,-7.0439978372733,27.4777168120878));
#8558=CARTESIAN_POINT('Ctrl Pts',(-0.72769448487596,-7.04732839644518,27.4777168120878));
#8559=CARTESIAN_POINT('Ctrl Pts',(-0.728038369441372,-7.05065876439543,
27.4777168120878));
#8560=CARTESIAN_POINT('Ctrl Pts',(-0.728382278630784,-7.05398932356731,
27.4777168120878));
#8561=CARTESIAN_POINT('Ctrl Pts',(-0.0607086665626008,-7.04973860918291,
27.2216912196018));
#8562=CARTESIAN_POINT('Ctrl Pts',(-0.0607373704238597,-7.0530718189272,
27.2216912196018));
#8563=CARTESIAN_POINT('Ctrl Pts',(-0.0607660742851187,-7.0564050286715,
27.2216912196018));
#8564=CARTESIAN_POINT('Ctrl Pts',(-0.0607947781463776,-7.05973823841579,
27.2216912196018));
#8565=CARTESIAN_POINT('',(-2.0314903050399,-6.75096638567612,27.98976799706));
#8566=CARTESIAN_POINT('Origin',(-2.0314903050399,-6.75096638567612,27.8492494509555));
#8567=CARTESIAN_POINT('',(-2.0314903050399,-6.75096638567612,27.7087309048511));
#8568=CARTESIAN_POINT('Ctrl Pts',(-1.44467286121704,-6.90039276592738,27.489085404668));
#8569=CARTESIAN_POINT('Ctrl Pts',(-1.44535592167152,-6.90365536297983,27.489085404668));
#8570=CARTESIAN_POINT('Ctrl Pts',(-1.446038982126,-6.90691796003228,27.489085404668));
#8571=CARTESIAN_POINT('Ctrl Pts',(-1.44672204258047,-6.91018055708473,27.489085404668));
#8572=CARTESIAN_POINT('Ctrl Pts',(-1.64229809320798,-6.8590177574266,27.5623005713957));
#8573=CARTESIAN_POINT('Ctrl Pts',(-1.64307459361847,-6.86226079235273,27.5623005713957));
#8574=CARTESIAN_POINT('Ctrl Pts',(-1.64385109363892,-6.86550382570248,27.5623005713957));
#8575=CARTESIAN_POINT('Ctrl Pts',(-1.64462759404941,-6.86874686062862,27.5623005713957));
#8576=CARTESIAN_POINT('Ctrl Pts',(-1.83814460090549,-6.80914767425483,27.6355157381234));
#8577=CARTESIAN_POINT('Ctrl Pts',(-1.8390137001447,-6.81236712994361,27.6355157381234));
#8578=CARTESIAN_POINT('Ctrl Pts',(-1.83988279897253,-6.81558658406144,27.6355157381234));
#8579=CARTESIAN_POINT('Ctrl Pts',(-1.84075189821174,-6.81880603975022,27.6355157381234));
#8580=CARTESIAN_POINT('Ctrl Pts',(-2.0314903050399,-6.75096638567612,27.7087309048511));
#8581=CARTESIAN_POINT('Ctrl Pts',(-2.03245082055056,-6.75415833195776,27.7087309048511));
#8582=CARTESIAN_POINT('Ctrl Pts',(-2.03341133606121,-6.75735027823941,27.7087309048511));
#8583=CARTESIAN_POINT('Ctrl Pts',(-2.03437185157187,-6.76054222452105,27.7087309048511));
#8584=CARTESIAN_POINT('',(-1.44467286121704,-6.90039276592738,27.489085404668));
#8585=CARTESIAN_POINT('Origin',(-1.44467286121704,-6.90039276592738,27.0709409401752));
#8586=CARTESIAN_POINT('',(-1.44467286121704,-6.90039276592738,26.6527964756824));
#8587=CARTESIAN_POINT('Ctrl Pts',(-2.0314903050399,-6.75096638567612,26.4195086644031));
#8588=CARTESIAN_POINT('Ctrl Pts',(-2.03245082055056,-6.75415833195776,26.4195086644031));
#8589=CARTESIAN_POINT('Ctrl Pts',(-2.03341133606121,-6.75735027823941,26.4195086644031));
#8590=CARTESIAN_POINT('Ctrl Pts',(-2.03437185157187,-6.76054222452105,26.4195086644031));
#8591=CARTESIAN_POINT('Ctrl Pts',(-1.83814460090549,-6.80914767425483,26.4972712681629));
#8592=CARTESIAN_POINT('Ctrl Pts',(-1.8390137001447,-6.81236712994361,26.4972712681629));
#8593=CARTESIAN_POINT('Ctrl Pts',(-1.83988279897253,-6.81558658406144,26.4972712681629));
#8594=CARTESIAN_POINT('Ctrl Pts',(-1.84075189821174,-6.81880603975022,26.4972712681629));
#8595=CARTESIAN_POINT('Ctrl Pts',(-1.64229809320798,-6.8590177574266,26.5750338719226));
#8596=CARTESIAN_POINT('Ctrl Pts',(-1.64307459361847,-6.86226079235273,26.5750338719226));
#8597=CARTESIAN_POINT('Ctrl Pts',(-1.64385109363892,-6.86550382570248,26.5750338719226));
#8598=CARTESIAN_POINT('Ctrl Pts',(-1.64462759404941,-6.86874686062862,26.5750338719226));
#8599=CARTESIAN_POINT('Ctrl Pts',(-1.44467286121704,-6.90039276592738,26.6527964756824));
#8600=CARTESIAN_POINT('Ctrl Pts',(-1.44535592167152,-6.90365536297983,26.6527964756824));
#8601=CARTESIAN_POINT('Ctrl Pts',(-1.446038982126,-6.90691796003228,26.6527964756824));
#8602=CARTESIAN_POINT('Ctrl Pts',(-1.44672204258047,-6.91018055708473,26.6527964756824));
#8603=CARTESIAN_POINT('',(-2.0314903050399,-6.75096638567612,26.4195086644031));
#8604=CARTESIAN_POINT('Origin',(-2.0314903050399,-6.75096638567612,26.1323325918056));
#8605=CARTESIAN_POINT('',(-2.0314903050399,-6.75096638567612,25.8451565192081));
#8606=CARTESIAN_POINT('Ctrl Pts',(-1.44467286121704,-6.90039276592738,25.625511019025));
#8607=CARTESIAN_POINT('Ctrl Pts',(-1.44535592167152,-6.90365536297983,25.625511019025));
#8608=CARTESIAN_POINT('Ctrl Pts',(-1.446038982126,-6.90691796003228,25.625511019025));
#8609=CARTESIAN_POINT('Ctrl Pts',(-1.44672204258047,-6.91018055708473,25.625511019025));
#8610=CARTESIAN_POINT('Ctrl Pts',(-1.64229809320798,-6.8590177574266,25.6987261857527));
#8611=CARTESIAN_POINT('Ctrl Pts',(-1.64307459361847,-6.86226079235273,25.6987261857527));
#8612=CARTESIAN_POINT('Ctrl Pts',(-1.64385109363892,-6.86550382570248,25.6987261857527));
#8613=CARTESIAN_POINT('Ctrl Pts',(-1.64462759404941,-6.86874686062862,25.6987261857527));
#8614=CARTESIAN_POINT('Ctrl Pts',(-1.83814460090549,-6.80914767425483,25.7719413524804));
#8615=CARTESIAN_POINT('Ctrl Pts',(-1.8390137001447,-6.81236712994361,25.7719413524804));
#8616=CARTESIAN_POINT('Ctrl Pts',(-1.83988279897253,-6.81558658406144,25.7719413524804));
#8617=CARTESIAN_POINT('Ctrl Pts',(-1.84075189821174,-6.81880603975022,25.7719413524804));
#8618=CARTESIAN_POINT('Ctrl Pts',(-2.0314903050399,-6.75096638567612,25.8451565192081));
#8619=CARTESIAN_POINT('Ctrl Pts',(-2.03245082055056,-6.75415833195776,25.8451565192081));
#8620=CARTESIAN_POINT('Ctrl Pts',(-2.03341133606121,-6.75735027823941,25.8451565192081));
#8621=CARTESIAN_POINT('Ctrl Pts',(-2.03437185157187,-6.76054222452105,25.8451565192081));
#8622=CARTESIAN_POINT('',(-1.44467286121704,-6.90039276592738,25.625511019025));
#8623=CARTESIAN_POINT('Origin',(-1.44467286121704,-6.90039276592738,25.2073668525554));
#8624=CARTESIAN_POINT('',(-1.44467286121704,-6.90039276592738,24.7892226860859));
#8625=CARTESIAN_POINT('Ctrl Pts',(-2.0314903050399,-6.75096638567612,24.5559348748066));
#8626=CARTESIAN_POINT('Ctrl Pts',(-2.03245082055056,-6.75415833195776,24.5559348748066));
#8627=CARTESIAN_POINT('Ctrl Pts',(-2.03341133606121,-6.75735027823941,24.5559348748066));
#8628=CARTESIAN_POINT('Ctrl Pts',(-2.03437185157187,-6.76054222452105,24.5559348748066));
#8629=CARTESIAN_POINT('Ctrl Pts',(-1.83814460090549,-6.80914767425483,24.6336974785663));
#8630=CARTESIAN_POINT('Ctrl Pts',(-1.8390137001447,-6.81236712994361,24.6336974785663));
#8631=CARTESIAN_POINT('Ctrl Pts',(-1.83988279897253,-6.81558658406144,24.6336974785663));
#8632=CARTESIAN_POINT('Ctrl Pts',(-1.84075189821174,-6.81880603975022,24.6336974785663));
#8633=CARTESIAN_POINT('Ctrl Pts',(-1.64229809320798,-6.8590177574266,24.7114600823261));
#8634=CARTESIAN_POINT('Ctrl Pts',(-1.64307459361847,-6.86226079235273,24.7114600823261));
#8635=CARTESIAN_POINT('Ctrl Pts',(-1.64385109363892,-6.86550382570248,24.7114600823261));
#8636=CARTESIAN_POINT('Ctrl Pts',(-1.64462759404941,-6.86874686062862,24.7114600823261));
#8637=CARTESIAN_POINT('Ctrl Pts',(-1.44467286121704,-6.90039276592738,24.7892226860859));
#8638=CARTESIAN_POINT('Ctrl Pts',(-1.44535592167152,-6.90365536297983,24.7892226860859));
#8639=CARTESIAN_POINT('Ctrl Pts',(-1.446038982126,-6.90691796003228,24.7892226860859));
#8640=CARTESIAN_POINT('Ctrl Pts',(-1.44672204258047,-6.91018055708473,24.7892226860859));
#8641=CARTESIAN_POINT('',(-2.0314903050399,-6.75096638567612,24.5559348748066));
#8642=CARTESIAN_POINT('Origin',(-2.0314903050399,-6.75096638567612,24.4051839993335));
#8643=CARTESIAN_POINT('',(-2.0314903050399,-6.75096638567612,24.2544331238605));
#8644=CARTESIAN_POINT('Ctrl Pts',(-0.0607086665626014,-7.04973860918291,
25.0729872868396));
#8645=CARTESIAN_POINT('Ctrl Pts',(-0.0607373704238603,-7.05307181892721,
25.0729872868396));
#8646=CARTESIAN_POINT('Ctrl Pts',(-0.0607660742851192,-7.0564050286715,
25.0729872868396));
#8647=CARTESIAN_POINT('Ctrl Pts',(-0.0607947781463782,-7.05973823841579,
25.0729872868396));
#8648=CARTESIAN_POINT('Ctrl Pts',(-0.727350575686549,-7.0439978372733,24.8001358991799));
#8649=CARTESIAN_POINT('Ctrl Pts',(-0.727694484875961,-7.04732839644518,
24.8001358991799));
#8650=CARTESIAN_POINT('Ctrl Pts',(-0.728038369441373,-7.05065876439543,
24.8001358991799));
#8651=CARTESIAN_POINT('Ctrl Pts',(-0.728382278630785,-7.05398932356731,
24.8001358991799));
#8652=CARTESIAN_POINT('Ctrl Pts',(-1.39310108676215,-6.94306947635731,24.5272845115202));
#8653=CARTESIAN_POINT('Ctrl Pts',(-1.39375977445178,-6.9463523148327,24.5272845115202));
#8654=CARTESIAN_POINT('Ctrl Pts',(-1.39441842898283,-6.94963496338031,24.5272845115202));
#8655=CARTESIAN_POINT('Ctrl Pts',(-1.39507711667246,-6.95291780185569,24.5272845115202));
#8656=CARTESIAN_POINT('Ctrl Pts',(-2.0314903050399,-6.75096638567612,24.2544331238605));
#8657=CARTESIAN_POINT('Ctrl Pts',(-2.03245082055056,-6.75415833195776,24.2544331238605));
#8658=CARTESIAN_POINT('Ctrl Pts',(-2.03341133606121,-6.75735027823941,24.2544331238605));
#8659=CARTESIAN_POINT('Ctrl Pts',(-2.03437185157187,-6.76054222452105,24.2544331238605));
#8660=CARTESIAN_POINT('',(-0.0607086665626014,-7.04973860918291,25.0729872868396));
#8661=CARTESIAN_POINT('Origin',(-0.0607086665626014,-7.04973860918291,25.2155520603992));
#8662=CARTESIAN_POINT('',(-0.0607086665626011,-7.04973860918291,25.3581168339588));
#8663=CARTESIAN_POINT('Ctrl Pts',(-2.02160840250265,-6.75393214852879,26.122230758715));
#8664=CARTESIAN_POINT('Ctrl Pts',(-2.02256424571896,-6.75712549706237,26.122230758715));
#8665=CARTESIAN_POINT('Ctrl Pts',(-2.02352008893527,-6.76031884559596,26.122230758715));
#8666=CARTESIAN_POINT('Ctrl Pts',(-2.02447593215159,-6.76351219412954,26.122230758715));
#8667=CARTESIAN_POINT('Ctrl Pts',(-1.38623342415457,-6.94411460324122,25.8675261171296));
#8668=CARTESIAN_POINT('Ctrl Pts',(-1.38688886444367,-6.94739793458003,25.8675261171296));
#8669=CARTESIAN_POINT('Ctrl Pts',(-1.38754427241038,-6.95068107985027,25.8675261171296));
#8670=CARTESIAN_POINT('Ctrl Pts',(-1.38819971269947,-6.95396441118908,25.8675261171296));
#8671=CARTESIAN_POINT('Ctrl Pts',(-0.7239115856421,-7.04402745205926,25.6128214755442));
#8672=CARTESIAN_POINT('Ctrl Pts',(-0.724253868625049,-7.04735802393396,
25.6128214755442));
#8673=CARTESIAN_POINT('Ctrl Pts',(-0.724596127603323,-7.05068840848534,
25.6128214755442));
#8674=CARTESIAN_POINT('Ctrl Pts',(-0.724938410586273,-7.05401898036005,
25.6128214755442));
#8675=CARTESIAN_POINT('Ctrl Pts',(-0.0607086665626011,-7.04973860918291,
25.3581168339588));
#8676=CARTESIAN_POINT('Ctrl Pts',(-0.06073737042386,-7.05307181892721,25.3581168339588));
#8677=CARTESIAN_POINT('Ctrl Pts',(-0.0607660742851189,-7.0564050286715,
25.3581168339588));
#8678=CARTESIAN_POINT('Ctrl Pts',(-0.0607947781463778,-7.05973823841579,
25.3581168339588));
#8679=CARTESIAN_POINT('',(-2.02160840250265,-6.75393214852879,26.122230758715));
#8680=CARTESIAN_POINT('Ctrl Pts',(-0.0607086665626014,-7.04973860918291,
26.9365616724826));
#8681=CARTESIAN_POINT('Ctrl Pts',(-0.0607373704238603,-7.05307181892721,
26.9365616724826));
#8682=CARTESIAN_POINT('Ctrl Pts',(-0.0607660742851192,-7.0564050286715,
26.9365616724826));
#8683=CARTESIAN_POINT('Ctrl Pts',(-0.0607947781463782,-7.05973823841579,
26.9365616724826));
#8684=CARTESIAN_POINT('Ctrl Pts',(-0.7239115856421,-7.04402745205926,26.6651180345601));
#8685=CARTESIAN_POINT('Ctrl Pts',(-0.724253868625049,-7.04735802393396,
26.6651180345601));
#8686=CARTESIAN_POINT('Ctrl Pts',(-0.724596127603323,-7.05068840848534,
26.6651180345601));
#8687=CARTESIAN_POINT('Ctrl Pts',(-0.724938410586273,-7.05401898036005,
26.6651180345601));
#8688=CARTESIAN_POINT('Ctrl Pts',(-1.38623342415457,-6.94411460324122,26.3936743966376));
#8689=CARTESIAN_POINT('Ctrl Pts',(-1.38688886444367,-6.94739793458003,26.3936743966376));
#8690=CARTESIAN_POINT('Ctrl Pts',(-1.38754427241038,-6.95068107985026,26.3936743966376));
#8691=CARTESIAN_POINT('Ctrl Pts',(-1.38819971269947,-6.95396441118908,26.3936743966376));
#8692=CARTESIAN_POINT('Ctrl Pts',(-2.02160840250265,-6.75393214852879,26.122230758715));
#8693=CARTESIAN_POINT('Ctrl Pts',(-2.02256424571896,-6.75712549706237,26.122230758715));
#8694=CARTESIAN_POINT('Ctrl Pts',(-2.02352008893527,-6.76031884559595,26.122230758715));
#8695=CARTESIAN_POINT('Ctrl Pts',(-2.02447593215159,-6.76351219412954,26.122230758715));
#8696=CARTESIAN_POINT('Ctrl Pts',(-0.270738470895737,-7.04479954862997,
25.2216913388111));
#8697=CARTESIAN_POINT('Ctrl Pts',(-0.270866479629021,-7.04813042312105,
25.2216913388111));
#8698=CARTESIAN_POINT('Ctrl Pts',(-0.270994488362305,-7.05146129761213,
25.2216913388111));
#8699=CARTESIAN_POINT('Ctrl Pts',(-0.271122497095589,-7.05479217210321,
25.2216913388111));
#8700=CARTESIAN_POINT('Ctrl Pts',(-0.334928217981673,-7.04233267446936,
25.2358168655385));
#8701=CARTESIAN_POINT('Ctrl Pts',(-0.33508657665923,-7.04566238525612,25.2358168655385));
#8702=CARTESIAN_POINT('Ctrl Pts',(-0.335244934790615,-7.04899208804354,
25.2358168655385));
#8703=CARTESIAN_POINT('Ctrl Pts',(-0.335403293468172,-7.05232179883031,
25.2358168655385));
#8704=CARTESIAN_POINT('Ctrl Pts',(-0.464196926262788,-7.03556588874274,
25.2642789572315));
#8705=CARTESIAN_POINT('Ctrl Pts',(-0.464416404709251,-7.0388923974406,25.2642789572315));
#8706=CARTESIAN_POINT('Ctrl Pts',(-0.464635883172726,-7.0422189061282,25.2642789572315));
#8707=CARTESIAN_POINT('Ctrl Pts',(-0.464855361619189,-7.04554541482606,
25.2642789572315));
#8708=CARTESIAN_POINT('Ctrl Pts',(-0.589051611957346,-7.0256314789629,25.3076306824792));
#8709=CARTESIAN_POINT('Ctrl Pts',(-0.589330123187987,-7.02895328784626,
25.3076306824792));
#8710=CARTESIAN_POINT('Ctrl Pts',(-0.589608634928063,-7.03227510480147,
25.3076306824792));
#8711=CARTESIAN_POINT('Ctrl Pts',(-0.589887146158704,-7.03559691368483,
25.3076306824792));
#8712=CARTESIAN_POINT('Ctrl Pts',(-0.651864488973777,-7.01979862161408,
25.329467265401));
#8713=CARTESIAN_POINT('Ctrl Pts',(-0.652172699134049,-7.02311767533589,
25.329467265401));
#8714=CARTESIAN_POINT('Ctrl Pts',(-0.65248090929432,-7.02643672905769,25.329467265401));
#8715=CARTESIAN_POINT('Ctrl Pts',(-0.652789119454591,-7.02975578277949,
25.329467265401));
#8716=CARTESIAN_POINT('',(-0.270738470895737,-7.04479954862997,25.2216913388111));
#8717=CARTESIAN_POINT('',(-0.651864488973777,-7.01979862161408,25.329467265401));
#8718=CARTESIAN_POINT('Ctrl Pts',(-0.270738470895737,-7.04479954862997,
25.2216913388111));
#8719=CARTESIAN_POINT('Ctrl Pts',(-0.334928217981673,-7.04233267446936,
25.2358168655385));
#8720=CARTESIAN_POINT('Ctrl Pts',(-0.464196926262788,-7.03556588874274,
25.2642789572315));
#8721=CARTESIAN_POINT('Ctrl Pts',(-0.589051611957346,-7.0256314789629,25.3076306824792));
#8722=CARTESIAN_POINT('Ctrl Pts',(-0.651864488973777,-7.01979862161408,
25.329467265401));
#8723=CARTESIAN_POINT('',(-0.270738470895737,-7.04479954862997,25.2216913388111));
#8724=CARTESIAN_POINT('',(-0.651864488973777,-7.01979862161408,25.329467265401));
#8725=CARTESIAN_POINT('Ctrl Pts',(-0.684459102165475,-7.01669549983914,
25.0798084423877));
#8726=CARTESIAN_POINT('Ctrl Pts',(-0.684782723490376,-7.02001308636389,
25.0798084423877));
#8727=CARTESIAN_POINT('Ctrl Pts',(-0.685106344815277,-7.02333067288863,
25.0798084423877));
#8728=CARTESIAN_POINT('Ctrl Pts',(-0.685429966140178,-7.02664825941338,
25.0798084423877));
#8729=CARTESIAN_POINT('Ctrl Pts',(-0.608486516790795,-7.02410641393338,
25.1084101019702));
#8730=CARTESIAN_POINT('Ctrl Pts',(-0.608774217136111,-7.02742750215309,
25.1084101019702));
#8731=CARTESIAN_POINT('Ctrl Pts',(-0.609061917887736,-7.0307485972228,25.1084101019702));
#8732=CARTESIAN_POINT('Ctrl Pts',(-0.609349618233052,-7.03406968544251,
25.1084101019702));
#8733=CARTESIAN_POINT('Ctrl Pts',(-0.472031189853064,-7.03520631608654,
25.1597011949134));
#8734=CARTESIAN_POINT('Ctrl Pts',(-0.472254372452776,-7.03853265489469,
25.1597011949134));
#8735=CARTESIAN_POINT('Ctrl Pts',(-0.472477555040376,-7.04185899332957,
25.1597011949134));
#8736=CARTESIAN_POINT('Ctrl Pts',(-0.472700737640089,-7.04518533213772,
25.1597011949134));
#8737=CARTESIAN_POINT('Ctrl Pts',(-0.332495875855542,-7.04242615173345,
25.2026792918677));
#8738=CARTESIAN_POINT('Ctrl Pts',(-0.332653084414633,-7.04575590572286,
25.2026792918677));
#8739=CARTESIAN_POINT('Ctrl Pts',(-0.332810292652274,-7.04908565469686,
25.2026792918677));
#8740=CARTESIAN_POINT('Ctrl Pts',(-0.332967501211365,-7.05241540868627,
25.2026792918677));
#8741=CARTESIAN_POINT('Ctrl Pts',(-0.270738470895737,-7.04479954862997,
25.2216913388111));
#8742=CARTESIAN_POINT('Ctrl Pts',(-0.270866479629021,-7.04813042312105,
25.2216913388111));
#8743=CARTESIAN_POINT('Ctrl Pts',(-0.270994488362305,-7.05146129761213,
25.2216913388111));
#8744=CARTESIAN_POINT('Ctrl Pts',(-0.271122497095589,-7.05479217210321,
25.2216913388111));
#8745=CARTESIAN_POINT('',(-0.684459102165476,-7.01669549983914,25.0798084423877));
#8746=CARTESIAN_POINT('Ctrl Pts',(-0.684459102165475,-7.01669549983914,
25.0798084423877));
#8747=CARTESIAN_POINT('Ctrl Pts',(-0.608486516790795,-7.02410641393338,
25.1084101019702));
#8748=CARTESIAN_POINT('Ctrl Pts',(-0.472031189853064,-7.03520631608654,
25.1597011949134));
#8749=CARTESIAN_POINT('Ctrl Pts',(-0.332495875855542,-7.04242615173345,
25.2026792918677));
#8750=CARTESIAN_POINT('Ctrl Pts',(-0.270738470895737,-7.04479954862997,
25.2216913388111));
#8751=CARTESIAN_POINT('',(-0.684459102165476,-7.01669549983914,25.0798084423877));
#8752=CARTESIAN_POINT('Ctrl Pts',(-1.23305229365639,-6.94133143144085,24.871076552663));
#8753=CARTESIAN_POINT('Ctrl Pts',(-1.23363529710493,-6.94461338483633,24.871076552663));
#8754=CARTESIAN_POINT('Ctrl Pts',(-1.23421830055347,-6.94789533823181,24.871076552663));
#8755=CARTESIAN_POINT('Ctrl Pts',(-1.234801304002,-6.95117729162729,24.871076552663));
#8756=CARTESIAN_POINT('Ctrl Pts',(-1.05126880634729,-6.97362329766122,24.9406538492379));
#8757=CARTESIAN_POINT('Ctrl Pts',(-1.05176586021027,-6.97692051945317,24.9406538492379));
#8758=CARTESIAN_POINT('Ctrl Pts',(-1.05226291391176,-6.98021774012128,24.9406538492379));
#8759=CARTESIAN_POINT('Ctrl Pts',(-1.05275996777474,-6.98351496191323,24.9406538492379));
#8760=CARTESIAN_POINT('Ctrl Pts',(-0.868216266038869,-6.99877050032845,
25.0102311458128));
#8761=CARTESIAN_POINT('Ctrl Pts',(-0.868626770232751,-7.00207961205138,
25.0102311458128));
#8762=CARTESIAN_POINT('Ctrl Pts',(-0.869037274279084,-7.00538872264855,
25.0102311458128));
#8763=CARTESIAN_POINT('Ctrl Pts',(-0.869447778472967,-7.00869783437147,
25.0102311458128));
#8764=CARTESIAN_POINT('Ctrl Pts',(-0.684459102165476,-7.01669549983914,
25.0798084423877));
#8765=CARTESIAN_POINT('Ctrl Pts',(-0.684782723490377,-7.02001308636389,
25.0798084423877));
#8766=CARTESIAN_POINT('Ctrl Pts',(-0.685106344815278,-7.02333067288863,
25.0798084423877));
#8767=CARTESIAN_POINT('Ctrl Pts',(-0.685429966140179,-7.02664825941338,
25.0798084423877));
#8768=CARTESIAN_POINT('',(-1.23305229365639,-6.94133143144085,24.871076552663));
#8769=CARTESIAN_POINT('Ctrl Pts',(-1.23305229365639,-6.94133143144085,24.871076552663));
#8770=CARTESIAN_POINT('Ctrl Pts',(-1.05126880634729,-6.97362329766122,24.9406538492379));
#8771=CARTESIAN_POINT('Ctrl Pts',(-0.868216266038869,-6.99877050032845,
25.0102311458128));
#8772=CARTESIAN_POINT('Ctrl Pts',(-0.684459102165476,-7.01669549983914,
25.0798084423877));
#8773=CARTESIAN_POINT('',(-1.23305229365639,-6.94133143144085,24.871076552663));
#8774=CARTESIAN_POINT('Origin',(-1.23305229365639,-6.94133143144085,25.2100946591236));
#8775=CARTESIAN_POINT('',(-1.23305229365639,-6.94133143144085,25.5491127655841));
#8776=CARTESIAN_POINT('',(-1.23305229365639,-6.94133143144085,0.));
#8777=CARTESIAN_POINT('',(-1.23305229365639,-6.94133143144085,25.5491127655841));
#8778=CARTESIAN_POINT('Ctrl Pts',(-0.651864488973777,-7.01979862161408,
25.329467265401));
#8779=CARTESIAN_POINT('Ctrl Pts',(-0.652172699134049,-7.02311767533589,
25.329467265401));
#8780=CARTESIAN_POINT('Ctrl Pts',(-0.65248090929432,-7.02643672905769,25.329467265401));
#8781=CARTESIAN_POINT('Ctrl Pts',(-0.652789119454591,-7.02975578277949,
25.329467265401));
#8782=CARTESIAN_POINT('Ctrl Pts',(-0.8465701726287,-7.00171808571591,25.4026824321287));
#8783=CARTESIAN_POINT('Ctrl Pts',(-0.846970442274481,-7.0050285911933,25.4026824321287));
#8784=CARTESIAN_POINT('Ctrl Pts',(-0.84737071173842,-7.00833909525372,25.4026824321287));
#8785=CARTESIAN_POINT('Ctrl Pts',(-0.847770981384201,-7.01164960073111,
25.4026824321287));
#8786=CARTESIAN_POINT('Ctrl Pts',(-1.04052302683772,-6.97553216892062,25.4758975988564));
#8787=CARTESIAN_POINT('Ctrl Pts',(-1.04101499996686,-6.97883029334904,25.4758975988564));
#8788=CARTESIAN_POINT('Ctrl Pts',(-1.04150697289557,-6.982128416363,25.4758975988564));
#8789=CARTESIAN_POINT('Ctrl Pts',(-1.04199894602472,-6.98542654079143,25.4758975988564));
#8790=CARTESIAN_POINT('Ctrl Pts',(-1.23305229365639,-6.94133143144085,25.5491127655841));
#8791=CARTESIAN_POINT('Ctrl Pts',(-1.23363529710493,-6.94461338483633,25.5491127655841));
#8792=CARTESIAN_POINT('Ctrl Pts',(-1.23421830055346,-6.94789533823181,25.5491127655841));
#8793=CARTESIAN_POINT('Ctrl Pts',(-1.234801304002,-6.95117729162729,25.5491127655841));
#8794=CARTESIAN_POINT('Ctrl Pts',(-0.651864488973777,-7.01979862161408,
25.329467265401));
#8795=CARTESIAN_POINT('Ctrl Pts',(-0.8465701726287,-7.00171808571591,25.4026824321287));
#8796=CARTESIAN_POINT('Ctrl Pts',(-1.04052302683772,-6.97553216892062,25.4758975988564));
#8797=CARTESIAN_POINT('Ctrl Pts',(-1.23305229365639,-6.94133143144085,25.5491127655841));
#8798=CARTESIAN_POINT('Origin',(0.,0.,0.));
#8799=CARTESIAN_POINT('Origin',(0.,0.,0.));
#8800=CARTESIAN_POINT('Origin',(0.,0.,0.));
#8801=CARTESIAN_POINT('',(-0.0525979264186885,-7.05980406655429,21.2012281105854));
#8802=CARTESIAN_POINT('',(-0.0525979264186885,-7.05980406655429,21.0429730103351));
#8803=CARTESIAN_POINT('',(-0.0525979264186885,-7.05980406655429,21.2012281105854));
#8804=CARTESIAN_POINT('',(-0.320261940074572,-7.05273225705752,21.4195086644031));
#8805=CARTESIAN_POINT('Ctrl Pts',(-0.320261940074572,-7.05273225705752,
21.4195086644031));
#8806=CARTESIAN_POINT('Ctrl Pts',(-0.277017533537754,-7.05469596942176,
21.3731064108245));
#8807=CARTESIAN_POINT('Ctrl Pts',(-0.197702562189396,-7.05766836472156,
21.2880322416634));
#8808=CARTESIAN_POINT('Ctrl Pts',(-0.0979476012191546,-7.05946619614942,
21.2283552882752));
#8809=CARTESIAN_POINT('Ctrl Pts',(-0.0525979264186885,-7.05980406655429,
21.2012281105854));
#8810=CARTESIAN_POINT('',(-0.554784321548382,-7.0381683950133,21.7796721146442));
#8811=CARTESIAN_POINT('Ctrl Pts',(-0.554784321548382,-7.0381683950133,21.7796721146442));
#8812=CARTESIAN_POINT('Ctrl Pts',(-0.521433852674664,-7.04079724902886,
21.7138260495956));
#8813=CARTESIAN_POINT('Ctrl Pts',(-0.456292354276951,-7.04557203923949,
21.5852714389801));
#8814=CARTESIAN_POINT('Ctrl Pts',(-0.364876887203464,-7.05070630895641,
21.4738565205733));
#8815=CARTESIAN_POINT('Ctrl Pts',(-0.320261940074572,-7.05273225705752,
21.4195086644031));
#8816=CARTESIAN_POINT('',(-0.791407563776891,-7.01550241023383,21.7796721146442));
#8817=CARTESIAN_POINT('Origin',(0.,0.,21.7796721146442));
#8818=CARTESIAN_POINT('',(-0.665030827672464,-7.02860825471482,21.5211453125812));
#8819=CARTESIAN_POINT('Ctrl Pts',(-0.665030827672464,-7.02860825471482,
21.5211453125812));
#8820=CARTESIAN_POINT('Ctrl Pts',(-0.69071970902175,-7.02617763155208,21.5661432120006));
#8821=CARTESIAN_POINT('Ctrl Pts',(-0.738356330393087,-7.02137814196586,
21.6496343907194));
#8822=CARTESIAN_POINT('Ctrl Pts',(-0.77467065033026,-7.01739047456927,21.7386375557518));
#8823=CARTESIAN_POINT('Ctrl Pts',(-0.791407563776891,-7.01550241023383,
21.7796721146442));
#8824=CARTESIAN_POINT('',(-0.496200754929298,-7.04254107625988,21.2885393784381));
#8825=CARTESIAN_POINT('Ctrl Pts',(-0.496200754929298,-7.04254107625988,
21.2885393784381));
#8826=CARTESIAN_POINT('Ctrl Pts',(-0.525299354055597,-7.04049085792284,
21.3220171297205));
#8827=CARTESIAN_POINT('Ctrl Pts',(-0.588349726767207,-7.0356168369873,21.3945915247591));
#8828=CARTESIAN_POINT('Ctrl Pts',(-0.638192622625637,-7.03114762425552,
21.4768381366842));
#8829=CARTESIAN_POINT('Ctrl Pts',(-0.665030827672464,-7.02860825471482,
21.5211453125812));
#8830=CARTESIAN_POINT('',(-2.03437185157187,-6.76054222452105,21.2885393784381));
#8831=CARTESIAN_POINT('Origin',(0.,0.,21.2885393784381));
#8832=CARTESIAN_POINT('',(-2.03437185157187,-6.76054222452105,21.0429730103351));
#8833=CARTESIAN_POINT('',(-2.03437185157187,-6.76054222452105,21.0429730103351));
#8834=CARTESIAN_POINT('Origin',(0.,0.,21.0429730103351));
#8835=CARTESIAN_POINT('Origin',(-0.0525234251064807,-7.04980434408041,21.1221005604602));
#8836=CARTESIAN_POINT('',(-0.0525234251064807,-7.04980434408041,21.2012281105854));
#8837=CARTESIAN_POINT('',(-0.0525234251064807,-7.04980434408041,21.0429730103351));
#8838=CARTESIAN_POINT('Ctrl Pts',(-0.319808311264268,-7.04274255131098,
21.4195086644031));
#8839=CARTESIAN_POINT('Ctrl Pts',(-0.319959520867703,-7.04607245322649,
21.4195086644031));
#8840=CARTESIAN_POINT('Ctrl Pts',(-0.320110730471138,-7.04940235514201,
21.4195086644031));
#8841=CARTESIAN_POINT('Ctrl Pts',(-0.320261940074572,-7.05273225705752,
21.4195086644031));
#8842=CARTESIAN_POINT('Ctrl Pts',(-0.276625157427927,-7.04470348221295,
21.3731064108245));
#8843=CARTESIAN_POINT('Ctrl Pts',(-0.276755949216969,-7.04803430104425,
21.3731064108245));
#8844=CARTESIAN_POINT('Ctrl Pts',(-0.276886741748713,-7.05136515059045,
21.3731064108245));
#8845=CARTESIAN_POINT('Ctrl Pts',(-0.277017533537754,-7.05469596942176,
21.3731064108245));
#8846=CARTESIAN_POINT('Ctrl Pts',(-0.19742253023162,-7.04767166732111,21.2880322416634));
#8847=CARTESIAN_POINT('Ctrl Pts',(-0.197515874215553,-7.05100390018813,
21.2880322416634));
#8848=CARTESIAN_POINT('Ctrl Pts',(-0.197609218205463,-7.05433613185454,
21.2880322416634));
#8849=CARTESIAN_POINT('Ctrl Pts',(-0.197702562189396,-7.05766836472156,
21.2880322416634));
#8850=CARTESIAN_POINT('Ctrl Pts',(-0.0978088652400907,-7.04946695224552,
21.2283552882752));
#8851=CARTESIAN_POINT('Ctrl Pts',(-0.097855110793786,-7.05280004182193,
21.2283552882752));
#8852=CARTESIAN_POINT('Ctrl Pts',(-0.0979013556654593,-7.05613310657301,
21.2283552882752));
#8853=CARTESIAN_POINT('Ctrl Pts',(-0.0979476012191546,-7.05946619614942,
21.2283552882752));
#8854=CARTESIAN_POINT('Ctrl Pts',(-0.0525234251064807,-7.04980434408041,
21.2012281105854));
#8855=CARTESIAN_POINT('Ctrl Pts',(-0.0525482588772166,-7.05313758490504,
21.2012281105854));
#8856=CARTESIAN_POINT('Ctrl Pts',(-0.0525730926479526,-7.05647082572966,
21.2012281105854));
#8857=CARTESIAN_POINT('Ctrl Pts',(-0.0525979264186885,-7.05980406655429,
21.2012281105854));
#8858=CARTESIAN_POINT('',(-0.319808311264268,-7.04274255131098,21.4195086644031));
#8859=CARTESIAN_POINT('Ctrl Pts',(-0.55399850806177,-7.02819931796654,21.7796721146442));
#8860=CARTESIAN_POINT('Ctrl Pts',(-0.554260445890641,-7.03152234364879,
21.7796721146442));
#8861=CARTESIAN_POINT('Ctrl Pts',(-0.554522383719512,-7.03484536933105,
21.7796721146442));
#8862=CARTESIAN_POINT('Ctrl Pts',(-0.554784321548382,-7.0381683950133,21.7796721146442));
#8863=CARTESIAN_POINT('Ctrl Pts',(-0.520695277812518,-7.03082444839284,
21.7138260495956));
#8864=CARTESIAN_POINT('Ctrl Pts',(-0.520941468780624,-7.03414870494409,
21.7138260495956));
#8865=CARTESIAN_POINT('Ctrl Pts',(-0.521187661706558,-7.03747299247762,
21.7138260495956));
#8866=CARTESIAN_POINT('Ctrl Pts',(-0.521433852674664,-7.04079724902886,
21.7138260495956));
#8867=CARTESIAN_POINT('Ctrl Pts',(-0.455646047826134,-7.03559247544453,
21.5852714389801));
#8868=CARTESIAN_POINT('Ctrl Pts',(-0.455861483293893,-7.03891899668012,
21.5852714389801));
#8869=CARTESIAN_POINT('Ctrl Pts',(-0.456076918809193,-7.0422455180039,21.5852714389801));
#8870=CARTESIAN_POINT('Ctrl Pts',(-0.456292354276951,-7.04557203923949,
21.5852714389801));
#8871=CARTESIAN_POINT('Ctrl Pts',(-0.364360064417057,-7.04071947282474,
21.4738565205733));
#8872=CARTESIAN_POINT('Ctrl Pts',(-0.364532339361791,-7.04404842848809,
21.4738565205733));
#8873=CARTESIAN_POINT('Ctrl Pts',(-0.36470461225873,-7.04737735329307,21.4738565205733));
#8874=CARTESIAN_POINT('Ctrl Pts',(-0.364876887203464,-7.05070630895641,
21.4738565205733));
#8875=CARTESIAN_POINT('Ctrl Pts',(-0.319808311264268,-7.04274255131098,
21.4195086644031));
#8876=CARTESIAN_POINT('Ctrl Pts',(-0.319959520867703,-7.04607245322649,
21.4195086644031));
#8877=CARTESIAN_POINT('Ctrl Pts',(-0.320110730471138,-7.04940235514201,
21.4195086644031));
#8878=CARTESIAN_POINT('Ctrl Pts',(-0.320261940074572,-7.05273225705752,
21.4195086644031));
#8879=CARTESIAN_POINT('',(-0.55399850806177,-7.02819931796654,21.7796721146442));
#8880=CARTESIAN_POINT('Origin',(-0.672237814523213,-7.017876909773,21.7796721146442));
#8881=CARTESIAN_POINT('',(-0.790286589890521,-7.00556543798138,21.7796721146442));
#8882=CARTESIAN_POINT('Ctrl Pts',(-0.664088857661596,-7.01865271894327,
21.5211453125812));
#8883=CARTESIAN_POINT('Ctrl Pts',(-0.664402847665219,-7.02197123086712,
21.5211453125812));
#8884=CARTESIAN_POINT('Ctrl Pts',(-0.664716837668841,-7.02528974279097,
21.5211453125812));
#8885=CARTESIAN_POINT('Ctrl Pts',(-0.665030827672464,-7.02860825471482,
21.5211453125812));
#8886=CARTESIAN_POINT('Ctrl Pts',(-0.68974135249339,-7.01622553858955,21.5661432120006));
#8887=CARTESIAN_POINT('Ctrl Pts',(-0.690067471628058,-7.0195429056296,21.5661432120006));
#8888=CARTESIAN_POINT('Ctrl Pts',(-0.690393589887082,-7.02286026451203,
21.5661432120006));
#8889=CARTESIAN_POINT('Ctrl Pts',(-0.69071970902175,-7.02617763155208,21.5661432120006));
#8890=CARTESIAN_POINT('Ctrl Pts',(-0.73731049989678,-7.01143284714722,21.6496343907194));
#8891=CARTESIAN_POINT('Ctrl Pts',(-0.737659110043918,-7.01474794526276,
21.6496343907194));
#8892=CARTESIAN_POINT('Ctrl Pts',(-0.738007720245949,-7.01806304385032,
21.6496343907194));
#8893=CARTESIAN_POINT('Ctrl Pts',(-0.738356330393087,-7.02137814196586,
21.6496343907194));
#8894=CARTESIAN_POINT('Ctrl Pts',(-0.773573383120161,-7.00745082800473,
21.7386375557518));
#8895=CARTESIAN_POINT('Ctrl Pts',(-0.773939138638518,-7.01076404146209,
21.7386375557518));
#8896=CARTESIAN_POINT('Ctrl Pts',(-0.774304894811902,-7.01407726111191,
21.7386375557518));
#8897=CARTESIAN_POINT('Ctrl Pts',(-0.77467065033026,-7.01739047456927,21.7386375557518));
#8898=CARTESIAN_POINT('Ctrl Pts',(-0.790286589890521,-7.00556543798138,
21.7796721146442));
#8899=CARTESIAN_POINT('Ctrl Pts',(-0.790660247852645,-7.00887776206553,
21.7796721146442));
#8900=CARTESIAN_POINT('Ctrl Pts',(-0.791033905814768,-7.01219008614968,
21.7796721146442));
#8901=CARTESIAN_POINT('Ctrl Pts',(-0.791407563776891,-7.01550241023383,
21.7796721146442));
#8902=CARTESIAN_POINT('',(-0.664088857661596,-7.01865271894327,21.5211453125812));
#8903=CARTESIAN_POINT('Ctrl Pts',(-0.495497920998804,-7.03256580561361,
21.2885393784381));
#8904=CARTESIAN_POINT('Ctrl Pts',(-0.495732198975635,-7.03589089582904,
21.2885393784381));
#8905=CARTESIAN_POINT('Ctrl Pts',(-0.495966476952467,-7.03921598604446,
21.2885393784381));
#8906=CARTESIAN_POINT('Ctrl Pts',(-0.496200754929298,-7.04254107625988,
21.2885393784381));
#8907=CARTESIAN_POINT('Ctrl Pts',(-0.524555303979031,-7.03051849126856,
21.3220171297205));
#8908=CARTESIAN_POINT('Ctrl Pts',(-0.524803320958428,-7.0338426169233,21.3220171297205));
#8909=CARTESIAN_POINT('Ctrl Pts',(-0.5250513370762,-7.03716673226811,21.3220171297205));
#8910=CARTESIAN_POINT('Ctrl Pts',(-0.525299354055597,-7.04049085792284,
21.3220171297205));
#8911=CARTESIAN_POINT('Ctrl Pts',(-0.587516370213712,-7.02565137404539,
21.3945915247591));
#8912=CARTESIAN_POINT('Ctrl Pts',(-0.587794155739402,-7.02897319516173,
21.3945915247591));
#8913=CARTESIAN_POINT('Ctrl Pts',(-0.588071941241516,-7.03229501587097,
21.3945915247591));
#8914=CARTESIAN_POINT('Ctrl Pts',(-0.588349726767207,-7.0356168369873,21.3945915247591));
#8915=CARTESIAN_POINT('Ctrl Pts',(-0.63728866706951,-7.02118849164326,21.4768381366842));
#8916=CARTESIAN_POINT('Ctrl Pts',(-0.637589985255079,-7.02450819842222,
21.4768381366842));
#8917=CARTESIAN_POINT('Ctrl Pts',(-0.637891304440068,-7.02782791747656,
21.4768381366842));
#8918=CARTESIAN_POINT('Ctrl Pts',(-0.638192622625637,-7.03114762425552,
21.4768381366842));
#8919=CARTESIAN_POINT('Ctrl Pts',(-0.664088857661596,-7.01865271894327,
21.5211453125812));
#8920=CARTESIAN_POINT('Ctrl Pts',(-0.664402847665219,-7.02197123086712,
21.5211453125812));
#8921=CARTESIAN_POINT('Ctrl Pts',(-0.664716837668841,-7.02528974279097,
21.5211453125812));
#8922=CARTESIAN_POINT('Ctrl Pts',(-0.665030827672464,-7.02860825471482,
21.5211453125812));
#8923=CARTESIAN_POINT('',(-0.495497920998803,-7.03256580561361,21.2885393784381));
#8924=CARTESIAN_POINT('Origin',(-1.27131504040574,-6.93442557592467,21.2885393784381));
#8925=CARTESIAN_POINT('',(-2.0314903050399,-6.75096638567612,21.2885393784381));
#8926=CARTESIAN_POINT('Origin',(-2.0314903050399,-6.75096638567612,21.1657561943866));
#8927=CARTESIAN_POINT('',(-2.0314903050399,-6.75096638567612,21.0429730103351));
#8928=CARTESIAN_POINT('Origin',(-1.05266534957957,-6.97096805772301,21.0429730103351));
#8929=CARTESIAN_POINT('Origin',(0.,0.,0.));
#8930=CARTESIAN_POINT('',(-2.06705395740313,-6.75062130008669,18.9952244446613));
#8931=CARTESIAN_POINT('',(-1.92027195790384,-6.7938321739419,19.4406547234394));
#8932=CARTESIAN_POINT('Ctrl Pts',(-2.06705395740313,-6.75062130008669,18.9952244446613));
#8933=CARTESIAN_POINT('Ctrl Pts',(-2.06217219575236,-6.75211610542248,19.0805124631893));
#8934=CARTESIAN_POINT('Ctrl Pts',(-2.05288946994012,-6.7551302005263,19.243521824397));
#8935=CARTESIAN_POINT('Ctrl Pts',(-1.96319286910777,-6.78170060812126,19.3770091919284));
#8936=CARTESIAN_POINT('Ctrl Pts',(-1.92027195790384,-6.7938321739419,19.4406547234394));
#8937=CARTESIAN_POINT('',(-1.83334826535732,-6.81780273533279,18.4699859307148));
#8938=CARTESIAN_POINT('Ctrl Pts',(-1.83334826535732,-6.81780273533279,18.4699859307148));
#8939=CARTESIAN_POINT('Ctrl Pts',(-1.90183461230454,-6.79938634368132,18.5410795652624));
#8940=CARTESIAN_POINT('Ctrl Pts',(-2.04097108636989,-6.75900023785796,18.6863069203319));
#8941=CARTESIAN_POINT('Ctrl Pts',(-2.05820252007943,-6.75333162817877,18.8908248589499));
#8942=CARTESIAN_POINT('Ctrl Pts',(-2.06705395740313,-6.75062130008669,18.9952244446613));
#8943=CARTESIAN_POINT('',(-1.37577540598418,-6.92465465075978,18.3117320225574));
#8944=CARTESIAN_POINT('Ctrl Pts',(-1.37577540598418,-6.92465465075978,18.3117320225574));
#8945=CARTESIAN_POINT('Ctrl Pts',(-1.46101113796465,-6.90772019991942,18.3178144193644));
#8946=CARTESIAN_POINT('Ctrl Pts',(-1.62765929164193,-6.87115027890482,18.3297542094471));
#8947=CARTESIAN_POINT('Ctrl Pts',(-1.76581618685166,-6.8359625184463,18.4238329904065));
#8948=CARTESIAN_POINT('Ctrl Pts',(-1.83334826535732,-6.81780273533279,18.4699859307148));
#8949=CARTESIAN_POINT('',(-0.914817929939607,-7.00047913753488,18.4918131516315));
#8950=CARTESIAN_POINT('Ctrl Pts',(-0.914817929939607,-7.00047913753488,
18.4918131516315));
#8951=CARTESIAN_POINT('Ctrl Pts',(-0.980530424501085,-6.9918918727113,18.4393032594628));
#8952=CARTESIAN_POINT('Ctrl Pts',(-1.11589822230562,-6.9725526159894,18.3309697151649));
#8953=CARTESIAN_POINT('Ctrl Pts',(-1.28763948668697,-6.94216530454229,18.3182740340151));
#8954=CARTESIAN_POINT('Ctrl Pts',(-1.37577540598418,-6.92465465075978,18.3117320225574));
#8955=CARTESIAN_POINT('',(-0.734363296043771,-7.02170282406082,18.9338328526355));
#8956=CARTESIAN_POINT('Ctrl Pts',(-0.734363296043771,-7.02170282406082,
18.9338328526355));
#8957=CARTESIAN_POINT('Ctrl Pts',(-0.741685003258569,-7.0209370848694,18.8501393678425));
#8958=CARTESIAN_POINT('Ctrl Pts',(-0.756250015224565,-7.0196123803766,18.6838898377019));
#8959=CARTESIAN_POINT('Ctrl Pts',(-0.862268590981165,-7.00734624999121,
18.5555460144274));
#8960=CARTESIAN_POINT('Ctrl Pts',(-0.914817929939607,-7.00047913753488,
18.4918131516315));
#8961=CARTESIAN_POINT('',(-0.859248424361245,-7.00751683160538,19.311732260976));
#8962=CARTESIAN_POINT('Ctrl Pts',(-0.859248424361245,-7.00751683160538,
19.311732260976));
#8963=CARTESIAN_POINT('Ctrl Pts',(-0.822869837692035,-7.01197750491194,
19.251935891811));
#8964=CARTESIAN_POINT('Ctrl Pts',(-0.75199910000111,-7.01993967928913,19.135584296898));
#8965=CARTESIAN_POINT('Ctrl Pts',(-0.740128899657403,-7.02109982963348,
18.9998227218127));
#8966=CARTESIAN_POINT('Ctrl Pts',(-0.734363296043771,-7.02170282406082,
18.9338328526355));
#8967=CARTESIAN_POINT('',(-0.322991674174786,-7.05260777148522,19.2039551422931));
#8968=CARTESIAN_POINT('Ctrl Pts',(-0.322991674174786,-7.05260777148522,
19.2039551422931));
#8969=CARTESIAN_POINT('Ctrl Pts',(-0.502230306355417,-7.04439909353791,
19.2398808485207));
#8970=CARTESIAN_POINT('Ctrl Pts',(-0.681155756715957,-7.02935421676503,
19.2758065547484));
#8971=CARTESIAN_POINT('Ctrl Pts',(-0.859248424361245,-7.00751683160538,
19.311732260976));
#8972=CARTESIAN_POINT('',(-0.322991674174786,-7.05260777148522,18.4058656380512));
#8973=CARTESIAN_POINT('',(-0.322991674174786,-7.05260777148522,18.4058656380512));
#8974=CARTESIAN_POINT('',(-0.0881171622152516,-7.05945007530496,18.4058656380512));
#8975=CARTESIAN_POINT('Origin',(0.,0.,18.4058656380512));
#8976=CARTESIAN_POINT('',(-0.0881171622152515,-7.05945007530496,19.4004084751941));
#8977=CARTESIAN_POINT('',(-0.0881171622152516,-7.05945007530496,19.4004084751941));
#8978=CARTESIAN_POINT('',(-1.11220887290149,-6.97184275662032,19.5941331074573));
#8979=CARTESIAN_POINT('Ctrl Pts',(-1.11220887290149,-6.97184275662032,19.5941331074573));
#8980=CARTESIAN_POINT('Ctrl Pts',(-0.773576791840672,-7.02586428555502,
19.5295582300363));
#8981=CARTESIAN_POINT('Ctrl Pts',(-0.431004452361809,-7.05517010241116,
19.4649833526152));
#8982=CARTESIAN_POINT('Ctrl Pts',(-0.0881171622152515,-7.05945007530496,
19.4004084751941));
#8983=CARTESIAN_POINT('',(-1.14187988467155,-6.96704459071294,19.3635739968158));
#8984=CARTESIAN_POINT('Ctrl Pts',(-1.14187988467155,-6.96704459071294,19.3635739968158));
#8985=CARTESIAN_POINT('Ctrl Pts',(-1.13199296688641,-6.9686650299671,19.4404270336963));
#8986=CARTESIAN_POINT('Ctrl Pts',(-1.1221025997534,-6.97026442343426,19.5172800705768));
#8987=CARTESIAN_POINT('Ctrl Pts',(-1.11220887290149,-6.97184275662032,19.5941331074573));
#8988=CARTESIAN_POINT('',(-1.00347308077842,-6.98832181400893,19.2135061905719));
#8989=CARTESIAN_POINT('Ctrl Pts',(-1.00347308077842,-6.98832181400893,19.2135061905719));
#8990=CARTESIAN_POINT('Ctrl Pts',(-1.02231726868985,-6.98561592326699,19.2434485797969));
#8991=CARTESIAN_POINT('Ctrl Pts',(-1.05927340207629,-6.98020128797425,19.3021934506589));
#8992=CARTESIAN_POINT('Ctrl Pts',(-1.11472280602819,-6.97149556291867,19.3433802159293));
#8993=CARTESIAN_POINT('Ctrl Pts',(-1.14187988467155,-6.96704459071294,19.3635739968158));
#8994=CARTESIAN_POINT('',(-0.950027771859546,-6.99578782073153,18.9993180916645));
#8995=CARTESIAN_POINT('Ctrl Pts',(-0.950027771859546,-6.99578782073153,
18.9993180916645));
#8996=CARTESIAN_POINT('Ctrl Pts',(-0.952064614339686,-6.99551121758509,
19.0375689413171));
#8997=CARTESIAN_POINT('Ctrl Pts',(-0.956057847451441,-6.99498756490424,
19.11251285918));
#8998=CARTESIAN_POINT('Ctrl Pts',(-0.987895075189931,-6.99055870430625,
19.1803115001033));
#8999=CARTESIAN_POINT('Ctrl Pts',(-1.00347308077842,-6.98832181400893,19.2135061905719));
#9000=CARTESIAN_POINT('',(-1.07036608551192,-6.97838924415842,18.6903133080341));
#9001=CARTESIAN_POINT('Ctrl Pts',(-1.07036608551192,-6.97838924415842,18.6903133080341));
#9002=CARTESIAN_POINT('Ctrl Pts',(-1.03532320134322,-6.98376422589709,18.7337064150547));
#9003=CARTESIAN_POINT('Ctrl Pts',(-0.962667930305293,-6.99417097083571,
18.8235407758264));
#9004=CARTESIAN_POINT('Ctrl Pts',(-0.954330807600864,-6.99520346860961,
18.9394150858544));
#9005=CARTESIAN_POINT('Ctrl Pts',(-0.950027771859546,-6.99578782073153,
18.9993180916645));
#9006=CARTESIAN_POINT('',(-1.39720909233586,-6.92036175010339,18.572305648122));
#9007=CARTESIAN_POINT('Ctrl Pts',(-1.39720909233586,-6.92036175010339,18.572305648122));
#9008=CARTESIAN_POINT('Ctrl Pts',(-1.33346523657051,-6.93323152455623,18.575928255169));
#9009=CARTESIAN_POINT('Ctrl Pts',(-1.21283775462249,-6.95569594573298,18.5827630025528));
#9010=CARTESIAN_POINT('Ctrl Pts',(-1.11595591641435,-6.97139654037895,18.6559278660866));
#9011=CARTESIAN_POINT('Ctrl Pts',(-1.07036608551192,-6.97838924415842,18.6903133080341));
#9012=CARTESIAN_POINT('',(-1.74347829493327,-6.84133637786482,18.6950888321735));
#9013=CARTESIAN_POINT('Ctrl Pts',(-1.74347829493327,-6.84133637786482,18.6950888321735));
#9014=CARTESIAN_POINT('Ctrl Pts',(-1.69493813715357,-6.85370657965688,18.6593054817736));
#9015=CARTESIAN_POINT('Ctrl Pts',(-1.59202831908699,-6.87891429341851,18.5836230034723));
#9016=CARTESIAN_POINT('Ctrl Pts',(-1.46460448988015,-6.90675473566819,18.5762124341882));
#9017=CARTESIAN_POINT('Ctrl Pts',(-1.39720909233586,-6.92036175010339,18.572305648122));
#9018=CARTESIAN_POINT('',(-1.87289669872075,-6.80704472997798,18.9952244446613));
#9019=CARTESIAN_POINT('Ctrl Pts',(-1.87289669872075,-6.80704472997798,18.9952244446613));
#9020=CARTESIAN_POINT('Ctrl Pts',(-1.86737723248544,-6.80856336111687,18.9382473259371));
#9021=CARTESIAN_POINT('Ctrl Pts',(-1.8562914358978,-6.81171842473504,18.823534439012));
#9022=CARTESIAN_POINT('Ctrl Pts',(-1.7813187041449,-6.83169295025245,18.7380923904062));
#9023=CARTESIAN_POINT('Ctrl Pts',(-1.74347829493327,-6.84133637786482,18.6950888321735));
#9024=CARTESIAN_POINT('',(-1.78118209450614,-6.83161696424871,19.2469300911762));
#9025=CARTESIAN_POINT('Ctrl Pts',(-1.78118209450614,-6.83161696424871,19.2469300911762));
#9026=CARTESIAN_POINT('Ctrl Pts',(-1.80797871297252,-6.82463038153258,19.2100589329814));
#9027=CARTESIAN_POINT('Ctrl Pts',(-1.86212230045212,-6.810066407504,19.1354075083343));
#9028=CARTESIAN_POINT('Ctrl Pts',(-1.86927130290179,-6.80804222479845,19.0423299666532));
#9029=CARTESIAN_POINT('Ctrl Pts',(-1.87289669872075,-6.80704472997798,18.9952244446613));
#9030=CARTESIAN_POINT('',(-1.50550563939293,-6.89761210635652,19.3799450085498));
#9031=CARTESIAN_POINT('Ctrl Pts',(-1.50550563939293,-6.89761210635652,19.3799450085498));
#9032=CARTESIAN_POINT('Ctrl Pts',(-1.56156143853194,-6.8853771009049,19.3688588403626));
#9033=CARTESIAN_POINT('Ctrl Pts',(-1.66493765418611,-6.86135257789416,19.3483532681415));
#9034=CARTESIAN_POINT('Ctrl Pts',(-1.74463660819909,-6.84114533303545,19.2788547909352));
#9035=CARTESIAN_POINT('Ctrl Pts',(-1.78118209450614,-6.83161696424871,19.2469300911762));
#9036=CARTESIAN_POINT('',(-1.52685439137032,-6.89291779056977,19.6377887413837));
#9037=CARTESIAN_POINT('Ctrl Pts',(-1.52685439137032,-6.89291779056977,19.6377887413837));
#9038=CARTESIAN_POINT('Ctrl Pts',(-1.51974056877576,-6.89449357771796,19.5518408304391));
#9039=CARTESIAN_POINT('Ctrl Pts',(-1.5126243067471,-6.89605835214689,19.4658929194945));
#9040=CARTESIAN_POINT('Ctrl Pts',(-1.50550563939293,-6.89761210635652,19.3799450085498));
#9041=CARTESIAN_POINT('Ctrl Pts',(-1.92027195790384,-6.7938321739419,19.4406547234394));
#9042=CARTESIAN_POINT('Ctrl Pts',(-1.86616733727314,-6.80912480748511,19.492107847819));
#9043=CARTESIAN_POINT('Ctrl Pts',(-1.75470316587618,-6.8394664656996,19.5978143882349));
#9044=CARTESIAN_POINT('Ctrl Pts',(-1.6043503591609,-6.87575161184406,19.6242306906048));
#9045=CARTESIAN_POINT('Ctrl Pts',(-1.52685439137032,-6.89291779056977,19.6377887413837));
#9046=CARTESIAN_POINT('Ctrl Pts',(-2.06412611893655,-6.74105951354265,18.9952244446613));
#9047=CARTESIAN_POINT('Ctrl Pts',(-2.06510206509208,-6.744246775724,18.9952244446613));
#9048=CARTESIAN_POINT('Ctrl Pts',(-2.06607801124761,-6.74743403790534,18.9952244446613));
#9049=CARTESIAN_POINT('Ctrl Pts',(-2.06705395740313,-6.75062130008669,18.9952244446613));
#9050=CARTESIAN_POINT('Ctrl Pts',(-2.05925127196235,-6.74255220159044,19.0805124631893));
#9051=CARTESIAN_POINT('Ctrl Pts',(-2.06022490741883,-6.74574015042699,19.0805124631893));
#9052=CARTESIAN_POINT('Ctrl Pts',(-2.06119856029588,-6.74892815658593,19.0805124631893));
#9053=CARTESIAN_POINT('Ctrl Pts',(-2.06217219575236,-6.75211610542248,19.0805124631893));
#9054=CARTESIAN_POINT('Ctrl Pts',(-2.04998169448695,-6.74556202743773,19.243521824397));
#9055=CARTESIAN_POINT('Ctrl Pts',(-2.05095095254753,-6.7487514171524,19.243521824397));
#9056=CARTESIAN_POINT('Ctrl Pts',(-2.05192021187954,-6.75194081081163,19.243521824397));
#9057=CARTESIAN_POINT('Ctrl Pts',(-2.05288946994012,-6.7551302005263,19.243521824397));
#9058=CARTESIAN_POINT('Ctrl Pts',(-1.96041214266427,-6.77209479989446,19.3770091919284));
#9059=CARTESIAN_POINT('Ctrl Pts',(-1.96133905850307,-6.77529675890783,19.3770091919284));
#9060=CARTESIAN_POINT('Ctrl Pts',(-1.96226595326897,-6.77849864910789,19.3770091919284));
#9061=CARTESIAN_POINT('Ctrl Pts',(-1.96319286910777,-6.78170060812126,19.3770091919284));
#9062=CARTESIAN_POINT('Ctrl Pts',(-1.91755202595213,-6.78420918219411,19.4406547234394));
#9063=CARTESIAN_POINT('Ctrl Pts',(-1.91845866993604,-6.78741684611004,19.4406547234394));
#9064=CARTESIAN_POINT('Ctrl Pts',(-1.91936531391994,-6.79062451002597,19.4406547234394));
#9065=CARTESIAN_POINT('Ctrl Pts',(-1.92027195790384,-6.7938321739419,19.4406547234394));
#9066=CARTESIAN_POINT('',(-2.06412611893655,-6.74105951354265,18.9952244446613));
#9067=CARTESIAN_POINT('',(-1.91755202595213,-6.78420918219411,19.4406547234394));
#9068=CARTESIAN_POINT('Ctrl Pts',(-1.83075145478316,-6.80814579094847,18.4699859307148));
#9069=CARTESIAN_POINT('Ctrl Pts',(-1.83161705830788,-6.81136477240991,18.4699859307148));
#9070=CARTESIAN_POINT('Ctrl Pts',(-1.8324826618326,-6.81458375387135,18.4699859307148));
#9071=CARTESIAN_POINT('Ctrl Pts',(-1.83334826535732,-6.81780273533279,18.4699859307148));
#9072=CARTESIAN_POINT('Ctrl Pts',(-1.89914079557323,-6.78975548483758,18.5410795652624));
#9073=CARTESIAN_POINT('Ctrl Pts',(-1.90003875159109,-6.79296582694707,18.5410795652624));
#9074=CARTESIAN_POINT('Ctrl Pts',(-1.90093665628668,-6.79617600157184,18.5410795652624));
#9075=CARTESIAN_POINT('Ctrl Pts',(-1.90183461230454,-6.79938634368132,18.5410795652624));
#9076=CARTESIAN_POINT('Ctrl Pts',(-2.03808019247985,-6.74942658313011,18.6863069203319));
#9077=CARTESIAN_POINT('Ctrl Pts',(-2.03904382254136,-6.75261779759393,18.6863069203319));
#9078=CARTESIAN_POINT('Ctrl Pts',(-2.04000745630837,-6.75580902339413,18.6863069203319));
#9079=CARTESIAN_POINT('Ctrl Pts',(-2.04097108636989,-6.75900023785796,18.6863069203319));
#9080=CARTESIAN_POINT('Ctrl Pts',(-2.05528721905949,-6.74376600264311,18.8908248589499));
#9081=CARTESIAN_POINT('Ctrl Pts',(-2.05625897283204,-6.74695450078644,18.8908248589499));
#9082=CARTESIAN_POINT('Ctrl Pts',(-2.05723076630687,-6.75014313003544,18.8908248589499));
#9083=CARTESIAN_POINT('Ctrl Pts',(-2.05820252007943,-6.75333162817877,18.8908248589499));
#9084=CARTESIAN_POINT('Ctrl Pts',(-2.06412611893655,-6.74105951354265,18.9952244446613));
#9085=CARTESIAN_POINT('Ctrl Pts',(-2.06510206509208,-6.744246775724,18.9952244446613));
#9086=CARTESIAN_POINT('Ctrl Pts',(-2.06607801124761,-6.74743403790534,18.9952244446613));
#9087=CARTESIAN_POINT('Ctrl Pts',(-2.06705395740313,-6.75062130008669,18.9952244446613));
#9088=CARTESIAN_POINT('',(-1.83075145478316,-6.80814579094847,18.4699859307148));
#9089=CARTESIAN_POINT('Ctrl Pts',(-1.37382671560743,-6.91484635805332,18.3117320225574));
#9090=CARTESIAN_POINT('Ctrl Pts',(-1.37447627906635,-6.91811578895548,18.3117320225574));
#9091=CARTESIAN_POINT('Ctrl Pts',(-1.37512584252526,-6.92138521985763,18.3117320225574));
#9092=CARTESIAN_POINT('Ctrl Pts',(-1.37577540598418,-6.92465465075978,18.3117320225574));
#9093=CARTESIAN_POINT('Ctrl Pts',(-1.45894171708934,-6.89793589368724,18.3178144193644));
#9094=CARTESIAN_POINT('Ctrl Pts',(-1.45963152945531,-6.90119735144907,18.3178144193644));
#9095=CARTESIAN_POINT('Ctrl Pts',(-1.46032132559868,-6.90445874215759,18.3178144193644));
#9096=CARTESIAN_POINT('Ctrl Pts',(-1.46101113796465,-6.90772019991942,18.3178144193644));
#9097=CARTESIAN_POINT('Ctrl Pts',(-1.62535382522318,-6.86141777142761,18.3297542094471));
#9098=CARTESIAN_POINT('Ctrl Pts',(-1.62612231384961,-6.86466194008598,18.3297542094471));
#9099=CARTESIAN_POINT('Ctrl Pts',(-1.6268908030155,-6.86790611024645,18.3297542094471));
#9100=CARTESIAN_POINT('Ctrl Pts',(-1.62765929164193,-6.87115027890482,18.3297542094471));
#9101=CARTESIAN_POINT('Ctrl Pts',(-1.76331503077963,-6.82627985198958,18.4238329904065));
#9102=CARTESIAN_POINT('Ctrl Pts',(-1.76414874466082,-6.82950738703712,18.4238329904065));
#9103=CARTESIAN_POINT('Ctrl Pts',(-1.76498247297046,-6.83273498339876,18.4238329904065));
#9104=CARTESIAN_POINT('Ctrl Pts',(-1.76581618685166,-6.8359625184463,18.4238329904065));
#9105=CARTESIAN_POINT('Ctrl Pts',(-1.83075145478316,-6.80814579094847,18.4699859307148));
#9106=CARTESIAN_POINT('Ctrl Pts',(-1.83161705830788,-6.81136477240991,18.4699859307148));
#9107=CARTESIAN_POINT('Ctrl Pts',(-1.8324826618326,-6.81458375387135,18.4699859307148));
#9108=CARTESIAN_POINT('Ctrl Pts',(-1.83334826535732,-6.81780273533279,18.4699859307148));
#9109=CARTESIAN_POINT('',(-1.37382671560743,-6.91484635805332,18.3117320225574));
#9110=CARTESIAN_POINT('Ctrl Pts',(-0.913522153834876,-6.99056344470551,
18.4918131516315));
#9111=CARTESIAN_POINT('Ctrl Pts',(-0.91395407920312,-6.99386867564863,18.4918131516315));
#9112=CARTESIAN_POINT('Ctrl Pts',(-0.914386004571363,-6.99717390659175,
18.4918131516315));
#9113=CARTESIAN_POINT('Ctrl Pts',(-0.914817929939607,-7.00047913753488,
18.4918131516315));
#9114=CARTESIAN_POINT('Ctrl Pts',(-0.97914157120859,-6.98198834314656,18.4393032594628));
#9115=CARTESIAN_POINT('Ctrl Pts',(-0.979604517968801,-6.98528949266651,
18.4393032594628));
#9116=CARTESIAN_POINT('Ctrl Pts',(-0.980067477740874,-6.98859072319135,
18.4393032594628));
#9117=CARTESIAN_POINT('Ctrl Pts',(-0.980530424501085,-6.9918918727113,18.4393032594628));
#9118=CARTESIAN_POINT('Ctrl Pts',(-1.11431762992276,-6.96267647913956,18.3309697151649));
#9119=CARTESIAN_POINT('Ctrl Pts',(-1.11484449396401,-6.96596852371417,18.3309697151649));
#9120=CARTESIAN_POINT('Ctrl Pts',(-1.11537135826437,-6.9692605714148,18.3309697151649));
#9121=CARTESIAN_POINT('Ctrl Pts',(-1.11589822230562,-6.9725526159894,18.3309697151649));
#9122=CARTESIAN_POINT('Ctrl Pts',(-1.28581563472282,-6.93233220921008,18.3182740340151));
#9123=CARTESIAN_POINT('Ctrl Pts',(-1.28642359015933,-6.93560993863908,18.3182740340151));
#9124=CARTESIAN_POINT('Ctrl Pts',(-1.28703153125047,-6.93888757511329,18.3182740340151));
#9125=CARTESIAN_POINT('Ctrl Pts',(-1.28763948668697,-6.94216530454229,18.3182740340151));
#9126=CARTESIAN_POINT('Ctrl Pts',(-1.37382671560743,-6.91484635805332,18.3117320225574));
#9127=CARTESIAN_POINT('Ctrl Pts',(-1.37447627906635,-6.91811578895548,18.3117320225574));
#9128=CARTESIAN_POINT('Ctrl Pts',(-1.37512584252526,-6.92138521985763,18.3117320225574));
#9129=CARTESIAN_POINT('Ctrl Pts',(-1.37577540598418,-6.92465465075978,18.3117320225574));
#9130=CARTESIAN_POINT('',(-0.913522153834876,-6.99056344470551,18.4918131516315));
#9131=CARTESIAN_POINT('Ctrl Pts',(-0.733323121403483,-7.01175706935252,
18.9338328526355));
#9132=CARTESIAN_POINT('Ctrl Pts',(-0.733669846283579,-7.01507232092196,
18.9338328526355));
#9133=CARTESIAN_POINT('Ctrl Pts',(-0.734016571163675,-7.01838757249139,
18.9338328526355));
#9134=CARTESIAN_POINT('Ctrl Pts',(-0.734363296043771,-7.02170282406082,
18.9338328526355));
#9135=CARTESIAN_POINT('Ctrl Pts',(-0.740634457928174,-7.01099241477752,
18.8501393678425));
#9136=CARTESIAN_POINT('Ctrl Pts',(-0.740984637142645,-7.01430728081761,
18.8501393678425));
#9137=CARTESIAN_POINT('Ctrl Pts',(-0.741334824044098,-7.0176222188293,18.8501393678425));
#9138=CARTESIAN_POINT('Ctrl Pts',(-0.741685003258569,-7.0209370848694,18.8501393678425));
#9139=CARTESIAN_POINT('Ctrl Pts',(-0.755178839565606,-7.00966958663669,
18.6838898377019));
#9140=CARTESIAN_POINT('Ctrl Pts',(-0.755535897902742,-7.01298384886962,
18.6838898377019));
#9141=CARTESIAN_POINT('Ctrl Pts',(-0.755892956887429,-7.01629811814367,
18.6838898377019));
#9142=CARTESIAN_POINT('Ctrl Pts',(-0.756250015224565,-7.0196123803766,18.6838898377019));
#9143=CARTESIAN_POINT('Ctrl Pts',(-0.861047247367877,-6.99742083037366,
18.5555460144274));
#9144=CARTESIAN_POINT('Ctrl Pts',(-0.861454365220957,-7.00072933534597,
18.5555460144274));
#9145=CARTESIAN_POINT('Ctrl Pts',(-0.861861473128085,-7.00403774501889,
18.5555460144274));
#9146=CARTESIAN_POINT('Ctrl Pts',(-0.862268590981165,-7.00734624999121,
18.5555460144274));
#9147=CARTESIAN_POINT('Ctrl Pts',(-0.913522153834876,-6.99056344470551,
18.4918131516315));
#9148=CARTESIAN_POINT('Ctrl Pts',(-0.91395407920312,-6.99386867564863,18.4918131516315));
#9149=CARTESIAN_POINT('Ctrl Pts',(-0.914386004571363,-6.99717390659175,
18.4918131516315));
#9150=CARTESIAN_POINT('Ctrl Pts',(-0.914817929939607,-7.00047913753488,
18.4918131516315));
#9151=CARTESIAN_POINT('',(-0.733323121403483,-7.01175706935252,18.9338328526355));
#9152=CARTESIAN_POINT('Ctrl Pts',(-0.85803135860436,-6.99759117037081,19.311732260976));
#9153=CARTESIAN_POINT('Ctrl Pts',(-0.858437047189988,-7.00089972411567,
19.311732260976));
#9154=CARTESIAN_POINT('Ctrl Pts',(-0.858842735775617,-7.00420827786053,
19.311732260976));
#9155=CARTESIAN_POINT('Ctrl Pts',(-0.859248424361245,-7.00751683160538,
19.311732260976));
#9156=CARTESIAN_POINT('Ctrl Pts',(-0.821704299678307,-7.00204552544323,
19.251935891811));
#9157=CARTESIAN_POINT('Ctrl Pts',(-0.822092813858684,-7.00535619972834,
19.251935891811));
#9158=CARTESIAN_POINT('Ctrl Pts',(-0.822481323511658,-7.00866683062683,
19.251935891811));
#9159=CARTESIAN_POINT('Ctrl Pts',(-0.822869837692035,-7.01197750491194,
19.251935891811));
#9160=CARTESIAN_POINT('Ctrl Pts',(-0.75093394546853,-7.00999642195303,19.135584296898));
#9161=CARTESIAN_POINT('Ctrl Pts',(-0.751288996855496,-7.01331083980132,
19.135584296898));
#9162=CARTESIAN_POINT('Ctrl Pts',(-0.751644048614144,-7.01662526144084,
19.135584296898));
#9163=CARTESIAN_POINT('Ctrl Pts',(-0.75199910000111,-7.01993967928913,19.135584296898));
#9164=CARTESIAN_POINT('Ctrl Pts',(-0.739080558439758,-7.01115492902493,
18.9998227218127));
#9165=CARTESIAN_POINT('Ctrl Pts',(-0.739430004450307,-7.01446988586757,
18.9998227218127));
#9166=CARTESIAN_POINT('Ctrl Pts',(-0.739779453646854,-7.01778487279084,
18.9998227218127));
#9167=CARTESIAN_POINT('Ctrl Pts',(-0.740128899657403,-7.02109982963348,
18.9998227218127));
#9168=CARTESIAN_POINT('Ctrl Pts',(-0.733323121403483,-7.01175706935252,
18.9338328526355));
#9169=CARTESIAN_POINT('Ctrl Pts',(-0.733669846283579,-7.01507232092196,
18.9338328526355));
#9170=CARTESIAN_POINT('Ctrl Pts',(-0.734016571163675,-7.01838757249139,
18.9338328526355));
#9171=CARTESIAN_POINT('Ctrl Pts',(-0.734363296043771,-7.02170282406082,
18.9338328526355));
#9172=CARTESIAN_POINT('',(-0.85803135860436,-6.99759117037081,19.311732260976));
#9173=CARTESIAN_POINT('Ctrl Pts',(-0.322534178885587,-7.04261824206386,
19.2039551422931));
#9174=CARTESIAN_POINT('Ctrl Pts',(-0.32268667731532,-7.04594808520431,19.2039551422931));
#9175=CARTESIAN_POINT('Ctrl Pts',(-0.322839175745053,-7.04927792834477,
19.2039551422931));
#9176=CARTESIAN_POINT('Ctrl Pts',(-0.322991674174786,-7.05260777148522,
19.2039551422931));
#9177=CARTESIAN_POINT('Ctrl Pts',(-0.501518931983809,-7.03442119113913,
19.2398808485207));
#9178=CARTESIAN_POINT('Ctrl Pts',(-0.501756056800457,-7.03774715894004,
19.2398808485207));
#9179=CARTESIAN_POINT('Ctrl Pts',(-0.501993181538768,-7.04107312573701,
19.2398808485207));
#9180=CARTESIAN_POINT('Ctrl Pts',(-0.502230306355417,-7.04439909353791,
19.2398808485207));
#9181=CARTESIAN_POINT('Ctrl Pts',(-0.680190946862252,-7.01939762439001,
19.2758065547484));
#9182=CARTESIAN_POINT('Ctrl Pts',(-0.680512550176957,-7.02271648884933,
19.2758065547484));
#9183=CARTESIAN_POINT('Ctrl Pts',(-0.680834153401252,-7.02603535230572,
19.2758065547484));
#9184=CARTESIAN_POINT('Ctrl Pts',(-0.681155756715957,-7.02935421676503,
19.2758065547484));
#9185=CARTESIAN_POINT('Ctrl Pts',(-0.85803135860436,-6.99759117037081,19.311732260976));
#9186=CARTESIAN_POINT('Ctrl Pts',(-0.858437047189988,-7.00089972411567,
19.311732260976));
#9187=CARTESIAN_POINT('Ctrl Pts',(-0.858842735775617,-7.00420827786053,
19.311732260976));
#9188=CARTESIAN_POINT('Ctrl Pts',(-0.859248424361245,-7.00751683160538,
19.311732260976));
#9189=CARTESIAN_POINT('',(-0.322534178885587,-7.04261824206386,19.2039551422931));
#9190=CARTESIAN_POINT('Origin',(-0.322534178885587,-7.04261824206386,18.8049103901722));
#9191=CARTESIAN_POINT('',(-0.322534178885587,-7.04261824206386,18.4058656380512));
#9192=CARTESIAN_POINT('Origin',(-0.205291692362563,-7.04701038178935,18.4058656380512));
#9193=CARTESIAN_POINT('',(-0.087992350370754,-7.04945085423512,18.4058656380512));
#9194=CARTESIAN_POINT('Origin',(-0.087992350370754,-7.04945085423512,18.9031370566227));
#9195=CARTESIAN_POINT('',(-0.087992350370754,-7.04945085423512,19.4004084751941));
#9196=CARTESIAN_POINT('Ctrl Pts',(-1.11063350622599,-6.961967625237,19.5941331074573));
#9197=CARTESIAN_POINT('Ctrl Pts',(-1.11115862845116,-6.96525933569811,19.5941331074573));
#9198=CARTESIAN_POINT('Ctrl Pts',(-1.11168375067632,-6.96855104615921,19.5941331074573));
#9199=CARTESIAN_POINT('Ctrl Pts',(-1.11220887290149,-6.97184275662032,19.5941331074573));
#9200=CARTESIAN_POINT('Ctrl Pts',(-0.772481074005203,-7.01591263642534,
19.5295582300363));
#9201=CARTESIAN_POINT('Ctrl Pts',(-0.772846313716569,-7.01922985725809,
19.5295582300363));
#9202=CARTESIAN_POINT('Ctrl Pts',(-0.773211552129305,-7.02254706472226,
19.5295582300363));
#9203=CARTESIAN_POINT('Ctrl Pts',(-0.773576791840672,-7.02586428555502,
19.5295582300363));
#9204=CARTESIAN_POINT('Ctrl Pts',(-0.430393964468945,-7.04517694362588,
19.4649833526152));
#9205=CARTESIAN_POINT('Ctrl Pts',(-0.43059746076353,-7.04850800101927,19.4649833526152));
#9206=CARTESIAN_POINT('Ctrl Pts',(-0.430800956067225,-7.05183904501777,
19.4649833526152));
#9207=CARTESIAN_POINT('Ctrl Pts',(-0.431004452361809,-7.05517010241116,
19.4649833526152));
#9208=CARTESIAN_POINT('Ctrl Pts',(-0.087992350370754,-7.04945085423512,
19.4004084751941));
#9209=CARTESIAN_POINT('Ctrl Pts',(-0.0880339543189198,-7.05278392792506,
19.4004084751941));
#9210=CARTESIAN_POINT('Ctrl Pts',(-0.0880755582670857,-7.05611700161501,
19.4004084751941));
#9211=CARTESIAN_POINT('Ctrl Pts',(-0.0881171622152515,-7.05945007530496,
19.4004084751941));
#9212=CARTESIAN_POINT('',(-1.11063350622599,-6.961967625237,19.5941331074573));
#9213=CARTESIAN_POINT('Ctrl Pts',(-1.1402624910672,-6.95717625559862,19.3635739968158));
#9214=CARTESIAN_POINT('Ctrl Pts',(-1.14080162226865,-6.96046570063673,19.3635739968158));
#9215=CARTESIAN_POINT('Ctrl Pts',(-1.1413407534701,-6.96375514567484,19.3635739968158));
#9216=CARTESIAN_POINT('Ctrl Pts',(-1.14187988467155,-6.96704459071294,19.3635739968158));
#9217=CARTESIAN_POINT('Ctrl Pts',(-1.1303895774149,-6.95879439961304,19.4404270336963));
#9218=CARTESIAN_POINT('Ctrl Pts',(-1.13092404057207,-6.96208460973106,19.4404270336963));
#9219=CARTESIAN_POINT('Ctrl Pts',(-1.13145850372924,-6.96537481984908,19.4404270336963));
#9220=CARTESIAN_POINT('Ctrl Pts',(-1.13199296688641,-6.9686650299671,19.4404270336963));
#9221=CARTESIAN_POINT('Ctrl Pts',(-1.12051321930049,-6.96039152765036,19.5172800705768));
#9222=CARTESIAN_POINT('Ctrl Pts',(-1.12104301278479,-6.96368249291166,19.5172800705768));
#9223=CARTESIAN_POINT('Ctrl Pts',(-1.1215728062691,-6.96697345817295,19.5172800705768));
#9224=CARTESIAN_POINT('Ctrl Pts',(-1.1221025997534,-6.97026442343426,19.5172800705768));
#9225=CARTESIAN_POINT('Ctrl Pts',(-1.11063350622599,-6.961967625237,19.5941331074573));
#9226=CARTESIAN_POINT('Ctrl Pts',(-1.11115862845116,-6.96525933569811,19.5941331074573));
#9227=CARTESIAN_POINT('Ctrl Pts',(-1.11168375067632,-6.96855104615921,19.5941331074573));
#9228=CARTESIAN_POINT('Ctrl Pts',(-1.11220887290149,-6.97184275662032,19.5941331074573));
#9229=CARTESIAN_POINT('',(-1.1402624910672,-6.95717625559862,19.3635739968158));
#9230=CARTESIAN_POINT('Ctrl Pts',(-1.00205173080565,-6.97842334118456,19.2135061905719));
#9231=CARTESIAN_POINT('Ctrl Pts',(-1.00252551412991,-6.98172283212601,19.2135061905719));
#9232=CARTESIAN_POINT('Ctrl Pts',(-1.00299929745417,-6.98502232306747,19.2135061905719));
#9233=CARTESIAN_POINT('Ctrl Pts',(-1.00347308077842,-6.98832181400893,19.2135061905719));
#9234=CARTESIAN_POINT('Ctrl Pts',(-1.02086922723279,-6.97572128314904,19.2434485797969));
#9235=CARTESIAN_POINT('Ctrl Pts',(-1.02135190706239,-6.97901949222091,19.2434485797969));
#9236=CARTESIAN_POINT('Ctrl Pts',(-1.02183458886025,-6.98231771419512,19.2434485797969));
#9237=CARTESIAN_POINT('Ctrl Pts',(-1.02231726868985,-6.98561592326699,19.2434485797969));
#9238=CARTESIAN_POINT('Ctrl Pts',(-1.05777301482122,-6.9703143173114,19.3021934506589));
#9239=CARTESIAN_POINT('Ctrl Pts',(-1.05827314390304,-6.97360997415416,19.3021934506589));
#9240=CARTESIAN_POINT('Ctrl Pts',(-1.05877327299447,-6.97690563113149,19.3021934506589));
#9241=CARTESIAN_POINT('Ctrl Pts',(-1.05927340207629,-6.98020128797425,19.3021934506589));
#9242=CARTESIAN_POINT('Ctrl Pts',(-1.11314387854089,-6.96162092331114,19.3433802159293));
#9243=CARTESIAN_POINT('Ctrl Pts',(-1.11367018836672,-6.96491247425134,19.3433802159293));
#9244=CARTESIAN_POINT('Ctrl Pts',(-1.11419649620236,-6.96820401197846,19.3433802159293));
#9245=CARTESIAN_POINT('Ctrl Pts',(-1.11472280602819,-6.97149556291867,19.3433802159293));
#9246=CARTESIAN_POINT('Ctrl Pts',(-1.1402624910672,-6.95717625559862,19.3635739968158));
#9247=CARTESIAN_POINT('Ctrl Pts',(-1.14080162226865,-6.96046570063673,19.3635739968158));
#9248=CARTESIAN_POINT('Ctrl Pts',(-1.1413407534701,-6.96375514567484,19.3635739968158));
#9249=CARTESIAN_POINT('Ctrl Pts',(-1.14187988467155,-6.96704459071294,19.3635739968158));
#9250=CARTESIAN_POINT('',(-1.00205173080565,-6.97842334118456,19.2135061905719));
#9251=CARTESIAN_POINT('Ctrl Pts',(-0.948682123457478,-6.98587877282681,
18.9993180916645));
#9252=CARTESIAN_POINT('Ctrl Pts',(-0.949130672924834,-6.98918178879505,
18.9993180916645));
#9253=CARTESIAN_POINT('Ctrl Pts',(-0.94957922239219,-6.99248480476329,18.9993180916645));
#9254=CARTESIAN_POINT('Ctrl Pts',(-0.950027771859546,-6.99578782073153,
18.9993180916645));
#9255=CARTESIAN_POINT('Ctrl Pts',(-0.950716080891613,-6.98560256146953,
19.0375689413171));
#9256=CARTESIAN_POINT('Ctrl Pts',(-0.951165591737073,-6.98890544461499,
19.0375689413171));
#9257=CARTESIAN_POINT('Ctrl Pts',(-0.951615103494226,-6.99220833443963,
19.0375689413171));
#9258=CARTESIAN_POINT('Ctrl Pts',(-0.952064614339686,-6.99551121758509,
19.0375689413171));
#9259=CARTESIAN_POINT('Ctrl Pts',(-0.954703657865815,-6.98507965050636,
19.11251285918));
#9260=CARTESIAN_POINT('Ctrl Pts',(-0.955155054368897,-6.98838228844544,
19.11251285918));
#9261=CARTESIAN_POINT('Ctrl Pts',(-0.955606450948359,-6.99168492696515,
19.11251285918));
#9262=CARTESIAN_POINT('Ctrl Pts',(-0.956057847451441,-6.99498756490424,
19.11251285918));
#9263=CARTESIAN_POINT('Ctrl Pts',(-0.98649579038088,-6.98065706308202,19.1803115001033));
#9264=CARTESIAN_POINT('Ctrl Pts',(-0.98696221903715,-6.98395761300451,19.1803115001033));
#9265=CARTESIAN_POINT('Ctrl Pts',(-0.987428646533661,-6.98725815438375,
19.1803115001033));
#9266=CARTESIAN_POINT('Ctrl Pts',(-0.987895075189931,-6.99055870430625,
19.1803115001033));
#9267=CARTESIAN_POINT('Ctrl Pts',(-1.00205173080565,-6.97842334118456,19.2135061905719));
#9268=CARTESIAN_POINT('Ctrl Pts',(-1.00252551412991,-6.98172283212601,19.2135061905719));
#9269=CARTESIAN_POINT('Ctrl Pts',(-1.00299929745417,-6.98502232306747,19.2135061905719));
#9270=CARTESIAN_POINT('Ctrl Pts',(-1.00347308077842,-6.98832181400893,19.2135061905719));
#9271=CARTESIAN_POINT('',(-0.948682123457478,-6.98587877282681,18.9993180916645));
#9272=CARTESIAN_POINT('Ctrl Pts',(-1.06884998624066,-6.96850484012986,18.6903133080341));
#9273=CARTESIAN_POINT('Ctrl Pts',(-1.06935535266442,-6.97179964147272,18.6903133080341));
#9274=CARTESIAN_POINT('Ctrl Pts',(-1.06986071908817,-6.97509444281557,18.6903133080341));
#9275=CARTESIAN_POINT('Ctrl Pts',(-1.07036608551192,-6.97838924415842,18.6903133080341));
#9276=CARTESIAN_POINT('Ctrl Pts',(-1.03385673788523,-6.97387220857996,18.7337064150547));
#9277=CARTESIAN_POINT('Ctrl Pts',(-1.03434556103821,-6.97716956242277,18.7337064150547));
#9278=CARTESIAN_POINT('Ctrl Pts',(-1.03483437819024,-6.98046687205427,18.7337064150547));
#9279=CARTESIAN_POINT('Ctrl Pts',(-1.03532320134322,-6.98376422589709,18.7337064150547));
#9280=CARTESIAN_POINT('Ctrl Pts',(-0.961304377996078,-6.98426421308665,
18.8235407758264));
#9281=CARTESIAN_POINT('Ctrl Pts',(-0.961758895316968,-6.98756646474638,
18.8235407758264));
#9282=CARTESIAN_POINT('Ctrl Pts',(-0.962213412984403,-6.99086871917598,
18.8235407758264));
#9283=CARTESIAN_POINT('Ctrl Pts',(-0.962667930305293,-6.99417097083571,
18.8235407758264));
#9284=CARTESIAN_POINT('Ctrl Pts',(-0.952979064247322,-6.98529524839911,
18.9394150858544));
#9285=CARTESIAN_POINT('Ctrl Pts',(-0.95342964373001,-6.98859797657199,18.9394150858544));
#9286=CARTESIAN_POINT('Ctrl Pts',(-0.953880228118175,-6.99190074043673,
18.9394150858544));
#9287=CARTESIAN_POINT('Ctrl Pts',(-0.954330807600864,-6.99520346860961,
18.9394150858544));
#9288=CARTESIAN_POINT('Ctrl Pts',(-0.948682123457478,-6.98587877282681,
18.9993180916645));
#9289=CARTESIAN_POINT('Ctrl Pts',(-0.949130672924834,-6.98918178879505,
18.9993180916645));
#9290=CARTESIAN_POINT('Ctrl Pts',(-0.94957922239219,-6.99248480476329,18.9993180916645));
#9291=CARTESIAN_POINT('Ctrl Pts',(-0.950027771859546,-6.99578782073153,
18.9993180916645));
#9292=CARTESIAN_POINT('',(-1.06884998624066,-6.96850484012986,18.6903133080341));
#9293=CARTESIAN_POINT('Ctrl Pts',(-1.39523004263,-6.91055953799276,18.572305648122));
#9294=CARTESIAN_POINT('Ctrl Pts',(-1.39588972586529,-6.91382694202963,18.572305648122));
#9295=CARTESIAN_POINT('Ctrl Pts',(-1.39654940910058,-6.91709434606651,18.572305648122));
#9296=CARTESIAN_POINT('Ctrl Pts',(-1.39720909233586,-6.92036175010339,18.572305648122));
#9297=CARTESIAN_POINT('Ctrl Pts',(-1.3315764756122,-6.92341108330331,18.575928255169));
#9298=CARTESIAN_POINT('Ctrl Pts',(-1.33220606511389,-6.92668457857932,18.575928255169));
#9299=CARTESIAN_POINT('Ctrl Pts',(-1.33283564706881,-6.92995802928022,18.575928255169));
#9300=CARTESIAN_POINT('Ctrl Pts',(-1.33346523657051,-6.93323152455623,18.575928255169));
#9301=CARTESIAN_POINT('Ctrl Pts',(-1.2111198541202,-6.94584368518662,18.5827630025528));
#9302=CARTESIAN_POINT('Ctrl Pts',(-1.21169248752261,-6.94912777132066,18.5827630025528));
#9303=CARTESIAN_POINT('Ctrl Pts',(-1.21226512122008,-6.95241185959895,18.5827630025528));
#9304=CARTESIAN_POINT('Ctrl Pts',(-1.21283775462249,-6.95569594573298,18.5827630025528));
#9305=CARTESIAN_POINT('Ctrl Pts',(-1.11437524231178,-6.96152204102998,18.6559278660866));
#9306=CARTESIAN_POINT('Ctrl Pts',(-1.11490213160278,-6.96481352885348,18.6559278660866));
#9307=CARTESIAN_POINT('Ctrl Pts',(-1.11542902712336,-6.96810505255545,18.6559278660866));
#9308=CARTESIAN_POINT('Ctrl Pts',(-1.11595591641435,-6.97139654037895,18.6559278660866));
#9309=CARTESIAN_POINT('Ctrl Pts',(-1.06884998624066,-6.96850484012986,18.6903133080341));
#9310=CARTESIAN_POINT('Ctrl Pts',(-1.06935535266442,-6.97179964147272,18.6903133080341));
#9311=CARTESIAN_POINT('Ctrl Pts',(-1.06986071908817,-6.97509444281557,18.6903133080341));
#9312=CARTESIAN_POINT('Ctrl Pts',(-1.07036608551192,-6.97838924415842,18.6903133080341));
#9313=CARTESIAN_POINT('',(-1.39523004263,-6.91055953799276,18.572305648122));
#9314=CARTESIAN_POINT('Ctrl Pts',(-1.74100877893478,-6.83164609970921,18.6950888321735));
#9315=CARTESIAN_POINT('Ctrl Pts',(-1.74183195093428,-6.83487619242775,18.6950888321735));
#9316=CARTESIAN_POINT('Ctrl Pts',(-1.74265512293378,-6.83810628514629,18.6950888321735));
#9317=CARTESIAN_POINT('Ctrl Pts',(-1.74347829493327,-6.84133637786482,18.6950888321735));
#9318=CARTESIAN_POINT('Ctrl Pts',(-1.69253737491964,-6.84399877996898,18.6593054817736));
#9319=CARTESIAN_POINT('Ctrl Pts',(-1.69333762604162,-6.84723470045299,18.6593054817736));
#9320=CARTESIAN_POINT('Ctrl Pts',(-1.69413788603159,-6.85047065917288,18.6593054817736));
#9321=CARTESIAN_POINT('Ctrl Pts',(-1.69493813715357,-6.85370657965688,18.6593054817736));
#9322=CARTESIAN_POINT('Ctrl Pts',(-1.58977332146789,-6.86917078875361,18.5836230034723));
#9323=CARTESIAN_POINT('Ctrl Pts',(-1.59052498715286,-6.87241862296044,18.5836230034723));
#9324=CARTESIAN_POINT('Ctrl Pts',(-1.59127665340203,-6.87566645921168,18.5836230034723));
#9325=CARTESIAN_POINT('Ctrl Pts',(-1.59202831908699,-6.87891429341851,18.5836230034723));
#9326=CARTESIAN_POINT('Ctrl Pts',(-1.46252997927125,-6.89697179694911,18.5762124341882));
#9327=CARTESIAN_POINT('Ctrl Pts',(-1.46322148647862,-6.90023279203006,18.5762124341882));
#9328=CARTESIAN_POINT('Ctrl Pts',(-1.46391298267278,-6.90349374058723,18.5762124341882));
#9329=CARTESIAN_POINT('Ctrl Pts',(-1.46460448988015,-6.90675473566819,18.5762124341882));
#9330=CARTESIAN_POINT('Ctrl Pts',(-1.39523004263,-6.91055953799276,18.572305648122));
#9331=CARTESIAN_POINT('Ctrl Pts',(-1.39588972586529,-6.91382694202963,18.572305648122));
#9332=CARTESIAN_POINT('Ctrl Pts',(-1.39654940910058,-6.91709434606651,18.572305648122));
#9333=CARTESIAN_POINT('Ctrl Pts',(-1.39720909233586,-6.92036175010339,18.572305648122));
#9334=CARTESIAN_POINT('',(-1.74100877893478,-6.83164609970921,18.6950888321735));
#9335=CARTESIAN_POINT('Ctrl Pts',(-1.87024387053559,-6.79740302356158,18.9952244446613));
#9336=CARTESIAN_POINT('Ctrl Pts',(-1.87112814659731,-6.80061692570038,18.9952244446613));
#9337=CARTESIAN_POINT('Ctrl Pts',(-1.87201242265903,-6.80383082783918,18.9952244446613));
#9338=CARTESIAN_POINT('Ctrl Pts',(-1.87289669872075,-6.80704472997798,18.9952244446613));
#9339=CARTESIAN_POINT('Ctrl Pts',(-1.86473222224113,-6.79891950366487,18.9382473259371));
#9340=CARTESIAN_POINT('Ctrl Pts',(-1.86561388904374,-6.80213411082664,18.9382473259371));
#9341=CARTESIAN_POINT('Ctrl Pts',(-1.86649556568283,-6.8053487539551,18.9382473259371));
#9342=CARTESIAN_POINT('Ctrl Pts',(-1.86737723248544,-6.80856336111687,18.9382473259371));
#9343=CARTESIAN_POINT('Ctrl Pts',(-1.85366212791494,-6.80207009835439,18.823534439012));
#9344=CARTESIAN_POINT('Ctrl Pts',(-1.85453856354138,-6.80528620585283,18.823534439012));
#9345=CARTESIAN_POINT('Ctrl Pts',(-1.85541500027136,-6.80850231723661,18.823534439012));
#9346=CARTESIAN_POINT('Ctrl Pts',(-1.8562914358978,-6.81171842473504,18.823534439012));
#9347=CARTESIAN_POINT('Ctrl Pts',(-1.77879558983308,-6.82201633134274,18.7380923904062));
#9348=CARTESIAN_POINT('Ctrl Pts',(-1.77963663245226,-6.82524188737725,18.7380923904062));
#9349=CARTESIAN_POINT('Ctrl Pts',(-1.78047766152572,-6.82846739421793,18.7380923904062));
#9350=CARTESIAN_POINT('Ctrl Pts',(-1.7813187041449,-6.83169295025245,18.7380923904062));
#9351=CARTESIAN_POINT('Ctrl Pts',(-1.74100877893478,-6.83164609970921,18.6950888321735));
#9352=CARTESIAN_POINT('Ctrl Pts',(-1.74183195093428,-6.83487619242775,18.6950888321735));
#9353=CARTESIAN_POINT('Ctrl Pts',(-1.74265512293378,-6.83810628514629,18.6950888321735));
#9354=CARTESIAN_POINT('Ctrl Pts',(-1.74347829493327,-6.84133637786482,18.6950888321735));
#9355=CARTESIAN_POINT('',(-1.87024387053559,-6.79740302356158,18.9952244446613));
#9356=CARTESIAN_POINT('Ctrl Pts',(-1.77865917369239,-6.8219404529679,19.2469300911762));
#9357=CARTESIAN_POINT('Ctrl Pts',(-1.77950014729697,-6.82516595672817,19.2469300911762));
#9358=CARTESIAN_POINT('Ctrl Pts',(-1.78034112090156,-6.82839146048844,19.2469300911762));
#9359=CARTESIAN_POINT('Ctrl Pts',(-1.78118209450614,-6.83161696424871,19.2469300911762));
#9360=CARTESIAN_POINT('Ctrl Pts',(-1.80541783660853,-6.81496376626129,19.2100589329814));
#9361=CARTESIAN_POINT('Ctrl Pts',(-1.80627146439516,-6.81818597982384,19.2100589329814));
#9362=CARTESIAN_POINT('Ctrl Pts',(-1.80712508518589,-6.82140816797003,19.2100589329814));
#9363=CARTESIAN_POINT('Ctrl Pts',(-1.80797871297252,-6.82463038153258,19.2100589329814));
#9364=CARTESIAN_POINT('Ctrl Pts',(-1.85948473345432,-6.8004204210911,19.1354075083343));
#9365=CARTESIAN_POINT('Ctrl Pts',(-1.86036392228278,-6.8036357492908,19.1354075083343));
#9366=CARTESIAN_POINT('Ctrl Pts',(-1.86124311162366,-6.80685107930429,19.1354075083343));
#9367=CARTESIAN_POINT('Ctrl Pts',(-1.86212230045212,-6.810066407504,19.1354075083343));
#9368=CARTESIAN_POINT('Ctrl Pts',(-1.86662360983819,-6.79839910549987,19.0423299666532));
#9369=CARTESIAN_POINT('Ctrl Pts',(-1.8675061724159,-6.80161347211186,19.0423299666532));
#9370=CARTESIAN_POINT('Ctrl Pts',(-1.86838874032408,-6.80482785818645,19.0423299666532));
#9371=CARTESIAN_POINT('Ctrl Pts',(-1.86927130290179,-6.80804222479845,19.0423299666532));
#9372=CARTESIAN_POINT('Ctrl Pts',(-1.87024387053559,-6.79740302356158,18.9952244446613));
#9373=CARTESIAN_POINT('Ctrl Pts',(-1.87112814659731,-6.80061692570038,18.9952244446613));
#9374=CARTESIAN_POINT('Ctrl Pts',(-1.87201242265903,-6.80383082783918,18.9952244446613));
#9375=CARTESIAN_POINT('Ctrl Pts',(-1.87289669872075,-6.80704472997798,18.9952244446613));
#9376=CARTESIAN_POINT('',(-1.77865917369239,-6.8219404529679,19.2469300911762));
#9377=CARTESIAN_POINT('Ctrl Pts',(-1.5033731951445,-6.88784211753732,19.3799450085498));
#9378=CARTESIAN_POINT('Ctrl Pts',(-1.50408400989398,-6.89109878047706,19.3799450085498));
#9379=CARTESIAN_POINT('Ctrl Pts',(-1.50479482464346,-6.89435544341679,19.3799450085498));
#9380=CARTESIAN_POINT('Ctrl Pts',(-1.50550563939293,-6.89761210635652,19.3799450085498));
#9381=CARTESIAN_POINT('Ctrl Pts',(-1.55934959513459,-6.87562444212175,19.3688588403626));
#9382=CARTESIAN_POINT('Ctrl Pts',(-1.56008687937218,-6.87887534091303,19.3688588403626));
#9383=CARTESIAN_POINT('Ctrl Pts',(-1.56082415429436,-6.88212620211362,19.3688588403626));
#9384=CARTESIAN_POINT('Ctrl Pts',(-1.56156143853194,-6.8853771009049,19.3688588403626));
#9385=CARTESIAN_POINT('Ctrl Pts',(-1.66257938555412,-6.85163394818043,19.3483532681415));
#9386=CARTESIAN_POINT('Ctrl Pts',(-1.66336547490178,-6.85487349068635,19.3483532681415));
#9387=CARTESIAN_POINT('Ctrl Pts',(-1.66415156483845,-6.85811303538824,19.3483532681415));
#9388=CARTESIAN_POINT('Ctrl Pts',(-1.66493765418611,-6.86135257789416,19.3483532681415));
#9389=CARTESIAN_POINT('Ctrl Pts',(-1.74216545153025,-6.83145532548158,19.2788547909352));
#9390=CARTESIAN_POINT('Ctrl Pts',(-1.74298916811179,-6.83468531854744,19.2788547909352));
#9391=CARTESIAN_POINT('Ctrl Pts',(-1.74381289161755,-6.83791533996959,19.2788547909352));
#9392=CARTESIAN_POINT('Ctrl Pts',(-1.74463660819909,-6.84114533303545,19.2788547909352));
#9393=CARTESIAN_POINT('Ctrl Pts',(-1.77865917369239,-6.8219404529679,19.2469300911762));
#9394=CARTESIAN_POINT('Ctrl Pts',(-1.77950014729697,-6.82516595672817,19.2469300911762));
#9395=CARTESIAN_POINT('Ctrl Pts',(-1.78034112090156,-6.82839146048844,19.2469300911762));
#9396=CARTESIAN_POINT('Ctrl Pts',(-1.78118209450614,-6.83161696424871,19.2469300911762));
#9397=CARTESIAN_POINT('',(-1.5033731951445,-6.88784211753732,19.3799450085498));
#9398=CARTESIAN_POINT('Ctrl Pts',(-1.52469170809642,-6.88315445092307,19.6377887413837));
#9399=CARTESIAN_POINT('Ctrl Pts',(-1.52541260252105,-6.88640889747197,19.6377887413837));
#9400=CARTESIAN_POINT('Ctrl Pts',(-1.52613349694569,-6.88966334402087,19.6377887413837));
#9401=CARTESIAN_POINT('Ctrl Pts',(-1.52685439137032,-6.89291779056977,19.6377887413837));
#9402=CARTESIAN_POINT('Ctrl Pts',(-1.51758796173783,-6.88472800607813,19.5518408304391));
#9403=CARTESIAN_POINT('Ctrl Pts',(-1.51830549741714,-6.88798319662474,19.5518408304391));
#9404=CARTESIAN_POINT('Ctrl Pts',(-1.51902303309645,-6.89123838717135,19.5518408304391));
#9405=CARTESIAN_POINT('Ctrl Pts',(-1.51974056877576,-6.89449357771796,19.5518408304391));
#9406=CARTESIAN_POINT('Ctrl Pts',(-1.51048177940044,-6.88629056411269,19.4658929194945));
#9407=CARTESIAN_POINT('Ctrl Pts',(-1.51119595518266,-6.88954649345742,19.4658929194945));
#9408=CARTESIAN_POINT('Ctrl Pts',(-1.51191013096488,-6.89280242280216,19.4658929194945));
#9409=CARTESIAN_POINT('Ctrl Pts',(-1.5126243067471,-6.89605835214689,19.4658929194945));
#9410=CARTESIAN_POINT('Ctrl Pts',(-1.5033731951445,-6.88784211753732,19.3799450085498));
#9411=CARTESIAN_POINT('Ctrl Pts',(-1.50408400989398,-6.89109878047706,19.3799450085498));
#9412=CARTESIAN_POINT('Ctrl Pts',(-1.50479482464346,-6.89435544341679,19.3799450085498));
#9413=CARTESIAN_POINT('Ctrl Pts',(-1.50550563939293,-6.89761210635652,19.3799450085498));
#9414=CARTESIAN_POINT('',(-1.52469170809642,-6.88315445092307,19.6377887413837));
#9415=CARTESIAN_POINT('Ctrl Pts',(-1.91755202595213,-6.78420918219411,19.4406547234394));
#9416=CARTESIAN_POINT('Ctrl Pts',(-1.91845866993604,-6.78741684611004,19.4406547234394));
#9417=CARTESIAN_POINT('Ctrl Pts',(-1.91936531391994,-6.79062451002597,19.4406547234394));
#9418=CARTESIAN_POINT('Ctrl Pts',(-1.92027195790384,-6.7938321739419,19.4406547234394));
#9419=CARTESIAN_POINT('Ctrl Pts',(-1.86352404076142,-6.79948015478329,19.492107847819));
#9420=CARTESIAN_POINT('Ctrl Pts',(-1.86440513347068,-6.80269501507983,19.492107847819));
#9421=CARTESIAN_POINT('Ctrl Pts',(-1.86528624456388,-6.80590994718858,19.492107847819));
#9422=CARTESIAN_POINT('Ctrl Pts',(-1.86616733727314,-6.80912480748511,19.492107847819));
#9423=CARTESIAN_POINT('Ctrl Pts',(-1.75221775062707,-6.82977883614478,19.5978143882349));
#9424=CARTESIAN_POINT('Ctrl Pts',(-1.75304622208322,-6.83300804510378,19.5978143882349));
#9425=CARTESIAN_POINT('Ctrl Pts',(-1.75387469442003,-6.83623725674061,19.5978143882349));
#9426=CARTESIAN_POINT('Ctrl Pts',(-1.75470316587618,-6.8394664656996,19.5978143882349));
#9427=CARTESIAN_POINT('Ctrl Pts',(-1.60207790822724,-6.8660125868981,19.6242306906048));
#9428=CARTESIAN_POINT('Ctrl Pts',(-1.60283539902415,-6.86925895587502,19.6242306906048));
#9429=CARTESIAN_POINT('Ctrl Pts',(-1.603592868364,-6.87250524286713,19.6242306906048));
#9430=CARTESIAN_POINT('Ctrl Pts',(-1.6043503591609,-6.87575161184406,19.6242306906048));
#9431=CARTESIAN_POINT('Ctrl Pts',(-1.52469170809642,-6.88315445092307,19.6377887413837));
#9432=CARTESIAN_POINT('Ctrl Pts',(-1.52541260252105,-6.88640889747197,19.6377887413837));
#9433=CARTESIAN_POINT('Ctrl Pts',(-1.52613349694569,-6.88966334402087,19.6377887413837));
#9434=CARTESIAN_POINT('Ctrl Pts',(-1.52685439137032,-6.89291779056977,19.6377887413837));
#9435=CARTESIAN_POINT('Origin',(0.,0.,0.));
#9436=CARTESIAN_POINT('',(-1.80694804234839,-6.82484716109111,12.5532068894245));
#9437=CARTESIAN_POINT('',(-2.03437185157187,-6.76054222452105,12.5532068894245));
#9438=CARTESIAN_POINT('Origin',(0.,0.,12.5532068894245));
#9439=CARTESIAN_POINT('',(-1.80694804234839,-6.82484716109111,13.5381998703815));
#9440=CARTESIAN_POINT('',(-1.80694804234839,-6.82484716109111,13.5381998703815));
#9441=CARTESIAN_POINT('',(-0.0607947781463782,-7.05973823841579,13.5381998703815));
#9442=CARTESIAN_POINT('Origin',(0.,0.,13.5381998703815));
#9443=CARTESIAN_POINT('',(-0.0607947781463778,-7.05973823841579,13.8028659508564));
#9444=CARTESIAN_POINT('',(-0.0607947781463782,-7.05973823841579,13.8028659508564));
#9445=CARTESIAN_POINT('',(-2.03437185157187,-6.76054222452105,13.8028659508564));
#9446=CARTESIAN_POINT('Origin',(0.,0.,13.8028659508564));
#9447=CARTESIAN_POINT('',(-2.03437185157187,-6.76054222452105,12.5532068894245));
#9448=CARTESIAN_POINT('Origin',(-1.91820818678746,-6.78402368452098,12.5532068894245));
#9449=CARTESIAN_POINT('',(-1.80438862585782,-6.81518023876661,12.5532068894245));
#9450=CARTESIAN_POINT('',(-2.0314903050399,-6.75096638567612,12.5532068894245));
#9451=CARTESIAN_POINT('Origin',(-1.80438862585782,-6.81518023876661,13.045703379903));
#9452=CARTESIAN_POINT('',(-1.80438862585781,-6.81518023876661,13.5381998703815));
#9453=CARTESIAN_POINT('Origin',(-0.939894347696367,-6.9870665243125,13.5381998703815));
#9454=CARTESIAN_POINT('',(-0.0607086665626014,-7.04973860918291,13.5381998703815));
#9455=CARTESIAN_POINT('Origin',(-0.0607086665626014,-7.04973860918291,13.6705329106189));
#9456=CARTESIAN_POINT('',(-0.0607086665626011,-7.04973860918291,13.8028659508564));
#9457=CARTESIAN_POINT('Origin',(-1.05671204430461,-6.97035577681811,13.8028659508564));
#9458=CARTESIAN_POINT('',(-2.0314903050399,-6.75096638567612,13.8028659508564));
#9459=CARTESIAN_POINT('Origin',(-2.0314903050399,-6.75096638567612,13.1780364201404));
#9460=CARTESIAN_POINT('Origin',(0.,0.,0.));
#9461=CARTESIAN_POINT('',(-0.0525979264186885,-7.05980406655429,9.61323401192204));
#9462=CARTESIAN_POINT('',(-0.185097351142391,-7.05757316438166,9.2264666245319));
#9463=CARTESIAN_POINT('Ctrl Pts',(-0.0525979264186885,-7.05980406655429,
9.61323401192204));
#9464=CARTESIAN_POINT('Ctrl Pts',(-0.0570627375249497,-7.0597708022025,
9.53935781127898));
#9465=CARTESIAN_POINT('Ctrl Pts',(-0.0656113213560636,-7.0598294643021,
9.3979294917322));
#9466=CARTESIAN_POINT('Ctrl Pts',(-0.146480273297453,-7.05858596561679,
9.28189133355523));
#9467=CARTESIAN_POINT('Ctrl Pts',(-0.185097351142391,-7.05757316438166,
9.2264666245319));
#9468=CARTESIAN_POINT('',(-0.282043196759158,-7.05436401351404,10.1166453049518));
#9469=CARTESIAN_POINT('Ctrl Pts',(-0.282043196759158,-7.05436401351404,
10.1166453049518));
#9470=CARTESIAN_POINT('Ctrl Pts',(-0.215160524222774,-7.05703807495088,
10.047942220882));
#9471=CARTESIAN_POINT('Ctrl Pts',(-0.0786261408881516,-7.05994259860492,
9.90777886687272));
#9472=CARTESIAN_POINT('Ctrl Pts',(-0.0613857955114103,-7.05973859395936,
9.71269481148354));
#9473=CARTESIAN_POINT('Ctrl Pts',(-0.0525979264186885,-7.05980406655429,
9.61323401192204));
#9474=CARTESIAN_POINT('',(-1.12165183481269,-6.97032977422599,10.3308334038593));
#9475=CARTESIAN_POINT('Ctrl Pts',(-1.12165183481269,-6.97032977422599,10.3308334038593));
#9476=CARTESIAN_POINT('Ctrl Pts',(-0.952426757561273,-6.99756114268968,
10.3282422673466));
#9477=CARTESIAN_POINT('Ctrl Pts',(-0.654291017114657,-7.03377402399367,
10.3237047731629));
#9478=CARTESIAN_POINT('Ctrl Pts',(-0.393848596604476,-7.04989387951941,
10.1788015345131));
#9479=CARTESIAN_POINT('Ctrl Pts',(-0.282043196759158,-7.05436401351404,
10.1166453049518));
#9480=CARTESIAN_POINT('',(-1.84983470064631,-6.81334804485172,10.1371087715961));
#9481=CARTESIAN_POINT('Ctrl Pts',(-1.84983470064631,-6.81334804485172,10.1371087715961));
#9482=CARTESIAN_POINT('Ctrl Pts',(-1.75569254534339,-6.83890778795109,10.1933030913237));
#9483=CARTESIAN_POINT('Ctrl Pts',(-1.5335427348531,-6.89473041741748,10.3252197602702));
#9484=CARTESIAN_POINT('Ctrl Pts',(-1.27240779008368,-6.94607042074979,10.3287862053896));
#9485=CARTESIAN_POINT('Ctrl Pts',(-1.12165183481269,-6.97032977422599,10.3308334038593));
#9486=CARTESIAN_POINT('',(-2.06705395740313,-6.75062130008669,9.63642737129704));
#9487=CARTESIAN_POINT('Ctrl Pts',(-2.06705395740313,-6.75062130008669,9.63642737129704));
#9488=CARTESIAN_POINT('Ctrl Pts',(-2.05837439358951,-6.75327900016079,9.73373197672643));
#9489=CARTESIAN_POINT('Ctrl Pts',(-2.04125940814802,-6.75884242388958,9.92660546867121));
#9490=CARTESIAN_POINT('Ctrl Pts',(-1.91347633463857,-6.7960692412166,10.0673632426078));
#9491=CARTESIAN_POINT('Ctrl Pts',(-1.84983470064631,-6.81334804485172,10.1371087715961));
#9492=CARTESIAN_POINT('',(-1.98460407138246,-6.77531893565551,9.3144621537067));
#9493=CARTESIAN_POINT('Ctrl Pts',(-1.98460407138246,-6.77531893565551,9.3144621537067));
#9494=CARTESIAN_POINT('Ctrl Pts',(-2.00869218586577,-6.76826312462588,9.36397344625045));
#9495=CARTESIAN_POINT('Ctrl Pts',(-2.05783440881372,-6.75349363262216,9.46519122805371));
#9496=CARTESIAN_POINT('Ctrl Pts',(-2.06393201472147,-6.7515772452787,9.57852930358079));
#9497=CARTESIAN_POINT('Ctrl Pts',(-2.06705395740313,-6.75062130008669,9.63642737129704));
#9498=CARTESIAN_POINT('',(-1.74546388534425,-6.84083005379895,9.09140488365665));
#9499=CARTESIAN_POINT('Ctrl Pts',(-1.74546388534425,-6.84083005379895,9.09140488365665));
#9500=CARTESIAN_POINT('Ctrl Pts',(-1.79435433857543,-6.82835546814458,9.12042691536109));
#9501=CARTESIAN_POINT('Ctrl Pts',(-1.88963723982635,-6.80279351902939,9.17716778650953));
#9502=CARTESIAN_POINT('Ctrl Pts',(-1.95346778625087,-6.78443927358008,9.26940350391724));
#9503=CARTESIAN_POINT('Ctrl Pts',(-1.98460407138246,-6.77531893565551,9.3144621537067));
#9504=CARTESIAN_POINT('',(-1.40390416268677,-6.91900665572673,9.01023289421574));
#9505=CARTESIAN_POINT('Ctrl Pts',(-1.40390416268677,-6.91900665572673,9.01023289421574));
#9506=CARTESIAN_POINT('Ctrl Pts',(-1.46412509569224,-6.90678750018404,9.01347280109934));
#9507=CARTESIAN_POINT('Ctrl Pts',(-1.58299817034992,-6.88098438757067,9.01988594414348));
#9508=CARTESIAN_POINT('Ctrl Pts',(-1.69178875612973,-6.85452546778356,9.06773103556649));
#9509=CARTESIAN_POINT('Ctrl Pts',(-1.74546388534425,-6.84083005379895,9.09140488365665));
#9510=CARTESIAN_POINT('',(-0.942581898408121,-6.99679493516805,9.18280979851261));
#9511=CARTESIAN_POINT('Ctrl Pts',(-0.942581898408121,-6.99679493516805,
9.18280979851261));
#9512=CARTESIAN_POINT('Ctrl Pts',(-1.00843618907379,-6.9879232928105,9.13249490160013));
#9513=CARTESIAN_POINT('Ctrl Pts',(-1.14513400070561,-6.96781214995377,9.02788728692334));
#9514=CARTESIAN_POINT('Ctrl Pts',(-1.31573055412219,-6.93689756149721,9.01626500847156));
#9515=CARTESIAN_POINT('Ctrl Pts',(-1.40390416268677,-6.91900665572673,9.01023289421574));
#9516=CARTESIAN_POINT('',(-0.762891729180738,-7.01866057090294,9.6009554550983));
#9517=CARTESIAN_POINT('Ctrl Pts',(-0.762891729180738,-7.01866057090294,
9.6009554550983));
#9518=CARTESIAN_POINT('Ctrl Pts',(-0.770537936629326,-7.0178294681073,9.52199954949474));
#9519=CARTESIAN_POINT('Ctrl Pts',(-0.785927329028493,-7.01634408068265,
9.36329961391509));
#9520=CARTESIAN_POINT('Ctrl Pts',(-0.890257267828621,-7.00384391260446,
9.24317192684867));
#9521=CARTESIAN_POINT('Ctrl Pts',(-0.942581898408121,-6.99679493516805,
9.18280979851261));
#9522=CARTESIAN_POINT('',(-0.828050832256478,-7.01127176903016,9.86971518257633));
#9523=CARTESIAN_POINT('Ctrl Pts',(-0.828050832256478,-7.01127176903016,
9.86971518257633));
#9524=CARTESIAN_POINT('Ctrl Pts',(-0.809056461035705,-7.01351505746851,
9.82660724830065));
#9525=CARTESIAN_POINT('Ctrl Pts',(-0.77128499447292,-7.01777270011653,9.74093737207666));
#9526=CARTESIAN_POINT('Ctrl Pts',(-0.765676692382625,-7.01835785995527,
9.64741741991455));
#9527=CARTESIAN_POINT('Ctrl Pts',(-0.762891729180738,-7.01866057090294,
9.6009554550983));
#9528=CARTESIAN_POINT('',(-1.02713305043485,-6.98488351346709,10.0866307900287));
#9529=CARTESIAN_POINT('Ctrl Pts',(-1.02713305043485,-6.98488351346709,10.0866307900287));
#9530=CARTESIAN_POINT('Ctrl Pts',(-0.985753769313978,-6.99096837188464,
10.0561072562616));
#9531=CARTESIAN_POINT('Ctrl Pts',(-0.905305454713335,-7.00195532874756,
9.99685241192715));
#9532=CARTESIAN_POINT('Ctrl Pts',(-0.853284843870577,-7.00829156158613,
9.91123102362235));
#9533=CARTESIAN_POINT('Ctrl Pts',(-0.828050832256478,-7.01127176903016,
9.86971518257633));
#9534=CARTESIAN_POINT('',(-0.567040829408262,-7.03719153482296,10.0170530960895));
#9535=CARTESIAN_POINT('Ctrl Pts',(-0.567040829408262,-7.03719153482296,
10.0170530960895));
#9536=CARTESIAN_POINT('Ctrl Pts',(-0.63209124208248,-7.03194992106645,10.0366259987457));
#9537=CARTESIAN_POINT('Ctrl Pts',(-0.7822246969609,-7.01780452504001,10.0818483448023));
#9538=CARTESIAN_POINT('Ctrl Pts',(-0.938657696038379,-6.99789388944177,
10.0848999594812));
#9539=CARTESIAN_POINT('Ctrl Pts',(-1.02713305043485,-6.98488351346709,10.0866307900287));
#9540=CARTESIAN_POINT('',(-0.320261940074572,-7.05273225705752,9.8342432663776));
#9541=CARTESIAN_POINT('Ctrl Pts',(-0.320261940074572,-7.05273225705752,
9.8342432663776));
#9542=CARTESIAN_POINT('Ctrl Pts',(-0.353018895724098,-7.05124477592469,
9.87137196619001));
#9543=CARTESIAN_POINT('Ctrl Pts',(-0.42219185820356,-7.0477222892798,9.94979483139712));
#9544=CARTESIAN_POINT('Ctrl Pts',(-0.517108463874785,-7.04121497085228,
9.993853607325));
#9545=CARTESIAN_POINT('Ctrl Pts',(-0.567040829408262,-7.03719153482296,
10.0170530960895));
#9546=CARTESIAN_POINT('',(-0.254739641056564,-7.05540273232325,9.62824007729069));
#9547=CARTESIAN_POINT('Ctrl Pts',(-0.254739641056564,-7.05540273232325,
9.62824007729069));
#9548=CARTESIAN_POINT('Ctrl Pts',(-0.257281907976221,-7.05531094221755,
9.66589734615594));
#9549=CARTESIAN_POINT('Ctrl Pts',(-0.262283373786994,-7.05515719579988,
9.73996669948773));
#9550=CARTESIAN_POINT('Ctrl Pts',(-0.301156541591994,-7.05359982607346,
9.80317192638406));
#9551=CARTESIAN_POINT('Ctrl Pts',(-0.320261940074572,-7.05273225705752,
9.8342432663776));
#9552=CARTESIAN_POINT('',(-0.359835201354245,-7.05082396801015,9.38267370918766));
#9553=CARTESIAN_POINT('Ctrl Pts',(-0.359835201354245,-7.05082396801015,
9.38267370918766));
#9554=CARTESIAN_POINT('Ctrl Pts',(-0.329192895922626,-7.05238778242318,
9.41786088406869));
#9555=CARTESIAN_POINT('Ctrl Pts',(-0.2677365595998,-7.05499845654616,9.48840352254221));
#9556=CARTESIAN_POINT('Ctrl Pts',(-0.259078013808085,-7.05524609271536,
9.58155381829402));
#9557=CARTESIAN_POINT('Ctrl Pts',(-0.254739641056564,-7.05540273232325,
9.62824007729069));
#9558=CARTESIAN_POINT('',(-0.569764529991526,-7.03697153471318,9.28990504005924));
#9559=CARTESIAN_POINT('Ctrl Pts',(-0.569764529991526,-7.03697153471318,
9.28990504005924));
#9560=CARTESIAN_POINT('Ctrl Pts',(-0.526939145426469,-7.04043899013602,
9.3002867129379));
#9561=CARTESIAN_POINT('Ctrl Pts',(-0.451185386890275,-7.04582477547904,
9.31863648815091));
#9562=CARTESIAN_POINT('Ctrl Pts',(-0.387497810283571,-7.0494122208868,9.36328555261957));
#9563=CARTESIAN_POINT('Ctrl Pts',(-0.359835201354245,-7.05082396801015,
9.38267370918766));
#9564=CARTESIAN_POINT('',(-0.550698046450882,-7.03848930251621,9.04570242622868));
#9565=CARTESIAN_POINT('Ctrl Pts',(-0.550698046450882,-7.03848930251621,
9.04570242622868));
#9566=CARTESIAN_POINT('Ctrl Pts',(-0.557054222394629,-7.03799198931097,
9.12710329750553));
#9567=CARTESIAN_POINT('Ctrl Pts',(-0.563409724682697,-7.03748606609107,
9.20850416878239));
#9568=CARTESIAN_POINT('Ctrl Pts',(-0.569764529991526,-7.03697153471318,
9.28990504005924));
#9569=CARTESIAN_POINT('Ctrl Pts',(-0.185097351142391,-7.05757316438166,
9.2264666245319));
#9570=CARTESIAN_POINT('Ctrl Pts',(-0.235043888686858,-7.05626322800794,
9.18106512787455));
#9571=CARTESIAN_POINT('Ctrl Pts',(-0.33949336646398,-7.05261821205915,9.08610253172425));
#9572=CARTESIAN_POINT('Ctrl Pts',(-0.478331564865885,-7.04415132434001,
9.05955671938857));
#9573=CARTESIAN_POINT('Ctrl Pts',(-0.550698046450882,-7.03848930251621,
9.04570242622868));
#9574=CARTESIAN_POINT('',(-0.978449111947514,-6.99186937344578,9.65006968239323));
#9575=CARTESIAN_POINT('',(-1.096691518526,-6.97430051784357,9.93246933678165));
#9576=CARTESIAN_POINT('Ctrl Pts',(-0.978449111947514,-6.99186937344578,
9.65006968239323));
#9577=CARTESIAN_POINT('Ctrl Pts',(-0.983381443542169,-6.99117913808656,
9.70344508325878));
#9578=CARTESIAN_POINT('Ctrl Pts',(-0.993257582340755,-6.98988088363589,
9.81019389754085));
#9579=CARTESIAN_POINT('Ctrl Pts',(-1.06224820913122,-6.97971664311472,9.89171136293201));
#9580=CARTESIAN_POINT('Ctrl Pts',(-1.096691518526,-6.97430051784357,9.93246933678165));
#9581=CARTESIAN_POINT('',(-1.096691518526,-6.97430051784357,9.37176129082218));
#9582=CARTESIAN_POINT('Ctrl Pts',(-1.096691518526,-6.97430051784357,9.37176129082218));
#9583=CARTESIAN_POINT('Ctrl Pts',(-1.06224897121351,-6.97971652327916,9.41122643549728));
#9584=CARTESIAN_POINT('Ctrl Pts',(-0.992646118112115,-6.98996967310967,
9.49086019658173));
#9585=CARTESIAN_POINT('Ctrl Pts',(-0.983205175918216,-6.99120380515211,
9.59668823122275));
#9586=CARTESIAN_POINT('Ctrl Pts',(-0.978449111947514,-6.99186937344578,
9.65006968239323));
#9587=CARTESIAN_POINT('',(-1.41862879945024,-6.9160026264722,9.2612566635944));
#9588=CARTESIAN_POINT('Ctrl Pts',(-1.41862879945024,-6.9160026264722,9.2612566635944));
#9589=CARTESIAN_POINT('Ctrl Pts',(-1.35594756238354,-6.92885996804515,9.26449350453107));
#9590=CARTESIAN_POINT('Ctrl Pts',(-1.23810630741853,-6.95122349978304,9.2705606049084));
#9591=CARTESIAN_POINT('Ctrl Pts',(-1.14171604088384,-6.96722052298686,9.33956924705108));
#9592=CARTESIAN_POINT('Ctrl Pts',(-1.096691518526,-6.97430051784357,9.37176129082218));
#9593=CARTESIAN_POINT('',(-1.75142035189144,-6.83930747597887,9.37312504509464));
#9594=CARTESIAN_POINT('Ctrl Pts',(-1.75142035189144,-6.83930747597887,9.37312504509464));
#9595=CARTESIAN_POINT('Ctrl Pts',(-1.70508843026034,-6.85117222555651,9.34053708411649));
#9596=CARTESIAN_POINT('Ctrl Pts',(-1.60541014348632,-6.87574484916264,9.27059016797538));
#9597=CARTESIAN_POINT('Ctrl Pts',(-1.48379211615699,-6.9026361541412,9.26450615933442));
#9598=CARTESIAN_POINT('Ctrl Pts',(-1.41862879945024,-6.9160026264722,9.2612566635944));
#9599=CARTESIAN_POINT('',(-1.87289669872075,-6.80704472997798,9.64051863411442));
#9600=CARTESIAN_POINT('Ctrl Pts',(-1.87289669872075,-6.80704472997798,9.64051863411442));
#9601=CARTESIAN_POINT('Ctrl Pts',(-1.86741257649634,-6.80855363653242,9.59009997985976));
#9602=CARTESIAN_POINT('Ctrl Pts',(-1.85621656781788,-6.81172022225593,9.48696768977415));
#9603=CARTESIAN_POINT('Ctrl Pts',(-1.78692871467329,-6.83021443995777,9.41163140757011));
#9604=CARTESIAN_POINT('Ctrl Pts',(-1.75142035189144,-6.83930747597887,9.37312504509464));
#9605=CARTESIAN_POINT('',(-1.81421100604008,-6.82292008054931,9.84379431465641));
#9606=CARTESIAN_POINT('Ctrl Pts',(-1.81421100604008,-6.82292008054931,9.84379431465641));
#9607=CARTESIAN_POINT('Ctrl Pts',(-1.83134577311227,-6.81836395463236,9.81145876984563));
#9608=CARTESIAN_POINT('Ctrl Pts',(-1.86493297384702,-6.80925633060357,9.74799193658279));
#9609=CARTESIAN_POINT('Ctrl Pts',(-1.87027420145112,-6.80776628634693,9.67588701479033));
#9610=CARTESIAN_POINT('Ctrl Pts',(-1.87289669872075,-6.80704472997798,9.64051863411442));
#9611=CARTESIAN_POINT('',(-1.64267869317104,-6.8662367211597,9.99454399803654));
#9612=CARTESIAN_POINT('Ctrl Pts',(-1.64267869317104,-6.8662367211597,9.99454399803654));
#9613=CARTESIAN_POINT('Ctrl Pts',(-1.677767301735,-6.85784212132258,9.97529823363089));
#9614=CARTESIAN_POINT('Ctrl Pts',(-1.74577110763516,-6.84094184310252,9.93791985518558));
#9615=CARTESIAN_POINT('Ctrl Pts',(-1.79186967306286,-6.82886062971278,9.87454033488209));
#9616=CARTESIAN_POINT('Ctrl Pts',(-1.81421100604008,-6.82292008054931,9.84379431465641));
#9617=CARTESIAN_POINT('',(-1.40524313623825,-6.91873483579587,10.0484313652851));
#9618=CARTESIAN_POINT('Ctrl Pts',(-1.40524313623825,-6.91873483579587,10.0484313652851));
#9619=CARTESIAN_POINT('Ctrl Pts',(-1.44633969425245,-6.91038783920717,10.0461685266766));
#9620=CARTESIAN_POINT('Ctrl Pts',(-1.52854488885386,-6.89290082828021,10.0416336688982));
#9621=CARTESIAN_POINT('Ctrl Pts',(-1.60463135093996,-6.87533916853413,10.0102617252284));
#9622=CARTESIAN_POINT('Ctrl Pts',(-1.64267869317104,-6.8662367211597,9.99454399803654));
#9623=CARTESIAN_POINT('Ctrl Pts',(-1.096691518526,-6.97430051784357,9.93246933678165));
#9624=CARTESIAN_POINT('Ctrl Pts',(-1.14037365681605,-6.96743160956364,9.96627436358688));
#9625=CARTESIAN_POINT('Ctrl Pts',(-1.23149086763646,-6.95234952329128,10.0368766329565));
#9626=CARTESIAN_POINT('Ctrl Pts',(-1.34582284738994,-6.93080350948248,10.0444724805508));
#9627=CARTESIAN_POINT('Ctrl Pts',(-1.40524313623825,-6.91873483579587,10.0484313652851));
#9628=CARTESIAN_POINT('Ctrl Pts',(-0.977063206689798,-6.98196587574968,
9.65006968239323));
#9629=CARTESIAN_POINT('Ctrl Pts',(-0.977525175109036,-6.98526704164838,
9.65006968239323));
#9630=CARTESIAN_POINT('Ctrl Pts',(-0.977987143528275,-6.98856820754708,
9.65006968239323));
#9631=CARTESIAN_POINT('Ctrl Pts',(-0.978449111947514,-6.99186937344578,
9.65006968239323));
#9632=CARTESIAN_POINT('Ctrl Pts',(-0.981988551979078,-6.98127661806094,
9.70344508325878));
#9633=CARTESIAN_POINT('Ctrl Pts',(-0.982452847743388,-6.98457744800146,
9.70344508325878));
#9634=CARTESIAN_POINT('Ctrl Pts',(-0.98291714777786,-6.98787830814604,9.70344508325878));
#9635=CARTESIAN_POINT('Ctrl Pts',(-0.983381443542169,-6.99117913808656,
9.70344508325878));
#9636=CARTESIAN_POINT('Ctrl Pts',(-0.99185070191251,-6.97998020249759,9.81019389754085));
#9637=CARTESIAN_POINT('Ctrl Pts',(-0.992319661918191,-6.98328042850547,
9.81019389754085));
#9638=CARTESIAN_POINT('Ctrl Pts',(-0.992788622335073,-6.98658065762801,
9.81019389754085));
#9639=CARTESIAN_POINT('Ctrl Pts',(-0.993257582340755,-6.98988088363589,
9.81019389754085));
#9640=CARTESIAN_POINT('Ctrl Pts',(-1.06074360826843,-6.96983035891767,9.89171136293201));
#9641=CARTESIAN_POINT('Ctrl Pts',(-1.06124514378421,-6.97312580053961,9.89171136293201));
#9642=CARTESIAN_POINT('Ctrl Pts',(-1.06174667361545,-6.97642120149278,9.89171136293201));
#9643=CARTESIAN_POINT('Ctrl Pts',(-1.06224820913122,-6.97971664311472,9.89171136293201));
#9644=CARTESIAN_POINT('Ctrl Pts',(-1.09513813110599,-6.96442190521207,9.93246933678165));
#9645=CARTESIAN_POINT('Ctrl Pts',(-1.09565592691266,-6.96771477608924,9.93246933678165));
#9646=CARTESIAN_POINT('Ctrl Pts',(-1.09617372271933,-6.97100764696641,9.93246933678165));
#9647=CARTESIAN_POINT('Ctrl Pts',(-1.096691518526,-6.97430051784357,9.93246933678165));
#9648=CARTESIAN_POINT('',(-0.977063206689798,-6.98196587574968,9.65006968239323));
#9649=CARTESIAN_POINT('',(-1.09513813110599,-6.96442190521207,9.93246933678165));
#9650=CARTESIAN_POINT('Ctrl Pts',(-0.977063206689798,-6.98196587574968,
9.65006968239323));
#9651=CARTESIAN_POINT('Ctrl Pts',(-0.981988551979078,-6.98127661806094,
9.70344508325878));
#9652=CARTESIAN_POINT('Ctrl Pts',(-0.99185070191251,-6.97998020249759,9.81019389754085));
#9653=CARTESIAN_POINT('Ctrl Pts',(-1.06074360826843,-6.96983035891767,9.89171136293201));
#9654=CARTESIAN_POINT('Ctrl Pts',(-1.09513813110599,-6.96442190521207,9.93246933678165));
#9655=CARTESIAN_POINT('',(-0.977063206689798,-6.98196587574968,9.65006968239323));
#9656=CARTESIAN_POINT('',(-1.09513813110599,-6.96442190521207,9.93246933678165));
#9657=CARTESIAN_POINT('Ctrl Pts',(-1.09513813110599,-6.96442190521207,9.37176129082218));
#9658=CARTESIAN_POINT('Ctrl Pts',(-1.09565592691266,-6.96771477608924,9.37176129082218));
#9659=CARTESIAN_POINT('Ctrl Pts',(-1.09617372271933,-6.97100764696641,9.37176129082218));
#9660=CARTESIAN_POINT('Ctrl Pts',(-1.096691518526,-6.97430051784357,9.37176129082218));
#9661=CARTESIAN_POINT('Ctrl Pts',(-1.06074436927128,-6.96983023925185,9.41122643549728));
#9662=CARTESIAN_POINT('Ctrl Pts',(-1.06124590517131,-6.97312568098977,9.41122643549728));
#9663=CARTESIAN_POINT('Ctrl Pts',(-1.06174743531348,-6.97642108154125,9.41122643549728));
#9664=CARTESIAN_POINT('Ctrl Pts',(-1.06224897121351,-6.97971652327916,9.41122643549728));
#9665=CARTESIAN_POINT('Ctrl Pts',(-0.991240103780512,-6.98006886620725,
9.49086019658173));
#9666=CARTESIAN_POINT('Ctrl Pts',(-0.991708775092681,-6.98336913417258,
9.49086019658173));
#9667=CARTESIAN_POINT('Ctrl Pts',(-0.992177446799946,-6.98666940514434,
9.49086019658173));
#9668=CARTESIAN_POINT('Ctrl Pts',(-0.992646118112115,-6.98996967310967,
9.49086019658173));
#9669=CARTESIAN_POINT('Ctrl Pts',(-0.981812534025981,-6.9813012501873,9.59668823122275));
#9670=CARTESIAN_POINT('Ctrl Pts',(-0.982276746516369,-6.98460209142194,
9.59668823122275));
#9671=CARTESIAN_POINT('Ctrl Pts',(-0.982740963427829,-6.98790296391747,
9.59668823122275));
#9672=CARTESIAN_POINT('Ctrl Pts',(-0.983205175918216,-6.99120380515211,
9.59668823122275));
#9673=CARTESIAN_POINT('Ctrl Pts',(-0.977063206689798,-6.98196587574968,
9.65006968239323));
#9674=CARTESIAN_POINT('Ctrl Pts',(-0.977525175109036,-6.98526704164838,
9.65006968239323));
#9675=CARTESIAN_POINT('Ctrl Pts',(-0.977987143528275,-6.98856820754708,
9.65006968239323));
#9676=CARTESIAN_POINT('Ctrl Pts',(-0.978449111947514,-6.99186937344578,
9.65006968239323));
#9677=CARTESIAN_POINT('',(-1.09513813110599,-6.96442190521207,9.37176129082218));
#9678=CARTESIAN_POINT('Ctrl Pts',(-1.09513813110599,-6.96442190521207,9.37176129082218));
#9679=CARTESIAN_POINT('Ctrl Pts',(-1.06074436927128,-6.96983023925185,9.41122643549728));
#9680=CARTESIAN_POINT('Ctrl Pts',(-0.991240103780512,-6.98006886620725,
9.49086019658173));
#9681=CARTESIAN_POINT('Ctrl Pts',(-0.981812534025981,-6.9813012501873,9.59668823122275));
#9682=CARTESIAN_POINT('Ctrl Pts',(-0.977063206689798,-6.98196587574968,
9.65006968239323));
#9683=CARTESIAN_POINT('',(-1.09513813110599,-6.96442190521207,9.37176129082218));
#9684=CARTESIAN_POINT('Ctrl Pts',(-1.41661941021589,-6.90620658875765,9.2612566635944));
#9685=CARTESIAN_POINT('Ctrl Pts',(-1.41728920662734,-6.9094719346625,9.2612566635944));
#9686=CARTESIAN_POINT('Ctrl Pts',(-1.41795900303879,-6.91273728056735,9.2612566635944));
#9687=CARTESIAN_POINT('Ctrl Pts',(-1.41862879945024,-6.9160026264722,9.2612566635944));
#9688=CARTESIAN_POINT('Ctrl Pts',(-1.3540269567711,-6.91904571879863,9.26449350453107));
#9689=CARTESIAN_POINT('Ctrl Pts',(-1.3546671609523,-6.92231714857384,9.26449350453107));
#9690=CARTESIAN_POINT('Ctrl Pts',(-1.35530735820234,-6.92558853826995,9.26449350453107));
#9691=CARTESIAN_POINT('Ctrl Pts',(-1.35594756238354,-6.92885996804515,9.26449350453107));
#9692=CARTESIAN_POINT('Ctrl Pts',(-1.23635261576497,-6.94137757414596,9.2705606049084));
#9693=CARTESIAN_POINT('Ctrl Pts',(-1.23693717955224,-6.94465954868321,9.2705606049084));
#9694=CARTESIAN_POINT('Ctrl Pts',(-1.23752174363126,-6.94794152524578,9.2705606049084));
#9695=CARTESIAN_POINT('Ctrl Pts',(-1.23810630741853,-6.95122349978304,9.2705606049084));
#9696=CARTESIAN_POINT('Ctrl Pts',(-1.14009887935285,-6.95735193867668,9.33956924705108));
#9697=CARTESIAN_POINT('Ctrl Pts',(-1.14063793132221,-6.96064145620001,9.33956924705108));
#9698=CARTESIAN_POINT('Ctrl Pts',(-1.14117698891448,-6.96393100546353,9.33956924705108));
#9699=CARTESIAN_POINT('Ctrl Pts',(-1.14171604088384,-6.96722052298686,9.33956924705108));
#9700=CARTESIAN_POINT('Ctrl Pts',(-1.09513813110599,-6.96442190521207,9.37176129082218));
#9701=CARTESIAN_POINT('Ctrl Pts',(-1.09565592691266,-6.96771477608924,9.37176129082218));
#9702=CARTESIAN_POINT('Ctrl Pts',(-1.09617372271933,-6.97100764696641,9.37176129082218));
#9703=CARTESIAN_POINT('Ctrl Pts',(-1.096691518526,-6.97430051784357,9.37176129082218));
#9704=CARTESIAN_POINT('',(-1.41661941021589,-6.90620658875765,9.2612566635944));
#9705=CARTESIAN_POINT('Ctrl Pts',(-1.41661941021589,-6.90620658875765,9.2612566635944));
#9706=CARTESIAN_POINT('Ctrl Pts',(-1.3540269567711,-6.91904571879863,9.26449350453107));
#9707=CARTESIAN_POINT('Ctrl Pts',(-1.23635261576497,-6.94137757414596,9.2705606049084));
#9708=CARTESIAN_POINT('Ctrl Pts',(-1.14009887935285,-6.95735193867668,9.33956924705108));
#9709=CARTESIAN_POINT('Ctrl Pts',(-1.09513813110599,-6.96442190521207,9.37176129082218));
#9710=CARTESIAN_POINT('',(-1.41661941021589,-6.90620658875765,9.2612566635944));
#9711=CARTESIAN_POINT('Ctrl Pts',(-1.74893958652049,-6.82962007162196,9.37312504509464));
#9712=CARTESIAN_POINT('Ctrl Pts',(-1.7497665083108,-6.8328492064076,9.37312504509464));
#9713=CARTESIAN_POINT('Ctrl Pts',(-1.75059343010112,-6.83607834119323,9.37312504509464));
#9714=CARTESIAN_POINT('Ctrl Pts',(-1.75142035189144,-6.83930747597887,9.37312504509464));
#9715=CARTESIAN_POINT('Ctrl Pts',(-1.70267329084071,-6.84146801560529,9.34053708411649));
#9716=CARTESIAN_POINT('Ctrl Pts',(-1.70347833479317,-6.84470274150748,9.34053708411649));
#9717=CARTESIAN_POINT('Ctrl Pts',(-1.70428338630788,-6.84793749965432,9.34053708411649));
#9718=CARTESIAN_POINT('Ctrl Pts',(-1.70508843026034,-6.85117222555651,9.34053708411649));
#9719=CARTESIAN_POINT('Ctrl Pts',(-1.60313619144172,-6.86600583379555,9.27059016797538));
#9720=CARTESIAN_POINT('Ctrl Pts',(-1.60389417527347,-6.86925217157361,9.27059016797538));
#9721=CARTESIAN_POINT('Ctrl Pts',(-1.60465215965456,-6.87249851138457,9.27059016797538));
#9722=CARTESIAN_POINT('Ctrl Pts',(-1.60541014348632,-6.87574484916264,9.27059016797538));
#9723=CARTESIAN_POINT('Ctrl Pts',(-1.4816904276072,-6.892859049107,9.26450615933442));
#9724=CARTESIAN_POINT('Ctrl Pts',(-1.48239099369949,-6.89611809768312,9.26450615933442));
#9725=CARTESIAN_POINT('Ctrl Pts',(-1.4830915500647,-6.89937710556508,9.26450615933442));
#9726=CARTESIAN_POINT('Ctrl Pts',(-1.48379211615699,-6.9026361541412,9.26450615933442));
#9727=CARTESIAN_POINT('Ctrl Pts',(-1.41661941021589,-6.90620658875765,9.2612566635944));
#9728=CARTESIAN_POINT('Ctrl Pts',(-1.41728920662734,-6.9094719346625,9.2612566635944));
#9729=CARTESIAN_POINT('Ctrl Pts',(-1.41795900303879,-6.91273728056735,9.2612566635944));
#9730=CARTESIAN_POINT('Ctrl Pts',(-1.41862879945024,-6.9160026264722,9.2612566635944));
#9731=CARTESIAN_POINT('',(-1.74893958652049,-6.82962007162196,9.37312504509464));
#9732=CARTESIAN_POINT('Ctrl Pts',(-1.74893958652049,-6.82962007162196,9.37312504509464));
#9733=CARTESIAN_POINT('Ctrl Pts',(-1.70267329084071,-6.84146801560529,9.34053708411649));
#9734=CARTESIAN_POINT('Ctrl Pts',(-1.60313619144172,-6.86600583379555,9.27059016797538));
#9735=CARTESIAN_POINT('Ctrl Pts',(-1.4816904276072,-6.892859049107,9.26450615933442));
#9736=CARTESIAN_POINT('Ctrl Pts',(-1.41661941021589,-6.90620658875765,9.2612566635944));
#9737=CARTESIAN_POINT('',(-1.74893958652049,-6.82962007162196,9.37312504509464));
#9738=CARTESIAN_POINT('Ctrl Pts',(-1.87024387053559,-6.79740302356158,9.64051863411442));
#9739=CARTESIAN_POINT('Ctrl Pts',(-1.87112814659731,-6.80061692570038,9.64051863411442));
#9740=CARTESIAN_POINT('Ctrl Pts',(-1.87201242265903,-6.80383082783918,9.64051863411442));
#9741=CARTESIAN_POINT('Ctrl Pts',(-1.87289669872075,-6.80704472997798,9.64051863411442));
#9742=CARTESIAN_POINT('Ctrl Pts',(-1.86476751618969,-6.79890979285461,9.59009997985976));
#9743=CARTESIAN_POINT('Ctrl Pts',(-1.86564920023807,-6.80212439747375,9.59009997985976));
#9744=CARTESIAN_POINT('Ctrl Pts',(-1.86653089244797,-6.80533903191328,9.59009997985976));
#9745=CARTESIAN_POINT('Ctrl Pts',(-1.86741257649634,-6.80855363653242,9.59009997985976));
#9746=CARTESIAN_POINT('Ctrl Pts',(-1.85358736588046,-6.80207189332923,9.48696768977415));
#9747=CARTESIAN_POINT('Ctrl Pts',(-1.85446376618664,-6.8052880017691,9.48696768977415));
#9748=CARTESIAN_POINT('Ctrl Pts',(-1.85534016751169,-6.80850411381606,9.48696768977415));
#9749=CARTESIAN_POINT('Ctrl Pts',(-1.85621656781788,-6.81172022225593,9.48696768977415));
#9750=CARTESIAN_POINT('Ctrl Pts',(-1.78439765417092,-6.82053991525528,9.41163140757011));
#9751=CARTESIAN_POINT('Ctrl Pts',(-1.78524134489662,-6.8237647709545,9.41163140757011));
#9752=CARTESIAN_POINT('Ctrl Pts',(-1.78608502394759,-6.82698958425854,9.41163140757011));
#9753=CARTESIAN_POINT('Ctrl Pts',(-1.78692871467329,-6.83021443995777,9.41163140757011));
#9754=CARTESIAN_POINT('Ctrl Pts',(-1.74893958652049,-6.82962007162196,9.37312504509464));
#9755=CARTESIAN_POINT('Ctrl Pts',(-1.7497665083108,-6.8328492064076,9.37312504509464));
#9756=CARTESIAN_POINT('Ctrl Pts',(-1.75059343010112,-6.83607834119323,9.37312504509464));
#9757=CARTESIAN_POINT('Ctrl Pts',(-1.75142035189144,-6.83930747597887,9.37312504509464));
#9758=CARTESIAN_POINT('',(-1.87024387053559,-6.79740302356158,9.64051863411442));
#9759=CARTESIAN_POINT('Ctrl Pts',(-1.87024387053559,-6.79740302356158,9.64051863411442));
#9760=CARTESIAN_POINT('Ctrl Pts',(-1.86476751618969,-6.79890979285461,9.59009997985976));
#9761=CARTESIAN_POINT('Ctrl Pts',(-1.85358736588046,-6.80207189332923,9.48696768977415));
#9762=CARTESIAN_POINT('Ctrl Pts',(-1.78439765417092,-6.82053991525528,9.41163140757011));
#9763=CARTESIAN_POINT('Ctrl Pts',(-1.74893958652049,-6.82962007162196,9.37312504509464));
#9764=CARTESIAN_POINT('',(-1.87024387053559,-6.79740302356158,9.64051863411442));
#9765=CARTESIAN_POINT('Ctrl Pts',(-1.81164130206552,-6.81325588780066,9.84379431465641));
#9766=CARTESIAN_POINT('Ctrl Pts',(-1.81249787005704,-6.81647728538354,9.84379431465641));
#9767=CARTESIAN_POINT('Ctrl Pts',(-1.81335443804856,-6.81969868296643,9.84379431465641));
#9768=CARTESIAN_POINT('Ctrl Pts',(-1.81421100604008,-6.82292008054931,9.84379431465641));
#9769=CARTESIAN_POINT('Ctrl Pts',(-1.82875179892939,-6.80870621531985,9.81145876984563));
#9770=CARTESIAN_POINT('Ctrl Pts',(-1.82961645790465,-6.81192546507902,9.81145876984563));
#9771=CARTESIAN_POINT('Ctrl Pts',(-1.83048111413701,-6.81514470487318,9.81145876984563));
#9772=CARTESIAN_POINT('Ctrl Pts',(-1.83134577311227,-6.81836395463236,9.81145876984563));
#9773=CARTESIAN_POINT('Ctrl Pts',(-1.86229142572542,-6.79961149160838,9.74799193658279));
#9774=CARTESIAN_POINT('Ctrl Pts',(-1.86317194168829,-6.80282643766153,9.74799193658279));
#9775=CARTESIAN_POINT('Ctrl Pts',(-1.86405245788415,-6.80604138455043,9.74799193658279));
#9776=CARTESIAN_POINT('Ctrl Pts',(-1.86493297384702,-6.80925633060357,9.74799193658279));
#9777=CARTESIAN_POINT('Ctrl Pts',(-1.86762508785133,-6.79812355789602,9.67588701479033));
#9778=CARTESIAN_POINT('Ctrl Pts',(-1.86850812507165,-6.80133779835797,9.67588701479033));
#9779=CARTESIAN_POINT('Ctrl Pts',(-1.86939116423081,-6.80455204588497,9.67588701479033));
#9780=CARTESIAN_POINT('Ctrl Pts',(-1.87027420145112,-6.80776628634693,9.67588701479033));
#9781=CARTESIAN_POINT('Ctrl Pts',(-1.87024387053559,-6.79740302356158,9.64051863411442));
#9782=CARTESIAN_POINT('Ctrl Pts',(-1.87112814659731,-6.80061692570038,9.64051863411442));
#9783=CARTESIAN_POINT('Ctrl Pts',(-1.87201242265903,-6.80383082783918,9.64051863411442));
#9784=CARTESIAN_POINT('Ctrl Pts',(-1.87289669872075,-6.80704472997798,9.64051863411442));
#9785=CARTESIAN_POINT('',(-1.81164130206552,-6.81325588780066,9.84379431465641));
#9786=CARTESIAN_POINT('Ctrl Pts',(-1.81164130206552,-6.81325588780066,9.84379431465641));
#9787=CARTESIAN_POINT('Ctrl Pts',(-1.82875179892939,-6.80870621531985,9.81145876984563));
#9788=CARTESIAN_POINT('Ctrl Pts',(-1.86229142572542,-6.79961149160838,9.74799193658279));
#9789=CARTESIAN_POINT('Ctrl Pts',(-1.86762508785133,-6.79812355789602,9.67588701479033));
#9790=CARTESIAN_POINT('Ctrl Pts',(-1.87024387053559,-6.79740302356158,9.64051863411442));
#9791=CARTESIAN_POINT('',(-1.81164130206552,-6.81325588780066,9.84379431465641));
#9792=CARTESIAN_POINT('Ctrl Pts',(-1.64035195281244,-6.85651117339602,9.99454399803654));
#9793=CARTESIAN_POINT('Ctrl Pts',(-1.64112753293198,-6.85975302265058,9.99454399803654));
#9794=CARTESIAN_POINT('Ctrl Pts',(-1.64190311305151,-6.86299487190514,9.99454399803654));
#9795=CARTESIAN_POINT('Ctrl Pts',(-1.64267869317104,-6.8662367211597,9.99454399803654));
#9796=CARTESIAN_POINT('Ctrl Pts',(-1.6753908607977,-6.84812846392694,9.97529823363089));
#9797=CARTESIAN_POINT('Ctrl Pts',(-1.67618300955623,-6.85136635663161,9.97529823363089));
#9798=CARTESIAN_POINT('Ctrl Pts',(-1.67697515297648,-6.85460422861792,9.97529823363089));
#9799=CARTESIAN_POINT('Ctrl Pts',(-1.677767301735,-6.85784212132258,9.97529823363089));
#9800=CARTESIAN_POINT('Ctrl Pts',(-1.74329834402661,-6.83125212377801,9.93791985518558));
#9801=CARTESIAN_POINT('Ctrl Pts',(-1.74412259848642,-6.83448202994806,9.93791985518558));
#9802=CARTESIAN_POINT('Ctrl Pts',(-1.74494685317535,-6.83771193693247,9.93791985518558));
#9803=CARTESIAN_POINT('Ctrl Pts',(-1.74577110763516,-6.84094184310252,9.93791985518558));
#9804=CARTESIAN_POINT('Ctrl Pts',(-1.78933161403586,-6.81918802258854,9.87454033488209));
#9805=CARTESIAN_POINT('Ctrl Pts',(-1.79017763220983,-6.82241221907842,9.87454033488209));
#9806=CARTESIAN_POINT('Ctrl Pts',(-1.79102365488889,-6.8256364332229,9.87454033488209));
#9807=CARTESIAN_POINT('Ctrl Pts',(-1.79186967306286,-6.82886062971278,9.87454033488209));
#9808=CARTESIAN_POINT('Ctrl Pts',(-1.81164130206552,-6.81325588780066,9.84379431465641));
#9809=CARTESIAN_POINT('Ctrl Pts',(-1.81249787005704,-6.81647728538354,9.84379431465641));
#9810=CARTESIAN_POINT('Ctrl Pts',(-1.81335443804856,-6.81969868296643,9.84379431465641));
#9811=CARTESIAN_POINT('Ctrl Pts',(-1.81421100604008,-6.82292008054931,9.84379431465641));
#9812=CARTESIAN_POINT('',(-1.64035195281244,-6.85651117339602,9.99454399803654));
#9813=CARTESIAN_POINT('Ctrl Pts',(-1.64035195281244,-6.85651117339602,9.99454399803654));
#9814=CARTESIAN_POINT('Ctrl Pts',(-1.6753908607977,-6.84812846392694,9.97529823363089));
#9815=CARTESIAN_POINT('Ctrl Pts',(-1.74329834402661,-6.83125212377801,9.93791985518558));
#9816=CARTESIAN_POINT('Ctrl Pts',(-1.78933161403586,-6.81918802258854,9.87454033488209));
#9817=CARTESIAN_POINT('Ctrl Pts',(-1.81164130206552,-6.81325588780066,9.84379431465641));
#9818=CARTESIAN_POINT('',(-1.64035195281244,-6.85651117339602,9.99454399803654));
#9819=CARTESIAN_POINT('Ctrl Pts',(-1.40325270686681,-6.90893492809644,10.0484313652851));
#9820=CARTESIAN_POINT('Ctrl Pts',(-1.40391618332396,-6.91220156399625,10.0484313652851));
#9821=CARTESIAN_POINT('Ctrl Pts',(-1.4045796597811,-6.91546819989606,10.0484313652851));
#9822=CARTESIAN_POINT('Ctrl Pts',(-1.40524313623825,-6.91873483579587,10.0484313652851));
#9823=CARTESIAN_POINT('Ctrl Pts',(-1.44429105445889,-6.90059975444909,10.0461685266766));
#9824=CARTESIAN_POINT('Ctrl Pts',(-1.44497393492037,-6.90386245174046,10.0461685266766));
#9825=CARTESIAN_POINT('Ctrl Pts',(-1.44565681379097,-6.90712514191581,10.0461685266766));
#9826=CARTESIAN_POINT('Ctrl Pts',(-1.44633969425245,-6.91038783920717,10.0461685266766));
#9827=CARTESIAN_POINT('Ctrl Pts',(-1.52637981110761,-6.88313751265941,10.0416336688982));
#9828=CARTESIAN_POINT('Ctrl Pts',(-1.52710150368468,-6.88639195119267,10.0416336688982));
#9829=CARTESIAN_POINT('Ctrl Pts',(-1.52782319627679,-6.88964638974695,10.0416336688982));
#9830=CARTESIAN_POINT('Ctrl Pts',(-1.52854488885386,-6.89290082828021,10.0416336688982));
#9831=CARTESIAN_POINT('Ctrl Pts',(-1.60235850200096,-6.8656007277855,10.0102617252284));
#9832=CARTESIAN_POINT('Ctrl Pts',(-1.60311611779651,-6.86884687235106,10.0102617252284));
#9833=CARTESIAN_POINT('Ctrl Pts',(-1.60387373514441,-6.87209302396858,10.0102617252284));
#9834=CARTESIAN_POINT('Ctrl Pts',(-1.60463135093996,-6.87533916853413,10.0102617252284));
#9835=CARTESIAN_POINT('Ctrl Pts',(-1.64035195281244,-6.85651117339602,9.99454399803654));
#9836=CARTESIAN_POINT('Ctrl Pts',(-1.64112753293198,-6.85975302265058,9.99454399803654));
#9837=CARTESIAN_POINT('Ctrl Pts',(-1.64190311305151,-6.86299487190514,9.99454399803654));
#9838=CARTESIAN_POINT('Ctrl Pts',(-1.64267869317104,-6.8662367211597,9.99454399803654));
#9839=CARTESIAN_POINT('',(-1.40325270686681,-6.90893492809644,10.0484313652851));
#9840=CARTESIAN_POINT('Ctrl Pts',(-1.40325270686681,-6.90893492809644,10.0484313652851));
#9841=CARTESIAN_POINT('Ctrl Pts',(-1.44429105445889,-6.90059975444909,10.0461685266766));
#9842=CARTESIAN_POINT('Ctrl Pts',(-1.52637981110761,-6.88313751265941,10.0416336688982));
#9843=CARTESIAN_POINT('Ctrl Pts',(-1.60235850200096,-6.8656007277855,10.0102617252284));
#9844=CARTESIAN_POINT('Ctrl Pts',(-1.64035195281244,-6.85651117339602,9.99454399803654));
#9845=CARTESIAN_POINT('',(-1.40325270686681,-6.90893492809644,10.0484313652851));
#9846=CARTESIAN_POINT('Ctrl Pts',(-1.09513813110599,-6.96442190521207,9.93246933678165));
#9847=CARTESIAN_POINT('Ctrl Pts',(-1.09565592691266,-6.96771477608924,9.93246933678165));
#9848=CARTESIAN_POINT('Ctrl Pts',(-1.09617372271933,-6.97100764696641,9.93246933678165));
#9849=CARTESIAN_POINT('Ctrl Pts',(-1.096691518526,-6.97430051784357,9.93246933678165));
#9850=CARTESIAN_POINT('Ctrl Pts',(-1.13875839667892,-6.95756272626397,9.96627436358688));
#9851=CARTESIAN_POINT('Ctrl Pts',(-1.13929681471997,-6.96085234271171,9.96627436358688));
#9852=CARTESIAN_POINT('Ctrl Pts',(-1.13983523877499,-6.9641419931159,9.96627436358688));
#9853=CARTESIAN_POINT('Ctrl Pts',(-1.14037365681605,-6.96743160956364,9.96627436358688));
#9854=CARTESIAN_POINT('Ctrl Pts',(-1.2297465462942,-6.94250200272005,10.0368766329565));
#9855=CARTESIAN_POINT('Ctrl Pts',(-1.23032798667143,-6.94578450905055,10.0368766329565));
#9856=CARTESIAN_POINT('Ctrl Pts',(-1.23090942725924,-6.94906701696077,10.0368766329565));
#9857=CARTESIAN_POINT('Ctrl Pts',(-1.23149086763646,-6.95234952329128,10.0368766329565));
#9858=CARTESIAN_POINT('Ctrl Pts',(-1.34391658273358,-6.9209865073444,10.0444724805508));
#9859=CARTESIAN_POINT('Ctrl Pts',(-1.34455200660067,-6.92425885477935,10.0444724805508));
#9860=CARTESIAN_POINT('Ctrl Pts',(-1.34518742352284,-6.92753116204752,10.0444724805508));
#9861=CARTESIAN_POINT('Ctrl Pts',(-1.34582284738994,-6.93080350948248,10.0444724805508));
#9862=CARTESIAN_POINT('Ctrl Pts',(-1.40325270686681,-6.90893492809644,10.0484313652851));
#9863=CARTESIAN_POINT('Ctrl Pts',(-1.40391618332396,-6.91220156399625,10.0484313652851));
#9864=CARTESIAN_POINT('Ctrl Pts',(-1.4045796597811,-6.91546819989606,10.0484313652851));
#9865=CARTESIAN_POINT('Ctrl Pts',(-1.40524313623825,-6.91873483579587,10.0484313652851));
#9866=CARTESIAN_POINT('Ctrl Pts',(-1.09513813110599,-6.96442190521207,9.93246933678165));
#9867=CARTESIAN_POINT('Ctrl Pts',(-1.13875839667892,-6.95756272626397,9.96627436358688));
#9868=CARTESIAN_POINT('Ctrl Pts',(-1.2297465462942,-6.94250200272005,10.0368766329565));
#9869=CARTESIAN_POINT('Ctrl Pts',(-1.34391658273358,-6.9209865073444,10.0444724805508));
#9870=CARTESIAN_POINT('Ctrl Pts',(-1.40325270686681,-6.90893492809644,10.0484313652851));
#9871=CARTESIAN_POINT('Ctrl Pts',(-0.0525234251064807,-7.04980434408041,
9.61323401192204));
#9872=CARTESIAN_POINT('Ctrl Pts',(-0.0525482588772166,-7.05313758490504,
9.61323401192204));
#9873=CARTESIAN_POINT('Ctrl Pts',(-0.0525730926479526,-7.05647082572966,
9.61323401192204));
#9874=CARTESIAN_POINT('Ctrl Pts',(-0.0525979264186885,-7.05980406655429,
9.61323401192204));
#9875=CARTESIAN_POINT('Ctrl Pts',(-0.0569819121176906,-7.04977112684527,
9.53935781127898));
#9876=CARTESIAN_POINT('Ctrl Pts',(-0.0570088537823055,-7.0531043370854,
9.53935781127898));
#9877=CARTESIAN_POINT('Ctrl Pts',(-0.0570357958603348,-7.05643759196237,
9.53935781127898));
#9878=CARTESIAN_POINT('Ctrl Pts',(-0.0570627375249497,-7.0597708022025,
9.53935781127898));
#9879=CARTESIAN_POINT('Ctrl Pts',(-0.065518387473123,-7.04982970585408,
9.3979294917322));
#9880=CARTESIAN_POINT('Ctrl Pts',(-0.0655493654394122,-7.05316295762422,
9.3979294917322));
#9881=CARTESIAN_POINT('Ctrl Pts',(-0.0655803433897745,-7.05649621253196,
9.3979294917322));
#9882=CARTESIAN_POINT('Ctrl Pts',(-0.0656113213560636,-7.0598294643021,
9.3979294917322));
#9883=CARTESIAN_POINT('Ctrl Pts',(-0.146272794156805,-7.04858796849835,
9.28189133355523));
#9884=CARTESIAN_POINT('Ctrl Pts',(-0.14634195400351,-7.05192065215189,9.28189133355523));
#9885=CARTESIAN_POINT('Ctrl Pts',(-0.146411113450749,-7.05525328196325,
9.28189133355523));
#9886=CARTESIAN_POINT('Ctrl Pts',(-0.146480273297453,-7.05858596561679,
9.28189133355523));
#9887=CARTESIAN_POINT('Ctrl Pts',(-0.184835173591198,-7.04757660182587,
9.2264666245319));
#9888=CARTESIAN_POINT('Ctrl Pts',(-0.184922566108262,-7.05090878934447,
9.2264666245319));
#9889=CARTESIAN_POINT('Ctrl Pts',(-0.185009958625326,-7.05424097686306,
9.2264666245319));
#9890=CARTESIAN_POINT('Ctrl Pts',(-0.185097351142391,-7.05757316438166,
9.2264666245319));
#9891=CARTESIAN_POINT('',(-0.0525234251064807,-7.04980434408041,9.61323401192204));
#9892=CARTESIAN_POINT('',(-0.184835173591198,-7.04757660182587,9.2264666245319));
#9893=CARTESIAN_POINT('Ctrl Pts',(-0.281643702146184,-7.04437199649773,
10.1166453049518));
#9894=CARTESIAN_POINT('Ctrl Pts',(-0.281776867017175,-7.0477026688365,10.1166453049518));
#9895=CARTESIAN_POINT('Ctrl Pts',(-0.281910031888166,-7.05103334117527,
10.1166453049518));
#9896=CARTESIAN_POINT('Ctrl Pts',(-0.282043196759158,-7.05436401351404,
10.1166453049518));
#9897=CARTESIAN_POINT('Ctrl Pts',(-0.214855764273449,-7.04704227031214,
10.047942220882));
#9898=CARTESIAN_POINT('Ctrl Pts',(-0.214957351299417,-7.05037425710793,
10.047942220882));
#9899=CARTESIAN_POINT('Ctrl Pts',(-0.215058937196806,-7.05370608815508,
10.047942220882));
#9900=CARTESIAN_POINT('Ctrl Pts',(-0.215160524222774,-7.05703807495088,
10.047942220882));
#9901=CARTESIAN_POINT('Ctrl Pts',(-0.0785147724166386,-7.04994267991001,
9.90777886687272));
#9902=CARTESIAN_POINT('Ctrl Pts',(-0.0785518952764297,-7.05327598257753,
9.90777886687272));
#9903=CARTESIAN_POINT('Ctrl Pts',(-0.0785890180283606,-7.05660929593741,
9.90777886687272));
#9904=CARTESIAN_POINT('Ctrl Pts',(-0.0786261408881516,-7.05994259860492,
9.90777886687272));
#9905=CARTESIAN_POINT('Ctrl Pts',(-0.0612988467925556,-7.04973896422287,
9.71269481148354));
#9906=CARTESIAN_POINT('Ctrl Pts',(-0.061327829279806,-7.05307213366225,
9.71269481148354));
#9907=CARTESIAN_POINT('Ctrl Pts',(-0.0613568130241599,-7.05640542451998,
9.71269481148354));
#9908=CARTESIAN_POINT('Ctrl Pts',(-0.0613857955114103,-7.05973859395936,
9.71269481148354));
#9909=CARTESIAN_POINT('Ctrl Pts',(-0.0525234251064807,-7.04980434408041,
9.61323401192204));
#9910=CARTESIAN_POINT('Ctrl Pts',(-0.0525482588772166,-7.05313758490504,
9.61323401192204));
#9911=CARTESIAN_POINT('Ctrl Pts',(-0.0525730926479526,-7.05647082572966,
9.61323401192204));
#9912=CARTESIAN_POINT('Ctrl Pts',(-0.0525979264186885,-7.05980406655429,
9.61323401192204));
#9913=CARTESIAN_POINT('',(-0.281643702146184,-7.04437199649773,10.1166453049518));
#9914=CARTESIAN_POINT('Ctrl Pts',(-1.12006309283704,-6.96045678587723,10.3308334038593));
#9915=CARTESIAN_POINT('Ctrl Pts',(-1.12059267349559,-6.96374778199348,10.3308334038593));
#9916=CARTESIAN_POINT('Ctrl Pts',(-1.12112225415414,-6.96703877810974,10.3308334038593));
#9917=CARTESIAN_POINT('Ctrl Pts',(-1.12165183481269,-6.97032977422599,10.3308334038593));
#9918=CARTESIAN_POINT('Ctrl Pts',(-0.951077711162461,-6.98764958299748,
10.3282422673466));
#9919=CARTESIAN_POINT('Ctrl Pts',(-0.951527398415885,-6.99095350461477,
10.3282422673466));
#9920=CARTESIAN_POINT('Ctrl Pts',(-0.95197707030785,-6.9942572210724,10.3282422673466));
#9921=CARTESIAN_POINT('Ctrl Pts',(-0.952426757561273,-6.99756114268968,
10.3282422673466));
#9922=CARTESIAN_POINT('Ctrl Pts',(-0.653364259300046,-7.02381117126847,
10.3237047731629));
#9923=CARTESIAN_POINT('Ctrl Pts',(-0.653673178348036,-7.02713211728027,
10.3237047731629));
#9924=CARTESIAN_POINT('Ctrl Pts',(-0.653982098066667,-7.03045307798187,
10.3237047731629));
#9925=CARTESIAN_POINT('Ctrl Pts',(-0.654291017114657,-7.03377402399367,
10.3237047731629));
#9926=CARTESIAN_POINT('Ctrl Pts',(-0.393290737402487,-7.03990819413765,
10.1788015345131));
#9927=CARTESIAN_POINT('Ctrl Pts',(-0.393476686804047,-7.04323671174325,
10.1788015345131));
#9928=CARTESIAN_POINT('Ctrl Pts',(-0.393662647202916,-7.04656536191381,
10.1788015345131));
#9929=CARTESIAN_POINT('Ctrl Pts',(-0.393848596604476,-7.04989387951941,
10.1788015345131));
#9930=CARTESIAN_POINT('Ctrl Pts',(-0.281643702146184,-7.04437199649773,
10.1166453049518));
#9931=CARTESIAN_POINT('Ctrl Pts',(-0.281776867017175,-7.0477026688365,10.1166453049518));
#9932=CARTESIAN_POINT('Ctrl Pts',(-0.281910031888166,-7.05103334117527,
10.1166453049518));
#9933=CARTESIAN_POINT('Ctrl Pts',(-0.282043196759158,-7.05436401351404,
10.1166453049518));
#9934=CARTESIAN_POINT('',(-1.12006309283704,-6.96045678587723,10.3308334038593));
#9935=CARTESIAN_POINT('Ctrl Pts',(-1.8472145381808,-6.80369741022729,10.1371087715961));
#9936=CARTESIAN_POINT('Ctrl Pts',(-1.8480879256693,-6.80691428843543,10.1371087715961));
#9937=CARTESIAN_POINT('Ctrl Pts',(-1.8489613131578,-6.81013116664358,10.1371087715961));
#9938=CARTESIAN_POINT('Ctrl Pts',(-1.84983470064631,-6.81334804485172,10.1371087715961));
#9939=CARTESIAN_POINT('Ctrl Pts',(-1.75320572870693,-6.82922094972453,10.1933030913237));
#9940=CARTESIAN_POINT('Ctrl Pts',(-1.75403465932331,-6.83244986025357,10.1933030913237));
#9941=CARTESIAN_POINT('Ctrl Pts',(-1.754863614727,-6.83567887742205,10.1933030913237));
#9942=CARTESIAN_POINT('Ctrl Pts',(-1.75569254534339,-6.83890778795109,10.1933030913237));
#9943=CARTESIAN_POINT('Ctrl Pts',(-1.53137057800487,-6.88496451031066,10.3252197602702));
#9944=CARTESIAN_POINT('Ctrl Pts',(-1.53209462922816,-6.88821980868399,10.3252197602702));
#9945=CARTESIAN_POINT('Ctrl Pts',(-1.53281868362982,-6.89147511904416,10.3252197602702));
#9946=CARTESIAN_POINT('Ctrl Pts',(-1.5335427348531,-6.89473041741748,10.3252197602702));
#9947=CARTESIAN_POINT('Ctrl Pts',(-1.27060551276061,-6.9362317940915,10.3287862053896));
#9948=CARTESIAN_POINT('Ctrl Pts',(-1.27120628524341,-6.93951139210423,10.3287862053896));
#9949=CARTESIAN_POINT('Ctrl Pts',(-1.27180701760089,-6.94279082273706,10.3287862053896));
#9950=CARTESIAN_POINT('Ctrl Pts',(-1.27240779008368,-6.94607042074979,10.3287862053896));
#9951=CARTESIAN_POINT('Ctrl Pts',(-1.12006309283704,-6.96045678587723,10.3308334038593));
#9952=CARTESIAN_POINT('Ctrl Pts',(-1.12059267349559,-6.96374778199348,10.3308334038593));
#9953=CARTESIAN_POINT('Ctrl Pts',(-1.12112225415414,-6.96703877810974,10.3308334038593));
#9954=CARTESIAN_POINT('Ctrl Pts',(-1.12165183481269,-6.97032977422599,10.3308334038593));
#9955=CARTESIAN_POINT('',(-1.8472145381808,-6.80369741022729,10.1371087715961));
#9956=CARTESIAN_POINT('Ctrl Pts',(-2.06412611893655,-6.74105951354265,9.63642737129704));
#9957=CARTESIAN_POINT('Ctrl Pts',(-2.06510206509208,-6.744246775724,9.63642737129704));
#9958=CARTESIAN_POINT('Ctrl Pts',(-2.06607801124761,-6.74743403790534,9.63642737129704));
#9959=CARTESIAN_POINT('Ctrl Pts',(-2.06705395740313,-6.75062130008669,9.63642737129704));
#9960=CARTESIAN_POINT('Ctrl Pts',(-2.05545884912267,-6.74371344916906,9.73373197672643));
#9961=CARTESIAN_POINT('Ctrl Pts',(-2.05643068634661,-6.74690193011089,9.73373197672643));
#9962=CARTESIAN_POINT('Ctrl Pts',(-2.05740255636557,-6.75009051921896,9.73373197672643));
#9963=CARTESIAN_POINT('Ctrl Pts',(-2.05837439358951,-6.75327900016079,9.73373197672643));
#9964=CARTESIAN_POINT('Ctrl Pts',(-2.03836810587019,-6.74926899269427,9.92660546867121));
#9965=CARTESIAN_POINT('Ctrl Pts',(-2.03933187218043,-6.75246013297798,9.92660546867121));
#9966=CARTESIAN_POINT('Ctrl Pts',(-2.04029564183778,-6.75565128360588,9.92660546867121));
#9967=CARTESIAN_POINT('Ctrl Pts',(-2.04125940814802,-6.75884242388958,9.92660546867121));
#9968=CARTESIAN_POINT('Ctrl Pts',(-1.91076602821557,-6.78644308081828,10.0673632426078));
#9969=CARTESIAN_POINT('Ctrl Pts',(-1.91166947822831,-6.78965184838718,10.0673632426078));
#9970=CARTESIAN_POINT('Ctrl Pts',(-1.91257288462584,-6.7928604736477,10.0673632426078));
#9971=CARTESIAN_POINT('Ctrl Pts',(-1.91347633463857,-6.7960692412166,10.0673632426078));
#9972=CARTESIAN_POINT('Ctrl Pts',(-1.8472145381808,-6.80369741022729,10.1371087715961));
#9973=CARTESIAN_POINT('Ctrl Pts',(-1.8480879256693,-6.80691428843543,10.1371087715961));
#9974=CARTESIAN_POINT('Ctrl Pts',(-1.8489613131578,-6.81013116664358,10.1371087715961));
#9975=CARTESIAN_POINT('Ctrl Pts',(-1.84983470064631,-6.81334804485172,10.1371087715961));
#9976=CARTESIAN_POINT('',(-2.06412611893655,-6.74105951354265,9.63642737129704));
#9977=CARTESIAN_POINT('Ctrl Pts',(-1.98179301745699,-6.76572216662484,9.3144621537067));
#9978=CARTESIAN_POINT('Ctrl Pts',(-1.98273003543215,-6.76892108963507,9.3144621537067));
#9979=CARTESIAN_POINT('Ctrl Pts',(-1.9836670534073,-6.77212001264529,9.3144621537067));
#9980=CARTESIAN_POINT('Ctrl Pts',(-1.98460407138246,-6.77531893565551,9.3144621537067));
#9981=CARTESIAN_POINT('Ctrl Pts',(-2.00584701279797,-6.75867634966182,9.36397344625045));
#9982=CARTESIAN_POINT('Ctrl Pts',(-2.00679540596431,-6.76187194831572,9.36397344625045));
#9983=CARTESIAN_POINT('Ctrl Pts',(-2.00774379269943,-6.76506752597198,9.36397344625045));
#9984=CARTESIAN_POINT('Ctrl Pts',(-2.00869218586577,-6.76826312462588,9.36397344625045));
#9985=CARTESIAN_POINT('Ctrl Pts',(-2.05491962919784,-6.74392777761845,9.46519122805371));
#9986=CARTESIAN_POINT('Ctrl Pts',(-2.05589122225505,-6.74711639548078,9.46519122805371));
#9987=CARTESIAN_POINT('Ctrl Pts',(-2.0568628157565,-6.75030501475983,9.46519122805371));
#9988=CARTESIAN_POINT('Ctrl Pts',(-2.05783440881372,-6.75349363262216,9.46519122805371));
#9989=CARTESIAN_POINT('Ctrl Pts',(-2.06100859827002,-6.74201410470465,9.57852930358079));
#9990=CARTESIAN_POINT('Ctrl Pts',(-2.06198306874706,-6.74520181274268,9.57852930358079));
#9991=CARTESIAN_POINT('Ctrl Pts',(-2.06295754424444,-6.74838953724067,9.57852930358079));
#9992=CARTESIAN_POINT('Ctrl Pts',(-2.06393201472147,-6.7515772452787,9.57852930358079));
#9993=CARTESIAN_POINT('Ctrl Pts',(-2.06412611893655,-6.74105951354265,9.63642737129704));
#9994=CARTESIAN_POINT('Ctrl Pts',(-2.06510206509208,-6.744246775724,9.63642737129704));
#9995=CARTESIAN_POINT('Ctrl Pts',(-2.06607801124761,-6.74743403790534,9.63642737129704));
#9996=CARTESIAN_POINT('Ctrl Pts',(-2.06705395740313,-6.75062130008669,9.63642737129704));
#9997=CARTESIAN_POINT('',(-1.98179301745699,-6.76572216662484,9.3144621537067));
#9998=CARTESIAN_POINT('Ctrl Pts',(-1.74299155689475,-6.83114049281623,9.09140488365665));
#9999=CARTESIAN_POINT('Ctrl Pts',(-1.74381566637792,-6.83437034647714,9.09140488365665));
#10000=CARTESIAN_POINT('Ctrl Pts',(-1.74463977586109,-6.83760020013804,
9.09140488365665));
#10001=CARTESIAN_POINT('Ctrl Pts',(-1.74546388534425,-6.84083005379895,
9.09140488365665));
#10002=CARTESIAN_POINT('Ctrl Pts',(-1.79181276019218,-6.81868357654664,
9.12042691536109));
#10003=CARTESIAN_POINT('Ctrl Pts',(-1.79265995684647,-6.82190755414416,
9.12042691536109));
#10004=CARTESIAN_POINT('Ctrl Pts',(-1.79350714192114,-6.82513149054705,
9.12042691536109));
#10005=CARTESIAN_POINT('Ctrl Pts',(-1.79435433857543,-6.82835546814458,
9.12042691536109));
#10006=CARTESIAN_POINT('Ctrl Pts',(-1.8869606998266,-6.79315783415825,9.17716778650953));
#10007=CARTESIAN_POINT('Ctrl Pts',(-1.88785287966979,-6.79636972862371,
9.17716778650953));
#10008=CARTESIAN_POINT('Ctrl Pts',(-1.88874505998316,-6.79958162456393,
9.17716778650953));
#10009=CARTESIAN_POINT('Ctrl Pts',(-1.88963723982635,-6.80279351902939,
9.17716778650953));
#10010=CARTESIAN_POINT('Ctrl Pts',(-1.95070083471227,-6.77482958622373,
9.26940350391724));
#10011=CARTESIAN_POINT('Ctrl Pts',(-1.95162314858567,-6.77803280343102,
9.26940350391724));
#10012=CARTESIAN_POINT('Ctrl Pts',(-1.95254547237746,-6.7812360563728,9.26940350391724));
#10013=CARTESIAN_POINT('Ctrl Pts',(-1.95346778625087,-6.78443927358008,
9.26940350391724));
#10014=CARTESIAN_POINT('Ctrl Pts',(-1.98179301745699,-6.76572216662484,
9.3144621537067));
#10015=CARTESIAN_POINT('Ctrl Pts',(-1.98273003543215,-6.76892108963507,
9.3144621537067));
#10016=CARTESIAN_POINT('Ctrl Pts',(-1.9836670534073,-6.77212001264529,9.3144621537067));
#10017=CARTESIAN_POINT('Ctrl Pts',(-1.98460407138246,-6.77531893565551,
9.3144621537067));
#10018=CARTESIAN_POINT('',(-1.74299155689475,-6.83114049281623,9.09140488365665));
#10019=CARTESIAN_POINT('Ctrl Pts',(-1.40191562987843,-6.90920636301323,
9.01023289421574));
#10020=CARTESIAN_POINT('Ctrl Pts',(-1.40257847414788,-6.91247312725107,
9.01023289421574));
#10021=CARTESIAN_POINT('Ctrl Pts',(-1.40324131841733,-6.9157398914889,9.01023289421574));
#10022=CARTESIAN_POINT('Ctrl Pts',(-1.40390416268677,-6.91900665572673,
9.01023289421574));
#10023=CARTESIAN_POINT('Ctrl Pts',(-1.46205126411193,-6.8970045150563,9.01347280109934));
#10024=CARTESIAN_POINT('Ctrl Pts',(-1.46274254262216,-6.90026551574594,
9.01347280109934));
#10025=CARTESIAN_POINT('Ctrl Pts',(-1.46343381718201,-6.90352649949439,
9.01347280109934));
#10026=CARTESIAN_POINT('Ctrl Pts',(-1.46412509569224,-6.90678750018404,
9.01347280109934));
#10027=CARTESIAN_POINT('Ctrl Pts',(-1.58075596330976,-6.87123795076109,
9.01988594414348));
#10028=CARTESIAN_POINT('Ctrl Pts',(-1.58150336562926,-6.87448676296341,
9.01988594414348));
#10029=CARTESIAN_POINT('Ctrl Pts',(-1.58225076803042,-6.87773557536835,
9.01988594414348));
#10030=CARTESIAN_POINT('Ctrl Pts',(-1.58299817034992,-6.88098438757067,
9.01988594414348));
#10031=CARTESIAN_POINT('Ctrl Pts',(-1.68939245477544,-6.84481650819746,
9.06773103556649));
#10032=CARTESIAN_POINT('Ctrl Pts',(-1.69019122066389,-6.84805282267177,
9.06773103556649));
#10033=CARTESIAN_POINT('Ctrl Pts',(-1.69098999024129,-6.85128915330925,
9.06773103556649));
#10034=CARTESIAN_POINT('Ctrl Pts',(-1.69178875612973,-6.85452546778356,
9.06773103556649));
#10035=CARTESIAN_POINT('Ctrl Pts',(-1.74299155689475,-6.83114049281623,
9.09140488365665));
#10036=CARTESIAN_POINT('Ctrl Pts',(-1.74381566637792,-6.83437034647714,
9.09140488365665));
#10037=CARTESIAN_POINT('Ctrl Pts',(-1.74463977586109,-6.83760020013804,
9.09140488365665));
#10038=CARTESIAN_POINT('Ctrl Pts',(-1.74546388534425,-6.84083005379895,
9.09140488365665));
#10039=CARTESIAN_POINT('',(-1.40191562987843,-6.90920636301323,9.01023289421574));
#10040=CARTESIAN_POINT('Ctrl Pts',(-0.941246796569016,-6.98688446075564,
9.18280979851261));
#10041=CARTESIAN_POINT('Ctrl Pts',(-0.941691830515384,-6.99018795222644,
9.18280979851261));
#10042=CARTESIAN_POINT('Ctrl Pts',(-0.942136864461753,-6.99349144369725,
9.18280979851261));
#10043=CARTESIAN_POINT('Ctrl Pts',(-0.942581898408121,-6.99679493516805,
9.18280979851261));
#10044=CARTESIAN_POINT('Ctrl Pts',(-1.00700780920258,-6.97802538446374,
9.13249490160013));
#10045=CARTESIAN_POINT('Ctrl Pts',(-1.00748393170883,-6.98132466222833,
9.13249490160013));
#10046=CARTESIAN_POINT('Ctrl Pts',(-1.00796006656755,-6.98462401504591,
9.13249490160013));
#10047=CARTESIAN_POINT('Ctrl Pts',(-1.00843618907379,-6.9879232928105,9.13249490160013));
#10048=CARTESIAN_POINT('Ctrl Pts',(-1.14351199787175,-6.95794272764506,
9.02788728692334));
#10049=CARTESIAN_POINT('Ctrl Pts',(-1.14405266538009,-6.96123253399688,
9.02788728692334));
#10050=CARTESIAN_POINT('Ctrl Pts',(-1.14459333319727,-6.96452234360194,
9.02788728692334));
#10051=CARTESIAN_POINT('Ctrl Pts',(-1.14513400070561,-6.96781214995377,
9.02788728692334));
#10052=CARTESIAN_POINT('Ctrl Pts',(-1.31386691311069,-6.92707192755741,
9.01626500847156));
#10053=CARTESIAN_POINT('Ctrl Pts',(-1.31448813140952,-6.93034716810637,
9.01626500847156));
#10054=CARTESIAN_POINT('Ctrl Pts',(-1.31510933582335,-6.93362232094825,
9.01626500847156));
#10055=CARTESIAN_POINT('Ctrl Pts',(-1.31573055412219,-6.93689756149721,
9.01626500847156));
#10056=CARTESIAN_POINT('Ctrl Pts',(-1.40191562987843,-6.90920636301323,
9.01023289421574));
#10057=CARTESIAN_POINT('Ctrl Pts',(-1.40257847414788,-6.91247312725107,
9.01023289421574));
#10058=CARTESIAN_POINT('Ctrl Pts',(-1.40324131841733,-6.9157398914889,9.01023289421574));
#10059=CARTESIAN_POINT('Ctrl Pts',(-1.40390416268677,-6.91900665572673,
9.01023289421574));
#10060=CARTESIAN_POINT('',(-0.941246796569016,-6.98688446075564,9.18280979851261));
#10061=CARTESIAN_POINT('Ctrl Pts',(-0.76181114599493,-7.00871912533509,
9.6009554550983));
#10062=CARTESIAN_POINT('Ctrl Pts',(-0.7621713403902,-7.01203294052438,9.6009554550983));
#10063=CARTESIAN_POINT('Ctrl Pts',(-0.762531534785469,-7.01534675571366,
9.6009554550983));
#10064=CARTESIAN_POINT('Ctrl Pts',(-0.762891729180738,-7.01866057090294,
9.6009554550983));
#10065=CARTESIAN_POINT('Ctrl Pts',(-0.769446523121353,-7.00788919973888,
9.52199954949474));
#10066=CARTESIAN_POINT('Ctrl Pts',(-0.769810325105399,-7.01120259979959,
9.52199954949474));
#10067=CARTESIAN_POINT('Ctrl Pts',(-0.77017413464528,-7.01451606804659,
9.52199954949474));
#10068=CARTESIAN_POINT('Ctrl Pts',(-0.770537936629326,-7.0178294681073,
9.52199954949474));
#10069=CARTESIAN_POINT('Ctrl Pts',(-0.784814117514288,-7.00640591626242,
9.36329961391509));
#10070=CARTESIAN_POINT('Ctrl Pts',(-0.78518518778173,-7.00971863529693,
9.36329961391509));
#10071=CARTESIAN_POINT('Ctrl Pts',(-0.785556258761051,-7.01303136164815,
9.36329961391509));
#10072=CARTESIAN_POINT('Ctrl Pts',(-0.785927329028493,-7.01634408068265,
9.36329961391509));
#10073=CARTESIAN_POINT('Ctrl Pts',(-0.888996280197136,-6.99392345380473,
9.24317192684867));
#10074=CARTESIAN_POINT('Ctrl Pts',(-0.889416612767439,-6.99723030439035,
9.24317192684867));
#10075=CARTESIAN_POINT('Ctrl Pts',(-0.889836935258317,-7.00053706201884,
9.24317192684867));
#10076=CARTESIAN_POINT('Ctrl Pts',(-0.890257267828621,-7.00384391260446,
9.24317192684867));
#10077=CARTESIAN_POINT('Ctrl Pts',(-0.941246796569016,-6.98688446075564,
9.18280979851261));
#10078=CARTESIAN_POINT('Ctrl Pts',(-0.941691830515384,-6.99018795222644,
9.18280979851261));
#10079=CARTESIAN_POINT('Ctrl Pts',(-0.942136864461753,-6.99349144369725,
9.18280979851261));
#10080=CARTESIAN_POINT('Ctrl Pts',(-0.942581898408121,-6.99679493516805,
9.18280979851261));
#10081=CARTESIAN_POINT('',(-0.76181114599493,-7.00871912533509,9.6009554550983));
#10082=CARTESIAN_POINT('Ctrl Pts',(-0.826877955723537,-7.00134078918734,
9.86971518257633));
#10083=CARTESIAN_POINT('Ctrl Pts',(-0.827268914567851,-7.00465111580162,
9.86971518257633));
#10084=CARTESIAN_POINT('Ctrl Pts',(-0.827659873412165,-7.00796144241589,
9.86971518257633));
#10085=CARTESIAN_POINT('Ctrl Pts',(-0.828050832256478,-7.01127176903016,
9.86971518257633));
#10086=CARTESIAN_POINT('Ctrl Pts',(-0.807910488711292,-7.00358090016331,
9.82660724830065));
#10087=CARTESIAN_POINT('Ctrl Pts',(-0.80829247992672,-7.00689228998915,
9.82660724830065));
#10088=CARTESIAN_POINT('Ctrl Pts',(-0.808674469820277,-7.01020366764267,
9.82660724830065));
#10089=CARTESIAN_POINT('Ctrl Pts',(-0.809056461035705,-7.01351505746851,
9.82660724830065));
#10090=CARTESIAN_POINT('Ctrl Pts',(-0.770192522809361,-7.00783251215603,
9.74093737207666));
#10091=CARTESIAN_POINT('Ctrl Pts',(-0.770556679996987,-7.01114590782202,
9.74093737207666));
#10092=CARTESIAN_POINT('Ctrl Pts',(-0.770920837285294,-7.01445930445054,
9.74093737207666));
#10093=CARTESIAN_POINT('Ctrl Pts',(-0.77128499447292,-7.01777270011653,
9.74093737207666));
#10094=CARTESIAN_POINT('Ctrl Pts',(-0.764592164489732,-7.00841684315647,
9.64741741991455));
#10095=CARTESIAN_POINT('Ctrl Pts',(-0.764953673462635,-7.01173051245602,
9.64741741991455));
#10096=CARTESIAN_POINT('Ctrl Pts',(-0.765315183409722,-7.01504419065572,
9.64741741991455));
#10097=CARTESIAN_POINT('Ctrl Pts',(-0.765676692382625,-7.01835785995527,
9.64741741991455));
#10098=CARTESIAN_POINT('Ctrl Pts',(-0.76181114599493,-7.00871912533509,
9.6009554550983));
#10099=CARTESIAN_POINT('Ctrl Pts',(-0.7621713403902,-7.01203294052438,9.6009554550983));
#10100=CARTESIAN_POINT('Ctrl Pts',(-0.762531534785469,-7.01534675571366,
9.6009554550983));
#10101=CARTESIAN_POINT('Ctrl Pts',(-0.762891729180738,-7.01866057090294,
9.6009554550983));
#10102=CARTESIAN_POINT('',(-0.826877955723537,-7.00134078918734,9.86971518257633));
#10103=CARTESIAN_POINT('Ctrl Pts',(-1.02567818775718,-6.9749899107568,10.0866307900287));
#10104=CARTESIAN_POINT('Ctrl Pts',(-1.02616314198307,-6.9782877783269,10.0866307900287));
#10105=CARTESIAN_POINT('Ctrl Pts',(-1.02664809620896,-6.981585645897,10.0866307900287));
#10106=CARTESIAN_POINT('Ctrl Pts',(-1.02713305043485,-6.98488351346709,
10.0866307900287));
#10107=CARTESIAN_POINT('Ctrl Pts',(-0.984357517516082,-6.98106615039471,
10.0561072562616));
#10108=CARTESIAN_POINT('Ctrl Pts',(-0.984822936093312,-6.98436690125462,
10.0561072562616));
#10109=CARTESIAN_POINT('Ctrl Pts',(-0.985288350736748,-6.98766762102473,
10.0561072562616));
#10110=CARTESIAN_POINT('Ctrl Pts',(-0.985753769313978,-6.99096837188464,
10.0561072562616));
#10111=CARTESIAN_POINT('Ctrl Pts',(-0.904023152369548,-6.9920375449958,
9.99685241192715));
#10112=CARTESIAN_POINT('Ctrl Pts',(-0.904450586438784,-6.99534347247292,
9.99685241192715));
#10113=CARTESIAN_POINT('Ctrl Pts',(-0.904878020644099,-6.99864940127044,
9.99685241192715));
#10114=CARTESIAN_POINT('Ctrl Pts',(-0.905305454713335,-7.00195532874756,
9.99685241192715));
#10115=CARTESIAN_POINT('Ctrl Pts',(-0.852076225111554,-6.99836480300031,
9.91123102362235));
#10116=CARTESIAN_POINT('Ctrl Pts',(-0.85247909690414,-7.00167371380581,
9.91123102362235));
#10117=CARTESIAN_POINT('Ctrl Pts',(-0.852881972077991,-7.00498265078062,
9.91123102362235));
#10118=CARTESIAN_POINT('Ctrl Pts',(-0.853284843870577,-7.00829156158613,
9.91123102362235));
#10119=CARTESIAN_POINT('Ctrl Pts',(-0.826877955723537,-7.00134078918734,
9.86971518257633));
#10120=CARTESIAN_POINT('Ctrl Pts',(-0.827268914567851,-7.00465111580162,
9.86971518257633));
#10121=CARTESIAN_POINT('Ctrl Pts',(-0.827659873412165,-7.00796144241589,
9.86971518257633));
#10122=CARTESIAN_POINT('Ctrl Pts',(-0.828050832256478,-7.01127176903016,
9.86971518257633));
#10123=CARTESIAN_POINT('',(-1.02567818775718,-6.9749899107568,10.0866307900287));
#10124=CARTESIAN_POINT('Ctrl Pts',(-0.56623765542893,-7.02722384143086,
10.0170530960895));
#10125=CARTESIAN_POINT('Ctrl Pts',(-0.566505380088707,-7.0305464058949,
10.0170530960895));
#10126=CARTESIAN_POINT('Ctrl Pts',(-0.566773104748484,-7.03386897035893,
10.0170530960895));
#10127=CARTESIAN_POINT('Ctrl Pts',(-0.567040829408262,-7.03719153482296,
10.0170530960895));
#10128=CARTESIAN_POINT('Ctrl Pts',(-0.631195928708425,-7.02198965205644,
10.0366259987457));
#10129=CARTESIAN_POINT('Ctrl Pts',(-0.631494366035374,-7.02530973737973,
10.0366259987457));
#10130=CARTESIAN_POINT('Ctrl Pts',(-0.631792804755531,-7.02862983574317,
10.0366259987457));
#10131=CARTESIAN_POINT('Ctrl Pts',(-0.63209124208248,-7.03194992106645,
10.0366259987457));
#10132=CARTESIAN_POINT('Ctrl Pts',(-0.781116729968038,-7.00786429200171,
10.0818483448023));
#10133=CARTESIAN_POINT('Ctrl Pts',(-0.78148605226403,-7.01117770258938,
10.0818483448023));
#10134=CARTESIAN_POINT('Ctrl Pts',(-0.781855374664908,-7.01449111445234,
10.0818483448023));
#10135=CARTESIAN_POINT('Ctrl Pts',(-0.7822246969609,-7.01780452504001,10.0818483448023));
#10136=CARTESIAN_POINT('Ctrl Pts',(-0.937328152559571,-6.9879818584369,
10.0848999594812));
#10137=CARTESIAN_POINT('Ctrl Pts',(-0.937771334377907,-6.99128587522474,
10.0848999594812));
#10138=CARTESIAN_POINT('Ctrl Pts',(-0.938214514220043,-6.99458987265393,
10.0848999594812));
#10139=CARTESIAN_POINT('Ctrl Pts',(-0.938657696038379,-6.99789388944177,
10.0848999594812));
#10140=CARTESIAN_POINT('Ctrl Pts',(-1.02567818775718,-6.9749899107568,10.0866307900287));
#10141=CARTESIAN_POINT('Ctrl Pts',(-1.02616314198307,-6.9782877783269,10.0866307900287));
#10142=CARTESIAN_POINT('Ctrl Pts',(-1.02664809620896,-6.981585645897,10.0866307900287));
#10143=CARTESIAN_POINT('Ctrl Pts',(-1.02713305043485,-6.98488351346709,
10.0866307900287));
#10144=CARTESIAN_POINT('',(-0.56623765542893,-7.02722384143086,10.0170530960895));
#10145=CARTESIAN_POINT('Ctrl Pts',(-0.319808311264268,-7.04274255131098,
9.8342432663776));
#10146=CARTESIAN_POINT('Ctrl Pts',(-0.319959520867703,-7.04607245322649,
9.8342432663776));
#10147=CARTESIAN_POINT('Ctrl Pts',(-0.320110730471138,-7.04940235514201,
9.8342432663776));
#10148=CARTESIAN_POINT('Ctrl Pts',(-0.320261940074572,-7.05273225705752,
9.8342432663776));
#10149=CARTESIAN_POINT('Ctrl Pts',(-0.352518868959616,-7.04125717709194,
9.87137196619001));
#10150=CARTESIAN_POINT('Ctrl Pts',(-0.352685543983691,-7.04458636720179,
9.87137196619001));
#10151=CARTESIAN_POINT('Ctrl Pts',(-0.352852220700023,-7.04791558581484,
9.87137196619001));
#10152=CARTESIAN_POINT('Ctrl Pts',(-0.353018895724098,-7.05124477592469,
9.87137196619001));
#10153=CARTESIAN_POINT('Ctrl Pts',(-0.421593852738683,-7.0377396798049,
9.94979483139712));
#10154=CARTESIAN_POINT('Ctrl Pts',(-0.421793187874523,-7.04106721572077,
9.94979483139712));
#10155=CARTESIAN_POINT('Ctrl Pts',(-0.42199252306772,-7.04439475336393,
9.94979483139712));
#10156=CARTESIAN_POINT('Ctrl Pts',(-0.42219185820356,-7.0477222892798,9.94979483139712));
#10157=CARTESIAN_POINT('Ctrl Pts',(-0.516376015625671,-7.03124157854229,
9.993853607325));
#10158=CARTESIAN_POINT('Ctrl Pts',(-0.516620165703967,-7.03456605442231,
9.993853607325));
#10159=CARTESIAN_POINT('Ctrl Pts',(-0.516864313796489,-7.03789049497226,
9.993853607325));
#10160=CARTESIAN_POINT('Ctrl Pts',(-0.517108463874785,-7.04121497085228,
9.993853607325));
#10161=CARTESIAN_POINT('Ctrl Pts',(-0.56623765542893,-7.02722384143086,
10.0170530960895));
#10162=CARTESIAN_POINT('Ctrl Pts',(-0.566505380088707,-7.0305464058949,
10.0170530960895));
#10163=CARTESIAN_POINT('Ctrl Pts',(-0.566773104748484,-7.03386897035893,
10.0170530960895));
#10164=CARTESIAN_POINT('Ctrl Pts',(-0.567040829408262,-7.03719153482296,
10.0170530960895));
#10165=CARTESIAN_POINT('',(-0.319808311264268,-7.04274255131098,9.8342432663776));
#10166=CARTESIAN_POINT('Ctrl Pts',(-0.254378820035238,-7.04540924403384,
9.62824007729069));
#10167=CARTESIAN_POINT('Ctrl Pts',(-0.254499093709013,-7.04874040679698,
9.62824007729069));
#10168=CARTESIAN_POINT('Ctrl Pts',(-0.254619367382789,-7.05207156956011,
9.62824007729069));
#10169=CARTESIAN_POINT('Ctrl Pts',(-0.254739641056564,-7.05540273232325,
9.62824007729069));
#10170=CARTESIAN_POINT('Ctrl Pts',(-0.256917486010249,-7.04531758394245,
9.66589734615594));
#10171=CARTESIAN_POINT('Ctrl Pts',(-0.257038959878344,-7.04864870010267,
9.66589734615594));
#10172=CARTESIAN_POINT('Ctrl Pts',(-0.257160434108126,-7.05197982605733,
9.66589734615594));
#10173=CARTESIAN_POINT('Ctrl Pts',(-0.257281907976221,-7.05531094221755,
9.66589734615594));
#10174=CARTESIAN_POINT('Ctrl Pts',(-0.261911867591828,-7.04516405529592,
9.73996669948773));
#10175=CARTESIAN_POINT('Ctrl Pts',(-0.262035702981065,-7.04849510183712,
9.73996669948773));
#10176=CARTESIAN_POINT('Ctrl Pts',(-0.262159538397757,-7.05182614925867,
9.73996669948773));
#10177=CARTESIAN_POINT('Ctrl Pts',(-0.262283373786994,-7.05515719579988,
9.73996669948773));
#10178=CARTESIAN_POINT('Ctrl Pts',(-0.300729974252629,-7.04360889147562,
9.80317192638406));
#10179=CARTESIAN_POINT('Ctrl Pts',(-0.300872163517727,-7.04693920722497,
9.80317192638406));
#10180=CARTESIAN_POINT('Ctrl Pts',(-0.301014352326896,-7.05026951032411,
9.80317192638406));
#10181=CARTESIAN_POINT('Ctrl Pts',(-0.301156541591994,-7.05359982607346,
9.80317192638406));
#10182=CARTESIAN_POINT('Ctrl Pts',(-0.319808311264268,-7.04274255131098,
9.8342432663776));
#10183=CARTESIAN_POINT('Ctrl Pts',(-0.319959520867703,-7.04607245322649,
9.8342432663776));
#10184=CARTESIAN_POINT('Ctrl Pts',(-0.320110730471138,-7.04940235514201,
9.8342432663776));
#10185=CARTESIAN_POINT('Ctrl Pts',(-0.320261940074572,-7.05273225705752,
9.8342432663776));
#10186=CARTESIAN_POINT('',(-0.254378820035238,-7.04540924403384,9.62824007729069));
#10187=CARTESIAN_POINT('Ctrl Pts',(-0.359325519765924,-7.0408369652226,
9.38267370918766));
#10188=CARTESIAN_POINT('Ctrl Pts',(-0.359495413628698,-7.04416596615178,
9.38267370918766));
#10189=CARTESIAN_POINT('Ctrl Pts',(-0.359665307491471,-7.04749496708096,
9.38267370918766));
#10190=CARTESIAN_POINT('Ctrl Pts',(-0.359835201354245,-7.05082396801015,
9.38267370918766));
#10191=CARTESIAN_POINT('Ctrl Pts',(-0.328726617033217,-7.04239856460105,
9.41786088406869));
#10192=CARTESIAN_POINT('Ctrl Pts',(-0.328882043711987,-7.04572831450382,
9.41786088406869));
#10193=CARTESIAN_POINT('Ctrl Pts',(-0.329037469243855,-7.04905803252042,
9.41786088406869));
#10194=CARTESIAN_POINT('Ctrl Pts',(-0.329192895922626,-7.05238778242318,
9.41786088406869));
#10195=CARTESIAN_POINT('Ctrl Pts',(-0.26735732934541,-7.04500554088533,
9.48840352254221));
#10196=CARTESIAN_POINT('Ctrl Pts',(-0.267483739406828,-7.04833651196933,
9.48840352254221));
#10197=CARTESIAN_POINT('Ctrl Pts',(-0.267610149538382,-7.05166748546215,
9.48840352254221));
#10198=CARTESIAN_POINT('Ctrl Pts',(-0.2677365595998,-7.05499845654616,9.48840352254221));
#10199=CARTESIAN_POINT('Ctrl Pts',(-0.258711047782861,-7.04525282629509,
9.58155381829402));
#10200=CARTESIAN_POINT('Ctrl Pts',(-0.258833369494593,-7.04858390716034,
9.58155381829402));
#10201=CARTESIAN_POINT('Ctrl Pts',(-0.258955692096354,-7.05191501185011,
9.58155381829402));
#10202=CARTESIAN_POINT('Ctrl Pts',(-0.259078013808085,-7.05524609271536,
9.58155381829402));
#10203=CARTESIAN_POINT('Ctrl Pts',(-0.254378820035238,-7.04540924403384,
9.62824007729069));
#10204=CARTESIAN_POINT('Ctrl Pts',(-0.254499093709013,-7.04874040679698,
9.62824007729069));
#10205=CARTESIAN_POINT('Ctrl Pts',(-0.254619367382789,-7.05207156956011,
9.62824007729069));
#10206=CARTESIAN_POINT('Ctrl Pts',(-0.254739641056564,-7.05540273232325,
9.62824007729069));
#10207=CARTESIAN_POINT('',(-0.359325519765924,-7.0408369652226,9.38267370918766));
#10208=CARTESIAN_POINT('Ctrl Pts',(-0.568957498079357,-7.02700415293596,
9.28990504005924));
#10209=CARTESIAN_POINT('Ctrl Pts',(-0.569226508716747,-7.03032661352837,
9.28990504005924));
#10210=CARTESIAN_POINT('Ctrl Pts',(-0.569495519354136,-7.03364907412077,
9.28990504005924));
#10211=CARTESIAN_POINT('Ctrl Pts',(-0.569764529991526,-7.03697153471318,
9.28990504005924));
#10212=CARTESIAN_POINT('Ctrl Pts',(-0.526192772699236,-7.03046669694886,
9.3002867129379));
#10213=CARTESIAN_POINT('Ctrl Pts',(-0.526441563916449,-7.03379079985039,
9.3002867129379));
#10214=CARTESIAN_POINT('Ctrl Pts',(-0.526690354209256,-7.03711488723448,
9.3002867129379));
#10215=CARTESIAN_POINT('Ctrl Pts',(-0.526939145426469,-7.04043899013602,
9.3002867129379));
#10216=CARTESIAN_POINT('Ctrl Pts',(-0.450546314104312,-7.03584485370074,
9.31863648815091));
#10217=CARTESIAN_POINT('Ctrl Pts',(-0.450759338347877,-7.03917149393328,
9.31863648815091));
#10218=CARTESIAN_POINT('Ctrl Pts',(-0.45097236264671,-7.04249813524649,
9.31863648815091));
#10219=CARTESIAN_POINT('Ctrl Pts',(-0.451185386890275,-7.04582477547904,
9.31863648815091));
#10220=CARTESIAN_POINT('Ctrl Pts',(-0.386948946529628,-7.03942721774107,
9.36328555261957));
#10221=CARTESIAN_POINT('Ctrl Pts',(-0.387131900901828,-7.0427555486815,
9.36328555261957));
#10222=CARTESIAN_POINT('Ctrl Pts',(-0.387314855911371,-7.04608388994637,
9.36328555261957));
#10223=CARTESIAN_POINT('Ctrl Pts',(-0.387497810283571,-7.0494122208868,
9.36328555261957));
#10224=CARTESIAN_POINT('Ctrl Pts',(-0.359325519765924,-7.0408369652226,
9.38267370918766));
#10225=CARTESIAN_POINT('Ctrl Pts',(-0.359495413628698,-7.04416596615178,
9.38267370918766));
#10226=CARTESIAN_POINT('Ctrl Pts',(-0.359665307491471,-7.04749496708096,
9.38267370918766));
#10227=CARTESIAN_POINT('Ctrl Pts',(-0.359835201354245,-7.05082396801015,
9.38267370918766));
#10228=CARTESIAN_POINT('',(-0.568957498079357,-7.02700415293596,9.28990504005924));
#10229=CARTESIAN_POINT('Ctrl Pts',(-0.549918020889337,-7.02851977092625,
9.04570242622868));
#10230=CARTESIAN_POINT('Ctrl Pts',(-0.550178029409852,-7.0318429481229,
9.04570242622868));
#10231=CARTESIAN_POINT('Ctrl Pts',(-0.550438037930367,-7.03516612531956,
9.04570242622868));
#10232=CARTESIAN_POINT('Ctrl Pts',(-0.550698046450882,-7.03848930251621,
9.04570242622868));
#10233=CARTESIAN_POINT('Ctrl Pts',(-0.55626519375101,-7.02802316213064,
9.12710329750553));
#10234=CARTESIAN_POINT('Ctrl Pts',(-0.556528203298883,-7.03134610452409,
9.12710329750553));
#10235=CARTESIAN_POINT('Ctrl Pts',(-0.556791212846756,-7.03466904691753,
9.12710329750553));
#10236=CARTESIAN_POINT('Ctrl Pts',(-0.557054222394629,-7.03799198931097,
9.12710329750553));
#10237=CARTESIAN_POINT('Ctrl Pts',(-0.562611693911191,-7.02751795551587,
9.20850416878239));
#10238=CARTESIAN_POINT('Ctrl Pts',(-0.56287770416836,-7.03084065904094,
9.20850416878239));
#10239=CARTESIAN_POINT('Ctrl Pts',(-0.563143714425528,-7.03416336256601,
9.20850416878239));
#10240=CARTESIAN_POINT('Ctrl Pts',(-0.563409724682697,-7.03748606609107,
9.20850416878239));
#10241=CARTESIAN_POINT('Ctrl Pts',(-0.568957498079357,-7.02700415293596,
9.28990504005924));
#10242=CARTESIAN_POINT('Ctrl Pts',(-0.569226508716747,-7.03032661352837,
9.28990504005924));
#10243=CARTESIAN_POINT('Ctrl Pts',(-0.569495519354137,-7.03364907412077,
9.28990504005924));
#10244=CARTESIAN_POINT('Ctrl Pts',(-0.569764529991526,-7.03697153471318,
9.28990504005924));
#10245=CARTESIAN_POINT('',(-0.549918020889337,-7.02851977092625,9.04570242622868));
#10246=CARTESIAN_POINT('Ctrl Pts',(-0.184835173591198,-7.04757660182587,
9.2264666245319));
#10247=CARTESIAN_POINT('Ctrl Pts',(-0.184922566108262,-7.05090878934447,
9.2264666245319));
#10248=CARTESIAN_POINT('Ctrl Pts',(-0.185009958625326,-7.05424097686306,
9.2264666245319));
#10249=CARTESIAN_POINT('Ctrl Pts',(-0.185097351142391,-7.05757316438166,
9.2264666245319));
#10250=CARTESIAN_POINT('Ctrl Pts',(-0.234710965331778,-7.04626852088611,
9.18106512787455));
#10251=CARTESIAN_POINT('Ctrl Pts',(-0.234821938866198,-7.04960007076487,
9.18106512787455));
#10252=CARTESIAN_POINT('Ctrl Pts',(-0.234932915152438,-7.05293167812918,
9.18106512787455));
#10253=CARTESIAN_POINT('Ctrl Pts',(-0.235043888686858,-7.05626322800794,
9.18106512787455));
#10254=CARTESIAN_POINT('Ctrl Pts',(-0.339012497672955,-7.04262866784943,
9.08610253172425));
#10255=CARTESIAN_POINT('Ctrl Pts',(-0.339172787267666,-7.0459585149379,
9.08610253172425));
#10256=CARTESIAN_POINT('Ctrl Pts',(-0.339333076869269,-7.04928836497069,
9.08610253172425));
#10257=CARTESIAN_POINT('Ctrl Pts',(-0.33949336646398,-7.05261821205915,
9.08610253172425));
#10258=CARTESIAN_POINT('Ctrl Pts',(-0.477654041402902,-7.0341737728891,
9.05955671938857));
#10259=CARTESIAN_POINT('Ctrl Pts',(-0.47787988354875,-7.03749964636803,
9.05955671938857));
#10260=CARTESIAN_POINT('Ctrl Pts',(-0.478105722720037,-7.04082545086108,
9.05955671938857));
#10261=CARTESIAN_POINT('Ctrl Pts',(-0.478331564865885,-7.04415132434001,
9.05955671938857));
#10262=CARTESIAN_POINT('Ctrl Pts',(-0.549918020889337,-7.02851977092625,
9.04570242622868));
#10263=CARTESIAN_POINT('Ctrl Pts',(-0.550178029409852,-7.0318429481229,
9.04570242622868));
#10264=CARTESIAN_POINT('Ctrl Pts',(-0.550438037930367,-7.03516612531956,
9.04570242622868));
#10265=CARTESIAN_POINT('Ctrl Pts',(-0.550698046450882,-7.03848930251621,
9.04570242622868));
#10266=CARTESIAN_POINT('Origin',(0.,0.,0.));
#10267=CARTESIAN_POINT('Origin',(0.,0.,0.));
#10268=CARTESIAN_POINT('',(-7.,-8.57252759403147E-16,35.4));
#10269=CARTESIAN_POINT('Origin',(0.,0.,35.4));
#10270=CARTESIAN_POINT('',(-7.,-8.57252759403147E-16,0.));
#10271=CARTESIAN_POINT('',(-7.,-8.57252759403147E-16,0.));
#10272=CARTESIAN_POINT('Origin',(0.,0.,0.));
#10273=CARTESIAN_POINT('Origin',(0.,0.,0.));
#10274=CARTESIAN_POINT('Origin',(0.,0.,35.4));
#10275=CARTESIAN_POINT('Origin',(0.,0.,0.));
#10276=CARTESIAN_POINT('Origin',(0.,0.,35.4));
#10277=CARTESIAN_POINT('',(-7.,-8.57252759403147E-16,38.9));
#10278=CARTESIAN_POINT('Origin',(0.,0.,38.9));
#10279=CARTESIAN_POINT('',(-7.,-8.57252759403147E-16,35.4));
#10280=CARTESIAN_POINT('',(-7.,-8.57252759403147E-16,35.4));
#10281=CARTESIAN_POINT('Origin',(0.,0.,35.4));
#10282=CARTESIAN_POINT('Origin',(0.,0.,35.4));
#10283=CARTESIAN_POINT('',(-7.05,-8.63375993398884E-16,38.9));
#10284=CARTESIAN_POINT('Origin',(0.,0.,38.9));
#10285=CARTESIAN_POINT('',(-7.05,-8.63375993398884E-16,35.4));
#10286=CARTESIAN_POINT('',(-7.05,-8.63375993398884E-16,35.4));
#10287=CARTESIAN_POINT('Origin',(0.,0.,35.4));
#10288=CARTESIAN_POINT('Origin',(0.,0.,38.9));
#10289=CARTESIAN_POINT('Origin',(0.,0.,35.4));
#10290=CARTESIAN_POINT('Origin',(0.,0.,38.9));
#10291=CARTESIAN_POINT('',(-7.,-8.57252759403147E-16,47.91));
#10292=CARTESIAN_POINT('Origin',(0.,0.,47.91));
#10293=CARTESIAN_POINT('',(-7.,-8.57252759403147E-16,38.9));
#10294=CARTESIAN_POINT('',(-7.,-8.57252759403147E-16,38.9));
#10295=CARTESIAN_POINT('Origin',(0.,0.,38.9));
#10296=CARTESIAN_POINT('Origin',(0.,0.,38.9));
#10297=CARTESIAN_POINT('',(-7.05,-8.63375993398884E-16,47.91));
#10298=CARTESIAN_POINT('Origin',(0.,0.,47.91));
#10299=CARTESIAN_POINT('',(-7.05,-8.63375993398884E-16,38.9));
#10300=CARTESIAN_POINT('',(-7.05,-8.63375993398884E-16,38.9));
#10301=CARTESIAN_POINT('Origin',(0.,0.,38.9));
#10302=CARTESIAN_POINT('Origin',(0.,0.,47.91));
#10303=CARTESIAN_POINT('Origin',(0.,0.,38.9));
#10304=CARTESIAN_POINT('Origin',(0.,0.,0.));
#10305=CARTESIAN_POINT('',(-4.9,-6.00076931582203E-16,0.1));
#10306=CARTESIAN_POINT('Origin',(0.,0.,0.1));
#10307=CARTESIAN_POINT('',(-4.9,-6.00076931582203E-16,0.));
#10308=CARTESIAN_POINT('',(-4.9,-6.00076931582203E-16,0.));
#10309=CARTESIAN_POINT('Origin',(0.,0.,0.));
#10310=CARTESIAN_POINT('Origin',(0.,0.,0.));
#10311=CARTESIAN_POINT('',(-7.,-8.57252759403147E-16,0.1));
#10312=CARTESIAN_POINT('Origin',(0.,0.,0.1));
#10313=CARTESIAN_POINT('',(-7.,-8.57252759403147E-16,0.));
#10314=CARTESIAN_POINT('',(-7.,-8.57252759403147E-16,0.));
#10315=CARTESIAN_POINT('Origin',(0.,0.,0.));
#10316=CARTESIAN_POINT('Origin',(0.,0.,0.1));
#10317=CARTESIAN_POINT('Origin',(0.,0.,0.));
#10318=CARTESIAN_POINT('Origin',(0.,0.,47.8));
#10319=CARTESIAN_POINT('',(-4.9,-6.00076931582203E-16,47.91));
#10320=CARTESIAN_POINT('Origin',(0.,0.,47.91));
#10321=CARTESIAN_POINT('',(-4.9,-6.00076931582203E-16,47.8));
#10322=CARTESIAN_POINT('',(-4.9,-6.00076931582203E-16,47.8));
#10323=CARTESIAN_POINT('Origin',(0.,0.,47.8));
#10324=CARTESIAN_POINT('Origin',(0.,0.,47.8));
#10325=CARTESIAN_POINT('',(-7.,-8.57252759403147E-16,47.91));
#10326=CARTESIAN_POINT('Origin',(0.,0.,47.91));
#10327=CARTESIAN_POINT('',(-7.,-8.57252759403147E-16,47.8));
#10328=CARTESIAN_POINT('',(-7.,-8.57252759403147E-16,47.8));
#10329=CARTESIAN_POINT('Origin',(0.,0.,47.8));
#10330=CARTESIAN_POINT('Origin',(0.,0.,47.91));
#10331=CARTESIAN_POINT('Origin',(0.,0.,47.8));
#10332=UNCERTAINTY_MEASURE_WITH_UNIT(LENGTH_MEASURE(0.01),#10336,
'DISTANCE_ACCURACY_VALUE',
'Maximum model space distance between geometric entities at asserted c
onnectivities');
#10333=UNCERTAINTY_MEASURE_WITH_UNIT(LENGTH_MEASURE(0.01),#10336,
'DISTANCE_ACCURACY_VALUE',
'Maximum model space distance between geometric entities at asserted c
onnectivities');
#10334=(
GEOMETRIC_REPRESENTATION_CONTEXT(3)
GLOBAL_UNCERTAINTY_ASSIGNED_CONTEXT((#10332))
GLOBAL_UNIT_ASSIGNED_CONTEXT((#10336,#10338,#10339))
REPRESENTATION_CONTEXT('','3D')
);
#10335=(
GEOMETRIC_REPRESENTATION_CONTEXT(3)
GLOBAL_UNCERTAINTY_ASSIGNED_CONTEXT((#10333))
GLOBAL_UNIT_ASSIGNED_CONTEXT((#10336,#10338,#10339))
REPRESENTATION_CONTEXT('','3D')
);
#10336=(
LENGTH_UNIT()
NAMED_UNIT(*)
SI_UNIT(.MILLI.,.METRE.)
);
#10337=(
LENGTH_UNIT()
NAMED_UNIT(*)
SI_UNIT($,.METRE.)
);
#10338=(
NAMED_UNIT(*)
PLANE_ANGLE_UNIT()
SI_UNIT($,.RADIAN.)
);
#10339=(
NAMED_UNIT(*)
SI_UNIT($,.STERADIAN.)
SOLID_ANGLE_UNIT()
);
#10340=SHAPE_DEFINITION_REPRESENTATION(#10341,#10342);
#10341=PRODUCT_DEFINITION_SHAPE('',$,#10344);
#10342=SHAPE_REPRESENTATION('',(#4884),#10334);
#10343=PRODUCT_DEFINITION_CONTEXT('part definition',#10348,'design');
#10344=PRODUCT_DEFINITION('AA battery','AA battery v1',#10345,#10343);
#10345=PRODUCT_DEFINITION_FORMATION('',$,#10350);
#10346=PRODUCT_RELATED_PRODUCT_CATEGORY('AA battery v1','AA battery v1',
(#10350));
#10347=APPLICATION_PROTOCOL_DEFINITION('international standard',
'automotive_design',2009,#10348);
#10348=APPLICATION_CONTEXT(
'Core Data for Automotive Mechanical Design Process');
#10349=PRODUCT_CONTEXT('part definition',#10348,'mechanical');
#10350=PRODUCT('AA battery','AA battery v1',$,(#10349));
#10351=PRESENTATION_STYLE_ASSIGNMENT((#10355));
#10352=PRESENTATION_STYLE_ASSIGNMENT((#10356));
#10353=PRESENTATION_STYLE_ASSIGNMENT((#10357));
#10354=PRESENTATION_STYLE_ASSIGNMENT((#10358));
#10355=SURFACE_STYLE_USAGE(.BOTH.,#10359);
#10356=SURFACE_STYLE_USAGE(.BOTH.,#10360);
#10357=SURFACE_STYLE_USAGE(.BOTH.,#10361);
#10358=SURFACE_STYLE_USAGE(.BOTH.,#10362);
#10359=SURFACE_SIDE_STYLE('',(#10363));
#10360=SURFACE_SIDE_STYLE('',(#10364));
#10361=SURFACE_SIDE_STYLE('',(#10365));
#10362=SURFACE_SIDE_STYLE('',(#10366));
#10363=SURFACE_STYLE_FILL_AREA(#10367);
#10364=SURFACE_STYLE_FILL_AREA(#10368);
#10365=SURFACE_STYLE_FILL_AREA(#10369);
#10366=SURFACE_STYLE_FILL_AREA(#10370);
#10367=FILL_AREA_STYLE('Steel - Satin',(#10371));
#10368=FILL_AREA_STYLE('Silver - Polished',(#10372));
#10369=FILL_AREA_STYLE('Bronze - Patina',(#10373));
#10370=FILL_AREA_STYLE('Paint - Enamel Glossy (Black)',(#10374));
#10371=FILL_AREA_STYLE_COLOUR('Steel - Satin',#10375);
#10372=FILL_AREA_STYLE_COLOUR('Silver - Polished',#10376);
#10373=FILL_AREA_STYLE_COLOUR('Bronze - Patina',#10377);
#10374=FILL_AREA_STYLE_COLOUR('Paint - Enamel Glossy (Black)',#10378);
#10375=COLOUR_RGB('Steel - Satin',0.627450980392157,0.627450980392157,0.627450980392157);
#10376=COLOUR_RGB('Silver - Polished',0.984313725490196,0.980392156862745,
0.96078431372549);
#10377=COLOUR_RGB('Bronze - Patina',0.517647058823529,0.411764705882353,
0.294117647058824);
#10378=COLOUR_RGB('Paint - Enamel Glossy (Black)',0.0980392156862745,0.0980392156862745,
0.0980392156862745);
ENDSEC;
END-ISO-10303-21;
