ISO-10303-21;
HEADER;
/* Generated by software containing ST-Developer
 * from STEP Tools, Inc. (www.steptools.com) 
 */

FILE_DESCRIPTION(
/* description */ (''),
/* implementation_level */ '2;1');

FILE_NAME(
/* name */ 'rocker switch 2 pin.step',
/* time_stamp */ '2026-07-06T00:00:03+05:30',
/* author */ (''),
/* organization */ (''),
/* preprocessor_version */ 'ST-DEVELOPER v20.1',
/* originating_system */ 'Autodesk Translation Framework v15.8.0.0',
/* authorisation */ '');

FILE_SCHEMA (('AUTOMOTIVE_DESIGN { 1 0 10303 214 3 1 1 }'));
ENDSEC;

DATA;
#10=MECHANICAL_DESIGN_GEOMETRIC_PRESENTATION_REPRESENTATION('',(#22,#23,
#24,#25,#26),#2572);
#11=SHAPE_REPRESENTATION_RELATIONSHIP('SRR','None',#2579,#12);
#12=ADVANCED_BREP_SHAPE_REPRESENTATION('',(#13,#14,#15),#2571);
#13=MANIFOLD_SOLID_BREP('Body1',#1474);
#14=MANIFOLD_SOLID_BREP('Body3',#1475);
#15=MANIFOLD_SOLID_BREP('Body2',#1476);
#16=B_SPLINE_SURFACE_WITH_KNOTS('',3,3,((#2220,#2221,#2222,#2223),(#2224,
#2225,#2226,#2227),(#2228,#2229,#2230,#2231),(#2232,#2233,#2234,#2235),
(#2236,#2237,#2238,#2239),(#2240,#2241,#2242,#2243),(#2244,#2245,#2246,
#2247),(#2248,#2249,#2250,#2251),(#2252,#2253,#2254,#2255),(#2256,#2257,
#2258,#2259),(#2260,#2261,#2262,#2263),(#2264,#2265,#2266,#2267),(#2268,
#2269,#2270,#2271),(#2272,#2273,#2274,#2275),(#2276,#2277,#2278,#2279),
(#2280,#2281,#2282,#2283)),.UNSPECIFIED.,.T.,.F.,.F.,(4,1,1,1,1,1,1,1,1,
1,1,1,1,4),(4,4),(-3.14159265358979,-2.69279370307697,-2.24399475256414,
-1.79519580205131,-1.34639685153848,-0.673198425769241,-0.448798950512828,
0.448798950512828,1.12199737628207,1.34639685153848,1.79519580205131,2.24399475256414,
2.69279370307697,3.14159265358979),(-0.001,0.),.UNSPECIFIED.);
#17=B_SPLINE_SURFACE_WITH_KNOTS('',3,3,((#2302,#2303,#2304,#2305),(#2306,
#2307,#2308,#2309),(#2310,#2311,#2312,#2313),(#2314,#2315,#2316,#2317),
(#2318,#2319,#2320,#2321),(#2322,#2323,#2324,#2325),(#2326,#2327,#2328,
#2329),(#2330,#2331,#2332,#2333),(#2334,#2335,#2336,#2337),(#2338,#2339,
#2340,#2341),(#2342,#2343,#2344,#2345),(#2346,#2347,#2348,#2349)),
 .UNSPECIFIED.,.T.,.F.,.F.,(4,1,1,1,1,1,1,1,1,4),(4,4),(-3.14159265358979,
-2.69279370307697,-2.24399475256414,-1.34639685153848,-0.448798950512828,
0.448798950512828,1.34639685153848,2.24399475256414,2.69279370307697,3.14159265358979),
(-0.001,0.),.UNSPECIFIED.);
#18=B_SPLINE_CURVE_WITH_KNOTS('',3,(#2191,#2192,#2193,#2194,#2195,#2196,
#2197,#2198,#2199,#2200,#2201,#2202,#2203,#2204,#2205,#2206),
 .UNSPECIFIED.,.T.,.F.,(4,1,1,1,1,1,1,1,1,1,1,1,1,4),(-3.14159265358979,
-2.69279370307697,-2.24399475256414,-1.79519580205131,-1.34639685153848,
-0.673198425769241,-0.448798950512828,0.448798950512828,1.12199737628207,
1.34639685153848,1.79519580205131,2.24399475256414,2.69279370307697,3.14159265358979),
 .UNSPECIFIED.);
#19=B_SPLINE_CURVE_WITH_KNOTS('',3,(#2208,#2209,#2210,#2211,#2212,#2213,
#2214,#2215,#2216,#2217,#2218,#2219),.UNSPECIFIED.,.T.,.F.,(4,1,1,1,1,1,
1,1,1,4),(-3.14159265358979,-2.69279370307697,-2.24399475256414,-1.34639685153848,
-0.448798950512828,0.448798950512828,1.34639685153848,2.24399475256414,
2.69279370307697,3.14159265358979),.UNSPECIFIED.);
#20=B_SPLINE_CURVE_WITH_KNOTS('',3,(#2286,#2287,#2288,#2289,#2290,#2291,
#2292,#2293,#2294,#2295,#2296,#2297,#2298,#2299,#2300,#2301),
 .UNSPECIFIED.,.T.,.F.,(4,1,1,1,1,1,1,1,1,1,1,1,1,4),(-3.14159265358979,
-2.69279370307697,-2.24399475256414,-1.79519580205131,-1.34639685153848,
-1.12199737628207,-0.448798950512828,0.448798950512828,0.673198425769241,
1.34639685153848,1.79519580205131,2.24399475256414,2.69279370307697,3.14159265358979),
 .UNSPECIFIED.);
#21=B_SPLINE_CURVE_WITH_KNOTS('',3,(#2352,#2353,#2354,#2355,#2356,#2357,
#2358,#2359,#2360,#2361,#2362,#2363),.UNSPECIFIED.,.T.,.F.,(4,1,1,1,1,1,
1,1,1,4),(-3.14159265358979,-2.69279370307697,-2.24399475256414,-1.34639685153848,
-0.448798950512828,0.448798950512828,1.34639685153848,2.24399475256414,
2.69279370307697,3.14159265358979),.UNSPECIFIED.);
#22=STYLED_ITEM('',(#2590),#1416);
#23=STYLED_ITEM('',(#2590),#1425);
#24=STYLED_ITEM('',(#2589),#13);
#25=STYLED_ITEM('',(#2591),#14);
#26=STYLED_ITEM('',(#2591),#15);
#27=FACE_BOUND('',#208,.T.);
#28=FACE_BOUND('',#210,.T.);
#29=FACE_BOUND('',#220,.T.);
#30=FACE_BOUND('',#225,.T.);
#31=FACE_BOUND('',#226,.T.);
#32=FACE_BOUND('',#249,.T.);
#33=FACE_BOUND('',#260,.T.);
#34=FACE_BOUND('',#262,.T.);
#35=FACE_BOUND('',#273,.T.);
#36=FACE_BOUND('',#275,.T.);
#37=ELLIPSE('',#1515,1.4142135623731,1.);
#38=ELLIPSE('',#1516,1.4142135623731,1.);
#39=ELLIPSE('',#1518,1.4142135623731,1.);
#40=ELLIPSE('',#1520,1.4142135623731,1.);
#41=PLANE('',#1493);
#42=PLANE('',#1494);
#43=PLANE('',#1498);
#44=PLANE('',#1499);
#45=PLANE('',#1500);
#46=PLANE('',#1501);
#47=PLANE('',#1505);
#48=PLANE('',#1506);
#49=PLANE('',#1510);
#50=PLANE('',#1511);
#51=PLANE('',#1512);
#52=PLANE('',#1513);
#53=PLANE('',#1522);
#54=PLANE('',#1523);
#55=PLANE('',#1524);
#56=PLANE('',#1530);
#57=PLANE('',#1532);
#58=PLANE('',#1533);
#59=PLANE('',#1535);
#60=PLANE('',#1536);
#61=PLANE('',#1537);
#62=PLANE('',#1539);
#63=PLANE('',#1540);
#64=PLANE('',#1555);
#65=PLANE('',#1556);
#66=PLANE('',#1557);
#67=PLANE('',#1558);
#68=PLANE('',#1559);
#69=PLANE('',#1560);
#70=PLANE('',#1561);
#71=PLANE('',#1562);
#72=PLANE('',#1563);
#73=PLANE('',#1564);
#74=PLANE('',#1565);
#75=PLANE('',#1566);
#76=PLANE('',#1567);
#77=PLANE('',#1568);
#78=PLANE('',#1569);
#79=PLANE('',#1570);
#80=PLANE('',#1571);
#81=PLANE('',#1572);
#82=PLANE('',#1573);
#83=PLANE('',#1574);
#84=PLANE('',#1578);
#85=PLANE('',#1579);
#86=PLANE('',#1580);
#87=PLANE('',#1581);
#88=PLANE('',#1582);
#89=PLANE('',#1583);
#90=PLANE('',#1584);
#91=PLANE('',#1585);
#92=PLANE('',#1586);
#93=PLANE('',#1587);
#94=PLANE('',#1591);
#95=PLANE('',#1592);
#96=PLANE('',#1593);
#97=PLANE('',#1594);
#98=PLANE('',#1595);
#99=PLANE('',#1596);
#100=PLANE('',#1597);
#101=PLANE('',#1598);
#102=PLANE('',#1599);
#103=PLANE('',#1600);
#104=FACE_OUTER_BOUND('',#185,.T.);
#105=FACE_OUTER_BOUND('',#186,.T.);
#106=FACE_OUTER_BOUND('',#187,.T.);
#107=FACE_OUTER_BOUND('',#188,.T.);
#108=FACE_OUTER_BOUND('',#189,.T.);
#109=FACE_OUTER_BOUND('',#190,.T.);
#110=FACE_OUTER_BOUND('',#191,.T.);
#111=FACE_OUTER_BOUND('',#192,.T.);
#112=FACE_OUTER_BOUND('',#193,.T.);
#113=FACE_OUTER_BOUND('',#194,.T.);
#114=FACE_OUTER_BOUND('',#195,.T.);
#115=FACE_OUTER_BOUND('',#196,.T.);
#116=FACE_OUTER_BOUND('',#197,.T.);
#117=FACE_OUTER_BOUND('',#198,.T.);
#118=FACE_OUTER_BOUND('',#199,.T.);
#119=FACE_OUTER_BOUND('',#200,.T.);
#120=FACE_OUTER_BOUND('',#201,.T.);
#121=FACE_OUTER_BOUND('',#202,.T.);
#122=FACE_OUTER_BOUND('',#203,.T.);
#123=FACE_OUTER_BOUND('',#204,.T.);
#124=FACE_OUTER_BOUND('',#205,.T.);
#125=FACE_OUTER_BOUND('',#206,.T.);
#126=FACE_OUTER_BOUND('',#207,.T.);
#127=FACE_OUTER_BOUND('',#209,.T.);
#128=FACE_OUTER_BOUND('',#211,.T.);
#129=FACE_OUTER_BOUND('',#212,.T.);
#130=FACE_OUTER_BOUND('',#213,.T.);
#131=FACE_OUTER_BOUND('',#214,.T.);
#132=FACE_OUTER_BOUND('',#215,.T.);
#133=FACE_OUTER_BOUND('',#216,.T.);
#134=FACE_OUTER_BOUND('',#217,.T.);
#135=FACE_OUTER_BOUND('',#218,.T.);
#136=FACE_OUTER_BOUND('',#219,.T.);
#137=FACE_OUTER_BOUND('',#221,.T.);
#138=FACE_OUTER_BOUND('',#222,.T.);
#139=FACE_OUTER_BOUND('',#223,.T.);
#140=FACE_OUTER_BOUND('',#224,.T.);
#141=FACE_OUTER_BOUND('',#227,.T.);
#142=FACE_OUTER_BOUND('',#228,.T.);
#143=FACE_OUTER_BOUND('',#229,.T.);
#144=FACE_OUTER_BOUND('',#230,.T.);
#145=FACE_OUTER_BOUND('',#231,.T.);
#146=FACE_OUTER_BOUND('',#232,.T.);
#147=FACE_OUTER_BOUND('',#233,.T.);
#148=FACE_OUTER_BOUND('',#234,.T.);
#149=FACE_OUTER_BOUND('',#235,.T.);
#150=FACE_OUTER_BOUND('',#236,.T.);
#151=FACE_OUTER_BOUND('',#237,.T.);
#152=FACE_OUTER_BOUND('',#238,.T.);
#153=FACE_OUTER_BOUND('',#239,.T.);
#154=FACE_OUTER_BOUND('',#240,.T.);
#155=FACE_OUTER_BOUND('',#241,.T.);
#156=FACE_OUTER_BOUND('',#242,.T.);
#157=FACE_OUTER_BOUND('',#243,.T.);
#158=FACE_OUTER_BOUND('',#244,.T.);
#159=FACE_OUTER_BOUND('',#245,.T.);
#160=FACE_OUTER_BOUND('',#246,.T.);
#161=FACE_OUTER_BOUND('',#247,.T.);
#162=FACE_OUTER_BOUND('',#248,.T.);
#163=FACE_OUTER_BOUND('',#250,.T.);
#164=FACE_OUTER_BOUND('',#251,.T.);
#165=FACE_OUTER_BOUND('',#252,.T.);
#166=FACE_OUTER_BOUND('',#253,.T.);
#167=FACE_OUTER_BOUND('',#254,.T.);
#168=FACE_OUTER_BOUND('',#255,.T.);
#169=FACE_OUTER_BOUND('',#256,.T.);
#170=FACE_OUTER_BOUND('',#257,.T.);
#171=FACE_OUTER_BOUND('',#258,.T.);
#172=FACE_OUTER_BOUND('',#259,.T.);
#173=FACE_OUTER_BOUND('',#261,.T.);
#174=FACE_OUTER_BOUND('',#263,.T.);
#175=FACE_OUTER_BOUND('',#264,.T.);
#176=FACE_OUTER_BOUND('',#265,.T.);
#177=FACE_OUTER_BOUND('',#266,.T.);
#178=FACE_OUTER_BOUND('',#267,.T.);
#179=FACE_OUTER_BOUND('',#268,.T.);
#180=FACE_OUTER_BOUND('',#269,.T.);
#181=FACE_OUTER_BOUND('',#270,.T.);
#182=FACE_OUTER_BOUND('',#271,.T.);
#183=FACE_OUTER_BOUND('',#272,.T.);
#184=FACE_OUTER_BOUND('',#274,.T.);
#185=EDGE_LOOP('',(#971,#972,#973,#974));
#186=EDGE_LOOP('',(#975,#976,#977,#978));
#187=EDGE_LOOP('',(#979,#980,#981,#982));
#188=EDGE_LOOP('',(#983,#984,#985,#986));
#189=EDGE_LOOP('',(#987,#988,#989,#990));
#190=EDGE_LOOP('',(#991,#992,#993,#994));
#191=EDGE_LOOP('',(#995,#996,#997,#998,#999,#1000,#1001,#1002));
#192=EDGE_LOOP('',(#1003,#1004,#1005,#1006,#1007,#1008,#1009,#1010));
#193=EDGE_LOOP('',(#1011,#1012,#1013,#1014));
#194=EDGE_LOOP('',(#1015,#1016,#1017,#1018));
#195=EDGE_LOOP('',(#1019,#1020,#1021,#1022));
#196=EDGE_LOOP('',(#1023,#1024,#1025,#1026));
#197=EDGE_LOOP('',(#1027,#1028,#1029,#1030));
#198=EDGE_LOOP('',(#1031,#1032,#1033,#1034));
#199=EDGE_LOOP('',(#1035,#1036,#1037,#1038,#1039,#1040,#1041,#1042));
#200=EDGE_LOOP('',(#1043,#1044,#1045,#1046,#1047,#1048,#1049,#1050));
#201=EDGE_LOOP('',(#1051,#1052,#1053,#1054));
#202=EDGE_LOOP('',(#1055,#1056,#1057,#1058));
#203=EDGE_LOOP('',(#1059,#1060,#1061,#1062));
#204=EDGE_LOOP('',(#1063,#1064,#1065,#1066));
#205=EDGE_LOOP('',(#1067,#1068,#1069,#1070));
#206=EDGE_LOOP('',(#1071,#1072,#1073,#1074));
#207=EDGE_LOOP('',(#1075,#1076,#1077,#1078));
#208=EDGE_LOOP('',(#1079,#1080,#1081,#1082,#1083,#1084,#1085,#1086));
#209=EDGE_LOOP('',(#1087,#1088,#1089,#1090));
#210=EDGE_LOOP('',(#1091,#1092,#1093,#1094));
#211=EDGE_LOOP('',(#1095,#1096,#1097,#1098));
#212=EDGE_LOOP('',(#1099,#1100,#1101,#1102));
#213=EDGE_LOOP('',(#1103,#1104,#1105,#1106));
#214=EDGE_LOOP('',(#1107,#1108,#1109,#1110));
#215=EDGE_LOOP('',(#1111,#1112,#1113,#1114));
#216=EDGE_LOOP('',(#1115,#1116,#1117,#1118));
#217=EDGE_LOOP('',(#1119,#1120,#1121,#1122));
#218=EDGE_LOOP('',(#1123,#1124,#1125,#1126));
#219=EDGE_LOOP('',(#1127));
#220=EDGE_LOOP('',(#1128));
#221=EDGE_LOOP('',(#1129,#1130,#1131,#1132));
#222=EDGE_LOOP('',(#1133,#1134,#1135,#1136));
#223=EDGE_LOOP('',(#1137));
#224=EDGE_LOOP('',(#1138,#1139,#1140,#1141,#1142,#1143));
#225=EDGE_LOOP('',(#1144));
#226=EDGE_LOOP('',(#1145,#1146,#1147,#1148));
#227=EDGE_LOOP('',(#1149,#1150,#1151,#1152));
#228=EDGE_LOOP('',(#1153,#1154,#1155,#1156,#1157,#1158));
#229=EDGE_LOOP('',(#1159,#1160,#1161));
#230=EDGE_LOOP('',(#1162,#1163,#1164));
#231=EDGE_LOOP('',(#1165,#1166,#1167));
#232=EDGE_LOOP('',(#1168,#1169,#1170));
#233=EDGE_LOOP('',(#1171,#1172,#1173));
#234=EDGE_LOOP('',(#1174,#1175,#1176,#1177));
#235=EDGE_LOOP('',(#1178,#1179,#1180));
#236=EDGE_LOOP('',(#1181,#1182,#1183,#1184));
#237=EDGE_LOOP('',(#1185,#1186,#1187,#1188,#1189,#1190,#1191,#1192));
#238=EDGE_LOOP('',(#1193,#1194,#1195,#1196,#1197,#1198,#1199,#1200));
#239=EDGE_LOOP('',(#1201,#1202,#1203,#1204));
#240=EDGE_LOOP('',(#1205,#1206,#1207,#1208));
#241=EDGE_LOOP('',(#1209,#1210,#1211,#1212));
#242=EDGE_LOOP('',(#1213,#1214,#1215,#1216,#1217,#1218,#1219,#1220));
#243=EDGE_LOOP('',(#1221,#1222,#1223,#1224,#1225,#1226,#1227,#1228));
#244=EDGE_LOOP('',(#1229,#1230,#1231,#1232,#1233,#1234,#1235,#1236));
#245=EDGE_LOOP('',(#1237,#1238,#1239,#1240,#1241,#1242,#1243,#1244));
#246=EDGE_LOOP('',(#1245,#1246,#1247,#1248));
#247=EDGE_LOOP('',(#1249,#1250,#1251,#1252));
#248=EDGE_LOOP('',(#1253,#1254,#1255,#1256));
#249=EDGE_LOOP('',(#1257,#1258,#1259,#1260,#1261,#1262,#1263,#1264,#1265,
#1266,#1267,#1268));
#250=EDGE_LOOP('',(#1269,#1270,#1271,#1272));
#251=EDGE_LOOP('',(#1273,#1274,#1275,#1276));
#252=EDGE_LOOP('',(#1277,#1278,#1279,#1280));
#253=EDGE_LOOP('',(#1281,#1282,#1283,#1284));
#254=EDGE_LOOP('',(#1285,#1286,#1287,#1288));
#255=EDGE_LOOP('',(#1289,#1290,#1291,#1292));
#256=EDGE_LOOP('',(#1293,#1294,#1295,#1296));
#257=EDGE_LOOP('',(#1297,#1298,#1299,#1300));
#258=EDGE_LOOP('',(#1301,#1302,#1303,#1304));
#259=EDGE_LOOP('',(#1305,#1306,#1307,#1308,#1309,#1310,#1311,#1312));
#260=EDGE_LOOP('',(#1313));
#261=EDGE_LOOP('',(#1314,#1315,#1316,#1317,#1318,#1319,#1320,#1321));
#262=EDGE_LOOP('',(#1322));
#263=EDGE_LOOP('',(#1323,#1324,#1325,#1326));
#264=EDGE_LOOP('',(#1327,#1328,#1329,#1330));
#265=EDGE_LOOP('',(#1331,#1332,#1333,#1334));
#266=EDGE_LOOP('',(#1335,#1336,#1337,#1338));
#267=EDGE_LOOP('',(#1339,#1340,#1341,#1342));
#268=EDGE_LOOP('',(#1343,#1344,#1345,#1346));
#269=EDGE_LOOP('',(#1347,#1348,#1349,#1350));
#270=EDGE_LOOP('',(#1351,#1352,#1353,#1354));
#271=EDGE_LOOP('',(#1355,#1356,#1357,#1358));
#272=EDGE_LOOP('',(#1359,#1360,#1361,#1362,#1363,#1364,#1365,#1366));
#273=EDGE_LOOP('',(#1367));
#274=EDGE_LOOP('',(#1368,#1369,#1370,#1371,#1372,#1373,#1374,#1375));
#275=EDGE_LOOP('',(#1376));
#276=LINE('',#1998,#443);
#277=LINE('',#2001,#444);
#278=LINE('',#2004,#445);
#279=LINE('',#2006,#446);
#280=LINE('',#2007,#447);
#281=LINE('',#2011,#448);
#282=LINE('',#2013,#449);
#283=LINE('',#2015,#450);
#284=LINE('',#2016,#451);
#285=LINE('',#2021,#452);
#286=LINE('',#2025,#453);
#287=LINE('',#2027,#454);
#288=LINE('',#2028,#455);
#289=LINE('',#2031,#456);
#290=LINE('',#2033,#457);
#291=LINE('',#2034,#458);
#292=LINE('',#2036,#459);
#293=LINE('',#2037,#460);
#294=LINE('',#2039,#461);
#295=LINE('',#2040,#462);
#296=LINE('',#2046,#463);
#297=LINE('',#2049,#464);
#298=LINE('',#2052,#465);
#299=LINE('',#2054,#466);
#300=LINE('',#2055,#467);
#301=LINE('',#2059,#468);
#302=LINE('',#2061,#469);
#303=LINE('',#2063,#470);
#304=LINE('',#2064,#471);
#305=LINE('',#2070,#472);
#306=LINE('',#2073,#473);
#307=LINE('',#2075,#474);
#308=LINE('',#2076,#475);
#309=LINE('',#2079,#476);
#310=LINE('',#2081,#477);
#311=LINE('',#2082,#478);
#312=LINE('',#2084,#479);
#313=LINE('',#2085,#480);
#314=LINE('',#2087,#481);
#315=LINE('',#2088,#482);
#316=LINE('',#2092,#483);
#317=LINE('',#2096,#484);
#318=LINE('',#2100,#485);
#319=LINE('',#2103,#486);
#320=LINE('',#2106,#487);
#321=LINE('',#2109,#488);
#322=LINE('',#2111,#489);
#323=LINE('',#2112,#490);
#324=LINE('',#2115,#491);
#325=LINE('',#2117,#492);
#326=LINE('',#2118,#493);
#327=LINE('',#2121,#494);
#328=LINE('',#2122,#495);
#329=LINE('',#2126,#496);
#330=LINE('',#2128,#497);
#331=LINE('',#2130,#498);
#332=LINE('',#2132,#499);
#333=LINE('',#2134,#500);
#334=LINE('',#2136,#501);
#335=LINE('',#2138,#502);
#336=LINE('',#2139,#503);
#337=LINE('',#2143,#504);
#338=LINE('',#2147,#505);
#339=LINE('',#2153,#506);
#340=LINE('',#2156,#507);
#341=LINE('',#2159,#508);
#342=LINE('',#2162,#509);
#343=LINE('',#2165,#510);
#344=LINE('',#2166,#511);
#345=LINE('',#2170,#512);
#346=LINE('',#2172,#513);
#347=LINE('',#2175,#514);
#348=LINE('',#2177,#515);
#349=LINE('',#2178,#516);
#350=LINE('',#2182,#517);
#351=LINE('',#2185,#518);
#352=LINE('',#2186,#519);
#353=LINE('',#2285,#520);
#354=LINE('',#2351,#521);
#355=LINE('',#2369,#522);
#356=LINE('',#2374,#523);
#357=LINE('',#2384,#524);
#358=LINE('',#2388,#525);
#359=LINE('',#2390,#526);
#360=LINE('',#2392,#527);
#361=LINE('',#2394,#528);
#362=LINE('',#2399,#529);
#363=LINE('',#2401,#530);
#364=LINE('',#2403,#531);
#365=LINE('',#2405,#532);
#366=LINE('',#2406,#533);
#367=LINE('',#2409,#534);
#368=LINE('',#2411,#535);
#369=LINE('',#2413,#536);
#370=LINE('',#2415,#537);
#371=LINE('',#2416,#538);
#372=LINE('',#2419,#539);
#373=LINE('',#2421,#540);
#374=LINE('',#2422,#541);
#375=LINE('',#2425,#542);
#376=LINE('',#2427,#543);
#377=LINE('',#2428,#544);
#378=LINE('',#2430,#545);
#379=LINE('',#2431,#546);
#380=LINE('',#2434,#547);
#381=LINE('',#2435,#548);
#382=LINE('',#2437,#549);
#383=LINE('',#2438,#550);
#384=LINE('',#2441,#551);
#385=LINE('',#2442,#552);
#386=LINE('',#2444,#553);
#387=LINE('',#2446,#554);
#388=LINE('',#2447,#555);
#389=LINE('',#2449,#556);
#390=LINE('',#2452,#557);
#391=LINE('',#2453,#558);
#392=LINE('',#2455,#559);
#393=LINE('',#2461,#560);
#394=LINE('',#2466,#561);
#395=LINE('',#2468,#562);
#396=LINE('',#2470,#563);
#397=LINE('',#2471,#564);
#398=LINE('',#2474,#565);
#399=LINE('',#2476,#566);
#400=LINE('',#2477,#567);
#401=LINE('',#2480,#568);
#402=LINE('',#2482,#569);
#403=LINE('',#2483,#570);
#404=LINE('',#2486,#571);
#405=LINE('',#2488,#572);
#406=LINE('',#2489,#573);
#407=LINE('',#2492,#574);
#408=LINE('',#2494,#575);
#409=LINE('',#2495,#576);
#410=LINE('',#2498,#577);
#411=LINE('',#2500,#578);
#412=LINE('',#2501,#579);
#413=LINE('',#2504,#580);
#414=LINE('',#2506,#581);
#415=LINE('',#2507,#582);
#416=LINE('',#2509,#583);
#417=LINE('',#2510,#584);
#418=LINE('',#2517,#585);
#419=LINE('',#2522,#586);
#420=LINE('',#2524,#587);
#421=LINE('',#2526,#588);
#422=LINE('',#2527,#589);
#423=LINE('',#2530,#590);
#424=LINE('',#2532,#591);
#425=LINE('',#2533,#592);
#426=LINE('',#2536,#593);
#427=LINE('',#2538,#594);
#428=LINE('',#2539,#595);
#429=LINE('',#2542,#596);
#430=LINE('',#2544,#597);
#431=LINE('',#2545,#598);
#432=LINE('',#2548,#599);
#433=LINE('',#2550,#600);
#434=LINE('',#2551,#601);
#435=LINE('',#2554,#602);
#436=LINE('',#2556,#603);
#437=LINE('',#2557,#604);
#438=LINE('',#2560,#605);
#439=LINE('',#2562,#606);
#440=LINE('',#2563,#607);
#441=LINE('',#2565,#608);
#442=LINE('',#2566,#609);
#443=VECTOR('',#1607,10.);
#444=VECTOR('',#1610,10.);
#445=VECTOR('',#1613,10.);
#446=VECTOR('',#1614,10.);
#447=VECTOR('',#1615,10.);
#448=VECTOR('',#1618,10.);
#449=VECTOR('',#1619,10.);
#450=VECTOR('',#1620,10.);
#451=VECTOR('',#1621,10.);
#452=VECTOR('',#1626,10.);
#453=VECTOR('',#1631,10.);
#454=VECTOR('',#1632,10.);
#455=VECTOR('',#1633,10.);
#456=VECTOR('',#1636,10.);
#457=VECTOR('',#1637,10.);
#458=VECTOR('',#1638,10.);
#459=VECTOR('',#1641,10.);
#460=VECTOR('',#1642,10.);
#461=VECTOR('',#1645,10.);
#462=VECTOR('',#1646,10.);
#463=VECTOR('',#1651,10.);
#464=VECTOR('',#1654,10.);
#465=VECTOR('',#1657,10.);
#466=VECTOR('',#1658,10.);
#467=VECTOR('',#1659,10.);
#468=VECTOR('',#1662,10.);
#469=VECTOR('',#1663,10.);
#470=VECTOR('',#1664,10.);
#471=VECTOR('',#1665,10.);
#472=VECTOR('',#1672,10.);
#473=VECTOR('',#1675,10.);
#474=VECTOR('',#1676,10.);
#475=VECTOR('',#1677,10.);
#476=VECTOR('',#1680,10.);
#477=VECTOR('',#1681,10.);
#478=VECTOR('',#1682,10.);
#479=VECTOR('',#1685,10.);
#480=VECTOR('',#1686,10.);
#481=VECTOR('',#1689,10.);
#482=VECTOR('',#1690,10.);
#483=VECTOR('',#1693,10.);
#484=VECTOR('',#1696,10.);
#485=VECTOR('',#1701,10.);
#486=VECTOR('',#1704,10.);
#487=VECTOR('',#1707,10.);
#488=VECTOR('',#1710,10.);
#489=VECTOR('',#1713,10.);
#490=VECTOR('',#1714,10.);
#491=VECTOR('',#1717,10.);
#492=VECTOR('',#1718,10.);
#493=VECTOR('',#1719,10.);
#494=VECTOR('',#1722,10.);
#495=VECTOR('',#1723,10.);
#496=VECTOR('',#1726,10.);
#497=VECTOR('',#1727,10.);
#498=VECTOR('',#1728,10.);
#499=VECTOR('',#1729,10.);
#500=VECTOR('',#1730,10.);
#501=VECTOR('',#1731,10.);
#502=VECTOR('',#1732,10.);
#503=VECTOR('',#1733,10.);
#504=VECTOR('',#1736,10.);
#505=VECTOR('',#1739,10.);
#506=VECTOR('',#1744,10.);
#507=VECTOR('',#1747,10.);
#508=VECTOR('',#1750,10.);
#509=VECTOR('',#1753,10.);
#510=VECTOR('',#1756,10.);
#511=VECTOR('',#1757,10.);
#512=VECTOR('',#1762,10.);
#513=VECTOR('',#1765,10.);
#514=VECTOR('',#1768,10.);
#515=VECTOR('',#1769,10.);
#516=VECTOR('',#1770,10.);
#517=VECTOR('',#1775,10.);
#518=VECTOR('',#1778,10.);
#519=VECTOR('',#1779,10.);
#520=VECTOR('',#1786,10.);
#521=VECTOR('',#1787,10.);
#522=VECTOR('',#1794,10.);
#523=VECTOR('',#1799,10.);
#524=VECTOR('',#1814,10.);
#525=VECTOR('',#1821,10.);
#526=VECTOR('',#1824,10.);
#527=VECTOR('',#1827,10.);
#528=VECTOR('',#1830,10.);
#529=VECTOR('',#1837,10.);
#530=VECTOR('',#1838,10.);
#531=VECTOR('',#1839,10.);
#532=VECTOR('',#1840,10.);
#533=VECTOR('',#1841,10.);
#534=VECTOR('',#1844,10.);
#535=VECTOR('',#1845,10.);
#536=VECTOR('',#1846,10.);
#537=VECTOR('',#1847,10.);
#538=VECTOR('',#1848,10.);
#539=VECTOR('',#1851,10.);
#540=VECTOR('',#1852,10.);
#541=VECTOR('',#1853,10.);
#542=VECTOR('',#1856,10.);
#543=VECTOR('',#1857,10.);
#544=VECTOR('',#1858,10.);
#545=VECTOR('',#1861,10.);
#546=VECTOR('',#1862,10.);
#547=VECTOR('',#1865,10.);
#548=VECTOR('',#1866,10.);
#549=VECTOR('',#1867,10.);
#550=VECTOR('',#1868,10.);
#551=VECTOR('',#1871,10.);
#552=VECTOR('',#1872,10.);
#553=VECTOR('',#1875,10.);
#554=VECTOR('',#1876,10.);
#555=VECTOR('',#1877,10.);
#556=VECTOR('',#1880,10.);
#557=VECTOR('',#1883,10.);
#558=VECTOR('',#1884,10.);
#559=VECTOR('',#1887,10.);
#560=VECTOR('',#1894,1.);
#561=VECTOR('',#1899,10.);
#562=VECTOR('',#1900,10.);
#563=VECTOR('',#1901,10.);
#564=VECTOR('',#1902,10.);
#565=VECTOR('',#1905,10.);
#566=VECTOR('',#1906,10.);
#567=VECTOR('',#1907,10.);
#568=VECTOR('',#1910,10.);
#569=VECTOR('',#1911,10.);
#570=VECTOR('',#1912,10.);
#571=VECTOR('',#1915,10.);
#572=VECTOR('',#1916,10.);
#573=VECTOR('',#1917,10.);
#574=VECTOR('',#1920,10.);
#575=VECTOR('',#1921,10.);
#576=VECTOR('',#1922,10.);
#577=VECTOR('',#1925,10.);
#578=VECTOR('',#1926,10.);
#579=VECTOR('',#1927,10.);
#580=VECTOR('',#1930,10.);
#581=VECTOR('',#1931,10.);
#582=VECTOR('',#1932,10.);
#583=VECTOR('',#1935,10.);
#584=VECTOR('',#1936,10.);
#585=VECTOR('',#1945,1.);
#586=VECTOR('',#1950,10.);
#587=VECTOR('',#1951,10.);
#588=VECTOR('',#1952,10.);
#589=VECTOR('',#1953,10.);
#590=VECTOR('',#1956,10.);
#591=VECTOR('',#1957,10.);
#592=VECTOR('',#1958,10.);
#593=VECTOR('',#1961,10.);
#594=VECTOR('',#1962,10.);
#595=VECTOR('',#1963,10.);
#596=VECTOR('',#1966,10.);
#597=VECTOR('',#1967,10.);
#598=VECTOR('',#1968,10.);
#599=VECTOR('',#1971,10.);
#600=VECTOR('',#1972,10.);
#601=VECTOR('',#1973,10.);
#602=VECTOR('',#1976,10.);
#603=VECTOR('',#1977,10.);
#604=VECTOR('',#1978,10.);
#605=VECTOR('',#1981,10.);
#606=VECTOR('',#1982,10.);
#607=VECTOR('',#1983,10.);
#608=VECTOR('',#1986,10.);
#609=VECTOR('',#1987,10.);
#610=CIRCLE('',#1491,0.349999999999998);
#611=CIRCLE('',#1492,0.349999999999998);
#612=CIRCLE('',#1496,0.350000000000001);
#613=CIRCLE('',#1497,0.350000000000001);
#614=CIRCLE('',#1503,0.349999999999998);
#615=CIRCLE('',#1504,0.349999999999998);
#616=CIRCLE('',#1508,0.350000000000001);
#617=CIRCLE('',#1509,0.350000000000001);
#618=CIRCLE('',#1526,15.9700409836066);
#619=CIRCLE('',#1527,15.9700409836066);
#620=CIRCLE('',#1528,15.9700409836066);
#621=CIRCLE('',#1529,15.9700409836066);
#622=CIRCLE('',#1531,15.9600409836066);
#623=CIRCLE('',#1534,15.9600409836066);
#624=CIRCLE('',#1538,15.9600409836066);
#625=CIRCLE('',#1541,15.9600409836066);
#626=CIRCLE('',#1545,15.9600409836066);
#627=CIRCLE('',#1546,15.9600409836066);
#628=CIRCLE('',#1547,15.9600409836066);
#629=CIRCLE('',#1548,15.9600409836066);
#630=CIRCLE('',#1551,18.2295728834842);
#631=CIRCLE('',#1552,18.2295728834842);
#632=CIRCLE('',#1553,18.2295728834842);
#633=CIRCLE('',#1554,18.2295728834842);
#634=CIRCLE('',#1576,1.);
#635=CIRCLE('',#1577,1.);
#636=CIRCLE('',#1589,1.);
#637=CIRCLE('',#1590,1.);
#638=VERTEX_POINT('',#1994);
#639=VERTEX_POINT('',#1995);
#640=VERTEX_POINT('',#1997);
#641=VERTEX_POINT('',#1999);
#642=VERTEX_POINT('',#2003);
#643=VERTEX_POINT('',#2005);
#644=VERTEX_POINT('',#2009);
#645=VERTEX_POINT('',#2010);
#646=VERTEX_POINT('',#2012);
#647=VERTEX_POINT('',#2014);
#648=VERTEX_POINT('',#2018);
#649=VERTEX_POINT('',#2020);
#650=VERTEX_POINT('',#2024);
#651=VERTEX_POINT('',#2026);
#652=VERTEX_POINT('',#2030);
#653=VERTEX_POINT('',#2032);
#654=VERTEX_POINT('',#2042);
#655=VERTEX_POINT('',#2043);
#656=VERTEX_POINT('',#2045);
#657=VERTEX_POINT('',#2047);
#658=VERTEX_POINT('',#2051);
#659=VERTEX_POINT('',#2053);
#660=VERTEX_POINT('',#2057);
#661=VERTEX_POINT('',#2058);
#662=VERTEX_POINT('',#2060);
#663=VERTEX_POINT('',#2062);
#664=VERTEX_POINT('',#2066);
#665=VERTEX_POINT('',#2068);
#666=VERTEX_POINT('',#2072);
#667=VERTEX_POINT('',#2074);
#668=VERTEX_POINT('',#2078);
#669=VERTEX_POINT('',#2080);
#670=VERTEX_POINT('',#2090);
#671=VERTEX_POINT('',#2091);
#672=VERTEX_POINT('',#2093);
#673=VERTEX_POINT('',#2095);
#674=VERTEX_POINT('',#2099);
#675=VERTEX_POINT('',#2101);
#676=VERTEX_POINT('',#2105);
#677=VERTEX_POINT('',#2107);
#678=VERTEX_POINT('',#2114);
#679=VERTEX_POINT('',#2116);
#680=VERTEX_POINT('',#2120);
#681=VERTEX_POINT('',#2124);
#682=VERTEX_POINT('',#2125);
#683=VERTEX_POINT('',#2127);
#684=VERTEX_POINT('',#2129);
#685=VERTEX_POINT('',#2131);
#686=VERTEX_POINT('',#2133);
#687=VERTEX_POINT('',#2135);
#688=VERTEX_POINT('',#2137);
#689=VERTEX_POINT('',#2141);
#690=VERTEX_POINT('',#2142);
#691=VERTEX_POINT('',#2144);
#692=VERTEX_POINT('',#2146);
#693=VERTEX_POINT('',#2149);
#694=VERTEX_POINT('',#2150);
#695=VERTEX_POINT('',#2152);
#696=VERTEX_POINT('',#2154);
#697=VERTEX_POINT('',#2158);
#698=VERTEX_POINT('',#2160);
#699=VERTEX_POINT('',#2164);
#700=VERTEX_POINT('',#2168);
#701=VERTEX_POINT('',#2174);
#702=VERTEX_POINT('',#2176);
#703=VERTEX_POINT('',#2180);
#704=VERTEX_POINT('',#2184);
#705=VERTEX_POINT('',#2190);
#706=VERTEX_POINT('',#2207);
#707=VERTEX_POINT('',#2284);
#708=VERTEX_POINT('',#2350);
#709=VERTEX_POINT('',#2366);
#710=VERTEX_POINT('',#2368);
#711=VERTEX_POINT('',#2371);
#712=VERTEX_POINT('',#2373);
#713=VERTEX_POINT('',#2378);
#714=VERTEX_POINT('',#2382);
#715=VERTEX_POINT('',#2398);
#716=VERTEX_POINT('',#2400);
#717=VERTEX_POINT('',#2402);
#718=VERTEX_POINT('',#2404);
#719=VERTEX_POINT('',#2408);
#720=VERTEX_POINT('',#2410);
#721=VERTEX_POINT('',#2412);
#722=VERTEX_POINT('',#2414);
#723=VERTEX_POINT('',#2418);
#724=VERTEX_POINT('',#2420);
#725=VERTEX_POINT('',#2424);
#726=VERTEX_POINT('',#2426);
#727=VERTEX_POINT('',#2433);
#728=VERTEX_POINT('',#2436);
#729=VERTEX_POINT('',#2440);
#730=VERTEX_POINT('',#2445);
#731=VERTEX_POINT('',#2451);
#732=VERTEX_POINT('',#2458);
#733=VERTEX_POINT('',#2460);
#734=VERTEX_POINT('',#2464);
#735=VERTEX_POINT('',#2465);
#736=VERTEX_POINT('',#2467);
#737=VERTEX_POINT('',#2469);
#738=VERTEX_POINT('',#2473);
#739=VERTEX_POINT('',#2475);
#740=VERTEX_POINT('',#2479);
#741=VERTEX_POINT('',#2481);
#742=VERTEX_POINT('',#2485);
#743=VERTEX_POINT('',#2487);
#744=VERTEX_POINT('',#2491);
#745=VERTEX_POINT('',#2493);
#746=VERTEX_POINT('',#2497);
#747=VERTEX_POINT('',#2499);
#748=VERTEX_POINT('',#2503);
#749=VERTEX_POINT('',#2505);
#750=VERTEX_POINT('',#2514);
#751=VERTEX_POINT('',#2516);
#752=VERTEX_POINT('',#2520);
#753=VERTEX_POINT('',#2521);
#754=VERTEX_POINT('',#2523);
#755=VERTEX_POINT('',#2525);
#756=VERTEX_POINT('',#2529);
#757=VERTEX_POINT('',#2531);
#758=VERTEX_POINT('',#2535);
#759=VERTEX_POINT('',#2537);
#760=VERTEX_POINT('',#2541);
#761=VERTEX_POINT('',#2543);
#762=VERTEX_POINT('',#2547);
#763=VERTEX_POINT('',#2549);
#764=VERTEX_POINT('',#2553);
#765=VERTEX_POINT('',#2555);
#766=VERTEX_POINT('',#2559);
#767=VERTEX_POINT('',#2561);
#768=EDGE_CURVE('',#638,#639,#610,.T.);
#769=EDGE_CURVE('',#638,#640,#276,.T.);
#770=EDGE_CURVE('',#640,#641,#611,.T.);
#771=EDGE_CURVE('',#639,#641,#277,.T.);
#772=EDGE_CURVE('',#638,#642,#278,.T.);
#773=EDGE_CURVE('',#642,#643,#279,.T.);
#774=EDGE_CURVE('',#643,#640,#280,.T.);
#775=EDGE_CURVE('',#644,#645,#281,.T.);
#776=EDGE_CURVE('',#644,#646,#282,.T.);
#777=EDGE_CURVE('',#646,#647,#283,.T.);
#778=EDGE_CURVE('',#645,#647,#284,.T.);
#779=EDGE_CURVE('',#644,#648,#612,.T.);
#780=EDGE_CURVE('',#648,#649,#285,.T.);
#781=EDGE_CURVE('',#649,#646,#613,.T.);
#782=EDGE_CURVE('',#650,#648,#286,.T.);
#783=EDGE_CURVE('',#651,#650,#287,.T.);
#784=EDGE_CURVE('',#651,#649,#288,.T.);
#785=EDGE_CURVE('',#652,#639,#289,.T.);
#786=EDGE_CURVE('',#641,#653,#290,.T.);
#787=EDGE_CURVE('',#653,#652,#291,.T.);
#788=EDGE_CURVE('',#650,#652,#292,.T.);
#789=EDGE_CURVE('',#642,#645,#293,.T.);
#790=EDGE_CURVE('',#647,#643,#294,.T.);
#791=EDGE_CURVE('',#653,#651,#295,.T.);
#792=EDGE_CURVE('',#654,#655,#614,.T.);
#793=EDGE_CURVE('',#655,#656,#296,.T.);
#794=EDGE_CURVE('',#657,#656,#615,.T.);
#795=EDGE_CURVE('',#654,#657,#297,.T.);
#796=EDGE_CURVE('',#654,#658,#298,.T.);
#797=EDGE_CURVE('',#659,#657,#299,.T.);
#798=EDGE_CURVE('',#659,#658,#300,.T.);
#799=EDGE_CURVE('',#660,#661,#301,.T.);
#800=EDGE_CURVE('',#662,#661,#302,.T.);
#801=EDGE_CURVE('',#663,#662,#303,.T.);
#802=EDGE_CURVE('',#660,#663,#304,.T.);
#803=EDGE_CURVE('',#660,#664,#616,.T.);
#804=EDGE_CURVE('',#665,#663,#617,.T.);
#805=EDGE_CURVE('',#664,#665,#305,.T.);
#806=EDGE_CURVE('',#666,#664,#306,.T.);
#807=EDGE_CURVE('',#667,#665,#307,.T.);
#808=EDGE_CURVE('',#666,#667,#308,.T.);
#809=EDGE_CURVE('',#668,#655,#309,.T.);
#810=EDGE_CURVE('',#668,#669,#310,.T.);
#811=EDGE_CURVE('',#656,#669,#311,.T.);
#812=EDGE_CURVE('',#661,#658,#312,.T.);
#813=EDGE_CURVE('',#668,#666,#313,.T.);
#814=EDGE_CURVE('',#667,#669,#314,.T.);
#815=EDGE_CURVE('',#659,#662,#315,.T.);
#816=EDGE_CURVE('',#670,#671,#316,.T.);
#817=EDGE_CURVE('',#671,#672,#37,.T.);
#818=EDGE_CURVE('',#672,#673,#317,.T.);
#819=EDGE_CURVE('',#670,#673,#38,.T.);
#820=EDGE_CURVE('',#671,#674,#318,.T.);
#821=EDGE_CURVE('',#674,#675,#39,.T.);
#822=EDGE_CURVE('',#675,#672,#319,.T.);
#823=EDGE_CURVE('',#674,#676,#320,.T.);
#824=EDGE_CURVE('',#676,#677,#40,.T.);
#825=EDGE_CURVE('',#677,#675,#321,.T.);
#826=EDGE_CURVE('',#673,#677,#322,.T.);
#827=EDGE_CURVE('',#676,#670,#323,.T.);
#828=EDGE_CURVE('',#678,#673,#324,.T.);
#829=EDGE_CURVE('',#679,#678,#325,.T.);
#830=EDGE_CURVE('',#679,#677,#326,.T.);
#831=EDGE_CURVE('',#680,#672,#327,.T.);
#832=EDGE_CURVE('',#678,#680,#328,.T.);
#833=EDGE_CURVE('',#681,#682,#329,.T.);
#834=EDGE_CURVE('',#682,#683,#330,.T.);
#835=EDGE_CURVE('',#683,#684,#331,.T.);
#836=EDGE_CURVE('',#684,#685,#332,.T.);
#837=EDGE_CURVE('',#685,#686,#333,.T.);
#838=EDGE_CURVE('',#686,#687,#334,.T.);
#839=EDGE_CURVE('',#687,#688,#335,.T.);
#840=EDGE_CURVE('',#688,#681,#336,.T.);
#841=EDGE_CURVE('',#689,#690,#337,.T.);
#842=EDGE_CURVE('',#691,#689,#618,.T.);
#843=EDGE_CURVE('',#692,#691,#338,.T.);
#844=EDGE_CURVE('',#690,#692,#619,.T.);
#845=EDGE_CURVE('',#693,#694,#620,.T.);
#846=EDGE_CURVE('',#694,#695,#339,.T.);
#847=EDGE_CURVE('',#695,#696,#621,.T.);
#848=EDGE_CURVE('',#696,#693,#340,.T.);
#849=EDGE_CURVE('',#693,#697,#341,.T.);
#850=EDGE_CURVE('',#698,#697,#622,.T.);
#851=EDGE_CURVE('',#694,#698,#342,.T.);
#852=EDGE_CURVE('',#699,#698,#343,.T.);
#853=EDGE_CURVE('',#695,#699,#344,.T.);
#854=EDGE_CURVE('',#700,#699,#623,.T.);
#855=EDGE_CURVE('',#696,#700,#345,.T.);
#856=EDGE_CURVE('',#697,#700,#346,.T.);
#857=EDGE_CURVE('',#690,#701,#347,.T.);
#858=EDGE_CURVE('',#702,#701,#348,.T.);
#859=EDGE_CURVE('',#689,#702,#349,.T.);
#860=EDGE_CURVE('',#703,#702,#624,.T.);
#861=EDGE_CURVE('',#691,#703,#350,.T.);
#862=EDGE_CURVE('',#704,#703,#351,.T.);
#863=EDGE_CURVE('',#692,#704,#352,.T.);
#864=EDGE_CURVE('',#701,#704,#625,.T.);
#865=EDGE_CURVE('',#705,#705,#18,.T.);
#866=EDGE_CURVE('',#706,#706,#19,.T.);
#867=EDGE_CURVE('',#705,#707,#353,.T.);
#868=EDGE_CURVE('',#707,#707,#20,.T.);
#869=EDGE_CURVE('',#706,#708,#354,.T.);
#870=EDGE_CURVE('',#708,#708,#21,.T.);
#871=EDGE_CURVE('',#709,#686,#626,.T.);
#872=EDGE_CURVE('',#709,#710,#355,.T.);
#873=EDGE_CURVE('',#683,#710,#627,.T.);
#874=EDGE_CURVE('',#711,#683,#628,.T.);
#875=EDGE_CURVE('',#712,#711,#356,.T.);
#876=EDGE_CURVE('',#686,#712,#629,.T.);
#877=EDGE_CURVE('',#687,#713,#630,.T.);
#878=EDGE_CURVE('',#687,#712,#631,.T.);
#879=EDGE_CURVE('',#682,#711,#632,.T.);
#880=EDGE_CURVE('',#714,#682,#633,.T.);
#881=EDGE_CURVE('',#714,#713,#357,.T.);
#882=EDGE_CURVE('',#713,#688,#358,.T.);
#883=EDGE_CURVE('',#710,#684,#359,.T.);
#884=EDGE_CURVE('',#714,#681,#360,.T.);
#885=EDGE_CURVE('',#709,#685,#361,.T.);
#886=EDGE_CURVE('',#658,#715,#362,.T.);
#887=EDGE_CURVE('',#716,#715,#363,.T.);
#888=EDGE_CURVE('',#717,#716,#364,.T.);
#889=EDGE_CURVE('',#718,#717,#365,.T.);
#890=EDGE_CURVE('',#718,#659,#366,.T.);
#891=EDGE_CURVE('',#643,#719,#367,.T.);
#892=EDGE_CURVE('',#720,#719,#368,.T.);
#893=EDGE_CURVE('',#721,#720,#369,.T.);
#894=EDGE_CURVE('',#722,#721,#370,.T.);
#895=EDGE_CURVE('',#722,#642,#371,.T.);
#896=EDGE_CURVE('',#720,#723,#372,.T.);
#897=EDGE_CURVE('',#724,#723,#373,.T.);
#898=EDGE_CURVE('',#721,#724,#374,.T.);
#899=EDGE_CURVE('',#716,#725,#375,.T.);
#900=EDGE_CURVE('',#726,#725,#376,.T.);
#901=EDGE_CURVE('',#717,#726,#377,.T.);
#902=EDGE_CURVE('',#723,#726,#378,.T.);
#903=EDGE_CURVE('',#725,#724,#379,.T.);
#904=EDGE_CURVE('',#727,#653,#380,.T.);
#905=EDGE_CURVE('',#727,#719,#381,.T.);
#906=EDGE_CURVE('',#728,#722,#382,.T.);
#907=EDGE_CURVE('',#652,#728,#383,.T.);
#908=EDGE_CURVE('',#728,#729,#384,.T.);
#909=EDGE_CURVE('',#729,#715,#385,.T.);
#910=EDGE_CURVE('',#729,#668,#386,.T.);
#911=EDGE_CURVE('',#730,#718,#387,.T.);
#912=EDGE_CURVE('',#669,#730,#388,.T.);
#913=EDGE_CURVE('',#730,#727,#389,.T.);
#914=EDGE_CURVE('',#731,#675,#390,.T.);
#915=EDGE_CURVE('',#680,#731,#391,.T.);
#916=EDGE_CURVE('',#731,#679,#392,.T.);
#917=EDGE_CURVE('',#732,#732,#634,.T.);
#918=EDGE_CURVE('',#732,#733,#393,.T.);
#919=EDGE_CURVE('',#733,#733,#635,.T.);
#920=EDGE_CURVE('',#734,#735,#394,.T.);
#921=EDGE_CURVE('',#735,#736,#395,.T.);
#922=EDGE_CURVE('',#737,#736,#396,.T.);
#923=EDGE_CURVE('',#734,#737,#397,.T.);
#924=EDGE_CURVE('',#734,#738,#398,.T.);
#925=EDGE_CURVE('',#739,#737,#399,.T.);
#926=EDGE_CURVE('',#738,#739,#400,.T.);
#927=EDGE_CURVE('',#738,#740,#401,.T.);
#928=EDGE_CURVE('',#741,#739,#402,.T.);
#929=EDGE_CURVE('',#740,#741,#403,.T.);
#930=EDGE_CURVE('',#740,#742,#404,.T.);
#931=EDGE_CURVE('',#743,#741,#405,.T.);
#932=EDGE_CURVE('',#742,#743,#406,.T.);
#933=EDGE_CURVE('',#744,#742,#407,.T.);
#934=EDGE_CURVE('',#745,#743,#408,.T.);
#935=EDGE_CURVE('',#744,#745,#409,.T.);
#936=EDGE_CURVE('',#744,#746,#410,.T.);
#937=EDGE_CURVE('',#747,#745,#411,.T.);
#938=EDGE_CURVE('',#746,#747,#412,.T.);
#939=EDGE_CURVE('',#746,#748,#413,.T.);
#940=EDGE_CURVE('',#749,#747,#414,.T.);
#941=EDGE_CURVE('',#748,#749,#415,.T.);
#942=EDGE_CURVE('',#735,#748,#416,.T.);
#943=EDGE_CURVE('',#736,#749,#417,.T.);
#944=EDGE_CURVE('',#750,#750,#636,.T.);
#945=EDGE_CURVE('',#750,#751,#418,.T.);
#946=EDGE_CURVE('',#751,#751,#637,.T.);
#947=EDGE_CURVE('',#752,#753,#419,.T.);
#948=EDGE_CURVE('',#753,#754,#420,.T.);
#949=EDGE_CURVE('',#755,#754,#421,.T.);
#950=EDGE_CURVE('',#752,#755,#422,.T.);
#951=EDGE_CURVE('',#752,#756,#423,.T.);
#952=EDGE_CURVE('',#757,#755,#424,.T.);
#953=EDGE_CURVE('',#756,#757,#425,.T.);
#954=EDGE_CURVE('',#756,#758,#426,.T.);
#955=EDGE_CURVE('',#759,#757,#427,.T.);
#956=EDGE_CURVE('',#758,#759,#428,.T.);
#957=EDGE_CURVE('',#758,#760,#429,.T.);
#958=EDGE_CURVE('',#761,#759,#430,.T.);
#959=EDGE_CURVE('',#760,#761,#431,.T.);
#960=EDGE_CURVE('',#762,#760,#432,.T.);
#961=EDGE_CURVE('',#763,#761,#433,.T.);
#962=EDGE_CURVE('',#762,#763,#434,.T.);
#963=EDGE_CURVE('',#762,#764,#435,.T.);
#964=EDGE_CURVE('',#765,#763,#436,.T.);
#965=EDGE_CURVE('',#764,#765,#437,.T.);
#966=EDGE_CURVE('',#764,#766,#438,.T.);
#967=EDGE_CURVE('',#767,#765,#439,.T.);
#968=EDGE_CURVE('',#766,#767,#440,.T.);
#969=EDGE_CURVE('',#753,#766,#441,.T.);
#970=EDGE_CURVE('',#754,#767,#442,.T.);
#971=ORIENTED_EDGE('',*,*,#768,.F.);
#972=ORIENTED_EDGE('',*,*,#769,.T.);
#973=ORIENTED_EDGE('',*,*,#770,.T.);
#974=ORIENTED_EDGE('',*,*,#771,.F.);
#975=ORIENTED_EDGE('',*,*,#772,.T.);
#976=ORIENTED_EDGE('',*,*,#773,.T.);
#977=ORIENTED_EDGE('',*,*,#774,.T.);
#978=ORIENTED_EDGE('',*,*,#769,.F.);
#979=ORIENTED_EDGE('',*,*,#775,.F.);
#980=ORIENTED_EDGE('',*,*,#776,.T.);
#981=ORIENTED_EDGE('',*,*,#777,.T.);
#982=ORIENTED_EDGE('',*,*,#778,.F.);
#983=ORIENTED_EDGE('',*,*,#779,.T.);
#984=ORIENTED_EDGE('',*,*,#780,.T.);
#985=ORIENTED_EDGE('',*,*,#781,.T.);
#986=ORIENTED_EDGE('',*,*,#776,.F.);
#987=ORIENTED_EDGE('',*,*,#782,.F.);
#988=ORIENTED_EDGE('',*,*,#783,.F.);
#989=ORIENTED_EDGE('',*,*,#784,.T.);
#990=ORIENTED_EDGE('',*,*,#780,.F.);
#991=ORIENTED_EDGE('',*,*,#785,.T.);
#992=ORIENTED_EDGE('',*,*,#771,.T.);
#993=ORIENTED_EDGE('',*,*,#786,.T.);
#994=ORIENTED_EDGE('',*,*,#787,.T.);
#995=ORIENTED_EDGE('',*,*,#785,.F.);
#996=ORIENTED_EDGE('',*,*,#788,.F.);
#997=ORIENTED_EDGE('',*,*,#782,.T.);
#998=ORIENTED_EDGE('',*,*,#779,.F.);
#999=ORIENTED_EDGE('',*,*,#775,.T.);
#1000=ORIENTED_EDGE('',*,*,#789,.F.);
#1001=ORIENTED_EDGE('',*,*,#772,.F.);
#1002=ORIENTED_EDGE('',*,*,#768,.T.);
#1003=ORIENTED_EDGE('',*,*,#786,.F.);
#1004=ORIENTED_EDGE('',*,*,#770,.F.);
#1005=ORIENTED_EDGE('',*,*,#774,.F.);
#1006=ORIENTED_EDGE('',*,*,#790,.F.);
#1007=ORIENTED_EDGE('',*,*,#777,.F.);
#1008=ORIENTED_EDGE('',*,*,#781,.F.);
#1009=ORIENTED_EDGE('',*,*,#784,.F.);
#1010=ORIENTED_EDGE('',*,*,#791,.F.);
#1011=ORIENTED_EDGE('',*,*,#792,.T.);
#1012=ORIENTED_EDGE('',*,*,#793,.T.);
#1013=ORIENTED_EDGE('',*,*,#794,.F.);
#1014=ORIENTED_EDGE('',*,*,#795,.F.);
#1015=ORIENTED_EDGE('',*,*,#796,.F.);
#1016=ORIENTED_EDGE('',*,*,#795,.T.);
#1017=ORIENTED_EDGE('',*,*,#797,.F.);
#1018=ORIENTED_EDGE('',*,*,#798,.T.);
#1019=ORIENTED_EDGE('',*,*,#799,.T.);
#1020=ORIENTED_EDGE('',*,*,#800,.F.);
#1021=ORIENTED_EDGE('',*,*,#801,.F.);
#1022=ORIENTED_EDGE('',*,*,#802,.F.);
#1023=ORIENTED_EDGE('',*,*,#803,.F.);
#1024=ORIENTED_EDGE('',*,*,#802,.T.);
#1025=ORIENTED_EDGE('',*,*,#804,.F.);
#1026=ORIENTED_EDGE('',*,*,#805,.F.);
#1027=ORIENTED_EDGE('',*,*,#806,.T.);
#1028=ORIENTED_EDGE('',*,*,#805,.T.);
#1029=ORIENTED_EDGE('',*,*,#807,.F.);
#1030=ORIENTED_EDGE('',*,*,#808,.F.);
#1031=ORIENTED_EDGE('',*,*,#809,.F.);
#1032=ORIENTED_EDGE('',*,*,#810,.T.);
#1033=ORIENTED_EDGE('',*,*,#811,.F.);
#1034=ORIENTED_EDGE('',*,*,#793,.F.);
#1035=ORIENTED_EDGE('',*,*,#809,.T.);
#1036=ORIENTED_EDGE('',*,*,#792,.F.);
#1037=ORIENTED_EDGE('',*,*,#796,.T.);
#1038=ORIENTED_EDGE('',*,*,#812,.F.);
#1039=ORIENTED_EDGE('',*,*,#799,.F.);
#1040=ORIENTED_EDGE('',*,*,#803,.T.);
#1041=ORIENTED_EDGE('',*,*,#806,.F.);
#1042=ORIENTED_EDGE('',*,*,#813,.F.);
#1043=ORIENTED_EDGE('',*,*,#811,.T.);
#1044=ORIENTED_EDGE('',*,*,#814,.F.);
#1045=ORIENTED_EDGE('',*,*,#807,.T.);
#1046=ORIENTED_EDGE('',*,*,#804,.T.);
#1047=ORIENTED_EDGE('',*,*,#801,.T.);
#1048=ORIENTED_EDGE('',*,*,#815,.F.);
#1049=ORIENTED_EDGE('',*,*,#797,.T.);
#1050=ORIENTED_EDGE('',*,*,#794,.T.);
#1051=ORIENTED_EDGE('',*,*,#816,.T.);
#1052=ORIENTED_EDGE('',*,*,#817,.T.);
#1053=ORIENTED_EDGE('',*,*,#818,.T.);
#1054=ORIENTED_EDGE('',*,*,#819,.F.);
#1055=ORIENTED_EDGE('',*,*,#820,.T.);
#1056=ORIENTED_EDGE('',*,*,#821,.T.);
#1057=ORIENTED_EDGE('',*,*,#822,.T.);
#1058=ORIENTED_EDGE('',*,*,#817,.F.);
#1059=ORIENTED_EDGE('',*,*,#823,.T.);
#1060=ORIENTED_EDGE('',*,*,#824,.T.);
#1061=ORIENTED_EDGE('',*,*,#825,.T.);
#1062=ORIENTED_EDGE('',*,*,#821,.F.);
#1063=ORIENTED_EDGE('',*,*,#826,.T.);
#1064=ORIENTED_EDGE('',*,*,#824,.F.);
#1065=ORIENTED_EDGE('',*,*,#827,.T.);
#1066=ORIENTED_EDGE('',*,*,#819,.T.);
#1067=ORIENTED_EDGE('',*,*,#826,.F.);
#1068=ORIENTED_EDGE('',*,*,#828,.F.);
#1069=ORIENTED_EDGE('',*,*,#829,.F.);
#1070=ORIENTED_EDGE('',*,*,#830,.T.);
#1071=ORIENTED_EDGE('',*,*,#818,.F.);
#1072=ORIENTED_EDGE('',*,*,#831,.F.);
#1073=ORIENTED_EDGE('',*,*,#832,.F.);
#1074=ORIENTED_EDGE('',*,*,#828,.T.);
#1075=ORIENTED_EDGE('',*,*,#816,.F.);
#1076=ORIENTED_EDGE('',*,*,#827,.F.);
#1077=ORIENTED_EDGE('',*,*,#823,.F.);
#1078=ORIENTED_EDGE('',*,*,#820,.F.);
#1079=ORIENTED_EDGE('',*,*,#833,.T.);
#1080=ORIENTED_EDGE('',*,*,#834,.T.);
#1081=ORIENTED_EDGE('',*,*,#835,.T.);
#1082=ORIENTED_EDGE('',*,*,#836,.T.);
#1083=ORIENTED_EDGE('',*,*,#837,.T.);
#1084=ORIENTED_EDGE('',*,*,#838,.T.);
#1085=ORIENTED_EDGE('',*,*,#839,.T.);
#1086=ORIENTED_EDGE('',*,*,#840,.T.);
#1087=ORIENTED_EDGE('',*,*,#841,.F.);
#1088=ORIENTED_EDGE('',*,*,#842,.F.);
#1089=ORIENTED_EDGE('',*,*,#843,.F.);
#1090=ORIENTED_EDGE('',*,*,#844,.F.);
#1091=ORIENTED_EDGE('',*,*,#845,.T.);
#1092=ORIENTED_EDGE('',*,*,#846,.T.);
#1093=ORIENTED_EDGE('',*,*,#847,.T.);
#1094=ORIENTED_EDGE('',*,*,#848,.T.);
#1095=ORIENTED_EDGE('',*,*,#845,.F.);
#1096=ORIENTED_EDGE('',*,*,#849,.T.);
#1097=ORIENTED_EDGE('',*,*,#850,.F.);
#1098=ORIENTED_EDGE('',*,*,#851,.F.);
#1099=ORIENTED_EDGE('',*,*,#846,.F.);
#1100=ORIENTED_EDGE('',*,*,#851,.T.);
#1101=ORIENTED_EDGE('',*,*,#852,.F.);
#1102=ORIENTED_EDGE('',*,*,#853,.F.);
#1103=ORIENTED_EDGE('',*,*,#847,.F.);
#1104=ORIENTED_EDGE('',*,*,#853,.T.);
#1105=ORIENTED_EDGE('',*,*,#854,.F.);
#1106=ORIENTED_EDGE('',*,*,#855,.F.);
#1107=ORIENTED_EDGE('',*,*,#848,.F.);
#1108=ORIENTED_EDGE('',*,*,#855,.T.);
#1109=ORIENTED_EDGE('',*,*,#856,.F.);
#1110=ORIENTED_EDGE('',*,*,#849,.F.);
#1111=ORIENTED_EDGE('',*,*,#841,.T.);
#1112=ORIENTED_EDGE('',*,*,#857,.T.);
#1113=ORIENTED_EDGE('',*,*,#858,.F.);
#1114=ORIENTED_EDGE('',*,*,#859,.F.);
#1115=ORIENTED_EDGE('',*,*,#842,.T.);
#1116=ORIENTED_EDGE('',*,*,#859,.T.);
#1117=ORIENTED_EDGE('',*,*,#860,.F.);
#1118=ORIENTED_EDGE('',*,*,#861,.F.);
#1119=ORIENTED_EDGE('',*,*,#843,.T.);
#1120=ORIENTED_EDGE('',*,*,#861,.T.);
#1121=ORIENTED_EDGE('',*,*,#862,.F.);
#1122=ORIENTED_EDGE('',*,*,#863,.F.);
#1123=ORIENTED_EDGE('',*,*,#844,.T.);
#1124=ORIENTED_EDGE('',*,*,#863,.T.);
#1125=ORIENTED_EDGE('',*,*,#864,.F.);
#1126=ORIENTED_EDGE('',*,*,#857,.F.);
#1127=ORIENTED_EDGE('',*,*,#865,.T.);
#1128=ORIENTED_EDGE('',*,*,#866,.T.);
#1129=ORIENTED_EDGE('',*,*,#865,.F.);
#1130=ORIENTED_EDGE('',*,*,#867,.T.);
#1131=ORIENTED_EDGE('',*,*,#868,.F.);
#1132=ORIENTED_EDGE('',*,*,#867,.F.);
#1133=ORIENTED_EDGE('',*,*,#866,.F.);
#1134=ORIENTED_EDGE('',*,*,#869,.T.);
#1135=ORIENTED_EDGE('',*,*,#870,.F.);
#1136=ORIENTED_EDGE('',*,*,#869,.F.);
#1137=ORIENTED_EDGE('',*,*,#870,.T.);
#1138=ORIENTED_EDGE('',*,*,#871,.F.);
#1139=ORIENTED_EDGE('',*,*,#872,.T.);
#1140=ORIENTED_EDGE('',*,*,#873,.F.);
#1141=ORIENTED_EDGE('',*,*,#874,.F.);
#1142=ORIENTED_EDGE('',*,*,#875,.F.);
#1143=ORIENTED_EDGE('',*,*,#876,.F.);
#1144=ORIENTED_EDGE('',*,*,#868,.T.);
#1145=ORIENTED_EDGE('',*,*,#858,.T.);
#1146=ORIENTED_EDGE('',*,*,#864,.T.);
#1147=ORIENTED_EDGE('',*,*,#862,.T.);
#1148=ORIENTED_EDGE('',*,*,#860,.T.);
#1149=ORIENTED_EDGE('',*,*,#850,.T.);
#1150=ORIENTED_EDGE('',*,*,#856,.T.);
#1151=ORIENTED_EDGE('',*,*,#854,.T.);
#1152=ORIENTED_EDGE('',*,*,#852,.T.);
#1153=ORIENTED_EDGE('',*,*,#877,.F.);
#1154=ORIENTED_EDGE('',*,*,#878,.T.);
#1155=ORIENTED_EDGE('',*,*,#875,.T.);
#1156=ORIENTED_EDGE('',*,*,#879,.F.);
#1157=ORIENTED_EDGE('',*,*,#880,.F.);
#1158=ORIENTED_EDGE('',*,*,#881,.T.);
#1159=ORIENTED_EDGE('',*,*,#834,.F.);
#1160=ORIENTED_EDGE('',*,*,#879,.T.);
#1161=ORIENTED_EDGE('',*,*,#874,.T.);
#1162=ORIENTED_EDGE('',*,*,#838,.F.);
#1163=ORIENTED_EDGE('',*,*,#876,.T.);
#1164=ORIENTED_EDGE('',*,*,#878,.F.);
#1165=ORIENTED_EDGE('',*,*,#877,.T.);
#1166=ORIENTED_EDGE('',*,*,#882,.T.);
#1167=ORIENTED_EDGE('',*,*,#839,.F.);
#1168=ORIENTED_EDGE('',*,*,#873,.T.);
#1169=ORIENTED_EDGE('',*,*,#883,.T.);
#1170=ORIENTED_EDGE('',*,*,#835,.F.);
#1171=ORIENTED_EDGE('',*,*,#880,.T.);
#1172=ORIENTED_EDGE('',*,*,#833,.F.);
#1173=ORIENTED_EDGE('',*,*,#884,.F.);
#1174=ORIENTED_EDGE('',*,*,#872,.F.);
#1175=ORIENTED_EDGE('',*,*,#885,.T.);
#1176=ORIENTED_EDGE('',*,*,#836,.F.);
#1177=ORIENTED_EDGE('',*,*,#883,.F.);
#1178=ORIENTED_EDGE('',*,*,#871,.T.);
#1179=ORIENTED_EDGE('',*,*,#837,.F.);
#1180=ORIENTED_EDGE('',*,*,#885,.F.);
#1181=ORIENTED_EDGE('',*,*,#881,.F.);
#1182=ORIENTED_EDGE('',*,*,#884,.T.);
#1183=ORIENTED_EDGE('',*,*,#840,.F.);
#1184=ORIENTED_EDGE('',*,*,#882,.F.);
#1185=ORIENTED_EDGE('',*,*,#812,.T.);
#1186=ORIENTED_EDGE('',*,*,#886,.T.);
#1187=ORIENTED_EDGE('',*,*,#887,.F.);
#1188=ORIENTED_EDGE('',*,*,#888,.F.);
#1189=ORIENTED_EDGE('',*,*,#889,.F.);
#1190=ORIENTED_EDGE('',*,*,#890,.T.);
#1191=ORIENTED_EDGE('',*,*,#815,.T.);
#1192=ORIENTED_EDGE('',*,*,#800,.T.);
#1193=ORIENTED_EDGE('',*,*,#790,.T.);
#1194=ORIENTED_EDGE('',*,*,#891,.T.);
#1195=ORIENTED_EDGE('',*,*,#892,.F.);
#1196=ORIENTED_EDGE('',*,*,#893,.F.);
#1197=ORIENTED_EDGE('',*,*,#894,.F.);
#1198=ORIENTED_EDGE('',*,*,#895,.T.);
#1199=ORIENTED_EDGE('',*,*,#789,.T.);
#1200=ORIENTED_EDGE('',*,*,#778,.T.);
#1201=ORIENTED_EDGE('',*,*,#893,.T.);
#1202=ORIENTED_EDGE('',*,*,#896,.T.);
#1203=ORIENTED_EDGE('',*,*,#897,.F.);
#1204=ORIENTED_EDGE('',*,*,#898,.F.);
#1205=ORIENTED_EDGE('',*,*,#888,.T.);
#1206=ORIENTED_EDGE('',*,*,#899,.T.);
#1207=ORIENTED_EDGE('',*,*,#900,.F.);
#1208=ORIENTED_EDGE('',*,*,#901,.F.);
#1209=ORIENTED_EDGE('',*,*,#902,.T.);
#1210=ORIENTED_EDGE('',*,*,#900,.T.);
#1211=ORIENTED_EDGE('',*,*,#903,.T.);
#1212=ORIENTED_EDGE('',*,*,#897,.T.);
#1213=ORIENTED_EDGE('',*,*,#904,.F.);
#1214=ORIENTED_EDGE('',*,*,#905,.T.);
#1215=ORIENTED_EDGE('',*,*,#891,.F.);
#1216=ORIENTED_EDGE('',*,*,#773,.F.);
#1217=ORIENTED_EDGE('',*,*,#895,.F.);
#1218=ORIENTED_EDGE('',*,*,#906,.F.);
#1219=ORIENTED_EDGE('',*,*,#907,.F.);
#1220=ORIENTED_EDGE('',*,*,#787,.F.);
#1221=ORIENTED_EDGE('',*,*,#908,.F.);
#1222=ORIENTED_EDGE('',*,*,#906,.T.);
#1223=ORIENTED_EDGE('',*,*,#894,.T.);
#1224=ORIENTED_EDGE('',*,*,#898,.T.);
#1225=ORIENTED_EDGE('',*,*,#903,.F.);
#1226=ORIENTED_EDGE('',*,*,#899,.F.);
#1227=ORIENTED_EDGE('',*,*,#887,.T.);
#1228=ORIENTED_EDGE('',*,*,#909,.F.);
#1229=ORIENTED_EDGE('',*,*,#910,.F.);
#1230=ORIENTED_EDGE('',*,*,#909,.T.);
#1231=ORIENTED_EDGE('',*,*,#886,.F.);
#1232=ORIENTED_EDGE('',*,*,#798,.F.);
#1233=ORIENTED_EDGE('',*,*,#890,.F.);
#1234=ORIENTED_EDGE('',*,*,#911,.F.);
#1235=ORIENTED_EDGE('',*,*,#912,.F.);
#1236=ORIENTED_EDGE('',*,*,#810,.F.);
#1237=ORIENTED_EDGE('',*,*,#913,.F.);
#1238=ORIENTED_EDGE('',*,*,#911,.T.);
#1239=ORIENTED_EDGE('',*,*,#889,.T.);
#1240=ORIENTED_EDGE('',*,*,#901,.T.);
#1241=ORIENTED_EDGE('',*,*,#902,.F.);
#1242=ORIENTED_EDGE('',*,*,#896,.F.);
#1243=ORIENTED_EDGE('',*,*,#892,.T.);
#1244=ORIENTED_EDGE('',*,*,#905,.F.);
#1245=ORIENTED_EDGE('',*,*,#822,.F.);
#1246=ORIENTED_EDGE('',*,*,#914,.F.);
#1247=ORIENTED_EDGE('',*,*,#915,.F.);
#1248=ORIENTED_EDGE('',*,*,#831,.T.);
#1249=ORIENTED_EDGE('',*,*,#825,.F.);
#1250=ORIENTED_EDGE('',*,*,#830,.F.);
#1251=ORIENTED_EDGE('',*,*,#916,.F.);
#1252=ORIENTED_EDGE('',*,*,#914,.T.);
#1253=ORIENTED_EDGE('',*,*,#832,.T.);
#1254=ORIENTED_EDGE('',*,*,#915,.T.);
#1255=ORIENTED_EDGE('',*,*,#916,.T.);
#1256=ORIENTED_EDGE('',*,*,#829,.T.);
#1257=ORIENTED_EDGE('',*,*,#788,.T.);
#1258=ORIENTED_EDGE('',*,*,#907,.T.);
#1259=ORIENTED_EDGE('',*,*,#908,.T.);
#1260=ORIENTED_EDGE('',*,*,#910,.T.);
#1261=ORIENTED_EDGE('',*,*,#813,.T.);
#1262=ORIENTED_EDGE('',*,*,#808,.T.);
#1263=ORIENTED_EDGE('',*,*,#814,.T.);
#1264=ORIENTED_EDGE('',*,*,#912,.T.);
#1265=ORIENTED_EDGE('',*,*,#913,.T.);
#1266=ORIENTED_EDGE('',*,*,#904,.T.);
#1267=ORIENTED_EDGE('',*,*,#791,.T.);
#1268=ORIENTED_EDGE('',*,*,#783,.T.);
#1269=ORIENTED_EDGE('',*,*,#917,.F.);
#1270=ORIENTED_EDGE('',*,*,#918,.T.);
#1271=ORIENTED_EDGE('',*,*,#919,.F.);
#1272=ORIENTED_EDGE('',*,*,#918,.F.);
#1273=ORIENTED_EDGE('',*,*,#920,.T.);
#1274=ORIENTED_EDGE('',*,*,#921,.T.);
#1275=ORIENTED_EDGE('',*,*,#922,.F.);
#1276=ORIENTED_EDGE('',*,*,#923,.F.);
#1277=ORIENTED_EDGE('',*,*,#924,.F.);
#1278=ORIENTED_EDGE('',*,*,#923,.T.);
#1279=ORIENTED_EDGE('',*,*,#925,.F.);
#1280=ORIENTED_EDGE('',*,*,#926,.F.);
#1281=ORIENTED_EDGE('',*,*,#927,.F.);
#1282=ORIENTED_EDGE('',*,*,#926,.T.);
#1283=ORIENTED_EDGE('',*,*,#928,.F.);
#1284=ORIENTED_EDGE('',*,*,#929,.F.);
#1285=ORIENTED_EDGE('',*,*,#930,.F.);
#1286=ORIENTED_EDGE('',*,*,#929,.T.);
#1287=ORIENTED_EDGE('',*,*,#931,.F.);
#1288=ORIENTED_EDGE('',*,*,#932,.F.);
#1289=ORIENTED_EDGE('',*,*,#933,.T.);
#1290=ORIENTED_EDGE('',*,*,#932,.T.);
#1291=ORIENTED_EDGE('',*,*,#934,.F.);
#1292=ORIENTED_EDGE('',*,*,#935,.F.);
#1293=ORIENTED_EDGE('',*,*,#936,.F.);
#1294=ORIENTED_EDGE('',*,*,#935,.T.);
#1295=ORIENTED_EDGE('',*,*,#937,.F.);
#1296=ORIENTED_EDGE('',*,*,#938,.F.);
#1297=ORIENTED_EDGE('',*,*,#939,.F.);
#1298=ORIENTED_EDGE('',*,*,#938,.T.);
#1299=ORIENTED_EDGE('',*,*,#940,.F.);
#1300=ORIENTED_EDGE('',*,*,#941,.F.);
#1301=ORIENTED_EDGE('',*,*,#942,.T.);
#1302=ORIENTED_EDGE('',*,*,#941,.T.);
#1303=ORIENTED_EDGE('',*,*,#943,.F.);
#1304=ORIENTED_EDGE('',*,*,#921,.F.);
#1305=ORIENTED_EDGE('',*,*,#942,.F.);
#1306=ORIENTED_EDGE('',*,*,#920,.F.);
#1307=ORIENTED_EDGE('',*,*,#924,.T.);
#1308=ORIENTED_EDGE('',*,*,#927,.T.);
#1309=ORIENTED_EDGE('',*,*,#930,.T.);
#1310=ORIENTED_EDGE('',*,*,#933,.F.);
#1311=ORIENTED_EDGE('',*,*,#936,.T.);
#1312=ORIENTED_EDGE('',*,*,#939,.T.);
#1313=ORIENTED_EDGE('',*,*,#919,.T.);
#1314=ORIENTED_EDGE('',*,*,#943,.T.);
#1315=ORIENTED_EDGE('',*,*,#940,.T.);
#1316=ORIENTED_EDGE('',*,*,#937,.T.);
#1317=ORIENTED_EDGE('',*,*,#934,.T.);
#1318=ORIENTED_EDGE('',*,*,#931,.T.);
#1319=ORIENTED_EDGE('',*,*,#928,.T.);
#1320=ORIENTED_EDGE('',*,*,#925,.T.);
#1321=ORIENTED_EDGE('',*,*,#922,.T.);
#1322=ORIENTED_EDGE('',*,*,#917,.T.);
#1323=ORIENTED_EDGE('',*,*,#944,.F.);
#1324=ORIENTED_EDGE('',*,*,#945,.T.);
#1325=ORIENTED_EDGE('',*,*,#946,.F.);
#1326=ORIENTED_EDGE('',*,*,#945,.F.);
#1327=ORIENTED_EDGE('',*,*,#947,.T.);
#1328=ORIENTED_EDGE('',*,*,#948,.T.);
#1329=ORIENTED_EDGE('',*,*,#949,.F.);
#1330=ORIENTED_EDGE('',*,*,#950,.F.);
#1331=ORIENTED_EDGE('',*,*,#951,.F.);
#1332=ORIENTED_EDGE('',*,*,#950,.T.);
#1333=ORIENTED_EDGE('',*,*,#952,.F.);
#1334=ORIENTED_EDGE('',*,*,#953,.F.);
#1335=ORIENTED_EDGE('',*,*,#954,.F.);
#1336=ORIENTED_EDGE('',*,*,#953,.T.);
#1337=ORIENTED_EDGE('',*,*,#955,.F.);
#1338=ORIENTED_EDGE('',*,*,#956,.F.);
#1339=ORIENTED_EDGE('',*,*,#957,.F.);
#1340=ORIENTED_EDGE('',*,*,#956,.T.);
#1341=ORIENTED_EDGE('',*,*,#958,.F.);
#1342=ORIENTED_EDGE('',*,*,#959,.F.);
#1343=ORIENTED_EDGE('',*,*,#960,.T.);
#1344=ORIENTED_EDGE('',*,*,#959,.T.);
#1345=ORIENTED_EDGE('',*,*,#961,.F.);
#1346=ORIENTED_EDGE('',*,*,#962,.F.);
#1347=ORIENTED_EDGE('',*,*,#963,.F.);
#1348=ORIENTED_EDGE('',*,*,#962,.T.);
#1349=ORIENTED_EDGE('',*,*,#964,.F.);
#1350=ORIENTED_EDGE('',*,*,#965,.F.);
#1351=ORIENTED_EDGE('',*,*,#966,.F.);
#1352=ORIENTED_EDGE('',*,*,#965,.T.);
#1353=ORIENTED_EDGE('',*,*,#967,.F.);
#1354=ORIENTED_EDGE('',*,*,#968,.F.);
#1355=ORIENTED_EDGE('',*,*,#969,.T.);
#1356=ORIENTED_EDGE('',*,*,#968,.T.);
#1357=ORIENTED_EDGE('',*,*,#970,.F.);
#1358=ORIENTED_EDGE('',*,*,#948,.F.);
#1359=ORIENTED_EDGE('',*,*,#969,.F.);
#1360=ORIENTED_EDGE('',*,*,#947,.F.);
#1361=ORIENTED_EDGE('',*,*,#951,.T.);
#1362=ORIENTED_EDGE('',*,*,#954,.T.);
#1363=ORIENTED_EDGE('',*,*,#957,.T.);
#1364=ORIENTED_EDGE('',*,*,#960,.F.);
#1365=ORIENTED_EDGE('',*,*,#963,.T.);
#1366=ORIENTED_EDGE('',*,*,#966,.T.);
#1367=ORIENTED_EDGE('',*,*,#946,.T.);
#1368=ORIENTED_EDGE('',*,*,#970,.T.);
#1369=ORIENTED_EDGE('',*,*,#967,.T.);
#1370=ORIENTED_EDGE('',*,*,#964,.T.);
#1371=ORIENTED_EDGE('',*,*,#961,.T.);
#1372=ORIENTED_EDGE('',*,*,#958,.T.);
#1373=ORIENTED_EDGE('',*,*,#955,.T.);
#1374=ORIENTED_EDGE('',*,*,#952,.T.);
#1375=ORIENTED_EDGE('',*,*,#949,.T.);
#1376=ORIENTED_EDGE('',*,*,#944,.T.);
#1377=CYLINDRICAL_SURFACE('',#1490,0.349999999999998);
#1378=CYLINDRICAL_SURFACE('',#1495,0.350000000000001);
#1379=CYLINDRICAL_SURFACE('',#1502,0.349999999999998);
#1380=CYLINDRICAL_SURFACE('',#1507,0.350000000000001);
#1381=CYLINDRICAL_SURFACE('',#1514,1.);
#1382=CYLINDRICAL_SURFACE('',#1517,1.);
#1383=CYLINDRICAL_SURFACE('',#1519,1.);
#1384=CYLINDRICAL_SURFACE('',#1521,1.);
#1385=CYLINDRICAL_SURFACE('',#1525,15.9700409836066);
#1386=CYLINDRICAL_SURFACE('',#1542,15.9700409836066);
#1387=CYLINDRICAL_SURFACE('',#1543,15.9600409836066);
#1388=CYLINDRICAL_SURFACE('',#1544,15.9600409836066);
#1389=CYLINDRICAL_SURFACE('',#1549,15.9600409836066);
#1390=CYLINDRICAL_SURFACE('',#1550,18.2295728834842);
#1391=CYLINDRICAL_SURFACE('',#1575,1.);
#1392=CYLINDRICAL_SURFACE('',#1588,1.);
#1393=ADVANCED_FACE('',(#104),#1377,.F.);
#1394=ADVANCED_FACE('',(#105),#41,.F.);
#1395=ADVANCED_FACE('',(#106),#42,.F.);
#1396=ADVANCED_FACE('',(#107),#1378,.T.);
#1397=ADVANCED_FACE('',(#108),#43,.F.);
#1398=ADVANCED_FACE('',(#109),#44,.F.);
#1399=ADVANCED_FACE('',(#110),#45,.F.);
#1400=ADVANCED_FACE('',(#111),#46,.T.);
#1401=ADVANCED_FACE('',(#112),#1379,.F.);
#1402=ADVANCED_FACE('',(#113),#47,.T.);
#1403=ADVANCED_FACE('',(#114),#48,.T.);
#1404=ADVANCED_FACE('',(#115),#1380,.T.);
#1405=ADVANCED_FACE('',(#116),#49,.T.);
#1406=ADVANCED_FACE('',(#117),#50,.T.);
#1407=ADVANCED_FACE('',(#118),#51,.T.);
#1408=ADVANCED_FACE('',(#119),#52,.F.);
#1409=ADVANCED_FACE('',(#120),#1381,.T.);
#1410=ADVANCED_FACE('',(#121),#1382,.T.);
#1411=ADVANCED_FACE('',(#122),#1383,.T.);
#1412=ADVANCED_FACE('',(#123),#1384,.T.);
#1413=ADVANCED_FACE('',(#124),#53,.T.);
#1414=ADVANCED_FACE('',(#125),#54,.T.);
#1415=ADVANCED_FACE('',(#126,#27),#55,.T.);
#1416=ADVANCED_FACE('',(#127,#28),#1385,.F.);
#1417=ADVANCED_FACE('',(#128),#56,.T.);
#1418=ADVANCED_FACE('',(#129),#57,.T.);
#1419=ADVANCED_FACE('',(#130),#58,.T.);
#1420=ADVANCED_FACE('',(#131),#59,.T.);
#1421=ADVANCED_FACE('',(#132),#60,.T.);
#1422=ADVANCED_FACE('',(#133),#61,.T.);
#1423=ADVANCED_FACE('',(#134),#62,.T.);
#1424=ADVANCED_FACE('',(#135),#63,.T.);
#1425=ADVANCED_FACE('',(#136,#29),#1386,.F.);
#1426=ADVANCED_FACE('',(#137),#16,.F.);
#1427=ADVANCED_FACE('',(#138),#17,.F.);
#1428=ADVANCED_FACE('',(#139),#1387,.F.);
#1429=ADVANCED_FACE('',(#140,#30,#31),#1388,.F.);
#1430=ADVANCED_FACE('',(#141),#1389,.F.);
#1431=ADVANCED_FACE('',(#142),#1390,.T.);
#1432=ADVANCED_FACE('',(#143),#64,.T.);
#1433=ADVANCED_FACE('',(#144),#65,.F.);
#1434=ADVANCED_FACE('',(#145),#66,.F.);
#1435=ADVANCED_FACE('',(#146),#67,.F.);
#1436=ADVANCED_FACE('',(#147),#68,.F.);
#1437=ADVANCED_FACE('',(#148),#69,.F.);
#1438=ADVANCED_FACE('',(#149),#70,.F.);
#1439=ADVANCED_FACE('',(#150),#71,.F.);
#1440=ADVANCED_FACE('',(#151),#72,.T.);
#1441=ADVANCED_FACE('',(#152),#73,.T.);
#1442=ADVANCED_FACE('',(#153),#74,.T.);
#1443=ADVANCED_FACE('',(#154),#75,.T.);
#1444=ADVANCED_FACE('',(#155),#76,.T.);
#1445=ADVANCED_FACE('',(#156),#77,.T.);
#1446=ADVANCED_FACE('',(#157),#78,.T.);
#1447=ADVANCED_FACE('',(#158),#79,.T.);
#1448=ADVANCED_FACE('',(#159),#80,.T.);
#1449=ADVANCED_FACE('',(#160),#81,.T.);
#1450=ADVANCED_FACE('',(#161),#82,.T.);
#1451=ADVANCED_FACE('',(#162,#32),#83,.F.);
#1452=ADVANCED_FACE('',(#163),#1391,.F.);
#1453=ADVANCED_FACE('',(#164),#84,.T.);
#1454=ADVANCED_FACE('',(#165),#85,.T.);
#1455=ADVANCED_FACE('',(#166),#86,.T.);
#1456=ADVANCED_FACE('',(#167),#87,.T.);
#1457=ADVANCED_FACE('',(#168),#88,.T.);
#1458=ADVANCED_FACE('',(#169),#89,.T.);
#1459=ADVANCED_FACE('',(#170),#90,.T.);
#1460=ADVANCED_FACE('',(#171),#91,.T.);
#1461=ADVANCED_FACE('',(#172,#33),#92,.T.);
#1462=ADVANCED_FACE('',(#173,#34),#93,.F.);
#1463=ADVANCED_FACE('',(#174),#1392,.F.);
#1464=ADVANCED_FACE('',(#175),#94,.T.);
#1465=ADVANCED_FACE('',(#176),#95,.T.);
#1466=ADVANCED_FACE('',(#177),#96,.T.);
#1467=ADVANCED_FACE('',(#178),#97,.T.);
#1468=ADVANCED_FACE('',(#179),#98,.T.);
#1469=ADVANCED_FACE('',(#180),#99,.T.);
#1470=ADVANCED_FACE('',(#181),#100,.T.);
#1471=ADVANCED_FACE('',(#182),#101,.T.);
#1472=ADVANCED_FACE('',(#183,#35),#102,.T.);
#1473=ADVANCED_FACE('',(#184,#36),#103,.F.);
#1474=CLOSED_SHELL('',(#1393,#1394,#1395,#1396,#1397,#1398,#1399,#1400,
#1401,#1402,#1403,#1404,#1405,#1406,#1407,#1408,#1409,#1410,#1411,#1412,
#1413,#1414,#1415,#1416,#1417,#1418,#1419,#1420,#1421,#1422,#1423,#1424,
#1425,#1426,#1427,#1428,#1429,#1430,#1431,#1432,#1433,#1434,#1435,#1436,
#1437,#1438,#1439,#1440,#1441,#1442,#1443,#1444,#1445,#1446,#1447,#1448,
#1449,#1450,#1451));
#1475=CLOSED_SHELL('',(#1452,#1453,#1454,#1455,#1456,#1457,#1458,#1459,
#1460,#1461,#1462));
#1476=CLOSED_SHELL('',(#1463,#1464,#1465,#1466,#1467,#1468,#1469,#1470,
#1471,#1472,#1473));
#1477=DERIVED_UNIT_ELEMENT(#1479,1.);
#1478=DERIVED_UNIT_ELEMENT(#2574,-3.);
#1479=(
MASS_UNIT()
NAMED_UNIT(*)
SI_UNIT(.KILO.,.GRAM.)
);
#1480=DERIVED_UNIT((#1477,#1478));
#1481=MEASURE_REPRESENTATION_ITEM('density measure',
POSITIVE_RATIO_MEASURE(7850.),#1480);
#1482=PROPERTY_DEFINITION_REPRESENTATION(#1487,#1484);
#1483=PROPERTY_DEFINITION_REPRESENTATION(#1488,#1485);
#1484=REPRESENTATION('material name',(#1486),#2571);
#1485=REPRESENTATION('density',(#1481),#2571);
#1486=DESCRIPTIVE_REPRESENTATION_ITEM('Steel','Steel');
#1487=PROPERTY_DEFINITION('material property','material name',#2581);
#1488=PROPERTY_DEFINITION('material property','density of part',#2581);
#1489=AXIS2_PLACEMENT_3D('',#1992,#1601,#1602);
#1490=AXIS2_PLACEMENT_3D('',#1993,#1603,#1604);
#1491=AXIS2_PLACEMENT_3D('',#1996,#1605,#1606);
#1492=AXIS2_PLACEMENT_3D('',#2000,#1608,#1609);
#1493=AXIS2_PLACEMENT_3D('',#2002,#1611,#1612);
#1494=AXIS2_PLACEMENT_3D('',#2008,#1616,#1617);
#1495=AXIS2_PLACEMENT_3D('',#2017,#1622,#1623);
#1496=AXIS2_PLACEMENT_3D('',#2019,#1624,#1625);
#1497=AXIS2_PLACEMENT_3D('',#2022,#1627,#1628);
#1498=AXIS2_PLACEMENT_3D('',#2023,#1629,#1630);
#1499=AXIS2_PLACEMENT_3D('',#2029,#1634,#1635);
#1500=AXIS2_PLACEMENT_3D('',#2035,#1639,#1640);
#1501=AXIS2_PLACEMENT_3D('',#2038,#1643,#1644);
#1502=AXIS2_PLACEMENT_3D('',#2041,#1647,#1648);
#1503=AXIS2_PLACEMENT_3D('',#2044,#1649,#1650);
#1504=AXIS2_PLACEMENT_3D('',#2048,#1652,#1653);
#1505=AXIS2_PLACEMENT_3D('',#2050,#1655,#1656);
#1506=AXIS2_PLACEMENT_3D('',#2056,#1660,#1661);
#1507=AXIS2_PLACEMENT_3D('',#2065,#1666,#1667);
#1508=AXIS2_PLACEMENT_3D('',#2067,#1668,#1669);
#1509=AXIS2_PLACEMENT_3D('',#2069,#1670,#1671);
#1510=AXIS2_PLACEMENT_3D('',#2071,#1673,#1674);
#1511=AXIS2_PLACEMENT_3D('',#2077,#1678,#1679);
#1512=AXIS2_PLACEMENT_3D('',#2083,#1683,#1684);
#1513=AXIS2_PLACEMENT_3D('',#2086,#1687,#1688);
#1514=AXIS2_PLACEMENT_3D('',#2089,#1691,#1692);
#1515=AXIS2_PLACEMENT_3D('',#2094,#1694,#1695);
#1516=AXIS2_PLACEMENT_3D('',#2097,#1697,#1698);
#1517=AXIS2_PLACEMENT_3D('',#2098,#1699,#1700);
#1518=AXIS2_PLACEMENT_3D('',#2102,#1702,#1703);
#1519=AXIS2_PLACEMENT_3D('',#2104,#1705,#1706);
#1520=AXIS2_PLACEMENT_3D('',#2108,#1708,#1709);
#1521=AXIS2_PLACEMENT_3D('',#2110,#1711,#1712);
#1522=AXIS2_PLACEMENT_3D('',#2113,#1715,#1716);
#1523=AXIS2_PLACEMENT_3D('',#2119,#1720,#1721);
#1524=AXIS2_PLACEMENT_3D('',#2123,#1724,#1725);
#1525=AXIS2_PLACEMENT_3D('',#2140,#1734,#1735);
#1526=AXIS2_PLACEMENT_3D('',#2145,#1737,#1738);
#1527=AXIS2_PLACEMENT_3D('',#2148,#1740,#1741);
#1528=AXIS2_PLACEMENT_3D('',#2151,#1742,#1743);
#1529=AXIS2_PLACEMENT_3D('',#2155,#1745,#1746);
#1530=AXIS2_PLACEMENT_3D('',#2157,#1748,#1749);
#1531=AXIS2_PLACEMENT_3D('',#2161,#1751,#1752);
#1532=AXIS2_PLACEMENT_3D('',#2163,#1754,#1755);
#1533=AXIS2_PLACEMENT_3D('',#2167,#1758,#1759);
#1534=AXIS2_PLACEMENT_3D('',#2169,#1760,#1761);
#1535=AXIS2_PLACEMENT_3D('',#2171,#1763,#1764);
#1536=AXIS2_PLACEMENT_3D('',#2173,#1766,#1767);
#1537=AXIS2_PLACEMENT_3D('',#2179,#1771,#1772);
#1538=AXIS2_PLACEMENT_3D('',#2181,#1773,#1774);
#1539=AXIS2_PLACEMENT_3D('',#2183,#1776,#1777);
#1540=AXIS2_PLACEMENT_3D('',#2187,#1780,#1781);
#1541=AXIS2_PLACEMENT_3D('',#2188,#1782,#1783);
#1542=AXIS2_PLACEMENT_3D('',#2189,#1784,#1785);
#1543=AXIS2_PLACEMENT_3D('',#2364,#1788,#1789);
#1544=AXIS2_PLACEMENT_3D('',#2365,#1790,#1791);
#1545=AXIS2_PLACEMENT_3D('',#2367,#1792,#1793);
#1546=AXIS2_PLACEMENT_3D('',#2370,#1795,#1796);
#1547=AXIS2_PLACEMENT_3D('',#2372,#1797,#1798);
#1548=AXIS2_PLACEMENT_3D('',#2375,#1800,#1801);
#1549=AXIS2_PLACEMENT_3D('',#2376,#1802,#1803);
#1550=AXIS2_PLACEMENT_3D('',#2377,#1804,#1805);
#1551=AXIS2_PLACEMENT_3D('',#2379,#1806,#1807);
#1552=AXIS2_PLACEMENT_3D('',#2380,#1808,#1809);
#1553=AXIS2_PLACEMENT_3D('',#2381,#1810,#1811);
#1554=AXIS2_PLACEMENT_3D('',#2383,#1812,#1813);
#1555=AXIS2_PLACEMENT_3D('',#2385,#1815,#1816);
#1556=AXIS2_PLACEMENT_3D('',#2386,#1817,#1818);
#1557=AXIS2_PLACEMENT_3D('',#2387,#1819,#1820);
#1558=AXIS2_PLACEMENT_3D('',#2389,#1822,#1823);
#1559=AXIS2_PLACEMENT_3D('',#2391,#1825,#1826);
#1560=AXIS2_PLACEMENT_3D('',#2393,#1828,#1829);
#1561=AXIS2_PLACEMENT_3D('',#2395,#1831,#1832);
#1562=AXIS2_PLACEMENT_3D('',#2396,#1833,#1834);
#1563=AXIS2_PLACEMENT_3D('',#2397,#1835,#1836);
#1564=AXIS2_PLACEMENT_3D('',#2407,#1842,#1843);
#1565=AXIS2_PLACEMENT_3D('',#2417,#1849,#1850);
#1566=AXIS2_PLACEMENT_3D('',#2423,#1854,#1855);
#1567=AXIS2_PLACEMENT_3D('',#2429,#1859,#1860);
#1568=AXIS2_PLACEMENT_3D('',#2432,#1863,#1864);
#1569=AXIS2_PLACEMENT_3D('',#2439,#1869,#1870);
#1570=AXIS2_PLACEMENT_3D('',#2443,#1873,#1874);
#1571=AXIS2_PLACEMENT_3D('',#2448,#1878,#1879);
#1572=AXIS2_PLACEMENT_3D('',#2450,#1881,#1882);
#1573=AXIS2_PLACEMENT_3D('',#2454,#1885,#1886);
#1574=AXIS2_PLACEMENT_3D('',#2456,#1888,#1889);
#1575=AXIS2_PLACEMENT_3D('',#2457,#1890,#1891);
#1576=AXIS2_PLACEMENT_3D('',#2459,#1892,#1893);
#1577=AXIS2_PLACEMENT_3D('',#2462,#1895,#1896);
#1578=AXIS2_PLACEMENT_3D('',#2463,#1897,#1898);
#1579=AXIS2_PLACEMENT_3D('',#2472,#1903,#1904);
#1580=AXIS2_PLACEMENT_3D('',#2478,#1908,#1909);
#1581=AXIS2_PLACEMENT_3D('',#2484,#1913,#1914);
#1582=AXIS2_PLACEMENT_3D('',#2490,#1918,#1919);
#1583=AXIS2_PLACEMENT_3D('',#2496,#1923,#1924);
#1584=AXIS2_PLACEMENT_3D('',#2502,#1928,#1929);
#1585=AXIS2_PLACEMENT_3D('',#2508,#1933,#1934);
#1586=AXIS2_PLACEMENT_3D('',#2511,#1937,#1938);
#1587=AXIS2_PLACEMENT_3D('',#2512,#1939,#1940);
#1588=AXIS2_PLACEMENT_3D('',#2513,#1941,#1942);
#1589=AXIS2_PLACEMENT_3D('',#2515,#1943,#1944);
#1590=AXIS2_PLACEMENT_3D('',#2518,#1946,#1947);
#1591=AXIS2_PLACEMENT_3D('',#2519,#1948,#1949);
#1592=AXIS2_PLACEMENT_3D('',#2528,#1954,#1955);
#1593=AXIS2_PLACEMENT_3D('',#2534,#1959,#1960);
#1594=AXIS2_PLACEMENT_3D('',#2540,#1964,#1965);
#1595=AXIS2_PLACEMENT_3D('',#2546,#1969,#1970);
#1596=AXIS2_PLACEMENT_3D('',#2552,#1974,#1975);
#1597=AXIS2_PLACEMENT_3D('',#2558,#1979,#1980);
#1598=AXIS2_PLACEMENT_3D('',#2564,#1984,#1985);
#1599=AXIS2_PLACEMENT_3D('',#2567,#1988,#1989);
#1600=AXIS2_PLACEMENT_3D('',#2568,#1990,#1991);
#1601=DIRECTION('axis',(0.,0.,1.));
#1602=DIRECTION('refdir',(1.,0.,0.));
#1603=DIRECTION('center_axis',(0.,-1.,0.));
#1604=DIRECTION('ref_axis',(-0.90630778703665,0.,-0.4226182617407));
#1605=DIRECTION('center_axis',(0.,1.,0.));
#1606=DIRECTION('ref_axis',(-0.90630778703665,0.,-0.4226182617407));
#1607=DIRECTION('',(0.,1.,0.));
#1608=DIRECTION('center_axis',(0.,1.,0.));
#1609=DIRECTION('ref_axis',(-0.90630778703665,0.,-0.4226182617407));
#1610=DIRECTION('',(0.,1.,0.));
#1611=DIRECTION('center_axis',(-0.90630778703665,0.,-0.4226182617407));
#1612=DIRECTION('ref_axis',(-0.4226182617407,0.,0.90630778703665));
#1613=DIRECTION('',(0.4226182617407,0.,-0.90630778703665));
#1614=DIRECTION('',(0.,1.,0.));
#1615=DIRECTION('',(-0.4226182617407,0.,0.90630778703665));
#1616=DIRECTION('center_axis',(0.90630778703665,0.,0.422618261740699));
#1617=DIRECTION('ref_axis',(0.422618261740699,0.,-0.90630778703665));
#1618=DIRECTION('',(0.422618261740699,0.,-0.90630778703665));
#1619=DIRECTION('',(0.,1.,0.));
#1620=DIRECTION('',(0.422618261740699,0.,-0.90630778703665));
#1621=DIRECTION('',(0.,1.,0.));
#1622=DIRECTION('center_axis',(0.,-1.,0.));
#1623=DIRECTION('ref_axis',(-0.906307787036651,0.,-0.422618261740697));
#1624=DIRECTION('center_axis',(0.,1.,0.));
#1625=DIRECTION('ref_axis',(-0.906307787036651,0.,-0.422618261740697));
#1626=DIRECTION('',(0.,1.,0.));
#1627=DIRECTION('center_axis',(0.,-1.,0.));
#1628=DIRECTION('ref_axis',(-0.906307787036651,0.,-0.422618261740697));
#1629=DIRECTION('center_axis',(0.90630778703665,0.,-0.422618261740699));
#1630=DIRECTION('ref_axis',(-0.422618261740699,0.,-0.90630778703665));
#1631=DIRECTION('',(-0.422618261740699,0.,-0.90630778703665));
#1632=DIRECTION('',(0.,-1.,0.));
#1633=DIRECTION('',(-0.422618261740699,0.,-0.90630778703665));
#1634=DIRECTION('center_axis',(-0.90630778703665,0.,0.422618261740699));
#1635=DIRECTION('ref_axis',(0.422618261740699,0.,0.90630778703665));
#1636=DIRECTION('',(-0.422618261740699,0.,-0.90630778703665));
#1637=DIRECTION('',(0.422618261740699,0.,0.90630778703665));
#1638=DIRECTION('',(0.,-1.,0.));
#1639=DIRECTION('center_axis',(0.,1.,0.));
#1640=DIRECTION('ref_axis',(-1.,0.,0.));
#1641=DIRECTION('',(1.,0.,0.));
#1642=DIRECTION('',(-1.,0.,0.));
#1643=DIRECTION('center_axis',(0.,1.,0.));
#1644=DIRECTION('ref_axis',(-1.,0.,0.));
#1645=DIRECTION('',(1.,0.,0.));
#1646=DIRECTION('',(-1.,0.,0.));
#1647=DIRECTION('center_axis',(0.,1.,0.));
#1648=DIRECTION('ref_axis',(0.90630778703665,0.,-0.4226182617407));
#1649=DIRECTION('center_axis',(0.,-1.,0.));
#1650=DIRECTION('ref_axis',(0.90630778703665,0.,-0.4226182617407));
#1651=DIRECTION('',(0.,1.,0.));
#1652=DIRECTION('center_axis',(0.,-1.,0.));
#1653=DIRECTION('ref_axis',(0.90630778703665,0.,-0.4226182617407));
#1654=DIRECTION('',(0.,1.,0.));
#1655=DIRECTION('center_axis',(-0.90630778703665,0.,0.4226182617407));
#1656=DIRECTION('ref_axis',(0.4226182617407,0.,0.90630778703665));
#1657=DIRECTION('',(-0.4226182617407,0.,-0.90630778703665));
#1658=DIRECTION('',(0.4226182617407,0.,0.90630778703665));
#1659=DIRECTION('',(0.,-1.,0.));
#1660=DIRECTION('center_axis',(0.90630778703665,0.,-0.422618261740699));
#1661=DIRECTION('ref_axis',(-0.422618261740699,0.,-0.90630778703665));
#1662=DIRECTION('',(-0.422618261740699,0.,-0.90630778703665));
#1663=DIRECTION('',(0.,-1.,0.));
#1664=DIRECTION('',(-0.422618261740699,0.,-0.90630778703665));
#1665=DIRECTION('',(0.,1.,0.));
#1666=DIRECTION('center_axis',(0.,1.,0.));
#1667=DIRECTION('ref_axis',(0.906307787036651,0.,-0.422618261740697));
#1668=DIRECTION('center_axis',(0.,-1.,0.));
#1669=DIRECTION('ref_axis',(0.906307787036651,0.,-0.422618261740697));
#1670=DIRECTION('center_axis',(0.,1.,0.));
#1671=DIRECTION('ref_axis',(0.906307787036651,0.,-0.422618261740697));
#1672=DIRECTION('',(0.,1.,0.));
#1673=DIRECTION('center_axis',(0.90630778703665,0.,0.422618261740699));
#1674=DIRECTION('ref_axis',(0.422618261740699,0.,-0.90630778703665));
#1675=DIRECTION('',(0.422618261740699,0.,-0.90630778703665));
#1676=DIRECTION('',(0.422618261740699,0.,-0.90630778703665));
#1677=DIRECTION('',(0.,1.,0.));
#1678=DIRECTION('center_axis',(-0.90630778703665,0.,-0.422618261740699));
#1679=DIRECTION('ref_axis',(-0.422618261740699,0.,0.90630778703665));
#1680=DIRECTION('',(0.422618261740699,0.,-0.90630778703665));
#1681=DIRECTION('',(0.,1.,0.));
#1682=DIRECTION('',(-0.422618261740699,0.,0.90630778703665));
#1683=DIRECTION('center_axis',(0.,-1.,0.));
#1684=DIRECTION('ref_axis',(1.,0.,0.));
#1685=DIRECTION('',(-1.,0.,0.));
#1686=DIRECTION('',(1.,0.,0.));
#1687=DIRECTION('center_axis',(0.,-1.,0.));
#1688=DIRECTION('ref_axis',(1.,0.,0.));
#1689=DIRECTION('',(-1.,0.,0.));
#1690=DIRECTION('',(1.,0.,0.));
#1691=DIRECTION('center_axis',(-1.,0.,0.));
#1692=DIRECTION('ref_axis',(0.,0.707106781186547,0.707106781186548));
#1693=DIRECTION('',(1.,0.,0.));
#1694=DIRECTION('center_axis',(-0.707106781186548,0.707106781186548,0.));
#1695=DIRECTION('ref_axis',(0.707106781186548,0.707106781186548,0.));
#1696=DIRECTION('',(-1.,0.,0.));
#1697=DIRECTION('center_axis',(-0.707106781186548,-0.707106781186548,-7.85046229341888E-16));
#1698=DIRECTION('ref_axis',(-0.707106781186548,0.707106781186548,-7.85046229341887E-16));
#1699=DIRECTION('center_axis',(0.,1.,0.));
#1700=DIRECTION('ref_axis',(0.707106781186547,0.,0.707106781186548));
#1701=DIRECTION('',(0.,-1.,0.));
#1702=DIRECTION('center_axis',(0.707106781186548,0.707106781186548,-7.85046229341888E-16));
#1703=DIRECTION('ref_axis',(0.707106781186548,-0.707106781186548,-7.85046229341887E-16));
#1704=DIRECTION('',(0.,1.,0.));
#1705=DIRECTION('center_axis',(1.,0.,0.));
#1706=DIRECTION('ref_axis',(0.,-0.707106781186547,0.707106781186548));
#1707=DIRECTION('',(-1.,0.,0.));
#1708=DIRECTION('center_axis',(0.707106781186548,-0.707106781186548,0.));
#1709=DIRECTION('ref_axis',(-0.707106781186548,-0.707106781186548,0.));
#1710=DIRECTION('',(1.,0.,0.));
#1711=DIRECTION('center_axis',(0.,-1.,0.));
#1712=DIRECTION('ref_axis',(-0.707106781186547,0.,0.707106781186548));
#1713=DIRECTION('',(0.,-1.,0.));
#1714=DIRECTION('',(0.,1.,0.));
#1715=DIRECTION('center_axis',(-1.,0.,0.));
#1716=DIRECTION('ref_axis',(0.,-1.,0.));
#1717=DIRECTION('',(0.,0.,1.));
#1718=DIRECTION('',(0.,1.,0.));
#1719=DIRECTION('',(0.,0.,1.));
#1720=DIRECTION('center_axis',(0.,1.,0.));
#1721=DIRECTION('ref_axis',(-1.,0.,0.));
#1722=DIRECTION('',(0.,0.,1.));
#1723=DIRECTION('',(1.,0.,0.));
#1724=DIRECTION('center_axis',(0.,0.,1.));
#1725=DIRECTION('ref_axis',(1.,0.,0.));
#1726=DIRECTION('',(-1.,0.,0.));
#1727=DIRECTION('',(-1.,0.,0.));
#1728=DIRECTION('',(-1.,0.,0.));
#1729=DIRECTION('',(0.,1.,0.));
#1730=DIRECTION('',(1.,0.,0.));
#1731=DIRECTION('',(1.,0.,0.));
#1732=DIRECTION('',(1.,0.,0.));
#1733=DIRECTION('',(0.,-1.,0.));
#1734=DIRECTION('center_axis',(0.,-1.,0.));
#1735=DIRECTION('ref_axis',(6.9562667524822E-17,0.,-1.));
#1736=DIRECTION('',(0.,1.,0.));
#1737=DIRECTION('center_axis',(0.,1.,0.));
#1738=DIRECTION('ref_axis',(0.687618769512705,0.,-0.726071916420015));
#1739=DIRECTION('',(0.,-1.,0.));
#1740=DIRECTION('center_axis',(0.,-1.,0.));
#1741=DIRECTION('ref_axis',(0.430387409810692,0.,-0.902644269619236));
#1742=DIRECTION('center_axis',(0.,-1.,0.));
#1743=DIRECTION('ref_axis',(0.458449854565901,0.,-0.888720277054881));
#1744=DIRECTION('',(0.,-1.,0.));
#1745=DIRECTION('center_axis',(0.,1.,0.));
#1746=DIRECTION('ref_axis',(0.664538527523368,0.,-0.747254003292772));
#1747=DIRECTION('',(0.,1.,0.));
#1748=DIRECTION('center_axis',(0.,1.,0.));
#1749=DIRECTION('ref_axis',(0.,0.,1.));
#1750=DIRECTION('',(-0.458449854565901,0.,0.888720277054881));
#1751=DIRECTION('center_axis',(0.,1.,0.));
#1752=DIRECTION('ref_axis',(6.9562667524822E-17,0.,-1.));
#1753=DIRECTION('',(-0.664538527523368,0.,0.747254003292772));
#1754=DIRECTION('center_axis',(0.747254003292772,0.,0.664538527523368));
#1755=DIRECTION('ref_axis',(0.664538527523368,0.,-0.747254003292772));
#1756=DIRECTION('',(0.,1.,0.));
#1757=DIRECTION('',(-0.664538527523368,0.,0.747254003292772));
#1758=DIRECTION('center_axis',(0.,-1.,0.));
#1759=DIRECTION('ref_axis',(0.,0.,-1.));
#1760=DIRECTION('center_axis',(0.,-1.,0.));
#1761=DIRECTION('ref_axis',(6.9562667524822E-17,0.,-1.));
#1762=DIRECTION('',(-0.458449854565901,0.,0.888720277054881));
#1763=DIRECTION('center_axis',(-0.888720277054881,0.,-0.458449854565901));
#1764=DIRECTION('ref_axis',(-0.458449854565901,0.,0.888720277054881));
#1765=DIRECTION('',(0.,-1.,0.));
#1766=DIRECTION('center_axis',(0.902644269619236,0.,0.430387409810692));
#1767=DIRECTION('ref_axis',(0.430387409810692,0.,-0.902644269619236));
#1768=DIRECTION('',(-0.430387409810692,0.,0.902644269619236));
#1769=DIRECTION('',(0.,1.,0.));
#1770=DIRECTION('',(-0.430387409810692,0.,0.902644269619236));
#1771=DIRECTION('center_axis',(0.,1.,0.));
#1772=DIRECTION('ref_axis',(0.,0.,1.));
#1773=DIRECTION('center_axis',(0.,1.,0.));
#1774=DIRECTION('ref_axis',(6.9562667524822E-17,0.,-1.));
#1775=DIRECTION('',(-0.687618769512706,0.,0.726071916420015));
#1776=DIRECTION('center_axis',(-0.726071916420015,0.,-0.687618769512706));
#1777=DIRECTION('ref_axis',(-0.687618769512706,0.,0.726071916420015));
#1778=DIRECTION('',(0.,-1.,0.));
#1779=DIRECTION('',(-0.687618769512706,0.,0.726071916420015));
#1780=DIRECTION('center_axis',(0.,-1.,0.));
#1781=DIRECTION('ref_axis',(0.,0.,-1.));
#1782=DIRECTION('center_axis',(0.,-1.,0.));
#1783=DIRECTION('ref_axis',(6.9562667524822E-17,0.,-1.));
#1784=DIRECTION('center_axis',(0.,-1.,0.));
#1785=DIRECTION('ref_axis',(6.9562667524822E-17,0.,-1.));
#1786=DIRECTION('',(-0.0219280058983918,0.,0.999759552371129));
#1787=DIRECTION('',(-0.0532328305378093,0.,0.998582127695531));
#1788=DIRECTION('center_axis',(0.,-1.,0.));
#1789=DIRECTION('ref_axis',(6.9562667524822E-17,0.,-1.));
#1790=DIRECTION('center_axis',(0.,-1.,0.));
#1791=DIRECTION('ref_axis',(6.9562667524822E-17,0.,-1.));
#1792=DIRECTION('center_axis',(0.,-1.,0.));
#1793=DIRECTION('ref_axis',(6.9562667524822E-17,0.,-1.));
#1794=DIRECTION('',(0.,-1.,0.));
#1795=DIRECTION('center_axis',(0.,1.,0.));
#1796=DIRECTION('ref_axis',(6.9562667524822E-17,0.,-1.));
#1797=DIRECTION('center_axis',(0.,1.,0.));
#1798=DIRECTION('ref_axis',(6.9562667524822E-17,0.,-1.));
#1799=DIRECTION('',(0.,-1.,0.));
#1800=DIRECTION('center_axis',(0.,-1.,0.));
#1801=DIRECTION('ref_axis',(6.9562667524822E-17,0.,-1.));
#1802=DIRECTION('center_axis',(0.,-1.,0.));
#1803=DIRECTION('ref_axis',(6.9562667524822E-17,0.,-1.));
#1804=DIRECTION('center_axis',(0.,-1.,0.));
#1805=DIRECTION('ref_axis',(0.959028382049953,0.,0.283310011158536));
#1806=DIRECTION('center_axis',(0.,1.,0.));
#1807=DIRECTION('ref_axis',(0.959028382049953,0.,0.283310011158536));
#1808=DIRECTION('center_axis',(0.,-1.,0.));
#1809=DIRECTION('ref_axis',(0.959028382049953,0.,0.283310011158536));
#1810=DIRECTION('center_axis',(0.,-1.,0.));
#1811=DIRECTION('ref_axis',(0.959028382049953,0.,0.283310011158536));
#1812=DIRECTION('center_axis',(0.,-1.,0.));
#1813=DIRECTION('ref_axis',(0.959028382049953,0.,0.283310011158536));
#1814=DIRECTION('',(0.,1.,0.));
#1815=DIRECTION('center_axis',(0.,-1.,0.));
#1816=DIRECTION('ref_axis',(1.,0.,0.));
#1817=DIRECTION('center_axis',(0.,-1.,0.));
#1818=DIRECTION('ref_axis',(1.,0.,0.));
#1819=DIRECTION('center_axis',(0.,1.,0.));
#1820=DIRECTION('ref_axis',(-1.,0.,0.));
#1821=DIRECTION('',(0.,0.,1.));
#1822=DIRECTION('center_axis',(0.,-1.,0.));
#1823=DIRECTION('ref_axis',(1.,0.,0.));
#1824=DIRECTION('',(0.,0.,1.));
#1825=DIRECTION('center_axis',(0.,-1.,0.));
#1826=DIRECTION('ref_axis',(1.,0.,0.));
#1827=DIRECTION('',(0.,0.,1.));
#1828=DIRECTION('center_axis',(-1.,0.,0.));
#1829=DIRECTION('ref_axis',(0.,-1.,0.));
#1830=DIRECTION('',(0.,0.,1.));
#1831=DIRECTION('center_axis',(0.,1.,0.));
#1832=DIRECTION('ref_axis',(-1.,0.,0.));
#1833=DIRECTION('center_axis',(1.,0.,0.));
#1834=DIRECTION('ref_axis',(0.,1.,0.));
#1835=DIRECTION('center_axis',(0.,0.,1.));
#1836=DIRECTION('ref_axis',(1.,0.,0.));
#1837=DIRECTION('',(0.,-1.,0.));
#1838=DIRECTION('',(-1.,0.,0.));
#1839=DIRECTION('',(0.,-1.,0.));
#1840=DIRECTION('',(1.,0.,0.));
#1841=DIRECTION('',(0.,-1.,0.));
#1842=DIRECTION('center_axis',(0.,0.,1.));
#1843=DIRECTION('ref_axis',(1.,0.,0.));
#1844=DIRECTION('',(0.,1.,0.));
#1845=DIRECTION('',(1.,0.,0.));
#1846=DIRECTION('',(0.,1.,0.));
#1847=DIRECTION('',(-1.,0.,0.));
#1848=DIRECTION('',(0.,1.,0.));
#1849=DIRECTION('center_axis',(-1.,0.,0.));
#1850=DIRECTION('ref_axis',(0.,1.,0.));
#1851=DIRECTION('',(0.,0.,-1.));
#1852=DIRECTION('',(0.,1.,0.));
#1853=DIRECTION('',(0.,0.,-1.));
#1854=DIRECTION('center_axis',(1.,0.,0.));
#1855=DIRECTION('ref_axis',(0.,-1.,0.));
#1856=DIRECTION('',(0.,0.,-1.));
#1857=DIRECTION('',(0.,-1.,0.));
#1858=DIRECTION('',(0.,0.,-1.));
#1859=DIRECTION('center_axis',(0.,0.,-1.));
#1860=DIRECTION('ref_axis',(-1.,0.,0.));
#1861=DIRECTION('',(1.,0.,0.));
#1862=DIRECTION('',(-1.,0.,0.));
#1863=DIRECTION('center_axis',(-1.,0.,0.));
#1864=DIRECTION('ref_axis',(0.,1.,0.));
#1865=DIRECTION('',(0.,-1.,0.));
#1866=DIRECTION('',(0.,0.,-1.));
#1867=DIRECTION('',(0.,0.,-1.));
#1868=DIRECTION('',(0.,-1.,0.));
#1869=DIRECTION('center_axis',(0.,-1.,0.));
#1870=DIRECTION('ref_axis',(-1.,0.,0.));
#1871=DIRECTION('',(1.,0.,0.));
#1872=DIRECTION('',(0.,0.,-1.));
#1873=DIRECTION('center_axis',(1.,0.,0.));
#1874=DIRECTION('ref_axis',(0.,-1.,0.));
#1875=DIRECTION('',(0.,1.,0.));
#1876=DIRECTION('',(0.,0.,-1.));
#1877=DIRECTION('',(0.,1.,0.));
#1878=DIRECTION('center_axis',(0.,1.,0.));
#1879=DIRECTION('ref_axis',(1.,0.,0.));
#1880=DIRECTION('',(-1.,0.,0.));
#1881=DIRECTION('center_axis',(1.,0.,0.));
#1882=DIRECTION('ref_axis',(0.,1.,0.));
#1883=DIRECTION('',(0.,0.,1.));
#1884=DIRECTION('',(0.,-1.,0.));
#1885=DIRECTION('center_axis',(0.,-1.,0.));
#1886=DIRECTION('ref_axis',(1.,0.,0.));
#1887=DIRECTION('',(-1.,0.,0.));
#1888=DIRECTION('center_axis',(0.,0.,1.));
#1889=DIRECTION('ref_axis',(1.,0.,0.));
#1890=DIRECTION('center_axis',(1.,0.,0.));
#1891=DIRECTION('ref_axis',(0.,-1.,0.));
#1892=DIRECTION('center_axis',(-1.,0.,0.));
#1893=DIRECTION('ref_axis',(0.,-1.,0.));
#1894=DIRECTION('',(-1.,0.,0.));
#1895=DIRECTION('center_axis',(1.,0.,0.));
#1896=DIRECTION('ref_axis',(0.,-1.,0.));
#1897=DIRECTION('center_axis',(0.,0.707106781186547,-0.707106781186548));
#1898=DIRECTION('ref_axis',(0.,0.707106781186548,0.707106781186547));
#1899=DIRECTION('',(0.,0.707106781186548,0.707106781186547));
#1900=DIRECTION('',(1.,0.,0.));
#1901=DIRECTION('',(0.,0.707106781186548,0.707106781186547));
#1902=DIRECTION('',(1.,0.,0.));
#1903=DIRECTION('center_axis',(0.,1.,0.));
#1904=DIRECTION('ref_axis',(0.,0.,1.));
#1905=DIRECTION('',(0.,0.,-1.));
#1906=DIRECTION('',(0.,0.,1.));
#1907=DIRECTION('',(1.,0.,0.));
#1908=DIRECTION('center_axis',(0.,0.707106781186548,-0.707106781186548));
#1909=DIRECTION('ref_axis',(0.,0.707106781186548,0.707106781186548));
#1910=DIRECTION('',(0.,-0.707106781186548,-0.707106781186548));
#1911=DIRECTION('',(0.,0.707106781186548,0.707106781186548));
#1912=DIRECTION('',(1.,0.,0.));
#1913=DIRECTION('center_axis',(0.,0.,-1.));
#1914=DIRECTION('ref_axis',(0.,1.,0.));
#1915=DIRECTION('',(0.,-1.,0.));
#1916=DIRECTION('',(0.,1.,0.));
#1917=DIRECTION('',(1.,0.,0.));
#1918=DIRECTION('center_axis',(0.,-0.707106781186548,-0.707106781186548));
#1919=DIRECTION('ref_axis',(0.,0.707106781186548,-0.707106781186548));
#1920=DIRECTION('',(0.,0.707106781186548,-0.707106781186548));
#1921=DIRECTION('',(0.,0.707106781186548,-0.707106781186548));
#1922=DIRECTION('',(1.,0.,0.));
#1923=DIRECTION('center_axis',(0.,-1.,0.));
#1924=DIRECTION('ref_axis',(0.,0.,-1.));
#1925=DIRECTION('',(0.,0.,1.));
#1926=DIRECTION('',(0.,0.,-1.));
#1927=DIRECTION('',(1.,0.,0.));
#1928=DIRECTION('center_axis',(0.,-0.707106781186548,-0.707106781186547));
#1929=DIRECTION('ref_axis',(0.,0.707106781186547,-0.707106781186548));
#1930=DIRECTION('',(0.,-0.707106781186547,0.707106781186548));
#1931=DIRECTION('',(0.,0.707106781186547,-0.707106781186548));
#1932=DIRECTION('',(1.,0.,0.));
#1933=DIRECTION('center_axis',(0.,0.,1.));
#1934=DIRECTION('ref_axis',(0.,-1.,0.));
#1935=DIRECTION('',(0.,-1.,0.));
#1936=DIRECTION('',(0.,-1.,0.));
#1937=DIRECTION('center_axis',(-1.,0.,0.));
#1938=DIRECTION('ref_axis',(0.,-1.,0.));
#1939=DIRECTION('center_axis',(-1.,0.,0.));
#1940=DIRECTION('ref_axis',(0.,-1.,0.));
#1941=DIRECTION('center_axis',(1.,0.,0.));
#1942=DIRECTION('ref_axis',(0.,-1.,0.));
#1943=DIRECTION('center_axis',(-1.,0.,0.));
#1944=DIRECTION('ref_axis',(0.,-1.,0.));
#1945=DIRECTION('',(-1.,0.,0.));
#1946=DIRECTION('center_axis',(1.,0.,0.));
#1947=DIRECTION('ref_axis',(0.,-1.,0.));
#1948=DIRECTION('center_axis',(0.,0.707106781186547,-0.707106781186548));
#1949=DIRECTION('ref_axis',(0.,0.707106781186548,0.707106781186547));
#1950=DIRECTION('',(0.,0.707106781186548,0.707106781186547));
#1951=DIRECTION('',(1.,0.,0.));
#1952=DIRECTION('',(0.,0.707106781186548,0.707106781186547));
#1953=DIRECTION('',(1.,0.,0.));
#1954=DIRECTION('center_axis',(0.,1.,0.));
#1955=DIRECTION('ref_axis',(0.,0.,1.));
#1956=DIRECTION('',(0.,0.,-1.));
#1957=DIRECTION('',(0.,0.,1.));
#1958=DIRECTION('',(1.,0.,0.));
#1959=DIRECTION('center_axis',(0.,0.707106781186548,-0.707106781186548));
#1960=DIRECTION('ref_axis',(0.,0.707106781186548,0.707106781186548));
#1961=DIRECTION('',(0.,-0.707106781186548,-0.707106781186548));
#1962=DIRECTION('',(0.,0.707106781186548,0.707106781186548));
#1963=DIRECTION('',(1.,0.,0.));
#1964=DIRECTION('center_axis',(0.,0.,-1.));
#1965=DIRECTION('ref_axis',(0.,1.,0.));
#1966=DIRECTION('',(0.,-1.,0.));
#1967=DIRECTION('',(0.,1.,0.));
#1968=DIRECTION('',(1.,0.,0.));
#1969=DIRECTION('center_axis',(0.,-0.707106781186548,-0.707106781186548));
#1970=DIRECTION('ref_axis',(0.,0.707106781186548,-0.707106781186548));
#1971=DIRECTION('',(0.,0.707106781186548,-0.707106781186548));
#1972=DIRECTION('',(0.,0.707106781186548,-0.707106781186548));
#1973=DIRECTION('',(1.,0.,0.));
#1974=DIRECTION('center_axis',(0.,-1.,0.));
#1975=DIRECTION('ref_axis',(0.,0.,-1.));
#1976=DIRECTION('',(0.,0.,1.));
#1977=DIRECTION('',(0.,0.,-1.));
#1978=DIRECTION('',(1.,0.,0.));
#1979=DIRECTION('center_axis',(0.,-0.707106781186548,-0.707106781186547));
#1980=DIRECTION('ref_axis',(0.,0.707106781186547,-0.707106781186548));
#1981=DIRECTION('',(0.,-0.707106781186547,0.707106781186548));
#1982=DIRECTION('',(0.,0.707106781186547,-0.707106781186548));
#1983=DIRECTION('',(1.,0.,0.));
#1984=DIRECTION('center_axis',(0.,0.,1.));
#1985=DIRECTION('ref_axis',(0.,-1.,0.));
#1986=DIRECTION('',(0.,-1.,0.));
#1987=DIRECTION('',(0.,-1.,0.));
#1988=DIRECTION('center_axis',(-1.,0.,0.));
#1989=DIRECTION('ref_axis',(0.,-1.,0.));
#1990=DIRECTION('center_axis',(-1.,0.,0.));
#1991=DIRECTION('ref_axis',(0.,-1.,0.));
#1992=CARTESIAN_POINT('',(0.,0.,0.));
#1993=CARTESIAN_POINT('Origin',(-9.98241759516763,-2.315,-3.9));
#1994=CARTESIAN_POINT('',(-10.2996253206305,-2.315,-4.04791639160924));
#1995=CARTESIAN_POINT('',(-10.2996253206305,-2.315,-3.75208360839075));
#1996=CARTESIAN_POINT('Origin',(-9.98241759516763,-2.315,-3.9));
#1997=CARTESIAN_POINT('',(-10.2996253206305,2.185,-4.04791639160924));
#1998=CARTESIAN_POINT('',(-10.2996253206305,-2.315,-4.04791639160924));
#1999=CARTESIAN_POINT('',(-10.2996253206305,2.185,-3.75208360839075));
#2000=CARTESIAN_POINT('Origin',(-9.98241759516763,2.185,-3.9));
#2001=CARTESIAN_POINT('',(-10.2996253206305,-2.315,-3.75208360839075));
#2002=CARTESIAN_POINT('Origin',(-8.55,-2.315,-7.8));
#2003=CARTESIAN_POINT('',(-8.55,-2.315,-7.8));
#2004=CARTESIAN_POINT('',(-10.2996253206305,-2.315,-4.04791639160924));
#2005=CARTESIAN_POINT('',(-8.55,2.185,-7.8));
#2006=CARTESIAN_POINT('',(-8.55,-5.485,-7.8));
#2007=CARTESIAN_POINT('',(-10.2996253206305,2.185,-4.04791639160924));
#2008=CARTESIAN_POINT('Origin',(-10.9306386963192,-2.315,-4.11442479040213));
#2009=CARTESIAN_POINT('',(-10.9306386963192,-2.315,-4.11442479040213));
#2010=CARTESIAN_POINT('',(-9.2120267513775,-2.315,-7.8));
#2011=CARTESIAN_POINT('',(-10.9306386963192,-2.315,-4.11442479040213));
#2012=CARTESIAN_POINT('',(-10.9306386963192,2.185,-4.11442479040213));
#2013=CARTESIAN_POINT('',(-10.9306386963192,-2.315,-4.11442479040213));
#2014=CARTESIAN_POINT('',(-9.2120267513775,2.185,-7.8));
#2015=CARTESIAN_POINT('',(-10.9306386963192,2.185,-4.11442479040213));
#2016=CARTESIAN_POINT('',(-9.2120267513775,-1.1575,-7.8));
#2017=CARTESIAN_POINT('Origin',(-10.6134309708564,-2.315,-3.96650839879288));
#2018=CARTESIAN_POINT('',(-10.9306386963192,-2.315,-3.81859200718364));
#2019=CARTESIAN_POINT('Origin',(-10.6134309708564,-2.315,-3.96650839879288));
#2020=CARTESIAN_POINT('',(-10.9306386963192,2.185,-3.81859200718364));
#2021=CARTESIAN_POINT('',(-10.9306386963192,-2.315,-3.81859200718364));
#2022=CARTESIAN_POINT('Origin',(-10.6134309708564,2.185,-3.96650839879288));
#2023=CARTESIAN_POINT('Origin',(-9.15,-2.315,0.));
#2024=CARTESIAN_POINT('',(-9.15,-2.315,0.));
#2025=CARTESIAN_POINT('',(-9.15,-2.315,0.));
#2026=CARTESIAN_POINT('',(-9.15,2.185,0.));
#2027=CARTESIAN_POINT('',(-9.15,-1.1575,0.));
#2028=CARTESIAN_POINT('',(-9.15,2.185,0.));
#2029=CARTESIAN_POINT('Origin',(-10.2996253206305,-2.315,-3.75208360839076));
#2030=CARTESIAN_POINT('',(-8.55,-2.315,0.));
#2031=CARTESIAN_POINT('',(-8.55,-2.315,0.));
#2032=CARTESIAN_POINT('',(-8.55,2.185,0.));
#2033=CARTESIAN_POINT('',(-8.55,2.185,0.));
#2034=CARTESIAN_POINT('',(-8.55,-2.7425,0.));
#2035=CARTESIAN_POINT('Origin',(-0.861715485428184,-2.315,-5.85));
#2036=CARTESIAN_POINT('',(-0.430857742714092,-2.315,0.));
#2037=CARTESIAN_POINT('',(-0.430857742714092,-2.315,-7.8));
#2038=CARTESIAN_POINT('Origin',(-0.861715485428184,2.185,-5.85));
#2039=CARTESIAN_POINT('',(-0.430857742714092,2.185,-7.8));
#2040=CARTESIAN_POINT('',(-0.430857742714092,2.185,0.));
#2041=CARTESIAN_POINT('Origin',(9.98241759516763,-2.315,-3.9));
#2042=CARTESIAN_POINT('',(10.2996253206305,-2.315,-4.04791639160924));
#2043=CARTESIAN_POINT('',(10.2996253206305,-2.315,-3.75208360839075));
#2044=CARTESIAN_POINT('Origin',(9.98241759516763,-2.315,-3.9));
#2045=CARTESIAN_POINT('',(10.2996253206305,2.185,-3.75208360839075));
#2046=CARTESIAN_POINT('',(10.2996253206305,-2.315,-3.75208360839075));
#2047=CARTESIAN_POINT('',(10.2996253206305,2.185,-4.04791639160924));
#2048=CARTESIAN_POINT('Origin',(9.98241759516763,2.185,-3.9));
#2049=CARTESIAN_POINT('',(10.2996253206305,-2.315,-4.04791639160924));
#2050=CARTESIAN_POINT('Origin',(8.55,-2.315,-7.8));
#2051=CARTESIAN_POINT('',(8.55,-2.315,-7.8));
#2052=CARTESIAN_POINT('',(10.2996253206305,-2.315,-4.04791639160924));
#2053=CARTESIAN_POINT('',(8.55,2.185,-7.8));
#2054=CARTESIAN_POINT('',(10.2996253206305,2.185,-4.04791639160924));
#2055=CARTESIAN_POINT('',(8.55,5.485,-7.8));
#2056=CARTESIAN_POINT('Origin',(10.9306386963192,-2.315,-4.11442479040213));
#2057=CARTESIAN_POINT('',(10.9306386963192,-2.315,-4.11442479040213));
#2058=CARTESIAN_POINT('',(9.2120267513775,-2.315,-7.8));
#2059=CARTESIAN_POINT('',(10.9306386963192,-2.315,-4.11442479040213));
#2060=CARTESIAN_POINT('',(9.2120267513775,2.185,-7.8));
#2061=CARTESIAN_POINT('',(9.2120267513775,-1.1575,-7.8));
#2062=CARTESIAN_POINT('',(10.9306386963192,2.185,-4.11442479040213));
#2063=CARTESIAN_POINT('',(10.9306386963192,2.185,-4.11442479040213));
#2064=CARTESIAN_POINT('',(10.9306386963192,-2.315,-4.11442479040213));
#2065=CARTESIAN_POINT('Origin',(10.6134309708564,-2.315,-3.96650839879288));
#2066=CARTESIAN_POINT('',(10.9306386963192,-2.315,-3.81859200718364));
#2067=CARTESIAN_POINT('Origin',(10.6134309708564,-2.315,-3.96650839879288));
#2068=CARTESIAN_POINT('',(10.9306386963192,2.185,-3.81859200718364));
#2069=CARTESIAN_POINT('Origin',(10.6134309708564,2.185,-3.96650839879288));
#2070=CARTESIAN_POINT('',(10.9306386963192,-2.315,-3.81859200718364));
#2071=CARTESIAN_POINT('Origin',(9.15,-2.315,0.));
#2072=CARTESIAN_POINT('',(9.15,-2.315,0.));
#2073=CARTESIAN_POINT('',(9.15,-2.315,0.));
#2074=CARTESIAN_POINT('',(9.15,2.185,0.));
#2075=CARTESIAN_POINT('',(9.15,2.185,0.));
#2076=CARTESIAN_POINT('',(9.15,-1.1575,0.));
#2077=CARTESIAN_POINT('Origin',(10.2996253206305,-2.315,-3.75208360839076));
#2078=CARTESIAN_POINT('',(8.55,-2.315,0.));
#2079=CARTESIAN_POINT('',(8.55,-2.315,0.));
#2080=CARTESIAN_POINT('',(8.55,2.185,0.));
#2081=CARTESIAN_POINT('',(8.55,2.7425,0.));
#2082=CARTESIAN_POINT('',(8.55,2.185,0.));
#2083=CARTESIAN_POINT('Origin',(0.861715485428184,-2.315,-5.85));
#2084=CARTESIAN_POINT('',(0.430857742714092,-2.315,-7.8));
#2085=CARTESIAN_POINT('',(0.430857742714092,-2.315,0.));
#2086=CARTESIAN_POINT('Origin',(0.861715485428184,2.185,-5.85));
#2087=CARTESIAN_POINT('',(0.430857742714092,2.185,0.));
#2088=CARTESIAN_POINT('',(0.430857742714092,2.185,-7.8));
#2089=CARTESIAN_POINT('Origin',(5.275,6.3,0.4));
#2090=CARTESIAN_POINT('',(-9.55,6.3,1.4));
#2091=CARTESIAN_POINT('',(9.55,6.3,1.4));
#2092=CARTESIAN_POINT('',(5.275,6.3,1.4));
#2093=CARTESIAN_POINT('',(10.55,7.3,0.4));
#2094=CARTESIAN_POINT('Origin',(9.55,6.3,0.4));
#2095=CARTESIAN_POINT('',(-10.55,7.3,0.4));
#2096=CARTESIAN_POINT('',(5.275,7.3,0.4));
#2097=CARTESIAN_POINT('Origin',(-9.55,6.3,0.4));
#2098=CARTESIAN_POINT('Origin',(9.55,-3.65,0.4));
#2099=CARTESIAN_POINT('',(9.55,-6.3,1.4));
#2100=CARTESIAN_POINT('',(9.55,-3.65,1.4));
#2101=CARTESIAN_POINT('',(10.55,-7.3,0.4));
#2102=CARTESIAN_POINT('Origin',(9.55,-6.3,0.4));
#2103=CARTESIAN_POINT('',(10.55,-3.65,0.4));
#2104=CARTESIAN_POINT('Origin',(-5.275,-6.3,0.4));
#2105=CARTESIAN_POINT('',(-9.55,-6.3,1.4));
#2106=CARTESIAN_POINT('',(-5.275,-6.3,1.4));
#2107=CARTESIAN_POINT('',(-10.55,-7.3,0.4));
#2108=CARTESIAN_POINT('Origin',(-9.55,-6.3,0.4));
#2109=CARTESIAN_POINT('',(-5.275,-7.3,0.4));
#2110=CARTESIAN_POINT('Origin',(-9.55,3.65,0.4));
#2111=CARTESIAN_POINT('',(-10.55,3.65,0.4));
#2112=CARTESIAN_POINT('',(-9.55,3.65,1.4));
#2113=CARTESIAN_POINT('Origin',(-10.55,7.3,0.));
#2114=CARTESIAN_POINT('',(-10.55,7.3,0.));
#2115=CARTESIAN_POINT('',(-10.55,7.3,0.));
#2116=CARTESIAN_POINT('',(-10.55,-7.3,0.));
#2117=CARTESIAN_POINT('',(-10.55,-7.3,0.));
#2118=CARTESIAN_POINT('',(-10.55,-7.3,0.));
#2119=CARTESIAN_POINT('Origin',(10.55,7.3,0.));
#2120=CARTESIAN_POINT('',(10.55,7.3,0.));
#2121=CARTESIAN_POINT('',(10.55,7.3,0.));
#2122=CARTESIAN_POINT('',(-10.55,7.3,0.));
#2123=CARTESIAN_POINT('Origin',(0.,0.,1.4));
#2124=CARTESIAN_POINT('',(7.85,-4.65,1.4));
#2125=CARTESIAN_POINT('',(7.37388227708205,-4.65,1.4));
#2126=CARTESIAN_POINT('',(-3.925,-4.65,1.4));
#2127=CARTESIAN_POINT('',(-1.31332540552167,-4.65,1.4));
#2128=CARTESIAN_POINT('',(-3.925,-4.65,1.4));
#2129=CARTESIAN_POINT('',(-7.85,-4.65,1.4));
#2130=CARTESIAN_POINT('',(-3.925,-4.65,1.4));
#2131=CARTESIAN_POINT('',(-7.85,4.65,1.4));
#2132=CARTESIAN_POINT('',(-7.85,2.325,1.4));
#2133=CARTESIAN_POINT('',(-1.31332540552167,4.65,1.4));
#2134=CARTESIAN_POINT('',(3.925,4.65,1.4));
#2135=CARTESIAN_POINT('',(7.37388227708205,4.65,1.4));
#2136=CARTESIAN_POINT('',(3.925,4.65,1.4));
#2137=CARTESIAN_POINT('',(7.85,4.65,1.4));
#2138=CARTESIAN_POINT('',(3.925,4.65,1.4));
#2139=CARTESIAN_POINT('',(7.85,-2.325,1.4));
#2140=CARTESIAN_POINT('Origin',(-7.85,4.65,15.9600409836066));
#2141=CARTESIAN_POINT('',(-0.976695426494984,-1.,1.54477500416976));
#2142=CARTESIAN_POINT('',(-0.976695426494983,1.,1.54477500416975));
#2143=CARTESIAN_POINT('',(-0.976695426494983,-1.,1.54477500416975));
#2144=CARTESIAN_POINT('',(3.13129993021502,-1.,4.36464272133317));
#2145=CARTESIAN_POINT('Origin',(-7.85,-1.,15.9600409836066));
#2146=CARTESIAN_POINT('',(3.13129993021502,1.,4.36464272133317));
#2147=CARTESIAN_POINT('',(3.13129993021502,1.,4.36464272133317));
#2148=CARTESIAN_POINT('Origin',(-7.85,1.,15.9600409836066));
#2149=CARTESIAN_POINT('',(-0.528537033654098,0.5,1.76714173607794));
#2150=CARTESIAN_POINT('',(2.76270751973374,0.5,4.02636392585692));
#2151=CARTESIAN_POINT('Origin',(-7.85,0.5,15.9600409836066));
#2152=CARTESIAN_POINT('',(2.76270751973374,-0.5,4.02636392585692));
#2153=CARTESIAN_POINT('',(2.76270751973374,0.5,4.02636392585692));
#2154=CARTESIAN_POINT('',(-0.528537033654096,-0.499999999999999,1.76714173607793));
#2155=CARTESIAN_POINT('Origin',(-7.85,-0.499999999999999,15.9600409836066));
#2156=CARTESIAN_POINT('',(-0.528537033654098,-0.5,1.76714173607794));
#2157=CARTESIAN_POINT('Origin',(1.18229614579344,0.5,2.80175330879545));
#2158=CARTESIAN_POINT('',(-0.533121532199757,0.5,1.77602893884848));
#2159=CARTESIAN_POINT('',(-0.533121532199757,0.5,1.77602893884848));
#2160=CARTESIAN_POINT('',(2.75606213445851,0.5,4.03383646588985));
#2161=CARTESIAN_POINT('Origin',(-7.85,0.5,15.9600409836066));
#2162=CARTESIAN_POINT('',(2.75606213445851,0.5,4.03383646588985));
#2163=CARTESIAN_POINT('Origin',(2.75606213445851,0.,4.03383646588985));
#2164=CARTESIAN_POINT('',(2.75606213445851,-0.5,4.03383646588985));
#2165=CARTESIAN_POINT('',(2.75606213445851,4.65,4.03383646588985));
#2166=CARTESIAN_POINT('',(2.75606213445851,-0.5,4.03383646588985));
#2167=CARTESIAN_POINT('Origin',(1.18229614579344,-0.499999999999999,2.80175330879545));
#2168=CARTESIAN_POINT('',(-0.533121532199755,-0.499999999999999,1.77602893884848));
#2169=CARTESIAN_POINT('Origin',(-7.85,-0.499999999999999,15.9600409836066));
#2170=CARTESIAN_POINT('',(-0.533121532199755,-0.499999999999999,1.77602893884848));
#2171=CARTESIAN_POINT('Origin',(-0.533121532199757,2.08166817117217E-16,
1.77602893884848));
#2172=CARTESIAN_POINT('',(-0.533121532199756,4.65,1.77602893884848));
#2173=CARTESIAN_POINT('Origin',(-0.980999300593089,-1.38777878078145E-16,
1.55380144686595));
#2174=CARTESIAN_POINT('',(-0.980999300593089,1.,1.55380144686595));
#2175=CARTESIAN_POINT('',(-0.980999300593089,1.,1.55380144686595));
#2176=CARTESIAN_POINT('',(-0.980999300593091,-1.,1.55380144686595));
#2177=CARTESIAN_POINT('',(-0.980999300593089,4.65,1.55380144686595));
#2178=CARTESIAN_POINT('',(-0.980999300593091,-1.,1.55380144686595));
#2179=CARTESIAN_POINT('Origin',(1.18229614579344,-1.,2.80175330879545));
#2180=CARTESIAN_POINT('',(3.12442374251989,-1.,4.37190344049737));
#2181=CARTESIAN_POINT('Origin',(-7.85,-1.,15.9600409836066));
#2182=CARTESIAN_POINT('',(3.12442374251989,-1.,4.37190344049737));
#2183=CARTESIAN_POINT('Origin',(3.12442374251989,-1.38777878078145E-16,
4.37190344049737));
#2184=CARTESIAN_POINT('',(3.12442374251989,1.,4.37190344049737));
#2185=CARTESIAN_POINT('',(3.12442374251989,4.65,4.37190344049737));
#2186=CARTESIAN_POINT('',(3.12442374251989,1.,4.37190344049737));
#2187=CARTESIAN_POINT('Origin',(1.18229614579344,1.,2.80175330879545));
#2188=CARTESIAN_POINT('Origin',(-7.85,1.,15.9600409836066));
#2189=CARTESIAN_POINT('Origin',(-7.85,4.65,15.9600409836066));
#2190=CARTESIAN_POINT('',(-7.49980884711392,-5.55111512312578E-16,-0.00616004151251673));
#2191=CARTESIAN_POINT('Ctrl Pts',(-7.49980884711392,-5.55111512312578E-16,
-0.00616004151251672));
#2192=CARTESIAN_POINT('Ctrl Pts',(-7.49980884711392,-0.373999125427357,
-0.00616004151251672));
#2193=CARTESIAN_POINT('Ctrl Pts',(-7.32952440521472,-1.12142452338763,-0.00387946596260491));
#2194=CARTESIAN_POINT('Ctrl Pts',(-6.61116018881129,-2.02212703187463,0.0299163287701785));
#2195=CARTESIAN_POINT('Ctrl Pts',(-5.58097009388024,-2.5196265890754,0.138080473388992));
#2196=CARTESIAN_POINT('Ctrl Pts',(-4.25395217107213,-2.52297007068977,0.378607303467716));
#2197=CARTESIAN_POINT('Ctrl Pts',(-3.28968396768467,-1.89205010181455,0.647314728431834));
#2198=CARTESIAN_POINT('Ctrl Pts',(-2.52187377480824,-0.615949130588329,
0.9040139616977));
#2199=CARTESIAN_POINT('Ctrl Pts',(-2.52122865665144,1.02884836469225,0.899346265544553));
#2200=CARTESIAN_POINT('Ctrl Pts',(-3.59739781436566,2.14979941452034,0.55184168566679));
#2201=CARTESIAN_POINT('Ctrl Pts',(-4.63474794938015,2.51917181359946,0.310310250612292));
#2202=CARTESIAN_POINT('Ctrl Pts',(-5.57974325426511,2.52125761933145,0.138119380955943));
#2203=CARTESIAN_POINT('Ctrl Pts',(-6.611962431895,2.02113366914145,0.02986033070854));
#2204=CARTESIAN_POINT('Ctrl Pts',(-7.32914916087235,1.12188716897319,-0.00385206388803825));
#2205=CARTESIAN_POINT('Ctrl Pts',(-7.49980884711392,0.373999125427357,-0.00616004151251672));
#2206=CARTESIAN_POINT('Ctrl Pts',(-7.49980884711392,5.55111512312578E-16,
-0.00616004151251672));
#2207=CARTESIAN_POINT('',(-6.9998695146378,0.,0.0126434788118969));
#2208=CARTESIAN_POINT('Ctrl Pts',(-6.9998695146378,0.,0.0126434788118969));
#2209=CARTESIAN_POINT('Ctrl Pts',(-6.9998695146378,0.299199300341885,0.0126434788118969));
#2210=CARTESIAN_POINT('Ctrl Pts',(-6.86183268878092,0.895114514942264,0.0203631903930771));
#2211=CARTESIAN_POINT('Ctrl Pts',(-6.10410288838251,1.8636486488806,0.0711088579498416));
#2212=CARTESIAN_POINT('Ctrl Pts',(-4.50543840977482,2.2325473648533,0.301005732339749));
#2213=CARTESIAN_POINT('Ctrl Pts',(-3.00961792423938,0.993050147133145,0.737771564494));
#2214=CARTESIAN_POINT('Ctrl Pts',(-3.00992469175244,-0.993069049821566,
0.737696453295813));
#2215=CARTESIAN_POINT('Ctrl Pts',(-4.50499994566563,-2.23253449760568,0.301081407845677));
#2216=CARTESIAN_POINT('Ctrl Pts',(-6.10391392494319,-1.86311839776618,0.0713939225487951));
#2217=CARTESIAN_POINT('Ctrl Pts',(-6.86191820465637,-0.895319477646394,
0.0202515527351613));
#2218=CARTESIAN_POINT('Ctrl Pts',(-6.9998695146378,-0.299199300341885,0.0126434788118969));
#2219=CARTESIAN_POINT('Ctrl Pts',(-6.9998695146378,0.,0.0126434788118969));
#2220=CARTESIAN_POINT('Ctrl Pts',(-7.49980884711392,-5.55111512312578E-16,
-0.00616004151251672));
#2221=CARTESIAN_POINT('Ctrl Pts',(-7.49988194046691,-5.55111512312578E-16,
-0.00282750967127963));
#2222=CARTESIAN_POINT('Ctrl Pts',(-7.49995503381991,-5.55111512312578E-16,
0.00050502216995747));
#2223=CARTESIAN_POINT('Ctrl Pts',(-7.5000281271729,-5.55111512312578E-16,
0.00383755401119457));
#2224=CARTESIAN_POINT('Ctrl Pts',(-7.49980884711392,-0.373999125427357,
-0.00616004151251672));
#2225=CARTESIAN_POINT('Ctrl Pts',(-7.49988197558022,-0.373999125427357,
-0.00282761755805926));
#2226=CARTESIAN_POINT('Ctrl Pts',(-7.4999549987066,-0.373999125427357,0.000505130056737108));
#2227=CARTESIAN_POINT('Ctrl Pts',(-7.5000281271729,-0.373999125427357,0.00383755401119457));
#2228=CARTESIAN_POINT('Ctrl Pts',(-7.32952440521472,-1.12142452338763,-0.00387946596260491));
#2229=CARTESIAN_POINT('Ctrl Pts',(-7.32963296770855,-1.12142452338763,-0.000547327106028515));
#2230=CARTESIAN_POINT('Ctrl Pts',(-7.32974175020936,-1.12142452338763,0.00278456267090618));
#2231=CARTESIAN_POINT('Ctrl Pts',(-7.3298503127032,-1.12142452338763,0.00611670152748258));
#2232=CARTESIAN_POINT('Ctrl Pts',(-6.61116018881129,-2.02212703187463,0.0299163287701785));
#2233=CARTESIAN_POINT('Ctrl Pts',(-6.61141883896267,-2.02212703187463,0.0332412639351075));
#2234=CARTESIAN_POINT('Ctrl Pts',(-6.61167726604374,-2.02212703187463,0.0365663990990917));
#2235=CARTESIAN_POINT('Ctrl Pts',(-6.61193591619512,-2.02212703187463,0.0398913342640207));
#2236=CARTESIAN_POINT('Ctrl Pts',(-5.58097009388024,-2.5196265890754,0.138080473388992));
#2237=CARTESIAN_POINT('Ctrl Pts',(-5.58144363472069,-2.5196265890754,0.141382955444704));
#2238=CARTESIAN_POINT('Ctrl Pts',(-5.58191735709937,-2.5196265890754,0.14468526741758));
#2239=CARTESIAN_POINT('Ctrl Pts',(-5.58239089793982,-2.5196265890754,0.147987749473292));
#2240=CARTESIAN_POINT('Ctrl Pts',(-4.25395217107213,-2.52297007068977,0.378607303467716));
#2241=CARTESIAN_POINT('Ctrl Pts',(-4.25470283752798,-2.52297007068977,0.381859439033403));
#2242=CARTESIAN_POINT('Ctrl Pts',(-4.25545325076559,-2.52297007068977,0.385111832707168));
#2243=CARTESIAN_POINT('Ctrl Pts',(-4.25620391722144,-2.52297007068977,0.388363968272855));
#2244=CARTESIAN_POINT('Ctrl Pts',(-3.28968396768467,-1.89205010181455,0.647314728431834));
#2245=CARTESIAN_POINT('Ctrl Pts',(-3.29063574415125,-1.89205010181455,0.650510948045048));
#2246=CARTESIAN_POINT('Ctrl Pts',(-3.29158773556953,-1.89205010181455,0.65370691643191));
#2247=CARTESIAN_POINT('Ctrl Pts',(-3.29253951203612,-1.89205010181455,0.656903136045123));
#2248=CARTESIAN_POINT('Ctrl Pts',(-2.52187377480824,-0.615949130588329,
0.9040139616977));
#2249=CARTESIAN_POINT('Ctrl Pts',(-2.52298590608474,-0.615949130588329,
0.907156478351948));
#2250=CARTESIAN_POINT('Ctrl Pts',(-2.52409796948775,-0.615949130588329,
0.910299114663939));
#2251=CARTESIAN_POINT('Ctrl Pts',(-2.52521010076424,-0.615949130588329,
0.913441631318187));
#2252=CARTESIAN_POINT('Ctrl Pts',(-2.52122865665144,1.02884836469225,0.899346265544553));
#2253=CARTESIAN_POINT('Ctrl Pts',(-2.52234098451229,1.02884836469225,0.902489698668801));
#2254=CARTESIAN_POINT('Ctrl Pts',(-2.5234530587018,1.02884836469225,0.905633424823621));
#2255=CARTESIAN_POINT('Ctrl Pts',(-2.52456538656266,1.02884836469225,0.908776857947868));
#2256=CARTESIAN_POINT('Ctrl Pts',(-3.59739781436566,2.14979941452034,0.55184168566679));
#2257=CARTESIAN_POINT('Ctrl Pts',(-3.59828536154026,2.14979941452034,0.555057858827448));
#2258=CARTESIAN_POINT('Ctrl Pts',(-3.59917312960326,2.14979941452034,0.558273702710374));
#2259=CARTESIAN_POINT('Ctrl Pts',(-3.60006067677785,2.14979941452034,0.561489875871032));
#2260=CARTESIAN_POINT('Ctrl Pts',(-4.63474794938015,2.51917181359946,0.310310250612292));
#2261=CARTESIAN_POINT('Ctrl Pts',(-4.63541911264451,2.51917181359946,0.313576610772132));
#2262=CARTESIAN_POINT('Ctrl Pts',(-4.63609008843224,2.51917181359946,0.316843320991836));
#2263=CARTESIAN_POINT('Ctrl Pts',(-4.6367612516966,2.51917181359946,0.320109681151675));
#2264=CARTESIAN_POINT('Ctrl Pts',(-5.57974325426511,2.52125761933145,0.138119380955943));
#2265=CARTESIAN_POINT('Ctrl Pts',(-5.58021707359294,2.52125761933145,0.141421889629252));
#2266=CARTESIAN_POINT('Ctrl Pts',(-5.58069100721007,2.52125761933145,0.144724124004086));
#2267=CARTESIAN_POINT('Ctrl Pts',(-5.58116482653789,2.52125761933145,0.148026632677395));
#2268=CARTESIAN_POINT('Ctrl Pts',(-6.611962431895,2.02113366914145,0.02986033070854));
#2269=CARTESIAN_POINT('Ctrl Pts',(-6.61222086729797,2.02113366914145,0.0331852537811431));
#2270=CARTESIAN_POINT('Ctrl Pts',(-6.61247922153332,2.02113366914145,0.036510448194224));
#2271=CARTESIAN_POINT('Ctrl Pts',(-6.61273765693629,2.02113366914145,0.0398353712668271));
#2272=CARTESIAN_POINT('Ctrl Pts',(-7.32914916087235,1.12188716897319,-0.00385206388803825));
#2273=CARTESIAN_POINT('Ctrl Pts',(-7.32925787835074,1.12188716897319,-0.000519916994552316));
#2274=CARTESIAN_POINT('Ctrl Pts',(-7.32936658585011,1.12188716897319,0.00281193955013849));
#2275=CARTESIAN_POINT('Ctrl Pts',(-7.3294753033285,1.12188716897319,0.00614408644362441));
#2276=CARTESIAN_POINT('Ctrl Pts',(-7.49980884711392,0.373999125427357,-0.00616004151251672));
#2277=CARTESIAN_POINT('Ctrl Pts',(-7.49988187803886,0.373999125427357,-0.00282762243185778));
#2278=CARTESIAN_POINT('Ctrl Pts',(-7.49995509624796,0.373999125427357,0.000505134930535622));
#2279=CARTESIAN_POINT('Ctrl Pts',(-7.5000281271729,0.373999125427357,0.00383755401119457));
#2280=CARTESIAN_POINT('Ctrl Pts',(-7.49980884711392,5.55111512312578E-16,
-0.00616004151251672));
#2281=CARTESIAN_POINT('Ctrl Pts',(-7.49988194046691,5.55111512312578E-16,
-0.00282750967127963));
#2282=CARTESIAN_POINT('Ctrl Pts',(-7.49995503381991,5.55111512312578E-16,
0.00050502216995747));
#2283=CARTESIAN_POINT('Ctrl Pts',(-7.5000281271729,5.55111512312578E-16,
0.00383755401119457));
#2284=CARTESIAN_POINT('',(-7.5000281271729,-5.55111512312578E-16,0.00383755401119457));
#2285=CARTESIAN_POINT('',(-7.5000281271729,-5.55111512312578E-16,0.00383755401119457));
#2286=CARTESIAN_POINT('Ctrl Pts',(-7.5000281271729,5.55111512312578E-16,
0.00383755401119457));
#2287=CARTESIAN_POINT('Ctrl Pts',(-7.5000281271729,0.373999125427357,0.00383755401119457));
#2288=CARTESIAN_POINT('Ctrl Pts',(-7.3294753033285,1.12188716897319,0.00614408644362441));
#2289=CARTESIAN_POINT('Ctrl Pts',(-6.61273765693629,2.02113366914145,0.0398353712668271));
#2290=CARTESIAN_POINT('Ctrl Pts',(-5.58116482653789,2.52125761933145,0.148026632677395));
#2291=CARTESIAN_POINT('Ctrl Pts',(-4.6367612516966,2.51917181359946,0.320109681151675));
#2292=CARTESIAN_POINT('Ctrl Pts',(-3.60006067677785,2.14979941452034,0.561489875871032));
#2293=CARTESIAN_POINT('Ctrl Pts',(-2.52456538656266,1.02884836469225,0.908776857947868));
#2294=CARTESIAN_POINT('Ctrl Pts',(-2.52521010076424,-0.615949130588329,
0.913441631318187));
#2295=CARTESIAN_POINT('Ctrl Pts',(-3.29253951203612,-1.89205010181455,0.656903136045123));
#2296=CARTESIAN_POINT('Ctrl Pts',(-4.25620391722144,-2.52297007068977,0.388363968272855));
#2297=CARTESIAN_POINT('Ctrl Pts',(-5.58239089793982,-2.5196265890754,0.147987749473292));
#2298=CARTESIAN_POINT('Ctrl Pts',(-6.61193591619512,-2.02212703187463,0.0398913342640207));
#2299=CARTESIAN_POINT('Ctrl Pts',(-7.3298503127032,-1.12142452338763,0.00611670152748258));
#2300=CARTESIAN_POINT('Ctrl Pts',(-7.5000281271729,-0.373999125427357,0.00383755401119457));
#2301=CARTESIAN_POINT('Ctrl Pts',(-7.5000281271729,-5.55111512312578E-16,
0.00383755401119457));
#2302=CARTESIAN_POINT('Ctrl Pts',(-6.9998695146378,0.,0.0126434788118969));
#2303=CARTESIAN_POINT('Ctrl Pts',(-7.00004695740626,0.,0.0159720859042154));
#2304=CARTESIAN_POINT('Ctrl Pts',(-7.00022440017472,0.,0.0193006929965338));
#2305=CARTESIAN_POINT('Ctrl Pts',(-7.00040184294318,0.,0.0226293000888522));
#2306=CARTESIAN_POINT('Ctrl Pts',(-6.9998695146378,0.299199300341885,0.0126434788118969));
#2307=CARTESIAN_POINT('Ctrl Pts',(-7.00004647666941,0.299199300341885,0.0159723319657239));
#2308=CARTESIAN_POINT('Ctrl Pts',(-7.00022488091158,0.299199300341885,0.0193004469350252));
#2309=CARTESIAN_POINT('Ctrl Pts',(-7.00040184294318,0.299199300341885,0.0226293000888522));
#2310=CARTESIAN_POINT('Ctrl Pts',(-6.86183268878092,0.895114514942264,0.0203631903930771));
#2311=CARTESIAN_POINT('Ctrl Pts',(-6.86203923093468,0.895114514942264,0.023690047392621));
#2312=CARTESIAN_POINT('Ctrl Pts',(-6.86224490979265,0.895114514942264,0.0270173207996245));
#2313=CARTESIAN_POINT('Ctrl Pts',(-6.86245145194642,0.895114514942264,0.0303441777991684));
#2314=CARTESIAN_POINT('Ctrl Pts',(-6.10410288838251,1.8636486488806,0.0711088579498416));
#2315=CARTESIAN_POINT('Ctrl Pts',(-6.10446708841749,1.8636486488806,0.0744253295169405));
#2316=CARTESIAN_POINT('Ctrl Pts',(-6.10483192105331,1.8636486488806,0.0777415982488649));
#2317=CARTESIAN_POINT('Ctrl Pts',(-6.10519612108829,1.8636486488806,0.0810580698159638));
#2318=CARTESIAN_POINT('Ctrl Pts',(-4.50543840977482,2.2325473648533,0.301005732339749));
#2319=CARTESIAN_POINT('Ctrl Pts',(-4.50613662641687,2.2325473648533,0.304274133598326));
#2320=CARTESIAN_POINT('Ctrl Pts',(-4.50683446552297,2.2325473648533,0.30754258785374));
#2321=CARTESIAN_POINT('Ctrl Pts',(-4.50753268216502,2.2325473648533,0.310810989112316));
#2322=CARTESIAN_POINT('Ctrl Pts',(-3.00961792423938,0.993050147133145,0.737771564494));
#2323=CARTESIAN_POINT('Ctrl Pts',(-3.01062819277575,0.993050147133145,0.740948817714148));
#2324=CARTESIAN_POINT('Ctrl Pts',(-3.0116385697005,0.993050147133145,0.744126077306723));
#2325=CARTESIAN_POINT('Ctrl Pts',(-3.01264883823687,0.993050147133145,0.747303330526871));
#2326=CARTESIAN_POINT('Ctrl Pts',(-3.00992469175244,-0.993069049821566,
0.737696453295813));
#2327=CARTESIAN_POINT('Ctrl Pts',(-3.01093490557796,-0.993069049821566,
0.740873739035469));
#2328=CARTESIAN_POINT('Ctrl Pts',(-3.01194519983504,-0.993069049821566,
0.744050980621596));
#2329=CARTESIAN_POINT('Ctrl Pts',(-3.01295541366056,-0.993069049821566,
0.747228266361252));
#2330=CARTESIAN_POINT('Ctrl Pts',(-4.50499994566563,-2.23253449760568,0.301081407845677));
#2331=CARTESIAN_POINT('Ctrl Pts',(-4.50569822918844,-2.23253449760568,0.304349769351094));
#2332=CARTESIAN_POINT('Ctrl Pts',(-4.50639620908717,-2.23253449760568,0.307618255726907));
#2333=CARTESIAN_POINT('Ctrl Pts',(-4.50709449260998,-2.23253449760568,0.310886617232324));
#2334=CARTESIAN_POINT('Ctrl Pts',(-6.10391392494319,-1.86311839776618,0.0713939225487951));
#2335=CARTESIAN_POINT('Ctrl Pts',(-6.10427818639175,-1.86311839776618,0.0747103576123658));
#2336=CARTESIAN_POINT('Ctrl Pts',(-6.10464301452414,-1.86311839776618,0.0780265208517439));
#2337=CARTESIAN_POINT('Ctrl Pts',(-6.10500727597269,-1.86311839776618,0.0813429559153145));
#2338=CARTESIAN_POINT('Ctrl Pts',(-6.86191820465637,-0.895319477646394,
0.0202515527351613));
#2339=CARTESIAN_POINT('Ctrl Pts',(-6.86212470258066,-0.895319477646394,
0.0235784360241989));
#2340=CARTESIAN_POINT('Ctrl Pts',(-6.86233041634989,-0.895319477646394,
0.0269057267566426));
#2341=CARTESIAN_POINT('Ctrl Pts',(-6.86253691427418,-0.895319477646394,
0.0302326100456802));
#2342=CARTESIAN_POINT('Ctrl Pts',(-6.9998695146378,-0.299199300341885,0.0126434788118969));
#2343=CARTESIAN_POINT('Ctrl Pts',(-7.00004650985044,-0.299199300341885,
0.0159723122432981));
#2344=CARTESIAN_POINT('Ctrl Pts',(-7.00022484773054,-0.299199300341885,
0.0193004666574511));
#2345=CARTESIAN_POINT('Ctrl Pts',(-7.00040184294318,-0.299199300341885,
0.0226293000888522));
#2346=CARTESIAN_POINT('Ctrl Pts',(-6.9998695146378,0.,0.0126434788118969));
#2347=CARTESIAN_POINT('Ctrl Pts',(-7.00004695740626,0.,0.0159720859042154));
#2348=CARTESIAN_POINT('Ctrl Pts',(-7.00022440017472,0.,0.0193006929965338));
#2349=CARTESIAN_POINT('Ctrl Pts',(-7.00040184294318,0.,0.0226293000888522));
#2350=CARTESIAN_POINT('',(-7.00040184294318,0.,0.0226293000888522));
#2351=CARTESIAN_POINT('',(-7.00040184294318,0.,0.0226293000888522));
#2352=CARTESIAN_POINT('Ctrl Pts',(-7.00040184294318,0.,0.0226293000888522));
#2353=CARTESIAN_POINT('Ctrl Pts',(-7.00040184294318,-0.299199300341885,
0.0226293000888522));
#2354=CARTESIAN_POINT('Ctrl Pts',(-6.86253691427418,-0.895319477646394,
0.0302326100456802));
#2355=CARTESIAN_POINT('Ctrl Pts',(-6.10500727597269,-1.86311839776618,0.0813429559153145));
#2356=CARTESIAN_POINT('Ctrl Pts',(-4.50709449260998,-2.23253449760568,0.310886617232324));
#2357=CARTESIAN_POINT('Ctrl Pts',(-3.01295541366056,-0.993069049821566,
0.747228266361252));
#2358=CARTESIAN_POINT('Ctrl Pts',(-3.01264883823687,0.993050147133145,0.747303330526871));
#2359=CARTESIAN_POINT('Ctrl Pts',(-4.50753268216502,2.2325473648533,0.310810989112316));
#2360=CARTESIAN_POINT('Ctrl Pts',(-6.10519612108829,1.8636486488806,0.0810580698159638));
#2361=CARTESIAN_POINT('Ctrl Pts',(-6.86245145194642,0.895114514942264,0.0303441777991684));
#2362=CARTESIAN_POINT('Ctrl Pts',(-7.00040184294318,0.299199300341885,0.0226293000888522));
#2363=CARTESIAN_POINT('Ctrl Pts',(-7.00040184294318,0.,0.0226293000888522));
#2364=CARTESIAN_POINT('Origin',(-7.85,4.65,15.9600409836066));
#2365=CARTESIAN_POINT('Origin',(-7.85,4.65,15.9600409836066));
#2366=CARTESIAN_POINT('',(-7.85,4.65,0.));
#2367=CARTESIAN_POINT('Origin',(-7.85,4.65,15.9600409836066));
#2368=CARTESIAN_POINT('',(-7.85,-4.65,0.));
#2369=CARTESIAN_POINT('',(-7.85,4.65,0.));
#2370=CARTESIAN_POINT('Origin',(-7.85,-4.65,15.9600409836066));
#2371=CARTESIAN_POINT('',(4.7,-4.65,6.1));
#2372=CARTESIAN_POINT('Origin',(-7.85,-4.65,15.9600409836066));
#2373=CARTESIAN_POINT('',(4.7,4.65,6.1));
#2374=CARTESIAN_POINT('',(4.7,4.65,6.1));
#2375=CARTESIAN_POINT('Origin',(-7.85,4.65,15.9600409836066));
#2376=CARTESIAN_POINT('Origin',(-7.85,4.65,15.9600409836066));
#2377=CARTESIAN_POINT('Origin',(-9.63267778790953,4.65,-5.16462049703525));
#2378=CARTESIAN_POINT('',(7.85,4.65,0.));
#2379=CARTESIAN_POINT('Origin',(-9.63267778790953,4.65,-5.16462049703525));
#2380=CARTESIAN_POINT('Origin',(-9.63267778790953,4.65,-5.16462049703525));
#2381=CARTESIAN_POINT('Origin',(-9.63267778790953,-4.65,-5.16462049703525));
#2382=CARTESIAN_POINT('',(7.85,-4.65,0.));
#2383=CARTESIAN_POINT('Origin',(-9.63267778790953,-4.65,-5.16462049703525));
#2384=CARTESIAN_POINT('',(7.85,-4.65,0.));
#2385=CARTESIAN_POINT('Origin',(0.,-4.65,3.05));
#2386=CARTESIAN_POINT('Origin',(0.,4.65,3.05));
#2387=CARTESIAN_POINT('Origin',(7.85,4.65,0.));
#2388=CARTESIAN_POINT('',(7.85,4.65,0.));
#2389=CARTESIAN_POINT('Origin',(-7.85,-4.65,0.));
#2390=CARTESIAN_POINT('',(-7.85,-4.65,0.));
#2391=CARTESIAN_POINT('Origin',(-7.85,-4.65,0.));
#2392=CARTESIAN_POINT('',(7.85,-4.65,0.));
#2393=CARTESIAN_POINT('Origin',(-7.85,4.65,0.));
#2394=CARTESIAN_POINT('',(-7.85,4.65,0.));
#2395=CARTESIAN_POINT('Origin',(7.85,4.65,0.));
#2396=CARTESIAN_POINT('Origin',(7.85,-4.65,0.));
#2397=CARTESIAN_POINT('Origin',(0.,0.,-7.8));
#2398=CARTESIAN_POINT('',(8.55,-5.485,-7.8));
#2399=CARTESIAN_POINT('',(8.55,5.485,-7.8));
#2400=CARTESIAN_POINT('',(9.24,-5.485,-7.8));
#2401=CARTESIAN_POINT('',(9.24,-5.485,-7.8));
#2402=CARTESIAN_POINT('',(9.24,5.485,-7.8));
#2403=CARTESIAN_POINT('',(9.24,5.485,-7.8));
#2404=CARTESIAN_POINT('',(8.55,5.485,-7.8));
#2405=CARTESIAN_POINT('',(-9.24,5.485,-7.8));
#2406=CARTESIAN_POINT('',(8.55,5.485,-7.8));
#2407=CARTESIAN_POINT('Origin',(0.,0.,-7.8));
#2408=CARTESIAN_POINT('',(-8.55,5.485,-7.8));
#2409=CARTESIAN_POINT('',(-8.55,-5.485,-7.8));
#2410=CARTESIAN_POINT('',(-9.24,5.485,-7.8));
#2411=CARTESIAN_POINT('',(-9.24,5.485,-7.8));
#2412=CARTESIAN_POINT('',(-9.24,-5.485,-7.8));
#2413=CARTESIAN_POINT('',(-9.24,-5.485,-7.8));
#2414=CARTESIAN_POINT('',(-8.55,-5.485,-7.8));
#2415=CARTESIAN_POINT('',(9.24,-5.485,-7.8));
#2416=CARTESIAN_POINT('',(-8.55,-5.485,-7.8));
#2417=CARTESIAN_POINT('Origin',(-9.24,-5.485,-7.8));
#2418=CARTESIAN_POINT('',(-9.24,5.485,-11.7));
#2419=CARTESIAN_POINT('',(-9.24,5.485,-7.8));
#2420=CARTESIAN_POINT('',(-9.24,-5.485,-11.7));
#2421=CARTESIAN_POINT('',(-9.24,-5.485,-11.7));
#2422=CARTESIAN_POINT('',(-9.24,-5.485,-7.8));
#2423=CARTESIAN_POINT('Origin',(9.24,5.485,-7.8));
#2424=CARTESIAN_POINT('',(9.24,-5.485,-11.7));
#2425=CARTESIAN_POINT('',(9.24,-5.485,-7.8));
#2426=CARTESIAN_POINT('',(9.24,5.485,-11.7));
#2427=CARTESIAN_POINT('',(9.24,5.485,-11.7));
#2428=CARTESIAN_POINT('',(9.24,5.485,-7.8));
#2429=CARTESIAN_POINT('Origin',(0.,0.,-11.7));
#2430=CARTESIAN_POINT('',(-9.24,5.485,-11.7));
#2431=CARTESIAN_POINT('',(9.24,-5.485,-11.7));
#2432=CARTESIAN_POINT('Origin',(-8.55,-5.485,0.));
#2433=CARTESIAN_POINT('',(-8.55,5.485,0.));
#2434=CARTESIAN_POINT('',(-8.55,-2.7425,0.));
#2435=CARTESIAN_POINT('',(-8.55,5.485,0.));
#2436=CARTESIAN_POINT('',(-8.55,-5.485,0.));
#2437=CARTESIAN_POINT('',(-8.55,-5.485,0.));
#2438=CARTESIAN_POINT('',(-8.55,-2.7425,0.));
#2439=CARTESIAN_POINT('Origin',(8.55,-5.485,0.));
#2440=CARTESIAN_POINT('',(8.55,-5.485,0.));
#2441=CARTESIAN_POINT('',(4.275,-5.485,0.));
#2442=CARTESIAN_POINT('',(8.55,-5.485,0.));
#2443=CARTESIAN_POINT('Origin',(8.55,5.485,0.));
#2444=CARTESIAN_POINT('',(8.55,2.7425,0.));
#2445=CARTESIAN_POINT('',(8.55,5.485,0.));
#2446=CARTESIAN_POINT('',(8.55,5.485,0.));
#2447=CARTESIAN_POINT('',(8.55,2.7425,0.));
#2448=CARTESIAN_POINT('Origin',(-8.55,5.485,0.));
#2449=CARTESIAN_POINT('',(-4.275,5.485,0.));
#2450=CARTESIAN_POINT('Origin',(10.55,-7.3,0.));
#2451=CARTESIAN_POINT('',(10.55,-7.3,0.));
#2452=CARTESIAN_POINT('',(10.55,-7.3,0.));
#2453=CARTESIAN_POINT('',(10.55,7.3,0.));
#2454=CARTESIAN_POINT('Origin',(-10.55,-7.3,0.));
#2455=CARTESIAN_POINT('',(10.55,-7.3,0.));
#2456=CARTESIAN_POINT('Origin',(0.,0.,0.));
#2457=CARTESIAN_POINT('Origin',(-6.54,-0.484158388214305,-14.0001254862054));
#2458=CARTESIAN_POINT('',(-6.04,0.515841611785695,-14.0001254862054));
#2459=CARTESIAN_POINT('Origin',(-6.04,-0.484158388214305,-14.0001254862054));
#2460=CARTESIAN_POINT('',(-6.54,0.515841611785695,-14.0001254862054));
#2461=CARTESIAN_POINT('',(-6.54,0.515841611785695,-14.0001254862054));
#2462=CARTESIAN_POINT('Origin',(-6.54,-0.484158388214305,-14.0001254862054));
#2463=CARTESIAN_POINT('Origin',(-6.54,2.055,-12.3466685591556));
#2464=CARTESIAN_POINT('',(-6.54,2.055,-12.3466685591556));
#2465=CARTESIAN_POINT('',(-6.54,2.70166855915555,-11.7));
#2466=CARTESIAN_POINT('',(-6.54,2.055,-12.3466685591556));
#2467=CARTESIAN_POINT('',(-6.04,2.70166855915555,-11.7));
#2468=CARTESIAN_POINT('',(-6.54,2.70166855915555,-11.7));
#2469=CARTESIAN_POINT('',(-6.04,2.055,-12.3466685591556));
#2470=CARTESIAN_POINT('',(-6.04,2.055,-12.3466685591556));
#2471=CARTESIAN_POINT('',(-6.54,2.055,-12.3466685591556));
#2472=CARTESIAN_POINT('Origin',(-6.54,2.055,-16.5));
#2473=CARTESIAN_POINT('',(-6.54,2.055,-16.5));
#2474=CARTESIAN_POINT('',(-6.54,2.055,-12.3466685591556));
#2475=CARTESIAN_POINT('',(-6.04,2.055,-16.5));
#2476=CARTESIAN_POINT('',(-6.04,2.055,-12.3466685591556));
#2477=CARTESIAN_POINT('',(-6.54,2.055,-16.5));
#2478=CARTESIAN_POINT('Origin',(-6.54,0.854999999999999,-17.7));
#2479=CARTESIAN_POINT('',(-6.54,0.854999999999999,-17.7));
#2480=CARTESIAN_POINT('',(-6.54,2.055,-16.5));
#2481=CARTESIAN_POINT('',(-6.04,0.854999999999999,-17.7));
#2482=CARTESIAN_POINT('',(-6.04,2.055,-16.5));
#2483=CARTESIAN_POINT('',(-6.54,0.854999999999999,-17.7));
#2484=CARTESIAN_POINT('Origin',(-6.54,-1.855,-17.7));
#2485=CARTESIAN_POINT('',(-6.54,-1.855,-17.7));
#2486=CARTESIAN_POINT('',(-6.54,0.854999999999998,-17.7));
#2487=CARTESIAN_POINT('',(-6.04,-1.855,-17.7));
#2488=CARTESIAN_POINT('',(-6.04,0.854999999999998,-17.7));
#2489=CARTESIAN_POINT('',(-6.54,-1.855,-17.7));
#2490=CARTESIAN_POINT('Origin',(-6.54,-3.055,-16.5));
#2491=CARTESIAN_POINT('',(-6.54,-3.055,-16.5));
#2492=CARTESIAN_POINT('',(-6.54,-3.055,-16.5));
#2493=CARTESIAN_POINT('',(-6.04,-3.055,-16.5));
#2494=CARTESIAN_POINT('',(-6.04,-3.055,-16.5));
#2495=CARTESIAN_POINT('',(-6.54,-3.055,-16.5));
#2496=CARTESIAN_POINT('Origin',(-6.54,-3.055,-12.3466685591556));
#2497=CARTESIAN_POINT('',(-6.54,-3.055,-12.3466685591556));
#2498=CARTESIAN_POINT('',(-6.54,-3.055,-16.5));
#2499=CARTESIAN_POINT('',(-6.04,-3.055,-12.3466685591556));
#2500=CARTESIAN_POINT('',(-6.04,-3.055,-16.5));
#2501=CARTESIAN_POINT('',(-6.54,-3.055,-12.3466685591556));
#2502=CARTESIAN_POINT('Origin',(-6.54,-3.70166855915555,-11.7));
#2503=CARTESIAN_POINT('',(-6.54,-3.70166855915555,-11.7));
#2504=CARTESIAN_POINT('',(-6.54,-3.055,-12.3466685591556));
#2505=CARTESIAN_POINT('',(-6.04,-3.70166855915555,-11.7));
#2506=CARTESIAN_POINT('',(-6.04,-3.055,-12.3466685591556));
#2507=CARTESIAN_POINT('',(-6.54,-3.70166855915555,-11.7));
#2508=CARTESIAN_POINT('Origin',(-6.54,2.70166855915555,-11.7));
#2509=CARTESIAN_POINT('',(-6.54,-3.055,-11.7));
#2510=CARTESIAN_POINT('',(-6.04,-3.055,-11.7));
#2511=CARTESIAN_POINT('Origin',(-6.54,-0.5,-14.7));
#2512=CARTESIAN_POINT('Origin',(-6.04,-0.5,-14.7));
#2513=CARTESIAN_POINT('Origin',(-0.439999999999999,-0.484158388214305,-14.0001254862054));
#2514=CARTESIAN_POINT('',(0.0600000000000007,0.515841611785695,-14.0001254862054));
#2515=CARTESIAN_POINT('Origin',(0.0600000000000007,-0.484158388214305,-14.0001254862054));
#2516=CARTESIAN_POINT('',(-0.439999999999999,0.515841611785695,-14.0001254862054));
#2517=CARTESIAN_POINT('',(-0.439999999999999,0.515841611785695,-14.0001254862054));
#2518=CARTESIAN_POINT('Origin',(-0.439999999999999,-0.484158388214305,-14.0001254862054));
#2519=CARTESIAN_POINT('Origin',(-0.439999999999999,2.055,-12.3466685591556));
#2520=CARTESIAN_POINT('',(-0.439999999999999,2.055,-12.3466685591556));
#2521=CARTESIAN_POINT('',(-0.439999999999999,2.70166855915555,-11.7));
#2522=CARTESIAN_POINT('',(-0.439999999999999,2.055,-12.3466685591556));
#2523=CARTESIAN_POINT('',(0.0600000000000007,2.70166855915555,-11.7));
#2524=CARTESIAN_POINT('',(-0.439999999999999,2.70166855915555,-11.7));
#2525=CARTESIAN_POINT('',(0.0600000000000007,2.055,-12.3466685591556));
#2526=CARTESIAN_POINT('',(0.0600000000000007,2.055,-12.3466685591556));
#2527=CARTESIAN_POINT('',(-0.439999999999999,2.055,-12.3466685591556));
#2528=CARTESIAN_POINT('Origin',(-0.439999999999999,2.055,-16.5));
#2529=CARTESIAN_POINT('',(-0.439999999999999,2.055,-16.5));
#2530=CARTESIAN_POINT('',(-0.439999999999999,2.055,-12.3466685591556));
#2531=CARTESIAN_POINT('',(0.0600000000000007,2.055,-16.5));
#2532=CARTESIAN_POINT('',(0.0600000000000007,2.055,-12.3466685591556));
#2533=CARTESIAN_POINT('',(-0.439999999999999,2.055,-16.5));
#2534=CARTESIAN_POINT('Origin',(-0.439999999999999,0.854999999999999,-17.7));
#2535=CARTESIAN_POINT('',(-0.439999999999999,0.854999999999999,-17.7));
#2536=CARTESIAN_POINT('',(-0.439999999999999,2.055,-16.5));
#2537=CARTESIAN_POINT('',(0.0600000000000007,0.854999999999999,-17.7));
#2538=CARTESIAN_POINT('',(0.0600000000000007,2.055,-16.5));
#2539=CARTESIAN_POINT('',(-0.439999999999999,0.854999999999999,-17.7));
#2540=CARTESIAN_POINT('Origin',(-0.439999999999999,-1.855,-17.7));
#2541=CARTESIAN_POINT('',(-0.439999999999999,-1.855,-17.7));
#2542=CARTESIAN_POINT('',(-0.439999999999999,0.854999999999998,-17.7));
#2543=CARTESIAN_POINT('',(0.0600000000000007,-1.855,-17.7));
#2544=CARTESIAN_POINT('',(0.0600000000000007,0.854999999999998,-17.7));
#2545=CARTESIAN_POINT('',(-0.439999999999999,-1.855,-17.7));
#2546=CARTESIAN_POINT('Origin',(-0.439999999999999,-3.055,-16.5));
#2547=CARTESIAN_POINT('',(-0.439999999999999,-3.055,-16.5));
#2548=CARTESIAN_POINT('',(-0.439999999999999,-3.055,-16.5));
#2549=CARTESIAN_POINT('',(0.0600000000000007,-3.055,-16.5));
#2550=CARTESIAN_POINT('',(0.0600000000000007,-3.055,-16.5));
#2551=CARTESIAN_POINT('',(-0.439999999999999,-3.055,-16.5));
#2552=CARTESIAN_POINT('Origin',(-0.439999999999999,-3.055,-12.3466685591556));
#2553=CARTESIAN_POINT('',(-0.439999999999999,-3.055,-12.3466685591556));
#2554=CARTESIAN_POINT('',(-0.439999999999999,-3.055,-16.5));
#2555=CARTESIAN_POINT('',(0.0600000000000007,-3.055,-12.3466685591556));
#2556=CARTESIAN_POINT('',(0.0600000000000007,-3.055,-16.5));
#2557=CARTESIAN_POINT('',(-0.439999999999999,-3.055,-12.3466685591556));
#2558=CARTESIAN_POINT('Origin',(-0.439999999999999,-3.70166855915555,-11.7));
#2559=CARTESIAN_POINT('',(-0.439999999999999,-3.70166855915555,-11.7));
#2560=CARTESIAN_POINT('',(-0.439999999999999,-3.055,-12.3466685591556));
#2561=CARTESIAN_POINT('',(0.0600000000000007,-3.70166855915555,-11.7));
#2562=CARTESIAN_POINT('',(0.0600000000000007,-3.055,-12.3466685591556));
#2563=CARTESIAN_POINT('',(-0.439999999999999,-3.70166855915555,-11.7));
#2564=CARTESIAN_POINT('Origin',(-0.439999999999999,2.70166855915555,-11.7));
#2565=CARTESIAN_POINT('',(-0.439999999999999,-3.055,-11.7));
#2566=CARTESIAN_POINT('',(0.0600000000000007,-3.055,-11.7));
#2567=CARTESIAN_POINT('Origin',(-0.439999999999999,-0.5,-14.7));
#2568=CARTESIAN_POINT('Origin',(0.0600000000000007,-0.5,-14.7));
#2569=UNCERTAINTY_MEASURE_WITH_UNIT(LENGTH_MEASURE(0.01),#2573,
'DISTANCE_ACCURACY_VALUE',
'Maximum model space distance between geometric entities at asserted c
onnectivities');
#2570=UNCERTAINTY_MEASURE_WITH_UNIT(LENGTH_MEASURE(0.01),#2573,
'DISTANCE_ACCURACY_VALUE',
'Maximum model space distance between geometric entities at asserted c
onnectivities');
#2571=(
GEOMETRIC_REPRESENTATION_CONTEXT(3)
GLOBAL_UNCERTAINTY_ASSIGNED_CONTEXT((#2569))
GLOBAL_UNIT_ASSIGNED_CONTEXT((#2573,#2575,#2576))
REPRESENTATION_CONTEXT('','3D')
);
#2572=(
GEOMETRIC_REPRESENTATION_CONTEXT(3)
GLOBAL_UNCERTAINTY_ASSIGNED_CONTEXT((#2570))
GLOBAL_UNIT_ASSIGNED_CONTEXT((#2573,#2575,#2576))
REPRESENTATION_CONTEXT('','3D')
);
#2573=(
LENGTH_UNIT()
NAMED_UNIT(*)
SI_UNIT(.MILLI.,.METRE.)
);
#2574=(
LENGTH_UNIT()
NAMED_UNIT(*)
SI_UNIT($,.METRE.)
);
#2575=(
NAMED_UNIT(*)
PLANE_ANGLE_UNIT()
SI_UNIT($,.RADIAN.)
);
#2576=(
NAMED_UNIT(*)
SI_UNIT($,.STERADIAN.)
SOLID_ANGLE_UNIT()
);
#2577=SHAPE_DEFINITION_REPRESENTATION(#2578,#2579);
#2578=PRODUCT_DEFINITION_SHAPE('',$,#2581);
#2579=SHAPE_REPRESENTATION('',(#1489),#2571);
#2580=PRODUCT_DEFINITION_CONTEXT('part definition',#2585,'design');
#2581=PRODUCT_DEFINITION('rocker switch 2 pin','rocker switch 2 pin v2',
#2582,#2580);
#2582=PRODUCT_DEFINITION_FORMATION('',$,#2587);
#2583=PRODUCT_RELATED_PRODUCT_CATEGORY('rocker switch 2 pin v2',
'rocker switch 2 pin v2',(#2587));
#2584=APPLICATION_PROTOCOL_DEFINITION('international standard',
'automotive_design',2009,#2585);
#2585=APPLICATION_CONTEXT(
'Core Data for Automotive Mechanical Design Process');
#2586=PRODUCT_CONTEXT('part definition',#2585,'mechanical');
#2587=PRODUCT('rocker switch 2 pin','rocker switch 2 pin v2',$,(#2586));
#2588=PRESENTATION_STYLE_ASSIGNMENT((#2592));
#2589=PRESENTATION_STYLE_ASSIGNMENT((#2593));
#2590=PRESENTATION_STYLE_ASSIGNMENT((#2594));
#2591=PRESENTATION_STYLE_ASSIGNMENT((#2595));
#2592=SURFACE_STYLE_USAGE(.BOTH.,#2596);
#2593=SURFACE_STYLE_USAGE(.BOTH.,#2597);
#2594=SURFACE_STYLE_USAGE(.BOTH.,#2598);
#2595=SURFACE_STYLE_USAGE(.BOTH.,#2599);
#2596=SURFACE_SIDE_STYLE('',(#2600));
#2597=SURFACE_SIDE_STYLE('',(#2601));
#2598=SURFACE_SIDE_STYLE('',(#2602));
#2599=SURFACE_SIDE_STYLE('',(#2603));
#2600=SURFACE_STYLE_FILL_AREA(#2604);
#2601=SURFACE_STYLE_FILL_AREA(#2605);
#2602=SURFACE_STYLE_FILL_AREA(#2606);
#2603=SURFACE_STYLE_FILL_AREA(#2607);
#2604=FILL_AREA_STYLE('Steel - Satin',(#2608));
#2605=FILL_AREA_STYLE('Plastic - Matte (Black)',(#2609));
#2606=FILL_AREA_STYLE('Plastic - Glossy (White)',(#2610));
#2607=FILL_AREA_STYLE('Silver - Polished',(#2611));
#2608=FILL_AREA_STYLE_COLOUR('Steel - Satin',#2612);
#2609=FILL_AREA_STYLE_COLOUR('Plastic - Matte (Black)',#2613);
#2610=FILL_AREA_STYLE_COLOUR('Plastic - Glossy (White)',#2614);
#2611=FILL_AREA_STYLE_COLOUR('Silver - Polished',#2615);
#2612=COLOUR_RGB('Steel - Satin',0.627450980392157,0.627450980392157,0.627450980392157);
#2613=COLOUR_RGB('Plastic - Matte (Black)',0.0980392156862745,0.0980392156862745,
0.0980392156862745);
#2614=COLOUR_RGB('Plastic - Glossy (White)',0.964705882352941,0.964705882352941,
0.952941176470588);
#2615=COLOUR_RGB('Silver - Polished',0.984313725490196,0.980392156862745,
0.96078431372549);
ENDSEC;
END-ISO-10303-21;
