ISO-10303-21;
HEADER;
/* Generated by software containing ST-Developer
 * from STEP Tools, Inc. (www.steptools.com) 
 */

FILE_DESCRIPTION(
/* description */ (''),
/* implementation_level */ '2;1');

FILE_NAME(
/* name */ 'push button horn switch.step',
/* time_stamp */ '2026-07-05T23:33:06+05:30',
/* author */ (''),
/* organization */ (''),
/* preprocessor_version */ 'ST-DEVELOPER v20.1',
/* originating_system */ 'Autodesk Translation Framework v15.8.0.0',
/* authorisation */ '');

FILE_SCHEMA (('AUTOMOTIVE_DESIGN { 1 0 10303 214 3 1 1 }'));
ENDSEC;

DATA;
#10=MECHANICAL_DESIGN_GEOMETRIC_PRESENTATION_REPRESENTATION('',(#356,#357,
#358,#359,#360,#361,#362),#9234);
#11=SHAPE_REPRESENTATION_RELATIONSHIP('SRR','None',#9241,#12);
#12=ADVANCED_BREP_SHAPE_REPRESENTATION('',(#363,#364,#365,#366,#367,#368,
#369),#9233);
#13=B_SPLINE_SURFACE_WITH_KNOTS('',3,3,((#4328,#4329,#4330,#4331,#4332,
#4333,#4334,#4335,#4336,#4337,#4338,#4339,#4340,#4341,#4342,#4343,#4344,
#4345,#4346,#4347,#4348),(#4349,#4350,#4351,#4352,#4353,#4354,#4355,#4356,
#4357,#4358,#4359,#4360,#4361,#4362,#4363,#4364,#4365,#4366,#4367,#4368,
#4369),(#4370,#4371,#4372,#4373,#4374,#4375,#4376,#4377,#4378,#4379,#4380,
#4381,#4382,#4383,#4384,#4385,#4386,#4387,#4388,#4389,#4390),(#4391,#4392,
#4393,#4394,#4395,#4396,#4397,#4398,#4399,#4400,#4401,#4402,#4403,#4404,
#4405,#4406,#4407,#4408,#4409,#4410,#4411)),.UNSPECIFIED.,.F.,.F.,.F.,(4,
4),(4,1,1,1,1,1,1,1,1,1,1,1,1,1,1,1,1,1,4),(0.,0.0288444194487137),(11.8618103279855,
12.8506400171478,13.8394697063101,14.8282993954724,15.8171290846347,16.805958773797,
17.7947884629593,18.7836181521216,19.7724478412839,20.7612775304462,21.7501072196085,
22.7389369087708,23.7277665979331,24.7165962870954,25.7054259762577,26.69425566542,
27.6830853545823,28.6719150437446,29.660744732907),.UNSPECIFIED.);
#14=B_SPLINE_SURFACE_WITH_KNOTS('',3,3,((#4532,#4533,#4534,#4535,#4536,
#4537,#4538,#4539,#4540,#4541,#4542,#4543,#4544,#4545,#4546,#4547,#4548,
#4549,#4550,#4551,#4552,#4553,#4554,#4555,#4556,#4557,#4558,#4559,#4560,
#4561,#4562,#4563,#4564,#4565,#4566,#4567,#4568,#4569),(#4570,#4571,#4572,
#4573,#4574,#4575,#4576,#4577,#4578,#4579,#4580,#4581,#4582,#4583,#4584,
#4585,#4586,#4587,#4588,#4589,#4590,#4591,#4592,#4593,#4594,#4595,#4596,
#4597,#4598,#4599,#4600,#4601,#4602,#4603,#4604,#4605,#4606,#4607),(#4608,
#4609,#4610,#4611,#4612,#4613,#4614,#4615,#4616,#4617,#4618,#4619,#4620,
#4621,#4622,#4623,#4624,#4625,#4626,#4627,#4628,#4629,#4630,#4631,#4632,
#4633,#4634,#4635,#4636,#4637,#4638,#4639,#4640,#4641,#4642,#4643,#4644,
#4645),(#4646,#4647,#4648,#4649,#4650,#4651,#4652,#4653,#4654,#4655,#4656,
#4657,#4658,#4659,#4660,#4661,#4662,#4663,#4664,#4665,#4666,#4667,#4668,
#4669,#4670,#4671,#4672,#4673,#4674,#4675,#4676,#4677,#4678,#4679,#4680,
#4681,#4682,#4683)),.UNSPECIFIED.,.F.,.F.,.F.,(4,4),(4,1,1,1,1,1,1,1,1,
1,1,1,1,1,1,1,1,1,1,1,1,1,1,1,1,1,1,1,1,1,1,1,1,1,1,4),(0.,0.0288444194487137),
(55.0723203490799,56.049504178391,57.026688007702,58.003871837013,58.981055666324,
59.9582394956351,60.9354233249461,61.9126071542571,62.8897909835682,63.8669748128792,
64.8441586421902,65.8213424715012,66.7985263008123,67.7757101301233,68.7528939594343,
69.7300777887453,70.7072616180564,71.6844454473674,72.6616292766784,73.6388131059895,
74.6159969353005,75.5931807646115,76.5703645939225,77.5475484232336,78.5247322525446,
79.5019160818556,80.4790999111667,81.4562837404777,82.4334675697887,83.4106513990997,
84.3878352284108,85.3650190577218,86.3422028870328,87.3193867163439,88.2965705456549,
89.2737543749659),.UNSPECIFIED.);
#15=B_SPLINE_SURFACE_WITH_KNOTS('',3,3,((#4810,#4811,#4812,#4813,#4814),
(#4815,#4816,#4817,#4818,#4819),(#4820,#4821,#4822,#4823,#4824),(#4825,
#4826,#4827,#4828,#4829)),.UNSPECIFIED.,.F.,.F.,.F.,(4,4),(4,1,4),(0.,0.0288444194487137),
(49.4276777813554,50.301690327717,51.1757028740787),.UNSPECIFIED.);
#16=B_SPLINE_SURFACE_WITH_KNOTS('',3,3,((#4871,#4872,#4873,#4874,#4875),
(#4876,#4877,#4878,#4879,#4880),(#4881,#4882,#4883,#4884,#4885),(#4886,
#4887,#4888,#4889,#4890)),.UNSPECIFIED.,.F.,.F.,.F.,(4,4),(4,1,4),(0.,0.0288444194487137),
(43.256027523302,43.9856171071438,44.7152066909856),.UNSPECIFIED.);
#17=B_SPLINE_SURFACE_WITH_KNOTS('',3,3,((#4922,#4923,#4924,#4925,#4926,
#4927),(#4928,#4929,#4930,#4931,#4932,#4933),(#4934,#4935,#4936,#4937,#4938,
#4939),(#4940,#4941,#4942,#4943,#4944,#4945)),.UNSPECIFIED.,.F.,.F.,.F.,
(4,4),(4,1,1,4),(0.,0.0288444194487137),(30.1085526071683,30.9011887008957,
31.6938247946231,32.4864608883505),.UNSPECIFIED.);
#18=B_SPLINE_SURFACE_WITH_KNOTS('',3,3,((#4996,#4997,#4998,#4999,#5000,
#5001),(#5002,#5003,#5004,#5005,#5006,#5007),(#5008,#5009,#5010,#5011,#5012,
#5013),(#5014,#5015,#5016,#5017,#5018,#5019)),.UNSPECIFIED.,.F.,.F.,.F.,
(4,4),(4,1,1,4),(0.,0.0288444194487137),(52.4141617312386,53.1968094510895,
53.9794571709404,54.7621048907912),.UNSPECIFIED.);
#19=B_SPLINE_SURFACE_WITH_KNOTS('',3,3,((#5042,#5043,#5044,#5045,#5046),
(#5047,#5048,#5049,#5050,#5051),(#5052,#5053,#5054,#5055,#5056),(#5057,
#5058,#5059,#5060,#5061)),.UNSPECIFIED.,.F.,.F.,.F.,(4,4),(4,1,4),(0.,0.0288444194487137),
(46.3686680271569,47.1413771435552,47.9140862599535),.UNSPECIFIED.);
#20=B_SPLINE_SURFACE_WITH_KNOTS('',3,3,((#5090,#5091,#5092,#5093,#5094),
(#5095,#5096,#5097,#5098,#5099),(#5100,#5101,#5102,#5103,#5104),(#5105,
#5106,#5107,#5108,#5109)),.UNSPECIFIED.,.F.,.F.,.F.,(4,4),(4,1,4),(0.,0.0288444194487137),
(36.8573516471776,37.6732080006088,38.48906435404),.UNSPECIFIED.);
#21=B_SPLINE_SURFACE_WITH_KNOTS('',3,3,((#5141,#5142,#5143,#5144,#5145),
(#5146,#5147,#5148,#5149,#5150),(#5151,#5152,#5153,#5154,#5155),(#5156,
#5157,#5158,#5159,#5160)),.UNSPECIFIED.,.F.,.F.,.F.,(4,4),(4,1,4),(0.,0.0288444194487137),
(40.0865859201878,40.8305724221577,41.5745589241275),.UNSPECIFIED.);
#22=B_SPLINE_SURFACE_WITH_KNOTS('',3,3,((#5197,#5198,#5199,#5200,#5201),
(#5202,#5203,#5204,#5205,#5206),(#5207,#5208,#5209,#5210,#5211),(#5212,
#5213,#5214,#5215,#5216)),.UNSPECIFIED.,.F.,.F.,.F.,(4,4),(4,1,4),(0.,0.0288444194487137),
(33.5582678715747,34.5074775687509,35.4566872659271),.UNSPECIFIED.);
#23=B_SPLINE_SURFACE_WITH_KNOTS('',3,3,((#5261,#5262,#5263,#5264,#5265,
#5266,#5267,#5268,#5269,#5270,#5271,#5272,#5273,#5274,#5275,#5276,#5277,
#5278,#5279,#5280,#5281,#5282,#5283,#5284,#5285,#5286,#5287,#5288,#5289,
#5290,#5291,#5292,#5293,#5294,#5295,#5296,#5297,#5298,#5299,#5300),(#5301,
#5302,#5303,#5304,#5305,#5306,#5307,#5308,#5309,#5310,#5311,#5312,#5313,
#5314,#5315,#5316,#5317,#5318,#5319,#5320,#5321,#5322,#5323,#5324,#5325,
#5326,#5327,#5328,#5329,#5330,#5331,#5332,#5333,#5334,#5335,#5336,#5337,
#5338,#5339,#5340),(#5341,#5342,#5343,#5344,#5345,#5346,#5347,#5348,#5349,
#5350,#5351,#5352,#5353,#5354,#5355,#5356,#5357,#5358,#5359,#5360,#5361,
#5362,#5363,#5364,#5365,#5366,#5367,#5368,#5369,#5370,#5371,#5372,#5373,
#5374,#5375,#5376,#5377,#5378,#5379,#5380),(#5381,#5382,#5383,#5384,#5385,
#5386,#5387,#5388,#5389,#5390,#5391,#5392,#5393,#5394,#5395,#5396,#5397,
#5398,#5399,#5400,#5401,#5402,#5403,#5404,#5405,#5406,#5407,#5408,#5409,
#5410,#5411,#5412,#5413,#5414,#5415,#5416,#5417,#5418,#5419,#5420)),
 .UNSPECIFIED.,.F.,.F.,.F.,(4,4),(4,1,1,1,1,1,1,1,1,1,1,1,1,1,1,1,1,1,1,
1,1,1,1,1,1,1,1,1,1,1,1,1,1,1,1,1,1,4),(0.,0.0288444194487137),(55.3999981654225,
56.3840724647483,57.3681467640742,58.3522210634,59.3362953627258,60.3203696620516,
61.3044439613774,62.2885182607032,63.272592560029,64.2566668593549,65.2407411586807,
66.2248154580065,67.2088897573323,68.1929640566581,69.1770383559839,70.1611126553097,
71.1451869546355,72.1292612539614,73.1133355532872,74.097409852613,75.0814841519388,
76.0655584512646,77.0496327505904,78.0337070499162,79.0177813492421,80.0018556485679,
80.9859299478937,81.9700042472195,82.9540785465453,83.9381528458711,84.9222271451969,
85.9063014445227,86.8903757438486,87.8744500431744,88.8585243425002,89.842598641826,
90.8266729411518,91.8107472404776),.UNSPECIFIED.);
#24=B_SPLINE_SURFACE_WITH_KNOTS('',3,3,((#5587,#5588,#5589,#5590,#5591),
(#5592,#5593,#5594,#5595,#5596),(#5597,#5598,#5599,#5600,#5601),(#5602,
#5603,#5604,#5605,#5606)),.UNSPECIFIED.,.F.,.F.,.F.,(4,4),(4,1,4),(0.,0.0288444194487137),
(46.377289689567,47.1388383994563,47.9003871093455),.UNSPECIFIED.);
#25=B_SPLINE_SURFACE_WITH_KNOTS('',3,3,((#5651,#5652,#5653,#5654,#5655),
(#5656,#5657,#5658,#5659,#5660),(#5661,#5662,#5663,#5664,#5665),(#5666,
#5667,#5668,#5669,#5670)),.UNSPECIFIED.,.F.,.F.,.F.,(4,4),(4,1,4),(0.,0.0288444194487137),
(43.2554134701782,43.983402679175,44.7113918881717),.UNSPECIFIED.);
#26=B_SPLINE_SURFACE_WITH_KNOTS('',3,3,((#5715,#5716,#5717,#5718,#5719),
(#5720,#5721,#5722,#5723,#5724),(#5725,#5726,#5727,#5728,#5729),(#5730,
#5731,#5732,#5733,#5734)),.UNSPECIFIED.,.F.,.F.,.F.,(4,4),(4,1,4),(0.,0.0288444194487137),
(40.0762366636081,40.8282036001092,41.5801705366103),.UNSPECIFIED.);
#27=B_SPLINE_SURFACE_WITH_KNOTS('',3,3,((#5773,#5774,#5775,#5776,#5777,
#5778,#5779,#5780,#5781,#5782,#5783,#5784,#5785,#5786,#5787,#5788,#5789,
#5790,#5791,#5792,#5793,#5794),(#5795,#5796,#5797,#5798,#5799,#5800,#5801,
#5802,#5803,#5804,#5805,#5806,#5807,#5808,#5809,#5810,#5811,#5812,#5813,
#5814,#5815,#5816),(#5817,#5818,#5819,#5820,#5821,#5822,#5823,#5824,#5825,
#5826,#5827,#5828,#5829,#5830,#5831,#5832,#5833,#5834,#5835,#5836,#5837,
#5838),(#5839,#5840,#5841,#5842,#5843,#5844,#5845,#5846,#5847,#5848,#5849,
#5850,#5851,#5852,#5853,#5854,#5855,#5856,#5857,#5858,#5859,#5860)),
 .UNSPECIFIED.,.F.,.F.,.F.,(4,4),(4,1,1,1,1,1,1,1,1,1,1,1,1,1,1,1,1,1,1,
4),(0.,0.0288444194487137),(14.3988031934972,15.3598346243247,16.3208660551522,
17.2818974859797,18.2429289168072,19.2039603476346,20.1649917784621,21.1260232092896,
22.0870546401171,23.0480860709446,24.0091175017721,24.9701489325996,25.9311803634271,
26.8922117942546,27.8532432250821,28.8142746559096,29.7753060867371,30.7363375175645,
31.697368948392,32.6584003792195),.UNSPECIFIED.);
#28=B_SPLINE_SURFACE_WITH_KNOTS('',3,3,((#5995,#5996,#5997,#5998,#5999,
#6000),(#6001,#6002,#6003,#6004,#6005,#6006),(#6007,#6008,#6009,#6010,#6011,
#6012),(#6013,#6014,#6015,#6016,#6017,#6018)),.UNSPECIFIED.,.F.,.F.,.F.,
(4,4),(4,1,1,4),(0.,0.0288444194487137),(52.4588609356498,53.1330079689118,
53.8071550021739,54.4813020354359),.UNSPECIFIED.);
#29=B_SPLINE_SURFACE_WITH_KNOTS('',3,3,((#6063,#6064,#6065,#6066,#6067),
(#6068,#6069,#6070,#6071,#6072),(#6073,#6074,#6075,#6076,#6077),(#6078,
#6079,#6080,#6081,#6082)),.UNSPECIFIED.,.F.,.F.,.F.,(4,4),(4,1,4),(0.,0.0288444194487137),
(49.4450861270961,50.2979719017408,51.1508576763854),.UNSPECIFIED.);
#30=B_SPLINE_SURFACE_WITH_KNOTS('',3,3,((#6127,#6128,#6129,#6130,#6131,
#6132),(#6133,#6134,#6135,#6136,#6137,#6138),(#6139,#6140,#6141,#6142,#6143,
#6144),(#6145,#6146,#6147,#6148,#6149,#6150)),.UNSPECIFIED.,.F.,.F.,.F.,
(4,4),(4,1,1,4),(0.,0.0288444194487137),(33.4373183234085,34.1183205240556,
34.7993227247028,35.48032492535),.UNSPECIFIED.);
#31=B_SPLINE_SURFACE_WITH_KNOTS('',3,3,((#6191,#6192,#6193,#6194,#6195),
(#6196,#6197,#6198,#6199,#6200),(#6201,#6202,#6203,#6204,#6205),(#6206,
#6207,#6208,#6209,#6210)),.UNSPECIFIED.,.F.,.F.,.F.,(4,4),(4,1,4),(0.,0.0288444194487137),
(36.8365350455548,37.6700414343767,38.5035478231985),.UNSPECIFIED.);
#32=B_SPLINE_SURFACE_WITH_KNOTS('',3,3,((#7180,#7181,#7182,#7183,#7184,
#7185,#7186,#7187,#7188,#7189,#7190,#7191,#7192,#7193,#7194,#7195,#7196,
#7197,#7198,#7199,#7200),(#7201,#7202,#7203,#7204,#7205,#7206,#7207,#7208,
#7209,#7210,#7211,#7212,#7213,#7214,#7215,#7216,#7217,#7218,#7219,#7220,
#7221),(#7222,#7223,#7224,#7225,#7226,#7227,#7228,#7229,#7230,#7231,#7232,
#7233,#7234,#7235,#7236,#7237,#7238,#7239,#7240,#7241,#7242),(#7243,#7244,
#7245,#7246,#7247,#7248,#7249,#7250,#7251,#7252,#7253,#7254,#7255,#7256,
#7257,#7258,#7259,#7260,#7261,#7262,#7263)),.UNSPECIFIED.,.F.,.F.,.F.,(4,
4),(4,1,1,1,1,1,1,1,1,1,1,1,1,1,1,1,1,1,4),(0.,0.0288444194487137),(11.8618103279855,
12.8506400171478,13.8394697063101,14.8282993954724,15.8171290846347,16.805958773797,
17.7947884629593,18.7836181521216,19.7724478412839,20.7612775304462,21.7501072196085,
22.7389369087708,23.7277665979331,24.7165962870954,25.7054259762577,26.69425566542,
27.6830853545823,28.6719150437446,29.6607447329069),.UNSPECIFIED.);
#33=B_SPLINE_SURFACE_WITH_KNOTS('',3,3,((#7384,#7385,#7386,#7387,#7388,
#7389,#7390,#7391,#7392,#7393,#7394,#7395,#7396,#7397,#7398,#7399,#7400,
#7401,#7402,#7403,#7404,#7405,#7406,#7407,#7408,#7409,#7410,#7411,#7412,
#7413,#7414,#7415,#7416,#7417,#7418,#7419,#7420,#7421),(#7422,#7423,#7424,
#7425,#7426,#7427,#7428,#7429,#7430,#7431,#7432,#7433,#7434,#7435,#7436,
#7437,#7438,#7439,#7440,#7441,#7442,#7443,#7444,#7445,#7446,#7447,#7448,
#7449,#7450,#7451,#7452,#7453,#7454,#7455,#7456,#7457,#7458,#7459),(#7460,
#7461,#7462,#7463,#7464,#7465,#7466,#7467,#7468,#7469,#7470,#7471,#7472,
#7473,#7474,#7475,#7476,#7477,#7478,#7479,#7480,#7481,#7482,#7483,#7484,
#7485,#7486,#7487,#7488,#7489,#7490,#7491,#7492,#7493,#7494,#7495,#7496,
#7497),(#7498,#7499,#7500,#7501,#7502,#7503,#7504,#7505,#7506,#7507,#7508,
#7509,#7510,#7511,#7512,#7513,#7514,#7515,#7516,#7517,#7518,#7519,#7520,
#7521,#7522,#7523,#7524,#7525,#7526,#7527,#7528,#7529,#7530,#7531,#7532,
#7533,#7534,#7535)),.UNSPECIFIED.,.F.,.F.,.F.,(4,4),(4,1,1,1,1,1,1,1,1,
1,1,1,1,1,1,1,1,1,1,1,1,1,1,1,1,1,1,1,1,1,1,1,1,1,1,4),(0.,0.0288444194487137),
(55.0723203490799,56.049504178391,57.026688007702,58.003871837013,58.981055666324,
59.9582394956351,60.9354233249461,61.9126071542571,62.8897909835681,63.8669748128792,
64.8441586421902,65.8213424715012,66.7985263008123,67.7757101301233,68.7528939594343,
69.7300777887453,70.7072616180564,71.6844454473674,72.6616292766784,73.6388131059895,
74.6159969353005,75.5931807646115,76.5703645939225,77.5475484232336,78.5247322525446,
79.5019160818556,80.4790999111667,81.4562837404777,82.4334675697887,83.4106513990997,
84.3878352284108,85.3650190577218,86.3422028870328,87.3193867163439,88.2965705456549,
89.2737543749659),.UNSPECIFIED.);
#34=B_SPLINE_SURFACE_WITH_KNOTS('',3,3,((#7662,#7663,#7664,#7665,#7666),
(#7667,#7668,#7669,#7670,#7671),(#7672,#7673,#7674,#7675,#7676),(#7677,
#7678,#7679,#7680,#7681)),.UNSPECIFIED.,.F.,.F.,.F.,(4,4),(4,1,4),(0.,0.0288444194487137),
(49.4276777813554,50.301690327717,51.1757028740787),.UNSPECIFIED.);
#35=B_SPLINE_SURFACE_WITH_KNOTS('',3,3,((#7723,#7724,#7725,#7726,#7727),
(#7728,#7729,#7730,#7731,#7732),(#7733,#7734,#7735,#7736,#7737),(#7738,
#7739,#7740,#7741,#7742)),.UNSPECIFIED.,.F.,.F.,.F.,(4,4),(4,1,4),(0.,0.0288444194487137),
(43.256027523302,43.9856171071438,44.7152066909856),.UNSPECIFIED.);
#36=B_SPLINE_SURFACE_WITH_KNOTS('',3,3,((#7774,#7775,#7776,#7777,#7778,
#7779),(#7780,#7781,#7782,#7783,#7784,#7785),(#7786,#7787,#7788,#7789,#7790,
#7791),(#7792,#7793,#7794,#7795,#7796,#7797)),.UNSPECIFIED.,.F.,.F.,.F.,
(4,4),(4,1,1,4),(0.,0.0288444194487137),(30.1085526071683,30.9011887008957,
31.6938247946231,32.4864608883505),.UNSPECIFIED.);
#37=B_SPLINE_SURFACE_WITH_KNOTS('',3,3,((#7848,#7849,#7850,#7851,#7852,
#7853),(#7854,#7855,#7856,#7857,#7858,#7859),(#7860,#7861,#7862,#7863,#7864,
#7865),(#7866,#7867,#7868,#7869,#7870,#7871)),.UNSPECIFIED.,.F.,.F.,.F.,
(4,4),(4,1,1,4),(0.,0.0288444194487137),(52.4141617312386,53.1968094510895,
53.9794571709404,54.7621048907912),.UNSPECIFIED.);
#38=B_SPLINE_SURFACE_WITH_KNOTS('',3,3,((#7894,#7895,#7896,#7897,#7898),
(#7899,#7900,#7901,#7902,#7903),(#7904,#7905,#7906,#7907,#7908),(#7909,
#7910,#7911,#7912,#7913)),.UNSPECIFIED.,.F.,.F.,.F.,(4,4),(4,1,4),(0.,0.0288444194487137),
(46.3686680271569,47.1413771435552,47.9140862599535),.UNSPECIFIED.);
#39=B_SPLINE_SURFACE_WITH_KNOTS('',3,3,((#7942,#7943,#7944,#7945,#7946),
(#7947,#7948,#7949,#7950,#7951),(#7952,#7953,#7954,#7955,#7956),(#7957,
#7958,#7959,#7960,#7961)),.UNSPECIFIED.,.F.,.F.,.F.,(4,4),(4,1,4),(0.,0.0288444194487137),
(36.8573516471776,37.6732080006088,38.48906435404),.UNSPECIFIED.);
#40=B_SPLINE_SURFACE_WITH_KNOTS('',3,3,((#7993,#7994,#7995,#7996,#7997),
(#7998,#7999,#8000,#8001,#8002),(#8003,#8004,#8005,#8006,#8007),(#8008,
#8009,#8010,#8011,#8012)),.UNSPECIFIED.,.F.,.F.,.F.,(4,4),(4,1,4),(0.,0.0288444194487137),
(40.0865859201878,40.8305724221577,41.5745589241275),.UNSPECIFIED.);
#41=B_SPLINE_SURFACE_WITH_KNOTS('',3,3,((#8049,#8050,#8051,#8052,#8053),
(#8054,#8055,#8056,#8057,#8058),(#8059,#8060,#8061,#8062,#8063),(#8064,
#8065,#8066,#8067,#8068)),.UNSPECIFIED.,.F.,.F.,.F.,(4,4),(4,1,4),(0.,0.0288444194487137),
(33.5582678715747,34.5074775687509,35.4566872659271),.UNSPECIFIED.);
#42=B_SPLINE_SURFACE_WITH_KNOTS('',3,3,((#8113,#8114,#8115,#8116,#8117,
#8118,#8119,#8120,#8121,#8122,#8123,#8124,#8125,#8126,#8127,#8128,#8129,
#8130,#8131,#8132,#8133,#8134,#8135,#8136,#8137,#8138,#8139,#8140,#8141,
#8142,#8143,#8144,#8145,#8146,#8147,#8148,#8149,#8150,#8151,#8152),(#8153,
#8154,#8155,#8156,#8157,#8158,#8159,#8160,#8161,#8162,#8163,#8164,#8165,
#8166,#8167,#8168,#8169,#8170,#8171,#8172,#8173,#8174,#8175,#8176,#8177,
#8178,#8179,#8180,#8181,#8182,#8183,#8184,#8185,#8186,#8187,#8188,#8189,
#8190,#8191,#8192),(#8193,#8194,#8195,#8196,#8197,#8198,#8199,#8200,#8201,
#8202,#8203,#8204,#8205,#8206,#8207,#8208,#8209,#8210,#8211,#8212,#8213,
#8214,#8215,#8216,#8217,#8218,#8219,#8220,#8221,#8222,#8223,#8224,#8225,
#8226,#8227,#8228,#8229,#8230,#8231,#8232),(#8233,#8234,#8235,#8236,#8237,
#8238,#8239,#8240,#8241,#8242,#8243,#8244,#8245,#8246,#8247,#8248,#8249,
#8250,#8251,#8252,#8253,#8254,#8255,#8256,#8257,#8258,#8259,#8260,#8261,
#8262,#8263,#8264,#8265,#8266,#8267,#8268,#8269,#8270,#8271,#8272)),
 .UNSPECIFIED.,.F.,.F.,.F.,(4,4),(4,1,1,1,1,1,1,1,1,1,1,1,1,1,1,1,1,1,1,
1,1,1,1,1,1,1,1,1,1,1,1,1,1,1,1,1,1,4),(0.,0.0288444194487137),(55.3999981654225,
56.3840724647483,57.3681467640742,58.3522210634,59.3362953627258,60.3203696620516,
61.3044439613774,62.2885182607032,63.272592560029,64.2566668593549,65.2407411586807,
66.2248154580065,67.2088897573323,68.1929640566581,69.1770383559839,70.1611126553097,
71.1451869546355,72.1292612539614,73.1133355532872,74.097409852613,75.0814841519388,
76.0655584512646,77.0496327505904,78.0337070499162,79.0177813492421,80.0018556485679,
80.9859299478937,81.9700042472195,82.9540785465453,83.9381528458711,84.9222271451969,
85.9063014445227,86.8903757438486,87.8744500431744,88.8585243425002,89.842598641826,
90.8266729411518,91.8107472404776),.UNSPECIFIED.);
#43=B_SPLINE_SURFACE_WITH_KNOTS('',3,3,((#8439,#8440,#8441,#8442,#8443),
(#8444,#8445,#8446,#8447,#8448),(#8449,#8450,#8451,#8452,#8453),(#8454,
#8455,#8456,#8457,#8458)),.UNSPECIFIED.,.F.,.F.,.F.,(4,4),(4,1,4),(0.,0.0288444194487137),
(46.377289689567,47.1388383994563,47.9003871093455),.UNSPECIFIED.);
#44=B_SPLINE_SURFACE_WITH_KNOTS('',3,3,((#8503,#8504,#8505,#8506,#8507),
(#8508,#8509,#8510,#8511,#8512),(#8513,#8514,#8515,#8516,#8517),(#8518,
#8519,#8520,#8521,#8522)),.UNSPECIFIED.,.F.,.F.,.F.,(4,4),(4,1,4),(0.,0.0288444194487137),
(43.2554134701782,43.983402679175,44.7113918881717),.UNSPECIFIED.);
#45=B_SPLINE_SURFACE_WITH_KNOTS('',3,3,((#8567,#8568,#8569,#8570,#8571),
(#8572,#8573,#8574,#8575,#8576),(#8577,#8578,#8579,#8580,#8581),(#8582,
#8583,#8584,#8585,#8586)),.UNSPECIFIED.,.F.,.F.,.F.,(4,4),(4,1,4),(0.,0.0288444194487137),
(40.0762366636081,40.8282036001092,41.5801705366103),.UNSPECIFIED.);
#46=B_SPLINE_SURFACE_WITH_KNOTS('',3,3,((#8625,#8626,#8627,#8628,#8629,
#8630,#8631,#8632,#8633,#8634,#8635,#8636,#8637,#8638,#8639,#8640,#8641,
#8642,#8643,#8644,#8645,#8646),(#8647,#8648,#8649,#8650,#8651,#8652,#8653,
#8654,#8655,#8656,#8657,#8658,#8659,#8660,#8661,#8662,#8663,#8664,#8665,
#8666,#8667,#8668),(#8669,#8670,#8671,#8672,#8673,#8674,#8675,#8676,#8677,
#8678,#8679,#8680,#8681,#8682,#8683,#8684,#8685,#8686,#8687,#8688,#8689,
#8690),(#8691,#8692,#8693,#8694,#8695,#8696,#8697,#8698,#8699,#8700,#8701,
#8702,#8703,#8704,#8705,#8706,#8707,#8708,#8709,#8710,#8711,#8712)),
 .UNSPECIFIED.,.F.,.F.,.F.,(4,4),(4,1,1,1,1,1,1,1,1,1,1,1,1,1,1,1,1,1,1,
4),(0.,0.0288444194487137),(14.3988031934972,15.3598346243247,16.3208660551522,
17.2818974859797,18.2429289168072,19.2039603476347,20.1649917784621,21.1260232092896,
22.0870546401171,23.0480860709446,24.0091175017721,24.9701489325996,25.9311803634271,
26.8922117942546,27.8532432250821,28.8142746559096,29.7753060867371,30.7363375175646,
31.697368948392,32.6584003792195),.UNSPECIFIED.);
#47=B_SPLINE_SURFACE_WITH_KNOTS('',3,3,((#8847,#8848,#8849,#8850,#8851,
#8852),(#8853,#8854,#8855,#8856,#8857,#8858),(#8859,#8860,#8861,#8862,#8863,
#8864),(#8865,#8866,#8867,#8868,#8869,#8870)),.UNSPECIFIED.,.F.,.F.,.F.,
(4,4),(4,1,1,4),(0.,0.0288444194487137),(52.4588609356498,53.1330079689118,
53.8071550021739,54.4813020354359),.UNSPECIFIED.);
#48=B_SPLINE_SURFACE_WITH_KNOTS('',3,3,((#8915,#8916,#8917,#8918,#8919),
(#8920,#8921,#8922,#8923,#8924),(#8925,#8926,#8927,#8928,#8929),(#8930,
#8931,#8932,#8933,#8934)),.UNSPECIFIED.,.F.,.F.,.F.,(4,4),(4,1,4),(0.,0.0288444194487137),
(49.4450861270961,50.2979719017408,51.1508576763854),.UNSPECIFIED.);
#49=B_SPLINE_SURFACE_WITH_KNOTS('',3,3,((#8979,#8980,#8981,#8982,#8983,
#8984),(#8985,#8986,#8987,#8988,#8989,#8990),(#8991,#8992,#8993,#8994,#8995,
#8996),(#8997,#8998,#8999,#9000,#9001,#9002)),.UNSPECIFIED.,.F.,.F.,.F.,
(4,4),(4,1,1,4),(0.,0.0288444194487137),(33.4373183234085,34.1183205240556,
34.7993227247028,35.48032492535),.UNSPECIFIED.);
#50=B_SPLINE_SURFACE_WITH_KNOTS('',3,3,((#9043,#9044,#9045,#9046,#9047),
(#9048,#9049,#9050,#9051,#9052),(#9053,#9054,#9055,#9056,#9057),(#9058,
#9059,#9060,#9061,#9062)),.UNSPECIFIED.,.F.,.F.,.F.,(4,4),(4,1,4),(0.,0.0288444194487137),
(36.8365350455548,37.6700414343767,38.5035478231985),.UNSPECIFIED.);
#51=B_SPLINE_CURVE_WITH_KNOTS('',3,(#3532,#3533,#3534,#3535,#3536,#3537,
#3538),.UNSPECIFIED.,.F.,.F.,(4,3,4),(-41.545264783041,-41.334999123104,
-40.5523514032531),.UNSPECIFIED.);
#52=B_SPLINE_CURVE_WITH_KNOTS('',3,(#3540,#3541,#3542,#3543),
 .UNSPECIFIED.,.F.,.F.,(4,4),(0.211729439579879,0.234660268690318),
 .UNSPECIFIED.);
#53=B_SPLINE_CURVE_WITH_KNOTS('',3,(#3544,#3545,#3546,#3547,#3548,#3549,
#3550),.UNSPECIFIED.,.F.,.F.,(4,3,4),(44.1021025195417,44.9374921692286,
45.2914572247088),.UNSPECIFIED.);
#54=B_SPLINE_CURVE_WITH_KNOTS('',3,(#3556,#3557,#3558,#3559,#3560,#3561,
#3562,#3563,#3564,#3565,#3566,#3567,#3568,#3569,#3570,#3571),
 .UNSPECIFIED.,.F.,.F.,(4,3,3,3,3,4),(-47.8284500902205,-47.1192453383386,
-46.1420615090276,-45.1648776797165,-44.1876938504055,-43.2105100210945),
 .UNSPECIFIED.);
#55=B_SPLINE_CURVE_WITH_KNOTS('',3,(#3573,#3574,#3575,#3576,#3577,#3578,
#3579,#3580),.UNSPECIFIED.,.F.,.F.,(4,2,2,4),(0.48714203348485,0.490165448021789,
0.510473369427414,0.520696301907193),.UNSPECIFIED.);
#56=B_SPLINE_CURVE_WITH_KNOTS('',3,(#3581,#3582,#3583,#3584,#3585,#3586,
#3587),.UNSPECIFIED.,.F.,.F.,(4,3,4),(-42.9002945628058,-42.1176468429549,
-41.545264783041),.UNSPECIFIED.);
#57=B_SPLINE_CURVE_WITH_KNOTS('',3,(#3588,#3589,#3590,#3591,#3592,#3593,
#3594,#3595,#3596,#3597,#3598,#3599,#3600,#3601,#3602,#3603,#3604,#3605,
#3606,#3607,#3608,#3609),.UNSPECIFIED.,.F.,.F.,(4,3,3,3,3,3,3,4),(45.2914572247088,
45.9215664685544,46.9056407678802,47.889715067206,48.8737893665319,49.8578636658577,
50.8419379651835,51.5746425318884),.UNSPECIFIED.);
#58=B_SPLINE_CURVE_WITH_KNOTS('',3,(#3614,#3615,#3616,#3617,#3618,#3619,
#3620,#3621,#3622,#3623,#3624,#3625,#3626,#3627,#3628,#3629,#3630,#3631,
#3632,#3633,#3634,#3635,#3636,#3637,#3638),.UNSPECIFIED.,.F.,.F.,(4,3,3,
3,3,3,3,3,4),(-54.1116353974001,-53.9595321435158,-52.9823483142047,-52.0051644848937,
-51.0279806555827,-50.0507968262717,-49.0736129969606,-48.0964291676496,
-47.8284500902205),.UNSPECIFIED.);
#59=B_SPLINE_CURVE_WITH_KNOTS('',3,(#3639,#3640,#3641,#3642,#3643,#3644,
#3645,#3646,#3647,#3648,#3649,#3650,#3651,#3652,#3653,#3654,#3655,#3656,
#3657,#3658,#3659,#3660,#3661,#3662,#3663),.UNSPECIFIED.,.F.,.F.,(4,3,3,
3,3,3,3,3,4),(51.5746425318884,51.8260122645093,52.8100865638351,53.7941608631609,
54.7782351624867,55.7623094618126,56.7463837611384,57.7304580604642,57.857827839068),
 .UNSPECIFIED.);
#60=B_SPLINE_CURVE_WITH_KNOTS('',3,(#3668,#3669,#3670,#3671,#3672,#3673,
#3674,#3675,#3676,#3677,#3678,#3679,#3680,#3681,#3682,#3683,#3684,#3685,
#3686,#3687,#3688,#3689),.UNSPECIFIED.,.F.,.F.,(4,3,3,3,3,3,3,4),(-60.3948207045797,
-59.822635119382,-58.8454512900709,-57.8682674607599,-56.8910836314489,
-55.9138998021378,-54.9367159728268,-54.1116353974001),.UNSPECIFIED.);
#61=B_SPLINE_CURVE_WITH_KNOTS('',3,(#3690,#3691,#3692,#3693,#3694,#3695,
#3696,#3697,#3698,#3699,#3700,#3701,#3702,#3703,#3704,#3705,#3706,#3707,
#3708,#3709,#3710,#3711),.UNSPECIFIED.,.F.,.F.,(4,3,3,3,3,3,3,4),(57.857827839068,
58.71453235979,59.6986066591158,60.6826809584416,61.6667552577674,62.6508295570932,
63.6349038564191,64.1410131462476),.UNSPECIFIED.);
#62=B_SPLINE_CURVE_WITH_KNOTS('',3,(#3716,#3717,#3718,#3719,#3720,#3721,
#3722,#3723,#3724,#3725,#3726,#3727,#3728,#3729,#3730,#3731,#3732,#3733,
#3734,#3735,#3736,#3737,#3738,#3739,#3740),.UNSPECIFIED.,.F.,.F.,(4,3,3,
3,3,3,3,3,4),(-66.6780060117593,-66.6629219245592,-65.6857380952481,-64.7085542659371,
-63.7313704366261,-62.754186607315,-61.777002778004,-60.799818948693,-60.3948207045797),
 .UNSPECIFIED.);
#63=B_SPLINE_CURVE_WITH_KNOTS('',3,(#3741,#3742,#3743,#3744,#3745,#3746,
#3747,#3748,#3749,#3750,#3751,#3752,#3753,#3754,#3755,#3756,#3757,#3758,
#3759,#3760,#3761,#3762),.UNSPECIFIED.,.F.,.F.,(4,3,3,3,3,3,3,4),(64.1410131462476,
64.6189781557449,65.6030524550707,66.5871267543965,67.5712010537223,68.5552753530481,
69.5393496523739,70.4241984534272),.UNSPECIFIED.);
#64=B_SPLINE_CURVE_WITH_KNOTS('',3,(#3768,#3769,#3770,#3771),
 .UNSPECIFIED.,.F.,.F.,(4,4),(76.7073837606068,77.4119440469804),
 .UNSPECIFIED.);
#65=B_SPLINE_CURVE_WITH_KNOTS('',3,(#3774,#3775,#3776,#3777,#3778,#3779,
#3780,#3781,#3782,#3783),.UNSPECIFIED.,.F.,.F.,(4,3,3,4),(-75.3982236861551,
-74.4803925590474,-73.5032087297364,-72.9611913189389),.UNSPECIFIED.);
#66=B_SPLINE_CURVE_WITH_KNOTS('',3,(#3789,#3790,#3791,#3792,#3793,#3794,
#3795,#3796,#3797,#3798,#3799,#3800,#3801),.UNSPECIFIED.,.F.,.F.,(4,3,3,
3,4),(-3.84615293996345,-2.96648906748692,-1.97765937832461,-0.988829689162305,
0.),.UNSPECIFIED.);
#67=B_SPLINE_CURVE_WITH_KNOTS('',3,(#3804,#3805,#3806,#3807,#3808,#3809,
#3810,#3811,#3812,#3813,#3814,#3815,#3816,#3817,#3818,#3819,#3820,#3821,
#3822),.UNSPECIFIED.,.F.,.F.,(4,3,3,3,3,3,4),(2.01372036082537,2.88309429248247,
3.84412572330996,4.80515715413746,5.76618858496495,6.72722001579244,7.59234538163131),
 .UNSPECIFIED.);
#68=B_SPLINE_CURVE_WITH_KNOTS('',3,(#3827,#3828,#3829,#3830,#3831,#3832,
#3833,#3834,#3835,#3836,#3837,#3838,#3839,#3840,#3841,#3842,#3843,#3844,
#3845,#3846,#3847,#3848,#3849,#3850,#3851),.UNSPECIFIED.,.F.,.F.,(4,3,3,
3,3,3,3,3,4),(-10.129338247143,-9.88829689162305,-8.89946720246075,-7.91063751329844,
-6.92180782413614,-5.93297813497383,-4.94414844581153,-3.95531875664922,
-3.84615293996345),.UNSPECIFIED.);
#69=B_SPLINE_CURVE_WITH_KNOTS('',3,(#3852,#3853,#3854,#3855,#3856,#3857,
#3858,#3859,#3860,#3861,#3862,#3863,#3864,#3865,#3866,#3867,#3868,#3869,
#3870,#3871,#3872,#3873,#3874,#3875,#3876),.UNSPECIFIED.,.F.,.F.,(4,3,3,
3,3,3,3,3,4),(7.59234538163131,7.68825144661993,8.64928287744743,9.61031430827492,
10.5713457391024,11.5323771699299,12.4934086007574,13.4544400315849,13.8755306888109),
 .UNSPECIFIED.);
#70=B_SPLINE_CURVE_WITH_KNOTS('',3,(#3882,#3883,#3884,#3885,#3886,#3887,
#3888),.UNSPECIFIED.,.F.,.F.,(4,3,4),(20.1587159959905,20.4005195312056,
21.0577978668583),.UNSPECIFIED.);
#71=B_SPLINE_CURVE_WITH_KNOTS('',3,(#3890,#3891,#3892,#3893),
 .UNSPECIFIED.,.F.,.F.,(4,4),(0.226291639611374,0.24656240883133),
 .UNSPECIFIED.);
#72=B_SPLINE_CURVE_WITH_KNOTS('',3,(#3894,#3895,#3896,#3897,#3898,#3899,
#3900),.UNSPECIFIED.,.F.,.F.,(4,3,4),(-17.4751048668613,-16.8101047157592,
-16.4125235543226),.UNSPECIFIED.);
#73=B_SPLINE_CURVE_WITH_KNOTS('',3,(#3906,#3907,#3908,#3909,#3910,#3911,
#3912,#3913),.UNSPECIFIED.,.F.,.F.,(4,1,1,1,1,4),(84.8230016469244,85.3650190577218,
86.3422028870328,87.3193867163439,88.2965705456549,89.2737543749659),
 .UNSPECIFIED.);
#74=B_SPLINE_CURVE_WITH_KNOTS('',3,(#3916,#3917,#3918,#3919,#3920,#3921,
#3922,#3923,#3924),.UNSPECIFIED.,.F.,.F.,(4,1,1,1,1,1,4),(84.8230016469244,
84.9222271451969,85.9063014445227,86.8903757438486,87.8744500431744,88.8585243425002,
89.7970268796522),.UNSPECIFIED.);
#75=B_SPLINE_CURVE_WITH_KNOTS('',3,(#3929,#3930,#3931,#3932,#3933,#3934,
#3935,#3936,#3937,#3938),.UNSPECIFIED.,.F.,.F.,(4,1,1,1,1,1,1,4),(78.5398163397448,
79.5019160818556,80.4790999111667,81.4562837404777,82.4334675697887,83.4106513990997,
84.3878352284108,84.8230016469244),.UNSPECIFIED.);
#76=B_SPLINE_CURVE_WITH_KNOTS('',3,(#3939,#3940,#3941,#3942,#3943,#3944,
#3945,#3946,#3947,#3948),.UNSPECIFIED.,.F.,.F.,(4,1,1,1,1,1,1,4),(78.5398163397448,
79.0177813492421,80.0018556485679,80.9859299478937,81.9700042472195,82.9540785465453,
83.9381528458711,84.8230016469244),.UNSPECIFIED.);
#77=B_SPLINE_CURVE_WITH_KNOTS('',3,(#3953,#3954,#3955,#3956,#3957,#3958,
#3959,#3960,#3961,#3962,#3963),.UNSPECIFIED.,.F.,.F.,(4,1,1,1,1,1,1,1,4),
(72.2566310325652,72.6616292766784,73.6388131059895,74.6159969353005,75.5931807646115,
76.5703645939225,77.5475484232336,78.5247322525446,78.5398163397448),
 .UNSPECIFIED.);
#78=B_SPLINE_CURVE_WITH_KNOTS('',3,(#3964,#3965,#3966,#3967,#3968,#3969,
#3970,#3971,#3972,#3973),.UNSPECIFIED.,.F.,.F.,(4,1,1,1,1,1,1,4),(72.2566310325652,
73.1133355532872,74.097409852613,75.0814841519388,76.0655584512646,77.0496327505904,
78.0337070499162,78.5398163397448),.UNSPECIFIED.);
#79=B_SPLINE_CURVE_WITH_KNOTS('',3,(#3978,#3979,#3980,#3981,#3982,#3983,
#3984,#3985,#3986,#3987),.UNSPECIFIED.,.F.,.F.,(4,1,1,1,1,1,1,4),(65.9734457253856,
66.7985263008123,67.7757101301233,68.7528939594343,69.7300777887453,70.7072616180564,
71.6844454473674,72.2566310325652),.UNSPECIFIED.);
#80=B_SPLINE_CURVE_WITH_KNOTS('',3,(#3988,#3989,#3990,#3991,#3992,#3993,
#3994,#3995,#3996,#3997,#3998),.UNSPECIFIED.,.F.,.F.,(4,1,1,1,1,1,1,1,4),
(65.9734457253856,66.2248154580065,67.2088897573323,68.1929640566581,69.1770383559839,
70.1611126553097,71.1451869546355,72.1292612539614,72.2566310325652),
 .UNSPECIFIED.);
#81=B_SPLINE_CURVE_WITH_KNOTS('',3,(#4004,#4005,#4006,#4007,#4008,#4009,
#4010,#4011),.UNSPECIFIED.,.F.,.F.,(4,1,1,1,1,4),(55.3999981654225,56.3840724647483,
57.3681467640742,58.3522210634,59.3362953627258,59.690260418206),
 .UNSPECIFIED.);
#82=B_SPLINE_CURVE_WITH_KNOTS('',3,(#4013,#4014,#4015,#4016),
 .UNSPECIFIED.,.F.,.F.,(4,4),(0.528784920949739,0.535425172956042),
 .UNSPECIFIED.);
#83=B_SPLINE_CURVE_WITH_KNOTS('',3,(#4017,#4018,#4019,#4020,#4021,#4022,
#4023,#4024),.UNSPECIFIED.,.F.,.F.,(4,1,1,1,1,4),(55.3544102217625,56.049504178391,
57.026688007702,58.003871837013,58.981055666324,59.690260418206),
 .UNSPECIFIED.);
#84=B_SPLINE_CURVE_WITH_KNOTS('',3,(#4030,#4031,#4032,#4033,#4034),
 .UNSPECIFIED.,.F.,.F.,(4,1,4),(28.2743338823081,28.6719150437446,29.660744732907),
 .UNSPECIFIED.);
#85=B_SPLINE_CURVE_WITH_KNOTS('',3,(#4036,#4037,#4038,#4039),
 .UNSPECIFIED.,.F.,.F.,(4,4),(0.166386599093647,0.183750558749487),
 .UNSPECIFIED.);
#86=B_SPLINE_CURVE_WITH_KNOTS('',3,(#4040,#4041,#4042,#4043,#4044,#4045),
 .UNSPECIFIED.,.F.,.F.,(4,1,1,4),(28.2743338823081,28.8142746559096,29.7753060867371,
29.7924158693648),.UNSPECIFIED.);
#87=B_SPLINE_CURVE_WITH_KNOTS('',3,(#4050,#4051,#4052,#4053,#4054,#4055,
#4056,#4057,#4058,#4059),.UNSPECIFIED.,.F.,.F.,(4,1,1,1,1,1,1,4),(21.9911485751286,
22.7389369087708,23.7277665979331,24.7165962870954,25.7054259762577,26.69425566542,
27.6830853545823,28.2743338823081),.UNSPECIFIED.);
#88=B_SPLINE_CURVE_WITH_KNOTS('',3,(#4060,#4061,#4062,#4063,#4064,#4065,
#4066,#4067,#4068,#4069,#4070),.UNSPECIFIED.,.F.,.F.,(4,1,1,1,1,1,1,1,4),
(21.9911485751286,22.0870546401171,23.0480860709446,24.0091175017721,24.9701489325996,
25.9311803634271,26.8922117942546,27.8532432250821,28.2743338823081),
 .UNSPECIFIED.);
#89=B_SPLINE_CURVE_WITH_KNOTS('',3,(#4076,#4077,#4078,#4079,#4080),
 .UNSPECIFIED.,.F.,.F.,(4,1,4),(14.3988031934972,15.3598346243247,15.707963267949),
 .UNSPECIFIED.);
#90=B_SPLINE_CURVE_WITH_KNOTS('',3,(#4083,#4084,#4085,#4086,#4087),
 .UNSPECIFIED.,.F.,.F.,(4,1,4),(13.8755306888108,14.8282993954724,15.707963267949),
 .UNSPECIFIED.);
#91=B_SPLINE_CURVE_WITH_KNOTS('',3,(#4089,#4090,#4091,#4092,#4093,#4094,
#4095,#4096,#4097,#4098,#4099),.UNSPECIFIED.,.F.,.F.,(4,1,1,1,1,1,1,1,4),
(15.707963267949,15.8171290846347,16.805958773797,17.7947884629593,18.7836181521216,
19.7724478412839,20.7612775304462,21.7501072196085,21.9911485751286),
 .UNSPECIFIED.);
#92=B_SPLINE_CURVE_WITH_KNOTS('',3,(#4100,#4101,#4102,#4103,#4104,#4105,
#4106,#4107,#4108,#4109),.UNSPECIFIED.,.F.,.F.,(4,1,1,1,1,1,1,4),(15.707963267949,
16.3208660551522,17.2818974859797,18.2429289168072,19.2039603476346,20.1649917784621,
21.1260232092896,21.9911485751286),.UNSPECIFIED.);
#93=B_SPLINE_CURVE_WITH_KNOTS('',3,(#4111,#4112,#4113,#4114,#4115,#4116,
#4117,#4118,#4119,#4120,#4121),.UNSPECIFIED.,.F.,.F.,(4,1,1,1,1,1,1,1,4),
(59.690260418206,59.9582394956351,60.9354233249461,61.9126071542571,62.8897909835682,
63.8669748128792,64.8441586421902,65.8213424715012,65.9734457253856),
 .UNSPECIFIED.);
#94=B_SPLINE_CURVE_WITH_KNOTS('',3,(#4122,#4123,#4124,#4125,#4126,#4127,
#4128,#4129,#4130,#4131),.UNSPECIFIED.,.F.,.F.,(4,1,1,1,1,1,1,4),(59.690260418206,
60.3203696620516,61.3044439613774,62.2885182607032,63.272592560029,64.2566668593549,
65.2407411586807,65.9734457253856),.UNSPECIFIED.);
#95=B_SPLINE_CURVE_WITH_KNOTS('',3,(#4135,#4136,#4137,#4138),
 .UNSPECIFIED.,.F.,.F.,(4,4),(0.056720760032179,0.0616261238463891),
 .UNSPECIFIED.);
#96=B_SPLINE_CURVE_WITH_KNOTS('',3,(#4140,#4141,#4142,#4143,#4144),
 .UNSPECIFIED.,.F.,.F.,(4,1,4),(49.4450861270961,50.2979719017408,51.1508576763854),
 .UNSPECIFIED.);
#97=B_SPLINE_CURVE_WITH_KNOTS('',3,(#4146,#4147,#4148,#4149),
 .UNSPECIFIED.,.F.,.F.,(4,4),(0.590963545678815,0.595064385651287),
 .UNSPECIFIED.);
#98=B_SPLINE_CURVE_WITH_KNOTS('',3,(#4150,#4151,#4152,#4153,#4154),
 .UNSPECIFIED.,.F.,.F.,(4,1,4),(49.4276777813554,50.301690327717,51.1757028740787),
 .UNSPECIFIED.);
#99=B_SPLINE_CURVE_WITH_KNOTS('',3,(#4158,#4159,#4160,#4161),
 .UNSPECIFIED.,.F.,.F.,(4,4),(0.245025995648846,0.24997541783669),
 .UNSPECIFIED.);
#100=B_SPLINE_CURVE_WITH_KNOTS('',3,(#4163,#4164,#4165,#4166,#4167,#4168),
 .UNSPECIFIED.,.F.,.F.,(4,1,1,4),(52.4316163501083,53.1968094510895,53.9794571709404,
54.5255414042788),.UNSPECIFIED.);
#101=B_SPLINE_CURVE_WITH_KNOTS('',3,(#4170,#4171,#4172,#4173),
 .UNSPECIFIED.,.F.,.F.,(4,4),(0.409397234835989,0.416307408998193),
 .UNSPECIFIED.);
#102=B_SPLINE_CURVE_WITH_KNOTS('',3,(#4174,#4175,#4176,#4177,#4178,#4179),
 .UNSPECIFIED.,.F.,.F.,(4,1,1,4),(52.4588609356498,53.1330079689118,53.8071550021739,
54.4813020354359),.UNSPECIFIED.);
#103=B_SPLINE_CURVE_WITH_KNOTS('',3,(#4183,#4184,#4185,#4186,#4187,#4188,
#4189),.UNSPECIFIED.,.F.,.F.,(4,3,4),(0.637092996677188,0.637515270893577,
0.640843626087807),.UNSPECIFIED.);
#104=B_SPLINE_CURVE_WITH_KNOTS('',3,(#4191,#4192,#4193,#4194,#4195),
 .UNSPECIFIED.,.F.,.F.,(4,1,4),(43.256027523302,43.9856171071438,44.7152066909856),
 .UNSPECIFIED.);
#105=B_SPLINE_CURVE_WITH_KNOTS('',3,(#4197,#4198,#4199,#4200),
 .UNSPECIFIED.,.F.,.F.,(4,4),(0.00709616620464649,0.0108800299440173),
 .UNSPECIFIED.);
#106=B_SPLINE_CURVE_WITH_KNOTS('',3,(#4201,#4202,#4203,#4204,#4205),
 .UNSPECIFIED.,.F.,.F.,(4,1,4),(43.2554134701782,43.983402679175,44.7113918881717),
 .UNSPECIFIED.);
#107=B_SPLINE_CURVE_WITH_KNOTS('',3,(#4209,#4210,#4211,#4212,#4213,#4214),
 .UNSPECIFIED.,.F.,.F.,(4,2,4),(0.295852485300937,0.298627386873756,0.299630014462193),
 .UNSPECIFIED.);
#108=B_SPLINE_CURVE_WITH_KNOTS('',3,(#4216,#4217,#4218,#4219,#4220),
 .UNSPECIFIED.,.F.,.F.,(4,1,4),(46.3686680271569,47.1413771435552,47.9140862599535),
 .UNSPECIFIED.);
#109=B_SPLINE_CURVE_WITH_KNOTS('',3,(#4222,#4223,#4224,#4225),
 .UNSPECIFIED.,.F.,.F.,(4,4),(0.349195302189034,0.353295539454575),
 .UNSPECIFIED.);
#110=B_SPLINE_CURVE_WITH_KNOTS('',3,(#4226,#4227,#4228,#4229,#4230),
 .UNSPECIFIED.,.F.,.F.,(4,1,4),(46.377289689567,47.1388383994563,47.9003871093455),
 .UNSPECIFIED.);
#111=B_SPLINE_CURVE_WITH_KNOTS('',3,(#4234,#4235,#4236,#4237),
 .UNSPECIFIED.,.F.,.F.,(4,4),(0.124438473770448,0.14184275439254),
 .UNSPECIFIED.);
#112=B_SPLINE_CURVE_WITH_KNOTS('',3,(#4239,#4240,#4241,#4242,#4243,#4244),
 .UNSPECIFIED.,.F.,.F.,(4,1,1,4),(30.1085526071683,30.9011887008957,31.6938247946231,
32.4864608883505),.UNSPECIFIED.);
#113=B_SPLINE_CURVE_WITH_KNOTS('',3,(#4246,#4247,#4248,#4249),
 .UNSPECIFIED.,.F.,.F.,(4,4),(0.541611846041166,0.547468894805199),
 .UNSPECIFIED.);
#114=B_SPLINE_CURVE_WITH_KNOTS('',3,(#4250,#4251,#4252,#4253,#4254,#4255),
 .UNSPECIFIED.,.F.,.F.,(4,1,1,4),(29.9777259309689,30.7363375175645,31.697368948392,
32.5236553351407),.UNSPECIFIED.);
#115=B_SPLINE_CURVE_WITH_KNOTS('',3,(#4259,#4260,#4261,#4262,#4263,#4264),
 .UNSPECIFIED.,.F.,.F.,(4,2,4),(0.396725434039158,0.39927862973892,0.402903662183912),
 .UNSPECIFIED.);
#116=B_SPLINE_CURVE_WITH_KNOTS('',3,(#4266,#4267,#4268,#4269,#4270),
 .UNSPECIFIED.,.F.,.F.,(4,1,4),(33.5582678715747,34.5074775687509,35.4566872659271),
 .UNSPECIFIED.);
#117=B_SPLINE_CURVE_WITH_KNOTS('',3,(#4272,#4273,#4274,#4275),
 .UNSPECIFIED.,.F.,.F.,(4,4),(0.254721252455956,0.259287293533419),
 .UNSPECIFIED.);
#118=B_SPLINE_CURVE_WITH_KNOTS('',3,(#4276,#4277,#4278,#4279,#4280,#4281),
 .UNSPECIFIED.,.F.,.F.,(4,1,1,4),(33.5227324593053,34.1183205240556,34.7993227247028,
35.48032492535),.UNSPECIFIED.);
#119=B_SPLINE_CURVE_WITH_KNOTS('',3,(#4285,#4286,#4287,#4288),
 .UNSPECIFIED.,.F.,.F.,(4,4),(0.341212041268885,0.345167889789021),
 .UNSPECIFIED.);
#120=B_SPLINE_CURVE_WITH_KNOTS('',3,(#4290,#4291,#4292,#4293,#4294),
 .UNSPECIFIED.,.F.,.F.,(4,1,4),(40.0865859201878,40.8305724221577,41.5745589241275),
 .UNSPECIFIED.);
#121=B_SPLINE_CURVE_WITH_KNOTS('',3,(#4296,#4297,#4298,#4299),
 .UNSPECIFIED.,.F.,.F.,(4,4),(0.303388616794828,0.307126591961217),
 .UNSPECIFIED.);
#122=B_SPLINE_CURVE_WITH_KNOTS('',3,(#4300,#4301,#4302,#4303,#4304),
 .UNSPECIFIED.,.F.,.F.,(4,1,4),(40.0762366636081,40.8282036001092,41.5801705366103),
 .UNSPECIFIED.);
#123=B_SPLINE_CURVE_WITH_KNOTS('',3,(#4308,#4309,#4310,#4311),
 .UNSPECIFIED.,.F.,.F.,(4,4),(0.599092276818694,0.603046892838076),
 .UNSPECIFIED.);
#124=B_SPLINE_CURVE_WITH_KNOTS('',3,(#4313,#4314,#4315,#4316,#4317),
 .UNSPECIFIED.,.F.,.F.,(4,1,4),(36.8365350455548,37.6700414343767,38.5035478231985),
 .UNSPECIFIED.);
#125=B_SPLINE_CURVE_WITH_KNOTS('',3,(#4319,#4320,#4321,#4322),
 .UNSPECIFIED.,.F.,.F.,(4,4),(0.0474490775524215,0.0520012003062559),
 .UNSPECIFIED.);
#126=B_SPLINE_CURVE_WITH_KNOTS('',3,(#4323,#4324,#4325,#4326,#4327),
 .UNSPECIFIED.,.F.,.F.,(4,1,4),(36.8573516471776,37.6732080006088,38.48906435404),
 .UNSPECIFIED.);
#127=B_SPLINE_CURVE_WITH_KNOTS('',3,(#4412,#4413,#4414,#4415,#4416,#4417,
#4418,#4419,#4420,#4421,#4422,#4423,#4424,#4425,#4426,#4427,#4428,#4429,
#4430),.UNSPECIFIED.,.F.,.F.,(4,3,3,3,3,3,4),(0.,0.00791567326321728,0.0158724596042973,
0.0215708903166121,0.031345024272433,0.0408335360856859,0.0478197593418326),
 .UNSPECIFIED.);
#128=B_SPLINE_CURVE_WITH_KNOTS('',3,(#4431,#4432,#4433,#4434,#4435,#4436,
#4437,#4438,#4439,#4440,#4441,#4442,#4443,#4444,#4445,#4446,#4447,#4448,
#4449,#4450,#4451,#4452,#4453,#4454,#4455,#4456,#4457,#4458,#4459,#4460,
#4461,#4462,#4463,#4464,#4465,#4466,#4467,#4468,#4469,#4470,#4471,#4472,
#4473,#4474,#4475,#4476,#4477,#4478,#4479,#4480,#4481,#4482,#4483,#4484,
#4485,#4486,#4487,#4488,#4489,#4490,#4491,#4492,#4493,#4494,#4495,#4496,
#4497,#4498,#4499,#4500,#4501,#4502,#4503,#4504,#4505,#4506,#4507,#4508,
#4509),.UNSPECIFIED.,.F.,.F.,(4,3,3,3,3,3,3,3,3,3,3,3,3,3,3,3,3,3,3,3,3,
3,3,3,3,3,4),(0.,0.0135150507141611,0.0276446242182901,0.0385031438164121,
0.0429244431778591,0.0457314326372668,0.0603230437811736,0.0751737376117606,
0.0850084984596369,0.0878397387576141,0.0908322287695885,0.106121091199649,
0.114512781003266,0.129395807311839,0.133970630789996,0.13681169037008,
0.152071872315032,0.167706498878301,0.176835208791196,0.181777409082635,
0.185690228616998,0.201836020765621,0.213007435909634,0.216730543933225,
0.233063797292092,0.240736178181458,0.245555843378282),.UNSPECIFIED.);
#129=B_SPLINE_CURVE_WITH_KNOTS('',3,(#4510,#4511,#4512,#4513,#4514,#4515,
#4516,#4517,#4518,#4519,#4520,#4521,#4522,#4523,#4524,#4525,#4526,#4527,
#4528,#4529,#4530,#4531),.UNSPECIFIED.,.F.,.F.,(4,3,3,3,3,3,3,4),(-16.4125235543226,
-15.8212750265969,-14.8324453374346,-13.8436156482723,-12.85478595911,-11.8659562699477,
-10.8771265807854,-10.129338247143),.UNSPECIFIED.);
#130=B_SPLINE_CURVE_WITH_KNOTS('',3,(#4684,#4685,#4686,#4687,#4688,#4689,
#4690,#4691,#4692,#4693,#4694,#4695,#4696,#4697,#4698,#4699,#4700,#4701,
#4702,#4703,#4704,#4705),.UNSPECIFIED.,.F.,.F.,(4,3,3,3,3,3,3,4),(0.,0.000350187153774412,
0.00727415961892943,0.0143580534778871,0.0214419473368448,0.029264007430988,
0.0377824061447704,0.0445184502670709),.UNSPECIFIED.);
#131=B_SPLINE_CURVE_WITH_KNOTS('',3,(#4706,#4707,#4708,#4709,#4710,#4711,
#4712,#4713,#4714,#4715,#4716,#4717,#4718,#4719,#4720,#4721,#4722,#4723,
#4724,#4725,#4726,#4727),.UNSPECIFIED.,.F.,.F.,(4,3,3,3,3,3,3,4),(-72.9611913189389,
-72.5260249004253,-71.5488410711143,-70.5716572418033,-69.5944734124922,
-68.6172895831812,-67.6401057538702,-66.6780060117593),.UNSPECIFIED.);
#132=B_SPLINE_CURVE_WITH_KNOTS('',3,(#4728,#4729,#4730,#4731,#4732,#4733,
#4734,#4735,#4736,#4737,#4738,#4739,#4740,#4741,#4742,#4743,#4744,#4745,
#4746,#4747,#4748,#4749,#4750,#4751,#4752,#4753,#4754,#4755,#4756,#4757,
#4758,#4759,#4760,#4761,#4762,#4763,#4764,#4765,#4766,#4767,#4768,#4769,
#4770,#4771,#4772,#4773,#4774,#4775,#4776,#4777,#4778,#4779,#4780,#4781,
#4782,#4783,#4784,#4785,#4786,#4787,#4788,#4789,#4790,#4791,#4792,#4793,
#4794,#4795,#4796,#4797,#4798,#4799,#4800,#4801,#4802,#4803,#4804,#4805,
#4806,#4807,#4808,#4809),.UNSPECIFIED.,.F.,.F.,(4,3,3,3,3,3,3,3,3,3,3,3,
3,3,3,3,3,3,3,3,3,3,3,3,3,3,3,4),(0.,0.0161727852849012,0.0325372795725685,
0.0442068036382568,0.0509110128407325,0.0539096162333105,0.0698184300627567,
0.0853658583381746,0.0954977617781496,0.0990690499834183,0.102443031353426,
0.117532665555831,0.125893472098075,0.140167577601978,0.144786385624791,
0.14766799167723,0.1506076376815,0.165616965212495,0.180559048353479,0.188265289035057,
0.192832017136892,0.195615227819196,0.209972161508788,0.218716473917835,
0.22288682219982,0.23670117875262,0.240086316129301,0.24663477975466),
 .UNSPECIFIED.);
#133=B_SPLINE_CURVE_WITH_KNOTS('',3,(#4831,#4832,#4833,#4834,#4835,#4836,
#4837,#4838,#4839,#4840,#4841,#4842,#4843,#4844,#4845,#4846),
 .UNSPECIFIED.,.F.,.F.,(4,3,3,3,3,4),(0.,0.00808794083920815,0.014614107785487,
0.0214578652292399,0.0284152966640132,0.029037026451983),.UNSPECIFIED.);
#134=B_SPLINE_CURVE_WITH_KNOTS('',3,(#4848,#4849,#4850,#4851,#4852,#4853,
#4854,#4855,#4856,#4857,#4858,#4859,#4860,#4861,#4862,#4863),
 .UNSPECIFIED.,.F.,.F.,(4,3,3,3,3,4),(0.,0.000712760002545704,0.00968692402659743,
0.0163133580905802,0.0269615489595656,0.0313525003142871),.UNSPECIFIED.);
#135=B_SPLINE_CURVE_WITH_KNOTS('',3,(#4864,#4865,#4866,#4867,#4868,#4869,
#4870),.UNSPECIFIED.,.F.,.F.,(4,3,4),(-39.2736451897085,-38.4398799997316,
-37.661976935182),.UNSPECIFIED.);
#136=B_SPLINE_CURVE_WITH_KNOTS('',3,(#4892,#4893,#4894,#4895,#4896,#4897),
 .UNSPECIFIED.,.F.,.F.,(4,2,4),(0.,0.0029615996696043,0.0451513259617786),
 .UNSPECIFIED.);
#137=B_SPLINE_CURVE_WITH_KNOTS('',3,(#4899,#4900,#4901,#4902,#4903,#4904,
#4905),.UNSPECIFIED.,.F.,.F.,(4,3,4),(-32.5853087986676,-32.1238067791583,
-31.6837075964629),.UNSPECIFIED.);
#138=B_SPLINE_CURVE_WITH_KNOTS('',3,(#4906,#4907,#4908,#4909,#4910,#4911,
#4912,#4913,#4914,#4915,#4916,#4917,#4918,#4919,#4920,#4921),
 .UNSPECIFIED.,.F.,.F.,(4,3,3,3,3,4),(0.,0.0114752252319425,0.0198250945377944,
0.0287468590140056,0.0372407119097098,0.0426235005069247),.UNSPECIFIED.);
#139=B_SPLINE_CURVE_WITH_KNOTS('',3,(#4947,#4948,#4949,#4950,#4951,#4952,
#4953,#4954,#4955,#4956,#4957,#4958,#4959),.UNSPECIFIED.,.F.,.F.,(4,3,3,
3,4),(0.,0.0137171080693781,0.021196839213948,0.0338823366511836,0.0437658720514258),
 .UNSPECIFIED.);
#140=B_SPLINE_CURVE_WITH_KNOTS('',3,(#4961,#4962,#4963,#4964,#4965,#4966,
#4967,#4968,#4969,#4970,#4971,#4972,#4973,#4974,#4975,#4976,#4977,#4978,
#4979,#4980,#4981,#4982,#4983,#4984,#4985),.UNSPECIFIED.,.F.,.F.,(4,3,3,
3,3,3,3,3,4),(0.,0.000784562107835821,0.0104716406016553,0.0204907889040693,
0.0267322317127866,0.0350351664357201,0.0433641055242317,0.0517129098739979,
0.0536117244459449),.UNSPECIFIED.);
#141=B_SPLINE_CURVE_WITH_KNOTS('',3,(#4986,#4987,#4988,#4989,#4990,#4991,
#4992,#4993,#4994,#4995),.UNSPECIFIED.,.F.,.F.,(4,3,3,4),(-20.343723229785,
-19.8320144666376,-19.0393783729102,-18.6144939549047),.UNSPECIFIED.);
#142=B_SPLINE_CURVE_WITH_KNOTS('',3,(#5020,#5021,#5022,#5023,#5024,#5025,
#5026,#5027,#5028,#5029,#5030,#5031,#5032,#5033,#5034,#5035),
 .UNSPECIFIED.,.F.,.F.,(4,3,3,3,3,4),(0.,0.000484244524841085,0.00773796002614838,
0.0149916755274557,0.0228938568900202,0.0289364396863597),.UNSPECIFIED.);
#143=B_SPLINE_CURVE_WITH_KNOTS('',3,(#5036,#5037,#5038,#5039,#5040,#5041),
 .UNSPECIFIED.,.F.,.F.,(4,2,4),(0.,0.0168372726830177,0.0469094732376664),
 .UNSPECIFIED.);
#144=B_SPLINE_CURVE_WITH_KNOTS('',3,(#5063,#5064,#5065,#5066,#5067,#5068),
 .UNSPECIFIED.,.F.,.F.,(4,2,4),(0.,0.0023697559988796,0.0379181007640327),
 .UNSPECIFIED.);
#145=B_SPLINE_CURVE_WITH_KNOTS('',3,(#5070,#5071,#5072,#5073,#5074,#5075,
#5076),.UNSPECIFIED.,.F.,.F.,(4,3,4),(-35.8863047987534,-35.2795668155697,
-34.7040731546433),.UNSPECIFIED.);
#146=B_SPLINE_CURVE_WITH_KNOTS('',3,(#5077,#5078,#5079,#5080,#5081,#5082,
#5083,#5084,#5085,#5086,#5087,#5088,#5089),.UNSPECIFIED.,.F.,.F.,(4,3,3,
3,4),(0.,0.0100848118854245,0.0170365348672409,0.0275035921592156,0.0348495843875519),
 .UNSPECIFIED.);
#147=B_SPLINE_CURVE_WITH_KNOTS('',3,(#5111,#5112,#5113,#5114,#5115,#5116,
#5117,#5118,#5119,#5120,#5121,#5122,#5123,#5124,#5125,#5126),
 .UNSPECIFIED.,.F.,.F.,(4,3,3,3,3,4),(0.,0.0123348409383567,0.0220945098856788,
0.0323848926376685,0.0422135823379282,0.0486587116713329),.UNSPECIFIED.);
#148=B_SPLINE_CURVE_WITH_KNOTS('',3,(#5128,#5129,#5130,#5131,#5132,#5133),
 .UNSPECIFIED.,.F.,.F.,(4,2,4),(0.,0.00335463773027367,0.0512563751190032),
 .UNSPECIFIED.);
#149=B_SPLINE_CURVE_WITH_KNOTS('',3,(#5134,#5135,#5136,#5137,#5138,#5139,
#5140),.UNSPECIFIED.,.F.,.F.,(4,3,4),(-26.2940324188589,-25.8113976726233,
-25.3451111345405),.UNSPECIFIED.);
#150=B_SPLINE_CURVE_WITH_KNOTS('',3,(#5162,#5163,#5164,#5165,#5166,#5167),
 .UNSPECIFIED.,.F.,.F.,(4,2,4),(0.,0.00342273893289105,0.0507601623279881),
 .UNSPECIFIED.);
#151=B_SPLINE_CURVE_WITH_KNOTS('',3,(#5169,#5170,#5171,#5172,#5173,#5174,
#5175),.UNSPECIFIED.,.F.,.F.,(4,3,4),(-29.383234362863,-28.9687620941722,
-28.5712132002067),.UNSPECIFIED.);
#152=B_SPLINE_CURVE_WITH_KNOTS('',3,(#5177,#5178,#5179,#5180),
 .UNSPECIFIED.,.F.,.F.,(4,4),(0.0456918561121437,0.0482792264591989),
 .UNSPECIFIED.);
#153=B_SPLINE_CURVE_WITH_KNOTS('',3,(#5181,#5182,#5183,#5184,#5185,#5186,
#5187,#5188,#5189,#5190,#5191,#5192,#5193,#5194,#5195,#5196),
 .UNSPECIFIED.,.F.,.F.,(4,3,3,3,3,4),(0.,0.0112772033248069,0.0216857924203241,
0.0312187208988327,0.0403827553163342,0.0456918561121437),.UNSPECIFIED.);
#154=B_SPLINE_CURVE_WITH_KNOTS('',3,(#5218,#5219,#5220,#5221,#5222,#5223,
#5224,#5225,#5226,#5227,#5228,#5229,#5230,#5231,#5232,#5233,#5234,#5235,
#5236),.UNSPECIFIED.,.F.,.F.,(4,3,3,3,3,3,4),(0.,0.00124732025588017,0.012372597687531,
0.0241525156597373,0.027256536554578,0.0401707708366122,0.049632070061344),
 .UNSPECIFIED.);
#155=B_SPLINE_CURVE_WITH_KNOTS('',3,(#5238,#5239,#5240,#5241,#5242,#5243,
#5244),.UNSPECIFIED.,.F.,.F.,(4,3,4),(-23.2889488535258,-22.6456672407654,
-22.0258058660335),.UNSPECIFIED.);
#156=B_SPLINE_CURVE_WITH_KNOTS('',3,(#5245,#5246,#5247,#5248,#5249,#5250,
#5251,#5252,#5253,#5254,#5255,#5256,#5257,#5258,#5259,#5260),
 .UNSPECIFIED.,.F.,.F.,(4,3,3,3,3,4),(0.,0.0141162761472375,0.0215972362470974,
0.0331305705070521,0.0439516804791364,0.0460823179139399),.UNSPECIFIED.);
#157=B_SPLINE_CURVE_WITH_KNOTS('',3,(#5422,#5423,#5424,#5425,#5426,#5427,
#5428,#5429,#5430,#5431,#5432,#5433,#5434,#5435,#5436,#5437),
 .UNSPECIFIED.,.F.,.F.,(4,3,3,3,3,4),(0.,0.000508651855994624,0.012510952633615,
0.0219117438539785,0.0345944589651211,0.0436069180127311),.UNSPECIFIED.);
#158=B_SPLINE_CURVE_WITH_KNOTS('',3,(#5438,#5439,#5440,#5441,#5442,#5443,
#5444,#5445,#5446,#5447,#5448,#5449,#5450,#5451,#5452,#5453,#5454,#5455,
#5456,#5457,#5458,#5459,#5460,#5461,#5462,#5463,#5464,#5465,#5466,#5467,
#5468,#5469,#5470,#5471,#5472,#5473,#5474,#5475,#5476,#5477,#5478,#5479,
#5480,#5481,#5482,#5483,#5484,#5485,#5486,#5487,#5488,#5489,#5490,#5491,
#5492,#5493,#5494,#5495,#5496,#5497,#5498,#5499,#5500,#5501,#5502,#5503,
#5504,#5505,#5506,#5507,#5508,#5509,#5510,#5511,#5512,#5513,#5514,#5515,
#5516),.UNSPECIFIED.,.F.,.F.,(4,3,3,3,3,3,3,3,3,3,3,3,3,3,3,3,3,3,3,3,3,
3,3,3,3,3,4),(0.,0.0135171833380977,0.0276470487665708,0.038432782255222,
0.0429723208960536,0.0457382627104152,0.0603299709078622,0.0751847117514955,
0.0848717629825667,0.0877236607851938,0.0908035696356547,0.106091290548591,
0.11393291667578,0.128807232997648,0.133525248889339,0.136884061622515,
0.152150599615037,0.167788751242124,0.176748532175936,0.181848124830999,
0.18570015607265,0.201843918891559,0.212449842802365,0.216690268948776,
0.233026507528262,0.239466998712621,0.245555843378293),.UNSPECIFIED.);
#159=B_SPLINE_CURVE_WITH_KNOTS('',3,(#5517,#5518,#5519,#5520,#5521,#5522,
#5523,#5524,#5525,#5526,#5527,#5528,#5529,#5530,#5531,#5532,#5533,#5534,
#5535,#5536,#5537,#5538,#5539,#5540,#5541),.UNSPECIFIED.,.F.,.F.,(4,3,3,
3,3,3,3,3,4),(70.4241984534272,70.5234239516997,71.5074982510256,72.4915725503514,
73.4756468496772,74.459721149003,75.4437954483288,76.4278697476546,76.7073837606068),
 .UNSPECIFIED.);
#160=B_SPLINE_CURVE_WITH_KNOTS('',3,(#5543,#5544,#5545,#5546,#5547,#5548,
#5549,#5550,#5551,#5552,#5553,#5554,#5555,#5556,#5557,#5558,#5559,#5560,
#5561,#5562,#5563,#5564,#5565,#5566,#5567,#5568,#5569,#5570,#5571,#5572,
#5573,#5574,#5575,#5576),.UNSPECIFIED.,.F.,.F.,(4,2,2,2,2,2,2,2,2,2,2,2,
2,2,2,2,4),(0.,0.000631854854866729,0.0296058323086297,0.0504821160897607,
0.0606082991443957,0.0614415376044698,0.0615898567023671,0.0616656900511773,
0.0617253819169069,0.0617917960259186,0.0619013443747066,0.0622915263387142,
0.0671410085020613,0.0755274294282658,0.0874897666693933,0.105005349357472,
0.118794027660217),.UNSPECIFIED.);
#161=B_SPLINE_CURVE_WITH_KNOTS('',3,(#5577,#5578,#5579,#5580,#5581,#5582,
#5583,#5584,#5585,#5586),.UNSPECIFIED.,.F.,.F.,(4,3,3,4),(41.2804929119166,
41.9852692712512,42.969343570577,43.2166937972004),.UNSPECIFIED.);
#162=B_SPLINE_CURVE_WITH_KNOTS('',3,(#5608,#5609,#5610,#5611,#5612,#5613,
#5614,#5615,#5616,#5617,#5618,#5619,#5620,#5621,#5622,#5623,#5624,#5625,
#5626),.UNSPECIFIED.,.F.,.F.,(4,3,3,3,3,3,4),(0.,0.000895924565392358,0.0123173335038627,
0.0229931537043094,0.0327149563798766,0.0420487004723125,0.048971564097191),
 .UNSPECIFIED.);
#163=B_SPLINE_CURVE_WITH_KNOTS('',3,(#5628,#5629,#5630,#5631,#5632,#5633,
#5634,#5635,#5636,#5637,#5638,#5639,#5640,#5641,#5642,#5643),
 .UNSPECIFIED.,.F.,.F.,(4,3,3,3,3,4),(0.,0.00969574764826413,0.01976022793354,
0.0285291550034524,0.0415525203301771,0.0518297003248044),.UNSPECIFIED.);
#164=B_SPLINE_CURVE_WITH_KNOTS('',3,(#5644,#5645,#5646,#5647,#5648,#5649,
#5650),.UNSPECIFIED.,.F.,.F.,(4,3,4),(32.3150463521314,32.7400352059591,
33.1487636207537),.UNSPECIFIED.);
#165=B_SPLINE_CURVE_WITH_KNOTS('',3,(#5672,#5673,#5674,#5675,#5676,#5677,
#5678,#5679,#5680,#5681,#5682,#5683,#5684,#5685,#5686,#5687,#5688,#5689,
#5690),.UNSPECIFIED.,.F.,.F.,(4,3,3,3,3,3,4),(0.,0.000851949818739122,0.011817362741555,
0.0215459956866538,0.0305909196756057,0.0392465414597604,0.0450081850899981),
 .UNSPECIFIED.);
#166=B_SPLINE_CURVE_WITH_KNOTS('',3,(#5692,#5693,#5694,#5695,#5696,#5697,
#5698,#5699,#5700,#5701,#5702,#5703,#5704,#5705,#5706,#5707),
 .UNSPECIFIED.,.F.,.F.,(4,3,3,3,3,4),(0.,0.0093386849276209,0.0190656641094737,
0.0260403750228284,0.0395296433704476,0.0479483280860575),.UNSPECIFIED.);
#167=B_SPLINE_CURVE_WITH_KNOTS('',3,(#5708,#5709,#5710,#5711,#5712,#5713,
#5714),.UNSPECIFIED.,.F.,.F.,(4,3,4),(29.1513151200358,29.5845994856778,
29.9984164440294),.UNSPECIFIED.);
#168=B_SPLINE_CURVE_WITH_KNOTS('',3,(#5736,#5737,#5738,#5739,#5740,#5741,
#5742,#5743,#5744,#5745,#5746,#5747,#5748,#5749,#5750,#5751),
 .UNSPECIFIED.,.F.,.F.,(4,3,3,3,3,4),(0.,0.000714714440389071,0.0135088997991736,
0.0187716872492205,0.0281692673127968,0.0374080461351119),.UNSPECIFIED.);
#169=B_SPLINE_CURVE_WITH_KNOTS('',3,(#5753,#5754,#5755,#5756,#5757,#5758,
#5759,#5760,#5761,#5762,#5763,#5764,#5765),.UNSPECIFIED.,.F.,.F.,(4,3,3,
3,4),(0.,0.0120540041444622,0.0210230569098407,0.032747281367555,0.040301039257918),
 .UNSPECIFIED.);
#170=B_SPLINE_CURVE_WITH_KNOTS('',3,(#5766,#5767,#5768,#5769,#5770,#5771,
#5772),.UNSPECIFIED.,.F.,.F.,(4,3,4),(25.8801044015703,26.429400406612,
26.9516118893934),.UNSPECIFIED.);
#171=B_SPLINE_CURVE_WITH_KNOTS('',3,(#5861,#5862,#5863,#5864,#5865,#5866,
#5867,#5868,#5869,#5870,#5871,#5872,#5873,#5874,#5875,#5876,#5877,#5878,
#5879,#5880,#5881,#5882),.UNSPECIFIED.,.F.,.F.,(4,3,3,3,3,3,3,4),(0.,0.00290923534562889,
0.0077090530848696,0.0119103228108746,0.0133014745035229,0.0146258917087423,
0.0206450790118377,0.0249134564378891),.UNSPECIFIED.);
#172=B_SPLINE_CURVE_WITH_KNOTS('',3,(#5884,#5885,#5886,#5887,#5888,#5889,
#5890,#5891,#5892,#5893,#5894,#5895,#5896,#5897,#5898,#5899),
 .UNSPECIFIED.,.F.,.F.,(4,3,3,3,3,4),(0.,0.00755218376658636,0.0156539822075468,
0.0175365959897873,0.0254555804046146,0.0329617098287829),.UNSPECIFIED.);
#173=B_SPLINE_CURVE_WITH_KNOTS('',3,(#5900,#5901,#5902,#5903,#5904,#5905,
#5906,#5907,#5908,#5909,#5910,#5911,#5912,#5913,#5914,#5915),
 .UNSPECIFIED.,.F.,.F.,(4,3,3,3,3,4),(13.8755306888109,14.4154714624124,
15.3765028932399,16.3375343240674,17.2985657548948,18.2595971857223),
 .UNSPECIFIED.);
#174=B_SPLINE_CURVE_WITH_KNOTS('',3,(#5916,#5917,#5918,#5919,#5920,#5921,
#5922,#5923,#5924,#5925,#5926,#5927,#5928,#5929,#5930,#5931,#5932,#5933,
#5934,#5935,#5936,#5937,#5938,#5939,#5940,#5941,#5942,#5943,#5944,#5945,
#5946,#5947,#5948,#5949,#5950,#5951,#5952,#5953,#5954,#5955,#5956,#5957,
#5958,#5959,#5960,#5961,#5962,#5963,#5964,#5965,#5966,#5967,#5968,#5969,
#5970,#5971,#5972,#5973,#5974,#5975,#5976,#5977,#5978,#5979,#5980,#5981,
#5982,#5983,#5984,#5985,#5986,#5987,#5988,#5989,#5990,#5991,#5992,#5993,
#5994),.UNSPECIFIED.,.F.,.F.,(4,3,3,3,3,3,3,3,3,3,3,3,3,3,3,3,3,3,3,3,3,
3,3,3,3,3,4),(0.,0.0161708646328769,0.0325303150930204,0.043951971296119,
0.0502511811001428,0.0531175481606183,0.0690203733920137,0.0845865011958894,
0.0944157670763694,0.0986578259848406,0.102393455795612,0.117495955371481,
0.12390356471781,0.137978256581253,0.144291047147233,0.147810969214978,
0.150630099818758,0.16563759403811,0.180564194955341,0.188830089665807,
0.192578640277306,0.195652919397631,0.210002867247523,0.217694767098558,
0.222832991089637,0.236501099625361,0.246634779754669),.UNSPECIFIED.);
#175=B_SPLINE_CURVE_WITH_KNOTS('',3,(#6020,#6021,#6022,#6023,#6024,#6025,
#6026,#6027,#6028,#6029,#6030,#6031,#6032,#6033,#6034,#6035),
 .UNSPECIFIED.,.F.,.F.,(4,3,3,3,3,4),(0.,0.00070163036719169,0.0151497972203681,
0.022146738892699,0.0337855981681788,0.0451556602522022),.UNSPECIFIED.);
#176=B_SPLINE_CURVE_WITH_KNOTS('',3,(#6037,#6038,#6039,#6040,#6041,#6042,
#6043,#6044,#6045,#6046,#6047,#6048,#6049,#6050,#6051,#6052),
 .UNSPECIFIED.,.F.,.F.,(4,3,3,3,3,4),(0.,0.0111527949692849,0.0230392859527319,
0.025702501002936,0.037545112954873,0.0493877249068099),.UNSPECIFIED.);
#177=B_SPLINE_CURVE_WITH_KNOTS('',3,(#6053,#6054,#6055,#6056,#6057,#6058,
#6059,#6060,#6061,#6062),.UNSPECIFIED.,.F.,.F.,(4,3,3,4),(38.3559803204077,
38.7342047754147,39.4083518086767,39.7558081070826),.UNSPECIFIED.);
#178=B_SPLINE_CURVE_WITH_KNOTS('',3,(#6084,#6085,#6086,#6087,#6088,#6089,
#6090,#6091,#6092,#6093,#6094,#6095,#6096,#6097,#6098,#6099),
 .UNSPECIFIED.,.F.,.F.,(4,3,3,3,3,4),(0.,0.0105450778998805,0.0216327381355661,
0.0274943846607809,0.0407365461715483,0.0509258888500686),.UNSPECIFIED.);
#179=B_SPLINE_CURVE_WITH_KNOTS('',3,(#6101,#6102,#6103,#6104,#6105,#6106,
#6107),.UNSPECIFIED.,.F.,.F.,(4,3,4),(35.3719777058642,35.8991687082436,
36.4089785711481),.UNSPECIFIED.);
#180=B_SPLINE_CURVE_WITH_KNOTS('',3,(#6108,#6109,#6110,#6111,#6112,#6113,
#6114,#6115,#6116,#6117,#6118,#6119,#6120,#6121,#6122,#6123,#6124,#6125,
#6126),.UNSPECIFIED.,.F.,.F.,(4,3,3,3,3,3,4),(0.,0.000837423758374597,0.0135681177461524,
0.0229198963076952,0.0335037792328784,0.043585643813384,0.0479469580961891),
 .UNSPECIFIED.);
#181=B_SPLINE_CURVE_WITH_KNOTS('',3,(#6152,#6153,#6154,#6155,#6156,#6157,
#6158,#6159,#6160,#6161,#6162,#6163,#6164,#6165,#6166,#6167,#6168,#6169,
#6170),.UNSPECIFIED.,.F.,.F.,(4,3,3,3,3,3,4),(0.,0.000375972776205264,0.00779635394083336,
0.0152167351054615,0.0223594840238484,0.0291472096157874,0.031198926966299),
 .UNSPECIFIED.);
#182=B_SPLINE_CURVE_WITH_KNOTS('',3,(#6171,#6172,#6173,#6174,#6175,#6176,
#6177,#6178,#6179,#6180,#6181,#6182,#6183),.UNSPECIFIED.,.F.,.F.,(4,3,3,
3,4),(0.,0.00738529300537018,0.0144569263832057,0.0228224290570118,0.0290835487524863),
 .UNSPECIFIED.);
#183=B_SPLINE_CURVE_WITH_KNOTS('',3,(#6184,#6185,#6186,#6187,#6188,#6189,
#6190),.UNSPECIFIED.,.F.,.F.,(4,3,4),(19.0385151299113,19.7195173305585,
20.1587159959905),.UNSPECIFIED.);
#184=B_SPLINE_CURVE_WITH_KNOTS('',3,(#6212,#6213,#6214,#6215,#6216,#6217,
#6218,#6219,#6220,#6221,#6222,#6223,#6224),.UNSPECIFIED.,.F.,.F.,(4,3,3,
3,4),(0.,0.0116139296085774,0.0166361401141753,0.0314638493369118,0.0332080996918013),
 .UNSPECIFIED.);
#185=B_SPLINE_CURVE_WITH_KNOTS('',3,(#6226,#6227,#6228,#6229,#6230,#6231,
#6232),.UNSPECIFIED.,.F.,.F.,(4,3,4),(22.5235105081209,23.2712382408795,
23.9744551865071),.UNSPECIFIED.);
#186=B_SPLINE_CURVE_WITH_KNOTS('',3,(#6233,#6234,#6235,#6236,#6237,#6238,
#6239,#6240,#6241,#6242,#6243,#6244,#6245,#6246,#6247,#6248),
 .UNSPECIFIED.,.F.,.F.,(4,3,3,3,3,4),(0.,0.000536483450917882,0.0106598233397203,
0.0157616504023432,0.0240146715347085,0.0303055569113607),.UNSPECIFIED.);
#187=B_SPLINE_CURVE_WITH_KNOTS('',3,(#6250,#6251,#6252,#6253,#6254,#6255),
 .UNSPECIFIED.,.F.,.F.,(4,2,4),(0.0166040584314662,0.0222315260466601,0.0314930279165703),
 .UNSPECIFIED.);
#188=B_SPLINE_CURVE_WITH_KNOTS('',3,(#6256,#6257,#6258,#6259,#6260,#6261),
 .UNSPECIFIED.,.F.,.F.,(4,2,4),(0.657144969219407,0.658399633189891,0.670689770886955),
 .UNSPECIFIED.);
#189=B_SPLINE_CURVE_WITH_KNOTS('',3,(#6263,#6264,#6265,#6266,#6267,#6268),
 .UNSPECIFIED.,.F.,.F.,(4,2,4),(0.590849617656456,0.591705055049911,0.608566009807158),
 .UNSPECIFIED.);
#190=B_SPLINE_CURVE_WITH_KNOTS('',3,(#6269,#6270,#6271,#6272),
 .UNSPECIFIED.,.F.,.F.,(4,4),(0.0898630971856232,0.114524253675067),
 .UNSPECIFIED.);
#191=B_SPLINE_CURVE_WITH_KNOTS('',3,(#6274,#6275,#6276,#6277,#6278,#6279,
#6280,#6281,#6282,#6283,#6284,#6285),.UNSPECIFIED.,.F.,.F.,(4,2,2,2,2,4),
(0.461045595641762,0.469857526616165,0.490165448021789,0.510473369427414,
0.530781290833038,0.546123165977589),.UNSPECIFIED.);
#192=B_SPLINE_CURVE_WITH_KNOTS('',3,(#6287,#6288,#6289,#6290),
 .UNSPECIFIED.,.F.,.F.,(4,4),(0.0254546302431348,0.0410699948715151),
 .UNSPECIFIED.);
#193=B_SPLINE_CURVE_WITH_KNOTS('',3,(#6291,#6292,#6293,#6294,#6295,#6296),
 .UNSPECIFIED.,.F.,.F.,(4,2,4),(0.648620417840361,0.658399633189891,0.662592537049932),
 .UNSPECIFIED.);
#194=B_SPLINE_CURVE_WITH_KNOTS('',3,(#6299,#6300,#6301,#6302,#6303,#6304),
 .UNSPECIFIED.,.F.,.F.,(4,2,4),(0.281342736078109,0.295852527524955,0.296490656172577),
 .UNSPECIFIED.);
#195=B_SPLINE_CURVE_WITH_KNOTS('',3,(#6305,#6306,#6307,#6308),
 .UNSPECIFIED.,.F.,.F.,(4,4),(0.394969195248595,0.413210215566545),
 .UNSPECIFIED.);
#196=B_SPLINE_CURVE_WITH_KNOTS('',3,(#6311,#6312,#6313,#6314),
 .UNSPECIFIED.,.F.,.F.,(4,4),(0.340315579618276,0.345805468702734),
 .UNSPECIFIED.);
#197=B_SPLINE_CURVE_WITH_KNOTS('',3,(#6315,#6316,#6317,#6318),
 .UNSPECIFIED.,.F.,.F.,(4,4),(0.333100483216656,0.340315579618276),
 .UNSPECIFIED.);
#198=B_SPLINE_CURVE_WITH_KNOTS('',3,(#6319,#6320,#6321,#6322),
 .UNSPECIFIED.,.F.,.F.,(4,4),(0.340758286546489,0.353973735150243),
 .UNSPECIFIED.);
#199=B_SPLINE_CURVE_WITH_KNOTS('',3,(#6324,#6325,#6326,#6327),
 .UNSPECIFIED.,.F.,.F.,(4,4),(0.384792077551981,0.401938341344367),
 .UNSPECIFIED.);
#200=B_SPLINE_CURVE_WITH_KNOTS('',3,(#6328,#6329,#6330,#6331,#6332,#6333),
 .UNSPECIFIED.,.F.,.F.,(4,2,4),(0.290596897878477,0.295852527524955,0.305306955819055),
 .UNSPECIFIED.);
#201=B_SPLINE_CURVE_WITH_KNOTS('',3,(#6338,#6339,#6340,#6341),
 .UNSPECIFIED.,.F.,.F.,(4,4),(0.601827629067362,0.61837701740929),
 .UNSPECIFIED.);
#202=B_SPLINE_CURVE_WITH_KNOTS('',3,(#6343,#6344,#6345,#6346,#6347,#6348),
 .UNSPECIFIED.,.F.,.F.,(4,2,4),(0.0770156092523103,0.0889261041866405,0.0990027718402264),
 .UNSPECIFIED.);
#203=B_SPLINE_CURVE_WITH_KNOTS('',3,(#6384,#6385,#6386,#6387,#6388,#6389,
#6390),.UNSPECIFIED.,.F.,.F.,(4,3,4),(-41.545264783041,-41.334999123104,
-40.5523514032531),.UNSPECIFIED.);
#204=B_SPLINE_CURVE_WITH_KNOTS('',3,(#6392,#6393,#6394,#6395),
 .UNSPECIFIED.,.F.,.F.,(4,4),(0.211729439579879,0.234660268690319),
 .UNSPECIFIED.);
#205=B_SPLINE_CURVE_WITH_KNOTS('',3,(#6396,#6397,#6398,#6399,#6400,#6401,
#6402),.UNSPECIFIED.,.F.,.F.,(4,3,4),(44.1021025195417,44.9374921692286,
45.2914572247088),.UNSPECIFIED.);
#206=B_SPLINE_CURVE_WITH_KNOTS('',3,(#6408,#6409,#6410,#6411,#6412,#6413,
#6414,#6415,#6416,#6417,#6418,#6419,#6420,#6421,#6422,#6423),
 .UNSPECIFIED.,.F.,.F.,(4,3,3,3,3,4),(-47.8284500902205,-47.1192453383386,
-46.1420615090275,-45.1648776797165,-44.1876938504055,-43.2105100210944),
 .UNSPECIFIED.);
#207=B_SPLINE_CURVE_WITH_KNOTS('',3,(#6425,#6426,#6427,#6428,#6429,#6430,
#6431,#6432),.UNSPECIFIED.,.F.,.F.,(4,2,2,4),(0.48714203348485,0.490165448021789,
0.510473369427414,0.520696301907194),.UNSPECIFIED.);
#208=B_SPLINE_CURVE_WITH_KNOTS('',3,(#6433,#6434,#6435,#6436,#6437,#6438,
#6439),.UNSPECIFIED.,.F.,.F.,(4,3,4),(-42.9002945628058,-42.1176468429549,
-41.545264783041),.UNSPECIFIED.);
#209=B_SPLINE_CURVE_WITH_KNOTS('',3,(#6440,#6441,#6442,#6443,#6444,#6445,
#6446,#6447,#6448,#6449,#6450,#6451,#6452,#6453,#6454,#6455,#6456,#6457,
#6458,#6459,#6460,#6461),.UNSPECIFIED.,.F.,.F.,(4,3,3,3,3,3,3,4),(45.2914572247088,
45.9215664685544,46.9056407678802,47.889715067206,48.8737893665319,49.8578636658577,
50.8419379651835,51.5746425318884),.UNSPECIFIED.);
#210=B_SPLINE_CURVE_WITH_KNOTS('',3,(#6466,#6467,#6468,#6469,#6470,#6471,
#6472,#6473,#6474,#6475,#6476,#6477,#6478,#6479,#6480,#6481,#6482,#6483,
#6484,#6485,#6486,#6487,#6488,#6489,#6490),.UNSPECIFIED.,.F.,.F.,(4,3,3,
3,3,3,3,3,4),(-54.1116353974001,-53.9595321435158,-52.9823483142047,-52.0051644848937,
-51.0279806555827,-50.0507968262717,-49.0736129969606,-48.0964291676496,
-47.8284500902205),.UNSPECIFIED.);
#211=B_SPLINE_CURVE_WITH_KNOTS('',3,(#6491,#6492,#6493,#6494,#6495,#6496,
#6497,#6498,#6499,#6500,#6501,#6502,#6503,#6504,#6505,#6506,#6507,#6508,
#6509,#6510,#6511,#6512,#6513,#6514,#6515),.UNSPECIFIED.,.F.,.F.,(4,3,3,
3,3,3,3,3,4),(51.5746425318884,51.8260122645093,52.8100865638351,53.7941608631609,
54.7782351624867,55.7623094618125,56.7463837611384,57.7304580604642,57.857827839068),
 .UNSPECIFIED.);
#212=B_SPLINE_CURVE_WITH_KNOTS('',3,(#6520,#6521,#6522,#6523,#6524,#6525,
#6526,#6527,#6528,#6529,#6530,#6531,#6532,#6533,#6534,#6535,#6536,#6537,
#6538,#6539,#6540,#6541),.UNSPECIFIED.,.F.,.F.,(4,3,3,3,3,3,3,4),(-60.3948207045797,
-59.8226351193819,-58.8454512900709,-57.8682674607599,-56.8910836314489,
-55.9138998021378,-54.9367159728268,-54.1116353974001),.UNSPECIFIED.);
#213=B_SPLINE_CURVE_WITH_KNOTS('',3,(#6542,#6543,#6544,#6545,#6546,#6547,
#6548,#6549,#6550,#6551,#6552,#6553,#6554,#6555,#6556,#6557,#6558,#6559,
#6560,#6561,#6562,#6563),.UNSPECIFIED.,.F.,.F.,(4,3,3,3,3,3,3,4),(57.857827839068,
58.71453235979,59.6986066591158,60.6826809584416,61.6667552577674,62.6508295570932,
63.6349038564191,64.1410131462476),.UNSPECIFIED.);
#214=B_SPLINE_CURVE_WITH_KNOTS('',3,(#6568,#6569,#6570,#6571,#6572,#6573,
#6574,#6575,#6576,#6577,#6578,#6579,#6580,#6581,#6582,#6583,#6584,#6585,
#6586,#6587,#6588,#6589,#6590,#6591,#6592),.UNSPECIFIED.,.F.,.F.,(4,3,3,
3,3,3,3,3,4),(-66.6780060117593,-66.6629219245591,-65.6857380952481,-64.7085542659371,
-63.7313704366261,-62.754186607315,-61.777002778004,-60.799818948693,-60.3948207045797),
 .UNSPECIFIED.);
#215=B_SPLINE_CURVE_WITH_KNOTS('',3,(#6593,#6594,#6595,#6596,#6597,#6598,
#6599,#6600,#6601,#6602,#6603,#6604,#6605,#6606,#6607,#6608,#6609,#6610,
#6611,#6612,#6613,#6614),.UNSPECIFIED.,.F.,.F.,(4,3,3,3,3,3,3,4),(64.1410131462476,
64.6189781557449,65.6030524550707,66.5871267543965,67.5712010537223,68.5552753530481,
69.5393496523739,70.4241984534272),.UNSPECIFIED.);
#216=B_SPLINE_CURVE_WITH_KNOTS('',3,(#6620,#6621,#6622,#6623),
 .UNSPECIFIED.,.F.,.F.,(4,4),(76.7073837606068,77.4119440469804),
 .UNSPECIFIED.);
#217=B_SPLINE_CURVE_WITH_KNOTS('',3,(#6626,#6627,#6628,#6629,#6630,#6631,
#6632,#6633,#6634,#6635),.UNSPECIFIED.,.F.,.F.,(4,3,3,4),(-75.3982236861551,
-74.4803925590474,-73.5032087297363,-72.9611913189389),.UNSPECIFIED.);
#218=B_SPLINE_CURVE_WITH_KNOTS('',3,(#6641,#6642,#6643,#6644,#6645,#6646,
#6647,#6648,#6649,#6650,#6651,#6652,#6653),.UNSPECIFIED.,.F.,.F.,(4,3,3,
3,4),(-3.84615293996344,-2.96648906748691,-1.97765937832461,-0.988829689162303,
0.),.UNSPECIFIED.);
#219=B_SPLINE_CURVE_WITH_KNOTS('',3,(#6656,#6657,#6658,#6659,#6660,#6661,
#6662,#6663,#6664,#6665,#6666,#6667,#6668,#6669,#6670,#6671,#6672,#6673,
#6674),.UNSPECIFIED.,.F.,.F.,(4,3,3,3,3,3,4),(2.01372036082537,2.88309429248247,
3.84412572330997,4.80515715413746,5.76618858496495,6.72722001579244,7.59234538163129),
 .UNSPECIFIED.);
#220=B_SPLINE_CURVE_WITH_KNOTS('',3,(#6679,#6680,#6681,#6682,#6683,#6684,
#6685,#6686,#6687,#6688,#6689,#6690,#6691,#6692,#6693,#6694,#6695,#6696,
#6697,#6698,#6699,#6700,#6701,#6702,#6703),.UNSPECIFIED.,.F.,.F.,(4,3,3,
3,3,3,3,3,4),(-10.129338247143,-9.88829689162304,-8.89946720246073,-7.91063751329843,
-6.92180782413613,-5.93297813497382,-4.94414844581152,-3.95531875664921,
-3.84615293996344),.UNSPECIFIED.);
#221=B_SPLINE_CURVE_WITH_KNOTS('',3,(#6704,#6705,#6706,#6707,#6708,#6709,
#6710,#6711,#6712,#6713,#6714,#6715,#6716,#6717,#6718,#6719,#6720,#6721,
#6722,#6723,#6724,#6725,#6726,#6727,#6728),.UNSPECIFIED.,.F.,.F.,(4,3,3,
3,3,3,3,3,4),(7.59234538163129,7.68825144661993,8.64928287744743,9.61031430827492,
10.5713457391024,11.5323771699299,12.4934086007574,13.4544400315849,13.8755306888109),
 .UNSPECIFIED.);
#222=B_SPLINE_CURVE_WITH_KNOTS('',3,(#6734,#6735,#6736,#6737,#6738,#6739,
#6740),.UNSPECIFIED.,.F.,.F.,(4,3,4),(20.1587159959905,20.4005195312056,
21.0577978668582),.UNSPECIFIED.);
#223=B_SPLINE_CURVE_WITH_KNOTS('',3,(#6742,#6743,#6744,#6745),
 .UNSPECIFIED.,.F.,.F.,(4,4),(0.226291639611374,0.24656240883133),
 .UNSPECIFIED.);
#224=B_SPLINE_CURVE_WITH_KNOTS('',3,(#6746,#6747,#6748,#6749,#6750,#6751,
#6752),.UNSPECIFIED.,.F.,.F.,(4,3,4),(-17.4751048668613,-16.8101047157592,
-16.4125235543226),.UNSPECIFIED.);
#225=B_SPLINE_CURVE_WITH_KNOTS('',3,(#6758,#6759,#6760,#6761,#6762,#6763,
#6764,#6765),.UNSPECIFIED.,.F.,.F.,(4,1,1,1,1,4),(84.8230016469244,85.3650190577218,
86.3422028870328,87.3193867163439,88.2965705456549,89.2737543749659),
 .UNSPECIFIED.);
#226=B_SPLINE_CURVE_WITH_KNOTS('',3,(#6768,#6769,#6770,#6771,#6772,#6773,
#6774,#6775,#6776),.UNSPECIFIED.,.F.,.F.,(4,1,1,1,1,1,4),(84.8230016469244,
84.9222271451969,85.9063014445227,86.8903757438486,87.8744500431744,88.8585243425002,
89.7970268796523),.UNSPECIFIED.);
#227=B_SPLINE_CURVE_WITH_KNOTS('',3,(#6781,#6782,#6783,#6784,#6785,#6786,
#6787,#6788,#6789,#6790),.UNSPECIFIED.,.F.,.F.,(4,1,1,1,1,1,1,4),(78.5398163397448,
79.5019160818556,80.4790999111667,81.4562837404777,82.4334675697887,83.4106513990997,
84.3878352284108,84.8230016469244),.UNSPECIFIED.);
#228=B_SPLINE_CURVE_WITH_KNOTS('',3,(#6791,#6792,#6793,#6794,#6795,#6796,
#6797,#6798,#6799,#6800),.UNSPECIFIED.,.F.,.F.,(4,1,1,1,1,1,1,4),(78.5398163397448,
79.0177813492421,80.0018556485679,80.9859299478937,81.9700042472195,82.9540785465453,
83.9381528458711,84.8230016469244),.UNSPECIFIED.);
#229=B_SPLINE_CURVE_WITH_KNOTS('',3,(#6805,#6806,#6807,#6808,#6809,#6810,
#6811,#6812,#6813,#6814,#6815),.UNSPECIFIED.,.F.,.F.,(4,1,1,1,1,1,1,1,4),
(72.2566310325652,72.6616292766784,73.6388131059895,74.6159969353005,75.5931807646115,
76.5703645939225,77.5475484232336,78.5247322525446,78.5398163397448),
 .UNSPECIFIED.);
#230=B_SPLINE_CURVE_WITH_KNOTS('',3,(#6816,#6817,#6818,#6819,#6820,#6821,
#6822,#6823,#6824,#6825),.UNSPECIFIED.,.F.,.F.,(4,1,1,1,1,1,1,4),(72.2566310325652,
73.1133355532872,74.097409852613,75.0814841519388,76.0655584512646,77.0496327505904,
78.0337070499162,78.5398163397448),.UNSPECIFIED.);
#231=B_SPLINE_CURVE_WITH_KNOTS('',3,(#6830,#6831,#6832,#6833,#6834,#6835,
#6836,#6837,#6838,#6839),.UNSPECIFIED.,.F.,.F.,(4,1,1,1,1,1,1,4),(65.9734457253856,
66.7985263008123,67.7757101301233,68.7528939594343,69.7300777887453,70.7072616180564,
71.6844454473674,72.2566310325652),.UNSPECIFIED.);
#232=B_SPLINE_CURVE_WITH_KNOTS('',3,(#6840,#6841,#6842,#6843,#6844,#6845,
#6846,#6847,#6848,#6849,#6850),.UNSPECIFIED.,.F.,.F.,(4,1,1,1,1,1,1,1,4),
(65.9734457253856,66.2248154580065,67.2088897573323,68.1929640566581,69.1770383559839,
70.1611126553097,71.1451869546355,72.1292612539614,72.2566310325652),
 .UNSPECIFIED.);
#233=B_SPLINE_CURVE_WITH_KNOTS('',3,(#6856,#6857,#6858,#6859,#6860,#6861,
#6862,#6863),.UNSPECIFIED.,.F.,.F.,(4,1,1,1,1,4),(55.3999981654225,56.3840724647483,
57.3681467640742,58.3522210634,59.3362953627258,59.690260418206),
 .UNSPECIFIED.);
#234=B_SPLINE_CURVE_WITH_KNOTS('',3,(#6865,#6866,#6867,#6868),
 .UNSPECIFIED.,.F.,.F.,(4,4),(0.52878492094974,0.535425172956043),
 .UNSPECIFIED.);
#235=B_SPLINE_CURVE_WITH_KNOTS('',3,(#6869,#6870,#6871,#6872,#6873,#6874,
#6875,#6876),.UNSPECIFIED.,.F.,.F.,(4,1,1,1,1,4),(55.3544102217624,56.049504178391,
57.026688007702,58.003871837013,58.981055666324,59.690260418206),
 .UNSPECIFIED.);
#236=B_SPLINE_CURVE_WITH_KNOTS('',3,(#6882,#6883,#6884,#6885,#6886),
 .UNSPECIFIED.,.F.,.F.,(4,1,4),(28.2743338823081,28.6719150437446,29.6607447329069),
 .UNSPECIFIED.);
#237=B_SPLINE_CURVE_WITH_KNOTS('',3,(#6888,#6889,#6890,#6891),
 .UNSPECIFIED.,.F.,.F.,(4,4),(0.166386599093647,0.183750558749487),
 .UNSPECIFIED.);
#238=B_SPLINE_CURVE_WITH_KNOTS('',3,(#6892,#6893,#6894,#6895,#6896,#6897),
 .UNSPECIFIED.,.F.,.F.,(4,1,1,4),(28.2743338823081,28.8142746559096,29.7753060867371,
29.7924158693648),.UNSPECIFIED.);
#239=B_SPLINE_CURVE_WITH_KNOTS('',3,(#6902,#6903,#6904,#6905,#6906,#6907,
#6908,#6909,#6910,#6911),.UNSPECIFIED.,.F.,.F.,(4,1,1,1,1,1,1,4),(21.9911485751285,
22.7389369087708,23.7277665979331,24.7165962870954,25.7054259762577,26.69425566542,
27.6830853545823,28.2743338823081),.UNSPECIFIED.);
#240=B_SPLINE_CURVE_WITH_KNOTS('',3,(#6912,#6913,#6914,#6915,#6916,#6917,
#6918,#6919,#6920,#6921,#6922),.UNSPECIFIED.,.F.,.F.,(4,1,1,1,1,1,1,1,4),
(21.9911485751286,22.0870546401171,23.0480860709446,24.0091175017721,24.9701489325996,
25.9311803634271,26.8922117942546,27.8532432250821,28.2743338823081),
 .UNSPECIFIED.);
#241=B_SPLINE_CURVE_WITH_KNOTS('',3,(#6928,#6929,#6930,#6931,#6932),
 .UNSPECIFIED.,.F.,.F.,(4,1,4),(14.3988031934972,15.3598346243247,15.707963267949),
 .UNSPECIFIED.);
#242=B_SPLINE_CURVE_WITH_KNOTS('',3,(#6935,#6936,#6937,#6938,#6939),
 .UNSPECIFIED.,.F.,.F.,(4,1,4),(13.8755306888108,14.8282993954724,15.707963267949),
 .UNSPECIFIED.);
#243=B_SPLINE_CURVE_WITH_KNOTS('',3,(#6941,#6942,#6943,#6944,#6945,#6946,
#6947,#6948,#6949,#6950,#6951),.UNSPECIFIED.,.F.,.F.,(4,1,1,1,1,1,1,1,4),
(15.707963267949,15.8171290846347,16.805958773797,17.7947884629593,18.7836181521216,
19.7724478412839,20.7612775304462,21.7501072196085,21.9911485751285),
 .UNSPECIFIED.);
#244=B_SPLINE_CURVE_WITH_KNOTS('',3,(#6952,#6953,#6954,#6955,#6956,#6957,
#6958,#6959,#6960,#6961),.UNSPECIFIED.,.F.,.F.,(4,1,1,1,1,1,1,4),(15.707963267949,
16.3208660551522,17.2818974859797,18.2429289168072,19.2039603476347,20.1649917784621,
21.1260232092896,21.9911485751286),.UNSPECIFIED.);
#245=B_SPLINE_CURVE_WITH_KNOTS('',3,(#6963,#6964,#6965,#6966,#6967,#6968,
#6969,#6970,#6971,#6972,#6973),.UNSPECIFIED.,.F.,.F.,(4,1,1,1,1,1,1,1,4),
(59.690260418206,59.9582394956351,60.9354233249461,61.9126071542571,62.8897909835681,
63.8669748128792,64.8441586421902,65.8213424715012,65.9734457253856),
 .UNSPECIFIED.);
#246=B_SPLINE_CURVE_WITH_KNOTS('',3,(#6974,#6975,#6976,#6977,#6978,#6979,
#6980,#6981,#6982,#6983),.UNSPECIFIED.,.F.,.F.,(4,1,1,1,1,1,1,4),(59.690260418206,
60.3203696620516,61.3044439613774,62.2885182607032,63.272592560029,64.2566668593549,
65.2407411586807,65.9734457253856),.UNSPECIFIED.);
#247=B_SPLINE_CURVE_WITH_KNOTS('',3,(#6987,#6988,#6989,#6990),
 .UNSPECIFIED.,.F.,.F.,(4,4),(0.0567207600321789,0.061626123846389),
 .UNSPECIFIED.);
#248=B_SPLINE_CURVE_WITH_KNOTS('',3,(#6992,#6993,#6994,#6995,#6996),
 .UNSPECIFIED.,.F.,.F.,(4,1,4),(49.4450861270961,50.2979719017408,51.1508576763854),
 .UNSPECIFIED.);
#249=B_SPLINE_CURVE_WITH_KNOTS('',3,(#6998,#6999,#7000,#7001),
 .UNSPECIFIED.,.F.,.F.,(4,4),(0.590963545678815,0.595064385651287),
 .UNSPECIFIED.);
#250=B_SPLINE_CURVE_WITH_KNOTS('',3,(#7002,#7003,#7004,#7005,#7006),
 .UNSPECIFIED.,.F.,.F.,(4,1,4),(49.4276777813554,50.301690327717,51.1757028740787),
 .UNSPECIFIED.);
#251=B_SPLINE_CURVE_WITH_KNOTS('',3,(#7010,#7011,#7012,#7013),
 .UNSPECIFIED.,.F.,.F.,(4,4),(0.245025995648846,0.24997541783669),
 .UNSPECIFIED.);
#252=B_SPLINE_CURVE_WITH_KNOTS('',3,(#7015,#7016,#7017,#7018,#7019,#7020),
 .UNSPECIFIED.,.F.,.F.,(4,1,1,4),(52.4316163501084,53.1968094510895,53.9794571709404,
54.5255414042788),.UNSPECIFIED.);
#253=B_SPLINE_CURVE_WITH_KNOTS('',3,(#7022,#7023,#7024,#7025),
 .UNSPECIFIED.,.F.,.F.,(4,4),(0.409397234835989,0.416307408998192),
 .UNSPECIFIED.);
#254=B_SPLINE_CURVE_WITH_KNOTS('',3,(#7026,#7027,#7028,#7029,#7030,#7031),
 .UNSPECIFIED.,.F.,.F.,(4,1,1,4),(52.4588609356498,53.1330079689118,53.8071550021739,
54.4813020354359),.UNSPECIFIED.);
#255=B_SPLINE_CURVE_WITH_KNOTS('',3,(#7035,#7036,#7037,#7038,#7039,#7040,
#7041),.UNSPECIFIED.,.F.,.F.,(4,3,4),(0.637092996677188,0.637515270893577,
0.640843626087807),.UNSPECIFIED.);
#256=B_SPLINE_CURVE_WITH_KNOTS('',3,(#7043,#7044,#7045,#7046,#7047),
 .UNSPECIFIED.,.F.,.F.,(4,1,4),(43.256027523302,43.9856171071438,44.7152066909856),
 .UNSPECIFIED.);
#257=B_SPLINE_CURVE_WITH_KNOTS('',3,(#7049,#7050,#7051,#7052),
 .UNSPECIFIED.,.F.,.F.,(4,4),(0.00709616620464637,0.0108800299440172),
 .UNSPECIFIED.);
#258=B_SPLINE_CURVE_WITH_KNOTS('',3,(#7053,#7054,#7055,#7056,#7057),
 .UNSPECIFIED.,.F.,.F.,(4,1,4),(43.2554134701782,43.983402679175,44.7113918881717),
 .UNSPECIFIED.);
#259=B_SPLINE_CURVE_WITH_KNOTS('',3,(#7061,#7062,#7063,#7064,#7065,#7066),
 .UNSPECIFIED.,.F.,.F.,(4,2,4),(0.295852485300937,0.298627386873756,0.299630014462193),
 .UNSPECIFIED.);
#260=B_SPLINE_CURVE_WITH_KNOTS('',3,(#7068,#7069,#7070,#7071,#7072),
 .UNSPECIFIED.,.F.,.F.,(4,1,4),(46.3686680271569,47.1413771435552,47.9140862599535),
 .UNSPECIFIED.);
#261=B_SPLINE_CURVE_WITH_KNOTS('',3,(#7074,#7075,#7076,#7077),
 .UNSPECIFIED.,.F.,.F.,(4,4),(0.349195302189034,0.353295539454575),
 .UNSPECIFIED.);
#262=B_SPLINE_CURVE_WITH_KNOTS('',3,(#7078,#7079,#7080,#7081,#7082),
 .UNSPECIFIED.,.F.,.F.,(4,1,4),(46.377289689567,47.1388383994563,47.9003871093455),
 .UNSPECIFIED.);
#263=B_SPLINE_CURVE_WITH_KNOTS('',3,(#7086,#7087,#7088,#7089),
 .UNSPECIFIED.,.F.,.F.,(4,4),(0.124438473770448,0.14184275439254),
 .UNSPECIFIED.);
#264=B_SPLINE_CURVE_WITH_KNOTS('',3,(#7091,#7092,#7093,#7094,#7095,#7096),
 .UNSPECIFIED.,.F.,.F.,(4,1,1,4),(30.1085526071683,30.9011887008957,31.6938247946231,
32.4864608883505),.UNSPECIFIED.);
#265=B_SPLINE_CURVE_WITH_KNOTS('',3,(#7098,#7099,#7100,#7101),
 .UNSPECIFIED.,.F.,.F.,(4,4),(0.541611846041166,0.547468894805199),
 .UNSPECIFIED.);
#266=B_SPLINE_CURVE_WITH_KNOTS('',3,(#7102,#7103,#7104,#7105,#7106,#7107),
 .UNSPECIFIED.,.F.,.F.,(4,1,1,4),(29.9777259309689,30.7363375175646,31.697368948392,
32.5236553351407),.UNSPECIFIED.);
#267=B_SPLINE_CURVE_WITH_KNOTS('',3,(#7111,#7112,#7113,#7114,#7115,#7116),
 .UNSPECIFIED.,.F.,.F.,(4,2,4),(0.396725434039158,0.39927862973892,0.402903662183912),
 .UNSPECIFIED.);
#268=B_SPLINE_CURVE_WITH_KNOTS('',3,(#7118,#7119,#7120,#7121,#7122),
 .UNSPECIFIED.,.F.,.F.,(4,1,4),(33.5582678715747,34.5074775687509,35.4566872659271),
 .UNSPECIFIED.);
#269=B_SPLINE_CURVE_WITH_KNOTS('',3,(#7124,#7125,#7126,#7127),
 .UNSPECIFIED.,.F.,.F.,(4,4),(0.254721252455956,0.259287293533419),
 .UNSPECIFIED.);
#270=B_SPLINE_CURVE_WITH_KNOTS('',3,(#7128,#7129,#7130,#7131,#7132,#7133),
 .UNSPECIFIED.,.F.,.F.,(4,1,1,4),(33.5227324593053,34.1183205240556,34.7993227247028,
35.48032492535),.UNSPECIFIED.);
#271=B_SPLINE_CURVE_WITH_KNOTS('',3,(#7137,#7138,#7139,#7140),
 .UNSPECIFIED.,.F.,.F.,(4,4),(0.341212041268885,0.345167889789021),
 .UNSPECIFIED.);
#272=B_SPLINE_CURVE_WITH_KNOTS('',3,(#7142,#7143,#7144,#7145,#7146),
 .UNSPECIFIED.,.F.,.F.,(4,1,4),(40.0865859201878,40.8305724221577,41.5745589241275),
 .UNSPECIFIED.);
#273=B_SPLINE_CURVE_WITH_KNOTS('',3,(#7148,#7149,#7150,#7151),
 .UNSPECIFIED.,.F.,.F.,(4,4),(0.303388616794828,0.307126591961217),
 .UNSPECIFIED.);
#274=B_SPLINE_CURVE_WITH_KNOTS('',3,(#7152,#7153,#7154,#7155,#7156),
 .UNSPECIFIED.,.F.,.F.,(4,1,4),(40.0762366636081,40.8282036001092,41.5801705366103),
 .UNSPECIFIED.);
#275=B_SPLINE_CURVE_WITH_KNOTS('',3,(#7160,#7161,#7162,#7163),
 .UNSPECIFIED.,.F.,.F.,(4,4),(0.599092276818694,0.603046892838076),
 .UNSPECIFIED.);
#276=B_SPLINE_CURVE_WITH_KNOTS('',3,(#7165,#7166,#7167,#7168,#7169),
 .UNSPECIFIED.,.F.,.F.,(4,1,4),(36.8365350455548,37.6700414343767,38.5035478231985),
 .UNSPECIFIED.);
#277=B_SPLINE_CURVE_WITH_KNOTS('',3,(#7171,#7172,#7173,#7174),
 .UNSPECIFIED.,.F.,.F.,(4,4),(0.0474490775524215,0.052001200306256),
 .UNSPECIFIED.);
#278=B_SPLINE_CURVE_WITH_KNOTS('',3,(#7175,#7176,#7177,#7178,#7179),
 .UNSPECIFIED.,.F.,.F.,(4,1,4),(36.8573516471776,37.6732080006088,38.48906435404),
 .UNSPECIFIED.);
#279=B_SPLINE_CURVE_WITH_KNOTS('',3,(#7264,#7265,#7266,#7267,#7268,#7269,
#7270,#7271,#7272,#7273,#7274,#7275,#7276,#7277,#7278,#7279,#7280,#7281,
#7282),.UNSPECIFIED.,.F.,.F.,(4,3,3,3,3,3,4),(0.,0.00791567342525121,0.0158724608906842,
0.021570890316616,0.0313450243357826,0.0408335371559613,0.0478197593418608),
 .UNSPECIFIED.);
#280=B_SPLINE_CURVE_WITH_KNOTS('',3,(#7283,#7284,#7285,#7286,#7287,#7288,
#7289,#7290,#7291,#7292,#7293,#7294,#7295,#7296,#7297,#7298,#7299,#7300,
#7301,#7302,#7303,#7304,#7305,#7306,#7307,#7308,#7309,#7310,#7311,#7312,
#7313,#7314,#7315,#7316,#7317,#7318,#7319,#7320,#7321,#7322,#7323,#7324,
#7325,#7326,#7327,#7328,#7329,#7330,#7331,#7332,#7333,#7334,#7335,#7336,
#7337,#7338,#7339,#7340,#7341,#7342,#7343,#7344,#7345,#7346,#7347,#7348,
#7349,#7350,#7351,#7352,#7353,#7354,#7355,#7356,#7357,#7358,#7359,#7360,
#7361),.UNSPECIFIED.,.F.,.F.,(4,3,3,3,3,3,3,3,3,3,3,3,3,3,3,3,3,3,3,3,3,
3,3,3,3,3,4),(0.,0.0135150994797238,0.0276447071658793,0.0385032163955527,
0.0429229571903748,0.045731203471134,0.0603228412163328,0.0751735427320713,
0.0850083522998702,0.087839193252038,0.090832110932418,0.106120967561358,
0.114512781003267,0.129395781380783,0.133970593498635,0.136811664842072,
0.152071817301096,0.167706430620318,0.17683514906546,0.181777339678461,
0.185690215741766,0.201836006410999,0.213007410334331,0.216730524386112,
0.233063778063624,0.240736178181459,0.245555843378281),.UNSPECIFIED.);
#281=B_SPLINE_CURVE_WITH_KNOTS('',3,(#7362,#7363,#7364,#7365,#7366,#7367,
#7368,#7369,#7370,#7371,#7372,#7373,#7374,#7375,#7376,#7377,#7378,#7379,
#7380,#7381,#7382,#7383),.UNSPECIFIED.,.F.,.F.,(4,3,3,3,3,3,3,4),(-16.4125235543226,
-15.8212750265969,-14.8324453374346,-13.8436156482723,-12.8547859591099,
-11.8659562699476,-10.8771265807853,-10.129338247143),.UNSPECIFIED.);
#282=B_SPLINE_CURVE_WITH_KNOTS('',3,(#7536,#7537,#7538,#7539,#7540,#7541,
#7542,#7543,#7544,#7545,#7546,#7547,#7548,#7549,#7550,#7551,#7552,#7553,
#7554,#7555,#7556,#7557),.UNSPECIFIED.,.F.,.F.,(4,3,3,3,3,3,3,4),(0.,0.000350187153913091,
0.00727416031256392,0.0143580538373331,0.0214419473621023,0.0292640002309757,
0.0377823915956615,0.0445184503197954),.UNSPECIFIED.);
#283=B_SPLINE_CURVE_WITH_KNOTS('',3,(#7558,#7559,#7560,#7561,#7562,#7563,
#7564,#7565,#7566,#7567,#7568,#7569,#7570,#7571,#7572,#7573,#7574,#7575,
#7576,#7577,#7578,#7579),.UNSPECIFIED.,.F.,.F.,(4,3,3,3,3,3,3,4),(-72.9611913189389,
-72.5260249004253,-71.5488410711143,-70.5716572418033,-69.5944734124922,
-68.6172895831812,-67.6401057538702,-66.6780060117593),.UNSPECIFIED.);
#284=B_SPLINE_CURVE_WITH_KNOTS('',3,(#7580,#7581,#7582,#7583,#7584,#7585,
#7586,#7587,#7588,#7589,#7590,#7591,#7592,#7593,#7594,#7595,#7596,#7597,
#7598,#7599,#7600,#7601,#7602,#7603,#7604,#7605,#7606,#7607,#7608,#7609,
#7610,#7611,#7612,#7613,#7614,#7615,#7616,#7617,#7618,#7619,#7620,#7621,
#7622,#7623,#7624,#7625,#7626,#7627,#7628,#7629,#7630,#7631,#7632,#7633,
#7634,#7635,#7636,#7637,#7638,#7639,#7640,#7641,#7642,#7643,#7644,#7645,
#7646,#7647,#7648,#7649,#7650,#7651,#7652,#7653,#7654,#7655,#7656,#7657,
#7658,#7659,#7660,#7661),.UNSPECIFIED.,.F.,.F.,(4,3,3,3,3,3,3,3,3,3,3,3,
3,3,3,3,3,3,3,3,3,3,3,3,3,3,3,4),(0.,0.0161727711938268,0.0325372651108711,
0.0442067909842716,0.0509109880547078,0.0539096110832248,0.0698184263801401,
0.0853658622490133,0.0954977647112787,0.0990690532557676,0.102443031282869,
0.117532672664339,0.125893472098075,0.140167577601979,0.144786389717659,
0.147667988087158,0.150607638210069,0.165616965104798,0.180559050829145,
0.188265287327585,0.192832027905066,0.195615246296145,0.209972188151139,
0.218716512815624,0.222886837644885,0.23670120763959,0.240086316129303,
0.246634779754658),.UNSPECIFIED.);
#285=B_SPLINE_CURVE_WITH_KNOTS('',3,(#7683,#7684,#7685,#7686,#7687,#7688,
#7689,#7690,#7691,#7692,#7693,#7694,#7695,#7696,#7697,#7698),
 .UNSPECIFIED.,.F.,.F.,(4,3,3,3,3,4),(0.,0.0080879060104722,0.0146141077854884,
0.0214578555901549,0.028415311155478,0.0290370264519874),.UNSPECIFIED.);
#286=B_SPLINE_CURVE_WITH_KNOTS('',3,(#7700,#7701,#7702,#7703,#7704,#7705,
#7706,#7707,#7708,#7709,#7710,#7711,#7712,#7713,#7714,#7715),
 .UNSPECIFIED.,.F.,.F.,(4,3,3,3,3,4),(0.,0.000712760001969049,0.00968683214236001,
0.016313358051804,0.026961352420407,0.0313525002387321),.UNSPECIFIED.);
#287=B_SPLINE_CURVE_WITH_KNOTS('',3,(#7716,#7717,#7718,#7719,#7720,#7721,
#7722),.UNSPECIFIED.,.F.,.F.,(4,3,4),(-39.2736451897085,-38.4398799997316,
-37.6619769351819),.UNSPECIFIED.);
#288=B_SPLINE_CURVE_WITH_KNOTS('',3,(#7744,#7745,#7746,#7747,#7748,#7749),
 .UNSPECIFIED.,.F.,.F.,(4,2,4),(0.,0.00296159966959577,0.0451513259614407),
 .UNSPECIFIED.);
#289=B_SPLINE_CURVE_WITH_KNOTS('',3,(#7751,#7752,#7753,#7754,#7755,#7756,
#7757),.UNSPECIFIED.,.F.,.F.,(4,3,4),(-32.5853087986676,-32.1238067791583,
-31.6837075964629),.UNSPECIFIED.);
#290=B_SPLINE_CURVE_WITH_KNOTS('',3,(#7758,#7759,#7760,#7761,#7762,#7763,
#7764,#7765,#7766,#7767,#7768,#7769,#7770,#7771,#7772,#7773),
 .UNSPECIFIED.,.F.,.F.,(4,3,3,3,3,4),(0.,0.011474901423366,0.0198250945378013,
0.0287466243914103,0.0372403537437726,0.0426235005069487),.UNSPECIFIED.);
#291=B_SPLINE_CURVE_WITH_KNOTS('',3,(#7799,#7800,#7801,#7802,#7803,#7804,
#7805,#7806,#7807,#7808,#7809,#7810,#7811),.UNSPECIFIED.,.F.,.F.,(4,3,3,
3,4),(0.,0.0137173017556724,0.0211968392139528,0.0338827351410168,0.0437658720514828),
 .UNSPECIFIED.);
#292=B_SPLINE_CURVE_WITH_KNOTS('',3,(#7813,#7814,#7815,#7816,#7817,#7818,
#7819,#7820,#7821,#7822,#7823,#7824,#7825,#7826,#7827,#7828,#7829,#7830,
#7831,#7832,#7833,#7834,#7835,#7836,#7837),.UNSPECIFIED.,.F.,.F.,(4,3,3,
3,3,3,3,3,4),(0.,0.00078456210755713,0.0104716630880954,0.0204908326904953,
0.0267322316987277,0.0350351532580325,0.0433640858921707,0.0517128885383759,
0.0536117244176067),.UNSPECIFIED.);
#293=B_SPLINE_CURVE_WITH_KNOTS('',3,(#7838,#7839,#7840,#7841,#7842,#7843,
#7844,#7845,#7846,#7847),.UNSPECIFIED.,.F.,.F.,(4,3,3,4),(-20.343723229785,
-19.8320144666376,-19.0393783729102,-18.6144939549047),.UNSPECIFIED.);
#294=B_SPLINE_CURVE_WITH_KNOTS('',3,(#7872,#7873,#7874,#7875,#7876,#7877,
#7878,#7879,#7880,#7881,#7882,#7883,#7884,#7885,#7886,#7887),
 .UNSPECIFIED.,.F.,.F.,(4,3,3,3,3,4),(0.,0.000484244525706835,0.00773796006607476,
0.0149916756064427,0.0228938654169104,0.0289364398403868),.UNSPECIFIED.);
#295=B_SPLINE_CURVE_WITH_KNOTS('',3,(#7888,#7889,#7890,#7891,#7892,#7893),
 .UNSPECIFIED.,.F.,.F.,(4,2,4),(0.,0.0168372726830577,0.046909473237338),
 .UNSPECIFIED.);
#296=B_SPLINE_CURVE_WITH_KNOTS('',3,(#7915,#7916,#7917,#7918,#7919,#7920),
 .UNSPECIFIED.,.F.,.F.,(4,2,4),(0.,0.00236975599888036,0.0379181007640515),
 .UNSPECIFIED.);
#297=B_SPLINE_CURVE_WITH_KNOTS('',3,(#7922,#7923,#7924,#7925,#7926,#7927,
#7928),.UNSPECIFIED.,.F.,.F.,(4,3,4),(-35.8863047987534,-35.2795668155697,
-34.7040731546433),.UNSPECIFIED.);
#298=B_SPLINE_CURVE_WITH_KNOTS('',3,(#7929,#7930,#7931,#7932,#7933,#7934,
#7935,#7936,#7937,#7938,#7939,#7940,#7941),.UNSPECIFIED.,.F.,.F.,(4,3,3,
3,4),(0.,0.0100848471769173,0.017036534867329,0.0275034812888546,0.0348495843877364),
 .UNSPECIFIED.);
#299=B_SPLINE_CURVE_WITH_KNOTS('',3,(#7963,#7964,#7965,#7966,#7967,#7968,
#7969,#7970,#7971,#7972,#7973,#7974,#7975,#7976,#7977,#7978),
 .UNSPECIFIED.,.F.,.F.,(4,3,3,3,3,4),(0.,0.0123343177601525,0.0220945098856876,
0.0323844907784046,0.042213010031357,0.0486587116713556),.UNSPECIFIED.);
#300=B_SPLINE_CURVE_WITH_KNOTS('',3,(#7980,#7981,#7982,#7983,#7984,#7985),
 .UNSPECIFIED.,.F.,.F.,(4,2,4),(0.,0.00335463773027761,0.0512563751191904),
 .UNSPECIFIED.);
#301=B_SPLINE_CURVE_WITH_KNOTS('',3,(#7986,#7987,#7988,#7989,#7990,#7991,
#7992),.UNSPECIFIED.,.F.,.F.,(4,3,4),(-26.2940324188589,-25.8113976726233,
-25.3451111345405),.UNSPECIFIED.);
#302=B_SPLINE_CURVE_WITH_KNOTS('',3,(#8014,#8015,#8016,#8017,#8018,#8019),
 .UNSPECIFIED.,.F.,.F.,(4,2,4),(0.,0.00342273893289136,0.0507601623279988),
 .UNSPECIFIED.);
#303=B_SPLINE_CURVE_WITH_KNOTS('',3,(#8021,#8022,#8023,#8024,#8025,#8026,
#8027),.UNSPECIFIED.,.F.,.F.,(4,3,4),(-29.383234362863,-28.9687620941722,
-28.5712132002067),.UNSPECIFIED.);
#304=B_SPLINE_CURVE_WITH_KNOTS('',3,(#8029,#8030,#8031,#8032),
 .UNSPECIFIED.,.F.,.F.,(4,4),(0.0456918561121543,0.0482792264592086),
 .UNSPECIFIED.);
#305=B_SPLINE_CURVE_WITH_KNOTS('',3,(#8033,#8034,#8035,#8036,#8037,#8038,
#8039,#8040,#8041,#8042,#8043,#8044,#8045,#8046,#8047,#8048),
 .UNSPECIFIED.,.F.,.F.,(4,3,3,3,3,4),(0.,0.0112775974954148,0.0216857924203282,
0.0312190254840674,0.0403832044139126,0.0456918561121543),.UNSPECIFIED.);
#306=B_SPLINE_CURVE_WITH_KNOTS('',3,(#8070,#8071,#8072,#8073,#8074,#8075,
#8076,#8077,#8078,#8079,#8080,#8081,#8082,#8083,#8084,#8085,#8086,#8087,
#8088),.UNSPECIFIED.,.F.,.F.,(4,3,3,3,3,3,4),(0.,0.00124732025604564,0.012372836217905,
0.024153245292262,0.0272565365651131,0.0401712019068841,0.0496320700807635),
 .UNSPECIFIED.);
#307=B_SPLINE_CURVE_WITH_KNOTS('',3,(#8090,#8091,#8092,#8093,#8094,#8095,
#8096),.UNSPECIFIED.,.F.,.F.,(4,3,4),(-23.2889488535257,-22.6456672407654,
-22.0258058660335),.UNSPECIFIED.);
#308=B_SPLINE_CURVE_WITH_KNOTS('',3,(#8097,#8098,#8099,#8100,#8101,#8102,
#8103,#8104,#8105,#8106,#8107,#8108,#8109,#8110,#8111,#8112),
 .UNSPECIFIED.,.F.,.F.,(4,3,3,3,3,4),(0.,0.0141169433244385,0.0215972362470915,
0.0331311275783937,0.0439524906546725,0.0460823179139172),.UNSPECIFIED.);
#309=B_SPLINE_CURVE_WITH_KNOTS('',3,(#8274,#8275,#8276,#8277,#8278,#8279,
#8280,#8281,#8282,#8283,#8284,#8285,#8286,#8287,#8288,#8289),
 .UNSPECIFIED.,.F.,.F.,(4,3,3,3,3,4),(0.,0.000508651856588936,0.0125109519667785,
0.0219117439299561,0.0345944524387253,0.0436069181651218),.UNSPECIFIED.);
#310=B_SPLINE_CURVE_WITH_KNOTS('',3,(#8290,#8291,#8292,#8293,#8294,#8295,
#8296,#8297,#8298,#8299,#8300,#8301,#8302,#8303,#8304,#8305,#8306,#8307,
#8308,#8309,#8310,#8311,#8312,#8313,#8314,#8315,#8316,#8317,#8318,#8319,
#8320,#8321,#8322,#8323,#8324,#8325,#8326,#8327,#8328,#8329,#8330,#8331,
#8332,#8333,#8334,#8335,#8336,#8337,#8338,#8339,#8340,#8341,#8342,#8343,
#8344,#8345,#8346,#8347,#8348,#8349,#8350,#8351,#8352,#8353,#8354,#8355,
#8356,#8357,#8358,#8359,#8360,#8361,#8362,#8363,#8364,#8365,#8366,#8367,
#8368),.UNSPECIFIED.,.F.,.F.,(4,3,3,3,3,3,3,3,3,3,3,3,3,3,3,3,3,3,3,3,3,
3,3,3,3,3,4),(0.,0.0135172035938865,0.0276470831726194,0.0384328123605143,
0.0429723233432457,0.0457382637035496,0.0603299853430571,0.0751847272254877,
0.0848717745880603,0.0877236772839192,0.0908035731388057,0.106091291565362,
0.113932916675778,0.128807221899049,0.133525243100446,0.136884059433199,
0.152150585343437,0.167788731665512,0.176748515046401,0.181848106967193,
0.185700151385816,0.201843913593712,0.212449833629274,0.216690271854794,
0.233026510511389,0.239466998712624,0.245555843378294),.UNSPECIFIED.);
#311=B_SPLINE_CURVE_WITH_KNOTS('',3,(#8369,#8370,#8371,#8372,#8373,#8374,
#8375,#8376,#8377,#8378,#8379,#8380,#8381,#8382,#8383,#8384,#8385,#8386,
#8387,#8388,#8389,#8390,#8391,#8392,#8393),.UNSPECIFIED.,.F.,.F.,(4,3,3,
3,3,3,3,3,4),(70.4241984534272,70.5234239516997,71.5074982510255,72.4915725503513,
73.4756468496772,74.459721149003,75.4437954483288,76.4278697476546,76.7073837606068),
 .UNSPECIFIED.);
#312=B_SPLINE_CURVE_WITH_KNOTS('',3,(#8395,#8396,#8397,#8398,#8399,#8400,
#8401,#8402,#8403,#8404,#8405,#8406,#8407,#8408,#8409,#8410,#8411,#8412,
#8413,#8414,#8415,#8416,#8417,#8418,#8419,#8420,#8421,#8422,#8423,#8424,
#8425,#8426,#8427,#8428),.UNSPECIFIED.,.F.,.F.,(4,2,2,2,2,2,2,2,2,2,2,2,
2,2,2,2,4),(0.,0.000631854854866918,0.0296058323086433,0.0504821160897886,
0.0606082991443935,0.0614415376044843,0.0615898567027116,0.0616656900522086,
0.0617253819184764,0.0617917960274571,0.0619013443756986,0.0622915263375774,
0.0671410084774721,0.075527429362652,0.0874897665452249,0.105005349147584,
0.118794027382557),.UNSPECIFIED.);
#313=B_SPLINE_CURVE_WITH_KNOTS('',3,(#8429,#8430,#8431,#8432,#8433,#8434,
#8435,#8436,#8437,#8438),.UNSPECIFIED.,.F.,.F.,(4,3,3,4),(41.2804929119166,
41.9852692712512,42.969343570577,43.2166937972004),.UNSPECIFIED.);
#314=B_SPLINE_CURVE_WITH_KNOTS('',3,(#8460,#8461,#8462,#8463,#8464,#8465,
#8466,#8467,#8468,#8469,#8470,#8471,#8472,#8473,#8474,#8475,#8476,#8477,
#8478),.UNSPECIFIED.,.F.,.F.,(4,3,3,3,3,3,4),(0.,0.000895924565128754,0.0123177632409387,
0.022993153694402,0.0327152786262529,0.0420491585947974,0.048971564075949),
 .UNSPECIFIED.);
#315=B_SPLINE_CURVE_WITH_KNOTS('',3,(#8480,#8481,#8482,#8483,#8484,#8485,
#8486,#8487,#8488,#8489,#8490,#8491,#8492,#8493,#8494,#8495),
 .UNSPECIFIED.,.F.,.F.,(4,3,3,3,3,4),(0.,0.00969588722396933,0.019760701891546,
0.0285291550034522,0.0415528501013391,0.0518297003247925),.UNSPECIFIED.);
#316=B_SPLINE_CURVE_WITH_KNOTS('',3,(#8496,#8497,#8498,#8499,#8500,#8501,
#8502),.UNSPECIFIED.,.F.,.F.,(4,3,4),(32.3150463521314,32.7400352059591,
33.1487636207537),.UNSPECIFIED.);
#317=B_SPLINE_CURVE_WITH_KNOTS('',3,(#8524,#8525,#8526,#8527,#8528,#8529,
#8530,#8531,#8532,#8533,#8534,#8535,#8536,#8537,#8538,#8539,#8540,#8541,
#8542),.UNSPECIFIED.,.F.,.F.,(4,3,3,3,3,3,4),(0.,0.000851949818771658,0.0118169982434171,
0.021545995687745,0.0305906520931143,0.039246139115159,0.0450081850922972),
 .UNSPECIFIED.);
#318=B_SPLINE_CURVE_WITH_KNOTS('',3,(#8544,#8545,#8546,#8547,#8548,#8549,
#8550,#8551,#8552,#8553,#8554,#8555,#8556,#8557,#8558,#8559),
 .UNSPECIFIED.,.F.,.F.,(4,3,3,3,3,4),(0.,0.00933854323876056,0.0190652216360931,
0.0260403750228276,0.0395296932717388,0.0479483280860433),.UNSPECIFIED.);
#319=B_SPLINE_CURVE_WITH_KNOTS('',3,(#8560,#8561,#8562,#8563,#8564,#8565,
#8566),.UNSPECIFIED.,.F.,.F.,(4,3,4),(29.1513151200358,29.5845994856778,
29.9984164440294),.UNSPECIFIED.);
#320=B_SPLINE_CURVE_WITH_KNOTS('',3,(#8588,#8589,#8590,#8591,#8592,#8593,
#8594,#8595,#8596,#8597,#8598,#8599,#8600,#8601,#8602,#8603),
 .UNSPECIFIED.,.F.,.F.,(4,3,3,3,3,4),(0.,0.000714714440050059,0.0135085394618511,
0.0187716872360427,0.0281694603203027,0.037408046108677),.UNSPECIFIED.);
#321=B_SPLINE_CURVE_WITH_KNOTS('',3,(#8605,#8606,#8607,#8608,#8609,#8610,
#8611,#8612,#8613,#8614,#8615,#8616,#8617),.UNSPECIFIED.,.F.,.F.,(4,3,3,
3,4),(0.,0.0120533411662816,0.0210230569098324,0.0327470822661745,0.0403010392579215),
 .UNSPECIFIED.);
#322=B_SPLINE_CURVE_WITH_KNOTS('',3,(#8618,#8619,#8620,#8621,#8622,#8623,
#8624),.UNSPECIFIED.,.F.,.F.,(4,3,4),(25.8801044015703,26.429400406612,
26.9516118893934),.UNSPECIFIED.);
#323=B_SPLINE_CURVE_WITH_KNOTS('',3,(#8713,#8714,#8715,#8716,#8717,#8718,
#8719,#8720,#8721,#8722,#8723,#8724,#8725,#8726,#8727,#8728,#8729,#8730,
#8731,#8732,#8733,#8734),.UNSPECIFIED.,.F.,.F.,(4,3,3,3,3,3,3,4),(0.,0.00290923534982485,
0.00770905309383074,0.0119103228286467,0.0133014744954056,0.0146258916595728,
0.020645078774063,0.024913456077138),.UNSPECIFIED.);
#324=B_SPLINE_CURVE_WITH_KNOTS('',3,(#8736,#8737,#8738,#8739,#8740,#8741,
#8742,#8743,#8744,#8745,#8746,#8747,#8748,#8749,#8750,#8751),
 .UNSPECIFIED.,.F.,.F.,(4,3,3,3,3,4),(0.,0.00755215872948112,0.0156539310265049,
0.0175365959897889,0.0254555654259728,0.0329617098287779),.UNSPECIFIED.);
#325=B_SPLINE_CURVE_WITH_KNOTS('',3,(#8752,#8753,#8754,#8755,#8756,#8757,
#8758,#8759,#8760,#8761,#8762,#8763,#8764,#8765,#8766,#8767),
 .UNSPECIFIED.,.F.,.F.,(4,3,3,3,3,4),(13.8755306888109,14.4154714624124,
15.3765028932399,16.3375343240674,17.2985657548948,18.2595971857223),
 .UNSPECIFIED.);
#326=B_SPLINE_CURVE_WITH_KNOTS('',3,(#8768,#8769,#8770,#8771,#8772,#8773,
#8774,#8775,#8776,#8777,#8778,#8779,#8780,#8781,#8782,#8783,#8784,#8785,
#8786,#8787,#8788,#8789,#8790,#8791,#8792,#8793,#8794,#8795,#8796,#8797,
#8798,#8799,#8800,#8801,#8802,#8803,#8804,#8805,#8806,#8807,#8808,#8809,
#8810,#8811,#8812,#8813,#8814,#8815,#8816,#8817,#8818,#8819,#8820,#8821,
#8822,#8823,#8824,#8825,#8826,#8827,#8828,#8829,#8830,#8831,#8832,#8833,
#8834,#8835,#8836,#8837,#8838,#8839,#8840,#8841,#8842,#8843,#8844,#8845,
#8846),.UNSPECIFIED.,.F.,.F.,(4,3,3,3,3,3,3,3,3,3,3,3,3,3,3,3,3,3,3,3,3,
3,3,3,3,3,4),(0.,0.0161708411473607,0.0325302910369926,0.0439519502470948,
0.0502511442085493,0.053117522678956,0.0690203495541633,0.0845864907428692,
0.0944157592366044,0.0986578111391447,0.102393452489468,0.117495964432743,
0.12390356471781,0.137978256581254,0.144291050920952,0.147811051563025,
0.150630124945147,0.165637618438435,0.180564223304635,0.188830077580545,
0.192578631949981,0.195652917073683,0.210002878581344,0.21769477897783,
0.222832989938423,0.236501099625361,0.246634779754669),.UNSPECIFIED.);
#327=B_SPLINE_CURVE_WITH_KNOTS('',3,(#8872,#8873,#8874,#8875,#8876,#8877,
#8878,#8879,#8880,#8881,#8882,#8883,#8884,#8885,#8886,#8887),
 .UNSPECIFIED.,.F.,.F.,(4,3,3,3,3,4),(0.,0.000701630367226235,0.0151493313254674,
0.0221467388959547,0.0337853076814565,0.0451556602589055),.UNSPECIFIED.);
#328=B_SPLINE_CURVE_WITH_KNOTS('',3,(#8889,#8890,#8891,#8892,#8893,#8894,
#8895,#8896,#8897,#8898,#8899,#8900,#8901,#8902,#8903,#8904),
 .UNSPECIFIED.,.F.,.F.,(4,3,3,3,3,4),(0.,0.0111525991618746,0.0230389225064584,
0.0257025010029198,0.0375451129548466,0.0493877249067733),.UNSPECIFIED.);
#329=B_SPLINE_CURVE_WITH_KNOTS('',3,(#8905,#8906,#8907,#8908,#8909,#8910,
#8911,#8912,#8913,#8914),.UNSPECIFIED.,.F.,.F.,(4,3,3,4),(38.3559803204077,
38.7342047754146,39.4083518086767,39.7558081070826),.UNSPECIFIED.);
#330=B_SPLINE_CURVE_WITH_KNOTS('',3,(#8936,#8937,#8938,#8939,#8940,#8941,
#8942,#8943,#8944,#8945,#8946,#8947,#8948,#8949,#8950,#8951),
 .UNSPECIFIED.,.F.,.F.,(4,3,3,3,3,4),(0.,0.0105449104209778,0.021632165837313,
0.0274943846607812,0.040736027845029,0.0509258888501045),.UNSPECIFIED.);
#331=B_SPLINE_CURVE_WITH_KNOTS('',3,(#8953,#8954,#8955,#8956,#8957,#8958,
#8959),.UNSPECIFIED.,.F.,.F.,(4,3,4),(35.3719777058642,35.8991687082436,
36.4089785711481),.UNSPECIFIED.);
#332=B_SPLINE_CURVE_WITH_KNOTS('',3,(#8960,#8961,#8962,#8963,#8964,#8965,
#8966,#8967,#8968,#8969,#8970,#8971,#8972,#8973,#8974,#8975,#8976,#8977,
#8978),.UNSPECIFIED.,.F.,.F.,(4,3,3,3,3,3,4),(0.,0.000837423758502239,0.0135675839640637,
0.0229198963128746,0.0335033647568305,0.043585047486351,0.0479469581070963),
 .UNSPECIFIED.);
#333=B_SPLINE_CURVE_WITH_KNOTS('',3,(#9004,#9005,#9006,#9007,#9008,#9009,
#9010,#9011,#9012,#9013,#9014,#9015,#9016,#9017,#9018,#9019,#9020,#9021,
#9022),.UNSPECIFIED.,.F.,.F.,(4,3,3,3,3,3,4),(0.,0.000375972776191849,0.00779635394042331,
0.0152167351046548,0.0223596436748229,0.0291475681109137,0.0311989269646199),
 .UNSPECIFIED.);
#334=B_SPLINE_CURVE_WITH_KNOTS('',3,(#9023,#9024,#9025,#9026,#9027,#9028,
#9029,#9030,#9031,#9032,#9033,#9034,#9035),.UNSPECIFIED.,.F.,.F.,(4,3,3,
3,4),(0.,0.00738529917473229,0.01445692638319,0.0228224294401884,0.0290835487524136),
 .UNSPECIFIED.);
#335=B_SPLINE_CURVE_WITH_KNOTS('',3,(#9036,#9037,#9038,#9039,#9040,#9041,
#9042),.UNSPECIFIED.,.F.,.F.,(4,3,4),(19.0385151299113,19.7195173305584,
20.1587159959905),.UNSPECIFIED.);
#336=B_SPLINE_CURVE_WITH_KNOTS('',3,(#9064,#9065,#9066,#9067,#9068,#9069,
#9070,#9071,#9072,#9073,#9074,#9075,#9076),.UNSPECIFIED.,.F.,.F.,(4,3,3,
3,4),(0.,0.0116134925807357,0.0166361401141476,0.0314628290084516,0.0332080996916831),
 .UNSPECIFIED.);
#337=B_SPLINE_CURVE_WITH_KNOTS('',3,(#9078,#9079,#9080,#9081,#9082,#9083,
#9084),.UNSPECIFIED.,.F.,.F.,(4,3,4),(22.5235105081209,23.2712382408795,
23.9744551865071),.UNSPECIFIED.);
#338=B_SPLINE_CURVE_WITH_KNOTS('',3,(#9085,#9086,#9087,#9088,#9089,#9090,
#9091,#9092,#9093,#9094,#9095,#9096,#9097,#9098,#9099,#9100),
 .UNSPECIFIED.,.F.,.F.,(4,3,3,3,3,4),(0.,0.00053648345094426,0.0106596399607194,
0.0157616504034084,0.0240145923697214,0.030305556913464),.UNSPECIFIED.);
#339=B_SPLINE_CURVE_WITH_KNOTS('',3,(#9102,#9103,#9104,#9105,#9106,#9107),
 .UNSPECIFIED.,.F.,.F.,(4,2,4),(0.0166040584314662,0.0222315260466601,0.0314930279165702),
 .UNSPECIFIED.);
#340=B_SPLINE_CURVE_WITH_KNOTS('',3,(#9108,#9109,#9110,#9111,#9112,#9113),
 .UNSPECIFIED.,.F.,.F.,(4,2,4),(0.657144969219407,0.658399633189891,0.670689770886955),
 .UNSPECIFIED.);
#341=B_SPLINE_CURVE_WITH_KNOTS('',3,(#9115,#9116,#9117,#9118,#9119,#9120),
 .UNSPECIFIED.,.F.,.F.,(4,2,4),(0.590849617656456,0.591705055049911,0.608566009807158),
 .UNSPECIFIED.);
#342=B_SPLINE_CURVE_WITH_KNOTS('',3,(#9121,#9122,#9123,#9124),
 .UNSPECIFIED.,.F.,.F.,(4,4),(0.0898630971856225,0.114524253675067),
 .UNSPECIFIED.);
#343=B_SPLINE_CURVE_WITH_KNOTS('',3,(#9126,#9127,#9128,#9129,#9130,#9131,
#9132,#9133,#9134,#9135,#9136,#9137),.UNSPECIFIED.,.F.,.F.,(4,2,2,2,2,4),
(0.461045595641762,0.469857526616165,0.490165448021789,0.510473369427414,
0.530781290833038,0.546123165977589),.UNSPECIFIED.);
#344=B_SPLINE_CURVE_WITH_KNOTS('',3,(#9139,#9140,#9141,#9142),
 .UNSPECIFIED.,.F.,.F.,(4,4),(0.0254546302431347,0.0410699948715147),
 .UNSPECIFIED.);
#345=B_SPLINE_CURVE_WITH_KNOTS('',3,(#9143,#9144,#9145,#9146,#9147,#9148),
 .UNSPECIFIED.,.F.,.F.,(4,2,4),(0.648620417840361,0.658399633189891,0.662592537049932),
 .UNSPECIFIED.);
#346=B_SPLINE_CURVE_WITH_KNOTS('',3,(#9151,#9152,#9153,#9154,#9155,#9156),
 .UNSPECIFIED.,.F.,.F.,(4,2,4),(0.281342736078109,0.295852527524955,0.296490656172577),
 .UNSPECIFIED.);
#347=B_SPLINE_CURVE_WITH_KNOTS('',3,(#9157,#9158,#9159,#9160),
 .UNSPECIFIED.,.F.,.F.,(4,4),(0.394969195248595,0.413210215566545),
 .UNSPECIFIED.);
#348=B_SPLINE_CURVE_WITH_KNOTS('',3,(#9163,#9164,#9165,#9166),
 .UNSPECIFIED.,.F.,.F.,(4,4),(0.340315579618276,0.345805468702734),
 .UNSPECIFIED.);
#349=B_SPLINE_CURVE_WITH_KNOTS('',3,(#9167,#9168,#9169,#9170),
 .UNSPECIFIED.,.F.,.F.,(4,4),(0.333100483216656,0.340315579618276),
 .UNSPECIFIED.);
#350=B_SPLINE_CURVE_WITH_KNOTS('',3,(#9171,#9172,#9173,#9174),
 .UNSPECIFIED.,.F.,.F.,(4,4),(0.340758286546489,0.353973735150243),
 .UNSPECIFIED.);
#351=B_SPLINE_CURVE_WITH_KNOTS('',3,(#9176,#9177,#9178,#9179),
 .UNSPECIFIED.,.F.,.F.,(4,4),(0.384792077551981,0.401938341344368),
 .UNSPECIFIED.);
#352=B_SPLINE_CURVE_WITH_KNOTS('',3,(#9180,#9181,#9182,#9183,#9184,#9185),
 .UNSPECIFIED.,.F.,.F.,(4,2,4),(0.290596897878477,0.295852527524955,0.305306955819055),
 .UNSPECIFIED.);
#353=B_SPLINE_CURVE_WITH_KNOTS('',3,(#9190,#9191,#9192,#9193),
 .UNSPECIFIED.,.F.,.F.,(4,4),(0.601827629067362,0.61837701740929),
 .UNSPECIFIED.);
#354=B_SPLINE_CURVE_WITH_KNOTS('',3,(#9195,#9196,#9197,#9198,#9199,#9200),
 .UNSPECIFIED.,.F.,.F.,(4,2,4),(0.0770156092523104,0.0889261041866405,0.0990027718402265),
 .UNSPECIFIED.);
#355=(
BOUNDED_SURFACE()
B_SPLINE_SURFACE(2,2,((#3488,#3489,#3490,#3491,#3492,#3493,#3494,#3495,
#3496),(#3497,#3498,#3499,#3500,#3501,#3502,#3503,#3504,#3505),(#3506,#3507,
#3508,#3509,#3510,#3511,#3512,#3513,#3514)),.UNSPECIFIED.,.F.,.T.,.F.)
B_SPLINE_SURFACE_WITH_KNOTS((3,3),(3,2,2,2,3),(0.0769991406568237,1.38030157231976),
(-3.14159265358979,-1.5707963267949,0.,1.5707963267949,3.14159265358979),
 .UNSPECIFIED.)
GEOMETRIC_REPRESENTATION_ITEM()
RATIONAL_B_SPLINE_SURFACE(((1.,0.707106781186548,1.,0.707106781186548,1.,
0.707106781186548,1.,0.707106781186548,1.),(0.795083420362559,0.56220887814736,
0.795083420362559,0.56220887814736,0.795083420362559,0.56220887814736,0.795083420362559,
0.56220887814736,0.795083420362559),(1.,0.707106781186548,1.,0.707106781186548,
1.,0.707106781186548,1.,0.707106781186548,1.)))
REPRESENTATION_ITEM('')
SURFACE()
);
#356=STYLED_ITEM('',(#9251),#363);
#357=STYLED_ITEM('',(#9252),#364);
#358=STYLED_ITEM('',(#9251),#365);
#359=STYLED_ITEM('',(#9251),#366);
#360=STYLED_ITEM('',(#9253),#367);
#361=STYLED_ITEM('',(#9254),#368);
#362=STYLED_ITEM('',(#9254),#369);
#363=MANIFOLD_SOLID_BREP('Body1',#2795);
#364=MANIFOLD_SOLID_BREP('Body3',#2796);
#365=MANIFOLD_SOLID_BREP('Body8',#2797);
#366=MANIFOLD_SOLID_BREP('Body5',#2798);
#367=MANIFOLD_SOLID_BREP('Body4',#2799);
#368=MANIFOLD_SOLID_BREP('Body6',#2800);
#369=MANIFOLD_SOLID_BREP('Body7',#2801);
#370=FACE_BOUND('',#677,.T.);
#371=FACE_BOUND('',#750,.T.);
#372=FACE_BOUND('',#753,.T.);
#373=FACE_BOUND('',#755,.T.);
#374=FACE_BOUND('',#757,.T.);
#375=FACE_BOUND('',#816,.T.);
#376=FACE_BOUND('',#819,.T.);
#377=FACE_BOUND('',#822,.T.);
#378=FACE_BOUND('',#824,.T.);
#379=CYLINDRICAL_SURFACE('',#2825,6.3);
#380=CYLINDRICAL_SURFACE('',#2841,10.);
#381=CYLINDRICAL_SURFACE('',#2849,10.);
#382=CYLINDRICAL_SURFACE('',#2854,6.911);
#383=CYLINDRICAL_SURFACE('',#2859,4.75);
#384=CYLINDRICAL_SURFACE('',#2866,4.75);
#385=CYLINDRICAL_SURFACE('',#2871,1.0877);
#386=CYLINDRICAL_SURFACE('',#2872,1.0877);
#387=CYLINDRICAL_SURFACE('',#2873,1.0877);
#388=CYLINDRICAL_SURFACE('',#2874,1.0877);
#389=CYLINDRICAL_SURFACE('',#2875,1.0877);
#390=CYLINDRICAL_SURFACE('',#2876,1.0877);
#391=CYLINDRICAL_SURFACE('',#2878,1.0877);
#392=CYLINDRICAL_SURFACE('',#2880,1.0877);
#393=CYLINDRICAL_SURFACE('',#2881,1.0877);
#394=CYLINDRICAL_SURFACE('',#2882,1.3375);
#395=CYLINDRICAL_SURFACE('',#2884,1.3375);
#396=CYLINDRICAL_SURFACE('',#2885,1.3375);
#397=CYLINDRICAL_SURFACE('',#2886,1.3375);
#398=CYLINDRICAL_SURFACE('',#2887,1.3375);
#399=CYLINDRICAL_SURFACE('',#2888,1.3375);
#400=CYLINDRICAL_SURFACE('',#2889,1.3375);
#401=CYLINDRICAL_SURFACE('',#2890,1.3375);
#402=CYLINDRICAL_SURFACE('',#2892,1.3375);
#403=CYLINDRICAL_SURFACE('',#2893,1.3375);
#404=CYLINDRICAL_SURFACE('',#2894,1.3375);
#405=CYLINDRICAL_SURFACE('',#2895,1.3375);
#406=CYLINDRICAL_SURFACE('',#2896,1.3375);
#407=CYLINDRICAL_SURFACE('',#2897,1.3375);
#408=CYLINDRICAL_SURFACE('',#2898,1.3375);
#409=CYLINDRICAL_SURFACE('',#2899,1.3375);
#410=CYLINDRICAL_SURFACE('',#2900,1.3375);
#411=CYLINDRICAL_SURFACE('',#2901,1.3375);
#412=CYLINDRICAL_SURFACE('',#2902,1.0877);
#413=CYLINDRICAL_SURFACE('',#2903,1.0877);
#414=CYLINDRICAL_SURFACE('',#2904,1.0877);
#415=CYLINDRICAL_SURFACE('',#2905,1.0877);
#416=CYLINDRICAL_SURFACE('',#2906,1.0877);
#417=CYLINDRICAL_SURFACE('',#2907,1.0877);
#418=CYLINDRICAL_SURFACE('',#2908,1.0877);
#419=CYLINDRICAL_SURFACE('',#2909,1.0877);
#420=CYLINDRICAL_SURFACE('',#2910,1.);
#421=CYLINDRICAL_SURFACE('',#2912,1.);
#422=CYLINDRICAL_SURFACE('',#2914,1.0877);
#423=CYLINDRICAL_SURFACE('',#2921,1.0877);
#424=CYLINDRICAL_SURFACE('',#2922,1.0877);
#425=CYLINDRICAL_SURFACE('',#2923,1.0877);
#426=CYLINDRICAL_SURFACE('',#2924,1.0877);
#427=CYLINDRICAL_SURFACE('',#2925,1.0877);
#428=CYLINDRICAL_SURFACE('',#2926,1.0877);
#429=CYLINDRICAL_SURFACE('',#2928,1.0877);
#430=CYLINDRICAL_SURFACE('',#2930,1.0877);
#431=CYLINDRICAL_SURFACE('',#2931,1.0877);
#432=CYLINDRICAL_SURFACE('',#2932,1.3375);
#433=CYLINDRICAL_SURFACE('',#2934,1.3375);
#434=CYLINDRICAL_SURFACE('',#2935,1.3375);
#435=CYLINDRICAL_SURFACE('',#2936,1.3375);
#436=CYLINDRICAL_SURFACE('',#2937,1.3375);
#437=CYLINDRICAL_SURFACE('',#2938,1.3375);
#438=CYLINDRICAL_SURFACE('',#2939,1.3375);
#439=CYLINDRICAL_SURFACE('',#2940,1.3375);
#440=CYLINDRICAL_SURFACE('',#2942,1.3375);
#441=CYLINDRICAL_SURFACE('',#2943,1.3375);
#442=CYLINDRICAL_SURFACE('',#2944,1.3375);
#443=CYLINDRICAL_SURFACE('',#2945,1.3375);
#444=CYLINDRICAL_SURFACE('',#2946,1.3375);
#445=CYLINDRICAL_SURFACE('',#2947,1.3375);
#446=CYLINDRICAL_SURFACE('',#2948,1.3375);
#447=CYLINDRICAL_SURFACE('',#2949,1.3375);
#448=CYLINDRICAL_SURFACE('',#2950,1.3375);
#449=CYLINDRICAL_SURFACE('',#2951,1.3375);
#450=CYLINDRICAL_SURFACE('',#2952,1.0877);
#451=CYLINDRICAL_SURFACE('',#2953,1.0877);
#452=CYLINDRICAL_SURFACE('',#2954,1.0877);
#453=CYLINDRICAL_SURFACE('',#2955,1.0877);
#454=CYLINDRICAL_SURFACE('',#2956,1.0877);
#455=CYLINDRICAL_SURFACE('',#2957,1.0877);
#456=CYLINDRICAL_SURFACE('',#2958,1.0877);
#457=CYLINDRICAL_SURFACE('',#2959,1.0877);
#458=CYLINDRICAL_SURFACE('',#2960,1.);
#459=CYLINDRICAL_SURFACE('',#2962,1.);
#460=CYLINDRICAL_SURFACE('',#2964,1.0877);
#461=CIRCLE('',#2818,6.3);
#462=CIRCLE('',#2819,6.3);
#463=CIRCLE('',#2821,6.3);
#464=CIRCLE('',#2823,6.3);
#465=CIRCLE('',#2824,6.3);
#466=CIRCLE('',#2826,6.3);
#467=CIRCLE('',#2828,10.);
#468=CIRCLE('',#2830,10.);
#469=CIRCLE('',#2832,10.);
#470=CIRCLE('',#2834,10.);
#471=CIRCLE('',#2836,10.);
#472=CIRCLE('',#2838,10.);
#473=CIRCLE('',#2840,10.);
#474=CIRCLE('',#2850,10.);
#475=CIRCLE('',#2851,10.);
#476=CIRCLE('',#2855,6.911);
#477=CIRCLE('',#2856,6.911);
#478=CIRCLE('',#2860,4.75);
#479=CIRCLE('',#2861,4.75);
#480=CIRCLE('',#2863,6.5);
#481=CIRCLE('',#2864,10.);
#482=CIRCLE('',#2867,4.75);
#483=CIRCLE('',#2868,4.75);
#484=CIRCLE('',#2877,1.0877);
#485=CIRCLE('',#2879,1.0877);
#486=CIRCLE('',#2883,1.3375);
#487=CIRCLE('',#2891,1.3375);
#488=CIRCLE('',#2911,1.);
#489=CIRCLE('',#2913,1.);
#490=CIRCLE('',#2927,1.0877);
#491=CIRCLE('',#2929,1.0877);
#492=CIRCLE('',#2933,1.3375);
#493=CIRCLE('',#2941,1.3375);
#494=CIRCLE('',#2961,1.);
#495=CIRCLE('',#2963,1.);
#496=FACE_OUTER_BOUND('',#656,.T.);
#497=FACE_OUTER_BOUND('',#657,.T.);
#498=FACE_OUTER_BOUND('',#658,.T.);
#499=FACE_OUTER_BOUND('',#659,.T.);
#500=FACE_OUTER_BOUND('',#660,.T.);
#501=FACE_OUTER_BOUND('',#661,.T.);
#502=FACE_OUTER_BOUND('',#662,.T.);
#503=FACE_OUTER_BOUND('',#663,.T.);
#504=FACE_OUTER_BOUND('',#664,.T.);
#505=FACE_OUTER_BOUND('',#665,.T.);
#506=FACE_OUTER_BOUND('',#666,.T.);
#507=FACE_OUTER_BOUND('',#667,.T.);
#508=FACE_OUTER_BOUND('',#668,.T.);
#509=FACE_OUTER_BOUND('',#669,.T.);
#510=FACE_OUTER_BOUND('',#670,.T.);
#511=FACE_OUTER_BOUND('',#671,.T.);
#512=FACE_OUTER_BOUND('',#672,.T.);
#513=FACE_OUTER_BOUND('',#673,.T.);
#514=FACE_OUTER_BOUND('',#674,.T.);
#515=FACE_OUTER_BOUND('',#675,.T.);
#516=FACE_OUTER_BOUND('',#676,.T.);
#517=FACE_OUTER_BOUND('',#678,.T.);
#518=FACE_OUTER_BOUND('',#679,.T.);
#519=FACE_OUTER_BOUND('',#680,.T.);
#520=FACE_OUTER_BOUND('',#681,.T.);
#521=FACE_OUTER_BOUND('',#682,.T.);
#522=FACE_OUTER_BOUND('',#683,.T.);
#523=FACE_OUTER_BOUND('',#684,.T.);
#524=FACE_OUTER_BOUND('',#685,.T.);
#525=FACE_OUTER_BOUND('',#686,.T.);
#526=FACE_OUTER_BOUND('',#687,.T.);
#527=FACE_OUTER_BOUND('',#688,.T.);
#528=FACE_OUTER_BOUND('',#689,.T.);
#529=FACE_OUTER_BOUND('',#690,.T.);
#530=FACE_OUTER_BOUND('',#691,.T.);
#531=FACE_OUTER_BOUND('',#692,.T.);
#532=FACE_OUTER_BOUND('',#693,.T.);
#533=FACE_OUTER_BOUND('',#694,.T.);
#534=FACE_OUTER_BOUND('',#695,.T.);
#535=FACE_OUTER_BOUND('',#696,.T.);
#536=FACE_OUTER_BOUND('',#697,.T.);
#537=FACE_OUTER_BOUND('',#698,.T.);
#538=FACE_OUTER_BOUND('',#699,.T.);
#539=FACE_OUTER_BOUND('',#700,.T.);
#540=FACE_OUTER_BOUND('',#701,.T.);
#541=FACE_OUTER_BOUND('',#702,.T.);
#542=FACE_OUTER_BOUND('',#703,.T.);
#543=FACE_OUTER_BOUND('',#704,.T.);
#544=FACE_OUTER_BOUND('',#705,.T.);
#545=FACE_OUTER_BOUND('',#706,.T.);
#546=FACE_OUTER_BOUND('',#707,.T.);
#547=FACE_OUTER_BOUND('',#708,.T.);
#548=FACE_OUTER_BOUND('',#709,.T.);
#549=FACE_OUTER_BOUND('',#710,.T.);
#550=FACE_OUTER_BOUND('',#711,.T.);
#551=FACE_OUTER_BOUND('',#712,.T.);
#552=FACE_OUTER_BOUND('',#713,.T.);
#553=FACE_OUTER_BOUND('',#714,.T.);
#554=FACE_OUTER_BOUND('',#715,.T.);
#555=FACE_OUTER_BOUND('',#716,.T.);
#556=FACE_OUTER_BOUND('',#717,.T.);
#557=FACE_OUTER_BOUND('',#718,.T.);
#558=FACE_OUTER_BOUND('',#719,.T.);
#559=FACE_OUTER_BOUND('',#720,.T.);
#560=FACE_OUTER_BOUND('',#721,.T.);
#561=FACE_OUTER_BOUND('',#722,.T.);
#562=FACE_OUTER_BOUND('',#723,.T.);
#563=FACE_OUTER_BOUND('',#724,.T.);
#564=FACE_OUTER_BOUND('',#725,.T.);
#565=FACE_OUTER_BOUND('',#726,.T.);
#566=FACE_OUTER_BOUND('',#727,.T.);
#567=FACE_OUTER_BOUND('',#728,.T.);
#568=FACE_OUTER_BOUND('',#729,.T.);
#569=FACE_OUTER_BOUND('',#730,.T.);
#570=FACE_OUTER_BOUND('',#731,.T.);
#571=FACE_OUTER_BOUND('',#732,.T.);
#572=FACE_OUTER_BOUND('',#733,.T.);
#573=FACE_OUTER_BOUND('',#734,.T.);
#574=FACE_OUTER_BOUND('',#735,.T.);
#575=FACE_OUTER_BOUND('',#736,.T.);
#576=FACE_OUTER_BOUND('',#737,.T.);
#577=FACE_OUTER_BOUND('',#738,.T.);
#578=FACE_OUTER_BOUND('',#739,.T.);
#579=FACE_OUTER_BOUND('',#740,.T.);
#580=FACE_OUTER_BOUND('',#741,.T.);
#581=FACE_OUTER_BOUND('',#742,.T.);
#582=FACE_OUTER_BOUND('',#743,.T.);
#583=FACE_OUTER_BOUND('',#744,.T.);
#584=FACE_OUTER_BOUND('',#745,.T.);
#585=FACE_OUTER_BOUND('',#746,.T.);
#586=FACE_OUTER_BOUND('',#747,.T.);
#587=FACE_OUTER_BOUND('',#748,.T.);
#588=FACE_OUTER_BOUND('',#749,.T.);
#589=FACE_OUTER_BOUND('',#751,.T.);
#590=FACE_OUTER_BOUND('',#752,.T.);
#591=FACE_OUTER_BOUND('',#754,.T.);
#592=FACE_OUTER_BOUND('',#756,.T.);
#593=FACE_OUTER_BOUND('',#758,.T.);
#594=FACE_OUTER_BOUND('',#759,.T.);
#595=FACE_OUTER_BOUND('',#760,.T.);
#596=FACE_OUTER_BOUND('',#761,.T.);
#597=FACE_OUTER_BOUND('',#762,.T.);
#598=FACE_OUTER_BOUND('',#763,.T.);
#599=FACE_OUTER_BOUND('',#764,.T.);
#600=FACE_OUTER_BOUND('',#765,.T.);
#601=FACE_OUTER_BOUND('',#766,.T.);
#602=FACE_OUTER_BOUND('',#767,.T.);
#603=FACE_OUTER_BOUND('',#768,.T.);
#604=FACE_OUTER_BOUND('',#769,.T.);
#605=FACE_OUTER_BOUND('',#770,.T.);
#606=FACE_OUTER_BOUND('',#771,.T.);
#607=FACE_OUTER_BOUND('',#772,.T.);
#608=FACE_OUTER_BOUND('',#773,.T.);
#609=FACE_OUTER_BOUND('',#774,.T.);
#610=FACE_OUTER_BOUND('',#775,.T.);
#611=FACE_OUTER_BOUND('',#776,.T.);
#612=FACE_OUTER_BOUND('',#777,.T.);
#613=FACE_OUTER_BOUND('',#778,.T.);
#614=FACE_OUTER_BOUND('',#779,.T.);
#615=FACE_OUTER_BOUND('',#780,.T.);
#616=FACE_OUTER_BOUND('',#781,.T.);
#617=FACE_OUTER_BOUND('',#782,.T.);
#618=FACE_OUTER_BOUND('',#783,.T.);
#619=FACE_OUTER_BOUND('',#784,.T.);
#620=FACE_OUTER_BOUND('',#785,.T.);
#621=FACE_OUTER_BOUND('',#786,.T.);
#622=FACE_OUTER_BOUND('',#787,.T.);
#623=FACE_OUTER_BOUND('',#788,.T.);
#624=FACE_OUTER_BOUND('',#789,.T.);
#625=FACE_OUTER_BOUND('',#790,.T.);
#626=FACE_OUTER_BOUND('',#791,.T.);
#627=FACE_OUTER_BOUND('',#792,.T.);
#628=FACE_OUTER_BOUND('',#793,.T.);
#629=FACE_OUTER_BOUND('',#794,.T.);
#630=FACE_OUTER_BOUND('',#795,.T.);
#631=FACE_OUTER_BOUND('',#796,.T.);
#632=FACE_OUTER_BOUND('',#797,.T.);
#633=FACE_OUTER_BOUND('',#798,.T.);
#634=FACE_OUTER_BOUND('',#799,.T.);
#635=FACE_OUTER_BOUND('',#800,.T.);
#636=FACE_OUTER_BOUND('',#801,.T.);
#637=FACE_OUTER_BOUND('',#802,.T.);
#638=FACE_OUTER_BOUND('',#803,.T.);
#639=FACE_OUTER_BOUND('',#804,.T.);
#640=FACE_OUTER_BOUND('',#805,.T.);
#641=FACE_OUTER_BOUND('',#806,.T.);
#642=FACE_OUTER_BOUND('',#807,.T.);
#643=FACE_OUTER_BOUND('',#808,.T.);
#644=FACE_OUTER_BOUND('',#809,.T.);
#645=FACE_OUTER_BOUND('',#810,.T.);
#646=FACE_OUTER_BOUND('',#811,.T.);
#647=FACE_OUTER_BOUND('',#812,.T.);
#648=FACE_OUTER_BOUND('',#813,.T.);
#649=FACE_OUTER_BOUND('',#814,.T.);
#650=FACE_OUTER_BOUND('',#815,.T.);
#651=FACE_OUTER_BOUND('',#817,.T.);
#652=FACE_OUTER_BOUND('',#818,.T.);
#653=FACE_OUTER_BOUND('',#820,.T.);
#654=FACE_OUTER_BOUND('',#821,.T.);
#655=FACE_OUTER_BOUND('',#823,.T.);
#656=EDGE_LOOP('',(#1730,#1731,#1732,#1733));
#657=EDGE_LOOP('',(#1734,#1735,#1736,#1737));
#658=EDGE_LOOP('',(#1738,#1739,#1740,#1741));
#659=EDGE_LOOP('',(#1742,#1743));
#660=EDGE_LOOP('',(#1744,#1745,#1746));
#661=EDGE_LOOP('',(#1747,#1748,#1749,#1750,#1751,#1752,#1753,#1754,#1755,
#1756,#1757,#1758));
#662=EDGE_LOOP('',(#1759,#1760));
#663=EDGE_LOOP('',(#1761,#1762));
#664=EDGE_LOOP('',(#1763,#1764));
#665=EDGE_LOOP('',(#1765,#1766));
#666=EDGE_LOOP('',(#1767,#1768));
#667=EDGE_LOOP('',(#1769,#1770));
#668=EDGE_LOOP('',(#1771));
#669=EDGE_LOOP('',(#1772,#1773,#1774,#1775,#1776,#1777,#1778,#1779,#1780));
#670=EDGE_LOOP('',(#1781,#1782,#1783,#1784));
#671=EDGE_LOOP('',(#1785,#1786,#1787,#1788));
#672=EDGE_LOOP('',(#1789,#1790,#1791,#1792));
#673=EDGE_LOOP('',(#1793,#1794,#1795,#1796));
#674=EDGE_LOOP('',(#1797,#1798,#1799,#1800));
#675=EDGE_LOOP('',(#1801,#1802,#1803,#1804));
#676=EDGE_LOOP('',(#1805,#1806,#1807,#1808,#1809,#1810));
#677=EDGE_LOOP('',(#1811));
#678=EDGE_LOOP('',(#1812,#1813,#1814,#1815));
#679=EDGE_LOOP('',(#1816));
#680=EDGE_LOOP('',(#1817));
#681=EDGE_LOOP('',(#1818,#1819,#1820,#1821));
#682=EDGE_LOOP('',(#1822));
#683=EDGE_LOOP('',(#1823));
#684=EDGE_LOOP('',(#1824,#1825,#1826,#1827));
#685=EDGE_LOOP('',(#1828));
#686=EDGE_LOOP('',(#1829,#1830,#1831,#1832));
#687=EDGE_LOOP('',(#1833));
#688=EDGE_LOOP('',(#1834,#1835,#1836,#1837));
#689=EDGE_LOOP('',(#1838));
#690=EDGE_LOOP('',(#1839));
#691=EDGE_LOOP('',(#1840,#1841,#1842,#1843));
#692=EDGE_LOOP('',(#1844,#1845,#1846,#1847,#1848,#1849));
#693=EDGE_LOOP('',(#1850,#1851,#1852,#1853));
#694=EDGE_LOOP('',(#1854,#1855,#1856,#1857));
#695=EDGE_LOOP('',(#1858,#1859,#1860,#1861));
#696=EDGE_LOOP('',(#1862,#1863,#1864,#1865));
#697=EDGE_LOOP('',(#1866,#1867,#1868,#1869));
#698=EDGE_LOOP('',(#1870,#1871,#1872,#1873));
#699=EDGE_LOOP('',(#1874,#1875,#1876,#1877));
#700=EDGE_LOOP('',(#1878,#1879,#1880,#1881));
#701=EDGE_LOOP('',(#1882,#1883,#1884,#1885));
#702=EDGE_LOOP('',(#1886,#1887,#1888,#1889));
#703=EDGE_LOOP('',(#1890,#1891,#1892,#1893));
#704=EDGE_LOOP('',(#1894,#1895,#1896,#1897));
#705=EDGE_LOOP('',(#1898,#1899,#1900,#1901));
#706=EDGE_LOOP('',(#1902,#1903,#1904,#1905));
#707=EDGE_LOOP('',(#1906,#1907,#1908,#1909));
#708=EDGE_LOOP('',(#1910,#1911,#1912,#1913));
#709=EDGE_LOOP('',(#1914,#1915,#1916,#1917));
#710=EDGE_LOOP('',(#1918,#1919,#1920,#1921));
#711=EDGE_LOOP('',(#1922,#1923,#1924,#1925));
#712=EDGE_LOOP('',(#1926,#1927,#1928,#1929));
#713=EDGE_LOOP('',(#1930,#1931,#1932,#1933));
#714=EDGE_LOOP('',(#1934,#1935,#1936,#1937));
#715=EDGE_LOOP('',(#1938,#1939,#1940,#1941));
#716=EDGE_LOOP('',(#1942,#1943,#1944,#1945));
#717=EDGE_LOOP('',(#1946,#1947,#1948,#1949));
#718=EDGE_LOOP('',(#1950,#1951,#1952,#1953,#1954,#1955,#1956,#1957,#1958,
#1959));
#719=EDGE_LOOP('',(#1960,#1961,#1962,#1963,#1964,#1965,#1966,#1967,#1968,
#1969,#1970,#1971,#1972,#1973));
#720=EDGE_LOOP('',(#1974,#1975,#1976,#1977));
#721=EDGE_LOOP('',(#1978,#1979,#1980,#1981));
#722=EDGE_LOOP('',(#1982,#1983,#1984,#1985));
#723=EDGE_LOOP('',(#1986,#1987,#1988,#1989,#1990));
#724=EDGE_LOOP('',(#1991,#1992,#1993,#1994));
#725=EDGE_LOOP('',(#1995,#1996,#1997,#1998));
#726=EDGE_LOOP('',(#1999,#2000,#2001,#2002,#2003));
#727=EDGE_LOOP('',(#2004,#2005,#2006,#2007));
#728=EDGE_LOOP('',(#2008,#2009,#2010,#2011,#2012,#2013,#2014,#2015,#2016,
#2017,#2018,#2019,#2020,#2021,#2022,#2023,#2024));
#729=EDGE_LOOP('',(#2025,#2026,#2027,#2028));
#730=EDGE_LOOP('',(#2029,#2030,#2031,#2032));
#731=EDGE_LOOP('',(#2033,#2034,#2035,#2036));
#732=EDGE_LOOP('',(#2037,#2038,#2039,#2040,#2041,#2042,#2043,#2044,#2045,
#2046,#2047));
#733=EDGE_LOOP('',(#2048,#2049,#2050,#2051));
#734=EDGE_LOOP('',(#2052,#2053,#2054,#2055));
#735=EDGE_LOOP('',(#2056,#2057,#2058,#2059,#2060));
#736=EDGE_LOOP('',(#2061,#2062,#2063,#2064));
#737=EDGE_LOOP('',(#2065,#2066,#2067,#2068));
#738=EDGE_LOOP('',(#2069,#2070,#2071,#2072));
#739=EDGE_LOOP('',(#2073,#2074,#2075,#2076,#2077,#2078));
#740=EDGE_LOOP('',(#2079,#2080,#2081,#2082));
#741=EDGE_LOOP('',(#2083,#2084,#2085,#2086));
#742=EDGE_LOOP('',(#2087,#2088,#2089,#2090));
#743=EDGE_LOOP('',(#2091,#2092,#2093,#2094,#2095));
#744=EDGE_LOOP('',(#2096,#2097,#2098,#2099));
#745=EDGE_LOOP('',(#2100,#2101,#2102,#2103,#2104,#2105,#2106,#2107,#2108,
#2109,#2110,#2111,#2112,#2113,#2114,#2115,#2116,#2117,#2118,#2119,#2120,
#2121,#2122,#2123,#2124,#2125,#2126,#2127,#2128,#2129,#2130,#2131,#2132,
#2133,#2134,#2135,#2136,#2137));
#746=EDGE_LOOP('',(#2138,#2139,#2140,#2141,#2142,#2143,#2144,#2145,#2146,
#2147,#2148,#2149,#2150,#2151,#2152,#2153,#2154,#2155,#2156,#2157,#2158,
#2159,#2160,#2161,#2162,#2163,#2164,#2165,#2166,#2167,#2168,#2169,#2170,
#2171,#2172,#2173,#2174,#2175,#2176,#2177,#2178,#2179));
#747=EDGE_LOOP('',(#2180,#2181,#2182,#2183));
#748=EDGE_LOOP('',(#2184,#2185,#2186,#2187));
#749=EDGE_LOOP('',(#2188,#2189,#2190,#2191));
#750=EDGE_LOOP('',(#2192));
#751=EDGE_LOOP('',(#2193,#2194,#2195,#2196));
#752=EDGE_LOOP('',(#2197,#2198,#2199,#2200));
#753=EDGE_LOOP('',(#2201));
#754=EDGE_LOOP('',(#2202,#2203,#2204,#2205));
#755=EDGE_LOOP('',(#2206,#2207,#2208,#2209));
#756=EDGE_LOOP('',(#2210,#2211,#2212,#2213));
#757=EDGE_LOOP('',(#2214,#2215,#2216,#2217));
#758=EDGE_LOOP('',(#2218,#2219,#2220,#2221));
#759=EDGE_LOOP('',(#2222,#2223,#2224,#2225,#2226,#2227));
#760=EDGE_LOOP('',(#2228,#2229,#2230,#2231));
#761=EDGE_LOOP('',(#2232,#2233,#2234,#2235));
#762=EDGE_LOOP('',(#2236,#2237,#2238,#2239));
#763=EDGE_LOOP('',(#2240,#2241,#2242,#2243));
#764=EDGE_LOOP('',(#2244,#2245,#2246,#2247));
#765=EDGE_LOOP('',(#2248,#2249,#2250,#2251));
#766=EDGE_LOOP('',(#2252,#2253,#2254,#2255));
#767=EDGE_LOOP('',(#2256,#2257,#2258,#2259));
#768=EDGE_LOOP('',(#2260,#2261,#2262,#2263));
#769=EDGE_LOOP('',(#2264,#2265,#2266,#2267));
#770=EDGE_LOOP('',(#2268,#2269,#2270,#2271));
#771=EDGE_LOOP('',(#2272,#2273,#2274,#2275));
#772=EDGE_LOOP('',(#2276,#2277,#2278,#2279));
#773=EDGE_LOOP('',(#2280,#2281,#2282,#2283));
#774=EDGE_LOOP('',(#2284,#2285,#2286,#2287));
#775=EDGE_LOOP('',(#2288,#2289,#2290,#2291));
#776=EDGE_LOOP('',(#2292,#2293,#2294,#2295));
#777=EDGE_LOOP('',(#2296,#2297,#2298,#2299));
#778=EDGE_LOOP('',(#2300,#2301,#2302,#2303));
#779=EDGE_LOOP('',(#2304,#2305,#2306,#2307));
#780=EDGE_LOOP('',(#2308,#2309,#2310,#2311));
#781=EDGE_LOOP('',(#2312,#2313,#2314,#2315));
#782=EDGE_LOOP('',(#2316,#2317,#2318,#2319));
#783=EDGE_LOOP('',(#2320,#2321,#2322,#2323));
#784=EDGE_LOOP('',(#2324,#2325,#2326,#2327));
#785=EDGE_LOOP('',(#2328,#2329,#2330,#2331,#2332,#2333,#2334,#2335,#2336,
#2337));
#786=EDGE_LOOP('',(#2338,#2339,#2340,#2341,#2342,#2343,#2344,#2345,#2346,
#2347,#2348,#2349,#2350,#2351));
#787=EDGE_LOOP('',(#2352,#2353,#2354,#2355));
#788=EDGE_LOOP('',(#2356,#2357,#2358,#2359));
#789=EDGE_LOOP('',(#2360,#2361,#2362,#2363));
#790=EDGE_LOOP('',(#2364,#2365,#2366,#2367,#2368));
#791=EDGE_LOOP('',(#2369,#2370,#2371,#2372));
#792=EDGE_LOOP('',(#2373,#2374,#2375,#2376));
#793=EDGE_LOOP('',(#2377,#2378,#2379,#2380,#2381));
#794=EDGE_LOOP('',(#2382,#2383,#2384,#2385));
#795=EDGE_LOOP('',(#2386,#2387,#2388,#2389,#2390,#2391,#2392,#2393,#2394,
#2395,#2396,#2397,#2398,#2399,#2400,#2401,#2402));
#796=EDGE_LOOP('',(#2403,#2404,#2405,#2406));
#797=EDGE_LOOP('',(#2407,#2408,#2409,#2410));
#798=EDGE_LOOP('',(#2411,#2412,#2413,#2414));
#799=EDGE_LOOP('',(#2415,#2416,#2417,#2418,#2419,#2420,#2421,#2422,#2423,
#2424,#2425));
#800=EDGE_LOOP('',(#2426,#2427,#2428,#2429));
#801=EDGE_LOOP('',(#2430,#2431,#2432,#2433));
#802=EDGE_LOOP('',(#2434,#2435,#2436,#2437,#2438));
#803=EDGE_LOOP('',(#2439,#2440,#2441,#2442));
#804=EDGE_LOOP('',(#2443,#2444,#2445,#2446));
#805=EDGE_LOOP('',(#2447,#2448,#2449,#2450));
#806=EDGE_LOOP('',(#2451,#2452,#2453,#2454,#2455,#2456));
#807=EDGE_LOOP('',(#2457,#2458,#2459,#2460));
#808=EDGE_LOOP('',(#2461,#2462,#2463,#2464));
#809=EDGE_LOOP('',(#2465,#2466,#2467,#2468));
#810=EDGE_LOOP('',(#2469,#2470,#2471,#2472,#2473));
#811=EDGE_LOOP('',(#2474,#2475,#2476,#2477));
#812=EDGE_LOOP('',(#2478,#2479,#2480,#2481,#2482,#2483,#2484,#2485,#2486,
#2487,#2488,#2489,#2490,#2491,#2492,#2493,#2494,#2495,#2496,#2497,#2498,
#2499,#2500,#2501,#2502,#2503,#2504,#2505,#2506,#2507,#2508,#2509,#2510,
#2511,#2512,#2513,#2514,#2515));
#813=EDGE_LOOP('',(#2516,#2517,#2518,#2519,#2520,#2521,#2522,#2523,#2524,
#2525,#2526,#2527,#2528,#2529,#2530,#2531,#2532,#2533,#2534,#2535,#2536,
#2537,#2538,#2539,#2540,#2541,#2542,#2543,#2544,#2545,#2546,#2547,#2548,
#2549,#2550,#2551,#2552,#2553,#2554,#2555,#2556,#2557));
#814=EDGE_LOOP('',(#2558,#2559,#2560,#2561));
#815=EDGE_LOOP('',(#2562,#2563,#2564,#2565));
#816=EDGE_LOOP('',(#2566));
#817=EDGE_LOOP('',(#2567,#2568,#2569,#2570));
#818=EDGE_LOOP('',(#2571,#2572,#2573,#2574));
#819=EDGE_LOOP('',(#2575));
#820=EDGE_LOOP('',(#2576,#2577,#2578,#2579));
#821=EDGE_LOOP('',(#2580,#2581,#2582,#2583));
#822=EDGE_LOOP('',(#2584,#2585,#2586,#2587));
#823=EDGE_LOOP('',(#2588,#2589,#2590,#2591));
#824=EDGE_LOOP('',(#2592,#2593,#2594,#2595));
#825=LINE('',#3383,#919);
#826=LINE('',#3385,#920);
#827=LINE('',#3387,#921);
#828=LINE('',#3388,#922);
#829=LINE('',#3392,#923);
#830=LINE('',#3394,#924);
#831=LINE('',#3396,#925);
#832=LINE('',#3397,#926);
#833=LINE('',#3409,#927);
#834=LINE('',#3414,#928);
#835=LINE('',#3418,#929);
#836=LINE('',#3422,#930);
#837=LINE('',#3426,#931);
#838=LINE('',#3430,#932);
#839=LINE('',#3433,#933);
#840=LINE('',#3439,#934);
#841=LINE('',#3443,#935);
#842=LINE('',#3444,#936);
#843=LINE('',#3445,#937);
#844=LINE('',#3448,#938);
#845=LINE('',#3449,#939);
#846=LINE('',#3452,#940);
#847=LINE('',#3453,#941);
#848=LINE('',#3456,#942);
#849=LINE('',#3457,#943);
#850=LINE('',#3460,#944);
#851=LINE('',#3461,#945);
#852=LINE('',#3463,#946);
#853=LINE('',#3469,#947);
#854=LINE('',#3477,#948);
#855=LINE('',#3485,#949);
#856=LINE('',#3523,#950);
#857=LINE('',#3530,#951);
#858=LINE('',#3554,#952);
#859=LINE('',#3613,#953);
#860=LINE('',#3667,#954);
#861=LINE('',#3715,#955);
#862=LINE('',#3766,#956);
#863=LINE('',#3787,#957);
#864=LINE('',#3826,#958);
#865=LINE('',#3880,#959);
#866=LINE('',#3904,#960);
#867=LINE('',#3928,#961);
#868=LINE('',#3952,#962);
#869=LINE('',#3977,#963);
#870=LINE('',#4002,#964);
#871=LINE('',#4028,#965);
#872=LINE('',#4049,#966);
#873=LINE('',#4074,#967);
#874=LINE('',#6337,#968);
#875=LINE('',#6350,#969);
#876=LINE('',#6356,#970);
#877=LINE('',#6358,#971);
#878=LINE('',#6360,#972);
#879=LINE('',#6361,#973);
#880=LINE('',#6364,#974);
#881=LINE('',#6366,#975);
#882=LINE('',#6367,#976);
#883=LINE('',#6370,#977);
#884=LINE('',#6372,#978);
#885=LINE('',#6373,#979);
#886=LINE('',#6375,#980);
#887=LINE('',#6376,#981);
#888=LINE('',#6382,#982);
#889=LINE('',#6406,#983);
#890=LINE('',#6465,#984);
#891=LINE('',#6519,#985);
#892=LINE('',#6567,#986);
#893=LINE('',#6618,#987);
#894=LINE('',#6639,#988);
#895=LINE('',#6678,#989);
#896=LINE('',#6732,#990);
#897=LINE('',#6756,#991);
#898=LINE('',#6780,#992);
#899=LINE('',#6804,#993);
#900=LINE('',#6829,#994);
#901=LINE('',#6854,#995);
#902=LINE('',#6880,#996);
#903=LINE('',#6901,#997);
#904=LINE('',#6926,#998);
#905=LINE('',#9189,#999);
#906=LINE('',#9202,#1000);
#907=LINE('',#9208,#1001);
#908=LINE('',#9210,#1002);
#909=LINE('',#9212,#1003);
#910=LINE('',#9213,#1004);
#911=LINE('',#9216,#1005);
#912=LINE('',#9218,#1006);
#913=LINE('',#9219,#1007);
#914=LINE('',#9222,#1008);
#915=LINE('',#9224,#1009);
#916=LINE('',#9225,#1010);
#917=LINE('',#9227,#1011);
#918=LINE('',#9228,#1012);
#919=VECTOR('',#2975,10.);
#920=VECTOR('',#2976,10.);
#921=VECTOR('',#2977,10.);
#922=VECTOR('',#2978,10.);
#923=VECTOR('',#2981,10.);
#924=VECTOR('',#2982,10.);
#925=VECTOR('',#2983,10.);
#926=VECTOR('',#2984,10.);
#927=VECTOR('',#3003,6.3);
#928=VECTOR('',#3008,10.);
#929=VECTOR('',#3013,10.);
#930=VECTOR('',#3018,10.);
#931=VECTOR('',#3023,10.);
#932=VECTOR('',#3028,10.);
#933=VECTOR('',#3033,10.);
#934=VECTOR('',#3042,10.);
#935=VECTOR('',#3045,10.);
#936=VECTOR('',#3046,10.);
#937=VECTOR('',#3047,10.);
#938=VECTOR('',#3050,10.);
#939=VECTOR('',#3051,10.);
#940=VECTOR('',#3054,10.);
#941=VECTOR('',#3055,10.);
#942=VECTOR('',#3058,10.);
#943=VECTOR('',#3059,10.);
#944=VECTOR('',#3062,10.);
#945=VECTOR('',#3063,10.);
#946=VECTOR('',#3066,10.);
#947=VECTOR('',#3073,10.);
#948=VECTOR('',#3084,7.);
#949=VECTOR('',#3095,4.75);
#950=VECTOR('',#3110,4.75);
#951=VECTOR('',#3119,1.4);
#952=VECTOR('',#3122,1.4);
#953=VECTOR('',#3125,1.4);
#954=VECTOR('',#3128,1.4);
#955=VECTOR('',#3131,1.4);
#956=VECTOR('',#3134,1.4);
#957=VECTOR('',#3139,1.4);
#958=VECTOR('',#3144,1.4);
#959=VECTOR('',#3147,1.4);
#960=VECTOR('',#3150,1.3375);
#961=VECTOR('',#3155,1.3375);
#962=VECTOR('',#3158,1.3375);
#963=VECTOR('',#3161,1.3375);
#964=VECTOR('',#3164,1.3375);
#965=VECTOR('',#3167,1.3375);
#966=VECTOR('',#3170,1.3375);
#967=VECTOR('',#3173,1.3375);
#968=VECTOR('',#3216,1.);
#969=VECTOR('',#3219,1.);
#970=VECTOR('',#3226,10.);
#971=VECTOR('',#3227,10.);
#972=VECTOR('',#3228,10.);
#973=VECTOR('',#3229,10.);
#974=VECTOR('',#3232,10.);
#975=VECTOR('',#3233,10.);
#976=VECTOR('',#3234,10.);
#977=VECTOR('',#3237,10.);
#978=VECTOR('',#3238,10.);
#979=VECTOR('',#3239,10.);
#980=VECTOR('',#3242,10.);
#981=VECTOR('',#3243,10.);
#982=VECTOR('',#3250,1.4);
#983=VECTOR('',#3253,1.4);
#984=VECTOR('',#3256,1.4);
#985=VECTOR('',#3259,1.4);
#986=VECTOR('',#3262,1.4);
#987=VECTOR('',#3265,1.4);
#988=VECTOR('',#3270,1.4);
#989=VECTOR('',#3275,1.4);
#990=VECTOR('',#3278,1.4);
#991=VECTOR('',#3281,1.3375);
#992=VECTOR('',#3286,1.3375);
#993=VECTOR('',#3289,1.3375);
#994=VECTOR('',#3292,1.3375);
#995=VECTOR('',#3295,1.3375);
#996=VECTOR('',#3298,1.3375);
#997=VECTOR('',#3301,1.3375);
#998=VECTOR('',#3304,1.3375);
#999=VECTOR('',#3347,1.);
#1000=VECTOR('',#3350,1.);
#1001=VECTOR('',#3357,10.);
#1002=VECTOR('',#3358,10.);
#1003=VECTOR('',#3359,10.);
#1004=VECTOR('',#3360,10.);
#1005=VECTOR('',#3363,10.);
#1006=VECTOR('',#3364,10.);
#1007=VECTOR('',#3365,10.);
#1008=VECTOR('',#3368,10.);
#1009=VECTOR('',#3369,10.);
#1010=VECTOR('',#3370,10.);
#1011=VECTOR('',#3373,10.);
#1012=VECTOR('',#3374,10.);
#1013=VERTEX_POINT('',#3381);
#1014=VERTEX_POINT('',#3382);
#1015=VERTEX_POINT('',#3384);
#1016=VERTEX_POINT('',#3386);
#1017=VERTEX_POINT('',#3390);
#1018=VERTEX_POINT('',#3391);
#1019=VERTEX_POINT('',#3393);
#1020=VERTEX_POINT('',#3395);
#1021=VERTEX_POINT('',#3404);
#1022=VERTEX_POINT('',#3408);
#1023=VERTEX_POINT('',#3412);
#1024=VERTEX_POINT('',#3413);
#1025=VERTEX_POINT('',#3417);
#1026=VERTEX_POINT('',#3421);
#1027=VERTEX_POINT('',#3425);
#1028=VERTEX_POINT('',#3429);
#1029=VERTEX_POINT('',#3436);
#1030=VERTEX_POINT('',#3441);
#1031=VERTEX_POINT('',#3442);
#1032=VERTEX_POINT('',#3447);
#1033=VERTEX_POINT('',#3451);
#1034=VERTEX_POINT('',#3455);
#1035=VERTEX_POINT('',#3459);
#1036=VERTEX_POINT('',#3466);
#1037=VERTEX_POINT('',#3468);
#1038=VERTEX_POINT('',#3474);
#1039=VERTEX_POINT('',#3476);
#1040=VERTEX_POINT('',#3482);
#1041=VERTEX_POINT('',#3484);
#1042=VERTEX_POINT('',#3515);
#1043=VERTEX_POINT('',#3520);
#1044=VERTEX_POINT('',#3522);
#1045=VERTEX_POINT('',#3528);
#1046=VERTEX_POINT('',#3529);
#1047=VERTEX_POINT('',#3531);
#1048=VERTEX_POINT('',#3539);
#1049=VERTEX_POINT('',#3552);
#1050=VERTEX_POINT('',#3553);
#1051=VERTEX_POINT('',#3555);
#1052=VERTEX_POINT('',#3572);
#1053=VERTEX_POINT('',#3611);
#1054=VERTEX_POINT('',#3612);
#1055=VERTEX_POINT('',#3665);
#1056=VERTEX_POINT('',#3666);
#1057=VERTEX_POINT('',#3713);
#1058=VERTEX_POINT('',#3714);
#1059=VERTEX_POINT('',#3764);
#1060=VERTEX_POINT('',#3765);
#1061=VERTEX_POINT('',#3767);
#1062=VERTEX_POINT('',#3772);
#1063=VERTEX_POINT('',#3785);
#1064=VERTEX_POINT('',#3786);
#1065=VERTEX_POINT('',#3788);
#1066=VERTEX_POINT('',#3802);
#1067=VERTEX_POINT('',#3824);
#1068=VERTEX_POINT('',#3825);
#1069=VERTEX_POINT('',#3878);
#1070=VERTEX_POINT('',#3879);
#1071=VERTEX_POINT('',#3881);
#1072=VERTEX_POINT('',#3889);
#1073=VERTEX_POINT('',#3902);
#1074=VERTEX_POINT('',#3903);
#1075=VERTEX_POINT('',#3905);
#1076=VERTEX_POINT('',#3914);
#1077=VERTEX_POINT('',#3926);
#1078=VERTEX_POINT('',#3927);
#1079=VERTEX_POINT('',#3950);
#1080=VERTEX_POINT('',#3951);
#1081=VERTEX_POINT('',#3975);
#1082=VERTEX_POINT('',#3976);
#1083=VERTEX_POINT('',#4000);
#1084=VERTEX_POINT('',#4001);
#1085=VERTEX_POINT('',#4003);
#1086=VERTEX_POINT('',#4012);
#1087=VERTEX_POINT('',#4026);
#1088=VERTEX_POINT('',#4027);
#1089=VERTEX_POINT('',#4029);
#1090=VERTEX_POINT('',#4035);
#1091=VERTEX_POINT('',#4047);
#1092=VERTEX_POINT('',#4048);
#1093=VERTEX_POINT('',#4072);
#1094=VERTEX_POINT('',#4073);
#1095=VERTEX_POINT('',#4075);
#1096=VERTEX_POINT('',#4081);
#1097=VERTEX_POINT('',#4133);
#1098=VERTEX_POINT('',#4134);
#1099=VERTEX_POINT('',#4139);
#1100=VERTEX_POINT('',#4145);
#1101=VERTEX_POINT('',#4156);
#1102=VERTEX_POINT('',#4157);
#1103=VERTEX_POINT('',#4162);
#1104=VERTEX_POINT('',#4169);
#1105=VERTEX_POINT('',#4181);
#1106=VERTEX_POINT('',#4182);
#1107=VERTEX_POINT('',#4190);
#1108=VERTEX_POINT('',#4196);
#1109=VERTEX_POINT('',#4207);
#1110=VERTEX_POINT('',#4208);
#1111=VERTEX_POINT('',#4215);
#1112=VERTEX_POINT('',#4221);
#1113=VERTEX_POINT('',#4232);
#1114=VERTEX_POINT('',#4233);
#1115=VERTEX_POINT('',#4238);
#1116=VERTEX_POINT('',#4245);
#1117=VERTEX_POINT('',#4257);
#1118=VERTEX_POINT('',#4258);
#1119=VERTEX_POINT('',#4265);
#1120=VERTEX_POINT('',#4271);
#1121=VERTEX_POINT('',#4283);
#1122=VERTEX_POINT('',#4284);
#1123=VERTEX_POINT('',#4289);
#1124=VERTEX_POINT('',#4295);
#1125=VERTEX_POINT('',#4306);
#1126=VERTEX_POINT('',#4307);
#1127=VERTEX_POINT('',#4312);
#1128=VERTEX_POINT('',#4318);
#1129=VERTEX_POINT('',#4830);
#1130=VERTEX_POINT('',#4847);
#1131=VERTEX_POINT('',#4891);
#1132=VERTEX_POINT('',#4898);
#1133=VERTEX_POINT('',#4946);
#1134=VERTEX_POINT('',#4960);
#1135=VERTEX_POINT('',#5062);
#1136=VERTEX_POINT('',#5069);
#1137=VERTEX_POINT('',#5110);
#1138=VERTEX_POINT('',#5127);
#1139=VERTEX_POINT('',#5161);
#1140=VERTEX_POINT('',#5168);
#1141=VERTEX_POINT('',#5176);
#1142=VERTEX_POINT('',#5217);
#1143=VERTEX_POINT('',#5237);
#1144=VERTEX_POINT('',#5421);
#1145=VERTEX_POINT('',#5542);
#1146=VERTEX_POINT('',#5607);
#1147=VERTEX_POINT('',#5627);
#1148=VERTEX_POINT('',#5671);
#1149=VERTEX_POINT('',#5691);
#1150=VERTEX_POINT('',#5735);
#1151=VERTEX_POINT('',#5752);
#1152=VERTEX_POINT('',#5883);
#1153=VERTEX_POINT('',#6019);
#1154=VERTEX_POINT('',#6036);
#1155=VERTEX_POINT('',#6083);
#1156=VERTEX_POINT('',#6100);
#1157=VERTEX_POINT('',#6151);
#1158=VERTEX_POINT('',#6211);
#1159=VERTEX_POINT('',#6225);
#1160=VERTEX_POINT('',#6310);
#1161=VERTEX_POINT('',#6335);
#1162=VERTEX_POINT('',#6349);
#1163=VERTEX_POINT('',#6354);
#1164=VERTEX_POINT('',#6355);
#1165=VERTEX_POINT('',#6357);
#1166=VERTEX_POINT('',#6359);
#1167=VERTEX_POINT('',#6363);
#1168=VERTEX_POINT('',#6365);
#1169=VERTEX_POINT('',#6369);
#1170=VERTEX_POINT('',#6371);
#1171=VERTEX_POINT('',#6380);
#1172=VERTEX_POINT('',#6381);
#1173=VERTEX_POINT('',#6383);
#1174=VERTEX_POINT('',#6391);
#1175=VERTEX_POINT('',#6404);
#1176=VERTEX_POINT('',#6405);
#1177=VERTEX_POINT('',#6407);
#1178=VERTEX_POINT('',#6424);
#1179=VERTEX_POINT('',#6463);
#1180=VERTEX_POINT('',#6464);
#1181=VERTEX_POINT('',#6517);
#1182=VERTEX_POINT('',#6518);
#1183=VERTEX_POINT('',#6565);
#1184=VERTEX_POINT('',#6566);
#1185=VERTEX_POINT('',#6616);
#1186=VERTEX_POINT('',#6617);
#1187=VERTEX_POINT('',#6619);
#1188=VERTEX_POINT('',#6624);
#1189=VERTEX_POINT('',#6637);
#1190=VERTEX_POINT('',#6638);
#1191=VERTEX_POINT('',#6640);
#1192=VERTEX_POINT('',#6654);
#1193=VERTEX_POINT('',#6676);
#1194=VERTEX_POINT('',#6677);
#1195=VERTEX_POINT('',#6730);
#1196=VERTEX_POINT('',#6731);
#1197=VERTEX_POINT('',#6733);
#1198=VERTEX_POINT('',#6741);
#1199=VERTEX_POINT('',#6754);
#1200=VERTEX_POINT('',#6755);
#1201=VERTEX_POINT('',#6757);
#1202=VERTEX_POINT('',#6766);
#1203=VERTEX_POINT('',#6778);
#1204=VERTEX_POINT('',#6779);
#1205=VERTEX_POINT('',#6802);
#1206=VERTEX_POINT('',#6803);
#1207=VERTEX_POINT('',#6827);
#1208=VERTEX_POINT('',#6828);
#1209=VERTEX_POINT('',#6852);
#1210=VERTEX_POINT('',#6853);
#1211=VERTEX_POINT('',#6855);
#1212=VERTEX_POINT('',#6864);
#1213=VERTEX_POINT('',#6878);
#1214=VERTEX_POINT('',#6879);
#1215=VERTEX_POINT('',#6881);
#1216=VERTEX_POINT('',#6887);
#1217=VERTEX_POINT('',#6899);
#1218=VERTEX_POINT('',#6900);
#1219=VERTEX_POINT('',#6924);
#1220=VERTEX_POINT('',#6925);
#1221=VERTEX_POINT('',#6927);
#1222=VERTEX_POINT('',#6933);
#1223=VERTEX_POINT('',#6985);
#1224=VERTEX_POINT('',#6986);
#1225=VERTEX_POINT('',#6991);
#1226=VERTEX_POINT('',#6997);
#1227=VERTEX_POINT('',#7008);
#1228=VERTEX_POINT('',#7009);
#1229=VERTEX_POINT('',#7014);
#1230=VERTEX_POINT('',#7021);
#1231=VERTEX_POINT('',#7033);
#1232=VERTEX_POINT('',#7034);
#1233=VERTEX_POINT('',#7042);
#1234=VERTEX_POINT('',#7048);
#1235=VERTEX_POINT('',#7059);
#1236=VERTEX_POINT('',#7060);
#1237=VERTEX_POINT('',#7067);
#1238=VERTEX_POINT('',#7073);
#1239=VERTEX_POINT('',#7084);
#1240=VERTEX_POINT('',#7085);
#1241=VERTEX_POINT('',#7090);
#1242=VERTEX_POINT('',#7097);
#1243=VERTEX_POINT('',#7109);
#1244=VERTEX_POINT('',#7110);
#1245=VERTEX_POINT('',#7117);
#1246=VERTEX_POINT('',#7123);
#1247=VERTEX_POINT('',#7135);
#1248=VERTEX_POINT('',#7136);
#1249=VERTEX_POINT('',#7141);
#1250=VERTEX_POINT('',#7147);
#1251=VERTEX_POINT('',#7158);
#1252=VERTEX_POINT('',#7159);
#1253=VERTEX_POINT('',#7164);
#1254=VERTEX_POINT('',#7170);
#1255=VERTEX_POINT('',#7682);
#1256=VERTEX_POINT('',#7699);
#1257=VERTEX_POINT('',#7743);
#1258=VERTEX_POINT('',#7750);
#1259=VERTEX_POINT('',#7798);
#1260=VERTEX_POINT('',#7812);
#1261=VERTEX_POINT('',#7914);
#1262=VERTEX_POINT('',#7921);
#1263=VERTEX_POINT('',#7962);
#1264=VERTEX_POINT('',#7979);
#1265=VERTEX_POINT('',#8013);
#1266=VERTEX_POINT('',#8020);
#1267=VERTEX_POINT('',#8028);
#1268=VERTEX_POINT('',#8069);
#1269=VERTEX_POINT('',#8089);
#1270=VERTEX_POINT('',#8273);
#1271=VERTEX_POINT('',#8394);
#1272=VERTEX_POINT('',#8459);
#1273=VERTEX_POINT('',#8479);
#1274=VERTEX_POINT('',#8523);
#1275=VERTEX_POINT('',#8543);
#1276=VERTEX_POINT('',#8587);
#1277=VERTEX_POINT('',#8604);
#1278=VERTEX_POINT('',#8735);
#1279=VERTEX_POINT('',#8871);
#1280=VERTEX_POINT('',#8888);
#1281=VERTEX_POINT('',#8935);
#1282=VERTEX_POINT('',#8952);
#1283=VERTEX_POINT('',#9003);
#1284=VERTEX_POINT('',#9063);
#1285=VERTEX_POINT('',#9077);
#1286=VERTEX_POINT('',#9162);
#1287=VERTEX_POINT('',#9187);
#1288=VERTEX_POINT('',#9201);
#1289=VERTEX_POINT('',#9206);
#1290=VERTEX_POINT('',#9207);
#1291=VERTEX_POINT('',#9209);
#1292=VERTEX_POINT('',#9211);
#1293=VERTEX_POINT('',#9215);
#1294=VERTEX_POINT('',#9217);
#1295=VERTEX_POINT('',#9221);
#1296=VERTEX_POINT('',#9223);
#1297=EDGE_CURVE('',#1013,#1014,#825,.T.);
#1298=EDGE_CURVE('',#1013,#1015,#826,.T.);
#1299=EDGE_CURVE('',#1016,#1015,#827,.T.);
#1300=EDGE_CURVE('',#1014,#1016,#828,.T.);
#1301=EDGE_CURVE('',#1017,#1018,#829,.T.);
#1302=EDGE_CURVE('',#1017,#1019,#830,.T.);
#1303=EDGE_CURVE('',#1020,#1019,#831,.T.);
#1304=EDGE_CURVE('',#1018,#1020,#832,.T.);
#1305=EDGE_CURVE('',#1015,#1020,#461,.T.);
#1306=EDGE_CURVE('',#1019,#1016,#462,.T.);
#1307=EDGE_CURVE('',#1014,#1013,#463,.T.);
#1308=EDGE_CURVE('',#1018,#1021,#464,.T.);
#1309=EDGE_CURVE('',#1021,#1017,#465,.T.);
#1310=EDGE_CURVE('',#1021,#1022,#833,.T.);
#1311=EDGE_CURVE('',#1022,#1022,#466,.T.);
#1312=EDGE_CURVE('',#1023,#1024,#834,.T.);
#1313=EDGE_CURVE('',#1023,#1024,#467,.T.);
#1314=EDGE_CURVE('',#1024,#1025,#835,.T.);
#1315=EDGE_CURVE('',#1024,#1025,#468,.T.);
#1316=EDGE_CURVE('',#1025,#1026,#836,.T.);
#1317=EDGE_CURVE('',#1025,#1026,#469,.T.);
#1318=EDGE_CURVE('',#1026,#1027,#837,.T.);
#1319=EDGE_CURVE('',#1026,#1027,#470,.T.);
#1320=EDGE_CURVE('',#1027,#1028,#838,.T.);
#1321=EDGE_CURVE('',#1027,#1028,#471,.T.);
#1322=EDGE_CURVE('',#1028,#1023,#839,.T.);
#1323=EDGE_CURVE('',#1028,#1023,#472,.T.);
#1324=EDGE_CURVE('',#1029,#1029,#473,.T.);
#1325=EDGE_CURVE('',#1029,#1027,#840,.T.);
#1326=EDGE_CURVE('',#1030,#1031,#841,.T.);
#1327=EDGE_CURVE('',#1031,#1023,#842,.T.);
#1328=EDGE_CURVE('',#1030,#1028,#843,.T.);
#1329=EDGE_CURVE('',#1032,#1030,#844,.T.);
#1330=EDGE_CURVE('',#1032,#1027,#845,.T.);
#1331=EDGE_CURVE('',#1033,#1032,#846,.T.);
#1332=EDGE_CURVE('',#1033,#1026,#847,.T.);
#1333=EDGE_CURVE('',#1034,#1033,#848,.T.);
#1334=EDGE_CURVE('',#1034,#1025,#849,.T.);
#1335=EDGE_CURVE('',#1035,#1034,#850,.T.);
#1336=EDGE_CURVE('',#1035,#1024,#851,.T.);
#1337=EDGE_CURVE('',#1031,#1035,#852,.T.);
#1338=EDGE_CURVE('',#1036,#1036,#474,.T.);
#1339=EDGE_CURVE('',#1036,#1037,#853,.T.);
#1340=EDGE_CURVE('',#1037,#1037,#475,.T.);
#1341=EDGE_CURVE('',#1038,#1038,#476,.F.);
#1342=EDGE_CURVE('',#1038,#1039,#854,.T.);
#1343=EDGE_CURVE('',#1039,#1039,#477,.F.);
#1344=EDGE_CURVE('',#1040,#1040,#478,.T.);
#1345=EDGE_CURVE('',#1040,#1041,#855,.T.);
#1346=EDGE_CURVE('',#1041,#1041,#479,.T.);
#1347=EDGE_CURVE('',#1040,#1042,#480,.T.);
#1348=EDGE_CURVE('',#1042,#1042,#481,.T.);
#1349=EDGE_CURVE('',#1043,#1043,#482,.T.);
#1350=EDGE_CURVE('',#1043,#1044,#856,.T.);
#1351=EDGE_CURVE('',#1044,#1044,#483,.T.);
#1352=EDGE_CURVE('',#1045,#1046,#857,.T.);
#1353=EDGE_CURVE('',#1046,#1047,#51,.T.);
#1354=EDGE_CURVE('',#1047,#1048,#52,.F.);
#1355=EDGE_CURVE('',#1048,#1045,#53,.T.);
#1356=EDGE_CURVE('',#1049,#1050,#858,.T.);
#1357=EDGE_CURVE('',#1050,#1051,#54,.T.);
#1358=EDGE_CURVE('',#1051,#1052,#55,.F.);
#1359=EDGE_CURVE('',#1052,#1046,#56,.T.);
#1360=EDGE_CURVE('',#1045,#1049,#57,.T.);
#1361=EDGE_CURVE('',#1053,#1054,#859,.T.);
#1362=EDGE_CURVE('',#1054,#1050,#58,.T.);
#1363=EDGE_CURVE('',#1049,#1053,#59,.T.);
#1364=EDGE_CURVE('',#1055,#1056,#860,.T.);
#1365=EDGE_CURVE('',#1056,#1054,#60,.T.);
#1366=EDGE_CURVE('',#1053,#1055,#61,.T.);
#1367=EDGE_CURVE('',#1057,#1058,#861,.T.);
#1368=EDGE_CURVE('',#1058,#1056,#62,.T.);
#1369=EDGE_CURVE('',#1055,#1057,#63,.T.);
#1370=EDGE_CURVE('',#1059,#1060,#862,.T.);
#1371=EDGE_CURVE('',#1059,#1061,#64,.T.);
#1372=EDGE_CURVE('',#1062,#1061,#484,.T.);
#1373=EDGE_CURVE('',#1062,#1060,#65,.T.);
#1374=EDGE_CURVE('',#1063,#1064,#863,.T.);
#1375=EDGE_CURVE('',#1064,#1065,#66,.T.);
#1376=EDGE_CURVE('',#1066,#1065,#485,.F.);
#1377=EDGE_CURVE('',#1066,#1063,#67,.T.);
#1378=EDGE_CURVE('',#1067,#1068,#864,.T.);
#1379=EDGE_CURVE('',#1068,#1064,#68,.T.);
#1380=EDGE_CURVE('',#1063,#1067,#69,.T.);
#1381=EDGE_CURVE('',#1069,#1070,#865,.T.);
#1382=EDGE_CURVE('',#1069,#1071,#70,.T.);
#1383=EDGE_CURVE('',#1071,#1072,#71,.F.);
#1384=EDGE_CURVE('',#1072,#1070,#72,.T.);
#1385=EDGE_CURVE('',#1073,#1074,#866,.T.);
#1386=EDGE_CURVE('',#1074,#1075,#73,.T.);
#1387=EDGE_CURVE('',#1076,#1075,#486,.T.);
#1388=EDGE_CURVE('',#1073,#1076,#74,.T.);
#1389=EDGE_CURVE('',#1077,#1078,#867,.T.);
#1390=EDGE_CURVE('',#1078,#1074,#75,.T.);
#1391=EDGE_CURVE('',#1077,#1073,#76,.T.);
#1392=EDGE_CURVE('',#1079,#1080,#868,.T.);
#1393=EDGE_CURVE('',#1080,#1078,#77,.T.);
#1394=EDGE_CURVE('',#1079,#1077,#78,.T.);
#1395=EDGE_CURVE('',#1081,#1082,#869,.T.);
#1396=EDGE_CURVE('',#1082,#1080,#79,.T.);
#1397=EDGE_CURVE('',#1081,#1079,#80,.T.);
#1398=EDGE_CURVE('',#1083,#1084,#870,.T.);
#1399=EDGE_CURVE('',#1085,#1083,#81,.T.);
#1400=EDGE_CURVE('',#1086,#1085,#82,.T.);
#1401=EDGE_CURVE('',#1086,#1084,#83,.T.);
#1402=EDGE_CURVE('',#1087,#1088,#871,.T.);
#1403=EDGE_CURVE('',#1088,#1089,#84,.T.);
#1404=EDGE_CURVE('',#1090,#1089,#85,.T.);
#1405=EDGE_CURVE('',#1087,#1090,#86,.T.);
#1406=EDGE_CURVE('',#1091,#1092,#872,.T.);
#1407=EDGE_CURVE('',#1092,#1088,#87,.T.);
#1408=EDGE_CURVE('',#1091,#1087,#88,.T.);
#1409=EDGE_CURVE('',#1093,#1094,#873,.T.);
#1410=EDGE_CURVE('',#1095,#1093,#89,.T.);
#1411=EDGE_CURVE('',#1096,#1095,#487,.T.);
#1412=EDGE_CURVE('',#1096,#1094,#90,.T.);
#1413=EDGE_CURVE('',#1094,#1092,#91,.T.);
#1414=EDGE_CURVE('',#1093,#1091,#92,.T.);
#1415=EDGE_CURVE('',#1084,#1082,#93,.T.);
#1416=EDGE_CURVE('',#1083,#1081,#94,.T.);
#1417=EDGE_CURVE('',#1097,#1098,#95,.T.);
#1418=EDGE_CURVE('',#1099,#1097,#96,.T.);
#1419=EDGE_CURVE('',#1100,#1099,#97,.T.);
#1420=EDGE_CURVE('',#1100,#1098,#98,.T.);
#1421=EDGE_CURVE('',#1101,#1102,#99,.T.);
#1422=EDGE_CURVE('',#1101,#1103,#100,.T.);
#1423=EDGE_CURVE('',#1104,#1103,#101,.T.);
#1424=EDGE_CURVE('',#1102,#1104,#102,.T.);
#1425=EDGE_CURVE('',#1105,#1106,#103,.T.);
#1426=EDGE_CURVE('',#1105,#1107,#104,.T.);
#1427=EDGE_CURVE('',#1108,#1107,#105,.T.);
#1428=EDGE_CURVE('',#1106,#1108,#106,.T.);
#1429=EDGE_CURVE('',#1109,#1110,#107,.T.);
#1430=EDGE_CURVE('',#1109,#1111,#108,.T.);
#1431=EDGE_CURVE('',#1112,#1111,#109,.T.);
#1432=EDGE_CURVE('',#1110,#1112,#110,.T.);
#1433=EDGE_CURVE('',#1113,#1114,#111,.T.);
#1434=EDGE_CURVE('',#1113,#1115,#112,.T.);
#1435=EDGE_CURVE('',#1116,#1115,#113,.T.);
#1436=EDGE_CURVE('',#1114,#1116,#114,.T.);
#1437=EDGE_CURVE('',#1117,#1118,#115,.T.);
#1438=EDGE_CURVE('',#1117,#1119,#116,.T.);
#1439=EDGE_CURVE('',#1120,#1119,#117,.T.);
#1440=EDGE_CURVE('',#1118,#1120,#118,.T.);
#1441=EDGE_CURVE('',#1121,#1122,#119,.T.);
#1442=EDGE_CURVE('',#1121,#1123,#120,.T.);
#1443=EDGE_CURVE('',#1124,#1123,#121,.T.);
#1444=EDGE_CURVE('',#1122,#1124,#122,.T.);
#1445=EDGE_CURVE('',#1125,#1126,#123,.T.);
#1446=EDGE_CURVE('',#1127,#1125,#124,.T.);
#1447=EDGE_CURVE('',#1128,#1127,#125,.T.);
#1448=EDGE_CURVE('',#1128,#1126,#126,.T.);
#1449=EDGE_CURVE('',#1089,#1072,#127,.T.);
#1450=EDGE_CURVE('',#1065,#1096,#128,.T.);
#1451=EDGE_CURVE('',#1070,#1068,#129,.T.);
#1452=EDGE_CURVE('',#1051,#1086,#130,.T.);
#1453=EDGE_CURVE('',#1060,#1058,#131,.T.);
#1454=EDGE_CURVE('',#1075,#1062,#132,.T.);
#1455=EDGE_CURVE('',#1098,#1129,#133,.T.);
#1456=EDGE_CURVE('',#1130,#1100,#134,.T.);
#1457=EDGE_CURVE('',#1129,#1130,#135,.T.);
#1458=EDGE_CURVE('',#1131,#1105,#136,.T.);
#1459=EDGE_CURVE('',#1132,#1131,#137,.T.);
#1460=EDGE_CURVE('',#1107,#1132,#138,.T.);
#1461=EDGE_CURVE('',#1115,#1133,#139,.T.);
#1462=EDGE_CURVE('',#1134,#1113,#140,.T.);
#1463=EDGE_CURVE('',#1133,#1134,#141,.T.);
#1464=EDGE_CURVE('',#1047,#1101,#142,.T.);
#1465=EDGE_CURVE('',#1103,#1052,#143,.T.);
#1466=EDGE_CURVE('',#1135,#1109,#144,.T.);
#1467=EDGE_CURVE('',#1136,#1135,#145,.T.);
#1468=EDGE_CURVE('',#1111,#1136,#146,.T.);
#1469=EDGE_CURVE('',#1126,#1137,#147,.T.);
#1470=EDGE_CURVE('',#1138,#1128,#148,.T.);
#1471=EDGE_CURVE('',#1137,#1138,#149,.T.);
#1472=EDGE_CURVE('',#1139,#1121,#150,.T.);
#1473=EDGE_CURVE('',#1140,#1139,#151,.T.);
#1474=EDGE_CURVE('',#1141,#1140,#152,.T.);
#1475=EDGE_CURVE('',#1123,#1141,#153,.T.);
#1476=EDGE_CURVE('',#1142,#1117,#154,.T.);
#1477=EDGE_CURVE('',#1143,#1142,#155,.T.);
#1478=EDGE_CURVE('',#1119,#1143,#156,.T.);
#1479=EDGE_CURVE('',#1085,#1144,#157,.T.);
#1480=EDGE_CURVE('',#1061,#1076,#158,.T.);
#1481=EDGE_CURVE('',#1057,#1059,#159,.T.);
#1482=EDGE_CURVE('',#1145,#1048,#160,.T.);
#1483=EDGE_CURVE('',#1144,#1145,#161,.T.);
#1484=EDGE_CURVE('',#1110,#1146,#162,.T.);
#1485=EDGE_CURVE('',#1147,#1112,#163,.T.);
#1486=EDGE_CURVE('',#1146,#1147,#164,.T.);
#1487=EDGE_CURVE('',#1106,#1148,#165,.T.);
#1488=EDGE_CURVE('',#1149,#1108,#166,.T.);
#1489=EDGE_CURVE('',#1148,#1149,#167,.T.);
#1490=EDGE_CURVE('',#1122,#1150,#168,.T.);
#1491=EDGE_CURVE('',#1151,#1124,#169,.T.);
#1492=EDGE_CURVE('',#1150,#1151,#170,.T.);
#1493=EDGE_CURVE('',#1114,#1090,#171,.T.);
#1494=EDGE_CURVE('',#1152,#1116,#172,.T.);
#1495=EDGE_CURVE('',#1067,#1152,#173,.T.);
#1496=EDGE_CURVE('',#1095,#1066,#174,.T.);
#1497=EDGE_CURVE('',#1102,#1153,#175,.T.);
#1498=EDGE_CURVE('',#1154,#1104,#176,.T.);
#1499=EDGE_CURVE('',#1153,#1154,#177,.T.);
#1500=EDGE_CURVE('',#1155,#1097,#178,.T.);
#1501=EDGE_CURVE('',#1156,#1155,#179,.T.);
#1502=EDGE_CURVE('',#1099,#1156,#180,.T.);
#1503=EDGE_CURVE('',#1118,#1157,#181,.T.);
#1504=EDGE_CURVE('',#1071,#1120,#182,.T.);
#1505=EDGE_CURVE('',#1157,#1069,#183,.T.);
#1506=EDGE_CURVE('',#1158,#1125,#184,.T.);
#1507=EDGE_CURVE('',#1159,#1158,#185,.T.);
#1508=EDGE_CURVE('',#1127,#1159,#186,.T.);
#1509=EDGE_CURVE('',#1138,#1148,#187,.F.);
#1510=EDGE_CURVE('',#1149,#1137,#188,.F.);
#1511=EDGE_CURVE('',#1130,#1144,#189,.F.);
#1512=EDGE_CURVE('',#1145,#1129,#190,.F.);
#1513=EDGE_CURVE('',#1152,#1157,#191,.F.);
#1514=EDGE_CURVE('',#1155,#1132,#192,.F.);
#1515=EDGE_CURVE('',#1131,#1156,#193,.F.);
#1516=EDGE_CURVE('',#1135,#1153,#194,.F.);
#1517=EDGE_CURVE('',#1154,#1136,#195,.F.);
#1518=EDGE_CURVE('',#1139,#1160,#196,.F.);
#1519=EDGE_CURVE('',#1160,#1146,#197,.F.);
#1520=EDGE_CURVE('',#1147,#1140,#198,.F.);
#1521=EDGE_CURVE('',#1142,#1150,#199,.F.);
#1522=EDGE_CURVE('',#1151,#1143,#200,.F.);
#1523=EDGE_CURVE('',#1161,#1161,#488,.T.);
#1524=EDGE_CURVE('',#1161,#1160,#874,.T.);
#1525=EDGE_CURVE('',#1158,#1133,#201,.F.);
#1526=EDGE_CURVE('',#1134,#1159,#202,.F.);
#1527=EDGE_CURVE('',#1141,#1162,#875,.T.);
#1528=EDGE_CURVE('',#1162,#1162,#489,.T.);
#1529=EDGE_CURVE('',#1163,#1164,#876,.T.);
#1530=EDGE_CURVE('',#1164,#1165,#877,.T.);
#1531=EDGE_CURVE('',#1166,#1165,#878,.T.);
#1532=EDGE_CURVE('',#1163,#1166,#879,.T.);
#1533=EDGE_CURVE('',#1167,#1163,#880,.T.);
#1534=EDGE_CURVE('',#1168,#1166,#881,.T.);
#1535=EDGE_CURVE('',#1167,#1168,#882,.T.);
#1536=EDGE_CURVE('',#1169,#1167,#883,.T.);
#1537=EDGE_CURVE('',#1170,#1168,#884,.T.);
#1538=EDGE_CURVE('',#1169,#1170,#885,.T.);
#1539=EDGE_CURVE('',#1164,#1169,#886,.T.);
#1540=EDGE_CURVE('',#1165,#1170,#887,.T.);
#1541=EDGE_CURVE('',#1171,#1172,#888,.T.);
#1542=EDGE_CURVE('',#1172,#1173,#203,.T.);
#1543=EDGE_CURVE('',#1173,#1174,#204,.F.);
#1544=EDGE_CURVE('',#1174,#1171,#205,.T.);
#1545=EDGE_CURVE('',#1175,#1176,#889,.T.);
#1546=EDGE_CURVE('',#1176,#1177,#206,.T.);
#1547=EDGE_CURVE('',#1177,#1178,#207,.F.);
#1548=EDGE_CURVE('',#1178,#1172,#208,.T.);
#1549=EDGE_CURVE('',#1171,#1175,#209,.T.);
#1550=EDGE_CURVE('',#1179,#1180,#890,.T.);
#1551=EDGE_CURVE('',#1180,#1176,#210,.T.);
#1552=EDGE_CURVE('',#1175,#1179,#211,.T.);
#1553=EDGE_CURVE('',#1181,#1182,#891,.T.);
#1554=EDGE_CURVE('',#1182,#1180,#212,.T.);
#1555=EDGE_CURVE('',#1179,#1181,#213,.T.);
#1556=EDGE_CURVE('',#1183,#1184,#892,.T.);
#1557=EDGE_CURVE('',#1184,#1182,#214,.T.);
#1558=EDGE_CURVE('',#1181,#1183,#215,.T.);
#1559=EDGE_CURVE('',#1185,#1186,#893,.T.);
#1560=EDGE_CURVE('',#1185,#1187,#216,.T.);
#1561=EDGE_CURVE('',#1188,#1187,#490,.T.);
#1562=EDGE_CURVE('',#1188,#1186,#217,.T.);
#1563=EDGE_CURVE('',#1189,#1190,#894,.T.);
#1564=EDGE_CURVE('',#1190,#1191,#218,.T.);
#1565=EDGE_CURVE('',#1192,#1191,#491,.F.);
#1566=EDGE_CURVE('',#1192,#1189,#219,.T.);
#1567=EDGE_CURVE('',#1193,#1194,#895,.T.);
#1568=EDGE_CURVE('',#1194,#1190,#220,.T.);
#1569=EDGE_CURVE('',#1189,#1193,#221,.T.);
#1570=EDGE_CURVE('',#1195,#1196,#896,.T.);
#1571=EDGE_CURVE('',#1195,#1197,#222,.T.);
#1572=EDGE_CURVE('',#1197,#1198,#223,.F.);
#1573=EDGE_CURVE('',#1198,#1196,#224,.T.);
#1574=EDGE_CURVE('',#1199,#1200,#897,.T.);
#1575=EDGE_CURVE('',#1200,#1201,#225,.T.);
#1576=EDGE_CURVE('',#1202,#1201,#492,.T.);
#1577=EDGE_CURVE('',#1199,#1202,#226,.T.);
#1578=EDGE_CURVE('',#1203,#1204,#898,.T.);
#1579=EDGE_CURVE('',#1204,#1200,#227,.T.);
#1580=EDGE_CURVE('',#1203,#1199,#228,.T.);
#1581=EDGE_CURVE('',#1205,#1206,#899,.T.);
#1582=EDGE_CURVE('',#1206,#1204,#229,.T.);
#1583=EDGE_CURVE('',#1205,#1203,#230,.T.);
#1584=EDGE_CURVE('',#1207,#1208,#900,.T.);
#1585=EDGE_CURVE('',#1208,#1206,#231,.T.);
#1586=EDGE_CURVE('',#1207,#1205,#232,.T.);
#1587=EDGE_CURVE('',#1209,#1210,#901,.T.);
#1588=EDGE_CURVE('',#1211,#1209,#233,.T.);
#1589=EDGE_CURVE('',#1212,#1211,#234,.T.);
#1590=EDGE_CURVE('',#1212,#1210,#235,.T.);
#1591=EDGE_CURVE('',#1213,#1214,#902,.T.);
#1592=EDGE_CURVE('',#1214,#1215,#236,.T.);
#1593=EDGE_CURVE('',#1216,#1215,#237,.T.);
#1594=EDGE_CURVE('',#1213,#1216,#238,.T.);
#1595=EDGE_CURVE('',#1217,#1218,#903,.T.);
#1596=EDGE_CURVE('',#1218,#1214,#239,.T.);
#1597=EDGE_CURVE('',#1217,#1213,#240,.T.);
#1598=EDGE_CURVE('',#1219,#1220,#904,.T.);
#1599=EDGE_CURVE('',#1221,#1219,#241,.T.);
#1600=EDGE_CURVE('',#1222,#1221,#493,.T.);
#1601=EDGE_CURVE('',#1222,#1220,#242,.T.);
#1602=EDGE_CURVE('',#1220,#1218,#243,.T.);
#1603=EDGE_CURVE('',#1219,#1217,#244,.T.);
#1604=EDGE_CURVE('',#1210,#1208,#245,.T.);
#1605=EDGE_CURVE('',#1209,#1207,#246,.T.);
#1606=EDGE_CURVE('',#1223,#1224,#247,.T.);
#1607=EDGE_CURVE('',#1225,#1223,#248,.T.);
#1608=EDGE_CURVE('',#1226,#1225,#249,.T.);
#1609=EDGE_CURVE('',#1226,#1224,#250,.T.);
#1610=EDGE_CURVE('',#1227,#1228,#251,.T.);
#1611=EDGE_CURVE('',#1227,#1229,#252,.T.);
#1612=EDGE_CURVE('',#1230,#1229,#253,.T.);
#1613=EDGE_CURVE('',#1228,#1230,#254,.T.);
#1614=EDGE_CURVE('',#1231,#1232,#255,.T.);
#1615=EDGE_CURVE('',#1231,#1233,#256,.T.);
#1616=EDGE_CURVE('',#1234,#1233,#257,.T.);
#1617=EDGE_CURVE('',#1232,#1234,#258,.T.);
#1618=EDGE_CURVE('',#1235,#1236,#259,.T.);
#1619=EDGE_CURVE('',#1235,#1237,#260,.T.);
#1620=EDGE_CURVE('',#1238,#1237,#261,.T.);
#1621=EDGE_CURVE('',#1236,#1238,#262,.T.);
#1622=EDGE_CURVE('',#1239,#1240,#263,.T.);
#1623=EDGE_CURVE('',#1239,#1241,#264,.T.);
#1624=EDGE_CURVE('',#1242,#1241,#265,.T.);
#1625=EDGE_CURVE('',#1240,#1242,#266,.T.);
#1626=EDGE_CURVE('',#1243,#1244,#267,.T.);
#1627=EDGE_CURVE('',#1243,#1245,#268,.T.);
#1628=EDGE_CURVE('',#1246,#1245,#269,.T.);
#1629=EDGE_CURVE('',#1244,#1246,#270,.T.);
#1630=EDGE_CURVE('',#1247,#1248,#271,.T.);
#1631=EDGE_CURVE('',#1247,#1249,#272,.T.);
#1632=EDGE_CURVE('',#1250,#1249,#273,.T.);
#1633=EDGE_CURVE('',#1248,#1250,#274,.T.);
#1634=EDGE_CURVE('',#1251,#1252,#275,.T.);
#1635=EDGE_CURVE('',#1253,#1251,#276,.T.);
#1636=EDGE_CURVE('',#1254,#1253,#277,.T.);
#1637=EDGE_CURVE('',#1254,#1252,#278,.T.);
#1638=EDGE_CURVE('',#1215,#1198,#279,.T.);
#1639=EDGE_CURVE('',#1191,#1222,#280,.T.);
#1640=EDGE_CURVE('',#1196,#1194,#281,.T.);
#1641=EDGE_CURVE('',#1177,#1212,#282,.T.);
#1642=EDGE_CURVE('',#1186,#1184,#283,.T.);
#1643=EDGE_CURVE('',#1201,#1188,#284,.T.);
#1644=EDGE_CURVE('',#1224,#1255,#285,.T.);
#1645=EDGE_CURVE('',#1256,#1226,#286,.T.);
#1646=EDGE_CURVE('',#1255,#1256,#287,.T.);
#1647=EDGE_CURVE('',#1257,#1231,#288,.T.);
#1648=EDGE_CURVE('',#1258,#1257,#289,.T.);
#1649=EDGE_CURVE('',#1233,#1258,#290,.T.);
#1650=EDGE_CURVE('',#1241,#1259,#291,.T.);
#1651=EDGE_CURVE('',#1260,#1239,#292,.T.);
#1652=EDGE_CURVE('',#1259,#1260,#293,.T.);
#1653=EDGE_CURVE('',#1173,#1227,#294,.T.);
#1654=EDGE_CURVE('',#1229,#1178,#295,.T.);
#1655=EDGE_CURVE('',#1261,#1235,#296,.T.);
#1656=EDGE_CURVE('',#1262,#1261,#297,.T.);
#1657=EDGE_CURVE('',#1237,#1262,#298,.T.);
#1658=EDGE_CURVE('',#1252,#1263,#299,.T.);
#1659=EDGE_CURVE('',#1264,#1254,#300,.T.);
#1660=EDGE_CURVE('',#1263,#1264,#301,.T.);
#1661=EDGE_CURVE('',#1265,#1247,#302,.T.);
#1662=EDGE_CURVE('',#1266,#1265,#303,.T.);
#1663=EDGE_CURVE('',#1267,#1266,#304,.T.);
#1664=EDGE_CURVE('',#1249,#1267,#305,.T.);
#1665=EDGE_CURVE('',#1268,#1243,#306,.T.);
#1666=EDGE_CURVE('',#1269,#1268,#307,.T.);
#1667=EDGE_CURVE('',#1245,#1269,#308,.T.);
#1668=EDGE_CURVE('',#1211,#1270,#309,.T.);
#1669=EDGE_CURVE('',#1187,#1202,#310,.T.);
#1670=EDGE_CURVE('',#1183,#1185,#311,.T.);
#1671=EDGE_CURVE('',#1271,#1174,#312,.T.);
#1672=EDGE_CURVE('',#1270,#1271,#313,.T.);
#1673=EDGE_CURVE('',#1236,#1272,#314,.T.);
#1674=EDGE_CURVE('',#1273,#1238,#315,.T.);
#1675=EDGE_CURVE('',#1272,#1273,#316,.T.);
#1676=EDGE_CURVE('',#1232,#1274,#317,.T.);
#1677=EDGE_CURVE('',#1275,#1234,#318,.T.);
#1678=EDGE_CURVE('',#1274,#1275,#319,.T.);
#1679=EDGE_CURVE('',#1248,#1276,#320,.T.);
#1680=EDGE_CURVE('',#1277,#1250,#321,.T.);
#1681=EDGE_CURVE('',#1276,#1277,#322,.T.);
#1682=EDGE_CURVE('',#1240,#1216,#323,.T.);
#1683=EDGE_CURVE('',#1278,#1242,#324,.T.);
#1684=EDGE_CURVE('',#1193,#1278,#325,.T.);
#1685=EDGE_CURVE('',#1221,#1192,#326,.T.);
#1686=EDGE_CURVE('',#1228,#1279,#327,.T.);
#1687=EDGE_CURVE('',#1280,#1230,#328,.T.);
#1688=EDGE_CURVE('',#1279,#1280,#329,.T.);
#1689=EDGE_CURVE('',#1281,#1223,#330,.T.);
#1690=EDGE_CURVE('',#1282,#1281,#331,.T.);
#1691=EDGE_CURVE('',#1225,#1282,#332,.T.);
#1692=EDGE_CURVE('',#1244,#1283,#333,.T.);
#1693=EDGE_CURVE('',#1197,#1246,#334,.T.);
#1694=EDGE_CURVE('',#1283,#1195,#335,.T.);
#1695=EDGE_CURVE('',#1284,#1251,#336,.T.);
#1696=EDGE_CURVE('',#1285,#1284,#337,.T.);
#1697=EDGE_CURVE('',#1253,#1285,#338,.T.);
#1698=EDGE_CURVE('',#1264,#1274,#339,.F.);
#1699=EDGE_CURVE('',#1275,#1263,#340,.F.);
#1700=EDGE_CURVE('',#1256,#1270,#341,.F.);
#1701=EDGE_CURVE('',#1271,#1255,#342,.F.);
#1702=EDGE_CURVE('',#1278,#1283,#343,.F.);
#1703=EDGE_CURVE('',#1281,#1258,#344,.F.);
#1704=EDGE_CURVE('',#1257,#1282,#345,.F.);
#1705=EDGE_CURVE('',#1261,#1279,#346,.F.);
#1706=EDGE_CURVE('',#1280,#1262,#347,.F.);
#1707=EDGE_CURVE('',#1265,#1286,#348,.F.);
#1708=EDGE_CURVE('',#1286,#1272,#349,.F.);
#1709=EDGE_CURVE('',#1273,#1266,#350,.F.);
#1710=EDGE_CURVE('',#1268,#1276,#351,.F.);
#1711=EDGE_CURVE('',#1277,#1269,#352,.F.);
#1712=EDGE_CURVE('',#1287,#1287,#494,.T.);
#1713=EDGE_CURVE('',#1287,#1286,#905,.T.);
#1714=EDGE_CURVE('',#1284,#1259,#353,.F.);
#1715=EDGE_CURVE('',#1260,#1285,#354,.F.);
#1716=EDGE_CURVE('',#1267,#1288,#906,.T.);
#1717=EDGE_CURVE('',#1288,#1288,#495,.T.);
#1718=EDGE_CURVE('',#1289,#1290,#907,.T.);
#1719=EDGE_CURVE('',#1289,#1291,#908,.T.);
#1720=EDGE_CURVE('',#1292,#1291,#909,.T.);
#1721=EDGE_CURVE('',#1290,#1292,#910,.T.);
#1722=EDGE_CURVE('',#1290,#1293,#911,.T.);
#1723=EDGE_CURVE('',#1294,#1292,#912,.T.);
#1724=EDGE_CURVE('',#1293,#1294,#913,.T.);
#1725=EDGE_CURVE('',#1293,#1295,#914,.T.);
#1726=EDGE_CURVE('',#1296,#1294,#915,.T.);
#1727=EDGE_CURVE('',#1295,#1296,#916,.T.);
#1728=EDGE_CURVE('',#1295,#1289,#917,.T.);
#1729=EDGE_CURVE('',#1291,#1296,#918,.T.);
#1730=ORIENTED_EDGE('',*,*,#1297,.F.);
#1731=ORIENTED_EDGE('',*,*,#1298,.T.);
#1732=ORIENTED_EDGE('',*,*,#1299,.F.);
#1733=ORIENTED_EDGE('',*,*,#1300,.F.);
#1734=ORIENTED_EDGE('',*,*,#1301,.F.);
#1735=ORIENTED_EDGE('',*,*,#1302,.T.);
#1736=ORIENTED_EDGE('',*,*,#1303,.F.);
#1737=ORIENTED_EDGE('',*,*,#1304,.F.);
#1738=ORIENTED_EDGE('',*,*,#1305,.T.);
#1739=ORIENTED_EDGE('',*,*,#1303,.T.);
#1740=ORIENTED_EDGE('',*,*,#1306,.T.);
#1741=ORIENTED_EDGE('',*,*,#1299,.T.);
#1742=ORIENTED_EDGE('',*,*,#1297,.T.);
#1743=ORIENTED_EDGE('',*,*,#1307,.T.);
#1744=ORIENTED_EDGE('',*,*,#1301,.T.);
#1745=ORIENTED_EDGE('',*,*,#1308,.T.);
#1746=ORIENTED_EDGE('',*,*,#1309,.T.);
#1747=ORIENTED_EDGE('',*,*,#1308,.F.);
#1748=ORIENTED_EDGE('',*,*,#1304,.T.);
#1749=ORIENTED_EDGE('',*,*,#1305,.F.);
#1750=ORIENTED_EDGE('',*,*,#1298,.F.);
#1751=ORIENTED_EDGE('',*,*,#1307,.F.);
#1752=ORIENTED_EDGE('',*,*,#1300,.T.);
#1753=ORIENTED_EDGE('',*,*,#1306,.F.);
#1754=ORIENTED_EDGE('',*,*,#1302,.F.);
#1755=ORIENTED_EDGE('',*,*,#1309,.F.);
#1756=ORIENTED_EDGE('',*,*,#1310,.T.);
#1757=ORIENTED_EDGE('',*,*,#1311,.F.);
#1758=ORIENTED_EDGE('',*,*,#1310,.F.);
#1759=ORIENTED_EDGE('',*,*,#1312,.T.);
#1760=ORIENTED_EDGE('',*,*,#1313,.F.);
#1761=ORIENTED_EDGE('',*,*,#1314,.T.);
#1762=ORIENTED_EDGE('',*,*,#1315,.F.);
#1763=ORIENTED_EDGE('',*,*,#1316,.T.);
#1764=ORIENTED_EDGE('',*,*,#1317,.F.);
#1765=ORIENTED_EDGE('',*,*,#1318,.T.);
#1766=ORIENTED_EDGE('',*,*,#1319,.F.);
#1767=ORIENTED_EDGE('',*,*,#1320,.T.);
#1768=ORIENTED_EDGE('',*,*,#1321,.F.);
#1769=ORIENTED_EDGE('',*,*,#1322,.T.);
#1770=ORIENTED_EDGE('',*,*,#1323,.F.);
#1771=ORIENTED_EDGE('',*,*,#1324,.T.);
#1772=ORIENTED_EDGE('',*,*,#1324,.F.);
#1773=ORIENTED_EDGE('',*,*,#1325,.T.);
#1774=ORIENTED_EDGE('',*,*,#1321,.T.);
#1775=ORIENTED_EDGE('',*,*,#1323,.T.);
#1776=ORIENTED_EDGE('',*,*,#1313,.T.);
#1777=ORIENTED_EDGE('',*,*,#1315,.T.);
#1778=ORIENTED_EDGE('',*,*,#1317,.T.);
#1779=ORIENTED_EDGE('',*,*,#1319,.T.);
#1780=ORIENTED_EDGE('',*,*,#1325,.F.);
#1781=ORIENTED_EDGE('',*,*,#1326,.T.);
#1782=ORIENTED_EDGE('',*,*,#1327,.T.);
#1783=ORIENTED_EDGE('',*,*,#1322,.F.);
#1784=ORIENTED_EDGE('',*,*,#1328,.F.);
#1785=ORIENTED_EDGE('',*,*,#1329,.T.);
#1786=ORIENTED_EDGE('',*,*,#1328,.T.);
#1787=ORIENTED_EDGE('',*,*,#1320,.F.);
#1788=ORIENTED_EDGE('',*,*,#1330,.F.);
#1789=ORIENTED_EDGE('',*,*,#1331,.T.);
#1790=ORIENTED_EDGE('',*,*,#1330,.T.);
#1791=ORIENTED_EDGE('',*,*,#1318,.F.);
#1792=ORIENTED_EDGE('',*,*,#1332,.F.);
#1793=ORIENTED_EDGE('',*,*,#1333,.T.);
#1794=ORIENTED_EDGE('',*,*,#1332,.T.);
#1795=ORIENTED_EDGE('',*,*,#1316,.F.);
#1796=ORIENTED_EDGE('',*,*,#1334,.F.);
#1797=ORIENTED_EDGE('',*,*,#1335,.T.);
#1798=ORIENTED_EDGE('',*,*,#1334,.T.);
#1799=ORIENTED_EDGE('',*,*,#1314,.F.);
#1800=ORIENTED_EDGE('',*,*,#1336,.F.);
#1801=ORIENTED_EDGE('',*,*,#1337,.T.);
#1802=ORIENTED_EDGE('',*,*,#1336,.T.);
#1803=ORIENTED_EDGE('',*,*,#1312,.F.);
#1804=ORIENTED_EDGE('',*,*,#1327,.F.);
#1805=ORIENTED_EDGE('',*,*,#1337,.F.);
#1806=ORIENTED_EDGE('',*,*,#1326,.F.);
#1807=ORIENTED_EDGE('',*,*,#1329,.F.);
#1808=ORIENTED_EDGE('',*,*,#1331,.F.);
#1809=ORIENTED_EDGE('',*,*,#1333,.F.);
#1810=ORIENTED_EDGE('',*,*,#1335,.F.);
#1811=ORIENTED_EDGE('',*,*,#1311,.T.);
#1812=ORIENTED_EDGE('',*,*,#1338,.F.);
#1813=ORIENTED_EDGE('',*,*,#1339,.T.);
#1814=ORIENTED_EDGE('',*,*,#1340,.T.);
#1815=ORIENTED_EDGE('',*,*,#1339,.F.);
#1816=ORIENTED_EDGE('',*,*,#1338,.T.);
#1817=ORIENTED_EDGE('',*,*,#1340,.F.);
#1818=ORIENTED_EDGE('',*,*,#1341,.F.);
#1819=ORIENTED_EDGE('',*,*,#1342,.T.);
#1820=ORIENTED_EDGE('',*,*,#1343,.T.);
#1821=ORIENTED_EDGE('',*,*,#1342,.F.);
#1822=ORIENTED_EDGE('',*,*,#1341,.T.);
#1823=ORIENTED_EDGE('',*,*,#1343,.F.);
#1824=ORIENTED_EDGE('',*,*,#1344,.F.);
#1825=ORIENTED_EDGE('',*,*,#1345,.T.);
#1826=ORIENTED_EDGE('',*,*,#1346,.T.);
#1827=ORIENTED_EDGE('',*,*,#1345,.F.);
#1828=ORIENTED_EDGE('',*,*,#1346,.F.);
#1829=ORIENTED_EDGE('',*,*,#1344,.T.);
#1830=ORIENTED_EDGE('',*,*,#1347,.T.);
#1831=ORIENTED_EDGE('',*,*,#1348,.T.);
#1832=ORIENTED_EDGE('',*,*,#1347,.F.);
#1833=ORIENTED_EDGE('',*,*,#1348,.F.);
#1834=ORIENTED_EDGE('',*,*,#1349,.F.);
#1835=ORIENTED_EDGE('',*,*,#1350,.T.);
#1836=ORIENTED_EDGE('',*,*,#1351,.T.);
#1837=ORIENTED_EDGE('',*,*,#1350,.F.);
#1838=ORIENTED_EDGE('',*,*,#1349,.T.);
#1839=ORIENTED_EDGE('',*,*,#1351,.F.);
#1840=ORIENTED_EDGE('',*,*,#1352,.T.);
#1841=ORIENTED_EDGE('',*,*,#1353,.T.);
#1842=ORIENTED_EDGE('',*,*,#1354,.T.);
#1843=ORIENTED_EDGE('',*,*,#1355,.T.);
#1844=ORIENTED_EDGE('',*,*,#1356,.T.);
#1845=ORIENTED_EDGE('',*,*,#1357,.T.);
#1846=ORIENTED_EDGE('',*,*,#1358,.T.);
#1847=ORIENTED_EDGE('',*,*,#1359,.T.);
#1848=ORIENTED_EDGE('',*,*,#1352,.F.);
#1849=ORIENTED_EDGE('',*,*,#1360,.T.);
#1850=ORIENTED_EDGE('',*,*,#1361,.T.);
#1851=ORIENTED_EDGE('',*,*,#1362,.T.);
#1852=ORIENTED_EDGE('',*,*,#1356,.F.);
#1853=ORIENTED_EDGE('',*,*,#1363,.T.);
#1854=ORIENTED_EDGE('',*,*,#1364,.T.);
#1855=ORIENTED_EDGE('',*,*,#1365,.T.);
#1856=ORIENTED_EDGE('',*,*,#1361,.F.);
#1857=ORIENTED_EDGE('',*,*,#1366,.T.);
#1858=ORIENTED_EDGE('',*,*,#1367,.T.);
#1859=ORIENTED_EDGE('',*,*,#1368,.T.);
#1860=ORIENTED_EDGE('',*,*,#1364,.F.);
#1861=ORIENTED_EDGE('',*,*,#1369,.T.);
#1862=ORIENTED_EDGE('',*,*,#1370,.F.);
#1863=ORIENTED_EDGE('',*,*,#1371,.T.);
#1864=ORIENTED_EDGE('',*,*,#1372,.F.);
#1865=ORIENTED_EDGE('',*,*,#1373,.T.);
#1866=ORIENTED_EDGE('',*,*,#1374,.T.);
#1867=ORIENTED_EDGE('',*,*,#1375,.T.);
#1868=ORIENTED_EDGE('',*,*,#1376,.F.);
#1869=ORIENTED_EDGE('',*,*,#1377,.T.);
#1870=ORIENTED_EDGE('',*,*,#1378,.T.);
#1871=ORIENTED_EDGE('',*,*,#1379,.T.);
#1872=ORIENTED_EDGE('',*,*,#1374,.F.);
#1873=ORIENTED_EDGE('',*,*,#1380,.T.);
#1874=ORIENTED_EDGE('',*,*,#1381,.F.);
#1875=ORIENTED_EDGE('',*,*,#1382,.T.);
#1876=ORIENTED_EDGE('',*,*,#1383,.T.);
#1877=ORIENTED_EDGE('',*,*,#1384,.T.);
#1878=ORIENTED_EDGE('',*,*,#1385,.T.);
#1879=ORIENTED_EDGE('',*,*,#1386,.T.);
#1880=ORIENTED_EDGE('',*,*,#1387,.F.);
#1881=ORIENTED_EDGE('',*,*,#1388,.F.);
#1882=ORIENTED_EDGE('',*,*,#1389,.T.);
#1883=ORIENTED_EDGE('',*,*,#1390,.T.);
#1884=ORIENTED_EDGE('',*,*,#1385,.F.);
#1885=ORIENTED_EDGE('',*,*,#1391,.F.);
#1886=ORIENTED_EDGE('',*,*,#1392,.T.);
#1887=ORIENTED_EDGE('',*,*,#1393,.T.);
#1888=ORIENTED_EDGE('',*,*,#1389,.F.);
#1889=ORIENTED_EDGE('',*,*,#1394,.F.);
#1890=ORIENTED_EDGE('',*,*,#1395,.T.);
#1891=ORIENTED_EDGE('',*,*,#1396,.T.);
#1892=ORIENTED_EDGE('',*,*,#1392,.F.);
#1893=ORIENTED_EDGE('',*,*,#1397,.F.);
#1894=ORIENTED_EDGE('',*,*,#1398,.F.);
#1895=ORIENTED_EDGE('',*,*,#1399,.F.);
#1896=ORIENTED_EDGE('',*,*,#1400,.F.);
#1897=ORIENTED_EDGE('',*,*,#1401,.T.);
#1898=ORIENTED_EDGE('',*,*,#1402,.T.);
#1899=ORIENTED_EDGE('',*,*,#1403,.T.);
#1900=ORIENTED_EDGE('',*,*,#1404,.F.);
#1901=ORIENTED_EDGE('',*,*,#1405,.F.);
#1902=ORIENTED_EDGE('',*,*,#1406,.T.);
#1903=ORIENTED_EDGE('',*,*,#1407,.T.);
#1904=ORIENTED_EDGE('',*,*,#1402,.F.);
#1905=ORIENTED_EDGE('',*,*,#1408,.F.);
#1906=ORIENTED_EDGE('',*,*,#1409,.F.);
#1907=ORIENTED_EDGE('',*,*,#1410,.F.);
#1908=ORIENTED_EDGE('',*,*,#1411,.F.);
#1909=ORIENTED_EDGE('',*,*,#1412,.T.);
#1910=ORIENTED_EDGE('',*,*,#1409,.T.);
#1911=ORIENTED_EDGE('',*,*,#1413,.T.);
#1912=ORIENTED_EDGE('',*,*,#1406,.F.);
#1913=ORIENTED_EDGE('',*,*,#1414,.F.);
#1914=ORIENTED_EDGE('',*,*,#1398,.T.);
#1915=ORIENTED_EDGE('',*,*,#1415,.T.);
#1916=ORIENTED_EDGE('',*,*,#1395,.F.);
#1917=ORIENTED_EDGE('',*,*,#1416,.F.);
#1918=ORIENTED_EDGE('',*,*,#1417,.F.);
#1919=ORIENTED_EDGE('',*,*,#1418,.F.);
#1920=ORIENTED_EDGE('',*,*,#1419,.F.);
#1921=ORIENTED_EDGE('',*,*,#1420,.T.);
#1922=ORIENTED_EDGE('',*,*,#1421,.F.);
#1923=ORIENTED_EDGE('',*,*,#1422,.T.);
#1924=ORIENTED_EDGE('',*,*,#1423,.F.);
#1925=ORIENTED_EDGE('',*,*,#1424,.F.);
#1926=ORIENTED_EDGE('',*,*,#1425,.F.);
#1927=ORIENTED_EDGE('',*,*,#1426,.T.);
#1928=ORIENTED_EDGE('',*,*,#1427,.F.);
#1929=ORIENTED_EDGE('',*,*,#1428,.F.);
#1930=ORIENTED_EDGE('',*,*,#1429,.F.);
#1931=ORIENTED_EDGE('',*,*,#1430,.T.);
#1932=ORIENTED_EDGE('',*,*,#1431,.F.);
#1933=ORIENTED_EDGE('',*,*,#1432,.F.);
#1934=ORIENTED_EDGE('',*,*,#1433,.F.);
#1935=ORIENTED_EDGE('',*,*,#1434,.T.);
#1936=ORIENTED_EDGE('',*,*,#1435,.F.);
#1937=ORIENTED_EDGE('',*,*,#1436,.F.);
#1938=ORIENTED_EDGE('',*,*,#1437,.F.);
#1939=ORIENTED_EDGE('',*,*,#1438,.T.);
#1940=ORIENTED_EDGE('',*,*,#1439,.F.);
#1941=ORIENTED_EDGE('',*,*,#1440,.F.);
#1942=ORIENTED_EDGE('',*,*,#1441,.F.);
#1943=ORIENTED_EDGE('',*,*,#1442,.T.);
#1944=ORIENTED_EDGE('',*,*,#1443,.F.);
#1945=ORIENTED_EDGE('',*,*,#1444,.F.);
#1946=ORIENTED_EDGE('',*,*,#1445,.F.);
#1947=ORIENTED_EDGE('',*,*,#1446,.F.);
#1948=ORIENTED_EDGE('',*,*,#1447,.F.);
#1949=ORIENTED_EDGE('',*,*,#1448,.T.);
#1950=ORIENTED_EDGE('',*,*,#1449,.F.);
#1951=ORIENTED_EDGE('',*,*,#1403,.F.);
#1952=ORIENTED_EDGE('',*,*,#1407,.F.);
#1953=ORIENTED_EDGE('',*,*,#1413,.F.);
#1954=ORIENTED_EDGE('',*,*,#1412,.F.);
#1955=ORIENTED_EDGE('',*,*,#1450,.F.);
#1956=ORIENTED_EDGE('',*,*,#1375,.F.);
#1957=ORIENTED_EDGE('',*,*,#1379,.F.);
#1958=ORIENTED_EDGE('',*,*,#1451,.F.);
#1959=ORIENTED_EDGE('',*,*,#1384,.F.);
#1960=ORIENTED_EDGE('',*,*,#1452,.F.);
#1961=ORIENTED_EDGE('',*,*,#1357,.F.);
#1962=ORIENTED_EDGE('',*,*,#1362,.F.);
#1963=ORIENTED_EDGE('',*,*,#1365,.F.);
#1964=ORIENTED_EDGE('',*,*,#1368,.F.);
#1965=ORIENTED_EDGE('',*,*,#1453,.F.);
#1966=ORIENTED_EDGE('',*,*,#1373,.F.);
#1967=ORIENTED_EDGE('',*,*,#1454,.F.);
#1968=ORIENTED_EDGE('',*,*,#1386,.F.);
#1969=ORIENTED_EDGE('',*,*,#1390,.F.);
#1970=ORIENTED_EDGE('',*,*,#1393,.F.);
#1971=ORIENTED_EDGE('',*,*,#1396,.F.);
#1972=ORIENTED_EDGE('',*,*,#1415,.F.);
#1973=ORIENTED_EDGE('',*,*,#1401,.F.);
#1974=ORIENTED_EDGE('',*,*,#1455,.F.);
#1975=ORIENTED_EDGE('',*,*,#1420,.F.);
#1976=ORIENTED_EDGE('',*,*,#1456,.F.);
#1977=ORIENTED_EDGE('',*,*,#1457,.F.);
#1978=ORIENTED_EDGE('',*,*,#1458,.F.);
#1979=ORIENTED_EDGE('',*,*,#1459,.F.);
#1980=ORIENTED_EDGE('',*,*,#1460,.F.);
#1981=ORIENTED_EDGE('',*,*,#1426,.F.);
#1982=ORIENTED_EDGE('',*,*,#1461,.F.);
#1983=ORIENTED_EDGE('',*,*,#1434,.F.);
#1984=ORIENTED_EDGE('',*,*,#1462,.F.);
#1985=ORIENTED_EDGE('',*,*,#1463,.F.);
#1986=ORIENTED_EDGE('',*,*,#1464,.F.);
#1987=ORIENTED_EDGE('',*,*,#1353,.F.);
#1988=ORIENTED_EDGE('',*,*,#1359,.F.);
#1989=ORIENTED_EDGE('',*,*,#1465,.F.);
#1990=ORIENTED_EDGE('',*,*,#1422,.F.);
#1991=ORIENTED_EDGE('',*,*,#1466,.F.);
#1992=ORIENTED_EDGE('',*,*,#1467,.F.);
#1993=ORIENTED_EDGE('',*,*,#1468,.F.);
#1994=ORIENTED_EDGE('',*,*,#1430,.F.);
#1995=ORIENTED_EDGE('',*,*,#1469,.F.);
#1996=ORIENTED_EDGE('',*,*,#1448,.F.);
#1997=ORIENTED_EDGE('',*,*,#1470,.F.);
#1998=ORIENTED_EDGE('',*,*,#1471,.F.);
#1999=ORIENTED_EDGE('',*,*,#1472,.F.);
#2000=ORIENTED_EDGE('',*,*,#1473,.F.);
#2001=ORIENTED_EDGE('',*,*,#1474,.F.);
#2002=ORIENTED_EDGE('',*,*,#1475,.F.);
#2003=ORIENTED_EDGE('',*,*,#1442,.F.);
#2004=ORIENTED_EDGE('',*,*,#1476,.F.);
#2005=ORIENTED_EDGE('',*,*,#1477,.F.);
#2006=ORIENTED_EDGE('',*,*,#1478,.F.);
#2007=ORIENTED_EDGE('',*,*,#1438,.F.);
#2008=ORIENTED_EDGE('',*,*,#1479,.F.);
#2009=ORIENTED_EDGE('',*,*,#1399,.T.);
#2010=ORIENTED_EDGE('',*,*,#1416,.T.);
#2011=ORIENTED_EDGE('',*,*,#1397,.T.);
#2012=ORIENTED_EDGE('',*,*,#1394,.T.);
#2013=ORIENTED_EDGE('',*,*,#1391,.T.);
#2014=ORIENTED_EDGE('',*,*,#1388,.T.);
#2015=ORIENTED_EDGE('',*,*,#1480,.F.);
#2016=ORIENTED_EDGE('',*,*,#1371,.F.);
#2017=ORIENTED_EDGE('',*,*,#1481,.F.);
#2018=ORIENTED_EDGE('',*,*,#1369,.F.);
#2019=ORIENTED_EDGE('',*,*,#1366,.F.);
#2020=ORIENTED_EDGE('',*,*,#1363,.F.);
#2021=ORIENTED_EDGE('',*,*,#1360,.F.);
#2022=ORIENTED_EDGE('',*,*,#1355,.F.);
#2023=ORIENTED_EDGE('',*,*,#1482,.F.);
#2024=ORIENTED_EDGE('',*,*,#1483,.F.);
#2025=ORIENTED_EDGE('',*,*,#1484,.F.);
#2026=ORIENTED_EDGE('',*,*,#1432,.T.);
#2027=ORIENTED_EDGE('',*,*,#1485,.F.);
#2028=ORIENTED_EDGE('',*,*,#1486,.F.);
#2029=ORIENTED_EDGE('',*,*,#1487,.F.);
#2030=ORIENTED_EDGE('',*,*,#1428,.T.);
#2031=ORIENTED_EDGE('',*,*,#1488,.F.);
#2032=ORIENTED_EDGE('',*,*,#1489,.F.);
#2033=ORIENTED_EDGE('',*,*,#1490,.F.);
#2034=ORIENTED_EDGE('',*,*,#1444,.T.);
#2035=ORIENTED_EDGE('',*,*,#1491,.F.);
#2036=ORIENTED_EDGE('',*,*,#1492,.F.);
#2037=ORIENTED_EDGE('',*,*,#1493,.F.);
#2038=ORIENTED_EDGE('',*,*,#1436,.T.);
#2039=ORIENTED_EDGE('',*,*,#1494,.F.);
#2040=ORIENTED_EDGE('',*,*,#1495,.F.);
#2041=ORIENTED_EDGE('',*,*,#1380,.F.);
#2042=ORIENTED_EDGE('',*,*,#1377,.F.);
#2043=ORIENTED_EDGE('',*,*,#1496,.F.);
#2044=ORIENTED_EDGE('',*,*,#1410,.T.);
#2045=ORIENTED_EDGE('',*,*,#1414,.T.);
#2046=ORIENTED_EDGE('',*,*,#1408,.T.);
#2047=ORIENTED_EDGE('',*,*,#1405,.T.);
#2048=ORIENTED_EDGE('',*,*,#1497,.F.);
#2049=ORIENTED_EDGE('',*,*,#1424,.T.);
#2050=ORIENTED_EDGE('',*,*,#1498,.F.);
#2051=ORIENTED_EDGE('',*,*,#1499,.F.);
#2052=ORIENTED_EDGE('',*,*,#1500,.F.);
#2053=ORIENTED_EDGE('',*,*,#1501,.F.);
#2054=ORIENTED_EDGE('',*,*,#1502,.F.);
#2055=ORIENTED_EDGE('',*,*,#1418,.T.);
#2056=ORIENTED_EDGE('',*,*,#1503,.F.);
#2057=ORIENTED_EDGE('',*,*,#1440,.T.);
#2058=ORIENTED_EDGE('',*,*,#1504,.F.);
#2059=ORIENTED_EDGE('',*,*,#1382,.F.);
#2060=ORIENTED_EDGE('',*,*,#1505,.F.);
#2061=ORIENTED_EDGE('',*,*,#1506,.F.);
#2062=ORIENTED_EDGE('',*,*,#1507,.F.);
#2063=ORIENTED_EDGE('',*,*,#1508,.F.);
#2064=ORIENTED_EDGE('',*,*,#1446,.T.);
#2065=ORIENTED_EDGE('',*,*,#1471,.T.);
#2066=ORIENTED_EDGE('',*,*,#1509,.T.);
#2067=ORIENTED_EDGE('',*,*,#1489,.T.);
#2068=ORIENTED_EDGE('',*,*,#1510,.T.);
#2069=ORIENTED_EDGE('',*,*,#1457,.T.);
#2070=ORIENTED_EDGE('',*,*,#1511,.T.);
#2071=ORIENTED_EDGE('',*,*,#1483,.T.);
#2072=ORIENTED_EDGE('',*,*,#1512,.T.);
#2073=ORIENTED_EDGE('',*,*,#1381,.T.);
#2074=ORIENTED_EDGE('',*,*,#1451,.T.);
#2075=ORIENTED_EDGE('',*,*,#1378,.F.);
#2076=ORIENTED_EDGE('',*,*,#1495,.T.);
#2077=ORIENTED_EDGE('',*,*,#1513,.T.);
#2078=ORIENTED_EDGE('',*,*,#1505,.T.);
#2079=ORIENTED_EDGE('',*,*,#1501,.T.);
#2080=ORIENTED_EDGE('',*,*,#1514,.T.);
#2081=ORIENTED_EDGE('',*,*,#1459,.T.);
#2082=ORIENTED_EDGE('',*,*,#1515,.T.);
#2083=ORIENTED_EDGE('',*,*,#1370,.T.);
#2084=ORIENTED_EDGE('',*,*,#1453,.T.);
#2085=ORIENTED_EDGE('',*,*,#1367,.F.);
#2086=ORIENTED_EDGE('',*,*,#1481,.T.);
#2087=ORIENTED_EDGE('',*,*,#1467,.T.);
#2088=ORIENTED_EDGE('',*,*,#1516,.T.);
#2089=ORIENTED_EDGE('',*,*,#1499,.T.);
#2090=ORIENTED_EDGE('',*,*,#1517,.T.);
#2091=ORIENTED_EDGE('',*,*,#1473,.T.);
#2092=ORIENTED_EDGE('',*,*,#1518,.T.);
#2093=ORIENTED_EDGE('',*,*,#1519,.T.);
#2094=ORIENTED_EDGE('',*,*,#1486,.T.);
#2095=ORIENTED_EDGE('',*,*,#1520,.T.);
#2096=ORIENTED_EDGE('',*,*,#1477,.T.);
#2097=ORIENTED_EDGE('',*,*,#1521,.T.);
#2098=ORIENTED_EDGE('',*,*,#1492,.T.);
#2099=ORIENTED_EDGE('',*,*,#1522,.T.);
#2100=ORIENTED_EDGE('',*,*,#1523,.F.);
#2101=ORIENTED_EDGE('',*,*,#1524,.T.);
#2102=ORIENTED_EDGE('',*,*,#1518,.F.);
#2103=ORIENTED_EDGE('',*,*,#1472,.T.);
#2104=ORIENTED_EDGE('',*,*,#1441,.T.);
#2105=ORIENTED_EDGE('',*,*,#1490,.T.);
#2106=ORIENTED_EDGE('',*,*,#1521,.F.);
#2107=ORIENTED_EDGE('',*,*,#1476,.T.);
#2108=ORIENTED_EDGE('',*,*,#1437,.T.);
#2109=ORIENTED_EDGE('',*,*,#1503,.T.);
#2110=ORIENTED_EDGE('',*,*,#1513,.F.);
#2111=ORIENTED_EDGE('',*,*,#1494,.T.);
#2112=ORIENTED_EDGE('',*,*,#1435,.T.);
#2113=ORIENTED_EDGE('',*,*,#1461,.T.);
#2114=ORIENTED_EDGE('',*,*,#1525,.F.);
#2115=ORIENTED_EDGE('',*,*,#1506,.T.);
#2116=ORIENTED_EDGE('',*,*,#1445,.T.);
#2117=ORIENTED_EDGE('',*,*,#1469,.T.);
#2118=ORIENTED_EDGE('',*,*,#1510,.F.);
#2119=ORIENTED_EDGE('',*,*,#1488,.T.);
#2120=ORIENTED_EDGE('',*,*,#1427,.T.);
#2121=ORIENTED_EDGE('',*,*,#1460,.T.);
#2122=ORIENTED_EDGE('',*,*,#1514,.F.);
#2123=ORIENTED_EDGE('',*,*,#1500,.T.);
#2124=ORIENTED_EDGE('',*,*,#1417,.T.);
#2125=ORIENTED_EDGE('',*,*,#1455,.T.);
#2126=ORIENTED_EDGE('',*,*,#1512,.F.);
#2127=ORIENTED_EDGE('',*,*,#1482,.T.);
#2128=ORIENTED_EDGE('',*,*,#1354,.F.);
#2129=ORIENTED_EDGE('',*,*,#1464,.T.);
#2130=ORIENTED_EDGE('',*,*,#1421,.T.);
#2131=ORIENTED_EDGE('',*,*,#1497,.T.);
#2132=ORIENTED_EDGE('',*,*,#1516,.F.);
#2133=ORIENTED_EDGE('',*,*,#1466,.T.);
#2134=ORIENTED_EDGE('',*,*,#1429,.T.);
#2135=ORIENTED_EDGE('',*,*,#1484,.T.);
#2136=ORIENTED_EDGE('',*,*,#1519,.F.);
#2137=ORIENTED_EDGE('',*,*,#1524,.F.);
#2138=ORIENTED_EDGE('',*,*,#1508,.T.);
#2139=ORIENTED_EDGE('',*,*,#1526,.F.);
#2140=ORIENTED_EDGE('',*,*,#1462,.T.);
#2141=ORIENTED_EDGE('',*,*,#1433,.T.);
#2142=ORIENTED_EDGE('',*,*,#1493,.T.);
#2143=ORIENTED_EDGE('',*,*,#1404,.T.);
#2144=ORIENTED_EDGE('',*,*,#1449,.T.);
#2145=ORIENTED_EDGE('',*,*,#1383,.F.);
#2146=ORIENTED_EDGE('',*,*,#1504,.T.);
#2147=ORIENTED_EDGE('',*,*,#1439,.T.);
#2148=ORIENTED_EDGE('',*,*,#1478,.T.);
#2149=ORIENTED_EDGE('',*,*,#1522,.F.);
#2150=ORIENTED_EDGE('',*,*,#1491,.T.);
#2151=ORIENTED_EDGE('',*,*,#1443,.T.);
#2152=ORIENTED_EDGE('',*,*,#1475,.T.);
#2153=ORIENTED_EDGE('',*,*,#1527,.T.);
#2154=ORIENTED_EDGE('',*,*,#1528,.F.);
#2155=ORIENTED_EDGE('',*,*,#1527,.F.);
#2156=ORIENTED_EDGE('',*,*,#1474,.T.);
#2157=ORIENTED_EDGE('',*,*,#1520,.F.);
#2158=ORIENTED_EDGE('',*,*,#1485,.T.);
#2159=ORIENTED_EDGE('',*,*,#1431,.T.);
#2160=ORIENTED_EDGE('',*,*,#1468,.T.);
#2161=ORIENTED_EDGE('',*,*,#1517,.F.);
#2162=ORIENTED_EDGE('',*,*,#1498,.T.);
#2163=ORIENTED_EDGE('',*,*,#1423,.T.);
#2164=ORIENTED_EDGE('',*,*,#1465,.T.);
#2165=ORIENTED_EDGE('',*,*,#1358,.F.);
#2166=ORIENTED_EDGE('',*,*,#1452,.T.);
#2167=ORIENTED_EDGE('',*,*,#1400,.T.);
#2168=ORIENTED_EDGE('',*,*,#1479,.T.);
#2169=ORIENTED_EDGE('',*,*,#1511,.F.);
#2170=ORIENTED_EDGE('',*,*,#1456,.T.);
#2171=ORIENTED_EDGE('',*,*,#1419,.T.);
#2172=ORIENTED_EDGE('',*,*,#1502,.T.);
#2173=ORIENTED_EDGE('',*,*,#1515,.F.);
#2174=ORIENTED_EDGE('',*,*,#1458,.T.);
#2175=ORIENTED_EDGE('',*,*,#1425,.T.);
#2176=ORIENTED_EDGE('',*,*,#1487,.T.);
#2177=ORIENTED_EDGE('',*,*,#1509,.F.);
#2178=ORIENTED_EDGE('',*,*,#1470,.T.);
#2179=ORIENTED_EDGE('',*,*,#1447,.T.);
#2180=ORIENTED_EDGE('',*,*,#1507,.T.);
#2181=ORIENTED_EDGE('',*,*,#1525,.T.);
#2182=ORIENTED_EDGE('',*,*,#1463,.T.);
#2183=ORIENTED_EDGE('',*,*,#1526,.T.);
#2184=ORIENTED_EDGE('',*,*,#1529,.T.);
#2185=ORIENTED_EDGE('',*,*,#1530,.T.);
#2186=ORIENTED_EDGE('',*,*,#1531,.F.);
#2187=ORIENTED_EDGE('',*,*,#1532,.F.);
#2188=ORIENTED_EDGE('',*,*,#1533,.T.);
#2189=ORIENTED_EDGE('',*,*,#1532,.T.);
#2190=ORIENTED_EDGE('',*,*,#1534,.F.);
#2191=ORIENTED_EDGE('',*,*,#1535,.F.);
#2192=ORIENTED_EDGE('',*,*,#1523,.T.);
#2193=ORIENTED_EDGE('',*,*,#1536,.T.);
#2194=ORIENTED_EDGE('',*,*,#1535,.T.);
#2195=ORIENTED_EDGE('',*,*,#1537,.F.);
#2196=ORIENTED_EDGE('',*,*,#1538,.F.);
#2197=ORIENTED_EDGE('',*,*,#1539,.T.);
#2198=ORIENTED_EDGE('',*,*,#1538,.T.);
#2199=ORIENTED_EDGE('',*,*,#1540,.F.);
#2200=ORIENTED_EDGE('',*,*,#1530,.F.);
#2201=ORIENTED_EDGE('',*,*,#1528,.T.);
#2202=ORIENTED_EDGE('',*,*,#1539,.F.);
#2203=ORIENTED_EDGE('',*,*,#1529,.F.);
#2204=ORIENTED_EDGE('',*,*,#1533,.F.);
#2205=ORIENTED_EDGE('',*,*,#1536,.F.);
#2206=ORIENTED_EDGE('',*,*,#1496,.T.);
#2207=ORIENTED_EDGE('',*,*,#1376,.T.);
#2208=ORIENTED_EDGE('',*,*,#1450,.T.);
#2209=ORIENTED_EDGE('',*,*,#1411,.T.);
#2210=ORIENTED_EDGE('',*,*,#1540,.T.);
#2211=ORIENTED_EDGE('',*,*,#1537,.T.);
#2212=ORIENTED_EDGE('',*,*,#1534,.T.);
#2213=ORIENTED_EDGE('',*,*,#1531,.T.);
#2214=ORIENTED_EDGE('',*,*,#1454,.T.);
#2215=ORIENTED_EDGE('',*,*,#1372,.T.);
#2216=ORIENTED_EDGE('',*,*,#1480,.T.);
#2217=ORIENTED_EDGE('',*,*,#1387,.T.);
#2218=ORIENTED_EDGE('',*,*,#1541,.T.);
#2219=ORIENTED_EDGE('',*,*,#1542,.T.);
#2220=ORIENTED_EDGE('',*,*,#1543,.T.);
#2221=ORIENTED_EDGE('',*,*,#1544,.T.);
#2222=ORIENTED_EDGE('',*,*,#1545,.T.);
#2223=ORIENTED_EDGE('',*,*,#1546,.T.);
#2224=ORIENTED_EDGE('',*,*,#1547,.T.);
#2225=ORIENTED_EDGE('',*,*,#1548,.T.);
#2226=ORIENTED_EDGE('',*,*,#1541,.F.);
#2227=ORIENTED_EDGE('',*,*,#1549,.T.);
#2228=ORIENTED_EDGE('',*,*,#1550,.T.);
#2229=ORIENTED_EDGE('',*,*,#1551,.T.);
#2230=ORIENTED_EDGE('',*,*,#1545,.F.);
#2231=ORIENTED_EDGE('',*,*,#1552,.T.);
#2232=ORIENTED_EDGE('',*,*,#1553,.T.);
#2233=ORIENTED_EDGE('',*,*,#1554,.T.);
#2234=ORIENTED_EDGE('',*,*,#1550,.F.);
#2235=ORIENTED_EDGE('',*,*,#1555,.T.);
#2236=ORIENTED_EDGE('',*,*,#1556,.T.);
#2237=ORIENTED_EDGE('',*,*,#1557,.T.);
#2238=ORIENTED_EDGE('',*,*,#1553,.F.);
#2239=ORIENTED_EDGE('',*,*,#1558,.T.);
#2240=ORIENTED_EDGE('',*,*,#1559,.F.);
#2241=ORIENTED_EDGE('',*,*,#1560,.T.);
#2242=ORIENTED_EDGE('',*,*,#1561,.F.);
#2243=ORIENTED_EDGE('',*,*,#1562,.T.);
#2244=ORIENTED_EDGE('',*,*,#1563,.T.);
#2245=ORIENTED_EDGE('',*,*,#1564,.T.);
#2246=ORIENTED_EDGE('',*,*,#1565,.F.);
#2247=ORIENTED_EDGE('',*,*,#1566,.T.);
#2248=ORIENTED_EDGE('',*,*,#1567,.T.);
#2249=ORIENTED_EDGE('',*,*,#1568,.T.);
#2250=ORIENTED_EDGE('',*,*,#1563,.F.);
#2251=ORIENTED_EDGE('',*,*,#1569,.T.);
#2252=ORIENTED_EDGE('',*,*,#1570,.F.);
#2253=ORIENTED_EDGE('',*,*,#1571,.T.);
#2254=ORIENTED_EDGE('',*,*,#1572,.T.);
#2255=ORIENTED_EDGE('',*,*,#1573,.T.);
#2256=ORIENTED_EDGE('',*,*,#1574,.T.);
#2257=ORIENTED_EDGE('',*,*,#1575,.T.);
#2258=ORIENTED_EDGE('',*,*,#1576,.F.);
#2259=ORIENTED_EDGE('',*,*,#1577,.F.);
#2260=ORIENTED_EDGE('',*,*,#1578,.T.);
#2261=ORIENTED_EDGE('',*,*,#1579,.T.);
#2262=ORIENTED_EDGE('',*,*,#1574,.F.);
#2263=ORIENTED_EDGE('',*,*,#1580,.F.);
#2264=ORIENTED_EDGE('',*,*,#1581,.T.);
#2265=ORIENTED_EDGE('',*,*,#1582,.T.);
#2266=ORIENTED_EDGE('',*,*,#1578,.F.);
#2267=ORIENTED_EDGE('',*,*,#1583,.F.);
#2268=ORIENTED_EDGE('',*,*,#1584,.T.);
#2269=ORIENTED_EDGE('',*,*,#1585,.T.);
#2270=ORIENTED_EDGE('',*,*,#1581,.F.);
#2271=ORIENTED_EDGE('',*,*,#1586,.F.);
#2272=ORIENTED_EDGE('',*,*,#1587,.F.);
#2273=ORIENTED_EDGE('',*,*,#1588,.F.);
#2274=ORIENTED_EDGE('',*,*,#1589,.F.);
#2275=ORIENTED_EDGE('',*,*,#1590,.T.);
#2276=ORIENTED_EDGE('',*,*,#1591,.T.);
#2277=ORIENTED_EDGE('',*,*,#1592,.T.);
#2278=ORIENTED_EDGE('',*,*,#1593,.F.);
#2279=ORIENTED_EDGE('',*,*,#1594,.F.);
#2280=ORIENTED_EDGE('',*,*,#1595,.T.);
#2281=ORIENTED_EDGE('',*,*,#1596,.T.);
#2282=ORIENTED_EDGE('',*,*,#1591,.F.);
#2283=ORIENTED_EDGE('',*,*,#1597,.F.);
#2284=ORIENTED_EDGE('',*,*,#1598,.F.);
#2285=ORIENTED_EDGE('',*,*,#1599,.F.);
#2286=ORIENTED_EDGE('',*,*,#1600,.F.);
#2287=ORIENTED_EDGE('',*,*,#1601,.T.);
#2288=ORIENTED_EDGE('',*,*,#1598,.T.);
#2289=ORIENTED_EDGE('',*,*,#1602,.T.);
#2290=ORIENTED_EDGE('',*,*,#1595,.F.);
#2291=ORIENTED_EDGE('',*,*,#1603,.F.);
#2292=ORIENTED_EDGE('',*,*,#1587,.T.);
#2293=ORIENTED_EDGE('',*,*,#1604,.T.);
#2294=ORIENTED_EDGE('',*,*,#1584,.F.);
#2295=ORIENTED_EDGE('',*,*,#1605,.F.);
#2296=ORIENTED_EDGE('',*,*,#1606,.F.);
#2297=ORIENTED_EDGE('',*,*,#1607,.F.);
#2298=ORIENTED_EDGE('',*,*,#1608,.F.);
#2299=ORIENTED_EDGE('',*,*,#1609,.T.);
#2300=ORIENTED_EDGE('',*,*,#1610,.F.);
#2301=ORIENTED_EDGE('',*,*,#1611,.T.);
#2302=ORIENTED_EDGE('',*,*,#1612,.F.);
#2303=ORIENTED_EDGE('',*,*,#1613,.F.);
#2304=ORIENTED_EDGE('',*,*,#1614,.F.);
#2305=ORIENTED_EDGE('',*,*,#1615,.T.);
#2306=ORIENTED_EDGE('',*,*,#1616,.F.);
#2307=ORIENTED_EDGE('',*,*,#1617,.F.);
#2308=ORIENTED_EDGE('',*,*,#1618,.F.);
#2309=ORIENTED_EDGE('',*,*,#1619,.T.);
#2310=ORIENTED_EDGE('',*,*,#1620,.F.);
#2311=ORIENTED_EDGE('',*,*,#1621,.F.);
#2312=ORIENTED_EDGE('',*,*,#1622,.F.);
#2313=ORIENTED_EDGE('',*,*,#1623,.T.);
#2314=ORIENTED_EDGE('',*,*,#1624,.F.);
#2315=ORIENTED_EDGE('',*,*,#1625,.F.);
#2316=ORIENTED_EDGE('',*,*,#1626,.F.);
#2317=ORIENTED_EDGE('',*,*,#1627,.T.);
#2318=ORIENTED_EDGE('',*,*,#1628,.F.);
#2319=ORIENTED_EDGE('',*,*,#1629,.F.);
#2320=ORIENTED_EDGE('',*,*,#1630,.F.);
#2321=ORIENTED_EDGE('',*,*,#1631,.T.);
#2322=ORIENTED_EDGE('',*,*,#1632,.F.);
#2323=ORIENTED_EDGE('',*,*,#1633,.F.);
#2324=ORIENTED_EDGE('',*,*,#1634,.F.);
#2325=ORIENTED_EDGE('',*,*,#1635,.F.);
#2326=ORIENTED_EDGE('',*,*,#1636,.F.);
#2327=ORIENTED_EDGE('',*,*,#1637,.T.);
#2328=ORIENTED_EDGE('',*,*,#1638,.F.);
#2329=ORIENTED_EDGE('',*,*,#1592,.F.);
#2330=ORIENTED_EDGE('',*,*,#1596,.F.);
#2331=ORIENTED_EDGE('',*,*,#1602,.F.);
#2332=ORIENTED_EDGE('',*,*,#1601,.F.);
#2333=ORIENTED_EDGE('',*,*,#1639,.F.);
#2334=ORIENTED_EDGE('',*,*,#1564,.F.);
#2335=ORIENTED_EDGE('',*,*,#1568,.F.);
#2336=ORIENTED_EDGE('',*,*,#1640,.F.);
#2337=ORIENTED_EDGE('',*,*,#1573,.F.);
#2338=ORIENTED_EDGE('',*,*,#1641,.F.);
#2339=ORIENTED_EDGE('',*,*,#1546,.F.);
#2340=ORIENTED_EDGE('',*,*,#1551,.F.);
#2341=ORIENTED_EDGE('',*,*,#1554,.F.);
#2342=ORIENTED_EDGE('',*,*,#1557,.F.);
#2343=ORIENTED_EDGE('',*,*,#1642,.F.);
#2344=ORIENTED_EDGE('',*,*,#1562,.F.);
#2345=ORIENTED_EDGE('',*,*,#1643,.F.);
#2346=ORIENTED_EDGE('',*,*,#1575,.F.);
#2347=ORIENTED_EDGE('',*,*,#1579,.F.);
#2348=ORIENTED_EDGE('',*,*,#1582,.F.);
#2349=ORIENTED_EDGE('',*,*,#1585,.F.);
#2350=ORIENTED_EDGE('',*,*,#1604,.F.);
#2351=ORIENTED_EDGE('',*,*,#1590,.F.);
#2352=ORIENTED_EDGE('',*,*,#1644,.F.);
#2353=ORIENTED_EDGE('',*,*,#1609,.F.);
#2354=ORIENTED_EDGE('',*,*,#1645,.F.);
#2355=ORIENTED_EDGE('',*,*,#1646,.F.);
#2356=ORIENTED_EDGE('',*,*,#1647,.F.);
#2357=ORIENTED_EDGE('',*,*,#1648,.F.);
#2358=ORIENTED_EDGE('',*,*,#1649,.F.);
#2359=ORIENTED_EDGE('',*,*,#1615,.F.);
#2360=ORIENTED_EDGE('',*,*,#1650,.F.);
#2361=ORIENTED_EDGE('',*,*,#1623,.F.);
#2362=ORIENTED_EDGE('',*,*,#1651,.F.);
#2363=ORIENTED_EDGE('',*,*,#1652,.F.);
#2364=ORIENTED_EDGE('',*,*,#1653,.F.);
#2365=ORIENTED_EDGE('',*,*,#1542,.F.);
#2366=ORIENTED_EDGE('',*,*,#1548,.F.);
#2367=ORIENTED_EDGE('',*,*,#1654,.F.);
#2368=ORIENTED_EDGE('',*,*,#1611,.F.);
#2369=ORIENTED_EDGE('',*,*,#1655,.F.);
#2370=ORIENTED_EDGE('',*,*,#1656,.F.);
#2371=ORIENTED_EDGE('',*,*,#1657,.F.);
#2372=ORIENTED_EDGE('',*,*,#1619,.F.);
#2373=ORIENTED_EDGE('',*,*,#1658,.F.);
#2374=ORIENTED_EDGE('',*,*,#1637,.F.);
#2375=ORIENTED_EDGE('',*,*,#1659,.F.);
#2376=ORIENTED_EDGE('',*,*,#1660,.F.);
#2377=ORIENTED_EDGE('',*,*,#1661,.F.);
#2378=ORIENTED_EDGE('',*,*,#1662,.F.);
#2379=ORIENTED_EDGE('',*,*,#1663,.F.);
#2380=ORIENTED_EDGE('',*,*,#1664,.F.);
#2381=ORIENTED_EDGE('',*,*,#1631,.F.);
#2382=ORIENTED_EDGE('',*,*,#1665,.F.);
#2383=ORIENTED_EDGE('',*,*,#1666,.F.);
#2384=ORIENTED_EDGE('',*,*,#1667,.F.);
#2385=ORIENTED_EDGE('',*,*,#1627,.F.);
#2386=ORIENTED_EDGE('',*,*,#1668,.F.);
#2387=ORIENTED_EDGE('',*,*,#1588,.T.);
#2388=ORIENTED_EDGE('',*,*,#1605,.T.);
#2389=ORIENTED_EDGE('',*,*,#1586,.T.);
#2390=ORIENTED_EDGE('',*,*,#1583,.T.);
#2391=ORIENTED_EDGE('',*,*,#1580,.T.);
#2392=ORIENTED_EDGE('',*,*,#1577,.T.);
#2393=ORIENTED_EDGE('',*,*,#1669,.F.);
#2394=ORIENTED_EDGE('',*,*,#1560,.F.);
#2395=ORIENTED_EDGE('',*,*,#1670,.F.);
#2396=ORIENTED_EDGE('',*,*,#1558,.F.);
#2397=ORIENTED_EDGE('',*,*,#1555,.F.);
#2398=ORIENTED_EDGE('',*,*,#1552,.F.);
#2399=ORIENTED_EDGE('',*,*,#1549,.F.);
#2400=ORIENTED_EDGE('',*,*,#1544,.F.);
#2401=ORIENTED_EDGE('',*,*,#1671,.F.);
#2402=ORIENTED_EDGE('',*,*,#1672,.F.);
#2403=ORIENTED_EDGE('',*,*,#1673,.F.);
#2404=ORIENTED_EDGE('',*,*,#1621,.T.);
#2405=ORIENTED_EDGE('',*,*,#1674,.F.);
#2406=ORIENTED_EDGE('',*,*,#1675,.F.);
#2407=ORIENTED_EDGE('',*,*,#1676,.F.);
#2408=ORIENTED_EDGE('',*,*,#1617,.T.);
#2409=ORIENTED_EDGE('',*,*,#1677,.F.);
#2410=ORIENTED_EDGE('',*,*,#1678,.F.);
#2411=ORIENTED_EDGE('',*,*,#1679,.F.);
#2412=ORIENTED_EDGE('',*,*,#1633,.T.);
#2413=ORIENTED_EDGE('',*,*,#1680,.F.);
#2414=ORIENTED_EDGE('',*,*,#1681,.F.);
#2415=ORIENTED_EDGE('',*,*,#1682,.F.);
#2416=ORIENTED_EDGE('',*,*,#1625,.T.);
#2417=ORIENTED_EDGE('',*,*,#1683,.F.);
#2418=ORIENTED_EDGE('',*,*,#1684,.F.);
#2419=ORIENTED_EDGE('',*,*,#1569,.F.);
#2420=ORIENTED_EDGE('',*,*,#1566,.F.);
#2421=ORIENTED_EDGE('',*,*,#1685,.F.);
#2422=ORIENTED_EDGE('',*,*,#1599,.T.);
#2423=ORIENTED_EDGE('',*,*,#1603,.T.);
#2424=ORIENTED_EDGE('',*,*,#1597,.T.);
#2425=ORIENTED_EDGE('',*,*,#1594,.T.);
#2426=ORIENTED_EDGE('',*,*,#1686,.F.);
#2427=ORIENTED_EDGE('',*,*,#1613,.T.);
#2428=ORIENTED_EDGE('',*,*,#1687,.F.);
#2429=ORIENTED_EDGE('',*,*,#1688,.F.);
#2430=ORIENTED_EDGE('',*,*,#1689,.F.);
#2431=ORIENTED_EDGE('',*,*,#1690,.F.);
#2432=ORIENTED_EDGE('',*,*,#1691,.F.);
#2433=ORIENTED_EDGE('',*,*,#1607,.T.);
#2434=ORIENTED_EDGE('',*,*,#1692,.F.);
#2435=ORIENTED_EDGE('',*,*,#1629,.T.);
#2436=ORIENTED_EDGE('',*,*,#1693,.F.);
#2437=ORIENTED_EDGE('',*,*,#1571,.F.);
#2438=ORIENTED_EDGE('',*,*,#1694,.F.);
#2439=ORIENTED_EDGE('',*,*,#1695,.F.);
#2440=ORIENTED_EDGE('',*,*,#1696,.F.);
#2441=ORIENTED_EDGE('',*,*,#1697,.F.);
#2442=ORIENTED_EDGE('',*,*,#1635,.T.);
#2443=ORIENTED_EDGE('',*,*,#1660,.T.);
#2444=ORIENTED_EDGE('',*,*,#1698,.T.);
#2445=ORIENTED_EDGE('',*,*,#1678,.T.);
#2446=ORIENTED_EDGE('',*,*,#1699,.T.);
#2447=ORIENTED_EDGE('',*,*,#1646,.T.);
#2448=ORIENTED_EDGE('',*,*,#1700,.T.);
#2449=ORIENTED_EDGE('',*,*,#1672,.T.);
#2450=ORIENTED_EDGE('',*,*,#1701,.T.);
#2451=ORIENTED_EDGE('',*,*,#1570,.T.);
#2452=ORIENTED_EDGE('',*,*,#1640,.T.);
#2453=ORIENTED_EDGE('',*,*,#1567,.F.);
#2454=ORIENTED_EDGE('',*,*,#1684,.T.);
#2455=ORIENTED_EDGE('',*,*,#1702,.T.);
#2456=ORIENTED_EDGE('',*,*,#1694,.T.);
#2457=ORIENTED_EDGE('',*,*,#1690,.T.);
#2458=ORIENTED_EDGE('',*,*,#1703,.T.);
#2459=ORIENTED_EDGE('',*,*,#1648,.T.);
#2460=ORIENTED_EDGE('',*,*,#1704,.T.);
#2461=ORIENTED_EDGE('',*,*,#1559,.T.);
#2462=ORIENTED_EDGE('',*,*,#1642,.T.);
#2463=ORIENTED_EDGE('',*,*,#1556,.F.);
#2464=ORIENTED_EDGE('',*,*,#1670,.T.);
#2465=ORIENTED_EDGE('',*,*,#1656,.T.);
#2466=ORIENTED_EDGE('',*,*,#1705,.T.);
#2467=ORIENTED_EDGE('',*,*,#1688,.T.);
#2468=ORIENTED_EDGE('',*,*,#1706,.T.);
#2469=ORIENTED_EDGE('',*,*,#1662,.T.);
#2470=ORIENTED_EDGE('',*,*,#1707,.T.);
#2471=ORIENTED_EDGE('',*,*,#1708,.T.);
#2472=ORIENTED_EDGE('',*,*,#1675,.T.);
#2473=ORIENTED_EDGE('',*,*,#1709,.T.);
#2474=ORIENTED_EDGE('',*,*,#1666,.T.);
#2475=ORIENTED_EDGE('',*,*,#1710,.T.);
#2476=ORIENTED_EDGE('',*,*,#1681,.T.);
#2477=ORIENTED_EDGE('',*,*,#1711,.T.);
#2478=ORIENTED_EDGE('',*,*,#1712,.F.);
#2479=ORIENTED_EDGE('',*,*,#1713,.T.);
#2480=ORIENTED_EDGE('',*,*,#1707,.F.);
#2481=ORIENTED_EDGE('',*,*,#1661,.T.);
#2482=ORIENTED_EDGE('',*,*,#1630,.T.);
#2483=ORIENTED_EDGE('',*,*,#1679,.T.);
#2484=ORIENTED_EDGE('',*,*,#1710,.F.);
#2485=ORIENTED_EDGE('',*,*,#1665,.T.);
#2486=ORIENTED_EDGE('',*,*,#1626,.T.);
#2487=ORIENTED_EDGE('',*,*,#1692,.T.);
#2488=ORIENTED_EDGE('',*,*,#1702,.F.);
#2489=ORIENTED_EDGE('',*,*,#1683,.T.);
#2490=ORIENTED_EDGE('',*,*,#1624,.T.);
#2491=ORIENTED_EDGE('',*,*,#1650,.T.);
#2492=ORIENTED_EDGE('',*,*,#1714,.F.);
#2493=ORIENTED_EDGE('',*,*,#1695,.T.);
#2494=ORIENTED_EDGE('',*,*,#1634,.T.);
#2495=ORIENTED_EDGE('',*,*,#1658,.T.);
#2496=ORIENTED_EDGE('',*,*,#1699,.F.);
#2497=ORIENTED_EDGE('',*,*,#1677,.T.);
#2498=ORIENTED_EDGE('',*,*,#1616,.T.);
#2499=ORIENTED_EDGE('',*,*,#1649,.T.);
#2500=ORIENTED_EDGE('',*,*,#1703,.F.);
#2501=ORIENTED_EDGE('',*,*,#1689,.T.);
#2502=ORIENTED_EDGE('',*,*,#1606,.T.);
#2503=ORIENTED_EDGE('',*,*,#1644,.T.);
#2504=ORIENTED_EDGE('',*,*,#1701,.F.);
#2505=ORIENTED_EDGE('',*,*,#1671,.T.);
#2506=ORIENTED_EDGE('',*,*,#1543,.F.);
#2507=ORIENTED_EDGE('',*,*,#1653,.T.);
#2508=ORIENTED_EDGE('',*,*,#1610,.T.);
#2509=ORIENTED_EDGE('',*,*,#1686,.T.);
#2510=ORIENTED_EDGE('',*,*,#1705,.F.);
#2511=ORIENTED_EDGE('',*,*,#1655,.T.);
#2512=ORIENTED_EDGE('',*,*,#1618,.T.);
#2513=ORIENTED_EDGE('',*,*,#1673,.T.);
#2514=ORIENTED_EDGE('',*,*,#1708,.F.);
#2515=ORIENTED_EDGE('',*,*,#1713,.F.);
#2516=ORIENTED_EDGE('',*,*,#1697,.T.);
#2517=ORIENTED_EDGE('',*,*,#1715,.F.);
#2518=ORIENTED_EDGE('',*,*,#1651,.T.);
#2519=ORIENTED_EDGE('',*,*,#1622,.T.);
#2520=ORIENTED_EDGE('',*,*,#1682,.T.);
#2521=ORIENTED_EDGE('',*,*,#1593,.T.);
#2522=ORIENTED_EDGE('',*,*,#1638,.T.);
#2523=ORIENTED_EDGE('',*,*,#1572,.F.);
#2524=ORIENTED_EDGE('',*,*,#1693,.T.);
#2525=ORIENTED_EDGE('',*,*,#1628,.T.);
#2526=ORIENTED_EDGE('',*,*,#1667,.T.);
#2527=ORIENTED_EDGE('',*,*,#1711,.F.);
#2528=ORIENTED_EDGE('',*,*,#1680,.T.);
#2529=ORIENTED_EDGE('',*,*,#1632,.T.);
#2530=ORIENTED_EDGE('',*,*,#1664,.T.);
#2531=ORIENTED_EDGE('',*,*,#1716,.T.);
#2532=ORIENTED_EDGE('',*,*,#1717,.F.);
#2533=ORIENTED_EDGE('',*,*,#1716,.F.);
#2534=ORIENTED_EDGE('',*,*,#1663,.T.);
#2535=ORIENTED_EDGE('',*,*,#1709,.F.);
#2536=ORIENTED_EDGE('',*,*,#1674,.T.);
#2537=ORIENTED_EDGE('',*,*,#1620,.T.);
#2538=ORIENTED_EDGE('',*,*,#1657,.T.);
#2539=ORIENTED_EDGE('',*,*,#1706,.F.);
#2540=ORIENTED_EDGE('',*,*,#1687,.T.);
#2541=ORIENTED_EDGE('',*,*,#1612,.T.);
#2542=ORIENTED_EDGE('',*,*,#1654,.T.);
#2543=ORIENTED_EDGE('',*,*,#1547,.F.);
#2544=ORIENTED_EDGE('',*,*,#1641,.T.);
#2545=ORIENTED_EDGE('',*,*,#1589,.T.);
#2546=ORIENTED_EDGE('',*,*,#1668,.T.);
#2547=ORIENTED_EDGE('',*,*,#1700,.F.);
#2548=ORIENTED_EDGE('',*,*,#1645,.T.);
#2549=ORIENTED_EDGE('',*,*,#1608,.T.);
#2550=ORIENTED_EDGE('',*,*,#1691,.T.);
#2551=ORIENTED_EDGE('',*,*,#1704,.F.);
#2552=ORIENTED_EDGE('',*,*,#1647,.T.);
#2553=ORIENTED_EDGE('',*,*,#1614,.T.);
#2554=ORIENTED_EDGE('',*,*,#1676,.T.);
#2555=ORIENTED_EDGE('',*,*,#1698,.F.);
#2556=ORIENTED_EDGE('',*,*,#1659,.T.);
#2557=ORIENTED_EDGE('',*,*,#1636,.T.);
#2558=ORIENTED_EDGE('',*,*,#1696,.T.);
#2559=ORIENTED_EDGE('',*,*,#1714,.T.);
#2560=ORIENTED_EDGE('',*,*,#1652,.T.);
#2561=ORIENTED_EDGE('',*,*,#1715,.T.);
#2562=ORIENTED_EDGE('',*,*,#1718,.F.);
#2563=ORIENTED_EDGE('',*,*,#1719,.T.);
#2564=ORIENTED_EDGE('',*,*,#1720,.F.);
#2565=ORIENTED_EDGE('',*,*,#1721,.F.);
#2566=ORIENTED_EDGE('',*,*,#1717,.T.);
#2567=ORIENTED_EDGE('',*,*,#1722,.F.);
#2568=ORIENTED_EDGE('',*,*,#1721,.T.);
#2569=ORIENTED_EDGE('',*,*,#1723,.F.);
#2570=ORIENTED_EDGE('',*,*,#1724,.F.);
#2571=ORIENTED_EDGE('',*,*,#1725,.F.);
#2572=ORIENTED_EDGE('',*,*,#1724,.T.);
#2573=ORIENTED_EDGE('',*,*,#1726,.F.);
#2574=ORIENTED_EDGE('',*,*,#1727,.F.);
#2575=ORIENTED_EDGE('',*,*,#1712,.T.);
#2576=ORIENTED_EDGE('',*,*,#1728,.F.);
#2577=ORIENTED_EDGE('',*,*,#1727,.T.);
#2578=ORIENTED_EDGE('',*,*,#1729,.F.);
#2579=ORIENTED_EDGE('',*,*,#1719,.F.);
#2580=ORIENTED_EDGE('',*,*,#1728,.T.);
#2581=ORIENTED_EDGE('',*,*,#1718,.T.);
#2582=ORIENTED_EDGE('',*,*,#1722,.T.);
#2583=ORIENTED_EDGE('',*,*,#1725,.T.);
#2584=ORIENTED_EDGE('',*,*,#1685,.T.);
#2585=ORIENTED_EDGE('',*,*,#1565,.T.);
#2586=ORIENTED_EDGE('',*,*,#1639,.T.);
#2587=ORIENTED_EDGE('',*,*,#1600,.T.);
#2588=ORIENTED_EDGE('',*,*,#1729,.T.);
#2589=ORIENTED_EDGE('',*,*,#1726,.T.);
#2590=ORIENTED_EDGE('',*,*,#1723,.T.);
#2591=ORIENTED_EDGE('',*,*,#1720,.T.);
#2592=ORIENTED_EDGE('',*,*,#1643,.T.);
#2593=ORIENTED_EDGE('',*,*,#1561,.T.);
#2594=ORIENTED_EDGE('',*,*,#1669,.T.);
#2595=ORIENTED_EDGE('',*,*,#1576,.T.);
#2596=PLANE('',#2815);
#2597=PLANE('',#2816);
#2598=PLANE('',#2817);
#2599=PLANE('',#2820);
#2600=PLANE('',#2822);
#2601=PLANE('',#2827);
#2602=PLANE('',#2829);
#2603=PLANE('',#2831);
#2604=PLANE('',#2833);
#2605=PLANE('',#2835);
#2606=PLANE('',#2837);
#2607=PLANE('',#2839);
#2608=PLANE('',#2842);
#2609=PLANE('',#2843);
#2610=PLANE('',#2844);
#2611=PLANE('',#2845);
#2612=PLANE('',#2846);
#2613=PLANE('',#2847);
#2614=PLANE('',#2848);
#2615=PLANE('',#2852);
#2616=PLANE('',#2853);
#2617=PLANE('',#2857);
#2618=PLANE('',#2858);
#2619=PLANE('',#2862);
#2620=PLANE('',#2865);
#2621=PLANE('',#2869);
#2622=PLANE('',#2870);
#2623=PLANE('',#2915);
#2624=PLANE('',#2916);
#2625=PLANE('',#2917);
#2626=PLANE('',#2918);
#2627=PLANE('',#2919);
#2628=PLANE('',#2920);
#2629=PLANE('',#2965);
#2630=PLANE('',#2966);
#2631=PLANE('',#2967);
#2632=PLANE('',#2968);
#2633=PLANE('',#2969);
#2634=PLANE('',#2970);
#2635=ADVANCED_FACE('',(#496),#2596,.T.);
#2636=ADVANCED_FACE('',(#497),#2597,.T.);
#2637=ADVANCED_FACE('',(#498),#2598,.F.);
#2638=ADVANCED_FACE('',(#499),#2599,.F.);
#2639=ADVANCED_FACE('',(#500),#2600,.F.);
#2640=ADVANCED_FACE('',(#501),#379,.T.);
#2641=ADVANCED_FACE('',(#502),#2601,.F.);
#2642=ADVANCED_FACE('',(#503),#2602,.F.);
#2643=ADVANCED_FACE('',(#504),#2603,.F.);
#2644=ADVANCED_FACE('',(#505),#2604,.F.);
#2645=ADVANCED_FACE('',(#506),#2605,.F.);
#2646=ADVANCED_FACE('',(#507),#2606,.F.);
#2647=ADVANCED_FACE('',(#508),#2607,.T.);
#2648=ADVANCED_FACE('',(#509),#380,.T.);
#2649=ADVANCED_FACE('',(#510),#2608,.T.);
#2650=ADVANCED_FACE('',(#511),#2609,.T.);
#2651=ADVANCED_FACE('',(#512),#2610,.T.);
#2652=ADVANCED_FACE('',(#513),#2611,.T.);
#2653=ADVANCED_FACE('',(#514),#2612,.T.);
#2654=ADVANCED_FACE('',(#515),#2613,.T.);
#2655=ADVANCED_FACE('',(#516,#370),#2614,.F.);
#2656=ADVANCED_FACE('',(#517),#381,.T.);
#2657=ADVANCED_FACE('',(#518),#2615,.T.);
#2658=ADVANCED_FACE('',(#519),#2616,.F.);
#2659=ADVANCED_FACE('',(#520),#382,.T.);
#2660=ADVANCED_FACE('',(#521),#2617,.T.);
#2661=ADVANCED_FACE('',(#522),#2618,.F.);
#2662=ADVANCED_FACE('',(#523),#383,.F.);
#2663=ADVANCED_FACE('',(#524),#2619,.T.);
#2664=ADVANCED_FACE('',(#525),#355,.T.);
#2665=ADVANCED_FACE('',(#526),#2620,.F.);
#2666=ADVANCED_FACE('',(#527),#384,.T.);
#2667=ADVANCED_FACE('',(#528),#2621,.T.);
#2668=ADVANCED_FACE('',(#529),#2622,.F.);
#2669=ADVANCED_FACE('',(#530),#385,.F.);
#2670=ADVANCED_FACE('',(#531),#386,.F.);
#2671=ADVANCED_FACE('',(#532),#387,.F.);
#2672=ADVANCED_FACE('',(#533),#388,.F.);
#2673=ADVANCED_FACE('',(#534),#389,.F.);
#2674=ADVANCED_FACE('',(#535),#390,.F.);
#2675=ADVANCED_FACE('',(#536),#391,.F.);
#2676=ADVANCED_FACE('',(#537),#392,.F.);
#2677=ADVANCED_FACE('',(#538),#393,.F.);
#2678=ADVANCED_FACE('',(#539),#394,.F.);
#2679=ADVANCED_FACE('',(#540),#395,.F.);
#2680=ADVANCED_FACE('',(#541),#396,.F.);
#2681=ADVANCED_FACE('',(#542),#397,.F.);
#2682=ADVANCED_FACE('',(#543),#398,.F.);
#2683=ADVANCED_FACE('',(#544),#399,.F.);
#2684=ADVANCED_FACE('',(#545),#400,.F.);
#2685=ADVANCED_FACE('',(#546),#401,.F.);
#2686=ADVANCED_FACE('',(#547),#402,.F.);
#2687=ADVANCED_FACE('',(#548),#403,.F.);
#2688=ADVANCED_FACE('',(#549),#404,.F.);
#2689=ADVANCED_FACE('',(#550),#405,.F.);
#2690=ADVANCED_FACE('',(#551),#406,.F.);
#2691=ADVANCED_FACE('',(#552),#407,.F.);
#2692=ADVANCED_FACE('',(#553),#408,.F.);
#2693=ADVANCED_FACE('',(#554),#409,.F.);
#2694=ADVANCED_FACE('',(#555),#410,.F.);
#2695=ADVANCED_FACE('',(#556),#411,.F.);
#2696=ADVANCED_FACE('',(#557),#13,.F.);
#2697=ADVANCED_FACE('',(#558),#14,.F.);
#2698=ADVANCED_FACE('',(#559),#15,.F.);
#2699=ADVANCED_FACE('',(#560),#16,.F.);
#2700=ADVANCED_FACE('',(#561),#17,.F.);
#2701=ADVANCED_FACE('',(#562),#18,.F.);
#2702=ADVANCED_FACE('',(#563),#19,.F.);
#2703=ADVANCED_FACE('',(#564),#20,.F.);
#2704=ADVANCED_FACE('',(#565),#21,.F.);
#2705=ADVANCED_FACE('',(#566),#22,.F.);
#2706=ADVANCED_FACE('',(#567),#23,.F.);
#2707=ADVANCED_FACE('',(#568),#24,.F.);
#2708=ADVANCED_FACE('',(#569),#25,.F.);
#2709=ADVANCED_FACE('',(#570),#26,.F.);
#2710=ADVANCED_FACE('',(#571),#27,.F.);
#2711=ADVANCED_FACE('',(#572),#28,.F.);
#2712=ADVANCED_FACE('',(#573),#29,.F.);
#2713=ADVANCED_FACE('',(#574),#30,.F.);
#2714=ADVANCED_FACE('',(#575),#31,.F.);
#2715=ADVANCED_FACE('',(#576),#412,.F.);
#2716=ADVANCED_FACE('',(#577),#413,.F.);
#2717=ADVANCED_FACE('',(#578),#414,.F.);
#2718=ADVANCED_FACE('',(#579),#415,.F.);
#2719=ADVANCED_FACE('',(#580),#416,.F.);
#2720=ADVANCED_FACE('',(#581),#417,.F.);
#2721=ADVANCED_FACE('',(#582),#418,.F.);
#2722=ADVANCED_FACE('',(#583),#419,.F.);
#2723=ADVANCED_FACE('',(#584),#420,.F.);
#2724=ADVANCED_FACE('',(#585),#421,.F.);
#2725=ADVANCED_FACE('',(#586),#422,.F.);
#2726=ADVANCED_FACE('',(#587),#2623,.T.);
#2727=ADVANCED_FACE('',(#588,#371),#2624,.T.);
#2728=ADVANCED_FACE('',(#589),#2625,.T.);
#2729=ADVANCED_FACE('',(#590,#372),#2626,.T.);
#2730=ADVANCED_FACE('',(#591,#373),#2627,.T.);
#2731=ADVANCED_FACE('',(#592,#374),#2628,.F.);
#2732=ADVANCED_FACE('',(#593),#423,.F.);
#2733=ADVANCED_FACE('',(#594),#424,.F.);
#2734=ADVANCED_FACE('',(#595),#425,.F.);
#2735=ADVANCED_FACE('',(#596),#426,.F.);
#2736=ADVANCED_FACE('',(#597),#427,.F.);
#2737=ADVANCED_FACE('',(#598),#428,.F.);
#2738=ADVANCED_FACE('',(#599),#429,.F.);
#2739=ADVANCED_FACE('',(#600),#430,.F.);
#2740=ADVANCED_FACE('',(#601),#431,.F.);
#2741=ADVANCED_FACE('',(#602),#432,.F.);
#2742=ADVANCED_FACE('',(#603),#433,.F.);
#2743=ADVANCED_FACE('',(#604),#434,.F.);
#2744=ADVANCED_FACE('',(#605),#435,.F.);
#2745=ADVANCED_FACE('',(#606),#436,.F.);
#2746=ADVANCED_FACE('',(#607),#437,.F.);
#2747=ADVANCED_FACE('',(#608),#438,.F.);
#2748=ADVANCED_FACE('',(#609),#439,.F.);
#2749=ADVANCED_FACE('',(#610),#440,.F.);
#2750=ADVANCED_FACE('',(#611),#441,.F.);
#2751=ADVANCED_FACE('',(#612),#442,.F.);
#2752=ADVANCED_FACE('',(#613),#443,.F.);
#2753=ADVANCED_FACE('',(#614),#444,.F.);
#2754=ADVANCED_FACE('',(#615),#445,.F.);
#2755=ADVANCED_FACE('',(#616),#446,.F.);
#2756=ADVANCED_FACE('',(#617),#447,.F.);
#2757=ADVANCED_FACE('',(#618),#448,.F.);
#2758=ADVANCED_FACE('',(#619),#449,.F.);
#2759=ADVANCED_FACE('',(#620),#32,.F.);
#2760=ADVANCED_FACE('',(#621),#33,.F.);
#2761=ADVANCED_FACE('',(#622),#34,.F.);
#2762=ADVANCED_FACE('',(#623),#35,.F.);
#2763=ADVANCED_FACE('',(#624),#36,.F.);
#2764=ADVANCED_FACE('',(#625),#37,.F.);
#2765=ADVANCED_FACE('',(#626),#38,.F.);
#2766=ADVANCED_FACE('',(#627),#39,.F.);
#2767=ADVANCED_FACE('',(#628),#40,.F.);
#2768=ADVANCED_FACE('',(#629),#41,.F.);
#2769=ADVANCED_FACE('',(#630),#42,.F.);
#2770=ADVANCED_FACE('',(#631),#43,.F.);
#2771=ADVANCED_FACE('',(#632),#44,.F.);
#2772=ADVANCED_FACE('',(#633),#45,.F.);
#2773=ADVANCED_FACE('',(#634),#46,.F.);
#2774=ADVANCED_FACE('',(#635),#47,.F.);
#2775=ADVANCED_FACE('',(#636),#48,.F.);
#2776=ADVANCED_FACE('',(#637),#49,.F.);
#2777=ADVANCED_FACE('',(#638),#50,.F.);
#2778=ADVANCED_FACE('',(#639),#450,.F.);
#2779=ADVANCED_FACE('',(#640),#451,.F.);
#2780=ADVANCED_FACE('',(#641),#452,.F.);
#2781=ADVANCED_FACE('',(#642),#453,.F.);
#2782=ADVANCED_FACE('',(#643),#454,.F.);
#2783=ADVANCED_FACE('',(#644),#455,.F.);
#2784=ADVANCED_FACE('',(#645),#456,.F.);
#2785=ADVANCED_FACE('',(#646),#457,.F.);
#2786=ADVANCED_FACE('',(#647),#458,.F.);
#2787=ADVANCED_FACE('',(#648),#459,.F.);
#2788=ADVANCED_FACE('',(#649),#460,.F.);
#2789=ADVANCED_FACE('',(#650,#375),#2629,.T.);
#2790=ADVANCED_FACE('',(#651),#2630,.T.);
#2791=ADVANCED_FACE('',(#652,#376),#2631,.T.);
#2792=ADVANCED_FACE('',(#653),#2632,.T.);
#2793=ADVANCED_FACE('',(#654,#377),#2633,.T.);
#2794=ADVANCED_FACE('',(#655,#378),#2634,.F.);
#2795=CLOSED_SHELL('',(#2635,#2636,#2637,#2638,#2639,#2640,#2641,#2642,
#2643,#2644,#2645,#2646,#2647,#2648,#2649,#2650,#2651,#2652,#2653,#2654,
#2655));
#2796=CLOSED_SHELL('',(#2656,#2657,#2658));
#2797=CLOSED_SHELL('',(#2659,#2660,#2661));
#2798=CLOSED_SHELL('',(#2662,#2663,#2664,#2665));
#2799=CLOSED_SHELL('',(#2666,#2667,#2668));
#2800=CLOSED_SHELL('',(#2669,#2670,#2671,#2672,#2673,#2674,#2675,#2676,
#2677,#2678,#2679,#2680,#2681,#2682,#2683,#2684,#2685,#2686,#2687,#2688,
#2689,#2690,#2691,#2692,#2693,#2694,#2695,#2696,#2697,#2698,#2699,#2700,
#2701,#2702,#2703,#2704,#2705,#2706,#2707,#2708,#2709,#2710,#2711,#2712,
#2713,#2714,#2715,#2716,#2717,#2718,#2719,#2720,#2721,#2722,#2723,#2724,
#2725,#2726,#2727,#2728,#2729,#2730,#2731));
#2801=CLOSED_SHELL('',(#2732,#2733,#2734,#2735,#2736,#2737,#2738,#2739,
#2740,#2741,#2742,#2743,#2744,#2745,#2746,#2747,#2748,#2749,#2750,#2751,
#2752,#2753,#2754,#2755,#2756,#2757,#2758,#2759,#2760,#2761,#2762,#2763,
#2764,#2765,#2766,#2767,#2768,#2769,#2770,#2771,#2772,#2773,#2774,#2775,
#2776,#2777,#2778,#2779,#2780,#2781,#2782,#2783,#2784,#2785,#2786,#2787,
#2788,#2789,#2790,#2791,#2792,#2793,#2794));
#2802=DERIVED_UNIT_ELEMENT(#2804,1.);
#2803=DERIVED_UNIT_ELEMENT(#9236,-3.);
#2804=(
MASS_UNIT()
NAMED_UNIT(*)
SI_UNIT(.KILO.,.GRAM.)
);
#2805=DERIVED_UNIT((#2802,#2803));
#2806=MEASURE_REPRESENTATION_ITEM('density measure',
POSITIVE_RATIO_MEASURE(7850.),#2805);
#2807=PROPERTY_DEFINITION_REPRESENTATION(#2812,#2809);
#2808=PROPERTY_DEFINITION_REPRESENTATION(#2813,#2810);
#2809=REPRESENTATION('material name',(#2811),#9233);
#2810=REPRESENTATION('density',(#2806),#9233);
#2811=DESCRIPTIVE_REPRESENTATION_ITEM('Steel','Steel');
#2812=PROPERTY_DEFINITION('material property','material name',#9243);
#2813=PROPERTY_DEFINITION('material property','density of part',#9243);
#2814=AXIS2_PLACEMENT_3D('',#3379,#2971,#2972);
#2815=AXIS2_PLACEMENT_3D('',#3380,#2973,#2974);
#2816=AXIS2_PLACEMENT_3D('',#3389,#2979,#2980);
#2817=AXIS2_PLACEMENT_3D('',#3398,#2985,#2986);
#2818=AXIS2_PLACEMENT_3D('',#3399,#2987,#2988);
#2819=AXIS2_PLACEMENT_3D('',#3400,#2989,#2990);
#2820=AXIS2_PLACEMENT_3D('',#3401,#2991,#2992);
#2821=AXIS2_PLACEMENT_3D('',#3402,#2993,#2994);
#2822=AXIS2_PLACEMENT_3D('',#3403,#2995,#2996);
#2823=AXIS2_PLACEMENT_3D('',#3405,#2997,#2998);
#2824=AXIS2_PLACEMENT_3D('',#3406,#2999,#3000);
#2825=AXIS2_PLACEMENT_3D('',#3407,#3001,#3002);
#2826=AXIS2_PLACEMENT_3D('',#3410,#3004,#3005);
#2827=AXIS2_PLACEMENT_3D('',#3411,#3006,#3007);
#2828=AXIS2_PLACEMENT_3D('',#3415,#3009,#3010);
#2829=AXIS2_PLACEMENT_3D('',#3416,#3011,#3012);
#2830=AXIS2_PLACEMENT_3D('',#3419,#3014,#3015);
#2831=AXIS2_PLACEMENT_3D('',#3420,#3016,#3017);
#2832=AXIS2_PLACEMENT_3D('',#3423,#3019,#3020);
#2833=AXIS2_PLACEMENT_3D('',#3424,#3021,#3022);
#2834=AXIS2_PLACEMENT_3D('',#3427,#3024,#3025);
#2835=AXIS2_PLACEMENT_3D('',#3428,#3026,#3027);
#2836=AXIS2_PLACEMENT_3D('',#3431,#3029,#3030);
#2837=AXIS2_PLACEMENT_3D('',#3432,#3031,#3032);
#2838=AXIS2_PLACEMENT_3D('',#3434,#3034,#3035);
#2839=AXIS2_PLACEMENT_3D('',#3435,#3036,#3037);
#2840=AXIS2_PLACEMENT_3D('',#3437,#3038,#3039);
#2841=AXIS2_PLACEMENT_3D('',#3438,#3040,#3041);
#2842=AXIS2_PLACEMENT_3D('',#3440,#3043,#3044);
#2843=AXIS2_PLACEMENT_3D('',#3446,#3048,#3049);
#2844=AXIS2_PLACEMENT_3D('',#3450,#3052,#3053);
#2845=AXIS2_PLACEMENT_3D('',#3454,#3056,#3057);
#2846=AXIS2_PLACEMENT_3D('',#3458,#3060,#3061);
#2847=AXIS2_PLACEMENT_3D('',#3462,#3064,#3065);
#2848=AXIS2_PLACEMENT_3D('',#3464,#3067,#3068);
#2849=AXIS2_PLACEMENT_3D('',#3465,#3069,#3070);
#2850=AXIS2_PLACEMENT_3D('',#3467,#3071,#3072);
#2851=AXIS2_PLACEMENT_3D('',#3470,#3074,#3075);
#2852=AXIS2_PLACEMENT_3D('',#3471,#3076,#3077);
#2853=AXIS2_PLACEMENT_3D('',#3472,#3078,#3079);
#2854=AXIS2_PLACEMENT_3D('',#3473,#3080,#3081);
#2855=AXIS2_PLACEMENT_3D('',#3475,#3082,#3083);
#2856=AXIS2_PLACEMENT_3D('',#3478,#3085,#3086);
#2857=AXIS2_PLACEMENT_3D('',#3479,#3087,#3088);
#2858=AXIS2_PLACEMENT_3D('',#3480,#3089,#3090);
#2859=AXIS2_PLACEMENT_3D('',#3481,#3091,#3092);
#2860=AXIS2_PLACEMENT_3D('',#3483,#3093,#3094);
#2861=AXIS2_PLACEMENT_3D('',#3486,#3096,#3097);
#2862=AXIS2_PLACEMENT_3D('',#3487,#3098,#3099);
#2863=AXIS2_PLACEMENT_3D('',#3516,#3100,#3101);
#2864=AXIS2_PLACEMENT_3D('',#3517,#3102,#3103);
#2865=AXIS2_PLACEMENT_3D('',#3518,#3104,#3105);
#2866=AXIS2_PLACEMENT_3D('',#3519,#3106,#3107);
#2867=AXIS2_PLACEMENT_3D('',#3521,#3108,#3109);
#2868=AXIS2_PLACEMENT_3D('',#3524,#3111,#3112);
#2869=AXIS2_PLACEMENT_3D('',#3525,#3113,#3114);
#2870=AXIS2_PLACEMENT_3D('',#3526,#3115,#3116);
#2871=AXIS2_PLACEMENT_3D('',#3527,#3117,#3118);
#2872=AXIS2_PLACEMENT_3D('',#3551,#3120,#3121);
#2873=AXIS2_PLACEMENT_3D('',#3610,#3123,#3124);
#2874=AXIS2_PLACEMENT_3D('',#3664,#3126,#3127);
#2875=AXIS2_PLACEMENT_3D('',#3712,#3129,#3130);
#2876=AXIS2_PLACEMENT_3D('',#3763,#3132,#3133);
#2877=AXIS2_PLACEMENT_3D('',#3773,#3135,#3136);
#2878=AXIS2_PLACEMENT_3D('',#3784,#3137,#3138);
#2879=AXIS2_PLACEMENT_3D('',#3803,#3140,#3141);
#2880=AXIS2_PLACEMENT_3D('',#3823,#3142,#3143);
#2881=AXIS2_PLACEMENT_3D('',#3877,#3145,#3146);
#2882=AXIS2_PLACEMENT_3D('',#3901,#3148,#3149);
#2883=AXIS2_PLACEMENT_3D('',#3915,#3151,#3152);
#2884=AXIS2_PLACEMENT_3D('',#3925,#3153,#3154);
#2885=AXIS2_PLACEMENT_3D('',#3949,#3156,#3157);
#2886=AXIS2_PLACEMENT_3D('',#3974,#3159,#3160);
#2887=AXIS2_PLACEMENT_3D('',#3999,#3162,#3163);
#2888=AXIS2_PLACEMENT_3D('',#4025,#3165,#3166);
#2889=AXIS2_PLACEMENT_3D('',#4046,#3168,#3169);
#2890=AXIS2_PLACEMENT_3D('',#4071,#3171,#3172);
#2891=AXIS2_PLACEMENT_3D('',#4082,#3174,#3175);
#2892=AXIS2_PLACEMENT_3D('',#4088,#3176,#3177);
#2893=AXIS2_PLACEMENT_3D('',#4110,#3178,#3179);
#2894=AXIS2_PLACEMENT_3D('',#4132,#3180,#3181);
#2895=AXIS2_PLACEMENT_3D('',#4155,#3182,#3183);
#2896=AXIS2_PLACEMENT_3D('',#4180,#3184,#3185);
#2897=AXIS2_PLACEMENT_3D('',#4206,#3186,#3187);
#2898=AXIS2_PLACEMENT_3D('',#4231,#3188,#3189);
#2899=AXIS2_PLACEMENT_3D('',#4256,#3190,#3191);
#2900=AXIS2_PLACEMENT_3D('',#4282,#3192,#3193);
#2901=AXIS2_PLACEMENT_3D('',#4305,#3194,#3195);
#2902=AXIS2_PLACEMENT_3D('',#6249,#3196,#3197);
#2903=AXIS2_PLACEMENT_3D('',#6262,#3198,#3199);
#2904=AXIS2_PLACEMENT_3D('',#6273,#3200,#3201);
#2905=AXIS2_PLACEMENT_3D('',#6286,#3202,#3203);
#2906=AXIS2_PLACEMENT_3D('',#6297,#3204,#3205);
#2907=AXIS2_PLACEMENT_3D('',#6298,#3206,#3207);
#2908=AXIS2_PLACEMENT_3D('',#6309,#3208,#3209);
#2909=AXIS2_PLACEMENT_3D('',#6323,#3210,#3211);
#2910=AXIS2_PLACEMENT_3D('',#6334,#3212,#3213);
#2911=AXIS2_PLACEMENT_3D('',#6336,#3214,#3215);
#2912=AXIS2_PLACEMENT_3D('',#6342,#3217,#3218);
#2913=AXIS2_PLACEMENT_3D('',#6351,#3220,#3221);
#2914=AXIS2_PLACEMENT_3D('',#6352,#3222,#3223);
#2915=AXIS2_PLACEMENT_3D('',#6353,#3224,#3225);
#2916=AXIS2_PLACEMENT_3D('',#6362,#3230,#3231);
#2917=AXIS2_PLACEMENT_3D('',#6368,#3235,#3236);
#2918=AXIS2_PLACEMENT_3D('',#6374,#3240,#3241);
#2919=AXIS2_PLACEMENT_3D('',#6377,#3244,#3245);
#2920=AXIS2_PLACEMENT_3D('',#6378,#3246,#3247);
#2921=AXIS2_PLACEMENT_3D('',#6379,#3248,#3249);
#2922=AXIS2_PLACEMENT_3D('',#6403,#3251,#3252);
#2923=AXIS2_PLACEMENT_3D('',#6462,#3254,#3255);
#2924=AXIS2_PLACEMENT_3D('',#6516,#3257,#3258);
#2925=AXIS2_PLACEMENT_3D('',#6564,#3260,#3261);
#2926=AXIS2_PLACEMENT_3D('',#6615,#3263,#3264);
#2927=AXIS2_PLACEMENT_3D('',#6625,#3266,#3267);
#2928=AXIS2_PLACEMENT_3D('',#6636,#3268,#3269);
#2929=AXIS2_PLACEMENT_3D('',#6655,#3271,#3272);
#2930=AXIS2_PLACEMENT_3D('',#6675,#3273,#3274);
#2931=AXIS2_PLACEMENT_3D('',#6729,#3276,#3277);
#2932=AXIS2_PLACEMENT_3D('',#6753,#3279,#3280);
#2933=AXIS2_PLACEMENT_3D('',#6767,#3282,#3283);
#2934=AXIS2_PLACEMENT_3D('',#6777,#3284,#3285);
#2935=AXIS2_PLACEMENT_3D('',#6801,#3287,#3288);
#2936=AXIS2_PLACEMENT_3D('',#6826,#3290,#3291);
#2937=AXIS2_PLACEMENT_3D('',#6851,#3293,#3294);
#2938=AXIS2_PLACEMENT_3D('',#6877,#3296,#3297);
#2939=AXIS2_PLACEMENT_3D('',#6898,#3299,#3300);
#2940=AXIS2_PLACEMENT_3D('',#6923,#3302,#3303);
#2941=AXIS2_PLACEMENT_3D('',#6934,#3305,#3306);
#2942=AXIS2_PLACEMENT_3D('',#6940,#3307,#3308);
#2943=AXIS2_PLACEMENT_3D('',#6962,#3309,#3310);
#2944=AXIS2_PLACEMENT_3D('',#6984,#3311,#3312);
#2945=AXIS2_PLACEMENT_3D('',#7007,#3313,#3314);
#2946=AXIS2_PLACEMENT_3D('',#7032,#3315,#3316);
#2947=AXIS2_PLACEMENT_3D('',#7058,#3317,#3318);
#2948=AXIS2_PLACEMENT_3D('',#7083,#3319,#3320);
#2949=AXIS2_PLACEMENT_3D('',#7108,#3321,#3322);
#2950=AXIS2_PLACEMENT_3D('',#7134,#3323,#3324);
#2951=AXIS2_PLACEMENT_3D('',#7157,#3325,#3326);
#2952=AXIS2_PLACEMENT_3D('',#9101,#3327,#3328);
#2953=AXIS2_PLACEMENT_3D('',#9114,#3329,#3330);
#2954=AXIS2_PLACEMENT_3D('',#9125,#3331,#3332);
#2955=AXIS2_PLACEMENT_3D('',#9138,#3333,#3334);
#2956=AXIS2_PLACEMENT_3D('',#9149,#3335,#3336);
#2957=AXIS2_PLACEMENT_3D('',#9150,#3337,#3338);
#2958=AXIS2_PLACEMENT_3D('',#9161,#3339,#3340);
#2959=AXIS2_PLACEMENT_3D('',#9175,#3341,#3342);
#2960=AXIS2_PLACEMENT_3D('',#9186,#3343,#3344);
#2961=AXIS2_PLACEMENT_3D('',#9188,#3345,#3346);
#2962=AXIS2_PLACEMENT_3D('',#9194,#3348,#3349);
#2963=AXIS2_PLACEMENT_3D('',#9203,#3351,#3352);
#2964=AXIS2_PLACEMENT_3D('',#9204,#3353,#3354);
#2965=AXIS2_PLACEMENT_3D('',#9205,#3355,#3356);
#2966=AXIS2_PLACEMENT_3D('',#9214,#3361,#3362);
#2967=AXIS2_PLACEMENT_3D('',#9220,#3366,#3367);
#2968=AXIS2_PLACEMENT_3D('',#9226,#3371,#3372);
#2969=AXIS2_PLACEMENT_3D('',#9229,#3375,#3376);
#2970=AXIS2_PLACEMENT_3D('',#9230,#3377,#3378);
#2971=DIRECTION('axis',(0.,0.,1.));
#2972=DIRECTION('refdir',(1.,0.,0.));
#2973=DIRECTION('center_axis',(1.,0.,0.));
#2974=DIRECTION('ref_axis',(0.,-1.,0.));
#2975=DIRECTION('',(0.,1.,0.));
#2976=DIRECTION('',(0.,0.,-1.));
#2977=DIRECTION('',(0.,-1.,0.));
#2978=DIRECTION('',(0.,0.,-1.));
#2979=DIRECTION('center_axis',(-1.,0.,0.));
#2980=DIRECTION('ref_axis',(0.,1.,0.));
#2981=DIRECTION('',(0.,-1.,0.));
#2982=DIRECTION('',(0.,0.,-1.));
#2983=DIRECTION('',(0.,1.,0.));
#2984=DIRECTION('',(0.,0.,-1.));
#2985=DIRECTION('center_axis',(0.,0.,1.));
#2986=DIRECTION('ref_axis',(1.,0.,0.));
#2987=DIRECTION('center_axis',(0.,0.,-1.));
#2988=DIRECTION('ref_axis',(1.,0.,0.));
#2989=DIRECTION('center_axis',(0.,0.,-1.));
#2990=DIRECTION('ref_axis',(1.,0.,0.));
#2991=DIRECTION('center_axis',(0.,0.,1.));
#2992=DIRECTION('ref_axis',(1.,0.,0.));
#2993=DIRECTION('center_axis',(0.,0.,-1.));
#2994=DIRECTION('ref_axis',(1.,0.,0.));
#2995=DIRECTION('center_axis',(0.,0.,1.));
#2996=DIRECTION('ref_axis',(1.,0.,0.));
#2997=DIRECTION('center_axis',(0.,0.,-1.));
#2998=DIRECTION('ref_axis',(1.,0.,0.));
#2999=DIRECTION('center_axis',(0.,0.,-1.));
#3000=DIRECTION('ref_axis',(1.,0.,0.));
#3001=DIRECTION('center_axis',(0.,0.,-1.));
#3002=DIRECTION('ref_axis',(1.,0.,0.));
#3003=DIRECTION('',(0.,0.,1.));
#3004=DIRECTION('center_axis',(0.,0.,1.));
#3005=DIRECTION('ref_axis',(1.,0.,0.));
#3006=DIRECTION('center_axis',(0.,0.,1.));
#3007=DIRECTION('ref_axis',(1.,0.,0.));
#3008=DIRECTION('',(0.5,0.866025403784438,0.));
#3009=DIRECTION('center_axis',(0.,0.,1.));
#3010=DIRECTION('ref_axis',(1.,0.,0.));
#3011=DIRECTION('center_axis',(0.,0.,1.));
#3012=DIRECTION('ref_axis',(1.,0.,0.));
#3013=DIRECTION('',(-0.5,0.866025403784439,0.));
#3014=DIRECTION('center_axis',(0.,0.,1.));
#3015=DIRECTION('ref_axis',(1.,0.,0.));
#3016=DIRECTION('center_axis',(0.,0.,1.));
#3017=DIRECTION('ref_axis',(1.,0.,0.));
#3018=DIRECTION('',(-1.,2.22044604925031E-16,0.));
#3019=DIRECTION('center_axis',(0.,0.,1.));
#3020=DIRECTION('ref_axis',(1.,0.,0.));
#3021=DIRECTION('center_axis',(0.,0.,1.));
#3022=DIRECTION('ref_axis',(1.,0.,0.));
#3023=DIRECTION('',(-0.5,-0.866025403784438,0.));
#3024=DIRECTION('center_axis',(0.,0.,1.));
#3025=DIRECTION('ref_axis',(1.,0.,0.));
#3026=DIRECTION('center_axis',(0.,0.,1.));
#3027=DIRECTION('ref_axis',(1.,0.,0.));
#3028=DIRECTION('',(0.5,-0.866025403784439,0.));
#3029=DIRECTION('center_axis',(0.,0.,1.));
#3030=DIRECTION('ref_axis',(1.,0.,0.));
#3031=DIRECTION('center_axis',(0.,0.,1.));
#3032=DIRECTION('ref_axis',(1.,0.,0.));
#3033=DIRECTION('',(1.,-6.66133814775094E-16,0.));
#3034=DIRECTION('center_axis',(0.,0.,1.));
#3035=DIRECTION('ref_axis',(1.,0.,0.));
#3036=DIRECTION('center_axis',(0.,0.,1.));
#3037=DIRECTION('ref_axis',(1.,0.,0.));
#3038=DIRECTION('center_axis',(0.,0.,1.));
#3039=DIRECTION('ref_axis',(1.,0.,0.));
#3040=DIRECTION('center_axis',(0.,0.,1.));
#3041=DIRECTION('ref_axis',(1.,0.,0.));
#3042=DIRECTION('',(0.,0.,-1.));
#3043=DIRECTION('center_axis',(-6.66133814775094E-16,-1.,0.));
#3044=DIRECTION('ref_axis',(1.,-6.66133814775094E-16,0.));
#3045=DIRECTION('',(1.,-6.66133814775094E-16,0.));
#3046=DIRECTION('',(0.,0.,1.));
#3047=DIRECTION('',(0.,0.,1.));
#3048=DIRECTION('center_axis',(-0.866025403784439,-0.5,0.));
#3049=DIRECTION('ref_axis',(0.5,-0.866025403784439,0.));
#3050=DIRECTION('',(0.5,-0.866025403784439,0.));
#3051=DIRECTION('',(0.,0.,1.));
#3052=DIRECTION('center_axis',(-0.866025403784438,0.5,0.));
#3053=DIRECTION('ref_axis',(-0.5,-0.866025403784438,0.));
#3054=DIRECTION('',(-0.5,-0.866025403784438,0.));
#3055=DIRECTION('',(0.,0.,1.));
#3056=DIRECTION('center_axis',(2.22044604925031E-16,1.,0.));
#3057=DIRECTION('ref_axis',(-1.,2.22044604925031E-16,0.));
#3058=DIRECTION('',(-1.,2.22044604925031E-16,0.));
#3059=DIRECTION('',(0.,0.,1.));
#3060=DIRECTION('center_axis',(0.866025403784439,0.5,0.));
#3061=DIRECTION('ref_axis',(-0.5,0.866025403784439,0.));
#3062=DIRECTION('',(-0.5,0.866025403784439,0.));
#3063=DIRECTION('',(0.,0.,1.));
#3064=DIRECTION('center_axis',(0.866025403784438,-0.5,0.));
#3065=DIRECTION('ref_axis',(0.5,0.866025403784438,0.));
#3066=DIRECTION('',(0.5,0.866025403784438,0.));
#3067=DIRECTION('center_axis',(0.,0.,1.));
#3068=DIRECTION('ref_axis',(1.,0.,0.));
#3069=DIRECTION('center_axis',(0.,0.,1.));
#3070=DIRECTION('ref_axis',(1.,0.,0.));
#3071=DIRECTION('center_axis',(0.,0.,1.));
#3072=DIRECTION('ref_axis',(1.,0.,0.));
#3073=DIRECTION('',(0.,0.,-1.));
#3074=DIRECTION('center_axis',(0.,0.,1.));
#3075=DIRECTION('ref_axis',(1.,0.,0.));
#3076=DIRECTION('center_axis',(0.,0.,1.));
#3077=DIRECTION('ref_axis',(1.,0.,0.));
#3078=DIRECTION('center_axis',(0.,0.,1.));
#3079=DIRECTION('ref_axis',(1.,0.,0.));
#3080=DIRECTION('center_axis',(0.,0.,1.));
#3081=DIRECTION('ref_axis',(1.,0.,0.));
#3082=DIRECTION('center_axis',(0.,0.,-1.));
#3083=DIRECTION('ref_axis',(1.,0.,0.));
#3084=DIRECTION('',(0.,0.,-1.));
#3085=DIRECTION('center_axis',(0.,0.,-1.));
#3086=DIRECTION('ref_axis',(1.,0.,0.));
#3087=DIRECTION('center_axis',(0.,0.,1.));
#3088=DIRECTION('ref_axis',(1.,0.,0.));
#3089=DIRECTION('center_axis',(0.,0.,1.));
#3090=DIRECTION('ref_axis',(1.,0.,0.));
#3091=DIRECTION('center_axis',(0.,0.,-1.));
#3092=DIRECTION('ref_axis',(-1.,0.,0.));
#3093=DIRECTION('center_axis',(0.,0.,-1.));
#3094=DIRECTION('ref_axis',(-1.,0.,0.));
#3095=DIRECTION('',(0.,0.,-1.));
#3096=DIRECTION('center_axis',(0.,0.,-1.));
#3097=DIRECTION('ref_axis',(-1.,0.,0.));
#3098=DIRECTION('center_axis',(0.,0.,1.));
#3099=DIRECTION('ref_axis',(-1.,0.,0.));
#3100=DIRECTION('center_axis',(1.22464679914735E-16,1.,0.));
#3101=DIRECTION('ref_axis',(1.,-1.22464679914735E-16,0.));
#3102=DIRECTION('center_axis',(0.,0.,1.));
#3103=DIRECTION('ref_axis',(1.,0.,0.));
#3104=DIRECTION('center_axis',(0.,0.,1.));
#3105=DIRECTION('ref_axis',(1.,0.,0.));
#3106=DIRECTION('center_axis',(0.,0.,1.));
#3107=DIRECTION('ref_axis',(-1.,0.,0.));
#3108=DIRECTION('center_axis',(0.,0.,1.));
#3109=DIRECTION('ref_axis',(-1.,0.,0.));
#3110=DIRECTION('',(0.,0.,-1.));
#3111=DIRECTION('center_axis',(0.,0.,1.));
#3112=DIRECTION('ref_axis',(-1.,0.,0.));
#3113=DIRECTION('center_axis',(0.,0.,1.));
#3114=DIRECTION('ref_axis',(-1.,0.,0.));
#3115=DIRECTION('center_axis',(0.,0.,1.));
#3116=DIRECTION('ref_axis',(-1.,0.,0.));
#3117=DIRECTION('center_axis',(0.,0.,-1.));
#3118=DIRECTION('ref_axis',(1.,0.,0.));
#3119=DIRECTION('',(0.,0.,1.));
#3120=DIRECTION('center_axis',(0.,0.,-1.));
#3121=DIRECTION('ref_axis',(1.,0.,0.));
#3122=DIRECTION('',(0.,0.,1.));
#3123=DIRECTION('center_axis',(0.,0.,-1.));
#3124=DIRECTION('ref_axis',(1.,0.,0.));
#3125=DIRECTION('',(0.,0.,1.));
#3126=DIRECTION('center_axis',(0.,0.,-1.));
#3127=DIRECTION('ref_axis',(1.,0.,0.));
#3128=DIRECTION('',(0.,0.,1.));
#3129=DIRECTION('center_axis',(0.,0.,-1.));
#3130=DIRECTION('ref_axis',(1.,0.,0.));
#3131=DIRECTION('',(0.,0.,1.));
#3132=DIRECTION('center_axis',(0.,0.,-1.));
#3133=DIRECTION('ref_axis',(-0.345489670788991,0.938422552679823,0.));
#3134=DIRECTION('',(0.,0.,1.));
#3135=DIRECTION('center_axis',(0.,0.,1.));
#3136=DIRECTION('ref_axis',(1.,0.,0.));
#3137=DIRECTION('center_axis',(0.,0.,-1.));
#3138=DIRECTION('ref_axis',(0.938560898256493,-0.345113662818447,0.));
#3139=DIRECTION('',(0.,0.,1.));
#3140=DIRECTION('center_axis',(0.,0.,1.));
#3141=DIRECTION('ref_axis',(1.,0.,0.));
#3142=DIRECTION('center_axis',(0.,0.,-1.));
#3143=DIRECTION('ref_axis',(1.,0.,0.));
#3144=DIRECTION('',(0.,0.,1.));
#3145=DIRECTION('center_axis',(0.,0.,-1.));
#3146=DIRECTION('ref_axis',(1.,0.,0.));
#3147=DIRECTION('',(0.,0.,1.));
#3148=DIRECTION('center_axis',(0.,0.,-1.));
#3149=DIRECTION('ref_axis',(0.793293314864413,0.608839647683551,0.));
#3150=DIRECTION('',(1.22464679914735E-16,-7.24391454540284E-30,-1.));
#3151=DIRECTION('center_axis',(0.,0.,1.));
#3152=DIRECTION('ref_axis',(1.,-5.90285864676189E-14,0.));
#3153=DIRECTION('center_axis',(0.,0.,-1.));
#3154=DIRECTION('ref_axis',(1.,-5.90285864676189E-14,0.));
#3155=DIRECTION('',(1.22464679914735E-16,-7.24391454540284E-30,-1.));
#3156=DIRECTION('center_axis',(0.,0.,-1.));
#3157=DIRECTION('ref_axis',(1.,-5.90285864676189E-14,0.));
#3158=DIRECTION('',(1.22464679914735E-16,-7.24391454540284E-30,-1.));
#3159=DIRECTION('center_axis',(0.,0.,-1.));
#3160=DIRECTION('ref_axis',(1.,-5.90285864676189E-14,0.));
#3161=DIRECTION('',(1.22464679914735E-16,-7.24391454540284E-30,-1.));
#3162=DIRECTION('center_axis',(0.,0.,-1.));
#3163=DIRECTION('ref_axis',(0.561939841498509,-0.827178103274398,0.));
#3164=DIRECTION('',(1.22464679914735E-16,-7.24391454540284E-30,-1.));
#3165=DIRECTION('center_axis',(0.,0.,-1.));
#3166=DIRECTION('ref_axis',(-0.725582388154957,0.688135305008651,0.));
#3167=DIRECTION('',(1.22464679914735E-16,-7.24391454540284E-30,-1.));
#3168=DIRECTION('center_axis',(0.,0.,-1.));
#3169=DIRECTION('ref_axis',(1.,-5.90285864676189E-14,0.));
#3170=DIRECTION('',(1.22464679914735E-16,-7.24391454540284E-30,-1.));
#3171=DIRECTION('center_axis',(0.,0.,-1.));
#3172=DIRECTION('ref_axis',(-0.608982029440768,-0.793184018887297,0.));
#3173=DIRECTION('',(1.22464679914735E-16,-7.24391454540284E-30,-1.));
#3174=DIRECTION('center_axis',(0.,0.,-1.));
#3175=DIRECTION('ref_axis',(1.,-5.90285864676189E-14,0.));
#3176=DIRECTION('center_axis',(0.,0.,-1.));
#3177=DIRECTION('ref_axis',(1.,-5.90285864676189E-14,0.));
#3178=DIRECTION('center_axis',(0.,0.,-1.));
#3179=DIRECTION('ref_axis',(1.,-5.90285864676189E-14,0.));
#3180=DIRECTION('center_axis',(0.,0.,-1.));
#3181=DIRECTION('ref_axis',(1.,-5.90285864676189E-14,0.));
#3182=DIRECTION('center_axis',(0.,0.,-1.));
#3183=DIRECTION('ref_axis',(-0.997444694718305,0.0714428511350697,0.));
#3184=DIRECTION('center_axis',(0.,0.,-1.));
#3185=DIRECTION('ref_axis',(1.,-5.90285864676189E-14,0.));
#3186=DIRECTION('center_axis',(0.,0.,-1.));
#3187=DIRECTION('ref_axis',(-0.999847100371504,0.017486448429994,0.));
#3188=DIRECTION('center_axis',(0.,0.,-1.));
#3189=DIRECTION('ref_axis',(1.,-5.90285864676189E-14,0.));
#3190=DIRECTION('center_axis',(0.,0.,-1.));
#3191=DIRECTION('ref_axis',(-0.998432941563695,-0.0559612473097804,0.));
#3192=DIRECTION('center_axis',(0.,0.,-1.));
#3193=DIRECTION('ref_axis',(-0.999921864810162,-0.0125005709697173,0.));
#3194=DIRECTION('center_axis',(0.,0.,-1.));
#3195=DIRECTION('ref_axis',(1.,-5.90285864676189E-14,0.));
#3196=DIRECTION('center_axis',(0.,0.,-1.));
#3197=DIRECTION('ref_axis',(1.,0.,0.));
#3198=DIRECTION('center_axis',(0.,0.,-1.));
#3199=DIRECTION('ref_axis',(1.,0.,0.));
#3200=DIRECTION('center_axis',(0.,0.,-1.));
#3201=DIRECTION('ref_axis',(1.,0.,0.));
#3202=DIRECTION('center_axis',(0.,0.,-1.));
#3203=DIRECTION('ref_axis',(1.,0.,0.));
#3204=DIRECTION('center_axis',(0.,0.,-1.));
#3205=DIRECTION('ref_axis',(1.,0.,0.));
#3206=DIRECTION('center_axis',(0.,0.,-1.));
#3207=DIRECTION('ref_axis',(-0.998866272739252,0.0476042979571702,0.));
#3208=DIRECTION('center_axis',(0.,0.,-1.));
#3209=DIRECTION('ref_axis',(-0.999976754963783,0.00681832326174372,0.));
#3210=DIRECTION('center_axis',(0.,0.,-1.));
#3211=DIRECTION('ref_axis',(-0.999265437935704,-0.0383221156405366,0.));
#3212=DIRECTION('center_axis',(0.,1.,0.));
#3213=DIRECTION('ref_axis',(1.,0.,0.));
#3214=DIRECTION('center_axis',(0.,1.,0.));
#3215=DIRECTION('ref_axis',(1.,0.,0.));
#3216=DIRECTION('',(0.,1.,0.));
#3217=DIRECTION('center_axis',(0.,1.,0.));
#3218=DIRECTION('ref_axis',(1.,0.,0.));
#3219=DIRECTION('',(0.,1.,0.));
#3220=DIRECTION('center_axis',(0.,-1.,0.));
#3221=DIRECTION('ref_axis',(1.,0.,0.));
#3222=DIRECTION('center_axis',(0.,0.,-1.));
#3223=DIRECTION('ref_axis',(1.,0.,0.));
#3224=DIRECTION('center_axis',(-1.,0.,0.));
#3225=DIRECTION('ref_axis',(0.,1.,0.));
#3226=DIRECTION('',(0.,1.,0.));
#3227=DIRECTION('',(0.,0.,-1.));
#3228=DIRECTION('',(0.,1.,0.));
#3229=DIRECTION('',(0.,0.,-1.));
#3230=DIRECTION('center_axis',(0.,-1.,0.));
#3231=DIRECTION('ref_axis',(-1.,0.,0.));
#3232=DIRECTION('',(-1.,0.,0.));
#3233=DIRECTION('',(-1.,0.,0.));
#3234=DIRECTION('',(0.,0.,-1.));
#3235=DIRECTION('center_axis',(1.,0.,0.));
#3236=DIRECTION('ref_axis',(0.,-1.,0.));
#3237=DIRECTION('',(0.,-1.,0.));
#3238=DIRECTION('',(0.,-1.,0.));
#3239=DIRECTION('',(0.,0.,-1.));
#3240=DIRECTION('center_axis',(0.,1.,0.));
#3241=DIRECTION('ref_axis',(1.,0.,0.));
#3242=DIRECTION('',(1.,0.,0.));
#3243=DIRECTION('',(1.,0.,0.));
#3244=DIRECTION('center_axis',(0.,0.,1.));
#3245=DIRECTION('ref_axis',(1.,0.,0.));
#3246=DIRECTION('center_axis',(0.,0.,1.));
#3247=DIRECTION('ref_axis',(1.,0.,0.));
#3248=DIRECTION('center_axis',(0.,0.,-1.));
#3249=DIRECTION('ref_axis',(1.,0.,0.));
#3250=DIRECTION('',(0.,0.,1.));
#3251=DIRECTION('center_axis',(0.,0.,-1.));
#3252=DIRECTION('ref_axis',(1.,0.,0.));
#3253=DIRECTION('',(0.,0.,1.));
#3254=DIRECTION('center_axis',(0.,0.,-1.));
#3255=DIRECTION('ref_axis',(1.,0.,0.));
#3256=DIRECTION('',(0.,0.,1.));
#3257=DIRECTION('center_axis',(0.,0.,-1.));
#3258=DIRECTION('ref_axis',(1.,0.,0.));
#3259=DIRECTION('',(0.,0.,1.));
#3260=DIRECTION('center_axis',(0.,0.,-1.));
#3261=DIRECTION('ref_axis',(1.,0.,0.));
#3262=DIRECTION('',(0.,0.,1.));
#3263=DIRECTION('center_axis',(0.,0.,-1.));
#3264=DIRECTION('ref_axis',(-0.345489304859352,0.938422687400407,0.));
#3265=DIRECTION('',(0.,0.,1.));
#3266=DIRECTION('center_axis',(0.,0.,1.));
#3267=DIRECTION('ref_axis',(1.,0.,0.));
#3268=DIRECTION('center_axis',(0.,0.,-1.));
#3269=DIRECTION('ref_axis',(0.938561004572368,-0.345113373684804,0.));
#3270=DIRECTION('',(0.,0.,1.));
#3271=DIRECTION('center_axis',(0.,0.,1.));
#3272=DIRECTION('ref_axis',(1.,0.,0.));
#3273=DIRECTION('center_axis',(0.,0.,-1.));
#3274=DIRECTION('ref_axis',(1.,0.,0.));
#3275=DIRECTION('',(0.,0.,1.));
#3276=DIRECTION('center_axis',(0.,0.,-1.));
#3277=DIRECTION('ref_axis',(1.,0.,0.));
#3278=DIRECTION('',(0.,0.,1.));
#3279=DIRECTION('center_axis',(0.,0.,-1.));
#3280=DIRECTION('ref_axis',(0.793293225530579,0.608839764081889,0.));
#3281=DIRECTION('',(1.22464679914735E-16,-7.24012378904034E-30,-1.));
#3282=DIRECTION('center_axis',(0.,0.,1.));
#3283=DIRECTION('ref_axis',(1.,-5.8997632592876E-14,0.));
#3284=DIRECTION('center_axis',(0.,0.,-1.));
#3285=DIRECTION('ref_axis',(1.,-5.8997632592876E-14,0.));
#3286=DIRECTION('',(1.22464679914735E-16,-7.24012378904034E-30,-1.));
#3287=DIRECTION('center_axis',(0.,0.,-1.));
#3288=DIRECTION('ref_axis',(1.,-5.8997632592876E-14,0.));
#3289=DIRECTION('',(1.22464679914735E-16,-7.24012378904034E-30,-1.));
#3290=DIRECTION('center_axis',(0.,0.,-1.));
#3291=DIRECTION('ref_axis',(1.,-5.8997632592876E-14,0.));
#3292=DIRECTION('',(1.22464679914735E-16,-7.24012378904034E-30,-1.));
#3293=DIRECTION('center_axis',(0.,0.,-1.));
#3294=DIRECTION('ref_axis',(0.561939842064949,-0.827178102889589,0.));
#3295=DIRECTION('',(1.22464679914735E-16,-7.24012378904034E-30,-1.));
#3296=DIRECTION('center_axis',(0.,0.,-1.));
#3297=DIRECTION('ref_axis',(-0.725582414513065,0.688135277216181,0.));
#3298=DIRECTION('',(1.22464679914735E-16,-7.24012378904034E-30,-1.));
#3299=DIRECTION('center_axis',(0.,0.,-1.));
#3300=DIRECTION('ref_axis',(1.,-5.8997632592876E-14,0.));
#3301=DIRECTION('',(1.22464679914735E-16,-7.24012378904034E-30,-1.));
#3302=DIRECTION('center_axis',(0.,0.,-1.));
#3303=DIRECTION('ref_axis',(-0.608982182724332,-0.793183901200919,0.));
#3304=DIRECTION('',(1.22464679914735E-16,-7.24012378904034E-30,-1.));
#3305=DIRECTION('center_axis',(0.,0.,-1.));
#3306=DIRECTION('ref_axis',(1.,-5.8997632592876E-14,0.));
#3307=DIRECTION('center_axis',(0.,0.,-1.));
#3308=DIRECTION('ref_axis',(1.,-5.8997632592876E-14,0.));
#3309=DIRECTION('center_axis',(0.,0.,-1.));
#3310=DIRECTION('ref_axis',(1.,-5.8997632592876E-14,0.));
#3311=DIRECTION('center_axis',(0.,0.,-1.));
#3312=DIRECTION('ref_axis',(1.,-5.8997632592876E-14,0.));
#3313=DIRECTION('center_axis',(0.,0.,-1.));
#3314=DIRECTION('ref_axis',(-0.997444694718305,0.0714428511350697,0.));
#3315=DIRECTION('center_axis',(0.,0.,-1.));
#3316=DIRECTION('ref_axis',(1.,-5.8997632592876E-14,0.));
#3317=DIRECTION('center_axis',(0.,0.,-1.));
#3318=DIRECTION('ref_axis',(-0.999847100371504,0.0174864484299913,0.));
#3319=DIRECTION('center_axis',(0.,0.,-1.));
#3320=DIRECTION('ref_axis',(1.,-5.8997632592876E-14,0.));
#3321=DIRECTION('center_axis',(0.,0.,-1.));
#3322=DIRECTION('ref_axis',(-0.998432941563695,-0.055961247309784,0.));
#3323=DIRECTION('center_axis',(0.,0.,-1.));
#3324=DIRECTION('ref_axis',(-0.999921864810162,-0.0125005709697129,0.));
#3325=DIRECTION('center_axis',(0.,0.,-1.));
#3326=DIRECTION('ref_axis',(1.,-5.8997632592876E-14,0.));
#3327=DIRECTION('center_axis',(0.,0.,-1.));
#3328=DIRECTION('ref_axis',(1.,0.,0.));
#3329=DIRECTION('center_axis',(0.,0.,-1.));
#3330=DIRECTION('ref_axis',(1.,0.,0.));
#3331=DIRECTION('center_axis',(0.,0.,-1.));
#3332=DIRECTION('ref_axis',(1.,0.,0.));
#3333=DIRECTION('center_axis',(0.,0.,-1.));
#3334=DIRECTION('ref_axis',(1.,0.,0.));
#3335=DIRECTION('center_axis',(0.,0.,-1.));
#3336=DIRECTION('ref_axis',(1.,0.,0.));
#3337=DIRECTION('center_axis',(0.,0.,-1.));
#3338=DIRECTION('ref_axis',(-0.998866272739252,0.0476042979571719,0.));
#3339=DIRECTION('center_axis',(0.,0.,-1.));
#3340=DIRECTION('ref_axis',(-0.999976754963783,0.00681832326174372,0.));
#3341=DIRECTION('center_axis',(0.,0.,-1.));
#3342=DIRECTION('ref_axis',(-0.999265437935704,-0.0383221156405349,0.));
#3343=DIRECTION('center_axis',(0.,1.,0.));
#3344=DIRECTION('ref_axis',(1.,0.,0.));
#3345=DIRECTION('center_axis',(0.,1.,0.));
#3346=DIRECTION('ref_axis',(1.,0.,0.));
#3347=DIRECTION('',(0.,1.,0.));
#3348=DIRECTION('center_axis',(0.,1.,0.));
#3349=DIRECTION('ref_axis',(1.,0.,0.));
#3350=DIRECTION('',(0.,1.,0.));
#3351=DIRECTION('center_axis',(0.,-1.,0.));
#3352=DIRECTION('ref_axis',(1.,0.,0.));
#3353=DIRECTION('center_axis',(0.,0.,-1.));
#3354=DIRECTION('ref_axis',(1.,0.,0.));
#3355=DIRECTION('center_axis',(0.,1.,0.));
#3356=DIRECTION('ref_axis',(1.,0.,0.));
#3357=DIRECTION('',(-1.,0.,0.));
#3358=DIRECTION('',(0.,0.,-1.));
#3359=DIRECTION('',(1.,0.,0.));
#3360=DIRECTION('',(0.,0.,-1.));
#3361=DIRECTION('center_axis',(-1.,0.,0.));
#3362=DIRECTION('ref_axis',(0.,1.,0.));
#3363=DIRECTION('',(0.,-1.,0.));
#3364=DIRECTION('',(0.,1.,0.));
#3365=DIRECTION('',(0.,0.,-1.));
#3366=DIRECTION('center_axis',(0.,-1.,0.));
#3367=DIRECTION('ref_axis',(-1.,0.,0.));
#3368=DIRECTION('',(1.,0.,0.));
#3369=DIRECTION('',(-1.,0.,0.));
#3370=DIRECTION('',(0.,0.,-1.));
#3371=DIRECTION('center_axis',(1.,0.,0.));
#3372=DIRECTION('ref_axis',(0.,-1.,0.));
#3373=DIRECTION('',(0.,1.,0.));
#3374=DIRECTION('',(0.,-1.,0.));
#3375=DIRECTION('center_axis',(0.,0.,1.));
#3376=DIRECTION('ref_axis',(1.,0.,0.));
#3377=DIRECTION('center_axis',(0.,0.,1.));
#3378=DIRECTION('ref_axis',(1.,0.,0.));
#3379=CARTESIAN_POINT('',(0.,0.,0.));
#3380=CARTESIAN_POINT('Origin',(0.675,6.26373490818377,-4.8));
#3381=CARTESIAN_POINT('',(0.675,-6.26373490818377,-4.8));
#3382=CARTESIAN_POINT('',(0.675,6.26373490818377,-4.8));
#3383=CARTESIAN_POINT('',(0.675,3.13186745409189,-4.8));
#3384=CARTESIAN_POINT('',(0.675,-6.26373490818377,-6.8));
#3385=CARTESIAN_POINT('',(0.675,-6.26373490818377,-4.8));
#3386=CARTESIAN_POINT('',(0.675,6.26373490818377,-6.8));
#3387=CARTESIAN_POINT('',(0.675,6.26373490818377,-6.8));
#3388=CARTESIAN_POINT('',(0.675,6.26373490818377,-4.8));
#3389=CARTESIAN_POINT('Origin',(-0.675,-6.26373490818377,-4.8));
#3390=CARTESIAN_POINT('',(-0.675,6.26373490818377,-4.8));
#3391=CARTESIAN_POINT('',(-0.675,-6.26373490818377,-4.8));
#3392=CARTESIAN_POINT('',(-0.675,-3.13186745409189,-4.8));
#3393=CARTESIAN_POINT('',(-0.675,6.26373490818377,-6.8));
#3394=CARTESIAN_POINT('',(-0.675,6.26373490818377,-4.8));
#3395=CARTESIAN_POINT('',(-0.675,-6.26373490818377,-6.8));
#3396=CARTESIAN_POINT('',(-0.675,-6.26373490818377,-6.8));
#3397=CARTESIAN_POINT('',(-0.675,-6.26373490818377,-4.8));
#3398=CARTESIAN_POINT('Origin',(-2.77555756156289E-16,0.,-6.8));
#3399=CARTESIAN_POINT('Origin',(0.,0.,-6.8));
#3400=CARTESIAN_POINT('Origin',(0.,0.,-6.8));
#3401=CARTESIAN_POINT('Origin',(0.,0.,-4.8));
#3402=CARTESIAN_POINT('Origin',(0.,0.,-4.8));
#3403=CARTESIAN_POINT('Origin',(0.,0.,-4.8));
#3404=CARTESIAN_POINT('',(-6.3,7.71527483462833E-16,-4.8));
#3405=CARTESIAN_POINT('Origin',(0.,0.,-4.8));
#3406=CARTESIAN_POINT('Origin',(0.,0.,-4.8));
#3407=CARTESIAN_POINT('Origin',(0.,0.,0.));
#3408=CARTESIAN_POINT('',(-6.3,-7.71527483462833E-16,0.));
#3409=CARTESIAN_POINT('',(-6.3,7.71527483462833E-16,0.));
#3410=CARTESIAN_POINT('Origin',(0.,0.,0.));
#3411=CARTESIAN_POINT('Origin',(0.,0.,4.5));
#3412=CARTESIAN_POINT('',(4.99999999999999,-8.66025403784439,4.5));
#3413=CARTESIAN_POINT('',(10.,0.,4.5));
#3414=CARTESIAN_POINT('',(4.99999999999999,-8.66025403784439,4.5));
#3415=CARTESIAN_POINT('Origin',(0.,0.,4.5));
#3416=CARTESIAN_POINT('Origin',(0.,0.,4.5));
#3417=CARTESIAN_POINT('',(5.,8.66025403784439,4.5));
#3418=CARTESIAN_POINT('',(10.,0.,4.5));
#3419=CARTESIAN_POINT('Origin',(0.,0.,4.5));
#3420=CARTESIAN_POINT('Origin',(0.,0.,4.5));
#3421=CARTESIAN_POINT('',(-5.,8.66025403784439,4.5));
#3422=CARTESIAN_POINT('',(5.,8.66025403784439,4.5));
#3423=CARTESIAN_POINT('Origin',(0.,0.,4.5));
#3424=CARTESIAN_POINT('Origin',(0.,0.,4.5));
#3425=CARTESIAN_POINT('',(-10.,4.44089209850063E-15,4.5));
#3426=CARTESIAN_POINT('',(-5.,8.66025403784439,4.5));
#3427=CARTESIAN_POINT('Origin',(0.,0.,4.5));
#3428=CARTESIAN_POINT('Origin',(0.,0.,4.5));
#3429=CARTESIAN_POINT('',(-5.,-8.66025403784438,4.5));
#3430=CARTESIAN_POINT('',(-10.,3.88578058618805E-15,4.5));
#3431=CARTESIAN_POINT('Origin',(0.,0.,4.5));
#3432=CARTESIAN_POINT('Origin',(0.,0.,4.5));
#3433=CARTESIAN_POINT('',(-5.,-8.66025403784438,4.5));
#3434=CARTESIAN_POINT('Origin',(0.,0.,4.5));
#3435=CARTESIAN_POINT('Origin',(0.,0.,5.7));
#3436=CARTESIAN_POINT('',(-10.,-1.22464679914735E-15,5.7));
#3437=CARTESIAN_POINT('Origin',(0.,0.,5.7));
#3438=CARTESIAN_POINT('Origin',(0.,0.,4.5));
#3439=CARTESIAN_POINT('',(-10.,-1.22464679914735E-15,4.5));
#3440=CARTESIAN_POINT('Origin',(-5.,-8.66025403784438,0.));
#3441=CARTESIAN_POINT('',(-5.,-8.66025403784438,0.));
#3442=CARTESIAN_POINT('',(4.99999999999999,-8.66025403784439,0.));
#3443=CARTESIAN_POINT('',(-5.,-8.66025403784438,0.));
#3444=CARTESIAN_POINT('',(4.99999999999999,-8.66025403784439,0.));
#3445=CARTESIAN_POINT('',(-5.,-8.66025403784438,0.));
#3446=CARTESIAN_POINT('Origin',(-10.,3.88578058618805E-15,0.));
#3447=CARTESIAN_POINT('',(-10.,3.88578058618805E-15,0.));
#3448=CARTESIAN_POINT('',(-10.,3.88578058618805E-15,0.));
#3449=CARTESIAN_POINT('',(-10.,3.88578058618805E-15,0.));
#3450=CARTESIAN_POINT('Origin',(-5.,8.66025403784439,0.));
#3451=CARTESIAN_POINT('',(-5.,8.66025403784439,0.));
#3452=CARTESIAN_POINT('',(-5.,8.66025403784439,0.));
#3453=CARTESIAN_POINT('',(-5.,8.66025403784439,0.));
#3454=CARTESIAN_POINT('Origin',(5.,8.66025403784439,0.));
#3455=CARTESIAN_POINT('',(5.,8.66025403784439,0.));
#3456=CARTESIAN_POINT('',(5.,8.66025403784439,0.));
#3457=CARTESIAN_POINT('',(5.,8.66025403784439,0.));
#3458=CARTESIAN_POINT('Origin',(10.,0.,0.));
#3459=CARTESIAN_POINT('',(10.,0.,0.));
#3460=CARTESIAN_POINT('',(10.,0.,0.));
#3461=CARTESIAN_POINT('',(10.,0.,0.));
#3462=CARTESIAN_POINT('Origin',(4.99999999999999,-8.66025403784439,0.));
#3463=CARTESIAN_POINT('',(4.99999999999999,-8.66025403784439,0.));
#3464=CARTESIAN_POINT('Origin',(0.,-1.11022302462516E-15,0.));
#3465=CARTESIAN_POINT('Origin',(0.,0.,5.7));
#3466=CARTESIAN_POINT('',(-10.,-1.22464679914735E-15,6.9));
#3467=CARTESIAN_POINT('Origin',(0.,0.,6.9));
#3468=CARTESIAN_POINT('',(-10.,-1.22464679914735E-15,5.7));
#3469=CARTESIAN_POINT('',(-10.,-1.22464679914735E-15,5.7));
#3470=CARTESIAN_POINT('Origin',(0.,0.,5.7));
#3471=CARTESIAN_POINT('Origin',(0.,0.,6.9));
#3472=CARTESIAN_POINT('Origin',(0.,0.,5.7));
#3473=CARTESIAN_POINT('Origin',(0.,0.,6.9));
#3474=CARTESIAN_POINT('',(-6.911,8.46353402890736E-16,9.8));
#3475=CARTESIAN_POINT('Origin',(0.,0.,9.8));
#3476=CARTESIAN_POINT('',(-6.911,8.46353402890736E-16,6.9));
#3477=CARTESIAN_POINT('',(-6.911,-8.46353402890736E-16,6.9));
#3478=CARTESIAN_POINT('Origin',(0.,0.,6.9));
#3479=CARTESIAN_POINT('Origin',(0.,0.,9.8));
#3480=CARTESIAN_POINT('Origin',(0.,0.,6.9));
#3481=CARTESIAN_POINT('Origin',(0.,0.,15.8));
#3482=CARTESIAN_POINT('',(4.75,-5.81707229594993E-16,15.6824193949695));
#3483=CARTESIAN_POINT('Origin',(0.,0.,15.6824193949695));
#3484=CARTESIAN_POINT('',(4.75,5.81707229594993E-16,13.8));
#3485=CARTESIAN_POINT('',(4.75,-5.81707229594993E-16,15.8));
#3486=CARTESIAN_POINT('Origin',(0.,0.,13.8));
#3487=CARTESIAN_POINT('Origin',(0.,0.,13.8));
#3488=CARTESIAN_POINT('Ctrl Pts',(10.,0.,9.8));
#3489=CARTESIAN_POINT('Ctrl Pts',(10.,-10.,9.8));
#3490=CARTESIAN_POINT('Ctrl Pts',(0.,-10.,9.8));
#3491=CARTESIAN_POINT('Ctrl Pts',(-10.,-10.,9.8));
#3492=CARTESIAN_POINT('Ctrl Pts',(-10.,0.,9.8));
#3493=CARTESIAN_POINT('Ctrl Pts',(-10.,10.,9.8));
#3494=CARTESIAN_POINT('Ctrl Pts',(0.,10.,9.8));
#3495=CARTESIAN_POINT('Ctrl Pts',(10.,10.,9.8));
#3496=CARTESIAN_POINT('Ctrl Pts',(10.,0.,9.8));
#3497=CARTESIAN_POINT('Ctrl Pts',(9.61859342632931,0.,14.7435942092559));
#3498=CARTESIAN_POINT('Ctrl Pts',(9.61859342632931,-9.61859342632931,14.7435942092559));
#3499=CARTESIAN_POINT('Ctrl Pts',(0.,-9.61859342632931,14.7435942092559));
#3500=CARTESIAN_POINT('Ctrl Pts',(-9.61859342632931,-9.61859342632931,14.7435942092559));
#3501=CARTESIAN_POINT('Ctrl Pts',(-9.61859342632931,0.,14.7435942092559));
#3502=CARTESIAN_POINT('Ctrl Pts',(-9.61859342632931,9.61859342632931,14.7435942092559));
#3503=CARTESIAN_POINT('Ctrl Pts',(0.,9.61859342632931,14.7435942092559));
#3504=CARTESIAN_POINT('Ctrl Pts',(9.61859342632931,9.61859342632931,14.7435942092559));
#3505=CARTESIAN_POINT('Ctrl Pts',(9.61859342632931,0.,14.7435942092559));
#3506=CARTESIAN_POINT('Ctrl Pts',(4.75,0.,15.6824193949695));
#3507=CARTESIAN_POINT('Ctrl Pts',(4.75,-4.75,15.6824193949695));
#3508=CARTESIAN_POINT('Ctrl Pts',(0.,-4.75,15.6824193949695));
#3509=CARTESIAN_POINT('Ctrl Pts',(-4.75,-4.75,15.6824193949695));
#3510=CARTESIAN_POINT('Ctrl Pts',(-4.75,0.,15.6824193949695));
#3511=CARTESIAN_POINT('Ctrl Pts',(-4.75,4.75,15.6824193949695));
#3512=CARTESIAN_POINT('Ctrl Pts',(0.,4.75,15.6824193949695));
#3513=CARTESIAN_POINT('Ctrl Pts',(4.75,4.75,15.6824193949695));
#3514=CARTESIAN_POINT('Ctrl Pts',(4.75,0.,15.6824193949695));
#3515=CARTESIAN_POINT('',(10.,-1.22464679914735E-15,9.8));
#3516=CARTESIAN_POINT('Origin',(3.51925930159214,-4.30984963906436E-16,
9.3));
#3517=CARTESIAN_POINT('Origin',(0.,0.,9.8));
#3518=CARTESIAN_POINT('Origin',(0.,0.,9.8));
#3519=CARTESIAN_POINT('Origin',(0.,0.,15.8));
#3520=CARTESIAN_POINT('',(4.75,5.81707229594993E-16,22.6));
#3521=CARTESIAN_POINT('Origin',(0.,0.,22.6));
#3522=CARTESIAN_POINT('',(4.75,5.81707229594993E-16,15.8));
#3523=CARTESIAN_POINT('',(4.75,5.81707229594993E-16,15.8));
#3524=CARTESIAN_POINT('Origin',(0.,0.,15.8));
#3525=CARTESIAN_POINT('Origin',(0.,0.,22.6));
#3526=CARTESIAN_POINT('Origin',(0.,0.,15.8));
#3527=CARTESIAN_POINT('Origin',(-3.15,0.,-4.8));
#3528=CARTESIAN_POINT('',(-4.23652596850155,-0.000746232335148643,-7.89953958647282));
#3529=CARTESIAN_POINT('',(-4.23749654221466,-0.000344637016313765,-7.77546041352717));
#3530=CARTESIAN_POINT('',(-4.2377,1.33204832343258E-16,-4.8));
#3531=CARTESIAN_POINT('',(-3.74415816363339,-0.911080329382543,-7.70434823092228));
#3532=CARTESIAN_POINT('Ctrl Pts',(-4.23749654221466,-0.000344637016313765,
-7.77546041352717));
#3533=CARTESIAN_POINT('Ctrl Pts',(-4.23781299266244,-0.076606848377371,
-7.77044069065595));
#3534=CARTESIAN_POINT('Ctrl Pts',(-4.23019265328789,-0.152792031871149,
-7.76542096778474));
#3535=CARTESIAN_POINT('Ctrl Pts',(-4.21432081065456,-0.227181033596047,
-7.76040124491352));
#3536=CARTESIAN_POINT('Ctrl Pts',(-4.15524287348436,-0.504070672158188,
-7.74171690691644));
#3537=CARTESIAN_POINT('Ctrl Pts',(-3.9818431444308,-0.75607481871639,-7.72303256891936));
#3538=CARTESIAN_POINT('Ctrl Pts',(-3.74415816363339,-0.911080329382543,
-7.70434823092228));
#3539=CARTESIAN_POINT('',(-3.55490596913118,-1.00952585215136,-7.8143583302852));
#3540=CARTESIAN_POINT('Ctrl Pts',(-3.55490596913118,-1.00952585215136,-7.8143583302852));
#3541=CARTESIAN_POINT('Ctrl Pts',(-3.62359518813541,-0.981975616830001,
-7.78394063312145));
#3542=CARTESIAN_POINT('Ctrl Pts',(-3.68735554673146,-0.948123976862892,
-7.74630734421482));
#3543=CARTESIAN_POINT('Ctrl Pts',(-3.74415816363228,-0.911080329383266,
-7.7043482309231));
#3544=CARTESIAN_POINT('Ctrl Pts',(-3.55454359205201,-1.01046638331728,-7.8143583302852));
#3545=CARTESIAN_POINT('Ctrl Pts',(-3.83411953113247,-0.895671517385991,
-7.83430178910852));
#3546=CARTESIAN_POINT('Ctrl Pts',(-4.06730918724976,-0.660496926487275,
-7.85424524793184));
#3547=CARTESIAN_POINT('Ctrl Pts',(-4.17182585387771,-0.377652263795148,
-7.87418870675516));
#3548=CARTESIAN_POINT('Ctrl Pts',(-4.21611087430553,-0.257807438377901,
-7.88263899999438));
#3549=CARTESIAN_POINT('Ctrl Pts',(-4.23729493679451,-0.129404295260793,
-7.8910892932336));
#3550=CARTESIAN_POINT('Ctrl Pts',(-4.23652596850155,-0.000746232335148643,
-7.89953958647282));
#3551=CARTESIAN_POINT('Origin',(-3.15,0.,-4.8));
#3552=CARTESIAN_POINT('',(-4.23747305515153,0.000922344392669492,-8.34953958647283));
#3553=CARTESIAN_POINT('',(-4.23729446645293,0.000869189481624011,-8.22546041352717));
#3554=CARTESIAN_POINT('',(-4.2377,1.33204832343258E-16,-4.8));
#3555=CARTESIAN_POINT('',(-3.04742058969167,1.08285213883558,-7.89472481852058));
#3556=CARTESIAN_POINT('Ctrl Pts',(-4.23729446645293,0.000869189481624011,
-8.22546041352717));
#3557=CARTESIAN_POINT('Ctrl Pts',(-4.23518139568679,-0.256468456778861,
-8.20852939723823));
#3558=CARTESIAN_POINT('Ctrl Pts',(-4.14336608766114,-0.515153543442096,
-8.19159838094929));
#3559=CARTESIAN_POINT('Ctrl Pts',(-3.97663651998727,-0.709445215983564,
-8.17466736466035));
#3560=CARTESIAN_POINT('Ctrl Pts',(-3.74690676004618,-0.977151657703678,
-8.1513388191487));
#3561=CARTESIAN_POINT('Ctrl Pts',(-3.37495271439394,-1.12260757768099,-8.12801027363706));
#3562=CARTESIAN_POINT('Ctrl Pts',(-3.02443023425125,-1.08198747290111,-8.10468172812541));
#3563=CARTESIAN_POINT('Ctrl Pts',(-2.67390775410855,-1.04136736812124,-8.08135318261376));
#3564=CARTESIAN_POINT('Ctrl Pts',(-2.3448168394754,-0.814671238584175,-8.05802463710211));
#3565=CARTESIAN_POINT('Ctrl Pts',(-2.18264685279056,-0.501252014889026,
-8.03469609159046));
#3566=CARTESIAN_POINT('Ctrl Pts',(-2.02047686610572,-0.187832791193881,
-8.01136754607881));
#3567=CARTESIAN_POINT('Ctrl Pts',(-2.02522780736918,0.212309526659346,-7.98803900056717));
#3568=CARTESIAN_POINT('Ctrl Pts',(-2.19378493829859,0.521627514085581,-7.96471045505552));
#3569=CARTESIAN_POINT('Ctrl Pts',(-2.36234206922799,0.830945501511818,-7.94138190954388));
#3570=CARTESIAN_POINT('Ctrl Pts',(-2.69470538982334,1.04943915851106,-7.91805336403223));
#3571=CARTESIAN_POINT('Ctrl Pts',(-3.04742058969167,1.08285213883558,-7.89472481852058));
#3572=CARTESIAN_POINT('',(-3.38287250624403,1.06247902842156,-7.87250727289601));
#3573=CARTESIAN_POINT('Ctrl Pts',(-3.38287250624403,1.06247902842156,-7.87250727289601));
#3574=CARTESIAN_POINT('Ctrl Pts',(-3.37300299270077,1.06464221309886,-7.87487058514907));
#3575=CARTESIAN_POINT('Ctrl Pts',(-3.3630882078596,1.06667169231704,-7.87708639992751));
#3576=CARTESIAN_POINT('Ctrl Pts',(-3.28628331906192,1.08126824477935,-7.89301609105496));
#3577=CARTESIAN_POINT('Ctrl Pts',(-3.21769307135208,1.0877,-7.9));
#3578=CARTESIAN_POINT('Ctrl Pts',(-3.11592355840073,1.0877,-7.9));
#3579=CARTESIAN_POINT('Ctrl Pts',(-3.08161559055768,1.08609145738936,-7.89825112344332));
#3580=CARTESIAN_POINT('Ctrl Pts',(-3.04742058969167,1.08285213883558,-7.89472481852058));
#3581=CARTESIAN_POINT('Ctrl Pts',(-3.38287250624404,1.06247902842156,-7.87250727289601));
#3582=CARTESIAN_POINT('Ctrl Pts',(-3.66005476923855,1.00172664974561,-7.85382293489893));
#3583=CARTESIAN_POINT('Ctrl Pts',(-3.9114829038185,0.827492757921935,-7.83513859690184));
#3584=CARTESIAN_POINT('Ctrl Pts',(-4.06481889846505,0.589488246727059,-7.81645425890476));
#3585=CARTESIAN_POINT('Ctrl Pts',(-4.17695973814126,0.415425882611966,-7.8027896437789));
#3586=CARTESIAN_POINT('Ctrl Pts',(-4.23663510550065,0.207255223300969,-7.78912502865303));
#3587=CARTESIAN_POINT('Ctrl Pts',(-4.23749654221466,-0.000344637016313765,
-7.77546041352717));
#3588=CARTESIAN_POINT('Ctrl Pts',(-4.23652596850155,-0.000746232335148643,
-7.89953958647282));
#3589=CARTESIAN_POINT('Ctrl Pts',(-4.23515709317865,0.228283818766197,-7.91458233659971));
#3590=CARTESIAN_POINT('Ctrl Pts',(-4.16422087597809,0.458121689691966,-7.92962508672661));
#3591=CARTESIAN_POINT('Ctrl Pts',(-4.03019292734745,0.641926803657534,-7.94466783685349));
#3592=CARTESIAN_POINT('Ctrl Pts',(-3.82087452593214,0.928984786864149,-7.96816088021961));
#3593=CARTESIAN_POINT('Ctrl Pts',(-3.45767104136687,1.10376570187375,-7.99165392358571));
#3594=CARTESIAN_POINT('Ctrl Pts',(-3.10274364099139,1.08834457628651,-8.01514696695182));
#3595=CARTESIAN_POINT('Ctrl Pts',(-2.74781624061592,1.07292345069927,-8.03864001031793));
#3596=CARTESIAN_POINT('Ctrl Pts',(-2.40116492443024,0.867300284515178,-8.06213305368404));
#3597=CARTESIAN_POINT('Ctrl Pts',(-2.21750250119129,0.563211022528349,-8.08562609705015));
#3598=CARTESIAN_POINT('Ctrl Pts',(-2.03384007795235,0.259121760541522,-8.10911914041626));
#3599=CARTESIAN_POINT('Ctrl Pts',(-2.01316654766012,-0.143433597248043,
-8.13261218378237));
#3600=CARTESIAN_POINT('Ctrl Pts',(-2.16472045741435,-0.464743703852353,
-8.15610522714848));
#3601=CARTESIAN_POINT('Ctrl Pts',(-2.31627436716857,-0.786053810456662,
-8.17959827051459));
#3602=CARTESIAN_POINT('Ctrl Pts',(-2.64005571696925,-1.02611866587572,-8.2030913138807));
#3603=CARTESIAN_POINT('Ctrl Pts',(-2.99153411816297,-1.0777941716026,-8.22658435724681));
#3604=CARTESIAN_POINT('Ctrl Pts',(-3.34301251935669,-1.12946967732948,-8.25007740061292));
#3605=CARTESIAN_POINT('Ctrl Pts',(-3.72218797194345,-0.992755833364197,
-8.27357044397902));
#3606=CARTESIAN_POINT('Ctrl Pts',(-3.95981237128382,-0.728670482307685,
-8.29706348734513));
#3607=CARTESIAN_POINT('Ctrl Pts',(-4.13673852683577,-0.5320425012177,-8.3145555203877));
#3608=CARTESIAN_POINT('Ctrl Pts',(-4.23519260991946,-0.264803204241178,
-8.33204755343026));
#3609=CARTESIAN_POINT('Ctrl Pts',(-4.23747305515153,0.000922344392669492,
-8.34953958647283));
#3610=CARTESIAN_POINT('Origin',(-3.15,0.,-4.8));
#3611=CARTESIAN_POINT('',(-4.23872774691767,-0.000702262833320296,-8.79953958647283));
#3612=CARTESIAN_POINT('',(-4.23846266939317,-0.000764729761555324,-8.67546041352717));
#3613=CARTESIAN_POINT('',(-4.2377,1.33204832343258E-16,-4.8));
#3614=CARTESIAN_POINT('Ctrl Pts',(-4.23846266939317,-0.000764729761555324,
-8.67546041352717));
#3615=CARTESIAN_POINT('Ctrl Pts',(-4.23890562383016,-0.0557979163119367,
-8.67182921581976));
#3616=CARTESIAN_POINT('Ctrl Pts',(-4.23507625454186,-0.110769376408872,
-8.66819801811236));
#3617=CARTESIAN_POINT('Ctrl Pts',(-4.22675532495168,-0.165052368562737,
-8.66456682040495));
#3618=CARTESIAN_POINT('Ctrl Pts',(-4.17329770565223,-0.513792193548315,
-8.6412382748933));
#3619=CARTESIAN_POINT('Ctrl Pts',(-3.9344558645976,-0.834116259810543,-8.61790972938165));
#3620=CARTESIAN_POINT('Ctrl Pts',(-3.61547565055975,-0.984874077313794,
-8.59458118387));
#3621=CARTESIAN_POINT('Ctrl Pts',(-3.2964954365219,-1.13563189481704,-8.57125263835836));
#3622=CARTESIAN_POINT('Ctrl Pts',(-2.89737684950082,-1.11682346356132,-8.54792409284671));
#3623=CARTESIAN_POINT('Ctrl Pts',(-2.59398323869775,-0.93674162090396,-8.52459554733507));
#3624=CARTESIAN_POINT('Ctrl Pts',(-2.29058962789469,-0.756659778246598,
-8.50126700182342));
#3625=CARTESIAN_POINT('Ctrl Pts',(-2.08292099330964,-0.415304524187606,
-8.47793845631177));
#3626=CARTESIAN_POINT('Ctrl Pts',(-2.06249351785567,-0.0630811102162664,
-8.45460991080012));
#3627=CARTESIAN_POINT('Ctrl Pts',(-2.0420660424017,0.289142303755068,-8.43128136528847));
#3628=CARTESIAN_POINT('Ctrl Pts',(-2.20887972607882,0.652233877638751,-8.40795281977682));
#3629=CARTESIAN_POINT('Ctrl Pts',(-2.48941242945245,0.866181647951046,-8.38462427426518));
#3630=CARTESIAN_POINT('Ctrl Pts',(-2.76994513282608,1.08012941826334,-8.36129572875353));
#3631=CARTESIAN_POINT('Ctrl Pts',(-3.16419685589622,1.14493338500426,-8.33796718324188));
#3632=CARTESIAN_POINT('Ctrl Pts',(-3.49847749233494,1.03207500186093,-8.31463863773023));
#3633=CARTESIAN_POINT('Ctrl Pts',(-3.83275812877365,0.919216618717592,-8.29131009221858));
#3634=CARTESIAN_POINT('Ctrl Pts',(-4.10706767858095,0.62869588569,-8.26798154670694));
#3635=CARTESIAN_POINT('Ctrl Pts',(-4.20046971636962,0.28845703744474,-8.24465300119529));
#3636=CARTESIAN_POINT('Ctrl Pts',(-4.22608392647608,0.195151264341044,-8.23825547197259));
#3637=CARTESIAN_POINT('Ctrl Pts',(-4.23809290830339,0.0981064187157182,
-8.23185794274988));
#3638=CARTESIAN_POINT('Ctrl Pts',(-4.23729446645293,0.000869189481624011,
-8.22546041352717));
#3639=CARTESIAN_POINT('Ctrl Pts',(-4.23747305515153,0.000922344392669492,
-8.34953958647283));
#3640=CARTESIAN_POINT('Ctrl Pts',(-4.23825540991536,0.0920850901239016,
-8.35554059679637));
#3641=CARTESIAN_POINT('Ctrl Pts',(-4.22771834365931,0.18306967107743,-8.36154160711992));
#3642=CARTESIAN_POINT('Ctrl Pts',(-4.20514709031387,0.270963771446405,-8.36754261744346));
#3643=CARTESIAN_POINT('Ctrl Pts',(-4.1167840639096,0.615055815996244,-8.39103566080957));
#3644=CARTESIAN_POINT('Ctrl Pts',(-3.8439846650071,0.911783046948187,-8.41452870417568));
#3645=CARTESIAN_POINT('Ctrl Pts',(-3.50851796414381,1.02869833740119,-8.43802174754179));
#3646=CARTESIAN_POINT('Ctrl Pts',(-3.17305126328053,1.14561362785419,-8.4615147909079));
#3647=CARTESIAN_POINT('Ctrl Pts',(-2.77491726045646,1.08271697780825,-8.48500783427401));
#3648=CARTESIAN_POINT('Ctrl Pts',(-2.49182895054267,0.868082393391238,-8.50850087764012));
#3649=CARTESIAN_POINT('Ctrl Pts',(-2.20874064062888,0.65344780897423,-8.53199392100623));
#3650=CARTESIAN_POINT('Ctrl Pts',(-2.04069802362538,0.287075290186154,-8.55548696437234));
#3651=CARTESIAN_POINT('Ctrl Pts',(-2.06270977347379,-0.067498546717193,
-8.57898000773845));
#3652=CARTESIAN_POINT('Ctrl Pts',(-2.08472152332221,-0.422072383620545,
-8.60247305110456));
#3653=CARTESIAN_POINT('Ctrl Pts',(-2.29678764002255,-0.76484753863917,-8.62596609447066));
#3654=CARTESIAN_POINT('Ctrl Pts',(-2.60424896472197,-0.942821159514844,
-8.64945913783677));
#3655=CARTESIAN_POINT('Ctrl Pts',(-2.91171028942138,-1.12079478039052,-8.67295218120288));
#3656=CARTESIAN_POINT('Ctrl Pts',(-3.31456682211987,-1.13396686712324,-8.696445224569));
#3657=CARTESIAN_POINT('Ctrl Pts',(-3.63299725391953,-0.976457728403505,
-8.71993826793511));
#3658=CARTESIAN_POINT('Ctrl Pts',(-3.95142768571919,-0.81894858968377,-8.74343131130122));
#3659=CARTESIAN_POINT('Ctrl Pts',(-4.18543201662001,-0.490758225511571,
-8.76692435466732));
#3660=CARTESIAN_POINT('Ctrl Pts',(-4.23055869718188,-0.13837963768942,-8.79041739803343));
#3661=CARTESIAN_POINT('Ctrl Pts',(-4.23639949123192,-0.0927709039318386,
-8.79345812751323));
#3662=CARTESIAN_POINT('Ctrl Pts',(-4.23907613151949,-0.0467569594003418,
-8.79649885699303));
#3663=CARTESIAN_POINT('Ctrl Pts',(-4.23872774691767,-0.000702262833320296,
-8.79953958647283));
#3664=CARTESIAN_POINT('Origin',(-3.15,0.,-4.8));
#3665=CARTESIAN_POINT('',(-4.23603124773474,7.93530288607644E-5,-9.24953958647283));
#3666=CARTESIAN_POINT('',(-4.23627147181416,0.000438166701307308,-9.12546041352717));
#3667=CARTESIAN_POINT('',(-4.2377,1.33204832343258E-16,-4.8));
#3668=CARTESIAN_POINT('Ctrl Pts',(-4.23627147181416,0.000438166701307308,
-9.12546041352717));
#3669=CARTESIAN_POINT('Ctrl Pts',(-4.23548397503859,-0.207657756982732,
-9.11180048888965));
#3670=CARTESIAN_POINT('Ctrl Pts',(-4.17768387389786,-0.416158787376351,
-9.09814056425213));
#3671=CARTESIAN_POINT('Ctrl Pts',(-4.0658225154426,-0.589841333358421,-9.08448063961461));
#3672=CARTESIAN_POINT('Ctrl Pts',(-3.87478465389026,-0.886457990187671,
-9.06115209410296));
#3673=CARTESIAN_POINT('Ctrl Pts',(-3.52607105890963,-1.08152262364257,-9.03782354859131));
#3674=CARTESIAN_POINT('Ctrl Pts',(-3.17333921855755,-1.08908172394513,-9.01449500307966));
#3675=CARTESIAN_POINT('Ctrl Pts',(-2.82060737820546,-1.09664082424769,-8.99116645756801));
#3676=CARTESIAN_POINT('Ctrl Pts',(-2.46385729248192,-0.916694391397909,
-8.96783791205637));
#3677=CARTESIAN_POINT('Ctrl Pts',(-2.26028753702165,-0.628534277956322,
-8.94450936654472));
#3678=CARTESIAN_POINT('Ctrl Pts',(-2.05671778156138,-0.340374164514742,
-8.92118082103307));
#3679=CARTESIAN_POINT('Ctrl Pts',(-2.00632835636437,0.0559996295186414,
-8.89785227552142));
#3680=CARTESIAN_POINT('Ctrl Pts',(-2.13132306752804,0.385928812917095,-8.87452373000978));
#3681=CARTESIAN_POINT('Ctrl Pts',(-2.2563177786917,0.715857996315553,-8.85119518449813));
#3682=CARTESIAN_POINT('Ctrl Pts',(-2.55669662621605,0.979342569079083,-8.82786663898649));
#3683=CARTESIAN_POINT('Ctrl Pts',(-2.90010009424477,1.06028010246053,-8.80453809347484));
#3684=CARTESIAN_POINT('Ctrl Pts',(-3.24350356227348,1.14121763584197,-8.78120954796319));
#3685=CARTESIAN_POINT('Ctrl Pts',(-3.62993165080657,1.03960812984134,-8.75788100245153));
#3686=CARTESIAN_POINT('Ctrl Pts',(-3.88910899630098,0.800225584986552,-8.73455245693988));
#3687=CARTESIAN_POINT('Ctrl Pts',(-4.10794417034275,0.59810405786802,-8.71485510913564));
#3688=CARTESIAN_POINT('Ctrl Pts',(-4.23605987331602,0.297761515186941,-8.69515776133141));
#3689=CARTESIAN_POINT('Ctrl Pts',(-4.23846266939317,-0.000764729761555324,
-8.67546041352717));
#3690=CARTESIAN_POINT('Ctrl Pts',(-4.23872774691767,-0.000702262833320296,
-8.79953958647283));
#3691=CARTESIAN_POINT('Ctrl Pts',(-4.23638446999118,0.309067190972328,-8.81999190035914));
#3692=CARTESIAN_POINT('Ctrl Pts',(-4.09718694533819,0.620680295448299,-8.84044421424545));
#3693=CARTESIAN_POINT('Ctrl Pts',(-3.86347131323325,0.823234288757663,-8.86089652813177));
#3694=CARTESIAN_POINT('Ctrl Pts',(-3.59500821849981,1.05590281591049,-8.88438957149788));
#3695=CARTESIAN_POINT('Ctrl Pts',(-3.20183299881,1.14467305874404,-8.90788261486398));
#3696=CARTESIAN_POINT('Ctrl Pts',(-2.8594456038289,1.04992102172437,-8.93137565823009));
#3697=CARTESIAN_POINT('Ctrl Pts',(-2.5170582088478,0.95516898470471,-8.9548687015962));
#3698=CARTESIAN_POINT('Ctrl Pts',(-2.2254586385754,0.676894667831831,-8.97836174496231));
#3699=CARTESIAN_POINT('Ctrl Pts',(-2.11480696001954,0.339310171021271,-9.00185478832842));
#3700=CARTESIAN_POINT('Ctrl Pts',(-2.00415528146369,0.00172567421071065,
-9.02534783169453));
#3701=CARTESIAN_POINT('Ctrl Pts',(-2.07445149462438,-0.395169002537528,
-9.04884087506064));
#3702=CARTESIAN_POINT('Ctrl Pts',(-2.29431777719597,-0.67421359837213,-9.07233391842674));
#3703=CARTESIAN_POINT('Ctrl Pts',(-2.51418405976757,-0.953258194206734,
-9.09582696179285));
#3704=CARTESIAN_POINT('Ctrl Pts',(-2.88362041175008,-1.1144527091277,-9.11932000515897));
#3705=CARTESIAN_POINT('Ctrl Pts',(-3.23772309065792,-1.0858455648486,-9.14281304852508));
#3706=CARTESIAN_POINT('Ctrl Pts',(-3.59182576956577,-1.0572384205695,-9.16630609189119));
#3707=CARTESIAN_POINT('Ctrl Pts',(-3.93059477539896,-0.838829617090344,
-9.1897991352573));
#3708=CARTESIAN_POINT('Ctrl Pts',(-4.10281523139172,-0.528109103629448,
-9.21329217862341));
#3709=CARTESIAN_POINT('Ctrl Pts',(-4.19138819050278,-0.368305582177284,
-9.22537464790655));
#3710=CARTESIAN_POINT('Ctrl Pts',(-4.23590833167113,-0.184085210757341,
-9.23745711718969));
#3711=CARTESIAN_POINT('Ctrl Pts',(-4.23603124773474,7.93530288607644E-5,
-9.24953958647283));
#3712=CARTESIAN_POINT('Origin',(-3.15,0.,-4.8));
#3713=CARTESIAN_POINT('',(-4.23896192712276,0.000587164835303564,-9.69953958647283));
#3714=CARTESIAN_POINT('',(-4.23932078895676,-9.3428691028965E-5,-9.57546041352717));
#3715=CARTESIAN_POINT('',(-4.2377,1.33204832343258E-16,-4.8));
#3716=CARTESIAN_POINT('Ctrl Pts',(-4.23932078895676,-9.3428691028965E-5,
-9.57546041352717));
#3717=CARTESIAN_POINT('Ctrl Pts',(-4.23932771893051,-0.00553970698009596,
-9.57510030747118));
#3718=CARTESIAN_POINT('Ctrl Pts',(-4.23929026025849,-0.0109858872531406,
-9.57474020141519));
#3719=CARTESIAN_POINT('Ctrl Pts',(-4.23920811762436,-0.0164313931591698,
-9.5743800953592));
#3720=CARTESIAN_POINT('Ctrl Pts',(-4.23388671814535,-0.369204500552187,
-9.55105154984756));
#3721=CARTESIAN_POINT('Ctrl Pts',(-4.04103730683574,-0.719147449210787,
-9.52772300433591));
#3722=CARTESIAN_POINT('Ctrl Pts',(-3.74563819734198,-0.912062625671785,
-9.50439445882427));
#3723=CARTESIAN_POINT('Ctrl Pts',(-3.45023908784822,-1.10497780213278,-9.48106591331262));
#3724=CARTESIAN_POINT('Ctrl Pts',(-3.05229028017033,-1.14086520639617,-9.45773736780096));
#3725=CARTESIAN_POINT('Ctrl Pts',(-2.72714376294728,-1.00391058434295,-9.43440882228932));
#3726=CARTESIAN_POINT('Ctrl Pts',(-2.40199724572423,-0.866955962289724,
-9.41108027677767));
#3727=CARTESIAN_POINT('Ctrl Pts',(-2.14965301895603,-0.55715931391987,-9.38775173126602));
#3728=CARTESIAN_POINT('Ctrl Pts',(-2.08130451749853,-0.211030109394484,
-9.36442318575438));
#3729=CARTESIAN_POINT('Ctrl Pts',(-2.01295601604104,0.135099095130904,-9.34109464024273));
#3730=CARTESIAN_POINT('Ctrl Pts',(-2.12860323989426,0.517560855811827,-9.31776609473108));
#3731=CARTESIAN_POINT('Ctrl Pts',(-2.37728716575192,0.767827116695795,-9.29443754921943));
#3732=CARTESIAN_POINT('Ctrl Pts',(-2.62597109160958,1.01809337757976,-9.27110900370778));
#3733=CARTESIAN_POINT('Ctrl Pts',(-3.0076917194717,1.13616413866677,-9.24778045819614));
#3734=CARTESIAN_POINT('Ctrl Pts',(-3.35424741438762,1.07001248323099,-9.22445191268449));
#3735=CARTESIAN_POINT('Ctrl Pts',(-3.70080310930354,1.0038608277952,-9.20112336717284));
#3736=CARTESIAN_POINT('Ctrl Pts',(-4.01219387127328,0.753486755836622,-9.17779482166119));
#3737=CARTESIAN_POINT('Ctrl Pts',(-4.15120818819612,0.429215379755529,-9.15446627614955));
#3738=CARTESIAN_POINT('Ctrl Pts',(-4.20882329865088,0.294819645821176,-9.14479765527542));
#3739=CARTESIAN_POINT('Ctrl Pts',(-4.23682886930826,0.147730384260471,-9.1351290344013));
#3740=CARTESIAN_POINT('Ctrl Pts',(-4.23627147181416,0.000438166701307308,
-9.12546041352717));
#3741=CARTESIAN_POINT('Ctrl Pts',(-4.23603124773474,7.93530288607644E-5,
-9.24953958647283));
#3742=CARTESIAN_POINT('Ctrl Pts',(-4.23614732854711,0.174002691817939,-9.2609501605558));
#3743=CARTESIAN_POINT('Ctrl Pts',(-4.1966666706854,0.34787625721951,-9.27236073463877));
#3744=CARTESIAN_POINT('Ctrl Pts',(-4.11729918762173,0.501087271526599,-9.28377130872174));
#3745=CARTESIAN_POINT('Ctrl Pts',(-3.95389078170666,0.816530909779147,-9.30726435208784));
#3746=CARTESIAN_POINT('Ctrl Pts',(-3.62140206372421,1.04438596284162,-9.33075739545395));
#3747=CARTESIAN_POINT('Ctrl Pts',(-3.26824464788302,1.08294672225037,-9.35425043882006));
#3748=CARTESIAN_POINT('Ctrl Pts',(-2.91508723204183,1.12150748165911,-9.37774348218617));
#3749=CARTESIAN_POINT('Ctrl Pts',(-2.5412611183419,0.970773947414133,-9.40123652555228));
#3750=CARTESIAN_POINT('Ctrl Pts',(-2.31362941848515,0.698026502369935,-9.42472956891839));
#3751=CARTESIAN_POINT('Ctrl Pts',(-2.0859977186284,0.425279057325738,-9.4482226122845));
#3752=CARTESIAN_POINT('Ctrl Pts',(-2.00456043261483,0.0305177014823212,
-9.47171565565061));
#3753=CARTESIAN_POINT('Ctrl Pts',(-2.10566850510752,-0.310045927640525,
-9.49520869901672));
#3754=CARTESIAN_POINT('Ctrl Pts',(-2.20677657760021,-0.650609556763371,
-9.51870174238282));
#3755=CARTESIAN_POINT('Ctrl Pts',(-2.49043000859915,-0.936975459165646,
-9.54219478574894));
#3756=CARTESIAN_POINT('Ctrl Pts',(-2.8300153699403,-1.04132682121056,-9.56568782911505));
#3757=CARTESIAN_POINT('Ctrl Pts',(-3.16960073128145,-1.14567818325546,-9.58918087248116));
#3758=CARTESIAN_POINT('Ctrl Pts',(-3.56511802296479,-1.06801500494301,-9.61267391584726));
#3759=CARTESIAN_POINT('Ctrl Pts',(-3.8400223476226,-0.842989707582248,-9.63616695921337));
#3760=CARTESIAN_POINT('Ctrl Pts',(-4.08720770978932,-0.640654005173666,
-9.65729116829986));
#3761=CARTESIAN_POINT('Ctrl Pts',(-4.23687696494721,-0.319175390319195,
-9.67841537738635));
#3762=CARTESIAN_POINT('Ctrl Pts',(-4.23896192712276,0.000587164835303564,
-9.69953958647283));
#3763=CARTESIAN_POINT('Origin',(-3.15,0.,-4.8));
#3764=CARTESIAN_POINT('',(-4.23706183466397,-0.00133781022420146,-10.1495395864728));
#3765=CARTESIAN_POINT('',(-4.23613986268162,-0.00025979703588648,-10.0254604135272));
#3766=CARTESIAN_POINT('',(-4.2377,1.33204832343258E-16,-4.8));
#3767=CARTESIAN_POINT('',(-3.97871474411559,0.70450206733936,-10.2));
#3768=CARTESIAN_POINT('Ctrl Pts',(-4.23706183466397,-0.00133781022420146,
-10.1495395864728));
#3769=CARTESIAN_POINT('Ctrl Pts',(-4.23484368275357,0.25363534238222,-10.1663597243152));
#3770=CARTESIAN_POINT('Ctrl Pts',(-4.14416947022075,0.50987556819397,-10.1831798621576));
#3771=CARTESIAN_POINT('Ctrl Pts',(-3.97871474411559,0.70450206733936,-10.2));
#3772=CARTESIAN_POINT('',(-2.31982662526747,0.705359078660503,-10.2));
#3773=CARTESIAN_POINT('Origin',(-3.15,0.,-10.2));
#3774=CARTESIAN_POINT('Ctrl Pts',(-2.31981562945195,0.705365539198408,-10.2));
#3775=CARTESIAN_POINT('Ctrl Pts',(-2.53557878265848,0.957114028143659,-10.1780883958796));
#3776=CARTESIAN_POINT('Ctrl Pts',(-2.87524346595659,1.1049635054115,-10.1561767917592));
#3777=CARTESIAN_POINT('Ctrl Pts',(-3.20623415847692,1.08779702932373,-10.1342651876387));
#3778=CARTESIAN_POINT('Ctrl Pts',(-3.55862877969941,1.06952046150663,-10.1109366421271));
#3779=CARTESIAN_POINT('Ctrl Pts',(-3.90119130889518,0.864195961447534,-10.0876080966155));
#3780=CARTESIAN_POINT('Ctrl Pts',(-4.08316896869194,0.561992995088947,-10.0642795511038));
#3781=CARTESIAN_POINT('Ctrl Pts',(-4.18410704915073,0.394369192435076,-10.0513398385783));
#3782=CARTESIAN_POINT('Ctrl Pts',(-4.23563925926979,0.196939562105057,-10.0384001260527));
#3783=CARTESIAN_POINT('Ctrl Pts',(-4.23613986268162,-0.00025979703588648,
-10.0254604135272));
#3784=CARTESIAN_POINT('Origin',(-3.15,0.,-4.8));
#3785=CARTESIAN_POINT('',(-4.23884574070081,0.000507561019652402,-5.19953958647283));
#3786=CARTESIAN_POINT('',(-4.23891659852509,0.000606208478566989,-5.07546041352717));
#3787=CARTESIAN_POINT('',(-4.2377,1.33204832343258E-16,-4.8));
#3788=CARTESIAN_POINT('',(-2.32128525588439,0.704502067339331,-4.8));
#3789=CARTESIAN_POINT('Ctrl Pts',(-4.23891659852509,0.000606208478566989,
-5.07546041352717));
#3790=CARTESIAN_POINT('Ctrl Pts',(-4.23668519242234,-0.317252722091518,
-5.05445998549257));
#3791=CARTESIAN_POINT('Ctrl Pts',(-4.08907735357551,-0.636833729021495,
-5.03345955745797));
#3792=CARTESIAN_POINT('Ctrl Pts',(-3.84440877215664,-0.839323573696619,
-5.01245912942337));
#3793=CARTESIAN_POINT('Ctrl Pts',(-3.56937695047789,-1.06694229993227,-4.98885255948744));
#3794=CARTESIAN_POINT('Ctrl Pts',(-3.17169921242779,-1.1466046793156,-4.96524598955151));
#3795=CARTESIAN_POINT('Ctrl Pts',(-2.83044834898663,-1.04169554176943,-4.94163941961558));
#3796=CARTESIAN_POINT('Ctrl Pts',(-2.48919748554547,-0.936786404223258,
-4.91803284967965));
#3797=CARTESIAN_POINT('Ctrl Pts',(-2.20437349671324,-0.647305749747585,
-4.89442627974372));
#3798=CARTESIAN_POINT('Ctrl Pts',(-2.10434272594286,-0.305271777092608,
-4.87081970980779));
#3799=CARTESIAN_POINT('Ctrl Pts',(-2.00431195517248,0.0367621955623694,
-4.84721313987186));
#3800=CARTESIAN_POINT('Ctrl Pts',(-2.08907440246394,0.43134948639665,-4.82360656993593));
#3801=CARTESIAN_POINT('Ctrl Pts',(-2.32128525588439,0.704502067339336,-4.8));
#3802=CARTESIAN_POINT('',(-3.98003963605086,0.70506057771891,-4.8));
#3803=CARTESIAN_POINT('Origin',(-3.15,0.,-4.8));
#3804=CARTESIAN_POINT('Ctrl Pts',(-3.98003963605086,0.70506057771891,-4.8));
#3805=CARTESIAN_POINT('Ctrl Pts',(-3.77515302950423,0.943365991641111,-4.82075477379277));
#3806=CARTESIAN_POINT('Ctrl Pts',(-3.46055027938427,1.09018832289451,-4.84150954758554));
#3807=CARTESIAN_POINT('Ctrl Pts',(-3.1465321139204,1.08913735802406,-4.86226432137831));
#3808=CARTESIAN_POINT('Ctrl Pts',(-2.79940722798514,1.08797559064592,-4.88520725678074));
#3809=CARTESIAN_POINT('Ctrl Pts',(-2.45299668928476,0.906116504073118,-4.90815019218317));
#3810=CARTESIAN_POINT('Ctrl Pts',(-2.25515117434554,0.621001330187951,-4.9310931275856));
#3811=CARTESIAN_POINT('Ctrl Pts',(-2.05730565940631,0.335886156302784,-4.95403606298803));
#3812=CARTESIAN_POINT('Ctrl Pts',(-2.00802516822824,-0.0524851048947525,
-4.97697899839046));
#3813=CARTESIAN_POINT('Ctrl Pts',(-2.12846033960615,-0.378013175962356,
-4.99992193379289));
#3814=CARTESIAN_POINT('Ctrl Pts',(-2.24889551098407,-0.70354124702996,-5.02286486919532));
#3815=CARTESIAN_POINT('Ctrl Pts',(-2.53904634491797,-0.966226127967631,
-5.04580780459776));
#3816=CARTESIAN_POINT('Ctrl Pts',(-2.87487680371826,-1.05388662634458,-5.06875074000019));
#3817=CARTESIAN_POINT('Ctrl Pts',(-3.21070726251855,-1.14154712472154,-5.09169367540262));
#3818=CARTESIAN_POINT('Ctrl Pts',(-3.59221734618523,-1.05418324053777,-5.11463661080505));
#3819=CARTESIAN_POINT('Ctrl Pts',(-3.85640270140421,-0.829092008508977,
-5.13757954620748));
#3820=CARTESIAN_POINT('Ctrl Pts',(-4.09422369742127,-0.626463740369649,
-5.15823289296259));
#3821=CARTESIAN_POINT('Ctrl Pts',(-4.23696835099062,-0.312225476099231,
-5.17888623971771));
#3822=CARTESIAN_POINT('Ctrl Pts',(-4.23884574070081,0.000507561019652402,
-5.19953958647283));
#3823=CARTESIAN_POINT('Origin',(-3.15,0.,-4.8));
#3824=CARTESIAN_POINT('',(-4.23627628547105,-0.000271594719034441,-5.64953958647282));
#3825=CARTESIAN_POINT('',(-4.23759249901862,-0.000950635551624779,-5.52546041352717));
#3826=CARTESIAN_POINT('',(-4.2377,1.33204832343258E-16,-4.8));
#3827=CARTESIAN_POINT('Ctrl Pts',(-4.23759249901862,-0.000950635551624779,
-5.52546041352717));
#3828=CARTESIAN_POINT('Ctrl Pts',(-4.23836627264551,-0.0883445758433905,
-5.51970597504408));
#3829=CARTESIAN_POINT('Ctrl Pts',(-4.22869984762042,-0.175569509684117,
-5.513951536561));
#3830=CARTESIAN_POINT('Ctrl Pts',(-4.20792989188663,-0.260064392964861,
-5.50819709807791));
#3831=CARTESIAN_POINT('Ctrl Pts',(-4.12272480818697,-0.606689763495441,
-5.48459052814198));
#3832=CARTESIAN_POINT('Ctrl Pts',(-3.85065773390062,-0.907370947854624,
-5.46098395820605));
#3833=CARTESIAN_POINT('Ctrl Pts',(-3.51425741613814,-1.02671847453797,-5.43737738827012));
#3834=CARTESIAN_POINT('Ctrl Pts',(-3.17785709837566,-1.14606600122132,-5.41377081833419));
#3835=CARTESIAN_POINT('Ctrl Pts',(-2.77712353713707,-1.08407987022884,-5.39016424839826));
#3836=CARTESIAN_POINT('Ctrl Pts',(-2.49251563101972,-0.868656116758554,
-5.36655767846233));
#3837=CARTESIAN_POINT('Ctrl Pts',(-2.20790772490237,-0.653232363288271,
-5.3429511085264));
#3838=CARTESIAN_POINT('Ctrl Pts',(-2.03942547390626,-0.284370987340189,
-5.31934453859047));
#3839=CARTESIAN_POINT('Ctrl Pts',(-2.06294419642352,0.0717897347856122,
-5.29573796865454));
#3840=CARTESIAN_POINT('Ctrl Pts',(-2.08646291894078,0.427950456911414,-5.27213139871861));
#3841=CARTESIAN_POINT('Ctrl Pts',(-2.30198261497141,0.771410525214934,-5.24852482878268));
#3842=CARTESIAN_POINT('Ctrl Pts',(-2.61244634585843,0.947549852516453,-5.22491825884675));
#3843=CARTESIAN_POINT('Ctrl Pts',(-2.92291007674545,1.12368917981797,-5.20131168891082));
#3844=CARTESIAN_POINT('Ctrl Pts',(-3.32831784248886,1.13250776611749,-5.17770511897489));
#3845=CARTESIAN_POINT('Ctrl Pts',(-3.64610285806355,0.969936883650238,-5.15409854903896));
#3846=CARTESIAN_POINT('Ctrl Pts',(-3.96388787363824,0.807366001182989,-5.13049197910303));
#3847=CARTESIAN_POINT('Ctrl Pts',(-4.19405013904422,0.473405649948976,-5.1068854091671));
#3848=CARTESIAN_POINT('Ctrl Pts',(-4.23293831909351,0.118637937787986,-5.08327883923116));
#3849=CARTESIAN_POINT('Ctrl Pts',(-4.23723153559078,0.0794719343232161,
-5.08067269732983));
#3850=CARTESIAN_POINT('Ctrl Pts',(-4.2391935148305,0.040052331972147,-5.0780665554285));
#3851=CARTESIAN_POINT('Ctrl Pts',(-4.23891659852509,0.000606208478566989,
-5.07546041352717));
#3852=CARTESIAN_POINT('Ctrl Pts',(-4.23884574070081,0.000507561019652402,
-5.19953958647283));
#3853=CARTESIAN_POINT('Ctrl Pts',(-4.23905386436319,0.0351765190300688,
-5.20182917512014));
#3854=CARTESIAN_POINT('Ctrl Pts',(-4.23753080042846,0.0698269785582673,
-5.20411876376746));
#3855=CARTESIAN_POINT('Ctrl Pts',(-4.23421416385605,0.104304832685772,-5.20640835241477));
#3856=CARTESIAN_POINT('Ctrl Pts',(-4.20097964431762,0.449791861977891,-5.2293512878172));
#3857=CARTESIAN_POINT('Ctrl Pts',(-3.98764997846948,0.777947340688298,-5.25229422321963));
#3858=CARTESIAN_POINT('Ctrl Pts',(-3.68539418275132,0.948549110024456,-5.27523715862206));
#3859=CARTESIAN_POINT('Ctrl Pts',(-3.38313838703315,1.11915087936061,-5.2981800940245));
#3860=CARTESIAN_POINT('Ctrl Pts',(-2.99195646144495,1.13219893932253,-5.32112302942692));
#3861=CARTESIAN_POINT('Ctrl Pts',(-2.67900413183895,0.982117730838494,-5.34406596482936));
#3862=CARTESIAN_POINT('Ctrl Pts',(-2.36605180223295,0.832036522354463,-5.36700890023179));
#3863=CARTESIAN_POINT('Ctrl Pts',(-2.13132906860914,0.518826045424487,-5.38995183563422));
#3864=CARTESIAN_POINT('Ctrl Pts',(-2.0751462639596,0.176321573687613,-5.41289477103665));
#3865=CARTESIAN_POINT('Ctrl Pts',(-2.01896345931006,-0.166182898049261,
-5.43583770643908));
#3866=CARTESIAN_POINT('Ctrl Pts',(-2.14132058363479,-0.537981364593035,
-5.45878064184151));
#3867=CARTESIAN_POINT('Ctrl Pts',(-2.38991937032687,-0.7801767565881,-5.48172357724394));
#3868=CARTESIAN_POINT('Ctrl Pts',(-2.63851815701896,-1.02237214858316,-5.50466651264637));
#3869=CARTESIAN_POINT('Ctrl Pts',(-3.01335860607842,-1.13496446602952,-5.52760944804881));
#3870=CARTESIAN_POINT('Ctrl Pts',(-3.35428403006363,-1.06987748335088,-5.55055238345123));
#3871=CARTESIAN_POINT('Ctrl Pts',(-3.69520945404885,-1.00479050067224,-5.57349531885366));
#3872=CARTESIAN_POINT('Ctrl Pts',(-4.00221985295983,-0.762024217868603,
-5.59643825425609));
#3873=CARTESIAN_POINT('Ctrl Pts',(-4.14407948688895,-0.445245115307654,
-5.61938118965852));
#3874=CARTESIAN_POINT('Ctrl Pts',(-4.20623746067511,-0.306443494243085,
-5.62943398859662));
#3875=CARTESIAN_POINT('Ctrl Pts',(-4.23668832747504,-0.153432236337562,
-5.63948678753472));
#3876=CARTESIAN_POINT('Ctrl Pts',(-4.23627628547105,-0.000271594719034441,
-5.64953958647282));
#3877=CARTESIAN_POINT('Origin',(-3.15,0.,-4.8));
#3878=CARTESIAN_POINT('',(-4.23743171650554,0.000129662531855067,-6.09953958647283));
#3879=CARTESIAN_POINT('',(-4.23600386800998,0.000853869618179584,-5.97546041352717));
#3880=CARTESIAN_POINT('',(-4.2377,1.33204832343258E-16,-4.8));
#3881=CARTESIAN_POINT('',(-3.82690714608425,0.851403550368494,-6.16393158226964));
#3882=CARTESIAN_POINT('Ctrl Pts',(-4.23743171650554,0.000129662531855067,
-6.09953958647283));
#3883=CARTESIAN_POINT('Ctrl Pts',(-4.23760034132391,0.0878585598654052,
-6.10531222065581));
#3884=CARTESIAN_POINT('Ctrl Pts',(-4.22732964194561,0.175539677473676,-6.1110848548388));
#3885=CARTESIAN_POINT('Ctrl Pts',(-4.20635980901004,0.260549189806059,-6.11685748902179));
#3886=CARTESIAN_POINT('Ctrl Pts',(-4.14935891827227,0.491624846870997,-6.13254885343774));
#3887=CARTESIAN_POINT('Ctrl Pts',(-4.01330437282183,0.702960572671583,-6.14824021785369));
#3888=CARTESIAN_POINT('Ctrl Pts',(-3.82689973275813,0.851396228932202,-6.16393158226964));
#3889=CARTESIAN_POINT('',(-3.67888658937789,0.949134276885251,-6.0515621942746));
#3890=CARTESIAN_POINT('Ctrl Pts',(-3.67929508765514,0.950230498449793,-6.0515621942746));
#3891=CARTESIAN_POINT('Ctrl Pts',(-3.73374068669134,0.919903342921404,-6.08552789914988));
#3892=CARTESIAN_POINT('Ctrl Pts',(-3.78324836490206,0.88611440042134,-6.12378186213575));
#3893=CARTESIAN_POINT('Ctrl Pts',(-3.8269071460807,0.851403550371319,-6.16393158226637));
#3894=CARTESIAN_POINT('Ctrl Pts',(-3.6786011213406,0.948368211920215,-6.05156219427459));
#3895=CARTESIAN_POINT('Ctrl Pts',(-3.88890560862081,0.82974688609664,-6.03568648509388));
#3896=CARTESIAN_POINT('Ctrl Pts',(-4.06151156969051,0.64297790193075,-6.01981077591317));
#3897=CARTESIAN_POINT('Ctrl Pts',(-4.15424813349087,0.421990140948802,-6.00393506673245));
#3898=CARTESIAN_POINT('Ctrl Pts',(-4.20969219719864,0.289869012060546,-5.99444351566403));
#3899=CARTESIAN_POINT('Ctrl Pts',(-4.23658741771234,0.145516583988693,-5.9849519645956));
#3900=CARTESIAN_POINT('Ctrl Pts',(-4.23600386800998,0.000853869618179584,
-5.97546041352717));
#3901=CARTESIAN_POINT('Origin',(-3.15,0.,-3.80623831628361));
#3902=CARTESIAN_POINT('',(-4.48905173993444,0.000722012473346745,-9.8437616837164));
#3903=CARTESIAN_POINT('',(-4.48558156324048,-0.000319461740751147,-9.88123831628361));
#3904=CARTESIAN_POINT('',(-4.4875,7.91145309098262E-14,-3.80623831628361));
#3905=CARTESIAN_POINT('',(-2.8040402906841,-1.29198224814819,-10.2));
#3906=CARTESIAN_POINT('Ctrl Pts',(-4.48558156324048,-0.000319461740751082,
-9.88123831628361));
#3907=CARTESIAN_POINT('Ctrl Pts',(-4.48496599179307,0.242168487924581,-9.89417802880915));
#3908=CARTESIAN_POINT('Ctrl Pts',(-4.30735677462832,0.922622945573938,-9.93044628684634));
#3909=CARTESIAN_POINT('Ctrl Pts',(-3.23123895380033,1.56762447006909,-9.99004309039518));
#3910=CARTESIAN_POINT('Ctrl Pts',(-1.89499303404999,0.9450308323428,-10.0600287269301));
#3911=CARTESIAN_POINT('Ctrl Pts',(-1.66663499532743,-0.513419489067432,
-10.1300143634651));
#3912=CARTESIAN_POINT('Ctrl Pts',(-2.38320557046834,-1.17929350363599,-10.1766714544884));
#3913=CARTESIAN_POINT('Ctrl Pts',(-2.80404029068412,-1.2919822481482,-10.2));
#3914=CARTESIAN_POINT('',(-3.49679262027705,-1.29403433414323,-10.2));
#3915=CARTESIAN_POINT('Origin',(-3.15,0.,-10.2));
#3916=CARTESIAN_POINT('Ctrl Pts',(-4.48905173993444,0.00072201247334691,
-9.8437616837164));
#3917=CARTESIAN_POINT('Ctrl Pts',(-4.48933923941505,0.0448146917575686,
-9.84613051799602));
#3918=CARTESIAN_POINT('Ctrl Pts',(-4.46756316111765,0.525909224827248,-9.87199239564176));
#3919=CARTESIAN_POINT('Ctrl Pts',(-3.88715323950529,1.39032593841713,-9.9213473166536));
#3920=CARTESIAN_POINT('Ctrl Pts',(-2.4002530978333,1.3837805056247,-9.99182644675193));
#3921=CARTESIAN_POINT('Ctrl Pts',(-1.58265874035548,0.14140726628413,-10.0623055768503));
#3922=CARTESIAN_POINT('Ctrl Pts',(-2.15533385247884,-1.20515696886568,-10.1316967612663));
#3923=CARTESIAN_POINT('Ctrl Pts',(-3.09386460039162,-1.40057591348553,-10.1775949023162));
#3924=CARTESIAN_POINT('Ctrl Pts',(-3.49679582141698,-1.29404222095799,-10.2));
#3925=CARTESIAN_POINT('Origin',(-3.15,0.,-3.80623831628361));
#3926=CARTESIAN_POINT('',(-4.48544800390292,9.75771593317298E-5,-9.3937616837164));
#3927=CARTESIAN_POINT('',(-4.48949301758727,-0.000114885422644252,-9.43123831628361));
#3928=CARTESIAN_POINT('',(-4.4875,7.91145309098262E-14,-3.80623831628361));
#3929=CARTESIAN_POINT('Ctrl Pts',(-4.48949301758727,-0.000114885422644284,
-9.43123831628361));
#3930=CARTESIAN_POINT('Ctrl Pts',(-4.48894949535242,0.427040174073457,-9.45420675573927));
#3931=CARTESIAN_POINT('Ctrl Pts',(-4.0402644132752,1.2890356947759,-9.50050374070657));
#3932=CARTESIAN_POINT('Ctrl Pts',(-2.58443792098592,1.46472194176738,-9.57012927118552));
#3933=CARTESIAN_POINT('Ctrl Pts',(-1.61948337706583,0.35051228273592,-9.64011490772047));
#3934=CARTESIAN_POINT('Ctrl Pts',(-2.00337984465971,-1.07265170774773,-9.7101005442554));
#3935=CARTESIAN_POINT('Ctrl Pts',(-3.39770445141948,-1.55040240329971,-9.78008618079035));
#3936=CARTESIAN_POINT('Ctrl Pts',(-4.3564008095328,-0.826269777650377,-9.83713210479975));
#3937=CARTESIAN_POINT('Ctrl Pts',(-4.48607578356767,-0.195004374967703,
-9.8708494832975));
#3938=CARTESIAN_POINT('Ctrl Pts',(-4.48558156324048,-0.000319461740751082,
-9.88123831628361));
#3939=CARTESIAN_POINT('Ctrl Pts',(-4.48544800390292,9.75771593315564E-5,
-9.3937616837164));
#3940=CARTESIAN_POINT('Ctrl Pts',(-4.4855907437085,0.213963960932759,-9.40517225779937));
#3941=CARTESIAN_POINT('Ctrl Pts',(-4.33708885135165,0.867969109058846,-9.44007587524845));
#3942=CARTESIAN_POINT('Ctrl Pts',(-3.32081603376813,1.56442250507651,-9.49847253606362));
#3943=CARTESIAN_POINT('Ctrl Pts',(-1.94178019555819,1.00837000332237,-9.56895166616196));
#3944=CARTESIAN_POINT('Ctrl Pts',(-1.64135994169273,-0.447895456199286,
-9.63943079626029));
#3945=CARTESIAN_POINT('Ctrl Pts',(-2.68775085084349,-1.50429260926459,-9.70990992635862));
#3946=CARTESIAN_POINT('Ctrl Pts',(-4.09776549625412,-1.22742426208402,-9.77802022217731));
#3947=CARTESIAN_POINT('Ctrl Pts',(-4.48648794761139,-0.392476863613033,
-9.82263747462991));
#3948=CARTESIAN_POINT('Ctrl Pts',(-4.48905173993444,0.00072201247334691,
-9.8437616837164));
#3949=CARTESIAN_POINT('Origin',(-3.15,0.,-3.80623831628361));
#3950=CARTESIAN_POINT('',(-4.48876377815793,-0.000863543752435796,-8.9437616837164));
#3951=CARTESIAN_POINT('',(-4.48574339758337,0.000538795589851334,-8.98123831628361));
#3952=CARTESIAN_POINT('',(-4.4875,7.91145309098262E-14,-3.80623831628361));
#3953=CARTESIAN_POINT('Ctrl Pts',(-4.48574339758337,0.000538795589851444,
-8.98123831628361));
#3954=CARTESIAN_POINT('Ctrl Pts',(-4.48642880638023,0.18165798377166,-8.99090693715773));
#3955=CARTESIAN_POINT('Ctrl Pts',(-4.36890084464252,0.798931643938277,-9.0239041035435));
#3956=CARTESIAN_POINT('Ctrl Pts',(-3.44439552685389,1.54228112385831,-9.08022981544091));
#3957=CARTESIAN_POINT('Ctrl Pts',(-2.03623700952674,1.10672083254487,-9.15021545197587));
#3958=CARTESIAN_POINT('Ctrl Pts',(-1.60961709069709,-0.30417170651204,-9.2202010885108));
#3959=CARTESIAN_POINT('Ctrl Pts',(-2.54050907369552,-1.44700433645046,-9.29018672504576));
#3960=CARTESIAN_POINT('Ctrl Pts',(-4.00853296889416,-1.31461653686706,-9.36017236158068));
#3961=CARTESIAN_POINT('Ctrl Pts',(-4.48647150891405,-0.447353210334918,
-9.40718955865998));
#3962=CARTESIAN_POINT('Ctrl Pts',(-4.48950153909125,-0.00681195006514469,
-9.43087821022762));
#3963=CARTESIAN_POINT('Ctrl Pts',(-4.48949301758727,-0.000114885422644284,
-9.43123831628361));
#3964=CARTESIAN_POINT('Ctrl Pts',(-4.48876377815793,-0.000863543752435822,
-8.9437616837164));
#3965=CARTESIAN_POINT('Ctrl Pts',(-4.48588234679892,0.380047226188761,-8.96421399760271));
#3966=CARTESIAN_POINT('Ctrl Pts',(-4.11810351876835,1.20337151050227,-9.00815935485513));
#3967=CARTESIAN_POINT('Ctrl Pts',(-2.73026549560841,1.51671454983913,-9.07559775547366));
#3968=CARTESIAN_POINT('Ctrl Pts',(-1.6545614635058,0.490167067580764,-9.14607688557199));
#3969=CARTESIAN_POINT('Ctrl Pts',(-1.91388255875934,-0.973968163137559,
-9.21655601567031));
#3970=CARTESIAN_POINT('Ctrl Pts',(-3.27672466809996,-1.56861097928205,-9.28703514576865));
#3971=CARTESIAN_POINT('Ctrl Pts',(-4.32410739094119,-0.893349655661622,
-9.346103701784));
#3972=CARTESIAN_POINT('Ctrl Pts',(-4.48529685906973,-0.226362020215023,
-9.38167921443326));
#3973=CARTESIAN_POINT('Ctrl Pts',(-4.48544800390292,9.75771593315564E-5,
-9.3937616837164));
#3974=CARTESIAN_POINT('Origin',(-3.15,0.,-3.80623831628361));
#3975=CARTESIAN_POINT('',(-4.48722093524425,0.00113416900365773,-8.4937616837164));
#3976=CARTESIAN_POINT('',(-4.48843782321722,-0.000940356767545729,-8.5312383162836));
#3977=CARTESIAN_POINT('',(-4.4875,7.91145309098262E-14,-3.80623831628361));
#3978=CARTESIAN_POINT('Ctrl Pts',(-4.48843782321722,-0.000940356767545692,
-8.5312383162836));
#3979=CARTESIAN_POINT('Ctrl Pts',(-4.48548320360409,0.366145101188332,-8.55093566408785));
#3980=CARTESIAN_POINT('Ctrl Pts',(-4.1413637944019,1.17286665012488,-8.59396155740374));
#3981=CARTESIAN_POINT('Ctrl Pts',(-2.78980274535974,1.52825347266204,-8.66031599623125));
#3982=CARTESIAN_POINT('Ctrl Pts',(-1.68171216368147,0.55626501241228,-8.73030163276622));
#3983=CARTESIAN_POINT('Ctrl Pts',(-1.86759758117068,-0.905948694086716,
-8.80028726930115));
#3984=CARTESIAN_POINT('Ctrl Pts',(-3.18364034936566,-1.56976689929932,-8.87027290583609));
#3985=CARTESIAN_POINT('Ctrl Pts',(-4.2923191022372,-0.949590291157233,-8.93058992149691));
#3986=CARTESIAN_POINT('Ctrl Pts',(-4.48477504515412,-0.255348211790336,
-8.96757839164609));
#3987=CARTESIAN_POINT('Ctrl Pts',(-4.48574339758337,0.000538795589851444,
-8.98123831628361));
#3988=CARTESIAN_POINT('Ctrl Pts',(-4.48722093524425,0.00113416900365782,
-8.4937616837164));
#3989=CARTESIAN_POINT('Ctrl Pts',(-4.48818296475295,0.113233251853245,-8.49976269403994));
#3990=CARTESIAN_POINT('Ctrl Pts',(-4.42450129156761,0.663106452646534,-8.5292567477296));
#3991=CARTESIAN_POINT('Ctrl Pts',(-3.66791421661754,1.48605543503854,-8.58224384478536));
#3992=CARTESIAN_POINT('Ctrl Pts',(-2.19920714083233,1.25403115600081,-8.65272297488369));
#3993=CARTESIAN_POINT('Ctrl Pts',(-1.5793018353928,-0.0975085439506083,
-8.72320210498202));
#3994=CARTESIAN_POINT('Ctrl Pts',(-2.36160880722338,-1.36199811783331,-8.79368123508034));
#3995=CARTESIAN_POINT('Ctrl Pts',(-3.84773718586886,-1.41058963940641,-8.86416036517867));
#3996=CARTESIAN_POINT('Ctrl Pts',(-4.46047141457211,-0.551231742547151,
-8.91418718139069));
#3997=CARTESIAN_POINT('Ctrl Pts',(-4.48919217238882,-0.0574951118855654,
-8.9407209542366));
#3998=CARTESIAN_POINT('Ctrl Pts',(-4.48876377815793,-0.000863543752435822,
-8.9437616837164));
#3999=CARTESIAN_POINT('Origin',(-3.15,0.,-3.80623831628361));
#4000=CARTESIAN_POINT('',(-4.48605634170343,-0.000917611242234467,-8.0437616837164));
#4001=CARTESIAN_POINT('',(-4.4870013320592,0.00106880659348549,-8.08123831628361));
#4002=CARTESIAN_POINT('',(-4.4875,7.91145309098262E-14,-3.80623831628361));
#4003=CARTESIAN_POINT('',(-2.60202434954146,1.22009382282862,-7.73649428360542));
#4004=CARTESIAN_POINT('Ctrl Pts',(-2.60202434954146,1.22009382282862,-7.73649428360542));
#4005=CARTESIAN_POINT('Ctrl Pts',(-2.20180335827086,1.04034423807109,-7.75998732697153));
#4006=CARTESIAN_POINT('Ctrl Pts',(-1.59832548486654,0.259766556231231,-7.80697341370375));
#4007=CARTESIAN_POINT('Ctrl Pts',(-2.07538150598997,-1.1509779702221,-7.87745254380208));
#4008=CARTESIAN_POINT('Ctrl Pts',(-3.51319851430395,-1.53081753696345,-7.9479316739004));
#4009=CARTESIAN_POINT('Ctrl Pts',(-4.38853225708528,-0.755978115481455,
-8.00336805387184));
#4010=CARTESIAN_POINT('Ctrl Pts',(-4.48700191041893,-0.159123145087116,
-8.03531139047718));
#4011=CARTESIAN_POINT('Ctrl Pts',(-4.48605634170343,-0.000917611242234433,
-8.0437616837164));
#4012=CARTESIAN_POINT('',(-2.65874880379566,1.24184784292682,-7.77070592021212));
#4013=CARTESIAN_POINT('Ctrl Pts',(-2.65819597347362,1.24379863703593,-7.77070592021212));
#4014=CARTESIAN_POINT('Ctrl Pts',(-2.63898174036144,1.23620123587323,-7.75985307427204));
#4015=CARTESIAN_POINT('Ctrl Pts',(-2.6202315952444,1.22827116716103,-7.74842159441036));
#4016=CARTESIAN_POINT('Ctrl Pts',(-2.60202434954146,1.22009382282861,-7.73649428360542));
#4017=CARTESIAN_POINT('Ctrl Pts',(-2.65874880379567,1.24184784292682,-7.77070592021213));
#4018=CARTESIAN_POINT('Ctrl Pts',(-2.37096822887188,1.12602632438251,-7.78730006607873));
#4019=CARTESIAN_POINT('Ctrl Pts',(-1.77106942710191,0.61106696596032,-7.82722275745699));
#4020=CARTESIAN_POINT('Ctrl Pts',(-1.75522977335342,-0.723008833640261,
-7.89047399434689));
#4021=CARTESIAN_POINT('Ctrl Pts',(-2.96923850275078,-1.55928558253009,-7.96045963088184));
#4022=CARTESIAN_POINT('Ctrl Pts',(-4.21593915068003,-1.07175226544284,-8.02404773819408));
#4023=CARTESIAN_POINT('Ctrl Pts',(-4.48440297575719,-0.315368723859228,
-8.06430729999466));
#4024=CARTESIAN_POINT('Ctrl Pts',(-4.4870013320592,0.00106880659348546,
-8.08123831628361));
#4025=CARTESIAN_POINT('Origin',(-3.15,0.,-3.80623831628361));
#4026=CARTESIAN_POINT('',(-4.48574931673948,-0.000333968866990456,-5.7937616837164));
#4027=CARTESIAN_POINT('',(-4.48541433618033,0.00104996838689342,-5.83123831628361));
#4028=CARTESIAN_POINT('',(-4.4875,7.91145309098262E-14,-3.80623831628361));
#4029=CARTESIAN_POINT('',(-3.395220541734,1.31482817733409,-5.93053267929668));
#4030=CARTESIAN_POINT('Ctrl Pts',(-4.48541433618033,0.00104996838689357,
-5.83123831628361));
#4031=CARTESIAN_POINT('Ctrl Pts',(-4.48613190327318,0.178935764535212,-5.84072986735204));
#4032=CARTESIAN_POINT('Ctrl Pts',(-4.37080625031998,0.797913326525739,-5.87382798835639));
#4033=CARTESIAN_POINT('Ctrl Pts',(-3.82860092103235,1.23400105998108,-5.90692610936075));
#4034=CARTESIAN_POINT('Ctrl Pts',(-3.39522054173398,1.31482817733409,-5.93053267929668));
#4035=CARTESIAN_POINT('',(-3.2207431743006,1.33739152768094,-5.90248629723287));
#4036=CARTESIAN_POINT('Ctrl Pts',(-3.22047278050292,1.3356421067068,-5.90248629723287));
#4037=CARTESIAN_POINT('Ctrl Pts',(-3.27891142462285,1.33255869557498,-5.90661489589626));
#4038=CARTESIAN_POINT('Ctrl Pts',(-3.33776657808663,1.32554356382584,-5.9160000676351));
#4039=CARTESIAN_POINT('Ctrl Pts',(-3.395220541734,1.31482817733409,-5.93053267929668));
#4040=CARTESIAN_POINT('Ctrl Pts',(-4.48574931673948,-0.000333968866990577,
-5.7937616837164));
#4041=CARTESIAN_POINT('Ctrl Pts',(-4.48509964096695,0.24115781401315,-5.80665182018073));
#4042=CARTESIAN_POINT('Ctrl Pts',(-4.30983771680382,0.913316295128939,-5.84248489204749));
#4043=CARTESIAN_POINT('Ctrl Pts',(-3.66199905412702,1.31061531940003,-5.87872642988631));
#4044=CARTESIAN_POINT('Ctrl Pts',(-3.22833282858177,1.33699980181841,-5.90207783126081));
#4045=CARTESIAN_POINT('Ctrl Pts',(-3.2207431743006,1.33739152768094,-5.90248629723287));
#4046=CARTESIAN_POINT('Origin',(-3.15,0.,-3.80623831628361));
#4047=CARTESIAN_POINT('',(-4.48890887026509,0.000624126931941388,-5.3437616837164));
#4048=CARTESIAN_POINT('',(-4.48736781046006,-0.00116895747926337,-5.38123831628361));
#4049=CARTESIAN_POINT('',(-4.4875,7.91145309098262E-14,-3.80623831628361));
#4050=CARTESIAN_POINT('Ctrl Pts',(-4.48736781046006,-0.00116895747926345,
-5.38123831628361));
#4051=CARTESIAN_POINT('Ctrl Pts',(-4.48441601874252,0.332221455622654,-5.39909044773645));
#4052=CARTESIAN_POINT('Ctrl Pts',(-4.19061950555894,1.11111204186335,-5.44054914912522));
#4053=CARTESIAN_POINT('Ctrl Pts',(-2.88986593488157,1.55455173243628,-5.50561442044994));
#4054=CARTESIAN_POINT('Ctrl Pts',(-1.70821481165719,0.63727409038686,-5.57643413025771));
#4055=CARTESIAN_POINT('Ctrl Pts',(-1.82542231107266,-0.854344400667475,
-5.64725384006552));
#4056=CARTESIAN_POINT('Ctrl Pts',(-3.13505558905072,-1.57576474260063,-5.7180735498733));
#4057=CARTESIAN_POINT('Ctrl Pts',(-4.28179501913487,-0.972700211814371,
-5.77940170861267));
#4058=CARTESIAN_POINT('Ctrl Pts',(-4.48434723208099,-0.263486496811859,
-5.8171232974161));
#4059=CARTESIAN_POINT('Ctrl Pts',(-4.48541433618033,0.00104996838689357,
-5.83123831628361));
#4060=CARTESIAN_POINT('Ctrl Pts',(-4.48890887026509,0.000624126931941353,
-5.3437616837164));
#4061=CARTESIAN_POINT('Ctrl Pts',(-4.4891647913816,0.0432551201643609,-5.34605127236371));
#4062=CARTESIAN_POINT('Ctrl Pts',(-4.46852496549208,0.512821390721726,-5.37128379641346));
#4063=CARTESIAN_POINT('Ctrl Pts',(-3.91770103717114,1.36012919090353,-5.41945925586564));
#4064=CARTESIAN_POINT('Ctrl Pts',(-2.47464001260312,1.40826318060397,-5.48828806207292));
#4065=CARTESIAN_POINT('Ctrl Pts',(-1.60875330793683,0.252837016513202,-5.55711686828022));
#4066=CARTESIAN_POINT('Ctrl Pts',(-2.060125893533,-1.11871887850095,-5.6259456744875));
#4067=CARTESIAN_POINT('Ctrl Pts',(-3.44290359129071,-1.53406931865311,-5.6947744806948));
#4068=CARTESIAN_POINT('Ctrl Pts',(-4.3633550707971,-0.806228877503534,-5.75071315043776));
#4069=CARTESIAN_POINT('Ctrl Pts',(-4.48625598786234,-0.188669317000491,
-5.7837088847783));
#4070=CARTESIAN_POINT('Ctrl Pts',(-4.48574931673948,-0.000333968866990577,
-5.7937616837164));
#4071=CARTESIAN_POINT('Origin',(-3.15,0.,-3.80623831628361));
#4072=CARTESIAN_POINT('',(-4.48595223893698,-0.00113345954776307,-4.8937616837164));
#4073=CARTESIAN_POINT('',(-4.48899600122029,0.000745429659060779,-4.93123831628361));
#4074=CARTESIAN_POINT('',(-4.4875,7.91145309098262E-14,-3.80623831628361));
#4075=CARTESIAN_POINT('',(-3.49595970931594,-1.29198224814818,-4.8));
#4076=CARTESIAN_POINT('Ctrl Pts',(-3.49595970931594,-1.29198224814818,-4.8));
#4077=CARTESIAN_POINT('Ctrl Pts',(-3.90983822549646,-1.181156196664,-4.82294293540243));
#4078=CARTESIAN_POINT('Ctrl Pts',(-4.39163284110561,-0.740583385690329,
-4.85419682997456));
#4079=CARTESIAN_POINT('Ctrl Pts',(-4.48676071980709,-0.156739357495113,
-4.8854507245467));
#4080=CARTESIAN_POINT('Ctrl Pts',(-4.48595223893698,-0.00113345954776316,
-4.8937616837164));
#4081=CARTESIAN_POINT('',(-2.80323722391902,-1.29413548784187,-4.8));
#4082=CARTESIAN_POINT('Origin',(-3.15,0.,-4.8));
#4083=CARTESIAN_POINT('Ctrl Pts',(-2.80323539928573,-1.29414038017835,-4.8));
#4084=CARTESIAN_POINT('Ctrl Pts',(-3.21214868151766,-1.40254600030454,-4.82274567739327));
#4085=CARTESIAN_POINT('Ctrl Pts',(-4.10815330372198,-1.20872230934161,-4.86649178282114));
#4086=CARTESIAN_POINT('Ctrl Pts',(-4.48625213281687,-0.390112637489522,
-4.91023788824901));
#4087=CARTESIAN_POINT('Ctrl Pts',(-4.48899600122029,0.000745429659060838,
-4.93123831628361));
#4088=CARTESIAN_POINT('Origin',(-3.15,0.,-3.80623831628361));
#4089=CARTESIAN_POINT('Ctrl Pts',(-4.48899600122029,0.000745429659060708,
-4.93123831628361));
#4090=CARTESIAN_POINT('Ctrl Pts',(-4.48933651382347,0.0492507070081804,
-4.93384445818494));
#4091=CARTESIAN_POINT('Ctrl Pts',(-4.46507080599217,0.536791316059304,-4.9600571700222));
#4092=CARTESIAN_POINT('Ctrl Pts',(-3.86778339708619,1.40344212223751,-5.00987645179539));
#4093=CARTESIAN_POINT('Ctrl Pts',(-2.37224357907992,1.37091056249971,-5.08069616160318));
#4094=CARTESIAN_POINT('Ctrl Pts',(-1.57719643343047,0.103894359440155,-5.15151587141097));
#4095=CARTESIAN_POINT('Ctrl Pts',(-2.19872353844278,-1.25682667668348,-5.22233558121876));
#4096=CARTESIAN_POINT('Ctrl Pts',(-3.67702032475321,-1.48549207211176,-5.29315529102655));
#4097=CARTESIAN_POINT('Ctrl Pts',(-4.42767099745748,-0.655893217120686,
-5.3461228693815));
#4098=CARTESIAN_POINT('Ctrl Pts',(-4.48831928809725,-0.108633695127762,
-5.37548387780052));
#4099=CARTESIAN_POINT('Ctrl Pts',(-4.48736781046006,-0.00116895747926345,
-5.38123831628361));
#4100=CARTESIAN_POINT('Ctrl Pts',(-4.48595223893698,-0.00113345954776316,
-4.8937616837164));
#4101=CARTESIAN_POINT('Ctrl Pts',(-4.48452885655301,0.272820695917015,-4.90839365994913));
#4102=CARTESIAN_POINT('Ctrl Pts',(-4.27308746280426,0.979132931634928,-4.94596857158429));
#4103=CARTESIAN_POINT('Ctrl Pts',(-3.14485727952733,1.56146352926361,-5.00648641862188));
#4104=CARTESIAN_POINT('Ctrl Pts',(-1.86695685980198,0.890589588955296,-5.07531522482917));
#4105=CARTESIAN_POINT('Ctrl Pts',(-1.68516227411473,-0.542102960051885,
-5.14414403103646));
#4106=CARTESIAN_POINT('Ctrl Pts',(-2.75552195156236,-1.51114137575696,-5.21297283724375));
#4107=CARTESIAN_POINT('Ctrl Pts',(-4.1160872523872,-1.19957878683844,-5.27951205480374));
#4108=CARTESIAN_POINT('Ctrl Pts',(-4.48660032127423,-0.383930839645732,
-5.32310833696128));
#4109=CARTESIAN_POINT('Ctrl Pts',(-4.48890887026509,0.000624126931941353,
-5.3437616837164));
#4110=CARTESIAN_POINT('Origin',(-3.15,0.,-3.80623831628361));
#4111=CARTESIAN_POINT('Ctrl Pts',(-4.4870013320592,0.00106880659348546,
-8.08123831628361));
#4112=CARTESIAN_POINT('Ctrl Pts',(-4.48798314319737,0.120637432226087,-8.08763584550631));
#4113=CARTESIAN_POINT('Ctrl Pts',(-4.41936860625595,0.675113010662612,-8.11736192024066));
#4114=CARTESIAN_POINT('Ctrl Pts',(-3.65225243575205,1.4875643173294,-8.17041654048667));
#4115=CARTESIAN_POINT('Ctrl Pts',(-2.1978669996769,1.24850399136825,-8.24040217702161));
#4116=CARTESIAN_POINT('Ctrl Pts',(-1.58249520069333,-0.0909323791459059,
-8.31038781355656));
#4117=CARTESIAN_POINT('Ctrl Pts',(-2.34857996328643,-1.35018397141559,-8.38037345009149));
#4118=CARTESIAN_POINT('Ctrl Pts',(-3.8209191472729,-1.41956783683215,-8.45035908662644));
#4119=CARTESIAN_POINT('Ctrl Pts',(-4.45402199540644,-0.570478423600118,
-8.50064737535713));
#4120=CARTESIAN_POINT('Ctrl Pts',(-4.48898250608885,-0.0686124051367117,
-8.52760711857619));
#4121=CARTESIAN_POINT('Ctrl Pts',(-4.48843782321722,-0.000940356767545692,
-8.5312383162836));
#4122=CARTESIAN_POINT('Ctrl Pts',(-4.48605634170343,-0.000917611242234433,
-8.0437616837164));
#4123=CARTESIAN_POINT('Ctrl Pts',(-4.48437309196141,0.28071123250882,-8.05880443384329));
#4124=CARTESIAN_POINT('Ctrl Pts',(-4.26091825917598,1.00471915176768,-8.09734022733629));
#4125=CARTESIAN_POINT('Ctrl Pts',(-3.08171403624356,1.5721762435244,-8.15936906419539));
#4126=CARTESIAN_POINT('Ctrl Pts',(-1.80292539397547,0.813637166284669,-8.22984819429372));
#4127=CARTESIAN_POINT('Ctrl Pts',(-1.72666122159562,-0.671380185127152,
-8.30032732439204));
#4128=CARTESIAN_POINT('Ctrl Pts',(-2.92108308982694,-1.55697385283787,-8.37080645449038));
#4129=CARTESIAN_POINT('Ctrl Pts',(-4.20075300619214,-1.09558166070226,-8.43528457426516));
#4130=CARTESIAN_POINT('Ctrl Pts',(-4.48441676543836,-0.325617620366388,
-8.47626965067383));
#4131=CARTESIAN_POINT('Ctrl Pts',(-4.48722093524425,0.00113416900365782,
-8.4937616837164));
#4132=CARTESIAN_POINT('Origin',(-3.15,0.,-3.80623831628361));
#4133=CARTESIAN_POINT('',(-2.30336374474821,-1.03542904213337,-7.43217201288044));
#4134=CARTESIAN_POINT('',(-2.3293478314308,-1.05614216288465,-7.47142805165889));
#4135=CARTESIAN_POINT('Ctrl Pts',(-2.30336374474821,-1.03542904213337,-7.43217201288044));
#4136=CARTESIAN_POINT('Ctrl Pts',(-2.31174538994378,-1.04228243759793,-7.445506432071));
#4137=CARTESIAN_POINT('Ctrl Pts',(-2.32041572612806,-1.04920166581505,-7.45860027471426));
#4138=CARTESIAN_POINT('Ctrl Pts',(-2.3293478314308,-1.05614216288465,-7.47142805165889));
#4139=CARTESIAN_POINT('',(-2.23791678133832,0.978269110335064,-7.31000512464573));
#4140=CARTESIAN_POINT('Ctrl Pts',(-2.23791678133832,0.978269110335064,-7.31000512464573));
#4141=CARTESIAN_POINT('Ctrl Pts',(-1.95979951201197,0.718968176172178,-7.33036627268485));
#4142=CARTESIAN_POINT('Ctrl Pts',(-1.64043510300769,-0.0490621886190822,
-7.37108856876308));
#4143=CARTESIAN_POINT('Ctrl Pts',(-2.00899617785171,-0.794734369332475,
-7.41181086484132));
#4144=CARTESIAN_POINT('Ctrl Pts',(-2.30336374474821,-1.03542904213337,-7.43217201288044));
#4145=CARTESIAN_POINT('',(-2.25508416823901,0.993997939667653,-7.34623497628888));
#4146=CARTESIAN_POINT('Ctrl Pts',(-2.25508416823901,0.993997939667652,-7.34623497628888));
#4147=CARTESIAN_POINT('Ctrl Pts',(-2.24913354323601,0.988640475319346,-7.33430111003674));
#4148=CARTESIAN_POINT('Ctrl Pts',(-2.2434081024998,0.983388910016714,-7.3222209277628));
#4149=CARTESIAN_POINT('Ctrl Pts',(-2.23791678133832,0.978269110335064,-7.31000512464573));
#4150=CARTESIAN_POINT('Ctrl Pts',(-2.25508416823901,0.993997939667653,-7.34623497628888));
#4151=CARTESIAN_POINT('Ctrl Pts',(-1.96549527812996,0.733275384702062,-7.36710048885055));
#4152=CARTESIAN_POINT('Ctrl Pts',(-1.63142729046888,-0.0550083245981467,
-7.40883151397388));
#4153=CARTESIAN_POINT('Ctrl Pts',(-2.0216539977299,-0.817055399041869,-7.45056253909722));
#4154=CARTESIAN_POINT('Ctrl Pts',(-2.32934783143081,-1.05614216288466,-7.47142805165889));
#4155=CARTESIAN_POINT('Origin',(-3.15,0.,-3.80623831628361));
#4156=CARTESIAN_POINT('',(-3.90005432079833,-1.10739548755255,-7.56137622867152));
#4157=CARTESIAN_POINT('',(-3.92994276635947,-1.08655212999816,-7.52585084581195));
#4158=CARTESIAN_POINT('Ctrl Pts',(-3.90005432079833,-1.10739548755255,-7.56137622867152));
#4159=CARTESIAN_POINT('Ctrl Pts',(-3.91023005763342,-1.10050331987961,-7.54983611723479));
#4160=CARTESIAN_POINT('Ctrl Pts',(-3.92020412265841,-1.09354266869308,-7.53798725939935));
#4161=CARTESIAN_POINT('Ctrl Pts',(-3.92994276635947,-1.08655212999816,-7.52585084581195));
#4162=CARTESIAN_POINT('',(-3.73457099134949,1.20298919615792,-7.71134256394736));
#4163=CARTESIAN_POINT('Ctrl Pts',(-3.90004797184492,-1.10738850419063,-7.56137622867152));
#4164=CARTESIAN_POINT('Ctrl Pts',(-4.18232399948459,-0.91587706296238,-7.57964386833767));
#4165=CARTESIAN_POINT('Ctrl Pts',(-4.59781338163651,-0.301680008637079,
-7.61659584600089));
#4166=CARTESIAN_POINT('Ctrl Pts',(-4.41606797410331,0.691122618422408,-7.66658462442617));
#4167=CARTESIAN_POINT('Ctrl Pts',(-3.9530736577313,1.09510032872286,-7.69830576318531));
#4168=CARTESIAN_POINT('Ctrl Pts',(-3.73428453159066,1.20218731020273,-7.71134256394736));
#4169=CARTESIAN_POINT('',(-3.787201171297,1.17595957298613,-7.67069751997637));
#4170=CARTESIAN_POINT('Ctrl Pts',(-3.787201171297,1.17595957298613,-7.67069751997637));
#4171=CARTESIAN_POINT('Ctrl Pts',(-3.7703032529724,1.18511581746619,-7.68466846586608));
#4172=CARTESIAN_POINT('Ctrl Pts',(-3.75273842735221,1.1941610569624,-7.69825295599838));
#4173=CARTESIAN_POINT('Ctrl Pts',(-3.73457099134949,1.20298919615792,-7.71134256394736));
#4174=CARTESIAN_POINT('Ctrl Pts',(-3.92994276635947,-1.08655212999816,-7.52585084581195));
#4175=CARTESIAN_POINT('Ctrl Pts',(-4.17410806466706,-0.911286762646356,
-7.54194492071911));
#4176=CARTESIAN_POINT('Ctrl Pts',(-4.53923438389351,-0.390891744706181,
-7.57413307053342));
#4177=CARTESIAN_POINT('Ctrl Pts',(-4.47909191201111,0.562390628387477,-7.6224152952549));
#4178=CARTESIAN_POINT('Ctrl Pts',(-4.05145772375189,1.03277047991248,-7.65460344506921));
#4179=CARTESIAN_POINT('Ctrl Pts',(-3.787201171297,1.17595957298613,-7.67069751997637));
#4180=CARTESIAN_POINT('Origin',(-3.15,0.,-3.80623831628361));
#4181=CARTESIAN_POINT('',(-2.15000891726646,0.888213985733957,-6.90422308576727));
#4182=CARTESIAN_POINT('',(-2.15055451633359,0.888827865887884,-6.86670247488458));
#4183=CARTESIAN_POINT('Ctrl Pts',(-2.15000891726646,0.888213985733955,-6.90422308576727));
#4184=CARTESIAN_POINT('Ctrl Pts',(-2.15000297193828,0.888207292217236,-6.90281528221066));
#4185=CARTESIAN_POINT('Ctrl Pts',(-2.15,0.888203946174525,-6.9014075807213));
#4186=CARTESIAN_POINT('Ctrl Pts',(-2.15,0.888203946174525,-6.9));
#4187=CARTESIAN_POINT('Ctrl Pts',(-2.15,0.888203946174525,-6.8889054826859));
#4188=CARTESIAN_POINT('Ctrl Pts',(-2.1501846850968,0.888412007909628,-6.8778031845633));
#4189=CARTESIAN_POINT('Ctrl Pts',(-2.15055451633359,0.888827865887885,-6.86670247488458));
#4190=CARTESIAN_POINT('',(-2.15592858215759,-0.894834211588253,-7.00872909559437));
#4191=CARTESIAN_POINT('Ctrl Pts',(-2.15000891726646,0.888213985733957,-6.90422308576727));
#4192=CARTESIAN_POINT('Ctrl Pts',(-1.93399835986176,0.645019626434929,-6.92164075407179));
#4193=CARTESIAN_POINT('Ctrl Pts',(-1.68807400771479,-0.00485354909808963,
-6.95647609068082));
#4194=CARTESIAN_POINT('Ctrl Pts',(-1.93830800881089,-0.653079494237367,
-6.99131142728986));
#4195=CARTESIAN_POINT('Ctrl Pts',(-2.15592858215759,-0.89483421158826,-7.00872909559437));
#4196=CARTESIAN_POINT('',(-2.15252220758184,-0.891035523215877,-6.97097924790103));
#4197=CARTESIAN_POINT('Ctrl Pts',(-2.15252220758184,-0.891035523215879,
-6.97097924790103));
#4198=CARTESIAN_POINT('Ctrl Pts',(-2.15341900066728,-0.892039446363516,
-6.9835819622658));
#4199=CARTESIAN_POINT('Ctrl Pts',(-2.15455503347527,-0.893308336215558,
-6.99617122891993));
#4200=CARTESIAN_POINT('Ctrl Pts',(-2.15592858215759,-0.894834211588253,
-7.00872909559437));
#4201=CARTESIAN_POINT('Ctrl Pts',(-2.15055451633359,0.888827865887884,-6.86670247488458));
#4202=CARTESIAN_POINT('Ctrl Pts',(-1.93486881799293,0.64629935685799,-6.88408193705399));
#4203=CARTESIAN_POINT('Ctrl Pts',(-1.68863098063335,-0.00161558636886798,
-6.9188408613928));
#4204=CARTESIAN_POINT('Ctrl Pts',(-1.9363007923372,-0.648984500184447,-6.95359978573162));
#4205=CARTESIAN_POINT('Ctrl Pts',(-2.15252220758185,-0.891035523215884,
-6.97097924790103));
#4206=CARTESIAN_POINT('Origin',(-3.15,0.,-3.80623831628361));
#4207=CARTESIAN_POINT('',(-4.12385989039605,-0.916789596296662,-7.12714954078272));
#4208=CARTESIAN_POINT('',(-4.13172784810233,-0.908359335428645,-7.09029038930112));
#4209=CARTESIAN_POINT('Ctrl Pts',(-4.12385989039605,-0.916789596296664,
-7.12714954078272));
#4210=CARTESIAN_POINT('Ctrl Pts',(-4.12595406187737,-0.914565062316886,
-7.11817118404803));
#4211=CARTESIAN_POINT('Ctrl Pts',(-4.12792654179039,-0.912453417603493,
-7.10915696149181));
#4212=CARTESIAN_POINT('Ctrl Pts',(-4.13044093747581,-0.90974927581302,-7.0968402973136));
#4213=CARTESIAN_POINT('Ctrl Pts',(-4.13109264933868,-0.909045839426598,
-7.09356744558146));
#4214=CARTESIAN_POINT('Ctrl Pts',(-4.13172784810233,-0.908359335428646,
-7.09029038930112));
#4215=CARTESIAN_POINT('',(-4.09120643906341,0.950282425947979,-7.23783196868498));
#4216=CARTESIAN_POINT('Ctrl Pts',(-4.12385989039604,-0.916789596296669,
-7.12714954078272));
#4217=CARTESIAN_POINT('Ctrl Pts',(-4.35999711668856,-0.665952791162113,
-7.14559661209976));
#4218=CARTESIAN_POINT('Ctrl Pts',(-4.62756391137227,0.0258412962628239,
-7.18249075473386));
#4219=CARTESIAN_POINT('Ctrl Pts',(-4.33597040362444,0.707856160655627,-7.21938489736794));
#4220=CARTESIAN_POINT('Ctrl Pts',(-4.0912064390634,0.950282425947985,-7.23783196868498));
#4221=CARTESIAN_POINT('',(-4.10413577877924,0.937299933667623,-7.19937420672684));
#4222=CARTESIAN_POINT('Ctrl Pts',(-4.10413577877924,0.93729993366762,-7.19937420672684));
#4223=CARTESIAN_POINT('Ctrl Pts',(-4.10007947353249,0.941429098544906,-7.21230206049186));
#4224=CARTESIAN_POINT('Ctrl Pts',(-4.09576716755969,0.945765256198957,-7.22512569034127));
#4225=CARTESIAN_POINT('Ctrl Pts',(-4.09120643906341,0.950282425947977,-7.23783196868499));
#4226=CARTESIAN_POINT('Ctrl Pts',(-4.13172784810232,-0.908359335428652,
-7.09029038930112));
#4227=CARTESIAN_POINT('Ctrl Pts',(-4.36231447477284,-0.659148143367088,
-7.10847102553874));
#4228=CARTESIAN_POINT('Ctrl Pts',(-4.62340416709675,0.0220269638064668,
-7.14483229801398));
#4229=CARTESIAN_POINT('Ctrl Pts',(-4.3420689638672,0.695092976538117,-7.18119357048922));
#4230=CARTESIAN_POINT('Ctrl Pts',(-4.10413577877924,0.937299933667623,-7.19937420672684));
#4231=CARTESIAN_POINT('Origin',(-3.15,0.,-3.80623831628361));
#4232=CARTESIAN_POINT('',(-2.80173317520579,1.29136225310629,-5.96260455583155));
#4233=CARTESIAN_POINT('',(-2.97371963489999,1.325979019948,-5.9157581527719));
#4234=CARTESIAN_POINT('Ctrl Pts',(-2.80173317520579,1.29136225310629,-5.96260455583155));
#4235=CARTESIAN_POINT('Ctrl Pts',(-2.85708630147034,1.30629040938484,-5.94203942758551));
#4236=CARTESIAN_POINT('Ctrl Pts',(-2.9147813079469,1.31797139415536,-5.92624862457232));
#4237=CARTESIAN_POINT('Ctrl Pts',(-2.97317243946427,1.32575950452372,-5.9157581527719));
#4238=CARTESIAN_POINT('',(-2.50846086737133,-1.17359865001032,-6.13290969155773));
#4239=CARTESIAN_POINT('Ctrl Pts',(-2.80173317520579,1.29136225310629,-5.96260455583155));
#4240=CARTESIAN_POINT('Ctrl Pts',(-2.46053973124274,1.19934596791305,-5.98152734869002));
#4241=CARTESIAN_POINT('Ctrl Pts',(-1.85683910116294,0.7322320321949,-6.01937293440695));
#4242=CARTESIAN_POINT('Ctrl Pts',(-1.72113373375622,-0.408374892034178,
-6.07614131298234));
#4243=CARTESIAN_POINT('Ctrl Pts',(-2.1983819841887,-1.00409629265698,-6.11398689869927));
#4244=CARTESIAN_POINT('Ctrl Pts',(-2.50846086737134,-1.17359865001033,-6.13290969155773));
#4245=CARTESIAN_POINT('',(-2.55276424058434,-1.19626999906357,-6.09809691501853));
#4246=CARTESIAN_POINT('Ctrl Pts',(-2.55254586594686,-1.19664314133446,-6.09809691501852));
#4247=CARTESIAN_POINT('Ctrl Pts',(-2.5373964943292,-1.18907943717853,-6.10938388332029));
#4248=CARTESIAN_POINT('Ctrl Pts',(-2.52268929148051,-1.18137651415629,-6.12101006153867));
#4249=CARTESIAN_POINT('Ctrl Pts',(-2.50846086737133,-1.17359865001032,-6.13290969155774));
#4250=CARTESIAN_POINT('Ctrl Pts',(-2.97412197378455,1.32614042405554,-5.9157581527719));
#4251=CARTESIAN_POINT('Ctrl Pts',(-2.63941164714306,1.278860929694,-5.93386867035592));
#4252=CARTESIAN_POINT('Ctrl Pts',(-1.91477166133868,0.882791125442379,-5.97492212334238));
#4253=CARTESIAN_POINT('Ctrl Pts',(-1.66374895259378,-0.369108375699181,
-6.03570171075792));
#4254=CARTESIAN_POINT('Ctrl Pts',(-2.22441699177762,-1.02955720556719,-6.07837078058944));
#4255=CARTESIAN_POINT('Ctrl Pts',(-2.5528813842161,-1.19606983277466,-6.09809691501853));
#4256=CARTESIAN_POINT('Origin',(-3.15,0.,-3.80623831628361));
#4257=CARTESIAN_POINT('',(-3.87349674880061,-1.12492608844979,-6.20967221229698));
#4258=CARTESIAN_POINT('',(-3.8330217478035,-1.14984278754783,-6.16965054329691));
#4259=CARTESIAN_POINT('Ctrl Pts',(-3.87349674880061,-1.12492608844979,-6.20967221229698));
#4260=CARTESIAN_POINT('Ctrl Pts',(-3.86807911848692,-1.12841043996267,-6.20399427496347));
#4261=CARTESIAN_POINT('Ctrl Pts',(-3.86261425492322,-1.13186981257404,-6.19840069255013));
#4262=CARTESIAN_POINT('Ctrl Pts',(-3.8492872587789,-1.14017035759437,-6.18507369640581));
#4263=CARTESIAN_POINT('Ctrl Pts',(-3.8412749681807,-1.14504854167875,-6.1773209465091));
#4264=CARTESIAN_POINT('Ctrl Pts',(-3.83307369375017,-1.14992024893316,-6.16965054329691));
#4265=CARTESIAN_POINT('',(-3.98227465085518,1.04700771513102,-6.3456364860997));
#4266=CARTESIAN_POINT('Ctrl Pts',(-3.87349674880061,-1.12492608844979,-6.20967221229698));
#4267=CARTESIAN_POINT('Ctrl Pts',(-4.22942699938828,-0.896009378504132,
-6.23233292459744));
#4268=CARTESIAN_POINT('Ctrl Pts',(-4.70265306533915,-0.0777621964296216,
-6.27765434919834));
#4269=CARTESIAN_POINT('Ctrl Pts',(-4.31355127626206,0.783673325362475,-6.32297577379925));
#4270=CARTESIAN_POINT('Ctrl Pts',(-3.98227465085518,1.04700771513102,-6.3456364860997));
#4271=CARTESIAN_POINT('',(-3.95729564239142,1.06638641953835,-6.30985277618562));
#4272=CARTESIAN_POINT('Ctrl Pts',(-3.95729564239142,1.06638641953835,-6.30985277618561));
#4273=CARTESIAN_POINT('Ctrl Pts',(-3.96584632016688,1.05991322672461,-6.32154973014739));
#4274=CARTESIAN_POINT('Ctrl Pts',(-3.97418063944658,1.05344170833065,-6.33348481963862));
#4275=CARTESIAN_POINT('Ctrl Pts',(-3.98227465085518,1.04700771513102,-6.3456364860997));
#4276=CARTESIAN_POINT('Ctrl Pts',(-3.83299843349902,-1.14980802144115,-6.16965054329691));
#4277=CARTESIAN_POINT('Ctrl Pts',(-4.06099619545591,-1.01375341983812,-6.18386916097964));
#4278=CARTESIAN_POINT('Ctrl Pts',(-4.46210075794494,-0.574735282800085,
-6.21434550863579));
#4279=CARTESIAN_POINT('Ctrl Pts',(-4.55331527178289,0.346443890405969,-6.26107958626536));
#4280=CARTESIAN_POINT('Ctrl Pts',(-4.19936614187337,0.883129716524548,-6.2935950462122));
#4281=CARTESIAN_POINT('Ctrl Pts',(-3.95729564239141,1.06638641953836,-6.30985277618562));
#4282=CARTESIAN_POINT('Origin',(-3.15,0.,-3.80623831628361));
#4283=CARTESIAN_POINT('',(-4.12487070004817,-0.915714676188821,-6.67722855167775));
#4284=CARTESIAN_POINT('',(-4.11534169575814,-0.925754643753299,-6.63901070820665));
#4285=CARTESIAN_POINT('Ctrl Pts',(-4.12487070004817,-0.91571467618882,-6.67722855167775));
#4286=CARTESIAN_POINT('Ctrl Pts',(-4.12194204114964,-0.918832529189155,
-6.66441244004357));
#4287=CARTESIAN_POINT('Ctrl Pts',(-4.1187639777798,-0.922186018359473,-6.65166897287126));
#4288=CARTESIAN_POINT('Ctrl Pts',(-4.11534169575814,-0.925754643753299,
-6.63901070820665));
#4289=CARTESIAN_POINT('',(-4.14322545723568,0.895773096882781,-6.78379676812168));
#4290=CARTESIAN_POINT('Ctrl Pts',(-4.12487070004815,-0.915714676188835,
-6.67722855167775));
#4291=CARTESIAN_POINT('Ctrl Pts',(-4.35196381962822,-0.673951128854919,
-6.69498992108507));
#4292=CARTESIAN_POINT('Ctrl Pts',(-4.61700767695593,-0.0148643397449523,
-6.73051265989971));
#4293=CARTESIAN_POINT('Ctrl Pts',(-4.36537315487186,0.649457652350716,-6.76603539871436));
#4294=CARTESIAN_POINT('Ctrl Pts',(-4.14322545723568,0.895773096882781,-6.78379676812168));
#4295=CARTESIAN_POINT('',(-4.13818311373514,0.901332560006969,-6.74672203769388));
#4296=CARTESIAN_POINT('Ctrl Pts',(-4.13818311373514,0.901332560006969,-6.74672203769388));
#4297=CARTESIAN_POINT('Ctrl Pts',(-4.14009372995371,0.899237840734867,-6.75903978158617));
#4298=CARTESIAN_POINT('Ctrl Pts',(-4.14177549051135,0.897380807437792,-6.7714034479061));
#4299=CARTESIAN_POINT('Ctrl Pts',(-4.14322545723568,0.89577309688278,-6.78379676812168));
#4300=CARTESIAN_POINT('Ctrl Pts',(-4.11534169575814,-0.925754643753299,
-6.63901070820665));
#4301=CARTESIAN_POINT('Ctrl Pts',(-4.34738732356308,-0.683786297874629,
-6.65696259645452));
#4302=CARTESIAN_POINT('Ctrl Pts',(-4.61990015613867,-0.0183760270345704,
-6.69286637295026));
#4303=CARTESIAN_POINT('Ctrl Pts',(-4.36410720837418,0.653638883761138,-6.72877014944601));
#4304=CARTESIAN_POINT('Ctrl Pts',(-4.13818311373514,0.901332560006976,-6.74672203769388));
#4305=CARTESIAN_POINT('Origin',(-3.15,0.,-3.80623831628361));
#4306=CARTESIAN_POINT('',(-2.22242009287968,-0.963587964799607,-6.52637516690315));
#4307=CARTESIAN_POINT('',(-2.20856177216078,-0.950052794934546,-6.562814497401));
#4308=CARTESIAN_POINT('Ctrl Pts',(-2.22242009287968,-0.963587964799607,
-6.52637516690315));
#4309=CARTESIAN_POINT('Ctrl Pts',(-2.21757428654979,-0.958923240094032,
-6.53840561077954));
#4310=CARTESIAN_POINT('Ctrl Pts',(-2.21295236506182,-0.954403576303709,
-6.55055574971445));
#4311=CARTESIAN_POINT('Ctrl Pts',(-2.20856177216078,-0.950052794934546,
-6.562814497401));
#4312=CARTESIAN_POINT('',(-2.27997965968379,1.01585966424308,-6.40698417121145));
#4313=CARTESIAN_POINT('Ctrl Pts',(-2.27997965968379,1.01585966424308,-6.40698417121145));
#4314=CARTESIAN_POINT('Ctrl Pts',(-1.99773781958613,0.774137160223584,-6.4268826704934));
#4315=CARTESIAN_POINT('Ctrl Pts',(-1.64843723821047,0.0436633436670384,
-6.4666796690573));
#4316=CARTESIAN_POINT('Ctrl Pts',(-1.95470118459558,-0.705873371890428,
-6.5064766676212));
#4317=CARTESIAN_POINT('Ctrl Pts',(-2.22242009287968,-0.963587964799607,
-6.52637516690315));
#4318=CARTESIAN_POINT('',(-2.25902293751492,0.997530011641481,-6.44595168304964));
#4319=CARTESIAN_POINT('Ctrl Pts',(-2.25902293751492,0.99753001164148,-6.44595168304964));
#4320=CARTESIAN_POINT('Ctrl Pts',(-2.26573736836469,1.00352722857227,-6.43277598422761));
#4321=CARTESIAN_POINT('Ctrl Pts',(-2.27272830219053,1.00964932955207,-6.41978057275812));
#4322=CARTESIAN_POINT('Ctrl Pts',(-2.27997965968379,1.01585966424308,-6.40698417121145));
#4323=CARTESIAN_POINT('Ctrl Pts',(-2.25902293751492,0.997530011641487,-6.44595168304964));
#4324=CARTESIAN_POINT('Ctrl Pts',(-1.98774253826959,0.755226912578185,-6.46542881877487));
#4325=CARTESIAN_POINT('Ctrl Pts',(-1.65559790295675,0.0387194172539746,
-6.50438309022532));
#4326=CARTESIAN_POINT('Ctrl Pts',(-1.95019290254664,-0.694026675086004,
-6.54333736167577));
#4327=CARTESIAN_POINT('Ctrl Pts',(-2.20856177216078,-0.950052794934546,
-6.562814497401));
#4328=CARTESIAN_POINT('Ctrl Pts',(-2.32128525588439,0.704502067339336,-4.8));
#4329=CARTESIAN_POINT('Ctrl Pts',(-2.08907440246394,0.43134948639665,-4.82360656993593));
#4330=CARTESIAN_POINT('Ctrl Pts',(-1.91954950788101,-0.357825095271911,
-4.87081970980778));
#4331=CARTESIAN_POINT('Ctrl Pts',(-2.77402147437769,-1.22626705869893,-4.94163941961559));
#4332=CARTESIAN_POINT('Ctrl Pts',(-3.96705468852799,-0.987279920548936,
-5.01245912942337));
#4333=CARTESIAN_POINT('Ctrl Pts',(-4.4242124044502,0.139445298714962,-5.08327883923116));
#4334=CARTESIAN_POINT('Ctrl Pts',(-3.73372560823226,1.141326352417,-5.15409854903896));
#4335=CARTESIAN_POINT('Ctrl Pts',(-2.51750231100204,1.11487059351846,-5.22491825884674));
#4336=CARTESIAN_POINT('Ctrl Pts',(-1.87094322291016,0.0844903886078924,
-5.29573796865454));
#4337=CARTESIAN_POINT('Ctrl Pts',(-2.37638997589848,-1.02209373923635,-5.36655767846232));
#4338=CARTESIAN_POINT('Ctrl Pts',(-3.57859065961426,-1.20805213221381,-5.43737738827013));
#4339=CARTESIAN_POINT('Ctrl Pts',(-4.39479188247333,-0.306008579136259,
-5.50819709807791));
#4340=CARTESIAN_POINT('Ctrl Pts',(-4.08982116181221,0.871700090969675,-5.57901680788571));
#4341=CARTESIAN_POINT('Ctrl Pts',(-2.93845022607154,1.26421377149229,-5.6498365176935));
#4342=CARTESIAN_POINT('Ctrl Pts',(-1.97749177617908,0.518252731300028,-5.72065622750129));
#4343=CARTESIAN_POINT('Ctrl Pts',(-2.07280885813364,-0.694781610920383,
-5.79147593730908));
#4344=CARTESIAN_POINT('Ctrl Pts',(-3.13784670221343,-1.28146490506669,-5.86229564711687));
#4345=CARTESIAN_POINT('Ctrl Pts',(-4.21474403281933,-0.71512998507606,-5.93311535692466));
#4346=CARTESIAN_POINT('Ctrl Pts',(-4.33084374785753,0.497649731747125,-6.00393506673245));
#4347=CARTESIAN_POINT('Ctrl Pts',(-3.70186110041637,1.00353117976929,-6.05114820660432));
#4348=CARTESIAN_POINT('Ctrl Pts',(-3.34942159494882,1.06926251101779,-6.07475477654025));
#4349=CARTESIAN_POINT('Ctrl Pts',(-2.25784468002705,0.758433793741029,-4.75192596758548));
#4350=CARTESIAN_POINT('Ctrl Pts',(-2.00785739585534,0.464370571163247,-4.77553253752141));
#4351=CARTESIAN_POINT('Ctrl Pts',(-1.8253548669165,-0.38521766944951,-4.82274567739327));
#4352=CARTESIAN_POINT('Ctrl Pts',(-2.74523920117109,-1.32014144540574,-4.89356538720106));
#4353=CARTESIAN_POINT('Ctrl Pts',(-4.0296026524869,-1.06285913177542,-4.96438509700885));
#4354=CARTESIAN_POINT('Ctrl Pts',(-4.52175714982474,0.150120250637673,-5.03520480681664));
#4355=CARTESIAN_POINT('Ctrl Pts',(-3.77841153785024,1.2286982756905,-5.10602451662444));
#4356=CARTESIAN_POINT('Ctrl Pts',(-2.46908273369467,1.20021724984554,-5.17684422643222));
#4357=CARTESIAN_POINT('Ctrl Pts',(-1.77302762641692,0.090958378885313,-5.24766393624002));
#4358=CARTESIAN_POINT('Ctrl Pts',(-2.31716783007991,-1.10033805171873,-5.31848364604781));
#4359=CARTESIAN_POINT('Ctrl Pts',(-3.61140054799391,-1.30053211217979,-5.3893033558556));
#4360=CARTESIAN_POINT('Ctrl Pts',(-4.4900843994792,-0.329434445051566,-5.46012306566339));
#4361=CARTESIAN_POINT('Ctrl Pts',(-4.16176726405262,0.938431322842504,-5.53094277547119));
#4362=CARTESIAN_POINT('Ctrl Pts',(-2.92225546234154,1.36099309180695,-5.60176248527896));
#4363=CARTESIAN_POINT('Ctrl Pts',(-1.88773278800512,0.557926517662306,-5.67258219508677));
#4364=CARTESIAN_POINT('Ctrl Pts',(-1.99034667577998,-0.747969207502747,
-5.74340190489455));
#4365=CARTESIAN_POINT('Ctrl Pts',(-3.13691633115919,-1.37956485091134,-5.81422161470236));
#4366=CARTESIAN_POINT('Ctrl Pts',(-4.29625335199382,-0.769875310157118,
-5.88504132451013));
#4367=CARTESIAN_POINT('Ctrl Pts',(-4.42124084516218,0.535746297280033,-5.95586103431793));
#4368=CARTESIAN_POINT('Ctrl Pts',(-3.74410770728836,1.08035447317322,-6.00307417418979));
#4369=CARTESIAN_POINT('Ctrl Pts',(-3.36468791054388,1.15111773312322,-6.02668074412572));
#4370=CARTESIAN_POINT('Ctrl Pts',(-2.19440410416971,0.812365520142723,-4.70385193517095));
#4371=CARTESIAN_POINT('Ctrl Pts',(-1.92664038924675,0.497391655929845,-4.72745850510688));
#4372=CARTESIAN_POINT('Ctrl Pts',(-1.73116022595197,-0.412610243627109,
-4.77467164497875));
#4373=CARTESIAN_POINT('Ctrl Pts',(-2.7164569279645,-1.41401583211255,-4.84549135478653));
#4374=CARTESIAN_POINT('Ctrl Pts',(-4.09215061644579,-1.13843834300189,-4.91631106459433));
#4375=CARTESIAN_POINT('Ctrl Pts',(-4.61930189519929,0.160795202560384,-4.98713077440212));
#4376=CARTESIAN_POINT('Ctrl Pts',(-3.82309746746821,1.31607019896401,-5.05795048420991));
#4377=CARTESIAN_POINT('Ctrl Pts',(-2.4206631563873,1.28556390617263,-5.1287701940177));
#4378=CARTESIAN_POINT('Ctrl Pts',(-1.6751120299237,0.097426369162733,-5.1995899038255));
#4379=CARTESIAN_POINT('Ctrl Pts',(-2.25794568426135,-1.1785823642011,-5.27040961363328));
#4380=CARTESIAN_POINT('Ctrl Pts',(-3.64421043637355,-1.39301209214578,-5.34122932344108));
#4381=CARTESIAN_POINT('Ctrl Pts',(-4.58537691648507,-0.352860310966871,
-5.41204903324886));
#4382=CARTESIAN_POINT('Ctrl Pts',(-4.23371336629303,1.00516255471533,-5.48286874305666));
#4383=CARTESIAN_POINT('Ctrl Pts',(-2.90606069861156,1.45777241212162,-5.55368845286445));
#4384=CARTESIAN_POINT('Ctrl Pts',(-1.79797379983115,0.597600304024582,-5.62450816267225));
#4385=CARTESIAN_POINT('Ctrl Pts',(-1.90788449342633,-0.80115680408511,-5.69532787248003));
#4386=CARTESIAN_POINT('Ctrl Pts',(-3.13598596010495,-1.47766479675598,-5.76614758228783));
#4387=CARTESIAN_POINT('Ctrl Pts',(-4.37776267116831,-0.824620635238177,
-5.83696729209561));
#4388=CARTESIAN_POINT('Ctrl Pts',(-4.51163794246683,0.573842862812942,-5.90778700190341));
#4389=CARTESIAN_POINT('Ctrl Pts',(-3.78635431416036,1.15717776657715,-5.95500014177527));
#4390=CARTESIAN_POINT('Ctrl Pts',(-3.37995422613893,1.23297295522866,-5.9786067117112));
#4391=CARTESIAN_POINT('Ctrl Pts',(-2.13096352831238,0.866297246544417,-4.65577790275643));
#4392=CARTESIAN_POINT('Ctrl Pts',(-1.84542338263815,0.530412740696441,-4.67938447269236));
#4393=CARTESIAN_POINT('Ctrl Pts',(-1.63696558498746,-0.440002817804709,
-4.72659761256422));
#4394=CARTESIAN_POINT('Ctrl Pts',(-2.68767465475789,-1.50789021881936,-4.79741732237201));
#4395=CARTESIAN_POINT('Ctrl Pts',(-4.1546985804047,-1.21401755422837,-4.86823703217981));
#4396=CARTESIAN_POINT('Ctrl Pts',(-4.71684664057382,0.171470154483094,-4.9390567419876));
#4397=CARTESIAN_POINT('Ctrl Pts',(-3.86778339708619,1.40344212223751,-5.00987645179539));
#4398=CARTESIAN_POINT('Ctrl Pts',(-2.37224357907992,1.37091056249971,-5.08069616160318));
#4399=CARTESIAN_POINT('Ctrl Pts',(-1.57719643343047,0.103894359440155,-5.15151587141097));
#4400=CARTESIAN_POINT('Ctrl Pts',(-2.19872353844278,-1.25682667668348,-5.22233558121876));
#4401=CARTESIAN_POINT('Ctrl Pts',(-3.67702032475321,-1.48549207211176,-5.29315529102655));
#4402=CARTESIAN_POINT('Ctrl Pts',(-4.68066943349093,-0.376286176882179,
-5.36397500083434));
#4403=CARTESIAN_POINT('Ctrl Pts',(-4.30565946853344,1.07189378658816,-5.43479471064213));
#4404=CARTESIAN_POINT('Ctrl Pts',(-2.88986593488157,1.55455173243628,-5.50561442044994));
#4405=CARTESIAN_POINT('Ctrl Pts',(-1.70821481165719,0.63727409038686,-5.57643413025771));
#4406=CARTESIAN_POINT('Ctrl Pts',(-1.82542231107266,-0.854344400667475,
-5.64725384006552));
#4407=CARTESIAN_POINT('Ctrl Pts',(-3.13505558905072,-1.57576474260063,-5.7180735498733));
#4408=CARTESIAN_POINT('Ctrl Pts',(-4.45927199034278,-0.879365960319233,
-5.78889325968109));
#4409=CARTESIAN_POINT('Ctrl Pts',(-4.60203503977149,0.611939428345849,-5.85971296948889));
#4410=CARTESIAN_POINT('Ctrl Pts',(-3.82860092103235,1.23400105998108,-5.90692610936075));
#4411=CARTESIAN_POINT('Ctrl Pts',(-3.39522054173398,1.31482817733409,-5.93053267929668));
#4412=CARTESIAN_POINT('Ctrl Pts',(-3.395220541734,1.31482817733409,-5.93053267929668));
#4413=CARTESIAN_POINT('Ctrl Pts',(-3.41602726709126,1.29947954632836,-5.93579560704561));
#4414=CARTESIAN_POINT('Ctrl Pts',(-3.43592765132617,1.28279772472005,-5.94153561882865));
#4415=CARTESIAN_POINT('Ctrl Pts',(-3.45488391322927,1.26511505036139,-5.94760924848624));
#4416=CARTESIAN_POINT('Ctrl Pts',(-3.47393863173178,1.24734053426753,-5.95371442386341));
#4417=CARTESIAN_POINT('Ctrl Pts',(-3.49203951048658,1.22855514528534,-5.96015669165912));
#4418=CARTESIAN_POINT('Ctrl Pts',(-3.50919976137344,1.20908578712479,-5.96679033864394));
#4419=CARTESIAN_POINT('Ctrl Pts',(-3.52148945931089,1.19514237030608,-5.97154117347757));
#4420=CARTESIAN_POINT('Ctrl Pts',(-3.53329778714749,1.18084793323122,-5.97639016725155));
#4421=CARTESIAN_POINT('Ctrl Pts',(-3.54464523174544,1.16631752792404,-5.98128379557785));
#4422=CARTESIAN_POINT('Ctrl Pts',(-3.56410873830644,1.14139450348541,-5.98967750626874));
#4423=CARTESIAN_POINT('Ctrl Pts',(-3.58251105686332,1.11538705375632,-5.99833602338181));
#4424=CARTESIAN_POINT('Ctrl Pts',(-3.5998442302244,1.08862532931155,-6.00710052678655));
#4425=CARTESIAN_POINT('Ctrl Pts',(-3.61667088933724,1.06264564255004,-6.01560891172061));
#4426=CARTESIAN_POINT('Ctrl Pts',(-3.6324900663392,1.03595558846361,-6.02421717913734));
#4427=CARTESIAN_POINT('Ctrl Pts',(-3.64734035627457,1.00884182749434,-6.03278002924359));
#4428=CARTESIAN_POINT('Ctrl Pts',(-3.65827436183296,0.98887844533566,-6.03908470417349));
#4429=CARTESIAN_POINT('Ctrl Pts',(-3.66868405171357,0.968685113332119,-6.04536475785171));
#4430=CARTESIAN_POINT('Ctrl Pts',(-3.67860112134059,0.948368211920217,-6.0515621942746));
#4431=CARTESIAN_POINT('Ctrl Pts',(-2.32128525588439,0.704502067339336,-4.8));
#4432=CARTESIAN_POINT('Ctrl Pts',(-2.28840495201595,0.673705909320828,-4.8));
#4433=CARTESIAN_POINT('Ctrl Pts',(-2.25773171856175,0.640839362429285,-4.8));
#4434=CARTESIAN_POINT('Ctrl Pts',(-2.22926668232654,0.606209754848462,-4.8));
#4435=CARTESIAN_POINT('Ctrl Pts',(-2.19950735472286,0.570005555835009,-4.8));
#4436=CARTESIAN_POINT('Ctrl Pts',(-2.17216095475312,0.531873844643516,-4.8));
#4437=CARTESIAN_POINT('Ctrl Pts',(-2.14725657534065,0.492116104915017,-4.8));
#4438=CARTESIAN_POINT('Ctrl Pts',(-2.12811766135643,0.461562444120318,-4.8));
#4439=CARTESIAN_POINT('Ctrl Pts',(-2.11042147751739,0.430047325254436,-4.8));
#4440=CARTESIAN_POINT('Ctrl Pts',(-2.09419528615276,0.39769219165362,-4.8));
#4441=CARTESIAN_POINT('Ctrl Pts',(-2.08758841411363,0.384518044824842,-4.8));
#4442=CARTESIAN_POINT('Ctrl Pts',(-2.08122540618703,0.371204502474892,-4.8));
#4443=CARTESIAN_POINT('Ctrl Pts',(-2.07510876916536,0.357759290057397,-4.8));
#4444=CARTESIAN_POINT('Ctrl Pts',(-2.07122544567984,0.349223209043635,-4.8));
#4445=CARTESIAN_POINT('Ctrl Pts',(-2.06744495367729,0.340641697159097,-4.8));
#4446=CARTESIAN_POINT('Ctrl Pts',(-2.06376918506638,0.332021230628439,-4.8));
#4447=CARTESIAN_POINT('Ctrl Pts',(-2.04466138754841,0.287209343261762,-4.8));
#4448=CARTESIAN_POINT('Ctrl Pts',(-2.02836475752883,0.241313097798484,-4.8));
#4449=CARTESIAN_POINT('Ctrl Pts',(-2.01490671690257,0.194650267800918,-4.8));
#4450=CARTESIAN_POINT('Ctrl Pts',(-2.00120972080466,0.147158911656057,-4.8));
#4451=CARTESIAN_POINT('Ctrl Pts',(-1.99045238917496,0.098872534413701,-4.8));
#4452=CARTESIAN_POINT('Ctrl Pts',(-1.98270480348327,0.0500924767410869,
-4.8));
#4453=CARTESIAN_POINT('Ctrl Pts',(-1.97757402284128,0.0177882486135304,
-4.8));
#4454=CARTESIAN_POINT('Ctrl Pts',(-1.97376407333865,-0.0147331660593075,
-4.8));
#4455=CARTESIAN_POINT('Ctrl Pts',(-1.97130703137311,-0.0473888413983557,
-4.8));
#4456=CARTESIAN_POINT('Ctrl Pts',(-1.97059969579736,-0.0567897882447182,
-4.8));
#4457=CARTESIAN_POINT('Ctrl Pts',(-1.97000454681841,-0.0662018754492588,
-4.8));
#4458=CARTESIAN_POINT('Ctrl Pts',(-1.96952250826599,-0.075623149185712,
-4.8));
#4459=CARTESIAN_POINT('Ctrl Pts',(-1.96901301581685,-0.085580999664372,
-4.8));
#4460=CARTESIAN_POINT('Ctrl Pts',(-1.96863038064929,-0.0955403416668719,
-4.8));
#4461=CARTESIAN_POINT('Ctrl Pts',(-1.96837511134307,-0.105493292745109,
-4.8));
#4462=CARTESIAN_POINT('Ctrl Pts',(-1.96707092075604,-0.156343687967607,
-4.8));
#4463=CARTESIAN_POINT('Ctrl Pts',(-1.9690852700208,-0.207070012512678,-4.8));
#4464=CARTESIAN_POINT('Ctrl Pts',(-1.97447553469518,-0.25735243661353,-4.8));
#4465=CARTESIAN_POINT('Ctrl Pts',(-1.97743412166093,-0.284951252912555,
-4.8));
#4466=CARTESIAN_POINT('Ctrl Pts',(-1.98141055434498,-0.312416787712281,
-4.8));
#4467=CARTESIAN_POINT('Ctrl Pts',(-1.98642068025654,-0.339698231475107,
-4.8));
#4468=CARTESIAN_POINT('Ctrl Pts',(-1.99530635614496,-0.388083056791574,
-4.8));
#4469=CARTESIAN_POINT('Ctrl Pts',(-2.00744033104106,-0.435889272452362,
-4.8));
#4470=CARTESIAN_POINT('Ctrl Pts',(-2.02260481258187,-0.482922072117066,
-4.8));
#4471=CARTESIAN_POINT('Ctrl Pts',(-2.02726615126048,-0.497379263261425,
-4.8));
#4472=CARTESIAN_POINT('Ctrl Pts',(-2.03221419898482,-0.511763343106481,
-4.8));
#4473=CARTESIAN_POINT('Ctrl Pts',(-2.03744358067261,-0.526068502097929,
-4.8));
#4474=CARTESIAN_POINT('Ctrl Pts',(-2.04069113437887,-0.534952300389017,
-4.8));
#4475=CARTESIAN_POINT('Ctrl Pts',(-2.04404715657604,-0.543805226008698,
-4.8));
#4476=CARTESIAN_POINT('Ctrl Pts',(-2.04750496209931,-0.552612894766754,
-4.8));
#4477=CARTESIAN_POINT('Ctrl Pts',(-2.06607787122982,-0.599921521696303,
-4.8));
#4478=CARTESIAN_POINT('Ctrl Pts',(-2.08761756333844,-0.646021328852463,
-4.8));
#4479=CARTESIAN_POINT('Ctrl Pts',(-2.11184984577271,-0.690711591498104,
-4.8));
#4480=CARTESIAN_POINT('Ctrl Pts',(-2.13667672450863,-0.736498435324703,
-4.8));
#4481=CARTESIAN_POINT('Ctrl Pts',(-2.16433030720971,-0.780806653317361,
-4.8));
#4482=CARTESIAN_POINT('Ctrl Pts',(-2.19457101107698,-0.823414696264484,
-4.8));
#4483=CARTESIAN_POINT('Ctrl Pts',(-2.21222788391938,-0.848292582694738,
-4.8));
#4484=CARTESIAN_POINT('Ctrl Pts',(-2.23076774448251,-0.872590680163249,
-4.8));
#4485=CARTESIAN_POINT('Ctrl Pts',(-2.25015049387604,-0.896262005847166,
-4.8));
#4486=CARTESIAN_POINT('Ctrl Pts',(-2.26064413762369,-0.909077445685883,
-4.8));
#4487=CARTESIAN_POINT('Ctrl Pts',(-2.27138492623572,-0.921709129894446,
-4.8));
#4488=CARTESIAN_POINT('Ctrl Pts',(-2.28236709942353,-0.934149210326744,
-4.8));
#4489=CARTESIAN_POINT('Ctrl Pts',(-2.29106186273643,-0.943998222275704,
-4.8));
#4490=CARTESIAN_POINT('Ctrl Pts',(-2.29991003414222,-0.953729140648274,
-4.8));
#4491=CARTESIAN_POINT('Ctrl Pts',(-2.30889180151439,-0.963320315662706,
-4.8));
#4492=CARTESIAN_POINT('Ctrl Pts',(-2.34595401403015,-1.00289717753536,-4.8));
#4493=CARTESIAN_POINT('Ctrl Pts',(-2.38534184602884,-1.04016058477343,-4.8));
#4494=CARTESIAN_POINT('Ctrl Pts',(-2.42680733477164,-1.07486779749967,-4.8));
#4495=CARTESIAN_POINT('Ctrl Pts',(-2.4554976699767,-1.09888202227646,-4.8));
#4496=CARTESIAN_POINT('Ctrl Pts',(-2.48518376391588,-1.12167220907254,-4.8));
#4497=CARTESIAN_POINT('Ctrl Pts',(-2.51579567206243,-1.14314991309661,-4.8));
#4498=CARTESIAN_POINT('Ctrl Pts',(-2.52599773145854,-1.15030780770079,-4.8));
#4499=CARTESIAN_POINT('Ctrl Pts',(-2.53630243733126,-1.15731951468135,-4.8));
#4500=CARTESIAN_POINT('Ctrl Pts',(-2.54669558455203,-1.16417426285809,-4.8));
#4501=CARTESIAN_POINT('Ctrl Pts',(-2.59229026127838,-1.19424600345021,-4.8));
#4502=CARTESIAN_POINT('Ctrl Pts',(-2.63963911779957,-1.22133895787906,-4.8));
#4503=CARTESIAN_POINT('Ctrl Pts',(-2.68851220130851,-1.24519705221154,-4.8));
#4504=CARTESIAN_POINT('Ctrl Pts',(-2.71146983893769,-1.25640415118879,-4.8));
#4505=CARTESIAN_POINT('Ctrl Pts',(-2.73476437525246,-1.2668969949661,-4.8));
#4506=CARTESIAN_POINT('Ctrl Pts',(-2.75837466801135,-1.27664607922641,-4.8));
#4507=CARTESIAN_POINT('Ctrl Pts',(-2.7732062708655,-1.28277029578811,-4.8));
#4508=CARTESIAN_POINT('Ctrl Pts',(-2.78816250755374,-1.28860097279728,-4.8));
#4509=CARTESIAN_POINT('Ctrl Pts',(-2.80323539928572,-1.29414038017836,-4.8));
#4510=CARTESIAN_POINT('Ctrl Pts',(-4.23600386800998,0.000853869618179584,
-5.97546041352717));
#4511=CARTESIAN_POINT('Ctrl Pts',(-4.23513606305381,-0.214276084173706,
-5.96134539465967));
#4512=CARTESIAN_POINT('Ctrl Pts',(-4.17349873321356,-0.430092238650681,
-5.94723037579217));
#4513=CARTESIAN_POINT('Ctrl Pts',(-4.05461109689138,-0.607389185603968,
-5.93311535692466));
#4514=CARTESIAN_POINT('Ctrl Pts',(-3.8557782559507,-0.903908291739605,-5.90950878698873));
#4515=CARTESIAN_POINT('Ctrl Pts',(-3.49681247908206,-1.09268659840315,-5.8859022170528));
#4516=CARTESIAN_POINT('Ctrl Pts',(-3.13982328330111,-1.08929520271054,-5.86229564711687));
#4517=CARTESIAN_POINT('Ctrl Pts',(-2.78283408752017,-1.08590380701792,-5.83868907718094));
#4518=CARTESIAN_POINT('Ctrl Pts',(-2.4278214728269,-0.890342708969155,-5.81508250724501));
#4519=CARTESIAN_POINT('Ctrl Pts',(-2.23442898515451,-0.590389769574703,
-5.79147593730908));
#4520=CARTESIAN_POINT('Ctrl Pts',(-2.04103649748212,-0.290436830180249,
-5.76786936737315));
#4521=CARTESIAN_POINT('Ctrl Pts',(-2.0092641368306,0.11390795055989,-5.74426279743722));
#4522=CARTESIAN_POINT('Ctrl Pts',(-2.15353769815358,0.440407180962003,-5.72065622750129));
#4523=CARTESIAN_POINT('Ctrl Pts',(-2.29781125947657,0.766906411364116,-5.69704965756536));
#4524=CARTESIAN_POINT('Ctrl Pts',(-2.61813074277405,1.0155600914282,-5.67344308762943));
#4525=CARTESIAN_POINT('Ctrl Pts',(-2.97018564037957,1.07446798470648,-5.6498365176935));
#4526=CARTESIAN_POINT('Ctrl Pts',(-3.32224053798509,1.13337587798475,-5.62622994775757));
#4527=CARTESIAN_POINT('Ctrl Pts',(-3.70603084989865,1.00253798447721,-5.60262337782164));
#4528=CARTESIAN_POINT('Ctrl Pts',(-3.94875445929895,0.740834259372456,-5.57901680788571));
#4529=CARTESIAN_POINT('Ctrl Pts',(-4.1323107232324,0.54292455394091,-5.56116467643286));
#4530=CARTESIAN_POINT('Ctrl Pts',(-4.23519200268132,0.270173665256592,-5.54331254498002));
#4531=CARTESIAN_POINT('Ctrl Pts',(-4.23759249901862,-0.000950635551624779,
-5.52546041352717));
#4532=CARTESIAN_POINT('Ctrl Pts',(-3.04742058969167,1.08285213883558,-7.89472481852058));
#4533=CARTESIAN_POINT('Ctrl Pts',(-2.69470538982334,1.04943915851106,-7.91805336403223));
#4534=CARTESIAN_POINT('Ctrl Pts',(-2.02997874863265,0.612451844512576,-7.96471045505553));
#4535=CARTESIAN_POINT('Ctrl Pts',(-2.01572592484226,-0.587975109047111,
-8.03469609159046));
#4536=CARTESIAN_POINT('Ctrl Pts',(-3.00299866874169,-1.2680634976583,-8.10468172812542));
#4537=CARTESIAN_POINT('Ctrl Pts',(-4.11886080569843,-0.831695737726368,
-8.17466736466034));
#4538=CARTESIAN_POINT('Ctrl Pts',(-4.38137722838824,0.33817515266241,-8.2446530011953));
#4539=CARTESIAN_POINT('Ctrl Pts',(-3.55844857896636,1.20973735174518,-8.31463863773023));
#4540=CARTESIAN_POINT('Ctrl Pts',(-2.37569340975594,1.01532545152243,-8.38462427426518));
#4541=CARTESIAN_POINT('Ctrl Pts',(-1.87525235872459,-0.0739492701285984,
-8.45460991080012));
#4542=CARTESIAN_POINT('Ctrl Pts',(-2.49825826247974,-1.0980150323056,-8.52459554733507));
#4543=CARTESIAN_POINT('Ctrl Pts',(-3.69561402354298,-1.15444032607277,-8.59458118387));
#4544=CARTESIAN_POINT('Ctrl Pts',(-4.41213954670686,-0.193468127286087,
-8.66456682040495));
#4545=CARTESIAN_POINT('Ctrl Pts',(-4.01635973933965,0.937998623840696,-8.73455245693988));
#4546=CARTESIAN_POINT('Ctrl Pts',(-2.85707547374039,1.24282714184261,-8.80453809347484));
#4547=CARTESIAN_POINT('Ctrl Pts',(-1.95593893116736,0.452373423552028,-8.87452373000977));
#4548=CARTESIAN_POINT('Ctrl Pts',(-2.10710720675839,-0.736747958548128,
-8.94450936654472));
#4549=CARTESIAN_POINT('Ctrl Pts',(-3.177357463929,-1.27658725709747,-9.01449500307966));
#4550=CARTESIAN_POINT('Ctrl Pts',(-4.2234982488709,-0.691393356732774,-9.08448063961461));
#4551=CARTESIAN_POINT('Ctrl Pts',(-4.32358463324301,0.503112683878041,-9.15446627614954));
#4552=CARTESIAN_POINT('Ctrl Pts',(-3.38941234733381,1.25423489975378,-9.2244519126845));
#4553=CARTESIAN_POINT('Ctrl Pts',(-2.24425046374747,0.900022616492752,-9.29443754921942));
#4554=CARTESIAN_POINT('Ctrl Pts',(-1.89730879218783,-0.247362665550015,
-9.36442318575438));
#4555=CARTESIAN_POINT('Ctrl Pts',(-2.65434147249243,-1.17675261065957,-9.43440882228931));
#4556=CARTESIAN_POINT('Ctrl Pts',(-3.84818789552612,-1.06909039786939,-9.50439445882427));
#4557=CARTESIAN_POINT('Ctrl Pts',(-4.42673612945496,-0.0192615518936013,
-9.57438009535919));
#4558=CARTESIAN_POINT('Ctrl Pts',(-3.88011629240023,1.04754824648867,-9.64436573189415));
#4559=CARTESIAN_POINT('Ctrl Pts',(-2.69006588908889,1.19116116340963,-9.71435136842908));
#4560=CARTESIAN_POINT('Ctrl Pts',(-1.90533238821271,0.285048381257465,-9.78433700496403));
#4561=CARTESIAN_POINT('Ctrl Pts',(-2.21752991180289,-0.872316457956792,
-9.85432264149897));
#4562=CARTESIAN_POINT('Ctrl Pts',(-3.35144159387586,-1.26083939743484,-9.92430827803392));
#4563=CARTESIAN_POINT('Ctrl Pts',(-4.30793220928424,-0.538372836585815,
-9.99429391456885));
#4564=CARTESIAN_POINT('Ctrl Pts',(-4.24375383809095,0.658871461388443,-10.0642795511038));
#4565=CARTESIAN_POINT('Ctrl Pts',(-3.21606625050364,1.27484496156572,-10.1342651876387));
#4566=CARTESIAN_POINT('Ctrl Pts',(-2.12938611075601,0.768530868291039,-10.2042508241737));
#4567=CARTESIAN_POINT('Ctrl Pts',(-1.94367767059263,-0.417530002436372,
-10.2742364607086));
#4568=CARTESIAN_POINT('Ctrl Pts',(-2.52641697121377,-0.959041154321396,
-10.3208935517319));
#4569=CARTESIAN_POINT('Ctrl Pts',(-2.86865392461841,-1.05068343275573,-10.3442220972436));
#4570=CARTESIAN_POINT('Ctrl Pts',(-3.03956783105877,1.16574768732663,-7.84665078610606));
#4571=CARTESIAN_POINT('Ctrl Pts',(-2.659851234688,1.12977684408492,-7.8699793316177));
#4572=CARTESIAN_POINT('Ctrl Pts',(-1.94423779414411,0.659336852866363,-7.916636422641));
#4573=CARTESIAN_POINT('Ctrl Pts',(-1.92889387434598,-0.632986350578161,
-7.98662205917594));
#4574=CARTESIAN_POINT('Ctrl Pts',(-2.99174528007806,-1.3651375259489,-8.05660769571089));
#4575=CARTESIAN_POINT('Ctrl Pts',(-4.19302997895804,-0.895364517501443,
-8.12659333224582));
#4576=CARTESIAN_POINT('Ctrl Pts',(-4.4756428137676,0.364063465351285,-8.19657896878078));
#4577=CARTESIAN_POINT('Ctrl Pts',(-3.58971653122825,1.30234634027326,-8.2665646053157));
#4578=CARTESIAN_POINT('Ctrl Pts',(-2.31641793972959,1.09305163147103,-8.33655024185066));
#4579=CARTESIAN_POINT('Ctrl Pts',(-1.77766663938084,-0.0796103064677002,
-8.4065358783856));
#4580=CARTESIAN_POINT('Ctrl Pts',(-2.44836549608197,-1.18207134534226,-8.47652151492054));
#4581=CARTESIAN_POINT('Ctrl Pts',(-3.73738239811962,-1.24281616299256,-8.54650715145548));
#4582=CARTESIAN_POINT('Ctrl Pts',(-4.50876007895147,-0.208278687243203,
-8.61649278799042));
#4583=CARTESIAN_POINT('Ctrl Pts',(-4.08268215142848,1.00980520538445,-8.68647842452536));
#4584=CARTESIAN_POINT('Ctrl Pts',(-2.83465123094684,1.33796925211575,-8.75646406106031));
#4585=CARTESIAN_POINT('Ctrl Pts',(-1.86453000867207,0.487003953172113,-8.82644969759526));
#4586=CARTESIAN_POINT('Ctrl Pts',(-2.02727066489582,-0.793148203727658,
-8.89643533413019));
#4587=CARTESIAN_POINT('Ctrl Pts',(-3.17945175907455,-1.37431380449809,-8.96642097066514));
#4588=CARTESIAN_POINT('Ctrl Pts',(-4.30567772929379,-0.744321572390229,
-9.03640660720008));
#4589=CARTESIAN_POINT('Ctrl Pts',(-4.41342602375636,0.541627454627553,-9.10639224373502));
#4590=CARTESIAN_POINT('Ctrl Pts',(-3.4077400738405,1.35025030778863,-9.17637788026997));
#4591=CARTESIAN_POINT('Ctrl Pts',(-2.17491264567389,0.968922021843458,-9.2463635168049));
#4592=CARTESIAN_POINT('Ctrl Pts',(-1.80141155835758,-0.266299012537357,
-9.31634915333986));
#4593=CARTESIAN_POINT('Ctrl Pts',(-2.61639733956012,-1.26683651925653,-9.38633478987478));
#4594=CARTESIAN_POINT('Ctrl Pts',(-3.90163625331547,-1.15093244420194,-9.45632042640976));
#4595=CARTESIAN_POINT('Ctrl Pts',(-4.52447407347685,-0.0207360809190744,
-9.52630606294466));
#4596=CARTESIAN_POINT('Ctrl Pts',(-3.93600886383279,1.12774117712913,-9.59629169947964));
#4597=CARTESIAN_POINT('Ctrl Pts',(-2.6548565663879,1.28234808952888,-9.66627733601457));
#4598=CARTESIAN_POINT('Ctrl Pts',(-1.81004938449708,0.306869681750282,-9.7362629725495));
#4599=CARTESIAN_POINT('Ctrl Pts',(-2.1461465560885,-0.939094874553771,-9.80624860908446));
#4600=CARTESIAN_POINT('Ctrl Pts',(-3.3668625463904,-1.3573603993898,-9.87623424561939));
#4601=CARTESIAN_POINT('Ctrl Pts',(-4.39657536023861,-0.579586876786586,
-9.94621988215434));
#4602=CARTESIAN_POINT('Ctrl Pts',(-4.32748394405004,0.709310029331453,-10.0162055186893));
#4603=CARTESIAN_POINT('Ctrl Pts',(-3.2211238182692,1.37243813106684,-10.0861911552242));
#4604=CARTESIAN_POINT('Ctrl Pts',(-2.05125508518734,0.827364189641626,-10.1561767917592));
#4605=CARTESIAN_POINT('Ctrl Pts',(-1.8513301121709,-0.449493164646725,-10.2261624282941));
#4606=CARTESIAN_POINT('Ctrl Pts',(-2.47867983763196,-1.03245860409293,-10.2728195193174));
#4607=CARTESIAN_POINT('Ctrl Pts',(-2.84711604664031,-1.13111637121989,-10.296148064829));
#4608=CARTESIAN_POINT('Ctrl Pts',(-3.03171507242587,1.24864323581767,-7.79857675369153));
#4609=CARTESIAN_POINT('Ctrl Pts',(-2.62499707955266,1.21011452965878,-7.82190529920318));
#4610=CARTESIAN_POINT('Ctrl Pts',(-1.85849683965556,0.70622186122015,-7.86856239022648));
#4611=CARTESIAN_POINT('Ctrl Pts',(-1.8420618238497,-0.677997592109211,-7.93854802676142));
#4612=CARTESIAN_POINT('Ctrl Pts',(-2.98049189141441,-1.46221155423949,-8.00853366329636));
#4613=CARTESIAN_POINT('Ctrl Pts',(-4.26719915221766,-0.959033297276519,
-8.0785192998313));
#4614=CARTESIAN_POINT('Ctrl Pts',(-4.56990839914696,0.389951778040161,-8.14850493636625));
#4615=CARTESIAN_POINT('Ctrl Pts',(-3.62098448349015,1.39495532880133,-8.2184905729012));
#4616=CARTESIAN_POINT('Ctrl Pts',(-2.25714246970325,1.17077781141964,-8.28847620943612));
#4617=CARTESIAN_POINT('Ctrl Pts',(-1.68008092003708,-0.0852713428068028,
-8.35846184597108));
#4618=CARTESIAN_POINT('Ctrl Pts',(-2.3984727296842,-1.26612765837892,-8.42844748250601));
#4619=CARTESIAN_POINT('Ctrl Pts',(-3.77915077269626,-1.33119199991236,-8.49843311904096));
#4620=CARTESIAN_POINT('Ctrl Pts',(-4.60538061119607,-0.223089247200319,
-8.5684187555759));
#4621=CARTESIAN_POINT('Ctrl Pts',(-4.1490045635173,1.08161178692819,-8.63840439211085));
#4622=CARTESIAN_POINT('Ctrl Pts',(-2.81222698815329,1.43311136238889,-8.70839002864578));
#4623=CARTESIAN_POINT('Ctrl Pts',(-1.77312108617677,0.521634482792196,-8.77837566518075));
#4624=CARTESIAN_POINT('Ctrl Pts',(-1.94743412303325,-0.849548448907187,
-8.84836130171566));
#4625=CARTESIAN_POINT('Ctrl Pts',(-3.18154605422011,-1.4720403518987,-8.91834693825062));
#4626=CARTESIAN_POINT('Ctrl Pts',(-4.38785720971669,-0.797249788047686,
-8.98833257478555));
#4627=CARTESIAN_POINT('Ctrl Pts',(-4.5032674142697,0.580142225377065,-9.05831821132051));
#4628=CARTESIAN_POINT('Ctrl Pts',(-3.4260678003472,1.44626571582347,-9.12830384785543));
#4629=CARTESIAN_POINT('Ctrl Pts',(-2.10557482760032,1.03782142719416,-9.19828948439039));
#4630=CARTESIAN_POINT('Ctrl Pts',(-1.70551432452733,-0.285235359524698,
-9.26827512092533));
#4631=CARTESIAN_POINT('Ctrl Pts',(-2.57845320662782,-1.3569204278535,-9.33826075746028));
#4632=CARTESIAN_POINT('Ctrl Pts',(-3.95508461110482,-1.2327744905345,-9.40824639399522));
#4633=CARTESIAN_POINT('Ctrl Pts',(-4.62221201749875,-0.0222106099445483,
-9.47823203053015));
#4634=CARTESIAN_POINT('Ctrl Pts',(-3.99190143526534,1.20793410776959,-9.5482176670651));
#4635=CARTESIAN_POINT('Ctrl Pts',(-2.61964724368691,1.37353501564813,-9.61820330360005));
#4636=CARTESIAN_POINT('Ctrl Pts',(-1.71476638078146,0.328690982243102,-9.68818894013498));
#4637=CARTESIAN_POINT('Ctrl Pts',(-2.0747632003741,-1.00587329115075,-9.75817457666993));
#4638=CARTESIAN_POINT('Ctrl Pts',(-3.38228349890494,-1.45388140134475,-9.82816021320487));
#4639=CARTESIAN_POINT('Ctrl Pts',(-4.48521851119297,-0.620800916987358,
-9.89814584973982));
#4640=CARTESIAN_POINT('Ctrl Pts',(-4.41121405000914,0.759748597274462,-9.96813148627476));
#4641=CARTESIAN_POINT('Ctrl Pts',(-3.22618138603476,1.47003130056797,-10.0381171228097));
#4642=CARTESIAN_POINT('Ctrl Pts',(-1.97312405961866,0.886197510992214,-10.1081027593446));
#4643=CARTESIAN_POINT('Ctrl Pts',(-1.75898255374916,-0.481456326857079,
-10.1780883958796));
#4644=CARTESIAN_POINT('Ctrl Pts',(-2.43094270405015,-1.10587605386446,-10.2247454869029));
#4645=CARTESIAN_POINT('Ctrl Pts',(-2.82557816866222,-1.21154930968404,-10.2480740324145));
#4646=CARTESIAN_POINT('Ctrl Pts',(-3.02386231379297,1.33153878430872,-7.75050272127701));
#4647=CARTESIAN_POINT('Ctrl Pts',(-2.59014292441732,1.29045221523264,-7.77383126678866));
#4648=CARTESIAN_POINT('Ctrl Pts',(-1.77275588516702,0.753106869573937,-7.82048835781196));
#4649=CARTESIAN_POINT('Ctrl Pts',(-1.75522977335342,-0.723008833640261,
-7.89047399434689));
#4650=CARTESIAN_POINT('Ctrl Pts',(-2.96923850275078,-1.55928558253009,-7.96045963088184));
#4651=CARTESIAN_POINT('Ctrl Pts',(-4.34136832547728,-1.02270207705159,-8.03044526741678));
#4652=CARTESIAN_POINT('Ctrl Pts',(-4.66417398452631,0.415840090729037,-8.10043090395172));
#4653=CARTESIAN_POINT('Ctrl Pts',(-3.65225243575205,1.4875643173294,-8.17041654048667));
#4654=CARTESIAN_POINT('Ctrl Pts',(-2.1978669996769,1.24850399136825,-8.24040217702161));
#4655=CARTESIAN_POINT('Ctrl Pts',(-1.58249520069333,-0.0909323791459059,
-8.31038781355656));
#4656=CARTESIAN_POINT('Ctrl Pts',(-2.34857996328643,-1.35018397141559,-8.38037345009149));
#4657=CARTESIAN_POINT('Ctrl Pts',(-3.8209191472729,-1.41956783683215,-8.45035908662644));
#4658=CARTESIAN_POINT('Ctrl Pts',(-4.70200114344068,-0.237899807157433,
-8.52034472316137));
#4659=CARTESIAN_POINT('Ctrl Pts',(-4.21532697560612,1.15341836847194,-8.59033035969633));
#4660=CARTESIAN_POINT('Ctrl Pts',(-2.78980274535974,1.52825347266204,-8.66031599623125));
#4661=CARTESIAN_POINT('Ctrl Pts',(-1.68171216368147,0.55626501241228,-8.73030163276622));
#4662=CARTESIAN_POINT('Ctrl Pts',(-1.86759758117068,-0.905948694086716,
-8.80028726930115));
#4663=CARTESIAN_POINT('Ctrl Pts',(-3.18364034936566,-1.56976689929932,-8.87027290583609));
#4664=CARTESIAN_POINT('Ctrl Pts',(-4.47003669013958,-0.850178003705142,
-8.94025854237103));
#4665=CARTESIAN_POINT('Ctrl Pts',(-4.59310880478304,0.618656996126577,-9.01024417890598));
#4666=CARTESIAN_POINT('Ctrl Pts',(-3.44439552685389,1.54228112385831,-9.08022981544091));
#4667=CARTESIAN_POINT('Ctrl Pts',(-2.03623700952674,1.10672083254487,-9.15021545197587));
#4668=CARTESIAN_POINT('Ctrl Pts',(-1.60961709069709,-0.30417170651204,-9.2202010885108));
#4669=CARTESIAN_POINT('Ctrl Pts',(-2.54050907369552,-1.44700433645046,-9.29018672504576));
#4670=CARTESIAN_POINT('Ctrl Pts',(-4.00853296889416,-1.31461653686706,-9.36017236158068));
#4671=CARTESIAN_POINT('Ctrl Pts',(-4.71994996152065,-0.0236851389700211,
-9.43015799811564));
#4672=CARTESIAN_POINT('Ctrl Pts',(-4.0477940066979,1.28812703841004,-9.50014363465057));
#4673=CARTESIAN_POINT('Ctrl Pts',(-2.58443792098592,1.46472194176738,-9.57012927118552));
#4674=CARTESIAN_POINT('Ctrl Pts',(-1.61948337706583,0.35051228273592,-9.64011490772047));
#4675=CARTESIAN_POINT('Ctrl Pts',(-2.00337984465971,-1.07265170774773,-9.7101005442554));
#4676=CARTESIAN_POINT('Ctrl Pts',(-3.39770445141948,-1.55040240329971,-9.78008618079035));
#4677=CARTESIAN_POINT('Ctrl Pts',(-4.57386166214735,-0.662014957188128,
-9.85007181732529));
#4678=CARTESIAN_POINT('Ctrl Pts',(-4.49494415596823,0.81018716521747,-9.92005745386023));
#4679=CARTESIAN_POINT('Ctrl Pts',(-3.23123895380033,1.56762447006909,-9.99004309039518));
#4680=CARTESIAN_POINT('Ctrl Pts',(-1.89499303404999,0.9450308323428,-10.0600287269301));
#4681=CARTESIAN_POINT('Ctrl Pts',(-1.66663499532743,-0.513419489067432,
-10.1300143634651));
#4682=CARTESIAN_POINT('Ctrl Pts',(-2.38320557046834,-1.17929350363599,-10.1766714544884));
#4683=CARTESIAN_POINT('Ctrl Pts',(-2.80404029068412,-1.2919822481482,-10.2));
#4684=CARTESIAN_POINT('Ctrl Pts',(-3.04742058969165,1.08285213883558,-7.89472481852058));
#4685=CARTESIAN_POINT('Ctrl Pts',(-3.0462810447422,1.08307618116693,-7.89460730476526));
#4686=CARTESIAN_POINT('Ctrl Pts',(-3.04514203229212,1.08330159332366,-7.89448786281792));
#4687=CARTESIAN_POINT('Ctrl Pts',(-3.04400356228077,1.08352837941833,-7.89436649688078));
#4688=CARTESIAN_POINT('Ctrl Pts',(-3.02149349894458,1.08801244074963,-7.89196682459727));
#4689=CARTESIAN_POINT('Ctrl Pts',(-2.99926046487909,1.09303553850788,-7.88881291071566));
#4690=CARTESIAN_POINT('Ctrl Pts',(-2.97730352925653,1.09862530880573,-7.88495091366039));
#4691=CARTESIAN_POINT('Ctrl Pts',(-2.9548394593601,1.1043441847379,-7.88099971695059));
#4692=CARTESIAN_POINT('Ctrl Pts',(-2.93266407309653,1.11065555811045,-7.87630735046532));
#4693=CARTESIAN_POINT('Ctrl Pts',(-2.91083215320892,1.11760242119308,-7.8709232454003));
#4694=CARTESIAN_POINT('Ctrl Pts',(-2.88900023332132,1.12454928427571,-7.86553914033527));
#4695=CARTESIAN_POINT('Ctrl Pts',(-2.8675117283925,1.13213120648799,-7.8594632966905));
#4696=CARTESIAN_POINT('Ctrl Pts',(-2.84647898309468,1.14041264962255,-7.8527451456617));
#4697=CARTESIAN_POINT('Ctrl Pts',(-2.82325455300864,1.14955704776776,-7.84532694006531));
#4698=CARTESIAN_POINT('Ctrl Pts',(-2.80076085754967,1.15944702300431,-7.83720641601298));
#4699=CARTESIAN_POINT('Ctrl Pts',(-2.77893621997245,1.17013231398028,-7.82845967214902));
#4700=CARTESIAN_POINT('Ctrl Pts',(-2.75516870061962,1.18176883528165,-7.81893427209023));
#4701=CARTESIAN_POINT('Ctrl Pts',(-2.73219490927508,1.19434837447978,-7.80866619424443));
#4702=CARTESIAN_POINT('Ctrl Pts',(-2.70998720296837,1.20789621785207,-7.7977537236399));
#4703=CARTESIAN_POINT('Ctrl Pts',(-2.69242614547818,1.21860936638902,-7.78912453334895));
#4704=CARTESIAN_POINT('Ctrl Pts',(-2.67534536367183,1.22992719895947,-7.78009239917234));
#4705=CARTESIAN_POINT('Ctrl Pts',(-2.65874880379567,1.24184784292682,-7.77070592021212));
#4706=CARTESIAN_POINT('Ctrl Pts',(-4.23613986268162,-0.00025979703588648,
-10.0254604135272));
#4707=CARTESIAN_POINT('Ctrl Pts',(-4.23654177927966,-0.158584118618636,
-10.0150715805411));
#4708=CARTESIAN_POINT('Ctrl Pts',(-4.20404917878271,-0.316760009453182,
-10.004682747555));
#4709=CARTESIAN_POINT('Ctrl Pts',(-4.13782071151729,-0.459243213731609,
-9.99429391456886));
#4710=CARTESIAN_POINT('Ctrl Pts',(-3.98910200414811,-0.779195023535489,
-9.97096536905721));
#4711=CARTESIAN_POINT('Ctrl Pts',(-3.67027179901199,-1.02001721048516,-9.94763682354557));
#4712=CARTESIAN_POINT('Ctrl Pts',(-3.32187141609843,-1.07567448071366,-9.92430827803392));
#4713=CARTESIAN_POINT('Ctrl Pts',(-2.97347103318487,-1.13133175094216,-9.90097973252227));
#4714=CARTESIAN_POINT('Ctrl Pts',(-2.59550047249388,-1.00182410444947,-9.87765118701062));
#4715=CARTESIAN_POINT('Ctrl Pts',(-2.35448227155002,-0.74417614133409,-9.85432264149897));
#4716=CARTESIAN_POINT('Ctrl Pts',(-2.11346407060616,-0.486528178218707,
-9.83099409598733));
#4717=CARTESIAN_POINT('Ctrl Pts',(-2.00939822940944,-0.100739898480621,
-9.80766555047568));
#4718=CARTESIAN_POINT('Ctrl Pts',(-2.08815422562377,0.243173038413784,-9.78433700496403));
#4719=CARTESIAN_POINT('Ctrl Pts',(-2.16691022183811,0.587085975308194,-9.76100845945238));
#4720=CARTESIAN_POINT('Ctrl Pts',(-2.42848805546349,0.889123569358912,-9.73767991394073));
#4721=CARTESIAN_POINT('Ctrl Pts',(-2.75761870616142,1.01620688023078,-9.71435136842909));
#4722=CARTESIAN_POINT('Ctrl Pts',(-3.08674935685933,1.14329019110265,-9.69102282291744));
#4723=CARTESIAN_POINT('Ctrl Pts',(-3.48343282462978,1.09541921879566,-9.6676942774058));
#4724=CARTESIAN_POINT('Ctrl Pts',(-3.77287786469079,0.893682099578458,-9.64436573189415));
#4725=CARTESIAN_POINT('Ctrl Pts',(-4.05785494888416,0.695059051845562,-9.62139729243849));
#4726=CARTESIAN_POINT('Ctrl Pts',(-4.23887877838866,0.347283437263305,-9.59842885298283));
#4727=CARTESIAN_POINT('Ctrl Pts',(-4.23932078895676,-9.3428691028965E-5,
-9.57546041352717));
#4728=CARTESIAN_POINT('Ctrl Pts',(-2.80404029068412,-1.2919822481482,-10.2));
#4729=CARTESIAN_POINT('Ctrl Pts',(-2.75347594317081,-1.27328846061171,-10.2));
#4730=CARTESIAN_POINT('Ctrl Pts',(-2.70432157256045,-1.25136716134652,-10.2));
#4731=CARTESIAN_POINT('Ctrl Pts',(-2.65675929339816,-1.22648896791532,-10.2));
#4732=CARTESIAN_POINT('Ctrl Pts',(-2.60863322037186,-1.20131587329244,-10.2));
#4733=CARTESIAN_POINT('Ctrl Pts',(-2.56213641924496,-1.17311445859469,-10.2));
#4734=CARTESIAN_POINT('Ctrl Pts',(-2.51748999292073,-1.14212172718758,-10.2));
#4735=CARTESIAN_POINT('Ctrl Pts',(-2.48565261760812,-1.12002080438123,-10.2));
#4736=CARTESIAN_POINT('Ctrl Pts',(-2.45475683557393,-1.09649952656968,-10.2));
#4737=CARTESIAN_POINT('Ctrl Pts',(-2.42489605593009,-1.07163449916379,-10.2));
#4738=CARTESIAN_POINT('Ctrl Pts',(-2.40774086497676,-1.05734939682235,-10.2));
#4739=CARTESIAN_POINT('Ctrl Pts',(-2.39092750187664,-1.04262065784507,-10.2));
#4740=CARTESIAN_POINT('Ctrl Pts',(-2.37447561985624,-1.02746204381505,-10.2));
#4741=CARTESIAN_POINT('Ctrl Pts',(-2.36711715776909,-1.02068202396716,-10.2));
#4742=CARTESIAN_POINT('Ctrl Pts',(-2.35983718358454,-1.01382162462136,-10.2));
#4743=CARTESIAN_POINT('Ctrl Pts',(-2.35264030816644,-1.00688562316235,-10.2));
#4744=CARTESIAN_POINT('Ctrl Pts',(-2.31445794918437,-0.970087306917783,
-10.2));
#4745=CARTESIAN_POINT('Ctrl Pts',(-2.278580541944,-0.931135262983165,-10.2));
#4746=CARTESIAN_POINT('Ctrl Pts',(-2.24521218658809,-0.89025537208754,-10.2));
#4747=CARTESIAN_POINT('Ctrl Pts',(-2.21260182876214,-0.850304111206593,
-10.2));
#4748=CARTESIAN_POINT('Ctrl Pts',(-2.18238739256575,-0.808510633737598,
-10.2));
#4749=CARTESIAN_POINT('Ctrl Pts',(-2.15480328297981,-0.765064756064504,
-10.2));
#4750=CARTESIAN_POINT('Ctrl Pts',(-2.13682734960669,-0.736752071184989,
-10.2));
#4751=CARTESIAN_POINT('Ctrl Pts',(-2.11996937703334,-0.707737250135024,
-10.2));
#4752=CARTESIAN_POINT('Ctrl Pts',(-2.10430594664554,-0.678070666690772,
-10.2));
#4753=CARTESIAN_POINT('Ctrl Pts',(-2.09878490861656,-0.667613804347703,
-10.2));
#4754=CARTESIAN_POINT('Ctrl Pts',(-2.09341237269537,-0.657075959420937,
-10.2));
#4755=CARTESIAN_POINT('Ctrl Pts',(-2.08819199511216,-0.646459328885683,
-10.2));
#4756=CARTESIAN_POINT('Ctrl Pts',(-2.08326003339477,-0.63642924685944,-10.2));
#4757=CARTESIAN_POINT('Ctrl Pts',(-2.07846329017038,-0.626327193450977,
-10.2));
#4758=CARTESIAN_POINT('Ctrl Pts',(-2.07381346935137,-0.616174624004078,
-10.2));
#4759=CARTESIAN_POINT('Ctrl Pts',(-2.05301783132877,-0.570768754093219,
-10.2));
#4760=CARTESIAN_POINT('Ctrl Pts',(-2.03511338698036,-0.524267627613868,
-10.2));
#4761=CARTESIAN_POINT('Ctrl Pts',(-2.02030627830439,-0.476852292173462,
-10.2));
#4762=CARTESIAN_POINT('Ctrl Pts',(-2.01210201242032,-0.45058058528943,-10.2));
#4763=CARTESIAN_POINT('Ctrl Pts',(-2.00484948088137,-0.424027966777029,
-10.2));
#4764=CARTESIAN_POINT('Ctrl Pts',(-1.99859063372597,-0.397224238477481,
-10.2));
#4765=CARTESIAN_POINT('Ctrl Pts',(-1.9879051281856,-0.351463193330392,-10.2));
#4766=CARTESIAN_POINT('Ctrl Pts',(-1.98011414335026,-0.304969489582195,
-10.2));
#4767=CARTESIAN_POINT('Ctrl Pts',(-1.97517386173175,-0.258004472464135,
-10.2));
#4768=CARTESIAN_POINT('Ctrl Pts',(-1.97357528784085,-0.242807555375556,
-10.2));
#4769=CARTESIAN_POINT('Ctrl Pts',(-1.97227547851685,-0.227561368514185,
-10.2));
#4770=CARTESIAN_POINT('Ctrl Pts',(-1.97127374355126,-0.212275064509318,
-10.2));
#4771=CARTESIAN_POINT('Ctrl Pts',(-1.9706487759134,-0.202738165395459,-10.2));
#4772=CARTESIAN_POINT('Ctrl Pts',(-1.97013983603234,-0.193185654982394,
-10.2));
#4773=CARTESIAN_POINT('Ctrl Pts',(-1.96974682836996,-0.183619797898946,
-10.2));
#4774=CARTESIAN_POINT('Ctrl Pts',(-1.96934590493236,-0.173861269827777,
-10.2));
#4775=CARTESIAN_POINT('Ctrl Pts',(-1.96906602677064,-0.164097640935181,
-10.2));
#4776=CARTESIAN_POINT('Ctrl Pts',(-1.96890646350855,-0.154335693127459,
-10.2));
#4777=CARTESIAN_POINT('Ctrl Pts',(-1.9680917609018,-0.10449286451009,-10.2));
#4778=CARTESIAN_POINT('Ctrl Pts',(-1.97040780879347,-0.0546556431494143,
-10.2));
#4779=CARTESIAN_POINT('Ctrl Pts',(-1.97576452344018,-0.00513164583178491,
-10.2));
#4780=CARTESIAN_POINT('Ctrl Pts',(-1.9810972390764,0.0441704753902228,-10.2));
#4781=CARTESIAN_POINT('Ctrl Pts',(-1.98944392600683,0.0931633347439016,
-10.2));
#4782=CARTESIAN_POINT('Ctrl Pts',(-2.00076351300459,0.141525561410608,-10.2));
#4783=CARTESIAN_POINT('Ctrl Pts',(-2.00660148492576,0.166467930896455,-10.2));
#4784=CARTESIAN_POINT('Ctrl Pts',(-2.01323094806672,0.191242160232724,-10.2));
#4785=CARTESIAN_POINT('Ctrl Pts',(-2.02065063771996,0.215800771406559,-10.2));
#4786=CARTESIAN_POINT('Ctrl Pts',(-2.02504755531525,0.230354235854884,-10.2));
#4787=CARTESIAN_POINT('Ctrl Pts',(-2.02972203575452,0.24483193013392,-10.2));
#4788=CARTESIAN_POINT('Ctrl Pts',(-2.03467426323312,0.259223472178051,-10.2));
#4789=CARTESIAN_POINT('Ctrl Pts',(-2.03769241805038,0.267994454960223,-10.2));
#4790=CARTESIAN_POINT('Ctrl Pts',(-2.04081315318834,0.276731497384751,-10.2));
#4791=CARTESIAN_POINT('Ctrl Pts',(-2.04403311511055,0.28542386678341,-10.2));
#4792=CARTESIAN_POINT('Ctrl Pts',(-2.06064298948844,0.330262646634116,-10.2));
#4793=CARTESIAN_POINT('Ctrl Pts',(-2.07991224153549,0.373980475040574,-10.2));
#4794=CARTESIAN_POINT('Ctrl Pts',(-2.10180825612248,0.416274166128399,-10.2));
#4795=CARTESIAN_POINT('Ctrl Pts',(-2.11514436229955,0.442033792508214,-10.2));
#4796=CARTESIAN_POINT('Ctrl Pts',(-2.12945566819751,0.46726455170431,-10.2));
#4797=CARTESIAN_POINT('Ctrl Pts',(-2.14474128745883,0.491890857257676,-10.2));
#4798=CARTESIAN_POINT('Ctrl Pts',(-2.15203132388978,0.503635665339999,-10.2));
#4799=CARTESIAN_POINT('Ctrl Pts',(-2.15954423946504,0.515244305456304,-10.2));
#4800=CARTESIAN_POINT('Ctrl Pts',(-2.16726759240305,0.526690349221458,-10.2));
#4801=CARTESIAN_POINT('Ctrl Pts',(-2.19285134322061,0.564605582914004,-10.2));
#4802=CARTESIAN_POINT('Ctrl Pts',(-2.22076940236255,0.600786136712339,-10.2));
#4803=CARTESIAN_POINT('Ctrl Pts',(-2.25100800531368,0.634938836387173,-10.2));
#4804=CARTESIAN_POINT('Ctrl Pts',(-2.25841782021727,0.643307780662062,-10.2));
#4805=CARTESIAN_POINT('Ctrl Pts',(-2.26596711993785,0.651554761433126,-10.2));
#4806=CARTESIAN_POINT('Ctrl Pts',(-2.27365596979464,0.659675057797828,-10.2));
#4807=CARTESIAN_POINT('Ctrl Pts',(-2.28852985761818,0.675383568104586,-10.2));
#4808=CARTESIAN_POINT('Ctrl Pts',(-2.30392594555727,0.690618126572759,-10.2));
#4809=CARTESIAN_POINT('Ctrl Pts',(-2.31981562945197,0.705365539198431,-10.2));
#4810=CARTESIAN_POINT('Ctrl Pts',(-2.42222433629426,0.80835256745907,-7.49045707353245));
#4811=CARTESIAN_POINT('Ctrl Pts',(-2.18672090767997,0.59632421378724,-7.51132258609412));
#4812=CARTESIAN_POINT('Ctrl Pts',(-1.91504558044337,-0.0447346203105825,
-7.55305361121746));
#4813=CARTESIAN_POINT('Ctrl Pts',(-2.23239106791089,-0.664456940215208,
-7.59478463634079));
#4814=CARTESIAN_POINT('Ctrl Pts',(-2.48261804579237,-0.858890340612816,
-7.61565014890246));
#4815=CARTESIAN_POINT('Ctrl Pts',(-2.36651094694251,0.870234358195264,-7.44238304111792));
#4816=CARTESIAN_POINT('Ctrl Pts',(-2.1129790311633,0.64197460409218,-7.46324855367959));
#4817=CARTESIAN_POINT('Ctrl Pts',(-1.82050615045187,-0.0481591884064372,
-7.50497957880293));
#4818=CARTESIAN_POINT('Ctrl Pts',(-2.16214537785056,-0.715323093157429,
-7.54671060392627));
#4819=CARTESIAN_POINT('Ctrl Pts',(-2.43152797433851,-0.924640948036763,
-7.56757611648793));
#4820=CARTESIAN_POINT('Ctrl Pts',(-2.31079755759076,0.932116148931459,-7.3943090087034));
#4821=CARTESIAN_POINT('Ctrl Pts',(-2.03923715464663,0.687624994397121,-7.41517452126507));
#4822=CARTESIAN_POINT('Ctrl Pts',(-1.72596672046038,-0.0515837565022918,
-7.45690554638841));
#4823=CARTESIAN_POINT('Ctrl Pts',(-2.09189968779023,-0.766189246099649,
-7.49863657151174));
#4824=CARTESIAN_POINT('Ctrl Pts',(-2.38043790288466,-0.99039155546071,-7.51950208407341));
#4825=CARTESIAN_POINT('Ctrl Pts',(-2.25508416823901,0.993997939667653,-7.34623497628888));
#4826=CARTESIAN_POINT('Ctrl Pts',(-1.96549527812996,0.733275384702062,-7.36710048885055));
#4827=CARTESIAN_POINT('Ctrl Pts',(-1.63142729046888,-0.0550083245981467,
-7.40883151397388));
#4828=CARTESIAN_POINT('Ctrl Pts',(-2.0216539977299,-0.817055399041869,-7.45056253909722));
#4829=CARTESIAN_POINT('Ctrl Pts',(-2.32934783143081,-1.05614216288466,-7.47142805165889));
#4830=CARTESIAN_POINT('',(-2.4486167557377,-0.83132596072364,-7.61276764433071));
#4831=CARTESIAN_POINT('Ctrl Pts',(-2.32934783143081,-1.05614216288466,-7.47142805165889));
#4832=CARTESIAN_POINT('Ctrl Pts',(-2.33828411350435,-1.03418156091225,-7.484261827042));
#4833=CARTESIAN_POINT('Ctrl Pts',(-2.34775175748941,-1.01230606847088,-7.49722363506441));
#4834=CARTESIAN_POINT('Ctrl Pts',(-2.35778236607584,-0.990750755019776,
-7.51023956676908));
#4835=CARTESIAN_POINT('Ctrl Pts',(-2.36587607342475,-0.973357752652681,
-7.52074213410417));
#4836=CARTESIAN_POINT('Ctrl Pts',(-2.37433532099392,-0.956172825359459,
-7.531279940779));
#4837=CARTESIAN_POINT('Ctrl Pts',(-2.38315559152138,-0.939306581240342,
-7.54181415765872));
#4838=CARTESIAN_POINT('Ctrl Pts',(-2.39240509319289,-0.921619555350794,
-7.55286101345909));
#4839=CARTESIAN_POINT('Ctrl Pts',(-2.40216106832553,-0.904060516685998,
-7.56403976509422));
#4840=CARTESIAN_POINT('Ctrl Pts',(-2.41245672077866,-0.886860330656885,
-7.57528137397858));
#4841=CARTESIAN_POINT('Ctrl Pts',(-2.42292338278526,-0.869374451599009,
-7.58670970463938));
#4842=CARTESIAN_POINT('Ctrl Pts',(-2.43394744185389,-0.852259768252601,
-7.59820299799372));
#4843=CARTESIAN_POINT('Ctrl Pts',(-2.445521823887,-0.835725168303965,-7.60968871783105));
#4844=CARTESIAN_POINT('Ctrl Pts',(-2.44655613348168,-0.834247603858435,
-7.61071510439714));
#4845=CARTESIAN_POINT('Ctrl Pts',(-2.44759481289417,-0.832774648077242,
-7.61174143048444));
#4846=CARTESIAN_POINT('Ctrl Pts',(-2.44863784293959,-0.831306436008282,
-7.61276764433071));
#4847=CARTESIAN_POINT('',(-2.34817505870098,0.734652198904023,-7.49734040813122));
#4848=CARTESIAN_POINT('Ctrl Pts',(-2.34821273538871,0.73462181392116,-7.49734040813122));
#4849=CARTESIAN_POINT('Ctrl Pts',(-2.34734899735865,0.736511947849866,-7.49618392597753));
#4850=CARTESIAN_POINT('Ctrl Pts',(-2.34648943617097,0.738404284451958,-7.49502782555492));
#4851=CARTESIAN_POINT('Ctrl Pts',(-2.3456340425408,0.74029868612823,-7.49387215376048));
#4852=CARTESIAN_POINT('Ctrl Pts',(-2.33486401796744,0.764150573593265,-7.47932140988569));
#4853=CARTESIAN_POINT('Ctrl Pts',(-2.32468947277618,0.788452584790691,-7.46475947145157));
#4854=CARTESIAN_POINT('Ctrl Pts',(-2.31510936306294,0.812997285618861,-7.45025974367618));
#4855=CARTESIAN_POINT('Ctrl Pts',(-2.3080355046879,0.831120850245287,-7.43955328792255));
#4856=CARTESIAN_POINT('Ctrl Pts',(-2.30128483340746,0.849376136218229,-7.42888075066251));
#4857=CARTESIAN_POINT('Ctrl Pts',(-2.29484041434943,0.86767183934916,-7.41827168373877));
#4858=CARTESIAN_POINT('Ctrl Pts',(-2.28448470817217,0.897071685048878,-7.4012236955667));
#4859=CARTESIAN_POINT('Ctrl Pts',(-2.27482637352886,0.926872561394906,-7.38417139336958));
#4860=CARTESIAN_POINT('Ctrl Pts',(-2.26584864976388,0.956846455505985,-7.36719396600443));
#4861=CARTESIAN_POINT('Ctrl Pts',(-2.26214654216522,0.96920666885797,-7.36019305302251));
#4862=CARTESIAN_POINT('Ctrl Pts',(-2.25855959153388,0.981596090242838,-7.35320487218212));
#4863=CARTESIAN_POINT('Ctrl Pts',(-2.25508416823901,0.993997939667647,-7.34623497628888));
#4864=CARTESIAN_POINT('Ctrl Pts',(-2.44863784293959,-0.831306436008282,
-7.61276764433071));
#4865=CARTESIAN_POINT('Ctrl Pts',(-2.21808989821152,-0.635908069640207,
-7.59286296662629));
#4866=CARTESIAN_POINT('Ctrl Pts',(-2.07319255849373,-0.340081369503154,
-7.57295828892187));
#4867=CARTESIAN_POINT('Ctrl Pts',(-2.0623007841194,-0.039400491762286,-7.55305361121745));
#4868=CARTESIAN_POINT('Ctrl Pts',(-2.05213875676922,0.241134818488021,-7.53448254352204));
#4869=CARTESIAN_POINT('Ctrl Pts',(-2.15862714266681,0.525895638492435,-7.51591147582663));
#4870=CARTESIAN_POINT('Ctrl Pts',(-2.34821273538871,0.734621813921155,-7.49734040813122));
#4871=CARTESIAN_POINT('Ctrl Pts',(-2.33677360696129,0.722325497033888,-7.04844518301084));
#4872=CARTESIAN_POINT('Ctrl Pts',(-2.16110655403487,0.524551661811792,-7.06586285131536));
#4873=CARTESIAN_POINT('Ctrl Pts',(-1.9611125967786,-0.00394706942354546,
-7.10069818792439));
#4874=CARTESIAN_POINT('Ctrl Pts',(-2.16461130555784,-0.531106217481857,
-7.13553352453343));
#4875=CARTESIAN_POINT('Ctrl Pts',(-2.34158767761706,-0.727709287435178,
-7.15295119283794));
#4876=CARTESIAN_POINT('Ctrl Pts',(-2.27451871039635,0.777621659933911,-7.00037115059632));
#4877=CARTESIAN_POINT('Ctrl Pts',(-2.08540382264383,0.564707650019505,-7.01778881890083));
#4878=CARTESIAN_POINT('Ctrl Pts',(-1.87009973375733,-0.00424922931506029,
-7.05262415550987));
#4879=CARTESIAN_POINT('Ctrl Pts',(-2.08917687330886,-0.57176397640036,-7.0874594921189));
#4880=CARTESIAN_POINT('Ctrl Pts',(-2.2797013124639,-0.783417595486205,-7.10487716042342));
#4881=CARTESIAN_POINT('Ctrl Pts',(-2.2122638138314,0.832917822833934,-6.95229711818179));
#4882=CARTESIAN_POINT('Ctrl Pts',(-2.00970109125279,0.604863638227217,-6.96971478648631));
#4883=CARTESIAN_POINT('Ctrl Pts',(-1.77908687073606,-0.00455138920657478,
-7.00455012309535));
#4884=CARTESIAN_POINT('Ctrl Pts',(-2.01374244105988,-0.612421735318864,
-7.03938545970438));
#4885=CARTESIAN_POINT('Ctrl Pts',(-2.21781494731075,-0.839125903537232,
-7.0568031280089));
#4886=CARTESIAN_POINT('Ctrl Pts',(-2.15000891726646,0.888213985733957,-6.90422308576727));
#4887=CARTESIAN_POINT('Ctrl Pts',(-1.93399835986176,0.645019626434929,-6.92164075407179));
#4888=CARTESIAN_POINT('Ctrl Pts',(-1.68807400771479,-0.00485354909808963,
-6.95647609068082));
#4889=CARTESIAN_POINT('Ctrl Pts',(-1.93830800881089,-0.653079494237367,
-6.99131142728986));
#4890=CARTESIAN_POINT('Ctrl Pts',(-2.15592858215759,-0.89483421158826,-7.00872909559437));
#4891=CARTESIAN_POINT('',(-2.16441455620213,0.460122399991311,-7.06917840575489));
#4892=CARTESIAN_POINT('Ctrl Pts',(-2.16441455620214,0.460122399991311,-7.06917840575489));
#4893=CARTESIAN_POINT('Ctrl Pts',(-2.1638812076119,0.469477483993415,-7.06607126802855));
#4894=CARTESIAN_POINT('Ctrl Pts',(-2.16335607250474,0.478822217862352,-7.06292378784428));
#4895=CARTESIAN_POINT('Ctrl Pts',(-2.15550224013036,0.621070504097561,-7.01438885664204));
#4896=CARTESIAN_POINT('Ctrl Pts',(-2.15024842189687,0.754506371780201,-6.96093576173013));
#4897=CARTESIAN_POINT('Ctrl Pts',(-2.15000891726646,0.888213985733956,-6.90422308576727));
#4898=CARTESIAN_POINT('',(-2.17817956110718,-0.487208773383121,-7.1337508353677));
#4899=CARTESIAN_POINT('Ctrl Pts',(-2.17824155996004,-0.487160899911078,
-7.1337508353677));
#4900=CARTESIAN_POINT('Ctrl Pts',(-2.1034555725152,-0.337356463773728,-7.12273328621993));
#4901=CARTESIAN_POINT('Ctrl Pts',(-2.06253999608546,-0.17055131790804,-7.11171573707216));
#4902=CARTESIAN_POINT('Ctrl Pts',(-2.06198576328748,-0.00361217362928891,
-7.10069818792439));
#4903=CARTESIAN_POINT('Ctrl Pts',(-2.06145723385292,0.155584921618641,-7.09019159386789));
#4904=CARTESIAN_POINT('Ctrl Pts',(-2.09763322263876,0.314903874732321,-7.07968499981139));
#4905=CARTESIAN_POINT('Ctrl Pts',(-2.16498188927541,0.459680429055549,-7.06917840575489));
#4906=CARTESIAN_POINT('Ctrl Pts',(-2.15592858215759,-0.89483421158826,-7.00872909559437));
#4907=CARTESIAN_POINT('Ctrl Pts',(-2.15736219413821,-0.858927789645418,
-7.02183609962507));
#4908=CARTESIAN_POINT('Ctrl Pts',(-2.15905322365074,-0.822754486363884,
-7.03463019742368));
#4909=CARTESIAN_POINT('Ctrl Pts',(-2.16092554481024,-0.786482475649843,
-7.04693569224873));
#4910=CARTESIAN_POINT('Ctrl Pts',(-2.16228792652079,-0.760089394660056,
-7.05588970155628));
#4911=CARTESIAN_POINT('Ctrl Pts',(-2.163745803498,-0.733643580890383,-7.06458501289168));
#4912=CARTESIAN_POINT('Ctrl Pts',(-2.16526064900902,-0.707194719167118,
-7.0729539371011));
#4913=CARTESIAN_POINT('Ctrl Pts',(-2.16687924857891,-0.67893433492452,-7.08189606158002));
#4914=CARTESIAN_POINT('Ctrl Pts',(-2.16856850029961,-0.650386218204629,
-7.09054950305391));
#4915=CARTESIAN_POINT('Ctrl Pts',(-2.17028771881569,-0.621695435846447,
-7.09878845948135));
#4916=CARTESIAN_POINT('Ctrl Pts',(-2.17192447903392,-0.5943807398059,-7.10663225362043));
#4917=CARTESIAN_POINT('Ctrl Pts',(-2.17358803358242,-0.566937214099889,
-7.11410036883757));
#4918=CARTESIAN_POINT('Ctrl Pts',(-2.17521508582963,-0.539452773950604,
-7.12108425018281));
#4919=CARTESIAN_POINT('Ctrl Pts',(-2.17624619366618,-0.522035126994271,
-7.12551012820672));
#4920=CARTESIAN_POINT('Ctrl Pts',(-2.17726207542352,-0.504600287096237,
-7.12974153277026));
#4921=CARTESIAN_POINT('Ctrl Pts',(-2.17824155996003,-0.487160899911071,
-7.1337508353677));
#4922=CARTESIAN_POINT('Ctrl Pts',(-2.86677770068885,1.05017923192801,-6.10682665307512));
#4923=CARTESIAN_POINT('Ctrl Pts',(-2.58930771265251,0.975348492933852,-6.12574944593359));
#4924=CARTESIAN_POINT('Ctrl Pts',(-2.09835804884854,0.595475724424967,-6.16359503165052));
#4925=CARTESIAN_POINT('Ctrl Pts',(-1.98799787828534,-0.332104201918187,
-6.22036341022591));
#4926=CARTESIAN_POINT('Ctrl Pts',(-2.37611221248751,-0.816564887867661,
-6.25820899594284));
#4927=CARTESIAN_POINT('Ctrl Pts',(-2.62827879285219,-0.954409907750453,
-6.2771317888013));
#4928=CARTESIAN_POINT('Ctrl Pts',(-2.8450961921945,1.13057357232077,-6.0587526206606));
#4929=CARTESIAN_POINT('Ctrl Pts',(-2.54638505218258,1.05001431792692,-6.07767541351906));
#4930=CARTESIAN_POINT('Ctrl Pts',(-2.01785173295334,0.641061160348278,-6.115520999236));
#4931=CARTESIAN_POINT('Ctrl Pts',(-1.8990431634423,-0.357527765290183,-6.17228937781138));
#4932=CARTESIAN_POINT('Ctrl Pts',(-2.31686880305457,-0.879075356130768,
-6.21013496352831));
#4933=CARTESIAN_POINT('Ctrl Pts',(-2.58833948435857,-1.02747282183708,-6.22905775638678));
#4934=CARTESIAN_POINT('Ctrl Pts',(-2.82341468370015,1.21096791271353,-6.01067858824608));
#4935=CARTESIAN_POINT('Ctrl Pts',(-2.50346239171266,1.12468014291999,-6.02960138110454));
#4936=CARTESIAN_POINT('Ctrl Pts',(-1.93734541705814,0.68664659627159,-6.06744696682147));
#4937=CARTESIAN_POINT('Ctrl Pts',(-1.81008844859926,-0.382951328662181,
-6.12421534539686));
#4938=CARTESIAN_POINT('Ctrl Pts',(-2.25762539362164,-0.941585824393873,
-6.16206093111379));
#4939=CARTESIAN_POINT('Ctrl Pts',(-2.54840017586495,-1.1005357359237,-6.18098372397226));
#4940=CARTESIAN_POINT('Ctrl Pts',(-2.80173317520579,1.29136225310629,-5.96260455583155));
#4941=CARTESIAN_POINT('Ctrl Pts',(-2.46053973124274,1.19934596791305,-5.98152734869002));
#4942=CARTESIAN_POINT('Ctrl Pts',(-1.85683910116294,0.7322320321949,-6.01937293440695));
#4943=CARTESIAN_POINT('Ctrl Pts',(-1.72113373375622,-0.408374892034178,
-6.07614131298234));
#4944=CARTESIAN_POINT('Ctrl Pts',(-2.1983819841887,-1.00409629265698,-6.11398689869927));
#4945=CARTESIAN_POINT('Ctrl Pts',(-2.50846086737134,-1.17359865001033,-6.13290969155773));
#4946=CARTESIAN_POINT('',(-2.38447340323136,-0.771855464149755,-6.25701185081117));
#4947=CARTESIAN_POINT('Ctrl Pts',(-2.50846086737134,-1.17359865001033,-6.13290969155773));
#4948=CARTESIAN_POINT('Ctrl Pts',(-2.49178708497451,-1.13337197933904,-6.14685444327572));
#4949=CARTESIAN_POINT('Ctrl Pts',(-2.47637371043045,-1.09234628414302,-6.16069843672247));
#4950=CARTESIAN_POINT('Ctrl Pts',(-2.46216194621809,-1.05084503289351,-6.1742244708264));
#4951=CARTESIAN_POINT('Ctrl Pts',(-2.45441248657538,-1.02821502954735,-6.18160001223338));
#4952=CARTESIAN_POINT('Ctrl Pts',(-2.44701971130314,-1.00544317324261,-6.18888101302049));
#4953=CARTESIAN_POINT('Ctrl Pts',(-2.43996909499077,-0.982577358199136,
-6.19603225781852));
#4954=CARTESIAN_POINT('Ctrl Pts',(-2.42801136904677,-0.943797322857241,
-6.20816064797121));
#4955=CARTESIAN_POINT('Ctrl Pts',(-2.41695825384013,-0.904484326443598,
-6.21999876892923));
#4956=CARTESIAN_POINT('Ctrl Pts',(-2.40678950536254,-0.864842537155932,
-6.23136945691247));
#4957=CARTESIAN_POINT('Ctrl Pts',(-2.39886682152207,-0.833956793046004,
-6.24022859686844));
#4958=CARTESIAN_POINT('Ctrl Pts',(-2.39148046675433,-0.802871284685292,
-6.24880399132181));
#4959=CARTESIAN_POINT('Ctrl Pts',(-2.3846087311651,-0.771663861363844,-6.25701185081117));
#4960=CARTESIAN_POINT('',(-2.50833958601907,0.8775904847701,-6.13316492673478));
#4961=CARTESIAN_POINT('Ctrl Pts',(-2.50845988669569,0.877231725533678,-6.13316492673478));
#4962=CARTESIAN_POINT('Ctrl Pts',(-2.50947505484986,0.879488308446839,-6.13231671835928));
#4963=CARTESIAN_POINT('Ctrl Pts',(-2.51049495697688,0.881742672462045,-6.13146788840724));
#4964=CARTESIAN_POINT('Ctrl Pts',(-2.51151960528636,0.883994731783536,-6.13061849069553));
#4965=CARTESIAN_POINT('Ctrl Pts',(-2.52417105569846,0.911801166993877,-6.12013087955095));
#4966=CARTESIAN_POINT('Ctrl Pts',(-2.53760371237356,0.939425783402959,-6.10948748701984));
#4967=CARTESIAN_POINT('Ctrl Pts',(-2.55188540996736,0.966660649793606,-6.09880913995056));
#4968=CARTESIAN_POINT('Ctrl Pts',(-2.56665667937472,0.994829118288871,-6.08776474271769));
#4969=CARTESIAN_POINT('Ctrl Pts',(-2.58233642062969,1.02257998839554,-6.076682953412));
#4970=CARTESIAN_POINT('Ctrl Pts',(-2.59895042547885,1.04965588200238,-6.06569745540999));
#4971=CARTESIAN_POINT('Ctrl Pts',(-2.60930014363452,1.06652284876854,-6.05885402366956));
#4972=CARTESIAN_POINT('Ctrl Pts',(-2.6200114238552,1.08312738446365,-6.05204795954995));
#4973=CARTESIAN_POINT('Ctrl Pts',(-2.63108093986604,1.09940388791642,-6.04531158071632));
#4974=CARTESIAN_POINT('Ctrl Pts',(-2.64580661655159,1.12105637273888,-6.03635023709134));
#4975=CARTESIAN_POINT('Ctrl Pts',(-2.66135776250238,1.14243544149207,-6.02738196592256));
#4976=CARTESIAN_POINT('Ctrl Pts',(-2.67780293528062,1.16326062338712,-6.01854068774159));
#4977=CARTESIAN_POINT('Ctrl Pts',(-2.6942996134963,1.18415102868344,-6.00967171913095));
#4978=CARTESIAN_POINT('Ctrl Pts',(-2.71169604154898,1.20448362765588,-6.00093054022486));
#4979=CARTESIAN_POINT('Ctrl Pts',(-2.73001181257835,1.22395810820642,-5.99245233379668));
#4980=CARTESIAN_POINT('Ctrl Pts',(-2.74837126835229,1.2434790371269,-5.98395390609135));
#4981=CARTESIAN_POINT('Ctrl Pts',(-2.76765453751518,1.26213729015918,-5.97571970678543));
#4982=CARTESIAN_POINT('Ctrl Pts',(-2.7878301379897,1.27961994830011,-5.96788588823));
#4983=CARTESIAN_POINT('Ctrl Pts',(-2.79241878596536,1.28359612556378,-5.96610419971463));
#4984=CARTESIAN_POINT('Ctrl Pts',(-2.79705337997615,1.28751146652194,-5.96434322165872));
#4985=CARTESIAN_POINT('Ctrl Pts',(-2.80173317520579,1.29136225310629,-5.96260455583155));
#4986=CARTESIAN_POINT('Ctrl Pts',(-2.3846087311651,-0.771663861363838,-6.25701185081117));
#4987=CARTESIAN_POINT('Ctrl Pts',(-2.25305480730317,-0.640655805062257,
-6.24479570394942));
#4988=CARTESIAN_POINT('Ctrl Pts',(-2.1541850264435,-0.476616326070754,-6.23257955708766));
#4989=CARTESIAN_POINT('Ctrl Pts',(-2.10341982359642,-0.29862271901503,-6.22036341022591));
#4990=CARTESIAN_POINT('Ctrl Pts',(-2.02478460180641,-0.0229108931371355,
-6.20144061736745));
#4991=CARTESIAN_POINT('Ctrl Pts',(-2.06157132532748,0.286282415643916,-6.18251782450898));
#4992=CARTESIAN_POINT('Ctrl Pts',(-2.202702103039,0.535847262161663,-6.16359503165052));
#4993=CARTESIAN_POINT('Ctrl Pts',(-2.27835380351688,0.66962392891511,-6.15345166334527));
#4994=CARTESIAN_POINT('Ctrl Pts',(-2.38398757484863,0.78626703885638,-6.14330829504003));
#4995=CARTESIAN_POINT('Ctrl Pts',(-2.5084598866957,0.877231725533683,-6.13316492673478));
#4996=CARTESIAN_POINT('Ctrl Pts',(-3.74415816363339,-0.911080329382543,
-7.70434823092228));
#4997=CARTESIAN_POINT('Ctrl Pts',(-3.9818431444308,-0.756074818716388,-7.72303256891936));
#4998=CARTESIAN_POINT('Ctrl Pts',(-4.32864260253792,-0.252066525599981,
-7.76040124491352));
#4999=CARTESIAN_POINT('Ctrl Pts',(-4.16291103839844,0.653258866098267,-7.81645425890476));
#5000=CARTESIAN_POINT('Ctrl Pts',(-3.66005476923854,1.00172664974561,-7.85382293489893));
#5001=CARTESIAN_POINT('Ctrl Pts',(-3.38287250624403,1.06247902842156,-7.87250727289601));
#5002=CARTESIAN_POINT('Ctrl Pts',(-3.78964273636349,-0.980826235508545,
-7.65627419850776));
#5003=CARTESIAN_POINT('Ctrl Pts',(-4.04552320862706,-0.813954592463854,
-7.67495853650484));
#5004=CARTESIAN_POINT('Ctrl Pts',(-4.41887119562853,-0.271362967049791,
-7.71232721249901));
#5005=CARTESIAN_POINT('Ctrl Pts',(-4.24045238784895,0.703267773196225,-7.76838022649024));
#5006=CARTESIAN_POINT('Ctrl Pts',(-3.69910097724804,1.07841180101479,-7.8057489024844));
#5007=CARTESIAN_POINT('Ctrl Pts',(-3.40069958848477,1.14381495477984,-7.82443324048148));
#5008=CARTESIAN_POINT('Ctrl Pts',(-3.8351273090936,-1.05057214163455,-7.60820016609324));
#5009=CARTESIAN_POINT('Ctrl Pts',(-4.10920327282332,-0.871834366211319,
-7.62688450409032));
#5010=CARTESIAN_POINT('Ctrl Pts',(-4.50909978871914,-0.290659408499601,
-7.66425318008448));
#5011=CARTESIAN_POINT('Ctrl Pts',(-4.31799373729945,0.753276680294183,-7.72030619407572));
#5012=CARTESIAN_POINT('Ctrl Pts',(-3.73814718525754,1.15509695228396,-7.75767487006988));
#5013=CARTESIAN_POINT('Ctrl Pts',(-3.41852667072551,1.22515088113812,-7.77635920806696));
#5014=CARTESIAN_POINT('Ctrl Pts',(-3.88061188182371,-1.12031804776055,-7.56012613367871));
#5015=CARTESIAN_POINT('Ctrl Pts',(-4.17288333701958,-0.929714139958784,
-7.57881047167579));
#5016=CARTESIAN_POINT('Ctrl Pts',(-4.59932838180976,-0.309955849949411,
-7.61617914766995));
#5017=CARTESIAN_POINT('Ctrl Pts',(-4.39553508674995,0.803285587392141,-7.6722321616612));
#5018=CARTESIAN_POINT('Ctrl Pts',(-3.77719339326703,1.23178210355314,-7.70960083765536));
#5019=CARTESIAN_POINT('Ctrl Pts',(-3.43635375296625,1.3064868074964,-7.72828517565244));
#5020=CARTESIAN_POINT('Ctrl Pts',(-3.74415816363339,-0.911080329382543,
-7.70434823092228));
#5021=CARTESIAN_POINT('Ctrl Pts',(-3.74520147064464,-0.912041083712197,
-7.70357755802952));
#5022=CARTESIAN_POINT('Ctrl Pts',(-3.74624161148182,-0.913004605610878,
-7.70280608241467));
#5023=CARTESIAN_POINT('Ctrl Pts',(-3.74727860590126,-0.913970878745071,
-7.70203381963824));
#5024=CARTESIAN_POINT('Ctrl Pts',(-3.76281220950282,-0.928445116557614,
-7.6904657498199));
#5025=CARTESIAN_POINT('Ctrl Pts',(-3.7776340940414,-0.943515060819859,-7.67873522803258));
#5026=CARTESIAN_POINT('Ctrl Pts',(-3.79178109227718,-0.95911976235484,-7.66689538133464));
#5027=CARTESIAN_POINT('Ctrl Pts',(-3.80592809051297,-0.97472446388982,-7.6550555346367));
#5028=CARTESIAN_POINT('Ctrl Pts',(-3.81939971107279,-0.990863649157217,
-7.64310636302814));
#5029=CARTESIAN_POINT('Ctrl Pts',(-3.8322635161891,-1.00743168322679,-7.63110099356734));
#5030=CARTESIAN_POINT('Ctrl Pts',(-3.84627731656814,-1.02548086230134,-7.61802237106186));
#5031=CARTESIAN_POINT('Ctrl Pts',(-3.85958666043804,-1.04407110038082,-7.60485568761483));
#5032=CARTESIAN_POINT('Ctrl Pts',(-3.87222062566438,-1.06308709539307,-7.59166215634606));
#5033=CARTESIAN_POINT('Ctrl Pts',(-3.88188147466588,-1.07762810869613,-7.58157342243706));
#5034=CARTESIAN_POINT('Ctrl Pts',(-3.8911480038961,-1.09241722702921,-7.57146898995098));
#5035=CARTESIAN_POINT('Ctrl Pts',(-3.90004797184492,-1.10738850419063,-7.56137622867152));
#5036=CARTESIAN_POINT('Ctrl Pts',(-3.73457099134949,1.20298919615792,-7.71134256394736));
#5037=CARTESIAN_POINT('Ctrl Pts',(-3.69704186636016,1.1712031706,-7.73838223716845));
#5038=CARTESIAN_POINT('Ctrl Pts',(-3.65575110521278,1.14392067182965,-7.76422600763014));
#5039=CARTESIAN_POINT('Ctrl Pts',(-3.52789660663799,1.08290325607115,-7.83043744867034));
#5040=CARTESIAN_POINT('Ctrl Pts',(-3.44835704906514,1.06861570516025,-7.85682661936055));
#5041=CARTESIAN_POINT('Ctrl Pts',(-3.38287250624403,1.06247902842156,-7.87250727289601));
#5042=CARTESIAN_POINT('Ctrl Pts',(-3.94197562824955,-0.745564144965897,
-7.27137163802629));
#5043=CARTESIAN_POINT('Ctrl Pts',(-4.1340103654745,-0.541575215661331,-7.28981870934333));
#5044=CARTESIAN_POINT('Ctrl Pts',(-4.35160468515859,0.0210150115477186,
-7.32671285197742));
#5045=CARTESIAN_POINT('Ctrl Pts',(-4.11447103403536,0.575652445566449,-7.36360699461151));
#5046=CARTESIAN_POINT('Ctrl Pts',(-3.91542074300506,0.772801640899906,-7.38205406592855));
#5047=CARTESIAN_POINT('Ctrl Pts',(-4.00260371563171,-0.802639295409487,
-7.22329760561177));
#5048=CARTESIAN_POINT('Ctrl Pts',(-4.20933928254585,-0.583034407494925,
-7.24174467692881));
#5049=CARTESIAN_POINT('Ctrl Pts',(-4.44359109389648,0.0226237731194202,
-7.2786388195629));
#5050=CARTESIAN_POINT('Ctrl Pts',(-4.18830415723172,0.619720350596175,-7.31553296219699));
#5051=CARTESIAN_POINT('Ctrl Pts',(-3.97401597502451,0.831961902582599,-7.33398003351403));
#5052=CARTESIAN_POINT('Ctrl Pts',(-4.06323180301388,-0.859714445853078,
-7.17522357319724));
#5053=CARTESIAN_POINT('Ctrl Pts',(-4.28466819961721,-0.624493599328519,
-7.19367064451429));
#5054=CARTESIAN_POINT('Ctrl Pts',(-4.53557750263438,0.0242325346911222,
-7.23056478714838));
#5055=CARTESIAN_POINT('Ctrl Pts',(-4.26213728042808,0.663788255625901,-7.26745892978246));
#5056=CARTESIAN_POINT('Ctrl Pts',(-4.03261120704395,0.891122164265292,-7.28590600109951));
#5057=CARTESIAN_POINT('Ctrl Pts',(-4.12385989039604,-0.916789596296669,
-7.12714954078272));
#5058=CARTESIAN_POINT('Ctrl Pts',(-4.35999711668856,-0.665952791162113,
-7.14559661209976));
#5059=CARTESIAN_POINT('Ctrl Pts',(-4.62756391137227,0.0258412962628239,
-7.18249075473386));
#5060=CARTESIAN_POINT('Ctrl Pts',(-4.33597040362444,0.707856160655627,-7.21938489736794));
#5061=CARTESIAN_POINT('Ctrl Pts',(-4.0912064390634,0.950282425947985,-7.23783196868498));
#5062=CARTESIAN_POINT('',(-4.07270944223742,-0.575932787055847,-7.2854961545929));
#5063=CARTESIAN_POINT('Ctrl Pts',(-4.07270944223742,-0.575932787055848,
-7.2854961545929));
#5064=CARTESIAN_POINT('Ctrl Pts',(-4.07403560463279,-0.583043522404172,
-7.28232190097306));
#5065=CARTESIAN_POINT('Ctrl Pts',(-4.07534685031146,-0.590152195565123,
-7.27913729832874));
#5066=CARTESIAN_POINT('Ctrl Pts',(-4.09608417528529,-0.703875664814086,
-7.22802289113733));
#5067=CARTESIAN_POINT('Ctrl Pts',(-4.11193094991094,-0.80967533868734,-7.17829257472121));
#5068=CARTESIAN_POINT('Ctrl Pts',(-4.12385989039605,-0.916789596296668,
-7.12714954078272));
#5069=CARTESIAN_POINT('',(-4.03227048875113,0.635486105807852,-7.37016725911095));
#5070=CARTESIAN_POINT('Ctrl Pts',(-4.03221514922349,0.635442699677244,-7.37016725911081));
#5071=CARTESIAN_POINT('Ctrl Pts',(-4.16016051089497,0.456429468826811,-7.35568245673301));
#5072=CARTESIAN_POINT('Ctrl Pts',(-4.23408707880262,0.238341055681376,-7.34119765435522));
#5073=CARTESIAN_POINT('Ctrl Pts',(-4.23792269245676,0.0190268132501361,
-7.32671285197742));
#5074=CARTESIAN_POINT('Ctrl Pts',(-4.24156078897437,-0.188993715822021,
-7.31297395284925));
#5075=CARTESIAN_POINT('Ctrl Pts',(-4.1821408126383,-0.39811707525558,-7.29923505372108));
#5076=CARTESIAN_POINT('Ctrl Pts',(-4.07223988222613,-0.575585373073474,
-7.2854961545929));
#5077=CARTESIAN_POINT('Ctrl Pts',(-4.0912064390634,0.950282425947986,-7.23783196868498));
#5078=CARTESIAN_POINT('Ctrl Pts',(-4.08636829678063,0.919869553942849,-7.25131112723644));
#5079=CARTESIAN_POINT('Ctrl Pts',(-4.0812392897719,0.889511028145688,-7.26462717027272));
#5080=CARTESIAN_POINT('Ctrl Pts',(-4.07585661520737,0.859130448419236,-7.27776227852684));
#5081=CARTESIAN_POINT('Ctrl Pts',(-4.07214619771034,0.838188325087166,-7.28681665008639));
#5082=CARTESIAN_POINT('Ctrl Pts',(-4.06831418562494,0.817236054279846,-7.2957850468064));
#5083=CARTESIAN_POINT('Ctrl Pts',(-4.0643594415294,0.796254078138178,-7.30466163203483));
#5084=CARTESIAN_POINT('Ctrl Pts',(-4.05840486981655,0.76466197543959,-7.31802691232378));
#5085=CARTESIAN_POINT('Ctrl Pts',(-4.05219744606214,0.733150617598612,-7.33112383762804));
#5086=CARTESIAN_POINT('Ctrl Pts',(-4.0458329370408,0.701674567904012,-7.34387152369911));
#5087=CARTESIAN_POINT('Ctrl Pts',(-4.04136619605489,0.679584040453423,-7.35281810727033));
#5088=CARTESIAN_POINT('Ctrl Pts',(-4.03682090024522,0.657511135961225,-7.3615926725015));
#5089=CARTESIAN_POINT('Ctrl Pts',(-4.03221514922348,0.635442699677256,-7.37016725911081));
#5090=CARTESIAN_POINT('Ctrl Pts',(-2.42542747598877,0.811224967224258,-6.59017378029321));
#5091=CARTESIAN_POINT('Ctrl Pts',(-2.20481312813147,0.614175934812181,-6.60965091601844));
#5092=CARTESIAN_POINT('Ctrl Pts',(-1.93470193573537,0.0314879328202977,
-6.64860518746889));
#5093=CARTESIAN_POINT('Ctrl Pts',(-2.17427650100933,-0.564405842610128,
-6.68755945891934));
#5094=CARTESIAN_POINT('Ctrl Pts',(-2.38439075856395,-0.772614897233873,
-6.70703659464456));
#5095=CARTESIAN_POINT('Ctrl Pts',(-2.36995929649749,0.873326648696668,-6.54209974787869));
#5096=CARTESIAN_POINT('Ctrl Pts',(-2.13245626484418,0.661192927400849,-6.56157688360392));
#5097=CARTESIAN_POINT('Ctrl Pts',(-1.8416672581425,0.0338984276315236,-6.60053115505437));
#5098=CARTESIAN_POINT('Ctrl Pts',(-2.09958196818844,-0.607612786768753,
-6.63948542650482));
#5099=CARTESIAN_POINT('Ctrl Pts',(-2.32578109642956,-0.831760863134098,
-6.65896256223004));
#5100=CARTESIAN_POINT('Ctrl Pts',(-2.31449111700621,0.935428330169077,-6.49402571546417));
#5101=CARTESIAN_POINT('Ctrl Pts',(-2.06009940155688,0.708209919989517,-6.51350285118939));
#5102=CARTESIAN_POINT('Ctrl Pts',(-1.74863258054962,0.0363089224427487,
-6.55245712263984));
#5103=CARTESIAN_POINT('Ctrl Pts',(-2.02488743536754,-0.650819730927378,
-6.59141139409029));
#5104=CARTESIAN_POINT('Ctrl Pts',(-2.26717143429517,-0.890906829034322,
-6.61088852981552));
#5105=CARTESIAN_POINT('Ctrl Pts',(-2.25902293751492,0.997530011641487,-6.44595168304964));
#5106=CARTESIAN_POINT('Ctrl Pts',(-1.98774253826959,0.755226912578185,-6.46542881877487));
#5107=CARTESIAN_POINT('Ctrl Pts',(-1.65559790295675,0.0387194172539746,
-6.50438309022532));
#5108=CARTESIAN_POINT('Ctrl Pts',(-1.95019290254664,-0.694026675086004,
-6.54333736167577));
#5109=CARTESIAN_POINT('Ctrl Pts',(-2.20856177216078,-0.950052794934546,
-6.562814497401));
#5110=CARTESIAN_POINT('',(-2.17455411873825,-0.479028300210838,-6.68317135497597));
#5111=CARTESIAN_POINT('Ctrl Pts',(-2.20856177216078,-0.950052794934546,
-6.562814497401));
#5112=CARTESIAN_POINT('Ctrl Pts',(-2.20408418646391,-0.91114011054152,-6.57531613318001));
#5113=CARTESIAN_POINT('Ctrl Pts',(-2.20007711532367,-0.871903388380875,
-6.58741873563087));
#5114=CARTESIAN_POINT('Ctrl Pts',(-2.1965060380936,-0.832476075889305,-6.59896893873161));
#5115=CARTESIAN_POINT('Ctrl Pts',(-2.19368050254556,-0.801280090523675,
-6.60810778041598));
#5116=CARTESIAN_POINT('Ctrl Pts',(-2.19112734965123,-0.769964535943204,
-6.61690079722837));
#5117=CARTESIAN_POINT('Ctrl Pts',(-2.18881723302475,-0.738575530719536,
-6.62527202063371));
#5118=CARTESIAN_POINT('Ctrl Pts',(-2.18638149627829,-0.705479646043616,
-6.63409845659258));
#5119=CARTESIAN_POINT('Ctrl Pts',(-2.18419570169009,-0.672144861953648,
-6.64249306027354));
#5120=CARTESIAN_POINT('Ctrl Pts',(-2.18225063702963,-0.638665646273061,
-6.65034987056232));
#5121=CARTESIAN_POINT('Ctrl Pts',(-2.18039284053602,-0.606688524501867,
-6.65785417358226));
#5122=CARTESIAN_POINT('Ctrl Pts',(-2.17875398211506,-0.574580205300353,
-6.66486785840433));
#5123=CARTESIAN_POINT('Ctrl Pts',(-2.17730151319372,-0.542383163236614,
-6.67129859588576));
#5124=CARTESIAN_POINT('Ctrl Pts',(-2.17634906171379,-0.521270064076674,
-6.67551552978448));
#5125=CARTESIAN_POINT('Ctrl Pts',(-2.17547624754918,-0.50011799265015,-6.67948179426658));
#5126=CARTESIAN_POINT('Ctrl Pts',(-2.17467022238699,-0.478927168939202,
-6.68317135497597));
#5127=CARTESIAN_POINT('',(-2.19141010635229,0.51400068657198,-6.615209874124));
#5128=CARTESIAN_POINT('Ctrl Pts',(-2.19141010635229,0.51400068657198,-6.615209874124));
#5129=CARTESIAN_POINT('Ctrl Pts',(-2.19233149103103,0.524704550278057,-6.61210853752223));
#5130=CARTESIAN_POINT('Ctrl Pts',(-2.19328404788719,0.535392488024633,-6.60895742912608));
#5131=CARTESIAN_POINT('Ctrl Pts',(-2.20832377013577,0.698422223319505,-6.56010632590691));
#5132=CARTESIAN_POINT('Ctrl Pts',(-2.22926049492845,0.850273977479607,-6.50435439632513));
#5133=CARTESIAN_POINT('Ctrl Pts',(-2.25902293751492,0.997530011641481,-6.44595168304964));
#5134=CARTESIAN_POINT('Ctrl Pts',(-2.17467022238698,-0.478927168939202,
-6.68317135497597));
#5135=CARTESIAN_POINT('Ctrl Pts',(-2.09768264504069,-0.32157466283335,-6.67164929914028));
#5136=CARTESIAN_POINT('Ctrl Pts',(-2.05760725009607,-0.146116411617384,
-6.66012724330458));
#5137=CARTESIAN_POINT('Ctrl Pts',(-2.06212337515288,0.0281864894606622,
-6.64860518746889));
#5138=CARTESIAN_POINT('Ctrl Pts',(-2.06648652624119,0.196585256759133,-6.63747341635393));
#5139=CARTESIAN_POINT('Ctrl Pts',(-2.11247147767409,0.36390561828074,-6.62634164523896));
#5140=CARTESIAN_POINT('Ctrl Pts',(-2.19226294767993,0.513160130621715,-6.615209874124));
#5141=CARTESIAN_POINT('Ctrl Pts',(-3.9427976526672,-0.744689983768669,-6.82145064892132));
#5142=CARTESIAN_POINT('Ctrl Pts',(-4.12747741802588,-0.548079732976072,
-6.83921201832864));
#5143=CARTESIAN_POINT('Ctrl Pts',(-4.3430200001682,-0.0120881811892222,
-6.87473475714328));
#5144=CARTESIAN_POINT('Ctrl Pts',(-4.13838234060121,0.52816081380327,-6.91025749595793));
#5145=CARTESIAN_POINT('Ctrl Pts',(-3.95772435875533,0.728472820545347,-6.92801886536525));
#5146=CARTESIAN_POINT('Ctrl Pts',(-4.00348866846085,-0.801698214575391,
-6.77337661650679));
#5147=CARTESIAN_POINT('Ctrl Pts',(-4.20230621856,-0.590036864935688,-6.79113798591412));
#5148=CARTESIAN_POINT('Ctrl Pts',(-4.43434922576411,-0.0130135673744656,
-6.82666072472876));
#5149=CARTESIAN_POINT('Ctrl Pts',(-4.2140459453581,0.568593093319086,-6.86218346354341));
#5150=CARTESIAN_POINT('Ctrl Pts',(-4.01955805824878,0.784239579324491,-6.87994483295073));
#5151=CARTESIAN_POINT('Ctrl Pts',(-4.0641796842545,-0.858706445382113,-6.72530258409227));
#5152=CARTESIAN_POINT('Ctrl Pts',(-4.27713501909411,-0.631993996895303,
-6.74306395349959));
#5153=CARTESIAN_POINT('Ctrl Pts',(-4.52567845136002,-0.0139389535597088,
-6.77858669231424));
#5154=CARTESIAN_POINT('Ctrl Pts',(-4.28970955011498,0.609025372834901,-6.81410943112888));
#5155=CARTESIAN_POINT('Ctrl Pts',(-4.08139175774223,0.840006338103636,-6.83187080053621));
#5156=CARTESIAN_POINT('Ctrl Pts',(-4.12487070004815,-0.915714676188835,
-6.67722855167775));
#5157=CARTESIAN_POINT('Ctrl Pts',(-4.35196381962822,-0.673951128854919,
-6.69498992108507));
#5158=CARTESIAN_POINT('Ctrl Pts',(-4.61700767695593,-0.0148643397449523,
-6.73051265989971));
#5159=CARTESIAN_POINT('Ctrl Pts',(-4.36537315487186,0.649457652350716,-6.76603539871436));
#5160=CARTESIAN_POINT('Ctrl Pts',(-4.14322545723568,0.895773096882781,-6.78379676812168));
#5161=CARTESIAN_POINT('',(-4.14855509209575,-0.431252847004688,-6.84626241492539));
#5162=CARTESIAN_POINT('Ctrl Pts',(-4.14855509209575,-0.431252847004688,
-6.84626241492539));
#5163=CARTESIAN_POINT('Ctrl Pts',(-4.14838861979873,-0.44223334861179,-6.8431690165218));
#5164=CARTESIAN_POINT('Ctrl Pts',(-4.14820445137554,-0.453198168196526,
-6.84001484105033));
#5165=CARTESIAN_POINT('Ctrl Pts',(-4.14518991324397,-0.615535171523353,
-6.79240821961194));
#5166=CARTESIAN_POINT('Ctrl Pts',(-4.13842837599202,-0.767115760124246,
-6.73655833176377));
#5167=CARTESIAN_POINT('Ctrl Pts',(-4.12487070004817,-0.915714676188821,
-6.67722855167775));
#5168=CARTESIAN_POINT('',(-4.14941666645758,0.427448713680225,-6.90441914679478));
#5169=CARTESIAN_POINT('Ctrl Pts',(-4.14934442068445,0.427390044102845,-6.90441914679478));
#5170=CARTESIAN_POINT('Ctrl Pts',(-4.20841106960133,0.289091426288717,-6.89452435024428));
#5171=CARTESIAN_POINT('Ctrl Pts',(-4.23949371326288,0.138868637304495,-6.88462955369378));
#5172=CARTESIAN_POINT('Ctrl Pts',(-4.23797493974087,-0.0110238203878088,
-6.87473475714328));
#5173=CARTESIAN_POINT('Ctrl Pts',(-4.23651817947132,-0.154795998337313,
-6.86524397640398));
#5174=CARTESIAN_POINT('Ctrl Pts',(-4.20506795550495,-0.298264269878203,
-6.85575319566469));
#5175=CARTESIAN_POINT('Ctrl Pts',(-4.14791713927809,-0.430699553803114,
-6.84626241492539));
#5176=CARTESIAN_POINT('',(-4.14942738594137,0.452998674443652,-6.89999999999951));
#5177=CARTESIAN_POINT('Ctrl Pts',(-4.14936147267153,0.452946588666801,-6.89999999999945));
#5178=CARTESIAN_POINT('Ctrl Pts',(-4.14935679168463,0.444434189422964,-6.90152297282262));
#5179=CARTESIAN_POINT('Ctrl Pts',(-4.14935147265491,0.435915816990976,-6.90299621020266));
#5180=CARTESIAN_POINT('Ctrl Pts',(-4.14934442068443,0.427390044102887,-6.90441914679478));
#5181=CARTESIAN_POINT('Ctrl Pts',(-4.14322545723568,0.895773096882781,-6.78379676812168));
#5182=CARTESIAN_POINT('Ctrl Pts',(-4.14459908056824,0.860089402020994,-6.79553755743106));
#5183=CARTESIAN_POINT('Ctrl Pts',(-4.1456890986816,0.824128112278421,-6.80692161059942));
#5184=CARTESIAN_POINT('Ctrl Pts',(-4.14653477527403,0.788022411275241,-6.81780581511757));
#5185=CARTESIAN_POINT('Ctrl Pts',(-4.14731531455357,0.754697712329623,-6.8278516757089));
#5186=CARTESIAN_POINT('Ctrl Pts',(-4.14788806410668,0.721250439580642,-6.83747172279618));
#5187=CARTESIAN_POINT('Ctrl Pts',(-4.14830585860166,0.687752387844345,-6.84655343139636));
#5188=CARTESIAN_POINT('Ctrl Pts',(-4.14868848960958,0.657073684671016,-6.85487078204841));
#5189=CARTESIAN_POINT('Ctrl Pts',(-4.14895410278745,0.62616264668267,-6.86278211966679));
#5190=CARTESIAN_POINT('Ctrl Pts',(-4.14912051725916,0.595116231407908,-6.87018323260569));
#5191=CARTESIAN_POINT('Ctrl Pts',(-4.14928049201925,0.565271213818678,-6.87729794597553));
#5192=CARTESIAN_POINT('Ctrl Pts',(-4.14934938901086,0.535301602245824,-6.88394115878272));
#5193=CARTESIAN_POINT('Ctrl Pts',(-4.14936796106398,0.505252865394157,-6.89002029524608));
#5194=CARTESIAN_POINT('Ctrl Pts',(-4.14937872061567,0.487844400359633,-6.89354218819901));
#5195=CARTESIAN_POINT('Ctrl Pts',(-4.14937302448879,0.470408577524948,-6.89687475683225));
#5196=CARTESIAN_POINT('Ctrl Pts',(-4.14936147267153,0.452946588666801,-6.89999999999945));
#5197=CARTESIAN_POINT('Ctrl Pts',(-3.73837189807135,-0.914827743107914,
-6.35389430954055));
#5198=CARTESIAN_POINT('Ctrl Pts',(-4.02782635307262,-0.728664972709491,
-6.37655502184101));
#5199=CARTESIAN_POINT('Ctrl Pts',(-4.41266971152852,-0.063238834434766,
-6.42187644644191));
#5200=CARTESIAN_POINT('Ctrl Pts',(-4.09623904537588,0.637309514763936,-6.46719787104281));
#5201=CARTESIAN_POINT('Ctrl Pts',(-3.82683374783939,0.851461900372347,-6.48985858334327));
#5202=CARTESIAN_POINT('Ctrl Pts',(-3.7834135149811,-0.984860524888539,-6.30582027712603));
#5203=CARTESIAN_POINT('Ctrl Pts',(-4.09502656851117,-0.784446441307705,
-6.32848098942648));
#5204=CARTESIAN_POINT('Ctrl Pts',(-4.50933082946539,-0.0680799550997177,
-6.37380241402739));
#5205=CARTESIAN_POINT('Ctrl Pts',(-4.16867645567127,0.686097451630116,-6.41912383862829));
#5206=CARTESIAN_POINT('Ctrl Pts',(-3.87864738217798,0.916643838625239,-6.44178455092874));
#5207=CARTESIAN_POINT('Ctrl Pts',(-3.82845513189086,-1.05489330666916,-6.25774624471151));
#5208=CARTESIAN_POINT('Ctrl Pts',(-4.16222678394973,-0.840227909905918,
-6.28040695701196));
#5209=CARTESIAN_POINT('Ctrl Pts',(-4.60599194740227,-0.07292107576467,-6.32572838161287));
#5210=CARTESIAN_POINT('Ctrl Pts',(-4.24111386596666,0.734885388496296,-6.37104980621377));
#5211=CARTESIAN_POINT('Ctrl Pts',(-3.93046101651658,0.981825776878131,-6.39371051851422));
#5212=CARTESIAN_POINT('Ctrl Pts',(-3.87349674880061,-1.12492608844979,-6.20967221229698));
#5213=CARTESIAN_POINT('Ctrl Pts',(-4.22942699938828,-0.896009378504132,
-6.23233292459744));
#5214=CARTESIAN_POINT('Ctrl Pts',(-4.70265306533915,-0.0777621964296216,
-6.27765434919834));
#5215=CARTESIAN_POINT('Ctrl Pts',(-4.31355127626206,0.783673325362475,-6.32297577379925));
#5216=CARTESIAN_POINT('Ctrl Pts',(-3.98227465085518,1.04700771513102,-6.3456364860997));
#5217=CARTESIAN_POINT('',(-4.00163784303262,-0.674206194167983,-6.37748214562276));
#5218=CARTESIAN_POINT('Ctrl Pts',(-4.00135375163128,-0.673874187849515,
-6.37748214562276));
#5219=CARTESIAN_POINT('Ctrl Pts',(-4.00058288441888,-0.67776839225555,-6.37621111250057));
#5220=CARTESIAN_POINT('Ctrl Pts',(-3.99980558676869,-0.681660007039414,
-6.37493531783394));
#5221=CARTESIAN_POINT('Ctrl Pts',(-3.99902181572171,-0.685548892789661,
-6.37365492499232));
#5222=CARTESIAN_POINT('Ctrl Pts',(-3.99203109277034,-0.720235199427856,
-6.36223466181823));
#5223=CARTESIAN_POINT('Ctrl Pts',(-3.98451249823854,-0.754802506869814,
-6.35041424830878));
#5224=CARTESIAN_POINT('Ctrl Pts',(-3.97641039580991,-0.789163305056703,
-6.3382994819589));
#5225=CARTESIAN_POINT('Ctrl Pts',(-3.96783154439717,-0.825545982844994,
-6.325471850942));
#5226=CARTESIAN_POINT('Ctrl Pts',(-3.9585978035953,-0.861696254486215,-6.31231420691303));
#5227=CARTESIAN_POINT('Ctrl Pts',(-3.94867815623991,-0.897463962219946,
-6.29895214408654));
#5228=CARTESIAN_POINT('Ctrl Pts',(-3.94606431862803,-0.906888791189724,
-6.29543122634251));
#5229=CARTESIAN_POINT('Ctrl Pts',(-3.94340306425981,-0.916286862135909,
-6.29189611522702));
#5230=CARTESIAN_POINT('Ctrl Pts',(-3.94069427385456,-0.925655054176998,
-6.28834910856399));
#5231=CARTESIAN_POINT('Ctrl Pts',(-3.92942439033916,-0.964631282403681,
-6.2735918383657));
#5232=CARTESIAN_POINT('Ctrl Pts',(-3.91724590819083,-1.00336473561168,-6.25852743841981));
#5233=CARTESIAN_POINT('Ctrl Pts',(-3.90407203265562,-1.0416397412561,-6.24330886600483));
#5234=CARTESIAN_POINT('Ctrl Pts',(-3.89442051359022,-1.06968099196609,-6.23215934956841));
#5235=CARTESIAN_POINT('Ctrl Pts',(-3.88423563559575,-1.0974750937116,-6.22092708254909));
#5236=CARTESIAN_POINT('Ctrl Pts',(-3.87349674880061,-1.12492608844979,-6.20967221229698));
#5237=CARTESIAN_POINT('',(-4.05075065997952,0.607045556615577,-6.46794809825383));
#5238=CARTESIAN_POINT('Ctrl Pts',(-4.05052306316979,0.606831346207559,-6.46794809825383));
#5239=CARTESIAN_POINT('Ctrl Pts',(-4.18001256608818,0.412436493115096,-6.45259088098319));
#5240=CARTESIAN_POINT('Ctrl Pts',(-4.24894206542792,0.176972737676208,-6.43723366371255));
#5241=CARTESIAN_POINT('Ctrl Pts',(-4.23735120537638,-0.0544582817037718,
-6.42187644644191));
#5242=CARTESIAN_POINT('Ctrl Pts',(-4.2261823388903,-0.277463489660718,-6.40707834616886));
#5243=CARTESIAN_POINT('Ctrl Pts',(-4.14024946376303,-0.496724259368317,
-6.39228024589581));
#5244=CARTESIAN_POINT('Ctrl Pts',(-4.00135375163128,-0.673874187849515,
-6.37748214562276));
#5245=CARTESIAN_POINT('Ctrl Pts',(-3.98227465085518,1.04700771513102,-6.3456364860997));
#5246=CARTESIAN_POINT('Ctrl Pts',(-3.99189829392007,1.00327283273773,-6.36008461259242));
#5247=CARTESIAN_POINT('Ctrl Pts',(-4.00063587149517,0.959033210275905,-6.37413985307485));
#5248=CARTESIAN_POINT('Ctrl Pts',(-4.00854043788686,0.914483272900745,-6.38760011056528));
#5249=CARTESIAN_POINT('Ctrl Pts',(-4.01272948499575,0.890873908754093,-6.39473341173972));
#5250=CARTESIAN_POINT('Ctrl Pts',(-4.01668498177759,0.867176820753638,-6.40169961195722));
#5251=CARTESIAN_POINT('Ctrl Pts',(-4.02041787798714,0.843415543920597,-6.40846863166287));
#5252=CARTESIAN_POINT('Ctrl Pts',(-4.02617285317319,0.806782980118538,-6.41890437331037));
#5253=CARTESIAN_POINT('Ctrl Pts',(-4.03143065488751,0.769824367167444,-6.42891837227823));
#5254=CARTESIAN_POINT('Ctrl Pts',(-4.03620461733014,0.732665092468003,-6.43837656190527));
#5255=CARTESIAN_POINT('Ctrl Pts',(-4.04068377066343,0.69780053474841,-6.44725067478401));
#5256=CARTESIAN_POINT('Ctrl Pts',(-4.0447376336697,0.662760060617124,-6.45563550513816));
#5257=CARTESIAN_POINT('Ctrl Pts',(-4.04840276126555,0.627608261235179,-6.46342032136424));
#5258=CARTESIAN_POINT('Ctrl Pts',(-4.0491244116396,0.620686999011887,-6.46495312353677));
#5259=CARTESIAN_POINT('Ctrl Pts',(-4.04983105668048,0.613761273405978,-6.46646266424973));
#5260=CARTESIAN_POINT('Ctrl Pts',(-4.05052306316979,0.606831346207559,-6.46794809825383));
#5261=CARTESIAN_POINT('Ctrl Pts',(-2.60202434954146,1.22009382282862,-7.73649428360542));
#5262=CARTESIAN_POINT('Ctrl Pts',(-2.20180335827086,1.04034423807109,-7.75998732697153));
#5263=CARTESIAN_POINT('Ctrl Pts',(-1.59832548486654,0.259766556231231,-7.80697341370375));
#5264=CARTESIAN_POINT('Ctrl Pts',(-2.07538150598997,-1.1509779702221,-7.87745254380208));
#5265=CARTESIAN_POINT('Ctrl Pts',(-3.51319851430395,-1.53081753696345,-7.9479316739004));
#5266=CARTESIAN_POINT('Ctrl Pts',(-4.62605546435596,-0.545724202584898,
-8.01841080399873));
#5267=CARTESIAN_POINT('Ctrl Pts',(-4.42156324265909,0.927413513473803,-8.08888993409706));
#5268=CARTESIAN_POINT('Ctrl Pts',(-3.08171403624356,1.5721762435244,-8.15936906419539));
#5269=CARTESIAN_POINT('Ctrl Pts',(-1.80292539397547,0.813637166284669,-8.22984819429372));
#5270=CARTESIAN_POINT('Ctrl Pts',(-1.72666122159562,-0.671380185127152,
-8.30032732439204));
#5271=CARTESIAN_POINT('Ctrl Pts',(-2.92108308982694,-1.55697385283787,-8.37080645449038));
#5272=CARTESIAN_POINT('Ctrl Pts',(-4.31985251476435,-1.05263966242626,-8.4412855845887));
#5273=CARTESIAN_POINT('Ctrl Pts',(-4.67426485383026,0.391435581958958,-8.51176471468703));
#5274=CARTESIAN_POINT('Ctrl Pts',(-3.66791421661754,1.48605543503854,-8.58224384478536));
#5275=CARTESIAN_POINT('Ctrl Pts',(-2.19920714083233,1.25403115600081,-8.65272297488369));
#5276=CARTESIAN_POINT('Ctrl Pts',(-1.5793018353928,-0.0975085439506083,
-8.72320210498202));
#5277=CARTESIAN_POINT('Ctrl Pts',(-2.36160880722338,-1.36199811783331,-8.79368123508034));
#5278=CARTESIAN_POINT('Ctrl Pts',(-3.84773718586886,-1.41058963940641,-8.86416036517867));
#5279=CARTESIAN_POINT('Ctrl Pts',(-4.71097371960018,-0.199903019712615,
-8.93463949527701));
#5280=CARTESIAN_POINT('Ctrl Pts',(-4.18067973575306,1.18924318883002,-9.00511862537533));
#5281=CARTESIAN_POINT('Ctrl Pts',(-2.73026549560841,1.51671454983913,-9.07559775547366));
#5282=CARTESIAN_POINT('Ctrl Pts',(-1.6545614635058,0.490167067580764,-9.14607688557199));
#5283=CARTESIAN_POINT('Ctrl Pts',(-1.91388255875934,-0.973968163137559,
-9.21655601567031));
#5284=CARTESIAN_POINT('Ctrl Pts',(-3.27672466809996,-1.56861097928205,-9.28703514576865));
#5285=CARTESIAN_POINT('Ctrl Pts',(-4.52643565082098,-0.762905983455891,
-9.35751427586697));
#5286=CARTESIAN_POINT('Ctrl Pts',(-4.54735918068787,0.723870514258115,-9.42799340596531));
#5287=CARTESIAN_POINT('Ctrl Pts',(-3.32081603376813,1.56442250507651,-9.49847253606362));
#5288=CARTESIAN_POINT('Ctrl Pts',(-1.94178019555819,1.00837000332237,-9.56895166616196));
#5289=CARTESIAN_POINT('Ctrl Pts',(-1.64135994169273,-0.447895456199286,
-9.63943079626029));
#5290=CARTESIAN_POINT('Ctrl Pts',(-2.68775085084349,-1.50429260926459,-9.70990992635862));
#5291=CARTESIAN_POINT('Ctrl Pts',(-4.1468049400955,-1.21779495092246,-9.78038905645694));
#5292=CARTESIAN_POINT('Ctrl Pts',(-4.71598216957008,0.155933566445722,-9.85086818655527));
#5293=CARTESIAN_POINT('Ctrl Pts',(-3.88715323950529,1.39032593841713,-9.9213473166536));
#5294=CARTESIAN_POINT('Ctrl Pts',(-2.4002530978333,1.3837805056247,-9.99182644675193));
#5295=CARTESIAN_POINT('Ctrl Pts',(-1.58265874035548,0.14140726628413,-10.0623055768503));
#5296=CARTESIAN_POINT('Ctrl Pts',(-2.16431250619172,-1.22626899855513,-10.1327847069486));
#5297=CARTESIAN_POINT('Ctrl Pts',(-3.62585172202888,-1.50103975105495,-10.2032638370469));
#5298=CARTESIAN_POINT('Ctrl Pts',(-4.66276200725298,-0.432115232389278,
-10.2737429671453));
#5299=CARTESIAN_POINT('Ctrl Pts',(-4.45320342365464,0.532028045923305,-10.3207290538775));
#5300=CARTESIAN_POINT('Ctrl Pts',(-4.1690364716876,0.866297246544446,-10.3442220972436));
#5301=CARTESIAN_POINT('Ctrl Pts',(-2.6361388211887,1.1441363307557,-7.68842025119089));
#5302=CARTESIAN_POINT('Ctrl Pts',(-2.26083376851483,0.975577137592542,-7.711913294557));
#5303=CARTESIAN_POINT('Ctrl Pts',(-1.69492568271834,0.243594671933023,-7.75889938128922));
#5304=CARTESIAN_POINT('Ctrl Pts',(-2.14228236575414,-1.07932331677376,-7.82937851138756));
#5305=CARTESIAN_POINT('Ctrl Pts',(-3.49058742673432,-1.435515799709,-7.89985764148588));
#5306=CARTESIAN_POINT('Ctrl Pts',(-4.53416296466845,-0.511749895842043,
-7.97033677158422));
#5307=CARTESIAN_POINT('Ctrl Pts',(-4.3424014986052,0.869676966267385,-8.04081590168253));
#5308=CARTESIAN_POINT('Ctrl Pts',(-3.08596520976291,1.47429970131072,-8.11129503178087));
#5309=CARTESIAN_POINT('Ctrl Pts',(-1.88678813206517,0.76298381696681,-8.18177416187919));
#5310=CARTESIAN_POINT('Ctrl Pts',(-1.81527182018638,-0.629583108430637,
-8.25225329197752));
#5311=CARTESIAN_POINT('Ctrl Pts',(-2.9353344154746,-1.4600437423235,-8.32273242207585));
#5312=CARTESIAN_POINT('Ctrl Pts',(-4.24702281801964,-0.987107104750478,
-8.39321155217418));
#5313=CARTESIAN_POINT('Ctrl Pts',(-4.57937105682421,0.367066582987407,-8.46369068227251));
#5314=CARTESIAN_POINT('Ctrl Pts',(-3.63567123311323,1.39354038265907,-8.53416981237084));
#5315=CARTESIAN_POINT('Ctrl Pts',(-2.25839917976568,1.17596087992131,-8.60464894246915));
#5316=CARTESIAN_POINT('Ctrl Pts',(-1.67708635913582,-0.0914381055010475,
-8.6751280725675));
#5317=CARTESIAN_POINT('Ctrl Pts',(-2.41069045705655,-1.2772063097748,-8.74560720266582));
#5318=CARTESIAN_POINT('Ctrl Pts',(-3.80429924218535,-1.32277274422293,-8.81608633276416));
#5319=CARTESIAN_POINT('Ctrl Pts',(-4.61379459557373,-0.187457966921534,
-8.88656546286247));
#5320=CARTESIAN_POINT('Ctrl Pts',(-4.11651430323191,1.11520631691232,-8.95704459296081));
#5321=CARTESIAN_POINT('Ctrl Pts',(-2.75639625677901,1.42229080041862,-9.02752372305914));
#5322=CARTESIAN_POINT('Ctrl Pts',(-1.74766066510486,0.459651495373493,-9.09800285315746));
#5323=CARTESIAN_POINT('Ctrl Pts',(-1.99083760843458,-0.913333335186964,
-9.1684819832558));
#5324=CARTESIAN_POINT('Ctrl Pts',(-3.26883536664416,-1.47095639420425,-9.23896111335411));
#5325=CARTESIAN_POINT('Ctrl Pts',(-4.4407450276247,-0.715410926840993,-9.30944024345246));
#5326=CARTESIAN_POINT('Ctrl Pts',(-4.46036595368829,0.678805628410968,-9.37991937355078));
#5327=CARTESIAN_POINT('Ctrl Pts',(-3.310181804426,1.46702867535237,-9.4503985036491));
#5328=CARTESIAN_POINT('Ctrl Pts',(-2.01699846525279,0.945593473271297,-9.52087763374744));
#5329=CARTESIAN_POINT('Ctrl Pts',(-1.73528100999557,-0.420011522253222,
-9.59135676384577));
#5330=CARTESIAN_POINT('Ctrl Pts',(-2.71652838042836,-1.4106421933657,-9.66183589394409));
#5331=CARTESIAN_POINT('Ctrl Pts',(-4.08474839827971,-1.14198057615849,-9.73231502404243));
#5332=CARTESIAN_POINT('Ctrl Pts',(-4.61849124222837,0.146225851829362,-9.80279415414073));
#5333=CARTESIAN_POINT('Ctrl Pts',(-3.84126143159789,1.30377056909213,-9.87327328423909));
#5334=CARTESIAN_POINT('Ctrl Pts',(-2.44692892989841,1.29763262517485,-9.94375241433739));
#5335=CARTESIAN_POINT('Ctrl Pts',(-1.68023427846369,0.132603893046054,-10.0142315444358));
#5336=CARTESIAN_POINT('Ctrl Pts',(-2.225676926367,-1.14992706812795,-10.0847106745341));
#5337=CARTESIAN_POINT('Ctrl Pts',(-3.59622735812538,-1.40759184331326,-10.1551898046324));
#5338=CARTESIAN_POINT('Ctrl Pts',(-4.56858432515657,-0.405213703404644,
-10.2256689347307));
#5339=CARTESIAN_POINT('Ctrl Pts',(-4.37207190584057,0.498906399600155,-10.2726550214629));
#5340=CARTESIAN_POINT('Ctrl Pts',(-4.10559589583026,0.81236552014275,-10.296148064829));
#5341=CARTESIAN_POINT('Ctrl Pts',(-2.67025329283594,1.06817883868278,-7.64034621877637));
#5342=CARTESIAN_POINT('Ctrl Pts',(-2.3198641787588,0.910810037113998,-7.66383926214248));
#5343=CARTESIAN_POINT('Ctrl Pts',(-1.79152588057014,0.227422787634814,-7.71082534887469));
#5344=CARTESIAN_POINT('Ctrl Pts',(-2.2091832255183,-1.00766866332541,-7.78130447897303));
#5345=CARTESIAN_POINT('Ctrl Pts',(-3.46797633916469,-1.34021406245456,-7.85178360907135));
#5346=CARTESIAN_POINT('Ctrl Pts',(-4.44227046498095,-0.477775589099187,
-7.92226273916969));
#5347=CARTESIAN_POINT('Ctrl Pts',(-4.26323975455131,0.811940419060965,-7.99274186926802));
#5348=CARTESIAN_POINT('Ctrl Pts',(-3.09021638328225,1.37642315909704,-8.06322099936634));
#5349=CARTESIAN_POINT('Ctrl Pts',(-1.97065087015487,0.712330467648949,-8.13370012946467));
#5350=CARTESIAN_POINT('Ctrl Pts',(-1.90388241877713,-0.587786031734122,
-8.204179259563));
#5351=CARTESIAN_POINT('Ctrl Pts',(-2.94958574112226,-1.36311363180914,-8.27465838966133));
#5352=CARTESIAN_POINT('Ctrl Pts',(-4.17419312127493,-0.921574547074694,
-8.34513751975965));
#5353=CARTESIAN_POINT('Ctrl Pts',(-4.48447725981816,0.342697584015855,-8.41561664985799));
#5354=CARTESIAN_POINT('Ctrl Pts',(-3.60342824960891,1.3010253302796,-8.48609577995631));
#5355=CARTESIAN_POINT('Ctrl Pts',(-2.31759121869903,1.09789060384181,-8.55657491005464));
#5356=CARTESIAN_POINT('Ctrl Pts',(-1.77487088287885,-0.0853676670514864,
-8.62705404015298));
#5357=CARTESIAN_POINT('Ctrl Pts',(-2.45977210688972,-1.1924145017163,-8.69753317025128));
#5358=CARTESIAN_POINT('Ctrl Pts',(-3.76086129850186,-1.23495584903945,-8.76801230034964));
#5359=CARTESIAN_POINT('Ctrl Pts',(-4.51661547154728,-0.175012914130453,
-8.83849143044794));
#5360=CARTESIAN_POINT('Ctrl Pts',(-4.05234887071076,1.04116944499463,-8.9089705605463));
#5361=CARTESIAN_POINT('Ctrl Pts',(-2.7825270179496,1.3278670509981,-8.9794496906446));
#5362=CARTESIAN_POINT('Ctrl Pts',(-1.84075986670393,0.429135923166221,-9.04992882074295));
#5363=CARTESIAN_POINT('Ctrl Pts',(-2.06779265810983,-0.852698507236369,
-9.12040795084127));
#5364=CARTESIAN_POINT('Ctrl Pts',(-3.26094606518837,-1.37330180912646,-9.1908870809396));
#5365=CARTESIAN_POINT('Ctrl Pts',(-4.35505440442842,-0.667915870226095,
-9.26136621103793));
#5366=CARTESIAN_POINT('Ctrl Pts',(-4.37337272668869,0.633740742563821,-9.33184534113626));
#5367=CARTESIAN_POINT('Ctrl Pts',(-3.29954757508388,1.36963484562823,-9.40232447123458));
#5368=CARTESIAN_POINT('Ctrl Pts',(-2.09221673494738,0.882816943220226,-9.47280360133291));
#5369=CARTESIAN_POINT('Ctrl Pts',(-1.82920207829841,-0.392127588307158,
-9.54328273143124));
#5370=CARTESIAN_POINT('Ctrl Pts',(-2.74530591001324,-1.31699177746681,-9.61376186152957));
#5371=CARTESIAN_POINT('Ctrl Pts',(-4.02269185646391,-1.06616620139452,-9.6842409916279));
#5372=CARTESIAN_POINT('Ctrl Pts',(-4.52100031488667,0.136518137213003,-9.75472012172623));
#5373=CARTESIAN_POINT('Ctrl Pts',(-3.79536962369049,1.21721519976712,-9.82519925182455));
#5374=CARTESIAN_POINT('Ctrl Pts',(-2.49360476196352,1.21148474472499,-9.89567838192288));
#5375=CARTESIAN_POINT('Ctrl Pts',(-1.7778098165719,0.12380051980798,-9.96615751202121));
#5376=CARTESIAN_POINT('Ctrl Pts',(-2.28704134654228,-1.07358513770076,-10.0366366421195));
#5377=CARTESIAN_POINT('Ctrl Pts',(-3.56660299422187,-1.31414393557157,-10.1071157722179));
#5378=CARTESIAN_POINT('Ctrl Pts',(-4.47440664306018,-0.37831217442001,-10.1775949023162));
#5379=CARTESIAN_POINT('Ctrl Pts',(-4.29094038802651,0.465784753277004,-10.2245809890484));
#5380=CARTESIAN_POINT('Ctrl Pts',(-4.04215531997293,0.758433793741055,-10.2480740324145));
#5381=CARTESIAN_POINT('Ctrl Pts',(-2.70436776448318,0.992221346609858,-7.59227218636185));
#5382=CARTESIAN_POINT('Ctrl Pts',(-2.37889458900278,0.846042936635454,-7.61576522972796));
#5383=CARTESIAN_POINT('Ctrl Pts',(-1.88812607842193,0.211250903336606,-7.66275131646017));
#5384=CARTESIAN_POINT('Ctrl Pts',(-2.27608408528247,-0.936014009877068,
-7.73323044655852));
#5385=CARTESIAN_POINT('Ctrl Pts',(-3.44536525159507,-1.24491232520011,-7.80370957665683));
#5386=CARTESIAN_POINT('Ctrl Pts',(-4.35037796529344,-0.443801282356332,
-7.87418870675516));
#5387=CARTESIAN_POINT('Ctrl Pts',(-4.18407801049741,0.754203871854547,-7.9446678368535));
#5388=CARTESIAN_POINT('Ctrl Pts',(-3.09446755680159,1.27854661688335,-8.01514696695182));
#5389=CARTESIAN_POINT('Ctrl Pts',(-2.05451360824457,0.66167711833109,-8.08562609705015));
#5390=CARTESIAN_POINT('Ctrl Pts',(-1.9924930173679,-0.545988955037608,-8.15610522714847));
#5391=CARTESIAN_POINT('Ctrl Pts',(-2.96383706676992,-1.26618352129477,-8.22658435724681));
#5392=CARTESIAN_POINT('Ctrl Pts',(-4.10136342453022,-0.856041989398911,
-8.29706348734513));
#5393=CARTESIAN_POINT('Ctrl Pts',(-4.3895834628121,0.318328585044304,-8.36754261744347));
#5394=CARTESIAN_POINT('Ctrl Pts',(-3.5711852661046,1.20851027790013,-8.43802174754179));
#5395=CARTESIAN_POINT('Ctrl Pts',(-2.37678325763239,1.01982032776231,-8.50850087764012));
#5396=CARTESIAN_POINT('Ctrl Pts',(-1.87265540662187,-0.0792972286019264,
-8.57898000773845));
#5397=CARTESIAN_POINT('Ctrl Pts',(-2.50885375672289,-1.10762269365779,-8.64945913783677));
#5398=CARTESIAN_POINT('Ctrl Pts',(-3.71742335481836,-1.14713895385597,-8.71993826793511));
#5399=CARTESIAN_POINT('Ctrl Pts',(-4.41943634752083,-0.162567861339374,
-8.79041739803343));
#5400=CARTESIAN_POINT('Ctrl Pts',(-3.98818343818961,0.967132573076941,-8.86089652813177));
#5401=CARTESIAN_POINT('Ctrl Pts',(-2.8086577791202,1.23344330157759,-8.93137565823008));
#5402=CARTESIAN_POINT('Ctrl Pts',(-1.93385906830299,0.398620350958951,-9.00185478832843));
#5403=CARTESIAN_POINT('Ctrl Pts',(-2.14474770778507,-0.792063679285775,
-9.07233391842674));
#5404=CARTESIAN_POINT('Ctrl Pts',(-3.25305676373257,-1.27564722404866,-9.14281304852508));
#5405=CARTESIAN_POINT('Ctrl Pts',(-4.26936378123214,-0.620420813611196,
-9.2132921786234));
#5406=CARTESIAN_POINT('Ctrl Pts',(-4.28637949968912,0.588675856716675,-9.28377130872174));
#5407=CARTESIAN_POINT('Ctrl Pts',(-3.28891334574175,1.27224101590409,-9.35425043882005));
#5408=CARTESIAN_POINT('Ctrl Pts',(-2.16743500464198,0.820040413169154,-9.4247295689184));
#5409=CARTESIAN_POINT('Ctrl Pts',(-1.92312314660126,-0.364243654361095,
-9.49520869901671));
#5410=CARTESIAN_POINT('Ctrl Pts',(-2.7740834395981,-1.22334136156792,-9.56568782911505));
#5411=CARTESIAN_POINT('Ctrl Pts',(-3.96063531464814,-0.990351826630552,
-9.63616695921337));
#5412=CARTESIAN_POINT('Ctrl Pts',(-4.42350938754495,0.126810422596645,-9.70664608931172));
#5413=CARTESIAN_POINT('Ctrl Pts',(-3.74947781578311,1.13065983044211,-9.77712521941002));
#5414=CARTESIAN_POINT('Ctrl Pts',(-2.54028059402862,1.12533686427513,-9.84760434950837));
#5415=CARTESIAN_POINT('Ctrl Pts',(-1.87538535468012,0.114997146569904,-9.91808347960668));
#5416=CARTESIAN_POINT('Ctrl Pts',(-2.34840576671756,-0.99724320727358,-9.98856260970503));
#5417=CARTESIAN_POINT('Ctrl Pts',(-3.53697863031836,-1.22069602782989,-10.0590417398033));
#5418=CARTESIAN_POINT('Ctrl Pts',(-4.38022896096378,-0.351410645435378,
-10.1295208699017));
#5419=CARTESIAN_POINT('Ctrl Pts',(-4.20980887021244,0.432663106953853,-10.1765069566339));
#5420=CARTESIAN_POINT('Ctrl Pts',(-3.97871474411559,0.70450206733936,-10.2));
#5421=CARTESIAN_POINT('',(-2.44876411931556,0.829962464006442,-7.61227542784709));
#5422=CARTESIAN_POINT('Ctrl Pts',(-2.60202434954146,1.22009382282862,-7.73649428360542));
#5423=CARTESIAN_POINT('Ctrl Pts',(-2.60125848227293,1.21866677106,-7.73599257472005));
#5424=CARTESIAN_POINT('Ctrl Pts',(-2.60049494731085,1.21723839601788,-7.73549083426026));
#5425=CARTESIAN_POINT('Ctrl Pts',(-2.59973373968092,1.21580872959336,-7.73498907834232));
#5426=CARTESIAN_POINT('Ctrl Pts',(-2.58177205759717,1.18207389458483,-7.72314949617409));
#5427=CARTESIAN_POINT('Ctrl Pts',(-2.56500951899917,1.14745238968524,-7.71124486313593));
#5428=CARTESIAN_POINT('Ctrl Pts',(-2.54940132581312,1.11227308565842,-7.69945674001721));
#5429=CARTESIAN_POINT('Ctrl Pts',(-2.53717622262767,1.08471892762146,-7.69022370325431));
#5430=CARTESIAN_POINT('Ctrl Pts',(-2.52565854404771,1.0568224522802,-7.68106214289713));
#5431=CARTESIAN_POINT('Ctrl Pts',(-2.51480684806421,1.02873117335704,-7.67205930017309));
#5432=CARTESIAN_POINT('Ctrl Pts',(-2.5001667007186,0.990832907207027,-7.65991346193642));
#5433=CARTESIAN_POINT('Ctrl Pts',(-2.48661690053837,0.952250782353241,-7.64794875049543));
#5434=CARTESIAN_POINT('Ctrl Pts',(-2.47412029354799,0.91324943995592,-7.63635624501524));
#5435=CARTESIAN_POINT('Ctrl Pts',(-2.46524008471669,0.885534711833637,-7.62811849939186));
#5436=CARTESIAN_POINT('Ctrl Pts',(-2.45689108189091,0.857607953361098,-7.62006870512234));
#5437=CARTESIAN_POINT('Ctrl Pts',(-2.44904877792348,0.829552207178938,-7.61227542784709));
#5438=CARTESIAN_POINT('Ctrl Pts',(-3.97871474411559,0.704502067339359,-10.2));
#5439=CARTESIAN_POINT('Ctrl Pts',(-4.01160023637174,0.673701049803478,-10.2));
#5440=CARTESIAN_POINT('Ctrl Pts',(-4.04228031044728,0.64083011623289,-10.2));
#5441=CARTESIAN_POINT('Ctrl Pts',(-4.07075294055303,0.606196428556097,-10.2));
#5442=CARTESIAN_POINT('Ctrl Pts',(-4.10051612580591,0.569992928616461,-10.2));
#5443=CARTESIAN_POINT('Ctrl Pts',(-4.12786786983956,0.531862779207933,-10.2));
#5444=CARTESIAN_POINT('Ctrl Pts',(-4.15277811086617,0.492107150268588,-10.2));
#5445=CARTESIAN_POINT('Ctrl Pts',(-4.17179281572739,0.46176053298592,-10.2));
#5446=CARTESIAN_POINT('Ctrl Pts',(-4.18938441422944,0.430465651779586,-10.2));
#5447=CARTESIAN_POINT('Ctrl Pts',(-4.20552581341759,0.398341418609107,-10.2));
#5448=CARTESIAN_POINT('Ctrl Pts',(-4.21231946406813,0.384820854807126,-10.2));
#5449=CARTESIAN_POINT('Ctrl Pts',(-4.21885606448396,0.371153243769138,-10.2));
#5450=CARTESIAN_POINT('Ctrl Pts',(-4.22513287132561,0.357346937962383,-10.2));
#5451=CARTESIAN_POINT('Ctrl Pts',(-4.22895733100701,0.348934753034759,-10.2));
#5452=CARTESIAN_POINT('Ctrl Pts',(-4.23268165458078,0.34047910135354,-10.2));
#5453=CARTESIAN_POINT('Ctrl Pts',(-4.23630439439421,0.331985369106676,-10.2));
#5454=CARTESIAN_POINT('Ctrl Pts',(-4.25541613490819,0.287176739434872,-10.2));
#5455=CARTESIAN_POINT('Ctrl Pts',(-4.27171601470318,0.241284047472538,-10.2));
#5456=CARTESIAN_POINT('Ctrl Pts',(-4.28517560154416,0.194624717876419,-10.2));
#5457=CARTESIAN_POINT('Ctrl Pts',(-4.29887781321669,0.147124299165382,-10.2));
#5458=CARTESIAN_POINT('Ctrl Pts',(-4.30963703668788,0.0988283835107942,
-10.2));
#5459=CARTESIAN_POINT('Ctrl Pts',(-4.3173820670185,0.0500381971496624,-10.2));
#5460=CARTESIAN_POINT('Ctrl Pts',(-4.32243274453544,0.0182212142868232,
-10.2));
#5461=CARTESIAN_POINT('Ctrl Pts',(-4.32620074967233,-0.0138066217862851,
-10.2));
#5462=CARTESIAN_POINT('Ctrl Pts',(-4.32865519603741,-0.0459661503904375,
-10.2));
#5463=CARTESIAN_POINT('Ctrl Pts',(-4.32937779262828,-0.0554340149419871,
-10.2));
#5464=CARTESIAN_POINT('Ctrl Pts',(-4.32998647637092,-0.0649133070334115,
-10.2));
#5465=CARTESIAN_POINT('Ctrl Pts',(-4.3304802986858,-0.0744020320120804,
-10.2));
#5466=CARTESIAN_POINT('Ctrl Pts',(-4.33101360240963,-0.0846493866032832,
-10.2));
#5467=CARTESIAN_POINT('Ctrl Pts',(-4.33141247325927,-0.0949000592163523,
-10.2));
#5468=CARTESIAN_POINT('Ctrl Pts',(-4.33167622857265,-0.105143361998142,
-10.2));
#5469=CARTESIAN_POINT('Ctrl Pts',(-4.33298542888217,-0.155987968692026,
-10.2));
#5470=CARTESIAN_POINT('Ctrl Pts',(-4.33097261025119,-0.206710115829693,
-10.2));
#5471=CARTESIAN_POINT('Ctrl Pts',(-4.32557944480902,-0.2569903554819,-10.2));
#5472=CARTESIAN_POINT('Ctrl Pts',(-4.32281309478991,-0.282780912699914,
-10.2));
#5473=CARTESIAN_POINT('Ctrl Pts',(-4.31915661961505,-0.308455602764624,
-10.2));
#5474=CARTESIAN_POINT('Ctrl Pts',(-4.3145970846288,-0.333972993209167,-10.2));
#5475=CARTESIAN_POINT('Ctrl Pts',(-4.30594837266957,-0.382375420336455,
-10.2));
#5476=CARTESIAN_POINT('Ctrl Pts',(-4.29405375075722,-0.430212260029327,
-10.2));
#5477=CARTESIAN_POINT('Ctrl Pts',(-4.27913076001828,-0.477287437336763,
-10.2));
#5478=CARTESIAN_POINT('Ctrl Pts',(-4.27439730498516,-0.492219312512371,
-10.2));
#5479=CARTESIAN_POINT('Ctrl Pts',(-4.26935877200308,-0.507074524449496,
-10.2));
#5480=CARTESIAN_POINT('Ctrl Pts',(-4.26402105054114,-0.521846659185392,
-10.2));
#5481=CARTESIAN_POINT('Ctrl Pts',(-4.26022106189674,-0.532363121059655,
-10.2));
#5482=CARTESIAN_POINT('Ctrl Pts',(-4.25626862932442,-0.542839091650984,
-10.2));
#5483=CARTESIAN_POINT('Ctrl Pts',(-4.25217416558703,-0.553252016434664,
-10.2));
#5484=CARTESIAN_POINT('Ctrl Pts',(-4.23356393299251,-0.600581035481516,
-10.2));
#5485=CARTESIAN_POINT('Ctrl Pts',(-4.21199136035708,-0.646701428961049,
-10.2));
#5486=CARTESIAN_POINT('Ctrl Pts',(-4.18772862910802,-0.69141033951335,-10.2));
#5487=CARTESIAN_POINT('Ctrl Pts',(-4.16287530150054,-0.737207541383298,
-10.2));
#5488=CARTESIAN_POINT('Ctrl Pts',(-4.13519890311563,-0.781524654899339,
-10.2));
#5489=CARTESIAN_POINT('Ctrl Pts',(-4.10493680014065,-0.82413795844791,-10.2));
#5490=CARTESIAN_POINT('Ctrl Pts',(-4.08759831796463,-0.848552983558671,
-10.2));
#5491=CARTESIAN_POINT('Ctrl Pts',(-4.0694100606272,-0.872408528673922,-10.2));
#5492=CARTESIAN_POINT('Ctrl Pts',(-4.05040955306413,-0.895659805368405,
-10.2));
#5493=CARTESIAN_POINT('Ctrl Pts',(-4.03959513142516,-0.908893615517106,
-10.2));
#5494=CARTESIAN_POINT('Ctrl Pts',(-4.02851749305327,-0.921931629025384,
-10.2));
#5495=CARTESIAN_POINT('Ctrl Pts',(-4.0171828952609,-0.934765155754266,-10.2));
#5496=CARTESIAN_POINT('Ctrl Pts',(-4.00862118695182,-0.944459095887138,
-10.2));
#5497=CARTESIAN_POINT('Ctrl Pts',(-3.9999110003922,-0.95403811176951,-10.2));
#5498=CARTESIAN_POINT('Ctrl Pts',(-3.99107136303674,-0.963481368614516,
-10.2));
#5499=CARTESIAN_POINT('Ctrl Pts',(-3.95402467262347,-1.00305781262032,-10.2));
#5500=CARTESIAN_POINT('Ctrl Pts',(-3.91465206923568,-1.04031703513302,-10.2));
#5501=CARTESIAN_POINT('Ctrl Pts',(-3.87319916529677,-1.07501430234379,-10.2));
#5502=CARTESIAN_POINT('Ctrl Pts',(-3.84596596384369,-1.09780927152651,-10.2));
#5503=CARTESIAN_POINT('Ctrl Pts',(-3.81783383229382,-1.11949816125359,-10.2));
#5504=CARTESIAN_POINT('Ctrl Pts',(-3.78886217453388,-1.14000486641235,-10.2));
#5505=CARTESIAN_POINT('Ctrl Pts',(-3.77727882016483,-1.14820379084961,-10.2));
#5506=CARTESIAN_POINT('Ctrl Pts',(-3.76555955461601,-1.15621454701133,-10.2));
#5507=CARTESIAN_POINT('Ctrl Pts',(-3.75372494676001,-1.16402125736075,-10.2));
#5508=CARTESIAN_POINT('Ctrl Pts',(-3.70813212878488,-1.19409660318349,-10.2));
#5509=CARTESIAN_POINT('Ctrl Pts',(-3.66077842527643,-1.22118431728424,-10.2));
#5510=CARTESIAN_POINT('Ctrl Pts',(-3.61189178154014,-1.24502617354968,-10.2));
#5511=CARTESIAN_POINT('Ctrl Pts',(-3.5926184343443,-1.25442572194322,-10.2));
#5512=CARTESIAN_POINT('Ctrl Pts',(-3.57310639466816,-1.26332040086539,-10.2));
#5513=CARTESIAN_POINT('Ctrl Pts',(-3.55336810509533,-1.27169273667134,-10.2));
#5514=CARTESIAN_POINT('Ctrl Pts',(-3.53470751295495,-1.27960794853205,-10.2));
#5515=CARTESIAN_POINT('Ctrl Pts',(-3.5158446917237,-1.28705629995171,-10.2));
#5516=CARTESIAN_POINT('Ctrl Pts',(-3.49679582141695,-1.294042220958,-10.2));
#5517=CARTESIAN_POINT('Ctrl Pts',(-4.23896192712276,0.000587164835303564,
-9.69953958647283));
#5518=CARTESIAN_POINT('Ctrl Pts',(-4.23919573137327,0.0364448151212562,
-9.70190842075246));
#5519=CARTESIAN_POINT('Ctrl Pts',(-4.23757366121814,0.0722808859341403,
-9.70427725503208));
#5520=CARTESIAN_POINT('Ctrl Pts',(-4.23402511343517,0.107924949033022,-9.70664608931171));
#5521=CARTESIAN_POINT('Ctrl Pts',(-4.19883219695767,0.461426891878465,-9.73013913267782));
#5522=CARTESIAN_POINT('Ctrl Pts',(-3.97415500637039,0.796043361160285,-9.75363217604392));
#5523=CARTESIAN_POINT('Ctrl Pts',(-3.66028354078433,0.962464434773367,-9.77712521941003));
#5524=CARTESIAN_POINT('Ctrl Pts',(-3.34641207519828,1.12888550838645,-9.80061826277614));
#5525=CARTESIAN_POINT('Ctrl Pts',(-2.94334633461345,1.12711118633079,-9.82411130614225));
#5526=CARTESIAN_POINT('Ctrl Pts',(-2.63099759109629,0.957834072352091,-9.84760434950836));
#5527=CARTESIAN_POINT('Ctrl Pts',(-2.31864884757912,0.788556958373391,-9.87109739287447));
#5528=CARTESIAN_POINT('Ctrl Pts',(-2.09701710112962,0.451777052471647,-9.89459043624058));
#5529=CARTESIAN_POINT('Ctrl Pts',(-2.06503796324444,0.0980137072135294,
-9.91808347960669));
#5530=CARTESIAN_POINT('Ctrl Pts',(-2.03305882535926,-0.255749638044589,
-9.9415765229728));
#5531=CARTESIAN_POINT('Ctrl Pts',(-2.19073229603841,-0.626496422659081,
-9.96506956633892));
#5532=CARTESIAN_POINT('Ctrl Pts',(-2.46766450864478,-0.849111951725713,
-9.98856260970502));
#5533=CARTESIAN_POINT('Ctrl Pts',(-2.74459672125116,-1.07172748079235,-10.0120556530711));
#5534=CARTESIAN_POINT('Ctrl Pts',(-3.14078767578476,-1.14621175431112,-10.0355486964372));
#5535=CARTESIAN_POINT('Ctrl Pts',(-3.4794248748258,-1.03857299400475,-10.0590417398033));
#5536=CARTESIAN_POINT('Ctrl Pts',(-3.81806207386683,-0.930934233698382,
-10.0825347831695));
#5537=CARTESIAN_POINT('Ctrl Pts',(-4.0991455174153,-0.641172439566887,-10.1060278265356));
#5538=CARTESIAN_POINT('Ctrl Pts',(-4.19708221650171,-0.300273104403835,
-10.1295208699017));
#5539=CARTESIAN_POINT('Ctrl Pts',(-4.22489991257982,-0.203444906320189,
-10.1361937754254));
#5540=CARTESIAN_POINT('Ctrl Pts',(-4.23794182258523,-0.102491069155237,
-10.1428666809491));
#5541=CARTESIAN_POINT('Ctrl Pts',(-4.23706183466397,-0.00133781022420146,
-10.1495395864728));
#5542=CARTESIAN_POINT('',(-2.62474617270507,-0.952470318126516,-7.75094560161742));
#5543=CARTESIAN_POINT('Ctrl Pts',(-2.62474617270507,-0.952470318126517,
-7.75094560161742));
#5544=CARTESIAN_POINT('Ctrl Pts',(-2.62582445933901,-0.954152669031147,
-7.75161118374196));
#5545=CARTESIAN_POINT('Ctrl Pts',(-2.62690701024753,-0.955832399210873,
-7.75227656759251));
#5546=CARTESIAN_POINT('Ctrl Pts',(-2.67783050654771,-1.03441009728695,-7.78344209609777));
#5547=CARTESIAN_POINT('Ctrl Pts',(-2.73843543539895,-1.10837658008734,-7.81457142743094));
#5548=CARTESIAN_POINT('Ctrl Pts',(-2.86194968542057,-1.20923198219178,-7.85919326214173));
#5549=CARTESIAN_POINT('Ctrl Pts',(-2.92074848962434,-1.24448738466615,-7.87560351242232));
#5550=CARTESIAN_POINT('Ctrl Pts',(-3.01746046708271,-1.27534505002603,-7.89169487899986));
#5551=CARTESIAN_POINT('Ctrl Pts',(-3.05005018078896,-1.28185278982796,-7.89555567274363));
#5552=CARTESIAN_POINT('Ctrl Pts',(-3.08620726653758,-1.28440767508236,-7.89796697228944));
#5553=CARTESIAN_POINT('Ctrl Pts',(-3.08895874168146,-1.28457361171109,-7.89813905556007));
#5554=CARTESIAN_POINT('Ctrl Pts',(-3.09220276630479,-1.28473557174434,-7.89832846342457));
#5555=CARTESIAN_POINT('Ctrl Pts',(-3.09269302181194,-1.28475914290352,-7.89835672554579));
#5556=CARTESIAN_POINT('Ctrl Pts',(-3.09343403398377,-1.28479340151851,-7.89839889550176));
#5557=CARTESIAN_POINT('Ctrl Pts',(-3.09368474295497,-1.28480475561482,-7.89841306826641));
#5558=CARTESIAN_POINT('Ctrl Pts',(-3.09413282482533,-1.28482462513667,-7.8984382293415));
#5559=CARTESIAN_POINT('Ctrl Pts',(-3.09433019142179,-1.2848332303548,-7.89844925333763));
#5560=CARTESIAN_POINT('Ctrl Pts',(-3.09474717149375,-1.28485110075063,-7.89847241990792));
#5561=CARTESIAN_POINT('Ctrl Pts',(-3.09496678698435,-1.28486033110459,-7.89848454862686));
#5562=CARTESIAN_POINT('Ctrl Pts',(-3.09554868316406,-1.28488430659784,-7.89851649246733));
#5563=CARTESIAN_POINT('Ctrl Pts',(-3.09591098272766,-1.28489873988897,-7.89853618355742));
#5564=CARTESIAN_POINT('Ctrl Pts',(-3.09756383423654,-1.28496233044289,-7.89862511423847));
#5565=CARTESIAN_POINT('Ctrl Pts',(-3.09885470169553,-1.28500572169995,-7.89869205955401));
#5566=CARTESIAN_POINT('Ctrl Pts',(-3.11619394811173,-1.28550422591909,-7.89955756827679));
#5567=CARTESIAN_POINT('Ctrl Pts',(-3.13223264975381,-1.28499548712287,-7.89997026796723));
#5568=CARTESIAN_POINT('Ctrl Pts',(-3.17592046068192,-1.28096686052737,-7.90004718661286));
#5569=CARTESIAN_POINT('Ctrl Pts',(-3.2030861933838,-1.27556061731497,-7.89894490208278));
#5570=CARTESIAN_POINT('Ctrl Pts',(-3.26749153053079,-1.25617631782192,-7.89379997762738));
#5571=CARTESIAN_POINT('Ctrl Pts',(-3.30334060008394,-1.23975331549521,-7.88876595700101));
#5572=CARTESIAN_POINT('Ctrl Pts',(-3.3861954104131,-1.19033016509306,-7.87299706486115));
#5573=CARTESIAN_POINT('Ctrl Pts',(-3.43056973183527,-1.1532362156692,-7.86073114856914));
#5574=CARTESIAN_POINT('Ctrl Pts',(-3.50087170890845,-1.08046439982968,-7.83699373825541));
#5575=CARTESIAN_POINT('Ctrl Pts',(-3.52919176729726,-1.04567587008542,-7.82574536911794));
#5576=CARTESIAN_POINT('Ctrl Pts',(-3.55490596913117,-1.00952585215137,-7.8143583302852));
#5577=CARTESIAN_POINT('Ctrl Pts',(-2.44904877792348,0.829552207178938,-7.61227542784709));
#5578=CARTESIAN_POINT('Ctrl Pts',(-2.25469736004881,0.663258577542548,-7.62910072405145));
#5579=CARTESIAN_POINT('Ctrl Pts',(-2.11703968053538,0.429336517624249,-7.64592602025581));
#5580=CARTESIAN_POINT('Ctrl Pts',(-2.07547787387723,0.178738092792373,-7.66275131646017));
#5581=CARTESIAN_POINT('Ctrl Pts',(-2.01744541404211,-0.171170734401285,
-7.68624435982628));
#5582=CARTESIAN_POINT('Ctrl Pts',(-2.14676474966229,-0.553592372139175,
-7.7097374031924));
#5583=CARTESIAN_POINT('Ctrl Pts',(-2.40630461185781,-0.796286243561961,
-7.73323044655851));
#5584=CARTESIAN_POINT('Ctrl Pts',(-2.47154078739441,-0.857288125368724,
-7.73913549824481));
#5585=CARTESIAN_POINT('Ctrl Pts',(-2.54500409166659,-0.909462225936682,
-7.74504054993112));
#5586=CARTESIAN_POINT('Ctrl Pts',(-2.6239271745525,-0.952089592840172,-7.75094560161742));
#5587=CARTESIAN_POINT('Ctrl Pts',(-4.13172784810232,-0.908359335428652,
-7.09029038930112));
#5588=CARTESIAN_POINT('Ctrl Pts',(-4.36231447477284,-0.659148143367088,
-7.10847102553874));
#5589=CARTESIAN_POINT('Ctrl Pts',(-4.62340416709675,0.0220269638064668,
-7.14483229801398));
#5590=CARTESIAN_POINT('Ctrl Pts',(-4.3420689638672,0.695092976538117,-7.18119357048922));
#5591=CARTESIAN_POINT('Ctrl Pts',(-4.10413577877924,0.937299933667623,-7.19937420672684));
#5592=CARTESIAN_POINT('Ctrl Pts',(-4.07060993745909,-0.851809014683461,
-7.0422163568866));
#5593=CARTESIAN_POINT('Ctrl Pts',(-4.28684128952717,-0.618112577955724,
-7.06039699312422));
#5594=CARTESIAN_POINT('Ctrl Pts',(-4.53167672511775,0.0206556652248202,
-7.09675826559946));
#5595=CARTESIAN_POINT('Ctrl Pts',(-4.26785617204813,0.651819649300928,-7.1331195380747));
#5596=CARTESIAN_POINT('Ctrl Pts',(-4.04473562487543,0.878947902906209,-7.15130017431232));
#5597=CARTESIAN_POINT('Ctrl Pts',(-4.00949202681586,-0.795258693938271,
-6.99414232447207));
#5598=CARTESIAN_POINT('Ctrl Pts',(-4.2113681042815,-0.57707701254436,-7.0123229607097));
#5599=CARTESIAN_POINT('Ctrl Pts',(-4.43994928313874,0.0192843666431746,
-7.04868423318493));
#5600=CARTESIAN_POINT('Ctrl Pts',(-4.19364338022905,0.608546322063738,-7.08504550566017));
#5601=CARTESIAN_POINT('Ctrl Pts',(-3.98533547097161,0.820595872144795,-7.10322614189779));
#5602=CARTESIAN_POINT('Ctrl Pts',(-3.94837411617263,-0.73870837319308,-6.94606829205755));
#5603=CARTESIAN_POINT('Ctrl Pts',(-4.13589491903583,-0.536041447132996,
-6.96424892829517));
#5604=CARTESIAN_POINT('Ctrl Pts',(-4.34822184115973,0.0179130680615281,
-7.00061020077041));
#5605=CARTESIAN_POINT('Ctrl Pts',(-4.11943058840998,0.565272994826549,-7.03697147324565));
#5606=CARTESIAN_POINT('Ctrl Pts',(-3.9259353170678,0.762243841383382,-7.05515210948327));
#5607=CARTESIAN_POINT('',(-4.14690868388474,-0.433090516983885,-6.97017261618987));
#5608=CARTESIAN_POINT('Ctrl Pts',(-4.13172784810234,-0.908359335428638,
-7.09029038930112));
#5609=CARTESIAN_POINT('Ctrl Pts',(-4.13190590730465,-0.905523299946537,
-7.08937176341486));
#5610=CARTESIAN_POINT('Ctrl Pts',(-4.13208193679725,-0.902686177255111,
-7.08845558898719));
#5611=CARTESIAN_POINT('Ctrl Pts',(-4.13225595518779,-0.899848018323017,
-7.08754192559402));
#5612=CARTESIAN_POINT('Ctrl Pts',(-4.13447437320859,-0.863666653230454,
-7.07589437886006));
#5613=CARTESIAN_POINT('Ctrl Pts',(-4.13637441110557,-0.82720306420515,-7.0646190897065));
#5614=CARTESIAN_POINT('Ctrl Pts',(-4.13799027895218,-0.790584587750539,
-7.05385634171352));
#5615=CARTESIAN_POINT('Ctrl Pts',(-4.13950066306426,-0.756356562753818,
-7.04379618512034));
#5616=CARTESIAN_POINT('Ctrl Pts',(-4.14076312943159,-0.721993767544736,
-7.03418383656716));
#5617=CARTESIAN_POINT('Ctrl Pts',(-4.14182824985618,-0.687565608578783,
-7.02513386094572));
#5618=CARTESIAN_POINT('Ctrl Pts',(-4.14279818850251,-0.656214034492134,
-7.01689261338269));
#5619=CARTESIAN_POINT('Ctrl Pts',(-4.14361872994535,-0.624645237691336,
-7.0090800706006));
#5620=CARTESIAN_POINT('Ctrl Pts',(-4.14430486886019,-0.592946929656824,
-7.0017969354524));
#5621=CARTESIAN_POINT('Ctrl Pts',(-4.14496361963478,-0.562513901418048,
-6.9948045162548));
#5622=CARTESIAN_POINT('Ctrl Pts',(-4.14549913457475,-0.531961993417124,
-6.98830008419426));
#5623=CARTESIAN_POINT('Ctrl Pts',(-4.14594825734253,-0.501327949522902,
-6.98237275801067));
#5624=CARTESIAN_POINT('Ctrl Pts',(-4.14628137293273,-0.478606595042001,
-6.9779764439032));
#5625=CARTESIAN_POINT('Ctrl Pts',(-4.14656754053107,-0.455839285358005,
-6.97389760899107));
#5626=CARTESIAN_POINT('Ctrl Pts',(-4.14682700516247,-0.433023078532449,
-6.97017261618988));
#5627=CARTESIAN_POINT('',(-4.14092643045,0.446628859099186,-7.02988321718896));
#5628=CARTESIAN_POINT('Ctrl Pts',(-4.14083586798771,0.446547580812967,-7.02988321718892));
#5629=CARTESIAN_POINT('Ctrl Pts',(-4.13969127300831,0.477675667382586,-7.03856684233375));
#5630=CARTESIAN_POINT('Ctrl Pts',(-4.13840152682475,0.508747758049541,-7.04774444789605));
#5631=CARTESIAN_POINT('Ctrl Pts',(-4.13691623496237,0.539751056147046,-7.05732840624728));
#5632=CARTESIAN_POINT('Ctrl Pts',(-4.13537445693668,0.571933420395845,-7.06727684584988));
#5633=CARTESIAN_POINT('Ctrl Pts',(-4.13362105630819,0.604041141085687,-7.07766313342662));
#5634=CARTESIAN_POINT('Ctrl Pts',(-4.1316215896103,0.636006927390903,-7.08838925879266));
#5635=CARTESIAN_POINT('Ctrl Pts',(-4.12987950485723,0.663857908355408,-7.09773466048371));
#5636=CARTESIAN_POINT('Ctrl Pts',(-4.12795080928998,0.691599969589152,-7.10733803970409));
#5637=CARTESIAN_POINT('Ctrl Pts',(-4.12583232091991,0.719163047850896,-7.11713457234986));
#5638=CARTESIAN_POINT('Ctrl Pts',(-4.12268600122037,0.760098961089752,-7.13168410874855));
#5639=CARTESIAN_POINT('Ctrl Pts',(-4.11907900555562,0.800914075999254,-7.14674639923037));
#5640=CARTESIAN_POINT('Ctrl Pts',(-4.11494264797868,0.841539135959195,-7.16218567452175));
#5641=CARTESIAN_POINT('Ctrl Pts',(-4.11167850769897,0.873597750843022,-7.17436933114011));
#5642=CARTESIAN_POINT('Ctrl Pts',(-4.10808496615288,0.905536445261654,-7.18678774842274));
#5643=CARTESIAN_POINT('Ctrl Pts',(-4.10413577877924,0.937299933667623,-7.19937420672684));
#5644=CARTESIAN_POINT('Ctrl Pts',(-4.14682700516248,-0.433023078532427,
-6.97017261618988));
#5645=CARTESIAN_POINT('Ctrl Pts',(-4.20819202876278,-0.291548048112368,
-6.98031847771672));
#5646=CARTESIAN_POINT('Ctrl Pts',(-4.24023931301985,-0.137385094931796,
-6.99046433924357));
#5647=CARTESIAN_POINT('Ctrl Pts',(-4.23794229744132,0.016264420954155,-7.00061020077041));
#5648=CARTESIAN_POINT('Ctrl Pts',(-4.23573316765422,0.164035174225468,-7.01036787290991));
#5649=CARTESIAN_POINT('Ctrl Pts',(-4.20175754653226,0.311331027689575,-7.02012554504941));
#5650=CARTESIAN_POINT('Ctrl Pts',(-4.14083586798772,0.446547580812939,-7.02988321718892));
#5651=CARTESIAN_POINT('Ctrl Pts',(-2.15055451633359,0.888827865887884,-6.86670247488458));
#5652=CARTESIAN_POINT('Ctrl Pts',(-1.93486881799293,0.64629935685799,-6.88408193705399));
#5653=CARTESIAN_POINT('Ctrl Pts',(-1.68863098063335,-0.00161558636886798,
-6.9188408613928));
#5654=CARTESIAN_POINT('Ctrl Pts',(-1.9363007923372,-0.648984500184447,-6.95359978573162));
#5655=CARTESIAN_POINT('Ctrl Pts',(-2.15252220758185,-0.891035523215884,
-6.97097924790103));
#5656=CARTESIAN_POINT('Ctrl Pts',(-2.21277544638215,0.833493485601581,-6.81862844247006));
#5657=CARTESIAN_POINT('Ctrl Pts',(-2.01051735861981,0.606063698454719,-6.83600790463947));
#5658=CARTESIAN_POINT('Ctrl Pts',(-1.77960916905398,-0.0015150073096922,
-6.87076682897828));
#5659=CARTESIAN_POINT('Ctrl Pts',(-2.01186018475444,-0.608581676970472,
-6.9055257533171));
#5660=CARTESIAN_POINT('Ctrl Pts',(-2.21462063812292,-0.835563704225398,
-6.92290521548651));
#5661=CARTESIAN_POINT('Ctrl Pts',(-2.27499637643072,0.778159105315277,-6.77055441005553));
#5662=CARTESIAN_POINT('Ctrl Pts',(-2.08616589924669,0.565828040051447,-6.78793387222494));
#5663=CARTESIAN_POINT('Ctrl Pts',(-1.87058735747461,-0.00141442825051628,
-6.82269279656376));
#5664=CARTESIAN_POINT('Ctrl Pts',(-2.08741957717168,-0.568178853756496,
-6.85745172090257));
#5665=CARTESIAN_POINT('Ctrl Pts',(-2.27671906866399,-0.780091885234911,
-6.87483118307198));
#5666=CARTESIAN_POINT('Ctrl Pts',(-2.33721730647928,0.722824725028973,-6.72248037764101));
#5667=CARTESIAN_POINT('Ctrl Pts',(-2.16181443987357,0.525592381648176,-6.73985983981042));
#5668=CARTESIAN_POINT('Ctrl Pts',(-1.96156554589525,-0.0013138491913403,
-6.77461876414923));
#5669=CARTESIAN_POINT('Ctrl Pts',(-2.16297896958892,-0.527776030542522,
-6.80937768848805));
#5670=CARTESIAN_POINT('Ctrl Pts',(-2.33881749920506,-0.724620066244424,
-6.82675715065746));
#5671=CARTESIAN_POINT('',(-2.16281136567694,0.455187515832028,-6.74358705729887));
#5672=CARTESIAN_POINT('Ctrl Pts',(-2.15055451633359,0.888827865887884,-6.86670247488458));
#5673=CARTESIAN_POINT('Ctrl Pts',(-2.15058569733574,0.8861468702714,-6.86576655812602));
#5674=CARTESIAN_POINT('Ctrl Pts',(-2.15061828350912,0.883465000784245,-6.86483277204941));
#5675=CARTESIAN_POINT('Ctrl Pts',(-2.1506522506975,0.880782315323674,-6.86390117788308));
#5676=CARTESIAN_POINT('Ctrl Pts',(-2.15108944105562,0.846253575285059,-6.85191066566554));
#5677=CARTESIAN_POINT('Ctrl Pts',(-2.15175685857045,0.811453867430462,-6.84023640441569));
#5678=CARTESIAN_POINT('Ctrl Pts',(-2.1526002526786,0.77653417552313,-6.82903109983199));
#5679=CARTESIAN_POINT('Ctrl Pts',(-2.15334852105335,0.745553047177703,-6.81908963241073));
#5680=CARTESIAN_POINT('Ctrl Pts',(-2.15423493041242,0.714477663066009,-6.8095173009614));
#5681=CARTESIAN_POINT('Ctrl Pts',(-2.15520201685728,0.683384970292309,-6.80042074931217));
#5682=CARTESIAN_POINT('Ctrl Pts',(-2.15610113839202,0.654477410069099,-6.79196348520392));
#5683=CARTESIAN_POINT('Ctrl Pts',(-2.15706773435403,0.625314209711997,-6.78385254371187));
#5684=CARTESIAN_POINT('Ctrl Pts',(-2.15807000754,0.596013395396529,-6.77620187884296));
#5685=CARTESIAN_POINT('Ctrl Pts',(-2.15902914192661,0.567973716235907,-6.76888050592889));
#5686=CARTESIAN_POINT('Ctrl Pts',(-2.16002048067342,0.539808490047597,-6.76198064081677));
#5687=CARTESIAN_POINT('Ctrl Pts',(-2.16099006063645,0.511581913378104,-6.75560214766583));
#5688=CARTESIAN_POINT('Ctrl Pts',(-2.16163546478617,0.492792798080931,-6.75135628233691));
#5689=CARTESIAN_POINT('Ctrl Pts',(-2.16227067758355,0.473975695658672,-6.74734143399458));
#5690=CARTESIAN_POINT('Ctrl Pts',(-2.16287477466624,0.455137612535339,-6.74358705729887));
#5691=CARTESIAN_POINT('',(-2.15510745129633,-0.438056391373816,-6.80425622065485));
#5692=CARTESIAN_POINT('Ctrl Pts',(-2.15517308674736,-0.438003196577829,
-6.80425622065485));
#5693=CARTESIAN_POINT('Ctrl Pts',(-2.15428710842967,-0.467762457789951,
-6.8134116537855));
#5694=CARTESIAN_POINT('Ctrl Pts',(-2.153457017774,-0.497508273583304,-6.82303422051016));
#5695=CARTESIAN_POINT('Ctrl Pts',(-2.15274522473784,-0.527213356392602,
-6.83303021896872));
#5696=CARTESIAN_POINT('Ctrl Pts',(-2.1520038359772,-0.558153550255087,-6.8434418421964));
#5697=CARTESIAN_POINT('Ctrl Pts',(-2.15139156779855,-0.589049046047263,
-6.85425859667727));
#5698=CARTESIAN_POINT('Ctrl Pts',(-2.15095521068857,-0.619816578525568,
-6.86537459971269));
#5699=CARTESIAN_POINT('Ctrl Pts',(-2.15064232169804,-0.641878375979991,
-6.87334530739434));
#5700=CARTESIAN_POINT('Ctrl Pts',(-2.15041934464415,-0.663873236252761,
-6.88146987606229));
#5701=CARTESIAN_POINT('Ctrl Pts',(-2.15029370327453,-0.685757352421927,
-6.88970926932389));
#5702=CARTESIAN_POINT('Ctrl Pts',(-2.1500507096693,-0.72808178983927,-6.90564446550735));
#5703=CARTESIAN_POINT('Ctrl Pts',(-2.15019433156259,-0.770317037279947,
-6.92211852653295));
#5704=CARTESIAN_POINT('Ctrl Pts',(-2.15080688140738,-0.81241176950572,-6.9389831538021));
#5705=CARTESIAN_POINT('Ctrl Pts',(-2.15118917523407,-0.838683192807886,
-6.9495084081129));
#5706=CARTESIAN_POINT('Ctrl Pts',(-2.15175415884114,-0.864898572494237,
-6.96018578946069));
#5707=CARTESIAN_POINT('Ctrl Pts',(-2.15252220758184,-0.891035523215877,
-6.97097924790103));
#5708=CARTESIAN_POINT('Ctrl Pts',(-2.16287477466624,0.455137612535339,-6.74358705729887));
#5709=CARTESIAN_POINT('Ctrl Pts',(-2.09720566955203,0.312308211707224,-6.75393095958233));
#5710=CARTESIAN_POINT('Ctrl Pts',(-2.06180784921494,0.155533024998097,-6.76427486186578));
#5711=CARTESIAN_POINT('Ctrl Pts',(-2.06198112531324,-0.0012028368192564,
-6.77461876414923));
#5712=CARTESIAN_POINT('Ctrl Pts',(-2.06214661614015,-0.15089657780107,-6.78449791631777));
#5713=CARTESIAN_POINT('Ctrl Pts',(-2.09475860151603,-0.300554448230261,
-6.79437706848631));
#5714=CARTESIAN_POINT('Ctrl Pts',(-2.15517308674737,-0.43800319657785,-6.80425622065485));
#5715=CARTESIAN_POINT('Ctrl Pts',(-4.11534169575814,-0.925754643753299,
-6.63901070820665));
#5716=CARTESIAN_POINT('Ctrl Pts',(-4.34738732356308,-0.683786297874629,
-6.65696259645452));
#5717=CARTESIAN_POINT('Ctrl Pts',(-4.61990015613867,-0.0183760270345704,
-6.69286637295026));
#5718=CARTESIAN_POINT('Ctrl Pts',(-4.36410720837418,0.653638883761138,-6.72877014944601));
#5719=CARTESIAN_POINT('Ctrl Pts',(-4.13818311373514,0.901332560006976,-6.74672203769388));
#5720=CARTESIAN_POINT('Ctrl Pts',(-4.05524391243094,-0.868121370230664,
-6.59093667579212));
#5721=CARTESIAN_POINT('Ctrl Pts',(-4.27284343485877,-0.641216873025014,
-6.60888856404));
#5722=CARTESIAN_POINT('Ctrl Pts',(-4.52839085794467,-0.0172320191708353,
-6.64479234053574));
#5723=CARTESIAN_POINT('Ctrl Pts',(-4.28852241568835,0.612946299795149,-6.68069611703149));
#5724=CARTESIAN_POINT('Ctrl Pts',(-4.07666332761401,0.84521969433975,-6.69864800527936));
#5725=CARTESIAN_POINT('Ctrl Pts',(-3.99514612910374,-0.810488096708029,
-6.5428626433776));
#5726=CARTESIAN_POINT('Ctrl Pts',(-4.19829954615445,-0.598647448175398,
-6.56081453162547));
#5727=CARTESIAN_POINT('Ctrl Pts',(-4.43688155975066,-0.0160880113071012,
-6.59671830812122));
#5728=CARTESIAN_POINT('Ctrl Pts',(-4.21293762300253,0.57225371582916,-6.63262208461696));
#5729=CARTESIAN_POINT('Ctrl Pts',(-4.01514354149288,0.789106828672525,-6.65057397286484));
#5730=CARTESIAN_POINT('Ctrl Pts',(-3.93504834577655,-0.752854823185393,
-6.49478861096308));
#5731=CARTESIAN_POINT('Ctrl Pts',(-4.12375565745014,-0.556078023325782,
-6.51274049921095));
#5732=CARTESIAN_POINT('Ctrl Pts',(-4.34537226155666,-0.0149440034433662,
-6.54864427570669));
#5733=CARTESIAN_POINT('Ctrl Pts',(-4.13735283031671,0.53156113186317,-6.58454805220244));
#5734=CARTESIAN_POINT('Ctrl Pts',(-3.95362375537174,0.732993963005299,-6.60249994045031));
#5735=CARTESIAN_POINT('',(-4.07013604204959,-0.579131907868816,-6.50930384721634));
#5736=CARTESIAN_POINT('Ctrl Pts',(-4.11534169575814,-0.925754643753299,
-6.63901070820665));
#5737=CARTESIAN_POINT('Ctrl Pts',(-4.11509790563655,-0.923563023695849,
-6.63810898243942));
#5738=CARTESIAN_POINT('Ctrl Pts',(-4.11485293938384,-0.921371052483931,
-6.63720823760207));
#5739=CARTESIAN_POINT('Ctrl Pts',(-4.11460681029526,-0.919178737164373,
-6.63630849578812));
#5740=CARTESIAN_POINT('Ctrl Pts',(-4.11020082518631,-0.879933848607127,
-6.6202021141449));
#5741=CARTESIAN_POINT('Ctrl Pts',(-4.10541394692812,-0.840613022079192,
-6.6044235245343));
#5742=CARTESIAN_POINT('Ctrl Pts',(-4.10036771564773,-0.801256061059427,
-6.58912987605871));
#5743=CARTESIAN_POINT('Ctrl Pts',(-4.09829198812715,-0.785066884904918,
-6.58283895412772));
#5744=CARTESIAN_POINT('Ctrl Pts',(-4.09617174049969,-0.768871548960536,
-6.57663008537515));
#5745=CARTESIAN_POINT('Ctrl Pts',(-4.09401296266023,-0.75267245287854,-6.570514207387));
#5746=CARTESIAN_POINT('Ctrl Pts',(-4.09015810669685,-0.723746279470802,
-6.55959329264396));
#5747=CARTESIAN_POINT('Ctrl Pts',(-4.08615782309266,-0.694578126965739,
-6.54888651638577));
#5748=CARTESIAN_POINT('Ctrl Pts',(-4.08209985096223,-0.665347022268144,
-6.53855224355813));
#5749=CARTESIAN_POINT('Ctrl Pts',(-4.07811045084789,-0.636609867680898,
-6.5283926002991));
#5750=CARTESIAN_POINT('Ctrl Pts',(-4.07406522614713,-0.607812801198906,
-6.51859297763746));
#5751=CARTESIAN_POINT('Ctrl Pts',(-4.07007624674841,-0.579086033554625,
-6.50930384721634));
#5752=CARTESIAN_POINT('',(-4.09897862751555,0.530375553728611,-6.5860449181775));
#5753=CARTESIAN_POINT('Ctrl Pts',(-4.09891688627964,0.530329829662182,-6.5860449181775));
#5754=CARTESIAN_POINT('Ctrl Pts',(-4.10388894980479,0.567379382111641,-6.60091523271459));
#5755=CARTESIAN_POINT('Ctrl Pts',(-4.10862700886489,0.604393179951091,-6.61624129132495));
#5756=CARTESIAN_POINT('Ctrl Pts',(-4.11306351476028,0.641414416663008,-6.63192515257993));
#5757=CARTESIAN_POINT('Ctrl Pts',(-4.11636459670722,0.668960900099494,-6.64359508212989));
#5758=CARTESIAN_POINT('Ctrl Pts',(-4.11949782175682,0.696510611279865,-6.65546310691586));
#5759=CARTESIAN_POINT('Ctrl Pts',(-4.12241957942721,0.724071681725983,-6.66748887985294));
#5760=CARTESIAN_POINT('Ctrl Pts',(-4.12623886153367,0.760099140216635,-6.6832088075733));
#5761=CARTESIAN_POINT('Ctrl Pts',(-4.12969127613577,0.796046435856556,-6.69915667956592));
#5762=CARTESIAN_POINT('Ctrl Pts',(-4.13275737630472,0.831956403302183,-6.71529652924007));
#5763=CARTESIAN_POINT('Ctrl Pts',(-4.13473282281953,0.855092705486896,-6.72569521422475));
#5764=CARTESIAN_POINT('Ctrl Pts',(-4.13654693463835,0.878213690097545,-6.73617359008815));
#5765=CARTESIAN_POINT('Ctrl Pts',(-4.13818311373515,0.901332560006962,-6.74672203769388));
#5766=CARTESIAN_POINT('Ctrl Pts',(-4.07007624674841,-0.579086033554625,
-6.50930384721634));
#5767=CARTESIAN_POINT('Ctrl Pts',(-4.17568363828449,-0.410133463007715,
-6.52241732337979));
#5768=CARTESIAN_POINT('Ctrl Pts',(-4.23548014063994,-0.212225596841021,
-6.53553079954324));
#5769=CARTESIAN_POINT('Ctrl Pts',(-4.23796325272004,-0.0136012245873362,
-6.54864427570669));
#5770=CARTESIAN_POINT('Ctrl Pts',(-4.2403239282563,0.17522943683947,-6.56111115653029));
#5771=CARTESIAN_POINT('Ctrl Pts',(-4.19088385321286,0.364707687824716,-6.5735780373539));
#5772=CARTESIAN_POINT('Ctrl Pts',(-4.09891688627964,0.530329829662182,-6.5860449181775));
#5773=CARTESIAN_POINT('Ctrl Pts',(-3.49595970931594,-1.29198224814818,-4.8));
#5774=CARTESIAN_POINT('Ctrl Pts',(-3.90983822549646,-1.181156196664,-4.82294293540243));
#5775=CARTESIAN_POINT('Ctrl Pts',(-4.61719216614843,-0.534322662436306,
-4.86882880620729));
#5776=CARTESIAN_POINT('Ctrl Pts',(-4.4280281199201,0.899161054625587,-4.93765761241459));
#5777=CARTESIAN_POINT('Ctrl Pts',(-3.14485727952733,1.56146352926361,-5.00648641862188));
#5778=CARTESIAN_POINT('Ctrl Pts',(-1.86695685980198,0.890589588955296,-5.07531522482917));
#5779=CARTESIAN_POINT('Ctrl Pts',(-1.68516227411473,-0.542102960051885,
-5.14414403103646));
#5780=CARTESIAN_POINT('Ctrl Pts',(-2.75552195156236,-1.51114137575696,-5.21297283724375));
#5781=CARTESIAN_POINT('Ctrl Pts',(-4.16290377624983,-1.18885803909487,-5.28180164345105));
#5782=CARTESIAN_POINT('Ctrl Pts',(-4.70466921241767,0.149571262866838,-5.35063044965833));
#5783=CARTESIAN_POINT('Ctrl Pts',(-3.91770103717114,1.36012919090353,-5.41945925586564));
#5784=CARTESIAN_POINT('Ctrl Pts',(-2.47464001260312,1.40826318060397,-5.48828806207292));
#5785=CARTESIAN_POINT('Ctrl Pts',(-1.60875330793683,0.252837016513202,-5.55711686828022));
#5786=CARTESIAN_POINT('Ctrl Pts',(-2.060125893533,-1.11871887850095,-5.6259456744875));
#5787=CARTESIAN_POINT('Ctrl Pts',(-3.44290359129071,-1.53406931865311,-5.6947744806948));
#5788=CARTESIAN_POINT('Ctrl Pts',(-4.57545781178378,-0.638510148156101,
-5.76360328690209));
#5789=CARTESIAN_POINT('Ctrl Pts',(-4.48953737108399,0.803112163420635,-5.83243209310939));
#5790=CARTESIAN_POINT('Ctrl Pts',(-3.25918224748863,1.55765016535407,-5.90126089931668));
#5791=CARTESIAN_POINT('Ctrl Pts',(-1.93472978646168,0.982326211371983,-5.97008970552397));
#5792=CARTESIAN_POINT('Ctrl Pts',(-1.65046340512369,-0.435366007661493,
-6.03891851173127));
#5793=CARTESIAN_POINT('Ctrl Pts',(-2.31314218102895,-1.12789763749659,-6.08480438253613));
#5794=CARTESIAN_POINT('Ctrl Pts',(-2.71871567307264,-1.26605690209675,-6.10774731793856));
#5795=CARTESIAN_POINT('Ctrl Pts',(-3.47442183133784,-1.21154930968403,-4.75192596758548));
#5796=CARTESIAN_POINT('Ctrl Pts',(-3.86253415353907,-1.1076227840966,-4.77486890298791));
#5797=CARTESIAN_POINT('Ctrl Pts',(-4.52585145509451,-0.501058163725631,
-4.82075477379277));
#5798=CARTESIAN_POINT('Ctrl Pts',(-4.34846390201205,0.84318337700678,-4.88958358000006));
#5799=CARTESIAN_POINT('Ctrl Pts',(-3.1451774419134,1.46425391191531,-4.95841238620735));
#5800=CARTESIAN_POINT('Ctrl Pts',(-1.94683329006278,0.835145531803638,-5.02724119241465));
#5801=CARTESIAN_POINT('Ctrl Pts',(-1.77635640842654,-0.508354095398687,
-5.09606999862194));
#5802=CARTESIAN_POINT('Ctrl Pts',(-2.78008036065886,-1.41706458680641,-5.16489880482923));
#5803=CARTESIAN_POINT('Ctrl Pts',(-4.09984499411719,-1.11484514484792,-5.23372761103652));
#5804=CARTESIAN_POINT('Ctrl Pts',(-4.60788257833371,0.14025963633372,-5.30255641724382));
#5805=CARTESIAN_POINT('Ctrl Pts',(-3.8699074623212,1.27545373373525,-5.3713852234511));
#5806=CARTESIAN_POINT('Ctrl Pts',(-2.51668485368766,1.32059112016412,-5.44021402965841));
#5807=CARTESIAN_POINT('Ctrl Pts',(-1.704704316953,0.237096533840306,-5.50904283586569));
#5808=CARTESIAN_POINT('Ctrl Pts',(-2.12797649834184,-1.04907252937957,-5.57787164207299));
#5809=CARTESIAN_POINT('Ctrl Pts',(-3.42466874590643,-1.4385651402607,-5.64670044828029));
#5810=CARTESIAN_POINT('Ctrl Pts',(-4.48671529181279,-0.598759410459055,
-5.71552925448756));
#5811=CARTESIAN_POINT('Ctrl Pts',(-4.40614386696018,0.753114052910361,-5.78435806069488));
#5812=CARTESIAN_POINT('Ctrl Pts',(-3.25238505735214,1.46067795069851,-5.85318686690215));
#5813=CARTESIAN_POINT('Ctrl Pts',(-2.01038698255935,0.921171049353112,-5.92201567310945));
#5814=CARTESIAN_POINT('Ctrl Pts',(-1.74381773319848,-0.408262100193869,
-5.99084447931674));
#5815=CARTESIAN_POINT('Ctrl Pts',(-2.36524114256888,-1.05767986058777,-6.0367303501216));
#5816=CARTESIAN_POINT('Ctrl Pts',(-2.74556547366241,-1.18723795776185,-6.05967328552403));
#5817=CARTESIAN_POINT('Ctrl Pts',(-3.45288395335974,-1.13111637121987,-4.70385193517095));
#5818=CARTESIAN_POINT('Ctrl Pts',(-3.81523008158169,-1.03408937152921,-4.72679487057338));
#5819=CARTESIAN_POINT('Ctrl Pts',(-4.43451074404058,-0.467793665014953,
-4.77268074137825));
#5820=CARTESIAN_POINT('Ctrl Pts',(-4.268899684104,0.78720569938797,-4.84150954758553));
#5821=CARTESIAN_POINT('Ctrl Pts',(-3.14549760429946,1.36704429456701,-4.91033835379284));
#5822=CARTESIAN_POINT('Ctrl Pts',(-2.02670972032358,0.779701474651979,-4.97916716000012));
#5823=CARTESIAN_POINT('Ctrl Pts',(-1.86755054273836,-0.474605230745488,
-5.04799596620742));
#5824=CARTESIAN_POINT('Ctrl Pts',(-2.80463876975536,-1.32298779785585,-5.11682477241471));
#5825=CARTESIAN_POINT('Ctrl Pts',(-4.03678621198455,-1.04083225060096,-5.185653578622));
#5826=CARTESIAN_POINT('Ctrl Pts',(-4.51109594424973,0.130948009800603,-5.25448238482929));
#5827=CARTESIAN_POINT('Ctrl Pts',(-3.82211388747128,1.19077827656698,-5.32331119103659));
#5828=CARTESIAN_POINT('Ctrl Pts',(-2.5587296947722,1.23291905972428,-5.39213999724388));
#5829=CARTESIAN_POINT('Ctrl Pts',(-1.80065532596917,0.221356051167408,-5.46096880345117));
#5830=CARTESIAN_POINT('Ctrl Pts',(-2.19582710315067,-0.979426180258187,
-5.52979760965846));
#5831=CARTESIAN_POINT('Ctrl Pts',(-3.40643390052215,-1.34306096186829,-5.59862641586576));
#5832=CARTESIAN_POINT('Ctrl Pts',(-4.3979727718418,-0.55900867276201,-5.66745522207304));
#5833=CARTESIAN_POINT('Ctrl Pts',(-4.32275036283637,0.703115942400087,-5.73628402828034));
#5834=CARTESIAN_POINT('Ctrl Pts',(-3.24558786721565,1.36370573604295,-5.80511283448763));
#5835=CARTESIAN_POINT('Ctrl Pts',(-2.08604417865701,0.860015887334241,-5.87394164069493));
#5836=CARTESIAN_POINT('Ctrl Pts',(-1.83717206127327,-0.381158192726245,
-5.94277044690222));
#5837=CARTESIAN_POINT('Ctrl Pts',(-2.41734010410881,-0.987462083678946,
-5.98865631770708));
#5838=CARTESIAN_POINT('Ctrl Pts',(-2.77241527425218,-1.10841901342696,-6.01159925310951));
#5839=CARTESIAN_POINT('Ctrl Pts',(-3.43134607538164,-1.05068343275572,-4.65577790275643));
#5840=CARTESIAN_POINT('Ctrl Pts',(-3.7679260096243,-0.960555958961815,-4.67872083815886));
#5841=CARTESIAN_POINT('Ctrl Pts',(-4.34317003298666,-0.434529166304277,
-4.72460670896372));
#5842=CARTESIAN_POINT('Ctrl Pts',(-4.18933546619596,0.731228021769161,-4.79343551517102));
#5843=CARTESIAN_POINT('Ctrl Pts',(-3.14581776668552,1.26983467721872,-4.86226432137831));
#5844=CARTESIAN_POINT('Ctrl Pts',(-2.10658615058439,0.724257417500319,-4.9310931275856));
#5845=CARTESIAN_POINT('Ctrl Pts',(-1.95874467705017,-0.440856366092289,
-4.99992193379289));
#5846=CARTESIAN_POINT('Ctrl Pts',(-2.82919717885187,-1.2289110089053,-5.06875074000019));
#5847=CARTESIAN_POINT('Ctrl Pts',(-3.97372742985192,-0.96681935635401,-5.13757954620748));
#5848=CARTESIAN_POINT('Ctrl Pts',(-4.41430931016575,0.121636383267484,-5.20640835241477));
#5849=CARTESIAN_POINT('Ctrl Pts',(-3.77432031262135,1.1061028193987,-5.27523715862207));
#5850=CARTESIAN_POINT('Ctrl Pts',(-2.60077453585675,1.14524699928444,-5.34406596482935));
#5851=CARTESIAN_POINT('Ctrl Pts',(-1.89660633498534,0.205615568494512,-5.41289477103665));
#5852=CARTESIAN_POINT('Ctrl Pts',(-2.26367770795951,-0.909779831136808,
-5.48172357724394));
#5853=CARTESIAN_POINT('Ctrl Pts',(-3.38819905513787,-1.24755678347588,-5.55055238345124));
#5854=CARTESIAN_POINT('Ctrl Pts',(-4.30923025187081,-0.519257935064965,
-5.61938118965852));
#5855=CARTESIAN_POINT('Ctrl Pts',(-4.23935685871256,0.653117831889813,-5.68820999586582));
#5856=CARTESIAN_POINT('Ctrl Pts',(-3.23879067707916,1.26673352138738,-5.75703880207311));
#5857=CARTESIAN_POINT('Ctrl Pts',(-2.16170137475467,0.798860725315369,-5.8258676082804));
#5858=CARTESIAN_POINT('Ctrl Pts',(-1.93052638934806,-0.354054285258621,
-5.8946964144877));
#5859=CARTESIAN_POINT('Ctrl Pts',(-2.46943906564874,-0.917244306770124,
-5.94058228529256));
#5860=CARTESIAN_POINT('Ctrl Pts',(-2.79926507484195,-1.02960006909206,-5.96352522069499));
#5861=CARTESIAN_POINT('Ctrl Pts',(-2.97412197378456,1.32614042405554,-5.9157581527719));
#5862=CARTESIAN_POINT('Ctrl Pts',(-2.98361405145516,1.32536509166158,-5.91404990413007));
#5863=CARTESIAN_POINT('Ctrl Pts',(-2.99314149231767,1.32474320039054,-5.91247732092969));
#5864=CARTESIAN_POINT('Ctrl Pts',(-3.00269786190809,1.32427048855324,-5.91104242390132));
#5865=CARTESIAN_POINT('Ctrl Pts',(-3.01846449019126,1.32349058236051,-5.90867505124409));
#5866=CARTESIAN_POINT('Ctrl Pts',(-3.034301350653,1.32311702590931,-5.90668387919119));
#5867=CARTESIAN_POINT('Ctrl Pts',(-3.05018078369364,1.3231304332286,-5.90507419869295));
#5868=CARTESIAN_POINT('Ctrl Pts',(-3.06408001589871,1.32314216862517,-5.90366524895503));
#5869=CARTESIAN_POINT('Ctrl Pts',(-3.07800564529497,1.32345037755402,-5.90254918062854));
#5870=CARTESIAN_POINT('Ctrl Pts',(-3.09193795631854,1.32404278227984,-5.90172703133334));
#5871=CARTESIAN_POINT('Ctrl Pts',(-3.09655131354789,1.32423894317661,-5.901454795924));
#5872=CARTESIAN_POINT('Ctrl Pts',(-3.10116515002407,1.3244662675562,-5.90121478804105));
#5873=CARTESIAN_POINT('Ctrl Pts',(-3.10577862544912,1.32472433206957,-5.90100699502563));
#5874=CARTESIAN_POINT('Ctrl Pts',(-3.11017078933828,1.32497001705372,-5.90080916998168));
#5875=CARTESIAN_POINT('Ctrl Pts',(-3.11456256819245,1.32524356007034,-5.90064054516953));
#5876=CARTESIAN_POINT('Ctrl Pts',(-3.11895333440913,1.3255446150184,-5.90050108147101));
#5877=CARTESIAN_POINT('Ctrl Pts',(-3.13890840910779,1.32691284408834,-5.89986724938239));
#5878=CARTESIAN_POINT('Ctrl Pts',(-3.15883717251342,1.32884828190293,-5.89983650920901));
#5879=CARTESIAN_POINT('Ctrl Pts',(-3.17868212641524,1.33132275039604,-5.90039954698287));
#5880=CARTESIAN_POINT('Ctrl Pts',(-3.19275474934426,1.33307746659369,-5.9007988131301));
#5881=CARTESIAN_POINT('Ctrl Pts',(-3.2067814818533,1.33510294487133,-5.90149638866511));
#5882=CARTESIAN_POINT('Ctrl Pts',(-3.22074317430061,1.33739152768094,-5.90248629723287));
#5883=CARTESIAN_POINT('',(-2.79926507484194,-1.02960006909206,-5.96352522069499));
#5884=CARTESIAN_POINT('Ctrl Pts',(-2.79926507484194,-1.02960006909206,-5.96352522069499));
#5885=CARTESIAN_POINT('Ctrl Pts',(-2.77747931821883,-1.03921949545557,-5.97168457093866));
#5886=CARTESIAN_POINT('Ctrl Pts',(-2.75641204620915,-1.04950399038019,-5.98044327372244));
#5887=CARTESIAN_POINT('Ctrl Pts',(-2.73600268082619,-1.06052518802173,-5.98973636760575));
#5888=CARTESIAN_POINT('Ctrl Pts',(-2.71410801171444,-1.07234845988977,-5.99970577193469));
#5889=CARTESIAN_POINT('Ctrl Pts',(-2.69297106859206,-1.08501949125276,-6.01029017891347));
#5890=CARTESIAN_POINT('Ctrl Pts',(-2.67255008444032,-1.0985774370005,-6.02140938707675));
#5891=CARTESIAN_POINT('Ctrl Pts',(-2.66780486317974,-1.10172789497715,-6.02399315593848));
#5892=CARTESIAN_POINT('Ctrl Pts',(-2.66309840958695,-1.10492604696092,-6.02660580179265));
#5893=CARTESIAN_POINT('Ctrl Pts',(-2.65843037455396,-1.10817203822838,-6.02924631835261));
#5894=CARTESIAN_POINT('Ctrl Pts',(-2.6387948566252,-1.12182590313697,-6.04035332802328));
#5895=CARTESIAN_POINT('Ctrl Pts',(-2.62000468989424,-1.13620554874218,-6.05185449820577));
#5896=CARTESIAN_POINT('Ctrl Pts',(-2.60200292233504,-1.15129647844517,-6.06367665150964));
#5897=CARTESIAN_POINT('Ctrl Pts',(-2.58493967405914,-1.16560064493268,-6.07488245873474));
#5898=CARTESIAN_POINT('Ctrl Pts',(-2.56858531734714,-1.18054322261835,-6.08637665271893));
#5899=CARTESIAN_POINT('Ctrl Pts',(-2.5528813842161,-1.19606983277466,-6.09809691501853));
#5900=CARTESIAN_POINT('Ctrl Pts',(-4.23627628547105,-0.000271594719034441,
-5.64953958647282));
#5901=CARTESIAN_POINT('Ctrl Pts',(-4.23574794727459,0.196117648076298,-5.66242972293716));
#5902=CARTESIAN_POINT('Ctrl Pts',(-4.18447640424952,0.392752499877418,-5.67531985940149));
#5903=CARTESIAN_POINT('Ctrl Pts',(-4.0842413939667,0.559991152313613,-5.68820999586582));
#5904=CARTESIAN_POINT('Ctrl Pts',(-3.9058347981681,0.85765639505567,-5.71115293126825));
#5905=CARTESIAN_POINT('Ctrl Pts',(-3.57231273762363,1.06219495822153,-5.73409586667068));
#5906=CARTESIAN_POINT('Ctrl Pts',(-3.22603682363065,1.08648544045912,-5.75703880207311));
#5907=CARTESIAN_POINT('Ctrl Pts',(-2.87976090963767,1.11077592269671,-5.77998173747554));
#5908=CARTESIAN_POINT('Ctrl Pts',(-2.52073114219617,0.954818324006041,-5.80292467287797));
#5909=CARTESIAN_POINT('Ctrl Pts',(-2.30268709424099,0.684687022898375,-5.8258676082804));
#5910=CARTESIAN_POINT('Ctrl Pts',(-2.0846430462858,0.414555721790708,-5.84881054368283));
#5911=CARTESIAN_POINT('Ctrl Pts',(-2.00758471781693,0.030250718266044,-5.87175347908526));
#5912=CARTESIAN_POINT('Ctrl Pts',(-2.10378372265767,-0.302699288874164,
-5.89469641448769));
#5913=CARTESIAN_POINT('Ctrl Pts',(-2.1999827274984,-0.635649296014372,-5.91763934989013));
#5914=CARTESIAN_POINT('Ctrl Pts',(-2.46943906564874,-0.917244306770124,
-5.94058228529256));
#5915=CARTESIAN_POINT('Ctrl Pts',(-2.79926507484195,-1.02960006909206,-5.96352522069499));
#5916=CARTESIAN_POINT('Ctrl Pts',(-3.49595970931594,-1.29198224814818,-4.8));
#5917=CARTESIAN_POINT('Ctrl Pts',(-3.54651805189474,-1.27329068065358,-4.8));
#5918=CARTESIAN_POINT('Ctrl Pts',(-3.59567140857829,-1.25137920781515,-4.8));
#5919=CARTESIAN_POINT('Ctrl Pts',(-3.64323560911778,-1.22651582085463,-4.8));
#5920=CARTESIAN_POINT('Ctrl Pts',(-3.6913545069051,-1.20136247522431,-4.8));
#5921=CARTESIAN_POINT('Ctrl Pts',(-3.73784775856919,-1.17318706046182,-4.8));
#5922=CARTESIAN_POINT('Ctrl Pts',(-3.78249230253516,-1.14222379692066,-4.8));
#5923=CARTESIAN_POINT('Ctrl Pts',(-3.81366172560141,-1.12060621557497,-4.8));
#5924=CARTESIAN_POINT('Ctrl Pts',(-3.84392934714623,-1.09762881090227,-4.8));
#5925=CARTESIAN_POINT('Ctrl Pts',(-3.87320695924799,-1.07336258177161,-4.8));
#5926=CARTESIAN_POINT('Ctrl Pts',(-3.88935398888278,-1.05997940285882,-4.8));
#5927=CARTESIAN_POINT('Ctrl Pts',(-3.9051996959979,-1.04620409750584,-4.8));
#5928=CARTESIAN_POINT('Ctrl Pts',(-3.92072773307263,-1.03204795259472,-4.8));
#5929=CARTESIAN_POINT('Ctrl Pts',(-3.92779354852721,-1.02560639742527,-4.8));
#5930=CARTESIAN_POINT('Ctrl Pts',(-3.93479305016453,-1.01908632910841,-4.8));
#5931=CARTESIAN_POINT('Ctrl Pts',(-3.94171525277682,-1.01249814781191,-4.8));
#5932=CARTESIAN_POINT('Ctrl Pts',(-3.98012016604752,-0.975946410528968,
-4.8));
#5933=CARTESIAN_POINT('Ctrl Pts',(-4.01622859453373,-0.93722901502656,-4.8));
#5934=CARTESIAN_POINT('Ctrl Pts',(-4.04983671290237,-0.896570637175728,
-4.8));
#5935=CARTESIAN_POINT('Ctrl Pts',(-4.08273327424678,-0.856773085689414,
-4.8));
#5936=CARTESIAN_POINT('Ctrl Pts',(-4.11323473263504,-0.815114914160454,
-4.8));
#5937=CARTESIAN_POINT('Ctrl Pts',(-4.14110622380171,-0.771784978540677,
-4.8));
#5938=CARTESIAN_POINT('Ctrl Pts',(-4.15870573863381,-0.744424194718458,
-4.8));
#5939=CARTESIAN_POINT('Ctrl Pts',(-4.17525570615541,-0.71639643958928,-4.8));
#5940=CARTESIAN_POINT('Ctrl Pts',(-4.19068648895916,-0.687747135755017,
-4.8));
#5941=CARTESIAN_POINT('Ctrl Pts',(-4.19734601882165,-0.675382831438762,
-4.8));
#5942=CARTESIAN_POINT('Ctrl Pts',(-4.20379698352948,-0.662902748980789,
-4.8));
#5943=CARTESIAN_POINT('Ctrl Pts',(-4.21003326694083,-0.650310516324678,
-4.8));
#5944=CARTESIAN_POINT('Ctrl Pts',(-4.21552504504258,-0.639221580336449,
-4.8));
#5945=CARTESIAN_POINT('Ctrl Pts',(-4.2208518409453,-0.628042008507907,-4.8));
#5946=CARTESIAN_POINT('Ctrl Pts',(-4.22599837087378,-0.616799218802564,
-4.8));
#5947=CARTESIAN_POINT('Ctrl Pts',(-4.24680489346816,-0.571346581534554,
-4.8));
#5948=CARTESIAN_POINT('Ctrl Pts',(-4.26470781794611,-0.52478770756883,-4.8));
#5949=CARTESIAN_POINT('Ctrl Pts',(-4.27949870632638,-0.477301894106474,
-4.8));
#5950=CARTESIAN_POINT('Ctrl Pts',(-4.28577410690823,-0.45715486211148,-4.8));
#5951=CARTESIAN_POINT('Ctrl Pts',(-4.29148870485458,-0.436840819193116,
-4.8));
#5952=CARTESIAN_POINT('Ctrl Pts',(-4.29662374649525,-0.416373011352862,
-4.8));
#5953=CARTESIAN_POINT('Ctrl Pts',(-4.3079031683345,-0.371414264197528,-4.8));
#5954=CARTESIAN_POINT('Ctrl Pts',(-4.31638854935193,-0.325713064640636,
-4.8));
#5955=CARTESIAN_POINT('Ctrl Pts',(-4.32211951438752,-0.279519243389588,
-4.8));
#5956=CARTESIAN_POINT('Ctrl Pts',(-4.32468997080402,-0.258800358611899,
-4.8));
#5957=CARTESIAN_POINT('Ctrl Pts',(-4.32670584541982,-0.237982464329589,
-4.8));
#5958=CARTESIAN_POINT('Ctrl Pts',(-4.32816849447447,-0.217088841793404,
-4.8));
#5959=CARTESIAN_POINT('Ctrl Pts',(-4.32898404674585,-0.20543885558341,-4.8));
#5960=CARTESIAN_POINT('Ctrl Pts',(-4.32962757644933,-0.193765336108872,
-4.8));
#5961=CARTESIAN_POINT('Ctrl Pts',(-4.33009914436039,-0.182072416567629,
-4.8));
#5962=CARTESIAN_POINT('Ctrl Pts',(-4.33047682645227,-0.172707474193384,
-4.8));
#5963=CARTESIAN_POINT('Ctrl Pts',(-4.33074378821126,-0.163340115514835,
-4.8));
#5964=CARTESIAN_POINT('Ctrl Pts',(-4.33090072022417,-0.153973648275341,
-4.8));
#5965=CARTESIAN_POINT('Ctrl Pts',(-4.33173613958129,-0.104111750155424,
-4.8));
#5966=CARTESIAN_POINT('Ctrl Pts',(-4.32945811448171,-0.0542624870506077,
-4.8));
#5967=CARTESIAN_POINT('Ctrl Pts',(-4.32414686479471,-0.00473395090469592,
-4.8));
#5968=CARTESIAN_POINT('Ctrl Pts',(-4.31886424377277,0.0445276168333377,
-4.8));
#5969=CARTESIAN_POINT('Ctrl Pts',(-4.31058054309933,0.0934730616948304,
-4.8));
#5970=CARTESIAN_POINT('Ctrl Pts',(-4.29932701606246,0.141781295457453,-4.8));
#5971=CARTESIAN_POINT('Ctrl Pts',(-4.29309515724048,0.168532916683515,-4.8));
#5972=CARTESIAN_POINT('Ctrl Pts',(-4.28595176421814,0.195088711458724,-4.8));
#5973=CARTESIAN_POINT('Ctrl Pts',(-4.27789657866151,0.221389820678381,-4.8));
#5974=CARTESIAN_POINT('Ctrl Pts',(-4.27424358381925,0.233317269853802,-4.8));
#5975=CARTESIAN_POINT('Ctrl Pts',(-4.2704030198945,0.245192290388565,-4.8));
#5976=CARTESIAN_POINT('Ctrl Pts',(-4.2663746168466,0.257009119152594,-4.8));
#5977=CARTESIAN_POINT('Ctrl Pts',(-4.26307082381779,0.266700392848158,-4.8));
#5978=CARTESIAN_POINT('Ctrl Pts',(-4.25964088515408,0.276351597667841,-4.8));
#5979=CARTESIAN_POINT('Ctrl Pts',(-4.2560893850048,0.285947638822226,-4.8));
#5980=CARTESIAN_POINT('Ctrl Pts',(-4.23951189157091,0.330739502131076,-4.8));
#5981=CARTESIAN_POINT('Ctrl Pts',(-4.22026529921399,0.374402900136136,-4.8));
#5982=CARTESIAN_POINT('Ctrl Pts',(-4.19837297630799,0.416634341530675,-4.8));
#5983=CARTESIAN_POINT('Ctrl Pts',(-4.1866381911324,0.439271358833431,-4.8));
#5984=CARTESIAN_POINT('Ctrl Pts',(-4.17414256308534,0.461496412111547,-4.8));
#5985=CARTESIAN_POINT('Ctrl Pts',(-4.16088539895577,0.483258176625759,-4.8));
#5986=CARTESIAN_POINT('Ctrl Pts',(-4.15202955318249,0.497795134032982,-4.8));
#5987=CARTESIAN_POINT('Ctrl Pts',(-4.14283012056708,0.512130328239258,-4.8));
#5988=CARTESIAN_POINT('Ctrl Pts',(-4.13330605734018,0.526219467808846,-4.8));
#5989=CARTESIAN_POINT('Ctrl Pts',(-4.10797124708038,0.563697765591591,-4.8));
#5990=CARTESIAN_POINT('Ctrl Pts',(-4.08032394429672,0.599470701031539,-4.8));
#5991=CARTESIAN_POINT('Ctrl Pts',(-4.05036938155734,0.633254027661746,-4.8));
#5992=CARTESIAN_POINT('Ctrl Pts',(-4.02816075214671,0.658301343087993,-4.8));
#5993=CARTESIAN_POINT('Ctrl Pts',(-4.00468285200357,0.682254155234647,-4.8));
#5994=CARTESIAN_POINT('Ctrl Pts',(-3.98003963605086,0.705060577718913,-4.8));
#5995=CARTESIAN_POINT('Ctrl Pts',(-3.92994276635947,-1.08655212999816,-7.52585084581195));
#5996=CARTESIAN_POINT('Ctrl Pts',(-4.17410806466706,-0.911286762646356,
-7.54194492071911));
#5997=CARTESIAN_POINT('Ctrl Pts',(-4.53923438389351,-0.390891744706181,
-7.57413307053342));
#5998=CARTESIAN_POINT('Ctrl Pts',(-4.47909191201111,0.562390628387477,-7.6224152952549));
#5999=CARTESIAN_POINT('Ctrl Pts',(-4.05145772375189,1.03277047991248,-7.65460344506921));
#6000=CARTESIAN_POINT('Ctrl Pts',(-3.787201171297,1.17595957298613,-7.67069751997637));
#6001=CARTESIAN_POINT('Ctrl Pts',(-3.88138707712917,-1.01890833633497,-7.47777681339743));
#6002=CARTESIAN_POINT('Ctrl Pts',(-4.11035175449789,-0.854554193597369,
-7.49387088830459));
#6003=CARTESIAN_POINT('Ctrl Pts',(-4.45274696978844,-0.36655660256846,-7.5260590381189));
#6004=CARTESIAN_POINT('Ctrl Pts',(-4.39634869466024,0.527378745777834,-7.57434126284037));
#6005=CARTESIAN_POINT('Ctrl Pts',(-3.99533706595919,0.968474887169268,-7.60652941265469));
#6006=CARTESIAN_POINT('Ctrl Pts',(-3.7475319245456,1.10274967857319,-7.62262348756185));
#6007=CARTESIAN_POINT('Ctrl Pts',(-3.83283138789886,-0.951264542671783,
-7.4297027809829));
#6008=CARTESIAN_POINT('Ctrl Pts',(-4.04659544432871,-0.797821624548382,
-7.44579685589006));
#6009=CARTESIAN_POINT('Ctrl Pts',(-4.36625955568337,-0.34222146043074,-7.47798500570438));
#6010=CARTESIAN_POINT('Ctrl Pts',(-4.31360547730937,0.492366863168191,-7.52626723042585));
#6011=CARTESIAN_POINT('Ctrl Pts',(-3.93921640816649,0.904179294426055,-7.55845538024017));
#6012=CARTESIAN_POINT('Ctrl Pts',(-3.7078626777942,1.02953978416024,-7.57454945514733));
#6013=CARTESIAN_POINT('Ctrl Pts',(-3.78427569866856,-0.883620749008596,
-7.38162874856838));
#6014=CARTESIAN_POINT('Ctrl Pts',(-3.98283913415953,-0.741089055499395,
-7.39772282347554));
#6015=CARTESIAN_POINT('Ctrl Pts',(-4.2797721415783,-0.317886318293019,-7.42991097328986));
#6016=CARTESIAN_POINT('Ctrl Pts',(-4.23086225995849,0.457354980558549,-7.47819319801133));
#6017=CARTESIAN_POINT('Ctrl Pts',(-3.88309575037378,0.839883701682844,-7.51038134782564));
#6018=CARTESIAN_POINT('Ctrl Pts',(-3.66819343104281,0.956329889747301,-7.5264754227328));
#6019=CARTESIAN_POINT('',(-4.01414070317651,-0.659945883594586,-7.40282264206419));
#6020=CARTESIAN_POINT('Ctrl Pts',(-3.92994276635947,-1.08655212999816,-7.52585084581195));
#6021=CARTESIAN_POINT('Ctrl Pts',(-3.93052110300733,-1.08440366305082,-7.5251301158041));
#6022=CARTESIAN_POINT('Ctrl Pts',(-3.93109699334821,-1.08225416005142,-7.52441028440518));
#6023=CARTESIAN_POINT('Ctrl Pts',(-3.93167044446992,-1.080103647834,-7.52369137501988));
#6024=CARTESIAN_POINT('Ctrl Pts',(-3.94347910879795,-1.03581970462121,-7.50888739384));
#6025=CARTESIAN_POINT('Ctrl Pts',(-3.9542872238861,-0.990979418579703,-7.49443048184069));
#6026=CARTESIAN_POINT('Ctrl Pts',(-3.96414346065748,-0.945808408239126,
-7.48053833179853));
#6027=CARTESIAN_POINT('Ctrl Pts',(-3.96891662769651,-0.923933043160283,
-7.47381065730972));
#6028=CARTESIAN_POINT('Ctrl Pts',(-3.97346684242669,-0.901979546236562,
-7.46721543418791));
#6029=CARTESIAN_POINT('Ctrl Pts',(-3.97780153182018,-0.87996931857662,-7.46077738710483));
#6030=CARTESIAN_POINT('Ctrl Pts',(-3.98501194491442,-0.843357045050265,
-7.45006820479092));
#6031=CARTESIAN_POINT('Ctrl Pts',(-3.99166325936536,-0.806413343636628,
-7.43974417801545));
#6032=CARTESIAN_POINT('Ctrl Pts',(-3.99776028108452,-0.769261627621171,
-7.42994025642501));
#6033=CARTESIAN_POINT('Ctrl Pts',(-4.00371649327282,-0.732967923261871,
-7.42036275449704));
#6034=CARTESIAN_POINT('Ctrl Pts',(-4.00914412689565,-0.696476834427354,
-7.41128161170643));
#6035=CARTESIAN_POINT('Ctrl Pts',(-4.01406937741792,-0.659860507211304,
-7.40282264206419));
#6036=CARTESIAN_POINT('',(-3.94749626143355,0.739148684718364,-7.50307792234138));
#6037=CARTESIAN_POINT('Ctrl Pts',(-3.9474209330626,0.739024484988411,-7.5030779223412));
#6038=CARTESIAN_POINT('Ctrl Pts',(-3.93855330683553,0.773178039871083,-7.51478326337485));
#6039=CARTESIAN_POINT('Ctrl Pts',(-3.92904363666674,0.807183665045363,-7.52683850993724));
#6040=CARTESIAN_POINT('Ctrl Pts',(-3.91884298273251,0.840933598304767,-7.53913188024646));
#6041=CARTESIAN_POINT('Ctrl Pts',(-3.90797127018437,0.876903799360616,-7.55223398027959));
#6042=CARTESIAN_POINT('Ctrl Pts',(-3.89631407183931,0.912582687848643,-7.56560656494869));
#6043=CARTESIAN_POINT('Ctrl Pts',(-3.88384796763774,0.947793361123152,-7.57911430837079));
#6044=CARTESIAN_POINT('Ctrl Pts',(-3.8810548879666,0.955682450941424,-7.58214077140569));
#6045=CARTESIAN_POINT('Ctrl Pts',(-3.87822135332924,0.963547892854838,-7.58517401943225));
#6046=CARTESIAN_POINT('Ctrl Pts',(-3.87534736294167,0.971387473325978,-7.58821253036662));
#6047=CARTESIAN_POINT('Ctrl Pts',(-3.86256748889019,1.00624801129815,-7.60172398371494));
#6048=CARTESIAN_POINT('Ctrl Pts',(-3.84888039254936,1.0408872238744,-7.61545128281889));
#6049=CARTESIAN_POINT('Ctrl Pts',(-3.83420789244064,1.0750670025836,-7.62924769273501));
#6050=CARTESIAN_POINT('Ctrl Pts',(-3.81953539233192,1.10924678129281,-7.64304410265113));
#6051=CARTESIAN_POINT('Ctrl Pts',(-3.80387769072546,1.14296619593111,-7.65690962337941));
#6052=CARTESIAN_POINT('Ctrl Pts',(-3.787201171297,1.17595957298613,-7.67069751997637));
#6053=CARTESIAN_POINT('Ctrl Pts',(-4.01406937741792,-0.659860507211298,
-7.40282264206419));
#6054=CARTESIAN_POINT('Ctrl Pts',(-4.09730610591699,-0.550810598439414,
-7.41185208580608));
#6055=CARTESIAN_POINT('Ctrl Pts',(-4.1603127208015,-0.426329114899178,-7.42088152954797));
#6056=CARTESIAN_POINT('Ctrl Pts',(-4.19738724278697,-0.294480119452685,
-7.42991097328986));
#6057=CARTESIAN_POINT('Ctrl Pts',(-4.26346884770503,-0.0594725520091631,
-7.44600504819701));
#6058=CARTESIAN_POINT('Ctrl Pts',(-4.24716555383176,0.198941214274693,-7.46209912310417));
#6059=CARTESIAN_POINT('Ctrl Pts',(-4.15207227949895,0.423780277697695,-7.47819319801133));
#6060=CARTESIAN_POINT('Ctrl Pts',(-4.10306107649313,0.539662636974731,-7.48648810612129));
#6061=CARTESIAN_POINT('Ctrl Pts',(-4.03312021631167,0.646626260435961,-7.49478301423124));
#6062=CARTESIAN_POINT('Ctrl Pts',(-3.9474209330626,0.739024484988411,-7.5030779223412));
#6063=CARTESIAN_POINT('Ctrl Pts',(-2.23791678133832,0.978269110335064,-7.31000512464573));
#6064=CARTESIAN_POINT('Ctrl Pts',(-1.95979951201197,0.718968176172178,-7.33036627268485));
#6065=CARTESIAN_POINT('Ctrl Pts',(-1.64043510300769,-0.0490621886190822,
-7.37108856876308));
#6066=CARTESIAN_POINT('Ctrl Pts',(-2.00899617785171,-0.794734369332475,
-7.41181086484132));
#6067=CARTESIAN_POINT('Ctrl Pts',(-2.30336374474821,-1.03542904213337,-7.43217201288044));
#6068=CARTESIAN_POINT('Ctrl Pts',(-2.29469893411631,0.917366524973893,-7.26193109223121));
#6069=CARTESIAN_POINT('Ctrl Pts',(-2.03389598102117,0.674208487597022,-7.28229224027032));
#6070=CARTESIAN_POINT('Ctrl Pts',(-1.73441374756063,-0.0460077999045531,
-7.32301453634856));
#6071=CARTESIAN_POINT('Ctrl Pts',(-2.08002988620626,-0.745257822177522,
-7.3637368324268));
#6072=CARTESIAN_POINT('Ctrl Pts',(-2.35607146725585,-0.970967939398187,
-7.38409798046592));
#6073=CARTESIAN_POINT('Ctrl Pts',(-2.35148108689431,0.856463939612722,-7.21385705981668));
#6074=CARTESIAN_POINT('Ctrl Pts',(-2.10799245003037,0.629448799021867,-7.2342182078558));
#6075=CARTESIAN_POINT('Ctrl Pts',(-1.82839239211357,-0.0429534111900246,
-7.27494050393404));
#6076=CARTESIAN_POINT('Ctrl Pts',(-2.15106359456082,-0.695781275022568,
-7.31566280001228));
#6077=CARTESIAN_POINT('Ctrl Pts',(-2.40877918976349,-0.906506836663006,
-7.3360239480514));
#6078=CARTESIAN_POINT('Ctrl Pts',(-2.4082632396723,0.795561354251551,-7.16578302740216));
#6079=CARTESIAN_POINT('Ctrl Pts',(-2.18208891903957,0.584689110446712,-7.18614417544128));
#6080=CARTESIAN_POINT('Ctrl Pts',(-1.92237103666651,-0.0398990224754957,
-7.22686647151952));
#6081=CARTESIAN_POINT('Ctrl Pts',(-2.22209730291537,-0.646304727867614,
-7.26758876759775));
#6082=CARTESIAN_POINT('Ctrl Pts',(-2.46148691227112,-0.842045733927824,
-7.28794991563687));
#6083=CARTESIAN_POINT('',(-2.21916487734303,-0.56054269746423,-7.26337891339274));
#6084=CARTESIAN_POINT('Ctrl Pts',(-2.21933563088766,-0.560367640906868,
-7.26337891339273));
#6085=CARTESIAN_POINT('Ctrl Pts',(-2.22323090752153,-0.59387642917362,-7.27342886625386));
#6086=CARTESIAN_POINT('Ctrl Pts',(-2.22745636787442,-0.62729504372697,-7.28394486558412));
#6087=CARTESIAN_POINT('Ctrl Pts',(-2.23205923066257,-0.660591324551239,
-7.29483434749857));
#6088=CARTESIAN_POINT('Ctrl Pts',(-2.23689892736192,-0.695600819255461,
-7.30628413257899));
#6089=CARTESIAN_POINT('Ctrl Pts',(-2.24215678524663,-0.730474378854618,
-7.31814682308423));
#6090=CARTESIAN_POINT('Ctrl Pts',(-2.24786223397613,-0.765122334209459,
-7.33031481910023));
#6091=CARTESIAN_POINT('Ctrl Pts',(-2.25087849917628,-0.783439459986621,
-7.33674760023258));
#6092=CARTESIAN_POINT('Ctrl Pts',(-2.25401934619471,-0.801692741553518,
-7.34326570985808));
#6093=CARTESIAN_POINT('Ctrl Pts',(-2.25728534583347,-0.819864533421256,
-7.34985324966259));
#6094=CARTESIAN_POINT('Ctrl Pts',(-2.26466363016443,-0.86091678756478,-7.36473529102668));
#6095=CARTESIAN_POINT('Ctrl Pts',(-2.27273668087202,-0.901801240523232,
-7.38005624816765));
#6096=CARTESIAN_POINT('Ctrl Pts',(-2.28157668694529,-0.94238074936374,-7.39567107221999));
#6097=CARTESIAN_POINT('Ctrl Pts',(-2.28837873743285,-0.973605147356905,
-7.40768608902858));
#6098=CARTESIAN_POINT('Ctrl Pts',(-2.29563424480475,-1.00464760040002,-7.41987509622809));
#6099=CARTESIAN_POINT('Ctrl Pts',(-2.30336374474821,-1.03542904213337,-7.43217201288044));
#6100=CARTESIAN_POINT('',(-2.19357136078089,0.515638844247046,-7.18910919722746));
#6101=CARTESIAN_POINT('Ctrl Pts',(-2.19371435784052,0.515512344087078,-7.1891091972275));
#6102=CARTESIAN_POINT('Ctrl Pts',(-2.10330505636256,0.34683811211074,-7.20169495532484));
#6103=CARTESIAN_POINT('Ctrl Pts',(-2.05604951672404,0.154873955655573,-7.21428071342218));
#6104=CARTESIAN_POINT('Ctrl Pts',(-2.06223207382199,-0.0353534155929733,
-7.22686647151952));
#6105=CARTESIAN_POINT('Ctrl Pts',(-2.06821079609205,-0.219309115935378,
-7.23903728547725));
#6106=CARTESIAN_POINT('Ctrl Pts',(-2.12416206352624,-0.401640664549359,
-7.25120809943499));
#6107=CARTESIAN_POINT('Ctrl Pts',(-2.21933563088766,-0.560367640906875,
-7.26337891339273));
#6108=CARTESIAN_POINT('Ctrl Pts',(-2.23791678133832,0.978269110335064,-7.31000512464573));
#6109=CARTESIAN_POINT('Ctrl Pts',(-2.23753480126136,0.975637757523253,-7.30915538497878));
#6110=CARTESIAN_POINT('Ctrl Pts',(-2.23715531645326,0.973005277475575,-7.30830750073958));
#6111=CARTESIAN_POINT('Ctrl Pts',(-2.23677831523395,0.970371705423772,-7.30746151278495));
#6112=CARTESIAN_POINT('Ctrl Pts',(-2.23104706255799,0.930335583268173,-7.2946006240652));
#6113=CARTESIAN_POINT('Ctrl Pts',(-2.22587521542851,0.889943887642651,-7.2821445978306));
#6114=CARTESIAN_POINT('Ctrl Pts',(-2.22122694031152,0.849337721911816,-7.27025469394182));
#6115=CARTESIAN_POINT('Ctrl Pts',(-2.21781238650722,0.819509036176958,-7.26152054728864));
#6116=CARTESIAN_POINT('Ctrl Pts',(-2.21467979183248,0.789564199989523,-7.25309188892657));
#6117=CARTESIAN_POINT('Ctrl Pts',(-2.21180558046663,0.75954347781712,-7.24503264119894));
#6118=CARTESIAN_POINT('Ctrl Pts',(-2.20855268943652,0.725567501299799,-7.23591158108691));
#6119=CARTESIAN_POINT('Ctrl Pts',(-2.20560953412516,0.69134259887986,-7.22722673251358));
#6120=CARTESIAN_POINT('Ctrl Pts',(-2.20296602032765,0.656966067999258,-7.21908877114951));
#6121=CARTESIAN_POINT('Ctrl Pts',(-2.20044789457818,0.624220096455944,-7.21133681234442));
#6122=CARTESIAN_POINT('Ctrl Pts',(-2.19820096714011,0.591337151109659,-7.20408109086894));
#6123=CARTESIAN_POINT('Ctrl Pts',(-2.19619211898261,0.558361091545849,-7.19741726876777));
#6124=CARTESIAN_POINT('Ctrl Pts',(-2.19532311126174,0.544095976356307,-7.19453456564516));
#6125=CARTESIAN_POINT('Ctrl Pts',(-2.1944983975014,0.529812857170723,-7.19176262710864));
#6126=CARTESIAN_POINT('Ctrl Pts',(-2.19371435784052,0.515512344087077,-7.1891091972275));
#6127=CARTESIAN_POINT('Ctrl Pts',(-3.73248344061358,-1.20400136686424,-6.16353320642485));
#6128=CARTESIAN_POINT('Ctrl Pts',(-4.00579263408584,-1.07177719856478,-6.17979093639827));
#6129=CARTESIAN_POINT('Ctrl Pts',(-4.45812086477725,-0.614928389613874,
-6.2123063963451));
#6130=CARTESIAN_POINT('Ctrl Pts',(-4.55331527178289,0.346443890405969,-6.26107958626536));
#6131=CARTESIAN_POINT('Ctrl Pts',(-4.19936614187337,0.883129716524548,-6.2935950462122));
#6132=CARTESIAN_POINT('Ctrl Pts',(-3.95729564239141,1.06638641953836,-6.30985277618562));
#6133=CARTESIAN_POINT('Ctrl Pts',(-3.69622067090261,-1.12904571790656,-6.11545917401032));
#6134=CARTESIAN_POINT('Ctrl Pts',(-3.95251487707783,-1.00505322493201,-6.13171690398374));
#6135=CARTESIAN_POINT('Ctrl Pts',(-4.37668320944483,-0.576645744947071,
-6.16423236393058));
#6136=CARTESIAN_POINT('Ctrl Pts',(-4.46595124564174,0.324875869515399,-6.21300555385084));
#6137=CARTESIAN_POINT('Ctrl Pts',(-4.1340373786983,0.82815007710079,-6.24552101379767));
#6138=CARTESIAN_POINT('Ctrl Pts',(-3.90703708750808,0.999998051288968,-6.26177874377109));
#6139=CARTESIAN_POINT('Ctrl Pts',(-3.65995790119164,-1.05409006894888,-6.0673851415958));
#6140=CARTESIAN_POINT('Ctrl Pts',(-3.89923712006982,-0.93832925129924,-6.08364287156922));
#6141=CARTESIAN_POINT('Ctrl Pts',(-4.2952455541124,-0.538363100280269,-6.11615833151606));
#6142=CARTESIAN_POINT('Ctrl Pts',(-4.37858721950059,0.30330784862483,-6.16493152143631));
#6143=CARTESIAN_POINT('Ctrl Pts',(-4.06870861552323,0.773170437677031,-6.19744698138315));
#6144=CARTESIAN_POINT('Ctrl Pts',(-3.85677853262474,0.933609683039577,-6.21370471135657));
#6145=CARTESIAN_POINT('Ctrl Pts',(-3.62369513148067,-0.979134419991204,
-6.01931110918128));
#6146=CARTESIAN_POINT('Ctrl Pts',(-3.84595936306181,-0.871605277666472,
-6.0355688391547));
#6147=CARTESIAN_POINT('Ctrl Pts',(-4.21380789877998,-0.500080455613466,
-6.06808429910154));
#6148=CARTESIAN_POINT('Ctrl Pts',(-4.29122319335944,0.28173982773426,-6.11685748902179));
#6149=CARTESIAN_POINT('Ctrl Pts',(-4.00337985234816,0.718190798253272,-6.14937294896863));
#6150=CARTESIAN_POINT('Ctrl Pts',(-3.80651997774141,0.867221314790186,-6.16563067894205));
#6151=CARTESIAN_POINT('',(-3.62369513148067,-0.979134419991204,-6.01931110918128));
#6152=CARTESIAN_POINT('Ctrl Pts',(-3.83299843349902,-1.14980802144115,-6.16965054329691));
#6153=CARTESIAN_POINT('Ctrl Pts',(-3.83232690367896,-1.14895708601377,-6.1690222768048));
#6154=CARTESIAN_POINT('Ctrl Pts',(-3.83165355422804,-1.14810756073562,-6.16839404368684));
#6155=CARTESIAN_POINT('Ctrl Pts',(-3.830978379286,-1.1472594690172,-6.16776585330943));
#6156=CARTESIAN_POINT('Ctrl Pts',(-3.81765279897855,-1.13052111929729,-6.15536758317036));
#6157=CARTESIAN_POINT('Ctrl Pts',(-3.8036008762563,-1.11430130732503,-6.14296115979339));
#6158=CARTESIAN_POINT('Ctrl Pts',(-3.78874999648165,-1.09880405191024,-6.13062562038788));
#6159=CARTESIAN_POINT('Ctrl Pts',(-3.773899116707,-1.08330679649545,-6.11829008098237));
#6160=CARTESIAN_POINT('Ctrl Pts',(-3.75825038543778,-1.06853233923264,-6.10602542554832));
#6161=CARTESIAN_POINT('Ctrl Pts',(-3.74175633536286,-1.0546340001027,-6.09391069129506));
#6162=CARTESIAN_POINT('Ctrl Pts',(-3.72587940724844,-1.04125566486826,-6.08224922767693));
#6163=CARTESIAN_POINT('Ctrl Pts',(-3.70929664626769,-1.0287562156759,-6.07078396415996));
#6164=CARTESIAN_POINT('Ctrl Pts',(-3.69193061230958,-1.01724331647445,-6.05958029171783));
#6165=CARTESIAN_POINT('Ctrl Pts',(-3.67542774002963,-1.00630265463123,-6.04893348682127));
#6166=CARTESIAN_POINT('Ctrl Pts',(-3.65821863643875,-0.996252828565075,
-6.03852291500215));
#6167=CARTESIAN_POINT('Ctrl Pts',(-3.64022721318174,-0.987140785856473,
-6.02840469326516));
#6168=CARTESIAN_POINT('Ctrl Pts',(-3.6347889681088,-0.984386500069487,-6.02534627099794));
#6169=CARTESIAN_POINT('Ctrl Pts',(-3.62927911437299,-0.981717571077141,
-6.022314559705));
#6170=CARTESIAN_POINT('Ctrl Pts',(-3.62369513148067,-0.979134419991204,
-6.01931110918128));
#6171=CARTESIAN_POINT('Ctrl Pts',(-3.82689973275815,0.851396228932187,-6.16393158226964));
#6172=CARTESIAN_POINT('Ctrl Pts',(-3.84027656316668,0.868001634195028,-6.17623345726021));
#6173=CARTESIAN_POINT('Ctrl Pts',(-3.85300590937416,0.88514896610391,-6.18860261109156));
#6174=CARTESIAN_POINT('Ctrl Pts',(-3.86510793801162,0.902723181173274,-6.20098279982502));
#6175=CARTESIAN_POINT('Ctrl Pts',(-3.87669598327807,0.91955100449503,-6.2128371914934));
#6176=CARTESIAN_POINT('Ctrl Pts',(-3.88770875809863,0.936769748642276,-6.22470170064512));
#6177=CARTESIAN_POINT('Ctrl Pts',(-3.89819586282739,0.954246884236125,-6.23652694947903));
#6178=CARTESIAN_POINT('Ctrl Pts',(-3.91060175238098,0.97492174345593,-6.25051581816793));
#6179=CARTESIAN_POINT('Ctrl Pts',(-3.92234344643539,0.99609109331643,-6.26453718581702));
#6180=CARTESIAN_POINT('Ctrl Pts',(-3.93343972741352,1.01759989295622,-6.27852584601501));
#6181=CARTESIAN_POINT('Ctrl Pts',(-3.94174468481869,1.03369804919402,-6.2889955905473));
#6182=CARTESIAN_POINT('Ctrl Pts',(-3.94968884789059,1.04998561873562,-6.29944701334326));
#6183=CARTESIAN_POINT('Ctrl Pts',(-3.95729564239142,1.06638641953835,-6.30985277618562));
#6184=CARTESIAN_POINT('Ctrl Pts',(-3.62369513148068,-0.9791344199912,-6.01931110918128));
#6185=CARTESIAN_POINT('Ctrl Pts',(-3.84595936306181,-0.871605277666469,
-6.0355688391547));
#6186=CARTESIAN_POINT('Ctrl Pts',(-4.02988363092089,-0.685842866639967,
-6.05182656912812));
#6187=CARTESIAN_POINT('Ctrl Pts',(-4.13474831394701,-0.462658280568763,
-6.06808429910154));
#6188=CARTESIAN_POINT('Ctrl Pts',(-4.20237868106221,-0.318719872947881,
-6.07856939489197));
#6189=CARTESIAN_POINT('Ctrl Pts',(-4.2371254356436,-0.159216289935023,-6.0890544906824));
#6190=CARTESIAN_POINT('Ctrl Pts',(-4.23743171650554,0.000129662531855067,
-6.09953958647283));
#6191=CARTESIAN_POINT('Ctrl Pts',(-2.27997965968379,1.01585966424308,-6.40698417121145));
#6192=CARTESIAN_POINT('Ctrl Pts',(-1.99773781958613,0.774137160223584,-6.4268826704934));
#6193=CARTESIAN_POINT('Ctrl Pts',(-1.64843723821047,0.0436633436670384,
-6.4666796690573));
#6194=CARTESIAN_POINT('Ctrl Pts',(-1.95470118459558,-0.705873371890428,
-6.5064766676212));
#6195=CARTESIAN_POINT('Ctrl Pts',(-2.22242009287968,-0.963587964799607,
-6.52637516690315));
#6196=CARTESIAN_POINT('Ctrl Pts',(-2.33414316897002,0.95261686196821,-6.35891013879693));
#6197=CARTESIAN_POINT('Ctrl Pts',(-2.06947242212005,0.725942901625739,-6.37880863807888));
#6198=CARTESIAN_POINT('Ctrl Pts',(-1.7419177062217,0.0409450624837299,-6.41860563664278));
#6199=CARTESIAN_POINT('Ctrl Pts',(-2.02911505228107,-0.661928906270932,
-6.45840263520668));
#6200=CARTESIAN_POINT('Ctrl Pts',(-2.28016699899772,-0.903599360785416,
-6.47830113448863));
#6201=CARTESIAN_POINT('Ctrl Pts',(-2.38830667825625,0.889374059693338,-6.3108361063824));
#6202=CARTESIAN_POINT('Ctrl Pts',(-2.14120702465398,0.677748643027895,-6.33073460566435));
#6203=CARTESIAN_POINT('Ctrl Pts',(-1.83539817423292,0.0382267813004206,
-6.37053160422825));
#6204=CARTESIAN_POINT('Ctrl Pts',(-2.10352891996656,-0.617984440651435,
-6.41032860279215));
#6205=CARTESIAN_POINT('Ctrl Pts',(-2.33791390511577,-0.843610756771225,
-6.4302271020741));
#6206=CARTESIAN_POINT('Ctrl Pts',(-2.44247018754247,0.826131257418467,-6.26276207396788));
#6207=CARTESIAN_POINT('Ctrl Pts',(-2.21294162718791,0.62955438443005,-6.28266057324983));
#6208=CARTESIAN_POINT('Ctrl Pts',(-1.92887864224414,0.0355085001171123,
-6.32245757181373));
#6209=CARTESIAN_POINT('Ctrl Pts',(-2.17794278765205,-0.574039975031939,
-6.36225457037763));
#6210=CARTESIAN_POINT('Ctrl Pts',(-2.39566081123381,-0.783622152757034,
-6.38215306965958));
#6211=CARTESIAN_POINT('',(-2.3004972456555,-0.678779132202221,-6.37282177564687));
#6212=CARTESIAN_POINT('Ctrl Pts',(-2.30054707258542,-0.678740238974339,
-6.37282177564691));
#6213=CARTESIAN_POINT('Ctrl Pts',(-2.28936982830621,-0.711243852028141,
-6.39074928814839));
#6214=CARTESIAN_POINT('Ctrl Pts',(-2.27894790249956,-0.744184136305834,
-6.40872281738129));
#6215=CARTESIAN_POINT('Ctrl Pts',(-2.2692707145331,-0.777289412874717,-6.42664820670148));
#6216=CARTESIAN_POINT('Ctrl Pts',(-2.26508600903652,-0.791605124557021,
-6.43439968114595));
#6217=CARTESIAN_POINT('Ctrl Pts',(-2.26103990571496,-0.805951542200745,
-6.44214215363736));
#6218=CARTESIAN_POINT('Ctrl Pts',(-2.2571286006061,-0.820306202480584,-6.44986801043401));
#6219=CARTESIAN_POINT('Ctrl Pts',(-2.24558075832214,-0.862687287141086,
-6.47267803760221));
#6220=CARTESIAN_POINT('Ctrl Pts',(-2.23511812495954,-0.905513921060724,
-6.49554123555704));
#6221=CARTESIAN_POINT('Ctrl Pts',(-2.22570050643179,-0.948436846198411,
-6.51833446188781));
#6222=CARTESIAN_POINT('Ctrl Pts',(-2.22459266946166,-0.953486063598055,
-6.52101573196934));
#6223=CARTESIAN_POINT('Ctrl Pts',(-2.22349923512263,-0.958536623041109,
-6.52369603379202));
#6224=CARTESIAN_POINT('Ctrl Pts',(-2.22242009287968,-0.963587964799607,
-6.52637516690315));
#6225=CARTESIAN_POINT('',(-2.37440635618595,0.762379592835097,-6.26890551767368));
#6226=CARTESIAN_POINT('Ctrl Pts',(-2.37443572974374,0.762354059249995,-6.26890551767379));
#6227=CARTESIAN_POINT('Ctrl Pts',(-2.1851194479583,0.568378283693367,-6.2867562023871));
#6228=CARTESIAN_POINT('Ctrl Pts',(-2.07000967568553,0.3015650609763,-6.30460688710042));
#6229=CARTESIAN_POINT('Ctrl Pts',(-2.06216042483206,0.0316328524080838,
-6.32245757181373));
#6230=CARTESIAN_POINT('Ctrl Pts',(-2.05477842471515,-0.22223081336173,-6.33924563975813));
#6231=CARTESIAN_POINT('Ctrl Pts',(-2.14226701024877,-0.478853182990324,
-6.35603370770252));
#6232=CARTESIAN_POINT('Ctrl Pts',(-2.30054707258542,-0.678740238974345,
-6.37282177564691));
#6233=CARTESIAN_POINT('Ctrl Pts',(-2.27997965968379,1.01585966424308,-6.40698417121145));
#6234=CARTESIAN_POINT('Ctrl Pts',(-2.28043725045735,1.01433110825035,-6.4061766651289));
#6235=CARTESIAN_POINT('Ctrl Pts',(-2.28089637988553,1.01280300510899,-6.40536910141231));
#6236=CARTESIAN_POINT('Ctrl Pts',(-2.28135704994796,1.01127538242647,-6.4045614895313));
#6237=CARTESIAN_POINT('Ctrl Pts',(-2.29004980572728,0.982449435213104,-6.38932200813494));
#6238=CARTESIAN_POINT('Ctrl Pts',(-2.29932682131242,0.95365778988057,-6.37399651945064));
#6239=CARTESIAN_POINT('Ctrl Pts',(-2.30921305763621,0.925143882336417,-6.35866447735681));
#6240=CARTESIAN_POINT('Ctrl Pts',(-2.31419539237734,0.91077382000839,-6.35093763738712));
#6241=CARTESIAN_POINT('Ctrl Pts',(-2.31933168206726,0.896474032028426,-6.34320913296596));
#6242=CARTESIAN_POINT('Ctrl Pts',(-2.32462045352411,0.882273808128533,-6.3354891340908));
#6243=CARTESIAN_POINT('Ctrl Pts',(-2.33317588710933,0.859302675141933,-6.32300080136678));
#6244=CARTESIAN_POINT('Ctrl Pts',(-2.34221555249769,0.836355010810851,-6.31040805591913));
#6245=CARTESIAN_POINT('Ctrl Pts',(-2.35175670129059,0.813671101708865,-6.29778616892754));
#6246=CARTESIAN_POINT('Ctrl Pts',(-2.35902946510096,0.796380236973844,-6.28816510495258));
#6247=CARTESIAN_POINT('Ctrl Pts',(-2.36659259712548,0.779242255651742,-6.27852710890248));
#6248=CARTESIAN_POINT('Ctrl Pts',(-2.37443572974374,0.762354059249989,-6.26890551767379));
#6249=CARTESIAN_POINT('Origin',(-3.15,0.,-4.8));
#6250=CARTESIAN_POINT('Ctrl Pts',(-2.16230825084161,0.455583470556639,-6.74358705729886));
#6251=CARTESIAN_POINT('Ctrl Pts',(-2.16496193106786,0.46133657231244,-6.72683001648682));
#6252=CARTESIAN_POINT('Ctrl Pts',(-2.16801142270504,0.467815585492164,-6.71032769754019));
#6253=CARTESIAN_POINT('Ctrl Pts',(-2.17708357437023,0.486509983980246,-6.66722463333566));
#6254=CARTESIAN_POINT('Ctrl Pts',(-2.18375041221223,0.499715675709319,-6.64099203693077));
#6255=CARTESIAN_POINT('Ctrl Pts',(-2.19141010635229,0.514000686571982,-6.615209874124));
#6256=CARTESIAN_POINT('Ctrl Pts',(-2.17379032032199,-0.479693601482194,
-6.68317135497597));
#6257=CARTESIAN_POINT('Ctrl Pts',(-2.17298821264124,-0.478061256836212,
-6.68678261806348));
#6258=CARTESIAN_POINT('Ctrl Pts',(-2.1722048453316,-0.476456701349027,-6.69040415884947));
#6259=CARTESIAN_POINT('Ctrl Pts',(-2.16395172243242,-0.459450022675362,
-6.72961590258351));
#6260=CARTESIAN_POINT('Ctrl Pts',(-2.15825674768576,-0.446787609282699,
-6.76617611736122));
#6261=CARTESIAN_POINT('Ctrl Pts',(-2.15459398800454,-0.438472531959864,
-6.80425622065485));
#6262=CARTESIAN_POINT('Origin',(-3.15,0.,-4.8));
#6263=CARTESIAN_POINT('Ctrl Pts',(-2.44809992528477,0.830919716407523,-7.61227542784709));
#6264=CARTESIAN_POINT('Ctrl Pts',(-2.44635395507001,0.829444848739816,-7.61055489029058));
#6265=CARTESIAN_POINT('Ctrl Pts',(-2.44461837843271,0.827969330707358,-7.60883194080581));
#6266=CARTESIAN_POINT('Ctrl Pts',(-2.40888975051537,0.797401686716538,-7.57310331288847));
#6267=CARTESIAN_POINT('Ctrl Pts',(-2.37704549181001,0.766472260011217,-7.53632044085598));
#6268=CARTESIAN_POINT('Ctrl Pts',(-2.34801219659297,0.734783541722577,-7.49734040813122));
#6269=CARTESIAN_POINT('Ctrl Pts',(-2.44859976818136,-0.831341689562576,
-7.61276764433072));
#6270=CARTESIAN_POINT('Ctrl Pts',(-2.49899423531965,-0.873859334686056,
-7.66235840678229));
#6271=CARTESIAN_POINT('Ctrl Pts',(-2.55821625588482,-0.91578141268305,-7.70987941198904));
#6272=CARTESIAN_POINT('Ctrl Pts',(-2.62474617270503,-0.952470318126494,
-7.75094560161739));
#6273=CARTESIAN_POINT('Origin',(-3.15,0.,-4.8));
#6274=CARTESIAN_POINT('Ctrl Pts',(-3.62369513148067,-0.979134419991204,
-6.01931110918128));
#6275=CARTESIAN_POINT('Ctrl Pts',(-3.59868860033089,-0.991232321789997,
-6.00586087472918));
#6276=CARTESIAN_POINT('Ctrl Pts',(-3.57284282169943,-1.00255080566979,-5.99333563790976));
#6277=CARTESIAN_POINT('Ctrl Pts',(-3.48510061266004,-1.03687814813431,-5.95546335014085));
#6278=CARTESIAN_POINT('Ctrl Pts',(-3.41998741977101,-1.05585815759639,-5.93471476123987));
#6279=CARTESIAN_POINT('Ctrl Pts',(-3.28628331906192,-1.08126824477935,-5.90698390894504));
#6280=CARTESIAN_POINT('Ctrl Pts',(-3.21769307135208,-1.0877,-5.9));
#6281=CARTESIAN_POINT('Ctrl Pts',(-3.08230692864792,-1.0877,-5.9));
#6282=CARTESIAN_POINT('Ctrl Pts',(-3.01371668093808,-1.08126824477935,-5.90698390894504));
#6283=CARTESIAN_POINT('Ctrl Pts',(-2.89636040667943,-1.05896501589883,-5.93132414600642));
#6284=CARTESIAN_POINT('Ctrl Pts',(-2.84683512956813,-1.04580488500555,-5.94570895916519));
#6285=CARTESIAN_POINT('Ctrl Pts',(-2.79926507484194,-1.02960006909206,-5.96352522069499));
#6286=CARTESIAN_POINT('Origin',(-3.15,0.,-4.8));
#6287=CARTESIAN_POINT('Ctrl Pts',(-2.1777034675754,-0.487576397126746,-7.1337508353677));
#6288=CARTESIAN_POINT('Ctrl Pts',(-2.18841464192232,-0.508935998898027,
-7.17830442021081));
#6289=CARTESIAN_POINT('Ctrl Pts',(-2.20198097959731,-0.534189298239147,
-7.2213895857946));
#6290=CARTESIAN_POINT('Ctrl Pts',(-2.21835856398426,-0.561369330030182,
-7.26337891339281));
#6291=CARTESIAN_POINT('Ctrl Pts',(-2.1927038744053,0.516406252790737,-7.18910919722723));
#6292=CARTESIAN_POINT('Ctrl Pts',(-2.18449849109311,0.501195395812679,-7.16193959581326));
#6293=CARTESIAN_POINT('Ctrl Pts',(-2.17739902771378,0.487160018363106,-7.13427412971667));
#6294=CARTESIAN_POINT('Ctrl Pts',(-2.16888553155275,0.469616805282575,-7.09382531611907));
#6295=CARTESIAN_POINT('Ctrl Pts',(-2.16654149004568,0.464678307367605,-7.08156931951699));
#6296=CARTESIAN_POINT('Ctrl Pts',(-2.16441455620214,0.460122399991313,-7.06917840575489));
#6297=CARTESIAN_POINT('Origin',(-3.15,0.,-4.8));
#6298=CARTESIAN_POINT('Origin',(-3.15,0.,-4.8));
#6299=CARTESIAN_POINT('Ctrl Pts',(-4.01438960580723,-0.660243818125102,
-7.40282264206419));
#6300=CARTESIAN_POINT('Ctrl Pts',(-4.03544073689829,-0.632683728343013,
-7.36663417841248));
#6301=CARTESIAN_POINT('Ctrl Pts',(-4.05420615344825,-0.605347297665114,
-7.32914653297103));
#6302=CARTESIAN_POINT('Ctrl Pts',(-4.07128464129112,-0.578210812465843,
-7.28889323702377));
#6303=CARTESIAN_POINT('Ctrl Pts',(-4.0719994082186,-0.577070341833412,-7.28719566595162));
#6304=CARTESIAN_POINT('Ctrl Pts',(-4.07270944223742,-0.575932787055846,
-7.2854961545929));
#6305=CARTESIAN_POINT('Ctrl Pts',(-4.03257733284927,0.635726782148328,-7.37016725911176));
#6306=CARTESIAN_POINT('Ctrl Pts',(-4.00783354772067,0.670078495017179,-7.41661520600763));
#6307=CARTESIAN_POINT('Ctrl Pts',(-3.97938672460643,0.70525444172338,-7.46114292051347));
#6308=CARTESIAN_POINT('Ctrl Pts',(-3.94768227984822,0.739455387711888,-7.50307792234183));
#6309=CARTESIAN_POINT('Origin',(-3.15,0.,-4.8));
#6310=CARTESIAN_POINT('',(-4.15,-0.427891680218254,-6.9));
#6311=CARTESIAN_POINT('Ctrl Pts',(-4.15,-0.427891680218254,-6.9));
#6312=CARTESIAN_POINT('Ctrl Pts',(-4.15,-0.427891680218254,-6.88170036971847));
#6313=CARTESIAN_POINT('Ctrl Pts',(-4.14949920923127,-0.429066767585715,
-6.86380605727371));
#6314=CARTESIAN_POINT('Ctrl Pts',(-4.14855509209575,-0.431252847004691,
-6.84626241492539));
#6315=CARTESIAN_POINT('Ctrl Pts',(-4.14753486351961,-0.433607525376259,
-6.97017261618981));
#6316=CARTESIAN_POINT('Ctrl Pts',(-4.14913687935232,-0.429922011284549,
-6.94739925056919));
#6317=CARTESIAN_POINT('Ctrl Pts',(-4.15,-0.427891680218254,-6.92405032133873));
#6318=CARTESIAN_POINT('Ctrl Pts',(-4.15,-0.427891680218254,-6.9));
#6319=CARTESIAN_POINT('Ctrl Pts',(-4.14999023552313,0.427914499472026,-6.90441914679478));
#6320=CARTESIAN_POINT('Ctrl Pts',(-4.14979625904745,0.428367801666363,-6.94831327174859));
#6321=CARTESIAN_POINT('Ctrl Pts',(-4.14677048552368,0.435548411501065,-6.98987196283848));
#6322=CARTESIAN_POINT('Ctrl Pts',(-4.1415292985548,0.447169923080056,-7.02988321718922));
#6323=CARTESIAN_POINT('Origin',(-3.15,0.,-4.8));
#6324=CARTESIAN_POINT('Ctrl Pts',(-4.07051969897447,-0.579426245349618,
-6.50930384721634));
#6325=CARTESIAN_POINT('Ctrl Pts',(-4.05118253498992,-0.610146704619352,
-6.46374353073189));
#6326=CARTESIAN_POINT('Ctrl Pts',(-4.0284807183171,-0.642725833161955,-6.41966724507569));
#6327=CARTESIAN_POINT('Ctrl Pts',(-4.00262834333431,-0.675363752464547,
-6.37748214562276));
#6328=CARTESIAN_POINT('Ctrl Pts',(-4.05184874241611,0.608079053908687,-6.46794809825383));
#6329=CARTESIAN_POINT('Ctrl Pts',(-4.05839934520549,0.598363782761468,-6.48162157790706));
#6330=CARTESIAN_POINT('Ctrl Pts',(-4.06463973699093,0.588769086058422,-6.49544499585741));
#6331=CARTESIAN_POINT('Ctrl Pts',(-4.08122455815049,0.562417001607522,-6.53453473966321));
#6332=CARTESIAN_POINT('Ctrl Pts',(-4.09084811873024,0.546082438319949,-6.56006857906665));
#6333=CARTESIAN_POINT('Ctrl Pts',(-4.0994378371425,0.530715633274707,-6.5860449181775));
#6334=CARTESIAN_POINT('Origin',(-3.15,-2.,-6.9));
#6335=CARTESIAN_POINT('',(-4.15,-2.,-6.9));
#6336=CARTESIAN_POINT('Origin',(-3.15,-2.,-6.9));
#6337=CARTESIAN_POINT('',(-4.15,-2.,-6.9));
#6338=CARTESIAN_POINT('Ctrl Pts',(-2.3841238742442,-0.772350341488421,-6.25701185081117));
#6339=CARTESIAN_POINT('Ctrl Pts',(-2.35352863037176,-0.742011561811809,
-6.29345446157022));
#6340=CARTESIAN_POINT('Ctrl Pts',(-2.3254222166401,-0.710485398614744,-6.33223922104387));
#6341=CARTESIAN_POINT('Ctrl Pts',(-2.30024525904959,-0.678975824482948,
-6.3728217756467));
#6342=CARTESIAN_POINT('Origin',(-3.15,-2.,-6.9));
#6343=CARTESIAN_POINT('Ctrl Pts',(-2.37429402839945,0.762477236134464,-6.26890551767326));
#6344=CARTESIAN_POINT('Ctrl Pts',(-2.39592492885915,0.784483425778566,-6.24231802700812));
#6345=CARTESIAN_POINT('Ctrl Pts',(-2.41887333721453,0.805943148892954,-6.21691310041238));
#6346=CARTESIAN_POINT('Ctrl Pts',(-2.46321482301927,0.843879527397032,-6.17257161460763));
#6347=CARTESIAN_POINT('Ctrl Pts',(-2.48498955210764,0.861206003653496,-6.15255517840072));
#6348=CARTESIAN_POINT('Ctrl Pts',(-2.50815580519076,0.878138553754288,-6.13316492673478));
#6349=CARTESIAN_POINT('',(-4.15,2.,-6.9));
#6350=CARTESIAN_POINT('',(-4.15,-2.,-6.9));
#6351=CARTESIAN_POINT('Origin',(-3.15,2.,-6.9));
#6352=CARTESIAN_POINT('Origin',(-3.15,0.,-4.8));
#6353=CARTESIAN_POINT('Origin',(-5.15,-2.,-4.8));
#6354=CARTESIAN_POINT('',(-5.15,-2.,-4.8));
#6355=CARTESIAN_POINT('',(-5.15,2.,-4.8));
#6356=CARTESIAN_POINT('',(-5.15,-2.,-4.8));
#6357=CARTESIAN_POINT('',(-5.15,2.,-10.2));
#6358=CARTESIAN_POINT('',(-5.15,2.,-4.8));
#6359=CARTESIAN_POINT('',(-5.15,-2.,-10.2));
#6360=CARTESIAN_POINT('',(-5.15,-2.,-10.2));
#6361=CARTESIAN_POINT('',(-5.15,-2.,-4.8));
#6362=CARTESIAN_POINT('Origin',(-1.15,-2.,-4.8));
#6363=CARTESIAN_POINT('',(-1.15,-2.,-4.8));
#6364=CARTESIAN_POINT('',(-1.15,-2.,-4.8));
#6365=CARTESIAN_POINT('',(-1.15,-2.,-10.2));
#6366=CARTESIAN_POINT('',(-1.15,-2.,-10.2));
#6367=CARTESIAN_POINT('',(-1.15,-2.,-4.8));
#6368=CARTESIAN_POINT('Origin',(-1.15,2.,-4.8));
#6369=CARTESIAN_POINT('',(-1.15,2.,-4.8));
#6370=CARTESIAN_POINT('',(-1.15,2.,-4.8));
#6371=CARTESIAN_POINT('',(-1.15,2.,-10.2));
#6372=CARTESIAN_POINT('',(-1.15,2.,-10.2));
#6373=CARTESIAN_POINT('',(-1.15,2.,-4.8));
#6374=CARTESIAN_POINT('Origin',(-5.15,2.,-4.8));
#6375=CARTESIAN_POINT('',(-5.15,2.,-4.8));
#6376=CARTESIAN_POINT('',(-5.15,2.,-10.2));
#6377=CARTESIAN_POINT('Origin',(-3.15,0.,-4.8));
#6378=CARTESIAN_POINT('Origin',(-3.15,0.,-10.2));
#6379=CARTESIAN_POINT('Origin',(3.15,0.,-4.8));
#6380=CARTESIAN_POINT('',(2.0634741132995,-0.000746325284955733,-7.89953958647282));
#6381=CARTESIAN_POINT('',(2.06249962607866,-0.000347565927570175,-7.77546041352717));
#6382=CARTESIAN_POINT('',(2.0623,1.33204832343258E-16,-4.8));
#6383=CARTESIAN_POINT('',(2.55584183636661,-0.911080329382543,-7.70434823092228));
#6384=CARTESIAN_POINT('Ctrl Pts',(2.06249962607866,-0.000347565927570175,
-7.77546041352717));
#6385=CARTESIAN_POINT('Ctrl Pts',(2.06218306638811,-0.0766109974594499,
-7.77044069065596));
#6386=CARTESIAN_POINT('Ctrl Pts',(2.06980341159905,-0.15279713448689,-7.76542096778474));
#6387=CARTESIAN_POINT('Ctrl Pts',(2.08567543432873,-0.227186499827168,-7.76040124491352));
#6388=CARTESIAN_POINT('Ctrl Pts',(2.14475404185087,-0.504077491833068,-7.74171690691644));
#6389=CARTESIAN_POINT('Ctrl Pts',(2.31815685556921,-0.7560748187164,-7.72303256891936));
#6390=CARTESIAN_POINT('Ctrl Pts',(2.55584183636663,-0.911080329382551,-7.70434823092228));
#6391=CARTESIAN_POINT('',(2.74509403086882,-1.00952585215136,-7.8143583302852));
#6392=CARTESIAN_POINT('Ctrl Pts',(2.74509403086882,-1.00952585215136,-7.8143583302852));
#6393=CARTESIAN_POINT('Ctrl Pts',(2.67640481186459,-0.981975616830001,-7.78394063312145));
#6394=CARTESIAN_POINT('Ctrl Pts',(2.61264445326854,-0.948123976862892,-7.74630734421482));
#6395=CARTESIAN_POINT('Ctrl Pts',(2.55584183636772,-0.911080329383266,-7.7043482309231));
#6396=CARTESIAN_POINT('Ctrl Pts',(2.74545648378359,-1.01046610147251,-7.8143583302852));
#6397=CARTESIAN_POINT('Ctrl Pts',(2.46588058533252,-0.895671252282217,-7.83430178910852));
#6398=CARTESIAN_POINT('Ctrl Pts',(2.23269090546722,-0.660496918785304,-7.85424524793184));
#6399=CARTESIAN_POINT('Ctrl Pts',(2.12817423117562,-0.377652334797358,-7.87418870675516));
#6400=CARTESIAN_POINT('Ctrl Pts',(2.08388920750062,-0.257807542728069,-7.88263899999438));
#6401=CARTESIAN_POINT('Ctrl Pts',(2.06270514465211,-0.129404400876924,-7.8910892932336));
#6402=CARTESIAN_POINT('Ctrl Pts',(2.0634741132995,-0.000746325284955733,
-7.89953958647282));
#6403=CARTESIAN_POINT('Origin',(3.15,0.,-4.8));
#6404=CARTESIAN_POINT('',(2.06252704167636,0.000922344388967805,-8.34953958647282));
#6405=CARTESIAN_POINT('',(2.0627054224485,0.000869188081328576,-8.22546041352717));
#6406=CARTESIAN_POINT('',(2.0623,1.33204832343258E-16,-4.8));
#6407=CARTESIAN_POINT('',(3.25257941030833,1.08285213883558,-7.89472481852058));
#6408=CARTESIAN_POINT('Ctrl Pts',(2.0627054224485,0.000869188081328576,
-8.22546041352717));
#6409=CARTESIAN_POINT('Ctrl Pts',(2.06481847509803,-0.256468405603787,-8.20852939723823));
#6410=CARTESIAN_POINT('Ctrl Pts',(2.15663376478411,-0.515153415171787,-8.19159838094929));
#6411=CARTESIAN_POINT('Ctrl Pts',(2.32336335241093,-0.709445169597154,-8.17466736466035));
#6412=CARTESIAN_POINT('Ctrl Pts',(2.55309313984436,-0.977151724141695,-8.15133881914871));
#6413=CARTESIAN_POINT('Ctrl Pts',(2.92504728568708,-1.12260805876439,-8.12801027363705));
#6414=CARTESIAN_POINT('Ctrl Pts',(3.2755698188852,-1.08198780653782,-8.1046817281254));
#6415=CARTESIAN_POINT('Ctrl Pts',(3.62609235208333,-1.04136755431124,-8.08135318261375));
#6416=CARTESIAN_POINT('Ctrl Pts',(3.95518327263686,-0.814670715235408,-8.05802463710211));
#6417=CARTESIAN_POINT('Ctrl Pts',(4.11735324361122,-0.501251716414499,-8.03469609159047));
#6418=CARTESIAN_POINT('Ctrl Pts',(4.27952321458558,-0.187832717593593,-8.01136754607882));
#6419=CARTESIAN_POINT('Ctrl Pts',(4.27477223598078,0.212308440972385,-7.98803900056717));
#6420=CARTESIAN_POINT('Ctrl Pts',(4.10621508487854,0.521626409998548,-7.96471045505552));
#6421=CARTESIAN_POINT('Ctrl Pts',(3.93765793377631,0.830944379024714,-7.94138190954387));
#6422=CARTESIAN_POINT('Ctrl Pts',(3.60529461017665,1.04943915851106,-7.91805336403223));
#6423=CARTESIAN_POINT('Ctrl Pts',(3.25257941030832,1.08285213883558,-7.89472481852058));
#6424=CARTESIAN_POINT('',(2.91712749375597,1.06247902842156,-7.87250727289601));
#6425=CARTESIAN_POINT('Ctrl Pts',(2.91712749375597,1.06247902842156,-7.87250727289601));
#6426=CARTESIAN_POINT('Ctrl Pts',(2.92699700729923,1.06464221309886,-7.87487058514907));
#6427=CARTESIAN_POINT('Ctrl Pts',(2.9369117921404,1.06667169231704,-7.87708639992751));
#6428=CARTESIAN_POINT('Ctrl Pts',(3.01371668093808,1.08126824477935,-7.89301609105496));
#6429=CARTESIAN_POINT('Ctrl Pts',(3.08230692864792,1.0877,-7.9));
#6430=CARTESIAN_POINT('Ctrl Pts',(3.18407644159927,1.0877,-7.9));
#6431=CARTESIAN_POINT('Ctrl Pts',(3.21838440944233,1.08609145738936,-7.89825112344333));
#6432=CARTESIAN_POINT('Ctrl Pts',(3.25257941030833,1.08285213883558,-7.89472481852058));
#6433=CARTESIAN_POINT('Ctrl Pts',(2.91712749375597,1.06247902842156,-7.87250727289601));
#6434=CARTESIAN_POINT('Ctrl Pts',(2.63994523076146,1.00172664974561,-7.85382293489893));
#6435=CARTESIAN_POINT('Ctrl Pts',(2.38851662745808,0.827500228090641,-7.83513859690184));
#6436=CARTESIAN_POINT('Ctrl Pts',(2.23517952646936,0.589494688698923,-7.81645425890476));
#6437=CARTESIAN_POINT('Ctrl Pts',(2.1230378776802,0.41543157262173,-7.8027896437789));
#6438=CARTESIAN_POINT('Ctrl Pts',(2.06336136017169,0.207255615920606,-7.78912502865304));
#6439=CARTESIAN_POINT('Ctrl Pts',(2.06249962607866,-0.000347565927570175,
-7.77546041352717));
#6440=CARTESIAN_POINT('Ctrl Pts',(2.0634741132995,-0.000746325284955733,
-7.89953958647282));
#6441=CARTESIAN_POINT('Ctrl Pts',(2.06484298925333,0.228283748364308,-7.91458233659971));
#6442=CARTESIAN_POINT('Ctrl Pts',(2.13577920934727,0.458121685988265,-7.9296250867266));
#6443=CARTESIAN_POINT('Ctrl Pts',(2.26980715087153,0.641926808417353,-7.94466783685349));
#6444=CARTESIAN_POINT('Ctrl Pts',(2.47912554118843,0.928984804841876,-7.9681608802196));
#6445=CARTESIAN_POINT('Ctrl Pts',(2.84232899026518,1.10376559103103,-7.99165392358572));
#6446=CARTESIAN_POINT('Ctrl Pts',(3.19725635661043,1.08834444328534,-8.01514696695182));
#6447=CARTESIAN_POINT('Ctrl Pts',(3.55218372295567,1.07292329553966,-8.03864001031793));
#6448=CARTESIAN_POINT('Ctrl Pts',(3.89883500656941,0.867300213859133,-8.06213305368404));
#6449=CARTESIAN_POINT('Ctrl Pts',(4.08249741388672,0.563210992975395,-8.08562609705015));
#6450=CARTESIAN_POINT('Ctrl Pts',(4.26615982120403,0.259121772091658,-8.10911914041625));
#6451=CARTESIAN_POINT('Ctrl Pts',(4.28683335222491,-0.14343358799529,-8.13261218378237));
#6452=CARTESIAN_POINT('Ctrl Pts',(4.13527945615764,-0.464743674154649,-8.15610522714848));
#6453=CARTESIAN_POINT('Ctrl Pts',(3.98372556009037,-0.786053760314007,-8.17959827051459));
#6454=CARTESIAN_POINT('Ctrl Pts',(3.65994423693494,-1.02611857254578,-8.20309131388069));
#6455=CARTESIAN_POINT('Ctrl Pts',(3.30846586676209,-1.07779406893633,-8.2265843572468));
#6456=CARTESIAN_POINT('Ctrl Pts',(2.95698749658923,-1.12946956532688,-8.25007740061291));
#6457=CARTESIAN_POINT('Ctrl Pts',(2.57781207939894,-0.99275574587622,-8.27357044397903));
#6458=CARTESIAN_POINT('Ctrl Pts',(2.34018770150577,-0.728670421059254,-8.29706348734513));
#6459=CARTESIAN_POINT('Ctrl Pts',(2.16326156192259,-0.532042459506244,-8.3145555203877));
#6460=CARTESIAN_POINT('Ctrl Pts',(2.06480748707457,-0.264803183022948,-8.33204755343026));
#6461=CARTESIAN_POINT('Ctrl Pts',(2.06252704167636,0.000922344388967805,
-8.34953958647282));
#6462=CARTESIAN_POINT('Origin',(3.15,0.,-4.8));
#6463=CARTESIAN_POINT('',(2.06127235010221,-0.000702262709681476,-8.79953958647282));
#6464=CARTESIAN_POINT('',(2.06153720996576,-0.000764732503429344,-8.67546041352717));
#6465=CARTESIAN_POINT('',(2.0623,1.33204832343258E-16,-4.8));
#6466=CARTESIAN_POINT('Ctrl Pts',(2.06153720996576,-0.000764732503429344,
-8.67546041352717));
#6467=CARTESIAN_POINT('Ctrl Pts',(2.0610942554828,-0.0557979252137005,-8.67182921581976));
#6468=CARTESIAN_POINT('Ctrl Pts',(2.06492362514653,-0.110769391353892,-8.66819801811235));
#6469=CARTESIAN_POINT('Ctrl Pts',(2.07324455553933,-0.165052389329108,-8.66456682040494));
#6470=CARTESIAN_POINT('Ctrl Pts',(2.12670217999519,-0.513792251713886,-8.6412382748933));
#6471=CARTESIAN_POINT('Ctrl Pts',(2.36554404383815,-0.834116346216409,-8.61790972938165));
#6472=CARTESIAN_POINT('Ctrl Pts',(2.68452429504592,-0.984874183694774,-8.59458118387001));
#6473=CARTESIAN_POINT('Ctrl Pts',(3.00350454625368,-1.13563202117314,-8.57125263835836));
#6474=CARTESIAN_POINT('Ctrl Pts',(3.40262318482624,-1.11682360162735,-8.54792409284671));
#6475=CARTESIAN_POINT('Ctrl Pts',(3.70601682740886,-0.936741733330511,-8.52459554733506));
#6476=CARTESIAN_POINT('Ctrl Pts',(4.00941046999148,-0.756659865033673,-8.50126700182341));
#6477=CARTESIAN_POINT('Ctrl Pts',(4.21707911658415,-0.415304547985786,-8.47793845631177));
#6478=CARTESIAN_POINT('Ctrl Pts',(4.2375065978181,-0.0630811040872208,-8.45460991080012));
#6479=CARTESIAN_POINT('Ctrl Pts',(4.25793407905204,0.289142339811342,-8.43128136528847));
#6480=CARTESIAN_POINT('Ctrl Pts',(4.09112039492726,0.65223391056058,-8.40795281977682));
#6481=CARTESIAN_POINT('Ctrl Pts',(3.81058765500633,0.866181721565199,-8.38462427426517));
#6482=CARTESIAN_POINT('Ctrl Pts',(3.53005491508541,1.08012953256982,-8.36129572875353));
#6483=CARTESIAN_POINT('Ctrl Pts',(3.13580311936834,1.14493358382981,-8.33796718324189));
#6484=CARTESIAN_POINT('Ctrl Pts',(2.80152245205613,1.0320751592582,-8.31463863773024));
#6485=CARTESIAN_POINT('Ctrl Pts',(2.46724178474391,0.919216734686591,-8.29131009221859));
#6486=CARTESIAN_POINT('Ctrl Pts',(2.19293224583655,0.628695834283374,-8.26798154670693));
#6487=CARTESIAN_POINT('Ctrl Pts',(2.09953019089495,0.28845699684857,-8.24465300119529));
#6488=CARTESIAN_POINT('Ctrl Pts',(2.07391597608454,0.195151226709499,-8.23825547197258));
#6489=CARTESIAN_POINT('Ctrl Pts',(2.06190698744355,0.0981063974493601,-8.23185794274988));
#6490=CARTESIAN_POINT('Ctrl Pts',(2.0627054224485,0.000869188081328576,
-8.22546041352717));
#6491=CARTESIAN_POINT('Ctrl Pts',(2.06252704167636,0.000922344388967805,
-8.34953958647282));
#6492=CARTESIAN_POINT('Ctrl Pts',(2.06174468685553,0.0920850828395693,-8.35554059679637));
#6493=CARTESIAN_POINT('Ctrl Pts',(2.07228175206571,0.1830696564267,-8.36154160711991));
#6494=CARTESIAN_POINT('Ctrl Pts',(2.09485300334939,0.270963749352699,-8.36754261744346));
#6495=CARTESIAN_POINT('Ctrl Pts',(2.18321602168223,0.615055764764424,-8.39103566080957));
#6496=CARTESIAN_POINT('Ctrl Pts',(2.45601539694396,0.911782965404594,-8.41452870417569));
#6497=CARTESIAN_POINT('Ctrl Pts',(2.79148206803875,1.02869824457714,-8.4380217475418));
#6498=CARTESIAN_POINT('Ctrl Pts',(3.12694873913354,1.14561352374969,-8.46151479090791));
#6499=CARTESIAN_POINT('Ctrl Pts',(3.5250827060614,1.08271688145462,-8.48500783427401));
#6500=CARTESIAN_POINT('Ctrl Pts',(3.80817099066111,0.868082316648238,-8.50850087764011));
#6501=CARTESIAN_POINT('Ctrl Pts',(4.09125927526082,0.653447751841852,-8.53199392100622));
#6502=CARTESIAN_POINT('Ctrl Pts',(4.2593018775324,0.287075264524153,-8.55548696437234));
#6503=CARTESIAN_POINT('Ctrl Pts',(4.23729012969687,-0.0674985410446858,
-8.57898000773845));
#6504=CARTESIAN_POINT('Ctrl Pts',(4.21527838186133,-0.422072346613527,-8.60247305110456));
#6505=CARTESIAN_POINT('Ctrl Pts',(4.00321228391868,-0.764847470433507,-8.62596609447066));
#6506=CARTESIAN_POINT('Ctrl Pts',(3.69575098659182,-0.942821075297212,-8.64945913783677));
#6507=CARTESIAN_POINT('Ctrl Pts',(3.38828968926495,-1.12079468016092,-8.67295218120288));
#6508=CARTESIAN_POINT('Ctrl Pts',(2.98543319255387,-1.13396676606835,-8.696445224569));
#6509=CARTESIAN_POINT('Ctrl Pts',(2.66700278915375,-0.976457641472195,-8.71993826793511));
#6510=CARTESIAN_POINT('Ctrl Pts',(2.34857238575363,-0.818948516876044,-8.74343131130122));
#6511=CARTESIAN_POINT('Ctrl Pts',(2.11456807566447,-0.490758181776322,-8.76692435466732));
#6512=CARTESIAN_POINT('Ctrl Pts',(2.06944139911291,-0.138379625309001,-8.79041739803343));
#6513=CARTESIAN_POINT('Ctrl Pts',(2.06360060558194,-0.0927708956097235,
-8.79345812751322));
#6514=CARTESIAN_POINT('Ctrl Pts',(2.06092396553196,-0.0467569551747661,
-8.79649885699302));
#6515=CARTESIAN_POINT('Ctrl Pts',(2.06127235010221,-0.000702262709681476,
-8.79953958647282));
#6516=CARTESIAN_POINT('Origin',(3.15,0.,-4.8));
#6517=CARTESIAN_POINT('',(2.06396884894472,7.93534598819866E-5,-9.24953958647282));
#6518=CARTESIAN_POINT('',(2.06372840639128,0.000438166781322469,-9.12546041352717));
#6519=CARTESIAN_POINT('',(2.0623,1.33204832343258E-16,-4.8));
#6520=CARTESIAN_POINT('Ctrl Pts',(2.06372840639128,0.000438166781322469,
-9.12546041352717));
#6521=CARTESIAN_POINT('Ctrl Pts',(2.06451590326422,-0.207657780302975,-9.11180048888965));
#6522=CARTESIAN_POINT('Ctrl Pts',(2.12231601088454,-0.416158834158668,-9.09814056425213));
#6523=CARTESIAN_POINT('Ctrl Pts',(2.23417738186184,-0.589841399609632,-9.0844806396146));
#6524=CARTESIAN_POINT('Ctrl Pts',(2.42521526479943,-0.88645808968804,-9.06115209410296));
#6525=CARTESIAN_POINT('Ctrl Pts',(2.77392889878882,-1.08152274474554,-9.03782354859131));
#6526=CARTESIAN_POINT('Ctrl Pts',(3.12666077876291,-1.08908184596803,-9.01449500307966));
#6527=CARTESIAN_POINT('Ctrl Pts',(3.47939265873701,-1.09664094719052,-8.99116645756801));
#6528=CARTESIAN_POINT('Ctrl Pts',(3.83614278469582,-0.916694494578001,-8.96783791205636));
#6529=CARTESIAN_POINT('Ctrl Pts',(4.0397125628909,-0.628534348664767,-8.94450936654472));
#6530=CARTESIAN_POINT('Ctrl Pts',(4.24328234108599,-0.34037420275153,-8.92118082103307));
#6531=CARTESIAN_POINT('Ctrl Pts',(4.29367177151735,0.05599963646242,-8.89785227552143));
#6532=CARTESIAN_POINT('Ctrl Pts',(4.16867704650151,0.385928856578944,-8.87452373000978));
#6533=CARTESIAN_POINT('Ctrl Pts',(4.04368232148567,0.715858076695466,-8.85119518449813));
#6534=CARTESIAN_POINT('Ctrl Pts',(3.74330344102262,0.979342677714558,-8.82786663898648));
#6535=CARTESIAN_POINT('Ctrl Pts',(3.39989993418882,1.06028022070012,-8.80453809347483));
#6536=CARTESIAN_POINT('Ctrl Pts',(3.05649642735502,1.14121776368567,-8.78120954796318));
#6537=CARTESIAN_POINT('Ctrl Pts',(2.67006829415047,1.0396082486377,-8.75788100245154));
#6538=CARTESIAN_POINT('Ctrl Pts',(2.41089092008258,0.800225675980207,-8.73455245693989));
#6539=CARTESIAN_POINT('Ctrl Pts',(2.19205572191492,0.598104125386573,-8.71485510913565));
#6540=CARTESIAN_POINT('Ctrl Pts',(2.06394000629232,0.297761545859313,-8.69515776133141));
#6541=CARTESIAN_POINT('Ctrl Pts',(2.06153720996576,-0.000764732503429344,
-8.67546041352717));
#6542=CARTESIAN_POINT('Ctrl Pts',(2.06127235010221,-0.000702262709681476,
-8.79953958647282));
#6543=CARTESIAN_POINT('Ctrl Pts',(2.06361562681638,0.309067163505964,-8.81999190035913));
#6544=CARTESIAN_POINT('Ctrl Pts',(2.20281313908002,0.620680240147758,-8.84044421424545));
#6545=CARTESIAN_POINT('Ctrl Pts',(2.43652875036191,0.823234215371075,-8.86089652813176));
#6546=CARTESIAN_POINT('Ctrl Pts',(2.70499182117645,1.05590272174892,-8.88438957149787));
#6547=CARTESIAN_POINT('Ctrl Pts',(3.09816700581948,1.14467295666968,-8.90788261486398));
#6548=CARTESIAN_POINT('Ctrl Pts',(3.44055437027591,1.04992092813285,-8.93137565823009));
#6549=CARTESIAN_POINT('Ctrl Pts',(3.78294173473234,0.955168899596008,-8.9548687015962));
#6550=CARTESIAN_POINT('Ctrl Pts',(4.07454127900216,0.676894607601577,-8.97836174496231));
#6551=CARTESIAN_POINT('Ctrl Pts',(4.18519294770758,0.339310140827276,-9.00185478832842));
#6552=CARTESIAN_POINT('Ctrl Pts',(4.29584461641299,0.00172567405297724,
-9.02534783169453));
#6553=CARTESIAN_POINT('Ctrl Pts',(4.225548409554,-0.395168967501192,-9.04884087506063));
#6554=CARTESIAN_POINT('Ctrl Pts',(4.00568214655876,-0.674213538380311,-9.07233391842674));
#6555=CARTESIAN_POINT('Ctrl Pts',(3.78581588356351,-0.953258109259428,-9.09582696179285));
#6556=CARTESIAN_POINT('Ctrl Pts',(3.41637956443202,-1.1144526094635,-9.11932000515897));
#6557=CARTESIAN_POINT('Ctrl Pts',(3.06227691712103,-1.0858454678824,-9.14281304852508));
#6558=CARTESIAN_POINT('Ctrl Pts',(2.70817426981002,-1.05723832630129,-9.16630609189119));
#6559=CARTESIAN_POINT('Ctrl Pts',(2.36940529431951,-0.838829542935005,-9.18979913525729));
#6560=CARTESIAN_POINT('Ctrl Pts',(2.19718485360736,-0.528109056904132,-9.2132921786234));
#6561=CARTESIAN_POINT('Ctrl Pts',(2.10861190235511,-0.368305549559221,-9.22537464790654));
#6562=CARTESIAN_POINT('Ctrl Pts',(2.06409176506159,-0.184085194181947,-9.23745711718968));
#6563=CARTESIAN_POINT('Ctrl Pts',(2.06396884894472,7.93534598819866E-5,
-9.24953958647282));
#6564=CARTESIAN_POINT('Origin',(3.15,0.,-4.8));
#6565=CARTESIAN_POINT('',(2.06103816135018,0.000587186582135045,-9.69953958647283));
#6566=CARTESIAN_POINT('',(2.06067908970562,-9.34263585204752E-5,-9.57546041352717));
#6567=CARTESIAN_POINT('',(2.0623,1.33204832343258E-16,-4.8));
#6568=CARTESIAN_POINT('Ctrl Pts',(2.06067908970562,-9.34263585204752E-5,
-9.57546041352717));
#6569=CARTESIAN_POINT('Ctrl Pts',(2.06067215974046,-0.0055397052271838,
-9.57510030747118));
#6570=CARTESIAN_POINT('Ctrl Pts',(2.06070961842555,-0.0109858860812764,
-9.57474020141519));
#6571=CARTESIAN_POINT('Ctrl Pts',(2.06079176107727,-0.0164313925698062,
-9.5743800953592));
#6572=CARTESIAN_POINT('Ctrl Pts',(2.06611316169535,-0.369204537698628,-9.55105154984755));
#6573=CARTESIAN_POINT('Ctrl Pts',(2.25896259305421,-0.719147530190115,-9.52772300433591));
#6574=CARTESIAN_POINT('Ctrl Pts',(2.55436173534969,-0.912062729311265,-9.50439445882426));
#6575=CARTESIAN_POINT('Ctrl Pts',(2.84976087764516,-1.10497792843242,-9.48106591331261));
#6576=CARTESIAN_POINT('Ctrl Pts',(3.24770973087723,-1.14086533418323,-9.45773736780097));
#6577=CARTESIAN_POINT('Ctrl Pts',(3.57285628476607,-1.00391069620226,-9.43440882228932));
#6578=CARTESIAN_POINT('Ctrl Pts',(3.89800283865492,-0.866956058221285,-9.41108027677767));
#6579=CARTESIAN_POINT('Ctrl Pts',(4.15034709320053,-0.557159376508534,-9.38775173126602));
#6580=CARTESIAN_POINT('Ctrl Pts',(4.21869560220681,-0.211030133471922,-9.36442318575437));
#6581=CARTESIAN_POINT('Ctrl Pts',(4.28704411121309,0.135099109564692,-9.34109464024272));
#6582=CARTESIAN_POINT('Ctrl Pts',(4.17139687468003,0.517560913925172,-9.31776609473108));
#6583=CARTESIAN_POINT('Ctrl Pts',(3.92271292100096,0.767827203044736,-9.29443754921943));
#6584=CARTESIAN_POINT('Ctrl Pts',(3.67402896732189,1.0180934921643,-9.27110900370779));
#6585=CARTESIAN_POINT('Ctrl Pts',(3.29230829649681,1.13616426604296,-9.24778045819614));
#6586=CARTESIAN_POINT('Ctrl Pts',(2.94575256266442,1.07001260310659,-9.22445191268449));
#6587=CARTESIAN_POINT('Ctrl Pts',(2.59919682883203,1.00386094017021,-9.20112336717284));
#6588=CARTESIAN_POINT('Ctrl Pts',(2.28780603199234,0.753486840418817,-9.17779482166119));
#6589=CARTESIAN_POINT('Ctrl Pts',(2.1487916995154,0.429215427993457,-9.15446627614955));
#6590=CARTESIAN_POINT('Ctrl Pts',(2.09117658261417,0.294819678996059,-9.14479765527542));
#6591=CARTESIAN_POINT('Ctrl Pts',(2.06317100882827,0.147730400903405,-9.1351290344013));
#6592=CARTESIAN_POINT('Ctrl Pts',(2.06372840639128,0.000438166781322469,
-9.12546041352717));
#6593=CARTESIAN_POINT('Ctrl Pts',(2.06396884894472,7.93534598819866E-5,
-9.24953958647282));
#6594=CARTESIAN_POINT('Ctrl Pts',(2.06385276808205,0.174002677002351,-9.26095016055579));
#6595=CARTESIAN_POINT('Ctrl Pts',(2.10333342239009,0.347876227066606,-9.27236073463876));
#6596=CARTESIAN_POINT('Ctrl Pts',(2.18270089844381,0.501087227490169,-9.28377130872173));
#6597=CARTESIAN_POINT('Ctrl Pts',(2.3461092899262,0.81653083715817,-9.30726435208784));
#6598=CARTESIAN_POINT('Ctrl Pts',(2.6785979788248,1.04438586779871,-9.33075739545395));
#6599=CARTESIAN_POINT('Ctrl Pts',(3.03175536293854,1.08294662460348,-9.35425043882006));
#6600=CARTESIAN_POINT('Ctrl Pts',(3.38491274705228,1.12150738140825,-9.37774348218617));
#6601=CARTESIAN_POINT('Ctrl Pts',(3.75873882638116,0.970773864377263,-9.40123652555228));
#6602=CARTESIAN_POINT('Ctrl Pts',(3.98637050643015,0.698026442176682,-9.42472956891839));
#6603=CARTESIAN_POINT('Ctrl Pts',(4.21400218647914,0.425279019976101,-9.4482226122845));
#6604=CARTESIAN_POINT('Ctrl Pts',(4.29543946724824,0.0305176926059332,-9.47171565565061));
#6605=CARTESIAN_POINT('Ctrl Pts',(4.19433140284832,-0.310045903607899,-9.49520869901672));
#6606=CARTESIAN_POINT('Ctrl Pts',(4.09322333844839,-0.65060949982173,-9.51870174238283));
#6607=CARTESIAN_POINT('Ctrl Pts',(3.80956992887945,-0.936975364879225,-9.54219478574893));
#6608=CARTESIAN_POINT('Ctrl Pts',(3.46998459956133,-1.04132672202655,-9.56568782911504));
#6609=CARTESIAN_POINT('Ctrl Pts',(3.13039927024323,-1.14567807917388,-9.58918087248115));
#6610=CARTESIAN_POINT('Ctrl Pts',(2.73488202117595,-1.06801492841103,-9.61267391584727));
#6611=CARTESIAN_POINT('Ctrl Pts',(2.45997771766162,-0.842989643631287,-9.63616695921338));
#6612=CARTESIAN_POINT('Ctrl Pts',(2.21279237450646,-0.64065395253516,-9.65729116829986));
#6613=CARTESIAN_POINT('Ctrl Pts',(2.06312312099945,-0.319175336890967,-9.67841537738634));
#6614=CARTESIAN_POINT('Ctrl Pts',(2.06103816135018,0.000587186582135045,
-9.69953958647283));
#6615=CARTESIAN_POINT('Origin',(3.15,0.,-4.8));
#6616=CARTESIAN_POINT('',(2.062937676151,-0.00133729605450929,-10.1495395864728));
#6617=CARTESIAN_POINT('',(2.06386002183071,-0.000259854521577618,-10.0254604135272));
#6618=CARTESIAN_POINT('',(2.0623,1.33204832343258E-16,-4.8));
#6619=CARTESIAN_POINT('',(2.32128525588441,0.70450206733936,-10.2));
#6620=CARTESIAN_POINT('Ctrl Pts',(2.062937676151,-0.00133729605450929,-10.1495395864728));
#6621=CARTESIAN_POINT('Ctrl Pts',(2.06515600008692,0.253635670254871,-10.1663597243152));
#6622=CARTESIAN_POINT('Ctrl Pts',(2.15583052977925,0.50987556819397,-10.1831798621576));
#6623=CARTESIAN_POINT('Ctrl Pts',(2.32128525588441,0.70450206733936,-10.2));
#6624=CARTESIAN_POINT('',(3.98017350056201,0.705358757624953,-10.2));
#6625=CARTESIAN_POINT('Origin',(3.15,0.,-10.2));
#6626=CARTESIAN_POINT('Ctrl Pts',(3.98018452300936,0.705365230825876,-10.2));
#6627=CARTESIAN_POINT('Ctrl Pts',(3.76442140010197,0.957113613546154,-10.1780883958796));
#6628=CARTESIAN_POINT('Ctrl Pts',(3.42475660310294,1.10496371497132,-10.1561767917592));
#6629=CARTESIAN_POINT('Ctrl Pts',(3.09376583839829,1.08779736715085,-10.1342651876387));
#6630=CARTESIAN_POINT('Ctrl Pts',(2.7413711403236,1.06952093589563,-10.1109366421271));
#6631=CARTESIAN_POINT('Ctrl Pts',(2.39880858133529,0.86419601030001,-10.0876080966155));
#6632=CARTESIAN_POINT('Ctrl Pts',(2.21683091320458,0.561992928115153,-10.0642795511038));
#6633=CARTESIAN_POINT('Ctrl Pts',(2.11589282812318,0.394369061215578,-10.0513398385783));
#6634=CARTESIAN_POINT('Ctrl Pts',(2.0643606199835,0.196939461925943,-10.0384001260527));
#6635=CARTESIAN_POINT('Ctrl Pts',(2.06386002183071,-0.000259854521577618,
-10.0254604135272));
#6636=CARTESIAN_POINT('Origin',(3.15,0.,-4.8));
#6637=CARTESIAN_POINT('',(2.061154065297,0.000507550846587163,-5.19953958647283));
#6638=CARTESIAN_POINT('',(2.06108358645328,0.000606051662663115,-5.07546041352717));
#6639=CARTESIAN_POINT('',(2.0623,1.33204832343258E-16,-4.8));
#6640=CARTESIAN_POINT('',(3.97871474411562,0.704502067339324,-4.8));
#6641=CARTESIAN_POINT('Ctrl Pts',(2.06108358645328,0.000606051662663115,
-5.07546041352717));
#6642=CARTESIAN_POINT('Ctrl Pts',(2.06331513797777,-0.317252622996855,-5.05445998549257));
#6643=CARTESIAN_POINT('Ctrl Pts',(2.21092326186591,-0.636833096548712,-5.03345955745798));
#6644=CARTESIAN_POINT('Ctrl Pts',(2.45559160337296,-0.839323049735499,-5.01245912942338));
#6645=CARTESIAN_POINT('Ctrl Pts',(2.73062315536695,-1.06694189794905,-4.98885255948745));
#6646=CARTESIAN_POINT('Ctrl Pts',(3.12829996040173,-1.14660521040196,-4.96524598955151));
#6647=CARTESIAN_POINT('Ctrl Pts',(3.46955115346618,-1.0416957737921,-4.94163941961558));
#6648=CARTESIAN_POINT('Ctrl Pts',(3.81080234653064,-0.93678633718223,-4.91803284967965));
#6649=CARTESIAN_POINT('Ctrl Pts',(4.09562792762478,-0.647304151509588,-4.89442627974372));
#6650=CARTESIAN_POINT('Ctrl Pts',(4.19565874037613,-0.305270195614871,-4.87081970980779));
#6651=CARTESIAN_POINT('Ctrl Pts',(4.29568955312749,0.0367637602798454,-4.84721313987186));
#6652=CARTESIAN_POINT('Ctrl Pts',(4.21092559753607,0.431349486396637,-4.82360656993593));
#6653=CARTESIAN_POINT('Ctrl Pts',(3.97871474411562,0.704502067339326,-4.8));
#6654=CARTESIAN_POINT('',(2.31996011669958,0.705060112988158,-4.8));
#6655=CARTESIAN_POINT('Origin',(3.15,0.,-4.8));
#6656=CARTESIAN_POINT('Ctrl Pts',(2.31996011669958,0.705060112988158,-4.8));
#6657=CARTESIAN_POINT('Ctrl Pts',(2.52484668911966,0.943365428824778,-4.82075477379277));
#6658=CARTESIAN_POINT('Ctrl Pts',(2.83944960453713,1.09018865015923,-4.84150954758554));
#6659=CARTESIAN_POINT('Ctrl Pts',(3.15346787946055,1.08913787922166,-4.86226432137831));
#6660=CARTESIAN_POINT('Ctrl Pts',(3.50059288639561,1.08797632622262,-4.88520725678074));
#6661=CARTESIAN_POINT('Ctrl Pts',(3.84700347786325,0.906116603353979,-4.90815019218317));
#6662=CARTESIAN_POINT('Ctrl Pts',(4.04484901122181,0.621001252201967,-4.9310931275856));
#6663=CARTESIAN_POINT('Ctrl Pts',(4.24269454458038,0.335885901049956,-4.95403606298803));
#6664=CARTESIAN_POINT('Ctrl Pts',(4.29197501982987,-0.0524850783854221,
-4.97697899839046));
#6665=CARTESIAN_POINT('Ctrl Pts',(4.17153982843819,-0.37801313443637,-4.99992193379289));
#6666=CARTESIAN_POINT('Ctrl Pts',(4.05110463704651,-0.703541190487319,-5.02286486919532));
#6667=CARTESIAN_POINT('Ctrl Pts',(3.76095377901364,-0.966226323153837,-5.04580780459775));
#6668=CARTESIAN_POINT('Ctrl Pts',(3.42512326119397,-1.05388688229072,-5.06875074000019));
#6669=CARTESIAN_POINT('Ctrl Pts',(3.0892927433743,-1.1415474414276,-5.09169367540262));
#6670=CARTESIAN_POINT('Ctrl Pts',(2.70778256576781,-1.05418342703485,-5.11463661080505));
#6671=CARTESIAN_POINT('Ctrl Pts',(2.44359715898835,-0.829092126725325,-5.13757954620748));
#6672=CARTESIAN_POINT('Ctrl Pts',(2.20577611655628,-0.626463797119339,-5.1582328929626));
#6673=CARTESIAN_POINT('Ctrl Pts',(2.06303145091482,-0.312225521567012,-5.17888623971771));
#6674=CARTESIAN_POINT('Ctrl Pts',(2.061154065297,0.000507550846587163,-5.19953958647283));
#6675=CARTESIAN_POINT('Origin',(3.15,0.,-4.8));
#6676=CARTESIAN_POINT('',(2.06372353021399,-0.000271677981876234,-5.64953958647282));
#6677=CARTESIAN_POINT('',(2.06240774698421,-0.000950646574210713,-5.52546041352717));
#6678=CARTESIAN_POINT('',(2.0623,1.33204832343258E-16,-4.8));
#6679=CARTESIAN_POINT('Ctrl Pts',(2.06240774698421,-0.000950646574210713,
-5.52546041352717));
#6680=CARTESIAN_POINT('Ctrl Pts',(2.06163397044438,-0.0883445764623773,
-5.51970597504409));
#6681=CARTESIAN_POINT('Ctrl Pts',(2.07130039085716,-0.175569497991261,-5.513951536561));
#6682=CARTESIAN_POINT('Ctrl Pts',(2.09207034105501,-0.260064364671969,-5.50819709807791));
#6683=CARTESIAN_POINT('Ctrl Pts',(2.17727540204449,-0.60668966710382,-5.48459052814198));
#6684=CARTESIAN_POINT('Ctrl Pts',(2.44934243807694,-0.907370711197946,-5.46098395820605));
#6685=CARTESIAN_POINT('Ctrl Pts',(2.78574267766246,-1.02671821014581,-5.43737738827012));
#6686=CARTESIAN_POINT('Ctrl Pts',(3.12214291724798,-1.14606570909367,-5.41377081833419));
#6687=CARTESIAN_POINT('Ctrl Pts',(3.52287636038656,-1.08407966289527,-5.39016424839826));
#6688=CARTESIAN_POINT('Ctrl Pts',(3.80748420595362,-0.868655947984715,-5.36655767846233));
#6689=CARTESIAN_POINT('Ctrl Pts',(4.09209205152069,-0.653232233074154,-5.3429511085264));
#6690=CARTESIAN_POINT('Ctrl Pts',(4.26057429951623,-0.284370849451429,-5.31934453859047));
#6691=CARTESIAN_POINT('Ctrl Pts',(4.23705556957701,0.0717897652609244,-5.29573796865454));
#6692=CARTESIAN_POINT('Ctrl Pts',(4.2135368396378,0.427950379973278,-5.27213139871861));
#6693=CARTESIAN_POINT('Ctrl Pts',(3.99801713176381,0.771410225775259,-5.24852482878268));
#6694=CARTESIAN_POINT('Ctrl Pts',(3.68755349927358,0.947549556985423,-5.22491825884675));
#6695=CARTESIAN_POINT('Ctrl Pts',(3.37708986678334,1.12368888819559,-5.20131168891082));
#6696=CARTESIAN_POINT('Ctrl Pts',(2.97168230967684,1.13250770481393,-5.17770511897489));
#6697=CARTESIAN_POINT('Ctrl Pts',(2.65389731460729,0.9699367872888,-5.15409854903896));
#6698=CARTESIAN_POINT('Ctrl Pts',(2.33611231953773,0.807365869763667,-5.13049197910302));
#6699=CARTESIAN_POINT('Ctrl Pts',(2.10594988650512,0.473405218095051,-5.10688540916709));
#6700=CARTESIAN_POINT('Ctrl Pts',(2.06706181946543,0.118637700273646,-5.08327883923116));
#6701=CARTESIAN_POINT('Ctrl Pts',(2.0627686154443,0.0794717182637734,-5.08067269732983));
#6702=CARTESIAN_POINT('Ctrl Pts',(2.06080665210111,0.0400521433978794,-5.0780665554285));
#6703=CARTESIAN_POINT('Ctrl Pts',(2.06108358645328,0.000606051662663115,
-5.07546041352717));
#6704=CARTESIAN_POINT('Ctrl Pts',(2.061154065297,0.000507550846587163,-5.19953958647283));
#6705=CARTESIAN_POINT('Ctrl Pts',(2.0609459420883,0.0351765127697106,-5.20182917512014));
#6706=CARTESIAN_POINT('Ctrl Pts',(2.06246900667536,0.0698269765057215,-5.20411876376746));
#6707=CARTESIAN_POINT('Ctrl Pts',(2.06578564407398,0.104304835237229,-5.20640835241477));
#6708=CARTESIAN_POINT('Ctrl Pts',(2.09902017189153,0.44979191066394,-5.2293512878172));
#6709=CARTESIAN_POINT('Ctrl Pts',(2.31234986347907,0.777947475291052,-5.25229422321963));
#6710=CARTESIAN_POINT('Ctrl Pts',(2.61460571367282,0.948549288973346,-5.27523715862206));
#6711=CARTESIAN_POINT('Ctrl Pts',(2.91686156386657,1.11915110265564,-5.29818009402449));
#6712=CARTESIAN_POINT('Ctrl Pts',(3.30804357266654,1.13219916539312,-5.32112302942692));
#6713=CARTESIAN_POINT('Ctrl Pts',(3.62099595958213,0.982117916291593,-5.34406596482935));
#6714=CARTESIAN_POINT('Ctrl Pts',(3.93394834649772,0.83203666719007,-5.36700890023179));
#6715=CARTESIAN_POINT('Ctrl Pts',(4.16867111152892,0.518826106249548,-5.38995183563422));
#6716=CARTESIAN_POINT('Ctrl Pts',(4.22485392751344,0.176321589032319,-5.41289477103665));
#6717=CARTESIAN_POINT('Ctrl Pts',(4.28103674349795,-0.16618292818491,-5.43583770643908));
#6718=CARTESIAN_POINT('Ctrl Pts',(4.15867961043577,-0.537981401678845,-5.45878064184151));
#6719=CARTESIAN_POINT('Ctrl Pts',(3.91008077684781,-0.780176865238699,-5.48172357724394));
#6720=CARTESIAN_POINT('Ctrl Pts',(3.66148194325985,-1.02237232879855,-5.50466651264637));
#6721=CARTESIAN_POINT('Ctrl Pts',(3.28664140914611,-1.13496478242432,-5.5276094480488));
#6722=CARTESIAN_POINT('Ctrl Pts',(2.94571592222384,-1.06987774305366,-5.55055238345123));
#6723=CARTESIAN_POINT('Ctrl Pts',(2.60479043530158,-1.004790703683,-5.57349531885366));
#6724=CARTESIAN_POINT('Ctrl Pts',(2.29777999557079,-0.762024171315915,-5.59643825425609));
#6725=CARTESIAN_POINT('Ctrl Pts',(2.15592034267305,-0.445245085071897,-5.61938118965852));
#6726=CARTESIAN_POINT('Ctrl Pts',(2.0937623605755,-0.306443471156845,-5.62943398859662));
#6727=CARTESIAN_POINT('Ctrl Pts',(2.06331148965937,-0.153432271446911,-5.63948678753472));
#6728=CARTESIAN_POINT('Ctrl Pts',(2.06372353021399,-0.000271677981876234,
-5.64953958647282));
#6729=CARTESIAN_POINT('Origin',(3.15,0.,-4.8));
#6730=CARTESIAN_POINT('',(2.06256275227268,0.000131426475308727,-6.09953958647283));
#6731=CARTESIAN_POINT('',(2.06399612482551,0.000855204195946285,-5.97546041352717));
#6732=CARTESIAN_POINT('',(2.0623,1.33204832343258E-16,-4.8));
#6733=CARTESIAN_POINT('',(2.47309285391576,0.851403550368499,-6.16393158226964));
#6734=CARTESIAN_POINT('Ctrl Pts',(2.06256275227268,0.000131426475308727,
-6.09953958647283));
#6735=CARTESIAN_POINT('Ctrl Pts',(2.06239409865906,0.0878621246812072,-6.10531222065581));
#6736=CARTESIAN_POINT('Ctrl Pts',(2.07266498092499,0.175544755158738,-6.1110848548388));
#6737=CARTESIAN_POINT('Ctrl Pts',(2.09363528265538,0.260554742762887,-6.11685748902179));
#6738=CARTESIAN_POINT('Ctrl Pts',(2.15063744768668,0.491631691727209,-6.13254885343774));
#6739=CARTESIAN_POINT('Ctrl Pts',(2.28669537993894,0.702961042836843,-6.14824021785369));
#6740=CARTESIAN_POINT('Ctrl Pts',(2.47310025442611,0.85139625338331,-6.16393158226964));
#6741=CARTESIAN_POINT('',(2.62111339625479,0.949134564676853,-6.05156219427459));
#6742=CARTESIAN_POINT('Ctrl Pts',(2.62070491234487,0.950230498449794,-6.05156219427459));
#6743=CARTESIAN_POINT('Ctrl Pts',(2.56625931330866,0.919903342921405,-6.08552789914988));
#6744=CARTESIAN_POINT('Ctrl Pts',(2.51675163509795,0.886114400421343,-6.12378186213575));
#6745=CARTESIAN_POINT('Ctrl Pts',(2.47309285391931,0.851403550371322,-6.16393158226637));
#6746=CARTESIAN_POINT('Ctrl Pts',(2.62139883366725,0.948368756054347,-6.05156219427459));
#6747=CARTESIAN_POINT('Ctrl Pts',(2.41109429472064,0.829748070722868,-6.03568648509388));
#6748=CARTESIAN_POINT('Ctrl Pts',(2.23848825952043,0.642980062963749,-6.01981077591317));
#6749=CARTESIAN_POINT('Ctrl Pts',(2.1457517247438,0.421992292939928,-6.00393506673245));
#6750=CARTESIAN_POINT('Ctrl Pts',(2.09030767838835,0.28987115864585,-5.99444351566403));
#6751=CARTESIAN_POINT('Ctrl Pts',(2.06341251209885,0.145518372925393,-5.9849519645956));
#6752=CARTESIAN_POINT('Ctrl Pts',(2.06399612482551,0.000855204195946285,
-5.97546041352717));
#6753=CARTESIAN_POINT('Origin',(3.15,0.,-3.80623831628361));
#6754=CARTESIAN_POINT('',(1.8109483688571,0.000722039214570286,-9.8437616837164));
#6755=CARTESIAN_POINT('',(1.81441829474909,-0.000319532428543853,-9.88123831628361));
#6756=CARTESIAN_POINT('',(1.8125,7.90731301023577E-14,-3.80623831628361));
#6757=CARTESIAN_POINT('',(3.4959597093159,-1.29198224814819,-10.2));
#6758=CARTESIAN_POINT('Ctrl Pts',(1.81441829474909,-0.000319532428543906,
-9.88123831628361));
#6759=CARTESIAN_POINT('Ctrl Pts',(1.81503385972965,0.242168364738442,-9.89417802880915));
#6760=CARTESIAN_POINT('Ctrl Pts',(1.99264307007234,0.92262271540501,-9.93044628684634));
#6761=CARTESIAN_POINT('Ctrl Pts',(3.0687609844899,1.56762557667053,-9.99004309039518));
#6762=CARTESIAN_POINT('Ctrl Pts',(4.40500736134825,0.945029361602772,-10.0600287269301));
#6763=CARTESIAN_POINT('Ctrl Pts',(4.63336455257576,-0.513416765776504,-10.1300143634651));
#6764=CARTESIAN_POINT('Ctrl Pts',(3.91679442953166,-1.17929350363599,-10.1766714544884));
#6765=CARTESIAN_POINT('Ctrl Pts',(3.49595970931588,-1.2919822481482,-10.2));
#6766=CARTESIAN_POINT('',(2.80320766131034,-1.29403451394133,-10.2));
#6767=CARTESIAN_POINT('Origin',(3.15,0.,-10.2));
#6768=CARTESIAN_POINT('Ctrl Pts',(1.8109483688571,0.000722039214570286,
-9.8437616837164));
#6769=CARTESIAN_POINT('Ctrl Pts',(1.81066086972484,0.0448147141301769,-9.84613051799603));
#6770=CARTESIAN_POINT('Ctrl Pts',(1.8324369519732,0.525909194023619,-9.87199239564176));
#6771=CARTESIAN_POINT('Ctrl Pts',(2.41284689139751,1.3903256743388,-9.9213473166536));
#6772=CARTESIAN_POINT('Ctrl Pts',(3.89974671067469,1.38378061441441,-9.99182644675193));
#6773=CARTESIAN_POINT('Ctrl Pts',(4.71734135850729,0.141406878963248,-10.0623055768503));
#6774=CARTESIAN_POINT('Ctrl Pts',(4.14466561193761,-1.20515628777325,-10.1316967612663));
#6775=CARTESIAN_POINT('Ctrl Pts',(3.2061357895065,-1.40057615978757,-10.1775949023162));
#6776=CARTESIAN_POINT('Ctrl Pts',(2.80320446892827,-1.29404238252823,-10.2));
#6777=CARTESIAN_POINT('Origin',(3.15,0.,-3.80623831628361));
#6778=CARTESIAN_POINT('',(1.81455211497983,9.7577689340822E-5,-9.3937616837164));
#6779=CARTESIAN_POINT('',(1.81050683320885,-0.000114882554435124,-9.43123831628361));
#6780=CARTESIAN_POINT('',(1.8125,7.90731301023577E-14,-3.80623831628361));
#6781=CARTESIAN_POINT('Ctrl Pts',(1.81050683320885,-0.000114882554435003,
-9.43123831628361));
#6782=CARTESIAN_POINT('Ctrl Pts',(1.8110503547705,0.427040222399768,-9.45420675573926));
#6783=CARTESIAN_POINT('Ctrl Pts',(2.25973548080126,1.2890358200945,-9.50050374070656));
#6784=CARTESIAN_POINT('Ctrl Pts',(3.71556215249474,1.46472214094583,-9.57012927118553));
#6785=CARTESIAN_POINT('Ctrl Pts',(4.68051677876075,0.35051226016101,-9.64011490772045));
#6786=CARTESIAN_POINT('Ctrl Pts',(4.29662030761428,-1.07265171919585,-9.71010054425541));
#6787=CARTESIAN_POINT('Ctrl Pts',(2.90229548848306,-1.55040276678594,-9.78008618079035));
#6788=CARTESIAN_POINT('Ctrl Pts',(1.94359907893655,-0.826269639415132,-9.83713210479974));
#6789=CARTESIAN_POINT('Ctrl Pts',(1.81392407961389,-0.195004403506426,-9.8708494832975));
#6790=CARTESIAN_POINT('Ctrl Pts',(1.81441829474909,-0.000319532428543906,
-9.88123831628361));
#6791=CARTESIAN_POINT('Ctrl Pts',(1.81455211497983,9.7577689340822E-5,-9.3937616837164));
#6792=CARTESIAN_POINT('Ctrl Pts',(1.8144093751124,0.213963942714646,-9.40517225779937));
#6793=CARTESIAN_POINT('Ctrl Pts',(1.96291125410257,0.867969033151224,-9.44007587524845));
#6794=CARTESIAN_POINT('Ctrl Pts',(2.97918398278941,1.56442236063481,-9.49847253606362));
#6795=CARTESIAN_POINT('Ctrl Pts',(4.35821969420537,1.00836992238268,-9.56895166616196));
#6796=CARTESIAN_POINT('Ctrl Pts',(4.65863992872409,-0.447895432101834,-9.63943079626028));
#6797=CARTESIAN_POINT('Ctrl Pts',(3.61224909862811,-1.50429244740311,-9.70990992635862));
#6798=CARTESIAN_POINT('Ctrl Pts',(2.20223460514327,-1.22742419843661,-9.77802022217731));
#6799=CARTESIAN_POINT('Ctrl Pts',(1.81351215807367,-0.392476797914509,-9.82263747462992));
#6800=CARTESIAN_POINT('Ctrl Pts',(1.8109483688571,0.000722039214570286,
-9.8437616837164));
#6801=CARTESIAN_POINT('Origin',(3.15,0.,-3.80623831628361));
#6802=CARTESIAN_POINT('',(1.81123634114344,-0.000863543600326602,-8.94376168371639));
#6803=CARTESIAN_POINT('',(1.81425645265086,0.000538795688223908,-8.9812383162836));
#6804=CARTESIAN_POINT('',(1.8125,7.90731301023577E-14,-3.80623831628361));
#6805=CARTESIAN_POINT('Ctrl Pts',(1.81425645265086,0.000538795688223882,
-8.9812383162836));
#6806=CARTESIAN_POINT('Ctrl Pts',(1.81357104376925,0.18165800423678,-8.99090693715773));
#6807=CARTESIAN_POINT('Ctrl Pts',(1.93109901863612,0.798931733781257,-9.0239041035435));
#6808=CARTESIAN_POINT('Ctrl Pts',(2.85560443995213,1.54228129621693,-9.08022981544092));
#6809=CARTESIAN_POINT('Ctrl Pts',(4.26376311576865,1.10672095771541,-9.15021545197586));
#6810=CARTESIAN_POINT('Ctrl Pts',(4.69038308137399,-0.304171742474342,-9.22020108851081));
#6811=CARTESIAN_POINT('Ctrl Pts',(3.75949099590529,-1.44700449541397,-9.29018672504574));
#6812=CARTESIAN_POINT('Ctrl Pts',(2.29146693265837,-1.31461669034352,-9.3601723615807));
#6813=CARTESIAN_POINT('Ctrl Pts',(1.81352834295042,-0.44735325518035,-9.40718955865998));
#6814=CARTESIAN_POINT('Ctrl Pts',(1.81049831171542,-0.0068119479096412,
-9.43087821022762));
#6815=CARTESIAN_POINT('Ctrl Pts',(1.81050683320885,-0.000114882554435003,
-9.43123831628361));
#6816=CARTESIAN_POINT('Ctrl Pts',(1.81123634114344,-0.000863543600326646,
-8.9437616837164));
#6817=CARTESIAN_POINT('Ctrl Pts',(1.81411777224137,0.380047192414552,-8.96421399760271));
#6818=CARTESIAN_POINT('Ctrl Pts',(2.18189656753759,1.20337140318631,-9.00815935485512));
#6819=CARTESIAN_POINT('Ctrl Pts',(3.56973446698869,1.51671441459246,-9.07559775547367));
#6820=CARTESIAN_POINT('Ctrl Pts',(4.64543840316841,0.490167024110107,-9.14607688557199));
#6821=CARTESIAN_POINT('Ctrl Pts',(4.38611733116169,-0.973968076778103,-9.21655601567031));
#6822=CARTESIAN_POINT('Ctrl Pts',(3.02327534300767,-1.56861083863233,-9.28703514576865));
#6823=CARTESIAN_POINT('Ctrl Pts',(1.97589271397786,-0.893349577195485,-9.346103701784));
#6824=CARTESIAN_POINT('Ctrl Pts',(1.81470325987851,-0.226361999832935,-9.38167921443325));
#6825=CARTESIAN_POINT('Ctrl Pts',(1.81455211497983,9.7577689340822E-5,-9.3937616837164));
#6826=CARTESIAN_POINT('Origin',(3.15,0.,-3.80623831628361));
#6827=CARTESIAN_POINT('',(1.81277918382103,0.00113416899908625,-8.49376168371639));
#6828=CARTESIAN_POINT('',(1.81156202843542,-0.000940360139077967,-8.53123831628361));
#6829=CARTESIAN_POINT('',(1.8125,7.90731301023577E-14,-3.80623831628361));
#6830=CARTESIAN_POINT('Ctrl Pts',(1.81156202843542,-0.000940360139077964,
-8.53123831628361));
#6831=CARTESIAN_POINT('Ctrl Pts',(1.81451664835524,0.366145138904913,-8.55093566408785));
#6832=CARTESIAN_POINT('Ctrl Pts',(2.15863609153358,1.17286678681044,-8.59396155740373));
#6833=CARTESIAN_POINT('Ctrl Pts',(3.51019729681754,1.52825364099131,-8.66031599623126));
#6834=CARTESIAN_POINT('Ctrl Pts',(4.61828800000588,0.556265076507449,-8.73030163276621));
#6835=CARTESIAN_POINT('Ctrl Pts',(4.43240256320729,-0.905948796661613,-8.80028726930115));
#6836=CARTESIAN_POINT('Ctrl Pts',(3.1163596465853,-1.56976707477849,-8.87027290583609));
#6837=CARTESIAN_POINT('Ctrl Pts',(2.00768076969174,-0.949590397954423,-8.9305899214969));
#6838=CARTESIAN_POINT('Ctrl Pts',(1.81522480519985,-0.255348240466294,-8.96757839164608));
#6839=CARTESIAN_POINT('Ctrl Pts',(1.81425645265086,0.000538795688223882,
-8.9812383162836));
#6840=CARTESIAN_POINT('Ctrl Pts',(1.81277918382103,0.00113416899908621,
-8.49376168371639));
#6841=CARTESIAN_POINT('Ctrl Pts',(1.81181715424223,0.113233242895987,-8.49976269403994));
#6842=CARTESIAN_POINT('Ctrl Pts',(1.87549882110674,0.663106399169828,-8.5292567477296));
#6843=CARTESIAN_POINT('Ctrl Pts',(2.63208583049104,1.48605529749459,-8.58224384478535));
#6844=CARTESIAN_POINT('Ctrl Pts',(4.10079277385595,1.25403104704965,-8.65272297488369));
#6845=CARTESIAN_POINT('Ctrl Pts',(4.72069802494974,-0.0975085368083076,
-8.72320210498201));
#6846=CARTESIAN_POINT('Ctrl Pts',(3.93839112231582,-1.36199799559994,-8.79368123508035));
#6847=CARTESIAN_POINT('Ctrl Pts',(2.45226287642708,-1.41058951412852,-8.86416036517867));
#6848=CARTESIAN_POINT('Ctrl Pts',(1.83952870221862,-0.551231693394765,-8.91418718139069));
#6849=CARTESIAN_POINT('Ctrl Pts',(1.81080794695136,-0.0574951066894985,
-8.9407209542366));
#6850=CARTESIAN_POINT('Ctrl Pts',(1.81123634114344,-0.000863543600326646,
-8.9437616837164));
#6851=CARTESIAN_POINT('Origin',(3.15,0.,-3.80623831628361));
#6852=CARTESIAN_POINT('',(1.81394375888396,-0.000917725538764763,-8.04376168371639));
#6853=CARTESIAN_POINT('',(1.81299853132745,0.00106880487157126,-8.08123831628361));
#6854=CARTESIAN_POINT('',(1.8125,7.90731301023577E-14,-3.80623831628361));
#6855=CARTESIAN_POINT('',(3.69797565045854,1.22009382282861,-7.73649428360542));
#6856=CARTESIAN_POINT('Ctrl Pts',(3.69797565045854,1.22009382282861,-7.73649428360542));
#6857=CARTESIAN_POINT('Ctrl Pts',(4.09819664172915,1.04034423807108,-7.75998732697153));
#6858=CARTESIAN_POINT('Ctrl Pts',(4.70167521330273,0.259768630453201,-7.80697341370375));
#6859=CARTESIAN_POINT('Ctrl Pts',(4.22461799671902,-1.15097907694338,-7.87745254380207));
#6860=CARTESIAN_POINT('Ctrl Pts',(2.78680167847573,-1.53081667242585,-7.94793167390041));
#6861=CARTESIAN_POINT('Ctrl Pts',(1.91146784473744,-0.755978239468729,-8.00336805387184));
#6862=CARTESIAN_POINT('Ctrl Pts',(1.81299818973264,-0.159123274958914,-8.03531139047717));
#6863=CARTESIAN_POINT('Ctrl Pts',(1.81394375888396,-0.000917725538764676,
-8.04376168371639));
#6864=CARTESIAN_POINT('',(3.64125119754688,1.24184756480855,-7.77070592021212));
#6865=CARTESIAN_POINT('Ctrl Pts',(3.64180402652638,1.24379863703593,-7.77070592021212));
#6866=CARTESIAN_POINT('Ctrl Pts',(3.66101825963856,1.23620123587323,-7.75985307427203));
#6867=CARTESIAN_POINT('Ctrl Pts',(3.67976840475561,1.22827116716103,-7.74842159441036));
#6868=CARTESIAN_POINT('Ctrl Pts',(3.69797565045854,1.22009382282861,-7.73649428360542));
#6869=CARTESIAN_POINT('Ctrl Pts',(3.64125119754688,1.24184756480855,-7.77070592021212));
#6870=CARTESIAN_POINT('Ctrl Pts',(3.92903177502031,1.12602564438576,-7.78730006607873));
#6871=CARTESIAN_POINT('Ctrl Pts',(4.52893059354184,0.611064616923985,-7.82722275745699));
#6872=CARTESIAN_POINT('Ctrl Pts',(4.54477037178646,-0.72300731760911,-7.89047399434689));
#6873=CARTESIAN_POINT('Ctrl Pts',(3.33076162054897,-1.55928668397097,-7.96045963088184));
#6874=CARTESIAN_POINT('Ctrl Pts',(2.08406063680529,-1.07175197709196,-8.02404773819407));
#6875=CARTESIAN_POINT('Ctrl Pts',(1.81559686535221,-0.315368660931364,-8.06430729999467));
#6876=CARTESIAN_POINT('Ctrl Pts',(1.81299853132745,0.00106880487157115,
-8.08123831628361));
#6877=CARTESIAN_POINT('Origin',(3.15,0.,-3.80623831628361));
#6878=CARTESIAN_POINT('',(1.81425045661599,-0.000334071251886017,-5.7937616837164));
#6879=CARTESIAN_POINT('',(1.81458565500976,0.00105160946231622,-5.83123831628361));
#6880=CARTESIAN_POINT('',(1.8125,7.90731301023577E-14,-3.80623831628361));
#6881=CARTESIAN_POINT('',(2.904779458266,1.31482817733409,-5.93053267929668));
#6882=CARTESIAN_POINT('Ctrl Pts',(1.81458565500976,0.00105160946231616,
-5.83123831628361));
#6883=CARTESIAN_POINT('Ctrl Pts',(1.81386801041851,0.178937964317155,-5.84072986735203));
#6884=CARTESIAN_POINT('Ctrl Pts',(1.92919343086051,0.79791705989093,-5.87382798835639));
#6885=CARTESIAN_POINT('Ctrl Pts',(2.47139907896764,1.23400105998108,-5.90692610936075));
#6886=CARTESIAN_POINT('Ctrl Pts',(2.904779458266,1.31482817733409,-5.93053267929668));
#6887=CARTESIAN_POINT('',(3.07925680012316,1.3373921532036,-5.90248629723287));
#6888=CARTESIAN_POINT('Ctrl Pts',(3.07952721949708,1.3356421067068,-5.90248629723287));
#6889=CARTESIAN_POINT('Ctrl Pts',(3.02108857537715,1.33255869557498,-5.90661489589626));
#6890=CARTESIAN_POINT('Ctrl Pts',(2.96223342191337,1.32554356382584,-5.9160000676351));
#6891=CARTESIAN_POINT('Ctrl Pts',(2.904779458266,1.31482817733409,-5.93053267929668));
#6892=CARTESIAN_POINT('Ctrl Pts',(1.81425045661599,-0.000334071251886121,
-5.7937616837164));
#6893=CARTESIAN_POINT('Ctrl Pts',(1.81490013010329,0.241157635703582,-5.80665182018073));
#6894=CARTESIAN_POINT('Ctrl Pts',(1.99016206290203,0.9133159621963,-5.84248489204749));
#6895=CARTESIAN_POINT('Ctrl Pts',(2.63800074548711,1.31061622650162,-5.87872642988631));
#6896=CARTESIAN_POINT('Ctrl Pts',(3.07166714279236,1.33700043248989,-5.90207783126081));
#6897=CARTESIAN_POINT('Ctrl Pts',(3.07925680012316,1.3373921532036,-5.90248629723287));
#6898=CARTESIAN_POINT('Origin',(3.15,0.,-3.80623831628361));
#6899=CARTESIAN_POINT('',(1.81109089117839,0.000624114422560357,-5.3437616837164));
#6900=CARTESIAN_POINT('',(1.81263249203951,-0.00116897103330348,-5.38123831628361));
#6901=CARTESIAN_POINT('',(1.8125,7.90731301023577E-14,-3.80623831628361));
#6902=CARTESIAN_POINT('Ctrl Pts',(1.81263249203951,-0.00116897103330354,
-5.38123831628361));
#6903=CARTESIAN_POINT('Ctrl Pts',(1.81558429486936,0.332221402380962,-5.39909044773645));
#6904=CARTESIAN_POINT('Ctrl Pts',(2.10938078715375,1.11111194890008,-5.44054914912522));
#6905=CARTESIAN_POINT('Ctrl Pts',(3.41013391373331,1.55455102867968,-5.50561442044993));
#6906=CARTESIAN_POINT('Ctrl Pts',(4.59178497486014,0.637274531359415,-5.57643413025771));
#6907=CARTESIAN_POINT('Ctrl Pts',(4.47457725706996,-0.854345209901079,-5.64725384006552));
#6908=CARTESIAN_POINT('Ctrl Pts',(3.16494445375668,-1.57576266291893,-5.7180735498733));
#6909=CARTESIAN_POINT('Ctrl Pts',(2.01820545925484,-0.972702324863334,-5.77940170861267));
#6910=CARTESIAN_POINT('Ctrl Pts',(1.81565287435806,-0.263485686596745,-5.8171232974161));
#6911=CARTESIAN_POINT('Ctrl Pts',(1.81458565500976,0.00105160946231616,
-5.83123831628361));
#6912=CARTESIAN_POINT('Ctrl Pts',(1.81109089117839,0.000624114422560205,
-5.3437616837164));
#6913=CARTESIAN_POINT('Ctrl Pts',(1.81083497061975,0.0432551124662685,-5.34605127236372));
#6914=CARTESIAN_POINT('Ctrl Pts',(1.83147480534928,0.512821440045801,-5.37128379641346));
#6915=CARTESIAN_POINT('Ctrl Pts',(2.38229880013017,1.36012946206724,-5.41945925586563));
#6916=CARTESIAN_POINT('Ctrl Pts',(3.82536013166448,1.40826346200668,-5.48828806207292));
#6917=CARTESIAN_POINT('Ctrl Pts',(4.69124695219193,0.25283698800296,-5.55711686828022));
#6918=CARTESIAN_POINT('Ctrl Pts',(4.2398743343635,-1.11871893265017,-5.62594567448751));
#6919=CARTESIAN_POINT('Ctrl Pts',(2.8570963228425,-1.53406987516503,-5.6947744806948));
#6920=CARTESIAN_POINT('Ctrl Pts',(1.93664472095377,-0.806228685796342,-5.75071315043776));
#6921=CARTESIAN_POINT('Ctrl Pts',(1.81374378727535,-0.188669360173014,-5.7837088847783));
#6922=CARTESIAN_POINT('Ctrl Pts',(1.81425045661599,-0.000334071251886121,
-5.7937616837164));
#6923=CARTESIAN_POINT('Origin',(3.15,0.,-3.80623831628361));
#6924=CARTESIAN_POINT('',(1.81404790636114,-0.00113198713775617,-4.8937616837164));
#6925=CARTESIAN_POINT('',(1.81100422624001,0.000745236828989839,-4.93123831628361));
#6926=CARTESIAN_POINT('',(1.8125,7.90731301023577E-14,-3.80623831628361));
#6927=CARTESIAN_POINT('',(2.80404029068405,-1.29198224814818,-4.8));
#6928=CARTESIAN_POINT('Ctrl Pts',(2.80404029068405,-1.29198224814818,-4.8));
#6929=CARTESIAN_POINT('Ctrl Pts',(2.39016177450353,-1.18115619666399,-4.82294293540243));
#6930=CARTESIAN_POINT('Ctrl Pts',(1.90836764943039,-0.740580430323972,-4.85419682997456));
#6931=CARTESIAN_POINT('Ctrl Pts',(1.8132395119352,-0.15673749513094,-4.8854507245467));
#6932=CARTESIAN_POINT('Ctrl Pts',(1.81404790636114,-0.00113198713775619,
-4.8937616837164));
#6933=CARTESIAN_POINT('',(3.49676213941557,-1.29413583877843,-4.8));
#6934=CARTESIAN_POINT('Origin',(3.15,0.,-4.8));
#6935=CARTESIAN_POINT('Ctrl Pts',(3.49676395063623,-1.29414069979726,-4.8));
#6936=CARTESIAN_POINT('Ctrl Pts',(3.08785038393958,-1.40254657100161,-4.82274567739327));
#6937=CARTESIAN_POINT('Ctrl Pts',(2.19184783269339,-1.20872082123605,-4.86649178282114));
#6938=CARTESIAN_POINT('Ctrl Pts',(1.81374827346257,-0.390112515636886,-4.91023788824901));
#6939=CARTESIAN_POINT('Ctrl Pts',(1.81100422624001,0.000745236828989864,
-4.93123831628361));
#6940=CARTESIAN_POINT('Origin',(3.15,0.,-3.80623831628361));
#6941=CARTESIAN_POINT('Ctrl Pts',(1.81100422624001,0.000745236828989795,
-4.93123831628361));
#6942=CARTESIAN_POINT('Ctrl Pts',(1.81066369144547,0.0492504751261537,-4.93384445818494));
#6943=CARTESIAN_POINT('Ctrl Pts',(1.83492920266897,0.536790744241341,-4.96005717002219));
#6944=CARTESIAN_POINT('Ctrl Pts',(2.43221704657795,1.40344233006865,-5.00987645179539));
#6945=CARTESIAN_POINT('Ctrl Pts',(3.92775609492751,1.37090992069004,-5.08069616160317));
#6946=CARTESIAN_POINT('Ctrl Pts',(4.7228032842668,0.103894538433491,-5.15151587141097));
#6947=CARTESIAN_POINT('Ctrl Pts',(4.10127619032351,-1.25682652600172,-5.22233558121876));
#6948=CARTESIAN_POINT('Ctrl Pts',(2.62297983968127,-1.48549160862659,-5.29315529102655));
#6949=CARTESIAN_POINT('Ctrl Pts',(1.87232927252201,-0.655893140635898,-5.3461228693815));
#6950=CARTESIAN_POINT('Ctrl Pts',(1.8116810108204,-0.108633695888917,-5.37548387780052));
#6951=CARTESIAN_POINT('Ctrl Pts',(1.81263249203951,-0.00116897103330354,
-5.38123831628361));
#6952=CARTESIAN_POINT('Ctrl Pts',(1.81404790636114,-0.00113198713775619,
-4.8937616837164));
#6953=CARTESIAN_POINT('Ctrl Pts',(1.81547113655461,0.272821481787722,-4.90839365994913));
#6954=CARTESIAN_POINT('Ctrl Pts',(2.02691199917683,0.979131164025725,-4.94596857158429));
#6955=CARTESIAN_POINT('Ctrl Pts',(3.15514279623625,1.56146521619892,-5.00648641862187));
#6956=CARTESIAN_POINT('Ctrl Pts',(4.43304341061879,0.890588928610037,-5.07531522482918));
#6957=CARTESIAN_POINT('Ctrl Pts',(4.61483793754589,-0.542102580983104,-5.14414403103645));
#6958=CARTESIAN_POINT('Ctrl Pts',(3.54447817119774,-1.51114192531003,-5.21297283724376));
#6959=CARTESIAN_POINT('Ctrl Pts',(2.18391253535886,-1.19957887203203,-5.27951205480373));
#6960=CARTESIAN_POINT('Ctrl Pts',(1.81339943513702,-0.38393089555558,-5.32310833696128));
#6961=CARTESIAN_POINT('Ctrl Pts',(1.81109089117839,0.000624114422560205,
-5.3437616837164));
#6962=CARTESIAN_POINT('Origin',(3.15,0.,-3.80623831628361));
#6963=CARTESIAN_POINT('Ctrl Pts',(1.81299853132745,0.00106880487157115,
-8.08123831628361));
#6964=CARTESIAN_POINT('Ctrl Pts',(1.81201672860692,0.120637406075704,-8.08763584550631));
#6965=CARTESIAN_POINT('Ctrl Pts',(1.88063130447899,0.675112891008114,-8.11736192024067));
#6966=CARTESIAN_POINT('Ctrl Pts',(2.64774744450085,1.48756466574663,-8.17041654048667));
#6967=CARTESIAN_POINT('Ctrl Pts',(4.1021331485688,1.2485040279966,-8.24040217702161));
#6968=CARTESIAN_POINT('Ctrl Pts',(4.71750494920384,-0.090932330954717,-8.31038781355656));
#6969=CARTESIAN_POINT('Ctrl Pts',(3.95142014231488,-1.35018415558894,-8.38037345009148));
#6970=CARTESIAN_POINT('Ctrl Pts',(2.47908076815619,-1.41956797780782,-8.45035908662643));
#6971=CARTESIAN_POINT('Ctrl Pts',(1.84597785961717,-0.570478489718679,-8.50064737535715));
#6972=CARTESIAN_POINT('Ctrl Pts',(1.81101734550725,-0.0686124160828202,
-8.5276071185762));
#6973=CARTESIAN_POINT('Ctrl Pts',(1.81156202843542,-0.000940360139077964,
-8.53123831628361));
#6974=CARTESIAN_POINT('Ctrl Pts',(1.81394375888396,-0.000917725538764676,
-8.04376168371639));
#6975=CARTESIAN_POINT('Ctrl Pts',(1.81562700940182,0.28071114593853,-8.05880443384328));
#6976=CARTESIAN_POINT('Ctrl Pts',(2.03908185130162,1.00471927530206,-8.09734022733628));
#6977=CARTESIAN_POINT('Ctrl Pts',(3.21828595901429,1.57217594882044,-8.15936906419538));
#6978=CARTESIAN_POINT('Ctrl Pts',(4.49707448112527,0.813637183312389,-8.22984819429372));
#6979=CARTESIAN_POINT('Ctrl Pts',(4.57333865619313,-0.671380176574417,-8.30032732439203));
#6980=CARTESIAN_POINT('Ctrl Pts',(3.37891688625549,-1.55697368496825,-8.37080645449038));
#6981=CARTESIAN_POINT('Ctrl Pts',(2.09924708934902,-1.09558157556644,-8.43528457426515));
#6982=CARTESIAN_POINT('Ctrl Pts',(1.81558335383122,-0.325617594275216,-8.47626965067383));
#6983=CARTESIAN_POINT('Ctrl Pts',(1.81277918382103,0.00113416899908621,
-8.49376168371639));
#6984=CARTESIAN_POINT('Origin',(3.15,0.,-3.80623831628361));
#6985=CARTESIAN_POINT('',(3.99663625525179,-1.03542904213337,-7.43217201288044));
#6986=CARTESIAN_POINT('',(3.9706521685692,-1.05614216288465,-7.47142805165889));
#6987=CARTESIAN_POINT('Ctrl Pts',(3.99663625525179,-1.03542904213337,-7.43217201288044));
#6988=CARTESIAN_POINT('Ctrl Pts',(3.98825461005622,-1.04228243759793,-7.445506432071));
#6989=CARTESIAN_POINT('Ctrl Pts',(3.97958427387194,-1.04920166581505,-7.45860027471426));
#6990=CARTESIAN_POINT('Ctrl Pts',(3.9706521685692,-1.05614216288465,-7.47142805165889));
#6991=CARTESIAN_POINT('',(4.06208321866168,0.978269110335064,-7.31000512464573));
#6992=CARTESIAN_POINT('Ctrl Pts',(4.06208321866168,0.978269110335064,-7.31000512464573));
#6993=CARTESIAN_POINT('Ctrl Pts',(4.34020048798803,0.718968176172178,-7.33036627268485));
#6994=CARTESIAN_POINT('Ctrl Pts',(4.65948642675507,-0.0490596382672665,
-7.37108856876309));
#6995=CARTESIAN_POINT('Ctrl Pts',(4.29100382214829,-0.794734369332482,-7.41181086484132));
#6996=CARTESIAN_POINT('Ctrl Pts',(3.99663625525178,-1.03542904213337,-7.43217201288044));
#6997=CARTESIAN_POINT('',(4.04491583176099,0.993997939667653,-7.34623497628888));
#6998=CARTESIAN_POINT('Ctrl Pts',(4.04491583176099,0.993997939667651,-7.34623497628888));
#6999=CARTESIAN_POINT('Ctrl Pts',(4.05086645676399,0.988640475319346,-7.33430111003674));
#7000=CARTESIAN_POINT('Ctrl Pts',(4.0565918975002,0.983388910016714,-7.3222209277628));
#7001=CARTESIAN_POINT('Ctrl Pts',(4.06208321866167,0.978269110335064,-7.31000512464573));
#7002=CARTESIAN_POINT('Ctrl Pts',(4.04491583176099,0.993997939667654,-7.34623497628888));
#7003=CARTESIAN_POINT('Ctrl Pts',(4.33450472187004,0.733275384702063,-7.36710048885055));
#7004=CARTESIAN_POINT('Ctrl Pts',(4.66849607379391,-0.0550055485680747,
-7.40883151397388));
#7005=CARTESIAN_POINT('Ctrl Pts',(4.2783460022701,-0.81705539904187,-7.45056253909722));
#7006=CARTESIAN_POINT('Ctrl Pts',(3.97065216856919,-1.05614216288466,-7.47142805165889));
#7007=CARTESIAN_POINT('Origin',(3.15,0.,-3.80623831628361));
#7008=CARTESIAN_POINT('',(2.39994567920167,-1.10739548755255,-7.56137622867152));
#7009=CARTESIAN_POINT('',(2.37005723364053,-1.08655212999816,-7.52585084581195));
#7010=CARTESIAN_POINT('Ctrl Pts',(2.39994567920167,-1.10739548755255,-7.56137622867152));
#7011=CARTESIAN_POINT('Ctrl Pts',(2.38976994236658,-1.10050331987961,-7.54983611723479));
#7012=CARTESIAN_POINT('Ctrl Pts',(2.37979587734159,-1.09354266869308,-7.53798725939935));
#7013=CARTESIAN_POINT('Ctrl Pts',(2.37005723364053,-1.08655212999816,-7.52585084581195));
#7014=CARTESIAN_POINT('',(2.56542900865051,1.20298919615792,-7.71134256394736));
#7015=CARTESIAN_POINT('Ctrl Pts',(2.39995202257027,-1.10738851649902,-7.56137622867152));
#7016=CARTESIAN_POINT('Ctrl Pts',(2.11767583280515,-0.915877432007362,-7.57964386833766));
#7017=CARTESIAN_POINT('Ctrl Pts',(1.70217908001857,-0.301696519129875,-7.61659584600089));
#7018=CARTESIAN_POINT('Ctrl Pts',(1.8839302249661,0.691137449134381,-7.66658462442617));
#7019=CARTESIAN_POINT('Ctrl Pts',(2.34692592220875,1.09510492697228,-7.69830576318531));
#7020=CARTESIAN_POINT('Ctrl Pts',(2.56571530470027,1.20218928563156,-7.71134256394736));
#7021=CARTESIAN_POINT('',(2.512798828703,1.17595957298613,-7.67069751997637));
#7022=CARTESIAN_POINT('Ctrl Pts',(2.512798828703,1.17595957298613,-7.67069751997637));
#7023=CARTESIAN_POINT('Ctrl Pts',(2.52969674702761,1.18511581746619,-7.68466846586608));
#7024=CARTESIAN_POINT('Ctrl Pts',(2.54726157264779,1.1941610569624,-7.69825295599838));
#7025=CARTESIAN_POINT('Ctrl Pts',(2.56542900865051,1.20298919615792,-7.71134256394736));
#7026=CARTESIAN_POINT('Ctrl Pts',(2.37005723364052,-1.08655212999815,-7.52585084581195));
#7027=CARTESIAN_POINT('Ctrl Pts',(2.12589193533293,-0.911286762646348,-7.54194492071911));
#7028=CARTESIAN_POINT('Ctrl Pts',(1.76075846909861,-0.390905274684127,-7.57413307053342));
#7029=CARTESIAN_POINT('Ctrl Pts',(1.82090269809148,0.562404949317301,-7.6224152952549));
#7030=CARTESIAN_POINT('Ctrl Pts',(2.24854227624811,1.03277047991248,-7.65460344506921));
#7031=CARTESIAN_POINT('Ctrl Pts',(2.512798828703,1.17595957298613,-7.67069751997637));
#7032=CARTESIAN_POINT('Origin',(3.15,0.,-3.80623831628361));
#7033=CARTESIAN_POINT('',(4.14999108273354,0.888213985733957,-6.90422308576727));
#7034=CARTESIAN_POINT('',(4.14944548366641,0.888827865887884,-6.86670247488458));
#7035=CARTESIAN_POINT('Ctrl Pts',(4.14999108273354,0.888213985733954,-6.90422308576727));
#7036=CARTESIAN_POINT('Ctrl Pts',(4.14999702806172,0.888207292217236,-6.90281528221066));
#7037=CARTESIAN_POINT('Ctrl Pts',(4.15,0.888203946174525,-6.9014075807213));
#7038=CARTESIAN_POINT('Ctrl Pts',(4.15,0.888203946174525,-6.9));
#7039=CARTESIAN_POINT('Ctrl Pts',(4.15,0.888203946174525,-6.8889054826859));
#7040=CARTESIAN_POINT('Ctrl Pts',(4.1498153149032,0.888412007909628,-6.8778031845633));
#7041=CARTESIAN_POINT('Ctrl Pts',(4.14944548366641,0.888827865887885,-6.86670247488458));
#7042=CARTESIAN_POINT('',(4.14407141784242,-0.894834211588253,-7.00872909559437));
#7043=CARTESIAN_POINT('Ctrl Pts',(4.14999108273354,0.888213985733957,-6.90422308576727));
#7044=CARTESIAN_POINT('Ctrl Pts',(4.36600164013824,0.645019626434929,-6.92164075407179));
#7045=CARTESIAN_POINT('Ctrl Pts',(4.6118741880498,-0.00485337710962949,
-6.95647609068082));
#7046=CARTESIAN_POINT('Ctrl Pts',(4.36169199118911,-0.653079494237367,-6.99131142728986));
#7047=CARTESIAN_POINT('Ctrl Pts',(4.14407141784241,-0.89483421158826,-7.00872909559437));
#7048=CARTESIAN_POINT('',(4.14747779241816,-0.891035523215877,-6.97097924790103));
#7049=CARTESIAN_POINT('Ctrl Pts',(4.14747779241816,-0.891035523215879,-6.97097924790103));
#7050=CARTESIAN_POINT('Ctrl Pts',(4.14658099933272,-0.892039446363515,-6.9835819622658));
#7051=CARTESIAN_POINT('Ctrl Pts',(4.14544496652473,-0.893308336215558,-6.99617122891993));
#7052=CARTESIAN_POINT('Ctrl Pts',(4.14407141784242,-0.894834211588253,-7.00872909559437));
#7053=CARTESIAN_POINT('Ctrl Pts',(4.14944548366641,0.888827865887884,-6.86670247488458));
#7054=CARTESIAN_POINT('Ctrl Pts',(4.36513118200707,0.646299356857992,-6.88408193705399));
#7055=CARTESIAN_POINT('Ctrl Pts',(4.61131228895534,-0.00161552365172479,
-6.9188408613928));
#7056=CARTESIAN_POINT('Ctrl Pts',(4.3636992076628,-0.648984500184438,-6.95359978573162));
#7057=CARTESIAN_POINT('Ctrl Pts',(4.14747779241816,-0.891035523215877,-6.97097924790103));
#7058=CARTESIAN_POINT('Origin',(3.15,0.,-3.80623831628361));
#7059=CARTESIAN_POINT('',(2.17614010960395,-0.916789596296662,-7.12714954078272));
#7060=CARTESIAN_POINT('',(2.16827215189767,-0.908359335428645,-7.09029038930112));
#7061=CARTESIAN_POINT('Ctrl Pts',(2.17614010960395,-0.916789596296663,-7.12714954078272));
#7062=CARTESIAN_POINT('Ctrl Pts',(2.17404593812263,-0.914565062316885,-7.11817118404803));
#7063=CARTESIAN_POINT('Ctrl Pts',(2.17207345820961,-0.912453417603493,-7.10915696149181));
#7064=CARTESIAN_POINT('Ctrl Pts',(2.16955906252419,-0.90974927581302,-7.0968402973136));
#7065=CARTESIAN_POINT('Ctrl Pts',(2.16890735066131,-0.909045839426597,-7.09356744558146));
#7066=CARTESIAN_POINT('Ctrl Pts',(2.16827215189767,-0.908359335428646,-7.09029038930112));
#7067=CARTESIAN_POINT('',(2.20879356093659,0.950282425947979,-7.23783196868498));
#7068=CARTESIAN_POINT('Ctrl Pts',(2.17614010960396,-0.916789596296669,-7.12714954078272));
#7069=CARTESIAN_POINT('Ctrl Pts',(1.94000288331144,-0.665952791162111,-7.14559661209976));
#7070=CARTESIAN_POINT('Ctrl Pts',(1.67237705720599,0.025842328670598,-7.18249075473386));
#7071=CARTESIAN_POINT('Ctrl Pts',(1.96402959637557,0.707856160655635,-7.21938489736794));
#7072=CARTESIAN_POINT('Ctrl Pts',(2.2087935609366,0.950282425947992,-7.23783196868498));
#7073=CARTESIAN_POINT('',(2.19586422122075,0.937299933667616,-7.19937420672684));
#7074=CARTESIAN_POINT('Ctrl Pts',(2.19586422122075,0.937299933667618,-7.19937420672684));
#7075=CARTESIAN_POINT('Ctrl Pts',(2.19992052646751,0.941429098544904,-7.21230206049185));
#7076=CARTESIAN_POINT('Ctrl Pts',(2.20423283244031,0.945765256198957,-7.22512569034127));
#7077=CARTESIAN_POINT('Ctrl Pts',(2.20879356093659,0.950282425947977,-7.23783196868499));
#7078=CARTESIAN_POINT('Ctrl Pts',(2.16827215189768,-0.908359335428659,-7.09029038930112));
#7079=CARTESIAN_POINT('Ctrl Pts',(1.93768552522716,-0.659148143367097,-7.10847102553874));
#7080=CARTESIAN_POINT('Ctrl Pts',(1.67653367321505,0.0220278930757209,-7.14483229801398));
#7081=CARTESIAN_POINT('Ctrl Pts',(1.9579310361328,0.695092976538114,-7.18119357048922));
#7082=CARTESIAN_POINT('Ctrl Pts',(2.19586422122076,0.937299933667623,-7.19937420672684));
#7083=CARTESIAN_POINT('Origin',(3.15,0.,-3.80623831628361));
#7084=CARTESIAN_POINT('',(3.49826682479421,1.29136225310629,-5.96260455583155));
#7085=CARTESIAN_POINT('',(3.32628042516021,1.3259792274249,-5.9157581527719));
#7086=CARTESIAN_POINT('Ctrl Pts',(3.49826682479421,1.29136225310629,-5.96260455583155));
#7087=CARTESIAN_POINT('Ctrl Pts',(3.44291369852966,1.30629040938484,-5.9420394275855));
#7088=CARTESIAN_POINT('Ctrl Pts',(3.3852186920531,1.31797139415536,-5.92624862457232));
#7089=CARTESIAN_POINT('Ctrl Pts',(3.32682756053573,1.32575950452372,-5.9157581527719));
#7090=CARTESIAN_POINT('',(3.79153913262867,-1.17359865001032,-6.13290969155773));
#7091=CARTESIAN_POINT('Ctrl Pts',(3.49826682479421,1.29136225310629,-5.96260455583155));
#7092=CARTESIAN_POINT('Ctrl Pts',(3.83946026875726,1.19934596791305,-5.98152734869002));
#7093=CARTESIAN_POINT('Ctrl Pts',(4.44315814735368,0.732202408330276,-6.01937293440694));
#7094=CARTESIAN_POINT('Ctrl Pts',(4.57885664087491,-0.408346740723536,-6.07614131298234));
#7095=CARTESIAN_POINT('Ctrl Pts',(4.10161801581131,-1.00409629265697,-6.11398689869927));
#7096=CARTESIAN_POINT('Ctrl Pts',(3.79153913262867,-1.17359865001032,-6.13290969155773));
#7097=CARTESIAN_POINT('',(3.7472357464744,-1.19626993230214,-6.09809691501853));
#7098=CARTESIAN_POINT('Ctrl Pts',(3.74745413405314,-1.19664314133446,-6.09809691501852));
#7099=CARTESIAN_POINT('Ctrl Pts',(3.7626035056708,-1.18907943717853,-6.10938388332029));
#7100=CARTESIAN_POINT('Ctrl Pts',(3.7773107085195,-1.18137651415629,-6.12101006153867));
#7101=CARTESIAN_POINT('Ctrl Pts',(3.79153913262867,-1.17359865001032,-6.13290969155774));
#7102=CARTESIAN_POINT('Ctrl Pts',(3.32587811126106,1.3261407917855,-5.9157581527719));
#7103=CARTESIAN_POINT('Ctrl Pts',(3.66058859863006,1.27886084918683,-5.93386867035592));
#7104=CARTESIAN_POINT('Ctrl Pts',(4.38522898415405,0.882789384608547,-5.97492212334238));
#7105=CARTESIAN_POINT('Ctrl Pts',(4.63625012278383,-0.369104397075494,-6.03570171075792));
#7106=CARTESIAN_POINT('Ctrl Pts',(4.07558287770914,-1.02955664754933,-6.07837078058944));
#7107=CARTESIAN_POINT('Ctrl Pts',(3.74711858896843,-1.1960697183537,-6.09809691501853));
#7108=CARTESIAN_POINT('Origin',(3.15,0.,-3.80623831628361));
#7109=CARTESIAN_POINT('',(2.42650325119939,-1.12492608844979,-6.20967221229698));
#7110=CARTESIAN_POINT('',(2.46697818914773,-1.14984303123809,-6.16965054329691));
#7111=CARTESIAN_POINT('Ctrl Pts',(2.42650325119939,-1.12492608844979,-6.20967221229698));
#7112=CARTESIAN_POINT('Ctrl Pts',(2.43192088151308,-1.12841043996267,-6.20399427496347));
#7113=CARTESIAN_POINT('Ctrl Pts',(2.43738574507678,-1.13186981257404,-6.19840069255013));
#7114=CARTESIAN_POINT('Ctrl Pts',(2.4507127412211,-1.14017035759437,-6.18507369640581));
#7115=CARTESIAN_POINT('Ctrl Pts',(2.4587250318193,-1.14504854167875,-6.1773209465091));
#7116=CARTESIAN_POINT('Ctrl Pts',(2.46692630624983,-1.14992024893316,-6.16965054329691));
#7117=CARTESIAN_POINT('',(2.31772534914482,1.04700771513102,-6.3456364860997));
#7118=CARTESIAN_POINT('Ctrl Pts',(2.42650325119939,-1.12492608844979,-6.20967221229698));
#7119=CARTESIAN_POINT('Ctrl Pts',(2.07057300061172,-0.896009378504131,-6.23233292459744));
#7120=CARTESIAN_POINT('Ctrl Pts',(1.59724193984927,-0.0777674549302698,
-6.27765434919834));
#7121=CARTESIAN_POINT('Ctrl Pts',(1.98644872373795,0.783673325362484,-6.32297577379925));
#7122=CARTESIAN_POINT('Ctrl Pts',(2.31772534914483,1.04700771513103,-6.3456364860997));
#7123=CARTESIAN_POINT('',(2.34270435760858,1.06638641953835,-6.30985277618561));
#7124=CARTESIAN_POINT('Ctrl Pts',(2.34270435760858,1.06638641953835,-6.30985277618561));
#7125=CARTESIAN_POINT('Ctrl Pts',(2.33415367983312,1.05991322672461,-6.32154973014739));
#7126=CARTESIAN_POINT('Ctrl Pts',(2.32581936055342,1.05344170833065,-6.33348481963862));
#7127=CARTESIAN_POINT('Ctrl Pts',(2.31772534914482,1.04700771513102,-6.3456364860997));
#7128=CARTESIAN_POINT('Ctrl Pts',(2.46700144749106,-1.14980841567617,-6.16965054329691));
#7129=CARTESIAN_POINT('Ctrl Pts',(2.23900314795873,-1.01375555663132,-6.18386916097964));
#7130=CARTESIAN_POINT('Ctrl Pts',(1.83789376697768,-0.574752156837943,-6.21434550863579));
#7131=CARTESIAN_POINT('Ctrl Pts',(1.7466759040702,0.346460838760727,-6.26107958626536));
#7132=CARTESIAN_POINT('Ctrl Pts',(2.10063385812662,0.883129716524541,-6.2935950462122));
#7133=CARTESIAN_POINT('Ctrl Pts',(2.34270435760858,1.06638641953835,-6.30985277618561));
#7134=CARTESIAN_POINT('Origin',(3.15,0.,-3.80623831628361));
#7135=CARTESIAN_POINT('',(2.17512929995183,-0.915714676188821,-6.67722855167775));
#7136=CARTESIAN_POINT('',(2.18465830424186,-0.925754643753299,-6.63901070820665));
#7137=CARTESIAN_POINT('Ctrl Pts',(2.17512929995183,-0.915714676188819,-6.67722855167775));
#7138=CARTESIAN_POINT('Ctrl Pts',(2.17805795885036,-0.918832529189155,-6.66441244004356));
#7139=CARTESIAN_POINT('Ctrl Pts',(2.1812360222202,-0.922186018359472,-6.65166897287126));
#7140=CARTESIAN_POINT('Ctrl Pts',(2.18465830424186,-0.925754643753299,-6.63901070820665));
#7141=CARTESIAN_POINT('',(2.15677454276432,0.895773096882781,-6.78379676812168));
#7142=CARTESIAN_POINT('Ctrl Pts',(2.17512929995183,-0.915714676188821,-6.67722855167775));
#7143=CARTESIAN_POINT('Ctrl Pts',(1.94803618037177,-0.673951128854905,-6.69498992108507));
#7144=CARTESIAN_POINT('Ctrl Pts',(1.68293594852397,-0.0148649109553235,
-6.73051265989972));
#7145=CARTESIAN_POINT('Ctrl Pts',(1.93462684512814,0.649457652350725,-6.76603539871436));
#7146=CARTESIAN_POINT('Ctrl Pts',(2.15677454276432,0.895773096882788,-6.78379676812168));
#7147=CARTESIAN_POINT('',(2.16181688626486,0.901332560006969,-6.74672203769388));
#7148=CARTESIAN_POINT('Ctrl Pts',(2.16181688626486,0.901332560006969,-6.74672203769388));
#7149=CARTESIAN_POINT('Ctrl Pts',(2.15990627004629,0.899237840734867,-6.75903978158617));
#7150=CARTESIAN_POINT('Ctrl Pts',(2.15822450948865,0.897380807437792,-6.7714034479061));
#7151=CARTESIAN_POINT('Ctrl Pts',(2.15677454276432,0.89577309688278,-6.78379676812168));
#7152=CARTESIAN_POINT('Ctrl Pts',(2.18465830424186,-0.925754643753299,-6.63901070820665));
#7153=CARTESIAN_POINT('Ctrl Pts',(1.95261267643692,-0.683786297874627,-6.65696259645452));
#7154=CARTESIAN_POINT('Ctrl Pts',(1.68003592399575,-0.0183768261318168,
-6.69286637295026));
#7155=CARTESIAN_POINT('Ctrl Pts',(1.93589279162583,0.653638883761147,-6.72877014944601));
#7156=CARTESIAN_POINT('Ctrl Pts',(2.16181688626487,0.901332560006983,-6.74672203769388));
#7157=CARTESIAN_POINT('Origin',(3.15,0.,-3.80623831628361));
#7158=CARTESIAN_POINT('',(4.07757990712032,-0.963587964799607,-6.52637516690315));
#7159=CARTESIAN_POINT('',(4.09143822783922,-0.950052794934546,-6.56281449740099));
#7160=CARTESIAN_POINT('Ctrl Pts',(4.07757990712032,-0.963587964799607,-6.52637516690315));
#7161=CARTESIAN_POINT('Ctrl Pts',(4.08242571345021,-0.958923240094032,-6.53840561077954));
#7162=CARTESIAN_POINT('Ctrl Pts',(4.08704763493818,-0.95440357630371,-6.55055574971445));
#7163=CARTESIAN_POINT('Ctrl Pts',(4.09143822783922,-0.950052794934547,-6.56281449740099));
#7164=CARTESIAN_POINT('',(4.02002034031621,1.01585966424308,-6.40698417121145));
#7165=CARTESIAN_POINT('Ctrl Pts',(4.02002034031621,1.01585966424308,-6.40698417121145));
#7166=CARTESIAN_POINT('Ctrl Pts',(4.30226218041387,0.774137160223584,-6.4268826704934));
#7167=CARTESIAN_POINT('Ctrl Pts',(4.65147762463054,0.0436608679976019,-6.4666796690573));
#7168=CARTESIAN_POINT('Ctrl Pts',(4.34529881540442,-0.705873371890434,-6.5064766676212));
#7169=CARTESIAN_POINT('Ctrl Pts',(4.07757990712032,-0.963587964799614,-6.52637516690315));
#7170=CARTESIAN_POINT('',(4.04097706248508,0.997530011641481,-6.44595168304964));
#7171=CARTESIAN_POINT('Ctrl Pts',(4.04097706248508,0.997530011641481,-6.44595168304964));
#7172=CARTESIAN_POINT('Ctrl Pts',(4.03426263163531,1.00352722857227,-6.43277598422761));
#7173=CARTESIAN_POINT('Ctrl Pts',(4.02727169780947,1.00964932955207,-6.41978057275812));
#7174=CARTESIAN_POINT('Ctrl Pts',(4.02002034031621,1.01585966424308,-6.40698417121145));
#7175=CARTESIAN_POINT('Ctrl Pts',(4.04097706248508,0.997530011641481,-6.44595168304964));
#7176=CARTESIAN_POINT('Ctrl Pts',(4.31225746173041,0.755226912578178,-6.46542881877487));
#7177=CARTESIAN_POINT('Ctrl Pts',(4.64432798844462,0.0387174971270092,-6.50438309022532));
#7178=CARTESIAN_POINT('Ctrl Pts',(4.34980709745336,-0.694026675086006,-6.54333736167577));
#7179=CARTESIAN_POINT('Ctrl Pts',(4.09143822783922,-0.950052794934546,-6.56281449740099));
#7180=CARTESIAN_POINT('Ctrl Pts',(3.97871474411562,0.704502067339326,-4.8));
#7181=CARTESIAN_POINT('Ctrl Pts',(4.21092559753607,0.431349486396637,-4.82360656993593));
#7182=CARTESIAN_POINT('Ctrl Pts',(4.38045350871891,-0.357821965836947,-4.87081970980779));
#7183=CARTESIAN_POINT('Ctrl Pts',(3.5259767654365,-1.22626852285487,-4.94163941961558));
#7184=CARTESIAN_POINT('Ctrl Pts',(2.33294635033218,-0.987278585496141,-5.01245912942338));
#7185=CARTESIAN_POINT('Ctrl Pts',(1.87578745347251,0.139444566426435,-5.08327883923116));
#7186=CARTESIAN_POINT('Ctrl Pts',(2.56627475257035,1.14132652143228,-5.15409854903896));
#7187=CARTESIAN_POINT('Ctrl Pts',(3.78249742388983,1.11487007157724,-5.22491825884675));
#7188=CARTESIAN_POINT('Ctrl Pts',(4.42905654751178,0.0844905341712965,-5.29573796865454));
#7189=CARTESIAN_POINT('Ctrl Pts',(3.92360980352514,-1.02209361669688,-5.36655767846233));
#7190=CARTESIAN_POINT('Ctrl Pts',(2.72140947410939,-1.20805175529207,-5.43737738827012));
#7191=CARTESIAN_POINT('Ctrl Pts',(1.90520836601203,-0.306008623009702,-5.50819709807791));
#7192=CARTESIAN_POINT('Ctrl Pts',(2.21017910817255,0.871700059299039,-5.57901680788571));
#7193=CARTESIAN_POINT('Ctrl Pts',(3.36154965081699,1.26421319917375,-5.64983651769349));
#7194=CARTESIAN_POINT('Ctrl Pts',(4.32250805020962,0.518253089913747,-5.72065622750129));
#7195=CARTESIAN_POINT('Ctrl Pts',(4.22719079066541,-0.694782269016377,-5.79147593730907));
#7196=CARTESIAN_POINT('Ctrl Pts',(3.16215333259898,-1.28146321379956,-5.86229564711688));
#7197=CARTESIAN_POINT('Ctrl Pts',(2.08525641104629,-0.715132231181572,-5.93311535692466));
#7198=CARTESIAN_POINT('Ctrl Pts',(1.96915588229746,0.497654062619208,-6.00393506673245));
#7199=CARTESIAN_POINT('Ctrl Pts',(2.59813889958362,1.00353117976928,-6.05114820660431));
#7200=CARTESIAN_POINT('Ctrl Pts',(2.95057840505117,1.06926251101779,-6.07475477654024));
#7201=CARTESIAN_POINT('Ctrl Pts',(4.04215531997296,0.758433793741018,-4.75192596758548));
#7202=CARTESIAN_POINT('Ctrl Pts',(4.29214260414466,0.464370571163234,-4.77553253752141));
#7203=CARTESIAN_POINT('Ctrl Pts',(4.47464838061312,-0.385214300447003,-4.82274567739326));
#7204=CARTESIAN_POINT('Ctrl Pts',(3.55475890389565,-1.32014302164717,-4.89356538720106));
#7205=CARTESIAN_POINT('Ctrl Pts',(2.27039846590111,-1.06285769452036,-4.96438509700885));
#7206=CARTESIAN_POINT('Ctrl Pts',(1.77824269722153,0.150119462290285,-5.03520480681665));
#7207=CARTESIAN_POINT('Ctrl Pts',(2.52158885057288,1.2286984576444,-5.10602451662443));
#7208=CARTESIAN_POINT('Ctrl Pts',(3.8309169809024,1.20021668794817,-5.17684422643224));
#7209=CARTESIAN_POINT('Ctrl Pts',(4.52697212643012,0.0909585355920276,-5.24766393624001));
#7210=CARTESIAN_POINT('Ctrl Pts',(3.98283193245793,-1.10033791979849,-5.31848364604782));
#7211=CARTESIAN_POINT('Ctrl Pts',(2.68859959596668,-1.30053170640357,-5.38930335585559));
#7212=CARTESIAN_POINT('Ctrl Pts',(1.80991586802846,-0.329434492283652,-5.4601230656634));
#7213=CARTESIAN_POINT('Ctrl Pts',(2.13823302660027,0.938431288747386,-5.53094277547118));
#7214=CARTESIAN_POINT('Ctrl Pts',(3.37774440512243,1.36099247567573,-5.60176248527898));
#7215=CARTESIAN_POINT('Ctrl Pts',(4.41226702509313,0.55792690372897,-5.67258219508677));
#7216=CARTESIAN_POINT('Ctrl Pts',(4.3096529461336,-0.747969915977944,-5.74340190489455));
#7217=CARTESIAN_POINT('Ctrl Pts',(3.16308370631822,-1.37956303017268,-5.81422161470236));
#7218=CARTESIAN_POINT('Ctrl Pts',(2.00374712585103,-0.76987772820868,-5.88504132451013));
#7219=CARTESIAN_POINT('Ctrl Pts',(1.87875875668007,0.535750959693241,-5.95586103431794));
#7220=CARTESIAN_POINT('Ctrl Pts',(2.55589229271163,1.08035447317322,-6.00307417418979));
#7221=CARTESIAN_POINT('Ctrl Pts',(2.93531208945611,1.15111773312322,-6.02668074412572));
#7222=CARTESIAN_POINT('Ctrl Pts',(4.1055958958303,0.812365520142711,-4.70385193517095));
#7223=CARTESIAN_POINT('Ctrl Pts',(4.37335961075326,0.497391655929829,-4.72745850510688));
#7224=CARTESIAN_POINT('Ctrl Pts',(4.56884325250732,-0.412606635057056,-4.77467164497875));
#7225=CARTESIAN_POINT('Ctrl Pts',(3.5835410423548,-1.41401752043947,-4.84549135478654));
#7226=CARTESIAN_POINT('Ctrl Pts',(2.20785058147004,-1.13843680354458,-4.91631106459433));
#7227=CARTESIAN_POINT('Ctrl Pts',(1.68069794097055,0.160794358154132,-4.98713077440212));
#7228=CARTESIAN_POINT('Ctrl Pts',(2.47690294857542,1.31607039385653,-5.05795048420991));
#7229=CARTESIAN_POINT('Ctrl Pts',(3.87933653791496,1.28556330431911,-5.1287701940177));
#7230=CARTESIAN_POINT('Ctrl Pts',(4.62488770534846,0.0974265370127593,-5.19958990382549));
#7231=CARTESIAN_POINT('Ctrl Pts',(4.04205406139072,-1.17858222290011,-5.27040961363329));
#7232=CARTESIAN_POINT('Ctrl Pts',(2.65578971782398,-1.39301165751508,-5.34122932344108));
#7233=CARTESIAN_POINT('Ctrl Pts',(1.71462337004489,-0.3528603615576,-5.41204903324886));
#7234=CARTESIAN_POINT('Ctrl Pts',(2.06628694502799,1.00516251819573,-5.48286874305665));
#7235=CARTESIAN_POINT('Ctrl Pts',(3.39393915942787,1.45777175217771,-5.55368845286446));
#7236=CARTESIAN_POINT('Ctrl Pts',(4.50202599997664,0.597600717544193,-5.62450816267224));
#7237=CARTESIAN_POINT('Ctrl Pts',(4.39211510160177,-0.801157562939512,-5.69532787248004));
#7238=CARTESIAN_POINT('Ctrl Pts',(3.16401408003745,-1.47766284654581,-5.76614758228781));
#7239=CARTESIAN_POINT('Ctrl Pts',(1.92223784065578,-0.824623225235787,-5.83696729209563));
#7240=CARTESIAN_POINT('Ctrl Pts',(1.78836163106268,0.573847856767274,-5.9077870019034));
#7241=CARTESIAN_POINT('Ctrl Pts',(2.51364568583963,1.15717776657715,-5.95500014177527));
#7242=CARTESIAN_POINT('Ctrl Pts',(2.92004577386106,1.23297295522866,-5.9786067117112));
#7243=CARTESIAN_POINT('Ctrl Pts',(4.16903647168763,0.866297246544404,-4.65577790275643));
#7244=CARTESIAN_POINT('Ctrl Pts',(4.45457661736186,0.530412740696426,-4.67938447269236));
#7245=CARTESIAN_POINT('Ctrl Pts',(4.66303812440153,-0.439998969667111,-4.72659761256423));
#7246=CARTESIAN_POINT('Ctrl Pts',(3.61232318081395,-1.50789201923177,-4.79741732237201));
#7247=CARTESIAN_POINT('Ctrl Pts',(2.14530269703897,-1.2140159125688,-4.86823703217981));
#7248=CARTESIAN_POINT('Ctrl Pts',(1.58315318471958,0.171469254017981,-4.93905674198759));
#7249=CARTESIAN_POINT('Ctrl Pts',(2.43221704657795,1.40344233006865,-5.00987645179539));
#7250=CARTESIAN_POINT('Ctrl Pts',(3.92775609492751,1.37090992069004,-5.08069616160317));
#7251=CARTESIAN_POINT('Ctrl Pts',(4.7228032842668,0.103894538433491,-5.15151587141097));
#7252=CARTESIAN_POINT('Ctrl Pts',(4.10127619032351,-1.25682652600172,-5.22233558121876));
#7253=CARTESIAN_POINT('Ctrl Pts',(2.62297983968127,-1.48549160862659,-5.29315529102655));
#7254=CARTESIAN_POINT('Ctrl Pts',(1.61933087206132,-0.376286230831549,-5.36397500083434));
#7255=CARTESIAN_POINT('Ctrl Pts',(1.99434086345572,1.07189374764408,-5.43479471064213));
#7256=CARTESIAN_POINT('Ctrl Pts',(3.41013391373331,1.55455102867968,-5.50561442044993));
#7257=CARTESIAN_POINT('Ctrl Pts',(4.59178497486014,0.637274531359415,-5.57643413025771));
#7258=CARTESIAN_POINT('Ctrl Pts',(4.47457725706996,-0.854345209901079,-5.64725384006552));
#7259=CARTESIAN_POINT('Ctrl Pts',(3.16494445375668,-1.57576266291893,-5.7180735498733));
#7260=CARTESIAN_POINT('Ctrl Pts',(1.84072855546052,-0.879368722262895,-5.7888932596811));
#7261=CARTESIAN_POINT('Ctrl Pts',(1.6979645054453,0.611944753841307,-5.85971296948888));
#7262=CARTESIAN_POINT('Ctrl Pts',(2.47139907896764,1.23400105998108,-5.90692610936075));
#7263=CARTESIAN_POINT('Ctrl Pts',(2.904779458266,1.31482817733409,-5.93053267929668));
#7264=CARTESIAN_POINT('Ctrl Pts',(2.904779458266,1.31482817733409,-5.93053267929668));
#7265=CARTESIAN_POINT('Ctrl Pts',(2.88397273248281,1.29947954601417,-5.93579560715335));
#7266=CARTESIAN_POINT('Ctrl Pts',(2.86407234722623,1.28279773145093,-5.94153561906365));
#7267=CARTESIAN_POINT('Ctrl Pts',(2.84511608383525,1.26511507010434,-5.94760924885922));
#7268=CARTESIAN_POINT('Ctrl Pts',(2.8260613615346,1.2473405649423,-5.95371442511283));
#7269=CARTESIAN_POINT('Ctrl Pts',(2.8079604787425,1.22855519267265,-5.96015669387727));
#7270=CARTESIAN_POINT('Ctrl Pts',(2.79080022369028,1.20908585579576,-5.96679034186135));
#7271=CARTESIAN_POINT('Ctrl Pts',(2.77851052728065,1.19514245933775,-5.97154117566683));
#7272=CARTESIAN_POINT('Ctrl Pts',(2.76670220055124,1.18084804522723,-5.97639016835626));
#7273=CARTESIAN_POINT('Ctrl Pts',(2.75535475669279,1.16631766495957,-5.98128379557785));
#7274=CARTESIAN_POINT('Ctrl Pts',(2.73589124688027,1.14139467768183,-5.98967750632313));
#7275=CARTESIAN_POINT('Ctrl Pts',(2.71748892456852,1.11538727147492,-5.99833602349403));
#7276=CARTESIAN_POINT('Ctrl Pts',(2.70015574710118,1.08862559528699,-6.00710052695694));
#7277=CARTESIAN_POINT('Ctrl Pts',(2.68332908232547,1.06264595278355,-6.01560891279524));
#7278=CARTESIAN_POINT('Ctrl Pts',(2.66750989953127,1.03595594727277,-6.02421718113644));
#7279=CARTESIAN_POINT('Ctrl Pts',(2.65265960379732,1.00884223781233,-6.03278003214112));
#7280=CARTESIAN_POINT('Ctrl Pts',(2.64172559680489,0.988878898755468,-6.03908470609764));
#7281=CARTESIAN_POINT('Ctrl Pts',(2.63131590521385,0.968685611562934,-6.04536475880113));
#7282=CARTESIAN_POINT('Ctrl Pts',(2.62139883366725,0.948368756054347,-6.0515621942746));
#7283=CARTESIAN_POINT('Ctrl Pts',(3.97871474411562,0.704502067339326,-4.8));
#7284=CARTESIAN_POINT('Ctrl Pts',(4.01159516662412,0.673705798200852,-4.8));
#7285=CARTESIAN_POINT('Ctrl Pts',(4.04226852626528,0.64083914961595,-4.8));
#7286=CARTESIAN_POINT('Ctrl Pts',(4.07073369015897,0.606209446875066,-4.8));
#7287=CARTESIAN_POINT('Ctrl Pts',(4.10049311584011,0.570005191423527,-4.8));
#7288=CARTESIAN_POINT('Ctrl Pts',(4.12783962124979,0.53187343551124,-4.8));
#7289=CARTESIAN_POINT('Ctrl Pts',(4.15274410676396,0.492115658313241,-4.8));
#7290=CARTESIAN_POINT('Ctrl Pts',(4.17188303771113,0.461562071812834,-4.8));
#7291=CARTESIAN_POINT('Ctrl Pts',(4.18957924864026,0.430047038009028,-4.8));
#7292=CARTESIAN_POINT('Ctrl Pts',(4.20580547445907,0.397691997020636,-4.8));
#7293=CARTESIAN_POINT('Ctrl Pts',(4.2124100378186,0.384522519374132,-4.8));
#7294=CARTESIAN_POINT('Ctrl Pts',(4.21877090969793,0.37121374543987,-4.8));
#7295=CARTESIAN_POINT('Ctrl Pts',(4.22488558583749,0.357773392355411,-4.8));
#7296=CARTESIAN_POINT('Ctrl Pts',(4.22877077216948,0.349233565403175,-4.8));
#7297=CARTESIAN_POINT('Ctrl Pts',(4.23255304367905,0.340648247302134,-4.8));
#7298=CARTESIAN_POINT('Ctrl Pts',(4.23623049441454,0.332023947848326,-4.8));
#7299=CARTESIAN_POINT('Ctrl Pts',(4.2553385154331,0.287212118380839,-4.8));
#7300=CARTESIAN_POINT('Ctrl Pts',(4.27163536357029,0.241315926884642,-4.8));
#7301=CARTESIAN_POINT('Ctrl Pts',(4.2850936107322,0.194653142559002,-4.8));
#7302=CARTESIAN_POINT('Ctrl Pts',(4.29879079915044,0.14716189489961,-4.8));
#7303=CARTESIAN_POINT('Ctrl Pts',(4.30954831879299,0.0988756196319736,-4.8));
#7304=CARTESIAN_POINT('Ctrl Pts',(4.31729608198456,0.0500956514250846,-4.8));
#7305=CARTESIAN_POINT('Ctrl Pts',(4.32242700293701,0.0177913392328548,-4.8));
#7306=CARTESIAN_POINT('Ctrl Pts',(4.3262370764321,-0.0147301669177543,-4.8));
#7307=CARTESIAN_POINT('Ctrl Pts',(4.32869422381019,-0.0473859418635296,
-4.8));
#7308=CARTESIAN_POINT('Ctrl Pts',(4.32940148645472,-0.0567855448150656,
-4.8));
#7309=CARTESIAN_POINT('Ctrl Pts',(4.32999659371665,-0.0661962855463251,
-4.8));
#7310=CARTESIAN_POINT('Ctrl Pts',(4.33047862211868,-0.0756162111051306,
-4.8));
#7311=CARTESIAN_POINT('Ctrl Pts',(4.33098824853404,-0.0855754642843749,
-4.8));
#7312=CARTESIAN_POINT('Ctrl Pts',(4.33137098126388,-0.0955362179680947,
-4.8));
#7313=CARTESIAN_POINT('Ctrl Pts',(4.33162631089538,-0.105490576391639,-4.8));
#7314=CARTESIAN_POINT('Ctrl Pts',(4.33293062278969,-0.156340875338496,-4.8));
#7315=CARTESIAN_POINT('Ctrl Pts',(4.33091638049893,-0.207067123100388,-4.8));
#7316=CARTESIAN_POINT('Ctrl Pts',(4.3255262020238,-0.25734949708749,-4.8));
#7317=CARTESIAN_POINT('Ctrl Pts',(4.32256761765874,-0.284948702976918,-4.8));
#7318=CARTESIAN_POINT('Ctrl Pts',(4.31859115056684,-0.312414631371714,-4.8));
#7319=CARTESIAN_POINT('Ctrl Pts',(4.31358095142383,-0.339696471649171,-4.8));
#7320=CARTESIAN_POINT('Ctrl Pts',(4.30469529205438,-0.388081203025704,-4.8));
#7321=CARTESIAN_POINT('Ctrl Pts',(4.29256131866784,-0.435887352983802,-4.8));
#7322=CARTESIAN_POINT('Ctrl Pts',(4.2773968281093,-0.482920110682273,-4.8));
#7323=CARTESIAN_POINT('Ctrl Pts',(4.27273549011236,-0.497377278215508,-4.8));
#7324=CARTESIAN_POINT('Ctrl Pts',(4.2677874424995,-0.511761336803661,-4.8));
#7325=CARTESIAN_POINT('Ctrl Pts',(4.26255806047125,-0.5260664767826,-4.8));
#7326=CARTESIAN_POINT('Ctrl Pts',(4.25931048504267,-0.534950322110242,-4.8));
#7327=CARTESIAN_POINT('Ctrl Pts',(4.25595443941598,-0.543803295479045,-4.8));
#7328=CARTESIAN_POINT('Ctrl Pts',(4.25249660896528,-0.552611012250122,-4.8));
#7329=CARTESIAN_POINT('Ctrl Pts',(4.23392367872999,-0.599919609780778,-4.8));
#7330=CARTESIAN_POINT('Ctrl Pts',(4.21238395792953,-0.646019411117407,-4.8));
#7331=CARTESIAN_POINT('Ctrl Pts',(4.18815164388258,-0.690709686629079,-4.8));
#7332=CARTESIAN_POINT('Ctrl Pts',(4.16332470581814,-0.736496593321564,-4.8));
#7333=CARTESIAN_POINT('Ctrl Pts',(4.13567105458717,-0.780804890592001,-4.8));
#7334=CARTESIAN_POINT('Ctrl Pts',(4.1054302787355,-0.823413023748398,-4.8));
#7335=CARTESIAN_POINT('Ctrl Pts',(4.08777333240263,-0.848291007176342,-4.8));
#7336=CARTESIAN_POINT('Ctrl Pts',(4.06923339402229,-0.872589203312391,-4.8));
#7337=CARTESIAN_POINT('Ctrl Pts',(4.04985056382489,-0.896260628042057,-4.8));
#7338=CARTESIAN_POINT('Ctrl Pts',(4.03935690668883,-0.909076084428223,-4.8));
#7339=CARTESIAN_POINT('Ctrl Pts',(4.02861610524209,-0.921707786358355,-4.8));
#7340=CARTESIAN_POINT('Ctrl Pts',(4.01763391993299,-0.934147885550108,-4.8));
#7341=CARTESIAN_POINT('Ctrl Pts',(4.00893900438163,-0.943997073929144,-4.8));
#7342=CARTESIAN_POINT('Ctrl Pts',(4.00009067597649,-0.953728165701255,-4.8));
#7343=CARTESIAN_POINT('Ctrl Pts',(3.99110874769815,-0.96331951013849,-4.8));
#7344=CARTESIAN_POINT('Ctrl Pts',(3.95404641006163,-1.00289649571501,-4.8));
#7345=CARTESIAN_POINT('Ctrl Pts',(3.91465845381192,-1.04016002689258,-4.8));
#7346=CARTESIAN_POINT('Ctrl Pts',(3.87319284815757,-1.07486735744474,-4.8));
#7347=CARTESIAN_POINT('Ctrl Pts',(3.84450245824851,-1.09888164182648,-4.8));
#7348=CARTESIAN_POINT('Ctrl Pts',(3.81481631492932,-1.12167188754072,-4.8));
#7349=CARTESIAN_POINT('Ctrl Pts',(3.78420436467017,-1.14314964796077,-4.8));
#7350=CARTESIAN_POINT('Ctrl Pts',(3.77400226447359,-1.15030758013917,-4.8));
#7351=CARTESIAN_POINT('Ctrl Pts',(3.7636975179519,-1.15731932372736,-4.8));
#7352=CARTESIAN_POINT('Ctrl Pts',(3.75330433050954,-1.16417410731201,-4.8));
#7353=CARTESIAN_POINT('Ctrl Pts',(3.70770955026563,-1.19424595513497,-4.8));
#7354=CARTESIAN_POINT('Ctrl Pts',(3.6603606036553,-1.22133900361796,-4.8));
#7355=CARTESIAN_POINT('Ctrl Pts',(3.61148745000742,-1.24519717245502,-4.8));
#7356=CARTESIAN_POINT('Ctrl Pts',(3.5885297223427,-1.25640433429865,-4.8));
#7357=CARTESIAN_POINT('Ctrl Pts',(3.5652350987198,-1.26689723307716,-4.8));
#7358=CARTESIAN_POINT('Ctrl Pts',(3.54162472222156,-1.27664636358092,-4.8));
#7359=CARTESIAN_POINT('Ctrl Pts',(3.52679310393461,-1.28277059384351,-4.8));
#7360=CARTESIAN_POINT('Ctrl Pts',(3.51183685384635,-1.28860128256821,-4.8));
#7361=CARTESIAN_POINT('Ctrl Pts',(3.49676395063623,-1.29414069979726,-4.8));
#7362=CARTESIAN_POINT('Ctrl Pts',(2.06399612482551,0.000855204195946285,
-5.97546041352717));
#7363=CARTESIAN_POINT('Ctrl Pts',(2.06486402350601,-0.214275425279503,-5.96134539465967));
#7364=CARTESIAN_POINT('Ctrl Pts',(2.12650146653211,-0.430092469315722,-5.94723037579216));
#7365=CARTESIAN_POINT('Ctrl Pts',(2.24538914318026,-0.607389679317774,-5.93311535692466));
#7366=CARTESIAN_POINT('Ctrl Pts',(2.44422205156385,-0.903909225387569,-5.90950878698873));
#7367=CARTESIAN_POINT('Ctrl Pts',(2.80318769208142,-1.09268621959357,-5.8859022170528));
#7368=CARTESIAN_POINT('Ctrl Pts',(3.16017675535127,-1.0892945592327,-5.86229564711687));
#7369=CARTESIAN_POINT('Ctrl Pts',(3.51716581862112,-1.08590289887183,-5.83868907718094));
#7370=CARTESIAN_POINT('Ctrl Pts',(3.87217830464327,-0.890342583944103,-5.81508250724501));
#7371=CARTESIAN_POINT('Ctrl Pts',(4.06557075757838,-0.590389866658552,-5.79147593730908));
#7372=CARTESIAN_POINT('Ctrl Pts',(4.25896321051349,-0.290437149372999,-5.76786936737315));
#7373=CARTESIAN_POINT('Ctrl Pts',(4.29073563036155,0.113907970270375,-5.74426279743722));
#7374=CARTESIAN_POINT('Ctrl Pts',(4.14646210705348,0.44040721496873,-5.72065622750129));
#7375=CARTESIAN_POINT('Ctrl Pts',(4.00218858374541,0.766906459667083,-5.69704965756536));
#7376=CARTESIAN_POINT('Ctrl Pts',(3.6818691172812,1.01555982942042,-5.67344308762943));
#7377=CARTESIAN_POINT('Ctrl Pts',(3.32981429360835,1.0744676576513,-5.64983651769349));
#7378=CARTESIAN_POINT('Ctrl Pts',(2.97775946993551,1.13337548588218,-5.62622994775757));
#7379=CARTESIAN_POINT('Ctrl Pts',(2.59396928905403,1.00253777259061,-5.60262337782164));
#7380=CARTESIAN_POINT('Ctrl Pts',(2.35124574158654,0.740834135560035,-5.57901680788571));
#7381=CARTESIAN_POINT('Ctrl Pts',(2.16768952448889,0.542924496733334,-5.56116467643286));
#7382=CARTESIAN_POINT('Ctrl Pts',(2.06480825235842,0.270173621958667,-5.54331254498002));
#7383=CARTESIAN_POINT('Ctrl Pts',(2.06240774698421,-0.000950646574210713,
-5.52546041352717));
#7384=CARTESIAN_POINT('Ctrl Pts',(3.25257941030832,1.08285213883558,-7.89472481852058));
#7385=CARTESIAN_POINT('Ctrl Pts',(3.60529461017665,1.04943915851106,-7.91805336403223));
#7386=CARTESIAN_POINT('Ctrl Pts',(4.27002125737597,0.612449599538365,-7.96471045505552));
#7387=CARTESIAN_POINT('Ctrl Pts',(4.28427419319038,-0.587973876159573,-8.03469609159047));
#7388=CARTESIAN_POINT('Ctrl Pts',(3.2970014315298,-1.26806439338708,-8.10468172812539));
#7389=CARTESIAN_POINT('Ctrl Pts',(2.18113899400164,-0.831695389519002,-8.17466736466036));
#7390=CARTESIAN_POINT('Ctrl Pts',(1.9186227069292,0.338174933880162,-8.24465300119528));
#7391=CARTESIAN_POINT('Ctrl Pts',(2.74155132365127,1.2097376350898,-8.31463863773024));
#7392=CARTESIAN_POINT('Ctrl Pts',(3.92430671080246,1.01532548130983,-8.38462427426517));
#7393=CARTESIAN_POINT('Ctrl Pts',(4.42474776317683,-0.0739492309379037,
-8.45460991080012));
#7394=CARTESIAN_POINT('Ctrl Pts',(3.8017418233988,-1.09801518208156,-8.52459554733505));
#7395=CARTESIAN_POINT('Ctrl Pts',(2.60438590768112,-1.15444044071893,-8.59458118387001));
#7396=CARTESIAN_POINT('Ctrl Pts',(1.88786031615223,-0.193468157211365,-8.66456682040494));
#7397=CARTESIAN_POINT('Ctrl Pts',(2.28364016094592,0.937998733589735,-8.7345524569399));
#7398=CARTESIAN_POINT('Ctrl Pts',(3.44292456055958,1.24282727873364,-8.80453809347482));
#7399=CARTESIAN_POINT('Ctrl Pts',(4.34406120194871,0.452373475676375,-8.87452373000979));
#7400=CARTESIAN_POINT('Ctrl Pts',(4.19289291065463,-0.736748041965485,-8.94450936654471));
#7401=CARTESIAN_POINT('Ctrl Pts',(3.1226425327782,-1.27658739980304,-9.01449500307966));
#7402=CARTESIAN_POINT('Ctrl Pts',(2.07650163081005,-0.691393434630543,-9.0844806396146));
#7403=CARTESIAN_POINT('Ctrl Pts',(1.97641523515265,0.503112740667419,-9.15446627614954));
#7404=CARTESIAN_POINT('Ctrl Pts',(2.91058762567172,1.25423503992161,-9.22445191268449));
#7405=CARTESIAN_POINT('Ctrl Pts',(4.05574963814696,0.900022718285649,-9.29443754921943));
#7406=CARTESIAN_POINT('Ctrl Pts',(4.40269134774616,-0.247362694795769,-9.36442318575437));
#7407=CARTESIAN_POINT('Ctrl Pts',(3.6456585841093,-1.17675273993404,-9.43440882228932));
#7408=CARTESIAN_POINT('Ctrl Pts',(2.45181202441308,-1.0690905226816,-9.50439445882426));
#7409=CARTESIAN_POINT('Ctrl Pts',(1.87326373033648,-0.0192615452071454,
-9.5743800953592));
#7410=CARTESIAN_POINT('Ctrl Pts',(2.4198836207046,1.04754834809132,-9.64436573189415));
#7411=CARTESIAN_POINT('Ctrl Pts',(3.60993417066806,1.19116132538824,-9.71435136842909));
#7412=CARTESIAN_POINT('Ctrl Pts',(4.39466773851071,0.285048362898789,-9.78433700496403));
#7413=CARTESIAN_POINT('Ctrl Pts',(4.08247021203145,-0.872316467266788,-9.85432264149897));
#7414=CARTESIAN_POINT('Ctrl Pts',(2.94855835725086,-1.26083969303406,-9.92430827803393));
#7415=CARTESIAN_POINT('Ctrl Pts',(1.99206769052762,-0.538372631617911,-9.99429391456885));
#7416=CARTESIAN_POINT('Ctrl Pts',(2.056246022347,0.658871084704397,-10.0642795511038));
#7417=CARTESIAN_POINT('Ctrl Pts',(3.0839336993119,1.27484586149124,-10.1342651876387));
#7418=CARTESIAN_POINT('Ctrl Pts',(4.17061421079514,0.768529672235765,-10.2042508241737));
#7419=CARTESIAN_POINT('Ctrl Pts',(4.35632196174703,-0.417527787764563,-10.2742364607086));
#7420=CARTESIAN_POINT('Ctrl Pts',(3.77358302878623,-0.959041154321396,-10.3208935517319));
#7421=CARTESIAN_POINT('Ctrl Pts',(3.43134607538159,-1.05068343275573,-10.3442220972436));
#7422=CARTESIAN_POINT('Ctrl Pts',(3.26043216894122,1.16574768732663,-7.84665078610606));
#7423=CARTESIAN_POINT('Ctrl Pts',(3.64014876531199,1.12977684408493,-7.8699793316177));
#7424=CARTESIAN_POINT('Ctrl Pts',(4.3557622123245,0.659334436032706,-7.91663642264099));
#7425=CARTESIAN_POINT('Ctrl Pts',(4.37110625272241,-0.632985023309419,-7.98662205917595));
#7426=CARTESIAN_POINT('Ctrl Pts',(3.30825482786953,-1.36513849024838,-8.05660769571088));
#7427=CARTESIAN_POINT('Ctrl Pts',(2.10696980540847,-0.895364142637768,-8.12659333224583));
#7428=CARTESIAN_POINT('Ctrl Pts',(1.8243571165982,0.364063229820606,-8.19657896878077));
#7429=CARTESIAN_POINT('Ctrl Pts',(2.71028336393446,1.30234664530875,-8.26656460531571));
#7430=CARTESIAN_POINT('Ctrl Pts',(3.98358219005791,1.09305166353876,-8.33655024185066));
#7431=CARTESIAN_POINT('Ctrl Pts',(4.5223334918525,-0.0796102642768421,-8.4065358783856));
#7432=CARTESIAN_POINT('Ctrl Pts',(3.85163459637083,-1.18207150658402,-8.47652151492052));
#7433=CARTESIAN_POINT('Ctrl Pts',(2.56261752783947,-1.24281628641523,-8.5465071514555));
#7434=CARTESIAN_POINT('Ctrl Pts',(1.79123977340908,-0.20827871945935,-8.61649278799041));
#7435=CARTESIAN_POINT('Ctrl Pts',(2.21731774122366,1.0098053235351,-8.68647842452537));
#7436=CARTESIAN_POINT('Ctrl Pts',(3.4653488059789,1.3379693994862,-8.75646406106031));
#7437=CARTESIAN_POINT('Ctrl Pts',(4.43547013463444,0.487004009286734,-8.82644969759526));
#7438=CARTESIAN_POINT('Ctrl Pts',(4.27272946150551,-0.793148293530862,-8.8964353341302));
#7439=CARTESIAN_POINT('Ctrl Pts',(3.12054823738057,-1.37431395812819,-8.96642097066513));
#7440=CARTESIAN_POINT('Ctrl Pts',(1.99432214117638,-0.744321656251307,-9.03640660720008));
#7441=CARTESIAN_POINT('Ctrl Pts',(1.8865738345646,0.541627515764327,-9.10639224373502));
#7442=CARTESIAN_POINT('Ctrl Pts',(2.89225989709852,1.35025045868672,-9.17637788026997));
#7443=CARTESIAN_POINT('Ctrl Pts',(4.12508746402086,0.968922131428904,-9.24636351680491));
#7444=CARTESIAN_POINT('Ctrl Pts',(4.49858859228876,-0.266299044021962,-9.31634915333985));
#7445=CARTESIAN_POINT('Ctrl Pts',(3.68360272137463,-1.26683665842735,-9.3863347898748));
#7446=CARTESIAN_POINT('Ctrl Pts',(2.39836366049485,-1.15093257856891,-9.45632042640974));
#7447=CARTESIAN_POINT('Ctrl Pts',(1.7755257755812,-0.020736073720749,-9.52630606294468));
#7448=CARTESIAN_POINT('Ctrl Pts',(2.36399104261996,1.12774128650976,-9.59629169947962));
#7449=CARTESIAN_POINT('Ctrl Pts',(3.64514349794362,1.28234826390744,-9.66627733601457));
#7450=CARTESIAN_POINT('Ctrl Pts',(4.4899507519274,0.306869661986196,-9.7362629725495));
#7451=CARTESIAN_POINT('Ctrl Pts',(4.15385357722572,-0.939094884576477,-9.80624860908446));
#7452=CARTESIAN_POINT('Ctrl Pts',(2.93313740099493,-1.35736071761802,-9.87623424561939));
#7453=CARTESIAN_POINT('Ctrl Pts',(1.90342453190355,-0.579586656127781,-9.94621988215434));
#7454=CARTESIAN_POINT('Ctrl Pts',(1.97251590570401,0.709309623811125,-10.0162055186893));
#7455=CARTESIAN_POINT('Ctrl Pts',(3.07887612770457,1.37243909988434,-10.0861911552242));
#7456=CARTESIAN_POINT('Ctrl Pts',(4.24874526097951,0.827362902024768,-10.1561767917592));
#7457=CARTESIAN_POINT('Ctrl Pts',(4.44866949202327,-0.44949078043521,-10.2261624282941));
#7458=CARTESIAN_POINT('Ctrl Pts',(3.82132016236804,-1.03245860409293,-10.2728195193174));
#7459=CARTESIAN_POINT('Ctrl Pts',(3.45288395335969,-1.13111637121989,-10.296148064829));
#7460=CARTESIAN_POINT('Ctrl Pts',(3.26828492757412,1.24864323581767,-7.79857675369153));
#7461=CARTESIAN_POINT('Ctrl Pts',(3.67500292044733,1.21011452965879,-7.82190529920318));
#7462=CARTESIAN_POINT('Ctrl Pts',(4.44150316727301,0.706219272527047,-7.86856239022647));
#7463=CARTESIAN_POINT('Ctrl Pts',(4.45793831225444,-0.677996170459265,-7.93854802676142));
#7464=CARTESIAN_POINT('Ctrl Pts',(3.31950822420924,-1.46221258710967,-8.00853366329636));
#7465=CARTESIAN_POINT('Ctrl Pts',(2.03280061681529,-0.959032895756534,-8.0785192998313));
#7466=CARTESIAN_POINT('Ctrl Pts',(1.73009152626719,0.38995152576105,-8.14850493636625));
#7467=CARTESIAN_POINT('Ctrl Pts',(2.67901540421766,1.39495565552769,-8.21849057290118));
#7468=CARTESIAN_POINT('Ctrl Pts',(4.04285766931335,1.17077784576768,-8.28847620943615));
#7469=CARTESIAN_POINT('Ctrl Pts',(4.61991922052817,-0.0852712976157799,
-8.35846184597106));
#7470=CARTESIAN_POINT('Ctrl Pts',(3.90152736934285,-1.26612783108648,-8.42844748250602));
#7471=CARTESIAN_POINT('Ctrl Pts',(2.52084914799784,-1.33119213211153,-8.49843311904095));
#7472=CARTESIAN_POINT('Ctrl Pts',(1.69461923066593,-0.223089281707335,-8.56841875557591));
#7473=CARTESIAN_POINT('Ctrl Pts',(2.1509953215014,1.08161191348046,-8.63840439211084));
#7474=CARTESIAN_POINT('Ctrl Pts',(3.48777305139822,1.43311152023876,-8.70839002864579));
#7475=CARTESIAN_POINT('Ctrl Pts',(4.52687906732016,0.521634542897091,-8.77837566518073));
#7476=CARTESIAN_POINT('Ctrl Pts',(4.35256601235639,-0.849548545096237,-8.84836130171566));
#7477=CARTESIAN_POINT('Ctrl Pts',(3.11845394198294,-1.47204051645334,-8.91834693825063));
#7478=CARTESIAN_POINT('Ctrl Pts',(1.9121426515427,-0.797249877872069,-8.98833257478554));
#7479=CARTESIAN_POINT('Ctrl Pts',(1.79673243397655,0.580142290861237,-9.05831821132051));
#7480=CARTESIAN_POINT('Ctrl Pts',(2.87393216852533,1.44626587745182,-9.12830384785543));
#7481=CARTESIAN_POINT('Ctrl Pts',(4.19442528989475,1.03782154457216,-9.19828948439039));
#7482=CARTESIAN_POINT('Ctrl Pts',(4.59448583683138,-0.285235393248153,-9.26827512092533));
#7483=CARTESIAN_POINT('Ctrl Pts',(3.72154685863996,-1.35692057692066,-9.33826075746026));
#7484=CARTESIAN_POINT('Ctrl Pts',(2.34491529657661,-1.23277463445621,-9.40824639399522));
#7485=CARTESIAN_POINT('Ctrl Pts',(1.67778782082592,-0.0222106022343542,
-9.47823203053015));
#7486=CARTESIAN_POINT('Ctrl Pts',(2.30809846453532,1.20793422492819,-9.54821766706511));
#7487=CARTESIAN_POINT('Ctrl Pts',(3.68035282521918,1.37353520242663,-9.61820330360004));
#7488=CARTESIAN_POINT('Ctrl Pts',(4.58523376534407,0.328690961073602,-9.68818894013498));
#7489=CARTESIAN_POINT('Ctrl Pts',(4.22523694242,-1.00587330188616,-9.75817457666993));
#7490=CARTESIAN_POINT('Ctrl Pts',(2.91771644473899,-1.45388174220198,-9.82816021320487));
#7491=CARTESIAN_POINT('Ctrl Pts',(1.81478137327948,-0.62080068063765,-9.89814584973982));
#7492=CARTESIAN_POINT('Ctrl Pts',(1.88878578906103,0.75974816291785,-9.96813148627475));
#7493=CARTESIAN_POINT('Ctrl Pts',(3.07381855609723,1.47003233827743,-10.0381171228097));
#7494=CARTESIAN_POINT('Ctrl Pts',(4.32687631116388,0.886196131813771,-10.1081027593446));
#7495=CARTESIAN_POINT('Ctrl Pts',(4.54101702229951,-0.481453773105857,-10.1780883958796));
#7496=CARTESIAN_POINT('Ctrl Pts',(3.86905729594985,-1.10587605386446,-10.2247454869029));
#7497=CARTESIAN_POINT('Ctrl Pts',(3.47442183133778,-1.21154930968404,-10.2480740324145));
#7498=CARTESIAN_POINT('Ctrl Pts',(3.27613768620703,1.33153878430872,-7.75050272127701));
#7499=CARTESIAN_POINT('Ctrl Pts',(3.70985707558267,1.29045221523265,-7.77383126678866));
#7500=CARTESIAN_POINT('Ctrl Pts',(4.52724412222154,0.753104109021387,-7.82048835781196));
#7501=CARTESIAN_POINT('Ctrl Pts',(4.54477037178646,-0.72300731760911,-7.89047399434689));
#7502=CARTESIAN_POINT('Ctrl Pts',(3.33076162054897,-1.55928668397097,-7.96045963088184));
#7503=CARTESIAN_POINT('Ctrl Pts',(1.95863142822212,-1.0227016488753,-8.03044526741678));
#7504=CARTESIAN_POINT('Ctrl Pts',(1.63582593593619,0.415839821701495,-8.10043090395173));
#7505=CARTESIAN_POINT('Ctrl Pts',(2.64774744450085,1.48756466574663,-8.17041654048667));
#7506=CARTESIAN_POINT('Ctrl Pts',(4.1021331485688,1.2485040279966,-8.24040217702161));
#7507=CARTESIAN_POINT('Ctrl Pts',(4.71750494920384,-0.090932330954717,-8.31038781355656));
#7508=CARTESIAN_POINT('Ctrl Pts',(3.95142014231488,-1.35018415558894,-8.38037345009148));
#7509=CARTESIAN_POINT('Ctrl Pts',(2.47908076815619,-1.41956797780782,-8.45035908662643));
#7510=CARTESIAN_POINT('Ctrl Pts',(1.59799868792278,-0.23789984395532,-8.52034472316139));
#7511=CARTESIAN_POINT('Ctrl Pts',(2.08467290177913,1.15341850342583,-8.59033035969632));
#7512=CARTESIAN_POINT('Ctrl Pts',(3.51019729681754,1.52825364099131,-8.66031599623126));
#7513=CARTESIAN_POINT('Ctrl Pts',(4.61828800000588,0.556265076507449,-8.73030163276621));
#7514=CARTESIAN_POINT('Ctrl Pts',(4.43240256320729,-0.905948796661613,-8.80028726930115));
#7515=CARTESIAN_POINT('Ctrl Pts',(3.1163596465853,-1.56976707477849,-8.87027290583609));
#7516=CARTESIAN_POINT('Ctrl Pts',(1.82996316190903,-0.850178099492831,-8.94025854237103));
#7517=CARTESIAN_POINT('Ctrl Pts',(1.70689103338849,0.618657065958144,-9.01024417890598));
#7518=CARTESIAN_POINT('Ctrl Pts',(2.85560443995213,1.54228129621693,-9.08022981544092));
#7519=CARTESIAN_POINT('Ctrl Pts',(4.26376311576865,1.10672095771541,-9.15021545197586));
#7520=CARTESIAN_POINT('Ctrl Pts',(4.69038308137399,-0.304171742474342,-9.22020108851081));
#7521=CARTESIAN_POINT('Ctrl Pts',(3.75949099590529,-1.44700449541397,-9.29018672504574));
#7522=CARTESIAN_POINT('Ctrl Pts',(2.29146693265837,-1.31461669034352,-9.3601723615807));
#7523=CARTESIAN_POINT('Ctrl Pts',(1.58004986607064,-0.0236851307479602,
-9.43015799811563));
#7524=CARTESIAN_POINT('Ctrl Pts',(2.25220588645068,1.28812716334664,-9.50014363465057));
#7525=CARTESIAN_POINT('Ctrl Pts',(3.71556215249474,1.46472214094583,-9.57012927118553));
#7526=CARTESIAN_POINT('Ctrl Pts',(4.68051677876075,0.35051226016101,-9.64011490772045));
#7527=CARTESIAN_POINT('Ctrl Pts',(4.29662030761428,-1.07265171919585,-9.71010054425541));
#7528=CARTESIAN_POINT('Ctrl Pts',(2.90229548848306,-1.55040276678594,-9.78008618079035));
#7529=CARTESIAN_POINT('Ctrl Pts',(1.72613821465541,-0.662014705147518,-9.85007181732528));
#7530=CARTESIAN_POINT('Ctrl Pts',(1.80505567241804,0.810186702024576,-9.92005745386024));
#7531=CARTESIAN_POINT('Ctrl Pts',(3.0687609844899,1.56762557667053,-9.99004309039518));
#7532=CARTESIAN_POINT('Ctrl Pts',(4.40500736134825,0.945029361602772,-10.0600287269301));
#7533=CARTESIAN_POINT('Ctrl Pts',(4.63336455257576,-0.513416765776504,-10.1300143634651));
#7534=CARTESIAN_POINT('Ctrl Pts',(3.91679442953166,-1.17929350363599,-10.1766714544884));
#7535=CARTESIAN_POINT('Ctrl Pts',(3.49595970931588,-1.2919822481482,-10.2));
#7536=CARTESIAN_POINT('Ctrl Pts',(3.25257941030835,1.08285213883558,-7.89472481852058));
#7537=CARTESIAN_POINT('Ctrl Pts',(3.25371895525826,1.08307618116702,-7.89460730476521));
#7538=CARTESIAN_POINT('Ctrl Pts',(3.25485796770882,1.08330159331276,-7.89448786281783));
#7539=CARTESIAN_POINT('Ctrl Pts',(3.25599643771932,1.08352837938522,-7.89436649688079));
#7540=CARTESIAN_POINT('Ctrl Pts',(3.27850650328442,1.0880124407247,-7.89196682435978));
#7541=CARTESIAN_POINT('Ctrl Pts',(3.30073953953663,1.09303553433046,-7.88881291009139));
#7542=CARTESIAN_POINT('Ctrl Pts',(3.32269647730259,1.09862529740812,-7.88495091251376));
#7543=CARTESIAN_POINT('Ctrl Pts',(3.34516054608218,1.10434416511073,-7.88099971585167));
#7544=CARTESIAN_POINT('Ctrl Pts',(3.36733593126737,1.11065552686588,-7.8763073494906));
#7545=CARTESIAN_POINT('Ctrl Pts',(3.38916785011848,1.11760237598939,-7.87092324461907));
#7546=CARTESIAN_POINT('Ctrl Pts',(3.41099976896958,1.1245492251129,-7.86553913974755));
#7547=CARTESIAN_POINT('Ctrl Pts',(3.4324882729038,1.13213113102249,-7.85946329636558));
#7548=CARTESIAN_POINT('Ctrl Pts',(3.45352101726169,1.14041255647747,-7.85274514566171));
#7549=CARTESIAN_POINT('Ctrl Pts',(3.47674542595299,1.14955692708552,-7.84532694692636));
#7550=CARTESIAN_POINT('Ctrl Pts',(3.49923910137504,1.15944687196387,-7.83720643103423));
#7551=CARTESIAN_POINT('Ctrl Pts',(3.52106372011803,1.17013213056494,-7.82845969641845));
#7552=CARTESIAN_POINT('Ctrl Pts',(3.54483122040911,1.18176861731883,-7.81893430585036));
#7553=CARTESIAN_POINT('Ctrl Pts',(3.56780499402381,1.1943481196889,-7.80866623869501));
#7554=CARTESIAN_POINT('Ctrl Pts',(3.5900126839146,1.20789592474548,-7.79775377972598));
#7555=CARTESIAN_POINT('Ctrl Pts',(3.60757378164156,1.21860907544933,-7.78912457248565));
#7556=CARTESIAN_POINT('Ctrl Pts',(3.62465460160574,1.22992691292113,-7.78009241950839));
#7557=CARTESIAN_POINT('Ctrl Pts',(3.64125119754691,1.24184756480854,-7.77070592021212));
#7558=CARTESIAN_POINT('Ctrl Pts',(2.06386002183071,-0.000259854521577618,
-10.0254604135272));
#7559=CARTESIAN_POINT('Ctrl Pts',(2.06345810945498,-0.158584141827285,-10.0150715805411));
#7560=CARTESIAN_POINT('Ctrl Pts',(2.09595071628828,-0.316759990873344,-10.004682747555));
#7561=CARTESIAN_POINT('Ctrl Pts',(2.16217919028472,-0.459243189133552,-9.99429391456886));
#7562=CARTESIAN_POINT('Ctrl Pts',(2.3108979127687,-0.779194985423296,-9.97096536905721));
#7563=CARTESIAN_POINT('Ctrl Pts',(2.62972813500978,-1.02001733922868,-9.94763682354557));
#7564=CARTESIAN_POINT('Ctrl Pts',(2.97812855526042,-1.07567464517016,-9.92430827803392));
#7565=CARTESIAN_POINT('Ctrl Pts',(3.32652897551105,-1.13133195111164,-9.90097973252228));
#7566=CARTESIAN_POINT('Ctrl Pts',(3.70449959377125,-1.00182420918921,-9.87765118701062));
#7567=CARTESIAN_POINT('Ctrl Pts',(3.94551782398123,-0.744176199867071,-9.85432264149897));
#7568=CARTESIAN_POINT('Ctrl Pts',(4.1865360541912,-0.486528190544929,-9.83099409598733));
#7569=CARTESIAN_POINT('Ctrl Pts',(4.29060189635095,-0.10073991382307,-9.80766555047568));
#7570=CARTESIAN_POINT('Ctrl Pts',(4.21184588945706,0.243173051619435,-9.78433700496403));
#7571=CARTESIAN_POINT('Ctrl Pts',(4.13308988256316,0.58708601706194,-9.76100845945238));
#7572=CARTESIAN_POINT('Ctrl Pts',(3.87151202661561,0.889123671225092,-9.73767991394073));
#7573=CARTESIAN_POINT('Ctrl Pts',(3.54238134031459,1.01620700209051,-9.71435136842909));
#7574=CARTESIAN_POINT('Ctrl Pts',(3.21325065401357,1.14329033295593,-9.69102282291744));
#7575=CARTESIAN_POINT('Ctrl Pts',(2.81656713735908,1.09541934052362,-9.6676942774058));
#7576=CARTESIAN_POINT('Ctrl Pts',(2.52712206397048,0.893682195424391,-9.64436573189415));
#7577=CARTESIAN_POINT('Ctrl Pts',(2.24214494696399,0.695059122208989,-9.62139729243849));
#7578=CARTESIAN_POINT('Ctrl Pts',(2.06112109972625,0.347283476563877,-9.59842885298283));
#7579=CARTESIAN_POINT('Ctrl Pts',(2.06067908970562,-9.34263585204752E-5,
-9.57546041352717));
#7580=CARTESIAN_POINT('Ctrl Pts',(3.49595970931588,-1.2919822481482,-10.2));
#7581=CARTESIAN_POINT('Ctrl Pts',(3.54652401277332,-1.27328847689929,-10.2));
#7582=CARTESIAN_POINT('Ctrl Pts',(3.59567833835376,-1.25136717889495,-10.2));
#7583=CARTESIAN_POINT('Ctrl Pts',(3.64324057293629,-1.22648897636886,-10.2));
#7584=CARTESIAN_POINT('Ctrl Pts',(3.69136664169585,-1.20131585118047,-10.2));
#7585=CARTESIAN_POINT('Ctrl Pts',(3.73786343625108,-1.17311439016842,-10.2));
#7586=CARTESIAN_POINT('Ctrl Pts',(3.78250985468469,-1.14212160206159,-10.2));
#7587=CARTESIAN_POINT('Ctrl Pts',(3.81434723002345,-1.12002063489848,-10.2));
#7588=CARTESIAN_POINT('Ctrl Pts',(3.84524301107861,-1.09649930693993,-10.2));
#7589=CARTESIAN_POINT('Ctrl Pts',(3.87510378905032,-1.07163422558137,-10.2));
#7590=CARTESIAN_POINT('Ctrl Pts',(3.89225894534122,-1.05734912030728,-10.2));
#7591=CARTESIAN_POINT('Ctrl Pts',(3.90907227489273,-1.04262037888442,-10.2));
#7592=CARTESIAN_POINT('Ctrl Pts',(3.92552412465518,-1.0274617631971,-10.2));
#7593=CARTESIAN_POINT('Ctrl Pts',(3.9328826338161,-1.02068168594058,-10.2));
#7594=CARTESIAN_POINT('Ctrl Pts',(3.94016265427499,-1.01382122777314,-10.2));
#7595=CARTESIAN_POINT('Ctrl Pts',(3.94735957476846,-1.00688516650378,-10.2));
#7596=CARTESIAN_POINT('Ctrl Pts',(3.98554192638396,-0.970086770515723,-10.2));
#7597=CARTESIAN_POINT('Ctrl Pts',(4.02141932561568,-0.931134643763045,-10.2));
#7598=CARTESIAN_POINT('Ctrl Pts',(4.05478767317398,-0.890254672166802,-10.2));
#7599=CARTESIAN_POINT('Ctrl Pts',(4.08739803629847,-0.85030331659118,-10.2));
#7600=CARTESIAN_POINT('Ctrl Pts',(4.11761247609784,-0.808509744977696,-10.2));
#7601=CARTESIAN_POINT('Ctrl Pts',(4.14519658810655,-0.76506377887688,-10.2));
#7602=CARTESIAN_POINT('Ctrl Pts',(4.16317251254436,-0.736751052931269,-10.2));
#7603=CARTESIAN_POINT('Ctrl Pts',(4.18003047698673,-0.70773619406626,-10.2));
#7604=CARTESIAN_POINT('Ctrl Pts',(4.19569390031636,-0.678069577459594,-10.2));
#7605=CARTESIAN_POINT('Ctrl Pts',(4.20121493691466,-0.667612701425136,-10.2));
#7606=CARTESIAN_POINT('Ctrl Pts',(4.20658747148175,-0.657074843354596,-10.2));
#7607=CARTESIAN_POINT('Ctrl Pts',(4.21180784779751,-0.646458200288015,-10.2));
#7608=CARTESIAN_POINT('Ctrl Pts',(4.21673980296248,-0.636428117313203,-10.2));
#7609=CARTESIAN_POINT('Ctrl Pts',(4.22153653999962,-0.626326063670309,-10.2));
#7610=CARTESIAN_POINT('Ctrl Pts',(4.22618635503921,-0.616173494721106,-10.2));
#7611=CARTESIAN_POINT('Ctrl Pts',(4.24698199771206,-0.570767560446024,-10.2));
#7612=CARTESIAN_POINT('Ctrl Pts',(4.26488644630428,-0.524266381024882,-10.2));
#7613=CARTESIAN_POINT('Ctrl Pts',(4.27969355931999,-0.476851008921332,-10.2));
#7614=CARTESIAN_POINT('Ctrl Pts',(4.28789781672992,-0.450579316558879,-10.2));
#7615=CARTESIAN_POINT('Ctrl Pts',(4.29515034234601,-0.424026718313797,-10.2));
#7616=CARTESIAN_POINT('Ctrl Pts',(4.30140918637947,-0.397223016773606,-10.2));
#7617=CARTESIAN_POINT('Ctrl Pts',(4.31209469567488,-0.351461978404949,-10.2));
#7618=CARTESIAN_POINT('Ctrl Pts',(4.31988568750671,-0.304968299115356,-10.2));
#7619=CARTESIAN_POINT('Ctrl Pts',(4.32482597866206,-0.258003320392565,-10.2));
#7620=CARTESIAN_POINT('Ctrl Pts',(4.32642455705544,-0.242806402261465,-10.2));
#7621=CARTESIAN_POINT('Ctrl Pts',(4.32772437061854,-0.227560215729959,-10.2));
#7622=CARTESIAN_POINT('Ctrl Pts',(4.32872610953785,-0.212273913325385,-10.2));
#7623=CARTESIAN_POINT('Ctrl Pts',(4.32935107742229,-0.202737049088116,-10.2));
#7624=CARTESIAN_POINT('Ctrl Pts',(4.32986001826312,-0.193184574157054,-10.2));
#7625=CARTESIAN_POINT('Ctrl Pts',(4.33025302759193,-0.183618753112193,-10.2));
#7626=CARTESIAN_POINT('Ctrl Pts',(4.33065395436019,-0.173860222114984,-10.2));
#7627=CARTESIAN_POINT('Ctrl Pts',(4.33093383560436,-0.164096590729953,-10.2));
#7628=CARTESIAN_POINT('Ctrl Pts',(4.33109340169307,-0.154334640913749,-10.2));
#7629=CARTESIAN_POINT('Ctrl Pts',(4.33190811755609,-0.104491873987364,-10.2));
#7630=CARTESIAN_POINT('Ctrl Pts',(4.3295920853376,-0.0546547262866104,-10.2));
#7631=CARTESIAN_POINT('Ctrl Pts',(4.32423538789553,-0.0051308098874761,
-10.2));
#7632=CARTESIAN_POINT('Ctrl Pts',(4.31890268823882,0.0441712413924574,-10.2));
#7633=CARTESIAN_POINT('Ctrl Pts',(4.31055601751228,0.0931640234638815,-10.2));
#7634=CARTESIAN_POINT('Ctrl Pts',(4.29923644610361,0.141526169913912,-10.2));
#7635=CARTESIAN_POINT('Ctrl Pts',(4.2933984864007,0.166468480177121,-10.2));
#7636=CARTESIAN_POINT('Ctrl Pts',(4.28676903644642,0.191242649751052,-10.2));
#7637=CARTESIAN_POINT('Ctrl Pts',(4.27934936082557,0.215801201342427,-10.2));
#7638=CARTESIAN_POINT('Ctrl Pts',(4.27495243714741,0.230354678139979,-10.2));
#7639=CARTESIAN_POINT('Ctrl Pts',(4.27027794910464,0.244832384335735,-10.2));
#7640=CARTESIAN_POINT('Ctrl Pts',(4.26532571247438,0.259223937915421,-10.2));
#7641=CARTESIAN_POINT('Ctrl Pts',(4.26230755196528,0.267994928060273,-10.2));
#7642=CARTESIAN_POINT('Ctrl Pts',(4.2591868105886,0.276731977601781,-10.2));
#7643=CARTESIAN_POINT('Ctrl Pts',(4.25596684185237,0.285424353972087,-10.2));
#7644=CARTESIAN_POINT('Ctrl Pts',(4.23935696888328,0.330263071095473,-10.2));
#7645=CARTESIAN_POINT('Ctrl Pts',(4.22008771475728,0.373980837484473,-10.2));
#7646=CARTESIAN_POINT('Ctrl Pts',(4.19819169379375,0.416274470995541,-10.2));
#7647=CARTESIAN_POINT('Ctrl Pts',(4.18485557262677,0.442034083759654,-10.2));
#7648=CARTESIAN_POINT('Ctrl Pts',(4.17054424851898,0.467264830107937,-10.2));
#7649=CARTESIAN_POINT('Ctrl Pts',(4.15525860762425,0.491891124254497,-10.2));
#7650=CARTESIAN_POINT('Ctrl Pts',(4.14796861208996,0.503635844386997,-10.2));
#7651=CARTESIAN_POINT('Ctrl Pts',(4.14045573985275,0.515244398652402,-10.2));
#7652=CARTESIAN_POINT('Ctrl Pts',(4.13273243246728,0.526690359263912,-10.2));
#7653=CARTESIAN_POINT('Ctrl Pts',(4.10714866377447,0.564605567624365,-10.2));
#7654=CARTESIAN_POINT('Ctrl Pts',(4.07923058026535,0.600786102532036,-10.2));
#7655=CARTESIAN_POINT('Ctrl Pts',(4.04899194568516,0.634938792892926,-10.2));
#7656=CARTESIAN_POINT('Ctrl Pts',(4.0415821934725,0.643307655326138,-10.2));
#7657=CARTESIAN_POINT('Ctrl Pts',(4.03403295865791,0.651554557149638,-10.2));
#7658=CARTESIAN_POINT('Ctrl Pts',(4.02634417591163,0.65967477764361,-10.2));
#7659=CARTESIAN_POINT('Ctrl Pts',(4.01147029098586,0.675383275228322,-10.2));
#7660=CARTESIAN_POINT('Ctrl Pts',(3.99607420528217,0.690617824398569,-10.2));
#7661=CARTESIAN_POINT('Ctrl Pts',(3.98018452300933,0.705365230825923,-10.2));
#7662=CARTESIAN_POINT('Ctrl Pts',(3.87777566370574,0.80835256745907,-7.49045707353245));
#7663=CARTESIAN_POINT('Ctrl Pts',(4.11327909232003,0.59632421378724,-7.51132258609411));
#7664=CARTESIAN_POINT('Ctrl Pts',(4.38489209679673,-0.0447323627495289,
-7.55305361121745));
#7665=CARTESIAN_POINT('Ctrl Pts',(4.06760893208911,-0.664456940215208,-7.59478463634079));
#7666=CARTESIAN_POINT('Ctrl Pts',(3.81738195420763,-0.858890340612816,-7.61565014890246));
#7667=CARTESIAN_POINT('Ctrl Pts',(3.93348905305749,0.870234358195265,-7.44238304111792));
#7668=CARTESIAN_POINT('Ctrl Pts',(4.1870209688367,0.641974604092181,-7.46324855367959));
#7669=CARTESIAN_POINT('Ctrl Pts',(4.47942675579579,-0.0481567580223777,
-7.50497957880293));
#7670=CARTESIAN_POINT('Ctrl Pts',(4.13785462214944,-0.715323093157429,-7.54671060392627));
#7671=CARTESIAN_POINT('Ctrl Pts',(3.86847202566149,-0.924640948036763,-7.56757611648793));
#7672=CARTESIAN_POINT('Ctrl Pts',(3.98920244240924,0.932116148931459,-7.3943090087034));
#7673=CARTESIAN_POINT('Ctrl Pts',(4.26076284535337,0.687624994397121,-7.41517452126507));
#7674=CARTESIAN_POINT('Ctrl Pts',(4.57396141479485,-0.0515811532952258,
-7.4569055463884));
#7675=CARTESIAN_POINT('Ctrl Pts',(4.20810031220977,-0.766189246099649,-7.49863657151174));
#7676=CARTESIAN_POINT('Ctrl Pts',(3.91956209711534,-0.99039155546071,-7.51950208407341));
#7677=CARTESIAN_POINT('Ctrl Pts',(4.04491583176099,0.993997939667654,-7.34623497628888));
#7678=CARTESIAN_POINT('Ctrl Pts',(4.33450472187004,0.733275384702063,-7.36710048885055));
#7679=CARTESIAN_POINT('Ctrl Pts',(4.66849607379391,-0.0550055485680747,
-7.40883151397388));
#7680=CARTESIAN_POINT('Ctrl Pts',(4.2783460022701,-0.81705539904187,-7.45056253909722));
#7681=CARTESIAN_POINT('Ctrl Pts',(3.97065216856919,-1.05614216288466,-7.47142805165889));
#7682=CARTESIAN_POINT('',(3.85138310320275,-0.831325906634974,-7.61276764433071));
#7683=CARTESIAN_POINT('Ctrl Pts',(3.97065216856919,-1.05614216288466,-7.47142805165889));
#7684=CARTESIAN_POINT('Ctrl Pts',(3.96171592497756,-1.03418165548021,-7.48426177177649));
#7685=CARTESIAN_POINT('Ctrl Pts',(3.95224831354435,-1.01230625647349,-7.49722352343071));
#7686=CARTESIAN_POINT('Ctrl Pts',(3.94221773610581,-0.990751032495251,-7.51023939861931));
#7687=CARTESIAN_POINT('Ctrl Pts',(3.93412397584214,-0.973357934602478,-7.5207420216282));
#7688=CARTESIAN_POINT('Ctrl Pts',(3.92566466740979,-0.956172913245765,-7.53127988456017));
#7689=CARTESIAN_POINT('Ctrl Pts',(3.91684433079541,-0.939306578426369,-7.54181415765872));
#7690=CARTESIAN_POINT('Ctrl Pts',(3.90759482221109,-0.921619576725792,-7.55286099790015));
#7691=CARTESIAN_POINT('Ctrl Pts',(3.89783883978874,-0.90406056181662,-7.5640397336048));
#7692=CARTESIAN_POINT('Ctrl Pts',(3.88754318360282,-0.886860398294189,-7.57528132647886));
#7693=CARTESIAN_POINT('Ctrl Pts',(3.87707646675792,-0.869374456842342,-7.58670969659668));
#7694=CARTESIAN_POINT('Ctrl Pts',(3.86605235114971,-0.852259713462127,-7.59820302995916));
#7695=CARTESIAN_POINT('Ctrl Pts',(3.85447791471139,-0.835725058136354,-7.60968878960101));
#7696=CARTESIAN_POINT('Ctrl Pts',(3.85344362795029,-0.834247528306371,-7.61071515224096));
#7697=CARTESIAN_POINT('Ctrl Pts',(3.85240497162204,-0.832774606930747,-7.61174145440373));
#7698=CARTESIAN_POINT('Ctrl Pts',(3.85136196491242,-0.83130642904797,-7.6127676443307));
#7699=CARTESIAN_POINT('',(3.95182395588137,0.734652121689204,-7.49734040813122));
#7700=CARTESIAN_POINT('Ctrl Pts',(3.95178621707273,0.734621851866879,-7.49734040813122));
#7701=CARTESIAN_POINT('Ctrl Pts',(3.95264996885958,0.736511985295708,-7.49618392597847));
#7702=CARTESIAN_POINT('Ctrl Pts',(3.95350954373132,0.738404321400505,-7.49502782555681));
#7703=CARTESIAN_POINT('Ctrl Pts',(3.95436495096927,0.74029872258701,-7.49387215376048));
#7704=CARTESIAN_POINT('Ctrl Pts',(3.96513503661042,0.764150359692847,-7.47932155883059));
#7705=CARTESIAN_POINT('Ctrl Pts',(3.97530964325796,0.788452111705205,-7.46475976957055));
#7706=CARTESIAN_POINT('Ctrl Pts',(3.98488980504517,0.812996551360065,-7.45026018894425));
#7707=CARTESIAN_POINT('Ctrl Pts',(3.99196387234779,0.831120359901082,-7.43955358382752));
#7708=CARTESIAN_POINT('Ctrl Pts',(3.99871473177754,0.849375895100867,-7.42888089773511));
#7709=CARTESIAN_POINT('Ctrl Pts',(4.00515931583153,0.867671849122993,-7.41827168373877));
#7710=CARTESIAN_POINT('Ctrl Pts',(4.01551495250339,0.897071147949873,-7.40122401012637));
#7711=CARTESIAN_POINT('Ctrl Pts',(4.02517320697124,0.926871463894816,-7.38417202264811));
#7712=CARTESIAN_POINT('Ctrl Pts',(4.03415082897256,0.956844797203302,-7.36719490577779));
#7713=CARTESIAN_POINT('Ctrl Pts',(4.03785312857004,0.969205560423987,-7.36019367839863));
#7714=CARTESIAN_POINT('Ctrl Pts',(4.04144025295737,0.98159553531876,-7.35320518405198));
#7715=CARTESIAN_POINT('Ctrl Pts',(4.04491583176099,0.993997939667647,-7.34623497628888));
#7716=CARTESIAN_POINT('Ctrl Pts',(3.85136196491243,-0.83130642904796,-7.6127676443307));
#7717=CARTESIAN_POINT('Ctrl Pts',(4.08190729796897,-0.635907968075475,-7.59286296662629));
#7718=CARTESIAN_POINT('Ctrl Pts',(4.22677628012632,-0.340080240722622,-7.57295828892187));
#7719=CARTESIAN_POINT('Ctrl Pts',(4.23766805450065,-0.0393993629817591,
-7.55305361121745));
#7720=CARTESIAN_POINT('Ctrl Pts',(4.24783008185083,0.241135947268551,-7.53448254352204));
#7721=CARTESIAN_POINT('Ctrl Pts',(4.14136638090669,0.52589587309258,-7.51591147582663));
#7722=CARTESIAN_POINT('Ctrl Pts',(3.95178621707273,0.734621851866884,-7.49734040813122));
#7723=CARTESIAN_POINT('Ctrl Pts',(3.96322639303871,0.722325497033888,-7.04844518301084));
#7724=CARTESIAN_POINT('Ctrl Pts',(4.13889344596513,0.524551661811792,-7.06586285131536));
#7725=CARTESIAN_POINT('Ctrl Pts',(4.33884527427421,-0.00394692955674322,
-7.10069818792439));
#7726=CARTESIAN_POINT('Ctrl Pts',(4.13538869444216,-0.531106217481857,-7.13553352453343));
#7727=CARTESIAN_POINT('Ctrl Pts',(3.95841232238294,-0.727709287435178,-7.15295119283794));
#7728=CARTESIAN_POINT('Ctrl Pts',(4.02548128960365,0.777621659933911,-7.00037115059632));
#7729=CARTESIAN_POINT('Ctrl Pts',(4.21459617735617,0.564707650019505,-7.01778881890083));
#7730=CARTESIAN_POINT('Ctrl Pts',(4.42985491219941,-0.0042490787410385,
-7.05262415550987));
#7731=CARTESIAN_POINT('Ctrl Pts',(4.21082312669114,-0.571763976400361,-7.0874594921189));
#7732=CARTESIAN_POINT('Ctrl Pts',(4.0202986875361,-0.783417595486205,-7.10487716042342));
#7733=CARTESIAN_POINT('Ctrl Pts',(4.0877361861686,0.832917822833934,-6.95229711818179));
#7734=CARTESIAN_POINT('Ctrl Pts',(4.29029890874721,0.604863638227217,-6.96971478648631));
#7735=CARTESIAN_POINT('Ctrl Pts',(4.5208645501246,-0.00455122792533429,
-7.00455012309534));
#7736=CARTESIAN_POINT('Ctrl Pts',(4.28625755894012,-0.612421735318864,-7.03938545970438));
#7737=CARTESIAN_POINT('Ctrl Pts',(4.08218505268925,-0.839125903537233,-7.0568031280089));
#7738=CARTESIAN_POINT('Ctrl Pts',(4.14999108273354,0.888213985733957,-6.90422308576727));
#7739=CARTESIAN_POINT('Ctrl Pts',(4.36600164013824,0.645019626434929,-6.92164075407179));
#7740=CARTESIAN_POINT('Ctrl Pts',(4.6118741880498,-0.00485337710962949,
-6.95647609068082));
#7741=CARTESIAN_POINT('Ctrl Pts',(4.36169199118911,-0.653079494237367,-6.99131142728986));
#7742=CARTESIAN_POINT('Ctrl Pts',(4.14407141784241,-0.89483421158826,-7.00872909559437));
#7743=CARTESIAN_POINT('',(4.13558544379787,0.460122399991311,-7.06917840575489));
#7744=CARTESIAN_POINT('Ctrl Pts',(4.13558544379786,0.460122399991302,-7.06917840575489));
#7745=CARTESIAN_POINT('Ctrl Pts',(4.1361187923881,0.46947748399338,-7.06607126802856));
#7746=CARTESIAN_POINT('Ctrl Pts',(4.13664392749526,0.478822217862306,-7.06292378784429));
#7747=CARTESIAN_POINT('Ctrl Pts',(4.14449775986964,0.62107050409756,-7.01438885664204));
#7748=CARTESIAN_POINT('Ctrl Pts',(4.14975157810313,0.754506371780192,-6.96093576173013));
#7749=CARTESIAN_POINT('Ctrl Pts',(4.14999108273354,0.888213985733957,-6.90422308576727));
#7750=CARTESIAN_POINT('',(4.12181381643943,-0.487208050509182,-7.1337508353677));
#7751=CARTESIAN_POINT('Ctrl Pts',(4.12175199784082,-0.487160878523169,-7.1337508353677));
#7752=CARTESIAN_POINT('Ctrl Pts',(4.19653179132259,-0.337356421822055,-7.12273328621993));
#7753=CARTESIAN_POINT('Ctrl Pts',(4.23743893944095,-0.170551247974636,-7.11171573707216));
#7754=CARTESIAN_POINT('Ctrl Pts',(4.23799317223893,-0.00361210369588777,
-7.10069818792439));
#7755=CARTESIAN_POINT('Ctrl Pts',(4.23852170167348,0.155584991552046,-7.09019159386789));
#7756=CARTESIAN_POINT('Ctrl Pts',(4.2023533775757,0.3149039192192,-7.07968499981139));
#7757=CARTESIAN_POINT('Ctrl Pts',(4.13501079340972,0.459680453348815,-7.06917840575489));
#7758=CARTESIAN_POINT('Ctrl Pts',(4.14407141784241,-0.89483421158826,-7.00872909559437));
#7759=CARTESIAN_POINT('Ctrl Pts',(4.14263784631554,-0.858928802854934,-7.02183572977087));
#7760=CARTESIAN_POINT('Ctrl Pts',(4.14094670899,-0.822756527120658,-7.03462947537423));
#7761=CARTESIAN_POINT('Ctrl Pts',(4.13907412715084,-0.786485544611496,-7.04693465053604));
#7762=CARTESIAN_POINT('Ctrl Pts',(4.13771146446619,-0.760091443500956,-7.0558890271461));
#7763=CARTESIAN_POINT('Ctrl Pts',(4.13625321282408,-0.733644603118469,-7.06458468834415));
#7764=CARTESIAN_POINT('Ctrl Pts',(4.13473790792489,-0.707194714376184,-7.0729539371011));
#7765=CARTESIAN_POINT('Ctrl Pts',(4.13311892286548,-0.678935071897853,-7.08189582642199));
#7766=CARTESIAN_POINT('Ctrl Pts',(4.13142919303387,-0.650387711584794,-7.09054904792109));
#7767=CARTESIAN_POINT('Ctrl Pts',(4.12970940850362,-0.62169768937036,-7.09878780948167));
#7768=CARTESIAN_POINT('Ctrl Pts',(4.12807209017548,-0.594383395992293,-7.10663151028662));
#7769=CARTESIAN_POINT('Ctrl Pts',(4.12640789718823,-0.566940273321457,-7.11409954609658));
#7770=CARTESIAN_POINT('Ctrl Pts',(4.12478013672861,-0.5394562342702,-7.12108336669828));
#7771=CARTESIAN_POINT('Ctrl Pts',(4.12374849643424,-0.522037429205892,-7.12550956509796));
#7772=CARTESIAN_POINT('Ctrl Pts',(4.12273205671761,-0.504601427800036,-7.12974126599484));
#7773=CARTESIAN_POINT('Ctrl Pts',(4.12175199784082,-0.487160878523169,-7.1337508353677));
#7774=CARTESIAN_POINT('Ctrl Pts',(3.43322229931115,1.05017923192801,-6.10682665307512));
#7775=CARTESIAN_POINT('Ctrl Pts',(3.71069228734749,0.975348492933852,-6.12574944593359));
#7776=CARTESIAN_POINT('Ctrl Pts',(4.2016397135526,0.595451633301564,-6.16359503165052));
#7777=CARTESIAN_POINT('Ctrl Pts',(4.31199429404085,-0.332081308325226,-6.22036341022591));
#7778=CARTESIAN_POINT('Ctrl Pts',(3.92388778751249,-0.816564887867656,-6.25820899594284));
#7779=CARTESIAN_POINT('Ctrl Pts',(3.67172120714782,-0.95440990775045,-6.2771317888013));
#7780=CARTESIAN_POINT('Ctrl Pts',(3.4549038078055,1.13057357232077,-6.0587526206606));
#7781=CARTESIAN_POINT('Ctrl Pts',(3.75361494781742,1.05001431792692,-6.07767541351906));
#7782=CARTESIAN_POINT('Ctrl Pts',(4.28214585815296,0.641035224977801,-6.11552099923599));
#7783=CARTESIAN_POINT('Ctrl Pts',(4.40094840965221,-0.357503119124663,-6.17228937781138));
#7784=CARTESIAN_POINT('Ctrl Pts',(3.98313119694543,-0.879075356130762,-6.21013496352831));
#7785=CARTESIAN_POINT('Ctrl Pts',(3.71166051564144,-1.02747282183707,-6.22905775638678));
#7786=CARTESIAN_POINT('Ctrl Pts',(3.47658531629985,1.21096791271353,-6.01067858824608));
#7787=CARTESIAN_POINT('Ctrl Pts',(3.79653760828734,1.12468014291999,-6.02960138110454));
#7788=CARTESIAN_POINT('Ctrl Pts',(4.36265200275332,0.686618816654038,-6.06744696682147));
#7789=CARTESIAN_POINT('Ctrl Pts',(4.48990252526356,-0.382924929924099,-6.12421534539686));
#7790=CARTESIAN_POINT('Ctrl Pts',(4.04237460637837,-0.941585824393868,-6.16206093111379));
#7791=CARTESIAN_POINT('Ctrl Pts',(3.75159982413506,-1.1005357359237,-6.18098372397226));
#7792=CARTESIAN_POINT('Ctrl Pts',(3.49826682479421,1.29136225310629,-5.96260455583155));
#7793=CARTESIAN_POINT('Ctrl Pts',(3.83946026875726,1.19934596791305,-5.98152734869002));
#7794=CARTESIAN_POINT('Ctrl Pts',(4.44315814735368,0.732202408330276,-6.01937293440694));
#7795=CARTESIAN_POINT('Ctrl Pts',(4.57885664087491,-0.408346740723536,-6.07614131298234));
#7796=CARTESIAN_POINT('Ctrl Pts',(4.10161801581131,-1.00409629265697,-6.11398689869927));
#7797=CARTESIAN_POINT('Ctrl Pts',(3.79153913262867,-1.17359865001032,-6.13290969155773));
#7798=CARTESIAN_POINT('',(3.91552591211396,-0.771853384293523,-6.25701185081117));
#7799=CARTESIAN_POINT('Ctrl Pts',(3.79153913262867,-1.17359865001032,-6.13290969155773));
#7800=CARTESIAN_POINT('Ctrl Pts',(3.80821315046019,-1.13337141133631,-6.14685464017635));
#7801=CARTESIAN_POINT('Ctrl Pts',(3.82362668028316,-1.09234499544683,-6.16069882767829));
#7802=CARTESIAN_POINT('Ctrl Pts',(3.83783852787529,-1.05084290667978,-6.17422504379117));
#7803=CARTESIAN_POINT('Ctrl Pts',(3.84558772289265,-1.0282133521902,-6.18160038931371));
#7804=CARTESIAN_POINT('Ctrl Pts',(3.85298024079304,-1.00544192140429,-6.18888119820069));
#7805=CARTESIAN_POINT('Ctrl Pts',(3.86003060699154,-0.982576509177097,-6.19603225781852));
#7806=CARTESIAN_POINT('Ctrl Pts',(3.87198859401156,-0.943794934586216,-6.20816102896061));
#7807=CARTESIAN_POINT('Ctrl Pts',(3.88304188225285,-0.904480283632956,-6.21999951267125));
#7808=CARTESIAN_POINT('Ctrl Pts',(3.8932107236161,-0.86483676737022,-6.23137052847409));
#7809=CARTESIAN_POINT('Ctrl Pts',(3.90113291153184,-0.833951893247846,-6.24022928836277));
#7810=CARTESIAN_POINT('Ctrl Pts',(3.90851879890013,-0.8028672394319,-6.24880432225079));
#7811=CARTESIAN_POINT('Ctrl Pts',(3.9153900967772,-0.771660660765036,-6.25701185081117));
#7812=CARTESIAN_POINT('',(3.79166013267284,0.877587676826159,-6.13316492673478));
#7813=CARTESIAN_POINT('Ctrl Pts',(3.79153946536506,0.877226533371408,-6.13316492673478));
#7814=CARTESIAN_POINT('Ctrl Pts',(3.79052430304619,0.879483152350355,-6.13231671835958));
#7815=CARTESIAN_POINT('Ctrl Pts',(3.78950440671736,0.881737552471897,-6.13146788840739));
#7816=CARTESIAN_POINT('Ctrl Pts',(3.78847976416939,0.883989647928709,-6.13061849069553));
#7817=CARTESIAN_POINT('Ctrl Pts',(3.77582835552299,0.911796593864276,-6.12013085520038));
#7818=CARTESIAN_POINT('Ctrl Pts',(3.76239573175287,0.9394217267984,-6.10948743759529));
#7819=CARTESIAN_POINT('Ctrl Pts',(3.74811405739702,0.966657095800826,-6.09880906557026));
#7820=CARTESIAN_POINT('Ctrl Pts',(3.73334281491023,0.994826078633509,-6.08776464468405));
#7821=CARTESIAN_POINT('Ctrl Pts',(3.71766309058393,1.02257744832704,-6.0766828318661));
#7822=CARTESIAN_POINT('Ctrl Pts',(3.70104909216064,1.04965380579024,-6.06569731134573));
#7823=CARTESIAN_POINT('Ctrl Pts',(3.69069947264156,1.06652090728904,-6.05885392815115));
#7824=CARTESIAN_POINT('Ctrl Pts',(3.67998829361172,1.08312556866193,-6.05204791227973));
#7825=CARTESIAN_POINT('Ctrl Pts',(3.66891888117675,1.09940218570018,-6.04531158071632));
#7826=CARTESIAN_POINT('Ctrl Pts',(3.65419326228363,1.12105493924809,-6.03635025129407));
#7827=CARTESIAN_POINT('Ctrl Pts',(3.63864217252782,1.14243425220463,-6.02738199434997));
#7828=CARTESIAN_POINT('Ctrl Pts',(3.62219705398025,1.16325964244739,-6.01854072977889));
#7829=CARTESIAN_POINT('Ctrl Pts',(3.60570041679479,1.18415027367553,-6.0096717676326));
#7830=CARTESIAN_POINT('Ctrl Pts',(3.5883040263271,1.20448306156316,-6.00093059477935));
#7831=CARTESIAN_POINT('Ctrl Pts',(3.56998828867712,1.22395768093255,-5.99245239367846));
#7832=CARTESIAN_POINT('Ctrl Pts',(3.55162885588106,1.24347876014727,-5.9839539664615));
#7833=CARTESIAN_POINT('Ctrl Pts',(3.53234560440644,1.26213711210586,-5.97571976721662));
#7834=CARTESIAN_POINT('Ctrl Pts',(3.51217001549039,1.27961980375815,-5.96788594821175));
#7835=CARTESIAN_POINT('Ctrl Pts',(3.50758131771636,1.28359603407305,-5.96610423923764));
#7836=CARTESIAN_POINT('Ctrl Pts',(3.50294667254001,1.28751142330883,-5.96434324116984));
#7837=CARTESIAN_POINT('Ctrl Pts',(3.49826682479421,1.29136225310629,-5.96260455583155));
#7838=CARTESIAN_POINT('Ctrl Pts',(3.9153900967772,-0.77166066076503,-6.25701185081117));
#7839=CARTESIAN_POINT('Ctrl Pts',(4.04694278125055,-0.640649393683181,-6.24479570394942));
#7840=CARTESIAN_POINT('Ctrl Pts',(4.14581069635267,-0.476605626177984,-6.23257955708766));
#7841=CARTESIAN_POINT('Ctrl Pts',(4.19657523732738,-0.298613379606374,-6.22036341022591));
#7842=CARTESIAN_POINT('Ctrl Pts',(4.2752094338781,-0.0229036611162999,-6.20144061736744));
#7843=CARTESIAN_POINT('Ctrl Pts',(4.23842457371535,0.286273986092633,-6.18251782450898));
#7844=CARTESIAN_POINT('Ctrl Pts',(4.0972952870827,0.535837024605172,-6.16359503165052));
#7845=CARTESIAN_POINT('Ctrl Pts',(4.0216443858823,0.669612722196039,-6.15345166334527));
#7846=CARTESIAN_POINT('Ctrl Pts',(3.91601130685779,0.786258843638772,-6.14330829504003));
#7847=CARTESIAN_POINT('Ctrl Pts',(3.79153946536506,0.877226533371408,-6.13316492673478));
#7848=CARTESIAN_POINT('Ctrl Pts',(2.55584183636663,-0.911080329382551,-7.70434823092228));
#7849=CARTESIAN_POINT('Ctrl Pts',(2.31815685556921,-0.7560748187164,-7.72303256891936));
#7850=CARTESIAN_POINT('Ctrl Pts',(1.97135122813253,-0.252080164949733,-7.76040124491352));
#7851=CARTESIAN_POINT('Ctrl Pts',(2.1370880241547,0.653273806435671,-7.81645425890476));
#7852=CARTESIAN_POINT('Ctrl Pts',(2.63994523076146,1.00172664974561,-7.85382293489893));
#7853=CARTESIAN_POINT('Ctrl Pts',(2.91712749375597,1.06247902842156,-7.87250727289601));
#7854=CARTESIAN_POINT('Ctrl Pts',(2.51035726363652,-0.980826235508554,-7.65627419850776));
#7855=CARTESIAN_POINT('Ctrl Pts',(2.25447679137295,-0.813954592463866,-7.67495853650484));
#7856=CARTESIAN_POINT('Ctrl Pts',(1.88112216276141,-0.27137765053229,-7.712327212499));
#7857=CARTESIAN_POINT('Ctrl Pts',(2.05954660293985,0.703283857260847,-7.76838022649024));
#7858=CARTESIAN_POINT('Ctrl Pts',(2.60089902275196,1.07841180101479,-7.8057489024844));
#7859=CARTESIAN_POINT('Ctrl Pts',(2.89930041151523,1.14381495477984,-7.82443324048148));
#7860=CARTESIAN_POINT('Ctrl Pts',(2.46487269090641,-1.05057214163456,-7.60820016609323));
#7861=CARTESIAN_POINT('Ctrl Pts',(2.19079672717669,-0.871834366211333,-7.62688450409031));
#7862=CARTESIAN_POINT('Ctrl Pts',(1.79089309739029,-0.290675136114848,-7.66425318008448));
#7863=CARTESIAN_POINT('Ctrl Pts',(1.98200518172501,0.753293908086023,-7.72030619407571));
#7864=CARTESIAN_POINT('Ctrl Pts',(2.56185281474246,1.15509695228396,-7.75767487006988));
#7865=CARTESIAN_POINT('Ctrl Pts',(2.88147332927449,1.22515088113812,-7.77635920806696));
#7866=CARTESIAN_POINT('Ctrl Pts',(2.4193881181763,-1.12031804776056,-7.56012613367871));
#7867=CARTESIAN_POINT('Ctrl Pts',(2.12711666298043,-0.929714139958799,-7.57881047167579));
#7868=CARTESIAN_POINT('Ctrl Pts',(1.70066403201917,-0.309972621697405,-7.61617914766995));
#7869=CARTESIAN_POINT('Ctrl Pts',(1.90446376051016,0.803303958911198,-7.6722321616612));
#7870=CARTESIAN_POINT('Ctrl Pts',(2.52280660673297,1.23178210355314,-7.70960083765536));
#7871=CARTESIAN_POINT('Ctrl Pts',(2.86364624703375,1.3064868074964,-7.72828517565244));
#7872=CARTESIAN_POINT('Ctrl Pts',(2.55584183636661,-0.911080329382538,-7.70434823092228));
#7873=CARTESIAN_POINT('Ctrl Pts',(2.55479852935349,-0.912041083713909,-7.70357755802814));
#7874=CARTESIAN_POINT('Ctrl Pts',(2.55375838850979,-0.91300460562468,-7.70280608241189));
#7875=CARTESIAN_POINT('Ctrl Pts',(2.55272139408513,-0.913970878775164,-7.70203381963824));
#7876=CARTESIAN_POINT('Ctrl Pts',(2.53718779034961,-0.928445116883843,-7.69046574981993));
#7877=CARTESIAN_POINT('Ctrl Pts',(2.52236590477491,-0.943515063433717,-7.67873522803263));
#7878=CARTESIAN_POINT('Ctrl Pts',(2.50821890550077,-0.959119767257114,-7.6668953813347));
#7879=CARTESIAN_POINT('Ctrl Pts',(2.49407190622663,-0.974724471080511,-7.65505553463677));
#7880=CARTESIAN_POINT('Ctrl Pts',(2.48060028461071,-0.990863658672778,-7.6431063630282));
#7881=CARTESIAN_POINT('Ctrl Pts',(2.46773647876279,-1.00743169435246,-7.63110099356734));
#7882=CARTESIAN_POINT('Ctrl Pts',(2.45372266268059,-1.02548089437951,-7.61802235715039));
#7883=CARTESIAN_POINT('Ctrl Pts',(2.4404133049873,-1.04407115374383,-7.60485565960456));
#7884=CARTESIAN_POINT('Ctrl Pts',(2.42777932776261,-1.06308716986131,-7.591662114245));
#7885=CARTESIAN_POINT('Ctrl Pts',(2.4181184933008,-1.07762816360911,-7.58157339432599));
#7886=CARTESIAN_POINT('Ctrl Pts',(2.40885197772352,-1.09241726107699,-7.57146897591167));
#7887=CARTESIAN_POINT('Ctrl Pts',(2.39995202257027,-1.10738851649902,-7.56137622867152));
#7888=CARTESIAN_POINT('Ctrl Pts',(2.56542900865051,1.20298919615792,-7.71134256394736));
#7889=CARTESIAN_POINT('Ctrl Pts',(2.60295813363993,1.17120317059992,-7.73838223716851));
#7890=CARTESIAN_POINT('Ctrl Pts',(2.64424889478727,1.14392067182964,-7.76422600763016));
#7891=CARTESIAN_POINT('Ctrl Pts',(2.77210339336074,1.08290325607176,-7.83043744866968));
#7892=CARTESIAN_POINT('Ctrl Pts',(2.85164295093323,1.06861570516041,-7.85682661936016));
#7893=CARTESIAN_POINT('Ctrl Pts',(2.91712749375597,1.06247902842156,-7.872507272896));
#7894=CARTESIAN_POINT('Ctrl Pts',(2.35802437175045,-0.745564144965897,-7.27137163802629));
#7895=CARTESIAN_POINT('Ctrl Pts',(2.1659896345255,-0.541575215661329,-7.28981870934333));
#7896=CARTESIAN_POINT('Ctrl Pts',(1.94834730850314,0.0210158511364555,-7.32671285197742));
#7897=CARTESIAN_POINT('Ctrl Pts',(2.18552896596464,0.575652445566456,-7.36360699461151));
#7898=CARTESIAN_POINT('Ctrl Pts',(2.38457925699495,0.772801640899911,-7.38205406592855));
#7899=CARTESIAN_POINT('Ctrl Pts',(2.29739628436829,-0.802639295409487,-7.22329760561177));
#7900=CARTESIAN_POINT('Ctrl Pts',(2.09066071745414,-0.583034407494923,-7.24174467692881));
#7901=CARTESIAN_POINT('Ctrl Pts',(1.85635722473742,0.0226246769811699,-7.2786388195629));
#7902=CARTESIAN_POINT('Ctrl Pts',(2.11169584276828,0.619720350596182,-7.31553296219699));
#7903=CARTESIAN_POINT('Ctrl Pts',(2.3259840249755,0.831961902582605,-7.33398003351403));
#7904=CARTESIAN_POINT('Ctrl Pts',(2.23676819698612,-0.859714445853078,-7.17522357319724));
#7905=CARTESIAN_POINT('Ctrl Pts',(2.01533180038279,-0.624493599328517,-7.19367064451429));
#7906=CARTESIAN_POINT('Ctrl Pts',(1.76436714097171,0.0242335028258837,-7.23056478714837));
#7907=CARTESIAN_POINT('Ctrl Pts',(2.03786271957192,0.663788255625909,-7.26745892978246));
#7908=CARTESIAN_POINT('Ctrl Pts',(2.26738879295605,0.891122164265298,-7.28590600109951));
#7909=CARTESIAN_POINT('Ctrl Pts',(2.17614010960396,-0.916789596296669,-7.12714954078272));
#7910=CARTESIAN_POINT('Ctrl Pts',(1.94000288331144,-0.665952791162111,-7.14559661209976));
#7911=CARTESIAN_POINT('Ctrl Pts',(1.67237705720599,0.025842328670598,-7.18249075473386));
#7912=CARTESIAN_POINT('Ctrl Pts',(1.96402959637557,0.707856160655635,-7.21938489736794));
#7913=CARTESIAN_POINT('Ctrl Pts',(2.2087935609366,0.950282425947992,-7.23783196868498));
#7914=CARTESIAN_POINT('',(2.22729055776258,-0.575932787055847,-7.2854961545929));
#7915=CARTESIAN_POINT('Ctrl Pts',(2.22729055776258,-0.575932787055839,-7.2854961545929));
#7916=CARTESIAN_POINT('Ctrl Pts',(2.22596439536721,-0.583043522404166,-7.28232190097306));
#7917=CARTESIAN_POINT('Ctrl Pts',(2.22465314968854,-0.590152195565119,-7.27913729832874));
#7918=CARTESIAN_POINT('Ctrl Pts',(2.20391582471471,-0.703875664814055,-7.22802289113735));
#7919=CARTESIAN_POINT('Ctrl Pts',(2.18806905008906,-0.809675338687279,-7.17829257472124));
#7920=CARTESIAN_POINT('Ctrl Pts',(2.17614010960395,-0.916789596296663,-7.12714954078272));
#7921=CARTESIAN_POINT('',(2.26772673191934,0.63548643869815,-7.37016725911095));
#7922=CARTESIAN_POINT('Ctrl Pts',(2.26778200431503,0.635442749459363,-7.37016725911081));
#7923=CARTESIAN_POINT('Ctrl Pts',(2.13983028515774,0.45642962979578,-7.35568245673301));
#7924=CARTESIAN_POINT('Ctrl Pts',(2.06588891802825,0.238341475475749,-7.34119765435522));
#7925=CARTESIAN_POINT('Ctrl Pts',(2.0620533043741,0.0190272330445093,-7.32671285197742));
#7926=CARTESIAN_POINT('Ctrl Pts',(2.0584152078565,-0.188993296027655,-7.31297395284925));
#7927=CARTESIAN_POINT('Ctrl Pts',(2.11784849846998,-0.398116888316252,-7.29923505372107));
#7928=CARTESIAN_POINT('Ctrl Pts',(2.22775622518164,-0.575585304995465,-7.2854961545929));
#7929=CARTESIAN_POINT('Ctrl Pts',(2.2087935609366,0.950282425947985,-7.23783196868498));
#7930=CARTESIAN_POINT('Ctrl Pts',(2.2136317201503,0.919869447513926,-7.25131117440634));
#7931=CARTESIAN_POINT('Ctrl Pts',(2.21876066600725,0.889510817058279,-7.26462726347083));
#7932=CARTESIAN_POINT('Ctrl Pts',(2.22414320134349,0.859130133668506,-7.27776241642442));
#7933=CARTESIAN_POINT('Ctrl Pts',(2.22785349104682,0.838188118480574,-7.28681674114519));
#7934=CARTESIAN_POINT('Ctrl Pts',(2.23168533611645,0.817235956477179,-7.29578509186971));
#7935=CARTESIAN_POINT('Ctrl Pts',(2.23563987391319,0.796254090110493,-7.30466163203483));
#7936=CARTESIAN_POINT('Ctrl Pts',(2.24159410216447,0.764662326949641,-7.31802677075432));
#7937=CARTESIAN_POINT('Ctrl Pts',(2.24780109231561,0.733151308436876,-7.33112356017413));
#7938=CARTESIAN_POINT('Ctrl Pts',(2.25416508167161,0.701675599231909,-7.34387111861596));
#7939=CARTESIAN_POINT('Ctrl Pts',(2.2586315726659,0.679584743349187,-7.35281784240735));
#7940=CARTESIAN_POINT('Ctrl Pts',(2.26317657999125,0.657511511885195,-7.36159254308825));
#7941=CARTESIAN_POINT('Ctrl Pts',(2.26778200431503,0.635442749459369,-7.37016725911081));
#7942=CARTESIAN_POINT('Ctrl Pts',(3.87457252401123,0.811224967224253,-6.59017378029321));
#7943=CARTESIAN_POINT('Ctrl Pts',(4.09518687186854,0.614175934812175,-6.60965091601844));
#7944=CARTESIAN_POINT('Ctrl Pts',(4.36523779665885,0.0314863713084471,-6.64860518746889));
#7945=CARTESIAN_POINT('Ctrl Pts',(4.12572349899067,-0.56440584261013,-6.68755945891934));
#7946=CARTESIAN_POINT('Ctrl Pts',(3.91560924143605,-0.772614897233873,-6.70703659464456));
#7947=CARTESIAN_POINT('Ctrl Pts',(3.93004070350252,0.873326648696662,-6.54209974787869));
#7948=CARTESIAN_POINT('Ctrl Pts',(4.16754373515583,0.661192927400842,-6.56157688360392));
#7949=CARTESIAN_POINT('Ctrl Pts',(4.45826786058744,0.0338967465813011,-6.60053115505437));
#7950=CARTESIAN_POINT('Ctrl Pts',(4.20041803181156,-0.607612786768755,-6.63948542650482));
#7951=CARTESIAN_POINT('Ctrl Pts',(3.97421890357044,-0.831760863134098,-6.65896256223004));
#7952=CARTESIAN_POINT('Ctrl Pts',(3.9855088829938,0.935428330169072,-6.49402571546417));
#7953=CARTESIAN_POINT('Ctrl Pts',(4.23990059844312,0.70820991998951,-6.51350285118939));
#7954=CARTESIAN_POINT('Ctrl Pts',(4.55129792451603,0.0363071218541553,-6.55245712263984));
#7955=CARTESIAN_POINT('Ctrl Pts',(4.27511256463246,-0.65081973092738,-6.59141139409029));
#7956=CARTESIAN_POINT('Ctrl Pts',(4.03282856570483,-0.890906829034322,-6.61088852981552));
#7957=CARTESIAN_POINT('Ctrl Pts',(4.04097706248508,0.997530011641481,-6.44595168304964));
#7958=CARTESIAN_POINT('Ctrl Pts',(4.31225746173041,0.755226912578178,-6.46542881877487));
#7959=CARTESIAN_POINT('Ctrl Pts',(4.64432798844462,0.0387174971270092,-6.50438309022532));
#7960=CARTESIAN_POINT('Ctrl Pts',(4.34980709745336,-0.694026675086006,-6.54333736167577));
#7961=CARTESIAN_POINT('Ctrl Pts',(4.09143822783922,-0.950052794934546,-6.56281449740099));
#7962=CARTESIAN_POINT('',(4.1254345575949,-0.479027001191117,-6.68317135497597));
#7963=CARTESIAN_POINT('Ctrl Pts',(4.09143822783922,-0.950052794934546,-6.56281449740099));
#7964=CARTESIAN_POINT('Ctrl Pts',(4.09591562362077,-0.911141761010177,-6.57531560292726));
#7965=CARTESIAN_POINT('Ctrl Pts',(4.09992228196385,-0.871906723350188,-6.58741770897438));
#7966=CARTESIAN_POINT('Ctrl Pts',(4.10349273178478,-0.832481112876272,-6.59896746903447));
#7967=CARTESIAN_POINT('Ctrl Pts',(4.10631804218334,-0.80128347873269,-6.60810683769534));
#7968=CARTESIAN_POINT('Ctrl Pts',(4.10887078322868,-0.769966263754557,-6.61690034847937));
#7969=CARTESIAN_POINT('Ctrl Pts',(4.11118031949195,-0.738575594132949,-6.62527202063371));
#7970=CARTESIAN_POINT('Ctrl Pts',(4.11361521869418,-0.705481021151045,-6.63409811190325));
#7971=CARTESIAN_POINT('Ctrl Pts',(4.11580003301363,-0.672147571356968,-6.64249240462198));
#7972=CARTESIAN_POINT('Ctrl Pts',(4.1177439972012,-0.638669701677014,-6.65034895008911));
#7973=CARTESIAN_POINT('Ctrl Pts',(4.11960078290798,-0.606693171290049,-6.65785316308915));
#7974=CARTESIAN_POINT('Ctrl Pts',(4.12123851124993,-0.574585448499633,-6.66486677868246));
#7975=CARTESIAN_POINT('Ctrl Pts',(4.12268976032782,-0.542389007085926,-6.67129747252966));
#7976=CARTESIAN_POINT('Ctrl Pts',(4.12364151290832,-0.521274060888907,-6.67551482539945));
#7977=CARTESIAN_POINT('Ctrl Pts',(4.12451357281272,-0.500120136222926,-6.67948146664555));
#7978=CARTESIAN_POINT('Ctrl Pts',(4.12531880339058,-0.478927453277338,-6.68317135497597));
#7979=CARTESIAN_POINT('',(4.10858989364771,0.51400068657198,-6.615209874124));
#7980=CARTESIAN_POINT('Ctrl Pts',(4.10858989364771,0.514000686571972,-6.615209874124));
#7981=CARTESIAN_POINT('Ctrl Pts',(4.10766850896897,0.524704550278062,-6.61210853752223));
#7982=CARTESIAN_POINT('Ctrl Pts',(4.10671595211281,0.535392488024661,-6.60895742912607));
#7983=CARTESIAN_POINT('Ctrl Pts',(4.09167622986423,0.698422223319505,-6.56010632590691));
#7984=CARTESIAN_POINT('Ctrl Pts',(4.07073950507155,0.850273977479604,-6.50435439632513));
#7985=CARTESIAN_POINT('Ctrl Pts',(4.04097706248508,0.997530011641481,-6.44595168304964));
#7986=CARTESIAN_POINT('Ctrl Pts',(4.12531880339057,-0.478927453277352,-6.68317135497597));
#7987=CARTESIAN_POINT('Ctrl Pts',(4.20229776657232,-0.321575170361382,-6.67164929914028));
#7988=CARTESIAN_POINT('Ctrl Pts',(4.24236261610104,-0.14611719237332,-6.66012724330458));
#7989=CARTESIAN_POINT('Ctrl Pts',(4.23784649104423,0.0281857087047322,-6.64860518746889));
#7990=CARTESIAN_POINT('Ctrl Pts',(4.23348333995592,0.196584476003203,-6.63747341635393));
#7991=CARTESIAN_POINT('Ctrl Pts',(4.1875082316321,0.363905092556203,-6.62634164523896));
#7992=CARTESIAN_POINT('Ctrl Pts',(4.10772519657639,0.513159823443682,-6.615209874124));
#7993=CARTESIAN_POINT('Ctrl Pts',(2.35720234733279,-0.744689983768658,-6.82145064892132));
#7994=CARTESIAN_POINT('Ctrl Pts',(2.17252258197411,-0.548079732976059,-6.83921201832864));
#7995=CARTESIAN_POINT('Ctrl Pts',(1.95693415417535,-0.0120886457167142,
-6.87473475714328));
#7996=CARTESIAN_POINT('Ctrl Pts',(2.16161765939879,0.528160813803277,-6.91025749595793));
#7997=CARTESIAN_POINT('Ctrl Pts',(2.34227564124468,0.728472820545352,-6.92801886536525));
#7998=CARTESIAN_POINT('Ctrl Pts',(2.29651133153914,-0.801698214575379,-6.77337661650679));
#7999=CARTESIAN_POINT('Ctrl Pts',(2.09769378144,-0.590036864935674,-6.79113798591412));
#8000=CARTESIAN_POINT('Ctrl Pts',(1.86560141895822,-0.0130140674629179,
-6.82666072472876));
#8001=CARTESIAN_POINT('Ctrl Pts',(2.08595405464191,0.568593093319093,-6.86218346354341));
#8002=CARTESIAN_POINT('Ctrl Pts',(2.28044194175123,0.784239579324497,-6.87994483295073));
#8003=CARTESIAN_POINT('Ctrl Pts',(2.23582031574549,-0.8587064453821,-6.72530258409227));
#8004=CARTESIAN_POINT('Ctrl Pts',(2.02286498090588,-0.63199399689529,-6.74306395349959));
#8005=CARTESIAN_POINT('Ctrl Pts',(1.7742686837411,-0.01393948920912,-6.77858669231424));
#8006=CARTESIAN_POINT('Ctrl Pts',(2.01029044988503,0.609025372834909,-6.81410943112888));
#8007=CARTESIAN_POINT('Ctrl Pts',(2.21860824225777,0.840006338103643,-6.83187080053621));
#8008=CARTESIAN_POINT('Ctrl Pts',(2.17512929995183,-0.915714676188821,-6.67722855167775));
#8009=CARTESIAN_POINT('Ctrl Pts',(1.94803618037177,-0.673951128854905,-6.69498992108507));
#8010=CARTESIAN_POINT('Ctrl Pts',(1.68293594852397,-0.0148649109553235,
-6.73051265989972));
#8011=CARTESIAN_POINT('Ctrl Pts',(1.93462684512814,0.649457652350725,-6.76603539871436));
#8012=CARTESIAN_POINT('Ctrl Pts',(2.15677454276432,0.895773096882788,-6.78379676812168));
#8013=CARTESIAN_POINT('',(2.15144490790425,-0.431252847004689,-6.84626241492539));
#8014=CARTESIAN_POINT('Ctrl Pts',(2.15144490790425,-0.431252847004688,-6.84626241492539));
#8015=CARTESIAN_POINT('Ctrl Pts',(2.15161138020127,-0.442233348611791,-6.8431690165218));
#8016=CARTESIAN_POINT('Ctrl Pts',(2.15179554862446,-0.453198168196528,-6.84001484105033));
#8017=CARTESIAN_POINT('Ctrl Pts',(2.15481008675603,-0.615535171523347,-6.79240821961194));
#8018=CARTESIAN_POINT('Ctrl Pts',(2.16157162400798,-0.767115760124231,-6.73655833176378));
#8019=CARTESIAN_POINT('Ctrl Pts',(2.17512929995183,-0.915714676188821,-6.67722855167775));
#8020=CARTESIAN_POINT('',(2.15057340788083,0.427449850195753,-6.90441914679478));
#8021=CARTESIAN_POINT('Ctrl Pts',(2.15064607258751,0.427389947776714,-6.90441914679478));
#8022=CARTESIAN_POINT('Ctrl Pts',(2.09157312181916,0.289091266109564,-6.89452435024428));
#8023=CARTESIAN_POINT('Ctrl Pts',(2.06048336390889,0.138868405040764,-6.88462955369378));
#8024=CARTESIAN_POINT('Ctrl Pts',(2.0620021374309,-0.0110240526515527,-6.87473475714328));
#8025=CARTESIAN_POINT('Ctrl Pts',(2.06345889770045,-0.154796230601058,-6.86524397640398));
#8026=CARTESIAN_POINT('Ctrl Pts',(2.09491566681053,-0.298264435823793,-6.85575319566469));
#8027=CARTESIAN_POINT('Ctrl Pts',(2.15207257853489,-0.430699657986557,-6.84626241492539));
#8028=CARTESIAN_POINT('',(2.15056324613544,0.452999908229836,-6.89999999999951));
#8029=CARTESIAN_POINT('Ctrl Pts',(2.15062990733485,0.4529465013254,-6.89999999999945));
#8030=CARTESIAN_POINT('Ctrl Pts',(2.15063429649044,0.444434099124606,-6.90152297282262));
#8031=CARTESIAN_POINT('Ctrl Pts',(2.15063931964703,0.435915723694714,-6.90299621020266));
#8032=CARTESIAN_POINT('Ctrl Pts',(2.15064607258751,0.427389947776721,-6.90441914679478));
#8033=CARTESIAN_POINT('Ctrl Pts',(2.15677454276432,0.895773096882788,-6.78379676812168));
#8034=CARTESIAN_POINT('Ctrl Pts',(2.15540087141969,0.860088154773497,-6.79553796780533));
#8035=CARTESIAN_POINT('Ctrl Pts',(2.15431063163077,0.824125596630338,-6.80692240640961));
#8036=CARTESIAN_POINT('Ctrl Pts',(2.1534645624029,0.788018619468788,-6.81780695641825));
#8037=CARTESIAN_POINT('Ctrl Pts',(2.15268371759554,0.754695169452098,-6.82785240432557));
#8038=CARTESIAN_POINT('Ctrl Pts',(2.15211048642511,0.721249156491678,-6.83747206671816));
#8039=CARTESIAN_POINT('Ctrl Pts',(2.15169205540256,0.687752366708157,-6.84655343139636));
#8040=CARTESIAN_POINT('Ctrl Pts',(2.15130881468288,0.657072677270012,-6.85487104779488));
#8041=CARTESIAN_POINT('Ctrl Pts',(2.15104247531181,0.626160637133226,-6.8627826252144));
#8042=CARTESIAN_POINT('Ctrl Pts',(2.15087523479093,0.595113212648424,-6.87018394201981));
#8043=CARTESIAN_POINT('Ctrl Pts',(2.15071446854852,0.565267707835181,-6.87729873624206));
#8044=CARTESIAN_POINT('Ctrl Pts',(2.15064468477055,0.535297606508656,-6.88394201195383));
#8045=CARTESIAN_POINT('Ctrl Pts',(2.15062515414647,0.505248377908248,-6.89002118899425));
#8046=CARTESIAN_POINT('Ctrl Pts',(2.15061384039088,0.487841375092,-6.89354275200241));
#8047=CARTESIAN_POINT('Ctrl Pts',(2.15061895504786,0.470407019136291,-6.896875021197));
#8048=CARTESIAN_POINT('Ctrl Pts',(2.15062990733485,0.4529465013254,-6.89999999999945));
#8049=CARTESIAN_POINT('Ctrl Pts',(2.56162810192865,-0.914827743107914,-6.35389430954055));
#8050=CARTESIAN_POINT('Ctrl Pts',(2.27217364692738,-0.72866497270949,-6.37655502184101));
#8051=CARTESIAN_POINT('Ctrl Pts',(1.88724490315817,-0.0632431108244144,
-6.42187644644191));
#8052=CARTESIAN_POINT('Ctrl Pts',(2.20376095462413,0.637309514763942,-6.46719787104281));
#8053=CARTESIAN_POINT('Ctrl Pts',(2.47316625216062,0.851461900372352,-6.48985858334327));
#8054=CARTESIAN_POINT('Ctrl Pts',(2.5165864850189,-0.984860524888539,-6.30582027712603));
#8055=CARTESIAN_POINT('Ctrl Pts',(2.20497343148883,-0.784446441307704,-6.32848098942648));
#8056=CARTESIAN_POINT('Ctrl Pts',(1.79057724872187,-0.0680845588596993,
-6.37380241402739));
#8057=CARTESIAN_POINT('Ctrl Pts',(2.13132354432873,0.686097451630123,-6.41912383862829));
#8058=CARTESIAN_POINT('Ctrl Pts',(2.42135261782202,0.916643838625244,-6.44178455092874));
#8059=CARTESIAN_POINT('Ctrl Pts',(2.47154486810914,-1.05489330666916,-6.25774624471151));
#8060=CARTESIAN_POINT('Ctrl Pts',(2.13777321605027,-0.840227909905917,-6.28040695701196));
#8061=CARTESIAN_POINT('Ctrl Pts',(1.69390959428557,-0.072926006894985,-6.32572838161286));
#8062=CARTESIAN_POINT('Ctrl Pts',(2.05888613403334,0.734885388496303,-6.37104980621377));
#8063=CARTESIAN_POINT('Ctrl Pts',(2.36953898348342,0.981825776878137,-6.39371051851422));
#8064=CARTESIAN_POINT('Ctrl Pts',(2.42650325119939,-1.12492608844979,-6.20967221229698));
#8065=CARTESIAN_POINT('Ctrl Pts',(2.07057300061172,-0.896009378504131,-6.23233292459744));
#8066=CARTESIAN_POINT('Ctrl Pts',(1.59724193984927,-0.0777674549302698,
-6.27765434919834));
#8067=CARTESIAN_POINT('Ctrl Pts',(1.98644872373795,0.783673325362484,-6.32297577379925));
#8068=CARTESIAN_POINT('Ctrl Pts',(2.31772534914483,1.04700771513103,-6.3456364860997));
#8069=CARTESIAN_POINT('',(2.29835113800626,-0.674208787679694,-6.37748214562276));
#8070=CARTESIAN_POINT('Ctrl Pts',(2.29863439586903,-0.673874781463375,-6.37748214562276));
#8071=CARTESIAN_POINT('Ctrl Pts',(2.29940544169854,-0.677768976924171,-6.37621111250041));
#8072=CARTESIAN_POINT('Ctrl Pts',(2.3001829165969,-0.681660582831382,-6.3749353178336));
#8073=CARTESIAN_POINT('Ctrl Pts',(2.30096686345588,-0.685549459775317,-6.37365492499232));
#8074=CARTESIAN_POINT('Ctrl Pts',(2.30795930445136,-0.720236431548382,-6.36223441696797));
#8075=CARTESIAN_POINT('Ctrl Pts',(2.31547952863485,-0.754804404747488,-6.35041374144963));
#8076=CARTESIAN_POINT('Ctrl Pts',(2.32358313493254,-0.78916586524382,-6.3382987027373));
#8077=CARTESIAN_POINT('Ctrl Pts',(2.33216375245101,-0.825549981039155,-6.32547052357939));
#8078=CARTESIAN_POINT('Ctrl Pts',(2.34139914493709,-0.861701677432928,-6.31231230643607));
#8079=CARTESIAN_POINT('Ctrl Pts',(2.35132029527844,-0.897470778211971,-6.29894966123038));
#8080=CARTESIAN_POINT('Ctrl Pts',(2.35393380547801,-0.906893365966327,-6.29542956443347));
#8081=CARTESIAN_POINT('Ctrl Pts',(2.35659469589651,-0.916289208267467,-6.29189528147669));
#8082=CARTESIAN_POINT('Ctrl Pts',(2.35930308518104,-0.925655186445563,-6.28834910856399));
#8083=CARTESIAN_POINT('Ctrl Pts',(2.37057432534175,-0.964632666525062,-6.27359134579378));
#8084=CARTESIAN_POINT('Ctrl Pts',(2.3827539745895,-1.0033673681347,-6.25852643277272));
#8085=CARTESIAN_POINT('Ctrl Pts',(2.39592879648378,-1.04164359845545,-6.24330734209615));
#8086=CARTESIAN_POINT('Ctrl Pts',(2.40558024697494,-1.06968353287687,-6.23215832608939));
#8087=CARTESIAN_POINT('Ctrl Pts',(2.41576485366544,-1.09747634437256,-6.22092656977981));
#8088=CARTESIAN_POINT('Ctrl Pts',(2.42650325119938,-1.12492608844978,-6.20967221229698));
#8089=CARTESIAN_POINT('',(2.24923899450889,0.607046730271965,-6.46794809825383));
#8090=CARTESIAN_POINT('Ctrl Pts',(2.24946649123797,0.606830823056429,-6.46794809825383));
#8091=CARTESIAN_POINT('Ctrl Pts',(2.11996434915699,0.412435336951311,-6.45259088098319));
#8092=CARTESIAN_POINT('Ctrl Pts',(2.05101524191543,0.176970599481383,-6.43723366371255));
#8093=CARTESIAN_POINT('Ctrl Pts',(2.06260610196696,-0.0544604198985915,
-6.42187644644191));
#8094=CARTESIAN_POINT('Ctrl Pts',(2.07377496845304,-0.277465627855542,-6.40707834616886));
#8095=CARTESIAN_POINT('Ctrl Pts',(2.15972604972535,-0.496725485736889,-6.39228024589581));
#8096=CARTESIAN_POINT('Ctrl Pts',(2.29863439586905,-0.673874781463393,-6.37748214562276));
#8097=CARTESIAN_POINT('Ctrl Pts',(2.31772534914483,1.04700771513103,-6.3456364860997));
#8098=CARTESIAN_POINT('Ctrl Pts',(2.30810125123795,1.0032707656971,-6.36008529545386));
#8099=CARTESIAN_POINT('Ctrl Pts',(2.29936294740423,0.959029011003651,-6.37414118165892));
#8100=CARTESIAN_POINT('Ctrl Pts',(2.29145739608457,0.914476903861017,-6.38760201907672));
#8101=CARTESIAN_POINT('Ctrl Pts',(2.2872683986347,0.89086961125601,-6.39473465427652));
#8102=CARTESIAN_POINT('Ctrl Pts',(2.28331281530685,0.867174607986806,-6.40170021564118));
#8103=CARTESIAN_POINT('Ctrl Pts',(2.27957970438434,0.843415422837466,-6.40846863166287));
#8104=CARTESIAN_POINT('Ctrl Pts',(2.27382360684202,0.806781047356944,-6.41890487736693));
#8105=CARTESIAN_POINT('Ctrl Pts',(2.26856451575236,0.769820580772018,-6.42891933964918));
#8106=CARTESIAN_POINT('Ctrl Pts',(2.26378911924986,0.732659428930382,-6.43837793242088));
#8107=CARTESIAN_POINT('Ctrl Pts',(2.25930873202386,0.697793978506057,-6.44725220248578));
#8108=CARTESIAN_POINT('Ctrl Pts',(2.25525348642938,0.662752599743711,-6.4556371614366));
#8109=CARTESIAN_POINT('Ctrl Pts',(2.25158685608783,0.627599887027743,-6.46342206989968));
#8110=CARTESIAN_POINT('Ctrl Pts',(2.25086520122828,0.620681238678999,-6.46495427153995));
#8111=CARTESIAN_POINT('Ctrl Pts',(2.25015853496704,0.613758130191683,-6.46646322908648));
#8112=CARTESIAN_POINT('Ctrl Pts',(2.24946649123797,0.606830823056435,-6.46794809825383));
#8113=CARTESIAN_POINT('Ctrl Pts',(3.69797565045854,1.22009382282861,-7.73649428360542));
#8114=CARTESIAN_POINT('Ctrl Pts',(4.09819664172915,1.04034423807108,-7.75998732697153));
#8115=CARTESIAN_POINT('Ctrl Pts',(4.70167521330273,0.259768630453201,-7.80697341370375));
#8116=CARTESIAN_POINT('Ctrl Pts',(4.22461799671902,-1.15097907694338,-7.87745254380207));
#8117=CARTESIAN_POINT('Ctrl Pts',(2.78680167847573,-1.53081667242585,-7.94793167390041));
#8118=CARTESIAN_POINT('Ctrl Pts',(1.67394461278544,-0.545724594809973,-8.01841080399872));
#8119=CARTESIAN_POINT('Ctrl Pts',(1.8784368835151,0.927413693985492,-8.08888993409706));
#8120=CARTESIAN_POINT('Ctrl Pts',(3.21828595901429,1.57217594882044,-8.15936906419538));
#8121=CARTESIAN_POINT('Ctrl Pts',(4.49707448112527,0.813637183312389,-8.22984819429372));
#8122=CARTESIAN_POINT('Ctrl Pts',(4.57333865619313,-0.671380176574417,-8.30032732439203));
#8123=CARTESIAN_POINT('Ctrl Pts',(3.37891688625549,-1.55697368496825,-8.37080645449038));
#8124=CARTESIAN_POINT('Ctrl Pts',(1.98014759189489,-1.05263958499051,-8.44128558458869));
#8125=CARTESIAN_POINT('Ctrl Pts',(1.62573528048858,0.391435556234431,-8.51176471468703));
#8126=CARTESIAN_POINT('Ctrl Pts',(2.63208583049104,1.48605529749459,-8.58224384478535));
#8127=CARTESIAN_POINT('Ctrl Pts',(4.10079277385595,1.25403104704965,-8.65272297488369));
#8128=CARTESIAN_POINT('Ctrl Pts',(4.72069802494974,-0.0975085368083076,
-8.72320210498201));
#8129=CARTESIAN_POINT('Ctrl Pts',(3.93839112231582,-1.36199799559994,-8.79368123508035));
#8130=CARTESIAN_POINT('Ctrl Pts',(2.45226287642708,-1.41058951412852,-8.86416036517867));
#8131=CARTESIAN_POINT('Ctrl Pts',(1.5890264194695,-0.199903001682401,-8.934639495277));
#8132=CARTESIAN_POINT('Ctrl Pts',(2.11932035613077,1.18924308277342,-9.00511862537532));
#8133=CARTESIAN_POINT('Ctrl Pts',(3.56973446698869,1.51671441459246,-9.07559775547367));
#8134=CARTESIAN_POINT('Ctrl Pts',(4.64543840316841,0.490167024110107,-9.14607688557199));
#8135=CARTESIAN_POINT('Ctrl Pts',(4.38611733116169,-0.973968076778103,-9.21655601567031));
#8136=CARTESIAN_POINT('Ctrl Pts',(3.02327534300767,-1.56861083863233,-9.28703514576865));
#8137=CARTESIAN_POINT('Ctrl Pts',(1.7735644722201,-0.762905917002074,-9.35751427586696));
#8138=CARTESIAN_POINT('Ctrl Pts',(1.75264094315937,0.723870452530428,-9.42799340596531));
#8139=CARTESIAN_POINT('Ctrl Pts',(2.97918398278941,1.56442236063481,-9.49847253606362));
#8140=CARTESIAN_POINT('Ctrl Pts',(4.35821969420537,1.00836992238268,-9.56895166616196));
#8141=CARTESIAN_POINT('Ctrl Pts',(4.65863992872409,-0.447895432101834,-9.63943079626028));
#8142=CARTESIAN_POINT('Ctrl Pts',(3.61224909862811,-1.50429244740311,-9.70990992635862));
#8143=CARTESIAN_POINT('Ctrl Pts',(2.15319516658578,-1.21779489069087,-9.78038905645693));
#8144=CARTESIAN_POINT('Ctrl Pts',(1.58401793589715,0.155933635485089,-9.85086818655528));
#8145=CARTESIAN_POINT('Ctrl Pts',(2.41284689139751,1.3903256743388,-9.9213473166536));
#8146=CARTESIAN_POINT('Ctrl Pts',(3.89974671067469,1.38378061441441,-9.99182644675193));
#8147=CARTESIAN_POINT('Ctrl Pts',(4.71734135850729,0.141406878963248,-10.0623055768503));
#8148=CARTESIAN_POINT('Ctrl Pts',(4.13568694827761,-1.22626830071163,-10.1327847069486));
#8149=CARTESIAN_POINT('Ctrl Pts',(2.67414920252873,-1.50104053675435,-10.2032638370469));
#8150=CARTESIAN_POINT('Ctrl Pts',(1.63723647110729,-0.432113659350931,-10.2737429671452));
#8151=CARTESIAN_POINT('Ctrl Pts',(1.84679657634537,0.532028045923305,-10.3207290538775));
#8152=CARTESIAN_POINT('Ctrl Pts',(2.1309635283124,0.866297246544446,-10.3442220972436));
#8153=CARTESIAN_POINT('Ctrl Pts',(3.66386117881131,1.14413633075569,-7.68842025119089));
#8154=CARTESIAN_POINT('Ctrl Pts',(4.03916623148518,0.975577137592535,-7.711913294557));
#8155=CARTESIAN_POINT('Ctrl Pts',(4.60507497198609,0.243596617023366,-7.75889938128921));
#8156=CARTESIAN_POINT('Ctrl Pts',(4.15771716791393,-1.0793243545956,-7.82937851138756));
#8157=CARTESIAN_POINT('Ctrl Pts',(2.80941275404377,-1.43551498899358,-7.89985764148588));
#8158=CARTESIAN_POINT('Ctrl Pts',(1.76583710767047,-0.511750263648966,-7.97033677158421));
#8159=CARTESIAN_POINT('Ctrl Pts',(1.95759861971395,0.869677135541234,-8.04081590168254));
#8160=CARTESIAN_POINT('Ctrl Pts',(3.21403478579017,1.47429942495369,-8.11129503178086));
#8161=CARTESIAN_POINT('Ctrl Pts',(4.41321175081122,0.76298383293446,-8.1817741618792));
#8162=CARTESIAN_POINT('Ctrl Pts',(4.48472806521069,-0.629583100410356,-8.25225329197752));
#8163=CARTESIAN_POINT('Ctrl Pts',(3.36466556209683,-1.46004358490469,-8.32273242207585));
#8164=CARTESIAN_POINT('Ctrl Pts',(2.05297728199948,-0.987107032135527,-8.39321155217418));
#8165=CARTESIAN_POINT('Ctrl Pts',(1.72062906913256,0.367066558864373,-8.46369068227251));
#8166=CARTESIAN_POINT('Ctrl Pts',(2.66432881106259,1.39354025367798,-8.53416981237083));
#8167=CARTESIAN_POINT('Ctrl Pts',(4.04160074023371,1.17596077775295,-8.60464894246918));
#8168=CARTESIAN_POINT('Ctrl Pts',(4.62291350990115,-0.0914380988033938,
-8.67512807256747));
#8169=CARTESIAN_POINT('Ctrl Pts',(3.88930947686921,-1.27720619515112,-8.74560720266584));
#8170=CARTESIAN_POINT('Ctrl Pts',(2.49570081623232,-1.32277262674427,-8.81608633276414));
#8171=CARTESIAN_POINT('Ctrl Pts',(1.68620553483811,-0.187457950013799,-8.88656546286248));
#8172=CARTESIAN_POINT('Ctrl Pts',(2.18348578293165,1.11520621745833,-8.95704459296081));
#8173=CARTESIAN_POINT('Ctrl Pts',(3.54360370814663,1.42229067359179,-9.02752372305913));
#8174=CARTESIAN_POINT('Ctrl Pts',(4.5523392098696,0.45965145460912,-9.09800285315747));
#8175=CARTESIAN_POINT('Ctrl Pts',(4.30916228833947,-0.913333254203855,-9.16848198325579));
#8176=CARTESIAN_POINT('Ctrl Pts',(3.03116464377195,-1.47095626231074,-9.23896111335411));
#8177=CARTESIAN_POINT('Ctrl Pts',(1.85925508775641,-0.715410864524287,-9.30944024345246));
#8178=CARTESIAN_POINT('Ctrl Pts',(1.83963416244879,0.678805570526166,-9.37991937355077));
#8179=CARTESIAN_POINT('Ctrl Pts',(2.98981821110074,1.46702853990296,-9.45039850364911));
#8180=CARTESIAN_POINT('Ctrl Pts',(4.2830014313736,0.945593397370543,-9.52087763374743));
#8181=CARTESIAN_POINT('Ctrl Pts',(4.56471886848851,-0.420011499655969,-9.59135676384576));
#8182=CARTESIAN_POINT('Ctrl Pts',(3.5834715721889,-1.41064204158098,-9.6618358939441));
#8183=CARTESIAN_POINT('Ctrl Pts',(2.21525170176008,-1.14198051967665,-9.73231502404241));
#8184=CARTESIAN_POINT('Ctrl Pts',(1.68150885667294,0.146225916570653,-9.80279415414075));
#8185=CARTESIAN_POINT('Ctrl Pts',(2.4587386911555,1.30377032145411,-9.87327328423908));
#8186=CARTESIAN_POINT('Ctrl Pts',(3.853070890531,1.2976327271918,-9.9437524143374));
#8187=CARTESIAN_POINT('Ctrl Pts',(4.61976581424434,0.132603529838008,-10.0142315444357));
#8188=CARTESIAN_POINT('Ctrl Pts',(4.07432256206458,-1.14992641372901,-10.0847106745341));
#8189=CARTESIAN_POINT('Ctrl Pts',(2.70377350887348,-1.40759258009859,-10.1551898046324));
#8190=CARTESIAN_POINT('Ctrl Pts',(1.73141424793405,-0.405212228296509,-10.2256689347307));
#8191=CARTESIAN_POINT('Ctrl Pts',(1.92792809415943,0.498906399600155,-10.2726550214629));
#8192=CARTESIAN_POINT('Ctrl Pts',(2.19440410416974,0.81236552014275,-10.296148064829));
#8193=CARTESIAN_POINT('Ctrl Pts',(3.62974670716407,1.06817883868277,-7.64034621877637));
#8194=CARTESIAN_POINT('Ctrl Pts',(3.9801358212412,0.910810037113992,-7.66383926214248));
#8195=CARTESIAN_POINT('Ctrl Pts',(4.50847473066945,0.227424603593532,-7.71082534887469));
#8196=CARTESIAN_POINT('Ctrl Pts',(4.09081633910884,-1.00766963224783,-7.78130447897303));
#8197=CARTESIAN_POINT('Ctrl Pts',(2.83202382961181,-1.34021330556131,-7.85178360907136));
#8198=CARTESIAN_POINT('Ctrl Pts',(1.85772960255551,-0.477775932487963,-7.92226273916968));
#8199=CARTESIAN_POINT('Ctrl Pts',(2.03676035591282,0.81194057709698,-7.99274186926802));
#8200=CARTESIAN_POINT('Ctrl Pts',(3.20978361256605,1.37642290108693,-8.06322099936634));
#8201=CARTESIAN_POINT('Ctrl Pts',(4.32934902049719,0.712330482556533,-8.13370012946467));
#8202=CARTESIAN_POINT('Ctrl Pts',(4.39611747422824,-0.587786024246297,-8.20417925956299));
#8203=CARTESIAN_POINT('Ctrl Pts',(3.35041423793817,-1.36311348484112,-8.27465838966133));
#8204=CARTESIAN_POINT('Ctrl Pts',(2.12580697210407,-0.921574479280541,-8.34513751975965));
#8205=CARTESIAN_POINT('Ctrl Pts',(1.81552285777653,0.342697561494313,-8.41561664985799));
#8206=CARTESIAN_POINT('Ctrl Pts',(2.69657179163414,1.30102520986137,-8.4860957799563));
#8207=CARTESIAN_POINT('Ctrl Pts',(3.98240870661148,1.09789050845626,-8.55657491005465));
#8208=CARTESIAN_POINT('Ctrl Pts',(4.52512899485258,-0.0853676607984812,
-8.62705404015297));
#8209=CARTESIAN_POINT('Ctrl Pts',(3.8402278314226,-1.19241439470231,-8.6975331702513));
#8210=CARTESIAN_POINT('Ctrl Pts',(2.53913875603756,-1.23495573936002,-8.76801230034962));
#8211=CARTESIAN_POINT('Ctrl Pts',(1.7833846502067,-0.175012898345197,-8.83849143044795));
#8212=CARTESIAN_POINT('Ctrl Pts',(2.24765120973254,1.04116935214324,-8.90897056054629));
#8213=CARTESIAN_POINT('Ctrl Pts',(3.51747294930456,1.32786693259112,-8.97944969064462));
#8214=CARTESIAN_POINT('Ctrl Pts',(4.4592400165708,0.429135885108134,-9.04992882074294));
#8215=CARTESIAN_POINT('Ctrl Pts',(4.23220724551723,-0.852698431629606,-9.12040795084127));
#8216=CARTESIAN_POINT('Ctrl Pts',(3.03905394453623,-1.37330168598916,-9.19088708093961));
#8217=CARTESIAN_POINT('Ctrl Pts',(1.94494570329271,-0.667915812046501,-9.26136621103792));
#8218=CARTESIAN_POINT('Ctrl Pts',(1.92662738173821,0.633740688521904,-9.33184534113625));
#8219=CARTESIAN_POINT('Ctrl Pts',(3.00045243941206,1.3696347191711,-9.40232447123459));
#8220=CARTESIAN_POINT('Ctrl Pts',(4.20778316854182,0.882816872358407,-9.47280360133291));
#8221=CARTESIAN_POINT('Ctrl Pts',(4.47079780825292,-0.392127567210102,-9.54328273143124));
#8222=CARTESIAN_POINT('Ctrl Pts',(3.5546940457497,-1.31699163575885,-9.61376186152956));
#8223=CARTESIAN_POINT('Ctrl Pts',(2.27730823693437,-1.06616614866242,-9.6842409916279));
#8224=CARTESIAN_POINT('Ctrl Pts',(1.77899977744875,0.136518197656216,-9.75472012172622));
#8225=CARTESIAN_POINT('Ctrl Pts',(2.50463049091348,1.21721496856942,-9.82519925182455));
#8226=CARTESIAN_POINT('Ctrl Pts',(3.80639507038732,1.21148483996919,-9.89567838192288));
#8227=CARTESIAN_POINT('Ctrl Pts',(4.52219026998138,0.123800180712771,-9.96615751202121));
#8228=CARTESIAN_POINT('Ctrl Pts',(4.01295817585156,-1.07358452674639,-10.0366366421195));
#8229=CARTESIAN_POINT('Ctrl Pts',(2.73339781521824,-1.31414462344283,-10.1071157722179));
#8230=CARTESIAN_POINT('Ctrl Pts',(1.82559202476081,-0.378310797242089,-10.1775949023162));
#8231=CARTESIAN_POINT('Ctrl Pts',(2.00905961197349,0.465784753277004,-10.2245809890484));
#8232=CARTESIAN_POINT('Ctrl Pts',(2.25784468002707,0.758433793741055,-10.2480740324145));
#8233=CARTESIAN_POINT('Ctrl Pts',(3.59563223551683,0.992221346609854,-7.59227218636185));
#8234=CARTESIAN_POINT('Ctrl Pts',(3.92110541099723,0.846042936635448,-7.61576522972796));
#8235=CARTESIAN_POINT('Ctrl Pts',(4.41187448935281,0.211252590163698,-7.66275131646017));
#8236=CARTESIAN_POINT('Ctrl Pts',(4.02391551030375,-0.936014909900049,-7.7332304465585));
#8237=CARTESIAN_POINT('Ctrl Pts',(2.85463490517986,-1.24491162212904,-7.80370957665683));
#8238=CARTESIAN_POINT('Ctrl Pts',(1.94962209744054,-0.443801601326958,-7.87418870675516));
#8239=CARTESIAN_POINT('Ctrl Pts',(2.11592209211168,0.754204018652724,-7.94466783685349));
#8240=CARTESIAN_POINT('Ctrl Pts',(3.20553243934194,1.27854637722018,-8.01514696695182));
#8241=CARTESIAN_POINT('Ctrl Pts',(4.24548629018314,0.661677132178606,-8.08562609705014));
#8242=CARTESIAN_POINT('Ctrl Pts',(4.3075068832458,-0.545988948082237,-8.15610522714848));
#8243=CARTESIAN_POINT('Ctrl Pts',(3.33616291377952,-1.26618338477755,-8.22658435724679));
#8244=CARTESIAN_POINT('Ctrl Pts',(2.19863666220865,-0.856041926425556,-8.29706348734514));
#8245=CARTESIAN_POINT('Ctrl Pts',(1.91041664642051,0.318328564124255,-8.36754261744345));
#8246=CARTESIAN_POINT('Ctrl Pts',(2.72881477220568,1.20851016604476,-8.43802174754181));
#8247=CARTESIAN_POINT('Ctrl Pts',(3.92321667298925,1.01982023915956,-8.5085008776401));
#8248=CARTESIAN_POINT('Ctrl Pts',(4.42734447980399,-0.0792972227935677,
-8.57898000773846));
#8249=CARTESIAN_POINT('Ctrl Pts',(3.79114618597601,-1.10762259425349,-8.64945913783676));
#8250=CARTESIAN_POINT('Ctrl Pts',(2.5825766958428,-1.14713885197577,-8.71993826793511));
#8251=CARTESIAN_POINT('Ctrl Pts',(1.88056376557531,-0.162567846676596,-8.79041739803342));
#8252=CARTESIAN_POINT('Ctrl Pts',(2.31181663653342,0.96713248682815,-8.86089652813176));
#8253=CARTESIAN_POINT('Ctrl Pts',(3.4913421904625,1.23344319159045,-8.93137565823008));
#8254=CARTESIAN_POINT('Ctrl Pts',(4.36614082327199,0.398620315607149,-9.00185478832843));
#8255=CARTESIAN_POINT('Ctrl Pts',(4.15525220269501,-0.792063609055359,-9.07233391842674));
#8256=CARTESIAN_POINT('Ctrl Pts',(3.04694324530051,-1.27564710966757,-9.14281304852509));
#8257=CARTESIAN_POINT('Ctrl Pts',(2.03063631882901,-0.620420759568715,-9.21329217862339));
#8258=CARTESIAN_POINT('Ctrl Pts',(2.01362060102762,0.588675806517643,-9.28377130872174));
#8259=CARTESIAN_POINT('Ctrl Pts',(3.01108666772339,1.27224089843924,-9.35425043882005));
#8260=CARTESIAN_POINT('Ctrl Pts',(4.13256490571005,0.820040347346271,-9.42472956891839));
#8261=CARTESIAN_POINT('Ctrl Pts',(4.37687674801734,-0.364243634764236,-9.49520869901673));
#8262=CARTESIAN_POINT('Ctrl Pts',(3.5259165193105,-1.22334122993672,-9.56568782911503));
#8263=CARTESIAN_POINT('Ctrl Pts',(2.33936477210868,-0.990351777648196,-9.63616695921339));
#8264=CARTESIAN_POINT('Ctrl Pts',(1.87649069822455,0.12681047874178,-9.7066460893117));
#8265=CARTESIAN_POINT('Ctrl Pts',(2.55052229067146,1.13065961568472,-9.77712521941003));
#8266=CARTESIAN_POINT('Ctrl Pts',(3.75971925024363,1.12533695274658,-9.84760434950836));
#8267=CARTESIAN_POINT('Ctrl Pts',(4.42461472571842,0.114996831587532,-9.91808347960669));
#8268=CARTESIAN_POINT('Ctrl Pts',(3.95159378963854,-0.997242639763771,-9.98856260970502));
#8269=CARTESIAN_POINT('Ctrl Pts',(2.76302212156299,-1.22069666678707,-10.0590417398033));
#8270=CARTESIAN_POINT('Ctrl Pts',(1.91976980158758,-0.351409366187669,-10.1295208699017));
#8271=CARTESIAN_POINT('Ctrl Pts',(2.09019112978755,0.432663106953853,-10.1765069566339));
#8272=CARTESIAN_POINT('Ctrl Pts',(2.32128525588441,0.70450206733936,-10.2));
#8273=CARTESIAN_POINT('',(3.85123591128273,0.829962567979556,-7.61227542784709));
#8274=CARTESIAN_POINT('Ctrl Pts',(3.69797565045856,1.2200938228286,-7.73649428360542));
#8275=CARTESIAN_POINT('Ctrl Pts',(3.698741517728,1.21866677105832,-7.73599257471947));
#8276=CARTESIAN_POINT('Ctrl Pts',(3.69950505269394,1.21723839602338,-7.73549083425908));
#8277=CARTESIAN_POINT('Ctrl Pts',(3.70026626032803,1.21580872961992,-7.73498907834232));
#8278=CARTESIAN_POINT('Ctrl Pts',(3.71822794149017,1.18207389702354,-7.72314949687417));
#8279=CARTESIAN_POINT('Ctrl Pts',(3.73499048096391,1.14745239955857,-7.71124486454379));
#8280=CARTESIAN_POINT('Ctrl Pts',(3.75059867658819,1.1122731072828,-7.69945674210832));
#8281=CARTESIAN_POINT('Ctrl Pts',(3.76282378332918,1.08471895474037,-7.6902237046376));
#8282=CARTESIAN_POINT('Ctrl Pts',(3.7743414662315,1.0568224874478,-7.68106214357679));
#8283=CARTESIAN_POINT('Ctrl Pts',(3.78519316719222,1.02873121881503,-7.67205930017309));
#8284=CARTESIAN_POINT('Ctrl Pts',(3.79983331247446,0.99083298927155,-7.65991346830208));
#8285=CARTESIAN_POINT('Ctrl Pts',(3.81338311316524,0.952250906028256,-7.64794876303689));
#8286=CARTESIAN_POINT('Ctrl Pts',(3.82587972289565,0.913249609053574,-7.63635626324222));
#8287=CARTESIAN_POINT('Ctrl Pts',(3.8347599448777,0.885534878243014,-7.62811851126594));
#8288=CARTESIAN_POINT('Ctrl Pts',(3.84310896063476,0.857608118471417,-7.62006871087019));
#8289=CARTESIAN_POINT('Ctrl Pts',(3.85095127724026,0.829552372216038,-7.61227542784709));
#8290=CARTESIAN_POINT('Ctrl Pts',(2.32128525588441,0.70450206733936,-10.2));
#8291=CARTESIAN_POINT('Ctrl Pts',(2.28839971434864,0.673701003647494,-10.2));
#8292=CARTESIAN_POINT('Ctrl Pts',(2.25771958787757,0.640830027777828,-10.2));
#8293=CARTESIAN_POINT('Ctrl Pts',(2.22924690480312,0.606196300446337,-10.2));
#8294=CARTESIAN_POINT('Ctrl Pts',(2.19948367897532,0.569992777050569,-10.2));
#8295=CARTESIAN_POINT('Ctrl Pts',(2.17213189133643,0.531862608987702,-10.2));
#8296=CARTESIAN_POINT('Ctrl Pts',(2.14722160647631,0.492106964326104,-10.2));
#8297=CARTESIAN_POINT('Ctrl Pts',(2.1282068947799,0.461760377533138,-10.2));
#8298=CARTESIAN_POINT('Ctrl Pts',(2.11061528532415,0.430465531179406,-10.2));
#8299=CARTESIAN_POINT('Ctrl Pts',(2.09447387219536,0.39834133590865,-10.2));
#8300=CARTESIAN_POINT('Ctrl Pts',(2.08768025436031,0.384820865043624,-10.2));
#8301=CARTESIAN_POINT('Ctrl Pts',(2.08114368330344,0.371153349157321,-10.2));
#8302=CARTESIAN_POINT('Ctrl Pts',(2.07486690239857,0.357347140479675,-10.2));
#8303=CARTESIAN_POINT('Ctrl Pts',(2.07104243722961,0.348934967902157,-10.2));
#8304=CARTESIAN_POINT('Ctrl Pts',(2.06731810798893,0.340479328748145,-10.2));
#8305=CARTESIAN_POINT('Ctrl Pts',(2.06369536232863,0.331985609129636,-10.2));
#8306=CARTESIAN_POINT('Ctrl Pts',(2.04458356331643,0.287176981244513,-10.2));
#8307=CARTESIAN_POINT('Ctrl Pts',(2.02828362833504,0.241284291197144,-10.2));
#8308=CARTESIAN_POINT('Ctrl Pts',(2.01482399246171,0.194624961714783,-10.2));
#8309=CARTESIAN_POINT('Ctrl Pts',(2.00112174253745,0.147124583555764,-10.2));
#8310=CARTESIAN_POINT('Ctrl Pts',(1.99036248217773,0.0988287079407193,-10.2));
#8311=CARTESIAN_POINT('Ctrl Pts',(1.9826174191879,0.0500385582993994,-10.2));
#8312=CARTESIAN_POINT('Ctrl Pts',(1.97756672274346,0.0182216143132183,-10.2));
#8313=CARTESIAN_POINT('Ctrl Pts',(1.97379869927327,-0.0138061840953352,
-10.2));
#8314=CARTESIAN_POINT('Ctrl Pts',(1.97134423592819,-0.0459656771379197,
-10.2));
#8315=CARTESIAN_POINT('Ctrl Pts',(1.97062163280995,-0.055433551245768,-10.2));
#8316=CARTESIAN_POINT('Ctrl Pts',(1.97001294313911,-0.0649128531241226,
-10.2));
#8317=CARTESIAN_POINT('Ctrl Pts',(1.96951911552073,-0.0744015881307179,
-10.2));
#8318=CARTESIAN_POINT('Ctrl Pts',(1.96898580923468,-0.0846488927310341,
-10.2));
#8319=CARTESIAN_POINT('Ctrl Pts',(1.96858693496935,-0.0948995153597287,
-10.2));
#8320=CARTESIAN_POINT('Ctrl Pts',(1.96832317539094,-0.105142768592225,-10.2));
#8321=CARTESIAN_POINT('Ctrl Pts',(1.96701394859986,-0.155987335606356,-10.2));
#8322=CARTESIAN_POINT('Ctrl Pts',(1.9690267469269,-0.206709450170321,-10.2));
#8323=CARTESIAN_POINT('Ctrl Pts',(1.97441990109563,-0.256989667430295,-10.2));
#8324=CARTESIAN_POINT('Ctrl Pts',(1.9771862454234,-0.282780214012974,-10.2));
#8325=CARTESIAN_POINT('Ctrl Pts',(1.98084271734075,-0.308454896112724,-10.2));
#8326=CARTESIAN_POINT('Ctrl Pts',(1.98540225189051,-0.333972281676188,-10.2));
#8327=CARTESIAN_POINT('Ctrl Pts',(1.99405095768991,-0.382374669705003,-10.2));
#8328=CARTESIAN_POINT('Ctrl Pts',(2.00594557958444,-0.430211482078899,-10.2));
#8329=CARTESIAN_POINT('Ctrl Pts',(2.02086857455671,-0.477286641946737,-10.2));
#8330=CARTESIAN_POINT('Ctrl Pts',(2.0256020397916,-0.49221853953669,-10.2));
#8331=CARTESIAN_POINT('Ctrl Pts',(2.03064058454507,-0.507073774596553,-10.2));
#8332=CARTESIAN_POINT('Ctrl Pts',(2.03597831925511,-0.521845933070603,-10.2));
#8333=CARTESIAN_POINT('Ctrl Pts',(2.03977831712682,-0.532362411279301,-10.2));
#8334=CARTESIAN_POINT('Ctrl Pts',(2.04373075967286,-0.542838398555892,-10.2));
#8335=CARTESIAN_POINT('Ctrl Pts',(2.04782523405937,-0.553251340264216,-10.2));
#8336=CARTESIAN_POINT('Ctrl Pts',(2.06643548038363,-0.600580348058347,-10.2));
#8337=CARTESIAN_POINT('Ctrl Pts',(2.08800806969362,-0.646700739815323,-10.2));
#8338=CARTESIAN_POINT('Ctrl Pts',(2.11227081859751,-0.691409656094707,-10.2));
#8339=CARTESIAN_POINT('Ctrl Pts',(2.13712417552794,-0.737206884540082,-10.2));
#8340=CARTESIAN_POINT('Ctrl Pts',(2.16480060681798,-0.781524031112799,-10.2));
#8341=CARTESIAN_POINT('Ctrl Pts',(2.19506274386491,-0.824137371859821,-10.2));
#8342=CARTESIAN_POINT('Ctrl Pts',(2.21240125617954,-0.848552433233839,-10.2));
#8343=CARTESIAN_POINT('Ctrl Pts',(2.2305895450804,-0.872408015290246,-10.2));
#8344=CARTESIAN_POINT('Ctrl Pts',(2.24959008511448,-0.89565932909955,-10.2));
#8345=CARTESIAN_POINT('Ctrl Pts',(2.26040452072406,-0.90889315485282,-10.2));
#8346=CARTESIAN_POINT('Ctrl Pts',(2.27148217314124,-0.921931184185318,-10.2));
#8347=CARTESIAN_POINT('Ctrl Pts',(2.28281678496715,-0.934764726876167,-10.2));
#8348=CARTESIAN_POINT('Ctrl Pts',(2.29137853439719,-0.944458713622809,-10.2));
#8349=CARTESIAN_POINT('Ctrl Pts',(2.30008876318148,-0.954037775435338,-10.2));
#8350=CARTESIAN_POINT('Ctrl Pts',(2.30892844363602,-0.963481077274823,-10.2));
#8351=CARTESIAN_POINT('Ctrl Pts',(2.34597518654532,-1.00305757297072,-10.2));
#8352=CARTESIAN_POINT('Ctrl Pts',(2.3853478417838,-1.04031684695905,-10.2));
#8353=CARTESIAN_POINT('Ctrl Pts',(2.42680079419564,-1.07501416274166,-10.2));
#8354=CARTESIAN_POINT('Ctrl Pts',(2.45403401857396,-1.0978091563683,-10.2));
#8355=CARTESIAN_POINT('Ctrl Pts',(2.48216617100485,-1.11949807001257,-10.2));
#8356=CARTESIAN_POINT('Ctrl Pts',(2.51113784688757,-1.14000479788185,-10.2));
#8357=CARTESIAN_POINT('Ctrl Pts',(2.52272124573072,-1.14820375775008,-10.2));
#8358=CARTESIAN_POINT('Ctrl Pts',(2.53444055620413,-1.15621454795294,-10.2));
#8359=CARTESIAN_POINT('Ctrl Pts',(2.5462752092297,-1.1640212907765,-10.2));
#8360=CARTESIAN_POINT('Ctrl Pts',(2.59186807156175,-1.19409667617626,-10.2));
#8361=CARTESIAN_POINT('Ctrl Pts',(2.63922181330263,-1.22118442383248,-10.2));
#8362=CARTESIAN_POINT('Ctrl Pts',(2.68810848641584,-1.24502630490933,-10.2));
#8363=CARTESIAN_POINT('Ctrl Pts',(2.70738183617535,-1.25442585868658,-10.2));
#8364=CARTESIAN_POINT('Ctrl Pts',(2.72689387681525,-1.2633205421055,-10.2));
#8365=CARTESIAN_POINT('Ctrl Pts',(2.74663216559907,-1.27169288137644,-10.2));
#8366=CARTESIAN_POINT('Ctrl Pts',(2.76529276563678,-1.27960810017915,-10.2));
#8367=CARTESIAN_POINT('Ctrl Pts',(2.78415559338614,-1.28705645718631,-10.2));
#8368=CARTESIAN_POINT('Ctrl Pts',(2.80320446892832,-1.29404238252825,-10.2));
#8369=CARTESIAN_POINT('Ctrl Pts',(2.06103816135018,0.000587186582135045,
-9.69953958647283));
#8370=CARTESIAN_POINT('Ctrl Pts',(2.06080435738296,0.036444833315388,-9.70190842075245));
#8371=CARTESIAN_POINT('Ctrl Pts',(2.0624264278324,0.0722809001672479,-9.70427725503208));
#8372=CARTESIAN_POINT('Ctrl Pts',(2.06597497594638,0.107924958833926,-9.7066460893117));
#8373=CARTESIAN_POINT('Ctrl Pts',(2.10116789570684,0.46142685772275,-9.73013913267781));
#8374=CARTESIAN_POINT('Ctrl Pts',(2.32584509318915,0.796043236703739,-9.75363217604392));
#8375=CARTESIAN_POINT('Ctrl Pts',(2.63971651852567,0.962464315704541,-9.77712521941003));
#8376=CARTESIAN_POINT('Ctrl Pts',(2.95358794386218,1.12888539470534,-9.80061826277614));
#8377=CARTESIAN_POINT('Ctrl Pts',(3.35665359705291,1.12711117372596,-9.82411130614225));
#8378=CARTESIAN_POINT('Ctrl Pts',(3.6690023362274,0.957834043043095,-9.84760434950836));
#8379=CARTESIAN_POINT('Ctrl Pts',(3.98135107540189,0.788556912360231,-9.87109739287447));
#8380=CARTESIAN_POINT('Ctrl Pts',(4.20298290056016,0.45177687197388,-9.89459043624058));
#8381=CARTESIAN_POINT('Ctrl Pts',(4.23496199045931,0.0980136065554904,-9.91808347960669));
#8382=CARTESIAN_POINT('Ctrl Pts',(4.26694108035846,-0.255749658862904,-9.9415765229728));
#8383=CARTESIAN_POINT('Ctrl Pts',(4.1092674349985,-0.62649614931333,-9.96506956633891));
#8384=CARTESIAN_POINT('Ctrl Pts',(3.83233533430593,-0.849111732375767,-9.98856260970502));
#8385=CARTESIAN_POINT('Ctrl Pts',(3.55540323361336,-1.0717273154382,-10.0120556530711));
#8386=CARTESIAN_POINT('Ctrl Pts',(3.15921267758818,-1.14621199111264,-10.0355486964372));
#8387=CARTESIAN_POINT('Ctrl Pts',(2.82057534624636,-1.03857311218329,-10.0590417398033));
#8388=CARTESIAN_POINT('Ctrl Pts',(2.48193801490452,-0.930934233253943,-10.0825347831695));
#8389=CARTESIAN_POINT('Ctrl Pts',(2.20085390824604,-0.641171799720798,-10.1060278265356));
#8390=CARTESIAN_POINT('Ctrl Pts',(2.1029171869668,-0.30027246466884,-10.1295208699017));
#8391=CARTESIAN_POINT('Ctrl Pts',(2.0750994845851,-0.203444266616762,-10.1361937754254));
#8392=CARTESIAN_POINT('Ctrl Pts',(2.06205761998356,-0.102490481077546,-10.1428666809491));
#8393=CARTESIAN_POINT('Ctrl Pts',(2.062937676151,-0.00133729605450929,-10.1495395864728));
#8394=CARTESIAN_POINT('',(3.67525382729493,-0.952470318126516,-7.75094560161742));
#8395=CARTESIAN_POINT('Ctrl Pts',(3.67525382729493,-0.952470318126517,-7.75094560161742));
#8396=CARTESIAN_POINT('Ctrl Pts',(3.67417554066099,-0.954152669031147,-7.75161118374196));
#8397=CARTESIAN_POINT('Ctrl Pts',(3.67309298975247,-0.955832399210873,-7.75227656759251));
#8398=CARTESIAN_POINT('Ctrl Pts',(3.62216949345229,-1.03441009728695,-7.78344209609777));
#8399=CARTESIAN_POINT('Ctrl Pts',(3.56156456460105,-1.10837658008734,-7.81457142743094));
#8400=CARTESIAN_POINT('Ctrl Pts',(3.43805031457942,-1.20923198219179,-7.85919326214173));
#8401=CARTESIAN_POINT('Ctrl Pts',(3.37925151037564,-1.24448738466616,-7.87560351242232));
#8402=CARTESIAN_POINT('Ctrl Pts',(3.28253953291737,-1.27534505002601,-7.89169487899985));
#8403=CARTESIAN_POINT('Ctrl Pts',(3.24994981921117,-1.28185278982794,-7.89555567274362));
#8404=CARTESIAN_POINT('Ctrl Pts',(3.21379273346254,-1.28440767508236,-7.89796697228943));
#8405=CARTESIAN_POINT('Ctrl Pts',(3.21104125831889,-1.28457361171107,-7.89813905556005));
#8406=CARTESIAN_POINT('Ctrl Pts',(3.20779723369474,-1.28473557174437,-7.8983284634246));
#8407=CARTESIAN_POINT('Ctrl Pts',(3.20730697818794,-1.28475914290353,-7.89835672554579));
#8408=CARTESIAN_POINT('Ctrl Pts',(3.20656596601492,-1.28479340151857,-7.89839889550183));
#8409=CARTESIAN_POINT('Ctrl Pts',(3.20631525704444,-1.28480475561485,-7.89841306826645));
#8410=CARTESIAN_POINT('Ctrl Pts',(3.20586717517541,-1.28482462513664,-7.89843822934146));
#8411=CARTESIAN_POINT('Ctrl Pts',(3.20566980857865,-1.28483323035478,-7.89844925333761));
#8412=CARTESIAN_POINT('Ctrl Pts',(3.20525282850815,-1.28485110075055,-7.89847241990781));
#8413=CARTESIAN_POINT('Ctrl Pts',(3.2050332130167,-1.28486033110455,-7.8984845486268));
#8414=CARTESIAN_POINT('Ctrl Pts',(3.20445131683636,-1.28488430659782,-7.8985164924673));
#8415=CARTESIAN_POINT('Ctrl Pts',(3.20408901727274,-1.28489873988896,-7.89853618355739));
#8416=CARTESIAN_POINT('Ctrl Pts',(3.20243616576439,-1.28496233044286,-7.89862511423842));
#8417=CARTESIAN_POINT('Ctrl Pts',(3.20114529830612,-1.2850057216999,-7.89869205955392));
#8418=CARTESIAN_POINT('Ctrl Pts',(3.18380605188965,-1.28550422591915,-7.89955756827676));
#8419=CARTESIAN_POINT('Ctrl Pts',(3.16776735024659,-1.28499548712293,-7.89997026796724));
#8420=CARTESIAN_POINT('Ctrl Pts',(3.12407953931736,-1.28096686052727,-7.90004718661285));
#8421=CARTESIAN_POINT('Ctrl Pts',(3.09691380661535,-1.27556061731479,-7.89894490208274));
#8422=CARTESIAN_POINT('Ctrl Pts',(3.0325084694681,-1.25617631782149,-7.89379997762725));
#8423=CARTESIAN_POINT('Ctrl Pts',(2.99665939991487,-1.23975331549463,-7.88876595700083));
#8424=CARTESIAN_POINT('Ctrl Pts',(2.9138045895855,-1.19033016509205,-7.87299706486082));
#8425=CARTESIAN_POINT('Ctrl Pts',(2.86943026816322,-1.15323621566787,-7.86073114856869));
#8426=CARTESIAN_POINT('Ctrl Pts',(2.79912829109063,-1.08046439982853,-7.83699373825504));
#8427=CARTESIAN_POINT('Ctrl Pts',(2.77080823270234,-1.04567587008487,-7.82574536911777));
#8428=CARTESIAN_POINT('Ctrl Pts',(2.74509403086882,-1.00952585215136,-7.8143583302852));
#8429=CARTESIAN_POINT('Ctrl Pts',(3.85095127724026,0.829552372216038,-7.61227542784709));
#8430=CARTESIAN_POINT('Ctrl Pts',(4.04530277660986,0.663258987595154,-7.62910072405145));
#8431=CARTESIAN_POINT('Ctrl Pts',(4.18296059765074,0.429337358359997,-7.64592602025582));
#8432=CARTESIAN_POINT('Ctrl Pts',(4.22452238992241,0.178738926771011,-7.66275131646018));
#8433=CARTESIAN_POINT('Ctrl Pts',(4.28255482966979,-0.17116990985755,-7.68624435982628));
#8434=CARTESIAN_POINT('Ctrl Pts',(4.15323516998677,-0.553592409878799,-7.70973740319239));
#8435=CARTESIAN_POINT('Ctrl Pts',(3.89369523929128,-0.796286445260922,-7.7332304465585));
#8436=CARTESIAN_POINT('Ctrl Pts',(3.82845904653699,-0.85728836827939,-7.73913549824481));
#8437=CARTESIAN_POINT('Ctrl Pts',(3.75499574119319,-0.909462465940036,-7.74504054993111));
#8438=CARTESIAN_POINT('Ctrl Pts',(3.67607266758917,-0.952089803854557,-7.75094560161742));
#8439=CARTESIAN_POINT('Ctrl Pts',(2.16827215189768,-0.908359335428659,-7.09029038930112));
#8440=CARTESIAN_POINT('Ctrl Pts',(1.93768552522716,-0.659148143367097,-7.10847102553874));
#8441=CARTESIAN_POINT('Ctrl Pts',(1.67653367321505,0.0220278930757209,-7.14483229801398));
#8442=CARTESIAN_POINT('Ctrl Pts',(1.9579310361328,0.695092976538114,-7.18119357048922));
#8443=CARTESIAN_POINT('Ctrl Pts',(2.19586422122076,0.937299933667623,-7.19937420672684));
#8444=CARTESIAN_POINT('Ctrl Pts',(2.22939006254091,-0.851809014683468,-7.0422163568866));
#8445=CARTESIAN_POINT('Ctrl Pts',(2.01315871047283,-0.618112577955733,-7.06039699312422));
#8446=CARTESIAN_POINT('Ctrl Pts',(1.76826498497353,0.0206565366419975,-7.09675826559946));
#8447=CARTESIAN_POINT('Ctrl Pts',(2.03214382795187,0.651819649300926,-7.1331195380747));
#8448=CARTESIAN_POINT('Ctrl Pts',(2.25526437512457,0.878947902906209,-7.15130017431232));
#8449=CARTESIAN_POINT('Ctrl Pts',(2.29050797318414,-0.795258693938277,-6.99414232447207));
#8450=CARTESIAN_POINT('Ctrl Pts',(2.0886318957185,-0.577077012544367,-7.01232296070969));
#8451=CARTESIAN_POINT('Ctrl Pts',(1.859996296732,0.019285180208274,-7.04868423318494));
#8452=CARTESIAN_POINT('Ctrl Pts',(2.10635661977094,0.608546322063736,-7.08504550566017));
#8453=CARTESIAN_POINT('Ctrl Pts',(2.31466452902839,0.820595872144795,-7.10322614189779));
#8454=CARTESIAN_POINT('Ctrl Pts',(2.35162588382737,-0.738708373193086,-6.94606829205755));
#8455=CARTESIAN_POINT('Ctrl Pts',(2.16410508096417,-0.536041447133003,-6.96424892829517));
#8456=CARTESIAN_POINT('Ctrl Pts',(1.95172760849048,0.0179138237745508,-7.00061020077041));
#8457=CARTESIAN_POINT('Ctrl Pts',(2.18056941159002,0.565272994826547,-7.03697147324565));
#8458=CARTESIAN_POINT('Ctrl Pts',(2.3740646829322,0.762243841383382,-7.05515210948327));
#8459=CARTESIAN_POINT('',(2.15308041984064,-0.433091766419976,-6.97017261618987));
#8460=CARTESIAN_POINT('Ctrl Pts',(2.16827215189766,-0.908359335428638,-7.09029038930112));
#8461=CARTESIAN_POINT('Ctrl Pts',(2.16809409269541,-0.905523299947377,-7.08937176341513));
#8462=CARTESIAN_POINT('Ctrl Pts',(2.16791806189475,-0.90268617723596,-7.08845558898732));
#8463=CARTESIAN_POINT('Ctrl Pts',(2.16774404089145,-0.899848018264396,-7.08754192559402));
#8464=CARTESIAN_POINT('Ctrl Pts',(2.16552550609147,-0.863665291312576,-7.07589394060906));
#8465=CARTESIAN_POINT('Ctrl Pts',(2.16362516227096,-0.827200316233078,-7.06461824121819));
#8466=CARTESIAN_POINT('Ctrl Pts',(2.16200880475308,-0.790580443354107,-7.05385512683712));
#8467=CARTESIAN_POINT('Ctrl Pts',(2.16049808059513,-0.756353778765757,-7.04379541125415));
#8468=CARTESIAN_POINT('Ctrl Pts',(2.15923507480042,-0.72199235547529,-7.03418347227126));
#8469=CARTESIAN_POINT('Ctrl Pts',(2.15816924035292,-0.687565571058139,-7.02513386094572));
#8470=CARTESIAN_POINT('Ctrl Pts',(2.15719858024447,-0.656212947417394,-7.01689234019994));
#8471=CARTESIAN_POINT('Ctrl Pts',(2.15637719190103,-0.624643084866876,-7.00907955265718));
#8472=CARTESIAN_POINT('Ctrl Pts',(2.15569010132841,-0.592943703254045,-7.00179621118508));
#8473=CARTESIAN_POINT('Ctrl Pts',(2.15503044914565,-0.562510210049085,-6.99480372388966));
#8474=CARTESIAN_POINT('Ctrl Pts',(2.15449393156188,-0.531957834232432,-6.98829924101662));
#8475=CARTESIAN_POINT('Ctrl Pts',(2.1540437328541,-0.501323319810888,-6.98237188519809));
#8476=CARTESIAN_POINT('Ctrl Pts',(2.15370984619466,-0.478603450768349,-6.97797590404714));
#8477=CARTESIAN_POINT('Ctrl Pts',(2.15342285975919,-0.455837632172753,-6.97389736247879));
#8478=CARTESIAN_POINT('Ctrl Pts',(2.15316254852139,-0.43302292236306,-6.97017261618988));
#8479=CARTESIAN_POINT('',(2.15906210580467,0.446630541500822,-7.02988321718896));
#8480=CARTESIAN_POINT('Ctrl Pts',(2.15915288358305,0.446547748973713,-7.02988321718892));
#8481=CARTESIAN_POINT('Ctrl Pts',(2.1602986858064,0.477676265847914,-7.03856696733939));
#8482=CARTESIAN_POINT('Ctrl Pts',(2.16158961249784,0.50874878579241,-7.04774471212968));
#8483=CARTESIAN_POINT('Ctrl Pts',(2.16307601728626,0.539752511861983,-7.05732882014684));
#8484=CARTESIAN_POINT('Ctrl Pts',(2.16461897961358,0.571935926302195,-7.06727760242107));
#8485=CARTESIAN_POINT('Ctrl Pts',(2.16637349979796,0.604044693067789,-7.07766426040474));
#8486=CARTESIAN_POINT('Ctrl Pts',(2.16837398721496,0.636011513750806,-7.08839077414381));
#8487=CARTESIAN_POINT('Ctrl Pts',(2.17011680918399,0.663860965286037,-7.09773569860409));
#8488=CARTESIAN_POINT('Ctrl Pts',(2.17204613421171,0.691601506771226,-7.10733856920388));
#8489=CARTESIAN_POINT('Ctrl Pts',(2.17416512623151,0.71916308601524,-7.11713457234986));
#8490=CARTESIAN_POINT('Ctrl Pts',(2.17731244373763,0.760100022086993,-7.13168447716465));
#8491=CARTESIAN_POINT('Ctrl Pts',(2.18092023496328,0.800916157319214,-7.14674716203031));
#8492=CARTESIAN_POINT('Ctrl Pts',(2.18505715296522,0.841542229694643,-7.16218684735937));
#8493=CARTESIAN_POINT('Ctrl Pts',(2.18832154808297,0.873599803050855,-7.1743701280974));
#8494=CARTESIAN_POINT('Ctrl Pts',(2.19191516056749,0.905537464479207,-7.18678815229334));
#8495=CARTESIAN_POINT('Ctrl Pts',(2.19586422122075,0.937299933667616,-7.19937420672684));
#8496=CARTESIAN_POINT('Ctrl Pts',(2.15316254852137,-0.433022922363032,-6.97017261618988));
#8497=CARTESIAN_POINT('Ctrl Pts',(2.09179056749664,-0.291547787931505,-6.98031847771672));
#8498=CARTESIAN_POINT('Ctrl Pts',(2.05973541180525,-0.137384717075284,-6.99046433924357));
#8499=CARTESIAN_POINT('Ctrl Pts',(2.06203242738379,0.0162647988106614,-7.00061020077041));
#8500=CARTESIAN_POINT('Ctrl Pts',(2.06424155717088,0.164035552081993,-7.01036787290991));
#8501=CARTESIAN_POINT('Ctrl Pts',(2.09822445891442,0.311331296702943,-7.02012554504942));
#8502=CARTESIAN_POINT('Ctrl Pts',(2.15915288358306,0.446547748973727,-7.02988321718892));
#8503=CARTESIAN_POINT('Ctrl Pts',(4.14944548366641,0.888827865887884,-6.86670247488458));
#8504=CARTESIAN_POINT('Ctrl Pts',(4.36513118200707,0.646299356857992,-6.88408193705399));
#8505=CARTESIAN_POINT('Ctrl Pts',(4.61131228895534,-0.00161552365172479,
-6.9188408613928));
#8506=CARTESIAN_POINT('Ctrl Pts',(4.3636992076628,-0.648984500184438,-6.95359978573162));
#8507=CARTESIAN_POINT('Ctrl Pts',(4.14747779241816,-0.891035523215877,-6.97097924790103));
#8508=CARTESIAN_POINT('Ctrl Pts',(4.08722455361785,0.83349348560158,-6.81862844247006));
#8509=CARTESIAN_POINT('Ctrl Pts',(4.28948264138019,0.606063698454721,-6.83600790463947));
#8510=CARTESIAN_POINT('Ctrl Pts',(4.52033763231209,-0.00151494849703348,
-6.87076682897828));
#8511=CARTESIAN_POINT('Ctrl Pts',(4.28813981524557,-0.608581676970464,-6.9055257533171));
#8512=CARTESIAN_POINT('Ctrl Pts',(4.08537936187709,-0.835563704225391,-6.92290521548651));
#8513=CARTESIAN_POINT('Ctrl Pts',(4.02500362356928,0.778159105315277,-6.77055441005553));
#8514=CARTESIAN_POINT('Ctrl Pts',(4.21383410075331,0.565828040051449,-6.78793387222494));
#8515=CARTESIAN_POINT('Ctrl Pts',(4.42936297566884,-0.00141437334234085,
-6.82269279656376));
#8516=CARTESIAN_POINT('Ctrl Pts',(4.21258042282833,-0.568178853756489,-6.85745172090257));
#8517=CARTESIAN_POINT('Ctrl Pts',(4.02328093133601,-0.780091885234905,-6.87483118307198));
#8518=CARTESIAN_POINT('Ctrl Pts',(3.96278269352071,0.722824725028973,-6.72248037764101));
#8519=CARTESIAN_POINT('Ctrl Pts',(4.13818556012642,0.525592381648178,-6.73985983981042));
#8520=CARTESIAN_POINT('Ctrl Pts',(4.33838831902559,-0.00131379818764944,
-6.77461876414923));
#8521=CARTESIAN_POINT('Ctrl Pts',(4.13702103041109,-0.527776030542515,-6.80937768848805));
#8522=CARTESIAN_POINT('Ctrl Pts',(3.96118250079494,-0.724620066244418,-6.82675715065746));
#8523=CARTESIAN_POINT('',(4.13718004889686,0.455186568362793,-6.74358705729887));
#8524=CARTESIAN_POINT('Ctrl Pts',(4.14944548366642,0.888827865887877,-6.86670247488458));
#8525=CARTESIAN_POINT('Ctrl Pts',(4.14941430266427,0.88614687027129,-6.86576655812599));
#8526=CARTESIAN_POINT('Ctrl Pts',(4.14938171543237,0.883465000785378,-6.8648327720494));
#8527=CARTESIAN_POINT('Ctrl Pts',(4.14934774612804,0.880782315327183,-6.86390117788308));
#8528=CARTESIAN_POINT('Ctrl Pts',(4.14891054306896,0.846254723080465,-6.85191106423936));
#8529=CARTESIAN_POINT('Ctrl Pts',(4.1482429520682,0.811456181022972,-6.84023718053883));
#8530=CARTESIAN_POINT('Ctrl Pts',(4.14739922197847,0.776537658468446,-6.82903221725229));
#8531=CARTESIAN_POINT('Ctrl Pts',(4.1466506025863,0.745555376992232,-6.8190903496967));
#8532=CARTESIAN_POINT('Ctrl Pts',(4.14576369460945,0.714478829563411,-6.8095176417782));
#8533=CARTESIAN_POINT('Ctrl Pts',(4.14479597904827,0.683384972507894,-6.80042074931217));
#8534=CARTESIAN_POINT('Ctrl Pts',(4.14389633293374,0.654478268092137,-6.7919637354027));
#8535=CARTESIAN_POINT('Ctrl Pts',(4.14292910402764,0.625315938592219,-6.78385302361859));
#8536=CARTESIAN_POINT('Ctrl Pts',(4.14192610008605,0.596016000293945,-6.77620255785348));
#8537=CARTESIAN_POINT('Ctrl Pts',(4.14096625294421,0.567976766483264,-6.76888127286766));
#8538=CARTESIAN_POINT('Ctrl Pts',(4.13997411091573,0.539811986878006,-6.76198147947153));
#8539=CARTESIAN_POINT('Ctrl Pts',(4.13900365444185,0.511585856714979,-6.75560303715992));
#8540=CARTESIAN_POINT('Ctrl Pts',(4.1383576116707,0.492795434022203,-6.75135684306727));
#8541=CARTESIAN_POINT('Ctrl Pts',(4.1377217296298,0.473977019598762,-6.74734169616989));
#8542=CARTESIAN_POINT('Ctrl Pts',(4.13711694512473,0.455137621689353,-6.74358705729887));
#8543=CARTESIAN_POINT('',(4.14488300138857,-0.438055259562698,-6.80425622065485));
#8544=CARTESIAN_POINT('Ctrl Pts',(4.14481773274944,-0.43800318642852,-6.80425622065485));
#8545=CARTESIAN_POINT('Ctrl Pts',(4.1457047413802,-0.467761997279601,-6.81341151487698));
#8546=CARTESIAN_POINT('Ctrl Pts',(4.14653582307415,-0.497507362948007,-6.82303392851829));
#8547=CARTESIAN_POINT('Ctrl Pts',(4.14724853588846,-0.527211997451786,-6.83302976398363));
#8548=CARTESIAN_POINT('Ctrl Pts',(4.14799087097833,-0.558151237046387,-6.84344105345332));
#8549=CARTESIAN_POINT('Ctrl Pts',(4.14860401231996,-0.589045781877702,-6.85425745066334));
#8550=CARTESIAN_POINT('Ctrl Pts',(4.14904114425736,-0.619812375781214,-6.86537308273728));
#8551=CARTESIAN_POINT('Ctrl Pts',(4.14935461841463,-0.641875582037033,-6.87334427655484));
#8552=CARTESIAN_POINT('Ctrl Pts',(4.14957811310363,-0.663871845129871,-6.88146935335788));
#8553=CARTESIAN_POINT('Ctrl Pts',(4.14970419578339,-0.685757350099281,-6.88970926932389));
#8554=CARTESIAN_POINT('Ctrl Pts',(4.1499480283271,-0.728081945015278,-6.90564452445694));
#8555=CARTESIAN_POINT('Ctrl Pts',(4.14980500955903,-0.770317349072232,-6.92211864841902));
#8556=CARTESIAN_POINT('Ctrl Pts',(4.14919279255019,-0.812412236320063,-6.93898334096573));
#8557=CARTESIAN_POINT('Ctrl Pts',(4.14881071012545,-0.838683503462672,-6.94950853469208));
#8558=CARTESIAN_POINT('Ctrl Pts',(4.1482458366063,-0.864898727419565,-6.96018585343831));
#8559=CARTESIAN_POINT('Ctrl Pts',(4.14747779241816,-0.891035523215877,-6.97097924790103));
#8560=CARTESIAN_POINT('Ctrl Pts',(4.13711694512473,0.45513762168936,-6.74358705729887));
#8561=CARTESIAN_POINT('Ctrl Pts',(4.2027794343264,0.312308228175331,-6.75393095958233));
#8562=CARTESIAN_POINT('Ctrl Pts',(4.23816908324548,0.155533050499948,-6.76427486186578));
#8563=CARTESIAN_POINT('Ctrl Pts',(4.23799580714717,-0.00120281131740627,
-6.77461876414923));
#8564=CARTESIAN_POINT('Ctrl Pts',(4.23783031632027,-0.150896552299219,-6.78449791631777));
#8565=CARTESIAN_POINT('Ctrl Pts',(4.2052257845766,-0.300554430968621,-6.79437706848631));
#8566=CARTESIAN_POINT('Ctrl Pts',(4.14481773274944,-0.438003186428527,-6.80425622065485));
#8567=CARTESIAN_POINT('Ctrl Pts',(2.18465830424186,-0.925754643753299,-6.63901070820665));
#8568=CARTESIAN_POINT('Ctrl Pts',(1.95261267643692,-0.683786297874627,-6.65696259645452));
#8569=CARTESIAN_POINT('Ctrl Pts',(1.68003592399575,-0.0183768261318168,
-6.69286637295026));
#8570=CARTESIAN_POINT('Ctrl Pts',(1.93589279162583,0.653638883761147,-6.72877014944601));
#8571=CARTESIAN_POINT('Ctrl Pts',(2.16181688626487,0.901332560006983,-6.74672203769388));
#8572=CARTESIAN_POINT('Ctrl Pts',(2.24475608756906,-0.868121370230664,-6.59093667579212));
#8573=CARTESIAN_POINT('Ctrl Pts',(2.02715656514123,-0.641216873025012,-6.60888856404));
#8574=CARTESIAN_POINT('Ctrl Pts',(1.77154920154986,-0.0172327685199222,
-6.64479234053574));
#8575=CARTESIAN_POINT('Ctrl Pts',(2.01147758431165,0.612946299795157,-6.68069611703149));
#8576=CARTESIAN_POINT('Ctrl Pts',(2.223336672386,0.845219694339757,-6.69864800527936));
#8577=CARTESIAN_POINT('Ctrl Pts',(2.30485387089626,-0.810488096708029,-6.5428626433776));
#8578=CARTESIAN_POINT('Ctrl Pts',(2.10170045384554,-0.598647448175396,-6.56081453162547));
#8579=CARTESIAN_POINT('Ctrl Pts',(1.86306247910397,-0.0160887109080272,
-6.59671830812121));
#8580=CARTESIAN_POINT('Ctrl Pts',(2.08706237699747,0.572253715829167,-6.63262208461696));
#8581=CARTESIAN_POINT('Ctrl Pts',(2.28485645850713,0.789106828672531,-6.65057397286484));
#8582=CARTESIAN_POINT('Ctrl Pts',(2.36495165422346,-0.752854823185393,-6.49478861096308));
#8583=CARTESIAN_POINT('Ctrl Pts',(2.17624434254986,-0.556078023325781,-6.51274049921095));
#8584=CARTESIAN_POINT('Ctrl Pts',(1.95457575665808,-0.0149446532961325,
-6.54864427570669));
#8585=CARTESIAN_POINT('Ctrl Pts',(2.1626471696833,0.531561131863177,-6.58454805220244));
#8586=CARTESIAN_POINT('Ctrl Pts',(2.34637624462826,0.732993963005305,-6.60249994045031));
#8587=CARTESIAN_POINT('',(2.22985932018305,-0.579132437140591,-6.50930384721634));
#8588=CARTESIAN_POINT('Ctrl Pts',(2.18465830424186,-0.925754643753299,-6.63901070820665));
#8589=CARTESIAN_POINT('Ctrl Pts',(2.18490209436333,-0.923563023696885,-6.63810898243984));
#8590=CARTESIAN_POINT('Ctrl Pts',(2.18514706004831,-0.921371052491554,-6.63720823760229));
#8591=CARTESIAN_POINT('Ctrl Pts',(2.18539318800102,-0.919178737185673,-6.63630849578812));
#8592=CARTESIAN_POINT('Ctrl Pts',(2.18979902868852,-0.879934954152473,-6.62020256775551));
#8593=CARTESIAN_POINT('Ctrl Pts',(2.19458555901491,-0.840615239680686,-6.60442441329232));
#8594=CARTESIAN_POINT('Ctrl Pts',(2.19963124914786,-0.801259393949527,-6.58913116822373));
#8595=CARTESIAN_POINT('Ctrl Pts',(2.20170695463448,-0.78506911219185,-6.58283980433484));
#8596=CARTESIAN_POINT('Ctrl Pts',(2.20382715609047,-0.768872670012477,-6.57663050411168));
#8597=CARTESIAN_POINT('Ctrl Pts',(2.20598586273691,-0.752672467562894,-6.570514207387));
#8598=CARTESIAN_POINT('Ctrl Pts',(2.20984040684039,-0.723745704896865,-6.55959306832713));
#8599=CARTESIAN_POINT('Ctrl Pts',(2.21384028427809,-0.69457695457063,-6.54888607654906));
#8600=CARTESIAN_POINT('Ctrl Pts',(2.21789775430307,-0.665345254101347,-6.53855160675717));
#8601=CARTESIAN_POINT('Ctrl Pts',(2.2218864955265,-0.636608704484307,-6.52839219080898));
#8602=CARTESIAN_POINT('Ctrl Pts',(2.22593096380693,-0.607812249679076,-6.51859278355809));
#8603=CARTESIAN_POINT('Ctrl Pts',(2.22991910691348,-0.579086091641043,-6.50930384721634));
#8604=CARTESIAN_POINT('',(2.20101546700903,0.530376086139098,-6.5860449181775));
#8605=CARTESIAN_POINT('Ctrl Pts',(2.20107731733539,0.530329757198405,-6.5860449181775));
#8606=CARTESIAN_POINT('Ctrl Pts',(2.19610661771885,0.567377285530249,-6.60091441483748));
#8607=CARTESIAN_POINT('Ctrl Pts',(2.19136977230384,0.604389061335068,-6.61623960543965));
#8608=CARTESIAN_POINT('Ctrl Pts',(2.18693428704586,0.641408271453322,-6.63192256471503));
#8609=CARTESIAN_POINT('Ctrl Pts',(2.1836335390292,0.668956798225336,-6.64359332759954));
#8610=CARTESIAN_POINT('Ctrl Pts',(2.18050058431165,0.696508551382564,-6.65546221798976));
#8611=CARTESIAN_POINT('Ctrl Pts',(2.17757903474549,0.724071664400997,-6.66748887985294));
#8612=CARTESIAN_POINT('Ctrl Pts',(2.17376037179421,0.760098518001147,-6.68320854061672));
#8613=CARTESIAN_POINT('Ctrl Pts',(2.17030840290352,0.796045209482216,-6.69915613791091));
#8614=CARTESIAN_POINT('Ctrl Pts',(2.16724256397864,0.831954571128236,-6.71529570697705));
#8615=CARTESIAN_POINT('Ctrl Pts',(2.16526720016985,0.855091485731409,-6.72569466184839));
#8616=CARTESIAN_POINT('Ctrl Pts',(2.16345310848793,0.878213080732239,-6.73617331205302));
#8617=CARTESIAN_POINT('Ctrl Pts',(2.16181688626486,0.901332560006969,-6.74672203769388));
#8618=CARTESIAN_POINT('Ctrl Pts',(2.22991910691348,-0.579086091641043,-6.50930384721634));
#8619=CARTESIAN_POINT('Ctrl Pts',(2.12430423954944,-0.410133614553551,-6.52241732337979));
#8620=CARTESIAN_POINT('Ctrl Pts',(2.06449386846743,-0.212225921767402,-6.53553079954324));
#8621=CARTESIAN_POINT('Ctrl Pts',(2.06201075638733,-0.0136015495137146,
-6.54864427570669));
#8622=CARTESIAN_POINT('Ctrl Pts',(2.05965008085107,0.175229111913089,-6.5611111565303));
#8623=CARTESIAN_POINT('Ctrl Pts',(2.1091026906694,0.364707519602419,-6.5735780373539));
#8624=CARTESIAN_POINT('Ctrl Pts',(2.20107731733539,0.530329757198398,-6.5860449181775));
#8625=CARTESIAN_POINT('Ctrl Pts',(2.80404029068405,-1.29198224814818,-4.8));
#8626=CARTESIAN_POINT('Ctrl Pts',(2.39016177450353,-1.18115619666399,-4.82294293540243));
#8627=CARTESIAN_POINT('Ctrl Pts',(1.68280855403931,-0.534318323471175,-4.86882880620729));
#8628=CARTESIAN_POINT('Ctrl Pts',(1.8719712577698,0.899158812601318,-4.93765761241459));
#8629=CARTESIAN_POINT('Ctrl Pts',(3.15514279623625,1.56146521619892,-5.00648641862187));
#8630=CARTESIAN_POINT('Ctrl Pts',(4.43304341061879,0.890588928610037,-5.07531522482918));
#8631=CARTESIAN_POINT('Ctrl Pts',(4.61483793754589,-0.542102580983104,-5.14414403103645));
#8632=CARTESIAN_POINT('Ctrl Pts',(3.54447817119774,-1.51114192531003,-5.21297283724376));
#8633=CARTESIAN_POINT('Ctrl Pts',(2.13709599996853,-1.18885810831002,-5.28180164345104));
#8634=CARTESIAN_POINT('Ctrl Pts',(1.59533052993158,0.149571217085832,-5.35063044965835));
#8635=CARTESIAN_POINT('Ctrl Pts',(2.38229880013017,1.36012946206724,-5.41945925586563));
#8636=CARTESIAN_POINT('Ctrl Pts',(3.82536013166448,1.40826346200668,-5.48828806207292));
#8637=CARTESIAN_POINT('Ctrl Pts',(4.69124695219193,0.25283698800296,-5.55711686828022));
#8638=CARTESIAN_POINT('Ctrl Pts',(4.2398743343635,-1.11871893265017,-5.62594567448751));
#8639=CARTESIAN_POINT('Ctrl Pts',(2.8570963228425,-1.53406987516503,-5.6947744806948));
#8640=CARTESIAN_POINT('Ctrl Pts',(1.72454195176611,-0.638509784034249,-5.76360328690209));
#8641=CARTESIAN_POINT('Ctrl Pts',(1.81046240309963,0.80311148652316,-5.83243209310939));
#8642=CARTESIAN_POINT('Ctrl Pts',(3.0408175645042,1.55765184349118,-5.90126089931668));
#8643=CARTESIAN_POINT('Ctrl Pts',(4.36527098386658,0.982324015799815,-5.97008970552397));
#8644=CARTESIAN_POINT('Ctrl Pts',(4.64953558715451,-0.435361726331626,-6.03891851173126));
#8645=CARTESIAN_POINT('Ctrl Pts',(3.98685781897105,-1.12789763749659,-6.08480438253613));
#8646=CARTESIAN_POINT('Ctrl Pts',(3.58128432692736,-1.26605690209675,-6.10774731793856));
#8647=CARTESIAN_POINT('Ctrl Pts',(2.82557816866215,-1.21154930968403,-4.75192596758548));
#8648=CARTESIAN_POINT('Ctrl Pts',(2.43746584646092,-1.1076227840966,-4.77486890298791));
#8649=CARTESIAN_POINT('Ctrl Pts',(1.77414922025762,-0.501054094884733,-4.82075477379278));
#8650=CARTESIAN_POINT('Ctrl Pts',(1.95153551442004,0.843181274560743,-4.88958358000006));
#8651=CARTESIAN_POINT('Ctrl Pts',(3.15482262913349,1.4642554938297,-4.95841238620736));
#8652=CARTESIAN_POINT('Ctrl Pts',(4.35316696352282,0.83514491256847,-5.02724119241464));
#8653=CARTESIAN_POINT('Ctrl Pts',(4.52364379005705,-0.508353739929004,-5.09606999862194));
#8654=CARTESIAN_POINT('Ctrl Pts',(3.51991975445876,-1.41706510214681,-5.16489880482923));
#8655=CARTESIAN_POINT('Ctrl Pts',(2.2001547960328,-1.11484520975405,-5.23372761103652));
#8656=CARTESIAN_POINT('Ctrl Pts',(1.69211718005572,0.140259593402831,-5.30255641724382));
#8657=CARTESIAN_POINT('Ctrl Pts',(2.43009238510898,1.27545398801755,-5.3713852234511));
#8658=CARTESIAN_POINT('Ctrl Pts',(3.78331528159849,1.32059138404798,-5.44021402965841));
#8659=CARTESIAN_POINT('Ctrl Pts',(4.59529592698133,0.237096507104981,-5.50904283586569));
#8660=CARTESIAN_POINT('Ctrl Pts',(4.17202371536687,-1.04907258015771,-5.57787164207299));
#8661=CARTESIAN_POINT('Ctrl Pts',(2.87533117357246,-1.43856566212672,-5.64670044828028));
#8662=CARTESIAN_POINT('Ctrl Pts',(1.81328448645741,-0.598759069005775,-5.71552925448757));
#8663=CARTESIAN_POINT('Ctrl Pts',(1.89385592128174,0.753113418153445,-5.78435806069487));
#8664=CARTESIAN_POINT('Ctrl Pts',(3.04761476634516,1.46067952436244,-5.85318686690215));
#8665=CARTESIAN_POINT('Ctrl Pts',(4.28961373981179,0.92116899046728,-5.92201567310946));
#8666=CARTESIAN_POINT('Ctrl Pts',(4.55618132181589,-0.408258085400127,-5.99084447931674));
#8667=CARTESIAN_POINT('Ctrl Pts',(3.93475885743112,-1.05767986058777,-6.0367303501216));
#8668=CARTESIAN_POINT('Ctrl Pts',(3.55443452633759,-1.18723795776185,-6.05967328552403));
#8669=CARTESIAN_POINT('Ctrl Pts',(2.84711604664025,-1.13111637121987,-4.70385193517095));
#8670=CARTESIAN_POINT('Ctrl Pts',(2.4847699184183,-1.0340893715292,-4.72679487057338));
#8671=CARTESIAN_POINT('Ctrl Pts',(1.86548988647593,-0.467789866298291,-4.77268074137825));
#8672=CARTESIAN_POINT('Ctrl Pts',(2.03109977107029,0.787203736520168,-4.84150954758554));
#8673=CARTESIAN_POINT('Ctrl Pts',(3.15450246203074,1.36704577146048,-4.91033835379284));
#8674=CARTESIAN_POINT('Ctrl Pts',(4.27329051642685,0.779700896526904,-4.97916716000012));
#8675=CARTESIAN_POINT('Ctrl Pts',(4.43244964256821,-0.474604898874904,-5.04799596620742));
#8676=CARTESIAN_POINT('Ctrl Pts',(3.49536133771977,-1.32298827898358,-5.11682477241471));
#8677=CARTESIAN_POINT('Ctrl Pts',(2.26321359209706,-1.04083231119808,-5.185653578622));
#8678=CARTESIAN_POINT('Ctrl Pts',(1.78890383017986,0.13094796971983,-5.25448238482929));
#8679=CARTESIAN_POINT('Ctrl Pts',(2.47788597008779,1.19077851396786,-5.32331119103659));
#8680=CARTESIAN_POINT('Ctrl Pts',(3.7412704315325,1.23291930608929,-5.39213999724388));
#8681=CARTESIAN_POINT('Ctrl Pts',(4.49934490177073,0.221356026207003,-5.46096880345117));
#8682=CARTESIAN_POINT('Ctrl Pts',(4.10417309637023,-0.979426227665245,-5.52979760965846));
#8683=CARTESIAN_POINT('Ctrl Pts',(2.89356602430241,-1.34306144908841,-5.59862641586576));
#8684=CARTESIAN_POINT('Ctrl Pts',(1.9020270211487,-0.559008353977299,-5.66745522207304));
#8685=CARTESIAN_POINT('Ctrl Pts',(1.97724943946385,0.703115349783727,-5.73628402828034));
#8686=CARTESIAN_POINT('Ctrl Pts',(3.05441196818612,1.36370720523369,-5.80511283448763));
#8687=CARTESIAN_POINT('Ctrl Pts',(4.21395649575699,0.860013965134746,-5.87394164069492));
#8688=CARTESIAN_POINT('Ctrl Pts',(4.46282705647728,-0.381154444468627,-5.94277044690222));
#8689=CARTESIAN_POINT('Ctrl Pts',(3.88265989589119,-0.987462083678946,-5.98865631770708));
#8690=CARTESIAN_POINT('Ctrl Pts',(3.52758472574782,-1.10841901342696,-6.01159925310951));
#8691=CARTESIAN_POINT('Ctrl Pts',(2.86865392461835,-1.05068343275572,-4.65577790275643));
#8692=CARTESIAN_POINT('Ctrl Pts',(2.53207399037569,-0.960555958961809,-4.67872083815886));
#8693=CARTESIAN_POINT('Ctrl Pts',(1.95683055269425,-0.434525637711848,-4.72460670896372));
#8694=CARTESIAN_POINT('Ctrl Pts',(2.11066402772053,0.731226198479591,-4.79343551517102));
#8695=CARTESIAN_POINT('Ctrl Pts',(3.15418229492797,1.26983604909126,-4.86226432137831));
#8696=CARTESIAN_POINT('Ctrl Pts',(4.19341406933088,0.724256880485336,-4.9310931275856));
#8697=CARTESIAN_POINT('Ctrl Pts',(4.34125549507937,-0.440856057820802,-4.99992193379289));
#8698=CARTESIAN_POINT('Ctrl Pts',(3.47080292098078,-1.22891145582035,-5.06875074000019));
#8699=CARTESIAN_POINT('Ctrl Pts',(2.32627238816132,-0.966819412642101,-5.13757954620748));
#8700=CARTESIAN_POINT('Ctrl Pts',(1.88569048030399,0.121636346036829,-5.20640835241477));
#8701=CARTESIAN_POINT('Ctrl Pts',(2.5256795550666,1.10610303991816,-5.27523715862206));
#8702=CARTESIAN_POINT('Ctrl Pts',(3.69922558146651,1.14524722813059,-5.34406596482935));
#8703=CARTESIAN_POINT('Ctrl Pts',(4.40339387656013,0.205615545309024,-5.41289477103665));
#8704=CARTESIAN_POINT('Ctrl Pts',(4.03632247737359,-0.90977987517278,-5.48172357724394));
#8705=CARTESIAN_POINT('Ctrl Pts',(2.91180087503237,-1.2475572360501,-5.55055238345123));
#8706=CARTESIAN_POINT('Ctrl Pts',(1.99076955584,-0.519257638948825,-5.61938118965852));
#8707=CARTESIAN_POINT('Ctrl Pts',(2.06064295764596,0.653117281414012,-5.68820999586582));
#8708=CARTESIAN_POINT('Ctrl Pts',(3.06120917002708,1.26673488610494,-5.75703880207311));
#8709=CARTESIAN_POINT('Ctrl Pts',(4.1382992517022,0.798858939802211,-5.8258676082804));
#8710=CARTESIAN_POINT('Ctrl Pts',(4.36947279113866,-0.354050803537128,-5.8946964144877));
#8711=CARTESIAN_POINT('Ctrl Pts',(3.83056093435126,-0.917244306770124,-5.94058228529256));
#8712=CARTESIAN_POINT('Ctrl Pts',(3.50073492515805,-1.02960006909206,-5.96352522069499));
#8713=CARTESIAN_POINT('Ctrl Pts',(3.32587811126105,1.3261407917855,-5.9157581527719));
#8714=CARTESIAN_POINT('Ctrl Pts',(3.31638602901774,1.32536547115709,-5.9140499041276));
#8715=CARTESIAN_POINT('Ctrl Pts',(3.30685858360946,1.32474359158059,-5.91247732092955));
#8716=CARTESIAN_POINT('Ctrl Pts',(3.29730220947124,1.32427089131811,-5.91104242390133));
#8717=CARTESIAN_POINT('Ctrl Pts',(3.28153557369193,1.32349100422249,-5.90867505124538));
#8718=CARTESIAN_POINT('Ctrl Pts',(3.26569870576508,1.32311746653409,-5.90668387919336));
#8719=CARTESIAN_POINT('Ctrl Pts',(3.2498192653335,1.3231308920807,-5.90507419869559));
#8720=CARTESIAN_POINT('Ctrl Pts',(3.2359200266438,1.32314264343162,-5.90366524895652));
#8721=CARTESIAN_POINT('Ctrl Pts',(3.22199439082263,1.32345086789767,-5.9025491806292));
#8722=CARTESIAN_POINT('Ctrl Pts',(3.2080620734627,1.32404328761555,-5.90172703133349));
#8723=CARTESIAN_POINT('Ctrl Pts',(3.20344871423073,1.32423945347253,-5.90145479592961));
#8724=CARTESIAN_POINT('Ctrl Pts',(3.19883487563314,1.32446678275705,-5.90121478804376));
#8725=CARTESIAN_POINT('Ctrl Pts',(3.19422139807879,1.32472485211317,-5.90100699502586));
#8726=CARTESIAN_POINT('Ctrl Pts',(3.18982923221687,1.32497054170471,-5.900809169982));
#8727=CARTESIAN_POINT('Ctrl Pts',(3.18543745139987,1.32524408927022,-5.9006405451699));
#8728=CARTESIAN_POINT('Ctrl Pts',(3.18104668323124,1.32554514870507,-5.90050108147141));
#8729=CARTESIAN_POINT('Ctrl Pts',(3.16109159966817,1.32691339816603,-5.89986724938312));
#8730=CARTESIAN_POINT('Ctrl Pts',(3.14116282762411,1.32884885507639,-5.89983650920895));
#8731=CARTESIAN_POINT('Ctrl Pts',(3.12131786538221,1.33132334108746,-5.90039954698095));
#8732=CARTESIAN_POINT('Ctrl Pts',(3.10724523650351,1.33307806971203,-5.90079881312786));
#8733=CARTESIAN_POINT('Ctrl Pts',(3.09321849819642,1.33510355962281,-5.90149638866353));
#8734=CARTESIAN_POINT('Ctrl Pts',(3.07925680012317,1.3373921532036,-5.90248629723287));
#8735=CARTESIAN_POINT('',(3.50073492515806,-1.02960006909206,-5.96352522069499));
#8736=CARTESIAN_POINT('Ctrl Pts',(3.50073492515805,-1.02960006909206,-5.96352522069499));
#8737=CARTESIAN_POINT('Ctrl Pts',(3.52252060955671,-1.03921946356511,-5.97168454388867));
#8738=CARTESIAN_POINT('Ctrl Pts',(3.54358781306851,-1.0495039178299,-5.9804432156485));
#8739=CARTESIAN_POINT('Ctrl Pts',(3.56399711359399,-1.06052506736705,-5.98973627517998));
#8740=CARTESIAN_POINT('Ctrl Pts',(3.58589171506118,-1.07234828867368,-5.99970564353726));
#8741=CARTESIAN_POINT('Ctrl Pts',(3.60702859460379,-1.08501926105003,-6.01029001082309));
#8742=CARTESIAN_POINT('Ctrl Pts',(3.62744951934353,-1.09857714085609,-6.02140917634854));
#8743=CARTESIAN_POINT('Ctrl Pts',(3.63219487111546,-1.10172767932489,-6.02399301388288));
#8744=CARTESIAN_POINT('Ctrl Pts',(3.63690145308715,-1.10492591432653,-6.02660573000714));
#8745=CARTESIAN_POINT('Ctrl Pts',(3.64156961439952,-1.10817199116682,-6.02924631835261));
#8746=CARTESIAN_POINT('Ctrl Pts',(3.66120509255242,-1.12182581900504,-6.04035330701453));
#8747=CARTESIAN_POINT('Ctrl Pts',(3.67999522254679,-1.1362054240817,-6.05185445469717));
#8748=CARTESIAN_POINT('Ctrl Pts',(3.69799695628894,-1.15129631083039,-6.06367658442534));
#8749=CARTESIAN_POINT('Ctrl Pts',(3.71506023883578,-1.16560049220334,-6.0748824128609));
#8750=CARTESIAN_POINT('Ctrl Pts',(3.73141462692365,-1.18054308757768,-6.08637662933088));
#8751=CARTESIAN_POINT('Ctrl Pts',(3.74711858896844,-1.1960697183537,-6.09809691501853));
#8752=CARTESIAN_POINT('Ctrl Pts',(2.06372353021399,-0.000271677981876234,
-5.64953958647282));
#8753=CARTESIAN_POINT('Ctrl Pts',(2.06425186655203,0.196117503068958,-5.66242972293715));
#8754=CARTESIAN_POINT('Ctrl Pts',(2.11552341210338,0.392752309636276,-5.67531985940149));
#8755=CARTESIAN_POINT('Ctrl Pts',(2.21575842607515,0.55999106213536,-5.68820999586582));
#8756=CARTESIAN_POINT('Ctrl Pts',(2.39416502843966,0.857656482977654,-5.71115293126825));
#8757=CARTESIAN_POINT('Ctrl Pts',(2.72768709923337,1.0621956845413,-5.73409586667068));
#8758=CARTESIAN_POINT('Ctrl Pts',(3.07396314824274,1.08648596093933,-5.75703880207311));
#8759=CARTESIAN_POINT('Ctrl Pts',(3.42023919725212,1.11077623733737,-5.77998173747554));
#8760=CARTESIAN_POINT('Ctrl Pts',(3.77926922447716,0.954817588569789,-5.80292467287797));
#8761=CARTESIAN_POINT('Ctrl Pts',(3.99731316132909,0.684686640296109,-5.8258676082804));
#8762=CARTESIAN_POINT('Ctrl Pts',(4.21535709818102,0.414555692022432,-5.84881054368283));
#8763=CARTESIAN_POINT('Ctrl Pts',(4.29241494465984,0.0302524442426539,-5.87175347908527));
#8764=CARTESIAN_POINT('Ctrl Pts',(4.1962159037024,-0.302697555455484,-5.8946964144877));
#8765=CARTESIAN_POINT('Ctrl Pts',(4.10001686274496,-0.635647555153621,-5.91763934989013));
#8766=CARTESIAN_POINT('Ctrl Pts',(3.83056093435126,-0.91724430677012,-5.94058228529256));
#8767=CARTESIAN_POINT('Ctrl Pts',(3.50073492515806,-1.02960006909206,-5.96352522069499));
#8768=CARTESIAN_POINT('Ctrl Pts',(2.80404029068405,-1.29198224814818,-4.8));
#8769=CARTESIAN_POINT('Ctrl Pts',(2.75348202153291,-1.2732907078,-4.8));
#8770=CARTESIAN_POINT('Ctrl Pts',(2.70432873984561,-1.25137923745081,-4.8));
#8771=CARTESIAN_POINT('Ctrl Pts',(2.6567646134849,-1.22651583612007,-4.8));
#8772=CARTESIAN_POINT('Ctrl Pts',(2.60864572253475,-1.20136244029795,-4.8));
#8773=CARTESIAN_POINT('Ctrl Pts',(2.5621524814806,-1.17318694951092,-4.8));
#8774=CARTESIAN_POINT('Ctrl Pts',(2.51750795025205,-1.14222359305686,-4.8));
#8775=CARTESIAN_POINT('Ctrl Pts',(2.48633852678565,-1.12060594039708,-4.8));
#8776=CARTESIAN_POINT('Ctrl Pts',(2.4560709064156,-1.09762845536016,-4.8));
#8777=CARTESIAN_POINT('Ctrl Pts',(2.42679329657557,-1.07336213992205,-4.8));
#8778=CARTESIAN_POINT('Ctrl Pts',(2.41064631304913,-1.05997895059179,-4.8));
#8779=CARTESIAN_POINT('Ctrl Pts',(2.39480065069922,-1.04620363519273,-4.8));
#8780=CARTESIAN_POINT('Ctrl Pts',(2.37927265682634,-1.03204748104193,-4.8));
#8781=CARTESIAN_POINT('Ctrl Pts',(2.37220681513323,-1.02560587982598,-4.8));
#8782=CARTESIAN_POINT('Ctrl Pts',(2.36520728759875,-1.01908576442958,-4.8));
#8783=CARTESIAN_POINT('Ctrl Pts',(2.35828505972566,-1.01249753537747,-4.8));
#8784=CARTESIAN_POINT('Ctrl Pts',(2.31988015521182,-0.975945674863715,-4.8));
#8785=CARTESIAN_POINT('Ctrl Pts',(2.28377173611997,-0.937228150951073,-4.8));
#8786=CARTESIAN_POINT('Ctrl Pts',(2.25016362628173,-0.896569648163353,-4.8));
#8787=CARTESIAN_POINT('Ctrl Pts',(2.21726704840079,-0.856771944278284,-4.8));
#8788=CARTESIAN_POINT('Ctrl Pts',(2.18676557626938,-0.815113620842703,-4.8));
#8789=CARTESIAN_POINT('Ctrl Pts',(2.15889407326643,-0.771783542488081,-4.8));
#8790=CARTESIAN_POINT('Ctrl Pts',(2.14129456141447,-0.74442268478809,-4.8));
#8791=CARTESIAN_POINT('Ctrl Pts',(2.12474459638929,-0.716394860233385,-4.8));
#8792=CARTESIAN_POINT('Ctrl Pts',(2.10931381526587,-0.687745493614568,-4.8));
#8793=CARTESIAN_POINT('Ctrl Pts',(2.10265429889758,-0.675381185909534,-4.8));
#8794=CARTESIAN_POINT('Ctrl Pts',(2.09620334673215,-0.662901101744834,-4.8));
#8795=CARTESIAN_POINT('Ctrl Pts',(2.08996707484859,-0.650308869225,-4.8));
#8796=CARTESIAN_POINT('Ctrl Pts',(2.08447528086414,-0.639219880788577,-4.8));
#8797=CARTESIAN_POINT('Ctrl Pts',(2.07914846983774,-0.628040257040809,-4.8));
#8798=CARTESIAN_POINT('Ctrl Pts',(2.07400192563677,-0.61679741629388,-4.8));
#8799=CARTESIAN_POINT('Ctrl Pts',(2.05319539257521,-0.57134467585825,-4.8));
#8800=CARTESIAN_POINT('Ctrl Pts',(2.03529245835397,-0.524785718042351,-4.8));
#8801=CARTESIAN_POINT('Ctrl Pts',(2.02050156012046,-0.477299848185292,-4.8));
#8802=CARTESIAN_POINT('Ctrl Pts',(2.01422616937133,-0.45715283725257,-4.8));
#8803=CARTESIAN_POINT('Ctrl Pts',(2.00851157873509,-0.436838821088927,-4.8));
#8804=CARTESIAN_POINT('Ctrl Pts',(2.00337654169511,-0.416371046254778,-4.8));
#8805=CARTESIAN_POINT('Ctrl Pts',(1.99209711401084,-0.371412308021312,-4.8));
#8806=CARTESIAN_POINT('Ctrl Pts',(1.98361172198302,-0.325711145446158,-4.8));
#8807=CARTESIAN_POINT('Ctrl Pts',(1.97788074188848,-0.279517383305061,-4.8));
#8808=CARTESIAN_POINT('Ctrl Pts',(1.97531027718113,-0.258798512653897,-4.8));
#8809=CARTESIAN_POINT('Ctrl Pts',(1.97329439412263,-0.237980636833037,-4.8));
#8810=CARTESIAN_POINT('Ctrl Pts',(1.9718317365717,-0.217087036603126,-4.8));
#8811=CARTESIAN_POINT('Ctrl Pts',(1.97101616184498,-0.20543680973576,-4.8));
#8812=CARTESIAN_POINT('Ctrl Pts',(1.97037261714356,-0.193763049776457,-4.8));
#8813=CARTESIAN_POINT('Ctrl Pts',(1.96990104170689,-0.182069890108166,-4.8));
#8814=CARTESIAN_POINT('Ctrl Pts',(1.96952336968453,-0.172705154551082,-4.8));
#8815=CARTESIAN_POINT('Ctrl Pts',(1.96925641340123,-0.163338004766982,-4.8));
#8816=CARTESIAN_POINT('Ctrl Pts',(1.96909948225034,-0.153971746463877,-4.8));
#8817=CARTESIAN_POINT('Ctrl Pts',(1.96826405056528,-0.10410995094208,-4.8));
#8818=CARTESIAN_POINT('Ctrl Pts',(1.97054205955213,-0.0542608093483436,
-4.8));
#8819=CARTESIAN_POINT('Ctrl Pts',(1.9758532908828,-0.00473240591588312,
-4.8));
#8820=CARTESIAN_POINT('Ctrl Pts',(1.98113589530047,0.0445290452398814,-4.8));
#8821=CARTESIAN_POINT('Ctrl Pts',(1.98941957902169,0.0934743622173609,-4.8));
#8822=CARTESIAN_POINT('Ctrl Pts',(2.00067309022927,0.141782464014755,-4.8));
#8823=CARTESIAN_POINT('Ctrl Pts',(2.00690490815223,0.168533874223735,-4.8));
#8824=CARTESIAN_POINT('Ctrl Pts',(2.01404825122383,0.195089458746924,-4.8));
#8825=CARTESIAN_POINT('Ctrl Pts',(2.02210337802544,0.221390360651314,-4.8));
#8826=CARTESIAN_POINT('Ctrl Pts',(2.0257563677541,0.233317786113088,-4.8));
#8827=CARTESIAN_POINT('Ctrl Pts',(2.02959692696466,0.245192782921765,-4.8));
#8828=CARTESIAN_POINT('Ctrl Pts',(2.03362532572186,0.257009588055645,-4.8));
#8829=CARTESIAN_POINT('Ctrl Pts',(2.03692911837126,0.266700851580854,-4.8));
#8830=CARTESIAN_POINT('Ctrl Pts',(2.04035905719716,0.276352046266562,-4.8));
#8831=CARTESIAN_POINT('Ctrl Pts',(2.04391055803579,0.285948077310858,-4.8));
#8832=CARTESIAN_POINT('Ctrl Pts',(2.06048803809312,0.33073984859137,-4.8));
#8833=CARTESIAN_POINT('Ctrl Pts',(2.0797346232678,0.374403157524389,-4.8));
#8834=CARTESIAN_POINT('Ctrl Pts',(2.10162694646643,0.416634519012489,-4.8));
#8835=CARTESIAN_POINT('Ctrl Pts',(2.11336172146229,0.439271473543763,-4.8));
#8836=CARTESIAN_POINT('Ctrl Pts',(2.12585734014071,0.461496467411241,-4.8));
#8837=CARTESIAN_POINT('Ctrl Pts',(2.13911449593198,0.483258176997475,-4.8));
#8838=CARTESIAN_POINT('Ctrl Pts',(2.14797031304893,0.497795059816229,-4.8));
#8839=CARTESIAN_POINT('Ctrl Pts',(2.1571697156646,0.512130182460918,-4.8));
#8840=CARTESIAN_POINT('Ctrl Pts',(2.16669374771765,0.526219254167405,-4.8));
#8841=CARTESIAN_POINT('Ctrl Pts',(2.19202854143504,0.563697469629611,-4.8));
#8842=CARTESIAN_POINT('Ctrl Pts',(2.21967583149053,0.599470339827367,-4.8));
#8843=CARTESIAN_POINT('Ctrl Pts',(2.24963038653696,0.633253624710958,-4.8));
#8844=CARTESIAN_POINT('Ctrl Pts',(2.27183900837341,0.658300907076185,-4.8));
#8845=CARTESIAN_POINT('Ctrl Pts',(2.29531690350003,0.682253699279066,-4.8));
#8846=CARTESIAN_POINT('Ctrl Pts',(2.31996011669957,0.705060112988155,-4.8));
#8847=CARTESIAN_POINT('Ctrl Pts',(2.37005723364052,-1.08655212999815,-7.52585084581195));
#8848=CARTESIAN_POINT('Ctrl Pts',(2.12589193533293,-0.911286762646348,-7.54194492071911));
#8849=CARTESIAN_POINT('Ctrl Pts',(1.76075846909861,-0.390905274684127,-7.57413307053342));
#8850=CARTESIAN_POINT('Ctrl Pts',(1.82090269809148,0.562404949317301,-7.6224152952549));
#8851=CARTESIAN_POINT('Ctrl Pts',(2.24854227624811,1.03277047991248,-7.65460344506921));
#8852=CARTESIAN_POINT('Ctrl Pts',(2.512798828703,1.17595957298613,-7.67069751997637));
#8853=CARTESIAN_POINT('Ctrl Pts',(2.41861292287083,-1.01890833633497,-7.47777681339743));
#8854=CARTESIAN_POINT('Ctrl Pts',(2.18964824550211,-0.854554193597362,-7.49387088830459));
#8855=CARTESIAN_POINT('Ctrl Pts',(1.84724632814388,-0.366569290231517,-7.5260590381189));
#8856=CARTESIAN_POINT('Ctrl Pts',(1.90364625099285,0.527392175151702,-7.57434126284037));
#8857=CARTESIAN_POINT('Ctrl Pts',(2.30466293404081,0.968474887169267,-7.60652941265469));
#8858=CARTESIAN_POINT('Ctrl Pts',(2.5524680754544,1.10274967857319,-7.62262348756185));
#8859=CARTESIAN_POINT('Ctrl Pts',(2.46716861210113,-0.951264542671778,-7.4297027809829));
#8860=CARTESIAN_POINT('Ctrl Pts',(2.25340455567129,-0.797821624548375,-7.44579685589006));
#8861=CARTESIAN_POINT('Ctrl Pts',(1.93373418718916,-0.342233305778908,-7.47798500570438));
#8862=CARTESIAN_POINT('Ctrl Pts',(1.98638980389422,0.492379400986105,-7.52626723042585));
#8863=CARTESIAN_POINT('Ctrl Pts',(2.36078359183351,0.904179294426055,-7.55845538024017));
#8864=CARTESIAN_POINT('Ctrl Pts',(2.5921373222058,1.02953978416024,-7.57454945514732));
#8865=CARTESIAN_POINT('Ctrl Pts',(2.51572430133144,-0.883620749008591,-7.38162874856838));
#8866=CARTESIAN_POINT('Ctrl Pts',(2.31716086584047,-0.741089055499389,-7.39772282347554));
#8867=CARTESIAN_POINT('Ctrl Pts',(2.02022204623444,-0.317897321326299,-7.42991097328986));
#8868=CARTESIAN_POINT('Ctrl Pts',(2.06913335679559,0.457366626820506,-7.47819319801132));
#8869=CARTESIAN_POINT('Ctrl Pts',(2.41690424962622,0.839883701682844,-7.51038134782564));
#8870=CARTESIAN_POINT('Ctrl Pts',(2.6318065689572,0.956329889747301,-7.5264754227328));
#8871=CARTESIAN_POINT('',(2.28585838698993,-0.659947452838836,-7.40282264206419));
#8872=CARTESIAN_POINT('Ctrl Pts',(2.37005723364052,-1.08655212999815,-7.52585084581195));
#8873=CARTESIAN_POINT('Ctrl Pts',(2.36947889699264,-1.08440366305071,-7.52513011580406));
#8874=CARTESIAN_POINT('Ctrl Pts',(2.36890300653433,-1.08225416027344,-7.52441028440511));
#8875=CARTESIAN_POINT('Ctrl Pts',(2.36832955517841,-1.08010364849896,-7.52369137501988));
#8876=CARTESIAN_POINT('Ctrl Pts',(2.35652126680971,-1.03582114238721,-7.50888787121069));
#8877=CARTESIAN_POINT('Ctrl Pts',(2.34571341324898,-0.990982423265983,-7.49443141419921));
#8878=CARTESIAN_POINT('Ctrl Pts',(2.33585733358801,-0.9458130709234,-7.48053967570346));
#8879=CARTESIAN_POINT('Ctrl Pts',(2.33108377088525,-0.923936346803102,-7.47381153560709));
#8880=CARTESIAN_POINT('Ctrl Pts',(2.32653318017422,-0.901981496774122,-7.46721586287055));
#8881=CARTESIAN_POINT('Ctrl Pts',(2.32219813386234,-0.87996992357477,-7.46077738710483));
#8882=CARTESIAN_POINT('Ctrl Pts',(2.31498778714738,-0.843358763487676,-7.45006847207905));
#8883=CARTESIAN_POINT('Ctrl Pts',(2.30833648365175,-0.806416235006271,-7.43974469336592));
#8884=CARTESIAN_POINT('Ctrl Pts',(2.30223942282828,-0.769265726431599,-7.42994099050775));
#8885=CARTESIAN_POINT('Ctrl Pts',(2.29628287159534,-0.732971368533249,-7.42036321852251));
#8886=CARTESIAN_POINT('Ctrl Pts',(2.29085490474772,-0.696479639518145,-7.41128182782317));
#8887=CARTESIAN_POINT('Ctrl Pts',(2.28592933154569,-0.659862670120071,-7.40282264206419));
#8888=CARTESIAN_POINT('',(2.35250299011216,0.739150421003175,-7.50307792234138));
#8889=CARTESIAN_POINT('Ctrl Pts',(2.35257786993377,0.739027163823778,-7.5030779223412));
#8890=CARTESIAN_POINT('Ctrl Pts',(2.36144550101918,0.773179816350889,-7.5147830578665));
#8891=CARTESIAN_POINT('Ctrl Pts',(2.37095514286578,0.807184539030958,-7.52683808663421));
#8892=CARTESIAN_POINT('Ctrl Pts',(2.3811557287747,0.840933597609959,-7.53913123274989));
#8893=CARTESIAN_POINT('Ctrl Pts',(2.39202740636823,0.876902990665585,-7.55223313908871));
#8894=CARTESIAN_POINT('Ctrl Pts',(2.40368453005664,0.912581100842484,-7.56560552466326));
#8895=CARTESIAN_POINT('Ctrl Pts',(2.41615051578433,0.947791054760257,-7.57911306931614));
#8896=CARTESIAN_POINT('Ctrl Pts',(2.41894398947328,0.955681171274672,-7.58213994351722));
#8897=CARTESIAN_POINT('Ctrl Pts',(2.42177792812731,0.963547635709148,-7.58517360476974));
#8898=CARTESIAN_POINT('Ctrl Pts',(2.42465233249955,0.971388233823627,-7.58821253036662));
#8899=CARTESIAN_POINT('Ctrl Pts',(2.43743230336154,1.00624853963558,-7.60172398371494));
#8900=CARTESIAN_POINT('Ctrl Pts',(2.4511194759824,1.0408875614339,-7.61545128281889));
#8901=CARTESIAN_POINT('Ctrl Pts',(2.46579202803042,1.07506720805686,-7.62924769273501));
#8902=CARTESIAN_POINT('Ctrl Pts',(2.48046458007844,1.10924685467983,-7.64304410265113));
#8903=CARTESIAN_POINT('Ctrl Pts',(2.49612230927454,1.14296619593111,-7.65690962337941));
#8904=CARTESIAN_POINT('Ctrl Pts',(2.512798828703,1.17595957298613,-7.67069751997637));
#8905=CARTESIAN_POINT('Ctrl Pts',(2.28592933154569,-0.659862670120072,-7.40282264206419));
#8906=CARTESIAN_POINT('Ctrl Pts',(2.20269166864281,-0.550814170924188,-7.41185208580608));
#8907=CARTESIAN_POINT('Ctrl Pts',(2.1396838398186,-0.426334166867775,-7.42088152954797));
#8908=CARTESIAN_POINT('Ctrl Pts',(2.10260863622947,-0.294484596845109,-7.42991097328986));
#8909=CARTESIAN_POINT('Ctrl Pts',(2.03652581642149,-0.0594760052773681,
-7.44600504819701));
#8910=CARTESIAN_POINT('Ctrl Pts',(2.05282958660854,0.198945310771568,-7.46209912310417));
#8911=CARTESIAN_POINT('Ctrl Pts',(2.14792419490972,0.423785237511621,-7.47819319801133));
#8912=CARTESIAN_POINT('Ctrl Pts',(2.19693608544466,0.539668041743438,-7.48648810612128));
#8913=CARTESIAN_POINT('Ctrl Pts',(2.26687786098136,0.646630333981005,-7.49478301423124));
#8914=CARTESIAN_POINT('Ctrl Pts',(2.35257786993376,0.739027163823773,-7.5030779223412));
#8915=CARTESIAN_POINT('Ctrl Pts',(4.06208321866168,0.978269110335064,-7.31000512464573));
#8916=CARTESIAN_POINT('Ctrl Pts',(4.34020048798803,0.718968176172178,-7.33036627268485));
#8917=CARTESIAN_POINT('Ctrl Pts',(4.65948642675507,-0.0490596382672665,
-7.37108856876309));
#8918=CARTESIAN_POINT('Ctrl Pts',(4.29100382214829,-0.794734369332482,-7.41181086484132));
#8919=CARTESIAN_POINT('Ctrl Pts',(3.99663625525178,-1.03542904213337,-7.43217201288044));
#8920=CARTESIAN_POINT('Ctrl Pts',(4.00530106588369,0.917366524973893,-7.2619310922312));
#8921=CARTESIAN_POINT('Ctrl Pts',(4.26610401897883,0.674208487597022,-7.28229224027032));
#8922=CARTESIAN_POINT('Ctrl Pts',(4.5655126674022,-0.0460054083260423,-7.32301453634856));
#8923=CARTESIAN_POINT('Ctrl Pts',(4.21997011379373,-0.745257822177527,-7.3637368324268));
#8924=CARTESIAN_POINT('Ctrl Pts',(3.94392853274415,-0.970967939398193,-7.38409798046592));
#8925=CARTESIAN_POINT('Ctrl Pts',(3.94851891310569,0.856463939612722,-7.21385705981668));
#8926=CARTESIAN_POINT('Ctrl Pts',(4.19200754996963,0.629448799021867,-7.2342182078558));
#8927=CARTESIAN_POINT('Ctrl Pts',(4.47153890804932,-0.0429511783848172,
-7.27494050393404));
#8928=CARTESIAN_POINT('Ctrl Pts',(4.14893640543918,-0.695781275022573,-7.31566280001228));
#8929=CARTESIAN_POINT('Ctrl Pts',(3.89122081023651,-0.906506836663011,-7.3360239480514));
#8930=CARTESIAN_POINT('Ctrl Pts',(3.8917367603277,0.795561354251551,-7.16578302740216));
#8931=CARTESIAN_POINT('Ctrl Pts',(4.11791108096043,0.584689110446712,-7.18614417544128));
#8932=CARTESIAN_POINT('Ctrl Pts',(4.37756514869644,-0.039896948443593,-7.22686647151952));
#8933=CARTESIAN_POINT('Ctrl Pts',(4.07790269708463,-0.646304727867619,-7.26758876759775));
#8934=CARTESIAN_POINT('Ctrl Pts',(3.83851308772887,-0.842045733927829,-7.28794991563687));
#8935=CARTESIAN_POINT('',(4.08082393414676,-0.560540533668089,-7.26337891339274));
#8936=CARTESIAN_POINT('Ctrl Pts',(4.08065303411951,-0.560367272509618,-7.26337891339273));
#8937=CARTESIAN_POINT('Ctrl Pts',(4.07675919660184,-0.593875573345378,-7.27342870663862));
#8938=CARTESIAN_POINT('Ctrl Pts',(4.07253511827903,-0.627293701002754,-7.2839445315501));
#8939=CARTESIAN_POINT('Ctrl Pts',(4.06793354014857,-0.660589496015061,-7.29483382865247));
#8940=CARTESIAN_POINT('Ctrl Pts',(4.06309529401713,-0.695597757712286,-7.30628318321866));
#8941=CARTESIAN_POINT('Ctrl Pts',(4.05783879642138,-0.730470091022986,-7.31814541468436));
#8942=CARTESIAN_POINT('Ctrl Pts',(4.05213458295558,-0.765116836897631,-7.33031293492079));
#8943=CARTESIAN_POINT('Ctrl Pts',(4.04911856625022,-0.783435780424359,-7.33674632745));
#8944=CARTESIAN_POINT('Ctrl Pts',(4.04597789941295,-0.801690867477939,-7.34326506668768));
#8945=CARTESIAN_POINT('Ctrl Pts',(4.04271200729684,-0.81986444739566,-7.34985324966259));
#8946=CARTESIAN_POINT('Ctrl Pts',(4.03533497491676,-0.86091512596936,-7.36473470851175));
#8947=CARTESIAN_POINT('Ctrl Pts',(4.02726299006797,-0.901798008357423,-7.38005504877825));
#8948=CARTESIAN_POINT('Ctrl Pts',(4.01842383336422,-0.942375967429001,-7.39566923862847));
#8949=CARTESIAN_POINT('Ctrl Pts',(4.01162182420569,-0.973601983494808,-7.40768484893202));
#8950=CARTESIAN_POINT('Ctrl Pts',(4.00436614839086,-1.00464603456419,-7.41987447069038));
#8951=CARTESIAN_POINT('Ctrl Pts',(3.99663625525178,-1.03542904213337,-7.43217201288044));
#8952=CARTESIAN_POINT('',(4.10641800609697,0.515637646241291,-7.18910919722747));
#8953=CARTESIAN_POINT('Ctrl Pts',(4.10627523694725,0.515512682265632,-7.18910919722751));
#8954=CARTESIAN_POINT('Ctrl Pts',(4.19667522746528,0.346838752903694,-7.20169495532484));
#8955=CARTESIAN_POINT('Ctrl Pts',(4.24391857595743,0.154874992671524,-7.21428071342218));
#8956=CARTESIAN_POINT('Ctrl Pts',(4.23773601885949,-0.0353523785770206,
-7.22686647151952));
#8957=CARTESIAN_POINT('Ctrl Pts',(4.23175729658942,-0.21930807891942,-7.23903728547725));
#8958=CARTESIAN_POINT('Ctrl Pts',(4.17581742968499,-0.401639998060654,-7.25120809943499));
#8959=CARTESIAN_POINT('Ctrl Pts',(4.08065303411951,-0.560367272509611,-7.26337891339273));
#8960=CARTESIAN_POINT('Ctrl Pts',(4.06208321866168,0.978269110335064,-7.31000512464573));
#8961=CARTESIAN_POINT('Ctrl Pts',(4.0624651987387,0.975637757522853,-7.30915538497865));
#8962=CARTESIAN_POINT('Ctrl Pts',(4.06284468237974,0.973005277513302,-7.30830750073952));
#8963=CARTESIAN_POINT('Ctrl Pts',(4.06322168126813,0.970371705537458,-7.30746151278495));
#8964=CARTESIAN_POINT('Ctrl Pts',(4.06895265820522,0.930337263207605,-7.29460116330926));
#8965=CARTESIAN_POINT('Ctrl Pts',(4.07412400639459,0.889947285740632,-7.28214564236849));
#8966=CARTESIAN_POINT('Ctrl Pts',(4.07877156897996,0.849342859083342,-7.27025618953975));
#8967=CARTESIAN_POINT('Ctrl Pts',(4.08218593739773,0.819512497586598,-7.26152150947954));
#8968=CARTESIAN_POINT('Ctrl Pts',(4.08531817562729,0.789565974253546,-7.25309234893603));
#8969=CARTESIAN_POINT('Ctrl Pts',(4.08819187465707,0.759543560527841,-7.24503264119894));
#8970=CARTESIAN_POINT('Ctrl Pts',(4.09144387286509,0.725568939447334,-7.23591193828381));
#8971=CARTESIAN_POINT('Ctrl Pts',(4.09438599390891,0.691345417083687,-7.22722741274243));
#8972=CARTESIAN_POINT('Ctrl Pts',(4.09702835436875,0.656970279469854,-7.21908972724308));
#8973=CARTESIAN_POINT('Ctrl Pts',(4.09954543465809,0.624224943378813,-7.2113378674637));
#8974=CARTESIAN_POINT('Ctrl Pts',(4.10179119700329,0.591342639718186,-7.20408222317946));
#8975=CARTESIAN_POINT('Ctrl Pts',(4.10379878936704,0.558367226995191,-7.19741845125861));
#8976=CARTESIAN_POINT('Ctrl Pts',(4.10466738825955,0.544100183800236,-7.19453532368005));
#8977=CARTESIAN_POINT('Ctrl Pts',(4.10549166261276,0.529815132098032,-7.19176298992089));
#8978=CARTESIAN_POINT('Ctrl Pts',(4.10627523694724,0.515512682265639,-7.18910919722751));
#8979=CARTESIAN_POINT('Ctrl Pts',(2.56751655938642,-1.20400136686424,-6.16353320642485));
#8980=CARTESIAN_POINT('Ctrl Pts',(2.29420736591416,-1.07177719856478,-6.17979093639827));
#8981=CARTESIAN_POINT('Ctrl Pts',(1.84187380627276,-0.614946739398342,-6.2123063963451));
#8982=CARTESIAN_POINT('Ctrl Pts',(1.7466759040702,0.346460838760727,-6.26107958626536));
#8983=CARTESIAN_POINT('Ctrl Pts',(2.10063385812662,0.883129716524541,-6.2935950462122));
#8984=CARTESIAN_POINT('Ctrl Pts',(2.34270435760858,1.06638641953835,-6.30985277618561));
#8985=CARTESIAN_POINT('Ctrl Pts',(2.60377932909739,-1.12904571790656,-6.11545917401032));
#8986=CARTESIAN_POINT('Ctrl Pts',(2.34748512292217,-1.00505322493201,-6.13171690398374));
#8987=CARTESIAN_POINT('Ctrl Pts',(1.92331179336137,-0.576662952357419,-6.16423236393058));
#8988=CARTESIAN_POINT('Ctrl Pts',(1.8340404795626,0.324891762742676,-6.21300555385084));
#8989=CARTESIAN_POINT('Ctrl Pts',(2.16596262130169,0.828150077100782,-6.24552101379767));
#8990=CARTESIAN_POINT('Ctrl Pts',(2.39296291249192,0.999998051288963,-6.26177874377109));
#8991=CARTESIAN_POINT('Ctrl Pts',(2.64004209880836,-1.05409006894888,-6.0673851415958));
#8992=CARTESIAN_POINT('Ctrl Pts',(2.40076287993018,-0.93832925129924,-6.08364287156922));
#8993=CARTESIAN_POINT('Ctrl Pts',(2.00474978044999,-0.538379165316495,-6.11615833151606));
#8994=CARTESIAN_POINT('Ctrl Pts',(1.92140505505501,0.303322686724625,-6.16493152143631));
#8995=CARTESIAN_POINT('Ctrl Pts',(2.23129138447676,0.773170437677024,-6.19744698138315));
#8996=CARTESIAN_POINT('Ctrl Pts',(2.44322146737525,0.933609683039572,-6.21370471135657));
#8997=CARTESIAN_POINT('Ctrl Pts',(2.67630486851933,-0.979134419991203,-6.01931110918128));
#8998=CARTESIAN_POINT('Ctrl Pts',(2.45404063693819,-0.871605277666472,-6.0355688391547));
#8999=CARTESIAN_POINT('Ctrl Pts',(2.0861877675386,-0.500095378275571,-6.06808429910154));
#9000=CARTESIAN_POINT('Ctrl Pts',(2.00876963054741,0.281753610706574,-6.11685748902179));
#9001=CARTESIAN_POINT('Ctrl Pts',(2.29662014765183,0.718190798253266,-6.14937294896863));
#9002=CARTESIAN_POINT('Ctrl Pts',(2.49348002225858,0.867221314790181,-6.16563067894205));
#9003=CARTESIAN_POINT('',(2.67630486851933,-0.979134419991204,-6.01931110918128));
#9004=CARTESIAN_POINT('Ctrl Pts',(2.46700144749107,-1.14980841567618,-6.16965054329691));
#9005=CARTESIAN_POINT('Ctrl Pts',(2.46767297769583,-1.14895747899492,-6.16902227680482));
#9006=CARTESIAN_POINT('Ctrl Pts',(2.4683463275356,-1.14810795244944,-6.16839404368685));
#9007=CARTESIAN_POINT('Ctrl Pts',(2.46902150287057,-1.14725985945031,-6.16776585330943));
#9008=CARTESIAN_POINT('Ctrl Pts',(2.48234709093281,-1.13052148445403,-6.15536758317036));
#9009=CARTESIAN_POINT('Ctrl Pts',(2.49639902303451,-1.11430164189313,-6.14296115979339));
#9010=CARTESIAN_POINT('Ctrl Pts',(2.51124991347215,-1.09880435156588,-6.13062562038788));
#9011=CARTESIAN_POINT('Ctrl Pts',(2.52610080390978,-1.08330706123863,-6.11829008098237));
#9012=CARTESIAN_POINT('Ctrl Pts',(2.54174954714525,-1.06853256466506,-6.10602542554832));
#9013=CARTESIAN_POINT('Ctrl Pts',(2.55824360933804,-1.05463418546029,-6.09391069129506));
#9014=CARTESIAN_POINT('Ctrl Pts',(2.57412090399262,-1.04125551262178,-6.08224896702407));
#9015=CARTESIAN_POINT('Ctrl Pts',(2.59070406316325,-1.02875576468616,-6.07078345162513));
#9016=CARTESIAN_POINT('Ctrl Pts',(2.60807053023591,-1.01724261873895,-6.05957954045679));
#9017=CARTESIAN_POINT('Ctrl Pts',(2.62457392868391,-1.00630164645242,-6.04893243477816));
#9018=CARTESIAN_POINT('Ctrl Pts',(2.64178359966137,-0.996251569225422,-6.03852157733792));
#9019=CARTESIAN_POINT('Ctrl Pts',(2.65977563599144,-0.9871393472647,-6.0284030900727));
#9020=CARTESIAN_POINT('Ctrl Pts',(2.66521295683515,-0.984385569232541,-6.02534521153663));
#9021=CARTESIAN_POINT('Ctrl Pts',(2.67072186131666,-0.981717119722997,-6.02231403491191));
#9022=CARTESIAN_POINT('Ctrl Pts',(2.67630486851932,-0.9791344199912,-6.01931110918128));
#9023=CARTESIAN_POINT('Ctrl Pts',(2.47310025442612,0.851396253383314,-6.16393158226964));
#9024=CARTESIAN_POINT('Ctrl Pts',(2.45972341245734,0.868001673252819,-6.17623346753668));
#9025=CARTESIAN_POINT('Ctrl Pts',(2.44699405663693,0.885149019043122,-6.1886026317569));
#9026=CARTESIAN_POINT('Ctrl Pts',(2.43489202001956,0.902723247435222,-6.20098283085069));
#9027=CARTESIAN_POINT('Ctrl Pts',(2.42330398690184,0.91955105477584,-6.21283721219481));
#9028=CARTESIAN_POINT('Ctrl Pts',(2.41229122373644,0.936769781115842,-6.22470171096156));
#9029=CARTESIAN_POINT('Ctrl Pts',(2.40180412982926,0.954246898273605,-6.23652694947903));
#9030=CARTESIAN_POINT('Ctrl Pts',(2.38939824168592,0.974921754668173,-6.25051581880876));
#9031=CARTESIAN_POINT('Ctrl Pts',(2.37765654924223,0.996091101475236,-6.26453718710166));
#9032=CARTESIAN_POINT('Ctrl Pts',(2.36656026926674,1.0175998993516,-6.27852584793748));
#9033=CARTESIAN_POINT('Ctrl Pts',(2.35825531350078,1.0336980525468,-6.2889955918267));
#9034=CARTESIAN_POINT('Ctrl Pts',(2.35031115164382,1.04998561973946,-6.29944701398017));
#9035=CARTESIAN_POINT('Ctrl Pts',(2.34270435760858,1.06638641953835,-6.30985277618561));
#9036=CARTESIAN_POINT('Ctrl Pts',(2.67630486851933,-0.979134419991204,-6.01931110918128));
#9037=CARTESIAN_POINT('Ctrl Pts',(2.45404063693819,-0.871605277666474,-6.0355688391547));
#9038=CARTESIAN_POINT('Ctrl Pts',(2.2701142022384,-0.685850327971025,-6.05182656912812));
#9039=CARTESIAN_POINT('Ctrl Pts',(2.16524796205664,-0.462664688292944,-6.06808429910154));
#9040=CARTESIAN_POINT('Ctrl Pts',(2.09761659068524,-0.318725601169504,-6.07856939489197));
#9041=CARTESIAN_POINT('Ctrl Pts',(2.06286908543673,-0.159217796997242,-6.0890544906824));
#9042=CARTESIAN_POINT('Ctrl Pts',(2.06256275227268,0.000131426475308727,
-6.09953958647283));
#9043=CARTESIAN_POINT('Ctrl Pts',(4.02002034031621,1.01585966424308,-6.40698417121145));
#9044=CARTESIAN_POINT('Ctrl Pts',(4.30226218041387,0.774137160223584,-6.4268826704934));
#9045=CARTESIAN_POINT('Ctrl Pts',(4.65147762463054,0.0436608679976019,-6.4666796690573));
#9046=CARTESIAN_POINT('Ctrl Pts',(4.34529881540442,-0.705873371890434,-6.5064766676212));
#9047=CARTESIAN_POINT('Ctrl Pts',(4.07757990712032,-0.963587964799614,-6.52637516690315));
#9048=CARTESIAN_POINT('Ctrl Pts',(3.96585683102998,0.95261686196821,-6.35891013879693));
#9049=CARTESIAN_POINT('Ctrl Pts',(4.23052757787995,0.725942901625739,-6.37880863807888));
#9050=CARTESIAN_POINT('Ctrl Pts',(4.55800245687161,0.0409427409382125,-6.41860563664278));
#9051=CARTESIAN_POINT('Ctrl Pts',(4.27088494771893,-0.661928906270937,-6.45840263520668));
#9052=CARTESIAN_POINT('Ctrl Pts',(4.01983300100227,-0.903599360785422,-6.47830113448863));
#9053=CARTESIAN_POINT('Ctrl Pts',(3.91169332174375,0.889374059693338,-6.3108361063824));
#9054=CARTESIAN_POINT('Ctrl Pts',(4.15879297534602,0.677748643027895,-6.33073460566435));
#9055=CARTESIAN_POINT('Ctrl Pts',(4.46452728911268,0.0382246138788223,-6.37053160422825));
#9056=CARTESIAN_POINT('Ctrl Pts',(4.19647108003344,-0.61798444065144,-6.41032860279215));
#9057=CARTESIAN_POINT('Ctrl Pts',(3.96208609488423,-0.84361075677123,-6.4302271020741));
#9058=CARTESIAN_POINT('Ctrl Pts',(3.85752981245753,0.826131257418467,-6.26276207396788));
#9059=CARTESIAN_POINT('Ctrl Pts',(4.08705837281209,0.62955438443005,-6.28266057324983));
#9060=CARTESIAN_POINT('Ctrl Pts',(4.37105212135375,0.035506486819433,-6.32245757181373));
#9061=CARTESIAN_POINT('Ctrl Pts',(4.12205721234795,-0.574039975031944,-6.36225457037763));
#9062=CARTESIAN_POINT('Ctrl Pts',(3.90433918876618,-0.783622152757039,-6.38215306965958));
#9063=CARTESIAN_POINT('',(3.99950055736573,-0.678778955742831,-6.37282177564687));
#9064=CARTESIAN_POINT('Ctrl Pts',(3.99945065424103,-0.678740305075049,-6.37282177564691));
#9065=CARTESIAN_POINT('Ctrl Pts',(4.01062797383017,-0.711242680609771,-6.39074861354278));
#9066=CARTESIAN_POINT('Ctrl Pts',(4.02104996730146,-0.744181696324321,-6.40872146470694));
#9067=CARTESIAN_POINT('Ctrl Pts',(4.03072719382238,-0.77728570471301,-6.42664618312416));
#9068=CARTESIAN_POINT('Ctrl Pts',(4.03491243763061,-0.791602652429091,-6.43439833366108));
#9069=CARTESIAN_POINT('Ctrl Pts',(4.03895903922108,-0.805950313854909,-6.44214148134087));
#9070=CARTESIAN_POINT('Ctrl Pts',(4.04287080238876,-0.820306219840657,-6.44986801043401));
#9071=CARTESIAN_POINT('Ctrl Pts',(4.05441819748856,-0.862684378059134,-6.47267646799243));
#9072=CARTESIAN_POINT('Ctrl Pts',(4.0648803900689,-0.905508028491176,-6.49553808902013));
#9073=CARTESIAN_POINT('Ctrl Pts',(4.07429754255229,-0.9484279855273,-6.51832975652578));
#9074=CARTESIAN_POINT('Ctrl Pts',(4.07540604899401,-0.953480154846741,-6.52101259619438));
#9075=CARTESIAN_POINT('Ctrl Pts',(4.0765001336151,-0.958533668174463,-6.5236944665884));
#9076=CARTESIAN_POINT('Ctrl Pts',(4.07757990712032,-0.963587964799614,-6.52637516690315));
#9077=CARTESIAN_POINT('',(3.92559270684791,0.762379461434421,-6.26890551767368));
#9078=CARTESIAN_POINT('Ctrl Pts',(3.92556324578791,0.762354029459877,-6.26890551767379));
#9079=CARTESIAN_POINT('Ctrl Pts',(4.11487379335921,0.568378087160327,-6.2867562023871));
#9080=CARTESIAN_POINT('Ctrl Pts',(4.22995570611341,0.301564054327457,-6.30460688710042));
#9081=CARTESIAN_POINT('Ctrl Pts',(4.23780495696688,0.0316318457592456,-6.32245757181373));
#9082=CARTESIAN_POINT('Ctrl Pts',(4.2451869570838,-0.222231820010563,-6.33924563975812));
#9083=CARTESIAN_POINT('Ctrl Pts',(4.15772301294485,-0.478853473101886,-6.35603370770252));
#9084=CARTESIAN_POINT('Ctrl Pts',(3.99945065424104,-0.678740305075044,-6.37282177564691));
#9085=CARTESIAN_POINT('Ctrl Pts',(4.02002034031621,1.01585966424308,-6.40698417121145));
#9086=CARTESIAN_POINT('Ctrl Pts',(4.01956274954262,1.01433110825028,-6.40617666512886));
#9087=CARTESIAN_POINT('Ctrl Pts',(4.01910361998551,1.01280300510521,-6.40536910141229));
#9088=CARTESIAN_POINT('Ctrl Pts',(4.01864294966615,1.01127538241525,-6.4045614895313));
#9089=CARTESIAN_POINT('Ctrl Pts',(4.00995034650373,0.982449957230028,-6.38932228419132));
#9090=CARTESIAN_POINT('Ctrl Pts',(4.00067345885018,0.953658831290784,-6.37399707467927));
#9091=CARTESIAN_POINT('Ctrl Pts',(3.99078733412913,0.92514542765576,-6.35866531055586));
#9092=CARTESIAN_POINT('Ctrl Pts',(3.98580478629281,0.910774842457159,-6.35093819297282));
#9093=CARTESIAN_POINT('Ctrl Pts',(3.98066826270596,0.896474535306578,-6.34320941045308));
#9094=CARTESIAN_POINT('Ctrl Pts',(3.97537923798272,0.882273799157977,-6.3354891340908));
#9095=CARTESIAN_POINT('Ctrl Pts',(3.96682378428664,0.859302883549356,-6.32300092116034));
#9096=CARTESIAN_POINT('Ctrl Pts',(3.95778408486456,0.836355435432532,-6.31040829750945));
#9097=CARTESIAN_POINT('Ctrl Pts',(3.94824289570513,0.813671734788328,-6.2977865321517));
#9098=CARTESIAN_POINT('Ctrl Pts',(3.94096993983652,0.796380645494832,-6.28816534752818));
#9099=CARTESIAN_POINT('Ctrl Pts',(3.93340659919046,0.779242441938431,-6.27852722998383));
#9100=CARTESIAN_POINT('Ctrl Pts',(3.92556324578791,0.762354029459883,-6.26890551767379));
#9101=CARTESIAN_POINT('Origin',(3.15,0.,-4.8));
#9102=CARTESIAN_POINT('Ctrl Pts',(4.13769174915839,0.455583470556638,-6.74358705729886));
#9103=CARTESIAN_POINT('Ctrl Pts',(4.13503806893214,0.46133657231244,-6.72683001648682));
#9104=CARTESIAN_POINT('Ctrl Pts',(4.13198857729496,0.467815585492165,-6.71032769754019));
#9105=CARTESIAN_POINT('Ctrl Pts',(4.12291642562978,0.486509983980247,-6.66722463333566));
#9106=CARTESIAN_POINT('Ctrl Pts',(4.11624958778777,0.499715675709319,-6.64099203693077));
#9107=CARTESIAN_POINT('Ctrl Pts',(4.10858989364771,0.514000686571981,-6.615209874124));
#9108=CARTESIAN_POINT('Ctrl Pts',(4.12620967967801,-0.479693601482194,-6.68317135497597));
#9109=CARTESIAN_POINT('Ctrl Pts',(4.12701178735876,-0.478061256836212,-6.68678261806348));
#9110=CARTESIAN_POINT('Ctrl Pts',(4.1277951546684,-0.476456701349028,-6.69040415884947));
#9111=CARTESIAN_POINT('Ctrl Pts',(4.13604827756758,-0.459450022675363,-6.72961590258351));
#9112=CARTESIAN_POINT('Ctrl Pts',(4.14174325231424,-0.446787609282698,-6.76617611736122));
#9113=CARTESIAN_POINT('Ctrl Pts',(4.14540601199546,-0.438472531959864,-6.80425622065485));
#9114=CARTESIAN_POINT('Origin',(3.15,0.,-4.8));
#9115=CARTESIAN_POINT('Ctrl Pts',(3.85190007471523,0.830919716407523,-7.61227542784709));
#9116=CARTESIAN_POINT('Ctrl Pts',(3.85364604492999,0.829444848739816,-7.61055489029058));
#9117=CARTESIAN_POINT('Ctrl Pts',(3.85538162156729,0.827969330707358,-7.60883194080581));
#9118=CARTESIAN_POINT('Ctrl Pts',(3.89111024948463,0.797401686716538,-7.57310331288847));
#9119=CARTESIAN_POINT('Ctrl Pts',(3.92295450818999,0.766472260011216,-7.53632044085598));
#9120=CARTESIAN_POINT('Ctrl Pts',(3.95198780340703,0.734783541722576,-7.49734040813122));
#9121=CARTESIAN_POINT('Ctrl Pts',(3.85140023181864,-0.831341689562573,-7.61276764433071));
#9122=CARTESIAN_POINT('Ctrl Pts',(3.80100576468035,-0.873859334686053,-7.66235840678229));
#9123=CARTESIAN_POINT('Ctrl Pts',(3.74178374411518,-0.915781412683049,-7.70987941198904));
#9124=CARTESIAN_POINT('Ctrl Pts',(3.67525382729497,-0.952470318126495,-7.75094560161739));
#9125=CARTESIAN_POINT('Origin',(3.15,0.,-4.8));
#9126=CARTESIAN_POINT('Ctrl Pts',(2.67630486851933,-0.979134419991203,-6.01931110918128));
#9127=CARTESIAN_POINT('Ctrl Pts',(2.70131139966911,-0.991232321789996,-6.00586087472918));
#9128=CARTESIAN_POINT('Ctrl Pts',(2.72715717830057,-1.00255080566979,-5.99333563790976));
#9129=CARTESIAN_POINT('Ctrl Pts',(2.81489938733996,-1.03687814813431,-5.95546335014085));
#9130=CARTESIAN_POINT('Ctrl Pts',(2.88001258022899,-1.05585815759639,-5.93471476123987));
#9131=CARTESIAN_POINT('Ctrl Pts',(3.01371668093808,-1.08126824477935,-5.90698390894504));
#9132=CARTESIAN_POINT('Ctrl Pts',(3.08230692864792,-1.0877,-5.9));
#9133=CARTESIAN_POINT('Ctrl Pts',(3.21769307135208,-1.0877,-5.9));
#9134=CARTESIAN_POINT('Ctrl Pts',(3.28628331906192,-1.08126824477935,-5.90698390894504));
#9135=CARTESIAN_POINT('Ctrl Pts',(3.40363959332057,-1.05896501589883,-5.93132414600642));
#9136=CARTESIAN_POINT('Ctrl Pts',(3.45316487043187,-1.04580488500555,-5.9457089591652));
#9137=CARTESIAN_POINT('Ctrl Pts',(3.50073492515806,-1.02960006909206,-5.96352522069499));
#9138=CARTESIAN_POINT('Origin',(3.15,0.,-4.8));
#9139=CARTESIAN_POINT('Ctrl Pts',(4.1222965324246,-0.487576397126746,-7.1337508353677));
#9140=CARTESIAN_POINT('Ctrl Pts',(4.11158535807768,-0.508935998898026,-7.17830442021081));
#9141=CARTESIAN_POINT('Ctrl Pts',(4.09801902040269,-0.534189298239145,-7.22138958579459));
#9142=CARTESIAN_POINT('Ctrl Pts',(4.08164143601574,-0.561369330030179,-7.2633789133928));
#9143=CARTESIAN_POINT('Ctrl Pts',(4.1072961255947,0.516406252790737,-7.18910919722722));
#9144=CARTESIAN_POINT('Ctrl Pts',(4.11550150890689,0.50119539581268,-7.16193959581326));
#9145=CARTESIAN_POINT('Ctrl Pts',(4.12260097228622,0.487160018363107,-7.13427412971667));
#9146=CARTESIAN_POINT('Ctrl Pts',(4.13111446844725,0.469616805282576,-7.09382531611907));
#9147=CARTESIAN_POINT('Ctrl Pts',(4.13345850995432,0.464678307367605,-7.08156931951698));
#9148=CARTESIAN_POINT('Ctrl Pts',(4.13558544379786,0.460122399991313,-7.06917840575489));
#9149=CARTESIAN_POINT('Origin',(3.15,0.,-4.8));
#9150=CARTESIAN_POINT('Origin',(3.15,0.,-4.8));
#9151=CARTESIAN_POINT('Ctrl Pts',(2.28561039419276,-0.6602438181251,-7.40282264206419));
#9152=CARTESIAN_POINT('Ctrl Pts',(2.26455926310171,-0.632683728343012,-7.36663417841248));
#9153=CARTESIAN_POINT('Ctrl Pts',(2.24579384655175,-0.605347297665113,-7.32914653297103));
#9154=CARTESIAN_POINT('Ctrl Pts',(2.22871535870888,-0.578210812465842,-7.28889323702377));
#9155=CARTESIAN_POINT('Ctrl Pts',(2.2280005917814,-0.577070341833411,-7.28719566595162));
#9156=CARTESIAN_POINT('Ctrl Pts',(2.22729055776258,-0.575932787055845,-7.2854961545929));
#9157=CARTESIAN_POINT('Ctrl Pts',(2.26742266715073,0.635726782148327,-7.37016725911176));
#9158=CARTESIAN_POINT('Ctrl Pts',(2.29216645227933,0.670078495017178,-7.41661520600763));
#9159=CARTESIAN_POINT('Ctrl Pts',(2.32061327539357,0.705254441723379,-7.46114292051347));
#9160=CARTESIAN_POINT('Ctrl Pts',(2.35231772015178,0.739455387711888,-7.50307792234183));
#9161=CARTESIAN_POINT('Origin',(3.15,0.,-4.8));
#9162=CARTESIAN_POINT('',(2.15,-0.427891680218254,-6.9));
#9163=CARTESIAN_POINT('Ctrl Pts',(2.15,-0.427891680218254,-6.9));
#9164=CARTESIAN_POINT('Ctrl Pts',(2.15,-0.427891680218254,-6.88170036971847));
#9165=CARTESIAN_POINT('Ctrl Pts',(2.15050079076873,-0.429066767585715,-6.86380605727371));
#9166=CARTESIAN_POINT('Ctrl Pts',(2.15144490790425,-0.431252847004691,-6.84626241492539));
#9167=CARTESIAN_POINT('Ctrl Pts',(2.15246513648039,-0.433607525376258,-6.97017261618981));
#9168=CARTESIAN_POINT('Ctrl Pts',(2.15086312064768,-0.429922011284548,-6.94739925056919));
#9169=CARTESIAN_POINT('Ctrl Pts',(2.15,-0.427891680218254,-6.92405032133873));
#9170=CARTESIAN_POINT('Ctrl Pts',(2.15,-0.427891680218254,-6.9));
#9171=CARTESIAN_POINT('Ctrl Pts',(2.15000976447687,0.427914499472025,-6.90441914679478));
#9172=CARTESIAN_POINT('Ctrl Pts',(2.15020374095255,0.428367801666362,-6.94831327174859));
#9173=CARTESIAN_POINT('Ctrl Pts',(2.15322951447632,0.435548411501065,-6.98987196283848));
#9174=CARTESIAN_POINT('Ctrl Pts',(2.1584707014452,0.447169923080056,-7.02988321718922));
#9175=CARTESIAN_POINT('Origin',(3.15,0.,-4.8));
#9176=CARTESIAN_POINT('Ctrl Pts',(2.22948030102553,-0.579426245349619,-6.50930384721634));
#9177=CARTESIAN_POINT('Ctrl Pts',(2.24881746501008,-0.610146704619354,-6.46374353073189));
#9178=CARTESIAN_POINT('Ctrl Pts',(2.2715192816829,-0.642725833161956,-6.41966724507569));
#9179=CARTESIAN_POINT('Ctrl Pts',(2.29737165666569,-0.675363752464548,-6.37748214562276));
#9180=CARTESIAN_POINT('Ctrl Pts',(2.24815125758389,0.608079053908687,-6.46794809825383));
#9181=CARTESIAN_POINT('Ctrl Pts',(2.24160065479451,0.598363782761468,-6.48162157790706));
#9182=CARTESIAN_POINT('Ctrl Pts',(2.23536026300907,0.588769086058422,-6.49544499585741));
#9183=CARTESIAN_POINT('Ctrl Pts',(2.21877544184951,0.562417001607521,-6.53453473966321));
#9184=CARTESIAN_POINT('Ctrl Pts',(2.20915188126976,0.54608243831995,-6.56006857906665));
#9185=CARTESIAN_POINT('Ctrl Pts',(2.2005621628575,0.530715633274708,-6.5860449181775));
#9186=CARTESIAN_POINT('Origin',(3.15,-2.,-6.9));
#9187=CARTESIAN_POINT('',(2.15,-2.,-6.9));
#9188=CARTESIAN_POINT('Origin',(3.15,-2.,-6.9));
#9189=CARTESIAN_POINT('',(2.15,-2.,-6.9));
#9190=CARTESIAN_POINT('Ctrl Pts',(3.9158761257558,-0.772350341488421,-6.25701185081117));
#9191=CARTESIAN_POINT('Ctrl Pts',(3.94647136962824,-0.742011561811809,-6.29345446157022));
#9192=CARTESIAN_POINT('Ctrl Pts',(3.9745777833599,-0.710485398614744,-6.33223922104387));
#9193=CARTESIAN_POINT('Ctrl Pts',(3.99975474095041,-0.678975824482948,-6.3728217756467));
#9194=CARTESIAN_POINT('Origin',(3.15,-2.,-6.9));
#9195=CARTESIAN_POINT('Ctrl Pts',(3.92570597160055,0.762477236134464,-6.26890551767326));
#9196=CARTESIAN_POINT('Ctrl Pts',(3.90407507114085,0.784483425778566,-6.24231802700812));
#9197=CARTESIAN_POINT('Ctrl Pts',(3.88112666278547,0.805943148892954,-6.21691310041238));
#9198=CARTESIAN_POINT('Ctrl Pts',(3.83678517698073,0.843879527397032,-6.17257161460763));
#9199=CARTESIAN_POINT('Ctrl Pts',(3.81501044789236,0.861206003653496,-6.15255517840072));
#9200=CARTESIAN_POINT('Ctrl Pts',(3.79184419480924,0.878138553754288,-6.13316492673478));
#9201=CARTESIAN_POINT('',(2.15,2.,-6.9));
#9202=CARTESIAN_POINT('',(2.15,-2.,-6.9));
#9203=CARTESIAN_POINT('Origin',(3.15,2.,-6.9));
#9204=CARTESIAN_POINT('Origin',(3.15,0.,-4.8));
#9205=CARTESIAN_POINT('Origin',(1.15,2.,-4.8));
#9206=CARTESIAN_POINT('',(5.15,2.,-4.8));
#9207=CARTESIAN_POINT('',(1.15,2.,-4.8));
#9208=CARTESIAN_POINT('',(5.15,2.,-4.8));
#9209=CARTESIAN_POINT('',(5.15,2.,-10.2));
#9210=CARTESIAN_POINT('',(5.15,2.,-4.8));
#9211=CARTESIAN_POINT('',(1.15,2.,-10.2));
#9212=CARTESIAN_POINT('',(5.15,2.,-10.2));
#9213=CARTESIAN_POINT('',(1.15,2.,-4.8));
#9214=CARTESIAN_POINT('Origin',(1.15,-2.,-4.8));
#9215=CARTESIAN_POINT('',(1.15,-2.,-4.8));
#9216=CARTESIAN_POINT('',(1.15,2.,-4.8));
#9217=CARTESIAN_POINT('',(1.15,-2.,-10.2));
#9218=CARTESIAN_POINT('',(1.15,2.,-10.2));
#9219=CARTESIAN_POINT('',(1.15,-2.,-4.8));
#9220=CARTESIAN_POINT('Origin',(5.15,-2.,-4.8));
#9221=CARTESIAN_POINT('',(5.15,-2.,-4.8));
#9222=CARTESIAN_POINT('',(1.15,-2.,-4.8));
#9223=CARTESIAN_POINT('',(5.15,-2.,-10.2));
#9224=CARTESIAN_POINT('',(1.15,-2.,-10.2));
#9225=CARTESIAN_POINT('',(5.15,-2.,-4.8));
#9226=CARTESIAN_POINT('Origin',(5.15,2.,-4.8));
#9227=CARTESIAN_POINT('',(5.15,-2.,-4.8));
#9228=CARTESIAN_POINT('',(5.15,-2.,-10.2));
#9229=CARTESIAN_POINT('Origin',(3.15,0.,-4.8));
#9230=CARTESIAN_POINT('Origin',(3.15,0.,-10.2));
#9231=UNCERTAINTY_MEASURE_WITH_UNIT(LENGTH_MEASURE(0.01),#9235,
'DISTANCE_ACCURACY_VALUE',
'Maximum model space distance between geometric entities at asserted c
onnectivities');
#9232=UNCERTAINTY_MEASURE_WITH_UNIT(LENGTH_MEASURE(0.01),#9235,
'DISTANCE_ACCURACY_VALUE',
'Maximum model space distance between geometric entities at asserted c
onnectivities');
#9233=(
GEOMETRIC_REPRESENTATION_CONTEXT(3)
GLOBAL_UNCERTAINTY_ASSIGNED_CONTEXT((#9231))
GLOBAL_UNIT_ASSIGNED_CONTEXT((#9235,#9237,#9238))
REPRESENTATION_CONTEXT('','3D')
);
#9234=(
GEOMETRIC_REPRESENTATION_CONTEXT(3)
GLOBAL_UNCERTAINTY_ASSIGNED_CONTEXT((#9232))
GLOBAL_UNIT_ASSIGNED_CONTEXT((#9235,#9237,#9238))
REPRESENTATION_CONTEXT('','3D')
);
#9235=(
LENGTH_UNIT()
NAMED_UNIT(*)
SI_UNIT(.MILLI.,.METRE.)
);
#9236=(
LENGTH_UNIT()
NAMED_UNIT(*)
SI_UNIT($,.METRE.)
);
#9237=(
NAMED_UNIT(*)
PLANE_ANGLE_UNIT()
SI_UNIT($,.RADIAN.)
);
#9238=(
NAMED_UNIT(*)
SI_UNIT($,.STERADIAN.)
SOLID_ANGLE_UNIT()
);
#9239=SHAPE_DEFINITION_REPRESENTATION(#9240,#9241);
#9240=PRODUCT_DEFINITION_SHAPE('',$,#9243);
#9241=SHAPE_REPRESENTATION('',(#2814),#9233);
#9242=PRODUCT_DEFINITION_CONTEXT('part definition',#9247,'design');
#9243=PRODUCT_DEFINITION('push button horn switch',
'push button horn switch v2',#9244,#9242);
#9244=PRODUCT_DEFINITION_FORMATION('',$,#9249);
#9245=PRODUCT_RELATED_PRODUCT_CATEGORY('push button horn switch v2',
'push button horn switch v2',(#9249));
#9246=APPLICATION_PROTOCOL_DEFINITION('international standard',
'automotive_design',2009,#9247);
#9247=APPLICATION_CONTEXT(
'Core Data for Automotive Mechanical Design Process');
#9248=PRODUCT_CONTEXT('part definition',#9247,'mechanical');
#9249=PRODUCT('push button horn switch','push button horn switch v2',$,
(#9248));
#9250=PRESENTATION_STYLE_ASSIGNMENT((#9255));
#9251=PRESENTATION_STYLE_ASSIGNMENT((#9256));
#9252=PRESENTATION_STYLE_ASSIGNMENT((#9257));
#9253=PRESENTATION_STYLE_ASSIGNMENT((#9258));
#9254=PRESENTATION_STYLE_ASSIGNMENT((#9259));
#9255=SURFACE_STYLE_USAGE(.BOTH.,#9260);
#9256=SURFACE_STYLE_USAGE(.BOTH.,#9261);
#9257=SURFACE_STYLE_USAGE(.BOTH.,#9262);
#9258=SURFACE_STYLE_USAGE(.BOTH.,#9263);
#9259=SURFACE_STYLE_USAGE(.BOTH.,#9264);
#9260=SURFACE_SIDE_STYLE('',(#9265));
#9261=SURFACE_SIDE_STYLE('',(#9266));
#9262=SURFACE_SIDE_STYLE('',(#9267));
#9263=SURFACE_SIDE_STYLE('',(#9268));
#9264=SURFACE_SIDE_STYLE('',(#9269));
#9265=SURFACE_STYLE_FILL_AREA(#9270);
#9266=SURFACE_STYLE_FILL_AREA(#9271);
#9267=SURFACE_STYLE_FILL_AREA(#9272);
#9268=SURFACE_STYLE_FILL_AREA(#9273);
#9269=SURFACE_STYLE_FILL_AREA(#9274);
#9270=FILL_AREA_STYLE('Steel - Satin',(#9275));
#9271=FILL_AREA_STYLE('Plastic - Matte (Black)',(#9276));
#9272=FILL_AREA_STYLE('Plastic - Glossy (White)',(#9277));
#9273=FILL_AREA_STYLE('Plastic - Matte (Red)',(#9278));
#9274=FILL_AREA_STYLE('Gold - Polished',(#9279));
#9275=FILL_AREA_STYLE_COLOUR('Steel - Satin',#9280);
#9276=FILL_AREA_STYLE_COLOUR('Plastic - Matte (Black)',#9281);
#9277=FILL_AREA_STYLE_COLOUR('Plastic - Glossy (White)',#9282);
#9278=FILL_AREA_STYLE_COLOUR('Plastic - Matte (Red)',#9283);
#9279=FILL_AREA_STYLE_COLOUR('Gold - Polished',#9284);
#9280=COLOUR_RGB('Steel - Satin',0.627450980392157,0.627450980392157,0.627450980392157);
#9281=COLOUR_RGB('Plastic - Matte (Black)',0.0980392156862745,0.0980392156862745,
0.0980392156862745);
#9282=COLOUR_RGB('Plastic - Glossy (White)',0.964705882352941,0.964705882352941,
0.952941176470588);
#9283=COLOUR_RGB('Plastic - Matte (Red)',0.768627450980392,0.207843137254902,
0.152941176470588);
#9284=COLOUR_RGB('Gold - Polished',0.956862745098039,0.898039215686275,
0.654901960784314);
ENDSEC;
END-ISO-10303-21;
