ISO-10303-21;
HEADER;
/* Generated by software containing ST-Developer
 * from STEP Tools, Inc. (www.steptools.com) 
 */

FILE_DESCRIPTION(
/* description */ (''),
/* implementation_level */ '2;1');

FILE_NAME(
/* name */ 'lr44 battery.step',
/* time_stamp */ '2026-05-18T00:26:22+05:30',
/* author */ (''),
/* organization */ (''),
/* preprocessor_version */ 'ST-DEVELOPER v20.1',
/* originating_system */ 'Autodesk Translation Framework v15.8.0.0',
/* authorisation */ '');

FILE_SCHEMA (('AUTOMOTIVE_DESIGN { 1 0 10303 214 3 1 1 }'));
ENDSEC;

DATA;
#10=MECHANICAL_DESIGN_GEOMETRIC_PRESENTATION_REPRESENTATION('',(#367,#368,
#369,#370,#371,#372,#373,#374,#375,#376,#377,#378,#379),#8176);
#11=SHAPE_REPRESENTATION_RELATIONSHIP('SRR','None',#8183,#12);
#12=ADVANCED_BREP_SHAPE_REPRESENTATION('',(#380,#381,#382,#383,#384,#385,
#386,#387,#388,#389,#390,#391,#392),#8175);
#13=B_SPLINE_CURVE_WITH_KNOTS('',3,(#4975,#4976,#4977,#4978,#4979),
 .UNSPECIFIED.,.F.,.F.,(4,1,4),(0.,0.0115917162186415,0.0205610387375681),
 .UNSPECIFIED.);
#14=B_SPLINE_CURVE_WITH_KNOTS('',3,(#4981,#4982,#4983,#4984,#4985),
 .UNSPECIFIED.,.F.,.F.,(4,1,4),(-0.0205610387375681,-0.0115917162186415,
0.),.UNSPECIFIED.);
#15=B_SPLINE_CURVE_WITH_KNOTS('',3,(#4998,#4999,#5000,#5001,#5002),
 .UNSPECIFIED.,.F.,.F.,(4,1,4),(0.,0.00733012026215763,0.0142589376361987),
 .UNSPECIFIED.);
#16=B_SPLINE_CURVE_WITH_KNOTS('',3,(#5004,#5005,#5006,#5007,#5008),
 .UNSPECIFIED.,.F.,.F.,(4,1,4),(-0.0142589376361987,-0.00733012026215763,
0.),.UNSPECIFIED.);
#17=B_SPLINE_CURVE_WITH_KNOTS('',3,(#5021,#5022,#5023,#5024,#5025),
 .UNSPECIFIED.,.F.,.F.,(4,1,4),(0.,0.00679418069562133,0.0135389737461018),
 .UNSPECIFIED.);
#18=B_SPLINE_CURVE_WITH_KNOTS('',3,(#5027,#5028,#5029,#5030,#5031),
 .UNSPECIFIED.,.F.,.F.,(4,1,4),(-0.0135389737461018,-0.00679418069562133,
0.),.UNSPECIFIED.);
#19=B_SPLINE_CURVE_WITH_KNOTS('',3,(#5044,#5045,#5046,#5047,#5048),
 .UNSPECIFIED.,.F.,.F.,(4,1,4),(0.,0.00943473809933608,0.0187097540861261),
 .UNSPECIFIED.);
#20=B_SPLINE_CURVE_WITH_KNOTS('',3,(#5050,#5051,#5052,#5053,#5054),
 .UNSPECIFIED.,.F.,.F.,(4,1,4),(-0.0187097540861261,-0.00943473809933608,
0.),.UNSPECIFIED.);
#21=B_SPLINE_CURVE_WITH_KNOTS('',3,(#5067,#5068,#5069,#5070,#5071),
 .UNSPECIFIED.,.F.,.F.,(4,1,4),(0.,0.0107007951126093,0.0245792844100912),
 .UNSPECIFIED.);
#22=B_SPLINE_CURVE_WITH_KNOTS('',3,(#5073,#5074,#5075,#5076,#5077),
 .UNSPECIFIED.,.F.,.F.,(4,1,4),(-0.0245792844100912,-0.0107007951126093,
0.),.UNSPECIFIED.);
#23=B_SPLINE_CURVE_WITH_KNOTS('',3,(#5114,#5115,#5116,#5117,#5118),
 .UNSPECIFIED.,.F.,.F.,(4,1,4),(0.,0.0168732834329523,0.0294659645261676),
 .UNSPECIFIED.);
#24=B_SPLINE_CURVE_WITH_KNOTS('',3,(#5120,#5121,#5122,#5123,#5124),
 .UNSPECIFIED.,.F.,.F.,(4,1,4),(-0.0294659645261676,-0.0168732834329523,
0.),.UNSPECIFIED.);
#25=B_SPLINE_CURVE_WITH_KNOTS('',3,(#5137,#5138,#5139,#5140,#5141),
 .UNSPECIFIED.,.F.,.F.,(4,1,4),(0.,0.0104277345245852,0.0212496744940315),
 .UNSPECIFIED.);
#26=B_SPLINE_CURVE_WITH_KNOTS('',3,(#5143,#5144,#5145,#5146,#5147),
 .UNSPECIFIED.,.F.,.F.,(4,1,4),(-0.0212496744940315,-0.0104277345245852,
0.),.UNSPECIFIED.);
#27=B_SPLINE_CURVE_WITH_KNOTS('',3,(#5160,#5161,#5162,#5163,#5164),
 .UNSPECIFIED.,.F.,.F.,(4,1,4),(0.,0.0112073451641493,0.0226087421443627),
 .UNSPECIFIED.);
#28=B_SPLINE_CURVE_WITH_KNOTS('',3,(#5166,#5167,#5168,#5169,#5170),
 .UNSPECIFIED.,.F.,.F.,(4,1,4),(-0.0226087421443627,-0.0112073451641493,
0.),.UNSPECIFIED.);
#29=B_SPLINE_CURVE_WITH_KNOTS('',3,(#5183,#5184,#5185,#5186,#5187),
 .UNSPECIFIED.,.F.,.F.,(4,1,4),(0.,0.0142530030943426,0.0280493762358753),
 .UNSPECIFIED.);
#30=B_SPLINE_CURVE_WITH_KNOTS('',3,(#5189,#5190,#5191,#5192,#5193),
 .UNSPECIFIED.,.F.,.F.,(4,1,4),(-0.0280493762358753,-0.0142530030943426,
0.),.UNSPECIFIED.);
#31=B_SPLINE_CURVE_WITH_KNOTS('',3,(#5206,#5207,#5208,#5209,#5210),
 .UNSPECIFIED.,.F.,.F.,(4,1,4),(0.,0.0151818494515718,0.0337171294230361),
 .UNSPECIFIED.);
#32=B_SPLINE_CURVE_WITH_KNOTS('',3,(#5212,#5213,#5214,#5215,#5216),
 .UNSPECIFIED.,.F.,.F.,(4,1,4),(-0.0337171294230361,-0.0151818494515718,
0.),.UNSPECIFIED.);
#33=B_SPLINE_CURVE_WITH_KNOTS('',3,(#5229,#5230,#5231,#5232,#5233),
 .UNSPECIFIED.,.F.,.F.,(4,1,4),(0.,0.00752690869862813,0.0134988323269232),
 .UNSPECIFIED.);
#34=B_SPLINE_CURVE_WITH_KNOTS('',3,(#5235,#5236,#5237,#5238,#5239),
 .UNSPECIFIED.,.F.,.F.,(4,1,4),(-0.0134988323269232,-0.00752690869862813,
0.),.UNSPECIFIED.);
#35=B_SPLINE_CURVE_WITH_KNOTS('',3,(#5252,#5253,#5254,#5255,#5256),
 .UNSPECIFIED.,.F.,.F.,(4,1,4),(0.,0.0117786415285182,0.0247436469576211),
 .UNSPECIFIED.);
#36=B_SPLINE_CURVE_WITH_KNOTS('',3,(#5258,#5259,#5260,#5261,#5262),
 .UNSPECIFIED.,.F.,.F.,(4,1,4),(-0.0247436469576211,-0.0117786415285182,
0.),.UNSPECIFIED.);
#37=B_SPLINE_CURVE_WITH_KNOTS('',3,(#5293,#5294,#5295,#5296,#5297),
 .UNSPECIFIED.,.F.,.F.,(4,1,4),(0.,0.0136643693749029,0.0240069478477628),
 .UNSPECIFIED.);
#38=B_SPLINE_CURVE_WITH_KNOTS('',3,(#5299,#5300,#5301,#5302,#5303),
 .UNSPECIFIED.,.F.,.F.,(4,1,4),(-0.0240069478477628,-0.0136643693749029,
0.),.UNSPECIFIED.);
#39=B_SPLINE_CURVE_WITH_KNOTS('',3,(#5316,#5317,#5318,#5319,#5320),
 .UNSPECIFIED.,.F.,.F.,(4,1,4),(0.,0.00772488445609005,0.0136109780357949),
 .UNSPECIFIED.);
#40=B_SPLINE_CURVE_WITH_KNOTS('',3,(#5322,#5323,#5324,#5325,#5326),
 .UNSPECIFIED.,.F.,.F.,(4,1,4),(-0.0136109780357949,-0.00772488445609005,
0.),.UNSPECIFIED.);
#41=B_SPLINE_CURVE_WITH_KNOTS('',3,(#5339,#5340,#5341,#5342,#5343),
 .UNSPECIFIED.,.F.,.F.,(4,1,4),(0.,0.00487213231088903,0.00947747944765014),
 .UNSPECIFIED.);
#42=B_SPLINE_CURVE_WITH_KNOTS('',3,(#5345,#5346,#5347,#5348,#5349),
 .UNSPECIFIED.,.F.,.F.,(4,1,4),(-0.00947747944765014,-0.00487213231088903,
0.),.UNSPECIFIED.);
#43=B_SPLINE_CURVE_WITH_KNOTS('',3,(#5362,#5363,#5364,#5365,#5366),
 .UNSPECIFIED.,.F.,.F.,(4,1,4),(0.,0.00427887873917787,0.0105800219290238),
 .UNSPECIFIED.);
#44=B_SPLINE_CURVE_WITH_KNOTS('',3,(#5368,#5369,#5370,#5371,#5372),
 .UNSPECIFIED.,.F.,.F.,(4,1,4),(-0.0105800219290238,-0.00427887873917787,
0.),.UNSPECIFIED.);
#45=B_SPLINE_CURVE_WITH_KNOTS('',3,(#5489,#5490,#5491,#5492,#5493),
 .UNSPECIFIED.,.F.,.F.,(4,1,4),(0.,0.00554279252517398,0.0113759395947363),
 .UNSPECIFIED.);
#46=B_SPLINE_CURVE_WITH_KNOTS('',3,(#5497,#5498,#5499,#5500,#5501),
 .UNSPECIFIED.,.F.,.F.,(4,1,4),(-0.0113759395947363,-0.00554279252517398,
0.),.UNSPECIFIED.);
#47=B_SPLINE_CURVE_WITH_KNOTS('',3,(#5514,#5515,#5516,#5517,#5518),
 .UNSPECIFIED.,.F.,.F.,(4,1,4),(0.,0.00780148155179929,0.0193346980639281),
 .UNSPECIFIED.);
#48=B_SPLINE_CURVE_WITH_KNOTS('',3,(#5520,#5521,#5522,#5523,#5524),
 .UNSPECIFIED.,.F.,.F.,(4,1,4),(-0.0193346980639281,-0.00780148155179929,
0.),.UNSPECIFIED.);
#49=B_SPLINE_CURVE_WITH_KNOTS('',3,(#5537,#5538,#5539,#5540,#5541),
 .UNSPECIFIED.,.F.,.F.,(4,1,4),(0.,0.0106040591258455,0.0181040290600784),
 .UNSPECIFIED.);
#50=B_SPLINE_CURVE_WITH_KNOTS('',3,(#5543,#5544,#5545,#5546,#5547),
 .UNSPECIFIED.,.F.,.F.,(4,1,4),(-0.0181040290600784,-0.0106040591258455,
0.),.UNSPECIFIED.);
#51=B_SPLINE_CURVE_WITH_KNOTS('',3,(#5560,#5561,#5562,#5563,#5564),
 .UNSPECIFIED.,.F.,.F.,(4,1,4),(0.,0.00581994846468989,0.0113067314088295),
 .UNSPECIFIED.);
#52=B_SPLINE_CURVE_WITH_KNOTS('',3,(#5566,#5567,#5568,#5569,#5570),
 .UNSPECIFIED.,.F.,.F.,(4,1,4),(-0.0113067314088295,-0.00581994846468989,
0.),.UNSPECIFIED.);
#53=B_SPLINE_CURVE_WITH_KNOTS('',3,(#5583,#5584,#5585,#5586,#5587),
 .UNSPECIFIED.,.F.,.F.,(4,1,4),(0.,0.00560696791126483,0.0114567438512629),
 .UNSPECIFIED.);
#54=B_SPLINE_CURVE_WITH_KNOTS('',3,(#5589,#5590,#5591,#5592,#5593),
 .UNSPECIFIED.,.F.,.F.,(4,1,4),(-0.0114567438512629,-0.00560696791126483,
0.),.UNSPECIFIED.);
#55=B_SPLINE_CURVE_WITH_KNOTS('',3,(#5606,#5607,#5608,#5609,#5610),
 .UNSPECIFIED.,.F.,.F.,(4,1,4),(0.,0.00778112084865507,0.0192486607501958),
 .UNSPECIFIED.);
#56=B_SPLINE_CURVE_WITH_KNOTS('',3,(#5612,#5613,#5614,#5615,#5616),
 .UNSPECIFIED.,.F.,.F.,(4,1,4),(-0.0192486607501958,-0.00778112084865507,
0.),.UNSPECIFIED.);
#57=B_SPLINE_CURVE_WITH_KNOTS('',3,(#5629,#5630,#5631,#5632,#5633),
 .UNSPECIFIED.,.F.,.F.,(4,1,4),(0.,0.0106696890077302,0.0181898441825122),
 .UNSPECIFIED.);
#58=B_SPLINE_CURVE_WITH_KNOTS('',3,(#5635,#5636,#5637,#5638,#5639),
 .UNSPECIFIED.,.F.,.F.,(4,1,4),(-0.0181898441825122,-0.0106696890077302,
0.),.UNSPECIFIED.);
#59=B_SPLINE_CURVE_WITH_KNOTS('',3,(#5651,#5652,#5653,#5654,#5655),
 .UNSPECIFIED.,.F.,.F.,(4,1,4),(0.,0.00583663861021562,0.0113876080485268),
 .UNSPECIFIED.);
#60=B_SPLINE_CURVE_WITH_KNOTS('',3,(#5656,#5657,#5658,#5659,#5660),
 .UNSPECIFIED.,.F.,.F.,(4,1,4),(-0.0113876080485268,-0.00583663861021562,
0.),.UNSPECIFIED.);
#61=B_SPLINE_CURVE_WITH_KNOTS('',3,(#5673,#5674,#5675,#5676,#5677),
 .UNSPECIFIED.,.F.,.F.,(4,1,4),(0.,0.0128835875873747,0.0247841347088447),
 .UNSPECIFIED.);
#62=B_SPLINE_CURVE_WITH_KNOTS('',3,(#5681,#5682,#5683,#5684,#5685),
 .UNSPECIFIED.,.F.,.F.,(4,1,4),(-0.0247841347088447,-0.0128835875873747,
0.),.UNSPECIFIED.);
#63=B_SPLINE_CURVE_WITH_KNOTS('',3,(#5698,#5699,#5700,#5701,#5702),
 .UNSPECIFIED.,.F.,.F.,(4,1,4),(0.,0.0111751861009331,0.0230473523068886),
 .UNSPECIFIED.);
#64=B_SPLINE_CURVE_WITH_KNOTS('',3,(#5704,#5705,#5706,#5707,#5708),
 .UNSPECIFIED.,.F.,.F.,(4,1,4),(-0.0230473523068886,-0.0111751861009331,
0.),.UNSPECIFIED.);
#65=B_SPLINE_CURVE_WITH_KNOTS('',3,(#5721,#5722,#5723,#5724,#5725),
 .UNSPECIFIED.,.F.,.F.,(4,1,4),(0.,0.0112945189910438,0.0223903934313489),
 .UNSPECIFIED.);
#66=B_SPLINE_CURVE_WITH_KNOTS('',3,(#5727,#5728,#5729,#5730,#5731),
 .UNSPECIFIED.,.F.,.F.,(4,1,4),(-0.0223903934313489,-0.0112945189910438,
0.),.UNSPECIFIED.);
#67=B_SPLINE_CURVE_WITH_KNOTS('',3,(#5744,#5745,#5746,#5747,#5748),
 .UNSPECIFIED.,.F.,.F.,(4,1,4),(0.,0.0122416402984106,0.0271296736701939),
 .UNSPECIFIED.);
#68=B_SPLINE_CURVE_WITH_KNOTS('',3,(#5750,#5751,#5752,#5753,#5754),
 .UNSPECIFIED.,.F.,.F.,(4,1,4),(-0.0271296736701939,-0.0122416402984106,
0.),.UNSPECIFIED.);
#69=B_SPLINE_CURVE_WITH_KNOTS('',3,(#5767,#5768,#5769,#5770,#5771),
 .UNSPECIFIED.,.F.,.F.,(4,1,4),(0.,0.0146080055880629,0.026901045256032),
 .UNSPECIFIED.);
#70=B_SPLINE_CURVE_WITH_KNOTS('',3,(#5773,#5774,#5775,#5776,#5777),
 .UNSPECIFIED.,.F.,.F.,(4,1,4),(-0.026901045256032,-0.0146080055880629,
0.),.UNSPECIFIED.);
#71=B_SPLINE_CURVE_WITH_KNOTS('',3,(#5790,#5791,#5792,#5793,#5794),
 .UNSPECIFIED.,.F.,.F.,(4,1,4),(0.,0.0111558510019251,0.0222219190138948),
 .UNSPECIFIED.);
#72=B_SPLINE_CURVE_WITH_KNOTS('',3,(#5796,#5797,#5798,#5799,#5800),
 .UNSPECIFIED.,.F.,.F.,(4,1,4),(-0.0222219190138948,-0.0111558510019251,
0.),.UNSPECIFIED.);
#73=B_SPLINE_CURVE_WITH_KNOTS('',3,(#5813,#5814,#5815,#5816,#5817),
 .UNSPECIFIED.,.F.,.F.,(4,1,4),(0.,0.0109303160210162,0.0218507831007611),
 .UNSPECIFIED.);
#74=B_SPLINE_CURVE_WITH_KNOTS('',3,(#5819,#5820,#5821,#5822,#5823),
 .UNSPECIFIED.,.F.,.F.,(4,1,4),(-0.0218507831007611,-0.0109303160210162,
0.),.UNSPECIFIED.);
#75=B_SPLINE_CURVE_WITH_KNOTS('',3,(#5835,#5836,#5837,#5838,#5839),
 .UNSPECIFIED.,.F.,.F.,(4,1,4),(0.,0.0123809464336405,0.0278624446792837),
 .UNSPECIFIED.);
#76=B_SPLINE_CURVE_WITH_KNOTS('',3,(#5840,#5841,#5842,#5843,#5844),
 .UNSPECIFIED.,.F.,.F.,(4,1,4),(-0.0278624446792837,-0.0123809464336405,
0.),.UNSPECIFIED.);
#77=B_SPLINE_CURVE_WITH_KNOTS('',3,(#5859,#5860,#5861,#5862,#5863),
 .UNSPECIFIED.,.F.,.F.,(4,1,4),(0.,0.00560695340011048,0.0114567342095937),
 .UNSPECIFIED.);
#78=B_SPLINE_CURVE_WITH_KNOTS('',3,(#5867,#5868,#5869,#5870,#5871),
 .UNSPECIFIED.,.F.,.F.,(4,1,4),(-0.0114567342095937,-0.00560695340011048,
0.),.UNSPECIFIED.);
#79=B_SPLINE_CURVE_WITH_KNOTS('',3,(#5884,#5885,#5886,#5887,#5888),
 .UNSPECIFIED.,.F.,.F.,(4,1,4),(0.,0.00780147464794381,0.0193346985838289),
 .UNSPECIFIED.);
#80=B_SPLINE_CURVE_WITH_KNOTS('',3,(#5890,#5891,#5892,#5893,#5894),
 .UNSPECIFIED.,.F.,.F.,(4,1,4),(-0.0193346985838289,-0.00780147464794381,
0.),.UNSPECIFIED.);
#81=B_SPLINE_CURVE_WITH_KNOTS('',3,(#5907,#5908,#5909,#5910,#5911),
 .UNSPECIFIED.,.F.,.F.,(4,1,4),(0.,0.0105493591494995,0.018059417028061),
 .UNSPECIFIED.);
#82=B_SPLINE_CURVE_WITH_KNOTS('',3,(#5913,#5914,#5915,#5916,#5917),
 .UNSPECIFIED.,.F.,.F.,(4,1,4),(-0.018059417028061,-0.0105493591494995,
0.),.UNSPECIFIED.);
#83=B_SPLINE_CURVE_WITH_KNOTS('',3,(#5930,#5931,#5932,#5933,#5934),
 .UNSPECIFIED.,.F.,.F.,(4,1,4),(0.,0.00584147321309137,0.0113308098819218),
 .UNSPECIFIED.);
#84=B_SPLINE_CURVE_WITH_KNOTS('',3,(#5936,#5937,#5938,#5939,#5940),
 .UNSPECIFIED.,.F.,.F.,(4,1,4),(-0.0113308098819218,-0.00584147321309137,
0.),.UNSPECIFIED.);
#85=B_SPLINE_CURVE_WITH_KNOTS('',3,(#5953,#5954,#5955,#5956,#5957),
 .UNSPECIFIED.,.F.,.F.,(4,1,4),(0.,0.00567117388487022,0.0115375865590194),
 .UNSPECIFIED.);
#86=B_SPLINE_CURVE_WITH_KNOTS('',3,(#5959,#5960,#5961,#5962,#5963),
 .UNSPECIFIED.,.F.,.F.,(4,1,4),(-0.0115375865590194,-0.00567117388487022,
0.),.UNSPECIFIED.);
#87=B_SPLINE_CURVE_WITH_KNOTS('',3,(#5976,#5977,#5978,#5979,#5980),
 .UNSPECIFIED.,.F.,.F.,(4,1,4),(0.,0.00778112646612879,0.0192486663676695),
 .UNSPECIFIED.);
#88=B_SPLINE_CURVE_WITH_KNOTS('',3,(#5982,#5983,#5984,#5985,#5986),
 .UNSPECIFIED.,.F.,.F.,(4,1,4),(-0.0192486663676695,-0.00778112646612879,
0.),.UNSPECIFIED.);
#89=B_SPLINE_CURVE_WITH_KNOTS('',3,(#5999,#6000,#6001,#6002,#6003),
 .UNSPECIFIED.,.F.,.F.,(4,1,4),(0.,0.0106696829701218,0.0181898391136529),
 .UNSPECIFIED.);
#90=B_SPLINE_CURVE_WITH_KNOTS('',3,(#6005,#6006,#6007,#6008,#6009),
 .UNSPECIFIED.,.F.,.F.,(4,1,4),(-0.0181898391136529,-0.0106696829701218,
0.),.UNSPECIFIED.);
#91=B_SPLINE_CURVE_WITH_KNOTS('',3,(#6021,#6022,#6023,#6024,#6025),
 .UNSPECIFIED.,.F.,.F.,(4,1,4),(0.,0.00583662893347368,0.0113875983717849),
 .UNSPECIFIED.);
#92=B_SPLINE_CURVE_WITH_KNOTS('',3,(#6026,#6027,#6028,#6029,#6030),
 .UNSPECIFIED.,.F.,.F.,(4,1,4),(-0.0113875983717849,-0.00583662893347368,
0.),.UNSPECIFIED.);
#93=B_SPLINE_CURVE_WITH_KNOTS('',3,(#6043,#6044,#6045,#6046,#6047),
 .UNSPECIFIED.,.F.,.F.,(4,1,4),(0.,0.0129380219562141,0.0248286817604393),
 .UNSPECIFIED.);
#94=B_SPLINE_CURVE_WITH_KNOTS('',3,(#6051,#6052,#6053,#6054,#6055),
 .UNSPECIFIED.,.F.,.F.,(4,1,4),(-0.0248286817604393,-0.0129380219562141,
0.),.UNSPECIFIED.);
#95=B_SPLINE_CURVE_WITH_KNOTS('',3,(#6068,#6069,#6070,#6071,#6072),
 .UNSPECIFIED.,.F.,.F.,(4,1,4),(0.,0.0111705864004591,0.0231050819273472),
 .UNSPECIFIED.);
#96=B_SPLINE_CURVE_WITH_KNOTS('',3,(#6074,#6075,#6076,#6077,#6078),
 .UNSPECIFIED.,.F.,.F.,(4,1,4),(-0.0231050819273472,-0.0111705864004591,
0.),.UNSPECIFIED.);
#97=B_SPLINE_CURVE_WITH_KNOTS('',3,(#6091,#6092,#6093,#6094,#6095),
 .UNSPECIFIED.,.F.,.F.,(4,1,4),(0.,0.011294518277187,0.0223904103449039),
 .UNSPECIFIED.);
#98=B_SPLINE_CURVE_WITH_KNOTS('',3,(#6097,#6098,#6099,#6100,#6101),
 .UNSPECIFIED.,.F.,.F.,(4,1,4),(-0.0223904103449039,-0.011294518277187,
0.),.UNSPECIFIED.);
#99=B_SPLINE_CURVE_WITH_KNOTS('',3,(#6114,#6115,#6116,#6117,#6118),
 .UNSPECIFIED.,.F.,.F.,(4,1,4),(0.,0.0122416242640939,0.0271296596261532),
 .UNSPECIFIED.);
#100=B_SPLINE_CURVE_WITH_KNOTS('',3,(#6120,#6121,#6122,#6123,#6124),
 .UNSPECIFIED.,.F.,.F.,(4,1,4),(-0.0271296596261532,-0.0122416242640939,
0.),.UNSPECIFIED.);
#101=B_SPLINE_CURVE_WITH_KNOTS('',3,(#6137,#6138,#6139,#6140,#6141),
 .UNSPECIFIED.,.F.,.F.,(4,1,4),(0.,0.0146080109168929,0.026901044092716),
 .UNSPECIFIED.);
#102=B_SPLINE_CURVE_WITH_KNOTS('',3,(#6143,#6144,#6145,#6146,#6147),
 .UNSPECIFIED.,.F.,.F.,(4,1,4),(-0.026901044092716,-0.0146080109168929,
0.),.UNSPECIFIED.);
#103=B_SPLINE_CURVE_WITH_KNOTS('',3,(#6160,#6161,#6162,#6163,#6164),
 .UNSPECIFIED.,.F.,.F.,(4,1,4),(0.,0.0111735307769139,0.0223042034213691),
 .UNSPECIFIED.);
#104=B_SPLINE_CURVE_WITH_KNOTS('',3,(#6166,#6167,#6168,#6169,#6170),
 .UNSPECIFIED.,.F.,.F.,(4,1,4),(-0.0223042034213691,-0.0111735307769139,
0.),.UNSPECIFIED.);
#105=B_SPLINE_CURVE_WITH_KNOTS('',3,(#6183,#6184,#6185,#6186,#6187),
 .UNSPECIFIED.,.F.,.F.,(4,1,4),(0.,0.0109325069367872,0.0218727030582874),
 .UNSPECIFIED.);
#106=B_SPLINE_CURVE_WITH_KNOTS('',3,(#6189,#6190,#6191,#6192,#6193),
 .UNSPECIFIED.,.F.,.F.,(4,1,4),(-0.0218727030582874,-0.0109325069367872,
0.),.UNSPECIFIED.);
#107=B_SPLINE_CURVE_WITH_KNOTS('',3,(#6205,#6206,#6207,#6208,#6209),
 .UNSPECIFIED.,.F.,.F.,(4,1,4),(0.,0.0123906472860829,0.0278176490043741),
 .UNSPECIFIED.);
#108=B_SPLINE_CURVE_WITH_KNOTS('',3,(#6210,#6211,#6212,#6213,#6214),
 .UNSPECIFIED.,.F.,.F.,(4,1,4),(-0.0278176490043741,-0.0123906472860829,
0.),.UNSPECIFIED.);
#109=B_SPLINE_CURVE_WITH_KNOTS('',3,(#6311,#6312,#6313,#6314,#6315),
 .UNSPECIFIED.,.F.,.F.,(4,1,4),(0.,0.014211921119909,0.024628098478383),
 .UNSPECIFIED.);
#110=B_SPLINE_CURVE_WITH_KNOTS('',3,(#6317,#6318,#6319,#6320,#6321),
 .UNSPECIFIED.,.F.,.F.,(4,1,4),(-0.024628098478383,-0.014211921119909,0.),
 .UNSPECIFIED.);
#111=B_SPLINE_CURVE_WITH_KNOTS('',3,(#6334,#6335,#6336,#6337,#6338),
 .UNSPECIFIED.,.F.,.F.,(4,1,4),(0.,0.00905258876346426,0.0191131317714463),
 .UNSPECIFIED.);
#112=B_SPLINE_CURVE_WITH_KNOTS('',3,(#6340,#6341,#6342,#6343,#6344),
 .UNSPECIFIED.,.F.,.F.,(4,1,4),(-0.0191131317714463,-0.00905258876346426,
0.),.UNSPECIFIED.);
#113=B_SPLINE_CURVE_WITH_KNOTS('',3,(#6357,#6358,#6359,#6360,#6361),
 .UNSPECIFIED.,.F.,.F.,(4,1,4),(0.,0.00757289429315894,0.014614197199635),
 .UNSPECIFIED.);
#114=B_SPLINE_CURVE_WITH_KNOTS('',3,(#6363,#6364,#6365,#6366,#6367),
 .UNSPECIFIED.,.F.,.F.,(4,1,4),(-0.014614197199635,-0.00757289429315894,
0.),.UNSPECIFIED.);
#115=B_SPLINE_CURVE_WITH_KNOTS('',3,(#6380,#6381,#6382,#6383,#6384),
 .UNSPECIFIED.,.F.,.F.,(4,1,4),(0.,0.00672760440108824,0.0133872763196565),
 .UNSPECIFIED.);
#116=B_SPLINE_CURVE_WITH_KNOTS('',3,(#6386,#6387,#6388,#6389,#6390),
 .UNSPECIFIED.,.F.,.F.,(4,1,4),(-0.0133872763196565,-0.00672760440108824,
0.),.UNSPECIFIED.);
#117=B_SPLINE_CURVE_WITH_KNOTS('',3,(#6403,#6404,#6405,#6406,#6407),
 .UNSPECIFIED.,.F.,.F.,(4,1,4),(0.,0.00619000085370063,0.0159719565457661),
 .UNSPECIFIED.);
#118=B_SPLINE_CURVE_WITH_KNOTS('',3,(#6409,#6410,#6411,#6412,#6413),
 .UNSPECIFIED.,.F.,.F.,(4,1,4),(-0.0159719565457661,-0.00619000085370063,
0.),.UNSPECIFIED.);
#119=B_SPLINE_CURVE_WITH_KNOTS('',3,(#6450,#6451,#6452,#6453,#6454),
 .UNSPECIFIED.,.F.,.F.,(4,1,4),(0.,0.0113200626150294,0.0196550432323639),
 .UNSPECIFIED.);
#120=B_SPLINE_CURVE_WITH_KNOTS('',3,(#6456,#6457,#6458,#6459,#6460),
 .UNSPECIFIED.,.F.,.F.,(4,1,4),(-0.0196550432323639,-0.0113200626150294,
0.),.UNSPECIFIED.);
#121=B_SPLINE_CURVE_WITH_KNOTS('',3,(#6473,#6474,#6475,#6476,#6477),
 .UNSPECIFIED.,.F.,.F.,(4,1,4),(0.,0.00902028108810492,0.0171132210328943),
 .UNSPECIFIED.);
#122=B_SPLINE_CURVE_WITH_KNOTS('',3,(#6479,#6480,#6481,#6482,#6483),
 .UNSPECIFIED.,.F.,.F.,(4,1,4),(-0.0171132210328943,-0.00902028108810492,
0.),.UNSPECIFIED.);
#123=B_SPLINE_CURVE_WITH_KNOTS('',3,(#6496,#6497,#6498,#6499,#6500),
 .UNSPECIFIED.,.F.,.F.,(4,1,4),(0.,0.00786851467350737,0.0163013857146512),
 .UNSPECIFIED.);
#124=B_SPLINE_CURVE_WITH_KNOTS('',3,(#6502,#6503,#6504,#6505,#6506),
 .UNSPECIFIED.,.F.,.F.,(4,1,4),(-0.0163013857146512,-0.00786851467350737,
0.),.UNSPECIFIED.);
#125=B_SPLINE_CURVE_WITH_KNOTS('',3,(#6519,#6520,#6521,#6522,#6523),
 .UNSPECIFIED.,.F.,.F.,(4,1,4),(0.,0.00889137312556367,0.0181278396561945),
 .UNSPECIFIED.);
#126=B_SPLINE_CURVE_WITH_KNOTS('',3,(#6525,#6526,#6527,#6528,#6529),
 .UNSPECIFIED.,.F.,.F.,(4,1,4),(-0.0181278396561945,-0.00889137312556367,
0.),.UNSPECIFIED.);
#127=B_SPLINE_CURVE_WITH_KNOTS('',3,(#6542,#6543,#6544,#6545,#6546),
 .UNSPECIFIED.,.F.,.F.,(4,1,4),(0.,0.015395784850812,0.0302764820213112),
 .UNSPECIFIED.);
#128=B_SPLINE_CURVE_WITH_KNOTS('',3,(#6548,#6549,#6550,#6551,#6552),
 .UNSPECIFIED.,.F.,.F.,(4,1,4),(-0.0302764820213112,-0.015395784850812,
0.),.UNSPECIFIED.);
#129=B_SPLINE_CURVE_WITH_KNOTS('',3,(#6565,#6566,#6567,#6568,#6569),
 .UNSPECIFIED.,.F.,.F.,(4,1,4),(0.,0.0169795927417049,0.0402692883986474),
 .UNSPECIFIED.);
#130=B_SPLINE_CURVE_WITH_KNOTS('',3,(#6571,#6572,#6573,#6574,#6575),
 .UNSPECIFIED.,.F.,.F.,(4,1,4),(-0.0402692883986474,-0.0169795927417049,
0.),.UNSPECIFIED.);
#131=B_SPLINE_CURVE_WITH_KNOTS('',3,(#6626,#6627,#6628,#6629,#6630),
 .UNSPECIFIED.,.F.,.F.,(4,1,4),(0.,0.0154928475344709,0.0300824645687413),
 .UNSPECIFIED.);
#132=B_SPLINE_CURVE_WITH_KNOTS('',3,(#6632,#6633,#6634,#6635,#6636),
 .UNSPECIFIED.,.F.,.F.,(4,1,4),(-0.0300824645687413,-0.0154928475344709,
0.),.UNSPECIFIED.);
#133=B_SPLINE_CURVE_WITH_KNOTS('',3,(#6649,#6650,#6651,#6652,#6653),
 .UNSPECIFIED.,.F.,.F.,(4,1,4),(0.,0.014055858784508,0.0279999042931608),
 .UNSPECIFIED.);
#134=B_SPLINE_CURVE_WITH_KNOTS('',3,(#6655,#6656,#6657,#6658,#6659),
 .UNSPECIFIED.,.F.,.F.,(4,1,4),(-0.0279999042931608,-0.014055858784508,
0.),.UNSPECIFIED.);
#135=B_SPLINE_CURVE_WITH_KNOTS('',3,(#6672,#6673,#6674,#6675,#6676),
 .UNSPECIFIED.,.F.,.F.,(4,1,4),(0.,0.0182300988788987,0.035708761849392),
 .UNSPECIFIED.);
#136=B_SPLINE_CURVE_WITH_KNOTS('',3,(#6678,#6679,#6680,#6681,#6682),
 .UNSPECIFIED.,.F.,.F.,(4,1,4),(-0.035708761849392,-0.0182300988788987,
0.),.UNSPECIFIED.);
#137=B_SPLINE_CURVE_WITH_KNOTS('',3,(#6695,#6696,#6697,#6698,#6699),
 .UNSPECIFIED.,.F.,.F.,(4,1,4),(0.,0.0168565542730823,0.0336000823638705),
 .UNSPECIFIED.);
#138=B_SPLINE_CURVE_WITH_KNOTS('',3,(#6701,#6702,#6703,#6704,#6705),
 .UNSPECIFIED.,.F.,.F.,(4,1,4),(-0.0336000823638705,-0.0168565542730823,
0.),.UNSPECIFIED.);
#139=B_SPLINE_CURVE_WITH_KNOTS('',3,(#6718,#6719,#6720,#6721,#6722),
 .UNSPECIFIED.,.F.,.F.,(4,1,4),(0.,0.0173288994282754,0.0355201990305558),
 .UNSPECIFIED.);
#140=B_SPLINE_CURVE_WITH_KNOTS('',3,(#6724,#6725,#6726,#6727,#6728),
 .UNSPECIFIED.,.F.,.F.,(4,1,4),(-0.0355201990305558,-0.0173288994282754,
0.),.UNSPECIFIED.);
#141=B_SPLINE_CURVE_WITH_KNOTS('',3,(#6741,#6742,#6743,#6744,#6745),
 .UNSPECIFIED.,.F.,.F.,(4,1,4),(0.,0.0182884150498497,0.0362168372682545),
 .UNSPECIFIED.);
#142=B_SPLINE_CURVE_WITH_KNOTS('',3,(#6747,#6748,#6749,#6750,#6751),
 .UNSPECIFIED.,.F.,.F.,(4,1,4),(-0.0362168372682545,-0.0182884150498497,
0.),.UNSPECIFIED.);
#143=B_SPLINE_CURVE_WITH_KNOTS('',3,(#6764,#6765,#6766,#6767,#6768),
 .UNSPECIFIED.,.F.,.F.,(4,1,4),(0.,0.0171400070346667,0.0335787742138287),
 .UNSPECIFIED.);
#144=B_SPLINE_CURVE_WITH_KNOTS('',3,(#6770,#6771,#6772,#6773,#6774),
 .UNSPECIFIED.,.F.,.F.,(4,1,4),(-0.0335787742138287,-0.0171400070346667,
0.),.UNSPECIFIED.);
#145=B_SPLINE_CURVE_WITH_KNOTS('',3,(#6787,#6788,#6789,#6790,#6791),
 .UNSPECIFIED.,.F.,.F.,(4,1,4),(0.,0.0169578232389746,0.0351928111424654),
 .UNSPECIFIED.);
#146=B_SPLINE_CURVE_WITH_KNOTS('',3,(#6793,#6794,#6795,#6796,#6797),
 .UNSPECIFIED.,.F.,.F.,(4,1,4),(-0.0351928111424654,-0.0169578232389746,
0.),.UNSPECIFIED.);
#147=B_SPLINE_CURVE_WITH_KNOTS('',3,(#6810,#6811,#6812,#6813,#6814),
 .UNSPECIFIED.,.F.,.F.,(4,1,4),(0.,0.013352478359546,0.0257888950875571),
 .UNSPECIFIED.);
#148=B_SPLINE_CURVE_WITH_KNOTS('',3,(#6816,#6817,#6818,#6819,#6820),
 .UNSPECIFIED.,.F.,.F.,(4,1,4),(-0.0257888950875571,-0.013352478359546,
0.),.UNSPECIFIED.);
#149=B_SPLINE_CURVE_WITH_KNOTS('',3,(#6833,#6834,#6835,#6836,#6837),
 .UNSPECIFIED.,.F.,.F.,(4,1,4),(0.,0.0114381527560482,0.0219302235859184),
 .UNSPECIFIED.);
#150=B_SPLINE_CURVE_WITH_KNOTS('',3,(#6839,#6840,#6841,#6842,#6843),
 .UNSPECIFIED.,.F.,.F.,(4,1,4),(-0.0219302235859184,-0.0114381527560482,
0.),.UNSPECIFIED.);
#151=B_SPLINE_CURVE_WITH_KNOTS('',3,(#6856,#6857,#6858,#6859,#6860),
 .UNSPECIFIED.,.F.,.F.,(4,1,4),(0.,0.0108941983623532,0.0233677253878738),
 .UNSPECIFIED.);
#152=B_SPLINE_CURVE_WITH_KNOTS('',3,(#6862,#6863,#6864,#6865,#6866),
 .UNSPECIFIED.,.F.,.F.,(4,1,4),(-0.0233677253878738,-0.0108941983623532,
0.),.UNSPECIFIED.);
#153=B_SPLINE_CURVE_WITH_KNOTS('',3,(#6885,#6886,#6887,#6888,#6889),
 .UNSPECIFIED.,.F.,.F.,(4,1,4),(0.,0.00937137506494443,0.0171341836728898),
 .UNSPECIFIED.);
#154=B_SPLINE_CURVE_WITH_KNOTS('',3,(#6891,#6892,#6893,#6894,#6895),
 .UNSPECIFIED.,.F.,.F.,(4,1,4),(-0.0171341836728898,-0.00937137506494443,
0.),.UNSPECIFIED.);
#155=B_SPLINE_CURVE_WITH_KNOTS('',3,(#6908,#6909,#6910,#6911,#6912),
 .UNSPECIFIED.,.F.,.F.,(4,1,4),(0.,0.00728001448057292,0.0153802688108734),
 .UNSPECIFIED.);
#156=B_SPLINE_CURVE_WITH_KNOTS('',3,(#6914,#6915,#6916,#6917,#6918),
 .UNSPECIFIED.,.F.,.F.,(4,1,4),(-0.0153802688108734,-0.00728001448057292,
0.),.UNSPECIFIED.);
#157=B_SPLINE_CURVE_WITH_KNOTS('',3,(#6931,#6932,#6933,#6934,#6935),
 .UNSPECIFIED.,.F.,.F.,(4,1,4),(0.,0.00881092009030554,0.0181656625326692),
 .UNSPECIFIED.);
#158=B_SPLINE_CURVE_WITH_KNOTS('',3,(#6937,#6938,#6939,#6940,#6941),
 .UNSPECIFIED.,.F.,.F.,(4,1,4),(-0.0181656625326692,-0.00881092009030554,
0.),.UNSPECIFIED.);
#159=B_SPLINE_CURVE_WITH_KNOTS('',3,(#6954,#6955,#6956,#6957,#6958),
 .UNSPECIFIED.,.F.,.F.,(4,1,4),(0.,0.0109347123958712,0.0206260591351863),
 .UNSPECIFIED.);
#160=B_SPLINE_CURVE_WITH_KNOTS('',3,(#6960,#6961,#6962,#6963,#6964),
 .UNSPECIFIED.,.F.,.F.,(4,1,4),(-0.0206260591351863,-0.0109347123958712,
0.),.UNSPECIFIED.);
#161=B_SPLINE_CURVE_WITH_KNOTS('',3,(#6977,#6978,#6979,#6980,#6981),
 .UNSPECIFIED.,.F.,.F.,(4,1,4),(0.,0.00873417350780031,0.0167408479136833),
 .UNSPECIFIED.);
#162=B_SPLINE_CURVE_WITH_KNOTS('',3,(#6983,#6984,#6985,#6986,#6987),
 .UNSPECIFIED.,.F.,.F.,(4,1,4),(-0.0167408479136833,-0.00873417350780031,
0.),.UNSPECIFIED.);
#163=B_SPLINE_CURVE_WITH_KNOTS('',3,(#7000,#7001,#7002,#7003,#7004),
 .UNSPECIFIED.,.F.,.F.,(4,1,4),(0.,0.00765773997629993,0.0151713421696556),
 .UNSPECIFIED.);
#164=B_SPLINE_CURVE_WITH_KNOTS('',3,(#7006,#7007,#7008,#7009,#7010),
 .UNSPECIFIED.,.F.,.F.,(4,1,4),(-0.0151713421696556,-0.00765773997629993,
0.),.UNSPECIFIED.);
#165=B_SPLINE_CURVE_WITH_KNOTS('',3,(#7023,#7024,#7025,#7026,#7027),
 .UNSPECIFIED.,.F.,.F.,(4,1,4),(0.,0.0129938673532434,0.0265191896893347),
 .UNSPECIFIED.);
#166=B_SPLINE_CURVE_WITH_KNOTS('',3,(#7029,#7030,#7031,#7032,#7033),
 .UNSPECIFIED.,.F.,.F.,(4,1,4),(-0.0265191896893347,-0.0129938673532434,
0.),.UNSPECIFIED.);
#167=B_SPLINE_CURVE_WITH_KNOTS('',3,(#7046,#7047,#7048,#7049,#7050),
 .UNSPECIFIED.,.F.,.F.,(4,1,4),(0.,0.0158896893850283,0.0296374401619299),
 .UNSPECIFIED.);
#168=B_SPLINE_CURVE_WITH_KNOTS('',3,(#7052,#7053,#7054,#7055,#7056),
 .UNSPECIFIED.,.F.,.F.,(4,1,4),(-0.0296374401619299,-0.0158896893850283,
0.),.UNSPECIFIED.);
#169=B_SPLINE_CURVE_WITH_KNOTS('',3,(#7069,#7070,#7071,#7072,#7073),
 .UNSPECIFIED.,.F.,.F.,(4,1,4),(0.,0.0124585583263152,0.0247228989334467),
 .UNSPECIFIED.);
#170=B_SPLINE_CURVE_WITH_KNOTS('',3,(#7075,#7076,#7077,#7078,#7079),
 .UNSPECIFIED.,.F.,.F.,(4,1,4),(-0.0247228989334467,-0.0124585583263152,
0.),.UNSPECIFIED.);
#171=B_SPLINE_CURVE_WITH_KNOTS('',3,(#7092,#7093,#7094,#7095,#7096),
 .UNSPECIFIED.,.F.,.F.,(4,1,4),(0.,0.0124274345065712,0.024899547296499),
 .UNSPECIFIED.);
#172=B_SPLINE_CURVE_WITH_KNOTS('',3,(#7098,#7099,#7100,#7101,#7102),
 .UNSPECIFIED.,.F.,.F.,(4,1,4),(-0.024899547296499,-0.0124274345065712,
0.),.UNSPECIFIED.);
#173=B_SPLINE_CURVE_WITH_KNOTS('',3,(#7115,#7116,#7117,#7118,#7119),
 .UNSPECIFIED.,.F.,.F.,(4,1,4),(0.,0.0109941412591521,0.0221411461037045),
 .UNSPECIFIED.);
#174=B_SPLINE_CURVE_WITH_KNOTS('',3,(#7121,#7122,#7123,#7124,#7125),
 .UNSPECIFIED.,.F.,.F.,(4,1,4),(-0.0221411461037045,-0.0109941412591521,
0.),.UNSPECIFIED.);
#175=B_SPLINE_CURVE_WITH_KNOTS('',3,(#7138,#7139,#7140,#7141,#7142),
 .UNSPECIFIED.,.F.,.F.,(4,1,4),(0.,0.0102658166639138,0.0184642573627495),
 .UNSPECIFIED.);
#176=B_SPLINE_CURVE_WITH_KNOTS('',3,(#7144,#7145,#7146,#7147,#7148),
 .UNSPECIFIED.,.F.,.F.,(4,1,4),(-0.0184642573627495,-0.0102658166639138,
0.),.UNSPECIFIED.);
#177=B_SPLINE_CURVE_WITH_KNOTS('',3,(#7173,#7174,#7175,#7176,#7177),
 .UNSPECIFIED.,.F.,.F.,(4,1,4),(0.,0.0145030765604147,0.0248850840230293),
 .UNSPECIFIED.);
#178=B_SPLINE_CURVE_WITH_KNOTS('',3,(#7181,#7182,#7183,#7184,#7185),
 .UNSPECIFIED.,.F.,.F.,(4,1,4),(-0.0248850840230293,-0.0145030765604147,
0.),.UNSPECIFIED.);
#179=B_SPLINE_CURVE_WITH_KNOTS('',3,(#7198,#7199,#7200,#7201,#7202),
 .UNSPECIFIED.,.F.,.F.,(4,1,4),(0.,0.0126964414585451,0.0245233978301659),
 .UNSPECIFIED.);
#180=B_SPLINE_CURVE_WITH_KNOTS('',3,(#7204,#7205,#7206,#7207,#7208),
 .UNSPECIFIED.,.F.,.F.,(4,1,4),(-0.0245233978301659,-0.0126964414585451,
0.),.UNSPECIFIED.);
#181=B_SPLINE_CURVE_WITH_KNOTS('',3,(#7221,#7222,#7223,#7224,#7225),
 .UNSPECIFIED.,.F.,.F.,(4,1,4),(0.,0.00992685481062658,0.0205996165758047),
 .UNSPECIFIED.);
#182=B_SPLINE_CURVE_WITH_KNOTS('',3,(#7227,#7228,#7229,#7230,#7231),
 .UNSPECIFIED.,.F.,.F.,(4,1,4),(-0.0205996165758047,-0.00992685481062658,
0.),.UNSPECIFIED.);
#183=B_SPLINE_CURVE_WITH_KNOTS('',3,(#7244,#7245,#7246,#7247,#7248),
 .UNSPECIFIED.,.F.,.F.,(4,1,4),(0.,0.0125681704763555,0.0283155115199759),
 .UNSPECIFIED.);
#184=B_SPLINE_CURVE_WITH_KNOTS('',3,(#7250,#7251,#7252,#7253,#7254),
 .UNSPECIFIED.,.F.,.F.,(4,1,4),(-0.0283155115199759,-0.0125681704763555,
0.),.UNSPECIFIED.);
#185=B_SPLINE_CURVE_WITH_KNOTS('',3,(#7267,#7268,#7269,#7270,#7271),
 .UNSPECIFIED.,.F.,.F.,(4,1,4),(0.,0.0159893159057941,0.0283464855826405),
 .UNSPECIFIED.);
#186=B_SPLINE_CURVE_WITH_KNOTS('',3,(#7273,#7274,#7275,#7276,#7277),
 .UNSPECIFIED.,.F.,.F.,(4,1,4),(-0.0283464855826405,-0.0159893159057941,
0.),.UNSPECIFIED.);
#187=B_SPLINE_CURVE_WITH_KNOTS('',3,(#7290,#7291,#7292,#7293,#7294),
 .UNSPECIFIED.,.F.,.F.,(4,1,4),(0.,0.0103310879766917,0.0201015001896777),
 .UNSPECIFIED.);
#188=B_SPLINE_CURVE_WITH_KNOTS('',3,(#7296,#7297,#7298,#7299,#7300),
 .UNSPECIFIED.,.F.,.F.,(4,1,4),(-0.0201015001896777,-0.0103310879766917,
0.),.UNSPECIFIED.);
#189=B_SPLINE_CURVE_WITH_KNOTS('',3,(#7313,#7314,#7315,#7316,#7317),
 .UNSPECIFIED.,.F.,.F.,(4,1,4),(0.,0.00992685650100682,0.0205995721265456),
 .UNSPECIFIED.);
#190=B_SPLINE_CURVE_WITH_KNOTS('',3,(#7319,#7320,#7321,#7322,#7323),
 .UNSPECIFIED.,.F.,.F.,(4,1,4),(-0.0205995721265456,-0.00992685650100682,
0.),.UNSPECIFIED.);
#191=B_SPLINE_CURVE_WITH_KNOTS('',3,(#7335,#7336,#7337,#7338,#7339),
 .UNSPECIFIED.,.F.,.F.,(4,1,4),(0.,0.012391997450135,0.0275505325702019),
 .UNSPECIFIED.);
#192=B_SPLINE_CURVE_WITH_KNOTS('',3,(#7340,#7341,#7342,#7343,#7344),
 .UNSPECIFIED.,.F.,.F.,(4,1,4),(-0.0275505325702019,-0.012391997450135,
0.),.UNSPECIFIED.);
#193=B_SPLINE_CURVE_WITH_KNOTS('',3,(#7383,#7384,#7385,#7386,#7387),
 .UNSPECIFIED.,.F.,.F.,(4,1,4),(0.,0.0147953533999286,0.0293118009850295),
 .UNSPECIFIED.);
#194=B_SPLINE_CURVE_WITH_KNOTS('',3,(#7389,#7390,#7391,#7392,#7393),
 .UNSPECIFIED.,.F.,.F.,(4,1,4),(-0.0293118009850295,-0.0147953533999286,
0.),.UNSPECIFIED.);
#195=B_SPLINE_CURVE_WITH_KNOTS('',3,(#7406,#7407,#7408,#7409,#7410),
 .UNSPECIFIED.,.F.,.F.,(4,1,4),(0.,0.0084274305999651,0.0167654973332978),
 .UNSPECIFIED.);
#196=B_SPLINE_CURVE_WITH_KNOTS('',3,(#7412,#7413,#7414,#7415,#7416),
 .UNSPECIFIED.,.F.,.F.,(4,1,4),(-0.0167654973332978,-0.0084274305999651,
0.),.UNSPECIFIED.);
#197=B_SPLINE_CURVE_WITH_KNOTS('',3,(#7429,#7430,#7431,#7432,#7433),
 .UNSPECIFIED.,.F.,.F.,(4,1,4),(0.,0.00815836024033041,0.0160978884734782),
 .UNSPECIFIED.);
#198=B_SPLINE_CURVE_WITH_KNOTS('',3,(#7435,#7436,#7437,#7438,#7439),
 .UNSPECIFIED.,.F.,.F.,(4,1,4),(-0.0160978884734782,-0.00815836024033041,
0.),.UNSPECIFIED.);
#199=B_SPLINE_CURVE_WITH_KNOTS('',3,(#7452,#7453,#7454,#7455,#7456),
 .UNSPECIFIED.,.F.,.F.,(4,1,4),(0.,0.00822559722818407,0.0171104595197209),
 .UNSPECIFIED.);
#200=B_SPLINE_CURVE_WITH_KNOTS('',3,(#7458,#7459,#7460,#7461,#7462),
 .UNSPECIFIED.,.F.,.F.,(4,1,4),(-0.0171104595197209,-0.00822559722818407,
0.),.UNSPECIFIED.);
#201=B_SPLINE_CURVE_WITH_KNOTS('',3,(#7475,#7476,#7477,#7478,#7479),
 .UNSPECIFIED.,.F.,.F.,(4,1,4),(0.,0.00942368896108356,0.0192486870038382),
 .UNSPECIFIED.);
#202=B_SPLINE_CURVE_WITH_KNOTS('',3,(#7481,#7482,#7483,#7484,#7485),
 .UNSPECIFIED.,.F.,.F.,(4,1,4),(-0.0192486870038382,-0.00942368896108356,
0.),.UNSPECIFIED.);
#203=B_SPLINE_CURVE_WITH_KNOTS('',3,(#7498,#7499,#7500,#7501,#7502),
 .UNSPECIFIED.,.F.,.F.,(4,1,4),(0.,0.0214753837620139,0.0396267710697287),
 .UNSPECIFIED.);
#204=B_SPLINE_CURVE_WITH_KNOTS('',3,(#7504,#7505,#7506,#7507,#7508),
 .UNSPECIFIED.,.F.,.F.,(4,1,4),(-0.0396267710697287,-0.0214753837620139,
0.),.UNSPECIFIED.);
#205=B_SPLINE_CURVE_WITH_KNOTS('',3,(#7521,#7522,#7523,#7524,#7525),
 .UNSPECIFIED.,.F.,.F.,(4,1,4),(0.,0.0163344834499343,0.0321028926737632),
 .UNSPECIFIED.);
#206=B_SPLINE_CURVE_WITH_KNOTS('',3,(#7527,#7528,#7529,#7530,#7531),
 .UNSPECIFIED.,.F.,.F.,(4,1,4),(-0.0321028926737632,-0.0163344834499343,
0.),.UNSPECIFIED.);
#207=B_SPLINE_CURVE_WITH_KNOTS('',3,(#7544,#7545,#7546,#7547,#7548),
 .UNSPECIFIED.,.F.,.F.,(4,1,4),(0.,0.0151418874485864,0.0303795729372772),
 .UNSPECIFIED.);
#208=B_SPLINE_CURVE_WITH_KNOTS('',3,(#7550,#7551,#7552,#7553,#7554),
 .UNSPECIFIED.,.F.,.F.,(4,1,4),(-0.0303795729372772,-0.0151418874485864,
0.),.UNSPECIFIED.);
#209=B_SPLINE_CURVE_WITH_KNOTS('',3,(#7599,#7600,#7601,#7602,#7603),
 .UNSPECIFIED.,.F.,.F.,(4,1,4),(0.,0.0264872826880705,0.0432491578328453),
 .UNSPECIFIED.);
#210=B_SPLINE_CURVE_WITH_KNOTS('',3,(#7607,#7608,#7609,#7610,#7611),
 .UNSPECIFIED.,.F.,.F.,(4,1,4),(-0.0432491578328453,-0.0264872826880705,
0.),.UNSPECIFIED.);
#211=B_SPLINE_CURVE_WITH_KNOTS('',3,(#7624,#7625,#7626,#7627,#7628),
 .UNSPECIFIED.,.F.,.F.,(4,1,4),(0.,0.0114390454926203,0.0218075419142823),
 .UNSPECIFIED.);
#212=B_SPLINE_CURVE_WITH_KNOTS('',3,(#7630,#7631,#7632,#7633,#7634),
 .UNSPECIFIED.,.F.,.F.,(4,1,4),(-0.0218075419142823,-0.0114390454926203,
0.),.UNSPECIFIED.);
#213=B_SPLINE_CURVE_WITH_KNOTS('',3,(#7647,#7648,#7649,#7650,#7651),
 .UNSPECIFIED.,.F.,.F.,(4,1,4),(0.,0.0103712902066919,0.0218330688484676),
 .UNSPECIFIED.);
#214=B_SPLINE_CURVE_WITH_KNOTS('',3,(#7653,#7654,#7655,#7656,#7657),
 .UNSPECIFIED.,.F.,.F.,(4,1,4),(-0.0218330688484676,-0.0103712902066919,
0.),.UNSPECIFIED.);
#215=B_SPLINE_CURVE_WITH_KNOTS('',3,(#7670,#7671,#7672,#7673,#7674),
 .UNSPECIFIED.,.F.,.F.,(4,1,4),(0.,0.0167722348382499,0.0432047121091898),
 .UNSPECIFIED.);
#216=B_SPLINE_CURVE_WITH_KNOTS('',3,(#7676,#7677,#7678,#7679,#7680),
 .UNSPECIFIED.,.F.,.F.,(4,1,4),(-0.0432047121091898,-0.0167722348382499,
0.),.UNSPECIFIED.);
#217=B_SPLINE_CURVE_WITH_KNOTS('',3,(#7693,#7694,#7695,#7696,#7697),
 .UNSPECIFIED.,.F.,.F.,(4,1,4),(0.,0.0265420737994195,0.0432935900437526),
 .UNSPECIFIED.);
#218=B_SPLINE_CURVE_WITH_KNOTS('',3,(#7699,#7700,#7701,#7702,#7703),
 .UNSPECIFIED.,.F.,.F.,(4,1,4),(-0.0432935900437526,-0.0265420737994195,
0.),.UNSPECIFIED.);
#219=B_SPLINE_CURVE_WITH_KNOTS('',3,(#7716,#7717,#7718,#7719,#7720),
 .UNSPECIFIED.,.F.,.F.,(4,1,4),(0.,0.0114483501982958,0.0219416964330176),
 .UNSPECIFIED.);
#220=B_SPLINE_CURVE_WITH_KNOTS('',3,(#7722,#7723,#7724,#7725,#7726),
 .UNSPECIFIED.,.F.,.F.,(4,1,4),(-0.0219416964330176,-0.0114483501982958,
0.),.UNSPECIFIED.);
#221=B_SPLINE_CURVE_WITH_KNOTS('',3,(#7739,#7740,#7741,#7742,#7743),
 .UNSPECIFIED.,.F.,.F.,(4,1,4),(0.,0.0100677256393114,0.0203489810426625),
 .UNSPECIFIED.);
#222=B_SPLINE_CURVE_WITH_KNOTS('',3,(#7745,#7746,#7747,#7748,#7749),
 .UNSPECIFIED.,.F.,.F.,(4,1,4),(-0.0203489810426625,-0.0100677256393114,
0.),.UNSPECIFIED.);
#223=B_SPLINE_CURVE_WITH_KNOTS('',3,(#7761,#7762,#7763,#7764,#7765),
 .UNSPECIFIED.,.F.,.F.,(4,1,4),(0.,0.0178508016871308,0.0446694955866149),
 .UNSPECIFIED.);
#224=B_SPLINE_CURVE_WITH_KNOTS('',3,(#7766,#7767,#7768,#7769,#7770),
 .UNSPECIFIED.,.F.,.F.,(4,1,4),(-0.0446694955866149,-0.0178508016871308,
0.),.UNSPECIFIED.);
#225=B_SPLINE_CURVE_WITH_KNOTS('',3,(#7783,#7784,#7785,#7786,#7787),
 .UNSPECIFIED.,.F.,.F.,(4,1,4),(0.,0.0206548234396975,0.0371960259513769),
 .UNSPECIFIED.);
#226=B_SPLINE_CURVE_WITH_KNOTS('',3,(#7791,#7792,#7793,#7794,#7795),
 .UNSPECIFIED.,.F.,.F.,(4,1,4),(-0.0371960259513769,-0.0206548234396975,
0.),.UNSPECIFIED.);
#227=B_SPLINE_CURVE_WITH_KNOTS('',3,(#7808,#7809,#7810,#7811,#7812),
 .UNSPECIFIED.,.F.,.F.,(4,1,4),(0.,0.0136520466741325,0.025893244781471),
 .UNSPECIFIED.);
#228=B_SPLINE_CURVE_WITH_KNOTS('',3,(#7814,#7815,#7816,#7817,#7818),
 .UNSPECIFIED.,.F.,.F.,(4,1,4),(-0.025893244781471,-0.0136520466741325,
0.),.UNSPECIFIED.);
#229=B_SPLINE_CURVE_WITH_KNOTS('',3,(#7831,#7832,#7833,#7834,#7835),
 .UNSPECIFIED.,.F.,.F.,(4,1,4),(0.,0.0119061816103987,0.0249092081878341),
 .UNSPECIFIED.);
#230=B_SPLINE_CURVE_WITH_KNOTS('',3,(#7837,#7838,#7839,#7840,#7841),
 .UNSPECIFIED.,.F.,.F.,(4,1,4),(-0.0249092081878341,-0.0119061816103987,
0.),.UNSPECIFIED.);
#231=B_SPLINE_CURVE_WITH_KNOTS('',3,(#7854,#7855,#7856,#7857,#7858),
 .UNSPECIFIED.,.F.,.F.,(4,1,4),(0.,0.00978968750870124,0.0188100219615906),
 .UNSPECIFIED.);
#232=B_SPLINE_CURVE_WITH_KNOTS('',3,(#7860,#7861,#7862,#7863,#7864),
 .UNSPECIFIED.,.F.,.F.,(4,1,4),(-0.0188100219615906,-0.00978968750870124,
0.),.UNSPECIFIED.);
#233=B_SPLINE_CURVE_WITH_KNOTS('',3,(#7877,#7878,#7879,#7880,#7881),
 .UNSPECIFIED.,.F.,.F.,(4,1,4),(0.,0.00877391647399097,0.0178074603156713),
 .UNSPECIFIED.);
#234=B_SPLINE_CURVE_WITH_KNOTS('',3,(#7883,#7884,#7885,#7886,#7887),
 .UNSPECIFIED.,.F.,.F.,(4,1,4),(-0.0178074603156713,-0.00877391647399097,
0.),.UNSPECIFIED.);
#235=B_SPLINE_CURVE_WITH_KNOTS('',3,(#7900,#7901,#7902,#7903,#7904),
 .UNSPECIFIED.,.F.,.F.,(4,1,4),(0.,0.0098377184085544,0.0208300634285636),
 .UNSPECIFIED.);
#236=B_SPLINE_CURVE_WITH_KNOTS('',3,(#7906,#7907,#7908,#7909,#7910),
 .UNSPECIFIED.,.F.,.F.,(4,1,4),(-0.0208300634285636,-0.0098377184085544,
0.),.UNSPECIFIED.);
#237=B_SPLINE_CURVE_WITH_KNOTS('',3,(#7923,#7924,#7925,#7926,#7927),
 .UNSPECIFIED.,.F.,.F.,(4,1,4),(0.,0.0134377425650823,0.0306466259226378),
 .UNSPECIFIED.);
#238=B_SPLINE_CURVE_WITH_KNOTS('',3,(#7929,#7930,#7931,#7932,#7933),
 .UNSPECIFIED.,.F.,.F.,(4,1,4),(-0.0306466259226378,-0.0134377425650823,
0.),.UNSPECIFIED.);
#239=B_SPLINE_CURVE_WITH_KNOTS('',3,(#7946,#7947,#7948,#7949,#7950),
 .UNSPECIFIED.,.F.,.F.,(4,1,4),(0.,0.0205225666142214,0.0370138243303845),
 .UNSPECIFIED.);
#240=B_SPLINE_CURVE_WITH_KNOTS('',3,(#7952,#7953,#7954,#7955,#7956),
 .UNSPECIFIED.,.F.,.F.,(4,1,4),(-0.0370138243303845,-0.0205225666142214,
0.),.UNSPECIFIED.);
#241=B_SPLINE_CURVE_WITH_KNOTS('',3,(#7969,#7970,#7971,#7972,#7973),
 .UNSPECIFIED.,.F.,.F.,(4,1,4),(0.,0.0136479135248855,0.0259064896423448),
 .UNSPECIFIED.);
#242=B_SPLINE_CURVE_WITH_KNOTS('',3,(#7975,#7976,#7977,#7978,#7979),
 .UNSPECIFIED.,.F.,.F.,(4,1,4),(-0.0259064896423448,-0.0136479135248855,
0.),.UNSPECIFIED.);
#243=B_SPLINE_CURVE_WITH_KNOTS('',3,(#7992,#7993,#7994,#7995,#7996),
 .UNSPECIFIED.,.F.,.F.,(4,1,4),(0.,0.0119412199916081,0.0250110686560055),
 .UNSPECIFIED.);
#244=B_SPLINE_CURVE_WITH_KNOTS('',3,(#7998,#7999,#8000,#8001,#8002),
 .UNSPECIFIED.,.F.,.F.,(4,1,4),(-0.0250110686560055,-0.0119412199916081,
0.),.UNSPECIFIED.);
#245=B_SPLINE_CURVE_WITH_KNOTS('',3,(#8015,#8016,#8017,#8018,#8019),
 .UNSPECIFIED.,.F.,.F.,(4,1,4),(0.,0.0169652926570359,0.0330903092950429),
 .UNSPECIFIED.);
#246=B_SPLINE_CURVE_WITH_KNOTS('',3,(#8021,#8022,#8023,#8024,#8025),
 .UNSPECIFIED.,.F.,.F.,(4,1,4),(-0.0330903092950429,-0.0169652926570359,
0.),.UNSPECIFIED.);
#247=B_SPLINE_CURVE_WITH_KNOTS('',3,(#8037,#8038,#8039,#8040,#8041),
 .UNSPECIFIED.,.F.,.F.,(4,1,4),(0.,0.0231982699092814,0.0546054008646615),
 .UNSPECIFIED.);
#248=B_SPLINE_CURVE_WITH_KNOTS('',3,(#8042,#8043,#8044,#8045,#8046),
 .UNSPECIFIED.,.F.,.F.,(4,1,4),(-0.0546054008646615,-0.0231982699092814,
0.),.UNSPECIFIED.);
#249=B_SPLINE_SURFACE_WITH_KNOTS('',3,1,((#4964,#4965),(#4966,#4967),(#4968,
#4969),(#4970,#4971),(#4972,#4973)),.UNSPECIFIED.,.F.,.F.,.F.,(4,1,4),(2,
2),(-0.0205610387375681,-0.0115917162186415,0.),(0.,9.9999999999989E-5),
 .UNSPECIFIED.);
#250=B_SPLINE_SURFACE_WITH_KNOTS('',3,1,((#4987,#4988),(#4989,#4990),(#4991,
#4992),(#4993,#4994),(#4995,#4996)),.UNSPECIFIED.,.F.,.F.,.F.,(4,1,4),(2,
2),(-0.0142589376361987,-0.00733012026215763,0.),(0.,9.9999999999989E-5),
 .UNSPECIFIED.);
#251=B_SPLINE_SURFACE_WITH_KNOTS('',3,1,((#5010,#5011),(#5012,#5013),(#5014,
#5015),(#5016,#5017),(#5018,#5019)),.UNSPECIFIED.,.F.,.F.,.F.,(4,1,4),(2,
2),(-0.0135389737461018,-0.00679418069562133,0.),(0.,9.9999999999989E-5),
 .UNSPECIFIED.);
#252=B_SPLINE_SURFACE_WITH_KNOTS('',3,1,((#5033,#5034),(#5035,#5036),(#5037,
#5038),(#5039,#5040),(#5041,#5042)),.UNSPECIFIED.,.F.,.F.,.F.,(4,1,4),(2,
2),(-0.0187097540861261,-0.00943473809933608,0.),(0.,9.9999999999989E-5),
 .UNSPECIFIED.);
#253=B_SPLINE_SURFACE_WITH_KNOTS('',3,1,((#5056,#5057),(#5058,#5059),(#5060,
#5061),(#5062,#5063),(#5064,#5065)),.UNSPECIFIED.,.F.,.F.,.F.,(4,1,4),(2,
2),(-0.0245792844100912,-0.0107007951126093,0.),(0.,9.9999999999989E-5),
 .UNSPECIFIED.);
#254=B_SPLINE_SURFACE_WITH_KNOTS('',3,1,((#5103,#5104),(#5105,#5106),(#5107,
#5108),(#5109,#5110),(#5111,#5112)),.UNSPECIFIED.,.F.,.F.,.F.,(4,1,4),(2,
2),(-0.0294659645261676,-0.0168732834329523,0.),(0.,9.9999999999989E-5),
 .UNSPECIFIED.);
#255=B_SPLINE_SURFACE_WITH_KNOTS('',3,1,((#5126,#5127),(#5128,#5129),(#5130,
#5131),(#5132,#5133),(#5134,#5135)),.UNSPECIFIED.,.F.,.F.,.F.,(4,1,4),(2,
2),(-0.0212496744940315,-0.0104277345245852,0.),(0.,9.9999999999989E-5),
 .UNSPECIFIED.);
#256=B_SPLINE_SURFACE_WITH_KNOTS('',3,1,((#5149,#5150),(#5151,#5152),(#5153,
#5154),(#5155,#5156),(#5157,#5158)),.UNSPECIFIED.,.F.,.F.,.F.,(4,1,4),(2,
2),(-0.0226087421443627,-0.0112073451641493,0.),(0.,9.9999999999989E-5),
 .UNSPECIFIED.);
#257=B_SPLINE_SURFACE_WITH_KNOTS('',3,1,((#5172,#5173),(#5174,#5175),(#5176,
#5177),(#5178,#5179),(#5180,#5181)),.UNSPECIFIED.,.F.,.F.,.F.,(4,1,4),(2,
2),(-0.0280493762358753,-0.0142530030943426,0.),(0.,9.9999999999989E-5),
 .UNSPECIFIED.);
#258=B_SPLINE_SURFACE_WITH_KNOTS('',3,1,((#5195,#5196),(#5197,#5198),(#5199,
#5200),(#5201,#5202),(#5203,#5204)),.UNSPECIFIED.,.F.,.F.,.F.,(4,1,4),(2,
2),(-0.0337171294230361,-0.0151818494515718,0.),(0.,9.9999999999989E-5),
 .UNSPECIFIED.);
#259=B_SPLINE_SURFACE_WITH_KNOTS('',3,1,((#5218,#5219),(#5220,#5221),(#5222,
#5223),(#5224,#5225),(#5226,#5227)),.UNSPECIFIED.,.F.,.F.,.F.,(4,1,4),(2,
2),(-0.0134988323269232,-0.00752690869862813,0.),(0.,9.9999999999989E-5),
 .UNSPECIFIED.);
#260=B_SPLINE_SURFACE_WITH_KNOTS('',3,1,((#5241,#5242),(#5243,#5244),(#5245,
#5246),(#5247,#5248),(#5249,#5250)),.UNSPECIFIED.,.F.,.F.,.F.,(4,1,4),(2,
2),(-0.0247436469576211,-0.0117786415285182,0.),(0.,9.9999999999989E-5),
 .UNSPECIFIED.);
#261=B_SPLINE_SURFACE_WITH_KNOTS('',3,1,((#5282,#5283),(#5284,#5285),(#5286,
#5287),(#5288,#5289),(#5290,#5291)),.UNSPECIFIED.,.F.,.F.,.F.,(4,1,4),(2,
2),(-0.0240069478477628,-0.0136643693749029,0.),(0.,9.9999999999989E-5),
 .UNSPECIFIED.);
#262=B_SPLINE_SURFACE_WITH_KNOTS('',3,1,((#5305,#5306),(#5307,#5308),(#5309,
#5310),(#5311,#5312),(#5313,#5314)),.UNSPECIFIED.,.F.,.F.,.F.,(4,1,4),(2,
2),(-0.0136109780357949,-0.00772488445609005,0.),(0.,9.9999999999989E-5),
 .UNSPECIFIED.);
#263=B_SPLINE_SURFACE_WITH_KNOTS('',3,1,((#5328,#5329),(#5330,#5331),(#5332,
#5333),(#5334,#5335),(#5336,#5337)),.UNSPECIFIED.,.F.,.F.,.F.,(4,1,4),(2,
2),(-0.00947747944765014,-0.00487213231088903,0.),(0.,9.9999999999989E-5),
 .UNSPECIFIED.);
#264=B_SPLINE_SURFACE_WITH_KNOTS('',3,1,((#5351,#5352),(#5353,#5354),(#5355,
#5356),(#5357,#5358),(#5359,#5360)),.UNSPECIFIED.,.F.,.F.,.F.,(4,1,4),(2,
2),(-0.0105800219290238,-0.00427887873917787,0.),(0.,9.9999999999989E-5),
 .UNSPECIFIED.);
#265=B_SPLINE_SURFACE_WITH_KNOTS('',3,1,((#5477,#5478),(#5479,#5480),(#5481,
#5482),(#5483,#5484),(#5485,#5486)),.UNSPECIFIED.,.F.,.F.,.F.,(4,1,4),(2,
2),(-0.0113759395947363,-0.00554279252517398,0.),(0.,9.9999999999989E-5),
 .UNSPECIFIED.);
#266=B_SPLINE_SURFACE_WITH_KNOTS('',3,1,((#5503,#5504),(#5505,#5506),(#5507,
#5508),(#5509,#5510),(#5511,#5512)),.UNSPECIFIED.,.F.,.F.,.F.,(4,1,4),(2,
2),(-0.0193346980639281,-0.00780148155179929,0.),(0.,9.9999999999989E-5),
 .UNSPECIFIED.);
#267=B_SPLINE_SURFACE_WITH_KNOTS('',3,1,((#5526,#5527),(#5528,#5529),(#5530,
#5531),(#5532,#5533),(#5534,#5535)),.UNSPECIFIED.,.F.,.F.,.F.,(4,1,4),(2,
2),(-0.0181040290600784,-0.0106040591258455,0.),(0.,9.9999999999989E-5),
 .UNSPECIFIED.);
#268=B_SPLINE_SURFACE_WITH_KNOTS('',3,1,((#5549,#5550),(#5551,#5552),(#5553,
#5554),(#5555,#5556),(#5557,#5558)),.UNSPECIFIED.,.F.,.F.,.F.,(4,1,4),(2,
2),(-0.0113067314088295,-0.00581994846468989,0.),(0.,9.9999999999989E-5),
 .UNSPECIFIED.);
#269=B_SPLINE_SURFACE_WITH_KNOTS('',3,1,((#5572,#5573),(#5574,#5575),(#5576,
#5577),(#5578,#5579),(#5580,#5581)),.UNSPECIFIED.,.F.,.F.,.F.,(4,1,4),(2,
2),(-0.0114567438512629,-0.00560696791126483,0.),(0.,9.9999999999989E-5),
 .UNSPECIFIED.);
#270=B_SPLINE_SURFACE_WITH_KNOTS('',3,1,((#5595,#5596),(#5597,#5598),(#5599,
#5600),(#5601,#5602),(#5603,#5604)),.UNSPECIFIED.,.F.,.F.,.F.,(4,1,4),(2,
2),(-0.0192486607501958,-0.00778112084865507,0.),(0.,9.9999999999989E-5),
 .UNSPECIFIED.);
#271=B_SPLINE_SURFACE_WITH_KNOTS('',3,1,((#5618,#5619),(#5620,#5621),(#5622,
#5623),(#5624,#5625),(#5626,#5627)),.UNSPECIFIED.,.F.,.F.,.F.,(4,1,4),(2,
2),(-0.0181898441825122,-0.0106696890077302,0.),(0.,9.9999999999989E-5),
 .UNSPECIFIED.);
#272=B_SPLINE_SURFACE_WITH_KNOTS('',3,1,((#5641,#5642),(#5643,#5644),(#5645,
#5646),(#5647,#5648),(#5649,#5650)),.UNSPECIFIED.,.F.,.F.,.F.,(4,1,4),(2,
2),(-0.0113876080485268,-0.00583663861021562,0.),(0.,9.9999999999989E-5),
 .UNSPECIFIED.);
#273=B_SPLINE_SURFACE_WITH_KNOTS('',3,1,((#5661,#5662),(#5663,#5664),(#5665,
#5666),(#5667,#5668),(#5669,#5670)),.UNSPECIFIED.,.F.,.F.,.F.,(4,1,4),(2,
2),(-0.0247841347088447,-0.0128835875873747,0.),(0.,9.9999999999989E-5),
 .UNSPECIFIED.);
#274=B_SPLINE_SURFACE_WITH_KNOTS('',3,1,((#5687,#5688),(#5689,#5690),(#5691,
#5692),(#5693,#5694),(#5695,#5696)),.UNSPECIFIED.,.F.,.F.,.F.,(4,1,4),(2,
2),(-0.0230473523068886,-0.0111751861009331,0.),(0.,9.9999999999989E-5),
 .UNSPECIFIED.);
#275=B_SPLINE_SURFACE_WITH_KNOTS('',3,1,((#5710,#5711),(#5712,#5713),(#5714,
#5715),(#5716,#5717),(#5718,#5719)),.UNSPECIFIED.,.F.,.F.,.F.,(4,1,4),(2,
2),(-0.0223903934313489,-0.0112945189910438,0.),(0.,9.9999999999989E-5),
 .UNSPECIFIED.);
#276=B_SPLINE_SURFACE_WITH_KNOTS('',3,1,((#5733,#5734),(#5735,#5736),(#5737,
#5738),(#5739,#5740),(#5741,#5742)),.UNSPECIFIED.,.F.,.F.,.F.,(4,1,4),(2,
2),(-0.0271296736701939,-0.0122416402984106,0.),(0.,9.9999999999989E-5),
 .UNSPECIFIED.);
#277=B_SPLINE_SURFACE_WITH_KNOTS('',3,1,((#5756,#5757),(#5758,#5759),(#5760,
#5761),(#5762,#5763),(#5764,#5765)),.UNSPECIFIED.,.F.,.F.,.F.,(4,1,4),(2,
2),(-0.026901045256032,-0.0146080055880629,0.),(0.,9.9999999999989E-5),
 .UNSPECIFIED.);
#278=B_SPLINE_SURFACE_WITH_KNOTS('',3,1,((#5779,#5780),(#5781,#5782),(#5783,
#5784),(#5785,#5786),(#5787,#5788)),.UNSPECIFIED.,.F.,.F.,.F.,(4,1,4),(2,
2),(-0.0222219190138948,-0.0111558510019251,0.),(0.,9.9999999999989E-5),
 .UNSPECIFIED.);
#279=B_SPLINE_SURFACE_WITH_KNOTS('',3,1,((#5802,#5803),(#5804,#5805),(#5806,
#5807),(#5808,#5809),(#5810,#5811)),.UNSPECIFIED.,.F.,.F.,.F.,(4,1,4),(2,
2),(-0.0218507831007611,-0.0109303160210162,0.),(0.,9.9999999999989E-5),
 .UNSPECIFIED.);
#280=B_SPLINE_SURFACE_WITH_KNOTS('',3,1,((#5825,#5826),(#5827,#5828),(#5829,
#5830),(#5831,#5832),(#5833,#5834)),.UNSPECIFIED.,.F.,.F.,.F.,(4,1,4),(2,
2),(-0.0278624446792837,-0.0123809464336405,0.),(0.,9.9999999999989E-5),
 .UNSPECIFIED.);
#281=B_SPLINE_SURFACE_WITH_KNOTS('',3,1,((#5847,#5848),(#5849,#5850),(#5851,
#5852),(#5853,#5854),(#5855,#5856)),.UNSPECIFIED.,.F.,.F.,.F.,(4,1,4),(2,
2),(-0.0114567342095937,-0.00560695340011048,0.),(0.,9.9999999999989E-5),
 .UNSPECIFIED.);
#282=B_SPLINE_SURFACE_WITH_KNOTS('',3,1,((#5873,#5874),(#5875,#5876),(#5877,
#5878),(#5879,#5880),(#5881,#5882)),.UNSPECIFIED.,.F.,.F.,.F.,(4,1,4),(2,
2),(-0.0193346985838289,-0.00780147464794381,0.),(0.,9.9999999999989E-5),
 .UNSPECIFIED.);
#283=B_SPLINE_SURFACE_WITH_KNOTS('',3,1,((#5896,#5897),(#5898,#5899),(#5900,
#5901),(#5902,#5903),(#5904,#5905)),.UNSPECIFIED.,.F.,.F.,.F.,(4,1,4),(2,
2),(-0.018059417028061,-0.0105493591494995,0.),(0.,9.9999999999989E-5),
 .UNSPECIFIED.);
#284=B_SPLINE_SURFACE_WITH_KNOTS('',3,1,((#5919,#5920),(#5921,#5922),(#5923,
#5924),(#5925,#5926),(#5927,#5928)),.UNSPECIFIED.,.F.,.F.,.F.,(4,1,4),(2,
2),(-0.0113308098819218,-0.00584147321309137,0.),(0.,9.9999999999989E-5),
 .UNSPECIFIED.);
#285=B_SPLINE_SURFACE_WITH_KNOTS('',3,1,((#5942,#5943),(#5944,#5945),(#5946,
#5947),(#5948,#5949),(#5950,#5951)),.UNSPECIFIED.,.F.,.F.,.F.,(4,1,4),(2,
2),(-0.0115375865590194,-0.00567117388487022,0.),(0.,9.9999999999989E-5),
 .UNSPECIFIED.);
#286=B_SPLINE_SURFACE_WITH_KNOTS('',3,1,((#5965,#5966),(#5967,#5968),(#5969,
#5970),(#5971,#5972),(#5973,#5974)),.UNSPECIFIED.,.F.,.F.,.F.,(4,1,4),(2,
2),(-0.0192486663676695,-0.00778112646612879,0.),(0.,9.9999999999989E-5),
 .UNSPECIFIED.);
#287=B_SPLINE_SURFACE_WITH_KNOTS('',3,1,((#5988,#5989),(#5990,#5991),(#5992,
#5993),(#5994,#5995),(#5996,#5997)),.UNSPECIFIED.,.F.,.F.,.F.,(4,1,4),(2,
2),(-0.0181898391136529,-0.0106696829701218,0.),(0.,9.9999999999989E-5),
 .UNSPECIFIED.);
#288=B_SPLINE_SURFACE_WITH_KNOTS('',3,1,((#6011,#6012),(#6013,#6014),(#6015,
#6016),(#6017,#6018),(#6019,#6020)),.UNSPECIFIED.,.F.,.F.,.F.,(4,1,4),(2,
2),(-0.0113875983717849,-0.00583662893347368,0.),(0.,9.9999999999989E-5),
 .UNSPECIFIED.);
#289=B_SPLINE_SURFACE_WITH_KNOTS('',3,1,((#6031,#6032),(#6033,#6034),(#6035,
#6036),(#6037,#6038),(#6039,#6040)),.UNSPECIFIED.,.F.,.F.,.F.,(4,1,4),(2,
2),(-0.0248286817604393,-0.0129380219562141,0.),(0.,9.9999999999989E-5),
 .UNSPECIFIED.);
#290=B_SPLINE_SURFACE_WITH_KNOTS('',3,1,((#6057,#6058),(#6059,#6060),(#6061,
#6062),(#6063,#6064),(#6065,#6066)),.UNSPECIFIED.,.F.,.F.,.F.,(4,1,4),(2,
2),(-0.0231050819273472,-0.0111705864004591,0.),(0.,9.9999999999989E-5),
 .UNSPECIFIED.);
#291=B_SPLINE_SURFACE_WITH_KNOTS('',3,1,((#6080,#6081),(#6082,#6083),(#6084,
#6085),(#6086,#6087),(#6088,#6089)),.UNSPECIFIED.,.F.,.F.,.F.,(4,1,4),(2,
2),(-0.0223904103449039,-0.011294518277187,0.),(0.,9.9999999999989E-5),
 .UNSPECIFIED.);
#292=B_SPLINE_SURFACE_WITH_KNOTS('',3,1,((#6103,#6104),(#6105,#6106),(#6107,
#6108),(#6109,#6110),(#6111,#6112)),.UNSPECIFIED.,.F.,.F.,.F.,(4,1,4),(2,
2),(-0.0271296596261532,-0.0122416242640939,0.),(0.,9.9999999999989E-5),
 .UNSPECIFIED.);
#293=B_SPLINE_SURFACE_WITH_KNOTS('',3,1,((#6126,#6127),(#6128,#6129),(#6130,
#6131),(#6132,#6133),(#6134,#6135)),.UNSPECIFIED.,.F.,.F.,.F.,(4,1,4),(2,
2),(-0.026901044092716,-0.0146080109168929,0.),(0.,9.9999999999989E-5),
 .UNSPECIFIED.);
#294=B_SPLINE_SURFACE_WITH_KNOTS('',3,1,((#6149,#6150),(#6151,#6152),(#6153,
#6154),(#6155,#6156),(#6157,#6158)),.UNSPECIFIED.,.F.,.F.,.F.,(4,1,4),(2,
2),(-0.0223042034213691,-0.0111735307769139,0.),(0.,9.9999999999989E-5),
 .UNSPECIFIED.);
#295=B_SPLINE_SURFACE_WITH_KNOTS('',3,1,((#6172,#6173),(#6174,#6175),(#6176,
#6177),(#6178,#6179),(#6180,#6181)),.UNSPECIFIED.,.F.,.F.,.F.,(4,1,4),(2,
2),(-0.0218727030582874,-0.0109325069367872,0.),(0.,9.9999999999989E-5),
 .UNSPECIFIED.);
#296=B_SPLINE_SURFACE_WITH_KNOTS('',3,1,((#6195,#6196),(#6197,#6198),(#6199,
#6200),(#6201,#6202),(#6203,#6204)),.UNSPECIFIED.,.F.,.F.,.F.,(4,1,4),(2,
2),(-0.0278176490043741,-0.0123906472860829,0.),(0.,9.9999999999989E-5),
 .UNSPECIFIED.);
#297=B_SPLINE_SURFACE_WITH_KNOTS('',3,1,((#6300,#6301),(#6302,#6303),(#6304,
#6305),(#6306,#6307),(#6308,#6309)),.UNSPECIFIED.,.F.,.F.,.F.,(4,1,4),(2,
2),(-0.024628098478383,-0.014211921119909,0.),(0.,9.9999999999989E-5),
 .UNSPECIFIED.);
#298=B_SPLINE_SURFACE_WITH_KNOTS('',3,1,((#6323,#6324),(#6325,#6326),(#6327,
#6328),(#6329,#6330),(#6331,#6332)),.UNSPECIFIED.,.F.,.F.,.F.,(4,1,4),(2,
2),(-0.0191131317714463,-0.00905258876346426,0.),(0.,9.9999999999989E-5),
 .UNSPECIFIED.);
#299=B_SPLINE_SURFACE_WITH_KNOTS('',3,1,((#6346,#6347),(#6348,#6349),(#6350,
#6351),(#6352,#6353),(#6354,#6355)),.UNSPECIFIED.,.F.,.F.,.F.,(4,1,4),(2,
2),(-0.014614197199635,-0.00757289429315894,0.),(0.,9.9999999999989E-5),
 .UNSPECIFIED.);
#300=B_SPLINE_SURFACE_WITH_KNOTS('',3,1,((#6369,#6370),(#6371,#6372),(#6373,
#6374),(#6375,#6376),(#6377,#6378)),.UNSPECIFIED.,.F.,.F.,.F.,(4,1,4),(2,
2),(-0.0133872763196565,-0.00672760440108824,0.),(0.,9.9999999999989E-5),
 .UNSPECIFIED.);
#301=B_SPLINE_SURFACE_WITH_KNOTS('',3,1,((#6392,#6393),(#6394,#6395),(#6396,
#6397),(#6398,#6399),(#6400,#6401)),.UNSPECIFIED.,.F.,.F.,.F.,(4,1,4),(2,
2),(-0.0159719565457661,-0.00619000085370063,0.),(0.,9.9999999999989E-5),
 .UNSPECIFIED.);
#302=B_SPLINE_SURFACE_WITH_KNOTS('',3,1,((#6439,#6440),(#6441,#6442),(#6443,
#6444),(#6445,#6446),(#6447,#6448)),.UNSPECIFIED.,.F.,.F.,.F.,(4,1,4),(2,
2),(-0.0196550432323639,-0.0113200626150294,0.),(0.,9.9999999999989E-5),
 .UNSPECIFIED.);
#303=B_SPLINE_SURFACE_WITH_KNOTS('',3,1,((#6462,#6463),(#6464,#6465),(#6466,
#6467),(#6468,#6469),(#6470,#6471)),.UNSPECIFIED.,.F.,.F.,.F.,(4,1,4),(2,
2),(-0.0171132210328943,-0.00902028108810492,0.),(0.,9.9999999999989E-5),
 .UNSPECIFIED.);
#304=B_SPLINE_SURFACE_WITH_KNOTS('',3,1,((#6485,#6486),(#6487,#6488),(#6489,
#6490),(#6491,#6492),(#6493,#6494)),.UNSPECIFIED.,.F.,.F.,.F.,(4,1,4),(2,
2),(-0.0163013857146512,-0.00786851467350737,0.),(0.,9.9999999999989E-5),
 .UNSPECIFIED.);
#305=B_SPLINE_SURFACE_WITH_KNOTS('',3,1,((#6508,#6509),(#6510,#6511),(#6512,
#6513),(#6514,#6515),(#6516,#6517)),.UNSPECIFIED.,.F.,.F.,.F.,(4,1,4),(2,
2),(-0.0181278396561945,-0.00889137312556367,0.),(0.,9.9999999999989E-5),
 .UNSPECIFIED.);
#306=B_SPLINE_SURFACE_WITH_KNOTS('',3,1,((#6531,#6532),(#6533,#6534),(#6535,
#6536),(#6537,#6538),(#6539,#6540)),.UNSPECIFIED.,.F.,.F.,.F.,(4,1,4),(2,
2),(-0.0302764820213112,-0.015395784850812,0.),(0.,9.9999999999989E-5),
 .UNSPECIFIED.);
#307=B_SPLINE_SURFACE_WITH_KNOTS('',3,1,((#6554,#6555),(#6556,#6557),(#6558,
#6559),(#6560,#6561),(#6562,#6563)),.UNSPECIFIED.,.F.,.F.,.F.,(4,1,4),(2,
2),(-0.0402692883986474,-0.0169795927417049,0.),(0.,9.9999999999989E-5),
 .UNSPECIFIED.);
#308=B_SPLINE_SURFACE_WITH_KNOTS('',3,1,((#6615,#6616),(#6617,#6618),(#6619,
#6620),(#6621,#6622),(#6623,#6624)),.UNSPECIFIED.,.F.,.F.,.F.,(4,1,4),(2,
2),(-0.0300824645687413,-0.0154928475344709,0.),(0.,9.9999999999989E-5),
 .UNSPECIFIED.);
#309=B_SPLINE_SURFACE_WITH_KNOTS('',3,1,((#6638,#6639),(#6640,#6641),(#6642,
#6643),(#6644,#6645),(#6646,#6647)),.UNSPECIFIED.,.F.,.F.,.F.,(4,1,4),(2,
2),(-0.0279999042931608,-0.014055858784508,0.),(0.,9.9999999999989E-5),
 .UNSPECIFIED.);
#310=B_SPLINE_SURFACE_WITH_KNOTS('',3,1,((#6661,#6662),(#6663,#6664),(#6665,
#6666),(#6667,#6668),(#6669,#6670)),.UNSPECIFIED.,.F.,.F.,.F.,(4,1,4),(2,
2),(-0.035708761849392,-0.0182300988788987,0.),(0.,9.9999999999989E-5),
 .UNSPECIFIED.);
#311=B_SPLINE_SURFACE_WITH_KNOTS('',3,1,((#6684,#6685),(#6686,#6687),(#6688,
#6689),(#6690,#6691),(#6692,#6693)),.UNSPECIFIED.,.F.,.F.,.F.,(4,1,4),(2,
2),(-0.0336000823638705,-0.0168565542730823,0.),(0.,9.9999999999989E-5),
 .UNSPECIFIED.);
#312=B_SPLINE_SURFACE_WITH_KNOTS('',3,1,((#6707,#6708),(#6709,#6710),(#6711,
#6712),(#6713,#6714),(#6715,#6716)),.UNSPECIFIED.,.F.,.F.,.F.,(4,1,4),(2,
2),(-0.0355201990305558,-0.0173288994282754,0.),(0.,9.9999999999989E-5),
 .UNSPECIFIED.);
#313=B_SPLINE_SURFACE_WITH_KNOTS('',3,1,((#6730,#6731),(#6732,#6733),(#6734,
#6735),(#6736,#6737),(#6738,#6739)),.UNSPECIFIED.,.F.,.F.,.F.,(4,1,4),(2,
2),(-0.0362168372682545,-0.0182884150498497,0.),(0.,9.9999999999989E-5),
 .UNSPECIFIED.);
#314=B_SPLINE_SURFACE_WITH_KNOTS('',3,1,((#6753,#6754),(#6755,#6756),(#6757,
#6758),(#6759,#6760),(#6761,#6762)),.UNSPECIFIED.,.F.,.F.,.F.,(4,1,4),(2,
2),(-0.0335787742138287,-0.0171400070346667,0.),(0.,9.9999999999989E-5),
 .UNSPECIFIED.);
#315=B_SPLINE_SURFACE_WITH_KNOTS('',3,1,((#6776,#6777),(#6778,#6779),(#6780,
#6781),(#6782,#6783),(#6784,#6785)),.UNSPECIFIED.,.F.,.F.,.F.,(4,1,4),(2,
2),(-0.0351928111424654,-0.0169578232389746,0.),(0.,9.9999999999989E-5),
 .UNSPECIFIED.);
#316=B_SPLINE_SURFACE_WITH_KNOTS('',3,1,((#6799,#6800),(#6801,#6802),(#6803,
#6804),(#6805,#6806),(#6807,#6808)),.UNSPECIFIED.,.F.,.F.,.F.,(4,1,4),(2,
2),(-0.0257888950875571,-0.013352478359546,0.),(0.,9.9999999999989E-5),
 .UNSPECIFIED.);
#317=B_SPLINE_SURFACE_WITH_KNOTS('',3,1,((#6822,#6823),(#6824,#6825),(#6826,
#6827),(#6828,#6829),(#6830,#6831)),.UNSPECIFIED.,.F.,.F.,.F.,(4,1,4),(2,
2),(-0.0219302235859184,-0.0114381527560482,0.),(0.,9.9999999999989E-5),
 .UNSPECIFIED.);
#318=B_SPLINE_SURFACE_WITH_KNOTS('',3,1,((#6845,#6846),(#6847,#6848),(#6849,
#6850),(#6851,#6852),(#6853,#6854)),.UNSPECIFIED.,.F.,.F.,.F.,(4,1,4),(2,
2),(-0.0233677253878738,-0.0108941983623532,0.),(0.,9.9999999999989E-5),
 .UNSPECIFIED.);
#319=B_SPLINE_SURFACE_WITH_KNOTS('',3,1,((#6874,#6875),(#6876,#6877),(#6878,
#6879),(#6880,#6881),(#6882,#6883)),.UNSPECIFIED.,.F.,.F.,.F.,(4,1,4),(2,
2),(-0.0171341836728898,-0.00937137506494443,0.),(0.,9.9999999999989E-5),
 .UNSPECIFIED.);
#320=B_SPLINE_SURFACE_WITH_KNOTS('',3,1,((#6897,#6898),(#6899,#6900),(#6901,
#6902),(#6903,#6904),(#6905,#6906)),.UNSPECIFIED.,.F.,.F.,.F.,(4,1,4),(2,
2),(-0.0153802688108734,-0.00728001448057292,0.),(0.,9.9999999999989E-5),
 .UNSPECIFIED.);
#321=B_SPLINE_SURFACE_WITH_KNOTS('',3,1,((#6920,#6921),(#6922,#6923),(#6924,
#6925),(#6926,#6927),(#6928,#6929)),.UNSPECIFIED.,.F.,.F.,.F.,(4,1,4),(2,
2),(-0.0181656625326692,-0.00881092009030554,0.),(0.,9.9999999999989E-5),
 .UNSPECIFIED.);
#322=B_SPLINE_SURFACE_WITH_KNOTS('',3,1,((#6943,#6944),(#6945,#6946),(#6947,
#6948),(#6949,#6950),(#6951,#6952)),.UNSPECIFIED.,.F.,.F.,.F.,(4,1,4),(2,
2),(-0.0206260591351863,-0.0109347123958712,0.),(0.,9.9999999999989E-5),
 .UNSPECIFIED.);
#323=B_SPLINE_SURFACE_WITH_KNOTS('',3,1,((#6966,#6967),(#6968,#6969),(#6970,
#6971),(#6972,#6973),(#6974,#6975)),.UNSPECIFIED.,.F.,.F.,.F.,(4,1,4),(2,
2),(-0.0167408479136833,-0.00873417350780031,0.),(0.,9.9999999999989E-5),
 .UNSPECIFIED.);
#324=B_SPLINE_SURFACE_WITH_KNOTS('',3,1,((#6989,#6990),(#6991,#6992),(#6993,
#6994),(#6995,#6996),(#6997,#6998)),.UNSPECIFIED.,.F.,.F.,.F.,(4,1,4),(2,
2),(-0.0151713421696556,-0.00765773997629993,0.),(0.,9.9999999999989E-5),
 .UNSPECIFIED.);
#325=B_SPLINE_SURFACE_WITH_KNOTS('',3,1,((#7012,#7013),(#7014,#7015),(#7016,
#7017),(#7018,#7019),(#7020,#7021)),.UNSPECIFIED.,.F.,.F.,.F.,(4,1,4),(2,
2),(-0.0265191896893347,-0.0129938673532434,0.),(0.,9.9999999999989E-5),
 .UNSPECIFIED.);
#326=B_SPLINE_SURFACE_WITH_KNOTS('',3,1,((#7035,#7036),(#7037,#7038),(#7039,
#7040),(#7041,#7042),(#7043,#7044)),.UNSPECIFIED.,.F.,.F.,.F.,(4,1,4),(2,
2),(-0.0296374401619299,-0.0158896893850283,0.),(0.,9.9999999999989E-5),
 .UNSPECIFIED.);
#327=B_SPLINE_SURFACE_WITH_KNOTS('',3,1,((#7058,#7059),(#7060,#7061),(#7062,
#7063),(#7064,#7065),(#7066,#7067)),.UNSPECIFIED.,.F.,.F.,.F.,(4,1,4),(2,
2),(-0.0247228989334467,-0.0124585583263152,0.),(0.,9.9999999999989E-5),
 .UNSPECIFIED.);
#328=B_SPLINE_SURFACE_WITH_KNOTS('',3,1,((#7081,#7082),(#7083,#7084),(#7085,
#7086),(#7087,#7088),(#7089,#7090)),.UNSPECIFIED.,.F.,.F.,.F.,(4,1,4),(2,
2),(-0.024899547296499,-0.0124274345065712,0.),(0.,9.9999999999989E-5),
 .UNSPECIFIED.);
#329=B_SPLINE_SURFACE_WITH_KNOTS('',3,1,((#7104,#7105),(#7106,#7107),(#7108,
#7109),(#7110,#7111),(#7112,#7113)),.UNSPECIFIED.,.F.,.F.,.F.,(4,1,4),(2,
2),(-0.0221411461037045,-0.0109941412591521,0.),(0.,9.9999999999989E-5),
 .UNSPECIFIED.);
#330=B_SPLINE_SURFACE_WITH_KNOTS('',3,1,((#7127,#7128),(#7129,#7130),(#7131,
#7132),(#7133,#7134),(#7135,#7136)),.UNSPECIFIED.,.F.,.F.,.F.,(4,1,4),(2,
2),(-0.0184642573627495,-0.0102658166639138,0.),(0.,9.9999999999989E-5),
 .UNSPECIFIED.);
#331=B_SPLINE_SURFACE_WITH_KNOTS('',3,1,((#7161,#7162),(#7163,#7164),(#7165,
#7166),(#7167,#7168),(#7169,#7170)),.UNSPECIFIED.,.F.,.F.,.F.,(4,1,4),(2,
2),(-0.0248850840230293,-0.0145030765604147,0.),(0.,9.9999999999989E-5),
 .UNSPECIFIED.);
#332=B_SPLINE_SURFACE_WITH_KNOTS('',3,1,((#7187,#7188),(#7189,#7190),(#7191,
#7192),(#7193,#7194),(#7195,#7196)),.UNSPECIFIED.,.F.,.F.,.F.,(4,1,4),(2,
2),(-0.0245233978301659,-0.0126964414585451,0.),(0.,9.9999999999989E-5),
 .UNSPECIFIED.);
#333=B_SPLINE_SURFACE_WITH_KNOTS('',3,1,((#7210,#7211),(#7212,#7213),(#7214,
#7215),(#7216,#7217),(#7218,#7219)),.UNSPECIFIED.,.F.,.F.,.F.,(4,1,4),(2,
2),(-0.0205996165758047,-0.00992685481062658,0.),(0.,9.9999999999989E-5),
 .UNSPECIFIED.);
#334=B_SPLINE_SURFACE_WITH_KNOTS('',3,1,((#7233,#7234),(#7235,#7236),(#7237,
#7238),(#7239,#7240),(#7241,#7242)),.UNSPECIFIED.,.F.,.F.,.F.,(4,1,4),(2,
2),(-0.0283155115199759,-0.0125681704763555,0.),(0.,9.9999999999989E-5),
 .UNSPECIFIED.);
#335=B_SPLINE_SURFACE_WITH_KNOTS('',3,1,((#7256,#7257),(#7258,#7259),(#7260,
#7261),(#7262,#7263),(#7264,#7265)),.UNSPECIFIED.,.F.,.F.,.F.,(4,1,4),(2,
2),(-0.0283464855826405,-0.0159893159057941,0.),(0.,9.9999999999989E-5),
 .UNSPECIFIED.);
#336=B_SPLINE_SURFACE_WITH_KNOTS('',3,1,((#7279,#7280),(#7281,#7282),(#7283,
#7284),(#7285,#7286),(#7287,#7288)),.UNSPECIFIED.,.F.,.F.,.F.,(4,1,4),(2,
2),(-0.0201015001896777,-0.0103310879766917,0.),(0.,9.9999999999989E-5),
 .UNSPECIFIED.);
#337=B_SPLINE_SURFACE_WITH_KNOTS('',3,1,((#7302,#7303),(#7304,#7305),(#7306,
#7307),(#7308,#7309),(#7310,#7311)),.UNSPECIFIED.,.F.,.F.,.F.,(4,1,4),(2,
2),(-0.0205995721265456,-0.00992685650100682,0.),(0.,9.9999999999989E-5),
 .UNSPECIFIED.);
#338=B_SPLINE_SURFACE_WITH_KNOTS('',3,1,((#7325,#7326),(#7327,#7328),(#7329,
#7330),(#7331,#7332),(#7333,#7334)),.UNSPECIFIED.,.F.,.F.,.F.,(4,1,4),(2,
2),(-0.0275505325702019,-0.012391997450135,0.),(0.,9.9999999999989E-5),
 .UNSPECIFIED.);
#339=B_SPLINE_SURFACE_WITH_KNOTS('',3,1,((#7372,#7373),(#7374,#7375),(#7376,
#7377),(#7378,#7379),(#7380,#7381)),.UNSPECIFIED.,.F.,.F.,.F.,(4,1,4),(2,
2),(-0.0293118009850295,-0.0147953533999286,0.),(0.,9.9999999999989E-5),
 .UNSPECIFIED.);
#340=B_SPLINE_SURFACE_WITH_KNOTS('',3,1,((#7395,#7396),(#7397,#7398),(#7399,
#7400),(#7401,#7402),(#7403,#7404)),.UNSPECIFIED.,.F.,.F.,.F.,(4,1,4),(2,
2),(-0.0167654973332978,-0.0084274305999651,0.),(0.,9.9999999999989E-5),
 .UNSPECIFIED.);
#341=B_SPLINE_SURFACE_WITH_KNOTS('',3,1,((#7418,#7419),(#7420,#7421),(#7422,
#7423),(#7424,#7425),(#7426,#7427)),.UNSPECIFIED.,.F.,.F.,.F.,(4,1,4),(2,
2),(-0.0160978884734782,-0.00815836024033041,0.),(0.,9.9999999999989E-5),
 .UNSPECIFIED.);
#342=B_SPLINE_SURFACE_WITH_KNOTS('',3,1,((#7441,#7442),(#7443,#7444),(#7445,
#7446),(#7447,#7448),(#7449,#7450)),.UNSPECIFIED.,.F.,.F.,.F.,(4,1,4),(2,
2),(-0.0171104595197209,-0.00822559722818407,0.),(0.,9.9999999999989E-5),
 .UNSPECIFIED.);
#343=B_SPLINE_SURFACE_WITH_KNOTS('',3,1,((#7464,#7465),(#7466,#7467),(#7468,
#7469),(#7470,#7471),(#7472,#7473)),.UNSPECIFIED.,.F.,.F.,.F.,(4,1,4),(2,
2),(-0.0192486870038382,-0.00942368896108356,0.),(0.,9.9999999999989E-5),
 .UNSPECIFIED.);
#344=B_SPLINE_SURFACE_WITH_KNOTS('',3,1,((#7487,#7488),(#7489,#7490),(#7491,
#7492),(#7493,#7494),(#7495,#7496)),.UNSPECIFIED.,.F.,.F.,.F.,(4,1,4),(2,
2),(-0.0396267710697287,-0.0214753837620139,0.),(0.,9.9999999999989E-5),
 .UNSPECIFIED.);
#345=B_SPLINE_SURFACE_WITH_KNOTS('',3,1,((#7510,#7511),(#7512,#7513),(#7514,
#7515),(#7516,#7517),(#7518,#7519)),.UNSPECIFIED.,.F.,.F.,.F.,(4,1,4),(2,
2),(-0.0321028926737632,-0.0163344834499343,0.),(0.,9.9999999999989E-5),
 .UNSPECIFIED.);
#346=B_SPLINE_SURFACE_WITH_KNOTS('',3,1,((#7533,#7534),(#7535,#7536),(#7537,
#7538),(#7539,#7540),(#7541,#7542)),.UNSPECIFIED.,.F.,.F.,.F.,(4,1,4),(2,
2),(-0.0303795729372772,-0.0151418874485864,0.),(0.,9.9999999999989E-5),
 .UNSPECIFIED.);
#347=B_SPLINE_SURFACE_WITH_KNOTS('',3,1,((#7587,#7588),(#7589,#7590),(#7591,
#7592),(#7593,#7594),(#7595,#7596)),.UNSPECIFIED.,.F.,.F.,.F.,(4,1,4),(2,
2),(-0.0432491578328453,-0.0264872826880705,0.),(0.,9.9999999999989E-5),
 .UNSPECIFIED.);
#348=B_SPLINE_SURFACE_WITH_KNOTS('',3,1,((#7613,#7614),(#7615,#7616),(#7617,
#7618),(#7619,#7620),(#7621,#7622)),.UNSPECIFIED.,.F.,.F.,.F.,(4,1,4),(2,
2),(-0.0218075419142823,-0.0114390454926203,0.),(0.,9.9999999999989E-5),
 .UNSPECIFIED.);
#349=B_SPLINE_SURFACE_WITH_KNOTS('',3,1,((#7636,#7637),(#7638,#7639),(#7640,
#7641),(#7642,#7643),(#7644,#7645)),.UNSPECIFIED.,.F.,.F.,.F.,(4,1,4),(2,
2),(-0.0218330688484676,-0.0103712902066919,0.),(0.,9.9999999999989E-5),
 .UNSPECIFIED.);
#350=B_SPLINE_SURFACE_WITH_KNOTS('',3,1,((#7659,#7660),(#7661,#7662),(#7663,
#7664),(#7665,#7666),(#7667,#7668)),.UNSPECIFIED.,.F.,.F.,.F.,(4,1,4),(2,
2),(-0.0432047121091898,-0.0167722348382499,0.),(0.,9.9999999999989E-5),
 .UNSPECIFIED.);
#351=B_SPLINE_SURFACE_WITH_KNOTS('',3,1,((#7682,#7683),(#7684,#7685),(#7686,
#7687),(#7688,#7689),(#7690,#7691)),.UNSPECIFIED.,.F.,.F.,.F.,(4,1,4),(2,
2),(-0.0432935900437526,-0.0265420737994195,0.),(0.,9.9999999999989E-5),
 .UNSPECIFIED.);
#352=B_SPLINE_SURFACE_WITH_KNOTS('',3,1,((#7705,#7706),(#7707,#7708),(#7709,
#7710),(#7711,#7712),(#7713,#7714)),.UNSPECIFIED.,.F.,.F.,.F.,(4,1,4),(2,
2),(-0.0219416964330176,-0.0114483501982958,0.),(0.,9.9999999999989E-5),
 .UNSPECIFIED.);
#353=B_SPLINE_SURFACE_WITH_KNOTS('',3,1,((#7728,#7729),(#7730,#7731),(#7732,
#7733),(#7734,#7735),(#7736,#7737)),.UNSPECIFIED.,.F.,.F.,.F.,(4,1,4),(2,
2),(-0.0203489810426625,-0.0100677256393114,0.),(0.,9.9999999999989E-5),
 .UNSPECIFIED.);
#354=B_SPLINE_SURFACE_WITH_KNOTS('',3,1,((#7751,#7752),(#7753,#7754),(#7755,
#7756),(#7757,#7758),(#7759,#7760)),.UNSPECIFIED.,.F.,.F.,.F.,(4,1,4),(2,
2),(-0.0446694955866149,-0.0178508016871308,0.),(0.,9.9999999999989E-5),
 .UNSPECIFIED.);
#355=B_SPLINE_SURFACE_WITH_KNOTS('',3,1,((#7771,#7772),(#7773,#7774),(#7775,
#7776),(#7777,#7778),(#7779,#7780)),.UNSPECIFIED.,.F.,.F.,.F.,(4,1,4),(2,
2),(-0.0371960259513769,-0.0206548234396975,0.),(0.,9.9999999999989E-5),
 .UNSPECIFIED.);
#356=B_SPLINE_SURFACE_WITH_KNOTS('',3,1,((#7797,#7798),(#7799,#7800),(#7801,
#7802),(#7803,#7804),(#7805,#7806)),.UNSPECIFIED.,.F.,.F.,.F.,(4,1,4),(2,
2),(-0.025893244781471,-0.0136520466741325,0.),(0.,9.9999999999989E-5),
 .UNSPECIFIED.);
#357=B_SPLINE_SURFACE_WITH_KNOTS('',3,1,((#7820,#7821),(#7822,#7823),(#7824,
#7825),(#7826,#7827),(#7828,#7829)),.UNSPECIFIED.,.F.,.F.,.F.,(4,1,4),(2,
2),(-0.0249092081878341,-0.0119061816103987,0.),(0.,9.9999999999989E-5),
 .UNSPECIFIED.);
#358=B_SPLINE_SURFACE_WITH_KNOTS('',3,1,((#7843,#7844),(#7845,#7846),(#7847,
#7848),(#7849,#7850),(#7851,#7852)),.UNSPECIFIED.,.F.,.F.,.F.,(4,1,4),(2,
2),(-0.0188100219615906,-0.00978968750870124,0.),(0.,9.9999999999989E-5),
 .UNSPECIFIED.);
#359=B_SPLINE_SURFACE_WITH_KNOTS('',3,1,((#7866,#7867),(#7868,#7869),(#7870,
#7871),(#7872,#7873),(#7874,#7875)),.UNSPECIFIED.,.F.,.F.,.F.,(4,1,4),(2,
2),(-0.0178074603156713,-0.00877391647399097,0.),(0.,9.9999999999989E-5),
 .UNSPECIFIED.);
#360=B_SPLINE_SURFACE_WITH_KNOTS('',3,1,((#7889,#7890),(#7891,#7892),(#7893,
#7894),(#7895,#7896),(#7897,#7898)),.UNSPECIFIED.,.F.,.F.,.F.,(4,1,4),(2,
2),(-0.0208300634285636,-0.0098377184085544,0.),(0.,9.9999999999989E-5),
 .UNSPECIFIED.);
#361=B_SPLINE_SURFACE_WITH_KNOTS('',3,1,((#7912,#7913),(#7914,#7915),(#7916,
#7917),(#7918,#7919),(#7920,#7921)),.UNSPECIFIED.,.F.,.F.,.F.,(4,1,4),(2,
2),(-0.0306466259226378,-0.0134377425650823,0.),(0.,9.9999999999989E-5),
 .UNSPECIFIED.);
#362=B_SPLINE_SURFACE_WITH_KNOTS('',3,1,((#7935,#7936),(#7937,#7938),(#7939,
#7940),(#7941,#7942),(#7943,#7944)),.UNSPECIFIED.,.F.,.F.,.F.,(4,1,4),(2,
2),(-0.0370138243303845,-0.0205225666142214,0.),(0.,9.9999999999989E-5),
 .UNSPECIFIED.);
#363=B_SPLINE_SURFACE_WITH_KNOTS('',3,1,((#7958,#7959),(#7960,#7961),(#7962,
#7963),(#7964,#7965),(#7966,#7967)),.UNSPECIFIED.,.F.,.F.,.F.,(4,1,4),(2,
2),(-0.0259064896423448,-0.0136479135248855,0.),(0.,9.9999999999989E-5),
 .UNSPECIFIED.);
#364=B_SPLINE_SURFACE_WITH_KNOTS('',3,1,((#7981,#7982),(#7983,#7984),(#7985,
#7986),(#7987,#7988),(#7989,#7990)),.UNSPECIFIED.,.F.,.F.,.F.,(4,1,4),(2,
2),(-0.0250110686560055,-0.0119412199916081,0.),(0.,9.9999999999989E-5),
 .UNSPECIFIED.);
#365=B_SPLINE_SURFACE_WITH_KNOTS('',3,1,((#8004,#8005),(#8006,#8007),(#8008,
#8009),(#8010,#8011),(#8012,#8013)),.UNSPECIFIED.,.F.,.F.,.F.,(4,1,4),(2,
2),(-0.0330903092950429,-0.0169652926570359,0.),(0.,9.9999999999989E-5),
 .UNSPECIFIED.);
#366=B_SPLINE_SURFACE_WITH_KNOTS('',3,1,((#8027,#8028),(#8029,#8030),(#8031,
#8032),(#8033,#8034),(#8035,#8036)),.UNSPECIFIED.,.F.,.F.,.F.,(4,1,4),(2,
2),(-0.0546054008646615,-0.0231982699092814,0.),(0.,9.9999999999989E-5),
 .UNSPECIFIED.);
#367=STYLED_ITEM('',(#8193),#380);
#368=STYLED_ITEM('',(#8194),#381);
#369=STYLED_ITEM('',(#8194),#382);
#370=STYLED_ITEM('',(#8194),#383);
#371=STYLED_ITEM('',(#8194),#384);
#372=STYLED_ITEM('',(#8194),#385);
#373=STYLED_ITEM('',(#8194),#386);
#374=STYLED_ITEM('',(#8194),#387);
#375=STYLED_ITEM('',(#8194),#388);
#376=STYLED_ITEM('',(#8194),#389);
#377=STYLED_ITEM('',(#8194),#390);
#378=STYLED_ITEM('',(#8194),#391);
#379=STYLED_ITEM('',(#8194),#392);
#380=MANIFOLD_SOLID_BREP('Body1',#4179);
#381=MANIFOLD_SOLID_BREP('Body2',#4180);
#382=MANIFOLD_SOLID_BREP('Body3',#4181);
#383=MANIFOLD_SOLID_BREP('Body4',#4182);
#384=MANIFOLD_SOLID_BREP('Body5',#4183);
#385=MANIFOLD_SOLID_BREP('Body6',#4184);
#386=MANIFOLD_SOLID_BREP('Body7',#4185);
#387=MANIFOLD_SOLID_BREP('Body8',#4186);
#388=MANIFOLD_SOLID_BREP('Body9',#4187);
#389=MANIFOLD_SOLID_BREP('Body10',#4188);
#390=MANIFOLD_SOLID_BREP('Body11',#4189);
#391=MANIFOLD_SOLID_BREP('Body12',#4190);
#392=MANIFOLD_SOLID_BREP('Body13',#4191);
#393=FACE_BOUND('',#1477,.T.);
#394=FACE_BOUND('',#1482,.T.);
#395=FACE_BOUND('',#1512,.T.);
#396=FACE_BOUND('',#1514,.T.);
#397=FACE_BOUND('',#1530,.T.);
#398=FACE_BOUND('',#1532,.T.);
#399=FACE_BOUND('',#1550,.T.);
#400=FACE_BOUND('',#1552,.T.);
#401=FACE_BOUND('',#1570,.T.);
#402=FACE_BOUND('',#1572,.T.);
#403=FACE_BOUND('',#1607,.T.);
#404=FACE_BOUND('',#1609,.T.);
#405=FACE_BOUND('',#1663,.T.);
#406=FACE_BOUND('',#1665,.T.);
#407=FACE_BOUND('',#1693,.T.);
#408=FACE_BOUND('',#1695,.T.);
#409=FACE_BOUND('',#1711,.T.);
#410=FACE_BOUND('',#1713,.T.);
#411=PLANE('',#4211);
#412=PLANE('',#4216);
#413=PLANE('',#4219);
#414=PLANE('',#4220);
#415=PLANE('',#4221);
#416=PLANE('',#4222);
#417=PLANE('',#4223);
#418=PLANE('',#4224);
#419=PLANE('',#4225);
#420=PLANE('',#4226);
#421=PLANE('',#4227);
#422=PLANE('',#4228);
#423=PLANE('',#4229);
#424=PLANE('',#4230);
#425=PLANE('',#4231);
#426=PLANE('',#4232);
#427=PLANE('',#4233);
#428=PLANE('',#4234);
#429=PLANE('',#4235);
#430=PLANE('',#4236);
#431=PLANE('',#4237);
#432=PLANE('',#4238);
#433=PLANE('',#4239);
#434=PLANE('',#4240);
#435=PLANE('',#4241);
#436=PLANE('',#4242);
#437=PLANE('',#4243);
#438=PLANE('',#4244);
#439=PLANE('',#4245);
#440=PLANE('',#4246);
#441=PLANE('',#4247);
#442=PLANE('',#4248);
#443=PLANE('',#4249);
#444=PLANE('',#4250);
#445=PLANE('',#4251);
#446=PLANE('',#4252);
#447=PLANE('',#4253);
#448=PLANE('',#4254);
#449=PLANE('',#4255);
#450=PLANE('',#4256);
#451=PLANE('',#4257);
#452=PLANE('',#4258);
#453=PLANE('',#4259);
#454=PLANE('',#4260);
#455=PLANE('',#4261);
#456=PLANE('',#4262);
#457=PLANE('',#4263);
#458=PLANE('',#4264);
#459=PLANE('',#4265);
#460=PLANE('',#4266);
#461=PLANE('',#4267);
#462=PLANE('',#4268);
#463=PLANE('',#4269);
#464=PLANE('',#4270);
#465=PLANE('',#4271);
#466=PLANE('',#4272);
#467=PLANE('',#4273);
#468=PLANE('',#4274);
#469=PLANE('',#4275);
#470=PLANE('',#4276);
#471=PLANE('',#4277);
#472=PLANE('',#4278);
#473=PLANE('',#4279);
#474=PLANE('',#4280);
#475=PLANE('',#4281);
#476=PLANE('',#4282);
#477=PLANE('',#4283);
#478=PLANE('',#4284);
#479=PLANE('',#4285);
#480=PLANE('',#4286);
#481=PLANE('',#4287);
#482=PLANE('',#4288);
#483=PLANE('',#4289);
#484=PLANE('',#4290);
#485=PLANE('',#4291);
#486=PLANE('',#4292);
#487=PLANE('',#4293);
#488=PLANE('',#4294);
#489=PLANE('',#4295);
#490=PLANE('',#4296);
#491=PLANE('',#4297);
#492=PLANE('',#4298);
#493=PLANE('',#4299);
#494=PLANE('',#4300);
#495=PLANE('',#4301);
#496=PLANE('',#4302);
#497=PLANE('',#4303);
#498=PLANE('',#4304);
#499=PLANE('',#4305);
#500=PLANE('',#4306);
#501=PLANE('',#4307);
#502=PLANE('',#4308);
#503=PLANE('',#4309);
#504=PLANE('',#4310);
#505=PLANE('',#4311);
#506=PLANE('',#4312);
#507=PLANE('',#4313);
#508=PLANE('',#4314);
#509=PLANE('',#4315);
#510=PLANE('',#4316);
#511=PLANE('',#4317);
#512=PLANE('',#4318);
#513=PLANE('',#4319);
#514=PLANE('',#4320);
#515=PLANE('',#4321);
#516=PLANE('',#4322);
#517=PLANE('',#4323);
#518=PLANE('',#4324);
#519=LINE('',#4938,#880);
#520=LINE('',#4946,#881);
#521=LINE('',#4952,#882);
#522=LINE('',#4958,#883);
#523=LINE('',#4960,#884);
#524=LINE('',#4962,#885);
#525=LINE('',#4963,#886);
#526=LINE('',#4986,#887);
#527=LINE('',#5009,#888);
#528=LINE('',#5032,#889);
#529=LINE('',#5055,#890);
#530=LINE('',#5078,#891);
#531=LINE('',#5081,#892);
#532=LINE('',#5083,#893);
#533=LINE('',#5084,#894);
#534=LINE('',#5086,#895);
#535=LINE('',#5087,#896);
#536=LINE('',#5091,#897);
#537=LINE('',#5093,#898);
#538=LINE('',#5095,#899);
#539=LINE('',#5096,#900);
#540=LINE('',#5099,#901);
#541=LINE('',#5101,#902);
#542=LINE('',#5102,#903);
#543=LINE('',#5125,#904);
#544=LINE('',#5148,#905);
#545=LINE('',#5171,#906);
#546=LINE('',#5194,#907);
#547=LINE('',#5217,#908);
#548=LINE('',#5240,#909);
#549=LINE('',#5263,#910);
#550=LINE('',#5266,#911);
#551=LINE('',#5268,#912);
#552=LINE('',#5269,#913);
#553=LINE('',#5272,#914);
#554=LINE('',#5274,#915);
#555=LINE('',#5275,#916);
#556=LINE('',#5278,#917);
#557=LINE('',#5280,#918);
#558=LINE('',#5281,#919);
#559=LINE('',#5304,#920);
#560=LINE('',#5327,#921);
#561=LINE('',#5350,#922);
#562=LINE('',#5373,#923);
#563=LINE('',#5376,#924);
#564=LINE('',#5378,#925);
#565=LINE('',#5379,#926);
#566=LINE('',#5382,#927);
#567=LINE('',#5384,#928);
#568=LINE('',#5385,#929);
#569=LINE('',#5387,#930);
#570=LINE('',#5388,#931);
#571=LINE('',#5394,#932);
#572=LINE('',#5396,#933);
#573=LINE('',#5398,#934);
#574=LINE('',#5399,#935);
#575=LINE('',#5402,#936);
#576=LINE('',#5404,#937);
#577=LINE('',#5405,#938);
#578=LINE('',#5407,#939);
#579=LINE('',#5408,#940);
#580=LINE('',#5412,#941);
#581=LINE('',#5414,#942);
#582=LINE('',#5416,#943);
#583=LINE('',#5417,#944);
#584=LINE('',#5420,#945);
#585=LINE('',#5422,#946);
#586=LINE('',#5423,#947);
#587=LINE('',#5426,#948);
#588=LINE('',#5428,#949);
#589=LINE('',#5429,#950);
#590=LINE('',#5432,#951);
#591=LINE('',#5434,#952);
#592=LINE('',#5435,#953);
#593=LINE('',#5438,#954);
#594=LINE('',#5440,#955);
#595=LINE('',#5441,#956);
#596=LINE('',#5444,#957);
#597=LINE('',#5446,#958);
#598=LINE('',#5447,#959);
#599=LINE('',#5450,#960);
#600=LINE('',#5452,#961);
#601=LINE('',#5453,#962);
#602=LINE('',#5456,#963);
#603=LINE('',#5458,#964);
#604=LINE('',#5459,#965);
#605=LINE('',#5462,#966);
#606=LINE('',#5464,#967);
#607=LINE('',#5465,#968);
#608=LINE('',#5468,#969);
#609=LINE('',#5470,#970);
#610=LINE('',#5471,#971);
#611=LINE('',#5473,#972);
#612=LINE('',#5474,#973);
#613=LINE('',#5495,#974);
#614=LINE('',#5502,#975);
#615=LINE('',#5525,#976);
#616=LINE('',#5548,#977);
#617=LINE('',#5571,#978);
#618=LINE('',#5594,#979);
#619=LINE('',#5617,#980);
#620=LINE('',#5640,#981);
#621=LINE('',#5679,#982);
#622=LINE('',#5686,#983);
#623=LINE('',#5709,#984);
#624=LINE('',#5732,#985);
#625=LINE('',#5755,#986);
#626=LINE('',#5778,#987);
#627=LINE('',#5801,#988);
#628=LINE('',#5824,#989);
#629=LINE('',#5865,#990);
#630=LINE('',#5872,#991);
#631=LINE('',#5895,#992);
#632=LINE('',#5918,#993);
#633=LINE('',#5941,#994);
#634=LINE('',#5964,#995);
#635=LINE('',#5987,#996);
#636=LINE('',#6010,#997);
#637=LINE('',#6049,#998);
#638=LINE('',#6056,#999);
#639=LINE('',#6079,#1000);
#640=LINE('',#6102,#1001);
#641=LINE('',#6125,#1002);
#642=LINE('',#6148,#1003);
#643=LINE('',#6171,#1004);
#644=LINE('',#6194,#1005);
#645=LINE('',#6220,#1006);
#646=LINE('',#6222,#1007);
#647=LINE('',#6224,#1008);
#648=LINE('',#6225,#1009);
#649=LINE('',#6228,#1010);
#650=LINE('',#6230,#1011);
#651=LINE('',#6231,#1012);
#652=LINE('',#6234,#1013);
#653=LINE('',#6236,#1014);
#654=LINE('',#6237,#1015);
#655=LINE('',#6240,#1016);
#656=LINE('',#6242,#1017);
#657=LINE('',#6243,#1018);
#658=LINE('',#6246,#1019);
#659=LINE('',#6248,#1020);
#660=LINE('',#6249,#1021);
#661=LINE('',#6252,#1022);
#662=LINE('',#6254,#1023);
#663=LINE('',#6255,#1024);
#664=LINE('',#6258,#1025);
#665=LINE('',#6260,#1026);
#666=LINE('',#6261,#1027);
#667=LINE('',#6264,#1028);
#668=LINE('',#6266,#1029);
#669=LINE('',#6267,#1030);
#670=LINE('',#6270,#1031);
#671=LINE('',#6272,#1032);
#672=LINE('',#6273,#1033);
#673=LINE('',#6276,#1034);
#674=LINE('',#6278,#1035);
#675=LINE('',#6279,#1036);
#676=LINE('',#6282,#1037);
#677=LINE('',#6284,#1038);
#678=LINE('',#6285,#1039);
#679=LINE('',#6287,#1040);
#680=LINE('',#6288,#1041);
#681=LINE('',#6294,#1042);
#682=LINE('',#6296,#1043);
#683=LINE('',#6298,#1044);
#684=LINE('',#6299,#1045);
#685=LINE('',#6322,#1046);
#686=LINE('',#6345,#1047);
#687=LINE('',#6368,#1048);
#688=LINE('',#6391,#1049);
#689=LINE('',#6414,#1050);
#690=LINE('',#6417,#1051);
#691=LINE('',#6419,#1052);
#692=LINE('',#6420,#1053);
#693=LINE('',#6422,#1054);
#694=LINE('',#6423,#1055);
#695=LINE('',#6427,#1056);
#696=LINE('',#6429,#1057);
#697=LINE('',#6431,#1058);
#698=LINE('',#6432,#1059);
#699=LINE('',#6435,#1060);
#700=LINE('',#6437,#1061);
#701=LINE('',#6438,#1062);
#702=LINE('',#6461,#1063);
#703=LINE('',#6484,#1064);
#704=LINE('',#6507,#1065);
#705=LINE('',#6530,#1066);
#706=LINE('',#6553,#1067);
#707=LINE('',#6576,#1068);
#708=LINE('',#6579,#1069);
#709=LINE('',#6581,#1070);
#710=LINE('',#6582,#1071);
#711=LINE('',#6585,#1072);
#712=LINE('',#6587,#1073);
#713=LINE('',#6588,#1074);
#714=LINE('',#6590,#1075);
#715=LINE('',#6591,#1076);
#716=LINE('',#6597,#1077);
#717=LINE('',#6599,#1078);
#718=LINE('',#6601,#1079);
#719=LINE('',#6602,#1080);
#720=LINE('',#6605,#1081);
#721=LINE('',#6607,#1082);
#722=LINE('',#6608,#1083);
#723=LINE('',#6611,#1084);
#724=LINE('',#6613,#1085);
#725=LINE('',#6614,#1086);
#726=LINE('',#6637,#1087);
#727=LINE('',#6660,#1088);
#728=LINE('',#6683,#1089);
#729=LINE('',#6706,#1090);
#730=LINE('',#6729,#1091);
#731=LINE('',#6752,#1092);
#732=LINE('',#6775,#1093);
#733=LINE('',#6798,#1094);
#734=LINE('',#6821,#1095);
#735=LINE('',#6844,#1096);
#736=LINE('',#6867,#1097);
#737=LINE('',#6870,#1098);
#738=LINE('',#6872,#1099);
#739=LINE('',#6873,#1100);
#740=LINE('',#6896,#1101);
#741=LINE('',#6919,#1102);
#742=LINE('',#6942,#1103);
#743=LINE('',#6965,#1104);
#744=LINE('',#6988,#1105);
#745=LINE('',#7011,#1106);
#746=LINE('',#7034,#1107);
#747=LINE('',#7057,#1108);
#748=LINE('',#7080,#1109);
#749=LINE('',#7103,#1110);
#750=LINE('',#7126,#1111);
#751=LINE('',#7149,#1112);
#752=LINE('',#7152,#1113);
#753=LINE('',#7154,#1114);
#754=LINE('',#7155,#1115);
#755=LINE('',#7157,#1116);
#756=LINE('',#7158,#1117);
#757=LINE('',#7179,#1118);
#758=LINE('',#7186,#1119);
#759=LINE('',#7209,#1120);
#760=LINE('',#7232,#1121);
#761=LINE('',#7255,#1122);
#762=LINE('',#7278,#1123);
#763=LINE('',#7301,#1124);
#764=LINE('',#7324,#1125);
#765=LINE('',#7348,#1126);
#766=LINE('',#7350,#1127);
#767=LINE('',#7352,#1128);
#768=LINE('',#7353,#1129);
#769=LINE('',#7356,#1130);
#770=LINE('',#7358,#1131);
#771=LINE('',#7359,#1132);
#772=LINE('',#7362,#1133);
#773=LINE('',#7364,#1134);
#774=LINE('',#7365,#1135);
#775=LINE('',#7368,#1136);
#776=LINE('',#7370,#1137);
#777=LINE('',#7371,#1138);
#778=LINE('',#7394,#1139);
#779=LINE('',#7417,#1140);
#780=LINE('',#7440,#1141);
#781=LINE('',#7463,#1142);
#782=LINE('',#7486,#1143);
#783=LINE('',#7509,#1144);
#784=LINE('',#7532,#1145);
#785=LINE('',#7555,#1146);
#786=LINE('',#7557,#1147);
#787=LINE('',#7558,#1148);
#788=LINE('',#7564,#1149);
#789=LINE('',#7566,#1150);
#790=LINE('',#7568,#1151);
#791=LINE('',#7569,#1152);
#792=LINE('',#7572,#1153);
#793=LINE('',#7574,#1154);
#794=LINE('',#7575,#1155);
#795=LINE('',#7578,#1156);
#796=LINE('',#7580,#1157);
#797=LINE('',#7581,#1158);
#798=LINE('',#7583,#1159);
#799=LINE('',#7584,#1160);
#800=LINE('',#7605,#1161);
#801=LINE('',#7612,#1162);
#802=LINE('',#7635,#1163);
#803=LINE('',#7658,#1164);
#804=LINE('',#7681,#1165);
#805=LINE('',#7704,#1166);
#806=LINE('',#7727,#1167);
#807=LINE('',#7750,#1168);
#808=LINE('',#7789,#1169);
#809=LINE('',#7796,#1170);
#810=LINE('',#7819,#1171);
#811=LINE('',#7842,#1172);
#812=LINE('',#7865,#1173);
#813=LINE('',#7888,#1174);
#814=LINE('',#7911,#1175);
#815=LINE('',#7934,#1176);
#816=LINE('',#7957,#1177);
#817=LINE('',#7980,#1178);
#818=LINE('',#8003,#1179);
#819=LINE('',#8026,#1180);
#820=LINE('',#8052,#1181);
#821=LINE('',#8054,#1182);
#822=LINE('',#8056,#1183);
#823=LINE('',#8057,#1184);
#824=LINE('',#8060,#1185);
#825=LINE('',#8062,#1186);
#826=LINE('',#8063,#1187);
#827=LINE('',#8065,#1188);
#828=LINE('',#8066,#1189);
#829=LINE('',#8070,#1190);
#830=LINE('',#8072,#1191);
#831=LINE('',#8074,#1192);
#832=LINE('',#8075,#1193);
#833=LINE('',#8078,#1194);
#834=LINE('',#8080,#1195);
#835=LINE('',#8081,#1196);
#836=LINE('',#8084,#1197);
#837=LINE('',#8086,#1198);
#838=LINE('',#8087,#1199);
#839=LINE('',#8090,#1200);
#840=LINE('',#8092,#1201);
#841=LINE('',#8093,#1202);
#842=LINE('',#8096,#1203);
#843=LINE('',#8098,#1204);
#844=LINE('',#8099,#1205);
#845=LINE('',#8102,#1206);
#846=LINE('',#8104,#1207);
#847=LINE('',#8105,#1208);
#848=LINE('',#8108,#1209);
#849=LINE('',#8110,#1210);
#850=LINE('',#8111,#1211);
#851=LINE('',#8114,#1212);
#852=LINE('',#8116,#1213);
#853=LINE('',#8117,#1214);
#854=LINE('',#8120,#1215);
#855=LINE('',#8122,#1216);
#856=LINE('',#8123,#1217);
#857=LINE('',#8126,#1218);
#858=LINE('',#8128,#1219);
#859=LINE('',#8129,#1220);
#860=LINE('',#8131,#1221);
#861=LINE('',#8132,#1222);
#862=LINE('',#8138,#1223);
#863=LINE('',#8140,#1224);
#864=LINE('',#8142,#1225);
#865=LINE('',#8143,#1226);
#866=LINE('',#8146,#1227);
#867=LINE('',#8148,#1228);
#868=LINE('',#8149,#1229);
#869=LINE('',#8152,#1230);
#870=LINE('',#8154,#1231);
#871=LINE('',#8155,#1232);
#872=LINE('',#8158,#1233);
#873=LINE('',#8160,#1234);
#874=LINE('',#8161,#1235);
#875=LINE('',#8164,#1236);
#876=LINE('',#8166,#1237);
#877=LINE('',#8167,#1238);
#878=LINE('',#8169,#1239);
#879=LINE('',#8170,#1240);
#880=VECTOR('',#4339,5.75);
#881=VECTOR('',#4348,4.075);
#882=VECTOR('',#4357,4.5);
#883=VECTOR('',#4364,10.);
#884=VECTOR('',#4365,10.);
#885=VECTOR('',#4366,10.);
#886=VECTOR('',#4367,10.);
#887=VECTOR('',#4368,10.);
#888=VECTOR('',#4369,10.);
#889=VECTOR('',#4370,10.);
#890=VECTOR('',#4371,10.);
#891=VECTOR('',#4372,10.);
#892=VECTOR('',#4375,10.);
#893=VECTOR('',#4376,10.);
#894=VECTOR('',#4377,10.);
#895=VECTOR('',#4380,10.);
#896=VECTOR('',#4381,10.);
#897=VECTOR('',#4384,10.);
#898=VECTOR('',#4385,10.);
#899=VECTOR('',#4386,10.);
#900=VECTOR('',#4387,10.);
#901=VECTOR('',#4390,10.);
#902=VECTOR('',#4391,10.);
#903=VECTOR('',#4392,10.);
#904=VECTOR('',#4393,10.);
#905=VECTOR('',#4394,10.);
#906=VECTOR('',#4395,10.);
#907=VECTOR('',#4396,10.);
#908=VECTOR('',#4397,10.);
#909=VECTOR('',#4398,10.);
#910=VECTOR('',#4399,10.);
#911=VECTOR('',#4402,10.);
#912=VECTOR('',#4403,10.);
#913=VECTOR('',#4404,10.);
#914=VECTOR('',#4407,10.);
#915=VECTOR('',#4408,10.);
#916=VECTOR('',#4409,10.);
#917=VECTOR('',#4412,10.);
#918=VECTOR('',#4413,10.);
#919=VECTOR('',#4414,10.);
#920=VECTOR('',#4415,10.);
#921=VECTOR('',#4416,10.);
#922=VECTOR('',#4417,10.);
#923=VECTOR('',#4418,10.);
#924=VECTOR('',#4421,10.);
#925=VECTOR('',#4422,10.);
#926=VECTOR('',#4423,10.);
#927=VECTOR('',#4426,10.);
#928=VECTOR('',#4427,10.);
#929=VECTOR('',#4428,10.);
#930=VECTOR('',#4431,10.);
#931=VECTOR('',#4432,10.);
#932=VECTOR('',#4439,10.);
#933=VECTOR('',#4440,10.);
#934=VECTOR('',#4441,10.);
#935=VECTOR('',#4442,10.);
#936=VECTOR('',#4445,10.);
#937=VECTOR('',#4446,10.);
#938=VECTOR('',#4447,10.);
#939=VECTOR('',#4450,10.);
#940=VECTOR('',#4451,10.);
#941=VECTOR('',#4454,10.);
#942=VECTOR('',#4455,10.);
#943=VECTOR('',#4456,10.);
#944=VECTOR('',#4457,10.);
#945=VECTOR('',#4460,10.);
#946=VECTOR('',#4461,10.);
#947=VECTOR('',#4462,10.);
#948=VECTOR('',#4465,10.);
#949=VECTOR('',#4466,10.);
#950=VECTOR('',#4467,10.);
#951=VECTOR('',#4470,10.);
#952=VECTOR('',#4471,10.);
#953=VECTOR('',#4472,10.);
#954=VECTOR('',#4475,10.);
#955=VECTOR('',#4476,10.);
#956=VECTOR('',#4477,10.);
#957=VECTOR('',#4480,10.);
#958=VECTOR('',#4481,10.);
#959=VECTOR('',#4482,10.);
#960=VECTOR('',#4485,10.);
#961=VECTOR('',#4486,10.);
#962=VECTOR('',#4487,10.);
#963=VECTOR('',#4490,10.);
#964=VECTOR('',#4491,10.);
#965=VECTOR('',#4492,10.);
#966=VECTOR('',#4495,10.);
#967=VECTOR('',#4496,10.);
#968=VECTOR('',#4497,10.);
#969=VECTOR('',#4500,10.);
#970=VECTOR('',#4501,10.);
#971=VECTOR('',#4502,10.);
#972=VECTOR('',#4505,10.);
#973=VECTOR('',#4506,10.);
#974=VECTOR('',#4511,10.);
#975=VECTOR('',#4512,10.);
#976=VECTOR('',#4513,10.);
#977=VECTOR('',#4514,10.);
#978=VECTOR('',#4515,10.);
#979=VECTOR('',#4516,10.);
#980=VECTOR('',#4517,10.);
#981=VECTOR('',#4518,10.);
#982=VECTOR('',#4519,10.);
#983=VECTOR('',#4520,10.);
#984=VECTOR('',#4521,10.);
#985=VECTOR('',#4522,10.);
#986=VECTOR('',#4523,10.);
#987=VECTOR('',#4524,10.);
#988=VECTOR('',#4525,10.);
#989=VECTOR('',#4526,10.);
#990=VECTOR('',#4531,10.);
#991=VECTOR('',#4532,10.);
#992=VECTOR('',#4533,10.);
#993=VECTOR('',#4534,10.);
#994=VECTOR('',#4535,10.);
#995=VECTOR('',#4536,10.);
#996=VECTOR('',#4537,10.);
#997=VECTOR('',#4538,10.);
#998=VECTOR('',#4539,10.);
#999=VECTOR('',#4540,10.);
#1000=VECTOR('',#4541,10.);
#1001=VECTOR('',#4542,10.);
#1002=VECTOR('',#4543,10.);
#1003=VECTOR('',#4544,10.);
#1004=VECTOR('',#4545,10.);
#1005=VECTOR('',#4546,10.);
#1006=VECTOR('',#4553,10.);
#1007=VECTOR('',#4554,10.);
#1008=VECTOR('',#4555,10.);
#1009=VECTOR('',#4556,10.);
#1010=VECTOR('',#4559,10.);
#1011=VECTOR('',#4560,10.);
#1012=VECTOR('',#4561,10.);
#1013=VECTOR('',#4564,10.);
#1014=VECTOR('',#4565,10.);
#1015=VECTOR('',#4566,10.);
#1016=VECTOR('',#4569,10.);
#1017=VECTOR('',#4570,10.);
#1018=VECTOR('',#4571,10.);
#1019=VECTOR('',#4574,10.);
#1020=VECTOR('',#4575,10.);
#1021=VECTOR('',#4576,10.);
#1022=VECTOR('',#4579,10.);
#1023=VECTOR('',#4580,10.);
#1024=VECTOR('',#4581,10.);
#1025=VECTOR('',#4584,10.);
#1026=VECTOR('',#4585,10.);
#1027=VECTOR('',#4586,10.);
#1028=VECTOR('',#4589,10.);
#1029=VECTOR('',#4590,10.);
#1030=VECTOR('',#4591,10.);
#1031=VECTOR('',#4594,10.);
#1032=VECTOR('',#4595,10.);
#1033=VECTOR('',#4596,10.);
#1034=VECTOR('',#4599,10.);
#1035=VECTOR('',#4600,10.);
#1036=VECTOR('',#4601,10.);
#1037=VECTOR('',#4604,10.);
#1038=VECTOR('',#4605,10.);
#1039=VECTOR('',#4606,10.);
#1040=VECTOR('',#4609,10.);
#1041=VECTOR('',#4610,10.);
#1042=VECTOR('',#4617,10.);
#1043=VECTOR('',#4618,10.);
#1044=VECTOR('',#4619,10.);
#1045=VECTOR('',#4620,10.);
#1046=VECTOR('',#4621,10.);
#1047=VECTOR('',#4622,10.);
#1048=VECTOR('',#4623,10.);
#1049=VECTOR('',#4624,10.);
#1050=VECTOR('',#4625,10.);
#1051=VECTOR('',#4628,10.);
#1052=VECTOR('',#4629,10.);
#1053=VECTOR('',#4630,10.);
#1054=VECTOR('',#4633,10.);
#1055=VECTOR('',#4634,10.);
#1056=VECTOR('',#4637,10.);
#1057=VECTOR('',#4638,10.);
#1058=VECTOR('',#4639,10.);
#1059=VECTOR('',#4640,10.);
#1060=VECTOR('',#4643,10.);
#1061=VECTOR('',#4644,10.);
#1062=VECTOR('',#4645,10.);
#1063=VECTOR('',#4646,10.);
#1064=VECTOR('',#4647,10.);
#1065=VECTOR('',#4648,10.);
#1066=VECTOR('',#4649,10.);
#1067=VECTOR('',#4650,10.);
#1068=VECTOR('',#4651,10.);
#1069=VECTOR('',#4654,10.);
#1070=VECTOR('',#4655,10.);
#1071=VECTOR('',#4656,10.);
#1072=VECTOR('',#4659,10.);
#1073=VECTOR('',#4660,10.);
#1074=VECTOR('',#4661,10.);
#1075=VECTOR('',#4664,10.);
#1076=VECTOR('',#4665,10.);
#1077=VECTOR('',#4672,10.);
#1078=VECTOR('',#4673,10.);
#1079=VECTOR('',#4674,10.);
#1080=VECTOR('',#4675,10.);
#1081=VECTOR('',#4678,10.);
#1082=VECTOR('',#4679,10.);
#1083=VECTOR('',#4680,10.);
#1084=VECTOR('',#4683,10.);
#1085=VECTOR('',#4684,10.);
#1086=VECTOR('',#4685,10.);
#1087=VECTOR('',#4686,10.);
#1088=VECTOR('',#4687,10.);
#1089=VECTOR('',#4688,10.);
#1090=VECTOR('',#4689,10.);
#1091=VECTOR('',#4690,10.);
#1092=VECTOR('',#4691,10.);
#1093=VECTOR('',#4692,10.);
#1094=VECTOR('',#4693,10.);
#1095=VECTOR('',#4694,10.);
#1096=VECTOR('',#4695,10.);
#1097=VECTOR('',#4696,10.);
#1098=VECTOR('',#4699,10.);
#1099=VECTOR('',#4700,10.);
#1100=VECTOR('',#4701,10.);
#1101=VECTOR('',#4702,10.);
#1102=VECTOR('',#4703,10.);
#1103=VECTOR('',#4704,10.);
#1104=VECTOR('',#4705,10.);
#1105=VECTOR('',#4706,10.);
#1106=VECTOR('',#4707,10.);
#1107=VECTOR('',#4708,10.);
#1108=VECTOR('',#4709,10.);
#1109=VECTOR('',#4710,10.);
#1110=VECTOR('',#4711,10.);
#1111=VECTOR('',#4712,10.);
#1112=VECTOR('',#4713,10.);
#1113=VECTOR('',#4716,10.);
#1114=VECTOR('',#4717,10.);
#1115=VECTOR('',#4718,10.);
#1116=VECTOR('',#4721,10.);
#1117=VECTOR('',#4722,10.);
#1118=VECTOR('',#4727,10.);
#1119=VECTOR('',#4728,10.);
#1120=VECTOR('',#4729,10.);
#1121=VECTOR('',#4730,10.);
#1122=VECTOR('',#4731,10.);
#1123=VECTOR('',#4732,10.);
#1124=VECTOR('',#4733,10.);
#1125=VECTOR('',#4734,10.);
#1126=VECTOR('',#4737,10.);
#1127=VECTOR('',#4738,10.);
#1128=VECTOR('',#4739,10.);
#1129=VECTOR('',#4740,10.);
#1130=VECTOR('',#4743,10.);
#1131=VECTOR('',#4744,10.);
#1132=VECTOR('',#4745,10.);
#1133=VECTOR('',#4748,10.);
#1134=VECTOR('',#4749,10.);
#1135=VECTOR('',#4750,10.);
#1136=VECTOR('',#4753,10.);
#1137=VECTOR('',#4754,10.);
#1138=VECTOR('',#4755,10.);
#1139=VECTOR('',#4756,10.);
#1140=VECTOR('',#4757,10.);
#1141=VECTOR('',#4758,10.);
#1142=VECTOR('',#4759,10.);
#1143=VECTOR('',#4760,10.);
#1144=VECTOR('',#4761,10.);
#1145=VECTOR('',#4762,10.);
#1146=VECTOR('',#4763,10.);
#1147=VECTOR('',#4766,10.);
#1148=VECTOR('',#4767,10.);
#1149=VECTOR('',#4774,10.);
#1150=VECTOR('',#4775,10.);
#1151=VECTOR('',#4776,10.);
#1152=VECTOR('',#4777,10.);
#1153=VECTOR('',#4780,10.);
#1154=VECTOR('',#4781,10.);
#1155=VECTOR('',#4782,10.);
#1156=VECTOR('',#4785,10.);
#1157=VECTOR('',#4786,10.);
#1158=VECTOR('',#4787,10.);
#1159=VECTOR('',#4790,10.);
#1160=VECTOR('',#4791,10.);
#1161=VECTOR('',#4796,10.);
#1162=VECTOR('',#4797,10.);
#1163=VECTOR('',#4798,10.);
#1164=VECTOR('',#4799,10.);
#1165=VECTOR('',#4800,10.);
#1166=VECTOR('',#4801,10.);
#1167=VECTOR('',#4802,10.);
#1168=VECTOR('',#4803,10.);
#1169=VECTOR('',#4804,10.);
#1170=VECTOR('',#4805,10.);
#1171=VECTOR('',#4806,10.);
#1172=VECTOR('',#4807,10.);
#1173=VECTOR('',#4808,10.);
#1174=VECTOR('',#4809,10.);
#1175=VECTOR('',#4810,10.);
#1176=VECTOR('',#4811,10.);
#1177=VECTOR('',#4812,10.);
#1178=VECTOR('',#4813,10.);
#1179=VECTOR('',#4814,10.);
#1180=VECTOR('',#4815,10.);
#1181=VECTOR('',#4822,10.);
#1182=VECTOR('',#4823,10.);
#1183=VECTOR('',#4824,10.);
#1184=VECTOR('',#4825,10.);
#1185=VECTOR('',#4828,10.);
#1186=VECTOR('',#4829,10.);
#1187=VECTOR('',#4830,10.);
#1188=VECTOR('',#4833,10.);
#1189=VECTOR('',#4834,10.);
#1190=VECTOR('',#4837,10.);
#1191=VECTOR('',#4838,10.);
#1192=VECTOR('',#4839,10.);
#1193=VECTOR('',#4840,10.);
#1194=VECTOR('',#4843,10.);
#1195=VECTOR('',#4844,10.);
#1196=VECTOR('',#4845,10.);
#1197=VECTOR('',#4848,10.);
#1198=VECTOR('',#4849,10.);
#1199=VECTOR('',#4850,10.);
#1200=VECTOR('',#4853,10.);
#1201=VECTOR('',#4854,10.);
#1202=VECTOR('',#4855,10.);
#1203=VECTOR('',#4858,10.);
#1204=VECTOR('',#4859,10.);
#1205=VECTOR('',#4860,10.);
#1206=VECTOR('',#4863,10.);
#1207=VECTOR('',#4864,10.);
#1208=VECTOR('',#4865,10.);
#1209=VECTOR('',#4868,10.);
#1210=VECTOR('',#4869,10.);
#1211=VECTOR('',#4870,10.);
#1212=VECTOR('',#4873,10.);
#1213=VECTOR('',#4874,10.);
#1214=VECTOR('',#4875,10.);
#1215=VECTOR('',#4878,10.);
#1216=VECTOR('',#4879,10.);
#1217=VECTOR('',#4880,10.);
#1218=VECTOR('',#4883,10.);
#1219=VECTOR('',#4884,10.);
#1220=VECTOR('',#4885,10.);
#1221=VECTOR('',#4888,10.);
#1222=VECTOR('',#4889,10.);
#1223=VECTOR('',#4896,10.);
#1224=VECTOR('',#4897,10.);
#1225=VECTOR('',#4898,10.);
#1226=VECTOR('',#4899,10.);
#1227=VECTOR('',#4902,10.);
#1228=VECTOR('',#4903,10.);
#1229=VECTOR('',#4904,10.);
#1230=VECTOR('',#4907,10.);
#1231=VECTOR('',#4908,10.);
#1232=VECTOR('',#4909,10.);
#1233=VECTOR('',#4912,10.);
#1234=VECTOR('',#4913,10.);
#1235=VECTOR('',#4914,10.);
#1236=VECTOR('',#4917,10.);
#1237=VECTOR('',#4918,10.);
#1238=VECTOR('',#4919,10.);
#1239=VECTOR('',#4922,10.);
#1240=VECTOR('',#4923,10.);
#1241=CYLINDRICAL_SURFACE('',#4209,5.75);
#1242=CYLINDRICAL_SURFACE('',#4213,4.075);
#1243=CYLINDRICAL_SURFACE('',#4217,4.5);
#1244=FACE_OUTER_BOUND('',#1474,.T.);
#1245=FACE_OUTER_BOUND('',#1475,.T.);
#1246=FACE_OUTER_BOUND('',#1476,.T.);
#1247=FACE_OUTER_BOUND('',#1478,.T.);
#1248=FACE_OUTER_BOUND('',#1479,.T.);
#1249=FACE_OUTER_BOUND('',#1480,.T.);
#1250=FACE_OUTER_BOUND('',#1481,.T.);
#1251=FACE_OUTER_BOUND('',#1483,.T.);
#1252=FACE_OUTER_BOUND('',#1484,.T.);
#1253=FACE_OUTER_BOUND('',#1485,.T.);
#1254=FACE_OUTER_BOUND('',#1486,.T.);
#1255=FACE_OUTER_BOUND('',#1487,.T.);
#1256=FACE_OUTER_BOUND('',#1488,.T.);
#1257=FACE_OUTER_BOUND('',#1489,.T.);
#1258=FACE_OUTER_BOUND('',#1490,.T.);
#1259=FACE_OUTER_BOUND('',#1491,.T.);
#1260=FACE_OUTER_BOUND('',#1492,.T.);
#1261=FACE_OUTER_BOUND('',#1493,.T.);
#1262=FACE_OUTER_BOUND('',#1494,.T.);
#1263=FACE_OUTER_BOUND('',#1495,.T.);
#1264=FACE_OUTER_BOUND('',#1496,.T.);
#1265=FACE_OUTER_BOUND('',#1497,.T.);
#1266=FACE_OUTER_BOUND('',#1498,.T.);
#1267=FACE_OUTER_BOUND('',#1499,.T.);
#1268=FACE_OUTER_BOUND('',#1500,.T.);
#1269=FACE_OUTER_BOUND('',#1501,.T.);
#1270=FACE_OUTER_BOUND('',#1502,.T.);
#1271=FACE_OUTER_BOUND('',#1503,.T.);
#1272=FACE_OUTER_BOUND('',#1504,.T.);
#1273=FACE_OUTER_BOUND('',#1505,.T.);
#1274=FACE_OUTER_BOUND('',#1506,.T.);
#1275=FACE_OUTER_BOUND('',#1507,.T.);
#1276=FACE_OUTER_BOUND('',#1508,.T.);
#1277=FACE_OUTER_BOUND('',#1509,.T.);
#1278=FACE_OUTER_BOUND('',#1510,.T.);
#1279=FACE_OUTER_BOUND('',#1511,.T.);
#1280=FACE_OUTER_BOUND('',#1513,.T.);
#1281=FACE_OUTER_BOUND('',#1515,.T.);
#1282=FACE_OUTER_BOUND('',#1516,.T.);
#1283=FACE_OUTER_BOUND('',#1517,.T.);
#1284=FACE_OUTER_BOUND('',#1518,.T.);
#1285=FACE_OUTER_BOUND('',#1519,.T.);
#1286=FACE_OUTER_BOUND('',#1520,.T.);
#1287=FACE_OUTER_BOUND('',#1521,.T.);
#1288=FACE_OUTER_BOUND('',#1522,.T.);
#1289=FACE_OUTER_BOUND('',#1523,.T.);
#1290=FACE_OUTER_BOUND('',#1524,.T.);
#1291=FACE_OUTER_BOUND('',#1525,.T.);
#1292=FACE_OUTER_BOUND('',#1526,.T.);
#1293=FACE_OUTER_BOUND('',#1527,.T.);
#1294=FACE_OUTER_BOUND('',#1528,.T.);
#1295=FACE_OUTER_BOUND('',#1529,.T.);
#1296=FACE_OUTER_BOUND('',#1531,.T.);
#1297=FACE_OUTER_BOUND('',#1533,.T.);
#1298=FACE_OUTER_BOUND('',#1534,.T.);
#1299=FACE_OUTER_BOUND('',#1535,.T.);
#1300=FACE_OUTER_BOUND('',#1536,.T.);
#1301=FACE_OUTER_BOUND('',#1537,.T.);
#1302=FACE_OUTER_BOUND('',#1538,.T.);
#1303=FACE_OUTER_BOUND('',#1539,.T.);
#1304=FACE_OUTER_BOUND('',#1540,.T.);
#1305=FACE_OUTER_BOUND('',#1541,.T.);
#1306=FACE_OUTER_BOUND('',#1542,.T.);
#1307=FACE_OUTER_BOUND('',#1543,.T.);
#1308=FACE_OUTER_BOUND('',#1544,.T.);
#1309=FACE_OUTER_BOUND('',#1545,.T.);
#1310=FACE_OUTER_BOUND('',#1546,.T.);
#1311=FACE_OUTER_BOUND('',#1547,.T.);
#1312=FACE_OUTER_BOUND('',#1548,.T.);
#1313=FACE_OUTER_BOUND('',#1549,.T.);
#1314=FACE_OUTER_BOUND('',#1551,.T.);
#1315=FACE_OUTER_BOUND('',#1553,.T.);
#1316=FACE_OUTER_BOUND('',#1554,.T.);
#1317=FACE_OUTER_BOUND('',#1555,.T.);
#1318=FACE_OUTER_BOUND('',#1556,.T.);
#1319=FACE_OUTER_BOUND('',#1557,.T.);
#1320=FACE_OUTER_BOUND('',#1558,.T.);
#1321=FACE_OUTER_BOUND('',#1559,.T.);
#1322=FACE_OUTER_BOUND('',#1560,.T.);
#1323=FACE_OUTER_BOUND('',#1561,.T.);
#1324=FACE_OUTER_BOUND('',#1562,.T.);
#1325=FACE_OUTER_BOUND('',#1563,.T.);
#1326=FACE_OUTER_BOUND('',#1564,.T.);
#1327=FACE_OUTER_BOUND('',#1565,.T.);
#1328=FACE_OUTER_BOUND('',#1566,.T.);
#1329=FACE_OUTER_BOUND('',#1567,.T.);
#1330=FACE_OUTER_BOUND('',#1568,.T.);
#1331=FACE_OUTER_BOUND('',#1569,.T.);
#1332=FACE_OUTER_BOUND('',#1571,.T.);
#1333=FACE_OUTER_BOUND('',#1573,.T.);
#1334=FACE_OUTER_BOUND('',#1574,.T.);
#1335=FACE_OUTER_BOUND('',#1575,.T.);
#1336=FACE_OUTER_BOUND('',#1576,.T.);
#1337=FACE_OUTER_BOUND('',#1577,.T.);
#1338=FACE_OUTER_BOUND('',#1578,.T.);
#1339=FACE_OUTER_BOUND('',#1579,.T.);
#1340=FACE_OUTER_BOUND('',#1580,.T.);
#1341=FACE_OUTER_BOUND('',#1581,.T.);
#1342=FACE_OUTER_BOUND('',#1582,.T.);
#1343=FACE_OUTER_BOUND('',#1583,.T.);
#1344=FACE_OUTER_BOUND('',#1584,.T.);
#1345=FACE_OUTER_BOUND('',#1585,.T.);
#1346=FACE_OUTER_BOUND('',#1586,.T.);
#1347=FACE_OUTER_BOUND('',#1587,.T.);
#1348=FACE_OUTER_BOUND('',#1588,.T.);
#1349=FACE_OUTER_BOUND('',#1589,.T.);
#1350=FACE_OUTER_BOUND('',#1590,.T.);
#1351=FACE_OUTER_BOUND('',#1591,.T.);
#1352=FACE_OUTER_BOUND('',#1592,.T.);
#1353=FACE_OUTER_BOUND('',#1593,.T.);
#1354=FACE_OUTER_BOUND('',#1594,.T.);
#1355=FACE_OUTER_BOUND('',#1595,.T.);
#1356=FACE_OUTER_BOUND('',#1596,.T.);
#1357=FACE_OUTER_BOUND('',#1597,.T.);
#1358=FACE_OUTER_BOUND('',#1598,.T.);
#1359=FACE_OUTER_BOUND('',#1599,.T.);
#1360=FACE_OUTER_BOUND('',#1600,.T.);
#1361=FACE_OUTER_BOUND('',#1601,.T.);
#1362=FACE_OUTER_BOUND('',#1602,.T.);
#1363=FACE_OUTER_BOUND('',#1603,.T.);
#1364=FACE_OUTER_BOUND('',#1604,.T.);
#1365=FACE_OUTER_BOUND('',#1605,.T.);
#1366=FACE_OUTER_BOUND('',#1606,.T.);
#1367=FACE_OUTER_BOUND('',#1608,.T.);
#1368=FACE_OUTER_BOUND('',#1610,.T.);
#1369=FACE_OUTER_BOUND('',#1611,.T.);
#1370=FACE_OUTER_BOUND('',#1612,.T.);
#1371=FACE_OUTER_BOUND('',#1613,.T.);
#1372=FACE_OUTER_BOUND('',#1614,.T.);
#1373=FACE_OUTER_BOUND('',#1615,.T.);
#1374=FACE_OUTER_BOUND('',#1616,.T.);
#1375=FACE_OUTER_BOUND('',#1617,.T.);
#1376=FACE_OUTER_BOUND('',#1618,.T.);
#1377=FACE_OUTER_BOUND('',#1619,.T.);
#1378=FACE_OUTER_BOUND('',#1620,.T.);
#1379=FACE_OUTER_BOUND('',#1621,.T.);
#1380=FACE_OUTER_BOUND('',#1622,.T.);
#1381=FACE_OUTER_BOUND('',#1623,.T.);
#1382=FACE_OUTER_BOUND('',#1624,.T.);
#1383=FACE_OUTER_BOUND('',#1625,.T.);
#1384=FACE_OUTER_BOUND('',#1626,.T.);
#1385=FACE_OUTER_BOUND('',#1627,.T.);
#1386=FACE_OUTER_BOUND('',#1628,.T.);
#1387=FACE_OUTER_BOUND('',#1629,.T.);
#1388=FACE_OUTER_BOUND('',#1630,.T.);
#1389=FACE_OUTER_BOUND('',#1631,.T.);
#1390=FACE_OUTER_BOUND('',#1632,.T.);
#1391=FACE_OUTER_BOUND('',#1633,.T.);
#1392=FACE_OUTER_BOUND('',#1634,.T.);
#1393=FACE_OUTER_BOUND('',#1635,.T.);
#1394=FACE_OUTER_BOUND('',#1636,.T.);
#1395=FACE_OUTER_BOUND('',#1637,.T.);
#1396=FACE_OUTER_BOUND('',#1638,.T.);
#1397=FACE_OUTER_BOUND('',#1639,.T.);
#1398=FACE_OUTER_BOUND('',#1640,.T.);
#1399=FACE_OUTER_BOUND('',#1641,.T.);
#1400=FACE_OUTER_BOUND('',#1642,.T.);
#1401=FACE_OUTER_BOUND('',#1643,.T.);
#1402=FACE_OUTER_BOUND('',#1644,.T.);
#1403=FACE_OUTER_BOUND('',#1645,.T.);
#1404=FACE_OUTER_BOUND('',#1646,.T.);
#1405=FACE_OUTER_BOUND('',#1647,.T.);
#1406=FACE_OUTER_BOUND('',#1648,.T.);
#1407=FACE_OUTER_BOUND('',#1649,.T.);
#1408=FACE_OUTER_BOUND('',#1650,.T.);
#1409=FACE_OUTER_BOUND('',#1651,.T.);
#1410=FACE_OUTER_BOUND('',#1652,.T.);
#1411=FACE_OUTER_BOUND('',#1653,.T.);
#1412=FACE_OUTER_BOUND('',#1654,.T.);
#1413=FACE_OUTER_BOUND('',#1655,.T.);
#1414=FACE_OUTER_BOUND('',#1656,.T.);
#1415=FACE_OUTER_BOUND('',#1657,.T.);
#1416=FACE_OUTER_BOUND('',#1658,.T.);
#1417=FACE_OUTER_BOUND('',#1659,.T.);
#1418=FACE_OUTER_BOUND('',#1660,.T.);
#1419=FACE_OUTER_BOUND('',#1661,.T.);
#1420=FACE_OUTER_BOUND('',#1662,.T.);
#1421=FACE_OUTER_BOUND('',#1664,.T.);
#1422=FACE_OUTER_BOUND('',#1666,.T.);
#1423=FACE_OUTER_BOUND('',#1667,.T.);
#1424=FACE_OUTER_BOUND('',#1668,.T.);
#1425=FACE_OUTER_BOUND('',#1669,.T.);
#1426=FACE_OUTER_BOUND('',#1670,.T.);
#1427=FACE_OUTER_BOUND('',#1671,.T.);
#1428=FACE_OUTER_BOUND('',#1672,.T.);
#1429=FACE_OUTER_BOUND('',#1673,.T.);
#1430=FACE_OUTER_BOUND('',#1674,.T.);
#1431=FACE_OUTER_BOUND('',#1675,.T.);
#1432=FACE_OUTER_BOUND('',#1676,.T.);
#1433=FACE_OUTER_BOUND('',#1677,.T.);
#1434=FACE_OUTER_BOUND('',#1678,.T.);
#1435=FACE_OUTER_BOUND('',#1679,.T.);
#1436=FACE_OUTER_BOUND('',#1680,.T.);
#1437=FACE_OUTER_BOUND('',#1681,.T.);
#1438=FACE_OUTER_BOUND('',#1682,.T.);
#1439=FACE_OUTER_BOUND('',#1683,.T.);
#1440=FACE_OUTER_BOUND('',#1684,.T.);
#1441=FACE_OUTER_BOUND('',#1685,.T.);
#1442=FACE_OUTER_BOUND('',#1686,.T.);
#1443=FACE_OUTER_BOUND('',#1687,.T.);
#1444=FACE_OUTER_BOUND('',#1688,.T.);
#1445=FACE_OUTER_BOUND('',#1689,.T.);
#1446=FACE_OUTER_BOUND('',#1690,.T.);
#1447=FACE_OUTER_BOUND('',#1691,.T.);
#1448=FACE_OUTER_BOUND('',#1692,.T.);
#1449=FACE_OUTER_BOUND('',#1694,.T.);
#1450=FACE_OUTER_BOUND('',#1696,.T.);
#1451=FACE_OUTER_BOUND('',#1697,.T.);
#1452=FACE_OUTER_BOUND('',#1698,.T.);
#1453=FACE_OUTER_BOUND('',#1699,.T.);
#1454=FACE_OUTER_BOUND('',#1700,.T.);
#1455=FACE_OUTER_BOUND('',#1701,.T.);
#1456=FACE_OUTER_BOUND('',#1702,.T.);
#1457=FACE_OUTER_BOUND('',#1703,.T.);
#1458=FACE_OUTER_BOUND('',#1704,.T.);
#1459=FACE_OUTER_BOUND('',#1705,.T.);
#1460=FACE_OUTER_BOUND('',#1706,.T.);
#1461=FACE_OUTER_BOUND('',#1707,.T.);
#1462=FACE_OUTER_BOUND('',#1708,.T.);
#1463=FACE_OUTER_BOUND('',#1709,.T.);
#1464=FACE_OUTER_BOUND('',#1710,.T.);
#1465=FACE_OUTER_BOUND('',#1712,.T.);
#1466=FACE_OUTER_BOUND('',#1714,.T.);
#1467=FACE_OUTER_BOUND('',#1715,.T.);
#1468=FACE_OUTER_BOUND('',#1716,.T.);
#1469=FACE_OUTER_BOUND('',#1717,.T.);
#1470=FACE_OUTER_BOUND('',#1718,.T.);
#1471=FACE_OUTER_BOUND('',#1719,.T.);
#1472=FACE_OUTER_BOUND('',#1720,.T.);
#1473=FACE_OUTER_BOUND('',#1721,.T.);
#1474=EDGE_LOOP('',(#2738,#2739,#2740,#2741));
#1475=EDGE_LOOP('',(#2742,#2743,#2744,#2745));
#1476=EDGE_LOOP('',(#2746));
#1477=EDGE_LOOP('',(#2747));
#1478=EDGE_LOOP('',(#2748,#2749,#2750,#2751));
#1479=EDGE_LOOP('',(#2752));
#1480=EDGE_LOOP('',(#2753,#2754,#2755,#2756));
#1481=EDGE_LOOP('',(#2757));
#1482=EDGE_LOOP('',(#2758));
#1483=EDGE_LOOP('',(#2759));
#1484=EDGE_LOOP('',(#2760,#2761,#2762,#2763));
#1485=EDGE_LOOP('',(#2764,#2765,#2766,#2767));
#1486=EDGE_LOOP('',(#2768,#2769,#2770,#2771));
#1487=EDGE_LOOP('',(#2772,#2773,#2774,#2775));
#1488=EDGE_LOOP('',(#2776,#2777,#2778,#2779));
#1489=EDGE_LOOP('',(#2780,#2781,#2782,#2783));
#1490=EDGE_LOOP('',(#2784,#2785,#2786,#2787));
#1491=EDGE_LOOP('',(#2788,#2789,#2790,#2791));
#1492=EDGE_LOOP('',(#2792,#2793,#2794,#2795));
#1493=EDGE_LOOP('',(#2796,#2797,#2798,#2799));
#1494=EDGE_LOOP('',(#2800,#2801,#2802,#2803));
#1495=EDGE_LOOP('',(#2804,#2805,#2806,#2807));
#1496=EDGE_LOOP('',(#2808,#2809,#2810,#2811));
#1497=EDGE_LOOP('',(#2812,#2813,#2814,#2815));
#1498=EDGE_LOOP('',(#2816,#2817,#2818,#2819));
#1499=EDGE_LOOP('',(#2820,#2821,#2822,#2823));
#1500=EDGE_LOOP('',(#2824,#2825,#2826,#2827));
#1501=EDGE_LOOP('',(#2828,#2829,#2830,#2831));
#1502=EDGE_LOOP('',(#2832,#2833,#2834,#2835));
#1503=EDGE_LOOP('',(#2836,#2837,#2838,#2839));
#1504=EDGE_LOOP('',(#2840,#2841,#2842,#2843));
#1505=EDGE_LOOP('',(#2844,#2845,#2846,#2847));
#1506=EDGE_LOOP('',(#2848,#2849,#2850,#2851));
#1507=EDGE_LOOP('',(#2852,#2853,#2854,#2855));
#1508=EDGE_LOOP('',(#2856,#2857,#2858,#2859));
#1509=EDGE_LOOP('',(#2860,#2861,#2862,#2863));
#1510=EDGE_LOOP('',(#2864,#2865,#2866,#2867));
#1511=EDGE_LOOP('',(#2868,#2869,#2870,#2871,#2872,#2873,#2874,#2875,#2876,
#2877,#2878,#2879,#2880,#2881,#2882,#2883,#2884,#2885,#2886));
#1512=EDGE_LOOP('',(#2887,#2888,#2889,#2890,#2891,#2892,#2893,#2894));
#1513=EDGE_LOOP('',(#2895,#2896,#2897,#2898,#2899,#2900,#2901,#2902,#2903,
#2904,#2905,#2906,#2907,#2908,#2909,#2910,#2911,#2912,#2913));
#1514=EDGE_LOOP('',(#2914,#2915,#2916,#2917,#2918,#2919,#2920,#2921));
#1515=EDGE_LOOP('',(#2922,#2923,#2924,#2925));
#1516=EDGE_LOOP('',(#2926,#2927,#2928,#2929));
#1517=EDGE_LOOP('',(#2930,#2931,#2932,#2933));
#1518=EDGE_LOOP('',(#2934,#2935,#2936,#2937));
#1519=EDGE_LOOP('',(#2938,#2939,#2940,#2941));
#1520=EDGE_LOOP('',(#2942,#2943,#2944,#2945));
#1521=EDGE_LOOP('',(#2946,#2947,#2948,#2949));
#1522=EDGE_LOOP('',(#2950,#2951,#2952,#2953));
#1523=EDGE_LOOP('',(#2954,#2955,#2956,#2957));
#1524=EDGE_LOOP('',(#2958,#2959,#2960,#2961));
#1525=EDGE_LOOP('',(#2962,#2963,#2964,#2965));
#1526=EDGE_LOOP('',(#2966,#2967,#2968,#2969));
#1527=EDGE_LOOP('',(#2970,#2971,#2972,#2973));
#1528=EDGE_LOOP('',(#2974,#2975,#2976,#2977));
#1529=EDGE_LOOP('',(#2978,#2979,#2980,#2981,#2982,#2983,#2984,#2985,#2986,
#2987,#2988));
#1530=EDGE_LOOP('',(#2989,#2990,#2991));
#1531=EDGE_LOOP('',(#2992,#2993,#2994,#2995,#2996,#2997,#2998,#2999,#3000,
#3001,#3002));
#1532=EDGE_LOOP('',(#3003,#3004,#3005));
#1533=EDGE_LOOP('',(#3006,#3007,#3008,#3009));
#1534=EDGE_LOOP('',(#3010,#3011,#3012,#3013));
#1535=EDGE_LOOP('',(#3014,#3015,#3016,#3017));
#1536=EDGE_LOOP('',(#3018,#3019,#3020,#3021));
#1537=EDGE_LOOP('',(#3022,#3023,#3024,#3025));
#1538=EDGE_LOOP('',(#3026,#3027,#3028,#3029));
#1539=EDGE_LOOP('',(#3030,#3031,#3032,#3033));
#1540=EDGE_LOOP('',(#3034,#3035,#3036,#3037));
#1541=EDGE_LOOP('',(#3038,#3039,#3040,#3041));
#1542=EDGE_LOOP('',(#3042,#3043,#3044,#3045));
#1543=EDGE_LOOP('',(#3046,#3047,#3048,#3049));
#1544=EDGE_LOOP('',(#3050,#3051,#3052,#3053));
#1545=EDGE_LOOP('',(#3054,#3055,#3056,#3057));
#1546=EDGE_LOOP('',(#3058,#3059,#3060,#3061));
#1547=EDGE_LOOP('',(#3062,#3063,#3064,#3065));
#1548=EDGE_LOOP('',(#3066,#3067,#3068,#3069));
#1549=EDGE_LOOP('',(#3070,#3071,#3072,#3073,#3074,#3075,#3076,#3077));
#1550=EDGE_LOOP('',(#3078,#3079,#3080,#3081,#3082,#3083,#3084,#3085));
#1551=EDGE_LOOP('',(#3086,#3087,#3088,#3089,#3090,#3091,#3092,#3093));
#1552=EDGE_LOOP('',(#3094,#3095,#3096,#3097,#3098,#3099,#3100,#3101));
#1553=EDGE_LOOP('',(#3102,#3103,#3104,#3105));
#1554=EDGE_LOOP('',(#3106,#3107,#3108,#3109));
#1555=EDGE_LOOP('',(#3110,#3111,#3112,#3113));
#1556=EDGE_LOOP('',(#3114,#3115,#3116,#3117));
#1557=EDGE_LOOP('',(#3118,#3119,#3120,#3121));
#1558=EDGE_LOOP('',(#3122,#3123,#3124,#3125));
#1559=EDGE_LOOP('',(#3126,#3127,#3128,#3129));
#1560=EDGE_LOOP('',(#3130,#3131,#3132,#3133));
#1561=EDGE_LOOP('',(#3134,#3135,#3136,#3137));
#1562=EDGE_LOOP('',(#3138,#3139,#3140,#3141));
#1563=EDGE_LOOP('',(#3142,#3143,#3144,#3145));
#1564=EDGE_LOOP('',(#3146,#3147,#3148,#3149));
#1565=EDGE_LOOP('',(#3150,#3151,#3152,#3153));
#1566=EDGE_LOOP('',(#3154,#3155,#3156,#3157));
#1567=EDGE_LOOP('',(#3158,#3159,#3160,#3161));
#1568=EDGE_LOOP('',(#3162,#3163,#3164,#3165));
#1569=EDGE_LOOP('',(#3166,#3167,#3168,#3169,#3170,#3171,#3172,#3173));
#1570=EDGE_LOOP('',(#3174,#3175,#3176,#3177,#3178,#3179,#3180,#3181));
#1571=EDGE_LOOP('',(#3182,#3183,#3184,#3185,#3186,#3187,#3188,#3189));
#1572=EDGE_LOOP('',(#3190,#3191,#3192,#3193,#3194,#3195,#3196,#3197));
#1573=EDGE_LOOP('',(#3198,#3199,#3200,#3201));
#1574=EDGE_LOOP('',(#3202,#3203,#3204,#3205));
#1575=EDGE_LOOP('',(#3206,#3207,#3208,#3209));
#1576=EDGE_LOOP('',(#3210,#3211,#3212,#3213));
#1577=EDGE_LOOP('',(#3214,#3215,#3216,#3217));
#1578=EDGE_LOOP('',(#3218,#3219,#3220,#3221));
#1579=EDGE_LOOP('',(#3222,#3223,#3224,#3225));
#1580=EDGE_LOOP('',(#3226,#3227,#3228,#3229));
#1581=EDGE_LOOP('',(#3230,#3231,#3232,#3233));
#1582=EDGE_LOOP('',(#3234,#3235,#3236,#3237));
#1583=EDGE_LOOP('',(#3238,#3239,#3240,#3241));
#1584=EDGE_LOOP('',(#3242,#3243,#3244,#3245));
#1585=EDGE_LOOP('',(#3246,#3247,#3248,#3249,#3250,#3251,#3252,#3253,#3254,
#3255,#3256,#3257));
#1586=EDGE_LOOP('',(#3258,#3259,#3260,#3261,#3262,#3263,#3264,#3265,#3266,
#3267,#3268,#3269));
#1587=EDGE_LOOP('',(#3270,#3271,#3272,#3273));
#1588=EDGE_LOOP('',(#3274,#3275,#3276,#3277));
#1589=EDGE_LOOP('',(#3278,#3279,#3280,#3281));
#1590=EDGE_LOOP('',(#3282,#3283,#3284,#3285));
#1591=EDGE_LOOP('',(#3286,#3287,#3288,#3289));
#1592=EDGE_LOOP('',(#3290,#3291,#3292,#3293));
#1593=EDGE_LOOP('',(#3294,#3295,#3296,#3297));
#1594=EDGE_LOOP('',(#3298,#3299,#3300,#3301));
#1595=EDGE_LOOP('',(#3302,#3303,#3304,#3305));
#1596=EDGE_LOOP('',(#3306,#3307,#3308,#3309));
#1597=EDGE_LOOP('',(#3310,#3311,#3312,#3313));
#1598=EDGE_LOOP('',(#3314,#3315,#3316,#3317));
#1599=EDGE_LOOP('',(#3318,#3319,#3320,#3321));
#1600=EDGE_LOOP('',(#3322,#3323,#3324,#3325));
#1601=EDGE_LOOP('',(#3326,#3327,#3328,#3329));
#1602=EDGE_LOOP('',(#3330,#3331,#3332,#3333));
#1603=EDGE_LOOP('',(#3334,#3335,#3336,#3337));
#1604=EDGE_LOOP('',(#3338,#3339,#3340,#3341));
#1605=EDGE_LOOP('',(#3342,#3343,#3344,#3345));
#1606=EDGE_LOOP('',(#3346,#3347,#3348,#3349,#3350,#3351,#3352,#3353,#3354,
#3355,#3356));
#1607=EDGE_LOOP('',(#3357,#3358,#3359,#3360,#3361,#3362,#3363,#3364));
#1608=EDGE_LOOP('',(#3365,#3366,#3367,#3368,#3369,#3370,#3371,#3372,#3373,
#3374,#3375));
#1609=EDGE_LOOP('',(#3376,#3377,#3378,#3379,#3380,#3381,#3382,#3383));
#1610=EDGE_LOOP('',(#3384,#3385,#3386,#3387));
#1611=EDGE_LOOP('',(#3388,#3389,#3390,#3391));
#1612=EDGE_LOOP('',(#3392,#3393,#3394,#3395));
#1613=EDGE_LOOP('',(#3396,#3397,#3398,#3399));
#1614=EDGE_LOOP('',(#3400,#3401,#3402,#3403));
#1615=EDGE_LOOP('',(#3404,#3405,#3406,#3407));
#1616=EDGE_LOOP('',(#3408,#3409,#3410,#3411));
#1617=EDGE_LOOP('',(#3412,#3413,#3414,#3415));
#1618=EDGE_LOOP('',(#3416,#3417,#3418,#3419));
#1619=EDGE_LOOP('',(#3420,#3421,#3422,#3423));
#1620=EDGE_LOOP('',(#3424,#3425,#3426,#3427));
#1621=EDGE_LOOP('',(#3428,#3429,#3430,#3431));
#1622=EDGE_LOOP('',(#3432,#3433,#3434,#3435));
#1623=EDGE_LOOP('',(#3436,#3437,#3438,#3439));
#1624=EDGE_LOOP('',(#3440,#3441,#3442,#3443));
#1625=EDGE_LOOP('',(#3444,#3445,#3446,#3447));
#1626=EDGE_LOOP('',(#3448,#3449,#3450,#3451));
#1627=EDGE_LOOP('',(#3452,#3453,#3454,#3455));
#1628=EDGE_LOOP('',(#3456,#3457,#3458,#3459));
#1629=EDGE_LOOP('',(#3460,#3461,#3462,#3463));
#1630=EDGE_LOOP('',(#3464,#3465,#3466,#3467));
#1631=EDGE_LOOP('',(#3468,#3469,#3470,#3471));
#1632=EDGE_LOOP('',(#3472,#3473,#3474,#3475));
#1633=EDGE_LOOP('',(#3476,#3477,#3478,#3479));
#1634=EDGE_LOOP('',(#3480,#3481,#3482,#3483));
#1635=EDGE_LOOP('',(#3484,#3485,#3486,#3487));
#1636=EDGE_LOOP('',(#3488,#3489,#3490,#3491));
#1637=EDGE_LOOP('',(#3492,#3493,#3494,#3495));
#1638=EDGE_LOOP('',(#3496,#3497,#3498,#3499));
#1639=EDGE_LOOP('',(#3500,#3501,#3502,#3503,#3504,#3505,#3506,#3507,#3508,
#3509,#3510,#3511,#3512,#3513,#3514,#3515,#3516,#3517,#3518,#3519,#3520,
#3521,#3522,#3523,#3524,#3525,#3526,#3527,#3528));
#1640=EDGE_LOOP('',(#3529,#3530,#3531,#3532,#3533,#3534,#3535,#3536,#3537,
#3538,#3539,#3540,#3541,#3542,#3543,#3544,#3545,#3546,#3547,#3548,#3549,
#3550,#3551,#3552,#3553,#3554,#3555,#3556,#3557));
#1641=EDGE_LOOP('',(#3558,#3559,#3560,#3561));
#1642=EDGE_LOOP('',(#3562,#3563,#3564,#3565));
#1643=EDGE_LOOP('',(#3566,#3567,#3568,#3569));
#1644=EDGE_LOOP('',(#3570,#3571,#3572,#3573));
#1645=EDGE_LOOP('',(#3574,#3575,#3576,#3577));
#1646=EDGE_LOOP('',(#3578,#3579,#3580,#3581));
#1647=EDGE_LOOP('',(#3582,#3583,#3584,#3585));
#1648=EDGE_LOOP('',(#3586,#3587,#3588,#3589));
#1649=EDGE_LOOP('',(#3590,#3591,#3592,#3593));
#1650=EDGE_LOOP('',(#3594,#3595,#3596,#3597));
#1651=EDGE_LOOP('',(#3598,#3599,#3600,#3601));
#1652=EDGE_LOOP('',(#3602,#3603,#3604,#3605));
#1653=EDGE_LOOP('',(#3606,#3607,#3608,#3609));
#1654=EDGE_LOOP('',(#3610,#3611,#3612,#3613));
#1655=EDGE_LOOP('',(#3614,#3615,#3616,#3617));
#1656=EDGE_LOOP('',(#3618,#3619,#3620,#3621));
#1657=EDGE_LOOP('',(#3622,#3623,#3624,#3625));
#1658=EDGE_LOOP('',(#3626,#3627,#3628,#3629));
#1659=EDGE_LOOP('',(#3630,#3631,#3632,#3633));
#1660=EDGE_LOOP('',(#3634,#3635,#3636,#3637));
#1661=EDGE_LOOP('',(#3638,#3639,#3640,#3641));
#1662=EDGE_LOOP('',(#3642,#3643,#3644,#3645,#3646,#3647,#3648,#3649,#3650,
#3651,#3652,#3653,#3654));
#1663=EDGE_LOOP('',(#3655,#3656,#3657,#3658,#3659,#3660,#3661,#3662));
#1664=EDGE_LOOP('',(#3663,#3664,#3665,#3666,#3667,#3668,#3669,#3670,#3671,
#3672,#3673,#3674,#3675));
#1665=EDGE_LOOP('',(#3676,#3677,#3678,#3679,#3680,#3681,#3682,#3683));
#1666=EDGE_LOOP('',(#3684,#3685,#3686,#3687));
#1667=EDGE_LOOP('',(#3688,#3689,#3690,#3691));
#1668=EDGE_LOOP('',(#3692,#3693,#3694,#3695));
#1669=EDGE_LOOP('',(#3696,#3697,#3698,#3699));
#1670=EDGE_LOOP('',(#3700,#3701,#3702,#3703));
#1671=EDGE_LOOP('',(#3704,#3705,#3706,#3707));
#1672=EDGE_LOOP('',(#3708,#3709,#3710,#3711));
#1673=EDGE_LOOP('',(#3712,#3713,#3714,#3715));
#1674=EDGE_LOOP('',(#3716,#3717,#3718,#3719));
#1675=EDGE_LOOP('',(#3720,#3721,#3722,#3723));
#1676=EDGE_LOOP('',(#3724,#3725,#3726,#3727));
#1677=EDGE_LOOP('',(#3728,#3729,#3730,#3731));
#1678=EDGE_LOOP('',(#3732,#3733,#3734,#3735));
#1679=EDGE_LOOP('',(#3736,#3737,#3738,#3739));
#1680=EDGE_LOOP('',(#3740,#3741,#3742,#3743));
#1681=EDGE_LOOP('',(#3744,#3745,#3746,#3747));
#1682=EDGE_LOOP('',(#3748,#3749,#3750,#3751));
#1683=EDGE_LOOP('',(#3752,#3753,#3754,#3755));
#1684=EDGE_LOOP('',(#3756,#3757,#3758,#3759));
#1685=EDGE_LOOP('',(#3760,#3761,#3762,#3763));
#1686=EDGE_LOOP('',(#3764,#3765,#3766,#3767));
#1687=EDGE_LOOP('',(#3768,#3769,#3770,#3771));
#1688=EDGE_LOOP('',(#3772,#3773,#3774,#3775));
#1689=EDGE_LOOP('',(#3776,#3777,#3778,#3779));
#1690=EDGE_LOOP('',(#3780,#3781,#3782,#3783));
#1691=EDGE_LOOP('',(#3784,#3785,#3786,#3787));
#1692=EDGE_LOOP('',(#3788,#3789,#3790,#3791,#3792,#3793,#3794,#3795,#3796,
#3797,#3798,#3799));
#1693=EDGE_LOOP('',(#3800,#3801,#3802,#3803,#3804,#3805,#3806,#3807));
#1694=EDGE_LOOP('',(#3808,#3809,#3810,#3811,#3812,#3813,#3814,#3815,#3816,
#3817,#3818,#3819));
#1695=EDGE_LOOP('',(#3820,#3821,#3822,#3823,#3824,#3825,#3826,#3827));
#1696=EDGE_LOOP('',(#3828,#3829,#3830,#3831));
#1697=EDGE_LOOP('',(#3832,#3833,#3834,#3835));
#1698=EDGE_LOOP('',(#3836,#3837,#3838,#3839));
#1699=EDGE_LOOP('',(#3840,#3841,#3842,#3843));
#1700=EDGE_LOOP('',(#3844,#3845,#3846,#3847));
#1701=EDGE_LOOP('',(#3848,#3849,#3850,#3851));
#1702=EDGE_LOOP('',(#3852,#3853,#3854,#3855));
#1703=EDGE_LOOP('',(#3856,#3857,#3858,#3859));
#1704=EDGE_LOOP('',(#3860,#3861,#3862,#3863));
#1705=EDGE_LOOP('',(#3864,#3865,#3866,#3867));
#1706=EDGE_LOOP('',(#3868,#3869,#3870,#3871));
#1707=EDGE_LOOP('',(#3872,#3873,#3874,#3875));
#1708=EDGE_LOOP('',(#3876,#3877,#3878,#3879));
#1709=EDGE_LOOP('',(#3880,#3881,#3882,#3883));
#1710=EDGE_LOOP('',(#3884,#3885,#3886,#3887,#3888,#3889,#3890,#3891,#3892,
#3893,#3894));
#1711=EDGE_LOOP('',(#3895,#3896,#3897));
#1712=EDGE_LOOP('',(#3898,#3899,#3900,#3901,#3902,#3903,#3904,#3905,#3906,
#3907,#3908));
#1713=EDGE_LOOP('',(#3909,#3910,#3911));
#1714=EDGE_LOOP('',(#3912,#3913,#3914,#3915));
#1715=EDGE_LOOP('',(#3916,#3917,#3918,#3919));
#1716=EDGE_LOOP('',(#3920,#3921,#3922,#3923));
#1717=EDGE_LOOP('',(#3924,#3925,#3926,#3927));
#1718=EDGE_LOOP('',(#3928,#3929,#3930,#3931));
#1719=EDGE_LOOP('',(#3932,#3933,#3934,#3935));
#1720=EDGE_LOOP('',(#3936,#3937,#3938,#3939,#3940,#3941));
#1721=EDGE_LOOP('',(#3942,#3943,#3944,#3945,#3946,#3947));
#1722=CIRCLE('',#4206,5.75);
#1723=CIRCLE('',#4207,1.);
#1724=CIRCLE('',#4208,4.75);
#1725=CIRCLE('',#4210,5.75);
#1726=CIRCLE('',#4212,4.5);
#1727=CIRCLE('',#4214,4.075);
#1728=CIRCLE('',#4215,4.075);
#1729=CIRCLE('',#4218,4.5);
#1730=VERTEX_POINT('',#4930);
#1731=VERTEX_POINT('',#4932);
#1732=VERTEX_POINT('',#4936);
#1733=VERTEX_POINT('',#4940);
#1734=VERTEX_POINT('',#4943);
#1735=VERTEX_POINT('',#4945);
#1736=VERTEX_POINT('',#4950);
#1737=VERTEX_POINT('',#4956);
#1738=VERTEX_POINT('',#4957);
#1739=VERTEX_POINT('',#4959);
#1740=VERTEX_POINT('',#4961);
#1741=VERTEX_POINT('',#4974);
#1742=VERTEX_POINT('',#4980);
#1743=VERTEX_POINT('',#4997);
#1744=VERTEX_POINT('',#5003);
#1745=VERTEX_POINT('',#5020);
#1746=VERTEX_POINT('',#5026);
#1747=VERTEX_POINT('',#5043);
#1748=VERTEX_POINT('',#5049);
#1749=VERTEX_POINT('',#5066);
#1750=VERTEX_POINT('',#5072);
#1751=VERTEX_POINT('',#5080);
#1752=VERTEX_POINT('',#5082);
#1753=VERTEX_POINT('',#5089);
#1754=VERTEX_POINT('',#5090);
#1755=VERTEX_POINT('',#5092);
#1756=VERTEX_POINT('',#5094);
#1757=VERTEX_POINT('',#5098);
#1758=VERTEX_POINT('',#5100);
#1759=VERTEX_POINT('',#5113);
#1760=VERTEX_POINT('',#5119);
#1761=VERTEX_POINT('',#5136);
#1762=VERTEX_POINT('',#5142);
#1763=VERTEX_POINT('',#5159);
#1764=VERTEX_POINT('',#5165);
#1765=VERTEX_POINT('',#5182);
#1766=VERTEX_POINT('',#5188);
#1767=VERTEX_POINT('',#5205);
#1768=VERTEX_POINT('',#5211);
#1769=VERTEX_POINT('',#5228);
#1770=VERTEX_POINT('',#5234);
#1771=VERTEX_POINT('',#5251);
#1772=VERTEX_POINT('',#5257);
#1773=VERTEX_POINT('',#5265);
#1774=VERTEX_POINT('',#5267);
#1775=VERTEX_POINT('',#5271);
#1776=VERTEX_POINT('',#5273);
#1777=VERTEX_POINT('',#5277);
#1778=VERTEX_POINT('',#5279);
#1779=VERTEX_POINT('',#5292);
#1780=VERTEX_POINT('',#5298);
#1781=VERTEX_POINT('',#5315);
#1782=VERTEX_POINT('',#5321);
#1783=VERTEX_POINT('',#5338);
#1784=VERTEX_POINT('',#5344);
#1785=VERTEX_POINT('',#5361);
#1786=VERTEX_POINT('',#5367);
#1787=VERTEX_POINT('',#5375);
#1788=VERTEX_POINT('',#5377);
#1789=VERTEX_POINT('',#5381);
#1790=VERTEX_POINT('',#5383);
#1791=VERTEX_POINT('',#5392);
#1792=VERTEX_POINT('',#5393);
#1793=VERTEX_POINT('',#5395);
#1794=VERTEX_POINT('',#5397);
#1795=VERTEX_POINT('',#5401);
#1796=VERTEX_POINT('',#5403);
#1797=VERTEX_POINT('',#5410);
#1798=VERTEX_POINT('',#5411);
#1799=VERTEX_POINT('',#5413);
#1800=VERTEX_POINT('',#5415);
#1801=VERTEX_POINT('',#5419);
#1802=VERTEX_POINT('',#5421);
#1803=VERTEX_POINT('',#5425);
#1804=VERTEX_POINT('',#5427);
#1805=VERTEX_POINT('',#5431);
#1806=VERTEX_POINT('',#5433);
#1807=VERTEX_POINT('',#5437);
#1808=VERTEX_POINT('',#5439);
#1809=VERTEX_POINT('',#5443);
#1810=VERTEX_POINT('',#5445);
#1811=VERTEX_POINT('',#5449);
#1812=VERTEX_POINT('',#5451);
#1813=VERTEX_POINT('',#5455);
#1814=VERTEX_POINT('',#5457);
#1815=VERTEX_POINT('',#5461);
#1816=VERTEX_POINT('',#5463);
#1817=VERTEX_POINT('',#5467);
#1818=VERTEX_POINT('',#5469);
#1819=VERTEX_POINT('',#5487);
#1820=VERTEX_POINT('',#5488);
#1821=VERTEX_POINT('',#5494);
#1822=VERTEX_POINT('',#5496);
#1823=VERTEX_POINT('',#5513);
#1824=VERTEX_POINT('',#5519);
#1825=VERTEX_POINT('',#5536);
#1826=VERTEX_POINT('',#5542);
#1827=VERTEX_POINT('',#5559);
#1828=VERTEX_POINT('',#5565);
#1829=VERTEX_POINT('',#5582);
#1830=VERTEX_POINT('',#5588);
#1831=VERTEX_POINT('',#5605);
#1832=VERTEX_POINT('',#5611);
#1833=VERTEX_POINT('',#5628);
#1834=VERTEX_POINT('',#5634);
#1835=VERTEX_POINT('',#5671);
#1836=VERTEX_POINT('',#5672);
#1837=VERTEX_POINT('',#5678);
#1838=VERTEX_POINT('',#5680);
#1839=VERTEX_POINT('',#5697);
#1840=VERTEX_POINT('',#5703);
#1841=VERTEX_POINT('',#5720);
#1842=VERTEX_POINT('',#5726);
#1843=VERTEX_POINT('',#5743);
#1844=VERTEX_POINT('',#5749);
#1845=VERTEX_POINT('',#5766);
#1846=VERTEX_POINT('',#5772);
#1847=VERTEX_POINT('',#5789);
#1848=VERTEX_POINT('',#5795);
#1849=VERTEX_POINT('',#5812);
#1850=VERTEX_POINT('',#5818);
#1851=VERTEX_POINT('',#5857);
#1852=VERTEX_POINT('',#5858);
#1853=VERTEX_POINT('',#5864);
#1854=VERTEX_POINT('',#5866);
#1855=VERTEX_POINT('',#5883);
#1856=VERTEX_POINT('',#5889);
#1857=VERTEX_POINT('',#5906);
#1858=VERTEX_POINT('',#5912);
#1859=VERTEX_POINT('',#5929);
#1860=VERTEX_POINT('',#5935);
#1861=VERTEX_POINT('',#5952);
#1862=VERTEX_POINT('',#5958);
#1863=VERTEX_POINT('',#5975);
#1864=VERTEX_POINT('',#5981);
#1865=VERTEX_POINT('',#5998);
#1866=VERTEX_POINT('',#6004);
#1867=VERTEX_POINT('',#6041);
#1868=VERTEX_POINT('',#6042);
#1869=VERTEX_POINT('',#6048);
#1870=VERTEX_POINT('',#6050);
#1871=VERTEX_POINT('',#6067);
#1872=VERTEX_POINT('',#6073);
#1873=VERTEX_POINT('',#6090);
#1874=VERTEX_POINT('',#6096);
#1875=VERTEX_POINT('',#6113);
#1876=VERTEX_POINT('',#6119);
#1877=VERTEX_POINT('',#6136);
#1878=VERTEX_POINT('',#6142);
#1879=VERTEX_POINT('',#6159);
#1880=VERTEX_POINT('',#6165);
#1881=VERTEX_POINT('',#6182);
#1882=VERTEX_POINT('',#6188);
#1883=VERTEX_POINT('',#6218);
#1884=VERTEX_POINT('',#6219);
#1885=VERTEX_POINT('',#6221);
#1886=VERTEX_POINT('',#6223);
#1887=VERTEX_POINT('',#6227);
#1888=VERTEX_POINT('',#6229);
#1889=VERTEX_POINT('',#6233);
#1890=VERTEX_POINT('',#6235);
#1891=VERTEX_POINT('',#6239);
#1892=VERTEX_POINT('',#6241);
#1893=VERTEX_POINT('',#6245);
#1894=VERTEX_POINT('',#6247);
#1895=VERTEX_POINT('',#6251);
#1896=VERTEX_POINT('',#6253);
#1897=VERTEX_POINT('',#6257);
#1898=VERTEX_POINT('',#6259);
#1899=VERTEX_POINT('',#6263);
#1900=VERTEX_POINT('',#6265);
#1901=VERTEX_POINT('',#6269);
#1902=VERTEX_POINT('',#6271);
#1903=VERTEX_POINT('',#6275);
#1904=VERTEX_POINT('',#6277);
#1905=VERTEX_POINT('',#6281);
#1906=VERTEX_POINT('',#6283);
#1907=VERTEX_POINT('',#6292);
#1908=VERTEX_POINT('',#6293);
#1909=VERTEX_POINT('',#6295);
#1910=VERTEX_POINT('',#6297);
#1911=VERTEX_POINT('',#6310);
#1912=VERTEX_POINT('',#6316);
#1913=VERTEX_POINT('',#6333);
#1914=VERTEX_POINT('',#6339);
#1915=VERTEX_POINT('',#6356);
#1916=VERTEX_POINT('',#6362);
#1917=VERTEX_POINT('',#6379);
#1918=VERTEX_POINT('',#6385);
#1919=VERTEX_POINT('',#6402);
#1920=VERTEX_POINT('',#6408);
#1921=VERTEX_POINT('',#6416);
#1922=VERTEX_POINT('',#6418);
#1923=VERTEX_POINT('',#6425);
#1924=VERTEX_POINT('',#6426);
#1925=VERTEX_POINT('',#6428);
#1926=VERTEX_POINT('',#6430);
#1927=VERTEX_POINT('',#6434);
#1928=VERTEX_POINT('',#6436);
#1929=VERTEX_POINT('',#6449);
#1930=VERTEX_POINT('',#6455);
#1931=VERTEX_POINT('',#6472);
#1932=VERTEX_POINT('',#6478);
#1933=VERTEX_POINT('',#6495);
#1934=VERTEX_POINT('',#6501);
#1935=VERTEX_POINT('',#6518);
#1936=VERTEX_POINT('',#6524);
#1937=VERTEX_POINT('',#6541);
#1938=VERTEX_POINT('',#6547);
#1939=VERTEX_POINT('',#6564);
#1940=VERTEX_POINT('',#6570);
#1941=VERTEX_POINT('',#6578);
#1942=VERTEX_POINT('',#6580);
#1943=VERTEX_POINT('',#6584);
#1944=VERTEX_POINT('',#6586);
#1945=VERTEX_POINT('',#6595);
#1946=VERTEX_POINT('',#6596);
#1947=VERTEX_POINT('',#6598);
#1948=VERTEX_POINT('',#6600);
#1949=VERTEX_POINT('',#6604);
#1950=VERTEX_POINT('',#6606);
#1951=VERTEX_POINT('',#6610);
#1952=VERTEX_POINT('',#6612);
#1953=VERTEX_POINT('',#6625);
#1954=VERTEX_POINT('',#6631);
#1955=VERTEX_POINT('',#6648);
#1956=VERTEX_POINT('',#6654);
#1957=VERTEX_POINT('',#6671);
#1958=VERTEX_POINT('',#6677);
#1959=VERTEX_POINT('',#6694);
#1960=VERTEX_POINT('',#6700);
#1961=VERTEX_POINT('',#6717);
#1962=VERTEX_POINT('',#6723);
#1963=VERTEX_POINT('',#6740);
#1964=VERTEX_POINT('',#6746);
#1965=VERTEX_POINT('',#6763);
#1966=VERTEX_POINT('',#6769);
#1967=VERTEX_POINT('',#6786);
#1968=VERTEX_POINT('',#6792);
#1969=VERTEX_POINT('',#6809);
#1970=VERTEX_POINT('',#6815);
#1971=VERTEX_POINT('',#6832);
#1972=VERTEX_POINT('',#6838);
#1973=VERTEX_POINT('',#6855);
#1974=VERTEX_POINT('',#6861);
#1975=VERTEX_POINT('',#6869);
#1976=VERTEX_POINT('',#6871);
#1977=VERTEX_POINT('',#6884);
#1978=VERTEX_POINT('',#6890);
#1979=VERTEX_POINT('',#6907);
#1980=VERTEX_POINT('',#6913);
#1981=VERTEX_POINT('',#6930);
#1982=VERTEX_POINT('',#6936);
#1983=VERTEX_POINT('',#6953);
#1984=VERTEX_POINT('',#6959);
#1985=VERTEX_POINT('',#6976);
#1986=VERTEX_POINT('',#6982);
#1987=VERTEX_POINT('',#6999);
#1988=VERTEX_POINT('',#7005);
#1989=VERTEX_POINT('',#7022);
#1990=VERTEX_POINT('',#7028);
#1991=VERTEX_POINT('',#7045);
#1992=VERTEX_POINT('',#7051);
#1993=VERTEX_POINT('',#7068);
#1994=VERTEX_POINT('',#7074);
#1995=VERTEX_POINT('',#7091);
#1996=VERTEX_POINT('',#7097);
#1997=VERTEX_POINT('',#7114);
#1998=VERTEX_POINT('',#7120);
#1999=VERTEX_POINT('',#7137);
#2000=VERTEX_POINT('',#7143);
#2001=VERTEX_POINT('',#7151);
#2002=VERTEX_POINT('',#7153);
#2003=VERTEX_POINT('',#7171);
#2004=VERTEX_POINT('',#7172);
#2005=VERTEX_POINT('',#7178);
#2006=VERTEX_POINT('',#7180);
#2007=VERTEX_POINT('',#7197);
#2008=VERTEX_POINT('',#7203);
#2009=VERTEX_POINT('',#7220);
#2010=VERTEX_POINT('',#7226);
#2011=VERTEX_POINT('',#7243);
#2012=VERTEX_POINT('',#7249);
#2013=VERTEX_POINT('',#7266);
#2014=VERTEX_POINT('',#7272);
#2015=VERTEX_POINT('',#7289);
#2016=VERTEX_POINT('',#7295);
#2017=VERTEX_POINT('',#7312);
#2018=VERTEX_POINT('',#7318);
#2019=VERTEX_POINT('',#7346);
#2020=VERTEX_POINT('',#7347);
#2021=VERTEX_POINT('',#7349);
#2022=VERTEX_POINT('',#7351);
#2023=VERTEX_POINT('',#7355);
#2024=VERTEX_POINT('',#7357);
#2025=VERTEX_POINT('',#7361);
#2026=VERTEX_POINT('',#7363);
#2027=VERTEX_POINT('',#7367);
#2028=VERTEX_POINT('',#7369);
#2029=VERTEX_POINT('',#7382);
#2030=VERTEX_POINT('',#7388);
#2031=VERTEX_POINT('',#7405);
#2032=VERTEX_POINT('',#7411);
#2033=VERTEX_POINT('',#7428);
#2034=VERTEX_POINT('',#7434);
#2035=VERTEX_POINT('',#7451);
#2036=VERTEX_POINT('',#7457);
#2037=VERTEX_POINT('',#7474);
#2038=VERTEX_POINT('',#7480);
#2039=VERTEX_POINT('',#7497);
#2040=VERTEX_POINT('',#7503);
#2041=VERTEX_POINT('',#7520);
#2042=VERTEX_POINT('',#7526);
#2043=VERTEX_POINT('',#7543);
#2044=VERTEX_POINT('',#7549);
#2045=VERTEX_POINT('',#7562);
#2046=VERTEX_POINT('',#7563);
#2047=VERTEX_POINT('',#7565);
#2048=VERTEX_POINT('',#7567);
#2049=VERTEX_POINT('',#7571);
#2050=VERTEX_POINT('',#7573);
#2051=VERTEX_POINT('',#7577);
#2052=VERTEX_POINT('',#7579);
#2053=VERTEX_POINT('',#7597);
#2054=VERTEX_POINT('',#7598);
#2055=VERTEX_POINT('',#7604);
#2056=VERTEX_POINT('',#7606);
#2057=VERTEX_POINT('',#7623);
#2058=VERTEX_POINT('',#7629);
#2059=VERTEX_POINT('',#7646);
#2060=VERTEX_POINT('',#7652);
#2061=VERTEX_POINT('',#7669);
#2062=VERTEX_POINT('',#7675);
#2063=VERTEX_POINT('',#7692);
#2064=VERTEX_POINT('',#7698);
#2065=VERTEX_POINT('',#7715);
#2066=VERTEX_POINT('',#7721);
#2067=VERTEX_POINT('',#7738);
#2068=VERTEX_POINT('',#7744);
#2069=VERTEX_POINT('',#7781);
#2070=VERTEX_POINT('',#7782);
#2071=VERTEX_POINT('',#7788);
#2072=VERTEX_POINT('',#7790);
#2073=VERTEX_POINT('',#7807);
#2074=VERTEX_POINT('',#7813);
#2075=VERTEX_POINT('',#7830);
#2076=VERTEX_POINT('',#7836);
#2077=VERTEX_POINT('',#7853);
#2078=VERTEX_POINT('',#7859);
#2079=VERTEX_POINT('',#7876);
#2080=VERTEX_POINT('',#7882);
#2081=VERTEX_POINT('',#7899);
#2082=VERTEX_POINT('',#7905);
#2083=VERTEX_POINT('',#7922);
#2084=VERTEX_POINT('',#7928);
#2085=VERTEX_POINT('',#7945);
#2086=VERTEX_POINT('',#7951);
#2087=VERTEX_POINT('',#7968);
#2088=VERTEX_POINT('',#7974);
#2089=VERTEX_POINT('',#7991);
#2090=VERTEX_POINT('',#7997);
#2091=VERTEX_POINT('',#8014);
#2092=VERTEX_POINT('',#8020);
#2093=VERTEX_POINT('',#8050);
#2094=VERTEX_POINT('',#8051);
#2095=VERTEX_POINT('',#8053);
#2096=VERTEX_POINT('',#8055);
#2097=VERTEX_POINT('',#8059);
#2098=VERTEX_POINT('',#8061);
#2099=VERTEX_POINT('',#8068);
#2100=VERTEX_POINT('',#8069);
#2101=VERTEX_POINT('',#8071);
#2102=VERTEX_POINT('',#8073);
#2103=VERTEX_POINT('',#8077);
#2104=VERTEX_POINT('',#8079);
#2105=VERTEX_POINT('',#8083);
#2106=VERTEX_POINT('',#8085);
#2107=VERTEX_POINT('',#8089);
#2108=VERTEX_POINT('',#8091);
#2109=VERTEX_POINT('',#8095);
#2110=VERTEX_POINT('',#8097);
#2111=VERTEX_POINT('',#8101);
#2112=VERTEX_POINT('',#8103);
#2113=VERTEX_POINT('',#8107);
#2114=VERTEX_POINT('',#8109);
#2115=VERTEX_POINT('',#8113);
#2116=VERTEX_POINT('',#8115);
#2117=VERTEX_POINT('',#8119);
#2118=VERTEX_POINT('',#8121);
#2119=VERTEX_POINT('',#8125);
#2120=VERTEX_POINT('',#8127);
#2121=VERTEX_POINT('',#8136);
#2122=VERTEX_POINT('',#8137);
#2123=VERTEX_POINT('',#8139);
#2124=VERTEX_POINT('',#8141);
#2125=VERTEX_POINT('',#8145);
#2126=VERTEX_POINT('',#8147);
#2127=VERTEX_POINT('',#8151);
#2128=VERTEX_POINT('',#8153);
#2129=VERTEX_POINT('',#8157);
#2130=VERTEX_POINT('',#8159);
#2131=VERTEX_POINT('',#8163);
#2132=VERTEX_POINT('',#8165);
#2133=EDGE_CURVE('',#1730,#1730,#1722,.T.);
#2134=EDGE_CURVE('',#1730,#1731,#1723,.T.);
#2135=EDGE_CURVE('',#1731,#1731,#1724,.T.);
#2136=EDGE_CURVE('',#1732,#1732,#1725,.T.);
#2137=EDGE_CURVE('',#1732,#1730,#519,.T.);
#2138=EDGE_CURVE('',#1733,#1733,#1726,.T.);
#2139=EDGE_CURVE('',#1734,#1734,#1727,.T.);
#2140=EDGE_CURVE('',#1734,#1735,#520,.T.);
#2141=EDGE_CURVE('',#1735,#1735,#1728,.T.);
#2142=EDGE_CURVE('',#1736,#1736,#1729,.T.);
#2143=EDGE_CURVE('',#1736,#1733,#521,.T.);
#2144=EDGE_CURVE('',#1737,#1738,#522,.T.);
#2145=EDGE_CURVE('',#1737,#1739,#523,.T.);
#2146=EDGE_CURVE('',#1740,#1739,#524,.T.);
#2147=EDGE_CURVE('',#1738,#1740,#525,.T.);
#2148=EDGE_CURVE('',#1738,#1741,#13,.T.);
#2149=EDGE_CURVE('',#1742,#1740,#14,.T.);
#2150=EDGE_CURVE('',#1741,#1742,#526,.T.);
#2151=EDGE_CURVE('',#1741,#1743,#15,.T.);
#2152=EDGE_CURVE('',#1744,#1742,#16,.T.);
#2153=EDGE_CURVE('',#1743,#1744,#527,.T.);
#2154=EDGE_CURVE('',#1743,#1745,#17,.T.);
#2155=EDGE_CURVE('',#1746,#1744,#18,.T.);
#2156=EDGE_CURVE('',#1745,#1746,#528,.T.);
#2157=EDGE_CURVE('',#1745,#1747,#19,.T.);
#2158=EDGE_CURVE('',#1748,#1746,#20,.T.);
#2159=EDGE_CURVE('',#1747,#1748,#529,.T.);
#2160=EDGE_CURVE('',#1747,#1749,#21,.T.);
#2161=EDGE_CURVE('',#1750,#1748,#22,.T.);
#2162=EDGE_CURVE('',#1749,#1750,#530,.T.);
#2163=EDGE_CURVE('',#1749,#1751,#531,.T.);
#2164=EDGE_CURVE('',#1752,#1750,#532,.T.);
#2165=EDGE_CURVE('',#1751,#1752,#533,.T.);
#2166=EDGE_CURVE('',#1751,#1737,#534,.T.);
#2167=EDGE_CURVE('',#1739,#1752,#535,.T.);
#2168=EDGE_CURVE('',#1753,#1754,#536,.T.);
#2169=EDGE_CURVE('',#1753,#1755,#537,.T.);
#2170=EDGE_CURVE('',#1756,#1755,#538,.T.);
#2171=EDGE_CURVE('',#1754,#1756,#539,.T.);
#2172=EDGE_CURVE('',#1754,#1757,#540,.T.);
#2173=EDGE_CURVE('',#1758,#1756,#541,.T.);
#2174=EDGE_CURVE('',#1757,#1758,#542,.T.);
#2175=EDGE_CURVE('',#1757,#1759,#23,.T.);
#2176=EDGE_CURVE('',#1760,#1758,#24,.T.);
#2177=EDGE_CURVE('',#1759,#1760,#543,.T.);
#2178=EDGE_CURVE('',#1759,#1761,#25,.T.);
#2179=EDGE_CURVE('',#1762,#1760,#26,.T.);
#2180=EDGE_CURVE('',#1761,#1762,#544,.T.);
#2181=EDGE_CURVE('',#1761,#1763,#27,.T.);
#2182=EDGE_CURVE('',#1764,#1762,#28,.T.);
#2183=EDGE_CURVE('',#1763,#1764,#545,.T.);
#2184=EDGE_CURVE('',#1763,#1765,#29,.T.);
#2185=EDGE_CURVE('',#1766,#1764,#30,.T.);
#2186=EDGE_CURVE('',#1765,#1766,#546,.T.);
#2187=EDGE_CURVE('',#1765,#1767,#31,.T.);
#2188=EDGE_CURVE('',#1768,#1766,#32,.T.);
#2189=EDGE_CURVE('',#1767,#1768,#547,.T.);
#2190=EDGE_CURVE('',#1767,#1769,#33,.T.);
#2191=EDGE_CURVE('',#1770,#1768,#34,.T.);
#2192=EDGE_CURVE('',#1769,#1770,#548,.T.);
#2193=EDGE_CURVE('',#1769,#1771,#35,.T.);
#2194=EDGE_CURVE('',#1772,#1770,#36,.T.);
#2195=EDGE_CURVE('',#1771,#1772,#549,.T.);
#2196=EDGE_CURVE('',#1771,#1773,#550,.T.);
#2197=EDGE_CURVE('',#1774,#1772,#551,.T.);
#2198=EDGE_CURVE('',#1773,#1774,#552,.T.);
#2199=EDGE_CURVE('',#1773,#1775,#553,.T.);
#2200=EDGE_CURVE('',#1776,#1774,#554,.T.);
#2201=EDGE_CURVE('',#1775,#1776,#555,.T.);
#2202=EDGE_CURVE('',#1775,#1777,#556,.T.);
#2203=EDGE_CURVE('',#1778,#1776,#557,.T.);
#2204=EDGE_CURVE('',#1777,#1778,#558,.T.);
#2205=EDGE_CURVE('',#1777,#1779,#37,.T.);
#2206=EDGE_CURVE('',#1780,#1778,#38,.T.);
#2207=EDGE_CURVE('',#1779,#1780,#559,.T.);
#2208=EDGE_CURVE('',#1779,#1781,#39,.T.);
#2209=EDGE_CURVE('',#1782,#1780,#40,.T.);
#2210=EDGE_CURVE('',#1781,#1782,#560,.T.);
#2211=EDGE_CURVE('',#1781,#1783,#41,.T.);
#2212=EDGE_CURVE('',#1784,#1782,#42,.T.);
#2213=EDGE_CURVE('',#1783,#1784,#561,.T.);
#2214=EDGE_CURVE('',#1783,#1785,#43,.T.);
#2215=EDGE_CURVE('',#1786,#1784,#44,.T.);
#2216=EDGE_CURVE('',#1785,#1786,#562,.T.);
#2217=EDGE_CURVE('',#1785,#1787,#563,.T.);
#2218=EDGE_CURVE('',#1788,#1786,#564,.T.);
#2219=EDGE_CURVE('',#1787,#1788,#565,.T.);
#2220=EDGE_CURVE('',#1787,#1789,#566,.T.);
#2221=EDGE_CURVE('',#1790,#1788,#567,.T.);
#2222=EDGE_CURVE('',#1789,#1790,#568,.T.);
#2223=EDGE_CURVE('',#1789,#1753,#569,.T.);
#2224=EDGE_CURVE('',#1755,#1790,#570,.T.);
#2225=EDGE_CURVE('',#1791,#1792,#571,.T.);
#2226=EDGE_CURVE('',#1791,#1793,#572,.T.);
#2227=EDGE_CURVE('',#1794,#1793,#573,.T.);
#2228=EDGE_CURVE('',#1792,#1794,#574,.T.);
#2229=EDGE_CURVE('',#1792,#1795,#575,.T.);
#2230=EDGE_CURVE('',#1796,#1794,#576,.T.);
#2231=EDGE_CURVE('',#1795,#1796,#577,.T.);
#2232=EDGE_CURVE('',#1795,#1791,#578,.T.);
#2233=EDGE_CURVE('',#1793,#1796,#579,.T.);
#2234=EDGE_CURVE('',#1797,#1798,#580,.T.);
#2235=EDGE_CURVE('',#1797,#1799,#581,.T.);
#2236=EDGE_CURVE('',#1800,#1799,#582,.T.);
#2237=EDGE_CURVE('',#1798,#1800,#583,.T.);
#2238=EDGE_CURVE('',#1798,#1801,#584,.T.);
#2239=EDGE_CURVE('',#1802,#1800,#585,.T.);
#2240=EDGE_CURVE('',#1801,#1802,#586,.T.);
#2241=EDGE_CURVE('',#1801,#1803,#587,.T.);
#2242=EDGE_CURVE('',#1804,#1802,#588,.T.);
#2243=EDGE_CURVE('',#1803,#1804,#589,.T.);
#2244=EDGE_CURVE('',#1803,#1805,#590,.T.);
#2245=EDGE_CURVE('',#1806,#1804,#591,.T.);
#2246=EDGE_CURVE('',#1805,#1806,#592,.T.);
#2247=EDGE_CURVE('',#1805,#1807,#593,.T.);
#2248=EDGE_CURVE('',#1808,#1806,#594,.T.);
#2249=EDGE_CURVE('',#1807,#1808,#595,.T.);
#2250=EDGE_CURVE('',#1807,#1809,#596,.T.);
#2251=EDGE_CURVE('',#1810,#1808,#597,.T.);
#2252=EDGE_CURVE('',#1809,#1810,#598,.T.);
#2253=EDGE_CURVE('',#1809,#1811,#599,.T.);
#2254=EDGE_CURVE('',#1812,#1810,#600,.T.);
#2255=EDGE_CURVE('',#1811,#1812,#601,.T.);
#2256=EDGE_CURVE('',#1811,#1813,#602,.T.);
#2257=EDGE_CURVE('',#1814,#1812,#603,.T.);
#2258=EDGE_CURVE('',#1813,#1814,#604,.T.);
#2259=EDGE_CURVE('',#1813,#1815,#605,.T.);
#2260=EDGE_CURVE('',#1816,#1814,#606,.T.);
#2261=EDGE_CURVE('',#1815,#1816,#607,.T.);
#2262=EDGE_CURVE('',#1815,#1817,#608,.T.);
#2263=EDGE_CURVE('',#1818,#1816,#609,.T.);
#2264=EDGE_CURVE('',#1817,#1818,#610,.T.);
#2265=EDGE_CURVE('',#1817,#1797,#611,.T.);
#2266=EDGE_CURVE('',#1799,#1818,#612,.T.);
#2267=EDGE_CURVE('',#1819,#1820,#45,.T.);
#2268=EDGE_CURVE('',#1819,#1821,#613,.T.);
#2269=EDGE_CURVE('',#1822,#1821,#46,.T.);
#2270=EDGE_CURVE('',#1820,#1822,#614,.T.);
#2271=EDGE_CURVE('',#1820,#1823,#47,.T.);
#2272=EDGE_CURVE('',#1824,#1822,#48,.T.);
#2273=EDGE_CURVE('',#1823,#1824,#615,.T.);
#2274=EDGE_CURVE('',#1823,#1825,#49,.T.);
#2275=EDGE_CURVE('',#1826,#1824,#50,.T.);
#2276=EDGE_CURVE('',#1825,#1826,#616,.T.);
#2277=EDGE_CURVE('',#1825,#1827,#51,.T.);
#2278=EDGE_CURVE('',#1828,#1826,#52,.T.);
#2279=EDGE_CURVE('',#1827,#1828,#617,.T.);
#2280=EDGE_CURVE('',#1827,#1829,#53,.T.);
#2281=EDGE_CURVE('',#1830,#1828,#54,.T.);
#2282=EDGE_CURVE('',#1829,#1830,#618,.T.);
#2283=EDGE_CURVE('',#1829,#1831,#55,.T.);
#2284=EDGE_CURVE('',#1832,#1830,#56,.T.);
#2285=EDGE_CURVE('',#1831,#1832,#619,.T.);
#2286=EDGE_CURVE('',#1831,#1833,#57,.T.);
#2287=EDGE_CURVE('',#1834,#1832,#58,.T.);
#2288=EDGE_CURVE('',#1833,#1834,#620,.T.);
#2289=EDGE_CURVE('',#1833,#1819,#59,.T.);
#2290=EDGE_CURVE('',#1821,#1834,#60,.T.);
#2291=EDGE_CURVE('',#1835,#1836,#61,.T.);
#2292=EDGE_CURVE('',#1835,#1837,#621,.T.);
#2293=EDGE_CURVE('',#1838,#1837,#62,.T.);
#2294=EDGE_CURVE('',#1836,#1838,#622,.T.);
#2295=EDGE_CURVE('',#1836,#1839,#63,.T.);
#2296=EDGE_CURVE('',#1840,#1838,#64,.T.);
#2297=EDGE_CURVE('',#1839,#1840,#623,.T.);
#2298=EDGE_CURVE('',#1839,#1841,#65,.T.);
#2299=EDGE_CURVE('',#1842,#1840,#66,.T.);
#2300=EDGE_CURVE('',#1841,#1842,#624,.T.);
#2301=EDGE_CURVE('',#1841,#1843,#67,.T.);
#2302=EDGE_CURVE('',#1844,#1842,#68,.T.);
#2303=EDGE_CURVE('',#1843,#1844,#625,.T.);
#2304=EDGE_CURVE('',#1843,#1845,#69,.T.);
#2305=EDGE_CURVE('',#1846,#1844,#70,.T.);
#2306=EDGE_CURVE('',#1845,#1846,#626,.T.);
#2307=EDGE_CURVE('',#1845,#1847,#71,.T.);
#2308=EDGE_CURVE('',#1848,#1846,#72,.T.);
#2309=EDGE_CURVE('',#1847,#1848,#627,.T.);
#2310=EDGE_CURVE('',#1847,#1849,#73,.T.);
#2311=EDGE_CURVE('',#1850,#1848,#74,.T.);
#2312=EDGE_CURVE('',#1849,#1850,#628,.T.);
#2313=EDGE_CURVE('',#1849,#1835,#75,.T.);
#2314=EDGE_CURVE('',#1837,#1850,#76,.T.);
#2315=EDGE_CURVE('',#1851,#1852,#77,.T.);
#2316=EDGE_CURVE('',#1851,#1853,#629,.T.);
#2317=EDGE_CURVE('',#1854,#1853,#78,.T.);
#2318=EDGE_CURVE('',#1852,#1854,#630,.T.);
#2319=EDGE_CURVE('',#1852,#1855,#79,.T.);
#2320=EDGE_CURVE('',#1856,#1854,#80,.T.);
#2321=EDGE_CURVE('',#1855,#1856,#631,.T.);
#2322=EDGE_CURVE('',#1855,#1857,#81,.T.);
#2323=EDGE_CURVE('',#1858,#1856,#82,.T.);
#2324=EDGE_CURVE('',#1857,#1858,#632,.T.);
#2325=EDGE_CURVE('',#1857,#1859,#83,.T.);
#2326=EDGE_CURVE('',#1860,#1858,#84,.T.);
#2327=EDGE_CURVE('',#1859,#1860,#633,.T.);
#2328=EDGE_CURVE('',#1859,#1861,#85,.T.);
#2329=EDGE_CURVE('',#1862,#1860,#86,.T.);
#2330=EDGE_CURVE('',#1861,#1862,#634,.T.);
#2331=EDGE_CURVE('',#1861,#1863,#87,.T.);
#2332=EDGE_CURVE('',#1864,#1862,#88,.T.);
#2333=EDGE_CURVE('',#1863,#1864,#635,.T.);
#2334=EDGE_CURVE('',#1863,#1865,#89,.T.);
#2335=EDGE_CURVE('',#1866,#1864,#90,.T.);
#2336=EDGE_CURVE('',#1865,#1866,#636,.T.);
#2337=EDGE_CURVE('',#1865,#1851,#91,.T.);
#2338=EDGE_CURVE('',#1853,#1866,#92,.T.);
#2339=EDGE_CURVE('',#1867,#1868,#93,.T.);
#2340=EDGE_CURVE('',#1867,#1869,#637,.T.);
#2341=EDGE_CURVE('',#1870,#1869,#94,.T.);
#2342=EDGE_CURVE('',#1868,#1870,#638,.T.);
#2343=EDGE_CURVE('',#1868,#1871,#95,.T.);
#2344=EDGE_CURVE('',#1872,#1870,#96,.T.);
#2345=EDGE_CURVE('',#1871,#1872,#639,.T.);
#2346=EDGE_CURVE('',#1871,#1873,#97,.T.);
#2347=EDGE_CURVE('',#1874,#1872,#98,.T.);
#2348=EDGE_CURVE('',#1873,#1874,#640,.T.);
#2349=EDGE_CURVE('',#1873,#1875,#99,.T.);
#2350=EDGE_CURVE('',#1876,#1874,#100,.T.);
#2351=EDGE_CURVE('',#1875,#1876,#641,.T.);
#2352=EDGE_CURVE('',#1875,#1877,#101,.T.);
#2353=EDGE_CURVE('',#1878,#1876,#102,.T.);
#2354=EDGE_CURVE('',#1877,#1878,#642,.T.);
#2355=EDGE_CURVE('',#1877,#1879,#103,.T.);
#2356=EDGE_CURVE('',#1880,#1878,#104,.T.);
#2357=EDGE_CURVE('',#1879,#1880,#643,.T.);
#2358=EDGE_CURVE('',#1879,#1881,#105,.T.);
#2359=EDGE_CURVE('',#1882,#1880,#106,.T.);
#2360=EDGE_CURVE('',#1881,#1882,#644,.T.);
#2361=EDGE_CURVE('',#1881,#1867,#107,.T.);
#2362=EDGE_CURVE('',#1869,#1882,#108,.T.);
#2363=EDGE_CURVE('',#1883,#1884,#645,.T.);
#2364=EDGE_CURVE('',#1883,#1885,#646,.T.);
#2365=EDGE_CURVE('',#1886,#1885,#647,.T.);
#2366=EDGE_CURVE('',#1884,#1886,#648,.T.);
#2367=EDGE_CURVE('',#1884,#1887,#649,.T.);
#2368=EDGE_CURVE('',#1888,#1886,#650,.T.);
#2369=EDGE_CURVE('',#1887,#1888,#651,.T.);
#2370=EDGE_CURVE('',#1887,#1889,#652,.T.);
#2371=EDGE_CURVE('',#1890,#1888,#653,.T.);
#2372=EDGE_CURVE('',#1889,#1890,#654,.T.);
#2373=EDGE_CURVE('',#1889,#1891,#655,.T.);
#2374=EDGE_CURVE('',#1892,#1890,#656,.T.);
#2375=EDGE_CURVE('',#1891,#1892,#657,.T.);
#2376=EDGE_CURVE('',#1891,#1893,#658,.T.);
#2377=EDGE_CURVE('',#1894,#1892,#659,.T.);
#2378=EDGE_CURVE('',#1893,#1894,#660,.T.);
#2379=EDGE_CURVE('',#1893,#1895,#661,.T.);
#2380=EDGE_CURVE('',#1896,#1894,#662,.T.);
#2381=EDGE_CURVE('',#1895,#1896,#663,.T.);
#2382=EDGE_CURVE('',#1895,#1897,#664,.T.);
#2383=EDGE_CURVE('',#1898,#1896,#665,.T.);
#2384=EDGE_CURVE('',#1897,#1898,#666,.T.);
#2385=EDGE_CURVE('',#1897,#1899,#667,.T.);
#2386=EDGE_CURVE('',#1900,#1898,#668,.T.);
#2387=EDGE_CURVE('',#1899,#1900,#669,.T.);
#2388=EDGE_CURVE('',#1899,#1901,#670,.T.);
#2389=EDGE_CURVE('',#1902,#1900,#671,.T.);
#2390=EDGE_CURVE('',#1901,#1902,#672,.T.);
#2391=EDGE_CURVE('',#1901,#1903,#673,.T.);
#2392=EDGE_CURVE('',#1904,#1902,#674,.T.);
#2393=EDGE_CURVE('',#1903,#1904,#675,.T.);
#2394=EDGE_CURVE('',#1903,#1905,#676,.T.);
#2395=EDGE_CURVE('',#1906,#1904,#677,.T.);
#2396=EDGE_CURVE('',#1905,#1906,#678,.T.);
#2397=EDGE_CURVE('',#1905,#1883,#679,.T.);
#2398=EDGE_CURVE('',#1885,#1906,#680,.T.);
#2399=EDGE_CURVE('',#1907,#1908,#681,.T.);
#2400=EDGE_CURVE('',#1907,#1909,#682,.T.);
#2401=EDGE_CURVE('',#1910,#1909,#683,.T.);
#2402=EDGE_CURVE('',#1908,#1910,#684,.T.);
#2403=EDGE_CURVE('',#1908,#1911,#109,.T.);
#2404=EDGE_CURVE('',#1912,#1910,#110,.T.);
#2405=EDGE_CURVE('',#1911,#1912,#685,.T.);
#2406=EDGE_CURVE('',#1911,#1913,#111,.T.);
#2407=EDGE_CURVE('',#1914,#1912,#112,.T.);
#2408=EDGE_CURVE('',#1913,#1914,#686,.T.);
#2409=EDGE_CURVE('',#1913,#1915,#113,.T.);
#2410=EDGE_CURVE('',#1916,#1914,#114,.T.);
#2411=EDGE_CURVE('',#1915,#1916,#687,.T.);
#2412=EDGE_CURVE('',#1915,#1917,#115,.T.);
#2413=EDGE_CURVE('',#1918,#1916,#116,.T.);
#2414=EDGE_CURVE('',#1917,#1918,#688,.T.);
#2415=EDGE_CURVE('',#1917,#1919,#117,.T.);
#2416=EDGE_CURVE('',#1920,#1918,#118,.T.);
#2417=EDGE_CURVE('',#1919,#1920,#689,.T.);
#2418=EDGE_CURVE('',#1919,#1921,#690,.T.);
#2419=EDGE_CURVE('',#1922,#1920,#691,.T.);
#2420=EDGE_CURVE('',#1921,#1922,#692,.T.);
#2421=EDGE_CURVE('',#1921,#1907,#693,.T.);
#2422=EDGE_CURVE('',#1909,#1922,#694,.T.);
#2423=EDGE_CURVE('',#1923,#1924,#695,.T.);
#2424=EDGE_CURVE('',#1923,#1925,#696,.T.);
#2425=EDGE_CURVE('',#1926,#1925,#697,.T.);
#2426=EDGE_CURVE('',#1924,#1926,#698,.T.);
#2427=EDGE_CURVE('',#1924,#1927,#699,.T.);
#2428=EDGE_CURVE('',#1928,#1926,#700,.T.);
#2429=EDGE_CURVE('',#1927,#1928,#701,.T.);
#2430=EDGE_CURVE('',#1927,#1929,#119,.T.);
#2431=EDGE_CURVE('',#1930,#1928,#120,.T.);
#2432=EDGE_CURVE('',#1929,#1930,#702,.T.);
#2433=EDGE_CURVE('',#1929,#1931,#121,.T.);
#2434=EDGE_CURVE('',#1932,#1930,#122,.T.);
#2435=EDGE_CURVE('',#1931,#1932,#703,.T.);
#2436=EDGE_CURVE('',#1931,#1933,#123,.T.);
#2437=EDGE_CURVE('',#1934,#1932,#124,.T.);
#2438=EDGE_CURVE('',#1933,#1934,#704,.T.);
#2439=EDGE_CURVE('',#1933,#1935,#125,.T.);
#2440=EDGE_CURVE('',#1936,#1934,#126,.T.);
#2441=EDGE_CURVE('',#1935,#1936,#705,.T.);
#2442=EDGE_CURVE('',#1935,#1937,#127,.T.);
#2443=EDGE_CURVE('',#1938,#1936,#128,.T.);
#2444=EDGE_CURVE('',#1937,#1938,#706,.T.);
#2445=EDGE_CURVE('',#1937,#1939,#129,.T.);
#2446=EDGE_CURVE('',#1940,#1938,#130,.T.);
#2447=EDGE_CURVE('',#1939,#1940,#707,.T.);
#2448=EDGE_CURVE('',#1939,#1941,#708,.T.);
#2449=EDGE_CURVE('',#1942,#1940,#709,.T.);
#2450=EDGE_CURVE('',#1941,#1942,#710,.T.);
#2451=EDGE_CURVE('',#1941,#1943,#711,.T.);
#2452=EDGE_CURVE('',#1944,#1942,#712,.T.);
#2453=EDGE_CURVE('',#1943,#1944,#713,.T.);
#2454=EDGE_CURVE('',#1943,#1923,#714,.T.);
#2455=EDGE_CURVE('',#1925,#1944,#715,.T.);
#2456=EDGE_CURVE('',#1945,#1946,#716,.T.);
#2457=EDGE_CURVE('',#1945,#1947,#717,.T.);
#2458=EDGE_CURVE('',#1948,#1947,#718,.T.);
#2459=EDGE_CURVE('',#1946,#1948,#719,.T.);
#2460=EDGE_CURVE('',#1946,#1949,#720,.T.);
#2461=EDGE_CURVE('',#1950,#1948,#721,.T.);
#2462=EDGE_CURVE('',#1949,#1950,#722,.T.);
#2463=EDGE_CURVE('',#1949,#1951,#723,.T.);
#2464=EDGE_CURVE('',#1952,#1950,#724,.T.);
#2465=EDGE_CURVE('',#1951,#1952,#725,.T.);
#2466=EDGE_CURVE('',#1951,#1953,#131,.T.);
#2467=EDGE_CURVE('',#1954,#1952,#132,.T.);
#2468=EDGE_CURVE('',#1953,#1954,#726,.T.);
#2469=EDGE_CURVE('',#1953,#1955,#133,.T.);
#2470=EDGE_CURVE('',#1956,#1954,#134,.T.);
#2471=EDGE_CURVE('',#1955,#1956,#727,.T.);
#2472=EDGE_CURVE('',#1955,#1957,#135,.T.);
#2473=EDGE_CURVE('',#1958,#1956,#136,.T.);
#2474=EDGE_CURVE('',#1957,#1958,#728,.T.);
#2475=EDGE_CURVE('',#1957,#1959,#137,.T.);
#2476=EDGE_CURVE('',#1960,#1958,#138,.T.);
#2477=EDGE_CURVE('',#1959,#1960,#729,.T.);
#2478=EDGE_CURVE('',#1959,#1961,#139,.T.);
#2479=EDGE_CURVE('',#1962,#1960,#140,.T.);
#2480=EDGE_CURVE('',#1961,#1962,#730,.T.);
#2481=EDGE_CURVE('',#1961,#1963,#141,.T.);
#2482=EDGE_CURVE('',#1964,#1962,#142,.T.);
#2483=EDGE_CURVE('',#1963,#1964,#731,.T.);
#2484=EDGE_CURVE('',#1963,#1965,#143,.T.);
#2485=EDGE_CURVE('',#1966,#1964,#144,.T.);
#2486=EDGE_CURVE('',#1965,#1966,#732,.T.);
#2487=EDGE_CURVE('',#1965,#1967,#145,.T.);
#2488=EDGE_CURVE('',#1968,#1966,#146,.T.);
#2489=EDGE_CURVE('',#1967,#1968,#733,.T.);
#2490=EDGE_CURVE('',#1967,#1969,#147,.T.);
#2491=EDGE_CURVE('',#1970,#1968,#148,.T.);
#2492=EDGE_CURVE('',#1969,#1970,#734,.T.);
#2493=EDGE_CURVE('',#1969,#1971,#149,.T.);
#2494=EDGE_CURVE('',#1972,#1970,#150,.T.);
#2495=EDGE_CURVE('',#1971,#1972,#735,.T.);
#2496=EDGE_CURVE('',#1971,#1973,#151,.T.);
#2497=EDGE_CURVE('',#1974,#1972,#152,.T.);
#2498=EDGE_CURVE('',#1973,#1974,#736,.T.);
#2499=EDGE_CURVE('',#1973,#1975,#737,.T.);
#2500=EDGE_CURVE('',#1976,#1974,#738,.T.);
#2501=EDGE_CURVE('',#1975,#1976,#739,.T.);
#2502=EDGE_CURVE('',#1975,#1977,#153,.T.);
#2503=EDGE_CURVE('',#1978,#1976,#154,.T.);
#2504=EDGE_CURVE('',#1977,#1978,#740,.T.);
#2505=EDGE_CURVE('',#1977,#1979,#155,.T.);
#2506=EDGE_CURVE('',#1980,#1978,#156,.T.);
#2507=EDGE_CURVE('',#1979,#1980,#741,.T.);
#2508=EDGE_CURVE('',#1979,#1981,#157,.T.);
#2509=EDGE_CURVE('',#1982,#1980,#158,.T.);
#2510=EDGE_CURVE('',#1981,#1982,#742,.T.);
#2511=EDGE_CURVE('',#1981,#1983,#159,.T.);
#2512=EDGE_CURVE('',#1984,#1982,#160,.T.);
#2513=EDGE_CURVE('',#1983,#1984,#743,.T.);
#2514=EDGE_CURVE('',#1983,#1985,#161,.T.);
#2515=EDGE_CURVE('',#1986,#1984,#162,.T.);
#2516=EDGE_CURVE('',#1985,#1986,#744,.T.);
#2517=EDGE_CURVE('',#1985,#1987,#163,.T.);
#2518=EDGE_CURVE('',#1988,#1986,#164,.T.);
#2519=EDGE_CURVE('',#1987,#1988,#745,.T.);
#2520=EDGE_CURVE('',#1987,#1989,#165,.T.);
#2521=EDGE_CURVE('',#1990,#1988,#166,.T.);
#2522=EDGE_CURVE('',#1989,#1990,#746,.T.);
#2523=EDGE_CURVE('',#1989,#1991,#167,.T.);
#2524=EDGE_CURVE('',#1992,#1990,#168,.T.);
#2525=EDGE_CURVE('',#1991,#1992,#747,.T.);
#2526=EDGE_CURVE('',#1991,#1993,#169,.T.);
#2527=EDGE_CURVE('',#1994,#1992,#170,.T.);
#2528=EDGE_CURVE('',#1993,#1994,#748,.T.);
#2529=EDGE_CURVE('',#1993,#1995,#171,.T.);
#2530=EDGE_CURVE('',#1996,#1994,#172,.T.);
#2531=EDGE_CURVE('',#1995,#1996,#749,.T.);
#2532=EDGE_CURVE('',#1995,#1997,#173,.T.);
#2533=EDGE_CURVE('',#1998,#1996,#174,.T.);
#2534=EDGE_CURVE('',#1997,#1998,#750,.T.);
#2535=EDGE_CURVE('',#1997,#1999,#175,.T.);
#2536=EDGE_CURVE('',#2000,#1998,#176,.T.);
#2537=EDGE_CURVE('',#1999,#2000,#751,.T.);
#2538=EDGE_CURVE('',#1999,#2001,#752,.T.);
#2539=EDGE_CURVE('',#2002,#2000,#753,.T.);
#2540=EDGE_CURVE('',#2001,#2002,#754,.T.);
#2541=EDGE_CURVE('',#2001,#1945,#755,.T.);
#2542=EDGE_CURVE('',#1947,#2002,#756,.T.);
#2543=EDGE_CURVE('',#2003,#2004,#177,.T.);
#2544=EDGE_CURVE('',#2003,#2005,#757,.T.);
#2545=EDGE_CURVE('',#2006,#2005,#178,.T.);
#2546=EDGE_CURVE('',#2004,#2006,#758,.T.);
#2547=EDGE_CURVE('',#2004,#2007,#179,.T.);
#2548=EDGE_CURVE('',#2008,#2006,#180,.T.);
#2549=EDGE_CURVE('',#2007,#2008,#759,.T.);
#2550=EDGE_CURVE('',#2007,#2009,#181,.T.);
#2551=EDGE_CURVE('',#2010,#2008,#182,.T.);
#2552=EDGE_CURVE('',#2009,#2010,#760,.T.);
#2553=EDGE_CURVE('',#2009,#2011,#183,.T.);
#2554=EDGE_CURVE('',#2012,#2010,#184,.T.);
#2555=EDGE_CURVE('',#2011,#2012,#761,.T.);
#2556=EDGE_CURVE('',#2011,#2013,#185,.T.);
#2557=EDGE_CURVE('',#2014,#2012,#186,.T.);
#2558=EDGE_CURVE('',#2013,#2014,#762,.T.);
#2559=EDGE_CURVE('',#2013,#2015,#187,.T.);
#2560=EDGE_CURVE('',#2016,#2014,#188,.T.);
#2561=EDGE_CURVE('',#2015,#2016,#763,.T.);
#2562=EDGE_CURVE('',#2015,#2017,#189,.T.);
#2563=EDGE_CURVE('',#2018,#2016,#190,.T.);
#2564=EDGE_CURVE('',#2017,#2018,#764,.T.);
#2565=EDGE_CURVE('',#2017,#2003,#191,.T.);
#2566=EDGE_CURVE('',#2005,#2018,#192,.T.);
#2567=EDGE_CURVE('',#2019,#2020,#765,.T.);
#2568=EDGE_CURVE('',#2019,#2021,#766,.T.);
#2569=EDGE_CURVE('',#2022,#2021,#767,.T.);
#2570=EDGE_CURVE('',#2020,#2022,#768,.T.);
#2571=EDGE_CURVE('',#2020,#2023,#769,.T.);
#2572=EDGE_CURVE('',#2024,#2022,#770,.T.);
#2573=EDGE_CURVE('',#2023,#2024,#771,.T.);
#2574=EDGE_CURVE('',#2023,#2025,#772,.T.);
#2575=EDGE_CURVE('',#2026,#2024,#773,.T.);
#2576=EDGE_CURVE('',#2025,#2026,#774,.T.);
#2577=EDGE_CURVE('',#2025,#2027,#775,.T.);
#2578=EDGE_CURVE('',#2028,#2026,#776,.T.);
#2579=EDGE_CURVE('',#2027,#2028,#777,.T.);
#2580=EDGE_CURVE('',#2027,#2029,#193,.T.);
#2581=EDGE_CURVE('',#2030,#2028,#194,.T.);
#2582=EDGE_CURVE('',#2029,#2030,#778,.T.);
#2583=EDGE_CURVE('',#2029,#2031,#195,.T.);
#2584=EDGE_CURVE('',#2032,#2030,#196,.T.);
#2585=EDGE_CURVE('',#2031,#2032,#779,.T.);
#2586=EDGE_CURVE('',#2031,#2033,#197,.T.);
#2587=EDGE_CURVE('',#2034,#2032,#198,.T.);
#2588=EDGE_CURVE('',#2033,#2034,#780,.T.);
#2589=EDGE_CURVE('',#2033,#2035,#199,.T.);
#2590=EDGE_CURVE('',#2036,#2034,#200,.T.);
#2591=EDGE_CURVE('',#2035,#2036,#781,.T.);
#2592=EDGE_CURVE('',#2035,#2037,#201,.T.);
#2593=EDGE_CURVE('',#2038,#2036,#202,.T.);
#2594=EDGE_CURVE('',#2037,#2038,#782,.T.);
#2595=EDGE_CURVE('',#2037,#2039,#203,.T.);
#2596=EDGE_CURVE('',#2040,#2038,#204,.T.);
#2597=EDGE_CURVE('',#2039,#2040,#783,.T.);
#2598=EDGE_CURVE('',#2039,#2041,#205,.T.);
#2599=EDGE_CURVE('',#2042,#2040,#206,.T.);
#2600=EDGE_CURVE('',#2041,#2042,#784,.T.);
#2601=EDGE_CURVE('',#2041,#2043,#207,.T.);
#2602=EDGE_CURVE('',#2044,#2042,#208,.T.);
#2603=EDGE_CURVE('',#2043,#2044,#785,.T.);
#2604=EDGE_CURVE('',#2043,#2019,#786,.T.);
#2605=EDGE_CURVE('',#2021,#2044,#787,.T.);
#2606=EDGE_CURVE('',#2045,#2046,#788,.T.);
#2607=EDGE_CURVE('',#2045,#2047,#789,.T.);
#2608=EDGE_CURVE('',#2048,#2047,#790,.T.);
#2609=EDGE_CURVE('',#2046,#2048,#791,.T.);
#2610=EDGE_CURVE('',#2046,#2049,#792,.T.);
#2611=EDGE_CURVE('',#2050,#2048,#793,.T.);
#2612=EDGE_CURVE('',#2049,#2050,#794,.T.);
#2613=EDGE_CURVE('',#2049,#2051,#795,.T.);
#2614=EDGE_CURVE('',#2052,#2050,#796,.T.);
#2615=EDGE_CURVE('',#2051,#2052,#797,.T.);
#2616=EDGE_CURVE('',#2051,#2045,#798,.T.);
#2617=EDGE_CURVE('',#2047,#2052,#799,.T.);
#2618=EDGE_CURVE('',#2053,#2054,#209,.T.);
#2619=EDGE_CURVE('',#2053,#2055,#800,.T.);
#2620=EDGE_CURVE('',#2056,#2055,#210,.T.);
#2621=EDGE_CURVE('',#2054,#2056,#801,.T.);
#2622=EDGE_CURVE('',#2054,#2057,#211,.T.);
#2623=EDGE_CURVE('',#2058,#2056,#212,.T.);
#2624=EDGE_CURVE('',#2057,#2058,#802,.T.);
#2625=EDGE_CURVE('',#2057,#2059,#213,.T.);
#2626=EDGE_CURVE('',#2060,#2058,#214,.T.);
#2627=EDGE_CURVE('',#2059,#2060,#803,.T.);
#2628=EDGE_CURVE('',#2059,#2061,#215,.T.);
#2629=EDGE_CURVE('',#2062,#2060,#216,.T.);
#2630=EDGE_CURVE('',#2061,#2062,#804,.T.);
#2631=EDGE_CURVE('',#2061,#2063,#217,.T.);
#2632=EDGE_CURVE('',#2064,#2062,#218,.T.);
#2633=EDGE_CURVE('',#2063,#2064,#805,.T.);
#2634=EDGE_CURVE('',#2063,#2065,#219,.T.);
#2635=EDGE_CURVE('',#2066,#2064,#220,.T.);
#2636=EDGE_CURVE('',#2065,#2066,#806,.T.);
#2637=EDGE_CURVE('',#2065,#2067,#221,.T.);
#2638=EDGE_CURVE('',#2068,#2066,#222,.T.);
#2639=EDGE_CURVE('',#2067,#2068,#807,.T.);
#2640=EDGE_CURVE('',#2067,#2053,#223,.T.);
#2641=EDGE_CURVE('',#2055,#2068,#224,.T.);
#2642=EDGE_CURVE('',#2069,#2070,#225,.T.);
#2643=EDGE_CURVE('',#2069,#2071,#808,.T.);
#2644=EDGE_CURVE('',#2072,#2071,#226,.T.);
#2645=EDGE_CURVE('',#2070,#2072,#809,.T.);
#2646=EDGE_CURVE('',#2070,#2073,#227,.T.);
#2647=EDGE_CURVE('',#2074,#2072,#228,.T.);
#2648=EDGE_CURVE('',#2073,#2074,#810,.T.);
#2649=EDGE_CURVE('',#2073,#2075,#229,.T.);
#2650=EDGE_CURVE('',#2076,#2074,#230,.T.);
#2651=EDGE_CURVE('',#2075,#2076,#811,.T.);
#2652=EDGE_CURVE('',#2075,#2077,#231,.T.);
#2653=EDGE_CURVE('',#2078,#2076,#232,.T.);
#2654=EDGE_CURVE('',#2077,#2078,#812,.T.);
#2655=EDGE_CURVE('',#2077,#2079,#233,.T.);
#2656=EDGE_CURVE('',#2080,#2078,#234,.T.);
#2657=EDGE_CURVE('',#2079,#2080,#813,.T.);
#2658=EDGE_CURVE('',#2079,#2081,#235,.T.);
#2659=EDGE_CURVE('',#2082,#2080,#236,.T.);
#2660=EDGE_CURVE('',#2081,#2082,#814,.T.);
#2661=EDGE_CURVE('',#2081,#2083,#237,.T.);
#2662=EDGE_CURVE('',#2084,#2082,#238,.T.);
#2663=EDGE_CURVE('',#2083,#2084,#815,.T.);
#2664=EDGE_CURVE('',#2083,#2085,#239,.T.);
#2665=EDGE_CURVE('',#2086,#2084,#240,.T.);
#2666=EDGE_CURVE('',#2085,#2086,#816,.T.);
#2667=EDGE_CURVE('',#2085,#2087,#241,.T.);
#2668=EDGE_CURVE('',#2088,#2086,#242,.T.);
#2669=EDGE_CURVE('',#2087,#2088,#817,.T.);
#2670=EDGE_CURVE('',#2087,#2089,#243,.T.);
#2671=EDGE_CURVE('',#2090,#2088,#244,.T.);
#2672=EDGE_CURVE('',#2089,#2090,#818,.T.);
#2673=EDGE_CURVE('',#2089,#2091,#245,.T.);
#2674=EDGE_CURVE('',#2092,#2090,#246,.T.);
#2675=EDGE_CURVE('',#2091,#2092,#819,.T.);
#2676=EDGE_CURVE('',#2091,#2069,#247,.T.);
#2677=EDGE_CURVE('',#2071,#2092,#248,.T.);
#2678=EDGE_CURVE('',#2093,#2094,#820,.T.);
#2679=EDGE_CURVE('',#2093,#2095,#821,.T.);
#2680=EDGE_CURVE('',#2096,#2095,#822,.T.);
#2681=EDGE_CURVE('',#2094,#2096,#823,.T.);
#2682=EDGE_CURVE('',#2094,#2097,#824,.T.);
#2683=EDGE_CURVE('',#2098,#2096,#825,.T.);
#2684=EDGE_CURVE('',#2097,#2098,#826,.T.);
#2685=EDGE_CURVE('',#2097,#2093,#827,.T.);
#2686=EDGE_CURVE('',#2095,#2098,#828,.T.);
#2687=EDGE_CURVE('',#2099,#2100,#829,.T.);
#2688=EDGE_CURVE('',#2099,#2101,#830,.T.);
#2689=EDGE_CURVE('',#2102,#2101,#831,.T.);
#2690=EDGE_CURVE('',#2100,#2102,#832,.T.);
#2691=EDGE_CURVE('',#2100,#2103,#833,.T.);
#2692=EDGE_CURVE('',#2104,#2102,#834,.T.);
#2693=EDGE_CURVE('',#2103,#2104,#835,.T.);
#2694=EDGE_CURVE('',#2103,#2105,#836,.T.);
#2695=EDGE_CURVE('',#2106,#2104,#837,.T.);
#2696=EDGE_CURVE('',#2105,#2106,#838,.T.);
#2697=EDGE_CURVE('',#2105,#2107,#839,.T.);
#2698=EDGE_CURVE('',#2108,#2106,#840,.T.);
#2699=EDGE_CURVE('',#2107,#2108,#841,.T.);
#2700=EDGE_CURVE('',#2107,#2109,#842,.T.);
#2701=EDGE_CURVE('',#2110,#2108,#843,.T.);
#2702=EDGE_CURVE('',#2109,#2110,#844,.T.);
#2703=EDGE_CURVE('',#2109,#2111,#845,.T.);
#2704=EDGE_CURVE('',#2112,#2110,#846,.T.);
#2705=EDGE_CURVE('',#2111,#2112,#847,.T.);
#2706=EDGE_CURVE('',#2111,#2113,#848,.T.);
#2707=EDGE_CURVE('',#2114,#2112,#849,.T.);
#2708=EDGE_CURVE('',#2113,#2114,#850,.T.);
#2709=EDGE_CURVE('',#2113,#2115,#851,.T.);
#2710=EDGE_CURVE('',#2116,#2114,#852,.T.);
#2711=EDGE_CURVE('',#2115,#2116,#853,.T.);
#2712=EDGE_CURVE('',#2115,#2117,#854,.T.);
#2713=EDGE_CURVE('',#2118,#2116,#855,.T.);
#2714=EDGE_CURVE('',#2117,#2118,#856,.T.);
#2715=EDGE_CURVE('',#2117,#2119,#857,.T.);
#2716=EDGE_CURVE('',#2120,#2118,#858,.T.);
#2717=EDGE_CURVE('',#2119,#2120,#859,.T.);
#2718=EDGE_CURVE('',#2119,#2099,#860,.T.);
#2719=EDGE_CURVE('',#2101,#2120,#861,.T.);
#2720=EDGE_CURVE('',#2121,#2122,#862,.T.);
#2721=EDGE_CURVE('',#2121,#2123,#863,.T.);
#2722=EDGE_CURVE('',#2124,#2123,#864,.T.);
#2723=EDGE_CURVE('',#2122,#2124,#865,.T.);
#2724=EDGE_CURVE('',#2122,#2125,#866,.T.);
#2725=EDGE_CURVE('',#2126,#2124,#867,.T.);
#2726=EDGE_CURVE('',#2125,#2126,#868,.T.);
#2727=EDGE_CURVE('',#2125,#2127,#869,.T.);
#2728=EDGE_CURVE('',#2128,#2126,#870,.T.);
#2729=EDGE_CURVE('',#2127,#2128,#871,.T.);
#2730=EDGE_CURVE('',#2127,#2129,#872,.T.);
#2731=EDGE_CURVE('',#2130,#2128,#873,.T.);
#2732=EDGE_CURVE('',#2129,#2130,#874,.T.);
#2733=EDGE_CURVE('',#2129,#2131,#875,.T.);
#2734=EDGE_CURVE('',#2132,#2130,#876,.T.);
#2735=EDGE_CURVE('',#2131,#2132,#877,.T.);
#2736=EDGE_CURVE('',#2131,#2121,#878,.T.);
#2737=EDGE_CURVE('',#2123,#2132,#879,.T.);
#2738=ORIENTED_EDGE('',*,*,#2133,.T.);
#2739=ORIENTED_EDGE('',*,*,#2134,.T.);
#2740=ORIENTED_EDGE('',*,*,#2135,.T.);
#2741=ORIENTED_EDGE('',*,*,#2134,.F.);
#2742=ORIENTED_EDGE('',*,*,#2136,.F.);
#2743=ORIENTED_EDGE('',*,*,#2137,.T.);
#2744=ORIENTED_EDGE('',*,*,#2133,.F.);
#2745=ORIENTED_EDGE('',*,*,#2137,.F.);
#2746=ORIENTED_EDGE('',*,*,#2135,.F.);
#2747=ORIENTED_EDGE('',*,*,#2138,.T.);
#2748=ORIENTED_EDGE('',*,*,#2139,.F.);
#2749=ORIENTED_EDGE('',*,*,#2140,.T.);
#2750=ORIENTED_EDGE('',*,*,#2141,.F.);
#2751=ORIENTED_EDGE('',*,*,#2140,.F.);
#2752=ORIENTED_EDGE('',*,*,#2139,.T.);
#2753=ORIENTED_EDGE('',*,*,#2142,.F.);
#2754=ORIENTED_EDGE('',*,*,#2143,.T.);
#2755=ORIENTED_EDGE('',*,*,#2138,.F.);
#2756=ORIENTED_EDGE('',*,*,#2143,.F.);
#2757=ORIENTED_EDGE('',*,*,#2142,.T.);
#2758=ORIENTED_EDGE('',*,*,#2141,.T.);
#2759=ORIENTED_EDGE('',*,*,#2136,.T.);
#2760=ORIENTED_EDGE('',*,*,#2144,.F.);
#2761=ORIENTED_EDGE('',*,*,#2145,.T.);
#2762=ORIENTED_EDGE('',*,*,#2146,.F.);
#2763=ORIENTED_EDGE('',*,*,#2147,.F.);
#2764=ORIENTED_EDGE('',*,*,#2148,.F.);
#2765=ORIENTED_EDGE('',*,*,#2147,.T.);
#2766=ORIENTED_EDGE('',*,*,#2149,.F.);
#2767=ORIENTED_EDGE('',*,*,#2150,.F.);
#2768=ORIENTED_EDGE('',*,*,#2151,.F.);
#2769=ORIENTED_EDGE('',*,*,#2150,.T.);
#2770=ORIENTED_EDGE('',*,*,#2152,.F.);
#2771=ORIENTED_EDGE('',*,*,#2153,.F.);
#2772=ORIENTED_EDGE('',*,*,#2154,.F.);
#2773=ORIENTED_EDGE('',*,*,#2153,.T.);
#2774=ORIENTED_EDGE('',*,*,#2155,.F.);
#2775=ORIENTED_EDGE('',*,*,#2156,.F.);
#2776=ORIENTED_EDGE('',*,*,#2157,.F.);
#2777=ORIENTED_EDGE('',*,*,#2156,.T.);
#2778=ORIENTED_EDGE('',*,*,#2158,.F.);
#2779=ORIENTED_EDGE('',*,*,#2159,.F.);
#2780=ORIENTED_EDGE('',*,*,#2160,.F.);
#2781=ORIENTED_EDGE('',*,*,#2159,.T.);
#2782=ORIENTED_EDGE('',*,*,#2161,.F.);
#2783=ORIENTED_EDGE('',*,*,#2162,.F.);
#2784=ORIENTED_EDGE('',*,*,#2163,.F.);
#2785=ORIENTED_EDGE('',*,*,#2162,.T.);
#2786=ORIENTED_EDGE('',*,*,#2164,.F.);
#2787=ORIENTED_EDGE('',*,*,#2165,.F.);
#2788=ORIENTED_EDGE('',*,*,#2166,.F.);
#2789=ORIENTED_EDGE('',*,*,#2165,.T.);
#2790=ORIENTED_EDGE('',*,*,#2167,.F.);
#2791=ORIENTED_EDGE('',*,*,#2145,.F.);
#2792=ORIENTED_EDGE('',*,*,#2168,.F.);
#2793=ORIENTED_EDGE('',*,*,#2169,.T.);
#2794=ORIENTED_EDGE('',*,*,#2170,.F.);
#2795=ORIENTED_EDGE('',*,*,#2171,.F.);
#2796=ORIENTED_EDGE('',*,*,#2172,.F.);
#2797=ORIENTED_EDGE('',*,*,#2171,.T.);
#2798=ORIENTED_EDGE('',*,*,#2173,.F.);
#2799=ORIENTED_EDGE('',*,*,#2174,.F.);
#2800=ORIENTED_EDGE('',*,*,#2175,.F.);
#2801=ORIENTED_EDGE('',*,*,#2174,.T.);
#2802=ORIENTED_EDGE('',*,*,#2176,.F.);
#2803=ORIENTED_EDGE('',*,*,#2177,.F.);
#2804=ORIENTED_EDGE('',*,*,#2178,.F.);
#2805=ORIENTED_EDGE('',*,*,#2177,.T.);
#2806=ORIENTED_EDGE('',*,*,#2179,.F.);
#2807=ORIENTED_EDGE('',*,*,#2180,.F.);
#2808=ORIENTED_EDGE('',*,*,#2181,.F.);
#2809=ORIENTED_EDGE('',*,*,#2180,.T.);
#2810=ORIENTED_EDGE('',*,*,#2182,.F.);
#2811=ORIENTED_EDGE('',*,*,#2183,.F.);
#2812=ORIENTED_EDGE('',*,*,#2184,.F.);
#2813=ORIENTED_EDGE('',*,*,#2183,.T.);
#2814=ORIENTED_EDGE('',*,*,#2185,.F.);
#2815=ORIENTED_EDGE('',*,*,#2186,.F.);
#2816=ORIENTED_EDGE('',*,*,#2187,.F.);
#2817=ORIENTED_EDGE('',*,*,#2186,.T.);
#2818=ORIENTED_EDGE('',*,*,#2188,.F.);
#2819=ORIENTED_EDGE('',*,*,#2189,.F.);
#2820=ORIENTED_EDGE('',*,*,#2190,.F.);
#2821=ORIENTED_EDGE('',*,*,#2189,.T.);
#2822=ORIENTED_EDGE('',*,*,#2191,.F.);
#2823=ORIENTED_EDGE('',*,*,#2192,.F.);
#2824=ORIENTED_EDGE('',*,*,#2193,.F.);
#2825=ORIENTED_EDGE('',*,*,#2192,.T.);
#2826=ORIENTED_EDGE('',*,*,#2194,.F.);
#2827=ORIENTED_EDGE('',*,*,#2195,.F.);
#2828=ORIENTED_EDGE('',*,*,#2196,.F.);
#2829=ORIENTED_EDGE('',*,*,#2195,.T.);
#2830=ORIENTED_EDGE('',*,*,#2197,.F.);
#2831=ORIENTED_EDGE('',*,*,#2198,.F.);
#2832=ORIENTED_EDGE('',*,*,#2199,.F.);
#2833=ORIENTED_EDGE('',*,*,#2198,.T.);
#2834=ORIENTED_EDGE('',*,*,#2200,.F.);
#2835=ORIENTED_EDGE('',*,*,#2201,.F.);
#2836=ORIENTED_EDGE('',*,*,#2202,.F.);
#2837=ORIENTED_EDGE('',*,*,#2201,.T.);
#2838=ORIENTED_EDGE('',*,*,#2203,.F.);
#2839=ORIENTED_EDGE('',*,*,#2204,.F.);
#2840=ORIENTED_EDGE('',*,*,#2205,.F.);
#2841=ORIENTED_EDGE('',*,*,#2204,.T.);
#2842=ORIENTED_EDGE('',*,*,#2206,.F.);
#2843=ORIENTED_EDGE('',*,*,#2207,.F.);
#2844=ORIENTED_EDGE('',*,*,#2208,.F.);
#2845=ORIENTED_EDGE('',*,*,#2207,.T.);
#2846=ORIENTED_EDGE('',*,*,#2209,.F.);
#2847=ORIENTED_EDGE('',*,*,#2210,.F.);
#2848=ORIENTED_EDGE('',*,*,#2211,.F.);
#2849=ORIENTED_EDGE('',*,*,#2210,.T.);
#2850=ORIENTED_EDGE('',*,*,#2212,.F.);
#2851=ORIENTED_EDGE('',*,*,#2213,.F.);
#2852=ORIENTED_EDGE('',*,*,#2214,.F.);
#2853=ORIENTED_EDGE('',*,*,#2213,.T.);
#2854=ORIENTED_EDGE('',*,*,#2215,.F.);
#2855=ORIENTED_EDGE('',*,*,#2216,.F.);
#2856=ORIENTED_EDGE('',*,*,#2217,.F.);
#2857=ORIENTED_EDGE('',*,*,#2216,.T.);
#2858=ORIENTED_EDGE('',*,*,#2218,.F.);
#2859=ORIENTED_EDGE('',*,*,#2219,.F.);
#2860=ORIENTED_EDGE('',*,*,#2220,.F.);
#2861=ORIENTED_EDGE('',*,*,#2219,.T.);
#2862=ORIENTED_EDGE('',*,*,#2221,.F.);
#2863=ORIENTED_EDGE('',*,*,#2222,.F.);
#2864=ORIENTED_EDGE('',*,*,#2223,.F.);
#2865=ORIENTED_EDGE('',*,*,#2222,.T.);
#2866=ORIENTED_EDGE('',*,*,#2224,.F.);
#2867=ORIENTED_EDGE('',*,*,#2169,.F.);
#2868=ORIENTED_EDGE('',*,*,#2224,.T.);
#2869=ORIENTED_EDGE('',*,*,#2221,.T.);
#2870=ORIENTED_EDGE('',*,*,#2218,.T.);
#2871=ORIENTED_EDGE('',*,*,#2215,.T.);
#2872=ORIENTED_EDGE('',*,*,#2212,.T.);
#2873=ORIENTED_EDGE('',*,*,#2209,.T.);
#2874=ORIENTED_EDGE('',*,*,#2206,.T.);
#2875=ORIENTED_EDGE('',*,*,#2203,.T.);
#2876=ORIENTED_EDGE('',*,*,#2200,.T.);
#2877=ORIENTED_EDGE('',*,*,#2197,.T.);
#2878=ORIENTED_EDGE('',*,*,#2194,.T.);
#2879=ORIENTED_EDGE('',*,*,#2191,.T.);
#2880=ORIENTED_EDGE('',*,*,#2188,.T.);
#2881=ORIENTED_EDGE('',*,*,#2185,.T.);
#2882=ORIENTED_EDGE('',*,*,#2182,.T.);
#2883=ORIENTED_EDGE('',*,*,#2179,.T.);
#2884=ORIENTED_EDGE('',*,*,#2176,.T.);
#2885=ORIENTED_EDGE('',*,*,#2173,.T.);
#2886=ORIENTED_EDGE('',*,*,#2170,.T.);
#2887=ORIENTED_EDGE('',*,*,#2167,.T.);
#2888=ORIENTED_EDGE('',*,*,#2164,.T.);
#2889=ORIENTED_EDGE('',*,*,#2161,.T.);
#2890=ORIENTED_EDGE('',*,*,#2158,.T.);
#2891=ORIENTED_EDGE('',*,*,#2155,.T.);
#2892=ORIENTED_EDGE('',*,*,#2152,.T.);
#2893=ORIENTED_EDGE('',*,*,#2149,.T.);
#2894=ORIENTED_EDGE('',*,*,#2146,.T.);
#2895=ORIENTED_EDGE('',*,*,#2223,.T.);
#2896=ORIENTED_EDGE('',*,*,#2168,.T.);
#2897=ORIENTED_EDGE('',*,*,#2172,.T.);
#2898=ORIENTED_EDGE('',*,*,#2175,.T.);
#2899=ORIENTED_EDGE('',*,*,#2178,.T.);
#2900=ORIENTED_EDGE('',*,*,#2181,.T.);
#2901=ORIENTED_EDGE('',*,*,#2184,.T.);
#2902=ORIENTED_EDGE('',*,*,#2187,.T.);
#2903=ORIENTED_EDGE('',*,*,#2190,.T.);
#2904=ORIENTED_EDGE('',*,*,#2193,.T.);
#2905=ORIENTED_EDGE('',*,*,#2196,.T.);
#2906=ORIENTED_EDGE('',*,*,#2199,.T.);
#2907=ORIENTED_EDGE('',*,*,#2202,.T.);
#2908=ORIENTED_EDGE('',*,*,#2205,.T.);
#2909=ORIENTED_EDGE('',*,*,#2208,.T.);
#2910=ORIENTED_EDGE('',*,*,#2211,.T.);
#2911=ORIENTED_EDGE('',*,*,#2214,.T.);
#2912=ORIENTED_EDGE('',*,*,#2217,.T.);
#2913=ORIENTED_EDGE('',*,*,#2220,.T.);
#2914=ORIENTED_EDGE('',*,*,#2166,.T.);
#2915=ORIENTED_EDGE('',*,*,#2144,.T.);
#2916=ORIENTED_EDGE('',*,*,#2148,.T.);
#2917=ORIENTED_EDGE('',*,*,#2151,.T.);
#2918=ORIENTED_EDGE('',*,*,#2154,.T.);
#2919=ORIENTED_EDGE('',*,*,#2157,.T.);
#2920=ORIENTED_EDGE('',*,*,#2160,.T.);
#2921=ORIENTED_EDGE('',*,*,#2163,.T.);
#2922=ORIENTED_EDGE('',*,*,#2225,.F.);
#2923=ORIENTED_EDGE('',*,*,#2226,.T.);
#2924=ORIENTED_EDGE('',*,*,#2227,.F.);
#2925=ORIENTED_EDGE('',*,*,#2228,.F.);
#2926=ORIENTED_EDGE('',*,*,#2229,.F.);
#2927=ORIENTED_EDGE('',*,*,#2228,.T.);
#2928=ORIENTED_EDGE('',*,*,#2230,.F.);
#2929=ORIENTED_EDGE('',*,*,#2231,.F.);
#2930=ORIENTED_EDGE('',*,*,#2232,.F.);
#2931=ORIENTED_EDGE('',*,*,#2231,.T.);
#2932=ORIENTED_EDGE('',*,*,#2233,.F.);
#2933=ORIENTED_EDGE('',*,*,#2226,.F.);
#2934=ORIENTED_EDGE('',*,*,#2234,.F.);
#2935=ORIENTED_EDGE('',*,*,#2235,.T.);
#2936=ORIENTED_EDGE('',*,*,#2236,.F.);
#2937=ORIENTED_EDGE('',*,*,#2237,.F.);
#2938=ORIENTED_EDGE('',*,*,#2238,.F.);
#2939=ORIENTED_EDGE('',*,*,#2237,.T.);
#2940=ORIENTED_EDGE('',*,*,#2239,.F.);
#2941=ORIENTED_EDGE('',*,*,#2240,.F.);
#2942=ORIENTED_EDGE('',*,*,#2241,.F.);
#2943=ORIENTED_EDGE('',*,*,#2240,.T.);
#2944=ORIENTED_EDGE('',*,*,#2242,.F.);
#2945=ORIENTED_EDGE('',*,*,#2243,.F.);
#2946=ORIENTED_EDGE('',*,*,#2244,.F.);
#2947=ORIENTED_EDGE('',*,*,#2243,.T.);
#2948=ORIENTED_EDGE('',*,*,#2245,.F.);
#2949=ORIENTED_EDGE('',*,*,#2246,.F.);
#2950=ORIENTED_EDGE('',*,*,#2247,.F.);
#2951=ORIENTED_EDGE('',*,*,#2246,.T.);
#2952=ORIENTED_EDGE('',*,*,#2248,.F.);
#2953=ORIENTED_EDGE('',*,*,#2249,.F.);
#2954=ORIENTED_EDGE('',*,*,#2250,.F.);
#2955=ORIENTED_EDGE('',*,*,#2249,.T.);
#2956=ORIENTED_EDGE('',*,*,#2251,.F.);
#2957=ORIENTED_EDGE('',*,*,#2252,.F.);
#2958=ORIENTED_EDGE('',*,*,#2253,.F.);
#2959=ORIENTED_EDGE('',*,*,#2252,.T.);
#2960=ORIENTED_EDGE('',*,*,#2254,.F.);
#2961=ORIENTED_EDGE('',*,*,#2255,.F.);
#2962=ORIENTED_EDGE('',*,*,#2256,.F.);
#2963=ORIENTED_EDGE('',*,*,#2255,.T.);
#2964=ORIENTED_EDGE('',*,*,#2257,.F.);
#2965=ORIENTED_EDGE('',*,*,#2258,.F.);
#2966=ORIENTED_EDGE('',*,*,#2259,.F.);
#2967=ORIENTED_EDGE('',*,*,#2258,.T.);
#2968=ORIENTED_EDGE('',*,*,#2260,.F.);
#2969=ORIENTED_EDGE('',*,*,#2261,.F.);
#2970=ORIENTED_EDGE('',*,*,#2262,.F.);
#2971=ORIENTED_EDGE('',*,*,#2261,.T.);
#2972=ORIENTED_EDGE('',*,*,#2263,.F.);
#2973=ORIENTED_EDGE('',*,*,#2264,.F.);
#2974=ORIENTED_EDGE('',*,*,#2265,.F.);
#2975=ORIENTED_EDGE('',*,*,#2264,.T.);
#2976=ORIENTED_EDGE('',*,*,#2266,.F.);
#2977=ORIENTED_EDGE('',*,*,#2235,.F.);
#2978=ORIENTED_EDGE('',*,*,#2266,.T.);
#2979=ORIENTED_EDGE('',*,*,#2263,.T.);
#2980=ORIENTED_EDGE('',*,*,#2260,.T.);
#2981=ORIENTED_EDGE('',*,*,#2257,.T.);
#2982=ORIENTED_EDGE('',*,*,#2254,.T.);
#2983=ORIENTED_EDGE('',*,*,#2251,.T.);
#2984=ORIENTED_EDGE('',*,*,#2248,.T.);
#2985=ORIENTED_EDGE('',*,*,#2245,.T.);
#2986=ORIENTED_EDGE('',*,*,#2242,.T.);
#2987=ORIENTED_EDGE('',*,*,#2239,.T.);
#2988=ORIENTED_EDGE('',*,*,#2236,.T.);
#2989=ORIENTED_EDGE('',*,*,#2233,.T.);
#2990=ORIENTED_EDGE('',*,*,#2230,.T.);
#2991=ORIENTED_EDGE('',*,*,#2227,.T.);
#2992=ORIENTED_EDGE('',*,*,#2265,.T.);
#2993=ORIENTED_EDGE('',*,*,#2234,.T.);
#2994=ORIENTED_EDGE('',*,*,#2238,.T.);
#2995=ORIENTED_EDGE('',*,*,#2241,.T.);
#2996=ORIENTED_EDGE('',*,*,#2244,.T.);
#2997=ORIENTED_EDGE('',*,*,#2247,.T.);
#2998=ORIENTED_EDGE('',*,*,#2250,.T.);
#2999=ORIENTED_EDGE('',*,*,#2253,.T.);
#3000=ORIENTED_EDGE('',*,*,#2256,.T.);
#3001=ORIENTED_EDGE('',*,*,#2259,.T.);
#3002=ORIENTED_EDGE('',*,*,#2262,.T.);
#3003=ORIENTED_EDGE('',*,*,#2232,.T.);
#3004=ORIENTED_EDGE('',*,*,#2225,.T.);
#3005=ORIENTED_EDGE('',*,*,#2229,.T.);
#3006=ORIENTED_EDGE('',*,*,#2267,.F.);
#3007=ORIENTED_EDGE('',*,*,#2268,.T.);
#3008=ORIENTED_EDGE('',*,*,#2269,.F.);
#3009=ORIENTED_EDGE('',*,*,#2270,.F.);
#3010=ORIENTED_EDGE('',*,*,#2271,.F.);
#3011=ORIENTED_EDGE('',*,*,#2270,.T.);
#3012=ORIENTED_EDGE('',*,*,#2272,.F.);
#3013=ORIENTED_EDGE('',*,*,#2273,.F.);
#3014=ORIENTED_EDGE('',*,*,#2274,.F.);
#3015=ORIENTED_EDGE('',*,*,#2273,.T.);
#3016=ORIENTED_EDGE('',*,*,#2275,.F.);
#3017=ORIENTED_EDGE('',*,*,#2276,.F.);
#3018=ORIENTED_EDGE('',*,*,#2277,.F.);
#3019=ORIENTED_EDGE('',*,*,#2276,.T.);
#3020=ORIENTED_EDGE('',*,*,#2278,.F.);
#3021=ORIENTED_EDGE('',*,*,#2279,.F.);
#3022=ORIENTED_EDGE('',*,*,#2280,.F.);
#3023=ORIENTED_EDGE('',*,*,#2279,.T.);
#3024=ORIENTED_EDGE('',*,*,#2281,.F.);
#3025=ORIENTED_EDGE('',*,*,#2282,.F.);
#3026=ORIENTED_EDGE('',*,*,#2283,.F.);
#3027=ORIENTED_EDGE('',*,*,#2282,.T.);
#3028=ORIENTED_EDGE('',*,*,#2284,.F.);
#3029=ORIENTED_EDGE('',*,*,#2285,.F.);
#3030=ORIENTED_EDGE('',*,*,#2286,.F.);
#3031=ORIENTED_EDGE('',*,*,#2285,.T.);
#3032=ORIENTED_EDGE('',*,*,#2287,.F.);
#3033=ORIENTED_EDGE('',*,*,#2288,.F.);
#3034=ORIENTED_EDGE('',*,*,#2289,.F.);
#3035=ORIENTED_EDGE('',*,*,#2288,.T.);
#3036=ORIENTED_EDGE('',*,*,#2290,.F.);
#3037=ORIENTED_EDGE('',*,*,#2268,.F.);
#3038=ORIENTED_EDGE('',*,*,#2291,.F.);
#3039=ORIENTED_EDGE('',*,*,#2292,.T.);
#3040=ORIENTED_EDGE('',*,*,#2293,.F.);
#3041=ORIENTED_EDGE('',*,*,#2294,.F.);
#3042=ORIENTED_EDGE('',*,*,#2295,.F.);
#3043=ORIENTED_EDGE('',*,*,#2294,.T.);
#3044=ORIENTED_EDGE('',*,*,#2296,.F.);
#3045=ORIENTED_EDGE('',*,*,#2297,.F.);
#3046=ORIENTED_EDGE('',*,*,#2298,.F.);
#3047=ORIENTED_EDGE('',*,*,#2297,.T.);
#3048=ORIENTED_EDGE('',*,*,#2299,.F.);
#3049=ORIENTED_EDGE('',*,*,#2300,.F.);
#3050=ORIENTED_EDGE('',*,*,#2301,.F.);
#3051=ORIENTED_EDGE('',*,*,#2300,.T.);
#3052=ORIENTED_EDGE('',*,*,#2302,.F.);
#3053=ORIENTED_EDGE('',*,*,#2303,.F.);
#3054=ORIENTED_EDGE('',*,*,#2304,.F.);
#3055=ORIENTED_EDGE('',*,*,#2303,.T.);
#3056=ORIENTED_EDGE('',*,*,#2305,.F.);
#3057=ORIENTED_EDGE('',*,*,#2306,.F.);
#3058=ORIENTED_EDGE('',*,*,#2307,.F.);
#3059=ORIENTED_EDGE('',*,*,#2306,.T.);
#3060=ORIENTED_EDGE('',*,*,#2308,.F.);
#3061=ORIENTED_EDGE('',*,*,#2309,.F.);
#3062=ORIENTED_EDGE('',*,*,#2310,.F.);
#3063=ORIENTED_EDGE('',*,*,#2309,.T.);
#3064=ORIENTED_EDGE('',*,*,#2311,.F.);
#3065=ORIENTED_EDGE('',*,*,#2312,.F.);
#3066=ORIENTED_EDGE('',*,*,#2313,.F.);
#3067=ORIENTED_EDGE('',*,*,#2312,.T.);
#3068=ORIENTED_EDGE('',*,*,#2314,.F.);
#3069=ORIENTED_EDGE('',*,*,#2292,.F.);
#3070=ORIENTED_EDGE('',*,*,#2314,.T.);
#3071=ORIENTED_EDGE('',*,*,#2311,.T.);
#3072=ORIENTED_EDGE('',*,*,#2308,.T.);
#3073=ORIENTED_EDGE('',*,*,#2305,.T.);
#3074=ORIENTED_EDGE('',*,*,#2302,.T.);
#3075=ORIENTED_EDGE('',*,*,#2299,.T.);
#3076=ORIENTED_EDGE('',*,*,#2296,.T.);
#3077=ORIENTED_EDGE('',*,*,#2293,.T.);
#3078=ORIENTED_EDGE('',*,*,#2290,.T.);
#3079=ORIENTED_EDGE('',*,*,#2287,.T.);
#3080=ORIENTED_EDGE('',*,*,#2284,.T.);
#3081=ORIENTED_EDGE('',*,*,#2281,.T.);
#3082=ORIENTED_EDGE('',*,*,#2278,.T.);
#3083=ORIENTED_EDGE('',*,*,#2275,.T.);
#3084=ORIENTED_EDGE('',*,*,#2272,.T.);
#3085=ORIENTED_EDGE('',*,*,#2269,.T.);
#3086=ORIENTED_EDGE('',*,*,#2313,.T.);
#3087=ORIENTED_EDGE('',*,*,#2291,.T.);
#3088=ORIENTED_EDGE('',*,*,#2295,.T.);
#3089=ORIENTED_EDGE('',*,*,#2298,.T.);
#3090=ORIENTED_EDGE('',*,*,#2301,.T.);
#3091=ORIENTED_EDGE('',*,*,#2304,.T.);
#3092=ORIENTED_EDGE('',*,*,#2307,.T.);
#3093=ORIENTED_EDGE('',*,*,#2310,.T.);
#3094=ORIENTED_EDGE('',*,*,#2289,.T.);
#3095=ORIENTED_EDGE('',*,*,#2267,.T.);
#3096=ORIENTED_EDGE('',*,*,#2271,.T.);
#3097=ORIENTED_EDGE('',*,*,#2274,.T.);
#3098=ORIENTED_EDGE('',*,*,#2277,.T.);
#3099=ORIENTED_EDGE('',*,*,#2280,.T.);
#3100=ORIENTED_EDGE('',*,*,#2283,.T.);
#3101=ORIENTED_EDGE('',*,*,#2286,.T.);
#3102=ORIENTED_EDGE('',*,*,#2315,.F.);
#3103=ORIENTED_EDGE('',*,*,#2316,.T.);
#3104=ORIENTED_EDGE('',*,*,#2317,.F.);
#3105=ORIENTED_EDGE('',*,*,#2318,.F.);
#3106=ORIENTED_EDGE('',*,*,#2319,.F.);
#3107=ORIENTED_EDGE('',*,*,#2318,.T.);
#3108=ORIENTED_EDGE('',*,*,#2320,.F.);
#3109=ORIENTED_EDGE('',*,*,#2321,.F.);
#3110=ORIENTED_EDGE('',*,*,#2322,.F.);
#3111=ORIENTED_EDGE('',*,*,#2321,.T.);
#3112=ORIENTED_EDGE('',*,*,#2323,.F.);
#3113=ORIENTED_EDGE('',*,*,#2324,.F.);
#3114=ORIENTED_EDGE('',*,*,#2325,.F.);
#3115=ORIENTED_EDGE('',*,*,#2324,.T.);
#3116=ORIENTED_EDGE('',*,*,#2326,.F.);
#3117=ORIENTED_EDGE('',*,*,#2327,.F.);
#3118=ORIENTED_EDGE('',*,*,#2328,.F.);
#3119=ORIENTED_EDGE('',*,*,#2327,.T.);
#3120=ORIENTED_EDGE('',*,*,#2329,.F.);
#3121=ORIENTED_EDGE('',*,*,#2330,.F.);
#3122=ORIENTED_EDGE('',*,*,#2331,.F.);
#3123=ORIENTED_EDGE('',*,*,#2330,.T.);
#3124=ORIENTED_EDGE('',*,*,#2332,.F.);
#3125=ORIENTED_EDGE('',*,*,#2333,.F.);
#3126=ORIENTED_EDGE('',*,*,#2334,.F.);
#3127=ORIENTED_EDGE('',*,*,#2333,.T.);
#3128=ORIENTED_EDGE('',*,*,#2335,.F.);
#3129=ORIENTED_EDGE('',*,*,#2336,.F.);
#3130=ORIENTED_EDGE('',*,*,#2337,.F.);
#3131=ORIENTED_EDGE('',*,*,#2336,.T.);
#3132=ORIENTED_EDGE('',*,*,#2338,.F.);
#3133=ORIENTED_EDGE('',*,*,#2316,.F.);
#3134=ORIENTED_EDGE('',*,*,#2339,.F.);
#3135=ORIENTED_EDGE('',*,*,#2340,.T.);
#3136=ORIENTED_EDGE('',*,*,#2341,.F.);
#3137=ORIENTED_EDGE('',*,*,#2342,.F.);
#3138=ORIENTED_EDGE('',*,*,#2343,.F.);
#3139=ORIENTED_EDGE('',*,*,#2342,.T.);
#3140=ORIENTED_EDGE('',*,*,#2344,.F.);
#3141=ORIENTED_EDGE('',*,*,#2345,.F.);
#3142=ORIENTED_EDGE('',*,*,#2346,.F.);
#3143=ORIENTED_EDGE('',*,*,#2345,.T.);
#3144=ORIENTED_EDGE('',*,*,#2347,.F.);
#3145=ORIENTED_EDGE('',*,*,#2348,.F.);
#3146=ORIENTED_EDGE('',*,*,#2349,.F.);
#3147=ORIENTED_EDGE('',*,*,#2348,.T.);
#3148=ORIENTED_EDGE('',*,*,#2350,.F.);
#3149=ORIENTED_EDGE('',*,*,#2351,.F.);
#3150=ORIENTED_EDGE('',*,*,#2352,.F.);
#3151=ORIENTED_EDGE('',*,*,#2351,.T.);
#3152=ORIENTED_EDGE('',*,*,#2353,.F.);
#3153=ORIENTED_EDGE('',*,*,#2354,.F.);
#3154=ORIENTED_EDGE('',*,*,#2355,.F.);
#3155=ORIENTED_EDGE('',*,*,#2354,.T.);
#3156=ORIENTED_EDGE('',*,*,#2356,.F.);
#3157=ORIENTED_EDGE('',*,*,#2357,.F.);
#3158=ORIENTED_EDGE('',*,*,#2358,.F.);
#3159=ORIENTED_EDGE('',*,*,#2357,.T.);
#3160=ORIENTED_EDGE('',*,*,#2359,.F.);
#3161=ORIENTED_EDGE('',*,*,#2360,.F.);
#3162=ORIENTED_EDGE('',*,*,#2361,.F.);
#3163=ORIENTED_EDGE('',*,*,#2360,.T.);
#3164=ORIENTED_EDGE('',*,*,#2362,.F.);
#3165=ORIENTED_EDGE('',*,*,#2340,.F.);
#3166=ORIENTED_EDGE('',*,*,#2362,.T.);
#3167=ORIENTED_EDGE('',*,*,#2359,.T.);
#3168=ORIENTED_EDGE('',*,*,#2356,.T.);
#3169=ORIENTED_EDGE('',*,*,#2353,.T.);
#3170=ORIENTED_EDGE('',*,*,#2350,.T.);
#3171=ORIENTED_EDGE('',*,*,#2347,.T.);
#3172=ORIENTED_EDGE('',*,*,#2344,.T.);
#3173=ORIENTED_EDGE('',*,*,#2341,.T.);
#3174=ORIENTED_EDGE('',*,*,#2338,.T.);
#3175=ORIENTED_EDGE('',*,*,#2335,.T.);
#3176=ORIENTED_EDGE('',*,*,#2332,.T.);
#3177=ORIENTED_EDGE('',*,*,#2329,.T.);
#3178=ORIENTED_EDGE('',*,*,#2326,.T.);
#3179=ORIENTED_EDGE('',*,*,#2323,.T.);
#3180=ORIENTED_EDGE('',*,*,#2320,.T.);
#3181=ORIENTED_EDGE('',*,*,#2317,.T.);
#3182=ORIENTED_EDGE('',*,*,#2361,.T.);
#3183=ORIENTED_EDGE('',*,*,#2339,.T.);
#3184=ORIENTED_EDGE('',*,*,#2343,.T.);
#3185=ORIENTED_EDGE('',*,*,#2346,.T.);
#3186=ORIENTED_EDGE('',*,*,#2349,.T.);
#3187=ORIENTED_EDGE('',*,*,#2352,.T.);
#3188=ORIENTED_EDGE('',*,*,#2355,.T.);
#3189=ORIENTED_EDGE('',*,*,#2358,.T.);
#3190=ORIENTED_EDGE('',*,*,#2337,.T.);
#3191=ORIENTED_EDGE('',*,*,#2315,.T.);
#3192=ORIENTED_EDGE('',*,*,#2319,.T.);
#3193=ORIENTED_EDGE('',*,*,#2322,.T.);
#3194=ORIENTED_EDGE('',*,*,#2325,.T.);
#3195=ORIENTED_EDGE('',*,*,#2328,.T.);
#3196=ORIENTED_EDGE('',*,*,#2331,.T.);
#3197=ORIENTED_EDGE('',*,*,#2334,.T.);
#3198=ORIENTED_EDGE('',*,*,#2363,.F.);
#3199=ORIENTED_EDGE('',*,*,#2364,.T.);
#3200=ORIENTED_EDGE('',*,*,#2365,.F.);
#3201=ORIENTED_EDGE('',*,*,#2366,.F.);
#3202=ORIENTED_EDGE('',*,*,#2367,.F.);
#3203=ORIENTED_EDGE('',*,*,#2366,.T.);
#3204=ORIENTED_EDGE('',*,*,#2368,.F.);
#3205=ORIENTED_EDGE('',*,*,#2369,.F.);
#3206=ORIENTED_EDGE('',*,*,#2370,.F.);
#3207=ORIENTED_EDGE('',*,*,#2369,.T.);
#3208=ORIENTED_EDGE('',*,*,#2371,.F.);
#3209=ORIENTED_EDGE('',*,*,#2372,.F.);
#3210=ORIENTED_EDGE('',*,*,#2373,.F.);
#3211=ORIENTED_EDGE('',*,*,#2372,.T.);
#3212=ORIENTED_EDGE('',*,*,#2374,.F.);
#3213=ORIENTED_EDGE('',*,*,#2375,.F.);
#3214=ORIENTED_EDGE('',*,*,#2376,.F.);
#3215=ORIENTED_EDGE('',*,*,#2375,.T.);
#3216=ORIENTED_EDGE('',*,*,#2377,.F.);
#3217=ORIENTED_EDGE('',*,*,#2378,.F.);
#3218=ORIENTED_EDGE('',*,*,#2379,.F.);
#3219=ORIENTED_EDGE('',*,*,#2378,.T.);
#3220=ORIENTED_EDGE('',*,*,#2380,.F.);
#3221=ORIENTED_EDGE('',*,*,#2381,.F.);
#3222=ORIENTED_EDGE('',*,*,#2382,.F.);
#3223=ORIENTED_EDGE('',*,*,#2381,.T.);
#3224=ORIENTED_EDGE('',*,*,#2383,.F.);
#3225=ORIENTED_EDGE('',*,*,#2384,.F.);
#3226=ORIENTED_EDGE('',*,*,#2385,.F.);
#3227=ORIENTED_EDGE('',*,*,#2384,.T.);
#3228=ORIENTED_EDGE('',*,*,#2386,.F.);
#3229=ORIENTED_EDGE('',*,*,#2387,.F.);
#3230=ORIENTED_EDGE('',*,*,#2388,.F.);
#3231=ORIENTED_EDGE('',*,*,#2387,.T.);
#3232=ORIENTED_EDGE('',*,*,#2389,.F.);
#3233=ORIENTED_EDGE('',*,*,#2390,.F.);
#3234=ORIENTED_EDGE('',*,*,#2391,.F.);
#3235=ORIENTED_EDGE('',*,*,#2390,.T.);
#3236=ORIENTED_EDGE('',*,*,#2392,.F.);
#3237=ORIENTED_EDGE('',*,*,#2393,.F.);
#3238=ORIENTED_EDGE('',*,*,#2394,.F.);
#3239=ORIENTED_EDGE('',*,*,#2393,.T.);
#3240=ORIENTED_EDGE('',*,*,#2395,.F.);
#3241=ORIENTED_EDGE('',*,*,#2396,.F.);
#3242=ORIENTED_EDGE('',*,*,#2397,.F.);
#3243=ORIENTED_EDGE('',*,*,#2396,.T.);
#3244=ORIENTED_EDGE('',*,*,#2398,.F.);
#3245=ORIENTED_EDGE('',*,*,#2364,.F.);
#3246=ORIENTED_EDGE('',*,*,#2398,.T.);
#3247=ORIENTED_EDGE('',*,*,#2395,.T.);
#3248=ORIENTED_EDGE('',*,*,#2392,.T.);
#3249=ORIENTED_EDGE('',*,*,#2389,.T.);
#3250=ORIENTED_EDGE('',*,*,#2386,.T.);
#3251=ORIENTED_EDGE('',*,*,#2383,.T.);
#3252=ORIENTED_EDGE('',*,*,#2380,.T.);
#3253=ORIENTED_EDGE('',*,*,#2377,.T.);
#3254=ORIENTED_EDGE('',*,*,#2374,.T.);
#3255=ORIENTED_EDGE('',*,*,#2371,.T.);
#3256=ORIENTED_EDGE('',*,*,#2368,.T.);
#3257=ORIENTED_EDGE('',*,*,#2365,.T.);
#3258=ORIENTED_EDGE('',*,*,#2397,.T.);
#3259=ORIENTED_EDGE('',*,*,#2363,.T.);
#3260=ORIENTED_EDGE('',*,*,#2367,.T.);
#3261=ORIENTED_EDGE('',*,*,#2370,.T.);
#3262=ORIENTED_EDGE('',*,*,#2373,.T.);
#3263=ORIENTED_EDGE('',*,*,#2376,.T.);
#3264=ORIENTED_EDGE('',*,*,#2379,.T.);
#3265=ORIENTED_EDGE('',*,*,#2382,.T.);
#3266=ORIENTED_EDGE('',*,*,#2385,.T.);
#3267=ORIENTED_EDGE('',*,*,#2388,.T.);
#3268=ORIENTED_EDGE('',*,*,#2391,.T.);
#3269=ORIENTED_EDGE('',*,*,#2394,.T.);
#3270=ORIENTED_EDGE('',*,*,#2399,.F.);
#3271=ORIENTED_EDGE('',*,*,#2400,.T.);
#3272=ORIENTED_EDGE('',*,*,#2401,.F.);
#3273=ORIENTED_EDGE('',*,*,#2402,.F.);
#3274=ORIENTED_EDGE('',*,*,#2403,.F.);
#3275=ORIENTED_EDGE('',*,*,#2402,.T.);
#3276=ORIENTED_EDGE('',*,*,#2404,.F.);
#3277=ORIENTED_EDGE('',*,*,#2405,.F.);
#3278=ORIENTED_EDGE('',*,*,#2406,.F.);
#3279=ORIENTED_EDGE('',*,*,#2405,.T.);
#3280=ORIENTED_EDGE('',*,*,#2407,.F.);
#3281=ORIENTED_EDGE('',*,*,#2408,.F.);
#3282=ORIENTED_EDGE('',*,*,#2409,.F.);
#3283=ORIENTED_EDGE('',*,*,#2408,.T.);
#3284=ORIENTED_EDGE('',*,*,#2410,.F.);
#3285=ORIENTED_EDGE('',*,*,#2411,.F.);
#3286=ORIENTED_EDGE('',*,*,#2412,.F.);
#3287=ORIENTED_EDGE('',*,*,#2411,.T.);
#3288=ORIENTED_EDGE('',*,*,#2413,.F.);
#3289=ORIENTED_EDGE('',*,*,#2414,.F.);
#3290=ORIENTED_EDGE('',*,*,#2415,.F.);
#3291=ORIENTED_EDGE('',*,*,#2414,.T.);
#3292=ORIENTED_EDGE('',*,*,#2416,.F.);
#3293=ORIENTED_EDGE('',*,*,#2417,.F.);
#3294=ORIENTED_EDGE('',*,*,#2418,.F.);
#3295=ORIENTED_EDGE('',*,*,#2417,.T.);
#3296=ORIENTED_EDGE('',*,*,#2419,.F.);
#3297=ORIENTED_EDGE('',*,*,#2420,.F.);
#3298=ORIENTED_EDGE('',*,*,#2421,.F.);
#3299=ORIENTED_EDGE('',*,*,#2420,.T.);
#3300=ORIENTED_EDGE('',*,*,#2422,.F.);
#3301=ORIENTED_EDGE('',*,*,#2400,.F.);
#3302=ORIENTED_EDGE('',*,*,#2423,.F.);
#3303=ORIENTED_EDGE('',*,*,#2424,.T.);
#3304=ORIENTED_EDGE('',*,*,#2425,.F.);
#3305=ORIENTED_EDGE('',*,*,#2426,.F.);
#3306=ORIENTED_EDGE('',*,*,#2427,.F.);
#3307=ORIENTED_EDGE('',*,*,#2426,.T.);
#3308=ORIENTED_EDGE('',*,*,#2428,.F.);
#3309=ORIENTED_EDGE('',*,*,#2429,.F.);
#3310=ORIENTED_EDGE('',*,*,#2430,.F.);
#3311=ORIENTED_EDGE('',*,*,#2429,.T.);
#3312=ORIENTED_EDGE('',*,*,#2431,.F.);
#3313=ORIENTED_EDGE('',*,*,#2432,.F.);
#3314=ORIENTED_EDGE('',*,*,#2433,.F.);
#3315=ORIENTED_EDGE('',*,*,#2432,.T.);
#3316=ORIENTED_EDGE('',*,*,#2434,.F.);
#3317=ORIENTED_EDGE('',*,*,#2435,.F.);
#3318=ORIENTED_EDGE('',*,*,#2436,.F.);
#3319=ORIENTED_EDGE('',*,*,#2435,.T.);
#3320=ORIENTED_EDGE('',*,*,#2437,.F.);
#3321=ORIENTED_EDGE('',*,*,#2438,.F.);
#3322=ORIENTED_EDGE('',*,*,#2439,.F.);
#3323=ORIENTED_EDGE('',*,*,#2438,.T.);
#3324=ORIENTED_EDGE('',*,*,#2440,.F.);
#3325=ORIENTED_EDGE('',*,*,#2441,.F.);
#3326=ORIENTED_EDGE('',*,*,#2442,.F.);
#3327=ORIENTED_EDGE('',*,*,#2441,.T.);
#3328=ORIENTED_EDGE('',*,*,#2443,.F.);
#3329=ORIENTED_EDGE('',*,*,#2444,.F.);
#3330=ORIENTED_EDGE('',*,*,#2445,.F.);
#3331=ORIENTED_EDGE('',*,*,#2444,.T.);
#3332=ORIENTED_EDGE('',*,*,#2446,.F.);
#3333=ORIENTED_EDGE('',*,*,#2447,.F.);
#3334=ORIENTED_EDGE('',*,*,#2448,.F.);
#3335=ORIENTED_EDGE('',*,*,#2447,.T.);
#3336=ORIENTED_EDGE('',*,*,#2449,.F.);
#3337=ORIENTED_EDGE('',*,*,#2450,.F.);
#3338=ORIENTED_EDGE('',*,*,#2451,.F.);
#3339=ORIENTED_EDGE('',*,*,#2450,.T.);
#3340=ORIENTED_EDGE('',*,*,#2452,.F.);
#3341=ORIENTED_EDGE('',*,*,#2453,.F.);
#3342=ORIENTED_EDGE('',*,*,#2454,.F.);
#3343=ORIENTED_EDGE('',*,*,#2453,.T.);
#3344=ORIENTED_EDGE('',*,*,#2455,.F.);
#3345=ORIENTED_EDGE('',*,*,#2424,.F.);
#3346=ORIENTED_EDGE('',*,*,#2455,.T.);
#3347=ORIENTED_EDGE('',*,*,#2452,.T.);
#3348=ORIENTED_EDGE('',*,*,#2449,.T.);
#3349=ORIENTED_EDGE('',*,*,#2446,.T.);
#3350=ORIENTED_EDGE('',*,*,#2443,.T.);
#3351=ORIENTED_EDGE('',*,*,#2440,.T.);
#3352=ORIENTED_EDGE('',*,*,#2437,.T.);
#3353=ORIENTED_EDGE('',*,*,#2434,.T.);
#3354=ORIENTED_EDGE('',*,*,#2431,.T.);
#3355=ORIENTED_EDGE('',*,*,#2428,.T.);
#3356=ORIENTED_EDGE('',*,*,#2425,.T.);
#3357=ORIENTED_EDGE('',*,*,#2422,.T.);
#3358=ORIENTED_EDGE('',*,*,#2419,.T.);
#3359=ORIENTED_EDGE('',*,*,#2416,.T.);
#3360=ORIENTED_EDGE('',*,*,#2413,.T.);
#3361=ORIENTED_EDGE('',*,*,#2410,.T.);
#3362=ORIENTED_EDGE('',*,*,#2407,.T.);
#3363=ORIENTED_EDGE('',*,*,#2404,.T.);
#3364=ORIENTED_EDGE('',*,*,#2401,.T.);
#3365=ORIENTED_EDGE('',*,*,#2454,.T.);
#3366=ORIENTED_EDGE('',*,*,#2423,.T.);
#3367=ORIENTED_EDGE('',*,*,#2427,.T.);
#3368=ORIENTED_EDGE('',*,*,#2430,.T.);
#3369=ORIENTED_EDGE('',*,*,#2433,.T.);
#3370=ORIENTED_EDGE('',*,*,#2436,.T.);
#3371=ORIENTED_EDGE('',*,*,#2439,.T.);
#3372=ORIENTED_EDGE('',*,*,#2442,.T.);
#3373=ORIENTED_EDGE('',*,*,#2445,.T.);
#3374=ORIENTED_EDGE('',*,*,#2448,.T.);
#3375=ORIENTED_EDGE('',*,*,#2451,.T.);
#3376=ORIENTED_EDGE('',*,*,#2421,.T.);
#3377=ORIENTED_EDGE('',*,*,#2399,.T.);
#3378=ORIENTED_EDGE('',*,*,#2403,.T.);
#3379=ORIENTED_EDGE('',*,*,#2406,.T.);
#3380=ORIENTED_EDGE('',*,*,#2409,.T.);
#3381=ORIENTED_EDGE('',*,*,#2412,.T.);
#3382=ORIENTED_EDGE('',*,*,#2415,.T.);
#3383=ORIENTED_EDGE('',*,*,#2418,.T.);
#3384=ORIENTED_EDGE('',*,*,#2456,.F.);
#3385=ORIENTED_EDGE('',*,*,#2457,.T.);
#3386=ORIENTED_EDGE('',*,*,#2458,.F.);
#3387=ORIENTED_EDGE('',*,*,#2459,.F.);
#3388=ORIENTED_EDGE('',*,*,#2460,.F.);
#3389=ORIENTED_EDGE('',*,*,#2459,.T.);
#3390=ORIENTED_EDGE('',*,*,#2461,.F.);
#3391=ORIENTED_EDGE('',*,*,#2462,.F.);
#3392=ORIENTED_EDGE('',*,*,#2463,.F.);
#3393=ORIENTED_EDGE('',*,*,#2462,.T.);
#3394=ORIENTED_EDGE('',*,*,#2464,.F.);
#3395=ORIENTED_EDGE('',*,*,#2465,.F.);
#3396=ORIENTED_EDGE('',*,*,#2466,.F.);
#3397=ORIENTED_EDGE('',*,*,#2465,.T.);
#3398=ORIENTED_EDGE('',*,*,#2467,.F.);
#3399=ORIENTED_EDGE('',*,*,#2468,.F.);
#3400=ORIENTED_EDGE('',*,*,#2469,.F.);
#3401=ORIENTED_EDGE('',*,*,#2468,.T.);
#3402=ORIENTED_EDGE('',*,*,#2470,.F.);
#3403=ORIENTED_EDGE('',*,*,#2471,.F.);
#3404=ORIENTED_EDGE('',*,*,#2472,.F.);
#3405=ORIENTED_EDGE('',*,*,#2471,.T.);
#3406=ORIENTED_EDGE('',*,*,#2473,.F.);
#3407=ORIENTED_EDGE('',*,*,#2474,.F.);
#3408=ORIENTED_EDGE('',*,*,#2475,.F.);
#3409=ORIENTED_EDGE('',*,*,#2474,.T.);
#3410=ORIENTED_EDGE('',*,*,#2476,.F.);
#3411=ORIENTED_EDGE('',*,*,#2477,.F.);
#3412=ORIENTED_EDGE('',*,*,#2478,.F.);
#3413=ORIENTED_EDGE('',*,*,#2477,.T.);
#3414=ORIENTED_EDGE('',*,*,#2479,.F.);
#3415=ORIENTED_EDGE('',*,*,#2480,.F.);
#3416=ORIENTED_EDGE('',*,*,#2481,.F.);
#3417=ORIENTED_EDGE('',*,*,#2480,.T.);
#3418=ORIENTED_EDGE('',*,*,#2482,.F.);
#3419=ORIENTED_EDGE('',*,*,#2483,.F.);
#3420=ORIENTED_EDGE('',*,*,#2484,.F.);
#3421=ORIENTED_EDGE('',*,*,#2483,.T.);
#3422=ORIENTED_EDGE('',*,*,#2485,.F.);
#3423=ORIENTED_EDGE('',*,*,#2486,.F.);
#3424=ORIENTED_EDGE('',*,*,#2487,.F.);
#3425=ORIENTED_EDGE('',*,*,#2486,.T.);
#3426=ORIENTED_EDGE('',*,*,#2488,.F.);
#3427=ORIENTED_EDGE('',*,*,#2489,.F.);
#3428=ORIENTED_EDGE('',*,*,#2490,.F.);
#3429=ORIENTED_EDGE('',*,*,#2489,.T.);
#3430=ORIENTED_EDGE('',*,*,#2491,.F.);
#3431=ORIENTED_EDGE('',*,*,#2492,.F.);
#3432=ORIENTED_EDGE('',*,*,#2493,.F.);
#3433=ORIENTED_EDGE('',*,*,#2492,.T.);
#3434=ORIENTED_EDGE('',*,*,#2494,.F.);
#3435=ORIENTED_EDGE('',*,*,#2495,.F.);
#3436=ORIENTED_EDGE('',*,*,#2496,.F.);
#3437=ORIENTED_EDGE('',*,*,#2495,.T.);
#3438=ORIENTED_EDGE('',*,*,#2497,.F.);
#3439=ORIENTED_EDGE('',*,*,#2498,.F.);
#3440=ORIENTED_EDGE('',*,*,#2499,.F.);
#3441=ORIENTED_EDGE('',*,*,#2498,.T.);
#3442=ORIENTED_EDGE('',*,*,#2500,.F.);
#3443=ORIENTED_EDGE('',*,*,#2501,.F.);
#3444=ORIENTED_EDGE('',*,*,#2502,.F.);
#3445=ORIENTED_EDGE('',*,*,#2501,.T.);
#3446=ORIENTED_EDGE('',*,*,#2503,.F.);
#3447=ORIENTED_EDGE('',*,*,#2504,.F.);
#3448=ORIENTED_EDGE('',*,*,#2505,.F.);
#3449=ORIENTED_EDGE('',*,*,#2504,.T.);
#3450=ORIENTED_EDGE('',*,*,#2506,.F.);
#3451=ORIENTED_EDGE('',*,*,#2507,.F.);
#3452=ORIENTED_EDGE('',*,*,#2508,.F.);
#3453=ORIENTED_EDGE('',*,*,#2507,.T.);
#3454=ORIENTED_EDGE('',*,*,#2509,.F.);
#3455=ORIENTED_EDGE('',*,*,#2510,.F.);
#3456=ORIENTED_EDGE('',*,*,#2511,.F.);
#3457=ORIENTED_EDGE('',*,*,#2510,.T.);
#3458=ORIENTED_EDGE('',*,*,#2512,.F.);
#3459=ORIENTED_EDGE('',*,*,#2513,.F.);
#3460=ORIENTED_EDGE('',*,*,#2514,.F.);
#3461=ORIENTED_EDGE('',*,*,#2513,.T.);
#3462=ORIENTED_EDGE('',*,*,#2515,.F.);
#3463=ORIENTED_EDGE('',*,*,#2516,.F.);
#3464=ORIENTED_EDGE('',*,*,#2517,.F.);
#3465=ORIENTED_EDGE('',*,*,#2516,.T.);
#3466=ORIENTED_EDGE('',*,*,#2518,.F.);
#3467=ORIENTED_EDGE('',*,*,#2519,.F.);
#3468=ORIENTED_EDGE('',*,*,#2520,.F.);
#3469=ORIENTED_EDGE('',*,*,#2519,.T.);
#3470=ORIENTED_EDGE('',*,*,#2521,.F.);
#3471=ORIENTED_EDGE('',*,*,#2522,.F.);
#3472=ORIENTED_EDGE('',*,*,#2523,.F.);
#3473=ORIENTED_EDGE('',*,*,#2522,.T.);
#3474=ORIENTED_EDGE('',*,*,#2524,.F.);
#3475=ORIENTED_EDGE('',*,*,#2525,.F.);
#3476=ORIENTED_EDGE('',*,*,#2526,.F.);
#3477=ORIENTED_EDGE('',*,*,#2525,.T.);
#3478=ORIENTED_EDGE('',*,*,#2527,.F.);
#3479=ORIENTED_EDGE('',*,*,#2528,.F.);
#3480=ORIENTED_EDGE('',*,*,#2529,.F.);
#3481=ORIENTED_EDGE('',*,*,#2528,.T.);
#3482=ORIENTED_EDGE('',*,*,#2530,.F.);
#3483=ORIENTED_EDGE('',*,*,#2531,.F.);
#3484=ORIENTED_EDGE('',*,*,#2532,.F.);
#3485=ORIENTED_EDGE('',*,*,#2531,.T.);
#3486=ORIENTED_EDGE('',*,*,#2533,.F.);
#3487=ORIENTED_EDGE('',*,*,#2534,.F.);
#3488=ORIENTED_EDGE('',*,*,#2535,.F.);
#3489=ORIENTED_EDGE('',*,*,#2534,.T.);
#3490=ORIENTED_EDGE('',*,*,#2536,.F.);
#3491=ORIENTED_EDGE('',*,*,#2537,.F.);
#3492=ORIENTED_EDGE('',*,*,#2538,.F.);
#3493=ORIENTED_EDGE('',*,*,#2537,.T.);
#3494=ORIENTED_EDGE('',*,*,#2539,.F.);
#3495=ORIENTED_EDGE('',*,*,#2540,.F.);
#3496=ORIENTED_EDGE('',*,*,#2541,.F.);
#3497=ORIENTED_EDGE('',*,*,#2540,.T.);
#3498=ORIENTED_EDGE('',*,*,#2542,.F.);
#3499=ORIENTED_EDGE('',*,*,#2457,.F.);
#3500=ORIENTED_EDGE('',*,*,#2542,.T.);
#3501=ORIENTED_EDGE('',*,*,#2539,.T.);
#3502=ORIENTED_EDGE('',*,*,#2536,.T.);
#3503=ORIENTED_EDGE('',*,*,#2533,.T.);
#3504=ORIENTED_EDGE('',*,*,#2530,.T.);
#3505=ORIENTED_EDGE('',*,*,#2527,.T.);
#3506=ORIENTED_EDGE('',*,*,#2524,.T.);
#3507=ORIENTED_EDGE('',*,*,#2521,.T.);
#3508=ORIENTED_EDGE('',*,*,#2518,.T.);
#3509=ORIENTED_EDGE('',*,*,#2515,.T.);
#3510=ORIENTED_EDGE('',*,*,#2512,.T.);
#3511=ORIENTED_EDGE('',*,*,#2509,.T.);
#3512=ORIENTED_EDGE('',*,*,#2506,.T.);
#3513=ORIENTED_EDGE('',*,*,#2503,.T.);
#3514=ORIENTED_EDGE('',*,*,#2500,.T.);
#3515=ORIENTED_EDGE('',*,*,#2497,.T.);
#3516=ORIENTED_EDGE('',*,*,#2494,.T.);
#3517=ORIENTED_EDGE('',*,*,#2491,.T.);
#3518=ORIENTED_EDGE('',*,*,#2488,.T.);
#3519=ORIENTED_EDGE('',*,*,#2485,.T.);
#3520=ORIENTED_EDGE('',*,*,#2482,.T.);
#3521=ORIENTED_EDGE('',*,*,#2479,.T.);
#3522=ORIENTED_EDGE('',*,*,#2476,.T.);
#3523=ORIENTED_EDGE('',*,*,#2473,.T.);
#3524=ORIENTED_EDGE('',*,*,#2470,.T.);
#3525=ORIENTED_EDGE('',*,*,#2467,.T.);
#3526=ORIENTED_EDGE('',*,*,#2464,.T.);
#3527=ORIENTED_EDGE('',*,*,#2461,.T.);
#3528=ORIENTED_EDGE('',*,*,#2458,.T.);
#3529=ORIENTED_EDGE('',*,*,#2541,.T.);
#3530=ORIENTED_EDGE('',*,*,#2456,.T.);
#3531=ORIENTED_EDGE('',*,*,#2460,.T.);
#3532=ORIENTED_EDGE('',*,*,#2463,.T.);
#3533=ORIENTED_EDGE('',*,*,#2466,.T.);
#3534=ORIENTED_EDGE('',*,*,#2469,.T.);
#3535=ORIENTED_EDGE('',*,*,#2472,.T.);
#3536=ORIENTED_EDGE('',*,*,#2475,.T.);
#3537=ORIENTED_EDGE('',*,*,#2478,.T.);
#3538=ORIENTED_EDGE('',*,*,#2481,.T.);
#3539=ORIENTED_EDGE('',*,*,#2484,.T.);
#3540=ORIENTED_EDGE('',*,*,#2487,.T.);
#3541=ORIENTED_EDGE('',*,*,#2490,.T.);
#3542=ORIENTED_EDGE('',*,*,#2493,.T.);
#3543=ORIENTED_EDGE('',*,*,#2496,.T.);
#3544=ORIENTED_EDGE('',*,*,#2499,.T.);
#3545=ORIENTED_EDGE('',*,*,#2502,.T.);
#3546=ORIENTED_EDGE('',*,*,#2505,.T.);
#3547=ORIENTED_EDGE('',*,*,#2508,.T.);
#3548=ORIENTED_EDGE('',*,*,#2511,.T.);
#3549=ORIENTED_EDGE('',*,*,#2514,.T.);
#3550=ORIENTED_EDGE('',*,*,#2517,.T.);
#3551=ORIENTED_EDGE('',*,*,#2520,.T.);
#3552=ORIENTED_EDGE('',*,*,#2523,.T.);
#3553=ORIENTED_EDGE('',*,*,#2526,.T.);
#3554=ORIENTED_EDGE('',*,*,#2529,.T.);
#3555=ORIENTED_EDGE('',*,*,#2532,.T.);
#3556=ORIENTED_EDGE('',*,*,#2535,.T.);
#3557=ORIENTED_EDGE('',*,*,#2538,.T.);
#3558=ORIENTED_EDGE('',*,*,#2543,.F.);
#3559=ORIENTED_EDGE('',*,*,#2544,.T.);
#3560=ORIENTED_EDGE('',*,*,#2545,.F.);
#3561=ORIENTED_EDGE('',*,*,#2546,.F.);
#3562=ORIENTED_EDGE('',*,*,#2547,.F.);
#3563=ORIENTED_EDGE('',*,*,#2546,.T.);
#3564=ORIENTED_EDGE('',*,*,#2548,.F.);
#3565=ORIENTED_EDGE('',*,*,#2549,.F.);
#3566=ORIENTED_EDGE('',*,*,#2550,.F.);
#3567=ORIENTED_EDGE('',*,*,#2549,.T.);
#3568=ORIENTED_EDGE('',*,*,#2551,.F.);
#3569=ORIENTED_EDGE('',*,*,#2552,.F.);
#3570=ORIENTED_EDGE('',*,*,#2553,.F.);
#3571=ORIENTED_EDGE('',*,*,#2552,.T.);
#3572=ORIENTED_EDGE('',*,*,#2554,.F.);
#3573=ORIENTED_EDGE('',*,*,#2555,.F.);
#3574=ORIENTED_EDGE('',*,*,#2556,.F.);
#3575=ORIENTED_EDGE('',*,*,#2555,.T.);
#3576=ORIENTED_EDGE('',*,*,#2557,.F.);
#3577=ORIENTED_EDGE('',*,*,#2558,.F.);
#3578=ORIENTED_EDGE('',*,*,#2559,.F.);
#3579=ORIENTED_EDGE('',*,*,#2558,.T.);
#3580=ORIENTED_EDGE('',*,*,#2560,.F.);
#3581=ORIENTED_EDGE('',*,*,#2561,.F.);
#3582=ORIENTED_EDGE('',*,*,#2562,.F.);
#3583=ORIENTED_EDGE('',*,*,#2561,.T.);
#3584=ORIENTED_EDGE('',*,*,#2563,.F.);
#3585=ORIENTED_EDGE('',*,*,#2564,.F.);
#3586=ORIENTED_EDGE('',*,*,#2565,.F.);
#3587=ORIENTED_EDGE('',*,*,#2564,.T.);
#3588=ORIENTED_EDGE('',*,*,#2566,.F.);
#3589=ORIENTED_EDGE('',*,*,#2544,.F.);
#3590=ORIENTED_EDGE('',*,*,#2567,.F.);
#3591=ORIENTED_EDGE('',*,*,#2568,.T.);
#3592=ORIENTED_EDGE('',*,*,#2569,.F.);
#3593=ORIENTED_EDGE('',*,*,#2570,.F.);
#3594=ORIENTED_EDGE('',*,*,#2571,.F.);
#3595=ORIENTED_EDGE('',*,*,#2570,.T.);
#3596=ORIENTED_EDGE('',*,*,#2572,.F.);
#3597=ORIENTED_EDGE('',*,*,#2573,.F.);
#3598=ORIENTED_EDGE('',*,*,#2574,.F.);
#3599=ORIENTED_EDGE('',*,*,#2573,.T.);
#3600=ORIENTED_EDGE('',*,*,#2575,.F.);
#3601=ORIENTED_EDGE('',*,*,#2576,.F.);
#3602=ORIENTED_EDGE('',*,*,#2577,.F.);
#3603=ORIENTED_EDGE('',*,*,#2576,.T.);
#3604=ORIENTED_EDGE('',*,*,#2578,.F.);
#3605=ORIENTED_EDGE('',*,*,#2579,.F.);
#3606=ORIENTED_EDGE('',*,*,#2580,.F.);
#3607=ORIENTED_EDGE('',*,*,#2579,.T.);
#3608=ORIENTED_EDGE('',*,*,#2581,.F.);
#3609=ORIENTED_EDGE('',*,*,#2582,.F.);
#3610=ORIENTED_EDGE('',*,*,#2583,.F.);
#3611=ORIENTED_EDGE('',*,*,#2582,.T.);
#3612=ORIENTED_EDGE('',*,*,#2584,.F.);
#3613=ORIENTED_EDGE('',*,*,#2585,.F.);
#3614=ORIENTED_EDGE('',*,*,#2586,.F.);
#3615=ORIENTED_EDGE('',*,*,#2585,.T.);
#3616=ORIENTED_EDGE('',*,*,#2587,.F.);
#3617=ORIENTED_EDGE('',*,*,#2588,.F.);
#3618=ORIENTED_EDGE('',*,*,#2589,.F.);
#3619=ORIENTED_EDGE('',*,*,#2588,.T.);
#3620=ORIENTED_EDGE('',*,*,#2590,.F.);
#3621=ORIENTED_EDGE('',*,*,#2591,.F.);
#3622=ORIENTED_EDGE('',*,*,#2592,.F.);
#3623=ORIENTED_EDGE('',*,*,#2591,.T.);
#3624=ORIENTED_EDGE('',*,*,#2593,.F.);
#3625=ORIENTED_EDGE('',*,*,#2594,.F.);
#3626=ORIENTED_EDGE('',*,*,#2595,.F.);
#3627=ORIENTED_EDGE('',*,*,#2594,.T.);
#3628=ORIENTED_EDGE('',*,*,#2596,.F.);
#3629=ORIENTED_EDGE('',*,*,#2597,.F.);
#3630=ORIENTED_EDGE('',*,*,#2598,.F.);
#3631=ORIENTED_EDGE('',*,*,#2597,.T.);
#3632=ORIENTED_EDGE('',*,*,#2599,.F.);
#3633=ORIENTED_EDGE('',*,*,#2600,.F.);
#3634=ORIENTED_EDGE('',*,*,#2601,.F.);
#3635=ORIENTED_EDGE('',*,*,#2600,.T.);
#3636=ORIENTED_EDGE('',*,*,#2602,.F.);
#3637=ORIENTED_EDGE('',*,*,#2603,.F.);
#3638=ORIENTED_EDGE('',*,*,#2604,.F.);
#3639=ORIENTED_EDGE('',*,*,#2603,.T.);
#3640=ORIENTED_EDGE('',*,*,#2605,.F.);
#3641=ORIENTED_EDGE('',*,*,#2568,.F.);
#3642=ORIENTED_EDGE('',*,*,#2605,.T.);
#3643=ORIENTED_EDGE('',*,*,#2602,.T.);
#3644=ORIENTED_EDGE('',*,*,#2599,.T.);
#3645=ORIENTED_EDGE('',*,*,#2596,.T.);
#3646=ORIENTED_EDGE('',*,*,#2593,.T.);
#3647=ORIENTED_EDGE('',*,*,#2590,.T.);
#3648=ORIENTED_EDGE('',*,*,#2587,.T.);
#3649=ORIENTED_EDGE('',*,*,#2584,.T.);
#3650=ORIENTED_EDGE('',*,*,#2581,.T.);
#3651=ORIENTED_EDGE('',*,*,#2578,.T.);
#3652=ORIENTED_EDGE('',*,*,#2575,.T.);
#3653=ORIENTED_EDGE('',*,*,#2572,.T.);
#3654=ORIENTED_EDGE('',*,*,#2569,.T.);
#3655=ORIENTED_EDGE('',*,*,#2566,.T.);
#3656=ORIENTED_EDGE('',*,*,#2563,.T.);
#3657=ORIENTED_EDGE('',*,*,#2560,.T.);
#3658=ORIENTED_EDGE('',*,*,#2557,.T.);
#3659=ORIENTED_EDGE('',*,*,#2554,.T.);
#3660=ORIENTED_EDGE('',*,*,#2551,.T.);
#3661=ORIENTED_EDGE('',*,*,#2548,.T.);
#3662=ORIENTED_EDGE('',*,*,#2545,.T.);
#3663=ORIENTED_EDGE('',*,*,#2604,.T.);
#3664=ORIENTED_EDGE('',*,*,#2567,.T.);
#3665=ORIENTED_EDGE('',*,*,#2571,.T.);
#3666=ORIENTED_EDGE('',*,*,#2574,.T.);
#3667=ORIENTED_EDGE('',*,*,#2577,.T.);
#3668=ORIENTED_EDGE('',*,*,#2580,.T.);
#3669=ORIENTED_EDGE('',*,*,#2583,.T.);
#3670=ORIENTED_EDGE('',*,*,#2586,.T.);
#3671=ORIENTED_EDGE('',*,*,#2589,.T.);
#3672=ORIENTED_EDGE('',*,*,#2592,.T.);
#3673=ORIENTED_EDGE('',*,*,#2595,.T.);
#3674=ORIENTED_EDGE('',*,*,#2598,.T.);
#3675=ORIENTED_EDGE('',*,*,#2601,.T.);
#3676=ORIENTED_EDGE('',*,*,#2565,.T.);
#3677=ORIENTED_EDGE('',*,*,#2543,.T.);
#3678=ORIENTED_EDGE('',*,*,#2547,.T.);
#3679=ORIENTED_EDGE('',*,*,#2550,.T.);
#3680=ORIENTED_EDGE('',*,*,#2553,.T.);
#3681=ORIENTED_EDGE('',*,*,#2556,.T.);
#3682=ORIENTED_EDGE('',*,*,#2559,.T.);
#3683=ORIENTED_EDGE('',*,*,#2562,.T.);
#3684=ORIENTED_EDGE('',*,*,#2606,.F.);
#3685=ORIENTED_EDGE('',*,*,#2607,.T.);
#3686=ORIENTED_EDGE('',*,*,#2608,.F.);
#3687=ORIENTED_EDGE('',*,*,#2609,.F.);
#3688=ORIENTED_EDGE('',*,*,#2610,.F.);
#3689=ORIENTED_EDGE('',*,*,#2609,.T.);
#3690=ORIENTED_EDGE('',*,*,#2611,.F.);
#3691=ORIENTED_EDGE('',*,*,#2612,.F.);
#3692=ORIENTED_EDGE('',*,*,#2613,.F.);
#3693=ORIENTED_EDGE('',*,*,#2612,.T.);
#3694=ORIENTED_EDGE('',*,*,#2614,.F.);
#3695=ORIENTED_EDGE('',*,*,#2615,.F.);
#3696=ORIENTED_EDGE('',*,*,#2616,.F.);
#3697=ORIENTED_EDGE('',*,*,#2615,.T.);
#3698=ORIENTED_EDGE('',*,*,#2617,.F.);
#3699=ORIENTED_EDGE('',*,*,#2607,.F.);
#3700=ORIENTED_EDGE('',*,*,#2617,.T.);
#3701=ORIENTED_EDGE('',*,*,#2614,.T.);
#3702=ORIENTED_EDGE('',*,*,#2611,.T.);
#3703=ORIENTED_EDGE('',*,*,#2608,.T.);
#3704=ORIENTED_EDGE('',*,*,#2616,.T.);
#3705=ORIENTED_EDGE('',*,*,#2606,.T.);
#3706=ORIENTED_EDGE('',*,*,#2610,.T.);
#3707=ORIENTED_EDGE('',*,*,#2613,.T.);
#3708=ORIENTED_EDGE('',*,*,#2618,.F.);
#3709=ORIENTED_EDGE('',*,*,#2619,.T.);
#3710=ORIENTED_EDGE('',*,*,#2620,.F.);
#3711=ORIENTED_EDGE('',*,*,#2621,.F.);
#3712=ORIENTED_EDGE('',*,*,#2622,.F.);
#3713=ORIENTED_EDGE('',*,*,#2621,.T.);
#3714=ORIENTED_EDGE('',*,*,#2623,.F.);
#3715=ORIENTED_EDGE('',*,*,#2624,.F.);
#3716=ORIENTED_EDGE('',*,*,#2625,.F.);
#3717=ORIENTED_EDGE('',*,*,#2624,.T.);
#3718=ORIENTED_EDGE('',*,*,#2626,.F.);
#3719=ORIENTED_EDGE('',*,*,#2627,.F.);
#3720=ORIENTED_EDGE('',*,*,#2628,.F.);
#3721=ORIENTED_EDGE('',*,*,#2627,.T.);
#3722=ORIENTED_EDGE('',*,*,#2629,.F.);
#3723=ORIENTED_EDGE('',*,*,#2630,.F.);
#3724=ORIENTED_EDGE('',*,*,#2631,.F.);
#3725=ORIENTED_EDGE('',*,*,#2630,.T.);
#3726=ORIENTED_EDGE('',*,*,#2632,.F.);
#3727=ORIENTED_EDGE('',*,*,#2633,.F.);
#3728=ORIENTED_EDGE('',*,*,#2634,.F.);
#3729=ORIENTED_EDGE('',*,*,#2633,.T.);
#3730=ORIENTED_EDGE('',*,*,#2635,.F.);
#3731=ORIENTED_EDGE('',*,*,#2636,.F.);
#3732=ORIENTED_EDGE('',*,*,#2637,.F.);
#3733=ORIENTED_EDGE('',*,*,#2636,.T.);
#3734=ORIENTED_EDGE('',*,*,#2638,.F.);
#3735=ORIENTED_EDGE('',*,*,#2639,.F.);
#3736=ORIENTED_EDGE('',*,*,#2640,.F.);
#3737=ORIENTED_EDGE('',*,*,#2639,.T.);
#3738=ORIENTED_EDGE('',*,*,#2641,.F.);
#3739=ORIENTED_EDGE('',*,*,#2619,.F.);
#3740=ORIENTED_EDGE('',*,*,#2642,.F.);
#3741=ORIENTED_EDGE('',*,*,#2643,.T.);
#3742=ORIENTED_EDGE('',*,*,#2644,.F.);
#3743=ORIENTED_EDGE('',*,*,#2645,.F.);
#3744=ORIENTED_EDGE('',*,*,#2646,.F.);
#3745=ORIENTED_EDGE('',*,*,#2645,.T.);
#3746=ORIENTED_EDGE('',*,*,#2647,.F.);
#3747=ORIENTED_EDGE('',*,*,#2648,.F.);
#3748=ORIENTED_EDGE('',*,*,#2649,.F.);
#3749=ORIENTED_EDGE('',*,*,#2648,.T.);
#3750=ORIENTED_EDGE('',*,*,#2650,.F.);
#3751=ORIENTED_EDGE('',*,*,#2651,.F.);
#3752=ORIENTED_EDGE('',*,*,#2652,.F.);
#3753=ORIENTED_EDGE('',*,*,#2651,.T.);
#3754=ORIENTED_EDGE('',*,*,#2653,.F.);
#3755=ORIENTED_EDGE('',*,*,#2654,.F.);
#3756=ORIENTED_EDGE('',*,*,#2655,.F.);
#3757=ORIENTED_EDGE('',*,*,#2654,.T.);
#3758=ORIENTED_EDGE('',*,*,#2656,.F.);
#3759=ORIENTED_EDGE('',*,*,#2657,.F.);
#3760=ORIENTED_EDGE('',*,*,#2658,.F.);
#3761=ORIENTED_EDGE('',*,*,#2657,.T.);
#3762=ORIENTED_EDGE('',*,*,#2659,.F.);
#3763=ORIENTED_EDGE('',*,*,#2660,.F.);
#3764=ORIENTED_EDGE('',*,*,#2661,.F.);
#3765=ORIENTED_EDGE('',*,*,#2660,.T.);
#3766=ORIENTED_EDGE('',*,*,#2662,.F.);
#3767=ORIENTED_EDGE('',*,*,#2663,.F.);
#3768=ORIENTED_EDGE('',*,*,#2664,.F.);
#3769=ORIENTED_EDGE('',*,*,#2663,.T.);
#3770=ORIENTED_EDGE('',*,*,#2665,.F.);
#3771=ORIENTED_EDGE('',*,*,#2666,.F.);
#3772=ORIENTED_EDGE('',*,*,#2667,.F.);
#3773=ORIENTED_EDGE('',*,*,#2666,.T.);
#3774=ORIENTED_EDGE('',*,*,#2668,.F.);
#3775=ORIENTED_EDGE('',*,*,#2669,.F.);
#3776=ORIENTED_EDGE('',*,*,#2670,.F.);
#3777=ORIENTED_EDGE('',*,*,#2669,.T.);
#3778=ORIENTED_EDGE('',*,*,#2671,.F.);
#3779=ORIENTED_EDGE('',*,*,#2672,.F.);
#3780=ORIENTED_EDGE('',*,*,#2673,.F.);
#3781=ORIENTED_EDGE('',*,*,#2672,.T.);
#3782=ORIENTED_EDGE('',*,*,#2674,.F.);
#3783=ORIENTED_EDGE('',*,*,#2675,.F.);
#3784=ORIENTED_EDGE('',*,*,#2676,.F.);
#3785=ORIENTED_EDGE('',*,*,#2675,.T.);
#3786=ORIENTED_EDGE('',*,*,#2677,.F.);
#3787=ORIENTED_EDGE('',*,*,#2643,.F.);
#3788=ORIENTED_EDGE('',*,*,#2677,.T.);
#3789=ORIENTED_EDGE('',*,*,#2674,.T.);
#3790=ORIENTED_EDGE('',*,*,#2671,.T.);
#3791=ORIENTED_EDGE('',*,*,#2668,.T.);
#3792=ORIENTED_EDGE('',*,*,#2665,.T.);
#3793=ORIENTED_EDGE('',*,*,#2662,.T.);
#3794=ORIENTED_EDGE('',*,*,#2659,.T.);
#3795=ORIENTED_EDGE('',*,*,#2656,.T.);
#3796=ORIENTED_EDGE('',*,*,#2653,.T.);
#3797=ORIENTED_EDGE('',*,*,#2650,.T.);
#3798=ORIENTED_EDGE('',*,*,#2647,.T.);
#3799=ORIENTED_EDGE('',*,*,#2644,.T.);
#3800=ORIENTED_EDGE('',*,*,#2641,.T.);
#3801=ORIENTED_EDGE('',*,*,#2638,.T.);
#3802=ORIENTED_EDGE('',*,*,#2635,.T.);
#3803=ORIENTED_EDGE('',*,*,#2632,.T.);
#3804=ORIENTED_EDGE('',*,*,#2629,.T.);
#3805=ORIENTED_EDGE('',*,*,#2626,.T.);
#3806=ORIENTED_EDGE('',*,*,#2623,.T.);
#3807=ORIENTED_EDGE('',*,*,#2620,.T.);
#3808=ORIENTED_EDGE('',*,*,#2676,.T.);
#3809=ORIENTED_EDGE('',*,*,#2642,.T.);
#3810=ORIENTED_EDGE('',*,*,#2646,.T.);
#3811=ORIENTED_EDGE('',*,*,#2649,.T.);
#3812=ORIENTED_EDGE('',*,*,#2652,.T.);
#3813=ORIENTED_EDGE('',*,*,#2655,.T.);
#3814=ORIENTED_EDGE('',*,*,#2658,.T.);
#3815=ORIENTED_EDGE('',*,*,#2661,.T.);
#3816=ORIENTED_EDGE('',*,*,#2664,.T.);
#3817=ORIENTED_EDGE('',*,*,#2667,.T.);
#3818=ORIENTED_EDGE('',*,*,#2670,.T.);
#3819=ORIENTED_EDGE('',*,*,#2673,.T.);
#3820=ORIENTED_EDGE('',*,*,#2640,.T.);
#3821=ORIENTED_EDGE('',*,*,#2618,.T.);
#3822=ORIENTED_EDGE('',*,*,#2622,.T.);
#3823=ORIENTED_EDGE('',*,*,#2625,.T.);
#3824=ORIENTED_EDGE('',*,*,#2628,.T.);
#3825=ORIENTED_EDGE('',*,*,#2631,.T.);
#3826=ORIENTED_EDGE('',*,*,#2634,.T.);
#3827=ORIENTED_EDGE('',*,*,#2637,.T.);
#3828=ORIENTED_EDGE('',*,*,#2678,.F.);
#3829=ORIENTED_EDGE('',*,*,#2679,.T.);
#3830=ORIENTED_EDGE('',*,*,#2680,.F.);
#3831=ORIENTED_EDGE('',*,*,#2681,.F.);
#3832=ORIENTED_EDGE('',*,*,#2682,.F.);
#3833=ORIENTED_EDGE('',*,*,#2681,.T.);
#3834=ORIENTED_EDGE('',*,*,#2683,.F.);
#3835=ORIENTED_EDGE('',*,*,#2684,.F.);
#3836=ORIENTED_EDGE('',*,*,#2685,.F.);
#3837=ORIENTED_EDGE('',*,*,#2684,.T.);
#3838=ORIENTED_EDGE('',*,*,#2686,.F.);
#3839=ORIENTED_EDGE('',*,*,#2679,.F.);
#3840=ORIENTED_EDGE('',*,*,#2687,.F.);
#3841=ORIENTED_EDGE('',*,*,#2688,.T.);
#3842=ORIENTED_EDGE('',*,*,#2689,.F.);
#3843=ORIENTED_EDGE('',*,*,#2690,.F.);
#3844=ORIENTED_EDGE('',*,*,#2691,.F.);
#3845=ORIENTED_EDGE('',*,*,#2690,.T.);
#3846=ORIENTED_EDGE('',*,*,#2692,.F.);
#3847=ORIENTED_EDGE('',*,*,#2693,.F.);
#3848=ORIENTED_EDGE('',*,*,#2694,.F.);
#3849=ORIENTED_EDGE('',*,*,#2693,.T.);
#3850=ORIENTED_EDGE('',*,*,#2695,.F.);
#3851=ORIENTED_EDGE('',*,*,#2696,.F.);
#3852=ORIENTED_EDGE('',*,*,#2697,.F.);
#3853=ORIENTED_EDGE('',*,*,#2696,.T.);
#3854=ORIENTED_EDGE('',*,*,#2698,.F.);
#3855=ORIENTED_EDGE('',*,*,#2699,.F.);
#3856=ORIENTED_EDGE('',*,*,#2700,.F.);
#3857=ORIENTED_EDGE('',*,*,#2699,.T.);
#3858=ORIENTED_EDGE('',*,*,#2701,.F.);
#3859=ORIENTED_EDGE('',*,*,#2702,.F.);
#3860=ORIENTED_EDGE('',*,*,#2703,.F.);
#3861=ORIENTED_EDGE('',*,*,#2702,.T.);
#3862=ORIENTED_EDGE('',*,*,#2704,.F.);
#3863=ORIENTED_EDGE('',*,*,#2705,.F.);
#3864=ORIENTED_EDGE('',*,*,#2706,.F.);
#3865=ORIENTED_EDGE('',*,*,#2705,.T.);
#3866=ORIENTED_EDGE('',*,*,#2707,.F.);
#3867=ORIENTED_EDGE('',*,*,#2708,.F.);
#3868=ORIENTED_EDGE('',*,*,#2709,.F.);
#3869=ORIENTED_EDGE('',*,*,#2708,.T.);
#3870=ORIENTED_EDGE('',*,*,#2710,.F.);
#3871=ORIENTED_EDGE('',*,*,#2711,.F.);
#3872=ORIENTED_EDGE('',*,*,#2712,.F.);
#3873=ORIENTED_EDGE('',*,*,#2711,.T.);
#3874=ORIENTED_EDGE('',*,*,#2713,.F.);
#3875=ORIENTED_EDGE('',*,*,#2714,.F.);
#3876=ORIENTED_EDGE('',*,*,#2715,.F.);
#3877=ORIENTED_EDGE('',*,*,#2714,.T.);
#3878=ORIENTED_EDGE('',*,*,#2716,.F.);
#3879=ORIENTED_EDGE('',*,*,#2717,.F.);
#3880=ORIENTED_EDGE('',*,*,#2718,.F.);
#3881=ORIENTED_EDGE('',*,*,#2717,.T.);
#3882=ORIENTED_EDGE('',*,*,#2719,.F.);
#3883=ORIENTED_EDGE('',*,*,#2688,.F.);
#3884=ORIENTED_EDGE('',*,*,#2719,.T.);
#3885=ORIENTED_EDGE('',*,*,#2716,.T.);
#3886=ORIENTED_EDGE('',*,*,#2713,.T.);
#3887=ORIENTED_EDGE('',*,*,#2710,.T.);
#3888=ORIENTED_EDGE('',*,*,#2707,.T.);
#3889=ORIENTED_EDGE('',*,*,#2704,.T.);
#3890=ORIENTED_EDGE('',*,*,#2701,.T.);
#3891=ORIENTED_EDGE('',*,*,#2698,.T.);
#3892=ORIENTED_EDGE('',*,*,#2695,.T.);
#3893=ORIENTED_EDGE('',*,*,#2692,.T.);
#3894=ORIENTED_EDGE('',*,*,#2689,.T.);
#3895=ORIENTED_EDGE('',*,*,#2686,.T.);
#3896=ORIENTED_EDGE('',*,*,#2683,.T.);
#3897=ORIENTED_EDGE('',*,*,#2680,.T.);
#3898=ORIENTED_EDGE('',*,*,#2718,.T.);
#3899=ORIENTED_EDGE('',*,*,#2687,.T.);
#3900=ORIENTED_EDGE('',*,*,#2691,.T.);
#3901=ORIENTED_EDGE('',*,*,#2694,.T.);
#3902=ORIENTED_EDGE('',*,*,#2697,.T.);
#3903=ORIENTED_EDGE('',*,*,#2700,.T.);
#3904=ORIENTED_EDGE('',*,*,#2703,.T.);
#3905=ORIENTED_EDGE('',*,*,#2706,.T.);
#3906=ORIENTED_EDGE('',*,*,#2709,.T.);
#3907=ORIENTED_EDGE('',*,*,#2712,.T.);
#3908=ORIENTED_EDGE('',*,*,#2715,.T.);
#3909=ORIENTED_EDGE('',*,*,#2685,.T.);
#3910=ORIENTED_EDGE('',*,*,#2678,.T.);
#3911=ORIENTED_EDGE('',*,*,#2682,.T.);
#3912=ORIENTED_EDGE('',*,*,#2720,.F.);
#3913=ORIENTED_EDGE('',*,*,#2721,.T.);
#3914=ORIENTED_EDGE('',*,*,#2722,.F.);
#3915=ORIENTED_EDGE('',*,*,#2723,.F.);
#3916=ORIENTED_EDGE('',*,*,#2724,.F.);
#3917=ORIENTED_EDGE('',*,*,#2723,.T.);
#3918=ORIENTED_EDGE('',*,*,#2725,.F.);
#3919=ORIENTED_EDGE('',*,*,#2726,.F.);
#3920=ORIENTED_EDGE('',*,*,#2727,.F.);
#3921=ORIENTED_EDGE('',*,*,#2726,.T.);
#3922=ORIENTED_EDGE('',*,*,#2728,.F.);
#3923=ORIENTED_EDGE('',*,*,#2729,.F.);
#3924=ORIENTED_EDGE('',*,*,#2730,.F.);
#3925=ORIENTED_EDGE('',*,*,#2729,.T.);
#3926=ORIENTED_EDGE('',*,*,#2731,.F.);
#3927=ORIENTED_EDGE('',*,*,#2732,.F.);
#3928=ORIENTED_EDGE('',*,*,#2733,.F.);
#3929=ORIENTED_EDGE('',*,*,#2732,.T.);
#3930=ORIENTED_EDGE('',*,*,#2734,.F.);
#3931=ORIENTED_EDGE('',*,*,#2735,.F.);
#3932=ORIENTED_EDGE('',*,*,#2736,.F.);
#3933=ORIENTED_EDGE('',*,*,#2735,.T.);
#3934=ORIENTED_EDGE('',*,*,#2737,.F.);
#3935=ORIENTED_EDGE('',*,*,#2721,.F.);
#3936=ORIENTED_EDGE('',*,*,#2737,.T.);
#3937=ORIENTED_EDGE('',*,*,#2734,.T.);
#3938=ORIENTED_EDGE('',*,*,#2731,.T.);
#3939=ORIENTED_EDGE('',*,*,#2728,.T.);
#3940=ORIENTED_EDGE('',*,*,#2725,.T.);
#3941=ORIENTED_EDGE('',*,*,#2722,.T.);
#3942=ORIENTED_EDGE('',*,*,#2736,.T.);
#3943=ORIENTED_EDGE('',*,*,#2720,.T.);
#3944=ORIENTED_EDGE('',*,*,#2724,.T.);
#3945=ORIENTED_EDGE('',*,*,#2727,.T.);
#3946=ORIENTED_EDGE('',*,*,#2730,.T.);
#3947=ORIENTED_EDGE('',*,*,#2733,.T.);
#3948=TOROIDAL_SURFACE('',#4205,4.75,1.);
#3949=ADVANCED_FACE('',(#1244),#3948,.T.);
#3950=ADVANCED_FACE('',(#1245),#1241,.T.);
#3951=ADVANCED_FACE('',(#1246,#393),#411,.F.);
#3952=ADVANCED_FACE('',(#1247),#1242,.T.);
#3953=ADVANCED_FACE('',(#1248),#412,.F.);
#3954=ADVANCED_FACE('',(#1249),#1243,.T.);
#3955=ADVANCED_FACE('',(#1250,#394),#413,.F.);
#3956=ADVANCED_FACE('',(#1251),#414,.T.);
#3957=ADVANCED_FACE('',(#1252),#415,.T.);
#3958=ADVANCED_FACE('',(#1253),#249,.T.);
#3959=ADVANCED_FACE('',(#1254),#250,.T.);
#3960=ADVANCED_FACE('',(#1255),#251,.T.);
#3961=ADVANCED_FACE('',(#1256),#252,.T.);
#3962=ADVANCED_FACE('',(#1257),#253,.T.);
#3963=ADVANCED_FACE('',(#1258),#416,.T.);
#3964=ADVANCED_FACE('',(#1259),#417,.T.);
#3965=ADVANCED_FACE('',(#1260),#418,.T.);
#3966=ADVANCED_FACE('',(#1261),#419,.T.);
#3967=ADVANCED_FACE('',(#1262),#254,.T.);
#3968=ADVANCED_FACE('',(#1263),#255,.T.);
#3969=ADVANCED_FACE('',(#1264),#256,.T.);
#3970=ADVANCED_FACE('',(#1265),#257,.T.);
#3971=ADVANCED_FACE('',(#1266),#258,.T.);
#3972=ADVANCED_FACE('',(#1267),#259,.T.);
#3973=ADVANCED_FACE('',(#1268),#260,.T.);
#3974=ADVANCED_FACE('',(#1269),#420,.T.);
#3975=ADVANCED_FACE('',(#1270),#421,.T.);
#3976=ADVANCED_FACE('',(#1271),#422,.T.);
#3977=ADVANCED_FACE('',(#1272),#261,.T.);
#3978=ADVANCED_FACE('',(#1273),#262,.T.);
#3979=ADVANCED_FACE('',(#1274),#263,.T.);
#3980=ADVANCED_FACE('',(#1275),#264,.T.);
#3981=ADVANCED_FACE('',(#1276),#423,.T.);
#3982=ADVANCED_FACE('',(#1277),#424,.T.);
#3983=ADVANCED_FACE('',(#1278),#425,.T.);
#3984=ADVANCED_FACE('',(#1279,#395),#426,.T.);
#3985=ADVANCED_FACE('',(#1280,#396),#427,.F.);
#3986=ADVANCED_FACE('',(#1281),#428,.T.);
#3987=ADVANCED_FACE('',(#1282),#429,.T.);
#3988=ADVANCED_FACE('',(#1283),#430,.T.);
#3989=ADVANCED_FACE('',(#1284),#431,.T.);
#3990=ADVANCED_FACE('',(#1285),#432,.T.);
#3991=ADVANCED_FACE('',(#1286),#433,.T.);
#3992=ADVANCED_FACE('',(#1287),#434,.T.);
#3993=ADVANCED_FACE('',(#1288),#435,.T.);
#3994=ADVANCED_FACE('',(#1289),#436,.T.);
#3995=ADVANCED_FACE('',(#1290),#437,.T.);
#3996=ADVANCED_FACE('',(#1291),#438,.T.);
#3997=ADVANCED_FACE('',(#1292),#439,.T.);
#3998=ADVANCED_FACE('',(#1293),#440,.T.);
#3999=ADVANCED_FACE('',(#1294),#441,.T.);
#4000=ADVANCED_FACE('',(#1295,#397),#442,.T.);
#4001=ADVANCED_FACE('',(#1296,#398),#443,.F.);
#4002=ADVANCED_FACE('',(#1297),#265,.T.);
#4003=ADVANCED_FACE('',(#1298),#266,.T.);
#4004=ADVANCED_FACE('',(#1299),#267,.T.);
#4005=ADVANCED_FACE('',(#1300),#268,.T.);
#4006=ADVANCED_FACE('',(#1301),#269,.T.);
#4007=ADVANCED_FACE('',(#1302),#270,.T.);
#4008=ADVANCED_FACE('',(#1303),#271,.T.);
#4009=ADVANCED_FACE('',(#1304),#272,.T.);
#4010=ADVANCED_FACE('',(#1305),#273,.T.);
#4011=ADVANCED_FACE('',(#1306),#274,.T.);
#4012=ADVANCED_FACE('',(#1307),#275,.T.);
#4013=ADVANCED_FACE('',(#1308),#276,.T.);
#4014=ADVANCED_FACE('',(#1309),#277,.T.);
#4015=ADVANCED_FACE('',(#1310),#278,.T.);
#4016=ADVANCED_FACE('',(#1311),#279,.T.);
#4017=ADVANCED_FACE('',(#1312),#280,.T.);
#4018=ADVANCED_FACE('',(#1313,#399),#444,.T.);
#4019=ADVANCED_FACE('',(#1314,#400),#445,.F.);
#4020=ADVANCED_FACE('',(#1315),#281,.T.);
#4021=ADVANCED_FACE('',(#1316),#282,.T.);
#4022=ADVANCED_FACE('',(#1317),#283,.T.);
#4023=ADVANCED_FACE('',(#1318),#284,.T.);
#4024=ADVANCED_FACE('',(#1319),#285,.T.);
#4025=ADVANCED_FACE('',(#1320),#286,.T.);
#4026=ADVANCED_FACE('',(#1321),#287,.T.);
#4027=ADVANCED_FACE('',(#1322),#288,.T.);
#4028=ADVANCED_FACE('',(#1323),#289,.T.);
#4029=ADVANCED_FACE('',(#1324),#290,.T.);
#4030=ADVANCED_FACE('',(#1325),#291,.T.);
#4031=ADVANCED_FACE('',(#1326),#292,.T.);
#4032=ADVANCED_FACE('',(#1327),#293,.T.);
#4033=ADVANCED_FACE('',(#1328),#294,.T.);
#4034=ADVANCED_FACE('',(#1329),#295,.T.);
#4035=ADVANCED_FACE('',(#1330),#296,.T.);
#4036=ADVANCED_FACE('',(#1331,#401),#446,.T.);
#4037=ADVANCED_FACE('',(#1332,#402),#447,.F.);
#4038=ADVANCED_FACE('',(#1333),#448,.T.);
#4039=ADVANCED_FACE('',(#1334),#449,.T.);
#4040=ADVANCED_FACE('',(#1335),#450,.T.);
#4041=ADVANCED_FACE('',(#1336),#451,.T.);
#4042=ADVANCED_FACE('',(#1337),#452,.T.);
#4043=ADVANCED_FACE('',(#1338),#453,.T.);
#4044=ADVANCED_FACE('',(#1339),#454,.T.);
#4045=ADVANCED_FACE('',(#1340),#455,.T.);
#4046=ADVANCED_FACE('',(#1341),#456,.T.);
#4047=ADVANCED_FACE('',(#1342),#457,.T.);
#4048=ADVANCED_FACE('',(#1343),#458,.T.);
#4049=ADVANCED_FACE('',(#1344),#459,.T.);
#4050=ADVANCED_FACE('',(#1345),#460,.T.);
#4051=ADVANCED_FACE('',(#1346),#461,.F.);
#4052=ADVANCED_FACE('',(#1347),#462,.T.);
#4053=ADVANCED_FACE('',(#1348),#297,.T.);
#4054=ADVANCED_FACE('',(#1349),#298,.T.);
#4055=ADVANCED_FACE('',(#1350),#299,.T.);
#4056=ADVANCED_FACE('',(#1351),#300,.T.);
#4057=ADVANCED_FACE('',(#1352),#301,.T.);
#4058=ADVANCED_FACE('',(#1353),#463,.T.);
#4059=ADVANCED_FACE('',(#1354),#464,.T.);
#4060=ADVANCED_FACE('',(#1355),#465,.T.);
#4061=ADVANCED_FACE('',(#1356),#466,.T.);
#4062=ADVANCED_FACE('',(#1357),#302,.T.);
#4063=ADVANCED_FACE('',(#1358),#303,.T.);
#4064=ADVANCED_FACE('',(#1359),#304,.T.);
#4065=ADVANCED_FACE('',(#1360),#305,.T.);
#4066=ADVANCED_FACE('',(#1361),#306,.T.);
#4067=ADVANCED_FACE('',(#1362),#307,.T.);
#4068=ADVANCED_FACE('',(#1363),#467,.T.);
#4069=ADVANCED_FACE('',(#1364),#468,.T.);
#4070=ADVANCED_FACE('',(#1365),#469,.T.);
#4071=ADVANCED_FACE('',(#1366,#403),#470,.T.);
#4072=ADVANCED_FACE('',(#1367,#404),#471,.F.);
#4073=ADVANCED_FACE('',(#1368),#472,.T.);
#4074=ADVANCED_FACE('',(#1369),#473,.T.);
#4075=ADVANCED_FACE('',(#1370),#474,.T.);
#4076=ADVANCED_FACE('',(#1371),#308,.T.);
#4077=ADVANCED_FACE('',(#1372),#309,.T.);
#4078=ADVANCED_FACE('',(#1373),#310,.T.);
#4079=ADVANCED_FACE('',(#1374),#311,.T.);
#4080=ADVANCED_FACE('',(#1375),#312,.T.);
#4081=ADVANCED_FACE('',(#1376),#313,.T.);
#4082=ADVANCED_FACE('',(#1377),#314,.T.);
#4083=ADVANCED_FACE('',(#1378),#315,.T.);
#4084=ADVANCED_FACE('',(#1379),#316,.T.);
#4085=ADVANCED_FACE('',(#1380),#317,.T.);
#4086=ADVANCED_FACE('',(#1381),#318,.T.);
#4087=ADVANCED_FACE('',(#1382),#475,.T.);
#4088=ADVANCED_FACE('',(#1383),#319,.T.);
#4089=ADVANCED_FACE('',(#1384),#320,.T.);
#4090=ADVANCED_FACE('',(#1385),#321,.T.);
#4091=ADVANCED_FACE('',(#1386),#322,.T.);
#4092=ADVANCED_FACE('',(#1387),#323,.T.);
#4093=ADVANCED_FACE('',(#1388),#324,.T.);
#4094=ADVANCED_FACE('',(#1389),#325,.T.);
#4095=ADVANCED_FACE('',(#1390),#326,.T.);
#4096=ADVANCED_FACE('',(#1391),#327,.T.);
#4097=ADVANCED_FACE('',(#1392),#328,.T.);
#4098=ADVANCED_FACE('',(#1393),#329,.T.);
#4099=ADVANCED_FACE('',(#1394),#330,.T.);
#4100=ADVANCED_FACE('',(#1395),#476,.T.);
#4101=ADVANCED_FACE('',(#1396),#477,.T.);
#4102=ADVANCED_FACE('',(#1397),#478,.T.);
#4103=ADVANCED_FACE('',(#1398),#479,.F.);
#4104=ADVANCED_FACE('',(#1399),#331,.T.);
#4105=ADVANCED_FACE('',(#1400),#332,.T.);
#4106=ADVANCED_FACE('',(#1401),#333,.T.);
#4107=ADVANCED_FACE('',(#1402),#334,.T.);
#4108=ADVANCED_FACE('',(#1403),#335,.T.);
#4109=ADVANCED_FACE('',(#1404),#336,.T.);
#4110=ADVANCED_FACE('',(#1405),#337,.T.);
#4111=ADVANCED_FACE('',(#1406),#338,.T.);
#4112=ADVANCED_FACE('',(#1407),#480,.T.);
#4113=ADVANCED_FACE('',(#1408),#481,.T.);
#4114=ADVANCED_FACE('',(#1409),#482,.T.);
#4115=ADVANCED_FACE('',(#1410),#483,.T.);
#4116=ADVANCED_FACE('',(#1411),#339,.T.);
#4117=ADVANCED_FACE('',(#1412),#340,.T.);
#4118=ADVANCED_FACE('',(#1413),#341,.T.);
#4119=ADVANCED_FACE('',(#1414),#342,.T.);
#4120=ADVANCED_FACE('',(#1415),#343,.T.);
#4121=ADVANCED_FACE('',(#1416),#344,.T.);
#4122=ADVANCED_FACE('',(#1417),#345,.T.);
#4123=ADVANCED_FACE('',(#1418),#346,.T.);
#4124=ADVANCED_FACE('',(#1419),#484,.T.);
#4125=ADVANCED_FACE('',(#1420,#405),#485,.T.);
#4126=ADVANCED_FACE('',(#1421,#406),#486,.F.);
#4127=ADVANCED_FACE('',(#1422),#487,.T.);
#4128=ADVANCED_FACE('',(#1423),#488,.T.);
#4129=ADVANCED_FACE('',(#1424),#489,.T.);
#4130=ADVANCED_FACE('',(#1425),#490,.T.);
#4131=ADVANCED_FACE('',(#1426),#491,.T.);
#4132=ADVANCED_FACE('',(#1427),#492,.F.);
#4133=ADVANCED_FACE('',(#1428),#347,.T.);
#4134=ADVANCED_FACE('',(#1429),#348,.T.);
#4135=ADVANCED_FACE('',(#1430),#349,.T.);
#4136=ADVANCED_FACE('',(#1431),#350,.T.);
#4137=ADVANCED_FACE('',(#1432),#351,.T.);
#4138=ADVANCED_FACE('',(#1433),#352,.T.);
#4139=ADVANCED_FACE('',(#1434),#353,.T.);
#4140=ADVANCED_FACE('',(#1435),#354,.T.);
#4141=ADVANCED_FACE('',(#1436),#355,.T.);
#4142=ADVANCED_FACE('',(#1437),#356,.T.);
#4143=ADVANCED_FACE('',(#1438),#357,.T.);
#4144=ADVANCED_FACE('',(#1439),#358,.T.);
#4145=ADVANCED_FACE('',(#1440),#359,.T.);
#4146=ADVANCED_FACE('',(#1441),#360,.T.);
#4147=ADVANCED_FACE('',(#1442),#361,.T.);
#4148=ADVANCED_FACE('',(#1443),#362,.T.);
#4149=ADVANCED_FACE('',(#1444),#363,.T.);
#4150=ADVANCED_FACE('',(#1445),#364,.T.);
#4151=ADVANCED_FACE('',(#1446),#365,.T.);
#4152=ADVANCED_FACE('',(#1447),#366,.T.);
#4153=ADVANCED_FACE('',(#1448,#407),#493,.T.);
#4154=ADVANCED_FACE('',(#1449,#408),#494,.F.);
#4155=ADVANCED_FACE('',(#1450),#495,.T.);
#4156=ADVANCED_FACE('',(#1451),#496,.T.);
#4157=ADVANCED_FACE('',(#1452),#497,.T.);
#4158=ADVANCED_FACE('',(#1453),#498,.T.);
#4159=ADVANCED_FACE('',(#1454),#499,.T.);
#4160=ADVANCED_FACE('',(#1455),#500,.T.);
#4161=ADVANCED_FACE('',(#1456),#501,.T.);
#4162=ADVANCED_FACE('',(#1457),#502,.T.);
#4163=ADVANCED_FACE('',(#1458),#503,.T.);
#4164=ADVANCED_FACE('',(#1459),#504,.T.);
#4165=ADVANCED_FACE('',(#1460),#505,.T.);
#4166=ADVANCED_FACE('',(#1461),#506,.T.);
#4167=ADVANCED_FACE('',(#1462),#507,.T.);
#4168=ADVANCED_FACE('',(#1463),#508,.T.);
#4169=ADVANCED_FACE('',(#1464,#409),#509,.T.);
#4170=ADVANCED_FACE('',(#1465,#410),#510,.F.);
#4171=ADVANCED_FACE('',(#1466),#511,.T.);
#4172=ADVANCED_FACE('',(#1467),#512,.T.);
#4173=ADVANCED_FACE('',(#1468),#513,.T.);
#4174=ADVANCED_FACE('',(#1469),#514,.T.);
#4175=ADVANCED_FACE('',(#1470),#515,.T.);
#4176=ADVANCED_FACE('',(#1471),#516,.T.);
#4177=ADVANCED_FACE('',(#1472),#517,.T.);
#4178=ADVANCED_FACE('',(#1473),#518,.F.);
#4179=CLOSED_SHELL('',(#3949,#3950,#3951,#3952,#3953,#3954,#3955,#3956));
#4180=CLOSED_SHELL('',(#3957,#3958,#3959,#3960,#3961,#3962,#3963,#3964,
#3965,#3966,#3967,#3968,#3969,#3970,#3971,#3972,#3973,#3974,#3975,#3976,
#3977,#3978,#3979,#3980,#3981,#3982,#3983,#3984,#3985));
#4181=CLOSED_SHELL('',(#3986,#3987,#3988,#3989,#3990,#3991,#3992,#3993,
#3994,#3995,#3996,#3997,#3998,#3999,#4000,#4001));
#4182=CLOSED_SHELL('',(#4002,#4003,#4004,#4005,#4006,#4007,#4008,#4009,
#4010,#4011,#4012,#4013,#4014,#4015,#4016,#4017,#4018,#4019));
#4183=CLOSED_SHELL('',(#4020,#4021,#4022,#4023,#4024,#4025,#4026,#4027,
#4028,#4029,#4030,#4031,#4032,#4033,#4034,#4035,#4036,#4037));
#4184=CLOSED_SHELL('',(#4038,#4039,#4040,#4041,#4042,#4043,#4044,#4045,
#4046,#4047,#4048,#4049,#4050,#4051));
#4185=CLOSED_SHELL('',(#4052,#4053,#4054,#4055,#4056,#4057,#4058,#4059,
#4060,#4061,#4062,#4063,#4064,#4065,#4066,#4067,#4068,#4069,#4070,#4071,
#4072));
#4186=CLOSED_SHELL('',(#4073,#4074,#4075,#4076,#4077,#4078,#4079,#4080,
#4081,#4082,#4083,#4084,#4085,#4086,#4087,#4088,#4089,#4090,#4091,#4092,
#4093,#4094,#4095,#4096,#4097,#4098,#4099,#4100,#4101,#4102,#4103));
#4187=CLOSED_SHELL('',(#4104,#4105,#4106,#4107,#4108,#4109,#4110,#4111,
#4112,#4113,#4114,#4115,#4116,#4117,#4118,#4119,#4120,#4121,#4122,#4123,
#4124,#4125,#4126));
#4188=CLOSED_SHELL('',(#4127,#4128,#4129,#4130,#4131,#4132));
#4189=CLOSED_SHELL('',(#4133,#4134,#4135,#4136,#4137,#4138,#4139,#4140,
#4141,#4142,#4143,#4144,#4145,#4146,#4147,#4148,#4149,#4150,#4151,#4152,
#4153,#4154));
#4190=CLOSED_SHELL('',(#4155,#4156,#4157,#4158,#4159,#4160,#4161,#4162,
#4163,#4164,#4165,#4166,#4167,#4168,#4169,#4170));
#4191=CLOSED_SHELL('',(#4171,#4172,#4173,#4174,#4175,#4176,#4177,#4178));
#4192=DERIVED_UNIT_ELEMENT(#4194,1.);
#4193=DERIVED_UNIT_ELEMENT(#8178,-3.);
#4194=(
MASS_UNIT()
NAMED_UNIT(*)
SI_UNIT(.KILO.,.GRAM.)
);
#4195=DERIVED_UNIT((#4192,#4193));
#4196=MEASURE_REPRESENTATION_ITEM('density measure',
POSITIVE_RATIO_MEASURE(7850.),#4195);
#4197=PROPERTY_DEFINITION_REPRESENTATION(#4202,#4199);
#4198=PROPERTY_DEFINITION_REPRESENTATION(#4203,#4200);
#4199=REPRESENTATION('material name',(#4201),#8175);
#4200=REPRESENTATION('density',(#4196),#8175);
#4201=DESCRIPTIVE_REPRESENTATION_ITEM('Steel','Steel');
#4202=PROPERTY_DEFINITION('material property','material name',#8185);
#4203=PROPERTY_DEFINITION('material property','density of part',#8185);
#4204=AXIS2_PLACEMENT_3D('',#4928,#4325,#4326);
#4205=AXIS2_PLACEMENT_3D('',#4929,#4327,#4328);
#4206=AXIS2_PLACEMENT_3D('',#4931,#4329,#4330);
#4207=AXIS2_PLACEMENT_3D('',#4933,#4331,#4332);
#4208=AXIS2_PLACEMENT_3D('',#4934,#4333,#4334);
#4209=AXIS2_PLACEMENT_3D('',#4935,#4335,#4336);
#4210=AXIS2_PLACEMENT_3D('',#4937,#4337,#4338);
#4211=AXIS2_PLACEMENT_3D('',#4939,#4340,#4341);
#4212=AXIS2_PLACEMENT_3D('',#4941,#4342,#4343);
#4213=AXIS2_PLACEMENT_3D('',#4942,#4344,#4345);
#4214=AXIS2_PLACEMENT_3D('',#4944,#4346,#4347);
#4215=AXIS2_PLACEMENT_3D('',#4947,#4349,#4350);
#4216=AXIS2_PLACEMENT_3D('',#4948,#4351,#4352);
#4217=AXIS2_PLACEMENT_3D('',#4949,#4353,#4354);
#4218=AXIS2_PLACEMENT_3D('',#4951,#4355,#4356);
#4219=AXIS2_PLACEMENT_3D('',#4953,#4358,#4359);
#4220=AXIS2_PLACEMENT_3D('',#4954,#4360,#4361);
#4221=AXIS2_PLACEMENT_3D('',#4955,#4362,#4363);
#4222=AXIS2_PLACEMENT_3D('',#5079,#4373,#4374);
#4223=AXIS2_PLACEMENT_3D('',#5085,#4378,#4379);
#4224=AXIS2_PLACEMENT_3D('',#5088,#4382,#4383);
#4225=AXIS2_PLACEMENT_3D('',#5097,#4388,#4389);
#4226=AXIS2_PLACEMENT_3D('',#5264,#4400,#4401);
#4227=AXIS2_PLACEMENT_3D('',#5270,#4405,#4406);
#4228=AXIS2_PLACEMENT_3D('',#5276,#4410,#4411);
#4229=AXIS2_PLACEMENT_3D('',#5374,#4419,#4420);
#4230=AXIS2_PLACEMENT_3D('',#5380,#4424,#4425);
#4231=AXIS2_PLACEMENT_3D('',#5386,#4429,#4430);
#4232=AXIS2_PLACEMENT_3D('',#5389,#4433,#4434);
#4233=AXIS2_PLACEMENT_3D('',#5390,#4435,#4436);
#4234=AXIS2_PLACEMENT_3D('',#5391,#4437,#4438);
#4235=AXIS2_PLACEMENT_3D('',#5400,#4443,#4444);
#4236=AXIS2_PLACEMENT_3D('',#5406,#4448,#4449);
#4237=AXIS2_PLACEMENT_3D('',#5409,#4452,#4453);
#4238=AXIS2_PLACEMENT_3D('',#5418,#4458,#4459);
#4239=AXIS2_PLACEMENT_3D('',#5424,#4463,#4464);
#4240=AXIS2_PLACEMENT_3D('',#5430,#4468,#4469);
#4241=AXIS2_PLACEMENT_3D('',#5436,#4473,#4474);
#4242=AXIS2_PLACEMENT_3D('',#5442,#4478,#4479);
#4243=AXIS2_PLACEMENT_3D('',#5448,#4483,#4484);
#4244=AXIS2_PLACEMENT_3D('',#5454,#4488,#4489);
#4245=AXIS2_PLACEMENT_3D('',#5460,#4493,#4494);
#4246=AXIS2_PLACEMENT_3D('',#5466,#4498,#4499);
#4247=AXIS2_PLACEMENT_3D('',#5472,#4503,#4504);
#4248=AXIS2_PLACEMENT_3D('',#5475,#4507,#4508);
#4249=AXIS2_PLACEMENT_3D('',#5476,#4509,#4510);
#4250=AXIS2_PLACEMENT_3D('',#5845,#4527,#4528);
#4251=AXIS2_PLACEMENT_3D('',#5846,#4529,#4530);
#4252=AXIS2_PLACEMENT_3D('',#6215,#4547,#4548);
#4253=AXIS2_PLACEMENT_3D('',#6216,#4549,#4550);
#4254=AXIS2_PLACEMENT_3D('',#6217,#4551,#4552);
#4255=AXIS2_PLACEMENT_3D('',#6226,#4557,#4558);
#4256=AXIS2_PLACEMENT_3D('',#6232,#4562,#4563);
#4257=AXIS2_PLACEMENT_3D('',#6238,#4567,#4568);
#4258=AXIS2_PLACEMENT_3D('',#6244,#4572,#4573);
#4259=AXIS2_PLACEMENT_3D('',#6250,#4577,#4578);
#4260=AXIS2_PLACEMENT_3D('',#6256,#4582,#4583);
#4261=AXIS2_PLACEMENT_3D('',#6262,#4587,#4588);
#4262=AXIS2_PLACEMENT_3D('',#6268,#4592,#4593);
#4263=AXIS2_PLACEMENT_3D('',#6274,#4597,#4598);
#4264=AXIS2_PLACEMENT_3D('',#6280,#4602,#4603);
#4265=AXIS2_PLACEMENT_3D('',#6286,#4607,#4608);
#4266=AXIS2_PLACEMENT_3D('',#6289,#4611,#4612);
#4267=AXIS2_PLACEMENT_3D('',#6290,#4613,#4614);
#4268=AXIS2_PLACEMENT_3D('',#6291,#4615,#4616);
#4269=AXIS2_PLACEMENT_3D('',#6415,#4626,#4627);
#4270=AXIS2_PLACEMENT_3D('',#6421,#4631,#4632);
#4271=AXIS2_PLACEMENT_3D('',#6424,#4635,#4636);
#4272=AXIS2_PLACEMENT_3D('',#6433,#4641,#4642);
#4273=AXIS2_PLACEMENT_3D('',#6577,#4652,#4653);
#4274=AXIS2_PLACEMENT_3D('',#6583,#4657,#4658);
#4275=AXIS2_PLACEMENT_3D('',#6589,#4662,#4663);
#4276=AXIS2_PLACEMENT_3D('',#6592,#4666,#4667);
#4277=AXIS2_PLACEMENT_3D('',#6593,#4668,#4669);
#4278=AXIS2_PLACEMENT_3D('',#6594,#4670,#4671);
#4279=AXIS2_PLACEMENT_3D('',#6603,#4676,#4677);
#4280=AXIS2_PLACEMENT_3D('',#6609,#4681,#4682);
#4281=AXIS2_PLACEMENT_3D('',#6868,#4697,#4698);
#4282=AXIS2_PLACEMENT_3D('',#7150,#4714,#4715);
#4283=AXIS2_PLACEMENT_3D('',#7156,#4719,#4720);
#4284=AXIS2_PLACEMENT_3D('',#7159,#4723,#4724);
#4285=AXIS2_PLACEMENT_3D('',#7160,#4725,#4726);
#4286=AXIS2_PLACEMENT_3D('',#7345,#4735,#4736);
#4287=AXIS2_PLACEMENT_3D('',#7354,#4741,#4742);
#4288=AXIS2_PLACEMENT_3D('',#7360,#4746,#4747);
#4289=AXIS2_PLACEMENT_3D('',#7366,#4751,#4752);
#4290=AXIS2_PLACEMENT_3D('',#7556,#4764,#4765);
#4291=AXIS2_PLACEMENT_3D('',#7559,#4768,#4769);
#4292=AXIS2_PLACEMENT_3D('',#7560,#4770,#4771);
#4293=AXIS2_PLACEMENT_3D('',#7561,#4772,#4773);
#4294=AXIS2_PLACEMENT_3D('',#7570,#4778,#4779);
#4295=AXIS2_PLACEMENT_3D('',#7576,#4783,#4784);
#4296=AXIS2_PLACEMENT_3D('',#7582,#4788,#4789);
#4297=AXIS2_PLACEMENT_3D('',#7585,#4792,#4793);
#4298=AXIS2_PLACEMENT_3D('',#7586,#4794,#4795);
#4299=AXIS2_PLACEMENT_3D('',#8047,#4816,#4817);
#4300=AXIS2_PLACEMENT_3D('',#8048,#4818,#4819);
#4301=AXIS2_PLACEMENT_3D('',#8049,#4820,#4821);
#4302=AXIS2_PLACEMENT_3D('',#8058,#4826,#4827);
#4303=AXIS2_PLACEMENT_3D('',#8064,#4831,#4832);
#4304=AXIS2_PLACEMENT_3D('',#8067,#4835,#4836);
#4305=AXIS2_PLACEMENT_3D('',#8076,#4841,#4842);
#4306=AXIS2_PLACEMENT_3D('',#8082,#4846,#4847);
#4307=AXIS2_PLACEMENT_3D('',#8088,#4851,#4852);
#4308=AXIS2_PLACEMENT_3D('',#8094,#4856,#4857);
#4309=AXIS2_PLACEMENT_3D('',#8100,#4861,#4862);
#4310=AXIS2_PLACEMENT_3D('',#8106,#4866,#4867);
#4311=AXIS2_PLACEMENT_3D('',#8112,#4871,#4872);
#4312=AXIS2_PLACEMENT_3D('',#8118,#4876,#4877);
#4313=AXIS2_PLACEMENT_3D('',#8124,#4881,#4882);
#4314=AXIS2_PLACEMENT_3D('',#8130,#4886,#4887);
#4315=AXIS2_PLACEMENT_3D('',#8133,#4890,#4891);
#4316=AXIS2_PLACEMENT_3D('',#8134,#4892,#4893);
#4317=AXIS2_PLACEMENT_3D('',#8135,#4894,#4895);
#4318=AXIS2_PLACEMENT_3D('',#8144,#4900,#4901);
#4319=AXIS2_PLACEMENT_3D('',#8150,#4905,#4906);
#4320=AXIS2_PLACEMENT_3D('',#8156,#4910,#4911);
#4321=AXIS2_PLACEMENT_3D('',#8162,#4915,#4916);
#4322=AXIS2_PLACEMENT_3D('',#8168,#4920,#4921);
#4323=AXIS2_PLACEMENT_3D('',#8171,#4924,#4925);
#4324=AXIS2_PLACEMENT_3D('',#8172,#4926,#4927);
#4325=DIRECTION('axis',(0.,0.,1.));
#4326=DIRECTION('refdir',(1.,0.,0.));
#4327=DIRECTION('center_axis',(0.,0.,1.));
#4328=DIRECTION('ref_axis',(1.,0.,0.));
#4329=DIRECTION('center_axis',(0.,0.,-1.));
#4330=DIRECTION('ref_axis',(1.,0.,0.));
#4331=DIRECTION('center_axis',(1.22464679914735E-16,-1.,0.));
#4332=DIRECTION('ref_axis',(-1.,-1.22464679914735E-16,0.));
#4333=DIRECTION('center_axis',(0.,0.,1.));
#4334=DIRECTION('ref_axis',(1.,0.,0.));
#4335=DIRECTION('center_axis',(0.,0.,1.));
#4336=DIRECTION('ref_axis',(1.,0.,0.));
#4337=DIRECTION('center_axis',(0.,0.,1.));
#4338=DIRECTION('ref_axis',(1.,0.,0.));
#4339=DIRECTION('',(0.,0.,-1.));
#4340=DIRECTION('center_axis',(0.,0.,1.));
#4341=DIRECTION('ref_axis',(1.,0.,0.));
#4342=DIRECTION('center_axis',(0.,0.,1.));
#4343=DIRECTION('ref_axis',(1.,0.,0.));
#4344=DIRECTION('center_axis',(0.,0.,-1.));
#4345=DIRECTION('ref_axis',(1.,0.,0.));
#4346=DIRECTION('center_axis',(0.,0.,-1.));
#4347=DIRECTION('ref_axis',(1.,0.,0.));
#4348=DIRECTION('',(0.,0.,1.));
#4349=DIRECTION('center_axis',(0.,0.,1.));
#4350=DIRECTION('ref_axis',(1.,0.,0.));
#4351=DIRECTION('center_axis',(0.,0.,1.));
#4352=DIRECTION('ref_axis',(1.,0.,0.));
#4353=DIRECTION('center_axis',(0.,0.,-1.));
#4354=DIRECTION('ref_axis',(1.,0.,0.));
#4355=DIRECTION('center_axis',(0.,0.,-1.));
#4356=DIRECTION('ref_axis',(1.,0.,0.));
#4357=DIRECTION('',(0.,0.,1.));
#4358=DIRECTION('center_axis',(0.,0.,1.));
#4359=DIRECTION('ref_axis',(1.,0.,0.));
#4360=DIRECTION('center_axis',(0.,0.,1.));
#4361=DIRECTION('ref_axis',(1.,0.,0.));
#4362=DIRECTION('center_axis',(0.,1.,0.));
#4363=DIRECTION('ref_axis',(-1.,0.,0.));
#4364=DIRECTION('',(1.,0.,0.));
#4365=DIRECTION('',(0.,0.,1.));
#4366=DIRECTION('',(-1.,0.,0.));
#4367=DIRECTION('',(0.,0.,1.));
#4368=DIRECTION('',(0.,0.,1.));
#4369=DIRECTION('',(0.,0.,1.));
#4370=DIRECTION('',(0.,0.,1.));
#4371=DIRECTION('',(0.,0.,1.));
#4372=DIRECTION('',(0.,0.,1.));
#4373=DIRECTION('center_axis',(0.,-1.,0.));
#4374=DIRECTION('ref_axis',(1.,0.,0.));
#4375=DIRECTION('',(-1.,0.,0.));
#4376=DIRECTION('',(1.,0.,0.));
#4377=DIRECTION('',(0.,0.,1.));
#4378=DIRECTION('center_axis',(1.,0.,0.));
#4379=DIRECTION('ref_axis',(0.,1.,0.));
#4380=DIRECTION('',(0.,-1.,0.));
#4381=DIRECTION('',(0.,1.,0.));
#4382=DIRECTION('center_axis',(-1.,0.,0.));
#4383=DIRECTION('ref_axis',(0.,-1.,0.));
#4384=DIRECTION('',(0.,1.,0.));
#4385=DIRECTION('',(0.,0.,1.));
#4386=DIRECTION('',(0.,-1.,0.));
#4387=DIRECTION('',(0.,0.,1.));
#4388=DIRECTION('center_axis',(0.,1.,0.));
#4389=DIRECTION('ref_axis',(-1.,0.,0.));
#4390=DIRECTION('',(1.,0.,0.));
#4391=DIRECTION('',(-1.,0.,0.));
#4392=DIRECTION('',(0.,0.,1.));
#4393=DIRECTION('',(0.,0.,1.));
#4394=DIRECTION('',(0.,0.,1.));
#4395=DIRECTION('',(0.,0.,1.));
#4396=DIRECTION('',(0.,0.,1.));
#4397=DIRECTION('',(0.,0.,1.));
#4398=DIRECTION('',(0.,0.,1.));
#4399=DIRECTION('',(0.,0.,1.));
#4400=DIRECTION('center_axis',(0.842616170001131,0.53851461452093,0.));
#4401=DIRECTION('ref_axis',(-0.53851461452093,0.842616170001131,0.));
#4402=DIRECTION('',(0.53851461452093,-0.842616170001131,0.));
#4403=DIRECTION('',(-0.53851461452093,0.842616170001131,0.));
#4404=DIRECTION('',(0.,0.,1.));
#4405=DIRECTION('center_axis',(0.,-1.,0.));
#4406=DIRECTION('ref_axis',(1.,0.,0.));
#4407=DIRECTION('',(-1.,0.,0.));
#4408=DIRECTION('',(1.,0.,0.));
#4409=DIRECTION('',(0.,0.,1.));
#4410=DIRECTION('center_axis',(-0.843775267788792,-0.536696653117897,0.));
#4411=DIRECTION('ref_axis',(0.536696653117897,-0.843775267788792,0.));
#4412=DIRECTION('',(-0.536696653117897,0.843775267788792,0.));
#4413=DIRECTION('',(0.536696653117897,-0.843775267788792,0.));
#4414=DIRECTION('',(0.,0.,1.));
#4415=DIRECTION('',(0.,0.,1.));
#4416=DIRECTION('',(0.,0.,1.));
#4417=DIRECTION('',(0.,0.,1.));
#4418=DIRECTION('',(0.,0.,1.));
#4419=DIRECTION('center_axis',(0.,-1.,0.));
#4420=DIRECTION('ref_axis',(1.,0.,0.));
#4421=DIRECTION('',(-1.,0.,0.));
#4422=DIRECTION('',(1.,0.,0.));
#4423=DIRECTION('',(0.,0.,1.));
#4424=DIRECTION('center_axis',(1.,0.,0.));
#4425=DIRECTION('ref_axis',(0.,1.,0.));
#4426=DIRECTION('',(0.,-1.,0.));
#4427=DIRECTION('',(0.,1.,0.));
#4428=DIRECTION('',(0.,0.,1.));
#4429=DIRECTION('center_axis',(0.,-1.,0.));
#4430=DIRECTION('ref_axis',(1.,0.,0.));
#4431=DIRECTION('',(-1.,0.,0.));
#4432=DIRECTION('',(1.,0.,0.));
#4433=DIRECTION('center_axis',(0.,0.,1.));
#4434=DIRECTION('ref_axis',(-1.,0.,0.));
#4435=DIRECTION('center_axis',(0.,0.,1.));
#4436=DIRECTION('ref_axis',(-1.,0.,0.));
#4437=DIRECTION('center_axis',(-1.,0.,0.));
#4438=DIRECTION('ref_axis',(0.,-1.,0.));
#4439=DIRECTION('',(0.,1.,0.));
#4440=DIRECTION('',(0.,0.,1.));
#4441=DIRECTION('',(0.,-1.,0.));
#4442=DIRECTION('',(0.,0.,1.));
#4443=DIRECTION('center_axis',(0.821386344179784,-0.570372223723218,0.));
#4444=DIRECTION('ref_axis',(0.570372223723218,0.821386344179784,0.));
#4445=DIRECTION('',(-0.570372223723218,-0.821386344179784,0.));
#4446=DIRECTION('',(0.570372223723218,0.821386344179784,0.));
#4447=DIRECTION('',(0.,0.,1.));
#4448=DIRECTION('center_axis',(0.,1.,0.));
#4449=DIRECTION('ref_axis',(-1.,0.,0.));
#4450=DIRECTION('',(1.,0.,0.));
#4451=DIRECTION('',(-1.,0.,0.));
#4452=DIRECTION('center_axis',(-1.,0.,0.));
#4453=DIRECTION('ref_axis',(0.,-1.,0.));
#4454=DIRECTION('',(0.,1.,0.));
#4455=DIRECTION('',(0.,0.,1.));
#4456=DIRECTION('',(0.,-1.,0.));
#4457=DIRECTION('',(0.,0.,1.));
#4458=DIRECTION('center_axis',(0.,-1.,0.));
#4459=DIRECTION('ref_axis',(1.,0.,0.));
#4460=DIRECTION('',(-1.,0.,0.));
#4461=DIRECTION('',(1.,0.,0.));
#4462=DIRECTION('',(0.,0.,1.));
#4463=DIRECTION('center_axis',(-1.,0.,0.));
#4464=DIRECTION('ref_axis',(0.,-1.,0.));
#4465=DIRECTION('',(0.,1.,0.));
#4466=DIRECTION('',(0.,-1.,0.));
#4467=DIRECTION('',(0.,0.,1.));
#4468=DIRECTION('center_axis',(-0.817611494152959,0.575770305442166,0.));
#4469=DIRECTION('ref_axis',(-0.575770305442166,-0.817611494152959,0.));
#4470=DIRECTION('',(0.575770305442166,0.817611494152959,0.));
#4471=DIRECTION('',(-0.575770305442166,-0.817611494152959,0.));
#4472=DIRECTION('',(0.,0.,1.));
#4473=DIRECTION('center_axis',(0.,1.,0.));
#4474=DIRECTION('ref_axis',(-1.,0.,0.));
#4475=DIRECTION('',(1.,0.,0.));
#4476=DIRECTION('',(-1.,0.,0.));
#4477=DIRECTION('',(0.,0.,1.));
#4478=DIRECTION('center_axis',(1.,0.,0.));
#4479=DIRECTION('ref_axis',(0.,1.,0.));
#4480=DIRECTION('',(0.,-1.,0.));
#4481=DIRECTION('',(0.,1.,0.));
#4482=DIRECTION('',(0.,0.,1.));
#4483=DIRECTION('center_axis',(0.,1.,0.));
#4484=DIRECTION('ref_axis',(-1.,0.,0.));
#4485=DIRECTION('',(1.,0.,0.));
#4486=DIRECTION('',(-1.,0.,0.));
#4487=DIRECTION('',(0.,0.,1.));
#4488=DIRECTION('center_axis',(1.,0.,0.));
#4489=DIRECTION('ref_axis',(0.,1.,0.));
#4490=DIRECTION('',(0.,-1.,0.));
#4491=DIRECTION('',(0.,1.,0.));
#4492=DIRECTION('',(0.,0.,1.));
#4493=DIRECTION('center_axis',(0.,-1.,0.));
#4494=DIRECTION('ref_axis',(1.,0.,0.));
#4495=DIRECTION('',(-1.,0.,0.));
#4496=DIRECTION('',(1.,0.,0.));
#4497=DIRECTION('',(0.,0.,1.));
#4498=DIRECTION('center_axis',(1.,0.,0.));
#4499=DIRECTION('ref_axis',(0.,1.,0.));
#4500=DIRECTION('',(0.,-1.,0.));
#4501=DIRECTION('',(0.,1.,0.));
#4502=DIRECTION('',(0.,0.,1.));
#4503=DIRECTION('center_axis',(0.,-1.,0.));
#4504=DIRECTION('ref_axis',(1.,0.,0.));
#4505=DIRECTION('',(-1.,0.,0.));
#4506=DIRECTION('',(1.,0.,0.));
#4507=DIRECTION('center_axis',(0.,0.,1.));
#4508=DIRECTION('ref_axis',(1.,0.,0.));
#4509=DIRECTION('center_axis',(0.,0.,1.));
#4510=DIRECTION('ref_axis',(-1.,0.,0.));
#4511=DIRECTION('',(0.,0.,1.));
#4512=DIRECTION('',(0.,0.,1.));
#4513=DIRECTION('',(0.,0.,1.));
#4514=DIRECTION('',(0.,0.,1.));
#4515=DIRECTION('',(0.,0.,1.));
#4516=DIRECTION('',(0.,0.,1.));
#4517=DIRECTION('',(0.,0.,1.));
#4518=DIRECTION('',(0.,0.,1.));
#4519=DIRECTION('',(0.,0.,1.));
#4520=DIRECTION('',(0.,0.,1.));
#4521=DIRECTION('',(0.,0.,1.));
#4522=DIRECTION('',(0.,0.,1.));
#4523=DIRECTION('',(0.,0.,1.));
#4524=DIRECTION('',(0.,0.,1.));
#4525=DIRECTION('',(0.,0.,1.));
#4526=DIRECTION('',(0.,0.,1.));
#4527=DIRECTION('center_axis',(0.,0.,1.));
#4528=DIRECTION('ref_axis',(-1.,0.,0.));
#4529=DIRECTION('center_axis',(0.,0.,1.));
#4530=DIRECTION('ref_axis',(-1.,0.,0.));
#4531=DIRECTION('',(0.,0.,1.));
#4532=DIRECTION('',(0.,0.,1.));
#4533=DIRECTION('',(0.,0.,1.));
#4534=DIRECTION('',(0.,0.,1.));
#4535=DIRECTION('',(0.,0.,1.));
#4536=DIRECTION('',(0.,0.,1.));
#4537=DIRECTION('',(0.,0.,1.));
#4538=DIRECTION('',(0.,0.,1.));
#4539=DIRECTION('',(0.,0.,1.));
#4540=DIRECTION('',(0.,0.,1.));
#4541=DIRECTION('',(0.,0.,1.));
#4542=DIRECTION('',(0.,0.,1.));
#4543=DIRECTION('',(0.,0.,1.));
#4544=DIRECTION('',(0.,0.,1.));
#4545=DIRECTION('',(0.,0.,1.));
#4546=DIRECTION('',(0.,0.,1.));
#4547=DIRECTION('center_axis',(0.,0.,1.));
#4548=DIRECTION('ref_axis',(-1.,0.,0.));
#4549=DIRECTION('center_axis',(0.,0.,1.));
#4550=DIRECTION('ref_axis',(-1.,0.,0.));
#4551=DIRECTION('center_axis',(-1.,0.,0.));
#4552=DIRECTION('ref_axis',(0.,-1.,0.));
#4553=DIRECTION('',(0.,1.,0.));
#4554=DIRECTION('',(0.,0.,1.));
#4555=DIRECTION('',(0.,-1.,0.));
#4556=DIRECTION('',(0.,0.,1.));
#4557=DIRECTION('center_axis',(0.,1.,0.));
#4558=DIRECTION('ref_axis',(-1.,0.,0.));
#4559=DIRECTION('',(1.,0.,0.));
#4560=DIRECTION('',(-1.,0.,0.));
#4561=DIRECTION('',(0.,0.,1.));
#4562=DIRECTION('center_axis',(1.,0.,0.));
#4563=DIRECTION('ref_axis',(0.,1.,0.));
#4564=DIRECTION('',(0.,-1.,0.));
#4565=DIRECTION('',(0.,1.,0.));
#4566=DIRECTION('',(0.,0.,1.));
#4567=DIRECTION('center_axis',(0.,1.,0.));
#4568=DIRECTION('ref_axis',(-1.,0.,0.));
#4569=DIRECTION('',(1.,0.,0.));
#4570=DIRECTION('',(-1.,0.,0.));
#4571=DIRECTION('',(0.,0.,1.));
#4572=DIRECTION('center_axis',(-1.,0.,0.));
#4573=DIRECTION('ref_axis',(0.,-1.,0.));
#4574=DIRECTION('',(0.,1.,0.));
#4575=DIRECTION('',(0.,-1.,0.));
#4576=DIRECTION('',(0.,0.,1.));
#4577=DIRECTION('center_axis',(0.,1.,0.));
#4578=DIRECTION('ref_axis',(-1.,0.,0.));
#4579=DIRECTION('',(1.,0.,0.));
#4580=DIRECTION('',(-1.,0.,0.));
#4581=DIRECTION('',(0.,0.,1.));
#4582=DIRECTION('center_axis',(1.,0.,0.));
#4583=DIRECTION('ref_axis',(0.,1.,0.));
#4584=DIRECTION('',(0.,-1.,0.));
#4585=DIRECTION('',(0.,1.,0.));
#4586=DIRECTION('',(0.,0.,1.));
#4587=DIRECTION('center_axis',(0.,-1.,0.));
#4588=DIRECTION('ref_axis',(1.,0.,0.));
#4589=DIRECTION('',(-1.,0.,0.));
#4590=DIRECTION('',(1.,0.,0.));
#4591=DIRECTION('',(0.,0.,1.));
#4592=DIRECTION('center_axis',(-1.,0.,0.));
#4593=DIRECTION('ref_axis',(0.,-1.,0.));
#4594=DIRECTION('',(0.,1.,0.));
#4595=DIRECTION('',(0.,-1.,0.));
#4596=DIRECTION('',(0.,0.,1.));
#4597=DIRECTION('center_axis',(0.,-1.,0.));
#4598=DIRECTION('ref_axis',(1.,0.,0.));
#4599=DIRECTION('',(-1.,0.,0.));
#4600=DIRECTION('',(1.,0.,0.));
#4601=DIRECTION('',(0.,0.,1.));
#4602=DIRECTION('center_axis',(1.,0.,0.));
#4603=DIRECTION('ref_axis',(0.,1.,0.));
#4604=DIRECTION('',(0.,-1.,0.));
#4605=DIRECTION('',(0.,1.,0.));
#4606=DIRECTION('',(0.,0.,1.));
#4607=DIRECTION('center_axis',(0.,-1.,0.));
#4608=DIRECTION('ref_axis',(1.,0.,0.));
#4609=DIRECTION('',(-1.,0.,0.));
#4610=DIRECTION('',(1.,0.,0.));
#4611=DIRECTION('center_axis',(0.,0.,1.));
#4612=DIRECTION('ref_axis',(1.,0.,0.));
#4613=DIRECTION('center_axis',(0.,0.,1.));
#4614=DIRECTION('ref_axis',(-1.,0.,0.));
#4615=DIRECTION('center_axis',(0.,1.,0.));
#4616=DIRECTION('ref_axis',(-1.,0.,0.));
#4617=DIRECTION('',(1.,0.,0.));
#4618=DIRECTION('',(0.,0.,1.));
#4619=DIRECTION('',(-1.,0.,0.));
#4620=DIRECTION('',(0.,0.,1.));
#4621=DIRECTION('',(0.,0.,1.));
#4622=DIRECTION('',(0.,0.,1.));
#4623=DIRECTION('',(0.,0.,1.));
#4624=DIRECTION('',(0.,0.,1.));
#4625=DIRECTION('',(0.,0.,1.));
#4626=DIRECTION('center_axis',(0.,-1.,0.));
#4627=DIRECTION('ref_axis',(1.,0.,0.));
#4628=DIRECTION('',(-1.,0.,0.));
#4629=DIRECTION('',(1.,0.,0.));
#4630=DIRECTION('',(0.,0.,1.));
#4631=DIRECTION('center_axis',(1.,0.,0.));
#4632=DIRECTION('ref_axis',(0.,1.,0.));
#4633=DIRECTION('',(0.,-1.,0.));
#4634=DIRECTION('',(0.,1.,0.));
#4635=DIRECTION('center_axis',(-1.,0.,0.));
#4636=DIRECTION('ref_axis',(0.,-1.,0.));
#4637=DIRECTION('',(0.,1.,0.));
#4638=DIRECTION('',(0.,0.,1.));
#4639=DIRECTION('',(0.,-1.,0.));
#4640=DIRECTION('',(0.,0.,1.));
#4641=DIRECTION('center_axis',(0.,1.,0.));
#4642=DIRECTION('ref_axis',(-1.,0.,0.));
#4643=DIRECTION('',(1.,0.,0.));
#4644=DIRECTION('',(-1.,0.,0.));
#4645=DIRECTION('',(0.,0.,1.));
#4646=DIRECTION('',(0.,0.,1.));
#4647=DIRECTION('',(0.,0.,1.));
#4648=DIRECTION('',(0.,0.,1.));
#4649=DIRECTION('',(0.,0.,1.));
#4650=DIRECTION('',(0.,0.,1.));
#4651=DIRECTION('',(0.,0.,1.));
#4652=DIRECTION('center_axis',(0.,-1.,0.));
#4653=DIRECTION('ref_axis',(1.,0.,0.));
#4654=DIRECTION('',(-1.,0.,0.));
#4655=DIRECTION('',(1.,0.,0.));
#4656=DIRECTION('',(0.,0.,1.));
#4657=DIRECTION('center_axis',(1.,0.,0.));
#4658=DIRECTION('ref_axis',(0.,1.,0.));
#4659=DIRECTION('',(0.,-1.,0.));
#4660=DIRECTION('',(0.,1.,0.));
#4661=DIRECTION('',(0.,0.,1.));
#4662=DIRECTION('center_axis',(0.,-1.,0.));
#4663=DIRECTION('ref_axis',(1.,0.,0.));
#4664=DIRECTION('',(-1.,0.,0.));
#4665=DIRECTION('',(1.,0.,0.));
#4666=DIRECTION('center_axis',(0.,0.,1.));
#4667=DIRECTION('ref_axis',(-1.,0.,0.));
#4668=DIRECTION('center_axis',(0.,0.,1.));
#4669=DIRECTION('ref_axis',(-1.,0.,0.));
#4670=DIRECTION('center_axis',(-1.,0.,0.));
#4671=DIRECTION('ref_axis',(0.,-1.,0.));
#4672=DIRECTION('',(0.,1.,0.));
#4673=DIRECTION('',(0.,0.,1.));
#4674=DIRECTION('',(0.,-1.,0.));
#4675=DIRECTION('',(0.,0.,1.));
#4676=DIRECTION('center_axis',(-0.0016102388042458,0.999998703564656,0.));
#4677=DIRECTION('ref_axis',(-0.999998703564656,-0.0016102388042458,0.));
#4678=DIRECTION('',(0.999998703564656,0.0016102388042458,0.));
#4679=DIRECTION('',(-0.999998703564656,-0.0016102388042458,0.));
#4680=DIRECTION('',(0.,0.,1.));
#4681=DIRECTION('center_axis',(1.,0.,0.));
#4682=DIRECTION('ref_axis',(0.,1.,0.));
#4683=DIRECTION('',(0.,-1.,0.));
#4684=DIRECTION('',(0.,1.,0.));
#4685=DIRECTION('',(0.,0.,1.));
#4686=DIRECTION('',(0.,0.,1.));
#4687=DIRECTION('',(0.,0.,1.));
#4688=DIRECTION('',(0.,0.,1.));
#4689=DIRECTION('',(0.,0.,1.));
#4690=DIRECTION('',(0.,0.,1.));
#4691=DIRECTION('',(0.,0.,1.));
#4692=DIRECTION('',(0.,0.,1.));
#4693=DIRECTION('',(0.,0.,1.));
#4694=DIRECTION('',(0.,0.,1.));
#4695=DIRECTION('',(0.,0.,1.));
#4696=DIRECTION('',(0.,0.,1.));
#4697=DIRECTION('center_axis',(0.264515994576482,-0.964381298353102,0.));
#4698=DIRECTION('ref_axis',(0.964381298353102,0.264515994576482,0.));
#4699=DIRECTION('',(-0.964381298353102,-0.264515994576482,0.));
#4700=DIRECTION('',(0.964381298353102,0.264515994576482,0.));
#4701=DIRECTION('',(0.,0.,1.));
#4702=DIRECTION('',(0.,0.,1.));
#4703=DIRECTION('',(0.,0.,1.));
#4704=DIRECTION('',(0.,0.,1.));
#4705=DIRECTION('',(0.,0.,1.));
#4706=DIRECTION('',(0.,0.,1.));
#4707=DIRECTION('',(0.,0.,1.));
#4708=DIRECTION('',(0.,0.,1.));
#4709=DIRECTION('',(0.,0.,1.));
#4710=DIRECTION('',(0.,0.,1.));
#4711=DIRECTION('',(0.,0.,1.));
#4712=DIRECTION('',(0.,0.,1.));
#4713=DIRECTION('',(0.,0.,1.));
#4714=DIRECTION('center_axis',(-1.,0.,0.));
#4715=DIRECTION('ref_axis',(0.,-1.,0.));
#4716=DIRECTION('',(0.,1.,0.));
#4717=DIRECTION('',(0.,-1.,0.));
#4718=DIRECTION('',(0.,0.,1.));
#4719=DIRECTION('center_axis',(0.,-1.,0.));
#4720=DIRECTION('ref_axis',(1.,0.,0.));
#4721=DIRECTION('',(-1.,0.,0.));
#4722=DIRECTION('',(1.,0.,0.));
#4723=DIRECTION('center_axis',(0.,0.,1.));
#4724=DIRECTION('ref_axis',(-1.,0.,0.));
#4725=DIRECTION('center_axis',(0.,0.,1.));
#4726=DIRECTION('ref_axis',(-1.,0.,0.));
#4727=DIRECTION('',(0.,0.,1.));
#4728=DIRECTION('',(0.,0.,1.));
#4729=DIRECTION('',(0.,0.,1.));
#4730=DIRECTION('',(0.,0.,1.));
#4731=DIRECTION('',(0.,0.,1.));
#4732=DIRECTION('',(0.,0.,1.));
#4733=DIRECTION('',(0.,0.,1.));
#4734=DIRECTION('',(0.,0.,1.));
#4735=DIRECTION('center_axis',(0.,-1.,0.));
#4736=DIRECTION('ref_axis',(1.,0.,0.));
#4737=DIRECTION('',(-1.,0.,0.));
#4738=DIRECTION('',(0.,0.,1.));
#4739=DIRECTION('',(1.,0.,0.));
#4740=DIRECTION('',(0.,0.,1.));
#4741=DIRECTION('center_axis',(-1.,0.,0.));
#4742=DIRECTION('ref_axis',(0.,-1.,0.));
#4743=DIRECTION('',(0.,1.,0.));
#4744=DIRECTION('',(0.,-1.,0.));
#4745=DIRECTION('',(0.,0.,1.));
#4746=DIRECTION('center_axis',(0.,1.,0.));
#4747=DIRECTION('ref_axis',(-1.,0.,0.));
#4748=DIRECTION('',(1.,0.,0.));
#4749=DIRECTION('',(-1.,0.,0.));
#4750=DIRECTION('',(0.,0.,1.));
#4751=DIRECTION('center_axis',(1.,0.,0.));
#4752=DIRECTION('ref_axis',(0.,1.,0.));
#4753=DIRECTION('',(0.,-1.,0.));
#4754=DIRECTION('',(0.,1.,0.));
#4755=DIRECTION('',(0.,0.,1.));
#4756=DIRECTION('',(0.,0.,1.));
#4757=DIRECTION('',(0.,0.,1.));
#4758=DIRECTION('',(0.,0.,1.));
#4759=DIRECTION('',(0.,0.,1.));
#4760=DIRECTION('',(0.,0.,1.));
#4761=DIRECTION('',(0.,0.,1.));
#4762=DIRECTION('',(0.,0.,1.));
#4763=DIRECTION('',(0.,0.,1.));
#4764=DIRECTION('center_axis',(1.,0.,0.));
#4765=DIRECTION('ref_axis',(0.,1.,0.));
#4766=DIRECTION('',(0.,-1.,0.));
#4767=DIRECTION('',(0.,1.,0.));
#4768=DIRECTION('center_axis',(0.,0.,1.));
#4769=DIRECTION('ref_axis',(-1.,0.,0.));
#4770=DIRECTION('center_axis',(0.,0.,1.));
#4771=DIRECTION('ref_axis',(-1.,0.,0.));
#4772=DIRECTION('center_axis',(-0.887545793579119,0.460719507184156,0.));
#4773=DIRECTION('ref_axis',(-0.460719507184156,-0.887545793579119,0.));
#4774=DIRECTION('',(0.460719507184156,0.887545793579119,0.));
#4775=DIRECTION('',(0.,0.,1.));
#4776=DIRECTION('',(-0.460719507184156,-0.887545793579119,0.));
#4777=DIRECTION('',(0.,0.,1.));
#4778=DIRECTION('center_axis',(0.,1.,0.));
#4779=DIRECTION('ref_axis',(-1.,0.,0.));
#4780=DIRECTION('',(1.,0.,0.));
#4781=DIRECTION('',(-1.,0.,0.));
#4782=DIRECTION('',(0.,0.,1.));
#4783=DIRECTION('center_axis',(0.888249994944782,-0.459360366684583,0.));
#4784=DIRECTION('ref_axis',(0.459360366684583,0.888249994944782,0.));
#4785=DIRECTION('',(-0.459360366684583,-0.888249994944782,0.));
#4786=DIRECTION('',(0.459360366684583,0.888249994944782,0.));
#4787=DIRECTION('',(0.,0.,1.));
#4788=DIRECTION('center_axis',(0.,-1.,0.));
#4789=DIRECTION('ref_axis',(1.,0.,0.));
#4790=DIRECTION('',(-1.,0.,0.));
#4791=DIRECTION('',(1.,0.,0.));
#4792=DIRECTION('center_axis',(0.,0.,1.));
#4793=DIRECTION('ref_axis',(1.,0.,0.));
#4794=DIRECTION('center_axis',(0.,0.,1.));
#4795=DIRECTION('ref_axis',(-1.,0.,0.));
#4796=DIRECTION('',(0.,0.,1.));
#4797=DIRECTION('',(0.,0.,1.));
#4798=DIRECTION('',(0.,0.,1.));
#4799=DIRECTION('',(0.,0.,1.));
#4800=DIRECTION('',(0.,0.,1.));
#4801=DIRECTION('',(0.,0.,1.));
#4802=DIRECTION('',(0.,0.,1.));
#4803=DIRECTION('',(0.,0.,1.));
#4804=DIRECTION('',(0.,0.,1.));
#4805=DIRECTION('',(0.,0.,1.));
#4806=DIRECTION('',(0.,0.,1.));
#4807=DIRECTION('',(0.,0.,1.));
#4808=DIRECTION('',(0.,0.,1.));
#4809=DIRECTION('',(0.,0.,1.));
#4810=DIRECTION('',(0.,0.,1.));
#4811=DIRECTION('',(0.,0.,1.));
#4812=DIRECTION('',(0.,0.,1.));
#4813=DIRECTION('',(0.,0.,1.));
#4814=DIRECTION('',(0.,0.,1.));
#4815=DIRECTION('',(0.,0.,1.));
#4816=DIRECTION('center_axis',(0.,0.,1.));
#4817=DIRECTION('ref_axis',(-1.,0.,0.));
#4818=DIRECTION('center_axis',(0.,0.,1.));
#4819=DIRECTION('ref_axis',(-1.,0.,0.));
#4820=DIRECTION('center_axis',(-1.,0.,0.));
#4821=DIRECTION('ref_axis',(0.,-1.,0.));
#4822=DIRECTION('',(0.,1.,0.));
#4823=DIRECTION('',(0.,0.,1.));
#4824=DIRECTION('',(0.,-1.,0.));
#4825=DIRECTION('',(0.,0.,1.));
#4826=DIRECTION('center_axis',(0.82138598884973,-0.570372735429519,0.));
#4827=DIRECTION('ref_axis',(0.570372735429519,0.82138598884973,0.));
#4828=DIRECTION('',(-0.570372735429519,-0.82138598884973,0.));
#4829=DIRECTION('',(0.570372735429519,0.82138598884973,0.));
#4830=DIRECTION('',(0.,0.,1.));
#4831=DIRECTION('center_axis',(0.,1.,0.));
#4832=DIRECTION('ref_axis',(-1.,0.,0.));
#4833=DIRECTION('',(1.,0.,0.));
#4834=DIRECTION('',(-1.,0.,0.));
#4835=DIRECTION('center_axis',(-1.,0.,0.));
#4836=DIRECTION('ref_axis',(0.,-1.,0.));
#4837=DIRECTION('',(0.,1.,0.));
#4838=DIRECTION('',(0.,0.,1.));
#4839=DIRECTION('',(0.,-1.,0.));
#4840=DIRECTION('',(0.,0.,1.));
#4841=DIRECTION('center_axis',(0.,-1.,0.));
#4842=DIRECTION('ref_axis',(1.,0.,0.));
#4843=DIRECTION('',(-1.,0.,0.));
#4844=DIRECTION('',(1.,0.,0.));
#4845=DIRECTION('',(0.,0.,1.));
#4846=DIRECTION('center_axis',(-1.,0.,0.));
#4847=DIRECTION('ref_axis',(0.,-1.,0.));
#4848=DIRECTION('',(0.,1.,0.));
#4849=DIRECTION('',(0.,-1.,0.));
#4850=DIRECTION('',(0.,0.,1.));
#4851=DIRECTION('center_axis',(-0.817611246866865,0.575770656595845,0.));
#4852=DIRECTION('ref_axis',(-0.575770656595845,-0.817611246866864,0.));
#4853=DIRECTION('',(0.575770656595845,0.817611246866864,0.));
#4854=DIRECTION('',(-0.575770656595845,-0.817611246866864,0.));
#4855=DIRECTION('',(0.,0.,1.));
#4856=DIRECTION('center_axis',(0.,1.,0.));
#4857=DIRECTION('ref_axis',(-1.,0.,0.));
#4858=DIRECTION('',(1.,0.,0.));
#4859=DIRECTION('',(-1.,0.,0.));
#4860=DIRECTION('',(0.,0.,1.));
#4861=DIRECTION('center_axis',(1.,0.,0.));
#4862=DIRECTION('ref_axis',(0.,1.,0.));
#4863=DIRECTION('',(0.,-1.,0.));
#4864=DIRECTION('',(0.,1.,0.));
#4865=DIRECTION('',(0.,0.,1.));
#4866=DIRECTION('center_axis',(0.,1.,0.));
#4867=DIRECTION('ref_axis',(-1.,0.,0.));
#4868=DIRECTION('',(1.,0.,0.));
#4869=DIRECTION('',(-1.,0.,0.));
#4870=DIRECTION('',(0.,0.,1.));
#4871=DIRECTION('center_axis',(1.,0.,0.));
#4872=DIRECTION('ref_axis',(0.,1.,0.));
#4873=DIRECTION('',(0.,-1.,0.));
#4874=DIRECTION('',(0.,1.,0.));
#4875=DIRECTION('',(0.,0.,1.));
#4876=DIRECTION('center_axis',(0.,-1.,0.));
#4877=DIRECTION('ref_axis',(1.,0.,0.));
#4878=DIRECTION('',(-1.,0.,0.));
#4879=DIRECTION('',(1.,0.,0.));
#4880=DIRECTION('',(0.,0.,1.));
#4881=DIRECTION('center_axis',(1.,0.,0.));
#4882=DIRECTION('ref_axis',(0.,1.,0.));
#4883=DIRECTION('',(0.,-1.,0.));
#4884=DIRECTION('',(0.,1.,0.));
#4885=DIRECTION('',(0.,0.,1.));
#4886=DIRECTION('center_axis',(0.,-1.,0.));
#4887=DIRECTION('ref_axis',(1.,0.,0.));
#4888=DIRECTION('',(-1.,0.,0.));
#4889=DIRECTION('',(1.,0.,0.));
#4890=DIRECTION('center_axis',(0.,0.,1.));
#4891=DIRECTION('ref_axis',(1.,0.,0.));
#4892=DIRECTION('center_axis',(0.,0.,1.));
#4893=DIRECTION('ref_axis',(-1.,0.,0.));
#4894=DIRECTION('center_axis',(-1.,0.,0.));
#4895=DIRECTION('ref_axis',(0.,-1.,0.));
#4896=DIRECTION('',(0.,1.,0.));
#4897=DIRECTION('',(0.,0.,1.));
#4898=DIRECTION('',(0.,-1.,0.));
#4899=DIRECTION('',(0.,0.,1.));
#4900=DIRECTION('center_axis',(0.,1.,0.));
#4901=DIRECTION('ref_axis',(-1.,0.,0.));
#4902=DIRECTION('',(1.,0.,0.));
#4903=DIRECTION('',(-1.,0.,0.));
#4904=DIRECTION('',(0.,0.,1.));
#4905=DIRECTION('center_axis',(1.,0.,0.));
#4906=DIRECTION('ref_axis',(0.,1.,0.));
#4907=DIRECTION('',(0.,-1.,0.));
#4908=DIRECTION('',(0.,1.,0.));
#4909=DIRECTION('',(0.,0.,1.));
#4910=DIRECTION('center_axis',(0.,1.,0.));
#4911=DIRECTION('ref_axis',(-1.,0.,0.));
#4912=DIRECTION('',(1.,0.,0.));
#4913=DIRECTION('',(-1.,0.,0.));
#4914=DIRECTION('',(0.,0.,1.));
#4915=DIRECTION('center_axis',(1.,0.,0.));
#4916=DIRECTION('ref_axis',(0.,1.,0.));
#4917=DIRECTION('',(0.,-1.,0.));
#4918=DIRECTION('',(0.,1.,0.));
#4919=DIRECTION('',(0.,0.,1.));
#4920=DIRECTION('center_axis',(0.,-1.,0.));
#4921=DIRECTION('ref_axis',(1.,0.,0.));
#4922=DIRECTION('',(-1.,0.,0.));
#4923=DIRECTION('',(1.,0.,0.));
#4924=DIRECTION('center_axis',(0.,0.,1.));
#4925=DIRECTION('ref_axis',(1.,0.,0.));
#4926=DIRECTION('center_axis',(0.,0.,1.));
#4927=DIRECTION('ref_axis',(-1.,0.,0.));
#4928=CARTESIAN_POINT('',(0.,0.,0.));
#4929=CARTESIAN_POINT('Origin',(0.,0.,1.));
#4930=CARTESIAN_POINT('',(-5.75,7.04171909509728E-16,1.));
#4931=CARTESIAN_POINT('Origin',(0.,0.,1.));
#4932=CARTESIAN_POINT('',(-4.75,-5.81707229594993E-16,0.));
#4933=CARTESIAN_POINT('Origin',(-4.75,-5.81707229594993E-16,1.));
#4934=CARTESIAN_POINT('Origin',(0.,0.,0.));
#4935=CARTESIAN_POINT('Origin',(0.,0.,0.));
#4936=CARTESIAN_POINT('',(-5.75,-7.04171909509728E-16,4.7));
#4937=CARTESIAN_POINT('Origin',(0.,0.,4.7));
#4938=CARTESIAN_POINT('',(-5.75,-7.04171909509728E-16,0.));
#4939=CARTESIAN_POINT('Origin',(0.,0.,0.));
#4940=CARTESIAN_POINT('',(-4.5,-5.51091059616309E-16,0.));
#4941=CARTESIAN_POINT('Origin',(0.,0.,0.));
#4942=CARTESIAN_POINT('Origin',(0.,0.,-0.46));
#4943=CARTESIAN_POINT('',(-4.075,-4.99043570652546E-16,-0.5));
#4944=CARTESIAN_POINT('Origin',(0.,0.,-0.5));
#4945=CARTESIAN_POINT('',(-4.075,-4.99043570652546E-16,-0.46));
#4946=CARTESIAN_POINT('',(-4.075,4.99043570652546E-16,-0.46));
#4947=CARTESIAN_POINT('Origin',(0.,0.,-0.46));
#4948=CARTESIAN_POINT('Origin',(0.,0.,-0.5));
#4949=CARTESIAN_POINT('Origin',(0.,0.,0.));
#4950=CARTESIAN_POINT('',(-4.5,-5.51091059616309E-16,-0.46));
#4951=CARTESIAN_POINT('Origin',(0.,0.,-0.46));
#4952=CARTESIAN_POINT('',(-4.5,5.51091059616309E-16,0.));
#4953=CARTESIAN_POINT('Origin',(0.,0.,-0.46));
#4954=CARTESIAN_POINT('Origin',(0.,0.,4.7));
#4955=CARTESIAN_POINT('Origin',(-0.402832068502903,3.48925780504942,4.7));
#4956=CARTESIAN_POINT('',(-0.810058601200581,3.48925780504942,4.7));
#4957=CARTESIAN_POINT('',(-0.402832068502903,3.48925780504942,4.7));
#4958=CARTESIAN_POINT('',(-0.810058601200581,3.48925780504942,4.7));
#4959=CARTESIAN_POINT('',(-0.810058601200581,3.48925780504942,4.701));
#4960=CARTESIAN_POINT('',(-0.810058601200581,3.48925780504942,4.7));
#4961=CARTESIAN_POINT('',(-0.402832068502903,3.48925780504942,4.701));
#4962=CARTESIAN_POINT('',(-0.810058601200581,3.48925780504942,4.701));
#4963=CARTESIAN_POINT('',(-0.402832068502903,3.48925780504942,4.7));
#4964=CARTESIAN_POINT('Ctrl Pts',(-0.199707038700581,3.51611327379942,4.7));
#4965=CARTESIAN_POINT('Ctrl Pts',(-0.199707038700581,3.51611327379942,4.701));
#4966=CARTESIAN_POINT('Ctrl Pts',(-0.228685590829538,3.50831271550912,4.7));
#4967=CARTESIAN_POINT('Ctrl Pts',(-0.228685590829538,3.50831271550912,4.701));
#4968=CARTESIAN_POINT('Ctrl Pts',(-0.295115260587186,3.49043092111014,4.7));
#4969=CARTESIAN_POINT('Ctrl Pts',(-0.295115260587186,3.49043092111014,4.701));
#4970=CARTESIAN_POINT('Ctrl Pts',(-0.363997988156212,3.48968073703413,4.7));
#4971=CARTESIAN_POINT('Ctrl Pts',(-0.363997988156212,3.48968073703413,4.701));
#4972=CARTESIAN_POINT('Ctrl Pts',(-0.402832068502903,3.48925780504942,4.7));
#4973=CARTESIAN_POINT('Ctrl Pts',(-0.402832068502903,3.48925780504942,4.701));
#4974=CARTESIAN_POINT('',(-0.199707038700581,3.51611327379942,4.7));
#4975=CARTESIAN_POINT('Ctrl Pts',(-0.402832068502903,3.48925780504942,4.7));
#4976=CARTESIAN_POINT('Ctrl Pts',(-0.363997988156212,3.48968073703413,4.7));
#4977=CARTESIAN_POINT('Ctrl Pts',(-0.295115260587186,3.49043092111014,4.7));
#4978=CARTESIAN_POINT('Ctrl Pts',(-0.228685590829538,3.50831271550912,4.7));
#4979=CARTESIAN_POINT('Ctrl Pts',(-0.199707038700581,3.51611327379942,4.7));
#4980=CARTESIAN_POINT('',(-0.199707038700581,3.51611327379942,4.701));
#4981=CARTESIAN_POINT('Ctrl Pts',(-0.199707038700581,3.51611327379942,4.701));
#4982=CARTESIAN_POINT('Ctrl Pts',(-0.228685590829538,3.50831271550912,4.701));
#4983=CARTESIAN_POINT('Ctrl Pts',(-0.295115260587186,3.49043092111014,4.701));
#4984=CARTESIAN_POINT('Ctrl Pts',(-0.363997988156212,3.48968073703413,4.701));
#4985=CARTESIAN_POINT('Ctrl Pts',(-0.402832068502903,3.48925780504942,4.701));
#4986=CARTESIAN_POINT('',(-0.199707038700581,3.51611327379942,4.7));
#4987=CARTESIAN_POINT('Ctrl Pts',(-0.0883789733052254,3.60205080360174,
4.7));
#4988=CARTESIAN_POINT('Ctrl Pts',(-0.0883789733052254,3.60205080360174,
4.701));
#4989=CARTESIAN_POINT('Ctrl Pts',(-0.10286607816631,3.58358253522875,4.7));
#4990=CARTESIAN_POINT('Ctrl Pts',(-0.10286607816631,3.58358253522875,4.701));
#4991=CARTESIAN_POINT('Ctrl Pts',(-0.132679351282326,3.5455763542655,4.7));
#4992=CARTESIAN_POINT('Ctrl Pts',(-0.132679351282326,3.5455763542655,4.701));
#4993=CARTESIAN_POINT('Ctrl Pts',(-0.176949167005423,3.52611685636086,4.7));
#4994=CARTESIAN_POINT('Ctrl Pts',(-0.176949167005423,3.52611685636086,4.701));
#4995=CARTESIAN_POINT('Ctrl Pts',(-0.199707038700581,3.51611327379942,4.7));
#4996=CARTESIAN_POINT('Ctrl Pts',(-0.199707038700581,3.51611327379942,4.701));
#4997=CARTESIAN_POINT('',(-0.0883789733052254,3.60205080360174,4.7));
#4998=CARTESIAN_POINT('Ctrl Pts',(-0.199707038700581,3.51611327379942,4.7));
#4999=CARTESIAN_POINT('Ctrl Pts',(-0.176949167005423,3.52611685636086,4.7));
#5000=CARTESIAN_POINT('Ctrl Pts',(-0.132679351282326,3.5455763542655,4.7));
#5001=CARTESIAN_POINT('Ctrl Pts',(-0.10286607816631,3.58358253522875,4.7));
#5002=CARTESIAN_POINT('Ctrl Pts',(-0.0883789733052254,3.60205080360174,
4.7));
#5003=CARTESIAN_POINT('',(-0.0883789733052254,3.60205080360174,4.701));
#5004=CARTESIAN_POINT('Ctrl Pts',(-0.0883789733052254,3.60205080360174,
4.701));
#5005=CARTESIAN_POINT('Ctrl Pts',(-0.10286607816631,3.58358253522875,4.701));
#5006=CARTESIAN_POINT('Ctrl Pts',(-0.132679351282326,3.5455763542655,4.701));
#5007=CARTESIAN_POINT('Ctrl Pts',(-0.176949167005423,3.52611685636086,4.701));
#5008=CARTESIAN_POINT('Ctrl Pts',(-0.199707038700581,3.51611327379942,4.701));
#5009=CARTESIAN_POINT('',(-0.0883789733052254,3.60205080360174,4.7));
#5010=CARTESIAN_POINT('Ctrl Pts',(-0.0502929463982582,3.7304687127471,4.7));
#5011=CARTESIAN_POINT('Ctrl Pts',(-0.0502929463982582,3.7304687127471,4.701));
#5012=CARTESIAN_POINT('Ctrl Pts',(-0.0519029116472228,3.70774831973025,
4.7));
#5013=CARTESIAN_POINT('Ctrl Pts',(-0.0519029116472228,3.70774831973025,
4.701));
#5014=CARTESIAN_POINT('Ctrl Pts',(-0.0551346308526512,3.66214116733077,
4.7));
#5015=CARTESIAN_POINT('Ctrl Pts',(-0.0551346308526512,3.66214116733077,
4.701));
#5016=CARTESIAN_POINT('Ctrl Pts',(-0.0772706098499992,3.6221295764459,4.7));
#5017=CARTESIAN_POINT('Ctrl Pts',(-0.0772706098499992,3.6221295764459,4.701));
#5018=CARTESIAN_POINT('Ctrl Pts',(-0.0883789733052254,3.60205080360174,
4.7));
#5019=CARTESIAN_POINT('Ctrl Pts',(-0.0883789733052254,3.60205080360174,
4.701));
#5020=CARTESIAN_POINT('',(-0.0502929463982582,3.7304687127471,4.7));
#5021=CARTESIAN_POINT('Ctrl Pts',(-0.0883789733052254,3.60205080360174,
4.7));
#5022=CARTESIAN_POINT('Ctrl Pts',(-0.0772706098499992,3.6221295764459,4.7));
#5023=CARTESIAN_POINT('Ctrl Pts',(-0.0551346308526512,3.66214116733077,
4.7));
#5024=CARTESIAN_POINT('Ctrl Pts',(-0.0519029116472228,3.70774831973025,
4.7));
#5025=CARTESIAN_POINT('Ctrl Pts',(-0.0502929463982582,3.7304687127471,4.7));
#5026=CARTESIAN_POINT('',(-0.0502929463982582,3.7304687127471,4.701));
#5027=CARTESIAN_POINT('Ctrl Pts',(-0.0502929463982582,3.7304687127471,4.701));
#5028=CARTESIAN_POINT('Ctrl Pts',(-0.0519029116472228,3.70774831973025,
4.701));
#5029=CARTESIAN_POINT('Ctrl Pts',(-0.0551346308526512,3.66214116733077,
4.701));
#5030=CARTESIAN_POINT('Ctrl Pts',(-0.0772706098499992,3.6221295764459,4.701));
#5031=CARTESIAN_POINT('Ctrl Pts',(-0.0883789733052254,3.60205080360174,
4.701));
#5032=CARTESIAN_POINT('',(-0.0502929463982582,3.7304687127471,4.7));
#5033=CARTESIAN_POINT('Ctrl Pts',(-0.124023444950581,3.89746095985174,4.7));
#5034=CARTESIAN_POINT('Ctrl Pts',(-0.124023444950581,3.89746095985174,4.701));
#5035=CARTESIAN_POINT('Ctrl Pts',(-0.102519141669601,3.87400322296307,4.7));
#5036=CARTESIAN_POINT('Ctrl Pts',(-0.102519141669601,3.87400322296307,4.701));
#5037=CARTESIAN_POINT('Ctrl Pts',(-0.0591402163120996,3.82668379092876,
4.7));
#5038=CARTESIAN_POINT('Ctrl Pts',(-0.0591402163120996,3.82668379092876,
4.701));
#5039=CARTESIAN_POINT('Ctrl Pts',(-0.0532587726772041,3.76272241474567,
4.7));
#5040=CARTESIAN_POINT('Ctrl Pts',(-0.0532587726772041,3.76272241474567,
4.701));
#5041=CARTESIAN_POINT('Ctrl Pts',(-0.0502929463982582,3.7304687127471,4.7));
#5042=CARTESIAN_POINT('Ctrl Pts',(-0.0502929463982582,3.7304687127471,4.701));
#5043=CARTESIAN_POINT('',(-0.124023444950581,3.89746095985174,4.7));
#5044=CARTESIAN_POINT('Ctrl Pts',(-0.0502929463982582,3.7304687127471,4.7));
#5045=CARTESIAN_POINT('Ctrl Pts',(-0.0532587726772041,3.76272241474567,
4.7));
#5046=CARTESIAN_POINT('Ctrl Pts',(-0.0591402163120996,3.82668379092876,
4.7));
#5047=CARTESIAN_POINT('Ctrl Pts',(-0.102519141669601,3.87400322296307,4.7));
#5048=CARTESIAN_POINT('Ctrl Pts',(-0.124023444950581,3.89746095985174,4.7));
#5049=CARTESIAN_POINT('',(-0.124023444950581,3.89746095985174,4.701));
#5050=CARTESIAN_POINT('Ctrl Pts',(-0.124023444950581,3.89746095985174,4.701));
#5051=CARTESIAN_POINT('Ctrl Pts',(-0.102519141669601,3.87400322296307,4.701));
#5052=CARTESIAN_POINT('Ctrl Pts',(-0.0591402163120996,3.82668379092876,
4.701));
#5053=CARTESIAN_POINT('Ctrl Pts',(-0.0532587726772041,3.76272241474567,
4.701));
#5054=CARTESIAN_POINT('Ctrl Pts',(-0.0502929463982582,3.7304687127471,4.701));
#5055=CARTESIAN_POINT('',(-0.124023444950581,3.89746095985174,4.7));
#5056=CARTESIAN_POINT('Ctrl Pts',(-0.356933660805225,3.96289069205523,4.7));
#5057=CARTESIAN_POINT('Ctrl Pts',(-0.356933660805225,3.96289069205523,4.701));
#5058=CARTESIAN_POINT('Ctrl Pts',(-0.309631210488446,3.96188826897494,4.7));
#5059=CARTESIAN_POINT('Ctrl Pts',(-0.309631210488446,3.96188826897494,4.701));
#5060=CARTESIAN_POINT('Ctrl Pts',(-0.225856935442439,3.96011294303985,4.7));
#5061=CARTESIAN_POINT('Ctrl Pts',(-0.225856935442439,3.96011294303985,4.701));
#5062=CARTESIAN_POINT('Ctrl Pts',(-0.15491054418895,3.91646392255944,4.7));
#5063=CARTESIAN_POINT('Ctrl Pts',(-0.15491054418895,3.91646392255944,4.701));
#5064=CARTESIAN_POINT('Ctrl Pts',(-0.124023444950581,3.89746095985174,4.7));
#5065=CARTESIAN_POINT('Ctrl Pts',(-0.124023444950581,3.89746095985174,4.701));
#5066=CARTESIAN_POINT('',(-0.356933660805225,3.96289069205523,4.7));
#5067=CARTESIAN_POINT('Ctrl Pts',(-0.124023444950581,3.89746095985174,4.7));
#5068=CARTESIAN_POINT('Ctrl Pts',(-0.15491054418895,3.91646392255944,4.7));
#5069=CARTESIAN_POINT('Ctrl Pts',(-0.225856935442439,3.96011294303985,4.7));
#5070=CARTESIAN_POINT('Ctrl Pts',(-0.309631210488446,3.96188826897494,4.7));
#5071=CARTESIAN_POINT('Ctrl Pts',(-0.356933660805225,3.96289069205523,4.7));
#5072=CARTESIAN_POINT('',(-0.356933660805225,3.96289069205523,4.701));
#5073=CARTESIAN_POINT('Ctrl Pts',(-0.356933660805225,3.96289069205523,4.701));
#5074=CARTESIAN_POINT('Ctrl Pts',(-0.309631210488446,3.96188826897494,4.701));
#5075=CARTESIAN_POINT('Ctrl Pts',(-0.225856935442439,3.96011294303985,4.701));
#5076=CARTESIAN_POINT('Ctrl Pts',(-0.15491054418895,3.91646392255944,4.701));
#5077=CARTESIAN_POINT('Ctrl Pts',(-0.124023444950581,3.89746095985174,4.701));
#5078=CARTESIAN_POINT('',(-0.356933660805225,3.96289069205523,4.7));
#5079=CARTESIAN_POINT('Origin',(-0.810058601200581,3.96289069205523,4.7));
#5080=CARTESIAN_POINT('',(-0.810058601200581,3.96289069205523,4.7));
#5081=CARTESIAN_POINT('',(-0.356933660805225,3.96289069205523,4.7));
#5082=CARTESIAN_POINT('',(-0.810058601200581,3.96289069205523,4.701));
#5083=CARTESIAN_POINT('',(-0.356933660805225,3.96289069205523,4.701));
#5084=CARTESIAN_POINT('',(-0.810058601200581,3.96289069205523,4.7));
#5085=CARTESIAN_POINT('Origin',(-0.810058601200581,3.48925780504942,4.7));
#5086=CARTESIAN_POINT('',(-0.810058601200581,3.96289069205523,4.7));
#5087=CARTESIAN_POINT('',(-0.810058601200581,3.96289069205523,4.701));
#5088=CARTESIAN_POINT('Origin',(-0.999511666595936,4.1210937872529,4.7));
#5089=CARTESIAN_POINT('',(-0.999511666595936,2.68945310264826,4.7));
#5090=CARTESIAN_POINT('',(-0.999511666595936,4.1210937872529,4.7));
#5091=CARTESIAN_POINT('',(-0.999511666595936,2.68945310264826,4.7));
#5092=CARTESIAN_POINT('',(-0.999511666595936,2.68945310264826,4.701));
#5093=CARTESIAN_POINT('',(-0.999511666595936,2.68945310264826,4.7));
#5094=CARTESIAN_POINT('',(-0.999511666595936,4.1210937872529,4.701));
#5095=CARTESIAN_POINT('',(-0.999511666595936,2.68945310264826,4.701));
#5096=CARTESIAN_POINT('',(-0.999511666595936,4.1210937872529,4.7));
#5097=CARTESIAN_POINT('Origin',(-0.364746041595936,4.1210937872529,4.7));
#5098=CARTESIAN_POINT('',(-0.364746041595936,4.1210937872529,4.7));
#5099=CARTESIAN_POINT('',(-0.999511666595936,4.1210937872529,4.7));
#5100=CARTESIAN_POINT('',(-0.364746041595936,4.1210937872529,4.701));
#5101=CARTESIAN_POINT('',(-0.999511666595936,4.1210937872529,4.701));
#5102=CARTESIAN_POINT('',(-0.364746041595936,4.1210937872529,4.7));
#5103=CARTESIAN_POINT('Ctrl Pts',(-0.0737305358052254,4.08251959830523,
4.7));
#5104=CARTESIAN_POINT('Ctrl Pts',(-0.0737305358052254,4.08251959830523,
4.701));
#5105=CARTESIAN_POINT('Ctrl Pts',(-0.114358104263795,4.09371116886853,4.7));
#5106=CARTESIAN_POINT('Ctrl Pts',(-0.114358104263795,4.09371116886853,4.701));
#5107=CARTESIAN_POINT('Ctrl Pts',(-0.209423681016124,4.11989863591937,4.7));
#5108=CARTESIAN_POINT('Ctrl Pts',(-0.209423681016124,4.11989863591937,4.701));
#5109=CARTESIAN_POINT('Ctrl Pts',(-0.308189271062015,4.12065860265056,4.7));
#5110=CARTESIAN_POINT('Ctrl Pts',(-0.308189271062015,4.12065860265056,4.701));
#5111=CARTESIAN_POINT('Ctrl Pts',(-0.364746041595936,4.1210937872529,4.7));
#5112=CARTESIAN_POINT('Ctrl Pts',(-0.364746041595936,4.1210937872529,4.701));
#5113=CARTESIAN_POINT('',(-0.0737305358052254,4.08251959830523,4.7));
#5114=CARTESIAN_POINT('Ctrl Pts',(-0.364746041595936,4.1210937872529,4.7));
#5115=CARTESIAN_POINT('Ctrl Pts',(-0.308189271062015,4.12065860265056,4.7));
#5116=CARTESIAN_POINT('Ctrl Pts',(-0.209423681016124,4.11989863591937,4.7));
#5117=CARTESIAN_POINT('Ctrl Pts',(-0.114358104263795,4.09371116886853,4.7));
#5118=CARTESIAN_POINT('Ctrl Pts',(-0.0737305358052254,4.08251959830523,
4.7));
#5119=CARTESIAN_POINT('',(-0.0737305358052254,4.08251959830523,4.701));
#5120=CARTESIAN_POINT('Ctrl Pts',(-0.0737305358052254,4.08251959830523,
4.701));
#5121=CARTESIAN_POINT('Ctrl Pts',(-0.114358104263795,4.09371116886853,4.701));
#5122=CARTESIAN_POINT('Ctrl Pts',(-0.209423681016124,4.11989863591937,4.701));
#5123=CARTESIAN_POINT('Ctrl Pts',(-0.308189271062015,4.12065860265056,4.701));
#5124=CARTESIAN_POINT('Ctrl Pts',(-0.364746041595936,4.1210937872529,4.701));
#5125=CARTESIAN_POINT('',(-0.0737305358052254,4.08251959830523,4.7));
#5126=CARTESIAN_POINT('Ctrl Pts',(0.085449181497097,3.94628901034594,4.7));
#5127=CARTESIAN_POINT('Ctrl Pts',(0.085449181497097,3.94628901034594,4.701));
#5128=CARTESIAN_POINT('Ctrl Pts',(0.0642425694200538,3.97625384598566,4.7));
#5129=CARTESIAN_POINT('Ctrl Pts',(0.0642425694200538,3.97625384598566,4.701));
#5130=CARTESIAN_POINT('Ctrl Pts',(0.0226018280159584,4.0350920030452,4.7));
#5131=CARTESIAN_POINT('Ctrl Pts',(0.0226018280159584,4.0350920030452,4.701));
#5132=CARTESIAN_POINT('Ctrl Pts',(-0.0420193464379798,4.06690713542291,
4.7));
#5133=CARTESIAN_POINT('Ctrl Pts',(-0.0420193464379798,4.06690713542291,
4.701));
#5134=CARTESIAN_POINT('Ctrl Pts',(-0.0737305358052254,4.08251959830523,
4.7));
#5135=CARTESIAN_POINT('Ctrl Pts',(-0.0737305358052254,4.08251959830523,
4.701));
#5136=CARTESIAN_POINT('',(0.085449181497097,3.94628901034594,4.7));
#5137=CARTESIAN_POINT('Ctrl Pts',(-0.0737305358052254,4.08251959830523,
4.7));
#5138=CARTESIAN_POINT('Ctrl Pts',(-0.0420193464379798,4.06690713542291,
4.7));
#5139=CARTESIAN_POINT('Ctrl Pts',(0.0226018280159584,4.0350920030452,4.7));
#5140=CARTESIAN_POINT('Ctrl Pts',(0.0642425694200538,3.97625384598566,4.7));
#5141=CARTESIAN_POINT('Ctrl Pts',(0.085449181497097,3.94628901034594,4.7));
#5142=CARTESIAN_POINT('',(0.085449181497097,3.94628901034594,4.701));
#5143=CARTESIAN_POINT('Ctrl Pts',(0.085449181497097,3.94628901034594,4.701));
#5144=CARTESIAN_POINT('Ctrl Pts',(0.0642425694200538,3.97625384598566,4.701));
#5145=CARTESIAN_POINT('Ctrl Pts',(0.0226018280159584,4.0350920030452,4.701));
#5146=CARTESIAN_POINT('Ctrl Pts',(-0.0420193464379798,4.06690713542291,
4.701));
#5147=CARTESIAN_POINT('Ctrl Pts',(-0.0737305358052254,4.08251959830523,
4.701));
#5148=CARTESIAN_POINT('',(0.085449181497097,3.94628901034594,4.7));
#5149=CARTESIAN_POINT('Ctrl Pts',(0.145019255578518,3.7304687127471,4.7));
#5150=CARTESIAN_POINT('Ctrl Pts',(0.145019255578518,3.7304687127471,4.701));
#5151=CARTESIAN_POINT('Ctrl Pts',(0.142623491190356,3.7688600213581,4.7));
#5152=CARTESIAN_POINT('Ctrl Pts',(0.142623491190356,3.7688600213581,4.701));
#5153=CARTESIAN_POINT('Ctrl Pts',(0.137872738332211,3.84498921837468,4.7));
#5154=CARTESIAN_POINT('Ctrl Pts',(0.137872738332211,3.84498921837468,4.701));
#5155=CARTESIAN_POINT('Ctrl Pts',(0.102823423845816,3.91271618084261,4.7));
#5156=CARTESIAN_POINT('Ctrl Pts',(0.102823423845816,3.91271618084261,4.701));
#5157=CARTESIAN_POINT('Ctrl Pts',(0.085449181497097,3.94628901034594,4.7));
#5158=CARTESIAN_POINT('Ctrl Pts',(0.085449181497097,3.94628901034594,4.701));
#5159=CARTESIAN_POINT('',(0.145019255578518,3.7304687127471,4.7));
#5160=CARTESIAN_POINT('Ctrl Pts',(0.085449181497097,3.94628901034594,4.7));
#5161=CARTESIAN_POINT('Ctrl Pts',(0.102823423845816,3.91271618084261,4.7));
#5162=CARTESIAN_POINT('Ctrl Pts',(0.137872738332211,3.84498921837468,4.7));
#5163=CARTESIAN_POINT('Ctrl Pts',(0.142623491190356,3.7688600213581,4.7));
#5164=CARTESIAN_POINT('Ctrl Pts',(0.145019255578518,3.7304687127471,4.7));
#5165=CARTESIAN_POINT('',(0.145019255578518,3.7304687127471,4.701));
#5166=CARTESIAN_POINT('Ctrl Pts',(0.145019255578518,3.7304687127471,4.701));
#5167=CARTESIAN_POINT('Ctrl Pts',(0.142623491190356,3.7688600213581,4.701));
#5168=CARTESIAN_POINT('Ctrl Pts',(0.137872738332211,3.84498921837468,4.701));
#5169=CARTESIAN_POINT('Ctrl Pts',(0.102823423845816,3.91271618084261,4.701));
#5170=CARTESIAN_POINT('Ctrl Pts',(0.085449181497097,3.94628901034594,4.701));
#5171=CARTESIAN_POINT('',(0.145019255578518,3.7304687127471,4.7));
#5172=CARTESIAN_POINT('Ctrl Pts',(0.046386681497097,3.47363281995058,4.7));
#5173=CARTESIAN_POINT('Ctrl Pts',(0.046386681497097,3.47363281995058,4.701));
#5174=CARTESIAN_POINT('Ctrl Pts',(0.0751523721789898,3.51085848975748,4.7));
#5175=CARTESIAN_POINT('Ctrl Pts',(0.0751523721789898,3.51085848975748,4.701));
#5176=CARTESIAN_POINT('Ctrl Pts',(0.133635835357603,3.58654191810016,4.7));
#5177=CARTESIAN_POINT('Ctrl Pts',(0.133635835357603,3.58654191810016,4.701));
#5178=CARTESIAN_POINT('Ctrl Pts',(0.141183823004705,3.68197524543056,4.7));
#5179=CARTESIAN_POINT('Ctrl Pts',(0.141183823004705,3.68197524543056,4.701));
#5180=CARTESIAN_POINT('Ctrl Pts',(0.145019255578518,3.7304687127471,4.7));
#5181=CARTESIAN_POINT('Ctrl Pts',(0.145019255578518,3.7304687127471,4.701));
#5182=CARTESIAN_POINT('',(0.046386681497097,3.47363281995058,4.7));
#5183=CARTESIAN_POINT('Ctrl Pts',(0.145019255578518,3.7304687127471,4.7));
#5184=CARTESIAN_POINT('Ctrl Pts',(0.141183823004705,3.68197524543056,4.7));
#5185=CARTESIAN_POINT('Ctrl Pts',(0.133635835357603,3.58654191810016,4.7));
#5186=CARTESIAN_POINT('Ctrl Pts',(0.0751523721789898,3.51085848975748,4.7));
#5187=CARTESIAN_POINT('Ctrl Pts',(0.046386681497097,3.47363281995058,4.7));
#5188=CARTESIAN_POINT('',(0.046386681497097,3.47363281995058,4.701));
#5189=CARTESIAN_POINT('Ctrl Pts',(0.046386681497097,3.47363281995058,4.701));
#5190=CARTESIAN_POINT('Ctrl Pts',(0.0751523721789898,3.51085848975748,4.701));
#5191=CARTESIAN_POINT('Ctrl Pts',(0.133635835357603,3.58654191810016,4.701));
#5192=CARTESIAN_POINT('Ctrl Pts',(0.141183823004705,3.68197524543056,4.701));
#5193=CARTESIAN_POINT('Ctrl Pts',(0.145019255578518,3.7304687127471,4.701));
#5194=CARTESIAN_POINT('',(0.046386681497097,3.47363281995058,4.7));
#5195=CARTESIAN_POINT('Ctrl Pts',(-0.258300788700581,3.34082033485174,4.7));
#5196=CARTESIAN_POINT('Ctrl Pts',(-0.258300788700581,3.34082033485174,4.701));
#5197=CARTESIAN_POINT('Ctrl Pts',(-0.196186203602563,3.35138930016044,4.7));
#5198=CARTESIAN_POINT('Ctrl Pts',(-0.196186203602563,3.35138930016044,4.701));
#5199=CARTESIAN_POINT('Ctrl Pts',(-0.0831948968603768,3.37061507779798,
4.7));
#5200=CARTESIAN_POINT('Ctrl Pts',(-0.0831948968603768,3.37061507779798,
4.701));
#5201=CARTESIAN_POINT('Ctrl Pts',(0.00615500264415091,3.44164851499787,
4.7));
#5202=CARTESIAN_POINT('Ctrl Pts',(0.00615500264415091,3.44164851499787,
4.701));
#5203=CARTESIAN_POINT('Ctrl Pts',(0.046386681497097,3.47363281995058,4.7));
#5204=CARTESIAN_POINT('Ctrl Pts',(0.046386681497097,3.47363281995058,4.701));
#5205=CARTESIAN_POINT('',(-0.258300788700581,3.34082033485174,4.7));
#5206=CARTESIAN_POINT('Ctrl Pts',(0.046386681497097,3.47363281995058,4.7));
#5207=CARTESIAN_POINT('Ctrl Pts',(0.00615500264415092,3.44164851499787,
4.7));
#5208=CARTESIAN_POINT('Ctrl Pts',(-0.0831948968603768,3.37061507779798,
4.7));
#5209=CARTESIAN_POINT('Ctrl Pts',(-0.196186203602563,3.35138930016044,4.7));
#5210=CARTESIAN_POINT('Ctrl Pts',(-0.258300788700581,3.34082033485174,4.7));
#5211=CARTESIAN_POINT('',(-0.258300788700581,3.34082033485174,4.701));
#5212=CARTESIAN_POINT('Ctrl Pts',(-0.258300788700581,3.34082033485174,4.701));
#5213=CARTESIAN_POINT('Ctrl Pts',(-0.196186203602563,3.35138930016044,4.701));
#5214=CARTESIAN_POINT('Ctrl Pts',(-0.0831948968603768,3.37061507779798,
4.701));
#5215=CARTESIAN_POINT('Ctrl Pts',(0.00615500264415092,3.44164851499787,
4.701));
#5216=CARTESIAN_POINT('Ctrl Pts',(0.046386681497097,3.47363281995058,4.701));
#5217=CARTESIAN_POINT('',(-0.258300788700581,3.34082033485174,4.7));
#5218=CARTESIAN_POINT('Ctrl Pts',(-0.144042856991291,3.26953124254942,4.7));
#5219=CARTESIAN_POINT('Ctrl Pts',(-0.144042856991291,3.26953124254942,4.701));
#5220=CARTESIAN_POINT('Ctrl Pts',(-0.159750485964567,3.28184204888331,4.7));
#5221=CARTESIAN_POINT('Ctrl Pts',(-0.159750485964567,3.28184204888331,4.701));
#5222=CARTESIAN_POINT('Ctrl Pts',(-0.195255737364493,3.30966918145465,4.7));
#5223=CARTESIAN_POINT('Ctrl Pts',(-0.195255737364493,3.30966918145465,4.701));
#5224=CARTESIAN_POINT('Ctrl Pts',(-0.235731579618704,3.32966867616861,4.7));
#5225=CARTESIAN_POINT('Ctrl Pts',(-0.235731579618704,3.32966867616861,4.701));
#5226=CARTESIAN_POINT('Ctrl Pts',(-0.258300788700581,3.34082033485174,4.7));
#5227=CARTESIAN_POINT('Ctrl Pts',(-0.258300788700581,3.34082033485174,4.701));
#5228=CARTESIAN_POINT('',(-0.144042856991291,3.26953124254942,4.7));
#5229=CARTESIAN_POINT('Ctrl Pts',(-0.258300788700581,3.34082033485174,4.7));
#5230=CARTESIAN_POINT('Ctrl Pts',(-0.235731579618704,3.32966867616861,4.7));
#5231=CARTESIAN_POINT('Ctrl Pts',(-0.195255737364493,3.30966918145465,4.7));
#5232=CARTESIAN_POINT('Ctrl Pts',(-0.159750485964567,3.28184204888331,4.7));
#5233=CARTESIAN_POINT('Ctrl Pts',(-0.144042856991291,3.26953124254942,4.7));
#5234=CARTESIAN_POINT('',(-0.144042856991291,3.26953124254942,4.701));
#5235=CARTESIAN_POINT('Ctrl Pts',(-0.144042856991291,3.26953124254942,4.701));
#5236=CARTESIAN_POINT('Ctrl Pts',(-0.159750485964567,3.28184204888331,4.701));
#5237=CARTESIAN_POINT('Ctrl Pts',(-0.195255737364493,3.30966918145465,4.701));
#5238=CARTESIAN_POINT('Ctrl Pts',(-0.235731579618704,3.32966867616861,4.701));
#5239=CARTESIAN_POINT('Ctrl Pts',(-0.258300788700581,3.34082033485174,4.701));
#5240=CARTESIAN_POINT('',(-0.144042856991291,3.26953124254942,4.7));
#5241=CARTESIAN_POINT('Ctrl Pts',(0.0131836161017418,3.07910162955523,4.7));
#5242=CARTESIAN_POINT('Ctrl Pts',(0.0131836161017418,3.07910162955523,4.701));
#5243=CARTESIAN_POINT('Ctrl Pts',(-0.0111938881658635,3.11492302693242,
4.7));
#5244=CARTESIAN_POINT('Ctrl Pts',(-0.0111938881658635,3.11492302693242,
4.701));
#5245=CARTESIAN_POINT('Ctrl Pts',(-0.0577182311446595,3.18328798173916,
4.7));
#5246=CARTESIAN_POINT('Ctrl Pts',(-0.0577182311446595,3.18328798173916,
4.701));
#5247=CARTESIAN_POINT('Ctrl Pts',(-0.116202684179645,3.24171731041535,4.7));
#5248=CARTESIAN_POINT('Ctrl Pts',(-0.116202684179645,3.24171731041535,4.701));
#5249=CARTESIAN_POINT('Ctrl Pts',(-0.144042856991291,3.26953124254942,4.7));
#5250=CARTESIAN_POINT('Ctrl Pts',(-0.144042856991291,3.26953124254942,4.701));
#5251=CARTESIAN_POINT('',(0.0131836161017418,3.07910162955523,4.7));
#5252=CARTESIAN_POINT('Ctrl Pts',(-0.144042856991291,3.26953124254942,4.7));
#5253=CARTESIAN_POINT('Ctrl Pts',(-0.116202684179645,3.24171731041535,4.7));
#5254=CARTESIAN_POINT('Ctrl Pts',(-0.0577182311446595,3.18328798173916,
4.7));
#5255=CARTESIAN_POINT('Ctrl Pts',(-0.0111938881658635,3.11492302693242,
4.7));
#5256=CARTESIAN_POINT('Ctrl Pts',(0.0131836161017418,3.07910162955523,4.7));
#5257=CARTESIAN_POINT('',(0.0131836161017418,3.07910162955523,4.701));
#5258=CARTESIAN_POINT('Ctrl Pts',(0.0131836161017418,3.07910162955523,4.701));
#5259=CARTESIAN_POINT('Ctrl Pts',(-0.0111938881658635,3.11492302693242,
4.701));
#5260=CARTESIAN_POINT('Ctrl Pts',(-0.0577182311446595,3.18328798173916,
4.701));
#5261=CARTESIAN_POINT('Ctrl Pts',(-0.116202684179645,3.24171731041535,4.701));
#5262=CARTESIAN_POINT('Ctrl Pts',(-0.144042856991291,3.26953124254942,4.701));
#5263=CARTESIAN_POINT('',(0.0131836161017418,3.07910162955523,4.7));
#5264=CARTESIAN_POINT('Origin',(0.262207351624966,2.68945310264826,4.7));
#5265=CARTESIAN_POINT('',(0.262207351624966,2.68945310264826,4.7));
#5266=CARTESIAN_POINT('',(0.0131836161017418,3.07910162955523,4.7));
#5267=CARTESIAN_POINT('',(0.262207351624966,2.68945310264826,4.701));
#5268=CARTESIAN_POINT('',(0.0131836161017418,3.07910162955523,4.701));
#5269=CARTESIAN_POINT('',(0.262207351624966,2.68945310264826,4.7));
#5270=CARTESIAN_POINT('Origin',(0.0239258632063866,2.68945310264826,4.7));
#5271=CARTESIAN_POINT('',(0.0239258632063866,2.68945310264826,4.7));
#5272=CARTESIAN_POINT('',(0.262207351624966,2.68945310264826,4.7));
#5273=CARTESIAN_POINT('',(0.0239258632063866,2.68945310264826,4.701));
#5274=CARTESIAN_POINT('',(0.262207351624966,2.68945310264826,4.701));
#5275=CARTESIAN_POINT('',(0.0239258632063866,2.68945310264826,4.7));
#5276=CARTESIAN_POINT('Origin',(-0.165527351200581,2.98730466514826,4.7));
#5277=CARTESIAN_POINT('',(-0.165527351200581,2.98730466514826,4.7));
#5278=CARTESIAN_POINT('',(0.0239258632063866,2.68945310264826,4.7));
#5279=CARTESIAN_POINT('',(-0.165527351200581,2.98730466514826,4.701));
#5280=CARTESIAN_POINT('',(0.0239258632063866,2.68945310264826,4.701));
#5281=CARTESIAN_POINT('',(-0.165527351200581,2.98730466514826,4.7));
#5282=CARTESIAN_POINT('Ctrl Pts',(-0.302246101200581,3.18457026034594,4.7));
#5283=CARTESIAN_POINT('Ctrl Pts',(-0.302246101200581,3.18457026034594,4.701));
#5284=CARTESIAN_POINT('Ctrl Pts',(-0.281631778432685,3.15692606454706,4.7));
#5285=CARTESIAN_POINT('Ctrl Pts',(-0.281631778432685,3.15692606454706,4.701));
#5286=CARTESIAN_POINT('Ctrl Pts',(-0.233782301350691,3.09275901291882,4.7));
#5287=CARTESIAN_POINT('Ctrl Pts',(-0.233782301350691,3.09275901291882,4.701));
#5288=CARTESIAN_POINT('Ctrl Pts',(-0.190285201981427,3.02555570775474,4.7));
#5289=CARTESIAN_POINT('Ctrl Pts',(-0.190285201981427,3.02555570775474,4.701));
#5290=CARTESIAN_POINT('Ctrl Pts',(-0.165527351200581,2.98730466514826,4.7));
#5291=CARTESIAN_POINT('Ctrl Pts',(-0.165527351200581,2.98730466514826,4.701));
#5292=CARTESIAN_POINT('',(-0.302246101200581,3.18457026034594,4.7));
#5293=CARTESIAN_POINT('Ctrl Pts',(-0.165527351200581,2.98730466514826,4.7));
#5294=CARTESIAN_POINT('Ctrl Pts',(-0.190285201981427,3.02555570775474,4.7));
#5295=CARTESIAN_POINT('Ctrl Pts',(-0.233782301350691,3.09275901291882,4.7));
#5296=CARTESIAN_POINT('Ctrl Pts',(-0.281631778432685,3.15692606454706,4.7));
#5297=CARTESIAN_POINT('Ctrl Pts',(-0.302246101200581,3.18457026034594,4.7));
#5298=CARTESIAN_POINT('',(-0.302246101200581,3.18457026034594,4.701));
#5299=CARTESIAN_POINT('Ctrl Pts',(-0.302246101200581,3.18457026034594,4.701));
#5300=CARTESIAN_POINT('Ctrl Pts',(-0.281631778432685,3.15692606454706,4.701));
#5301=CARTESIAN_POINT('Ctrl Pts',(-0.233782301350691,3.09275901291882,4.701));
#5302=CARTESIAN_POINT('Ctrl Pts',(-0.190285201981427,3.02555570775474,4.701));
#5303=CARTESIAN_POINT('Ctrl Pts',(-0.165527351200581,2.98730466514826,4.701));
#5304=CARTESIAN_POINT('',(-0.302246101200581,3.18457026034594,4.7));
#5305=CARTESIAN_POINT('Ctrl Pts',(-0.398437567055225,3.28027341514826,4.7));
#5306=CARTESIAN_POINT('Ctrl Pts',(-0.398437567055225,3.28027341514826,4.701));
#5307=CARTESIAN_POINT('Ctrl Pts',(-0.38287288736141,3.26822206199425,4.7));
#5308=CARTESIAN_POINT('Ctrl Pts',(-0.38287288736141,3.26822206199425,4.701));
#5309=CARTESIAN_POINT('Ctrl Pts',(-0.346881187505131,3.24035456365099,4.7));
#5310=CARTESIAN_POINT('Ctrl Pts',(-0.346881187505131,3.24035456365099,4.701));
#5311=CARTESIAN_POINT('Ctrl Pts',(-0.31840672674461,3.20476758293643,4.7));
#5312=CARTESIAN_POINT('Ctrl Pts',(-0.31840672674461,3.20476758293643,4.701));
#5313=CARTESIAN_POINT('Ctrl Pts',(-0.302246101200581,3.18457026034594,4.7));
#5314=CARTESIAN_POINT('Ctrl Pts',(-0.302246101200581,3.18457026034594,4.701));
#5315=CARTESIAN_POINT('',(-0.398437567055225,3.28027341514826,4.7));
#5316=CARTESIAN_POINT('Ctrl Pts',(-0.302246101200581,3.18457026034594,4.7));
#5317=CARTESIAN_POINT('Ctrl Pts',(-0.31840672674461,3.20476758293643,4.7));
#5318=CARTESIAN_POINT('Ctrl Pts',(-0.346881187505131,3.24035456365099,4.7));
#5319=CARTESIAN_POINT('Ctrl Pts',(-0.38287288736141,3.26822206199425,4.7));
#5320=CARTESIAN_POINT('Ctrl Pts',(-0.398437567055225,3.28027341514826,4.7));
#5321=CARTESIAN_POINT('',(-0.398437567055225,3.28027341514826,4.701));
#5322=CARTESIAN_POINT('Ctrl Pts',(-0.398437567055225,3.28027341514826,4.701));
#5323=CARTESIAN_POINT('Ctrl Pts',(-0.38287288736141,3.26822206199425,4.701));
#5324=CARTESIAN_POINT('Ctrl Pts',(-0.346881187505131,3.24035456365099,4.701));
#5325=CARTESIAN_POINT('Ctrl Pts',(-0.31840672674461,3.20476758293643,4.701));
#5326=CARTESIAN_POINT('Ctrl Pts',(-0.302246101200581,3.18457026034594,4.701));
#5327=CARTESIAN_POINT('',(-0.398437567055225,3.28027341514826,4.7));
#5328=CARTESIAN_POINT('Ctrl Pts',(-0.484863258898258,3.31835936754942,4.7));
#5329=CARTESIAN_POINT('Ctrl Pts',(-0.484863258898258,3.31835936754942,4.701));
#5330=CARTESIAN_POINT('Ctrl Pts',(-0.47008758636939,3.31396457382193,4.7));
#5331=CARTESIAN_POINT('Ctrl Pts',(-0.47008758636939,3.31396457382193,4.701));
#5332=CARTESIAN_POINT('Ctrl Pts',(-0.439680294897319,3.30492039843361,4.7));
#5333=CARTESIAN_POINT('Ctrl Pts',(-0.439680294897319,3.30492039843361,4.701));
#5334=CARTESIAN_POINT('Ctrl Pts',(-0.412440735244713,3.28864182020695,4.7));
#5335=CARTESIAN_POINT('Ctrl Pts',(-0.412440735244713,3.28864182020695,4.701));
#5336=CARTESIAN_POINT('Ctrl Pts',(-0.398437567055225,3.28027341514826,4.7));
#5337=CARTESIAN_POINT('Ctrl Pts',(-0.398437567055225,3.28027341514826,4.701));
#5338=CARTESIAN_POINT('',(-0.484863258898258,3.31835936754942,4.7));
#5339=CARTESIAN_POINT('Ctrl Pts',(-0.398437567055225,3.28027341514826,4.7));
#5340=CARTESIAN_POINT('Ctrl Pts',(-0.412440735244713,3.28864182020695,4.7));
#5341=CARTESIAN_POINT('Ctrl Pts',(-0.439680294897319,3.30492039843361,4.7));
#5342=CARTESIAN_POINT('Ctrl Pts',(-0.47008758636939,3.31396457382193,4.7));
#5343=CARTESIAN_POINT('Ctrl Pts',(-0.484863258898258,3.31835936754942,4.7));
#5344=CARTESIAN_POINT('',(-0.484863258898258,3.31835936754942,4.701));
#5345=CARTESIAN_POINT('Ctrl Pts',(-0.484863258898258,3.31835936754942,4.701));
#5346=CARTESIAN_POINT('Ctrl Pts',(-0.47008758636939,3.31396457382193,4.701));
#5347=CARTESIAN_POINT('Ctrl Pts',(-0.439680294897319,3.30492039843361,4.701));
#5348=CARTESIAN_POINT('Ctrl Pts',(-0.412440735244713,3.28864182020695,4.701));
#5349=CARTESIAN_POINT('Ctrl Pts',(-0.398437567055225,3.28027341514826,4.701));
#5350=CARTESIAN_POINT('',(-0.484863258898258,3.31835936754942,4.7));
#5351=CARTESIAN_POINT('Ctrl Pts',(-0.590332038700581,3.3251952752471,4.7));
#5352=CARTESIAN_POINT('Ctrl Pts',(-0.590332038700581,3.3251952752471,4.701));
#5353=CARTESIAN_POINT('Ctrl Pts',(-0.569293196278421,3.32520538413206,4.7));
#5354=CARTESIAN_POINT('Ctrl Pts',(-0.569293196278421,3.32520538413206,4.701));
#5355=CARTESIAN_POINT('Ctrl Pts',(-0.533967635902896,3.32522235759565,4.7));
#5356=CARTESIAN_POINT('Ctrl Pts',(-0.533967635902896,3.32522235759565,4.701));
#5357=CARTESIAN_POINT('Ctrl Pts',(-0.499003717836473,3.32033568483236,4.7));
#5358=CARTESIAN_POINT('Ctrl Pts',(-0.499003717836473,3.32033568483236,4.701));
#5359=CARTESIAN_POINT('Ctrl Pts',(-0.484863258898258,3.31835936754942,4.7));
#5360=CARTESIAN_POINT('Ctrl Pts',(-0.484863258898258,3.31835936754942,4.701));
#5361=CARTESIAN_POINT('',(-0.590332038700581,3.3251952752471,4.7));
#5362=CARTESIAN_POINT('Ctrl Pts',(-0.484863258898258,3.31835936754942,4.7));
#5363=CARTESIAN_POINT('Ctrl Pts',(-0.499003717836473,3.32033568483236,4.7));
#5364=CARTESIAN_POINT('Ctrl Pts',(-0.533967635902896,3.32522235759565,4.7));
#5365=CARTESIAN_POINT('Ctrl Pts',(-0.569293196278421,3.32520538413206,4.7));
#5366=CARTESIAN_POINT('Ctrl Pts',(-0.590332038700581,3.3251952752471,4.7));
#5367=CARTESIAN_POINT('',(-0.590332038700581,3.3251952752471,4.701));
#5368=CARTESIAN_POINT('Ctrl Pts',(-0.590332038700581,3.3251952752471,4.701));
#5369=CARTESIAN_POINT('Ctrl Pts',(-0.569293196278421,3.32520538413206,4.701));
#5370=CARTESIAN_POINT('Ctrl Pts',(-0.533967635902896,3.32522235759565,4.701));
#5371=CARTESIAN_POINT('Ctrl Pts',(-0.499003717836473,3.32033568483236,4.701));
#5372=CARTESIAN_POINT('Ctrl Pts',(-0.484863258898258,3.31835936754942,4.701));
#5373=CARTESIAN_POINT('',(-0.590332038700581,3.3251952752471,4.7));
#5374=CARTESIAN_POINT('Origin',(-0.810058601200581,3.3251952752471,4.7));
#5375=CARTESIAN_POINT('',(-0.810058601200581,3.3251952752471,4.7));
#5376=CARTESIAN_POINT('',(-0.590332038700581,3.3251952752471,4.7));
#5377=CARTESIAN_POINT('',(-0.810058601200581,3.3251952752471,4.701));
#5378=CARTESIAN_POINT('',(-0.590332038700581,3.3251952752471,4.701));
#5379=CARTESIAN_POINT('',(-0.810058601200581,3.3251952752471,4.7));
#5380=CARTESIAN_POINT('Origin',(-0.810058601200581,2.68945310264826,4.7));
#5381=CARTESIAN_POINT('',(-0.810058601200581,2.68945310264826,4.7));
#5382=CARTESIAN_POINT('',(-0.810058601200581,3.3251952752471,4.7));
#5383=CARTESIAN_POINT('',(-0.810058601200581,2.68945310264826,4.701));
#5384=CARTESIAN_POINT('',(-0.810058601200581,3.3251952752471,4.701));
#5385=CARTESIAN_POINT('',(-0.810058601200581,2.68945310264826,4.7));
#5386=CARTESIAN_POINT('Origin',(-0.999511666595936,2.68945310264826,4.7));
#5387=CARTESIAN_POINT('',(-0.810058601200581,2.68945310264826,4.7));
#5388=CARTESIAN_POINT('',(-0.810058601200581,2.68945310264826,4.701));
#5389=CARTESIAN_POINT('Origin',(0.146484561264515,3.40527344495058,4.701));
#5390=CARTESIAN_POINT('Origin',(0.146484561264515,3.40527344495058,4.7));
#5391=CARTESIAN_POINT('Origin',(0.934082232415676,3.83886720985174,4.7));
#5392=CARTESIAN_POINT('',(0.934082232415676,3.1933594122529,4.7));
#5393=CARTESIAN_POINT('',(0.934082232415676,3.83886720985174,4.7));
#5394=CARTESIAN_POINT('',(0.934082232415676,3.1933594122529,4.7));
#5395=CARTESIAN_POINT('',(0.934082232415676,3.1933594122529,4.701));
#5396=CARTESIAN_POINT('',(0.934082232415676,3.1933594122529,4.7));
#5397=CARTESIAN_POINT('',(0.934082232415676,3.83886720985174,4.701));
#5398=CARTESIAN_POINT('',(0.934082232415676,3.1933594122529,4.701));
#5399=CARTESIAN_POINT('',(0.934082232415676,3.83886720985174,4.7));
#5400=CARTESIAN_POINT('Origin',(0.485840402543545,3.1933594122529,4.7));
#5401=CARTESIAN_POINT('',(0.485840402543545,3.1933594122529,4.7));
#5402=CARTESIAN_POINT('',(0.934082232415676,3.83886720985174,4.7));
#5403=CARTESIAN_POINT('',(0.485840402543545,3.1933594122529,4.701));
#5404=CARTESIAN_POINT('',(0.934082232415676,3.83886720985174,4.701));
#5405=CARTESIAN_POINT('',(0.485840402543545,3.1933594122529,4.7));
#5406=CARTESIAN_POINT('Origin',(0.934082232415676,3.1933594122529,4.7));
#5407=CARTESIAN_POINT('',(0.485840402543545,3.1933594122529,4.7));
#5408=CARTESIAN_POINT('',(0.485840402543545,3.1933594122529,4.701));
#5409=CARTESIAN_POINT('Origin',(0.934082232415676,3.0322265997529,4.7));
#5410=CARTESIAN_POINT('',(0.934082232415676,2.68945310264826,4.7));
#5411=CARTESIAN_POINT('',(0.934082232415676,3.0322265997529,4.7));
#5412=CARTESIAN_POINT('',(0.934082232415676,2.68945310264826,4.7));
#5413=CARTESIAN_POINT('',(0.934082232415676,2.68945310264826,4.701));
#5414=CARTESIAN_POINT('',(0.934082232415676,2.68945310264826,4.7));
#5415=CARTESIAN_POINT('',(0.934082232415676,3.0322265997529,4.701));
#5416=CARTESIAN_POINT('',(0.934082232415676,2.68945310264826,4.701));
#5417=CARTESIAN_POINT('',(0.934082232415676,3.0322265997529,4.7));
#5418=CARTESIAN_POINT('Origin',(0.312988720834255,3.0322265997529,4.7));
#5419=CARTESIAN_POINT('',(0.312988720834255,3.0322265997529,4.7));
#5420=CARTESIAN_POINT('',(0.934082232415676,3.0322265997529,4.7));
#5421=CARTESIAN_POINT('',(0.312988720834255,3.0322265997529,4.701));
#5422=CARTESIAN_POINT('',(0.934082232415676,3.0322265997529,4.701));
#5423=CARTESIAN_POINT('',(0.312988720834255,3.0322265997529,4.7));
#5424=CARTESIAN_POINT('Origin',(0.312988720834255,3.1933594122529,4.7));
#5425=CARTESIAN_POINT('',(0.312988720834255,3.1933594122529,4.7));
#5426=CARTESIAN_POINT('',(0.312988720834255,3.0322265997529,4.7));
#5427=CARTESIAN_POINT('',(0.312988720834255,3.1933594122529,4.701));
#5428=CARTESIAN_POINT('',(0.312988720834255,3.0322265997529,4.701));
#5429=CARTESIAN_POINT('',(0.312988720834255,3.1933594122529,4.7));
#5430=CARTESIAN_POINT('Origin',(0.966308675706387,4.1210937872529,4.7));
#5431=CARTESIAN_POINT('',(0.966308675706387,4.1210937872529,4.7));
#5432=CARTESIAN_POINT('',(0.312988720834255,3.1933594122529,4.7));
#5433=CARTESIAN_POINT('',(0.966308675706387,4.1210937872529,4.701));
#5434=CARTESIAN_POINT('',(0.312988720834255,3.1933594122529,4.701));
#5435=CARTESIAN_POINT('',(0.966308675706387,4.1210937872529,4.7));
#5436=CARTESIAN_POINT('Origin',(1.10986348241568,4.1210937872529,4.7));
#5437=CARTESIAN_POINT('',(1.10986348241568,4.1210937872529,4.7));
#5438=CARTESIAN_POINT('',(0.966308675706387,4.1210937872529,4.7));
#5439=CARTESIAN_POINT('',(1.10986348241568,4.1210937872529,4.701));
#5440=CARTESIAN_POINT('',(0.966308675706387,4.1210937872529,4.701));
#5441=CARTESIAN_POINT('',(1.10986348241568,4.1210937872529,4.7));
#5442=CARTESIAN_POINT('Origin',(1.10986348241568,3.1933594122529,4.7));
#5443=CARTESIAN_POINT('',(1.10986348241568,3.1933594122529,4.7));
#5444=CARTESIAN_POINT('',(1.10986348241568,4.1210937872529,4.7));
#5445=CARTESIAN_POINT('',(1.10986348241568,3.1933594122529,4.701));
#5446=CARTESIAN_POINT('',(1.10986348241568,4.1210937872529,4.701));
#5447=CARTESIAN_POINT('',(1.10986348241568,3.1933594122529,4.7));
#5448=CARTESIAN_POINT('Origin',(1.30322273820639,3.1933594122529,4.7));
#5449=CARTESIAN_POINT('',(1.30322273820639,3.1933594122529,4.7));
#5450=CARTESIAN_POINT('',(1.10986348241568,3.1933594122529,4.7));
#5451=CARTESIAN_POINT('',(1.30322273820639,3.1933594122529,4.701));
#5452=CARTESIAN_POINT('',(1.10986348241568,3.1933594122529,4.701));
#5453=CARTESIAN_POINT('',(1.30322273820639,3.1933594122529,4.7));
#5454=CARTESIAN_POINT('Origin',(1.30322273820639,3.0322265997529,4.7));
#5455=CARTESIAN_POINT('',(1.30322273820639,3.0322265997529,4.7));
#5456=CARTESIAN_POINT('',(1.30322273820639,3.1933594122529,4.7));
#5457=CARTESIAN_POINT('',(1.30322273820639,3.0322265997529,4.701));
#5458=CARTESIAN_POINT('',(1.30322273820639,3.1933594122529,4.701));
#5459=CARTESIAN_POINT('',(1.30322273820639,3.0322265997529,4.7));
#5460=CARTESIAN_POINT('Origin',(1.10986348241568,3.0322265997529,4.7));
#5461=CARTESIAN_POINT('',(1.10986348241568,3.0322265997529,4.7));
#5462=CARTESIAN_POINT('',(1.30322273820639,3.0322265997529,4.7));
#5463=CARTESIAN_POINT('',(1.10986348241568,3.0322265997529,4.701));
#5464=CARTESIAN_POINT('',(1.30322273820639,3.0322265997529,4.701));
#5465=CARTESIAN_POINT('',(1.10986348241568,3.0322265997529,4.7));
#5466=CARTESIAN_POINT('Origin',(1.10986348241568,2.68945310264826,4.7));
#5467=CARTESIAN_POINT('',(1.10986348241568,2.68945310264826,4.7));
#5468=CARTESIAN_POINT('',(1.10986348241568,3.0322265997529,4.7));
#5469=CARTESIAN_POINT('',(1.10986348241568,2.68945310264826,4.701));
#5470=CARTESIAN_POINT('',(1.10986348241568,3.0322265997529,4.701));
#5471=CARTESIAN_POINT('',(1.10986348241568,2.68945310264826,4.7));
#5472=CARTESIAN_POINT('Origin',(0.934082232415676,2.68945310264826,4.7));
#5473=CARTESIAN_POINT('',(1.10986348241568,2.68945310264826,4.7));
#5474=CARTESIAN_POINT('',(1.10986348241568,2.68945310264826,4.701));
#5475=CARTESIAN_POINT('Origin',(0.146484561264515,3.40527344495058,4.701));
#5476=CARTESIAN_POINT('Origin',(0.146484561264515,3.40527344495058,4.7));
#5477=CARTESIAN_POINT('Ctrl Pts',(-2.73408851363434,-2.22129401537876,4.7));
#5478=CARTESIAN_POINT('Ctrl Pts',(-2.73408851363434,-2.22129401537876,4.701));
#5479=CARTESIAN_POINT('Ctrl Pts',(-2.720490036884,-2.20642868772437,4.7));
#5480=CARTESIAN_POINT('Ctrl Pts',(-2.720490036884,-2.20642868772437,4.701));
#5481=CARTESIAN_POINT('Ctrl Pts',(-2.69396997005774,-2.17743797868933,4.7));
#5482=CARTESIAN_POINT('Ctrl Pts',(-2.69396997005774,-2.17743797868933,4.701));
#5483=CARTESIAN_POINT('Ctrl Pts',(-2.65505260672829,-2.17265021997659,4.7));
#5484=CARTESIAN_POINT('Ctrl Pts',(-2.65505260672829,-2.17265021997659,4.701));
#5485=CARTESIAN_POINT('Ctrl Pts',(-2.63609058000816,-2.17031744095783,4.7));
#5486=CARTESIAN_POINT('Ctrl Pts',(-2.63609058000816,-2.17031744095783,4.701));
#5487=CARTESIAN_POINT('',(-2.63609058000816,-2.17031744095783,4.7));
#5488=CARTESIAN_POINT('',(-2.73408851363434,-2.22129401537876,4.7));
#5489=CARTESIAN_POINT('Ctrl Pts',(-2.63609058000816,-2.17031744095783,4.7));
#5490=CARTESIAN_POINT('Ctrl Pts',(-2.65505260672829,-2.17265021997659,4.7));
#5491=CARTESIAN_POINT('Ctrl Pts',(-2.69396997005774,-2.17743797868933,4.7));
#5492=CARTESIAN_POINT('Ctrl Pts',(-2.720490036884,-2.20642868772437,4.7));
#5493=CARTESIAN_POINT('Ctrl Pts',(-2.73408851363434,-2.22129401537876,4.7));
#5494=CARTESIAN_POINT('',(-2.63609058000816,-2.17031744095783,4.701));
#5495=CARTESIAN_POINT('',(-2.63609058000816,-2.17031744095783,4.7));
#5496=CARTESIAN_POINT('',(-2.73408851363434,-2.22129401537876,4.701));
#5497=CARTESIAN_POINT('Ctrl Pts',(-2.73408851363434,-2.22129401537876,4.701));
#5498=CARTESIAN_POINT('Ctrl Pts',(-2.720490036884,-2.20642868772437,4.701));
#5499=CARTESIAN_POINT('Ctrl Pts',(-2.69396997005774,-2.17743797868933,4.701));
#5500=CARTESIAN_POINT('Ctrl Pts',(-2.65505260672829,-2.17265021997659,4.701));
#5501=CARTESIAN_POINT('Ctrl Pts',(-2.63609058000816,-2.17031744095783,4.701));
#5502=CARTESIAN_POINT('',(-2.73408851363434,-2.22129401537876,4.7));
#5503=CARTESIAN_POINT('Ctrl Pts',(-2.77319988944305,-2.40850102874736,4.7));
#5504=CARTESIAN_POINT('Ctrl Pts',(-2.77319988944305,-2.40850102874736,4.701));
#5505=CARTESIAN_POINT('Ctrl Pts',(-2.77327973500474,-2.36939528731853,4.7));
#5506=CARTESIAN_POINT('Ctrl Pts',(-2.77327973500474,-2.36939528731853,4.701));
#5507=CARTESIAN_POINT('Ctrl Pts',(-2.77341359096983,-2.30383701896405,4.7));
#5508=CARTESIAN_POINT('Ctrl Pts',(-2.77341359096983,-2.30383701896405,4.701));
#5509=CARTESIAN_POINT('Ctrl Pts',(-2.74539422688139,-2.24502461153561,4.7));
#5510=CARTESIAN_POINT('Ctrl Pts',(-2.74539422688139,-2.24502461153561,4.701));
#5511=CARTESIAN_POINT('Ctrl Pts',(-2.73408851363434,-2.22129401537876,4.7));
#5512=CARTESIAN_POINT('Ctrl Pts',(-2.73408851363434,-2.22129401537876,4.701));
#5513=CARTESIAN_POINT('',(-2.77319988944305,-2.40850102874736,4.7));
#5514=CARTESIAN_POINT('Ctrl Pts',(-2.73408851363434,-2.22129401537876,4.7));
#5515=CARTESIAN_POINT('Ctrl Pts',(-2.74539422688139,-2.24502461153561,4.7));
#5516=CARTESIAN_POINT('Ctrl Pts',(-2.77341359096983,-2.30383701896405,4.7));
#5517=CARTESIAN_POINT('Ctrl Pts',(-2.77327973500474,-2.36939528731853,4.7));
#5518=CARTESIAN_POINT('Ctrl Pts',(-2.77319988944305,-2.40850102874736,4.7));
#5519=CARTESIAN_POINT('',(-2.77319988944305,-2.40850102874736,4.701));
#5520=CARTESIAN_POINT('Ctrl Pts',(-2.77319988944305,-2.40850102874736,4.701));
#5521=CARTESIAN_POINT('Ctrl Pts',(-2.77327973500474,-2.36939528731853,4.701));
#5522=CARTESIAN_POINT('Ctrl Pts',(-2.77341359096983,-2.30383701896405,4.701));
#5523=CARTESIAN_POINT('Ctrl Pts',(-2.74539422688139,-2.24502461153561,4.701));
#5524=CARTESIAN_POINT('Ctrl Pts',(-2.73408851363434,-2.22129401537876,4.701));
#5525=CARTESIAN_POINT('',(-2.77319988944305,-2.40850102874736,4.7));
#5526=CARTESIAN_POINT('Ctrl Pts',(-2.73364907839073,-2.58296397301654,4.7));
#5527=CARTESIAN_POINT('Ctrl Pts',(-2.73364907839073,-2.58296397301654,4.701));
#5528=CARTESIAN_POINT('Ctrl Pts',(-2.74510203706428,-2.56040220022613,4.7));
#5529=CARTESIAN_POINT('Ctrl Pts',(-2.74510203706428,-2.56040220022613,4.701));
#5530=CARTESIAN_POINT('Ctrl Pts',(-2.77274810744431,-2.50594078320364,4.7));
#5531=CARTESIAN_POINT('Ctrl Pts',(-2.77274810744431,-2.50594078320364,4.701));
#5532=CARTESIAN_POINT('Ctrl Pts',(-2.77303301232481,-2.44449286877413,4.7));
#5533=CARTESIAN_POINT('Ctrl Pts',(-2.77303301232481,-2.44449286877413,4.701));
#5534=CARTESIAN_POINT('Ctrl Pts',(-2.77319988944305,-2.40850102874736,4.7));
#5535=CARTESIAN_POINT('Ctrl Pts',(-2.77319988944305,-2.40850102874736,4.701));
#5536=CARTESIAN_POINT('',(-2.73364907839073,-2.58296397301654,4.7));
#5537=CARTESIAN_POINT('Ctrl Pts',(-2.77319988944305,-2.40850102874736,4.7));
#5538=CARTESIAN_POINT('Ctrl Pts',(-2.77303301232481,-2.44449286877413,4.7));
#5539=CARTESIAN_POINT('Ctrl Pts',(-2.77274810744431,-2.50594078320364,4.7));
#5540=CARTESIAN_POINT('Ctrl Pts',(-2.74510203706428,-2.56040220022613,4.7));
#5541=CARTESIAN_POINT('Ctrl Pts',(-2.73364907839073,-2.58296397301654,4.7));
#5542=CARTESIAN_POINT('',(-2.73364907839073,-2.58296397301654,4.701));
#5543=CARTESIAN_POINT('Ctrl Pts',(-2.73364907839073,-2.58296397301654,4.701));
#5544=CARTESIAN_POINT('Ctrl Pts',(-2.74510203706428,-2.56040220022613,4.701));
#5545=CARTESIAN_POINT('Ctrl Pts',(-2.77274810744431,-2.50594078320364,4.701));
#5546=CARTESIAN_POINT('Ctrl Pts',(-2.77303301232481,-2.44449286877413,4.701));
#5547=CARTESIAN_POINT('Ctrl Pts',(-2.77319988944305,-2.40850102874736,4.701));
#5548=CARTESIAN_POINT('',(-2.73364907839073,-2.58296397301654,4.7));
#5549=CARTESIAN_POINT('Ctrl Pts',(-2.63609058000816,-2.63350103768806,4.7));
#5550=CARTESIAN_POINT('Ctrl Pts',(-2.63609058000816,-2.63350103768806,4.701));
#5551=CARTESIAN_POINT('Ctrl Pts',(-2.65483922129424,-2.63115780299555,4.7));
#5552=CARTESIAN_POINT('Ctrl Pts',(-2.65483922129424,-2.63115780299555,4.701));
#5553=CARTESIAN_POINT('Ctrl Pts',(-2.69347494890736,-2.62632904895776,4.7));
#5554=CARTESIAN_POINT('Ctrl Pts',(-2.69347494890736,-2.62632904895776,4.701));
#5555=CARTESIAN_POINT('Ctrl Pts',(-2.71999719927968,-2.59770019212083,4.7));
#5556=CARTESIAN_POINT('Ctrl Pts',(-2.71999719927968,-2.59770019212083,4.701));
#5557=CARTESIAN_POINT('Ctrl Pts',(-2.73364907839073,-2.58296397301654,4.7));
#5558=CARTESIAN_POINT('Ctrl Pts',(-2.73364907839073,-2.58296397301654,4.701));
#5559=CARTESIAN_POINT('',(-2.63609058000816,-2.63350103768806,4.7));
#5560=CARTESIAN_POINT('Ctrl Pts',(-2.73364907839073,-2.58296397301654,4.7));
#5561=CARTESIAN_POINT('Ctrl Pts',(-2.71999719927968,-2.59770019212083,4.7));
#5562=CARTESIAN_POINT('Ctrl Pts',(-2.69347494890736,-2.62632904895776,4.7));
#5563=CARTESIAN_POINT('Ctrl Pts',(-2.65483922129424,-2.63115780299555,4.7));
#5564=CARTESIAN_POINT('Ctrl Pts',(-2.63609058000816,-2.63350103768806,4.7));
#5565=CARTESIAN_POINT('',(-2.63609058000816,-2.63350103768806,4.701));
#5566=CARTESIAN_POINT('Ctrl Pts',(-2.63609058000816,-2.63350103768806,4.701));
#5567=CARTESIAN_POINT('Ctrl Pts',(-2.65483922129424,-2.63115780299555,4.701));
#5568=CARTESIAN_POINT('Ctrl Pts',(-2.69347494890736,-2.62632904895776,4.701));
#5569=CARTESIAN_POINT('Ctrl Pts',(-2.71999719927968,-2.59770019212083,4.701));
#5570=CARTESIAN_POINT('Ctrl Pts',(-2.73364907839073,-2.58296397301654,4.701));
#5571=CARTESIAN_POINT('',(-2.63609058000816,-2.63350103768806,4.7));
#5572=CARTESIAN_POINT('Ctrl Pts',(-2.53721347787155,-2.58252453777294,4.7));
#5573=CARTESIAN_POINT('Ctrl Pts',(-2.53721347787155,-2.58252453777294,4.701));
#5574=CARTESIAN_POINT('Ctrl Pts',(-2.55089172301676,-2.59739076254864,4.7));
#5575=CARTESIAN_POINT('Ctrl Pts',(-2.55089172301676,-2.59739076254864,4.701));
#5576=CARTESIAN_POINT('Ctrl Pts',(-2.57768046716196,-2.62650615620431,4.7));
#5577=CARTESIAN_POINT('Ctrl Pts',(-2.57768046716196,-2.62650615620431,4.701));
#5578=CARTESIAN_POINT('Ctrl Pts',(-2.61689759122707,-2.6312025884076,4.7));
#5579=CARTESIAN_POINT('Ctrl Pts',(-2.61689759122707,-2.6312025884076,4.701));
#5580=CARTESIAN_POINT('Ctrl Pts',(-2.63609058000816,-2.63350103768806,4.7));
#5581=CARTESIAN_POINT('Ctrl Pts',(-2.63609058000816,-2.63350103768806,4.701));
#5582=CARTESIAN_POINT('',(-2.53721347787155,-2.58252453777294,4.7));
#5583=CARTESIAN_POINT('Ctrl Pts',(-2.63609058000816,-2.63350103768806,4.7));
#5584=CARTESIAN_POINT('Ctrl Pts',(-2.61689759122707,-2.6312025884076,4.7));
#5585=CARTESIAN_POINT('Ctrl Pts',(-2.57768046716196,-2.62650615620431,4.7));
#5586=CARTESIAN_POINT('Ctrl Pts',(-2.55089172301676,-2.59739076254864,4.7));
#5587=CARTESIAN_POINT('Ctrl Pts',(-2.53721347787155,-2.58252453777294,4.7));
#5588=CARTESIAN_POINT('',(-2.53721347787155,-2.58252453777294,4.701));
#5589=CARTESIAN_POINT('Ctrl Pts',(-2.53721347787155,-2.58252453777294,4.701));
#5590=CARTESIAN_POINT('Ctrl Pts',(-2.55089172301676,-2.59739076254864,4.701));
#5591=CARTESIAN_POINT('Ctrl Pts',(-2.57768046716196,-2.62650615620431,4.701));
#5592=CARTESIAN_POINT('Ctrl Pts',(-2.61689759122707,-2.6312025884076,4.701));
#5593=CARTESIAN_POINT('Ctrl Pts',(-2.63609058000816,-2.63350103768806,4.701));
#5594=CARTESIAN_POINT('',(-2.53721347787155,-2.58252453777294,4.7));
#5595=CARTESIAN_POINT('Ctrl Pts',(-2.49810225107445,-2.39619639489154,4.7));
#5596=CARTESIAN_POINT('Ctrl Pts',(-2.49810225107445,-2.39619639489154,4.701));
#5597=CARTESIAN_POINT('Ctrl Pts',(-2.49803991897975,-2.43508093999446,4.7));
#5598=CARTESIAN_POINT('Ctrl Pts',(-2.49803991897975,-2.43508093999446,4.701));
#5599=CARTESIAN_POINT('Ctrl Pts',(-2.49793529241164,-2.50034998841619,4.7));
#5600=CARTESIAN_POINT('Ctrl Pts',(-2.49793529241164,-2.50034998841619,4.701));
#5601=CARTESIAN_POINT('Ctrl Pts',(-2.5259063828933,-2.55886877507688,4.7));
#5602=CARTESIAN_POINT('Ctrl Pts',(-2.5259063828933,-2.55886877507688,4.701));
#5603=CARTESIAN_POINT('Ctrl Pts',(-2.53721347787155,-2.58252453777294,4.7));
#5604=CARTESIAN_POINT('Ctrl Pts',(-2.53721347787155,-2.58252453777294,4.701));
#5605=CARTESIAN_POINT('',(-2.49810225107445,-2.39619639489154,4.7));
#5606=CARTESIAN_POINT('Ctrl Pts',(-2.53721347787155,-2.58252453777294,4.7));
#5607=CARTESIAN_POINT('Ctrl Pts',(-2.5259063828933,-2.55886877507688,4.7));
#5608=CARTESIAN_POINT('Ctrl Pts',(-2.49793529241164,-2.50034998841619,4.7));
#5609=CARTESIAN_POINT('Ctrl Pts',(-2.49803991897975,-2.43508093999446,4.7));
#5610=CARTESIAN_POINT('Ctrl Pts',(-2.49810225107445,-2.39619639489154,4.7));
#5611=CARTESIAN_POINT('',(-2.49810225107445,-2.39619639489154,4.701));
#5612=CARTESIAN_POINT('Ctrl Pts',(-2.49810225107445,-2.39619639489154,4.701));
#5613=CARTESIAN_POINT('Ctrl Pts',(-2.49803991897975,-2.43508093999446,4.701));
#5614=CARTESIAN_POINT('Ctrl Pts',(-2.49793529241164,-2.50034998841619,4.701));
#5615=CARTESIAN_POINT('Ctrl Pts',(-2.5259063828933,-2.55886877507688,4.701));
#5616=CARTESIAN_POINT('Ctrl Pts',(-2.53721347787155,-2.58252453777294,4.701));
#5617=CARTESIAN_POINT('',(-2.49810225107445,-2.39619639489154,4.7));
#5618=CARTESIAN_POINT('Ctrl Pts',(-2.53765306212677,-2.22085458013515,4.7));
#5619=CARTESIAN_POINT('Ctrl Pts',(-2.53765306212677,-2.22085458013515,4.701));
#5620=CARTESIAN_POINT('Ctrl Pts',(-2.52620162000856,-2.24349142121614,4.7));
#5621=CARTESIAN_POINT('Ctrl Pts',(-2.52620162000856,-2.24349142121614,4.701));
#5622=CARTESIAN_POINT('Ctrl Pts',(-2.49850273043063,-2.29824569190304,4.7));
#5623=CARTESIAN_POINT('Ctrl Pts',(-2.49850273043063,-2.29824569190304,4.701));
#5624=CARTESIAN_POINT('Ctrl Pts',(-2.49825031272729,-2.35998293530138,4.7));
#5625=CARTESIAN_POINT('Ctrl Pts',(-2.49825031272729,-2.35998293530138,4.701));
#5626=CARTESIAN_POINT('Ctrl Pts',(-2.49810225107445,-2.39619639489154,4.7));
#5627=CARTESIAN_POINT('Ctrl Pts',(-2.49810225107445,-2.39619639489154,4.701));
#5628=CARTESIAN_POINT('',(-2.53765306212677,-2.22085458013515,4.7));
#5629=CARTESIAN_POINT('Ctrl Pts',(-2.49810225107445,-2.39619639489154,4.7));
#5630=CARTESIAN_POINT('Ctrl Pts',(-2.49825031272729,-2.35998293530138,4.7));
#5631=CARTESIAN_POINT('Ctrl Pts',(-2.49850273043063,-2.29824569190304,4.7));
#5632=CARTESIAN_POINT('Ctrl Pts',(-2.52620162000856,-2.24349142121614,4.7));
#5633=CARTESIAN_POINT('Ctrl Pts',(-2.53765306212677,-2.22085458013515,4.7));
#5634=CARTESIAN_POINT('',(-2.53765306212677,-2.22085458013515,4.701));
#5635=CARTESIAN_POINT('Ctrl Pts',(-2.53765306212677,-2.22085458013515,4.701));
#5636=CARTESIAN_POINT('Ctrl Pts',(-2.52620162000856,-2.24349142121614,4.701));
#5637=CARTESIAN_POINT('Ctrl Pts',(-2.49850273043063,-2.29824569190304,4.701));
#5638=CARTESIAN_POINT('Ctrl Pts',(-2.49825031272729,-2.35998293530138,4.701));
#5639=CARTESIAN_POINT('Ctrl Pts',(-2.49810225107445,-2.39619639489154,4.701));
#5640=CARTESIAN_POINT('',(-2.53765306212677,-2.22085458013515,4.7));
#5641=CARTESIAN_POINT('Ctrl Pts',(-2.63609058000816,-2.17031744095783,4.7));
#5642=CARTESIAN_POINT('Ctrl Pts',(-2.63609058000816,-2.17031744095783,4.701));
#5643=CARTESIAN_POINT('Ctrl Pts',(-2.61711104268888,-2.17262667602216,4.7));
#5644=CARTESIAN_POINT('Ctrl Pts',(-2.61711104268888,-2.17262667602216,4.701));
#5645=CARTESIAN_POINT('Ctrl Pts',(-2.57817522538052,-2.17736398616174,4.7));
#5646=CARTESIAN_POINT('Ctrl Pts',(-2.57817522538052,-2.17736398616174,4.701));
#5647=CARTESIAN_POINT('Ctrl Pts',(-2.55138447385712,-2.20611728073416,4.7));
#5648=CARTESIAN_POINT('Ctrl Pts',(-2.55138447385712,-2.20611728073416,4.701));
#5649=CARTESIAN_POINT('Ctrl Pts',(-2.53765306212677,-2.22085458013515,4.7));
#5650=CARTESIAN_POINT('Ctrl Pts',(-2.53765306212677,-2.22085458013515,4.701));
#5651=CARTESIAN_POINT('Ctrl Pts',(-2.53765306212677,-2.22085458013515,4.7));
#5652=CARTESIAN_POINT('Ctrl Pts',(-2.55138447385712,-2.20611728073416,4.7));
#5653=CARTESIAN_POINT('Ctrl Pts',(-2.57817522538052,-2.17736398616174,4.7));
#5654=CARTESIAN_POINT('Ctrl Pts',(-2.61711104268888,-2.17262667602216,4.7));
#5655=CARTESIAN_POINT('Ctrl Pts',(-2.63609058000816,-2.17031744095783,4.7));
#5656=CARTESIAN_POINT('Ctrl Pts',(-2.63609058000816,-2.17031744095783,4.701));
#5657=CARTESIAN_POINT('Ctrl Pts',(-2.61711104268888,-2.17262667602216,4.701));
#5658=CARTESIAN_POINT('Ctrl Pts',(-2.57817522538052,-2.17736398616174,4.701));
#5659=CARTESIAN_POINT('Ctrl Pts',(-2.55138447385712,-2.20611728073416,4.701));
#5660=CARTESIAN_POINT('Ctrl Pts',(-2.53765306212677,-2.22085458013515,4.701));
#5661=CARTESIAN_POINT('Ctrl Pts',(-2.8417546186663,-2.1580127325962,4.7));
#5662=CARTESIAN_POINT('Ctrl Pts',(-2.8417546186663,-2.1580127325962,4.701));
#5663=CARTESIAN_POINT('Ctrl Pts',(-2.86199734770561,-2.1928083059533,4.7));
#5664=CARTESIAN_POINT('Ctrl Pts',(-2.86199734770561,-2.1928083059533,4.701));
#5665=CARTESIAN_POINT('Ctrl Pts',(-2.90415494922292,-2.26527372863945,4.7));
#5666=CARTESIAN_POINT('Ctrl Pts',(-2.90415494922292,-2.26527372863945,4.701));
#5667=CARTESIAN_POINT('Ctrl Pts',(-2.90878261130404,-2.34910340914655,4.7));
#5668=CARTESIAN_POINT('Ctrl Pts',(-2.90878261130404,-2.34910340914655,4.701));
#5669=CARTESIAN_POINT('Ctrl Pts',(-2.91118821837677,-2.39268076393108,4.7));
#5670=CARTESIAN_POINT('Ctrl Pts',(-2.91118821837677,-2.39268076393108,4.701));
#5671=CARTESIAN_POINT('',(-2.91118821837677,-2.39268076393108,4.7));
#5672=CARTESIAN_POINT('',(-2.8417546186663,-2.1580127325962,4.7));
#5673=CARTESIAN_POINT('Ctrl Pts',(-2.91118821837677,-2.39268076393108,4.7));
#5674=CARTESIAN_POINT('Ctrl Pts',(-2.90878261130404,-2.34910340914655,4.7));
#5675=CARTESIAN_POINT('Ctrl Pts',(-2.90415494922292,-2.26527372863945,4.7));
#5676=CARTESIAN_POINT('Ctrl Pts',(-2.86199734770561,-2.1928083059533,4.7));
#5677=CARTESIAN_POINT('Ctrl Pts',(-2.8417546186663,-2.1580127325962,4.7));
#5678=CARTESIAN_POINT('',(-2.91118821837677,-2.39268076393108,4.701));
#5679=CARTESIAN_POINT('',(-2.91118821837677,-2.39268076393108,4.7));
#5680=CARTESIAN_POINT('',(-2.8417546186663,-2.1580127325962,4.701));
#5681=CARTESIAN_POINT('Ctrl Pts',(-2.8417546186663,-2.1580127325962,4.701));
#5682=CARTESIAN_POINT('Ctrl Pts',(-2.86199734770561,-2.1928083059533,4.701));
#5683=CARTESIAN_POINT('Ctrl Pts',(-2.90415494922292,-2.26527372863945,4.701));
#5684=CARTESIAN_POINT('Ctrl Pts',(-2.90878261130404,-2.34910340914655,4.701));
#5685=CARTESIAN_POINT('Ctrl Pts',(-2.91118821837677,-2.39268076393108,4.701));
#5686=CARTESIAN_POINT('',(-2.8417546186663,-2.1580127325962,4.7));
#5687=CARTESIAN_POINT('Ctrl Pts',(-2.64048508145584,-2.06133310470085,4.7));
#5688=CARTESIAN_POINT('Ctrl Pts',(-2.64048508145584,-2.06133310470085,4.701));
#5689=CARTESIAN_POINT('Ctrl Pts',(-2.68145358753593,-2.0648513440661,4.7));
#5690=CARTESIAN_POINT('Ctrl Pts',(-2.68145358753593,-2.0648513440661,4.701));
#5691=CARTESIAN_POINT('Ctrl Pts',(-2.76098545869868,-2.07168127726821,4.7));
#5692=CARTESIAN_POINT('Ctrl Pts',(-2.76098545869868,-2.07168127726821,4.701));
#5693=CARTESIAN_POINT('Ctrl Pts',(-2.81537988330629,-2.12982165956246,4.7));
#5694=CARTESIAN_POINT('Ctrl Pts',(-2.81537988330629,-2.12982165956246,4.701));
#5695=CARTESIAN_POINT('Ctrl Pts',(-2.8417546186663,-2.1580127325962,4.7));
#5696=CARTESIAN_POINT('Ctrl Pts',(-2.8417546186663,-2.1580127325962,4.701));
#5697=CARTESIAN_POINT('',(-2.64048508145584,-2.06133310470085,4.7));
#5698=CARTESIAN_POINT('Ctrl Pts',(-2.8417546186663,-2.1580127325962,4.7));
#5699=CARTESIAN_POINT('Ctrl Pts',(-2.81537988330629,-2.12982165956246,4.7));
#5700=CARTESIAN_POINT('Ctrl Pts',(-2.76098545869868,-2.07168127726821,4.7));
#5701=CARTESIAN_POINT('Ctrl Pts',(-2.68145358753593,-2.0648513440661,4.7));
#5702=CARTESIAN_POINT('Ctrl Pts',(-2.64048508145584,-2.06133310470085,4.7));
#5703=CARTESIAN_POINT('',(-2.64048508145584,-2.06133310470085,4.701));
#5704=CARTESIAN_POINT('Ctrl Pts',(-2.64048508145584,-2.06133310470085,4.701));
#5705=CARTESIAN_POINT('Ctrl Pts',(-2.68145358753593,-2.0648513440661,4.701));
#5706=CARTESIAN_POINT('Ctrl Pts',(-2.76098545869868,-2.07168127726821,4.701));
#5707=CARTESIAN_POINT('Ctrl Pts',(-2.81537988330629,-2.12982165956246,4.701));
#5708=CARTESIAN_POINT('Ctrl Pts',(-2.8417546186663,-2.1580127325962,4.701));
#5709=CARTESIAN_POINT('',(-2.64048508145584,-2.06133310470085,4.7));
#5710=CARTESIAN_POINT('Ctrl Pts',(-2.43965497948898,-2.14790542397003,4.7));
#5711=CARTESIAN_POINT('Ctrl Pts',(-2.43965497948898,-2.14790542397003,4.701));
#5712=CARTESIAN_POINT('Ctrl Pts',(-2.46808458823579,-2.12265572703187,4.7));
#5713=CARTESIAN_POINT('Ctrl Pts',(-2.46808458823579,-2.12265572703187,4.701));
#5714=CARTESIAN_POINT('Ctrl Pts',(-2.52545276848738,-2.07170429895748,4.7));
#5715=CARTESIAN_POINT('Ctrl Pts',(-2.52545276848738,-2.07170429895748,4.701));
#5716=CARTESIAN_POINT('Ctrl Pts',(-2.60191485668832,-2.06481055623827,4.7));
#5717=CARTESIAN_POINT('Ctrl Pts',(-2.60191485668832,-2.06481055623827,4.701));
#5718=CARTESIAN_POINT('Ctrl Pts',(-2.64048508145584,-2.06133310470085,4.7));
#5719=CARTESIAN_POINT('Ctrl Pts',(-2.64048508145584,-2.06133310470085,4.701));
#5720=CARTESIAN_POINT('',(-2.43965497948898,-2.14790542397003,4.7));
#5721=CARTESIAN_POINT('Ctrl Pts',(-2.64048508145584,-2.06133310470085,4.7));
#5722=CARTESIAN_POINT('Ctrl Pts',(-2.60191485668832,-2.06481055623827,4.7));
#5723=CARTESIAN_POINT('Ctrl Pts',(-2.52545276848738,-2.07170429895748,4.7));
#5724=CARTESIAN_POINT('Ctrl Pts',(-2.46808458823579,-2.12265572703187,4.7));
#5725=CARTESIAN_POINT('Ctrl Pts',(-2.43965497948898,-2.14790542397003,4.7));
#5726=CARTESIAN_POINT('',(-2.43965497948898,-2.14790542397003,4.701));
#5727=CARTESIAN_POINT('Ctrl Pts',(-2.43965497948898,-2.14790542397003,4.701));
#5728=CARTESIAN_POINT('Ctrl Pts',(-2.46808458823579,-2.12265572703187,4.701));
#5729=CARTESIAN_POINT('Ctrl Pts',(-2.52545276848738,-2.07170429895748,4.701));
#5730=CARTESIAN_POINT('Ctrl Pts',(-2.60191485668832,-2.06481055623827,4.701));
#5731=CARTESIAN_POINT('Ctrl Pts',(-2.64048508145584,-2.06133310470085,4.701));
#5732=CARTESIAN_POINT('',(-2.43965497948898,-2.14790542397003,4.7));
#5733=CARTESIAN_POINT('Ctrl Pts',(-2.36011392214073,-2.40234871181945,4.7));
#5734=CARTESIAN_POINT('Ctrl Pts',(-2.36011392214073,-2.40234871181945,4.701));
#5735=CARTESIAN_POINT('Ctrl Pts',(-2.36192525504288,-2.35156228886036,4.7));
#5736=CARTESIAN_POINT('Ctrl Pts',(-2.36192525504288,-2.35156228886036,4.701));
#5737=CARTESIAN_POINT('Ctrl Pts',(-2.36522595093175,-2.25901688361106,4.7));
#5738=CARTESIAN_POINT('Ctrl Pts',(-2.36522595093175,-2.25901688361106,4.701));
#5739=CARTESIAN_POINT('Ctrl Pts',(-2.41651291732452,-2.18245307770192,4.7));
#5740=CARTESIAN_POINT('Ctrl Pts',(-2.41651291732452,-2.18245307770192,4.701));
#5741=CARTESIAN_POINT('Ctrl Pts',(-2.43965497948898,-2.14790542397003,4.7));
#5742=CARTESIAN_POINT('Ctrl Pts',(-2.43965497948898,-2.14790542397003,4.701));
#5743=CARTESIAN_POINT('',(-2.36011392214073,-2.40234871181945,4.7));
#5744=CARTESIAN_POINT('Ctrl Pts',(-2.43965497948898,-2.14790542397003,4.7));
#5745=CARTESIAN_POINT('Ctrl Pts',(-2.41651291732452,-2.18245307770192,4.7));
#5746=CARTESIAN_POINT('Ctrl Pts',(-2.36522595093175,-2.25901688361106,4.7));
#5747=CARTESIAN_POINT('Ctrl Pts',(-2.36192525504288,-2.35156228886036,4.7));
#5748=CARTESIAN_POINT('Ctrl Pts',(-2.36011392214073,-2.40234871181945,4.7));
#5749=CARTESIAN_POINT('',(-2.36011392214073,-2.40234871181945,4.701));
#5750=CARTESIAN_POINT('Ctrl Pts',(-2.36011392214073,-2.40234871181945,4.701));
#5751=CARTESIAN_POINT('Ctrl Pts',(-2.36192525504288,-2.35156228886036,4.701));
#5752=CARTESIAN_POINT('Ctrl Pts',(-2.36522595093175,-2.25901688361106,4.701));
#5753=CARTESIAN_POINT('Ctrl Pts',(-2.41651291732452,-2.18245307770192,4.701));
#5754=CARTESIAN_POINT('Ctrl Pts',(-2.43965497948898,-2.14790542397003,4.701));
#5755=CARTESIAN_POINT('',(-2.36011392214073,-2.40234871181945,4.7));
#5756=CARTESIAN_POINT('Ctrl Pts',(-2.44053384997619,-2.65415538820724,4.7));
#5757=CARTESIAN_POINT('Ctrl Pts',(-2.44053384997619,-2.65415538820724,4.701));
#5758=CARTESIAN_POINT('Ctrl Pts',(-2.41712378697343,-2.61956509720829,4.7));
#5759=CARTESIAN_POINT('Ctrl Pts',(-2.41712378697343,-2.61956509720829,4.701));
#5760=CARTESIAN_POINT('Ctrl Pts',(-2.36589519084967,-2.54387063849709,4.7));
#5761=CARTESIAN_POINT('Ctrl Pts',(-2.36589519084967,-2.54387063849709,4.701));
#5762=CARTESIAN_POINT('Ctrl Pts',(-2.3621484857814,-2.45215358699006,4.7));
#5763=CARTESIAN_POINT('Ctrl Pts',(-2.3621484857814,-2.45215358699006,4.701));
#5764=CARTESIAN_POINT('Ctrl Pts',(-2.36011392214073,-2.40234871181945,4.7));
#5765=CARTESIAN_POINT('Ctrl Pts',(-2.36011392214073,-2.40234871181945,4.701));
#5766=CARTESIAN_POINT('',(-2.44053384997619,-2.65415538820724,4.7));
#5767=CARTESIAN_POINT('Ctrl Pts',(-2.36011392214073,-2.40234871181945,4.7));
#5768=CARTESIAN_POINT('Ctrl Pts',(-2.3621484857814,-2.45215358699006,4.7));
#5769=CARTESIAN_POINT('Ctrl Pts',(-2.36589519084967,-2.54387063849709,4.7));
#5770=CARTESIAN_POINT('Ctrl Pts',(-2.41712378697343,-2.61956509720829,4.7));
#5771=CARTESIAN_POINT('Ctrl Pts',(-2.44053384997619,-2.65415538820724,4.7));
#5772=CARTESIAN_POINT('',(-2.44053384997619,-2.65415538820724,4.701));
#5773=CARTESIAN_POINT('Ctrl Pts',(-2.44053384997619,-2.65415538820724,4.701));
#5774=CARTESIAN_POINT('Ctrl Pts',(-2.41712378697343,-2.61956509720829,4.701));
#5775=CARTESIAN_POINT('Ctrl Pts',(-2.36589519084967,-2.54387063849709,4.701));
#5776=CARTESIAN_POINT('Ctrl Pts',(-2.3621484857814,-2.45215358699006,4.701));
#5777=CARTESIAN_POINT('Ctrl Pts',(-2.36011392214073,-2.40234871181945,4.701));
#5778=CARTESIAN_POINT('',(-2.44053384997619,-2.65415538820724,4.7));
#5779=CARTESIAN_POINT('Ctrl Pts',(-2.6387271914698,-2.74248544845085,4.7));
#5780=CARTESIAN_POINT('Ctrl Pts',(-2.6387271914698,-2.74248544845085,4.701));
#5781=CARTESIAN_POINT('Ctrl Pts',(-2.6009721338732,-2.73874592703522,4.7));
#5782=CARTESIAN_POINT('Ctrl Pts',(-2.6009721338732,-2.73874592703522,4.701));
#5783=CARTESIAN_POINT('Ctrl Pts',(-2.5251556983182,-2.73123654412171,4.7));
#5784=CARTESIAN_POINT('Ctrl Pts',(-2.5251556983182,-2.73123654412171,4.701));
#5785=CARTESIAN_POINT('Ctrl Pts',(-2.46881700763363,-2.67991822047645,4.7));
#5786=CARTESIAN_POINT('Ctrl Pts',(-2.46881700763363,-2.67991822047645,4.701));
#5787=CARTESIAN_POINT('Ctrl Pts',(-2.44053384997619,-2.65415538820724,4.7));
#5788=CARTESIAN_POINT('Ctrl Pts',(-2.44053384997619,-2.65415538820724,4.701));
#5789=CARTESIAN_POINT('',(-2.6387271914698,-2.74248544845085,4.7));
#5790=CARTESIAN_POINT('Ctrl Pts',(-2.44053384997619,-2.65415538820724,4.7));
#5791=CARTESIAN_POINT('Ctrl Pts',(-2.46881700763363,-2.67991822047645,4.7));
#5792=CARTESIAN_POINT('Ctrl Pts',(-2.5251556983182,-2.73123654412171,4.7));
#5793=CARTESIAN_POINT('Ctrl Pts',(-2.6009721338732,-2.73874592703522,4.7));
#5794=CARTESIAN_POINT('Ctrl Pts',(-2.6387271914698,-2.74248544845085,4.7));
#5795=CARTESIAN_POINT('',(-2.6387271914698,-2.74248544845085,4.701));
#5796=CARTESIAN_POINT('Ctrl Pts',(-2.6387271914698,-2.74248544845085,4.701));
#5797=CARTESIAN_POINT('Ctrl Pts',(-2.6009721338732,-2.73874592703522,4.701));
#5798=CARTESIAN_POINT('Ctrl Pts',(-2.5251556983182,-2.73123654412171,4.701));
#5799=CARTESIAN_POINT('Ctrl Pts',(-2.46881700763363,-2.67991822047645,4.701));
#5800=CARTESIAN_POINT('Ctrl Pts',(-2.44053384997619,-2.65415538820724,4.701));
#5801=CARTESIAN_POINT('',(-2.6387271914698,-2.74248544845085,4.7));
#5802=CARTESIAN_POINT('Ctrl Pts',(-2.83340505101455,-2.65547369393806,4.7));
#5803=CARTESIAN_POINT('Ctrl Pts',(-2.83340505101455,-2.65547369393806,4.701));
#5804=CARTESIAN_POINT('Ctrl Pts',(-2.80583885163423,-2.68085208362344,4.7));
#5805=CARTESIAN_POINT('Ctrl Pts',(-2.80583885163423,-2.68085208362344,4.701));
#5806=CARTESIAN_POINT('Ctrl Pts',(-2.75068159149385,-2.73163175123403,4.7));
#5807=CARTESIAN_POINT('Ctrl Pts',(-2.75068159149385,-2.73163175123403,4.701));
#5808=CARTESIAN_POINT('Ctrl Pts',(-2.67605653688498,-2.73886646239624,4.7));
#5809=CARTESIAN_POINT('Ctrl Pts',(-2.67605653688498,-2.73886646239624,4.701));
#5810=CARTESIAN_POINT('Ctrl Pts',(-2.6387271914698,-2.74248544845085,4.7));
#5811=CARTESIAN_POINT('Ctrl Pts',(-2.6387271914698,-2.74248544845085,4.701));
#5812=CARTESIAN_POINT('',(-2.83340505101455,-2.65547369393806,4.7));
#5813=CARTESIAN_POINT('Ctrl Pts',(-2.6387271914698,-2.74248544845085,4.7));
#5814=CARTESIAN_POINT('Ctrl Pts',(-2.67605653688498,-2.73886646239624,4.7));
#5815=CARTESIAN_POINT('Ctrl Pts',(-2.75068159149385,-2.73163175123403,4.7));
#5816=CARTESIAN_POINT('Ctrl Pts',(-2.80583885163423,-2.68085208362344,4.7));
#5817=CARTESIAN_POINT('Ctrl Pts',(-2.83340505101455,-2.65547369393806,4.7));
#5818=CARTESIAN_POINT('',(-2.83340505101455,-2.65547369393806,4.701));
#5819=CARTESIAN_POINT('Ctrl Pts',(-2.83340505101455,-2.65547369393806,4.701));
#5820=CARTESIAN_POINT('Ctrl Pts',(-2.80583885163423,-2.68085208362344,4.701));
#5821=CARTESIAN_POINT('Ctrl Pts',(-2.75068159149385,-2.73163175123403,4.701));
#5822=CARTESIAN_POINT('Ctrl Pts',(-2.67605653688498,-2.73886646239624,4.701));
#5823=CARTESIAN_POINT('Ctrl Pts',(-2.6387271914698,-2.74248544845085,4.701));
#5824=CARTESIAN_POINT('',(-2.83340505101455,-2.65547369393806,4.7));
#5825=CARTESIAN_POINT('Ctrl Pts',(-2.91118821837677,-2.39268076393108,4.7));
#5826=CARTESIAN_POINT('Ctrl Pts',(-2.91118821837677,-2.39268076393108,4.701));
#5827=CARTESIAN_POINT('Ctrl Pts',(-2.90966087785022,-2.44545478995275,4.7));
#5828=CARTESIAN_POINT('Ctrl Pts',(-2.90966087785022,-2.44545478995275,4.701));
#5829=CARTESIAN_POINT('Ctrl Pts',(-2.90691208440323,-2.54043354182812,4.7));
#5830=CARTESIAN_POINT('Ctrl Pts',(-2.90691208440323,-2.54043354182812,4.701));
#5831=CARTESIAN_POINT('Ctrl Pts',(-2.85601961250435,-2.62008139916364,4.7));
#5832=CARTESIAN_POINT('Ctrl Pts',(-2.85601961250435,-2.62008139916364,4.701));
#5833=CARTESIAN_POINT('Ctrl Pts',(-2.83340505101455,-2.65547369393806,4.7));
#5834=CARTESIAN_POINT('Ctrl Pts',(-2.83340505101455,-2.65547369393806,4.701));
#5835=CARTESIAN_POINT('Ctrl Pts',(-2.83340505101455,-2.65547369393806,4.7));
#5836=CARTESIAN_POINT('Ctrl Pts',(-2.85601961250435,-2.62008139916364,4.7));
#5837=CARTESIAN_POINT('Ctrl Pts',(-2.90691208440323,-2.54043354182812,4.7));
#5838=CARTESIAN_POINT('Ctrl Pts',(-2.90966087785022,-2.44545478995275,4.7));
#5839=CARTESIAN_POINT('Ctrl Pts',(-2.91118821837677,-2.39268076393108,4.7));
#5840=CARTESIAN_POINT('Ctrl Pts',(-2.91118821837677,-2.39268076393108,4.701));
#5841=CARTESIAN_POINT('Ctrl Pts',(-2.90966087785022,-2.44545478995275,4.701));
#5842=CARTESIAN_POINT('Ctrl Pts',(-2.90691208440323,-2.54043354182812,4.701));
#5843=CARTESIAN_POINT('Ctrl Pts',(-2.85601961250435,-2.62008139916364,4.701));
#5844=CARTESIAN_POINT('Ctrl Pts',(-2.83340505101455,-2.65547369393806,4.701));
#5845=CARTESIAN_POINT('Origin',(-0.0147524826295498,-2.74028819772701,4.701));
#5846=CARTESIAN_POINT('Origin',(-0.0147524826295498,-2.74028819772701,4.7));
#5847=CARTESIAN_POINT('Ctrl Pts',(-1.90088531710876,-2.89805193218688,4.7));
#5848=CARTESIAN_POINT('Ctrl Pts',(-1.90088531710876,-2.89805193218688,4.701));
#5849=CARTESIAN_POINT('Ctrl Pts',(-1.88720707712356,-2.88318567655336,4.7));
#5850=CARTESIAN_POINT('Ctrl Pts',(-1.88720707712356,-2.88318567655336,4.701));
#5851=CARTESIAN_POINT('Ctrl Pts',(-1.86041838792832,-2.85407027120192,4.7));
#5852=CARTESIAN_POINT('Ctrl Pts',(-1.86041838792832,-2.85407027120192,4.701));
#5853=CARTESIAN_POINT('Ctrl Pts',(-1.82120130104681,-2.8493738148504,4.7));
#5854=CARTESIAN_POINT('Ctrl Pts',(-1.82120130104681,-2.8493738148504,4.701));
#5855=CARTESIAN_POINT('Ctrl Pts',(-1.80200836398376,-2.84707535776595,4.7));
#5856=CARTESIAN_POINT('Ctrl Pts',(-1.80200836398376,-2.84707535776595,4.701));
#5857=CARTESIAN_POINT('',(-1.80200836398376,-2.84707535776595,4.7));
#5858=CARTESIAN_POINT('',(-1.90088531710876,-2.89805193218688,4.7));
#5859=CARTESIAN_POINT('Ctrl Pts',(-1.80200836398376,-2.84707535776595,4.7));
#5860=CARTESIAN_POINT('Ctrl Pts',(-1.82120130104681,-2.8493738148504,4.7));
#5861=CARTESIAN_POINT('Ctrl Pts',(-1.86041838792832,-2.85407027120192,4.7));
#5862=CARTESIAN_POINT('Ctrl Pts',(-1.88720707712356,-2.88318567655336,4.7));
#5863=CARTESIAN_POINT('Ctrl Pts',(-1.90088531710876,-2.89805193218688,4.7));
#5864=CARTESIAN_POINT('',(-1.80200836398376,-2.84707535776595,4.701));
#5865=CARTESIAN_POINT('',(-1.80200836398376,-2.84707535776595,4.7));
#5866=CARTESIAN_POINT('',(-1.90088531710876,-2.89805193218688,4.701));
#5867=CARTESIAN_POINT('Ctrl Pts',(-1.90088531710876,-2.89805193218688,4.701));
#5868=CARTESIAN_POINT('Ctrl Pts',(-1.88720707712356,-2.88318567655336,4.701));
#5869=CARTESIAN_POINT('Ctrl Pts',(-1.86041838792832,-2.85407027120192,4.701));
#5870=CARTESIAN_POINT('Ctrl Pts',(-1.82120130104681,-2.8493738148504,4.701));
#5871=CARTESIAN_POINT('Ctrl Pts',(-1.80200836398376,-2.84707535776595,4.701));
#5872=CARTESIAN_POINT('',(-1.90088531710876,-2.89805193218688,4.7));
#5873=CARTESIAN_POINT('Ctrl Pts',(-1.93999669291748,-3.08525894555549,4.7));
#5874=CARTESIAN_POINT('Ctrl Pts',(-1.93999669291748,-3.08525894555549,4.701));
#5875=CARTESIAN_POINT('Ctrl Pts',(-1.94007654712896,-3.04615317668154,4.7));
#5876=CARTESIAN_POINT('Ctrl Pts',(-1.94007654712896,-3.04615317668154,4.701));
#5877=CARTESIAN_POINT('Ctrl Pts',(-1.94021041751233,-2.9805949027531,4.7));
#5878=CARTESIAN_POINT('Ctrl Pts',(-1.94021041751233,-2.9805949027531,4.701));
#5879=CARTESIAN_POINT('Ctrl Pts',(-1.91219102964258,-2.92178250343355,4.7));
#5880=CARTESIAN_POINT('Ctrl Pts',(-1.91219102964258,-2.92178250343355,4.701));
#5881=CARTESIAN_POINT('Ctrl Pts',(-1.90088531710876,-2.89805193218688,4.7));
#5882=CARTESIAN_POINT('Ctrl Pts',(-1.90088531710876,-2.89805193218688,4.701));
#5883=CARTESIAN_POINT('',(-1.93999669291748,-3.08525894555549,4.7));
#5884=CARTESIAN_POINT('Ctrl Pts',(-1.90088531710876,-2.89805193218688,4.7));
#5885=CARTESIAN_POINT('Ctrl Pts',(-1.91219102964258,-2.92178250343355,4.7));
#5886=CARTESIAN_POINT('Ctrl Pts',(-1.94021041751233,-2.9805949027531,4.7));
#5887=CARTESIAN_POINT('Ctrl Pts',(-1.94007654712896,-3.04615317668154,4.7));
#5888=CARTESIAN_POINT('Ctrl Pts',(-1.93999669291748,-3.08525894555549,4.7));
#5889=CARTESIAN_POINT('',(-1.93999669291748,-3.08525894555549,4.701));
#5890=CARTESIAN_POINT('Ctrl Pts',(-1.93999669291748,-3.08525894555549,4.701));
#5891=CARTESIAN_POINT('Ctrl Pts',(-1.94007654712896,-3.04615317668154,4.701));
#5892=CARTESIAN_POINT('Ctrl Pts',(-1.94021041751233,-2.9805949027531,4.701));
#5893=CARTESIAN_POINT('Ctrl Pts',(-1.91219102964258,-2.92178250343355,4.701));
#5894=CARTESIAN_POINT('Ctrl Pts',(-1.90088531710876,-2.89805193218688,4.701));
#5895=CARTESIAN_POINT('',(-1.93999669291748,-3.08525894555549,4.7));
#5896=CARTESIAN_POINT('Ctrl Pts',(-1.90044588186516,-3.25928230556945,4.7));
#5897=CARTESIAN_POINT('Ctrl Pts',(-1.90044588186516,-3.25928230556945,4.701));
#5898=CARTESIAN_POINT('Ctrl Pts',(-1.9119016491536,-3.23668456529292,4.7));
#5899=CARTESIAN_POINT('Ctrl Pts',(-1.9119016491536,-3.23668456529292,4.701));
#5900=CARTESIAN_POINT('Ctrl Pts',(-1.93944930353708,-3.18234383687982,4.7));
#5901=CARTESIAN_POINT('Ctrl Pts',(-1.93944930353708,-3.18234383687982,4.701));
#5902=CARTESIAN_POINT('Ctrl Pts',(-1.93979484551469,-3.12105856802846,4.7));
#5903=CARTESIAN_POINT('Ctrl Pts',(-1.93979484551469,-3.12105856802846,4.701));
#5904=CARTESIAN_POINT('Ctrl Pts',(-1.93999669291748,-3.08525894555549,4.7));
#5905=CARTESIAN_POINT('Ctrl Pts',(-1.93999669291748,-3.08525894555549,4.701));
#5906=CARTESIAN_POINT('',(-1.90044588186516,-3.25928230556945,4.7));
#5907=CARTESIAN_POINT('Ctrl Pts',(-1.93999669291748,-3.08525894555549,4.7));
#5908=CARTESIAN_POINT('Ctrl Pts',(-1.93979484551469,-3.12105856802846,4.7));
#5909=CARTESIAN_POINT('Ctrl Pts',(-1.93944930353708,-3.18234383687982,4.7));
#5910=CARTESIAN_POINT('Ctrl Pts',(-1.9119016491536,-3.23668456529292,4.7));
#5911=CARTESIAN_POINT('Ctrl Pts',(-1.90044588186516,-3.25928230556945,4.7));
#5912=CARTESIAN_POINT('',(-1.90044588186516,-3.25928230556945,4.701));
#5913=CARTESIAN_POINT('Ctrl Pts',(-1.90044588186516,-3.25928230556945,4.701));
#5914=CARTESIAN_POINT('Ctrl Pts',(-1.9119016491536,-3.23668456529292,4.701));
#5915=CARTESIAN_POINT('Ctrl Pts',(-1.93944930353708,-3.18234383687982,4.701));
#5916=CARTESIAN_POINT('Ctrl Pts',(-1.93979484551469,-3.12105856802846,4.701));
#5917=CARTESIAN_POINT('Ctrl Pts',(-1.93999669291748,-3.08525894555549,4.701));
#5918=CARTESIAN_POINT('',(-1.90044588186516,-3.25928230556945,4.7));
#5919=CARTESIAN_POINT('Ctrl Pts',(-1.80288723447098,-3.31025887999038,4.7));
#5920=CARTESIAN_POINT('Ctrl Pts',(-1.80288723447098,-3.31025887999038,4.701));
#5921=CARTESIAN_POINT('Ctrl Pts',(-1.82164518751639,-3.30788279033922,4.7));
#5922=CARTESIAN_POINT('Ctrl Pts',(-1.82164518751639,-3.30788279033922,4.701));
#5923=CARTESIAN_POINT('Ctrl Pts',(-1.86036440124916,-3.30297818679167,4.7));
#5924=CARTESIAN_POINT('Ctrl Pts',(-1.86036440124916,-3.30297818679167,4.701));
#5925=CARTESIAN_POINT('Ctrl Pts',(-1.8868114167178,-3.27414627667159,4.7));
#5926=CARTESIAN_POINT('Ctrl Pts',(-1.8868114167178,-3.27414627667159,4.701));
#5927=CARTESIAN_POINT('Ctrl Pts',(-1.90044588186516,-3.25928230556945,4.7));
#5928=CARTESIAN_POINT('Ctrl Pts',(-1.90044588186516,-3.25928230556945,4.701));
#5929=CARTESIAN_POINT('',(-1.80288723447098,-3.31025887999038,4.7));
#5930=CARTESIAN_POINT('Ctrl Pts',(-1.90044588186516,-3.25928230556945,4.7));
#5931=CARTESIAN_POINT('Ctrl Pts',(-1.8868114167178,-3.27414627667159,4.7));
#5932=CARTESIAN_POINT('Ctrl Pts',(-1.86036440124916,-3.30297818679167,4.7));
#5933=CARTESIAN_POINT('Ctrl Pts',(-1.82164518751639,-3.30788279033922,4.7));
#5934=CARTESIAN_POINT('Ctrl Pts',(-1.80288723447098,-3.31025887999038,4.7));
#5935=CARTESIAN_POINT('',(-1.80288723447098,-3.31025887999038,4.701));
#5936=CARTESIAN_POINT('Ctrl Pts',(-1.80288723447098,-3.31025887999038,4.701));
#5937=CARTESIAN_POINT('Ctrl Pts',(-1.82164518751639,-3.30788279033922,4.701));
#5938=CARTESIAN_POINT('Ctrl Pts',(-1.86036440124916,-3.30297818679167,4.701));
#5939=CARTESIAN_POINT('Ctrl Pts',(-1.8868114167178,-3.27414627667159,4.701));
#5940=CARTESIAN_POINT('Ctrl Pts',(-1.90044588186516,-3.25928230556945,4.701));
#5941=CARTESIAN_POINT('',(-1.80288723447098,-3.31025887999038,4.7));
#5942=CARTESIAN_POINT('Ctrl Pts',(-1.70313141085876,-3.25928230556945,4.7));
#5943=CARTESIAN_POINT('Ctrl Pts',(-1.70313141085876,-3.25928230556945,4.701));
#5944=CARTESIAN_POINT('Ctrl Pts',(-1.71688930690605,-3.27414919804681,4.7));
#5945=CARTESIAN_POINT('Ctrl Pts',(-1.71688930690605,-3.27414919804681,4.701));
#5946=CARTESIAN_POINT('Ctrl Pts',(-1.74394722548976,-3.30338820122451,4.7));
#5947=CARTESIAN_POINT('Ctrl Pts',(-1.74394722548976,-3.30338820122451,4.701));
#5948=CARTESIAN_POINT('Ctrl Pts',(-1.7834634624452,-3.30799463707089,4.7));
#5949=CARTESIAN_POINT('Ctrl Pts',(-1.7834634624452,-3.30799463707089,4.701));
#5950=CARTESIAN_POINT('Ctrl Pts',(-1.80288723447098,-3.31025887999038,4.7));
#5951=CARTESIAN_POINT('Ctrl Pts',(-1.80288723447098,-3.31025887999038,4.701));
#5952=CARTESIAN_POINT('',(-1.70313141085876,-3.25928230556945,4.7));
#5953=CARTESIAN_POINT('Ctrl Pts',(-1.80288723447098,-3.31025887999038,4.7));
#5954=CARTESIAN_POINT('Ctrl Pts',(-1.7834634624452,-3.30799463707089,4.7));
#5955=CARTESIAN_POINT('Ctrl Pts',(-1.74394722548976,-3.30338820122451,4.7));
#5956=CARTESIAN_POINT('Ctrl Pts',(-1.71688930690605,-3.27414919804681,4.7));
#5957=CARTESIAN_POINT('Ctrl Pts',(-1.70313141085876,-3.25928230556945,4.7));
#5958=CARTESIAN_POINT('',(-1.70313141085876,-3.25928230556945,4.701));
#5959=CARTESIAN_POINT('Ctrl Pts',(-1.70313141085876,-3.25928230556945,4.701));
#5960=CARTESIAN_POINT('Ctrl Pts',(-1.71688930690605,-3.27414919804681,4.701));
#5961=CARTESIAN_POINT('Ctrl Pts',(-1.74394722548976,-3.30338820122451,4.701));
#5962=CARTESIAN_POINT('Ctrl Pts',(-1.7834634624452,-3.30799463707089,4.701));
#5963=CARTESIAN_POINT('Ctrl Pts',(-1.80288723447098,-3.31025887999038,4.701));
#5964=CARTESIAN_POINT('',(-1.70313141085876,-3.25928230556945,4.7));
#5965=CARTESIAN_POINT('Ctrl Pts',(-1.66402003505005,-3.07295416268806,4.7));
#5966=CARTESIAN_POINT('Ctrl Pts',(-1.66402003505005,-3.07295416268806,4.701));
#5967=CARTESIAN_POINT('Ctrl Pts',(-1.66395768521811,-3.11183871517172,4.7));
#5968=CARTESIAN_POINT('Ctrl Pts',(-1.66395768521811,-3.11183871517172,4.701));
#5969=CARTESIAN_POINT('Ctrl Pts',(-1.66385302884688,-3.17710779503021,4.7));
#5970=CARTESIAN_POINT('Ctrl Pts',(-1.66385302884688,-3.17710779503021,4.701));
#5971=CARTESIAN_POINT('Ctrl Pts',(-1.69182425583547,-3.23562654680246,4.7));
#5972=CARTESIAN_POINT('Ctrl Pts',(-1.69182425583547,-3.23562654680246,4.701));
#5973=CARTESIAN_POINT('Ctrl Pts',(-1.70313141085876,-3.25928230556945,4.7));
#5974=CARTESIAN_POINT('Ctrl Pts',(-1.70313141085876,-3.25928230556945,4.701));
#5975=CARTESIAN_POINT('',(-1.66402003505005,-3.07295416268806,4.7));
#5976=CARTESIAN_POINT('Ctrl Pts',(-1.70313141085876,-3.25928230556945,4.7));
#5977=CARTESIAN_POINT('Ctrl Pts',(-1.69182425583547,-3.23562654680246,4.7));
#5978=CARTESIAN_POINT('Ctrl Pts',(-1.66385302884688,-3.17710779503021,4.7));
#5979=CARTESIAN_POINT('Ctrl Pts',(-1.66395768521811,-3.11183871517172,4.7));
#5980=CARTESIAN_POINT('Ctrl Pts',(-1.66402003505005,-3.07295416268806,4.7));
#5981=CARTESIAN_POINT('',(-1.66402003505005,-3.07295416268806,4.701));
#5982=CARTESIAN_POINT('Ctrl Pts',(-1.66402003505005,-3.07295416268806,4.701));
#5983=CARTESIAN_POINT('Ctrl Pts',(-1.66395768521811,-3.11183871517172,4.701));
#5984=CARTESIAN_POINT('Ctrl Pts',(-1.66385302884688,-3.17710779503021,4.701));
#5985=CARTESIAN_POINT('Ctrl Pts',(-1.69182425583547,-3.23562654680246,4.701));
#5986=CARTESIAN_POINT('Ctrl Pts',(-1.70313141085876,-3.25928230556945,4.701));
#5987=CARTESIAN_POINT('',(-1.66402003505005,-3.07295416268806,4.7));
#5988=CARTESIAN_POINT('Ctrl Pts',(-1.70357084610237,-2.89761234793167,4.7));
#5989=CARTESIAN_POINT('Ctrl Pts',(-1.70357084610237,-2.89761234793167,4.701));
#5990=CARTESIAN_POINT('Ctrl Pts',(-1.69211947085537,-2.92024921885377,4.7));
#5991=CARTESIAN_POINT('Ctrl Pts',(-1.69211947085537,-2.92024921885377,4.701));
#5992=CARTESIAN_POINT('Ctrl Pts',(-1.66442075431314,-2.97500353940918,4.7));
#5993=CARTESIAN_POINT('Ctrl Pts',(-1.66442075431314,-2.97500353940918,4.701));
#5994=CARTESIAN_POINT('Ctrl Pts',(-1.66416818537231,-3.03674073912277,4.7));
#5995=CARTESIAN_POINT('Ctrl Pts',(-1.66416818537231,-3.03674073912277,4.701));
#5996=CARTESIAN_POINT('Ctrl Pts',(-1.66402003505005,-3.07295416268806,4.7));
#5997=CARTESIAN_POINT('Ctrl Pts',(-1.66402003505005,-3.07295416268806,4.701));
#5998=CARTESIAN_POINT('',(-1.70357084610237,-2.89761234793167,4.7));
#5999=CARTESIAN_POINT('Ctrl Pts',(-1.66402003505005,-3.07295416268806,4.7));
#6000=CARTESIAN_POINT('Ctrl Pts',(-1.66416818537231,-3.03674073912277,4.7));
#6001=CARTESIAN_POINT('Ctrl Pts',(-1.66442075431314,-2.97500353940918,4.7));
#6002=CARTESIAN_POINT('Ctrl Pts',(-1.69211947085537,-2.92024921885377,4.7));
#6003=CARTESIAN_POINT('Ctrl Pts',(-1.70357084610237,-2.89761234793167,4.7));
#6004=CARTESIAN_POINT('',(-1.70357084610237,-2.89761234793167,4.701));
#6005=CARTESIAN_POINT('Ctrl Pts',(-1.70357084610237,-2.89761234793167,4.701));
#6006=CARTESIAN_POINT('Ctrl Pts',(-1.69211947085537,-2.92024921885377,4.701));
#6007=CARTESIAN_POINT('Ctrl Pts',(-1.66442075431314,-2.97500353940918,4.701));
#6008=CARTESIAN_POINT('Ctrl Pts',(-1.66416818537231,-3.03674073912277,4.701));
#6009=CARTESIAN_POINT('Ctrl Pts',(-1.66402003505005,-3.07295416268806,4.701));
#6010=CARTESIAN_POINT('',(-1.70357084610237,-2.89761234793167,4.7));
#6011=CARTESIAN_POINT('Ctrl Pts',(-1.80200836398376,-2.84707535776595,4.7));
#6012=CARTESIAN_POINT('Ctrl Pts',(-1.80200836398376,-2.84707535776595,4.701));
#6013=CARTESIAN_POINT('Ctrl Pts',(-1.78302883153286,-2.84938459787206,4.7));
#6014=CARTESIAN_POINT('Ctrl Pts',(-1.78302883153286,-2.84938459787206,4.701));
#6015=CARTESIAN_POINT('Ctrl Pts',(-1.74409305729793,-2.85412191432904,4.7));
#6016=CARTESIAN_POINT('Ctrl Pts',(-1.74409305729793,-2.85412191432904,4.701));
#6017=CARTESIAN_POINT('Ctrl Pts',(-1.71730226674149,-2.8828751107485,4.7));
#6018=CARTESIAN_POINT('Ctrl Pts',(-1.71730226674149,-2.8828751107485,4.701));
#6019=CARTESIAN_POINT('Ctrl Pts',(-1.70357084610237,-2.89761234793167,4.7));
#6020=CARTESIAN_POINT('Ctrl Pts',(-1.70357084610237,-2.89761234793167,4.701));
#6021=CARTESIAN_POINT('Ctrl Pts',(-1.70357084610237,-2.89761234793167,4.7));
#6022=CARTESIAN_POINT('Ctrl Pts',(-1.71730226674149,-2.8828751107485,4.7));
#6023=CARTESIAN_POINT('Ctrl Pts',(-1.74409305729793,-2.85412191432904,4.7));
#6024=CARTESIAN_POINT('Ctrl Pts',(-1.78302883153286,-2.84938459787206,4.7));
#6025=CARTESIAN_POINT('Ctrl Pts',(-1.80200836398376,-2.84707535776595,4.7));
#6026=CARTESIAN_POINT('Ctrl Pts',(-1.80200836398376,-2.84707535776595,4.701));
#6027=CARTESIAN_POINT('Ctrl Pts',(-1.78302883153286,-2.84938459787206,4.701));
#6028=CARTESIAN_POINT('Ctrl Pts',(-1.74409305729793,-2.85412191432904,4.701));
#6029=CARTESIAN_POINT('Ctrl Pts',(-1.71730226674149,-2.8828751107485,4.701));
#6030=CARTESIAN_POINT('Ctrl Pts',(-1.70357084610237,-2.89761234793167,4.701));
#6031=CARTESIAN_POINT('Ctrl Pts',(-2.00855142214073,-2.83433113965492,4.7));
#6032=CARTESIAN_POINT('Ctrl Pts',(-2.00855142214073,-2.83433113965492,4.701));
#6033=CARTESIAN_POINT('Ctrl Pts',(-2.02879302744505,-2.86909065980002,4.7));
#6034=CARTESIAN_POINT('Ctrl Pts',(-2.02879302744505,-2.86909065980002,4.701));
#6035=CARTESIAN_POINT('Ctrl Pts',(-2.07105917454673,-2.94167141461411,4.7));
#6036=CARTESIAN_POINT('Ctrl Pts',(-2.07105917454673,-2.94167141461411,4.701));
#6037=CARTESIAN_POINT('Ctrl Pts',(-2.07561238257712,-3.02566839550129,4.7));
#6038=CARTESIAN_POINT('Ctrl Pts',(-2.07561238257712,-3.02566839550129,4.701));
#6039=CARTESIAN_POINT('Ctrl Pts',(-2.07798502185119,-3.06943853172759,4.7));
#6040=CARTESIAN_POINT('Ctrl Pts',(-2.07798502185119,-3.06943853172759,4.701));
#6041=CARTESIAN_POINT('',(-2.07798502185119,-3.06943853172759,4.7));
#6042=CARTESIAN_POINT('',(-2.00855142214073,-2.83433113965492,4.7));
#6043=CARTESIAN_POINT('Ctrl Pts',(-2.07798502185119,-3.06943853172759,4.7));
#6044=CARTESIAN_POINT('Ctrl Pts',(-2.07561238257712,-3.02566839550129,4.7));
#6045=CARTESIAN_POINT('Ctrl Pts',(-2.07105917454673,-2.94167141461411,4.7));
#6046=CARTESIAN_POINT('Ctrl Pts',(-2.02879302744505,-2.86909065980002,4.7));
#6047=CARTESIAN_POINT('Ctrl Pts',(-2.00855142214073,-2.83433113965492,4.7));
#6048=CARTESIAN_POINT('',(-2.07798502185119,-3.06943853172759,4.701));
#6049=CARTESIAN_POINT('',(-2.07798502185119,-3.06943853172759,4.7));
#6050=CARTESIAN_POINT('',(-2.00855142214073,-2.83433113965492,4.701));
#6051=CARTESIAN_POINT('Ctrl Pts',(-2.00855142214073,-2.83433113965492,4.701));
#6052=CARTESIAN_POINT('Ctrl Pts',(-2.02879302744505,-2.86909065980002,4.701));
#6053=CARTESIAN_POINT('Ctrl Pts',(-2.07105917454673,-2.94167141461411,4.701));
#6054=CARTESIAN_POINT('Ctrl Pts',(-2.07561238257712,-3.02566839550129,4.701));
#6055=CARTESIAN_POINT('Ctrl Pts',(-2.07798502185119,-3.06943853172759,4.701));
#6056=CARTESIAN_POINT('',(-2.00855142214073,-2.83433113965492,4.7));
#6057=CARTESIAN_POINT('Ctrl Pts',(-1.80640301444305,-2.73809094700317,4.7));
#6058=CARTESIAN_POINT('Ctrl Pts',(-1.80640301444305,-2.73809094700317,4.701));
#6059=CARTESIAN_POINT('Ctrl Pts',(-1.84758985260732,-2.74154341441002,4.7));
#6060=CARTESIAN_POINT('Ctrl Pts',(-1.84758985260732,-2.74154341441002,4.701));
#6061=CARTESIAN_POINT('Ctrl Pts',(-1.92732722131049,-2.74822736197254,4.7));
#6062=CARTESIAN_POINT('Ctrl Pts',(-1.92732722131049,-2.74822736197254,4.701));
#6063=CARTESIAN_POINT('Ctrl Pts',(-1.98208010889003,-2.80626955150999,4.7));
#6064=CARTESIAN_POINT('Ctrl Pts',(-1.98208010889003,-2.80626955150999,4.701));
#6065=CARTESIAN_POINT('Ctrl Pts',(-2.00855142214073,-2.83433113965492,4.7));
#6066=CARTESIAN_POINT('Ctrl Pts',(-2.00855142214073,-2.83433113965492,4.701));
#6067=CARTESIAN_POINT('',(-1.80640301444305,-2.73809094700317,4.7));
#6068=CARTESIAN_POINT('Ctrl Pts',(-2.00855142214073,-2.83433113965492,4.7));
#6069=CARTESIAN_POINT('Ctrl Pts',(-1.98208010889003,-2.80626955150999,4.7));
#6070=CARTESIAN_POINT('Ctrl Pts',(-1.92732722131049,-2.74822736197254,4.7));
#6071=CARTESIAN_POINT('Ctrl Pts',(-1.84758985260732,-2.74154341441002,4.7));
#6072=CARTESIAN_POINT('Ctrl Pts',(-1.80640301444305,-2.73809094700317,4.7));
#6073=CARTESIAN_POINT('',(-1.80640301444305,-2.73809094700317,4.701));
#6074=CARTESIAN_POINT('Ctrl Pts',(-1.80640301444305,-2.73809094700317,4.701));
#6075=CARTESIAN_POINT('Ctrl Pts',(-1.84758985260732,-2.74154341441002,4.701));
#6076=CARTESIAN_POINT('Ctrl Pts',(-1.92732722131049,-2.74822736197254,4.701));
#6077=CARTESIAN_POINT('Ctrl Pts',(-1.98208010889003,-2.80626955150999,4.701));
#6078=CARTESIAN_POINT('Ctrl Pts',(-2.00855142214073,-2.83433113965492,4.701));
#6079=CARTESIAN_POINT('',(-1.80640301444305,-2.73809094700317,4.7));
#6080=CARTESIAN_POINT('Ctrl Pts',(-1.60557261445297,-2.82466311726074,4.7));
#6081=CARTESIAN_POINT('Ctrl Pts',(-1.60557261445297,-2.82466311726074,4.701));
#6082=CARTESIAN_POINT('Ctrl Pts',(-1.6340023309955,-2.79941346367901,4.7));
#6083=CARTESIAN_POINT('Ctrl Pts',(-1.6340023309955,-2.79941346367901,4.701));
#6084=CARTESIAN_POINT('Ctrl Pts',(-1.69137068096609,-2.74846216554892,4.7));
#6085=CARTESIAN_POINT('Ctrl Pts',(-1.69137068096609,-2.74846216554892,4.701));
#6086=CARTESIAN_POINT('Ctrl Pts',(-1.76783280378596,-2.74156840479255,4.7));
#6087=CARTESIAN_POINT('Ctrl Pts',(-1.76783280378596,-2.74156840479255,4.701));
#6088=CARTESIAN_POINT('Ctrl Pts',(-1.80640301444305,-2.73809094700317,4.7));
#6089=CARTESIAN_POINT('Ctrl Pts',(-1.80640301444305,-2.73809094700317,4.701));
#6090=CARTESIAN_POINT('',(-1.60557261445297,-2.82466311726074,4.7));
#6091=CARTESIAN_POINT('Ctrl Pts',(-1.80640301444305,-2.73809094700317,4.7));
#6092=CARTESIAN_POINT('Ctrl Pts',(-1.76783280378596,-2.74156840479255,4.7));
#6093=CARTESIAN_POINT('Ctrl Pts',(-1.69137068096609,-2.74846216554892,4.7));
#6094=CARTESIAN_POINT('Ctrl Pts',(-1.6340023309955,-2.79941346367901,4.7));
#6095=CARTESIAN_POINT('Ctrl Pts',(-1.60557261445297,-2.82466311726074,4.7));
#6096=CARTESIAN_POINT('',(-1.60557261445297,-2.82466311726074,4.701));
#6097=CARTESIAN_POINT('Ctrl Pts',(-1.60557261445297,-2.82466311726074,4.701));
#6098=CARTESIAN_POINT('Ctrl Pts',(-1.6340023309955,-2.79941346367901,4.701));
#6099=CARTESIAN_POINT('Ctrl Pts',(-1.69137068096609,-2.74846216554892,4.701));
#6100=CARTESIAN_POINT('Ctrl Pts',(-1.76783280378596,-2.74156840479255,4.701));
#6101=CARTESIAN_POINT('Ctrl Pts',(-1.80640301444305,-2.73809094700317,4.701));
#6102=CARTESIAN_POINT('',(-1.60557261445297,-2.82466311726074,4.7));
#6103=CARTESIAN_POINT('Ctrl Pts',(-1.52603200413955,-3.07910655412177,4.7));
#6104=CARTESIAN_POINT('Ctrl Pts',(-1.52603200413955,-3.07910655412177,4.701));
#6105=CARTESIAN_POINT('Ctrl Pts',(-1.52784345392585,-3.02832016385713,4.7));
#6106=CARTESIAN_POINT('Ctrl Pts',(-1.52784345392585,-3.02832016385713,4.701));
#6107=CARTESIAN_POINT('Ctrl Pts',(-1.53114436065645,-2.93577487846426,4.7));
#6108=CARTESIAN_POINT('Ctrl Pts',(-1.53114436065645,-2.93577487846426,4.701));
#6109=CARTESIAN_POINT('Ctrl Pts',(-1.58243080581525,-2.85921084589887,4.7));
#6110=CARTESIAN_POINT('Ctrl Pts',(-1.58243080581525,-2.85921084589887,4.701));
#6111=CARTESIAN_POINT('Ctrl Pts',(-1.60557261445297,-2.82466311726074,4.7));
#6112=CARTESIAN_POINT('Ctrl Pts',(-1.60557261445297,-2.82466311726074,4.701));
#6113=CARTESIAN_POINT('',(-1.52603200413955,-3.07910655412177,4.7));
#6114=CARTESIAN_POINT('Ctrl Pts',(-1.60557261445297,-2.82466311726074,4.7));
#6115=CARTESIAN_POINT('Ctrl Pts',(-1.58243080581525,-2.85921084589887,4.7));
#6116=CARTESIAN_POINT('Ctrl Pts',(-1.53114436065645,-2.93577487846426,4.7));
#6117=CARTESIAN_POINT('Ctrl Pts',(-1.52784345392585,-3.02832016385713,4.7));
#6118=CARTESIAN_POINT('Ctrl Pts',(-1.52603200413955,-3.07910655412177,4.7));
#6119=CARTESIAN_POINT('',(-1.52603200413955,-3.07910655412177,4.701));
#6120=CARTESIAN_POINT('Ctrl Pts',(-1.52603200413955,-3.07910655412177,4.701));
#6121=CARTESIAN_POINT('Ctrl Pts',(-1.52784345392585,-3.02832016385713,4.701));
#6122=CARTESIAN_POINT('Ctrl Pts',(-1.53114436065645,-2.93577487846426,4.701));
#6123=CARTESIAN_POINT('Ctrl Pts',(-1.58243080581525,-2.85921084589887,4.701));
#6124=CARTESIAN_POINT('Ctrl Pts',(-1.60557261445297,-2.82466311726074,4.701));
#6125=CARTESIAN_POINT('',(-1.52603200413955,-3.07910655412177,4.7));
#6126=CARTESIAN_POINT('Ctrl Pts',(-1.60645178296341,-3.33091323050956,4.7));
#6127=CARTESIAN_POINT('Ctrl Pts',(-1.60645178296341,-3.33091323050956,4.701));
#6128=CARTESIAN_POINT('Ctrl Pts',(-1.58304171086211,-3.2963229659745,4.7));
#6129=CARTESIAN_POINT('Ctrl Pts',(-1.58304171086211,-3.2963229659745,4.701));
#6130=CARTESIAN_POINT('Ctrl Pts',(-1.53181306998857,-3.22062852847258,4.7));
#6131=CARTESIAN_POINT('Ctrl Pts',(-1.53181306998857,-3.22062852847258,4.701));
#6132=CARTESIAN_POINT('Ctrl Pts',(-1.52806649692707,-3.1289114592399,4.7));
#6133=CARTESIAN_POINT('Ctrl Pts',(-1.52806649692707,-3.1289114592399,4.701));
#6134=CARTESIAN_POINT('Ctrl Pts',(-1.52603200413955,-3.07910655412177,4.7));
#6135=CARTESIAN_POINT('Ctrl Pts',(-1.52603200413955,-3.07910655412177,4.701));
#6136=CARTESIAN_POINT('',(-1.60645178296341,-3.33091323050956,4.7));
#6137=CARTESIAN_POINT('Ctrl Pts',(-1.52603200413955,-3.07910655412177,4.7));
#6138=CARTESIAN_POINT('Ctrl Pts',(-1.52806649692707,-3.1289114592399,4.7));
#6139=CARTESIAN_POINT('Ctrl Pts',(-1.53181306998857,-3.22062852847258,4.7));
#6140=CARTESIAN_POINT('Ctrl Pts',(-1.58304171086211,-3.2963229659745,4.7));
#6141=CARTESIAN_POINT('Ctrl Pts',(-1.60645178296341,-3.33091323050956,4.7));
#6142=CARTESIAN_POINT('',(-1.60645178296341,-3.33091323050956,4.701));
#6143=CARTESIAN_POINT('Ctrl Pts',(-1.60645178296341,-3.33091323050956,4.701));
#6144=CARTESIAN_POINT('Ctrl Pts',(-1.58304171086211,-3.2963229659745,4.701));
#6145=CARTESIAN_POINT('Ctrl Pts',(-1.53181306998857,-3.22062852847258,4.701));
#6146=CARTESIAN_POINT('Ctrl Pts',(-1.52806649692707,-3.1289114592399,4.701));
#6147=CARTESIAN_POINT('Ctrl Pts',(-1.52603200413955,-3.07910655412177,4.701));
#6148=CARTESIAN_POINT('',(-1.60645178296341,-3.33091323050956,4.7));
#6149=CARTESIAN_POINT('Ctrl Pts',(-1.80552399494423,-3.41924329075317,4.7));
#6150=CARTESIAN_POINT('Ctrl Pts',(-1.80552399494423,-3.41924329075317,4.701));
#6151=CARTESIAN_POINT('Ctrl Pts',(-1.7675405854888,-3.41553468345565,4.7));
#6152=CARTESIAN_POINT('Ctrl Pts',(-1.7675405854888,-3.41553468345565,4.701));
#6153=CARTESIAN_POINT('Ctrl Pts',(-1.69142751324308,-3.40810318904231,4.7));
#6154=CARTESIAN_POINT('Ctrl Pts',(-1.69142751324308,-3.40810318904231,4.701));
#6155=CARTESIAN_POINT('Ctrl Pts',(-1.63481328831341,-3.35667615616714,4.7));
#6156=CARTESIAN_POINT('Ctrl Pts',(-1.63481328831341,-3.35667615616714,4.701));
#6157=CARTESIAN_POINT('Ctrl Pts',(-1.60645178296341,-3.33091323050956,4.7));
#6158=CARTESIAN_POINT('Ctrl Pts',(-1.60645178296341,-3.33091323050956,4.701));
#6159=CARTESIAN_POINT('',(-1.80552399494423,-3.41924329075317,4.7));
#6160=CARTESIAN_POINT('Ctrl Pts',(-1.60645178296341,-3.33091323050956,4.7));
#6161=CARTESIAN_POINT('Ctrl Pts',(-1.63481328831341,-3.35667615616714,4.7));
#6162=CARTESIAN_POINT('Ctrl Pts',(-1.69142751324308,-3.40810318904231,4.7));
#6163=CARTESIAN_POINT('Ctrl Pts',(-1.7675405854888,-3.41553468345565,4.7));
#6164=CARTESIAN_POINT('Ctrl Pts',(-1.80552399494423,-3.41924329075317,4.7));
#6165=CARTESIAN_POINT('',(-1.80552399494423,-3.41924329075317,4.701));
#6166=CARTESIAN_POINT('Ctrl Pts',(-1.80552399494423,-3.41924329075317,4.701));
#6167=CARTESIAN_POINT('Ctrl Pts',(-1.7675405854888,-3.41553468345565,4.701));
#6168=CARTESIAN_POINT('Ctrl Pts',(-1.69142751324308,-3.40810318904231,4.701));
#6169=CARTESIAN_POINT('Ctrl Pts',(-1.63481328831341,-3.35667615616714,4.701));
#6170=CARTESIAN_POINT('Ctrl Pts',(-1.60645178296341,-3.33091323050956,4.701));
#6171=CARTESIAN_POINT('',(-1.80552399494423,-3.41924329075317,4.7));
#6172=CARTESIAN_POINT('Ctrl Pts',(-2.00020185448898,-3.33179210099677,4.7));
#6173=CARTESIAN_POINT('Ctrl Pts',(-2.00020185448898,-3.33179210099677,4.701));
#6174=CARTESIAN_POINT('Ctrl Pts',(-1.97265128259779,-3.3572986784773,4.7));
#6175=CARTESIAN_POINT('Ctrl Pts',(-1.97265128259779,-3.3572986784773,4.701));
#6176=CARTESIAN_POINT('Ctrl Pts',(-1.91756950240211,-3.40829390644844,4.7));
#6177=CARTESIAN_POINT('Ctrl Pts',(-1.91756950240211,-3.40829390644844,4.701));
#6178=CARTESIAN_POINT('Ctrl Pts',(-1.84286374334709,-3.41559435145715,4.7));
#6179=CARTESIAN_POINT('Ctrl Pts',(-1.84286374334709,-3.41559435145715,4.701));
#6180=CARTESIAN_POINT('Ctrl Pts',(-1.80552399494423,-3.41924329075317,4.7));
#6181=CARTESIAN_POINT('Ctrl Pts',(-1.80552399494423,-3.41924329075317,4.701));
#6182=CARTESIAN_POINT('',(-2.00020185448898,-3.33179210099677,4.7));
#6183=CARTESIAN_POINT('Ctrl Pts',(-1.80552399494423,-3.41924329075317,4.7));
#6184=CARTESIAN_POINT('Ctrl Pts',(-1.84286374334709,-3.41559435145715,4.7));
#6185=CARTESIAN_POINT('Ctrl Pts',(-1.91756950240211,-3.40829390644844,4.7));
#6186=CARTESIAN_POINT('Ctrl Pts',(-1.97265128259779,-3.3572986784773,4.7));
#6187=CARTESIAN_POINT('Ctrl Pts',(-2.00020185448898,-3.33179210099677,4.7));
#6188=CARTESIAN_POINT('',(-2.00020185448898,-3.33179210099677,4.701));
#6189=CARTESIAN_POINT('Ctrl Pts',(-2.00020185448898,-3.33179210099677,4.701));
#6190=CARTESIAN_POINT('Ctrl Pts',(-1.97265128259779,-3.3572986784773,4.701));
#6191=CARTESIAN_POINT('Ctrl Pts',(-1.91756950240211,-3.40829390644844,4.701));
#6192=CARTESIAN_POINT('Ctrl Pts',(-1.84286374334709,-3.41559435145715,4.701));
#6193=CARTESIAN_POINT('Ctrl Pts',(-1.80552399494423,-3.41924329075317,4.701));
#6194=CARTESIAN_POINT('',(-2.00020185448898,-3.33179210099677,4.7));
#6195=CARTESIAN_POINT('Ctrl Pts',(-2.07798502185119,-3.06943853172759,4.7));
#6196=CARTESIAN_POINT('Ctrl Pts',(-2.07798502185119,-3.06943853172759,4.701));
#6197=CARTESIAN_POINT('Ctrl Pts',(-2.07641919688322,-3.12201727101626,4.7));
#6198=CARTESIAN_POINT('Ctrl Pts',(-2.07641919688322,-3.12201727101626,4.701));
#6199=CARTESIAN_POINT('Ctrl Pts',(-2.07359573383078,-3.21682616138478,4.7));
#6200=CARTESIAN_POINT('Ctrl Pts',(-2.07359573383078,-3.21682616138478,4.701));
#6201=CARTESIAN_POINT('Ctrl Pts',(-2.02281901949672,-3.29636402920395,4.7));
#6202=CARTESIAN_POINT('Ctrl Pts',(-2.02281901949672,-3.29636402920395,4.701));
#6203=CARTESIAN_POINT('Ctrl Pts',(-2.00020185448898,-3.33179210099677,4.7));
#6204=CARTESIAN_POINT('Ctrl Pts',(-2.00020185448898,-3.33179210099677,4.701));
#6205=CARTESIAN_POINT('Ctrl Pts',(-2.00020185448898,-3.33179210099677,4.7));
#6206=CARTESIAN_POINT('Ctrl Pts',(-2.02281901949672,-3.29636402920395,4.7));
#6207=CARTESIAN_POINT('Ctrl Pts',(-2.07359573383078,-3.21682616138478,4.7));
#6208=CARTESIAN_POINT('Ctrl Pts',(-2.07641919688322,-3.12201727101626,4.7));
#6209=CARTESIAN_POINT('Ctrl Pts',(-2.07798502185119,-3.06943853172759,4.7));
#6210=CARTESIAN_POINT('Ctrl Pts',(-2.07798502185119,-3.06943853172759,4.701));
#6211=CARTESIAN_POINT('Ctrl Pts',(-2.07641919688322,-3.12201727101626,4.701));
#6212=CARTESIAN_POINT('Ctrl Pts',(-2.07359573383078,-3.21682616138478,4.701));
#6213=CARTESIAN_POINT('Ctrl Pts',(-2.02281901949672,-3.29636402920395,4.701));
#6214=CARTESIAN_POINT('Ctrl Pts',(-2.00020185448898,-3.33179210099677,4.701));
#6215=CARTESIAN_POINT('Origin',(-0.0147524826295498,-2.74028819772701,4.701));
#6216=CARTESIAN_POINT('Origin',(-0.0147524826295498,-2.74028819772701,4.7));
#6217=CARTESIAN_POINT('Origin',(-1.27114883401169,-2.08330576095085,4.7));
#6218=CARTESIAN_POINT('',(-1.27114883401169,-3.3717823472927,4.7));
#6219=CARTESIAN_POINT('',(-1.27114883401169,-2.08330576095085,4.7));
#6220=CARTESIAN_POINT('',(-1.27114883401169,-3.3717823472927,4.7));
#6221=CARTESIAN_POINT('',(-1.27114883401169,-3.3717823472927,4.701));
#6222=CARTESIAN_POINT('',(-1.27114883401169,-3.3717823472927,4.7));
#6223=CARTESIAN_POINT('',(-1.27114883401169,-2.08330576095085,4.701));
#6224=CARTESIAN_POINT('',(-1.27114883401169,-3.3717823472927,4.701));
#6225=CARTESIAN_POINT('',(-1.27114883401169,-2.08330576095085,4.7));
#6226=CARTESIAN_POINT('Origin',(-1.10064110495819,-2.08330576095085,4.7));
#6227=CARTESIAN_POINT('',(-1.10064110495819,-2.08330576095085,4.7));
#6228=CARTESIAN_POINT('',(-1.27114883401169,-2.08330576095085,4.7));
#6229=CARTESIAN_POINT('',(-1.10064110495819,-2.08330576095085,4.701));
#6230=CARTESIAN_POINT('',(-1.27114883401169,-2.08330576095085,4.701));
#6231=CARTESIAN_POINT('',(-1.10064110495819,-2.08330576095085,4.7));
#6232=CARTESIAN_POINT('Origin',(-1.10064110495819,-2.61240732643108,4.7));
#6233=CARTESIAN_POINT('',(-1.10064110495819,-2.61240732643108,4.7));
#6234=CARTESIAN_POINT('',(-1.10064110495819,-2.08330576095085,4.7));
#6235=CARTESIAN_POINT('',(-1.10064110495819,-2.61240732643108,4.701));
#6236=CARTESIAN_POINT('',(-1.10064110495819,-2.08330576095085,4.701));
#6237=CARTESIAN_POINT('',(-1.10064110495819,-2.61240732643108,4.7));
#6238=CARTESIAN_POINT('Origin',(-0.430914375565183,-2.61240732643108,4.7));
#6239=CARTESIAN_POINT('',(-0.430914375565183,-2.61240732643108,4.7));
#6240=CARTESIAN_POINT('',(-1.10064110495819,-2.61240732643108,4.7));
#6241=CARTESIAN_POINT('',(-0.430914375565183,-2.61240732643108,4.701));
#6242=CARTESIAN_POINT('',(-1.10064110495819,-2.61240732643108,4.701));
#6243=CARTESIAN_POINT('',(-0.430914375565183,-2.61240732643108,4.7));
#6244=CARTESIAN_POINT('Origin',(-0.430914375565183,-2.08330576095085,4.7));
#6245=CARTESIAN_POINT('',(-0.430914375565183,-2.08330576095085,4.7));
#6246=CARTESIAN_POINT('',(-0.430914375565183,-2.61240732643108,4.7));
#6247=CARTESIAN_POINT('',(-0.430914375565183,-2.08330576095085,4.701));
#6248=CARTESIAN_POINT('',(-0.430914375565183,-2.61240732643108,4.701));
#6249=CARTESIAN_POINT('',(-0.430914375565183,-2.08330576095085,4.7));
#6250=CARTESIAN_POINT('Origin',(-0.260406646511686,-2.08330576095085,4.7));
#6251=CARTESIAN_POINT('',(-0.260406646511686,-2.08330576095085,4.7));
#6252=CARTESIAN_POINT('',(-0.430914375565183,-2.08330576095085,4.7));
#6253=CARTESIAN_POINT('',(-0.260406646511686,-2.08330576095085,4.701));
#6254=CARTESIAN_POINT('',(-0.430914375565183,-2.08330576095085,4.701));
#6255=CARTESIAN_POINT('',(-0.260406646511686,-2.08330576095085,4.7));
#6256=CARTESIAN_POINT('Origin',(-0.260406646511686,-3.3717823472927,4.7));
#6257=CARTESIAN_POINT('',(-0.260406646511686,-3.3717823472927,4.7));
#6258=CARTESIAN_POINT('',(-0.260406646511686,-2.08330576095085,4.7));
#6259=CARTESIAN_POINT('',(-0.260406646511686,-3.3717823472927,4.701));
#6260=CARTESIAN_POINT('',(-0.260406646511686,-2.08330576095085,4.701));
#6261=CARTESIAN_POINT('',(-0.260406646511686,-3.3717823472927,4.7));
#6262=CARTESIAN_POINT('Origin',(-0.430914375565183,-3.3717823472927,4.7));
#6263=CARTESIAN_POINT('',(-0.430914375565183,-3.3717823472927,4.7));
#6264=CARTESIAN_POINT('',(-0.260406646511686,-3.3717823472927,4.7));
#6265=CARTESIAN_POINT('',(-0.430914375565183,-3.3717823472927,4.701));
#6266=CARTESIAN_POINT('',(-0.260406646511686,-3.3717823472927,4.701));
#6267=CARTESIAN_POINT('',(-0.430914375565183,-3.3717823472927,4.7));
#6268=CARTESIAN_POINT('Origin',(-0.430914375565183,-2.76445810470085,4.7));
#6269=CARTESIAN_POINT('',(-0.430914375565183,-2.76445810470085,4.7));
#6270=CARTESIAN_POINT('',(-0.430914375565183,-3.3717823472927,4.7));
#6271=CARTESIAN_POINT('',(-0.430914375565183,-2.76445810470085,4.701));
#6272=CARTESIAN_POINT('',(-0.430914375565183,-3.3717823472927,4.701));
#6273=CARTESIAN_POINT('',(-0.430914375565183,-2.76445810470085,4.7));
#6274=CARTESIAN_POINT('Origin',(-1.10064110495819,-2.76445810470085,4.7));
#6275=CARTESIAN_POINT('',(-1.10064110495819,-2.76445810470085,4.7));
#6276=CARTESIAN_POINT('',(-0.430914375565183,-2.76445810470085,4.7));
#6277=CARTESIAN_POINT('',(-1.10064110495819,-2.76445810470085,4.701));
#6278=CARTESIAN_POINT('',(-0.430914375565183,-2.76445810470085,4.701));
#6279=CARTESIAN_POINT('',(-1.10064110495819,-2.76445810470085,4.7));
#6280=CARTESIAN_POINT('Origin',(-1.10064110495819,-3.3717823472927,4.7));
#6281=CARTESIAN_POINT('',(-1.10064110495819,-3.3717823472927,4.7));
#6282=CARTESIAN_POINT('',(-1.10064110495819,-2.76445810470085,4.7));
#6283=CARTESIAN_POINT('',(-1.10064110495819,-3.3717823472927,4.701));
#6284=CARTESIAN_POINT('',(-1.10064110495819,-2.76445810470085,4.701));
#6285=CARTESIAN_POINT('',(-1.10064110495819,-3.3717823472927,4.7));
#6286=CARTESIAN_POINT('Origin',(-1.27114883401169,-3.3717823472927,4.7));
#6287=CARTESIAN_POINT('',(-1.10064110495819,-3.3717823472927,4.7));
#6288=CARTESIAN_POINT('',(-1.10064110495819,-3.3717823472927,4.701));
#6289=CARTESIAN_POINT('Origin',(-0.0147524826295498,-2.74028819772701,4.701));
#6290=CARTESIAN_POINT('Origin',(-0.0147524826295498,-2.74028819772701,4.7));
#6291=CARTESIAN_POINT('Origin',(2.42728837988602,-2.6959034499834,4.7));
#6292=CARTESIAN_POINT('',(2.09418305418717,-2.6959034499834,4.7));
#6293=CARTESIAN_POINT('',(2.42728837988602,-2.6959034499834,4.7));
#6294=CARTESIAN_POINT('',(2.09418305418717,-2.6959034499834,4.7));
#6295=CARTESIAN_POINT('',(2.09418305418717,-2.6959034499834,4.701));
#6296=CARTESIAN_POINT('',(2.09418305418717,-2.6959034499834,4.7));
#6297=CARTESIAN_POINT('',(2.42728837988602,-2.6959034499834,4.701));
#6298=CARTESIAN_POINT('',(2.09418305418717,-2.6959034499834,4.701));
#6299=CARTESIAN_POINT('',(2.42728837988602,-2.6959034499834,4.7));
#6300=CARTESIAN_POINT('Ctrl Pts',(2.66195663473831,-2.63437998268108,4.7));
#6301=CARTESIAN_POINT('Ctrl Pts',(2.66195663473831,-2.63437998268108,4.701));
#6302=CARTESIAN_POINT('Ctrl Pts',(2.6315453172774,-2.65221882309272,4.7));
#6303=CARTESIAN_POINT('Ctrl Pts',(2.6315453172774,-2.65221882309272,4.701));
#6304=CARTESIAN_POINT('Ctrl Pts',(2.55964053920877,-2.69439712932524,4.7));
#6305=CARTESIAN_POINT('Ctrl Pts',(2.55964053920877,-2.69439712932524,4.701));
#6306=CARTESIAN_POINT('Ctrl Pts',(2.47571725473724,-2.69535227337236,4.7));
#6307=CARTESIAN_POINT('Ctrl Pts',(2.47571725473724,-2.69535227337236,4.701));
#6308=CARTESIAN_POINT('Ctrl Pts',(2.42728837988602,-2.6959034499834,4.7));
#6309=CARTESIAN_POINT('Ctrl Pts',(2.42728837988602,-2.6959034499834,4.701));
#6310=CARTESIAN_POINT('',(2.66195663473831,-2.63437998268108,4.7));
#6311=CARTESIAN_POINT('Ctrl Pts',(2.42728837988602,-2.6959034499834,4.7));
#6312=CARTESIAN_POINT('Ctrl Pts',(2.47571725473724,-2.69535227337236,4.7));
#6313=CARTESIAN_POINT('Ctrl Pts',(2.55964053920877,-2.69439712932524,4.7));
#6314=CARTESIAN_POINT('Ctrl Pts',(2.6315453172774,-2.65221882309272,4.7));
#6315=CARTESIAN_POINT('Ctrl Pts',(2.66195663473831,-2.63437998268108,4.7));
#6316=CARTESIAN_POINT('',(2.66195663473831,-2.63437998268108,4.701));
#6317=CARTESIAN_POINT('Ctrl Pts',(2.66195663473831,-2.63437998268108,4.701));
#6318=CARTESIAN_POINT('Ctrl Pts',(2.6315453172774,-2.65221882309272,4.701));
#6319=CARTESIAN_POINT('Ctrl Pts',(2.55964053920877,-2.69439712932524,4.701));
#6320=CARTESIAN_POINT('Ctrl Pts',(2.47571725473724,-2.69535227337236,4.701));
#6321=CARTESIAN_POINT('Ctrl Pts',(2.42728837988602,-2.6959034499834,4.701));
#6322=CARTESIAN_POINT('',(2.66195663473831,-2.63437998268108,4.7));
#6323=CARTESIAN_POINT('Ctrl Pts',(2.73139008543717,-2.46123541864852,4.7));
#6324=CARTESIAN_POINT('Ctrl Pts',(2.73139008543717,-2.46123541864852,4.701));
#6325=CARTESIAN_POINT('Ctrl Pts',(2.72915841886521,-2.49574182085521,4.7));
#6326=CARTESIAN_POINT('Ctrl Pts',(2.72915841886521,-2.49574182085521,4.701));
#6327=CARTESIAN_POINT('Ctrl Pts',(2.72491867383098,-2.56129746847896,4.7));
#6328=CARTESIAN_POINT('Ctrl Pts',(2.72491867383098,-2.56129746847896,4.701));
#6329=CARTESIAN_POINT('Ctrl Pts',(2.68219291617513,-2.61089093520396,4.7));
#6330=CARTESIAN_POINT('Ctrl Pts',(2.68219291617513,-2.61089093520396,4.701));
#6331=CARTESIAN_POINT('Ctrl Pts',(2.66195663473831,-2.63437998268108,4.7));
#6332=CARTESIAN_POINT('Ctrl Pts',(2.66195663473831,-2.63437998268108,4.701));
#6333=CARTESIAN_POINT('',(2.73139008543717,-2.46123541864852,4.7));
#6334=CARTESIAN_POINT('Ctrl Pts',(2.66195663473831,-2.63437998268108,4.7));
#6335=CARTESIAN_POINT('Ctrl Pts',(2.68219291617513,-2.61089093520396,4.7));
#6336=CARTESIAN_POINT('Ctrl Pts',(2.72491867383098,-2.56129746847896,4.7));
#6337=CARTESIAN_POINT('Ctrl Pts',(2.72915841886521,-2.49574182085521,4.7));
#6338=CARTESIAN_POINT('Ctrl Pts',(2.73139008543717,-2.46123541864852,4.7));
#6339=CARTESIAN_POINT('',(2.73139008543717,-2.46123541864852,4.701));
#6340=CARTESIAN_POINT('Ctrl Pts',(2.73139008543717,-2.46123541864852,4.701));
#6341=CARTESIAN_POINT('Ctrl Pts',(2.72915841886521,-2.49574182085521,4.701));
#6342=CARTESIAN_POINT('Ctrl Pts',(2.72491867383098,-2.56129746847896,4.701));
#6343=CARTESIAN_POINT('Ctrl Pts',(2.68219291617513,-2.61089093520396,4.701));
#6344=CARTESIAN_POINT('Ctrl Pts',(2.66195663473831,-2.63437998268108,4.701));
#6345=CARTESIAN_POINT('',(2.73139008543717,-2.46123541864852,4.7));
#6346=CARTESIAN_POINT('Ctrl Pts',(2.69052096865402,-2.32280772897701,4.7));
#6347=CARTESIAN_POINT('Ctrl Pts',(2.69052096865402,-2.32280772897701,4.701));
#6348=CARTESIAN_POINT('Ctrl Pts',(2.7024369978681,-2.34342591688935,4.7));
#6349=CARTESIAN_POINT('Ctrl Pts',(2.7024369978681,-2.34342591688935,4.701));
#6350=CARTESIAN_POINT('Ctrl Pts',(2.72716867083886,-2.38621888689109,4.7));
#6351=CARTESIAN_POINT('Ctrl Pts',(2.72716867083886,-2.38621888689109,4.701));
#6352=CARTESIAN_POINT('Ctrl Pts',(2.72994923292475,-2.43563078879323,4.7));
#6353=CARTESIAN_POINT('Ctrl Pts',(2.72994923292475,-2.43563078879323,4.701));
#6354=CARTESIAN_POINT('Ctrl Pts',(2.73139008543717,-2.46123541864852,4.7));
#6355=CARTESIAN_POINT('Ctrl Pts',(2.73139008543717,-2.46123541864852,4.701));
#6356=CARTESIAN_POINT('',(2.69052096865402,-2.32280772897701,4.7));
#6357=CARTESIAN_POINT('Ctrl Pts',(2.73139008543717,-2.46123541864852,4.7));
#6358=CARTESIAN_POINT('Ctrl Pts',(2.72994923292475,-2.43563078879323,4.7));
#6359=CARTESIAN_POINT('Ctrl Pts',(2.72716867083886,-2.38621888689109,4.7));
#6360=CARTESIAN_POINT('Ctrl Pts',(2.7024369978681,-2.34342591688935,4.7));
#6361=CARTESIAN_POINT('Ctrl Pts',(2.69052096865402,-2.32280772897701,4.7));
#6362=CARTESIAN_POINT('',(2.69052096865402,-2.32280772897701,4.701));
#6363=CARTESIAN_POINT('Ctrl Pts',(2.69052096865402,-2.32280772897701,4.701));
#6364=CARTESIAN_POINT('Ctrl Pts',(2.7024369978681,-2.34342591688935,4.701));
#6365=CARTESIAN_POINT('Ctrl Pts',(2.72716867083886,-2.38621888689109,4.701));
#6366=CARTESIAN_POINT('Ctrl Pts',(2.72994923292475,-2.43563078879323,4.701));
#6367=CARTESIAN_POINT('Ctrl Pts',(2.73139008543717,-2.46123541864852,4.701));
#6368=CARTESIAN_POINT('',(2.69052096865402,-2.32280772897701,4.7));
#6369=CARTESIAN_POINT('Ctrl Pts',(2.58285471461045,-2.24678230258922,4.7));
#6370=CARTESIAN_POINT('Ctrl Pts',(2.58285471461045,-2.24678230258922,4.701));
#6371=CARTESIAN_POINT('Ctrl Pts',(2.60407425289073,-2.25461256446466,4.7));
#6372=CARTESIAN_POINT('Ctrl Pts',(2.60407425289073,-2.25461256446466,4.701));
#6373=CARTESIAN_POINT('Ctrl Pts',(2.64672978094184,-2.27035296138865,4.7));
#6374=CARTESIAN_POINT('Ctrl Pts',(2.64672978094184,-2.27035296138865,4.701));
#6375=CARTESIAN_POINT('Ctrl Pts',(2.67587460851541,-2.30526375592617,4.7));
#6376=CARTESIAN_POINT('Ctrl Pts',(2.67587460851541,-2.30526375592617,4.701));
#6377=CARTESIAN_POINT('Ctrl Pts',(2.69052096865402,-2.32280772897701,4.7));
#6378=CARTESIAN_POINT('Ctrl Pts',(2.69052096865402,-2.32280772897701,4.701));
#6379=CARTESIAN_POINT('',(2.58285471461045,-2.24678230258922,4.7));
#6380=CARTESIAN_POINT('Ctrl Pts',(2.69052096865402,-2.32280772897701,4.7));
#6381=CARTESIAN_POINT('Ctrl Pts',(2.67587460851541,-2.30526375592617,4.7));
#6382=CARTESIAN_POINT('Ctrl Pts',(2.64672978094184,-2.27035296138865,4.7));
#6383=CARTESIAN_POINT('Ctrl Pts',(2.60407425289073,-2.25461256446466,4.7));
#6384=CARTESIAN_POINT('Ctrl Pts',(2.58285471461045,-2.24678230258922,4.7));
#6385=CARTESIAN_POINT('',(2.58285471461045,-2.24678230258922,4.701));
#6386=CARTESIAN_POINT('Ctrl Pts',(2.58285471461045,-2.24678230258922,4.701));
#6387=CARTESIAN_POINT('Ctrl Pts',(2.60407425289073,-2.25461256446466,4.701));
#6388=CARTESIAN_POINT('Ctrl Pts',(2.64672978094184,-2.27035296138865,4.701));
#6389=CARTESIAN_POINT('Ctrl Pts',(2.67587460851541,-2.30526375592617,4.701));
#6390=CARTESIAN_POINT('Ctrl Pts',(2.69052096865402,-2.32280772897701,4.701));
#6391=CARTESIAN_POINT('',(2.58285471461045,-2.24678230258922,4.7));
#6392=CARTESIAN_POINT('Ctrl Pts',(2.42377289793717,-2.23535653922061,4.7));
#6393=CARTESIAN_POINT('Ctrl Pts',(2.42377289793717,-2.23535653922061,4.701));
#6394=CARTESIAN_POINT('Ctrl Pts',(2.45645739880851,-2.23521794745124,4.7));
#6395=CARTESIAN_POINT('Ctrl Pts',(2.45645739880851,-2.23521794745124,4.701));
#6396=CARTESIAN_POINT('Ctrl Pts',(2.50982458263869,-2.2349916551036,4.7));
#6397=CARTESIAN_POINT('Ctrl Pts',(2.50982458263869,-2.2349916551036,4.701));
#6398=CARTESIAN_POINT('Ctrl Pts',(2.5624568512312,-2.24348908634996,4.7));
#6399=CARTESIAN_POINT('Ctrl Pts',(2.5624568512312,-2.24348908634996,4.701));
#6400=CARTESIAN_POINT('Ctrl Pts',(2.58285471461045,-2.24678230258922,4.7));
#6401=CARTESIAN_POINT('Ctrl Pts',(2.58285471461045,-2.24678230258922,4.701));
#6402=CARTESIAN_POINT('',(2.42377289793717,-2.23535653922061,4.7));
#6403=CARTESIAN_POINT('Ctrl Pts',(2.58285471461045,-2.24678230258922,4.7));
#6404=CARTESIAN_POINT('Ctrl Pts',(2.5624568512312,-2.24348908634996,4.7));
#6405=CARTESIAN_POINT('Ctrl Pts',(2.50982458263869,-2.2349916551036,4.7));
#6406=CARTESIAN_POINT('Ctrl Pts',(2.45645739880851,-2.23521794745124,4.7));
#6407=CARTESIAN_POINT('Ctrl Pts',(2.42377289793717,-2.23535653922061,4.7));
#6408=CARTESIAN_POINT('',(2.42377289793717,-2.23535653922061,4.701));
#6409=CARTESIAN_POINT('Ctrl Pts',(2.42377289793717,-2.23535653922061,4.701));
#6410=CARTESIAN_POINT('Ctrl Pts',(2.45645739880851,-2.23521794745124,4.701));
#6411=CARTESIAN_POINT('Ctrl Pts',(2.50982458263869,-2.2349916551036,4.701));
#6412=CARTESIAN_POINT('Ctrl Pts',(2.5624568512312,-2.24348908634996,4.701));
#6413=CARTESIAN_POINT('Ctrl Pts',(2.58285471461045,-2.24678230258922,4.701));
#6414=CARTESIAN_POINT('',(2.42377289793717,-2.23535653922061,4.7));
#6415=CARTESIAN_POINT('Origin',(2.09418305418717,-2.23535653922061,4.7));
#6416=CARTESIAN_POINT('',(2.09418305418717,-2.23535653922061,4.7));
#6417=CARTESIAN_POINT('',(2.42377289793717,-2.23535653922061,4.7));
#6418=CARTESIAN_POINT('',(2.09418305418717,-2.23535653922061,4.701));
#6419=CARTESIAN_POINT('',(2.42377289793717,-2.23535653922061,4.701));
#6420=CARTESIAN_POINT('',(2.09418305418717,-2.23535653922061,4.7));
#6421=CARTESIAN_POINT('Origin',(2.09418305418717,-2.6959034499834,4.7));
#6422=CARTESIAN_POINT('',(2.09418305418717,-2.23535653922061,4.7));
#6423=CARTESIAN_POINT('',(2.09418305418717,-2.23535653922061,4.701));
#6424=CARTESIAN_POINT('Origin',(1.92367502711045,-2.08330576095085,4.7));
#6425=CARTESIAN_POINT('',(1.92367502711045,-3.3717823472927,4.7));
#6426=CARTESIAN_POINT('',(1.92367502711045,-2.08330576095085,4.7));
#6427=CARTESIAN_POINT('',(1.92367502711045,-3.3717823472927,4.7));
#6428=CARTESIAN_POINT('',(1.92367502711045,-3.3717823472927,4.701));
#6429=CARTESIAN_POINT('',(1.92367502711045,-3.3717823472927,4.7));
#6430=CARTESIAN_POINT('',(1.92367502711045,-2.08330576095085,4.701));
#6431=CARTESIAN_POINT('',(1.92367502711045,-3.3717823472927,4.701));
#6432=CARTESIAN_POINT('',(1.92367502711045,-2.08330576095085,4.7));
#6433=CARTESIAN_POINT('Origin',(2.40971037409531,-2.08330576095085,4.7));
#6434=CARTESIAN_POINT('',(2.40971037409531,-2.08330576095085,4.7));
#6435=CARTESIAN_POINT('',(1.92367502711045,-2.08330576095085,4.7));
#6436=CARTESIAN_POINT('',(2.40971037409531,-2.08330576095085,4.701));
#6437=CARTESIAN_POINT('',(1.92367502711045,-2.08330576095085,4.701));
#6438=CARTESIAN_POINT('',(2.40971037409531,-2.08330576095085,4.7));
#6439=CARTESIAN_POINT('Ctrl Pts',(2.60570653937088,-2.09561039480667,4.7));
#6440=CARTESIAN_POINT('Ctrl Pts',(2.60570653937088,-2.09561039480667,4.701));
#6441=CARTESIAN_POINT('Ctrl Pts',(2.57812813560561,-2.09204207601691,4.7));
#6442=CARTESIAN_POINT('Ctrl Pts',(2.57812813560561,-2.09204207601691,4.701));
#6443=CARTESIAN_POINT('Ctrl Pts',(2.51309442489021,-2.08362748415407,4.7));
#6444=CARTESIAN_POINT('Ctrl Pts',(2.51309442489021,-2.08362748415407,4.701));
#6445=CARTESIAN_POINT('Ctrl Pts',(2.44749277697585,-2.08342333687853,4.7));
#6446=CARTESIAN_POINT('Ctrl Pts',(2.44749277697585,-2.08342333687853,4.701));
#6447=CARTESIAN_POINT('Ctrl Pts',(2.40971037409531,-2.08330576095085,4.7));
#6448=CARTESIAN_POINT('Ctrl Pts',(2.40971037409531,-2.08330576095085,4.701));
#6449=CARTESIAN_POINT('',(2.60570653937088,-2.09561039480667,4.7));
#6450=CARTESIAN_POINT('Ctrl Pts',(2.40971037409531,-2.08330576095085,4.7));
#6451=CARTESIAN_POINT('Ctrl Pts',(2.44749277697585,-2.08342333687853,4.7));
#6452=CARTESIAN_POINT('Ctrl Pts',(2.51309442489021,-2.08362748415407,4.7));
#6453=CARTESIAN_POINT('Ctrl Pts',(2.57812813560561,-2.09204207601691,4.7));
#6454=CARTESIAN_POINT('Ctrl Pts',(2.60570653937088,-2.09561039480667,4.7));
#6455=CARTESIAN_POINT('',(2.60570653937088,-2.09561039480667,4.701));
#6456=CARTESIAN_POINT('Ctrl Pts',(2.60570653937088,-2.09561039480667,4.701));
#6457=CARTESIAN_POINT('Ctrl Pts',(2.57812813560561,-2.09204207601691,4.701));
#6458=CARTESIAN_POINT('Ctrl Pts',(2.51309442489021,-2.08362748415407,4.701));
#6459=CARTESIAN_POINT('Ctrl Pts',(2.44749277697585,-2.08342333687853,4.701));
#6460=CARTESIAN_POINT('Ctrl Pts',(2.40971037409531,-2.08330576095085,4.701));
#6461=CARTESIAN_POINT('',(2.60570653937088,-2.09561039480667,4.7));
#6462=CARTESIAN_POINT('Ctrl Pts',(2.76478835604416,-2.15581548187236,4.7));
#6463=CARTESIAN_POINT('Ctrl Pts',(2.76478835604416,-2.15581548187236,4.701));
#6464=CARTESIAN_POINT('Ctrl Pts',(2.7413436774506,-2.14208921574483,4.7));
#6465=CARTESIAN_POINT('Ctrl Pts',(2.7413436774506,-2.14208921574483,4.701));
#6466=CARTESIAN_POINT('Ctrl Pts',(2.69176787810525,-2.11306383957755,4.7));
#6467=CARTESIAN_POINT('Ctrl Pts',(2.69176787810525,-2.11306383957755,4.701));
#6468=CARTESIAN_POINT('Ctrl Pts',(2.63541160770074,-2.10163465351719,4.7));
#6469=CARTESIAN_POINT('Ctrl Pts',(2.63541160770074,-2.10163465351719,4.701));
#6470=CARTESIAN_POINT('Ctrl Pts',(2.60570653937088,-2.09561039480667,4.7));
#6471=CARTESIAN_POINT('Ctrl Pts',(2.60570653937088,-2.09561039480667,4.701));
#6472=CARTESIAN_POINT('',(2.76478835604416,-2.15581548187236,4.7));
#6473=CARTESIAN_POINT('Ctrl Pts',(2.60570653937088,-2.09561039480667,4.7));
#6474=CARTESIAN_POINT('Ctrl Pts',(2.63541160770074,-2.10163465351719,4.7));
#6475=CARTESIAN_POINT('Ctrl Pts',(2.69176787810525,-2.11306383957755,4.7));
#6476=CARTESIAN_POINT('Ctrl Pts',(2.7413436774506,-2.14208921574483,4.7));
#6477=CARTESIAN_POINT('Ctrl Pts',(2.76478835604416,-2.15581548187236,4.7));
#6478=CARTESIAN_POINT('',(2.76478835604416,-2.15581548187236,4.701));
#6479=CARTESIAN_POINT('Ctrl Pts',(2.76478835604416,-2.15581548187236,4.701));
#6480=CARTESIAN_POINT('Ctrl Pts',(2.7413436774506,-2.14208921574483,4.701));
#6481=CARTESIAN_POINT('Ctrl Pts',(2.69176787810525,-2.11306383957755,4.701));
#6482=CARTESIAN_POINT('Ctrl Pts',(2.63541160770074,-2.10163465351719,4.701));
#6483=CARTESIAN_POINT('Ctrl Pts',(2.60570653937088,-2.09561039480667,4.701));
#6484=CARTESIAN_POINT('',(2.76478835604416,-2.15581548187236,4.7));
#6485=CARTESIAN_POINT('Ctrl Pts',(2.86805995962845,-2.28018072220783,4.7));
#6486=CARTESIAN_POINT('Ctrl Pts',(2.86805995962845,-2.28018072220783,4.701));
#6487=CARTESIAN_POINT('Ctrl Pts',(2.85437337540326,-2.25528188541595,4.7));
#6488=CARTESIAN_POINT('Ctrl Pts',(2.85437337540326,-2.25528188541595,4.701));
#6489=CARTESIAN_POINT('Ctrl Pts',(2.8279161596481,-2.20715052654537,4.7));
#6490=CARTESIAN_POINT('Ctrl Pts',(2.8279161596481,-2.20715052654537,4.701));
#6491=CARTESIAN_POINT('Ctrl Pts',(2.78533962191563,-2.17252761331634,4.7));
#6492=CARTESIAN_POINT('Ctrl Pts',(2.78533962191563,-2.17252761331634,4.701));
#6493=CARTESIAN_POINT('Ctrl Pts',(2.76478835604416,-2.15581548187236,4.7));
#6494=CARTESIAN_POINT('Ctrl Pts',(2.76478835604416,-2.15581548187236,4.701));
#6495=CARTESIAN_POINT('',(2.86805995962845,-2.28018072220783,4.7));
#6496=CARTESIAN_POINT('Ctrl Pts',(2.76478835604416,-2.15581548187236,4.7));
#6497=CARTESIAN_POINT('Ctrl Pts',(2.78533962191563,-2.17252761331634,4.7));
#6498=CARTESIAN_POINT('Ctrl Pts',(2.8279161596481,-2.20715052654537,4.7));
#6499=CARTESIAN_POINT('Ctrl Pts',(2.85437337540326,-2.25528188541595,4.7));
#6500=CARTESIAN_POINT('Ctrl Pts',(2.86805995962845,-2.28018072220783,4.7));
#6501=CARTESIAN_POINT('',(2.86805995962845,-2.28018072220783,4.701));
#6502=CARTESIAN_POINT('Ctrl Pts',(2.86805995962845,-2.28018072220783,4.701));
#6503=CARTESIAN_POINT('Ctrl Pts',(2.85437337540326,-2.25528188541595,4.701));
#6504=CARTESIAN_POINT('Ctrl Pts',(2.8279161596481,-2.20715052654537,4.701));
#6505=CARTESIAN_POINT('Ctrl Pts',(2.78533962191563,-2.17252761331634,4.701));
#6506=CARTESIAN_POINT('Ctrl Pts',(2.76478835604416,-2.15581548187236,4.701));
#6507=CARTESIAN_POINT('',(2.86805995962845,-2.28018072220783,4.7));
#6508=CARTESIAN_POINT('Ctrl Pts',(2.90717133543717,-2.45596197220783,4.7));
#6509=CARTESIAN_POINT('Ctrl Pts',(2.90717133543717,-2.45596197220783,4.701));
#6510=CARTESIAN_POINT('Ctrl Pts',(2.90566954953504,-2.4249516602778,4.7));
#6511=CARTESIAN_POINT('Ctrl Pts',(2.90566954953504,-2.4249516602778,4.701));
#6512=CARTESIAN_POINT('Ctrl Pts',(2.90272208754389,-2.36408964551362,4.7));
#6513=CARTESIAN_POINT('Ctrl Pts',(2.90272208754389,-2.36408964551362,4.701));
#6514=CARTESIAN_POINT('Ctrl Pts',(2.87946643231555,-2.3077931308928,4.7));
#6515=CARTESIAN_POINT('Ctrl Pts',(2.87946643231555,-2.3077931308928,4.701));
#6516=CARTESIAN_POINT('Ctrl Pts',(2.86805995962845,-2.28018072220783,4.7));
#6517=CARTESIAN_POINT('Ctrl Pts',(2.86805995962845,-2.28018072220783,4.701));
#6518=CARTESIAN_POINT('',(2.90717133543717,-2.45596197220783,4.7));
#6519=CARTESIAN_POINT('Ctrl Pts',(2.86805995962845,-2.28018072220783,4.7));
#6520=CARTESIAN_POINT('Ctrl Pts',(2.87946643231555,-2.3077931308928,4.7));
#6521=CARTESIAN_POINT('Ctrl Pts',(2.90272208754389,-2.36408964551362,4.7));
#6522=CARTESIAN_POINT('Ctrl Pts',(2.90566954953504,-2.4249516602778,4.7));
#6523=CARTESIAN_POINT('Ctrl Pts',(2.90717133543717,-2.45596197220783,4.7));
#6524=CARTESIAN_POINT('',(2.90717133543717,-2.45596197220783,4.701));
#6525=CARTESIAN_POINT('Ctrl Pts',(2.90717133543717,-2.45596197220783,4.701));
#6526=CARTESIAN_POINT('Ctrl Pts',(2.90566954953504,-2.4249516602778,4.701));
#6527=CARTESIAN_POINT('Ctrl Pts',(2.90272208754389,-2.36408964551362,4.701));
#6528=CARTESIAN_POINT('Ctrl Pts',(2.87946643231555,-2.3077931308928,4.701));
#6529=CARTESIAN_POINT('Ctrl Pts',(2.86805995962845,-2.28018072220783,4.701));
#6530=CARTESIAN_POINT('',(2.90717133543717,-2.45596197220783,4.7));
#6531=CARTESIAN_POINT('Ctrl Pts',(2.80258127711045,-2.73413580629329,4.7));
#6532=CARTESIAN_POINT('Ctrl Pts',(2.80258127711045,-2.73413580629329,4.701));
#6533=CARTESIAN_POINT('Ctrl Pts',(2.83308430399246,-2.69363902993197,4.7));
#6534=CARTESIAN_POINT('Ctrl Pts',(2.83308430399246,-2.69363902993197,4.701));
#6535=CARTESIAN_POINT('Ctrl Pts',(2.89514620434615,-2.61124370212062,4.7));
#6536=CARTESIAN_POINT('Ctrl Pts',(2.89514620434615,-2.61124370212062,4.701));
#6537=CARTESIAN_POINT('Ctrl Pts',(2.9031177522945,-2.50830629993066,4.7));
#6538=CARTESIAN_POINT('Ctrl Pts',(2.9031177522945,-2.50830629993066,4.701));
#6539=CARTESIAN_POINT('Ctrl Pts',(2.90717133543717,-2.45596197220783,4.7));
#6540=CARTESIAN_POINT('Ctrl Pts',(2.90717133543717,-2.45596197220783,4.701));
#6541=CARTESIAN_POINT('',(2.80258127711045,-2.73413580629329,4.7));
#6542=CARTESIAN_POINT('Ctrl Pts',(2.90717133543717,-2.45596197220783,4.7));
#6543=CARTESIAN_POINT('Ctrl Pts',(2.9031177522945,-2.50830629993066,4.7));
#6544=CARTESIAN_POINT('Ctrl Pts',(2.89514620434615,-2.61124370212062,4.7));
#6545=CARTESIAN_POINT('Ctrl Pts',(2.83308430399246,-2.69363902993197,4.7));
#6546=CARTESIAN_POINT('Ctrl Pts',(2.80258127711045,-2.73413580629329,4.7));
#6547=CARTESIAN_POINT('',(2.80258127711045,-2.73413580629329,4.701));
#6548=CARTESIAN_POINT('Ctrl Pts',(2.80258127711045,-2.73413580629329,4.701));
#6549=CARTESIAN_POINT('Ctrl Pts',(2.83308430399246,-2.69363902993197,4.701));
#6550=CARTESIAN_POINT('Ctrl Pts',(2.89514620434615,-2.61124370212062,4.701));
#6551=CARTESIAN_POINT('Ctrl Pts',(2.9031177522945,-2.50830629993066,4.701));
#6552=CARTESIAN_POINT('Ctrl Pts',(2.90717133543717,-2.45596197220783,4.701));
#6553=CARTESIAN_POINT('',(2.80258127711045,-2.73413580629329,4.7));
#6554=CARTESIAN_POINT('Ctrl Pts',(2.42465147040116,-2.84795422825317,4.7));
#6555=CARTESIAN_POINT('Ctrl Pts',(2.42465147040116,-2.84795422825317,4.701));
#6556=CARTESIAN_POINT('Ctrl Pts',(2.50457733926374,-2.84701282098844,4.7));
#6557=CARTESIAN_POINT('Ctrl Pts',(2.50457733926374,-2.84701282098844,4.701));
#6558=CARTESIAN_POINT('Ctrl Pts',(2.64277398687776,-2.84538507105119,4.7));
#6559=CARTESIAN_POINT('Ctrl Pts',(2.64277398687776,-2.84538507105119,4.701));
#6560=CARTESIAN_POINT('Ctrl Pts',(2.75518362232215,-2.76713151155035,4.7));
#6561=CARTESIAN_POINT('Ctrl Pts',(2.75518362232215,-2.76713151155035,4.701));
#6562=CARTESIAN_POINT('Ctrl Pts',(2.80258127711045,-2.73413580629329,4.7));
#6563=CARTESIAN_POINT('Ctrl Pts',(2.80258127711045,-2.73413580629329,4.701));
#6564=CARTESIAN_POINT('',(2.42465147040116,-2.84795422825317,4.7));
#6565=CARTESIAN_POINT('Ctrl Pts',(2.80258127711045,-2.73413580629329,4.7));
#6566=CARTESIAN_POINT('Ctrl Pts',(2.75518362232215,-2.76713151155035,4.7));
#6567=CARTESIAN_POINT('Ctrl Pts',(2.64277398687776,-2.84538507105119,4.7));
#6568=CARTESIAN_POINT('Ctrl Pts',(2.50457733926374,-2.84701282098844,4.7));
#6569=CARTESIAN_POINT('Ctrl Pts',(2.42465147040116,-2.84795422825317,4.7));
#6570=CARTESIAN_POINT('',(2.42465147040116,-2.84795422825317,4.701));
#6571=CARTESIAN_POINT('Ctrl Pts',(2.42465147040116,-2.84795422825317,4.701));
#6572=CARTESIAN_POINT('Ctrl Pts',(2.50457733926374,-2.84701282098844,4.701));
#6573=CARTESIAN_POINT('Ctrl Pts',(2.64277398687776,-2.84538507105119,4.701));
#6574=CARTESIAN_POINT('Ctrl Pts',(2.75518362232215,-2.76713151155035,4.701));
#6575=CARTESIAN_POINT('Ctrl Pts',(2.80258127711045,-2.73413580629329,4.701));
#6576=CARTESIAN_POINT('',(2.42465147040116,-2.84795422825317,4.7));
#6577=CARTESIAN_POINT('Origin',(2.09418305418717,-2.84795422825317,4.7));
#6578=CARTESIAN_POINT('',(2.09418305418717,-2.84795422825317,4.7));
#6579=CARTESIAN_POINT('',(2.42465147040116,-2.84795422825317,4.7));
#6580=CARTESIAN_POINT('',(2.09418305418717,-2.84795422825317,4.701));
#6581=CARTESIAN_POINT('',(2.42465147040116,-2.84795422825317,4.701));
#6582=CARTESIAN_POINT('',(2.09418305418717,-2.84795422825317,4.7));
#6583=CARTESIAN_POINT('Origin',(2.09418305418717,-3.3717823472927,4.7));
#6584=CARTESIAN_POINT('',(2.09418305418717,-3.3717823472927,4.7));
#6585=CARTESIAN_POINT('',(2.09418305418717,-2.84795422825317,4.7));
#6586=CARTESIAN_POINT('',(2.09418305418717,-3.3717823472927,4.701));
#6587=CARTESIAN_POINT('',(2.09418305418717,-2.84795422825317,4.701));
#6588=CARTESIAN_POINT('',(2.09418305418717,-3.3717823472927,4.7));
#6589=CARTESIAN_POINT('Origin',(1.92367502711045,-3.3717823472927,4.7));
#6590=CARTESIAN_POINT('',(2.09418305418717,-3.3717823472927,4.7));
#6591=CARTESIAN_POINT('',(2.09418305418717,-3.3717823472927,4.701));
#6592=CARTESIAN_POINT('Origin',(-0.0147524826295498,-2.74028819772701,4.701));
#6593=CARTESIAN_POINT('Origin',(-0.0147524826295498,-2.74028819772701,4.7));
#6594=CARTESIAN_POINT('Origin',(0.626409437873232,-2.71523934576015,4.7));
#6595=CARTESIAN_POINT('',(0.626409437873232,-2.8664112535427,4.7));
#6596=CARTESIAN_POINT('',(0.626409437873232,-2.71523934576015,4.7));
#6597=CARTESIAN_POINT('',(0.626409437873232,-2.8664112535427,4.7));
#6598=CARTESIAN_POINT('',(0.626409437873232,-2.8664112535427,4.701));
#6599=CARTESIAN_POINT('',(0.626409437873232,-2.8664112535427,4.7));
#6600=CARTESIAN_POINT('',(0.626409437873232,-2.71523934576015,4.701));
#6601=CARTESIAN_POINT('',(0.626409437873232,-2.8664112535427,4.701));
#6602=CARTESIAN_POINT('',(0.626409437873232,-2.71523934576015,4.7));
#6603=CARTESIAN_POINT('Origin',(1.17221006415116,-2.71436047527294,4.7));
#6604=CARTESIAN_POINT('',(1.17221006415116,-2.71436047527294,4.7));
#6605=CARTESIAN_POINT('',(0.626409437873232,-2.71523934576015,4.7));
#6606=CARTESIAN_POINT('',(1.17221006415116,-2.71436047527294,4.701));
#6607=CARTESIAN_POINT('',(0.626409437873232,-2.71523934576015,4.701));
#6608=CARTESIAN_POINT('',(1.17221006415116,-2.71436047527294,4.7));
#6609=CARTESIAN_POINT('Origin',(1.17221006415116,-3.19248546633224,4.7));
#6610=CARTESIAN_POINT('',(1.17221006415116,-3.19248546633224,4.7));
#6611=CARTESIAN_POINT('',(1.17221006415116,-2.71436047527294,4.7));
#6612=CARTESIAN_POINT('',(1.17221006415116,-3.19248546633224,4.701));
#6613=CARTESIAN_POINT('',(1.17221006415116,-2.71436047527294,4.701));
#6614=CARTESIAN_POINT('',(1.17221006415116,-3.19248546633224,4.7));
#6615=CARTESIAN_POINT('Ctrl Pts',(0.912932839610445,-3.34321786436538,4.7));
#6616=CARTESIAN_POINT('Ctrl Pts',(0.912932839610445,-3.34321786436538,4.701));
#6617=CARTESIAN_POINT('Ctrl Pts',(0.957726104108987,-3.32382723964632,4.7));
#6618=CARTESIAN_POINT('Ctrl Pts',(0.957726104108987,-3.32382723964632,4.701));
#6619=CARTESIAN_POINT('Ctrl Pts',(1.05008574514894,-3.28384553349825,4.7));
#6620=CARTESIAN_POINT('Ctrl Pts',(1.05008574514894,-3.28384553349825,4.701));
#6621=CARTESIAN_POINT('Ctrl Pts',(1.13069518762617,-3.22354235933029,4.7));
#6622=CARTESIAN_POINT('Ctrl Pts',(1.13069518762617,-3.22354235933029,4.701));
#6623=CARTESIAN_POINT('Ctrl Pts',(1.17221006415116,-3.19248546633224,4.7));
#6624=CARTESIAN_POINT('Ctrl Pts',(1.17221006415116,-3.19248546633224,4.701));
#6625=CARTESIAN_POINT('',(0.912932839610445,-3.34321786436538,4.7));
#6626=CARTESIAN_POINT('Ctrl Pts',(1.17221006415116,-3.19248546633224,4.7));
#6627=CARTESIAN_POINT('Ctrl Pts',(1.13069518762617,-3.22354235933029,4.7));
#6628=CARTESIAN_POINT('Ctrl Pts',(1.05008574514894,-3.28384553349825,4.7));
#6629=CARTESIAN_POINT('Ctrl Pts',(0.957726104108987,-3.32382723964632,4.7));
#6630=CARTESIAN_POINT('Ctrl Pts',(0.912932839610445,-3.34321786436538,4.7));
#6631=CARTESIAN_POINT('',(0.912932839610445,-3.34321786436538,4.701));
#6632=CARTESIAN_POINT('Ctrl Pts',(0.912932839610445,-3.34321786436538,4.701));
#6633=CARTESIAN_POINT('Ctrl Pts',(0.957726104108987,-3.32382723964632,4.701));
#6634=CARTESIAN_POINT('Ctrl Pts',(1.05008574514894,-3.28384553349825,4.701));
#6635=CARTESIAN_POINT('Ctrl Pts',(1.13069518762617,-3.22354235933029,4.701));
#6636=CARTESIAN_POINT('Ctrl Pts',(1.17221006415116,-3.19248546633224,4.701));
#6637=CARTESIAN_POINT('',(0.912932839610445,-3.34321786436538,4.7));
#6638=CARTESIAN_POINT('Ctrl Pts',(0.638714220740664,-3.3937550035427,4.7));
#6639=CARTESIAN_POINT('Ctrl Pts',(0.638714220740664,-3.3937550035427,4.701));
#6640=CARTESIAN_POINT('Ctrl Pts',(0.685384317823599,-3.39161587329105,4.7));
#6641=CARTESIAN_POINT('Ctrl Pts',(0.685384317823599,-3.39161587329105,4.701));
#6642=CARTESIAN_POINT('Ctrl Pts',(0.779098746026218,-3.38732045971974,4.7));
#6643=CARTESIAN_POINT('Ctrl Pts',(0.779098746026218,-3.38732045971974,4.701));
#6644=CARTESIAN_POINT('Ctrl Pts',(0.868202867252117,-3.35795781454026,4.7));
#6645=CARTESIAN_POINT('Ctrl Pts',(0.868202867252117,-3.35795781454026,4.701));
#6646=CARTESIAN_POINT('Ctrl Pts',(0.912932839610445,-3.34321786436538,4.7));
#6647=CARTESIAN_POINT('Ctrl Pts',(0.912932839610445,-3.34321786436538,4.701));
#6648=CARTESIAN_POINT('',(0.638714220740664,-3.3937550035427,4.7));
#6649=CARTESIAN_POINT('Ctrl Pts',(0.912932839610445,-3.34321786436538,4.7));
#6650=CARTESIAN_POINT('Ctrl Pts',(0.868202867252117,-3.35795781454026,4.7));
#6651=CARTESIAN_POINT('Ctrl Pts',(0.779098746026218,-3.38732045971974,4.7));
#6652=CARTESIAN_POINT('Ctrl Pts',(0.685384317823599,-3.39161587329105,4.7));
#6653=CARTESIAN_POINT('Ctrl Pts',(0.638714220740664,-3.3937550035427,4.7));
#6654=CARTESIAN_POINT('',(0.638714220740664,-3.3937550035427,4.701));
#6655=CARTESIAN_POINT('Ctrl Pts',(0.638714220740664,-3.3937550035427,4.701));
#6656=CARTESIAN_POINT('Ctrl Pts',(0.685384317823599,-3.39161587329105,4.701));
#6657=CARTESIAN_POINT('Ctrl Pts',(0.779098746026218,-3.38732045971974,4.701));
#6658=CARTESIAN_POINT('Ctrl Pts',(0.868202867252117,-3.35795781454026,4.701));
#6659=CARTESIAN_POINT('Ctrl Pts',(0.912932839610445,-3.34321786436538,4.701));
#6660=CARTESIAN_POINT('',(0.638714220740664,-3.3937550035427,4.7));
#6661=CARTESIAN_POINT('Ctrl Pts',(0.293743398406374,-3.31245620522003,4.7));
#6662=CARTESIAN_POINT('Ctrl Pts',(0.293743398406374,-3.31245620522003,4.701));
#6663=CARTESIAN_POINT('Ctrl Pts',(0.347538656190938,-3.33616539808178,4.7));
#6664=CARTESIAN_POINT('Ctrl Pts',(0.347538656190938,-3.33616539808178,4.701));
#6665=CARTESIAN_POINT('Ctrl Pts',(0.457441916646187,-3.3846030802415,4.7));
#6666=CARTESIAN_POINT('Ctrl Pts',(0.457441916646187,-3.3846030802415,4.701));
#6667=CARTESIAN_POINT('Ctrl Pts',(0.577448335940193,-3.39066186318971,4.7));
#6668=CARTESIAN_POINT('Ctrl Pts',(0.577448335940193,-3.39066186318971,4.701));
#6669=CARTESIAN_POINT('Ctrl Pts',(0.638714220740664,-3.3937550035427,4.7));
#6670=CARTESIAN_POINT('Ctrl Pts',(0.638714220740664,-3.3937550035427,4.701));
#6671=CARTESIAN_POINT('',(0.293743398406374,-3.31245620522003,4.7));
#6672=CARTESIAN_POINT('Ctrl Pts',(0.638714220740664,-3.3937550035427,4.7));
#6673=CARTESIAN_POINT('Ctrl Pts',(0.577448335940193,-3.39066186318971,4.7));
#6674=CARTESIAN_POINT('Ctrl Pts',(0.457441916646187,-3.3846030802415,4.7));
#6675=CARTESIAN_POINT('Ctrl Pts',(0.347538656190938,-3.33616539808178,4.7));
#6676=CARTESIAN_POINT('Ctrl Pts',(0.293743398406374,-3.31245620522003,4.7));
#6677=CARTESIAN_POINT('',(0.293743398406374,-3.31245620522003,4.701));
#6678=CARTESIAN_POINT('Ctrl Pts',(0.293743398406374,-3.31245620522003,4.701));
#6679=CARTESIAN_POINT('Ctrl Pts',(0.347538656190938,-3.33616539808178,4.701));
#6680=CARTESIAN_POINT('Ctrl Pts',(0.457441916646187,-3.3846030802415,4.701));
#6681=CARTESIAN_POINT('Ctrl Pts',(0.577448335940193,-3.39066186318971,4.701));
#6682=CARTESIAN_POINT('Ctrl Pts',(0.638714220740664,-3.3937550035427,4.701));
#6683=CARTESIAN_POINT('',(0.293743398406374,-3.31245620522003,4.7));
#6684=CARTESIAN_POINT('Ctrl Pts',(0.0595150258325217,-3.07734866413574,
4.7));
#6685=CARTESIAN_POINT('Ctrl Pts',(0.0595150258325217,-3.07734866413574,
4.701));
#6686=CARTESIAN_POINT('Ctrl Pts',(0.0891364804545847,-3.12564216615008,
4.7));
#6687=CARTESIAN_POINT('Ctrl Pts',(0.0891364804545847,-3.12564216615008,
4.701));
#6688=CARTESIAN_POINT('Ctrl Pts',(0.148579347551785,-3.22255517256804,4.7));
#6689=CARTESIAN_POINT('Ctrl Pts',(0.148579347551785,-3.22255517256804,4.701));
#6690=CARTESIAN_POINT('Ctrl Pts',(0.245246989116604,-3.28242206626209,4.7));
#6691=CARTESIAN_POINT('Ctrl Pts',(0.245246989116604,-3.28242206626209,4.701));
#6692=CARTESIAN_POINT('Ctrl Pts',(0.293743398406374,-3.31245620522003,4.7));
#6693=CARTESIAN_POINT('Ctrl Pts',(0.293743398406374,-3.31245620522003,4.701));
#6694=CARTESIAN_POINT('',(0.0595150258325217,-3.07734866413574,4.7));
#6695=CARTESIAN_POINT('Ctrl Pts',(0.293743398406374,-3.31245620522003,4.7));
#6696=CARTESIAN_POINT('Ctrl Pts',(0.245246989116604,-3.28242206626209,4.7));
#6697=CARTESIAN_POINT('Ctrl Pts',(0.148579347551785,-3.22255517256804,4.7));
#6698=CARTESIAN_POINT('Ctrl Pts',(0.0891364804545847,-3.12564216615008,
4.7));
#6699=CARTESIAN_POINT('Ctrl Pts',(0.0595150258325217,-3.07734866413574,
4.7));
#6700=CARTESIAN_POINT('',(0.0595150258325217,-3.07734866413574,4.701));
#6701=CARTESIAN_POINT('Ctrl Pts',(0.0595150258325217,-3.07734866413574,
4.701));
#6702=CARTESIAN_POINT('Ctrl Pts',(0.0891364804545847,-3.12564216615008,
4.701));
#6703=CARTESIAN_POINT('Ctrl Pts',(0.148579347551785,-3.22255517256804,4.701));
#6704=CARTESIAN_POINT('Ctrl Pts',(0.245246989116604,-3.28242206626209,4.701));
#6705=CARTESIAN_POINT('Ctrl Pts',(0.293743398406374,-3.31245620522003,4.701));
#6706=CARTESIAN_POINT('',(0.0595150258325217,-3.07734866413574,4.7));
#6707=CARTESIAN_POINT('Ctrl Pts',(-0.0195865962721231,-2.73369637104968,
4.7));
#6708=CARTESIAN_POINT('Ctrl Pts',(-0.0195865962721231,-2.73369637104968,
4.701));
#6709=CARTESIAN_POINT('Ctrl Pts',(-0.0166226156208366,-2.79482095324698,
4.7));
#6710=CARTESIAN_POINT('Ctrl Pts',(-0.0166226156208366,-2.79482095324698,
4.701));
#6711=CARTESIAN_POINT('Ctrl Pts',(-0.0108351686017566,-2.91417236698738,
4.7));
#6712=CARTESIAN_POINT('Ctrl Pts',(-0.0108351686017566,-2.91417236698738,
4.701));
#6713=CARTESIAN_POINT('Ctrl Pts',(0.0364476229881594,-3.02384414419459,
4.7));
#6714=CARTESIAN_POINT('Ctrl Pts',(0.0364476229881594,-3.02384414419459,
4.701));
#6715=CARTESIAN_POINT('Ctrl Pts',(0.0595150258325217,-3.07734866413574,
4.7));
#6716=CARTESIAN_POINT('Ctrl Pts',(0.0595150258325217,-3.07734866413574,
4.701));
#6717=CARTESIAN_POINT('',(-0.0195865962721231,-2.73369637104968,4.7));
#6718=CARTESIAN_POINT('Ctrl Pts',(0.0595150258325217,-3.07734866413574,
4.7));
#6719=CARTESIAN_POINT('Ctrl Pts',(0.0364476229881594,-3.02384414419459,
4.7));
#6720=CARTESIAN_POINT('Ctrl Pts',(-0.0108351686017566,-2.91417236698738,
4.7));
#6721=CARTESIAN_POINT('Ctrl Pts',(-0.0166226156208366,-2.79482095324698,
4.7));
#6722=CARTESIAN_POINT('Ctrl Pts',(-0.0195865962721231,-2.73369637104968,
4.7));
#6723=CARTESIAN_POINT('',(-0.0195865962721231,-2.73369637104968,4.701));
#6724=CARTESIAN_POINT('Ctrl Pts',(-0.0195865962721231,-2.73369637104968,
4.701));
#6725=CARTESIAN_POINT('Ctrl Pts',(-0.0166226156208366,-2.79482095324698,
4.701));
#6726=CARTESIAN_POINT('Ctrl Pts',(-0.0108351686017566,-2.91417236698738,
4.701));
#6727=CARTESIAN_POINT('Ctrl Pts',(0.0364476229881594,-3.02384414419459,
4.701));
#6728=CARTESIAN_POINT('Ctrl Pts',(0.0595150258325217,-3.07734866413574,
4.701));
#6729=CARTESIAN_POINT('',(-0.0195865962721231,-2.73369637104968,4.7));
#6730=CARTESIAN_POINT('Ctrl Pts',(0.0590754415773032,-2.38257330629329,
4.7));
#6731=CARTESIAN_POINT('Ctrl Pts',(0.0590754415773032,-2.38257330629329,
4.701));
#6732=CARTESIAN_POINT('Ctrl Pts',(0.0361330625123812,-2.43826837487756,
4.7));
#6733=CARTESIAN_POINT('Ctrl Pts',(0.0361330625123812,-2.43826837487756,
4.701));
#6734=CARTESIAN_POINT('Ctrl Pts',(-0.0102123659374204,-2.55077683830999,
4.7));
#6735=CARTESIAN_POINT('Ctrl Pts',(-0.0102123659374204,-2.55077683830999,
4.701));
#6736=CARTESIAN_POINT('Ctrl Pts',(-0.0164412147200227,-2.67232048169605,
4.7));
#6737=CARTESIAN_POINT('Ctrl Pts',(-0.0164412147200227,-2.67232048169605,
4.701));
#6738=CARTESIAN_POINT('Ctrl Pts',(-0.0195865962721231,-2.73369637104968,
4.7));
#6739=CARTESIAN_POINT('Ctrl Pts',(-0.0195865962721231,-2.73369637104968,
4.701));
#6740=CARTESIAN_POINT('',(0.0590754415773032,-2.38257330629329,4.7));
#6741=CARTESIAN_POINT('Ctrl Pts',(-0.0195865962721231,-2.73369637104968,
4.7));
#6742=CARTESIAN_POINT('Ctrl Pts',(-0.0164412147200227,-2.67232048169605,
4.7));
#6743=CARTESIAN_POINT('Ctrl Pts',(-0.0102123659374204,-2.55077683830999,
4.7));
#6744=CARTESIAN_POINT('Ctrl Pts',(0.0361330625123812,-2.43826837487756,
4.7));
#6745=CARTESIAN_POINT('Ctrl Pts',(0.0590754415773032,-2.38257330629329,
4.7));
#6746=CARTESIAN_POINT('',(0.0590754415773032,-2.38257330629329,4.701));
#6747=CARTESIAN_POINT('Ctrl Pts',(0.0590754415773032,-2.38257330629329,
4.701));
#6748=CARTESIAN_POINT('Ctrl Pts',(0.0361330625123812,-2.43826837487756,
4.701));
#6749=CARTESIAN_POINT('Ctrl Pts',(-0.0102123659374204,-2.55077683830999,
4.701));
#6750=CARTESIAN_POINT('Ctrl Pts',(-0.0164412147200227,-2.67232048169605,
4.701));
#6751=CARTESIAN_POINT('Ctrl Pts',(-0.0195865962721231,-2.73369637104968,
4.701));
#6752=CARTESIAN_POINT('',(0.0590754415773032,-2.38257330629329,4.7));
#6753=CARTESIAN_POINT('Ctrl Pts',(0.285393979766237,-2.14043457779388,4.7));
#6754=CARTESIAN_POINT('Ctrl Pts',(0.285393979766237,-2.14043457779388,4.701));
#6755=CARTESIAN_POINT('Ctrl Pts',(0.238789821078457,-2.17084634022599,4.7));
#6756=CARTESIAN_POINT('Ctrl Pts',(0.238789821078457,-2.17084634022599,4.701));
#6757=CARTESIAN_POINT('Ctrl Pts',(0.143593477888795,-2.23296716066361,4.7));
#6758=CARTESIAN_POINT('Ctrl Pts',(0.143593477888795,-2.23296716066361,4.701));
#6759=CARTESIAN_POINT('Ctrl Pts',(0.0876376369076204,-2.33201510427423,
4.7));
#6760=CARTESIAN_POINT('Ctrl Pts',(0.0876376369076204,-2.33201510427423,
4.701));
#6761=CARTESIAN_POINT('Ctrl Pts',(0.0590754415773032,-2.38257330629329,
4.7));
#6762=CARTESIAN_POINT('Ctrl Pts',(0.0590754415773032,-2.38257330629329,
4.701));
#6763=CARTESIAN_POINT('',(0.285393979766237,-2.14043457779388,4.7));
#6764=CARTESIAN_POINT('Ctrl Pts',(0.0590754415773032,-2.38257330629329,
4.7));
#6765=CARTESIAN_POINT('Ctrl Pts',(0.0876376369076204,-2.33201510427423,
4.7));
#6766=CARTESIAN_POINT('Ctrl Pts',(0.143593477888795,-2.23296716066361,4.7));
#6767=CARTESIAN_POINT('Ctrl Pts',(0.238789821078457,-2.17084634022599,4.7));
#6768=CARTESIAN_POINT('Ctrl Pts',(0.285393979766237,-2.14043457779388,4.7));
#6769=CARTESIAN_POINT('',(0.285393979766237,-2.14043457779388,4.701));
#6770=CARTESIAN_POINT('Ctrl Pts',(0.285393979766237,-2.14043457779388,4.701));
#6771=CARTESIAN_POINT('Ctrl Pts',(0.238789821078457,-2.17084634022599,4.701));
#6772=CARTESIAN_POINT('Ctrl Pts',(0.143593477888795,-2.23296716066361,4.701));
#6773=CARTESIAN_POINT('Ctrl Pts',(0.0876376369076204,-2.33201510427423,
4.701));
#6774=CARTESIAN_POINT('Ctrl Pts',(0.0590754415773032,-2.38257330629329,
4.701));
#6775=CARTESIAN_POINT('',(0.285393979766237,-2.14043457779388,4.7));
#6776=CARTESIAN_POINT('Ctrl Pts',(0.625530567386019,-2.06133310470085,4.7));
#6777=CARTESIAN_POINT('Ctrl Pts',(0.625530567386019,-2.06133310470085,4.701));
#6778=CARTESIAN_POINT('Ctrl Pts',(0.564203528024219,-2.06412353584957,4.7));
#6779=CARTESIAN_POINT('Ctrl Pts',(0.564203528024219,-2.06412353584957,4.701));
#6780=CARTESIAN_POINT('Ctrl Pts',(0.445844748429241,-2.06950895847463,4.7));
#6781=CARTESIAN_POINT('Ctrl Pts',(0.445844748429241,-2.06950895847463,4.701));
#6782=CARTESIAN_POINT('Ctrl Pts',(0.337567760695606,-2.11737169217808,4.7));
#6783=CARTESIAN_POINT('Ctrl Pts',(0.337567760695606,-2.11737169217808,4.701));
#6784=CARTESIAN_POINT('Ctrl Pts',(0.285393979766237,-2.14043457779388,4.7));
#6785=CARTESIAN_POINT('Ctrl Pts',(0.285393979766237,-2.14043457779388,4.701));
#6786=CARTESIAN_POINT('',(0.625530567386019,-2.06133310470085,4.7));
#6787=CARTESIAN_POINT('Ctrl Pts',(0.285393979766237,-2.14043457779388,4.7));
#6788=CARTESIAN_POINT('Ctrl Pts',(0.337567760695606,-2.11737169217808,4.7));
#6789=CARTESIAN_POINT('Ctrl Pts',(0.445844748429241,-2.06950895847463,4.7));
#6790=CARTESIAN_POINT('Ctrl Pts',(0.564203528024219,-2.06412353584957,4.7));
#6791=CARTESIAN_POINT('Ctrl Pts',(0.625530567386019,-2.06133310470085,4.7));
#6792=CARTESIAN_POINT('',(0.625530567386019,-2.06133310470085,4.701));
#6793=CARTESIAN_POINT('Ctrl Pts',(0.625530567386019,-2.06133310470085,4.701));
#6794=CARTESIAN_POINT('Ctrl Pts',(0.564203528024219,-2.06412353584957,4.701));
#6795=CARTESIAN_POINT('Ctrl Pts',(0.445844748429241,-2.06950895847463,4.701));
#6796=CARTESIAN_POINT('Ctrl Pts',(0.337567760695606,-2.11737169217808,4.701));
#6797=CARTESIAN_POINT('Ctrl Pts',(0.285393979766237,-2.14043457779388,4.701));
#6798=CARTESIAN_POINT('',(0.625530567386019,-2.06133310470085,4.7));
#6799=CARTESIAN_POINT('Ctrl Pts',(0.878216114261019,-2.10659672293167,4.7));
#6800=CARTESIAN_POINT('Ctrl Pts',(0.878216114261019,-2.10659672293167,4.701));
#6801=CARTESIAN_POINT('Ctrl Pts',(0.838679385750861,-2.0933994304162,4.7));
#6802=CARTESIAN_POINT('Ctrl Pts',(0.838679385750861,-2.0933994304162,4.701));
#6803=CARTESIAN_POINT('Ctrl Pts',(0.756693668646577,-2.0660327379384,4.7));
#6804=CARTESIAN_POINT('Ctrl Pts',(0.756693668646577,-2.0660327379384,4.701));
#6805=CARTESIAN_POINT('Ctrl Pts',(0.670274844781379,-2.06293631239582,4.7));
#6806=CARTESIAN_POINT('Ctrl Pts',(0.670274844781379,-2.06293631239582,4.701));
#6807=CARTESIAN_POINT('Ctrl Pts',(0.625530567386019,-2.06133310470085,4.7));
#6808=CARTESIAN_POINT('Ctrl Pts',(0.625530567386019,-2.06133310470085,4.701));
#6809=CARTESIAN_POINT('',(0.878216114261019,-2.10659672293167,4.7));
#6810=CARTESIAN_POINT('Ctrl Pts',(0.625530567386019,-2.06133310470085,4.7));
#6811=CARTESIAN_POINT('Ctrl Pts',(0.670274844781379,-2.06293631239582,4.7));
#6812=CARTESIAN_POINT('Ctrl Pts',(0.756693668646577,-2.0660327379384,4.7));
#6813=CARTESIAN_POINT('Ctrl Pts',(0.838679385750861,-2.0933994304162,4.7));
#6814=CARTESIAN_POINT('Ctrl Pts',(0.878216114261019,-2.10659672293167,4.7));
#6815=CARTESIAN_POINT('',(0.878216114261019,-2.10659672293167,4.701));
#6816=CARTESIAN_POINT('Ctrl Pts',(0.878216114261019,-2.10659672293167,4.701));
#6817=CARTESIAN_POINT('Ctrl Pts',(0.838679385750861,-2.0933994304162,4.701));
#6818=CARTESIAN_POINT('Ctrl Pts',(0.756693668646577,-2.0660327379384,4.701));
#6819=CARTESIAN_POINT('Ctrl Pts',(0.670274844781379,-2.06293631239582,4.701));
#6820=CARTESIAN_POINT('Ctrl Pts',(0.625530567386019,-2.06133310470085,4.701));
#6821=CARTESIAN_POINT('',(0.878216114261019,-2.10659672293167,4.7));
#6822=CARTESIAN_POINT('Ctrl Pts',(1.05531581900345,-2.23271977874736,4.7));
#6823=CARTESIAN_POINT('Ctrl Pts',(1.05531581900345,-2.23271977874736,4.701));
#6824=CARTESIAN_POINT('Ctrl Pts',(1.0311446215321,-2.2069565626869,4.7));
#6825=CARTESIAN_POINT('Ctrl Pts',(1.0311446215321,-2.2069565626869,4.701));
#6826=CARTESIAN_POINT('Ctrl Pts',(0.980622682299941,-2.15310703215478,4.7));
#6827=CARTESIAN_POINT('Ctrl Pts',(0.980622682299941,-2.15310703215478,4.701));
#6828=CARTESIAN_POINT('Ctrl Pts',(0.913319469499154,-2.12253972285989,4.7));
#6829=CARTESIAN_POINT('Ctrl Pts',(0.913319469499154,-2.12253972285989,4.701));
#6830=CARTESIAN_POINT('Ctrl Pts',(0.878216114261019,-2.10659672293167,4.7));
#6831=CARTESIAN_POINT('Ctrl Pts',(0.878216114261019,-2.10659672293167,4.701));
#6832=CARTESIAN_POINT('',(1.05531581900345,-2.23271977874736,4.7));
#6833=CARTESIAN_POINT('Ctrl Pts',(0.878216114261019,-2.10659672293167,4.7));
#6834=CARTESIAN_POINT('Ctrl Pts',(0.913319469499154,-2.12253972285989,4.7));
#6835=CARTESIAN_POINT('Ctrl Pts',(0.980622682299941,-2.15310703215478,4.7));
#6836=CARTESIAN_POINT('Ctrl Pts',(1.0311446215321,-2.2069565626869,4.7));
#6837=CARTESIAN_POINT('Ctrl Pts',(1.05531581900345,-2.23271977874736,4.7));
#6838=CARTESIAN_POINT('',(1.05531581900345,-2.23271977874736,4.701));
#6839=CARTESIAN_POINT('Ctrl Pts',(1.05531581900345,-2.23271977874736,4.701));
#6840=CARTESIAN_POINT('Ctrl Pts',(1.0311446215321,-2.2069565626869,4.701));
#6841=CARTESIAN_POINT('Ctrl Pts',(0.980622682299941,-2.15310703215478,4.701));
#6842=CARTESIAN_POINT('Ctrl Pts',(0.913319469499154,-2.12253972285989,4.701));
#6843=CARTESIAN_POINT('Ctrl Pts',(0.878216114261019,-2.10659672293167,4.701));
#6844=CARTESIAN_POINT('',(1.05531581900345,-2.23271977874736,4.7));
#6845=CARTESIAN_POINT('Ctrl Pts',(1.15287431738602,-2.44365733835201,4.7));
#6846=CARTESIAN_POINT('Ctrl Pts',(1.15287431738602,-2.44365733835201,4.701));
#6847=CARTESIAN_POINT('Ctrl Pts',(1.14127459138038,-2.40341172419622,4.7));
#6848=CARTESIAN_POINT('Ctrl Pts',(1.14127459138038,-2.40341172419622,4.701));
#6849=CARTESIAN_POINT('Ctrl Pts',(1.11954383220378,-2.32801617186089,4.7));
#6850=CARTESIAN_POINT('Ctrl Pts',(1.11954383220378,-2.32801617186089,4.701));
#6851=CARTESIAN_POINT('Ctrl Pts',(1.07573827751235,-2.26302099059302,4.7));
#6852=CARTESIAN_POINT('Ctrl Pts',(1.07573827751235,-2.26302099059302,4.701));
#6853=CARTESIAN_POINT('Ctrl Pts',(1.05531581900345,-2.23271977874736,4.7));
#6854=CARTESIAN_POINT('Ctrl Pts',(1.05531581900345,-2.23271977874736,4.701));
#6855=CARTESIAN_POINT('',(1.15287431738602,-2.44365733835201,4.7));
#6856=CARTESIAN_POINT('Ctrl Pts',(1.05531581900345,-2.23271977874736,4.7));
#6857=CARTESIAN_POINT('Ctrl Pts',(1.07573827751235,-2.26302099059302,4.7));
#6858=CARTESIAN_POINT('Ctrl Pts',(1.11954383220378,-2.32801617186089,4.7));
#6859=CARTESIAN_POINT('Ctrl Pts',(1.14127459138038,-2.40341172419622,4.7));
#6860=CARTESIAN_POINT('Ctrl Pts',(1.15287431738602,-2.44365733835201,4.7));
#6861=CARTESIAN_POINT('',(1.15287431738602,-2.44365733835201,4.701));
#6862=CARTESIAN_POINT('Ctrl Pts',(1.15287431738602,-2.44365733835201,4.701));
#6863=CARTESIAN_POINT('Ctrl Pts',(1.14127459138038,-2.40341172419622,4.701));
#6864=CARTESIAN_POINT('Ctrl Pts',(1.11954383220378,-2.32801617186089,4.701));
#6865=CARTESIAN_POINT('Ctrl Pts',(1.07573827751235,-2.26302099059302,4.701));
#6866=CARTESIAN_POINT('Ctrl Pts',(1.05531581900345,-2.23271977874736,4.701));
#6867=CARTESIAN_POINT('',(1.15287431738602,-2.44365733835201,4.7));
#6868=CARTESIAN_POINT('Origin',(0.999065723636019,-2.48584483537177,4.7));
#6869=CARTESIAN_POINT('',(0.999065723636019,-2.48584483537177,4.7));
#6870=CARTESIAN_POINT('',(1.15287431738602,-2.44365733835201,4.7));
#6871=CARTESIAN_POINT('',(0.999065723636019,-2.48584483537177,4.701));
#6872=CARTESIAN_POINT('',(1.15287431738602,-2.44365733835201,4.701));
#6873=CARTESIAN_POINT('',(0.999065723636019,-2.48584483537177,4.7));
#6874=CARTESIAN_POINT('Ctrl Pts',(0.926995363452303,-2.33115729662876,4.7));
#6875=CARTESIAN_POINT('Ctrl Pts',(0.926995363452303,-2.33115729662876,4.701));
#6876=CARTESIAN_POINT('Ctrl Pts',(0.941131595358505,-2.35296926826989,4.7));
#6877=CARTESIAN_POINT('Ctrl Pts',(0.941131595358505,-2.35296926826989,4.701));
#6878=CARTESIAN_POINT('Ctrl Pts',(0.972333291311116,-2.4011129682169,4.7));
#6879=CARTESIAN_POINT('Ctrl Pts',(0.972333291311116,-2.4011129682169,4.701));
#6880=CARTESIAN_POINT('Ctrl Pts',(0.989614134548885,-2.45588681355019,4.7));
#6881=CARTESIAN_POINT('Ctrl Pts',(0.989614134548885,-2.45588681355019,4.701));
#6882=CARTESIAN_POINT('Ctrl Pts',(0.999065723636019,-2.48584483537177,4.7));
#6883=CARTESIAN_POINT('Ctrl Pts',(0.999065723636019,-2.48584483537177,4.701));
#6884=CARTESIAN_POINT('',(0.926995363452303,-2.33115729662876,4.7));
#6885=CARTESIAN_POINT('Ctrl Pts',(0.999065723636019,-2.48584483537177,4.7));
#6886=CARTESIAN_POINT('Ctrl Pts',(0.989614134548885,-2.45588681355019,4.7));
#6887=CARTESIAN_POINT('Ctrl Pts',(0.972333291311116,-2.4011129682169,4.7));
#6888=CARTESIAN_POINT('Ctrl Pts',(0.941131595358505,-2.35296926826989,4.7));
#6889=CARTESIAN_POINT('Ctrl Pts',(0.926995363452303,-2.33115729662876,4.7));
#6890=CARTESIAN_POINT('',(0.926995363452303,-2.33115729662876,4.701));
#6891=CARTESIAN_POINT('Ctrl Pts',(0.926995363452303,-2.33115729662876,4.701));
#6892=CARTESIAN_POINT('Ctrl Pts',(0.941131595358505,-2.35296926826989,4.701));
#6893=CARTESIAN_POINT('Ctrl Pts',(0.972333291311116,-2.4011129682169,4.701));
#6894=CARTESIAN_POINT('Ctrl Pts',(0.989614134548885,-2.45588681355019,4.701));
#6895=CARTESIAN_POINT('Ctrl Pts',(0.999065723636019,-2.48584483537177,4.701));
#6896=CARTESIAN_POINT('',(0.926995363452303,-2.33115729662876,4.7));
#6897=CARTESIAN_POINT('Ctrl Pts',(0.803948726870882,-2.24106942090492,4.7));
#6898=CARTESIAN_POINT('Ctrl Pts',(0.803948726870882,-2.24106942090492,4.701));
#6899=CARTESIAN_POINT('Ctrl Pts',(0.828635631080371,-2.25273182101355,4.7));
#6900=CARTESIAN_POINT('Ctrl Pts',(0.828635631080371,-2.25273182101355,4.701));
#6901=CARTESIAN_POINT('Ctrl Pts',(0.875509618904422,-2.27487567493918,4.7));
#6902=CARTESIAN_POINT('Ctrl Pts',(0.875509618904422,-2.27487567493918,4.701));
#6903=CARTESIAN_POINT('Ctrl Pts',(0.910454662657396,-2.31307583596825,4.7));
#6904=CARTESIAN_POINT('Ctrl Pts',(0.910454662657396,-2.31307583596825,4.701));
#6905=CARTESIAN_POINT('Ctrl Pts',(0.926995363452303,-2.33115729662876,4.7));
#6906=CARTESIAN_POINT('Ctrl Pts',(0.926995363452303,-2.33115729662876,4.701));
#6907=CARTESIAN_POINT('',(0.803948726870882,-2.24106942090492,4.7));
#6908=CARTESIAN_POINT('Ctrl Pts',(0.926995363452303,-2.33115729662876,4.7));
#6909=CARTESIAN_POINT('Ctrl Pts',(0.910454662657396,-2.31307583596825,4.7));
#6910=CARTESIAN_POINT('Ctrl Pts',(0.875509618904422,-2.27487567493918,4.7));
#6911=CARTESIAN_POINT('Ctrl Pts',(0.828635631080371,-2.25273182101355,4.7));
#6912=CARTESIAN_POINT('Ctrl Pts',(0.803948726870882,-2.24106942090492,4.7));
#6913=CARTESIAN_POINT('',(0.803948726870882,-2.24106942090492,4.701));
#6914=CARTESIAN_POINT('Ctrl Pts',(0.803948726870882,-2.24106942090492,4.701));
#6915=CARTESIAN_POINT('Ctrl Pts',(0.828635631080371,-2.25273182101355,4.701));
#6916=CARTESIAN_POINT('Ctrl Pts',(0.875509618904422,-2.27487567493918,4.701));
#6917=CARTESIAN_POINT('Ctrl Pts',(0.910454662657396,-2.31307583596825,4.701));
#6918=CARTESIAN_POINT('Ctrl Pts',(0.926995363452303,-2.33115729662876,4.701));
#6919=CARTESIAN_POINT('',(0.803948726870882,-2.24106942090492,4.7));
#6920=CARTESIAN_POINT('Ctrl Pts',(0.626409437873232,-2.2072314915369,4.7));
#6921=CARTESIAN_POINT('Ctrl Pts',(0.626409437873232,-2.2072314915369,4.701));
#6922=CARTESIAN_POINT('Ctrl Pts',(0.657771525018553,-2.20846474689027,4.7));
#6923=CARTESIAN_POINT('Ctrl Pts',(0.657771525018553,-2.20846474689027,4.701));
#6924=CARTESIAN_POINT('Ctrl Pts',(0.718672516671947,-2.2108595643536,4.7));
#6925=CARTESIAN_POINT('Ctrl Pts',(0.718672516671947,-2.2108595643536,4.701));
#6926=CARTESIAN_POINT('Ctrl Pts',(0.776096352677754,-2.23120246941839,4.7));
#6927=CARTESIAN_POINT('Ctrl Pts',(0.776096352677754,-2.23120246941839,4.701));
#6928=CARTESIAN_POINT('Ctrl Pts',(0.803948726870882,-2.24106942090492,4.7));
#6929=CARTESIAN_POINT('Ctrl Pts',(0.803948726870882,-2.24106942090492,4.701));
#6930=CARTESIAN_POINT('',(0.626409437873232,-2.2072314915369,4.7));
#6931=CARTESIAN_POINT('Ctrl Pts',(0.803948726870882,-2.24106942090492,4.7));
#6932=CARTESIAN_POINT('Ctrl Pts',(0.776096352677754,-2.23120246941839,4.7));
#6933=CARTESIAN_POINT('Ctrl Pts',(0.718672516671947,-2.2108595643536,4.7));
#6934=CARTESIAN_POINT('Ctrl Pts',(0.657771525018553,-2.20846474689027,4.7));
#6935=CARTESIAN_POINT('Ctrl Pts',(0.626409437873232,-2.2072314915369,4.7));
#6936=CARTESIAN_POINT('',(0.626409437873232,-2.2072314915369,4.701));
#6937=CARTESIAN_POINT('Ctrl Pts',(0.626409437873232,-2.2072314915369,4.701));
#6938=CARTESIAN_POINT('Ctrl Pts',(0.657771525018553,-2.20846474689027,4.701));
#6939=CARTESIAN_POINT('Ctrl Pts',(0.718672516671947,-2.2108595643536,4.701));
#6940=CARTESIAN_POINT('Ctrl Pts',(0.776096352677754,-2.23120246941839,4.701));
#6941=CARTESIAN_POINT('Ctrl Pts',(0.803948726870882,-2.24106942090492,4.701));
#6942=CARTESIAN_POINT('',(0.626409437873232,-2.2072314915369,4.7));
#6943=CARTESIAN_POINT('Ctrl Pts',(0.424261179187166,-2.24282723638515,4.7));
#6944=CARTESIAN_POINT('Ctrl Pts',(0.424261179187166,-2.24282723638515,4.701));
#6945=CARTESIAN_POINT('Ctrl Pts',(0.455047337129018,-2.23245532831217,4.7));
#6946=CARTESIAN_POINT('Ctrl Pts',(0.455047337129018,-2.23245532831217,4.701));
#6947=CARTESIAN_POINT('Ctrl Pts',(0.520569408656788,-2.21038083288729,4.7));
#6948=CARTESIAN_POINT('Ctrl Pts',(0.520569408656788,-2.21038083288729,4.701));
#6949=CARTESIAN_POINT('Ctrl Pts',(0.589739539663882,-2.20832262905453,4.7));
#6950=CARTESIAN_POINT('Ctrl Pts',(0.589739539663882,-2.20832262905453,4.701));
#6951=CARTESIAN_POINT('Ctrl Pts',(0.626409437873232,-2.2072314915369,4.7));
#6952=CARTESIAN_POINT('Ctrl Pts',(0.626409437873232,-2.2072314915369,4.701));
#6953=CARTESIAN_POINT('',(0.424261179187166,-2.24282723638515,4.7));
#6954=CARTESIAN_POINT('Ctrl Pts',(0.626409437873232,-2.2072314915369,4.7));
#6955=CARTESIAN_POINT('Ctrl Pts',(0.589739539663882,-2.20832262905453,4.7));
#6956=CARTESIAN_POINT('Ctrl Pts',(0.520569408656788,-2.21038083288729,4.7));
#6957=CARTESIAN_POINT('Ctrl Pts',(0.455047337129018,-2.23245532831217,4.7));
#6958=CARTESIAN_POINT('Ctrl Pts',(0.424261179187166,-2.24282723638515,4.7));
#6959=CARTESIAN_POINT('',(0.424261179187166,-2.24282723638515,4.701));
#6960=CARTESIAN_POINT('Ctrl Pts',(0.424261179187166,-2.24282723638515,4.701));
#6961=CARTESIAN_POINT('Ctrl Pts',(0.455047337129018,-2.23245532831217,4.701));
#6962=CARTESIAN_POINT('Ctrl Pts',(0.520569408656788,-2.21038083288729,4.701));
#6963=CARTESIAN_POINT('Ctrl Pts',(0.589739539663882,-2.20832262905453,4.701));
#6964=CARTESIAN_POINT('Ctrl Pts',(0.626409437873232,-2.2072314915369,4.701));
#6965=CARTESIAN_POINT('',(0.424261179187166,-2.24282723638515,4.7));
#6966=CARTESIAN_POINT('Ctrl Pts',(0.286712136485445,-2.33643074306945,4.7));
#6967=CARTESIAN_POINT('Ctrl Pts',(0.286712136485445,-2.33643074306945,4.701));
#6968=CARTESIAN_POINT('Ctrl Pts',(0.306087972214764,-2.31779569032801,4.7));
#6969=CARTESIAN_POINT('Ctrl Pts',(0.306087972214764,-2.31779569032801,4.701));
#6970=CARTESIAN_POINT('Ctrl Pts',(0.346600162757529,-2.2788323744751,4.7));
#6971=CARTESIAN_POINT('Ctrl Pts',(0.346600162757529,-2.2788323744751,4.701));
#6972=CARTESIAN_POINT('Ctrl Pts',(0.397634909435866,-2.25517168619137,4.7));
#6973=CARTESIAN_POINT('Ctrl Pts',(0.397634909435866,-2.25517168619137,4.701));
#6974=CARTESIAN_POINT('Ctrl Pts',(0.424261179187166,-2.24282723638515,4.7));
#6975=CARTESIAN_POINT('Ctrl Pts',(0.424261179187166,-2.24282723638515,4.701));
#6976=CARTESIAN_POINT('',(0.286712136485445,-2.33643074306945,4.7));
#6977=CARTESIAN_POINT('Ctrl Pts',(0.424261179187166,-2.24282723638515,4.7));
#6978=CARTESIAN_POINT('Ctrl Pts',(0.397634909435866,-2.25517168619137,4.7));
#6979=CARTESIAN_POINT('Ctrl Pts',(0.346600162757529,-2.2788323744751,4.7));
#6980=CARTESIAN_POINT('Ctrl Pts',(0.306087972214764,-2.31779569032801,4.7));
#6981=CARTESIAN_POINT('Ctrl Pts',(0.286712136485445,-2.33643074306945,4.7));
#6982=CARTESIAN_POINT('',(0.286712136485445,-2.33643074306945,4.701));
#6983=CARTESIAN_POINT('Ctrl Pts',(0.286712136485445,-2.33643074306945,4.701));
#6984=CARTESIAN_POINT('Ctrl Pts',(0.306087972214764,-2.31779569032801,4.701));
#6985=CARTESIAN_POINT('Ctrl Pts',(0.346600162757529,-2.2788323744751,4.701));
#6986=CARTESIAN_POINT('Ctrl Pts',(0.397634909435866,-2.25517168619137,4.701));
#6987=CARTESIAN_POINT('Ctrl Pts',(0.424261179187166,-2.24282723638515,4.701));
#6988=CARTESIAN_POINT('',(0.286712136485445,-2.33643074306945,4.7));
#6989=CARTESIAN_POINT('Ctrl Pts',(0.20541348717438,-2.46387217912177,4.7));
#6990=CARTESIAN_POINT('Ctrl Pts',(0.20541348717438,-2.46387217912177,4.701));
#6991=CARTESIAN_POINT('Ctrl Pts',(0.216133368142961,-2.44111366273591,4.7));
#6992=CARTESIAN_POINT('Ctrl Pts',(0.216133368142961,-2.44111366273591,4.701));
#6993=CARTESIAN_POINT('Ctrl Pts',(0.23777877576597,-2.39516004016204,4.7));
#6994=CARTESIAN_POINT('Ctrl Pts',(0.23777877576597,-2.39516004016204,4.701));
#6995=CARTESIAN_POINT('Ctrl Pts',(0.270298031434681,-2.35613077670421,4.7));
#6996=CARTESIAN_POINT('Ctrl Pts',(0.270298031434681,-2.35613077670421,4.701));
#6997=CARTESIAN_POINT('Ctrl Pts',(0.286712136485445,-2.33643074306945,4.7));
#6998=CARTESIAN_POINT('Ctrl Pts',(0.286712136485445,-2.33643074306945,4.701));
#6999=CARTESIAN_POINT('',(0.20541348717438,-2.46387217912177,4.7));
#7000=CARTESIAN_POINT('Ctrl Pts',(0.286712136485445,-2.33643074306945,4.7));
#7001=CARTESIAN_POINT('Ctrl Pts',(0.270298031434681,-2.35613077670421,4.7));
#7002=CARTESIAN_POINT('Ctrl Pts',(0.23777877576597,-2.39516004016204,4.7));
#7003=CARTESIAN_POINT('Ctrl Pts',(0.216133368142961,-2.44111366273591,4.7));
#7004=CARTESIAN_POINT('Ctrl Pts',(0.20541348717438,-2.46387217912177,4.7));
#7005=CARTESIAN_POINT('',(0.20541348717438,-2.46387217912177,4.701));
#7006=CARTESIAN_POINT('Ctrl Pts',(0.20541348717438,-2.46387217912177,4.701));
#7007=CARTESIAN_POINT('Ctrl Pts',(0.216133368142961,-2.44111366273591,4.701));
#7008=CARTESIAN_POINT('Ctrl Pts',(0.23777877576597,-2.39516004016204,4.701));
#7009=CARTESIAN_POINT('Ctrl Pts',(0.270298031434681,-2.35613077670421,4.701));
#7010=CARTESIAN_POINT('Ctrl Pts',(0.286712136485445,-2.33643074306945,4.701));
#7011=CARTESIAN_POINT('',(0.20541348717438,-2.46387217912177,4.7));
#7012=CARTESIAN_POINT('Ctrl Pts',(0.156194653727877,-2.72314947816829,4.7));
#7013=CARTESIAN_POINT('Ctrl Pts',(0.156194653727877,-2.72314947816829,4.701));
#7014=CARTESIAN_POINT('Ctrl Pts',(0.158076039243266,-2.677826011042,4.7));
#7015=CARTESIAN_POINT('Ctrl Pts',(0.158076039243266,-2.677826011042,4.701));
#7016=CARTESIAN_POINT('Ctrl Pts',(0.161764884368107,-2.58895998683694,4.7));
#7017=CARTESIAN_POINT('Ctrl Pts',(0.161764884368107,-2.58895998683694,4.701));
#7018=CARTESIAN_POINT('Ctrl Pts',(0.191059645749051,-2.5050073000821,4.7));
#7019=CARTESIAN_POINT('Ctrl Pts',(0.191059645749051,-2.5050073000821,4.701));
#7020=CARTESIAN_POINT('Ctrl Pts',(0.20541348717438,-2.46387217912177,4.7));
#7021=CARTESIAN_POINT('Ctrl Pts',(0.20541348717438,-2.46387217912177,4.701));
#7022=CARTESIAN_POINT('',(0.156194653727877,-2.72314947816829,4.7));
#7023=CARTESIAN_POINT('Ctrl Pts',(0.20541348717438,-2.46387217912177,4.7));
#7024=CARTESIAN_POINT('Ctrl Pts',(0.191059645749051,-2.5050073000821,4.7));
#7025=CARTESIAN_POINT('Ctrl Pts',(0.161764884368107,-2.58895998683694,4.7));
#7026=CARTESIAN_POINT('Ctrl Pts',(0.158076039243266,-2.677826011042,4.7));
#7027=CARTESIAN_POINT('Ctrl Pts',(0.156194653727877,-2.72314947816829,4.7));
#7028=CARTESIAN_POINT('',(0.156194653727877,-2.72314947816829,4.701));
#7029=CARTESIAN_POINT('Ctrl Pts',(0.156194653727877,-2.72314947816829,4.701));
#7030=CARTESIAN_POINT('Ctrl Pts',(0.158076039243266,-2.677826011042,4.701));
#7031=CARTESIAN_POINT('Ctrl Pts',(0.161764884368107,-2.58895998683694,4.701));
#7032=CARTESIAN_POINT('Ctrl Pts',(0.191059645749051,-2.5050073000821,4.701));
#7033=CARTESIAN_POINT('Ctrl Pts',(0.20541348717438,-2.46387217912177,4.701));
#7034=CARTESIAN_POINT('',(0.156194653727877,-2.72314947816829,4.7));
#7035=CARTESIAN_POINT('Ctrl Pts',(0.215520944812166,-3.01143069538574,4.7));
#7036=CARTESIAN_POINT('Ctrl Pts',(0.215520944812166,-3.01143069538574,4.701));
#7037=CARTESIAN_POINT('Ctrl Pts',(0.198241596478483,-2.96859700115595,4.7));
#7038=CARTESIAN_POINT('Ctrl Pts',(0.198241596478483,-2.96859700115595,4.701));
#7039=CARTESIAN_POINT('Ctrl Pts',(0.160990728275581,-2.87625600150802,4.7));
#7040=CARTESIAN_POINT('Ctrl Pts',(0.160990728275581,-2.87625600150802,4.701));
#7041=CARTESIAN_POINT('Ctrl Pts',(0.157868559717312,-2.77658608009991,4.7));
#7042=CARTESIAN_POINT('Ctrl Pts',(0.157868559717312,-2.77658608009991,4.701));
#7043=CARTESIAN_POINT('Ctrl Pts',(0.156194653727877,-2.72314947816829,4.7));
#7044=CARTESIAN_POINT('Ctrl Pts',(0.156194653727877,-2.72314947816829,4.701));
#7045=CARTESIAN_POINT('',(0.215520944812166,-3.01143069538574,4.7));
#7046=CARTESIAN_POINT('Ctrl Pts',(0.156194653727877,-2.72314947816829,4.7));
#7047=CARTESIAN_POINT('Ctrl Pts',(0.157868559717312,-2.77658608009991,4.7));
#7048=CARTESIAN_POINT('Ctrl Pts',(0.160990728275581,-2.87625600150802,4.7));
#7049=CARTESIAN_POINT('Ctrl Pts',(0.198241596478483,-2.96859700115595,4.7));
#7050=CARTESIAN_POINT('Ctrl Pts',(0.215520944812166,-3.01143069538574,4.7));
#7051=CARTESIAN_POINT('',(0.215520944812166,-3.01143069538574,4.701));
#7052=CARTESIAN_POINT('Ctrl Pts',(0.215520944812166,-3.01143069538574,4.701));
#7053=CARTESIAN_POINT('Ctrl Pts',(0.198241596478483,-2.96859700115595,4.701));
#7054=CARTESIAN_POINT('Ctrl Pts',(0.160990728275581,-2.87625600150802,4.701));
#7055=CARTESIAN_POINT('Ctrl Pts',(0.157868559717312,-2.77658608009991,4.701));
#7056=CARTESIAN_POINT('Ctrl Pts',(0.156194653727877,-2.72314947816829,4.701));
#7057=CARTESIAN_POINT('',(0.215520944812166,-3.01143069538574,4.7));
#7058=CARTESIAN_POINT('Ctrl Pts',(0.388225999095309,-3.18369646343688,4.7));
#7059=CARTESIAN_POINT('Ctrl Pts',(0.388225999095309,-3.18369646343688,4.701));
#7060=CARTESIAN_POINT('Ctrl Pts',(0.35260900121565,-3.16230636327909,4.7));
#7061=CARTESIAN_POINT('Ctrl Pts',(0.35260900121565,-3.16230636327909,4.701));
#7062=CARTESIAN_POINT('Ctrl Pts',(0.280810975777614,-3.11918742999783,4.7));
#7063=CARTESIAN_POINT('Ctrl Pts',(0.280810975777614,-3.11918742999783,4.701));
#7064=CARTESIAN_POINT('Ctrl Pts',(0.237397969513676,-3.0475372297219,4.7));
#7065=CARTESIAN_POINT('Ctrl Pts',(0.237397969513676,-3.0475372297219,4.701));
#7066=CARTESIAN_POINT('Ctrl Pts',(0.215520944812166,-3.01143069538574,4.7));
#7067=CARTESIAN_POINT('Ctrl Pts',(0.215520944812166,-3.01143069538574,4.701));
#7068=CARTESIAN_POINT('',(0.388225999095309,-3.18369646343688,4.7));
#7069=CARTESIAN_POINT('Ctrl Pts',(0.215520944812166,-3.01143069538574,4.7));
#7070=CARTESIAN_POINT('Ctrl Pts',(0.237397969513676,-3.0475372297219,4.7));
#7071=CARTESIAN_POINT('Ctrl Pts',(0.280810975777614,-3.11918742999783,4.7));
#7072=CARTESIAN_POINT('Ctrl Pts',(0.35260900121565,-3.16230636327909,4.7));
#7073=CARTESIAN_POINT('Ctrl Pts',(0.388225999095309,-3.18369646343688,4.7));
#7074=CARTESIAN_POINT('',(0.388225999095309,-3.18369646343688,4.701));
#7075=CARTESIAN_POINT('Ctrl Pts',(0.388225999095309,-3.18369646343688,4.701));
#7076=CARTESIAN_POINT('Ctrl Pts',(0.35260900121565,-3.16230636327909,4.701));
#7077=CARTESIAN_POINT('Ctrl Pts',(0.280810975777614,-3.11918742999783,4.701));
#7078=CARTESIAN_POINT('Ctrl Pts',(0.237397969513676,-3.0475372297219,4.701));
#7079=CARTESIAN_POINT('Ctrl Pts',(0.215520944812166,-3.01143069538574,4.701));
#7080=CARTESIAN_POINT('',(0.388225999095309,-3.18369646343688,4.7));
#7081=CARTESIAN_POINT('Ctrl Pts',(0.629046347358095,-3.2399464097927,4.7));
#7082=CARTESIAN_POINT('Ctrl Pts',(0.629046347358095,-3.2399464097927,4.701));
#7083=CARTESIAN_POINT('Ctrl Pts',(0.587185839588549,-3.23761951066955,4.7));
#7084=CARTESIAN_POINT('Ctrl Pts',(0.587185839588549,-3.23761951066955,4.701));
#7085=CARTESIAN_POINT('Ctrl Pts',(0.50361477904578,-3.23297404796831,4.7));
#7086=CARTESIAN_POINT('Ctrl Pts',(0.50361477904578,-3.23297404796831,4.701));
#7087=CARTESIAN_POINT('Ctrl Pts',(0.426642887800457,-3.20010266412134,4.7));
#7088=CARTESIAN_POINT('Ctrl Pts',(0.426642887800457,-3.20010266412134,4.701));
#7089=CARTESIAN_POINT('Ctrl Pts',(0.388225999095309,-3.18369646343688,4.7));
#7090=CARTESIAN_POINT('Ctrl Pts',(0.388225999095309,-3.18369646343688,4.701));
#7091=CARTESIAN_POINT('',(0.629046347358095,-3.2399464097927,4.7));
#7092=CARTESIAN_POINT('Ctrl Pts',(0.388225999095309,-3.18369646343688,4.7));
#7093=CARTESIAN_POINT('Ctrl Pts',(0.426642887800457,-3.20010266412134,4.7));
#7094=CARTESIAN_POINT('Ctrl Pts',(0.50361477904578,-3.23297404796831,4.7));
#7095=CARTESIAN_POINT('Ctrl Pts',(0.587185839588549,-3.23761951066955,4.7));
#7096=CARTESIAN_POINT('Ctrl Pts',(0.629046347358095,-3.2399464097927,4.7));
#7097=CARTESIAN_POINT('',(0.629046347358095,-3.2399464097927,4.701));
#7098=CARTESIAN_POINT('Ctrl Pts',(0.629046347358095,-3.2399464097927,4.701));
#7099=CARTESIAN_POINT('Ctrl Pts',(0.587185839588549,-3.23761951066955,4.701));
#7100=CARTESIAN_POINT('Ctrl Pts',(0.50361477904578,-3.23297404796831,4.701));
#7101=CARTESIAN_POINT('Ctrl Pts',(0.426642887800457,-3.20010266412134,4.701));
#7102=CARTESIAN_POINT('Ctrl Pts',(0.388225999095309,-3.18369646343688,4.701));
#7103=CARTESIAN_POINT('',(0.629046347358095,-3.2399464097927,4.7));
#7104=CARTESIAN_POINT('Ctrl Pts',(0.845257129886019,-3.19731940302352,4.7));
#7105=CARTESIAN_POINT('Ctrl Pts',(0.845257129886019,-3.19731940302352,4.701));
#7106=CARTESIAN_POINT('Ctrl Pts',(0.810010331068944,-3.20975205336114,4.7));
#7107=CARTESIAN_POINT('Ctrl Pts',(0.810010331068944,-3.20975205336114,4.701));
#7108=CARTESIAN_POINT('Ctrl Pts',(0.74000008767355,-3.23444685985134,4.7));
#7109=CARTESIAN_POINT('Ctrl Pts',(0.74000008767355,-3.23444685985134,4.701));
#7110=CARTESIAN_POINT('Ctrl Pts',(0.665860305870095,-3.23812168353471,4.7));
#7111=CARTESIAN_POINT('Ctrl Pts',(0.665860305870095,-3.23812168353471,4.701));
#7112=CARTESIAN_POINT('Ctrl Pts',(0.629046347358095,-3.2399464097927,4.7));
#7113=CARTESIAN_POINT('Ctrl Pts',(0.629046347358095,-3.2399464097927,4.701));
#7114=CARTESIAN_POINT('',(0.845257129886019,-3.19731940302352,4.7));
#7115=CARTESIAN_POINT('Ctrl Pts',(0.629046347358095,-3.2399464097927,4.7));
#7116=CARTESIAN_POINT('Ctrl Pts',(0.665860305870095,-3.23812168353471,4.7));
#7117=CARTESIAN_POINT('Ctrl Pts',(0.74000008767355,-3.23444685985134,4.7));
#7118=CARTESIAN_POINT('Ctrl Pts',(0.810010331068944,-3.20975205336114,4.7));
#7119=CARTESIAN_POINT('Ctrl Pts',(0.845257129886019,-3.19731940302352,4.7));
#7120=CARTESIAN_POINT('',(0.845257129886019,-3.19731940302352,4.701));
#7121=CARTESIAN_POINT('Ctrl Pts',(0.845257129886019,-3.19731940302352,4.701));
#7122=CARTESIAN_POINT('Ctrl Pts',(0.810010331068944,-3.20975205336114,4.701));
#7123=CARTESIAN_POINT('Ctrl Pts',(0.74000008767355,-3.23444685985134,4.701));
#7124=CARTESIAN_POINT('Ctrl Pts',(0.665860305870095,-3.23812168353471,4.701));
#7125=CARTESIAN_POINT('Ctrl Pts',(0.629046347358095,-3.2399464097927,4.701));
#7126=CARTESIAN_POINT('',(0.845257129886019,-3.19731940302352,4.7));
#7127=CARTESIAN_POINT('Ctrl Pts',(1.00521811506973,-3.10635258230667,4.7));
#7128=CARTESIAN_POINT('Ctrl Pts',(1.00521811506973,-3.10635258230667,4.701));
#7129=CARTESIAN_POINT('Ctrl Pts',(0.983310292066766,-3.12285775839037,4.7));
#7130=CARTESIAN_POINT('Ctrl Pts',(0.983310292066766,-3.12285775839037,4.701));
#7131=CARTESIAN_POINT('Ctrl Pts',(0.933970216673912,-3.16003017083099,4.7));
#7132=CARTESIAN_POINT('Ctrl Pts',(0.933970216673912,-3.16003017083099,4.701));
#7133=CARTESIAN_POINT('Ctrl Pts',(0.876956048719614,-3.18399523195207,4.7));
#7134=CARTESIAN_POINT('Ctrl Pts',(0.876956048719614,-3.18399523195207,4.701));
#7135=CARTESIAN_POINT('Ctrl Pts',(0.845257129886019,-3.19731940302352,4.7));
#7136=CARTESIAN_POINT('Ctrl Pts',(0.845257129886019,-3.19731940302352,4.701));
#7137=CARTESIAN_POINT('',(1.00521811506973,-3.10635258230667,4.7));
#7138=CARTESIAN_POINT('Ctrl Pts',(0.845257129886019,-3.19731940302352,4.7));
#7139=CARTESIAN_POINT('Ctrl Pts',(0.876956048719614,-3.18399523195207,4.7));
#7140=CARTESIAN_POINT('Ctrl Pts',(0.933970216673912,-3.16003017083099,4.7));
#7141=CARTESIAN_POINT('Ctrl Pts',(0.983310292066766,-3.12285775839037,4.7));
#7142=CARTESIAN_POINT('Ctrl Pts',(1.00521811506973,-3.10635258230667,4.7));
#7143=CARTESIAN_POINT('',(1.00521811506973,-3.10635258230667,4.701));
#7144=CARTESIAN_POINT('Ctrl Pts',(1.00521811506973,-3.10635258230667,4.701));
#7145=CARTESIAN_POINT('Ctrl Pts',(0.983310292066766,-3.12285775839037,4.701));
#7146=CARTESIAN_POINT('Ctrl Pts',(0.933970216673912,-3.16003017083099,4.701));
#7147=CARTESIAN_POINT('Ctrl Pts',(0.876956048719614,-3.18399523195207,4.701));
#7148=CARTESIAN_POINT('Ctrl Pts',(0.845257129886019,-3.19731940302352,4.701));
#7149=CARTESIAN_POINT('',(1.00521811506973,-3.10635258230667,4.7));
#7150=CARTESIAN_POINT('Origin',(1.00521811506973,-2.8664112535427,4.7));
#7151=CARTESIAN_POINT('',(1.00521811506973,-2.8664112535427,4.7));
#7152=CARTESIAN_POINT('',(1.00521811506973,-3.10635258230667,4.7));
#7153=CARTESIAN_POINT('',(1.00521811506973,-2.8664112535427,4.701));
#7154=CARTESIAN_POINT('',(1.00521811506973,-3.10635258230667,4.701));
#7155=CARTESIAN_POINT('',(1.00521811506973,-2.8664112535427,4.7));
#7156=CARTESIAN_POINT('Origin',(0.626409437873232,-2.8664112535427,4.7));
#7157=CARTESIAN_POINT('',(1.00521811506973,-2.8664112535427,4.7));
#7158=CARTESIAN_POINT('',(1.00521811506973,-2.8664112535427,4.701));
#7159=CARTESIAN_POINT('Origin',(-0.0147524826295498,-2.74028819772701,4.701));
#7160=CARTESIAN_POINT('Origin',(-0.0147524826295498,-2.74028819772701,4.7));
#7161=CARTESIAN_POINT('Ctrl Pts',(3.29389044306504,-3.1406300214241,4.7));
#7162=CARTESIAN_POINT('Ctrl Pts',(3.29389044306504,-3.1406300214241,4.701));
#7163=CARTESIAN_POINT('Ctrl Pts',(3.28064968782126,-3.10834637787792,4.7));
#7164=CARTESIAN_POINT('Ctrl Pts',(3.28064968782126,-3.10834637787792,4.701));
#7165=CARTESIAN_POINT('Ctrl Pts',(3.24891234723888,-3.03096431230833,4.7));
#7166=CARTESIAN_POINT('Ctrl Pts',(3.24891234723888,-3.03096431230833,4.701));
#7167=CARTESIAN_POINT('Ctrl Pts',(3.24845394896923,-2.94699147128124,4.7));
#7168=CARTESIAN_POINT('Ctrl Pts',(3.24845394896923,-2.94699147128124,4.701));
#7169=CARTESIAN_POINT('Ctrl Pts',(3.24818679354416,-2.89805193218688,4.7));
#7170=CARTESIAN_POINT('Ctrl Pts',(3.24818679354416,-2.89805193218688,4.701));
#7171=CARTESIAN_POINT('',(3.24818679354416,-2.89805193218688,4.7));
#7172=CARTESIAN_POINT('',(3.29389044306504,-3.1406300214241,4.7));
#7173=CARTESIAN_POINT('Ctrl Pts',(3.24818679354416,-2.89805193218688,4.7));
#7174=CARTESIAN_POINT('Ctrl Pts',(3.24845394896923,-2.94699147128124,4.7));
#7175=CARTESIAN_POINT('Ctrl Pts',(3.24891234723888,-3.03096431230833,4.7));
#7176=CARTESIAN_POINT('Ctrl Pts',(3.28064968782126,-3.10834637787792,4.7));
#7177=CARTESIAN_POINT('Ctrl Pts',(3.29389044306504,-3.1406300214241,4.7));
#7178=CARTESIAN_POINT('',(3.24818679354416,-2.89805193218688,4.701));
#7179=CARTESIAN_POINT('',(3.24818679354416,-2.89805193218688,4.7));
#7180=CARTESIAN_POINT('',(3.29389044306504,-3.1406300214241,4.701));
#7181=CARTESIAN_POINT('Ctrl Pts',(3.29389044306504,-3.1406300214241,4.701));
#7182=CARTESIAN_POINT('Ctrl Pts',(3.28064968782126,-3.10834637787792,4.701));
#7183=CARTESIAN_POINT('Ctrl Pts',(3.24891234723888,-3.03096431230833,4.701));
#7184=CARTESIAN_POINT('Ctrl Pts',(3.24845394896923,-2.94699147128124,4.701));
#7185=CARTESIAN_POINT('Ctrl Pts',(3.24818679354416,-2.89805193218688,4.701));
#7186=CARTESIAN_POINT('',(3.29389044306504,-3.1406300214241,4.7));
#7187=CARTESIAN_POINT('Ctrl Pts',(3.49603840372788,-3.26279793652992,4.7));
#7188=CARTESIAN_POINT('Ctrl Pts',(3.49603840372788,-3.26279793652992,4.701));
#7189=CARTESIAN_POINT('Ctrl Pts',(3.45534921375241,-3.25702275037121,4.7));
#7190=CARTESIAN_POINT('Ctrl Pts',(3.45534921375241,-3.25702275037121,4.701));
#7191=CARTESIAN_POINT('Ctrl Pts',(3.37097947721142,-3.24504780235727,4.7));
#7192=CARTESIAN_POINT('Ctrl Pts',(3.37097947721142,-3.24504780235727,4.701));
#7193=CARTESIAN_POINT('Ctrl Pts',(3.32018707485711,-3.17624904257477,4.7));
#7194=CARTESIAN_POINT('Ctrl Pts',(3.32018707485711,-3.17624904257477,4.701));
#7195=CARTESIAN_POINT('Ctrl Pts',(3.29389044306504,-3.1406300214241,4.7));
#7196=CARTESIAN_POINT('Ctrl Pts',(3.29389044306504,-3.1406300214241,4.701));
#7197=CARTESIAN_POINT('',(3.49603840372788,-3.26279793652992,4.7));
#7198=CARTESIAN_POINT('Ctrl Pts',(3.29389044306504,-3.1406300214241,4.7));
#7199=CARTESIAN_POINT('Ctrl Pts',(3.32018707485711,-3.17624904257477,4.7));
#7200=CARTESIAN_POINT('Ctrl Pts',(3.37097947721142,-3.24504780235727,4.7));
#7201=CARTESIAN_POINT('Ctrl Pts',(3.45534921375241,-3.25702275037121,4.7));
#7202=CARTESIAN_POINT('Ctrl Pts',(3.49603840372788,-3.26279793652992,4.7));
#7203=CARTESIAN_POINT('',(3.49603840372788,-3.26279793652992,4.701));
#7204=CARTESIAN_POINT('Ctrl Pts',(3.49603840372788,-3.26279793652992,4.701));
#7205=CARTESIAN_POINT('Ctrl Pts',(3.45534921375241,-3.25702275037121,4.701));
#7206=CARTESIAN_POINT('Ctrl Pts',(3.37097947721142,-3.24504780235727,4.701));
#7207=CARTESIAN_POINT('Ctrl Pts',(3.32018707485711,-3.17624904257477,4.701));
#7208=CARTESIAN_POINT('Ctrl Pts',(3.29389044306504,-3.1406300214241,4.701));
#7209=CARTESIAN_POINT('',(3.49603840372788,-3.26279793652992,4.7));
#7210=CARTESIAN_POINT('Ctrl Pts',(3.67533573172318,-3.17271013531188,4.7));
#7211=CARTESIAN_POINT('Ctrl Pts',(3.67533573172318,-3.17271013531188,4.701));
#7212=CARTESIAN_POINT('Ctrl Pts',(3.6496382086861,-3.19897555009535,4.7));
#7213=CARTESIAN_POINT('Ctrl Pts',(3.6496382086861,-3.19897555009535,4.701));
#7214=CARTESIAN_POINT('Ctrl Pts',(3.60003913272445,-3.24967072025358,4.7));
#7215=CARTESIAN_POINT('Ctrl Pts',(3.60003913272445,-3.24967072025358,4.701));
#7216=CARTESIAN_POINT('Ctrl Pts',(3.52985823582964,-3.25852911789073,4.7));
#7217=CARTESIAN_POINT('Ctrl Pts',(3.52985823582964,-3.25852911789073,4.701));
#7218=CARTESIAN_POINT('Ctrl Pts',(3.49603840372788,-3.26279793652992,4.7));
#7219=CARTESIAN_POINT('Ctrl Pts',(3.49603840372788,-3.26279793652992,4.701));
#7220=CARTESIAN_POINT('',(3.67533573172318,-3.17271013531188,4.7));
#7221=CARTESIAN_POINT('Ctrl Pts',(3.49603840372788,-3.26279793652992,4.7));
#7222=CARTESIAN_POINT('Ctrl Pts',(3.52985823582964,-3.25852911789073,4.7));
#7223=CARTESIAN_POINT('Ctrl Pts',(3.60003913272445,-3.24967072025358,4.7));
#7224=CARTESIAN_POINT('Ctrl Pts',(3.6496382086861,-3.19897555009535,4.7));
#7225=CARTESIAN_POINT('Ctrl Pts',(3.67533573172318,-3.17271013531188,4.7));
#7226=CARTESIAN_POINT('',(3.67533573172318,-3.17271013531188,4.701));
#7227=CARTESIAN_POINT('Ctrl Pts',(3.67533573172318,-3.17271013531188,4.701));
#7228=CARTESIAN_POINT('Ctrl Pts',(3.6496382086861,-3.19897555009535,4.701));
#7229=CARTESIAN_POINT('Ctrl Pts',(3.60003913272445,-3.24967072025358,4.701));
#7230=CARTESIAN_POINT('Ctrl Pts',(3.52985823582964,-3.25852911789073,4.701));
#7231=CARTESIAN_POINT('Ctrl Pts',(3.49603840372788,-3.26279793652992,4.701));
#7232=CARTESIAN_POINT('',(3.67533573172318,-3.17271013531188,4.7));
#7233=CARTESIAN_POINT('Ctrl Pts',(3.75092157385575,-2.90420417460899,4.7));
#7234=CARTESIAN_POINT('Ctrl Pts',(3.75092157385575,-2.90420417460899,4.701));
#7235=CARTESIAN_POINT('Ctrl Pts',(3.74945492220599,-2.95777969445057,4.7));
#7236=CARTESIAN_POINT('Ctrl Pts',(3.74945492220599,-2.95777969445057,4.701));
#7237=CARTESIAN_POINT('Ctrl Pts',(3.74681771560904,-3.05411457695937,4.7));
#7238=CARTESIAN_POINT('Ctrl Pts',(3.74681771560904,-3.05411457695937,4.701));
#7239=CARTESIAN_POINT('Ctrl Pts',(3.69731021434307,-3.1362523330218,4.7));
#7240=CARTESIAN_POINT('Ctrl Pts',(3.69731021434307,-3.1362523330218,4.701));
#7241=CARTESIAN_POINT('Ctrl Pts',(3.67533573172318,-3.17271013531188,4.7));
#7242=CARTESIAN_POINT('Ctrl Pts',(3.67533573172318,-3.17271013531188,4.701));
#7243=CARTESIAN_POINT('',(3.75092157385575,-2.90420417460899,4.7));
#7244=CARTESIAN_POINT('Ctrl Pts',(3.67533573172318,-3.17271013531188,4.7));
#7245=CARTESIAN_POINT('Ctrl Pts',(3.69731021434307,-3.1362523330218,4.7));
#7246=CARTESIAN_POINT('Ctrl Pts',(3.74681771560904,-3.05411457695937,4.7));
#7247=CARTESIAN_POINT('Ctrl Pts',(3.74945492220599,-2.95777969445057,4.7));
#7248=CARTESIAN_POINT('Ctrl Pts',(3.75092157385575,-2.90420417460899,4.7));
#7249=CARTESIAN_POINT('',(3.75092157385575,-2.90420417460899,4.701));
#7250=CARTESIAN_POINT('Ctrl Pts',(3.75092157385575,-2.90420417460899,4.701));
#7251=CARTESIAN_POINT('Ctrl Pts',(3.74945492220599,-2.95777969445057,4.701));
#7252=CARTESIAN_POINT('Ctrl Pts',(3.74681771560904,-3.05411457695937,4.701));
#7253=CARTESIAN_POINT('Ctrl Pts',(3.69731021434307,-3.1362523330218,4.701));
#7254=CARTESIAN_POINT('Ctrl Pts',(3.67533573172318,-3.17271013531188,4.701));
#7255=CARTESIAN_POINT('',(3.75092157385575,-2.90420417460899,4.7));
#7256=CARTESIAN_POINT('Ctrl Pts',(3.67841192744004,-2.63437998268108,4.7));
#7257=CARTESIAN_POINT('Ctrl Pts',(3.67841192744004,-2.63437998268108,4.701));
#7258=CARTESIAN_POINT('Ctrl Pts',(3.69947256633229,-2.67050901601912,4.7));
#7259=CARTESIAN_POINT('Ctrl Pts',(3.69947256633229,-2.67050901601912,4.701));
#7260=CARTESIAN_POINT('Ctrl Pts',(3.74778420340879,-2.75338649924655,4.7));
#7261=CARTESIAN_POINT('Ctrl Pts',(3.74778420340879,-2.75338649924655,4.701));
#7262=CARTESIAN_POINT('Ctrl Pts',(3.7497901088657,-2.8498131097226,4.7));
#7263=CARTESIAN_POINT('Ctrl Pts',(3.7497901088657,-2.8498131097226,4.701));
#7264=CARTESIAN_POINT('Ctrl Pts',(3.75092157385575,-2.90420417460899,4.7));
#7265=CARTESIAN_POINT('Ctrl Pts',(3.75092157385575,-2.90420417460899,4.701));
#7266=CARTESIAN_POINT('',(3.67841192744004,-2.63437998268108,4.7));
#7267=CARTESIAN_POINT('Ctrl Pts',(3.75092157385575,-2.90420417460899,4.7));
#7268=CARTESIAN_POINT('Ctrl Pts',(3.7497901088657,-2.8498131097226,4.7));
#7269=CARTESIAN_POINT('Ctrl Pts',(3.74778420340879,-2.75338649924655,4.7));
#7270=CARTESIAN_POINT('Ctrl Pts',(3.69947256633229,-2.67050901601912,4.7));
#7271=CARTESIAN_POINT('Ctrl Pts',(3.67841192744004,-2.63437998268108,4.7));
#7272=CARTESIAN_POINT('',(3.67841192744004,-2.63437998268108,4.701));
#7273=CARTESIAN_POINT('Ctrl Pts',(3.67841192744004,-2.63437998268108,4.701));
#7274=CARTESIAN_POINT('Ctrl Pts',(3.69947256633229,-2.67050901601912,4.701));
#7275=CARTESIAN_POINT('Ctrl Pts',(3.74778420340879,-2.75338649924655,4.701));
#7276=CARTESIAN_POINT('Ctrl Pts',(3.7497901088657,-2.8498131097226,4.701));
#7277=CARTESIAN_POINT('Ctrl Pts',(3.75092157385575,-2.90420417460899,4.701));
#7278=CARTESIAN_POINT('',(3.67841192744004,-2.63437998268108,4.7));
#7279=CARTESIAN_POINT('Ctrl Pts',(3.50306996367203,-2.5473683026741,4.7));
#7280=CARTESIAN_POINT('Ctrl Pts',(3.50306996367203,-2.5473683026741,4.701));
#7281=CARTESIAN_POINT('Ctrl Pts',(3.53640090145865,-2.5513818261405,4.7));
#7282=CARTESIAN_POINT('Ctrl Pts',(3.53640090145865,-2.5513818261405,4.701));
#7283=CARTESIAN_POINT('Ctrl Pts',(3.60497547514441,-2.55963918938809,4.7));
#7284=CARTESIAN_POINT('Ctrl Pts',(3.60497547514441,-2.55963918938809,4.701));
#7285=CARTESIAN_POINT('Ctrl Pts',(3.65348212373045,-2.60900738844965,4.7));
#7286=CARTESIAN_POINT('Ctrl Pts',(3.65348212373045,-2.60900738844965,4.701));
#7287=CARTESIAN_POINT('Ctrl Pts',(3.67841192744004,-2.63437998268108,4.7));
#7288=CARTESIAN_POINT('Ctrl Pts',(3.67841192744004,-2.63437998268108,4.701));
#7289=CARTESIAN_POINT('',(3.50306996367203,-2.5473683026741,4.7));
#7290=CARTESIAN_POINT('Ctrl Pts',(3.67841192744004,-2.63437998268108,4.7));
#7291=CARTESIAN_POINT('Ctrl Pts',(3.65348212373045,-2.60900738844965,4.7));
#7292=CARTESIAN_POINT('Ctrl Pts',(3.60497547514441,-2.55963918938809,4.7));
#7293=CARTESIAN_POINT('Ctrl Pts',(3.53640090145865,-2.5513818261405,4.7));
#7294=CARTESIAN_POINT('Ctrl Pts',(3.50306996367203,-2.5473683026741,4.7));
#7295=CARTESIAN_POINT('',(3.50306996367203,-2.5473683026741,4.701));
#7296=CARTESIAN_POINT('Ctrl Pts',(3.50306996367203,-2.5473683026741,4.701));
#7297=CARTESIAN_POINT('Ctrl Pts',(3.53640090145865,-2.5513818261405,4.701));
#7298=CARTESIAN_POINT('Ctrl Pts',(3.60497547514441,-2.55963918938809,4.701));
#7299=CARTESIAN_POINT('Ctrl Pts',(3.65348212373045,-2.60900738844965,4.701));
#7300=CARTESIAN_POINT('Ctrl Pts',(3.67841192744004,-2.63437998268108,4.701));
#7301=CARTESIAN_POINT('',(3.50306996367203,-2.5473683026741,4.7));
#7302=CARTESIAN_POINT('Ctrl Pts',(3.32377323172318,-2.63745617839794,4.7));
#7303=CARTESIAN_POINT('Ctrl Pts',(3.32377323172318,-2.63745617839794,4.701));
#7304=CARTESIAN_POINT('Ctrl Pts',(3.34947054892818,-2.61119076924207,4.7));
#7305=CARTESIAN_POINT('Ctrl Pts',(3.34947054892818,-2.61119076924207,4.701));
#7306=CARTESIAN_POINT('Ctrl Pts',(3.39906933500998,-2.56049550017251,4.7));
#7307=CARTESIAN_POINT('Ctrl Pts',(3.39906933500998,-2.56049550017251,4.701));
#7308=CARTESIAN_POINT('Ctrl Pts',(3.46925011106697,-2.55163712191322,4.7));
#7309=CARTESIAN_POINT('Ctrl Pts',(3.46925011106697,-2.55163712191322,4.701));
#7310=CARTESIAN_POINT('Ctrl Pts',(3.50306996367203,-2.5473683026741,4.7));
#7311=CARTESIAN_POINT('Ctrl Pts',(3.50306996367203,-2.5473683026741,4.701));
#7312=CARTESIAN_POINT('',(3.32377323172318,-2.63745617839794,4.7));
#7313=CARTESIAN_POINT('Ctrl Pts',(3.50306996367203,-2.5473683026741,4.7));
#7314=CARTESIAN_POINT('Ctrl Pts',(3.46925011106697,-2.55163712191322,4.7));
#7315=CARTESIAN_POINT('Ctrl Pts',(3.39906933500998,-2.56049550017251,4.7));
#7316=CARTESIAN_POINT('Ctrl Pts',(3.34947054892818,-2.61119076924207,4.7));
#7317=CARTESIAN_POINT('Ctrl Pts',(3.32377323172318,-2.63745617839794,4.7));
#7318=CARTESIAN_POINT('',(3.32377323172318,-2.63745617839794,4.701));
#7319=CARTESIAN_POINT('Ctrl Pts',(3.32377323172318,-2.63745617839794,4.701));
#7320=CARTESIAN_POINT('Ctrl Pts',(3.34947054892818,-2.61119076924207,4.701));
#7321=CARTESIAN_POINT('Ctrl Pts',(3.39906933500998,-2.56049550017251,4.701));
#7322=CARTESIAN_POINT('Ctrl Pts',(3.46925011106697,-2.55163712191322,4.701));
#7323=CARTESIAN_POINT('Ctrl Pts',(3.50306996367203,-2.5473683026741,4.701));
#7324=CARTESIAN_POINT('',(3.32377323172318,-2.63745617839794,4.7));
#7325=CARTESIAN_POINT('Ctrl Pts',(3.24818679354416,-2.89805193218688,4.7));
#7326=CARTESIAN_POINT('Ctrl Pts',(3.24818679354416,-2.89805193218688,4.701));
#7327=CARTESIAN_POINT('Ctrl Pts',(3.24985962876026,-2.84648626175961,4.7));
#7328=CARTESIAN_POINT('Ctrl Pts',(3.24985962876026,-2.84648626175961,4.701));
#7329=CARTESIAN_POINT('Ctrl Pts',(3.25289999517698,-2.75276601297845,4.7));
#7330=CARTESIAN_POINT('Ctrl Pts',(3.25289999517698,-2.75276601297845,4.701));
#7331=CARTESIAN_POINT('Ctrl Pts',(3.30178511614522,-2.67323055662009,4.7));
#7332=CARTESIAN_POINT('Ctrl Pts',(3.30178511614522,-2.67323055662009,4.701));
#7333=CARTESIAN_POINT('Ctrl Pts',(3.32377323172318,-2.63745617839794,4.7));
#7334=CARTESIAN_POINT('Ctrl Pts',(3.32377323172318,-2.63745617839794,4.701));
#7335=CARTESIAN_POINT('Ctrl Pts',(3.32377323172318,-2.63745617839794,4.7));
#7336=CARTESIAN_POINT('Ctrl Pts',(3.30178511614522,-2.67323055662009,4.7));
#7337=CARTESIAN_POINT('Ctrl Pts',(3.25289999517698,-2.75276601297845,4.7));
#7338=CARTESIAN_POINT('Ctrl Pts',(3.24985962876026,-2.84648626175961,4.7));
#7339=CARTESIAN_POINT('Ctrl Pts',(3.24818679354416,-2.89805193218688,4.7));
#7340=CARTESIAN_POINT('Ctrl Pts',(3.24818679354416,-2.89805193218688,4.701));
#7341=CARTESIAN_POINT('Ctrl Pts',(3.24985962876026,-2.84648626175961,4.701));
#7342=CARTESIAN_POINT('Ctrl Pts',(3.25289999517698,-2.75276601297845,4.701));
#7343=CARTESIAN_POINT('Ctrl Pts',(3.30178511614522,-2.67323055662009,4.701));
#7344=CARTESIAN_POINT('Ctrl Pts',(3.32377323172318,-2.63745617839794,4.701));
#7345=CARTESIAN_POINT('Origin',(3.10316750071274,-3.3717823472927,4.7));
#7346=CARTESIAN_POINT('',(3.24994513056504,-3.3717823472927,4.7));
#7347=CARTESIAN_POINT('',(3.10316750071274,-3.3717823472927,4.7));
#7348=CARTESIAN_POINT('',(3.24994513056504,-3.3717823472927,4.7));
#7349=CARTESIAN_POINT('',(3.24994513056504,-3.3717823472927,4.701));
#7350=CARTESIAN_POINT('',(3.24994513056504,-3.3717823472927,4.7));
#7351=CARTESIAN_POINT('',(3.10316750071274,-3.3717823472927,4.701));
#7352=CARTESIAN_POINT('',(3.24994513056504,-3.3717823472927,4.701));
#7353=CARTESIAN_POINT('',(3.10316750071274,-3.3717823472927,4.7));
#7354=CARTESIAN_POINT('Origin',(3.10316750071274,-2.08330576095085,4.7));
#7355=CARTESIAN_POINT('',(3.10316750071274,-2.08330576095085,4.7));
#7356=CARTESIAN_POINT('',(3.10316750071274,-3.3717823472927,4.7));
#7357=CARTESIAN_POINT('',(3.10316750071274,-2.08330576095085,4.701));
#7358=CARTESIAN_POINT('',(3.10316750071274,-3.3717823472927,4.701));
#7359=CARTESIAN_POINT('',(3.10316750071274,-2.08330576095085,4.7));
#7360=CARTESIAN_POINT('Origin',(3.26137074492203,-2.08330576095085,4.7));
#7361=CARTESIAN_POINT('',(3.26137074492203,-2.08330576095085,4.7));
#7362=CARTESIAN_POINT('',(3.10316750071274,-2.08330576095085,4.7));
#7363=CARTESIAN_POINT('',(3.26137074492203,-2.08330576095085,4.701));
#7364=CARTESIAN_POINT('',(3.10316750071274,-2.08330576095085,4.701));
#7365=CARTESIAN_POINT('',(3.26137074492203,-2.08330576095085,4.7));
#7366=CARTESIAN_POINT('Origin',(3.26137074492203,-2.54297372672061,4.7));
#7367=CARTESIAN_POINT('',(3.26137074492203,-2.54297372672061,4.7));
#7368=CARTESIAN_POINT('',(3.26137074492203,-2.08330576095085,4.7));
#7369=CARTESIAN_POINT('',(3.26137074492203,-2.54297372672061,4.701));
#7370=CARTESIAN_POINT('',(3.26137074492203,-2.08330576095085,4.701));
#7371=CARTESIAN_POINT('',(3.26137074492203,-2.54297372672061,4.7));
#7372=CARTESIAN_POINT('Ctrl Pts',(3.51713248751389,-2.41729018065433,4.7));
#7373=CARTESIAN_POINT('Ctrl Pts',(3.51713248751389,-2.41729018065433,4.701));
#7374=CARTESIAN_POINT('Ctrl Pts',(3.46742890030877,-2.42272349314356,4.7));
#7375=CARTESIAN_POINT('Ctrl Pts',(3.46742890030877,-2.42272349314356,4.701));
#7376=CARTESIAN_POINT('Ctrl Pts',(3.36706676640117,-2.43369450884422,4.7));
#7377=CARTESIAN_POINT('Ctrl Pts',(3.36706676640117,-2.43369450884422,4.701));
#7378=CARTESIAN_POINT('Ctrl Pts',(3.29682553706531,-2.50631698315385,4.7));
#7379=CARTESIAN_POINT('Ctrl Pts',(3.29682553706531,-2.50631698315385,4.701));
#7380=CARTESIAN_POINT('Ctrl Pts',(3.26137074492203,-2.54297372672061,4.7));
#7381=CARTESIAN_POINT('Ctrl Pts',(3.26137074492203,-2.54297372672061,4.701));
#7382=CARTESIAN_POINT('',(3.51713248751389,-2.41729018065433,4.7));
#7383=CARTESIAN_POINT('Ctrl Pts',(3.26137074492203,-2.54297372672061,4.7));
#7384=CARTESIAN_POINT('Ctrl Pts',(3.29682553706531,-2.50631698315385,4.7));
#7385=CARTESIAN_POINT('Ctrl Pts',(3.36706676640117,-2.43369450884422,4.7));
#7386=CARTESIAN_POINT('Ctrl Pts',(3.46742890030877,-2.42272349314356,4.7));
#7387=CARTESIAN_POINT('Ctrl Pts',(3.51713248751389,-2.41729018065433,4.7));
#7388=CARTESIAN_POINT('',(3.51713248751389,-2.41729018065433,4.701));
#7389=CARTESIAN_POINT('Ctrl Pts',(3.51713248751389,-2.41729018065433,4.701));
#7390=CARTESIAN_POINT('Ctrl Pts',(3.46742890030877,-2.42272349314356,4.701));
#7391=CARTESIAN_POINT('Ctrl Pts',(3.36706676640117,-2.43369450884422,4.701));
#7392=CARTESIAN_POINT('Ctrl Pts',(3.29682553706531,-2.50631698315385,4.701));
#7393=CARTESIAN_POINT('Ctrl Pts',(3.26137074492203,-2.54297372672061,4.701));
#7394=CARTESIAN_POINT('',(3.51713248751389,-2.41729018065433,4.7));
#7395=CARTESIAN_POINT('Ctrl Pts',(3.68016966841446,-2.45200698050956,4.7));
#7396=CARTESIAN_POINT('Ctrl Pts',(3.68016966841446,-2.45200698050956,4.701));
#7397=CARTESIAN_POINT('Ctrl Pts',(3.65407487277258,-2.44188135681934,4.7));
#7398=CARTESIAN_POINT('Ctrl Pts',(3.65407487277258,-2.44188135681934,4.701));
#7399=CARTESIAN_POINT('Ctrl Pts',(3.60160560852481,-2.42152158729415,4.7));
#7400=CARTESIAN_POINT('Ctrl Pts',(3.60160560852481,-2.42152158729415,4.701));
#7401=CARTESIAN_POINT('Ctrl Pts',(3.54539007499113,-2.4187056527222,4.7));
#7402=CARTESIAN_POINT('Ctrl Pts',(3.54539007499113,-2.4187056527222,4.701));
#7403=CARTESIAN_POINT('Ctrl Pts',(3.51713248751389,-2.41729018065433,4.7));
#7404=CARTESIAN_POINT('Ctrl Pts',(3.51713248751389,-2.41729018065433,4.701));
#7405=CARTESIAN_POINT('',(3.68016966841446,-2.45200698050956,4.7));
#7406=CARTESIAN_POINT('Ctrl Pts',(3.51713248751389,-2.41729018065433,4.7));
#7407=CARTESIAN_POINT('Ctrl Pts',(3.54539007499113,-2.4187056527222,4.7));
#7408=CARTESIAN_POINT('Ctrl Pts',(3.60160560852481,-2.42152158729415,4.7));
#7409=CARTESIAN_POINT('Ctrl Pts',(3.65407487277258,-2.44188135681934,4.7));
#7410=CARTESIAN_POINT('Ctrl Pts',(3.68016966841446,-2.45200698050956,4.7));
#7411=CARTESIAN_POINT('',(3.68016966841446,-2.45200698050956,4.701));
#7412=CARTESIAN_POINT('Ctrl Pts',(3.68016966841446,-2.45200698050956,4.701));
#7413=CARTESIAN_POINT('Ctrl Pts',(3.65407487277258,-2.44188135681934,4.701));
#7414=CARTESIAN_POINT('Ctrl Pts',(3.60160560852481,-2.42152158729415,4.701));
#7415=CARTESIAN_POINT('Ctrl Pts',(3.54539007499113,-2.4187056527222,4.701));
#7416=CARTESIAN_POINT('Ctrl Pts',(3.51713248751389,-2.41729018065433,4.701));
#7417=CARTESIAN_POINT('',(3.68016966841446,-2.45200698050956,4.7));
#7418=CARTESIAN_POINT('Ctrl Pts',(3.80673178694473,-2.54956555339794,4.7));
#7419=CARTESIAN_POINT('Ctrl Pts',(3.80673178694473,-2.54956555339794,4.701));
#7420=CARTESIAN_POINT('Ctrl Pts',(3.78887393218866,-2.52971406018635,4.7));
#7421=CARTESIAN_POINT('Ctrl Pts',(3.78887393218866,-2.52971406018635,4.701));
#7422=CARTESIAN_POINT('Ctrl Pts',(3.75266601834329,-2.48946392008131,4.7));
#7423=CARTESIAN_POINT('Ctrl Pts',(3.75266601834329,-2.48946392008131,4.701));
#7424=CARTESIAN_POINT('Ctrl Pts',(3.70455313124117,-2.46460526848608,4.7));
#7425=CARTESIAN_POINT('Ctrl Pts',(3.70455313124117,-2.46460526848608,4.701));
#7426=CARTESIAN_POINT('Ctrl Pts',(3.68016966841446,-2.45200698050956,4.7));
#7427=CARTESIAN_POINT('Ctrl Pts',(3.68016966841446,-2.45200698050956,4.701));
#7428=CARTESIAN_POINT('',(3.80673178694473,-2.54956555339794,4.7));
#7429=CARTESIAN_POINT('Ctrl Pts',(3.68016966841446,-2.45200698050956,4.7));
#7430=CARTESIAN_POINT('Ctrl Pts',(3.70455313124117,-2.46460526848608,4.7));
#7431=CARTESIAN_POINT('Ctrl Pts',(3.75266601834329,-2.48946392008131,4.7));
#7432=CARTESIAN_POINT('Ctrl Pts',(3.78887393218866,-2.52971406018635,4.7));
#7433=CARTESIAN_POINT('Ctrl Pts',(3.80673178694473,-2.54956555339794,4.7));
#7434=CARTESIAN_POINT('',(3.80673178694473,-2.54956555339794,4.701));
#7435=CARTESIAN_POINT('Ctrl Pts',(3.80673178694473,-2.54956555339794,4.701));
#7436=CARTESIAN_POINT('Ctrl Pts',(3.78887393218866,-2.52971406018635,4.701));
#7437=CARTESIAN_POINT('Ctrl Pts',(3.75266601834329,-2.48946392008131,4.701));
#7438=CARTESIAN_POINT('Ctrl Pts',(3.70455313124117,-2.46460526848608,4.701));
#7439=CARTESIAN_POINT('Ctrl Pts',(3.68016966841446,-2.45200698050956,4.701));
#7440=CARTESIAN_POINT('',(3.80673178694473,-2.54956555339794,4.7));
#7441=CARTESIAN_POINT('Ctrl Pts',(3.88451525233017,-2.7011768964241,4.7));
#7442=CARTESIAN_POINT('Ctrl Pts',(3.88451525233017,-2.7011768964241,4.701));
#7443=CARTESIAN_POINT('Ctrl Pts',(3.87458461316376,-2.67310658314971,4.7));
#7444=CARTESIAN_POINT('Ctrl Pts',(3.87458461316376,-2.67310658314971,4.701));
#7445=CARTESIAN_POINT('Ctrl Pts',(3.85546019751315,-2.61904880000942,4.7));
#7446=CARTESIAN_POINT('Ctrl Pts',(3.85546019751315,-2.61904880000942,4.701));
#7447=CARTESIAN_POINT('Ctrl Pts',(3.82255193934231,-2.57212396516736,4.7));
#7448=CARTESIAN_POINT('Ctrl Pts',(3.82255193934231,-2.57212396516736,4.701));
#7449=CARTESIAN_POINT('Ctrl Pts',(3.80673178694473,-2.54956555339794,4.7));
#7450=CARTESIAN_POINT('Ctrl Pts',(3.80673178694473,-2.54956555339794,4.701));
#7451=CARTESIAN_POINT('',(3.88451525233017,-2.7011768964241,4.7));
#7452=CARTESIAN_POINT('Ctrl Pts',(3.80673178694473,-2.54956555339794,4.7));
#7453=CARTESIAN_POINT('Ctrl Pts',(3.82255193934231,-2.57212396516736,4.7));
#7454=CARTESIAN_POINT('Ctrl Pts',(3.85546019751315,-2.61904880000942,4.7));
#7455=CARTESIAN_POINT('Ctrl Pts',(3.87458461316376,-2.67310658314971,4.7));
#7456=CARTESIAN_POINT('Ctrl Pts',(3.88451525233017,-2.7011768964241,4.7));
#7457=CARTESIAN_POINT('',(3.88451525233017,-2.7011768964241,4.701));
#7458=CARTESIAN_POINT('Ctrl Pts',(3.88451525233017,-2.7011768964241,4.701));
#7459=CARTESIAN_POINT('Ctrl Pts',(3.87458461316376,-2.67310658314971,4.701));
#7460=CARTESIAN_POINT('Ctrl Pts',(3.85546019751315,-2.61904880000942,4.701));
#7461=CARTESIAN_POINT('Ctrl Pts',(3.82255193934231,-2.57212396516736,4.701));
#7462=CARTESIAN_POINT('Ctrl Pts',(3.80673178694473,-2.54956555339794,4.701));
#7463=CARTESIAN_POINT('',(3.88451525233017,-2.7011768964241,4.7));
#7464=CARTESIAN_POINT('Ctrl Pts',(3.91264030001389,-2.89102067026595,4.7));
#7465=CARTESIAN_POINT('Ctrl Pts',(3.91264030001389,-2.89102067026595,4.701));
#7466=CARTESIAN_POINT('Ctrl Pts',(3.9115694236792,-2.85816398816512,4.7));
#7467=CARTESIAN_POINT('Ctrl Pts',(3.9115694236792,-2.85816398816512,4.701));
#7468=CARTESIAN_POINT('Ctrl Pts',(3.90947141172067,-2.79379267867566,4.7));
#7469=CARTESIAN_POINT('Ctrl Pts',(3.90947141172067,-2.79379267867566,4.701));
#7470=CARTESIAN_POINT('Ctrl Pts',(3.89271754027614,-2.73161672903141,4.7));
#7471=CARTESIAN_POINT('Ctrl Pts',(3.89271754027614,-2.73161672903141,4.701));
#7472=CARTESIAN_POINT('Ctrl Pts',(3.88451525233017,-2.7011768964241,4.7));
#7473=CARTESIAN_POINT('Ctrl Pts',(3.88451525233017,-2.7011768964241,4.701));
#7474=CARTESIAN_POINT('',(3.91264030001389,-2.89102067026595,4.7));
#7475=CARTESIAN_POINT('Ctrl Pts',(3.88451525233017,-2.7011768964241,4.7));
#7476=CARTESIAN_POINT('Ctrl Pts',(3.89271754027614,-2.73161672903141,4.7));
#7477=CARTESIAN_POINT('Ctrl Pts',(3.90947141172067,-2.79379267867566,4.7));
#7478=CARTESIAN_POINT('Ctrl Pts',(3.9115694236792,-2.85816398816512,4.7));
#7479=CARTESIAN_POINT('Ctrl Pts',(3.91264030001389,-2.89102067026595,4.7));
#7480=CARTESIAN_POINT('',(3.91264030001389,-2.89102067026595,4.701));
#7481=CARTESIAN_POINT('Ctrl Pts',(3.91264030001389,-2.89102067026595,4.701));
#7482=CARTESIAN_POINT('Ctrl Pts',(3.9115694236792,-2.85816398816512,4.701));
#7483=CARTESIAN_POINT('Ctrl Pts',(3.90947141172067,-2.79379267867566,4.701));
#7484=CARTESIAN_POINT('Ctrl Pts',(3.89271754027614,-2.73161672903141,4.701));
#7485=CARTESIAN_POINT('Ctrl Pts',(3.88451525233017,-2.7011768964241,4.701));
#7486=CARTESIAN_POINT('',(3.91264030001389,-2.89102067026595,4.7));
#7487=CARTESIAN_POINT('Ctrl Pts',(3.79398771784531,-3.2619190660427,4.7));
#7488=CARTESIAN_POINT('Ctrl Pts',(3.79398771784531,-3.2619190660427,4.701));
#7489=CARTESIAN_POINT('Ctrl Pts',(3.82853039112329,-3.21083148802365,4.7));
#7490=CARTESIAN_POINT('Ctrl Pts',(3.82853039112329,-3.21083148802365,4.701));
#7491=CARTESIAN_POINT('Ctrl Pts',(3.90394140973678,-3.09930085268718,4.7));
#7492=CARTESIAN_POINT('Ctrl Pts',(3.90394140973678,-3.09930085268718,4.701));
#7493=CARTESIAN_POINT('Ctrl Pts',(3.90958292818275,-2.96422425629062,4.7));
#7494=CARTESIAN_POINT('Ctrl Pts',(3.90958292818275,-2.96422425629062,4.701));
#7495=CARTESIAN_POINT('Ctrl Pts',(3.91264030001389,-2.89102067026595,4.7));
#7496=CARTESIAN_POINT('Ctrl Pts',(3.91264030001389,-2.89102067026595,4.701));
#7497=CARTESIAN_POINT('',(3.79398771784531,-3.2619190660427,4.7));
#7498=CARTESIAN_POINT('Ctrl Pts',(3.91264030001389,-2.89102067026595,4.7));
#7499=CARTESIAN_POINT('Ctrl Pts',(3.90958292818275,-2.96422425629062,4.7));
#7500=CARTESIAN_POINT('Ctrl Pts',(3.90394140973678,-3.09930085268718,4.7));
#7501=CARTESIAN_POINT('Ctrl Pts',(3.82853039112329,-3.21083148802365,4.7));
#7502=CARTESIAN_POINT('Ctrl Pts',(3.79398771784531,-3.2619190660427,4.7));
#7503=CARTESIAN_POINT('',(3.79398771784531,-3.2619190660427,4.701));
#7504=CARTESIAN_POINT('Ctrl Pts',(3.79398771784531,-3.2619190660427,4.701));
#7505=CARTESIAN_POINT('Ctrl Pts',(3.82853039112329,-3.21083148802365,4.701));
#7506=CARTESIAN_POINT('Ctrl Pts',(3.90394140973678,-3.09930085268718,4.701));
#7507=CARTESIAN_POINT('Ctrl Pts',(3.90958292818275,-2.96422425629062,4.701));
#7508=CARTESIAN_POINT('Ctrl Pts',(3.91264030001389,-2.89102067026595,4.701));
#7509=CARTESIAN_POINT('',(3.79398771784531,-3.2619190660427,4.7));
#7510=CARTESIAN_POINT('Ctrl Pts',(3.50922235510575,-3.39287613305549,4.7));
#7511=CARTESIAN_POINT('Ctrl Pts',(3.50922235510575,-3.39287613305549,4.701));
#7512=CARTESIAN_POINT('Ctrl Pts',(3.56295125716031,-3.38704469125074,4.7));
#7513=CARTESIAN_POINT('Ctrl Pts',(3.56295125716031,-3.38704469125074,4.701));
#7514=CARTESIAN_POINT('Ctrl Pts',(3.67233788910606,-3.3751724631944,4.7));
#7515=CARTESIAN_POINT('Ctrl Pts',(3.67233788910606,-3.3751724631944,4.701));
#7516=CARTESIAN_POINT('Ctrl Pts',(3.75296387895788,-3.30011138547592,4.7));
#7517=CARTESIAN_POINT('Ctrl Pts',(3.75296387895788,-3.30011138547592,4.701));
#7518=CARTESIAN_POINT('Ctrl Pts',(3.79398771784531,-3.2619190660427,4.7));
#7519=CARTESIAN_POINT('Ctrl Pts',(3.79398771784531,-3.2619190660427,4.701));
#7520=CARTESIAN_POINT('',(3.50922235510575,-3.39287613305549,4.7));
#7521=CARTESIAN_POINT('Ctrl Pts',(3.79398771784531,-3.2619190660427,4.7));
#7522=CARTESIAN_POINT('Ctrl Pts',(3.75296387895788,-3.30011138547592,4.7));
#7523=CARTESIAN_POINT('Ctrl Pts',(3.67233788910606,-3.3751724631944,4.7));
#7524=CARTESIAN_POINT('Ctrl Pts',(3.56295125716031,-3.38704469125074,4.7));
#7525=CARTESIAN_POINT('Ctrl Pts',(3.50922235510575,-3.39287613305549,4.7));
#7526=CARTESIAN_POINT('',(3.50922235510575,-3.39287613305549,4.701));
#7527=CARTESIAN_POINT('Ctrl Pts',(3.50922235510575,-3.39287613305549,4.701));
#7528=CARTESIAN_POINT('Ctrl Pts',(3.56295125716031,-3.38704469125074,4.701));
#7529=CARTESIAN_POINT('Ctrl Pts',(3.67233788910606,-3.3751724631944,4.701));
#7530=CARTESIAN_POINT('Ctrl Pts',(3.75296387895788,-3.30011138547592,4.701));
#7531=CARTESIAN_POINT('Ctrl Pts',(3.79398771784531,-3.2619190660427,4.701));
#7532=CARTESIAN_POINT('',(3.50922235510575,-3.39287613305549,4.7));
#7533=CARTESIAN_POINT('Ctrl Pts',(3.24994513056504,-3.25488780412177,4.7));
#7534=CARTESIAN_POINT('Ctrl Pts',(3.24994513056504,-3.25488780412177,4.701));
#7535=CARTESIAN_POINT('Ctrl Pts',(3.2841715473666,-3.29513428535569,4.7));
#7536=CARTESIAN_POINT('Ctrl Pts',(3.2841715473666,-3.29513428535569,4.701));
#7537=CARTESIAN_POINT('Ctrl Pts',(3.35240920238163,-3.37537422159941,4.7));
#7538=CARTESIAN_POINT('Ctrl Pts',(3.35240920238163,-3.37537422159941,4.701));
#7539=CARTESIAN_POINT('Ctrl Pts',(3.45706130647331,-3.38705443992094,4.7));
#7540=CARTESIAN_POINT('Ctrl Pts',(3.45706130647331,-3.38705443992094,4.701));
#7541=CARTESIAN_POINT('Ctrl Pts',(3.50922235510575,-3.39287613305549,4.7));
#7542=CARTESIAN_POINT('Ctrl Pts',(3.50922235510575,-3.39287613305549,4.701));
#7543=CARTESIAN_POINT('',(3.24994513056504,-3.25488780412177,4.7));
#7544=CARTESIAN_POINT('Ctrl Pts',(3.50922235510575,-3.39287613305549,4.7));
#7545=CARTESIAN_POINT('Ctrl Pts',(3.45706130647331,-3.38705443992094,4.7));
#7546=CARTESIAN_POINT('Ctrl Pts',(3.35240920238163,-3.37537422159941,4.7));
#7547=CARTESIAN_POINT('Ctrl Pts',(3.2841715473666,-3.29513428535569,4.7));
#7548=CARTESIAN_POINT('Ctrl Pts',(3.24994513056504,-3.25488780412177,4.7));
#7549=CARTESIAN_POINT('',(3.24994513056504,-3.25488780412177,4.701));
#7550=CARTESIAN_POINT('Ctrl Pts',(3.24994513056504,-3.25488780412177,4.701));
#7551=CARTESIAN_POINT('Ctrl Pts',(3.2841715473666,-3.29513428535569,4.701));
#7552=CARTESIAN_POINT('Ctrl Pts',(3.35240920238163,-3.37537422159941,4.701));
#7553=CARTESIAN_POINT('Ctrl Pts',(3.45706130647331,-3.38705443992094,4.701));
#7554=CARTESIAN_POINT('Ctrl Pts',(3.50922235510575,-3.39287613305549,4.701));
#7555=CARTESIAN_POINT('',(3.24994513056504,-3.25488780412177,4.7));
#7556=CARTESIAN_POINT('Origin',(3.24994513056504,-3.3717823472927,4.7));
#7557=CARTESIAN_POINT('',(3.24994513056504,-3.25488780412177,4.7));
#7558=CARTESIAN_POINT('',(3.24994513056504,-3.25488780412177,4.701));
#7559=CARTESIAN_POINT('Origin',(-0.0147524826295498,-2.74028819772701,4.701));
#7560=CARTESIAN_POINT('Origin',(-0.0147524826295498,-2.74028819772701,4.7));
#7561=CARTESIAN_POINT('Origin',(-1.93032881953491,-2.06133310470085,4.7));
#7562=CARTESIAN_POINT('',(-2.63521156050934,-3.41924329075317,4.7));
#7563=CARTESIAN_POINT('',(-1.93032881953491,-2.06133310470085,4.7));
#7564=CARTESIAN_POINT('',(-2.63521156050934,-3.41924329075317,4.7));
#7565=CARTESIAN_POINT('',(-2.63521156050934,-3.41924329075317,4.701));
#7566=CARTESIAN_POINT('',(-2.63521156050934,-3.41924329075317,4.7));
#7567=CARTESIAN_POINT('',(-1.93032881953491,-2.06133310470085,4.701));
#7568=CARTESIAN_POINT('',(-2.63521156050934,-3.41924329075317,4.701));
#7569=CARTESIAN_POINT('',(-1.93032881953491,-2.06133310470085,4.7));
#7570=CARTESIAN_POINT('Origin',(-1.80200836398376,-2.06133310470085,4.7));
#7571=CARTESIAN_POINT('',(-1.80200836398376,-2.06133310470085,4.7));
#7572=CARTESIAN_POINT('',(-1.93032881953491,-2.06133310470085,4.7));
#7573=CARTESIAN_POINT('',(-1.80200836398376,-2.06133310470085,4.701));
#7574=CARTESIAN_POINT('',(-1.93032881953491,-2.06133310470085,4.701));
#7575=CARTESIAN_POINT('',(-1.80200836398376,-2.06133310470085,4.7));
#7576=CARTESIAN_POINT('Origin',(-2.50425449349655,-3.41924329075317,4.7));
#7577=CARTESIAN_POINT('',(-2.50425449349655,-3.41924329075317,4.7));
#7578=CARTESIAN_POINT('',(-1.80200836398376,-2.06133310470085,4.7));
#7579=CARTESIAN_POINT('',(-2.50425449349655,-3.41924329075317,4.701));
#7580=CARTESIAN_POINT('',(-1.80200836398376,-2.06133310470085,4.701));
#7581=CARTESIAN_POINT('',(-2.50425449349655,-3.41924329075317,4.7));
#7582=CARTESIAN_POINT('Origin',(-2.63521156050934,-3.41924329075317,4.7));
#7583=CARTESIAN_POINT('',(-2.50425449349655,-3.41924329075317,4.7));
#7584=CARTESIAN_POINT('',(-2.50425449349655,-3.41924329075317,4.701));
#7585=CARTESIAN_POINT('Origin',(-0.0147524826295498,-2.74028819772701,4.701));
#7586=CARTESIAN_POINT('Origin',(-0.0147524826295498,-2.74028819772701,4.7));
#7587=CARTESIAN_POINT('Ctrl Pts',(-3.70528003909363,-3.15864761147003,4.7));
#7588=CARTESIAN_POINT('Ctrl Pts',(-3.70528003909363,-3.15864761147003,4.701));
#7589=CARTESIAN_POINT('Ctrl Pts',(-3.7266859053901,-3.10653851121151,4.7));
#7590=CARTESIAN_POINT('Ctrl Pts',(-3.7266859053901,-3.10653851121151,4.701));
#7591=CARTESIAN_POINT('Ctrl Pts',(-3.78191753562292,-2.97208608974059,4.7));
#7592=CARTESIAN_POINT('Ctrl Pts',(-3.78191753562292,-2.97208608974059,4.701));
#7593=CARTESIAN_POINT('Ctrl Pts',(-3.78044773333809,-2.82587673282954,4.7));
#7594=CARTESIAN_POINT('Ctrl Pts',(-3.78044773333809,-2.82587673282954,4.701));
#7595=CARTESIAN_POINT('Ctrl Pts',(-3.77954757549537,-2.73633305701713,4.7));
#7596=CARTESIAN_POINT('Ctrl Pts',(-3.77954757549537,-2.73633305701713,4.701));
#7597=CARTESIAN_POINT('',(-3.77954757549537,-2.73633305701713,4.7));
#7598=CARTESIAN_POINT('',(-3.70528003909363,-3.15864761147003,4.7));
#7599=CARTESIAN_POINT('Ctrl Pts',(-3.77954757549537,-2.73633305701713,4.7));
#7600=CARTESIAN_POINT('Ctrl Pts',(-3.78044773333809,-2.82587673282954,4.7));
#7601=CARTESIAN_POINT('Ctrl Pts',(-3.78191753562292,-2.97208608974059,4.7));
#7602=CARTESIAN_POINT('Ctrl Pts',(-3.7266859053901,-3.10653851121151,4.7));
#7603=CARTESIAN_POINT('Ctrl Pts',(-3.70528003909363,-3.15864761147003,4.7));
#7604=CARTESIAN_POINT('',(-3.77954757549537,-2.73633305701713,4.701));
#7605=CARTESIAN_POINT('',(-3.77954757549537,-2.73633305701713,4.7));
#7606=CARTESIAN_POINT('',(-3.70528003909363,-3.15864761147003,4.701));
#7607=CARTESIAN_POINT('Ctrl Pts',(-3.70528003909363,-3.15864761147003,4.701));
#7608=CARTESIAN_POINT('Ctrl Pts',(-3.7266859053901,-3.10653851121151,4.701));
#7609=CARTESIAN_POINT('Ctrl Pts',(-3.78191753562292,-2.97208608974059,4.701));
#7610=CARTESIAN_POINT('Ctrl Pts',(-3.78044773333809,-2.82587673282954,4.701));
#7611=CARTESIAN_POINT('Ctrl Pts',(-3.77954757549537,-2.73633305701713,4.701));
#7612=CARTESIAN_POINT('',(-3.70528003909363,-3.15864761147003,4.7));
#7613=CARTESIAN_POINT('Ctrl Pts',(-3.52202809192909,-3.26367680701713,4.7));
#7614=CARTESIAN_POINT('Ctrl Pts',(-3.52202809192909,-3.26367680701713,4.701));
#7615=CARTESIAN_POINT('Ctrl Pts',(-3.55745380283884,-3.258501561686,4.7));
#7616=CARTESIAN_POINT('Ctrl Pts',(-3.55745380283884,-3.258501561686,4.701));
#7617=CARTESIAN_POINT('Ctrl Pts',(-3.63196293551247,-3.24761672603716,4.7));
#7618=CARTESIAN_POINT('Ctrl Pts',(-3.63196293551247,-3.24761672603716,4.701));
#7619=CARTESIAN_POINT('Ctrl Pts',(-3.68005406107105,-3.18925892614469,4.7));
#7620=CARTESIAN_POINT('Ctrl Pts',(-3.68005406107105,-3.18925892614469,4.701));
#7621=CARTESIAN_POINT('Ctrl Pts',(-3.70528003909363,-3.15864761147003,4.7));
#7622=CARTESIAN_POINT('Ctrl Pts',(-3.70528003909363,-3.15864761147003,4.701));
#7623=CARTESIAN_POINT('',(-3.52202809192909,-3.26367680701713,4.7));
#7624=CARTESIAN_POINT('Ctrl Pts',(-3.70528003909363,-3.15864761147003,4.7));
#7625=CARTESIAN_POINT('Ctrl Pts',(-3.68005406107105,-3.18925892614469,4.7));
#7626=CARTESIAN_POINT('Ctrl Pts',(-3.63196293551247,-3.24761672603716,4.7));
#7627=CARTESIAN_POINT('Ctrl Pts',(-3.55745380283884,-3.258501561686,4.7));
#7628=CARTESIAN_POINT('Ctrl Pts',(-3.52202809192909,-3.26367680701713,4.7));
#7629=CARTESIAN_POINT('',(-3.52202809192909,-3.26367680701713,4.701));
#7630=CARTESIAN_POINT('Ctrl Pts',(-3.52202809192909,-3.26367680701713,4.701));
#7631=CARTESIAN_POINT('Ctrl Pts',(-3.55745380283884,-3.258501561686,4.701));
#7632=CARTESIAN_POINT('Ctrl Pts',(-3.63196293551247,-3.24761672603716,4.701));
#7633=CARTESIAN_POINT('Ctrl Pts',(-3.68005406107105,-3.18925892614469,4.701));
#7634=CARTESIAN_POINT('Ctrl Pts',(-3.70528003909363,-3.15864761147003,4.701));
#7635=CARTESIAN_POINT('',(-3.52202809192909,-3.26367680701713,4.7));
#7636=CARTESIAN_POINT('Ctrl Pts',(-3.33877607025875,-3.15820802721481,4.7));
#7637=CARTESIAN_POINT('Ctrl Pts',(-3.33877607025875,-3.15820802721481,4.701));
#7638=CARTESIAN_POINT('Ctrl Pts',(-3.36398343565896,-3.18894669545455,4.7));
#7639=CARTESIAN_POINT('Ctrl Pts',(-3.36398343565896,-3.18894669545455,4.701));
#7640=CARTESIAN_POINT('Ctrl Pts',(-3.41199990513301,-3.24749951530596,4.7));
#7641=CARTESIAN_POINT('Ctrl Pts',(-3.41199990513301,-3.24749951530596,4.701));
#7642=CARTESIAN_POINT('Ctrl Pts',(-3.48659393675079,-3.2584669723234,4.7));
#7643=CARTESIAN_POINT('Ctrl Pts',(-3.48659393675079,-3.2584669723234,4.701));
#7644=CARTESIAN_POINT('Ctrl Pts',(-3.52202809192909,-3.26367680701713,4.7));
#7645=CARTESIAN_POINT('Ctrl Pts',(-3.52202809192909,-3.26367680701713,4.701));
#7646=CARTESIAN_POINT('',(-3.33877607025875,-3.15820802721481,4.7));
#7647=CARTESIAN_POINT('Ctrl Pts',(-3.52202809192909,-3.26367680701713,4.7));
#7648=CARTESIAN_POINT('Ctrl Pts',(-3.48659393675079,-3.2584669723234,4.7));
#7649=CARTESIAN_POINT('Ctrl Pts',(-3.41199990513301,-3.24749951530596,4.7));
#7650=CARTESIAN_POINT('Ctrl Pts',(-3.36398343565896,-3.18894669545455,4.7));
#7651=CARTESIAN_POINT('Ctrl Pts',(-3.33877607025875,-3.15820802721481,4.7));
#7652=CARTESIAN_POINT('',(-3.33877607025875,-3.15820802721481,4.701));
#7653=CARTESIAN_POINT('Ctrl Pts',(-3.33877607025875,-3.15820802721481,4.701));
#7654=CARTESIAN_POINT('Ctrl Pts',(-3.36398343565896,-3.18894669545455,4.701));
#7655=CARTESIAN_POINT('Ctrl Pts',(-3.41199990513301,-3.24749951530596,4.701));
#7656=CARTESIAN_POINT('Ctrl Pts',(-3.48659393675079,-3.2584669723234,4.701));
#7657=CARTESIAN_POINT('Ctrl Pts',(-3.52202809192909,-3.26367680701713,4.701));
#7658=CARTESIAN_POINT('',(-3.33877607025875,-3.15820802721481,4.7));
#7659=CARTESIAN_POINT('Ctrl Pts',(-3.264508533857,-2.73633305701713,4.7));
#7660=CARTESIAN_POINT('Ctrl Pts',(-3.264508533857,-2.73633305701713,4.701));
#7661=CARTESIAN_POINT('Ctrl Pts',(-3.26363984667181,-2.82568680526933,4.7));
#7662=CARTESIAN_POINT('Ctrl Pts',(-3.26363984667181,-2.82568680526933,4.701));
#7663=CARTESIAN_POINT('Ctrl Pts',(-3.26221995025559,-2.97173830583593,4.7));
#7664=CARTESIAN_POINT('Ctrl Pts',(-3.26221995025559,-2.97173830583593,4.701));
#7665=CARTESIAN_POINT('Ctrl Pts',(-3.31736755768268,-3.10606275946835,4.7));
#7666=CARTESIAN_POINT('Ctrl Pts',(-3.31736755768268,-3.10606275946835,4.701));
#7667=CARTESIAN_POINT('Ctrl Pts',(-3.33877607025875,-3.15820802721481,4.7));
#7668=CARTESIAN_POINT('Ctrl Pts',(-3.33877607025875,-3.15820802721481,4.701));
#7669=CARTESIAN_POINT('',(-3.264508533857,-2.73633305701713,4.7));
#7670=CARTESIAN_POINT('Ctrl Pts',(-3.33877607025875,-3.15820802721481,4.7));
#7671=CARTESIAN_POINT('Ctrl Pts',(-3.31736755768268,-3.10606275946835,4.7));
#7672=CARTESIAN_POINT('Ctrl Pts',(-3.26221995025559,-2.97173830583593,4.7));
#7673=CARTESIAN_POINT('Ctrl Pts',(-3.26363984667181,-2.82568680526933,4.7));
#7674=CARTESIAN_POINT('Ctrl Pts',(-3.264508533857,-2.73633305701713,4.7));
#7675=CARTESIAN_POINT('',(-3.264508533857,-2.73633305701713,4.701));
#7676=CARTESIAN_POINT('Ctrl Pts',(-3.264508533857,-2.73633305701713,4.701));
#7677=CARTESIAN_POINT('Ctrl Pts',(-3.26363984667181,-2.82568680526933,4.701));
#7678=CARTESIAN_POINT('Ctrl Pts',(-3.26221995025559,-2.97173830583593,4.701));
#7679=CARTESIAN_POINT('Ctrl Pts',(-3.31736755768268,-3.10606275946835,4.701));
#7680=CARTESIAN_POINT('Ctrl Pts',(-3.33877607025875,-3.15820802721481,4.701));
#7681=CARTESIAN_POINT('',(-3.264508533857,-2.73633305701713,4.7));
#7682=CARTESIAN_POINT('Ctrl Pts',(-3.33877607025875,-2.31357906732063,4.7));
#7683=CARTESIAN_POINT('Ctrl Pts',(-3.33877607025875,-2.31357906732063,4.701));
#7684=CARTESIAN_POINT('Ctrl Pts',(-3.31737285519397,-2.36565199996898,4.7));
#7685=CARTESIAN_POINT('Ctrl Pts',(-3.31737285519397,-2.36565199996898,4.701));
#7686=CARTESIAN_POINT('Ctrl Pts',(-3.26205714495513,-2.50023230694366,4.7));
#7687=CARTESIAN_POINT('Ctrl Pts',(-3.26205714495513,-2.50023230694366,4.701));
#7688=CARTESIAN_POINT('Ctrl Pts',(-3.2635768473581,-2.64659948554825,4.7));
#7689=CARTESIAN_POINT('Ctrl Pts',(-3.2635768473581,-2.64659948554825,4.701));
#7690=CARTESIAN_POINT('Ctrl Pts',(-3.264508533857,-2.73633305701713,4.7));
#7691=CARTESIAN_POINT('Ctrl Pts',(-3.264508533857,-2.73633305701713,4.701));
#7692=CARTESIAN_POINT('',(-3.33877607025875,-2.31357906732063,4.7));
#7693=CARTESIAN_POINT('Ctrl Pts',(-3.264508533857,-2.73633305701713,4.7));
#7694=CARTESIAN_POINT('Ctrl Pts',(-3.2635768473581,-2.64659948554825,4.7));
#7695=CARTESIAN_POINT('Ctrl Pts',(-3.26205714495513,-2.50023230694366,4.7));
#7696=CARTESIAN_POINT('Ctrl Pts',(-3.31737285519397,-2.36565199996898,4.7));
#7697=CARTESIAN_POINT('Ctrl Pts',(-3.33877607025875,-2.31357906732063,4.7));
#7698=CARTESIAN_POINT('',(-3.33877607025875,-2.31357906732063,4.701));
#7699=CARTESIAN_POINT('Ctrl Pts',(-3.33877607025875,-2.31357906732063,4.701));
#7700=CARTESIAN_POINT('Ctrl Pts',(-3.31737285519397,-2.36565199996898,4.701));
#7701=CARTESIAN_POINT('Ctrl Pts',(-3.26205714495513,-2.50023230694366,4.701));
#7702=CARTESIAN_POINT('Ctrl Pts',(-3.2635768473581,-2.64659948554825,4.701));
#7703=CARTESIAN_POINT('Ctrl Pts',(-3.264508533857,-2.73633305701713,4.701));
#7704=CARTESIAN_POINT('',(-3.33877607025875,-2.31357906732063,4.7));
#7705=CARTESIAN_POINT('Ctrl Pts',(-3.52378583290352,-2.20898923251132,4.7));
#7706=CARTESIAN_POINT('Ctrl Pts',(-3.52378583290352,-2.20898923251132,4.701));
#7707=CARTESIAN_POINT('Ctrl Pts',(-3.48790326010718,-2.21405837114108,4.7));
#7708=CARTESIAN_POINT('Ctrl Pts',(-3.48790326010718,-2.21405837114108,4.701));
#7709=CARTESIAN_POINT('Ctrl Pts',(-3.41287242609852,-2.22465799289215,4.7));
#7710=CARTESIAN_POINT('Ctrl Pts',(-3.41287242609852,-2.22465799289215,4.701));
#7711=CARTESIAN_POINT('Ctrl Pts',(-3.36418127676947,-2.28309095176612,4.7));
#7712=CARTESIAN_POINT('Ctrl Pts',(-3.36418127676947,-2.28309095176612,4.701));
#7713=CARTESIAN_POINT('Ctrl Pts',(-3.33877607025875,-2.31357906732063,4.7));
#7714=CARTESIAN_POINT('Ctrl Pts',(-3.33877607025875,-2.31357906732063,4.701));
#7715=CARTESIAN_POINT('',(-3.52378583290352,-2.20898923251132,4.7));
#7716=CARTESIAN_POINT('Ctrl Pts',(-3.33877607025875,-2.31357906732063,4.7));
#7717=CARTESIAN_POINT('Ctrl Pts',(-3.36418127676947,-2.28309095176612,4.7));
#7718=CARTESIAN_POINT('Ctrl Pts',(-3.41287242609852,-2.22465799289215,4.7));
#7719=CARTESIAN_POINT('Ctrl Pts',(-3.48790326010718,-2.21405837114108,4.7));
#7720=CARTESIAN_POINT('Ctrl Pts',(-3.52378583290352,-2.20898923251132,4.7));
#7721=CARTESIAN_POINT('',(-3.52378583290352,-2.20898923251132,4.701));
#7722=CARTESIAN_POINT('Ctrl Pts',(-3.52378583290352,-2.20898923251132,4.701));
#7723=CARTESIAN_POINT('Ctrl Pts',(-3.48790326010718,-2.21405837114108,4.701));
#7724=CARTESIAN_POINT('Ctrl Pts',(-3.41287242609852,-2.22465799289215,4.701));
#7725=CARTESIAN_POINT('Ctrl Pts',(-3.36418127676947,-2.28309095176612,4.701));
#7726=CARTESIAN_POINT('Ctrl Pts',(-3.33877607025875,-2.31357906732063,4.701));
#7727=CARTESIAN_POINT('',(-3.52378583290352,-2.20898923251132,4.7));
#7728=CARTESIAN_POINT('Ctrl Pts',(-3.69780930467619,-2.30127443346481,4.7));
#7729=CARTESIAN_POINT('Ctrl Pts',(-3.69780930467619,-2.30127443346481,4.701));
#7730=CARTESIAN_POINT('Ctrl Pts',(-3.67449280378927,-2.27435878168204,4.7));
#7731=CARTESIAN_POINT('Ctrl Pts',(-3.67449280378927,-2.27435878168204,4.701));
#7732=CARTESIAN_POINT('Ctrl Pts',(-3.62834405872703,-2.22108648502265,4.7));
#7733=CARTESIAN_POINT('Ctrl Pts',(-3.62834405872703,-2.22108648502265,4.701));
#7734=CARTESIAN_POINT('Ctrl Pts',(-3.5583939034593,-2.21299334184988,4.7));
#7735=CARTESIAN_POINT('Ctrl Pts',(-3.5583939034593,-2.21299334184988,4.701));
#7736=CARTESIAN_POINT('Ctrl Pts',(-3.52378583290352,-2.20898923251132,4.7));
#7737=CARTESIAN_POINT('Ctrl Pts',(-3.52378583290352,-2.20898923251132,4.701));
#7738=CARTESIAN_POINT('',(-3.69780930467619,-2.30127443346481,4.7));
#7739=CARTESIAN_POINT('Ctrl Pts',(-3.52378583290352,-2.20898923251132,4.7));
#7740=CARTESIAN_POINT('Ctrl Pts',(-3.5583939034593,-2.21299334184988,4.7));
#7741=CARTESIAN_POINT('Ctrl Pts',(-3.62834405872703,-2.22108648502265,4.7));
#7742=CARTESIAN_POINT('Ctrl Pts',(-3.67449280378927,-2.27435878168204,4.7));
#7743=CARTESIAN_POINT('Ctrl Pts',(-3.69780930467619,-2.30127443346481,4.7));
#7744=CARTESIAN_POINT('',(-3.69780930467619,-2.30127443346481,4.701));
#7745=CARTESIAN_POINT('Ctrl Pts',(-3.69780930467619,-2.30127443346481,4.701));
#7746=CARTESIAN_POINT('Ctrl Pts',(-3.67449280378927,-2.27435878168204,4.701));
#7747=CARTESIAN_POINT('Ctrl Pts',(-3.62834405872703,-2.22108648502265,4.701));
#7748=CARTESIAN_POINT('Ctrl Pts',(-3.5583939034593,-2.21299334184988,4.701));
#7749=CARTESIAN_POINT('Ctrl Pts',(-3.52378583290352,-2.20898923251132,4.701));
#7750=CARTESIAN_POINT('',(-3.69780930467619,-2.30127443346481,4.7));
#7751=CARTESIAN_POINT('Ctrl Pts',(-3.77954757549537,-2.73633305701713,4.7));
#7752=CARTESIAN_POINT('Ctrl Pts',(-3.77954757549537,-2.73633305701713,4.701));
#7753=CARTESIAN_POINT('Ctrl Pts',(-3.77990729438469,-2.64564318215382,4.7));
#7754=CARTESIAN_POINT('Ctrl Pts',(-3.77990729438469,-2.64564318215382,4.701));
#7755=CARTESIAN_POINT('Ctrl Pts',(-3.78050644590933,-2.49458918302393,4.7));
#7756=CARTESIAN_POINT('Ctrl Pts',(-3.78050644590933,-2.49458918302393,4.701));
#7757=CARTESIAN_POINT('Ctrl Pts',(-3.72142100091912,-2.3564696805774,4.7));
#7758=CARTESIAN_POINT('Ctrl Pts',(-3.72142100091912,-2.3564696805774,4.701));
#7759=CARTESIAN_POINT('Ctrl Pts',(-3.69780930467619,-2.30127443346481,4.7));
#7760=CARTESIAN_POINT('Ctrl Pts',(-3.69780930467619,-2.30127443346481,4.701));
#7761=CARTESIAN_POINT('Ctrl Pts',(-3.69780930467619,-2.30127443346481,4.7));
#7762=CARTESIAN_POINT('Ctrl Pts',(-3.72142100091912,-2.3564696805774,4.7));
#7763=CARTESIAN_POINT('Ctrl Pts',(-3.78050644590933,-2.49458918302393,4.7));
#7764=CARTESIAN_POINT('Ctrl Pts',(-3.77990729438469,-2.64564318215382,4.7));
#7765=CARTESIAN_POINT('Ctrl Pts',(-3.77954757549537,-2.73633305701713,4.7));
#7766=CARTESIAN_POINT('Ctrl Pts',(-3.77954757549537,-2.73633305701713,4.701));
#7767=CARTESIAN_POINT('Ctrl Pts',(-3.77990729438469,-2.64564318215382,4.701));
#7768=CARTESIAN_POINT('Ctrl Pts',(-3.78050644590933,-2.49458918302393,4.701));
#7769=CARTESIAN_POINT('Ctrl Pts',(-3.72142100091912,-2.3564696805774,4.701));
#7770=CARTESIAN_POINT('Ctrl Pts',(-3.69780930467619,-2.30127443346481,4.701));
#7771=CARTESIAN_POINT('Ctrl Pts',(-3.89512377568258,-2.36851070794563,4.7));
#7772=CARTESIAN_POINT('Ctrl Pts',(-3.89512377568258,-2.36851070794563,4.701));
#7773=CARTESIAN_POINT('Ctrl Pts',(-3.90879522987163,-2.42211833778765,4.7));
#7774=CARTESIAN_POINT('Ctrl Pts',(-3.90879522987163,-2.42211833778765,4.701));
#7775=CARTESIAN_POINT('Ctrl Pts',(-3.93953808332802,-2.5426652441802,4.7));
#7776=CARTESIAN_POINT('Ctrl Pts',(-3.93953808332802,-2.5426652441802,4.701));
#7777=CARTESIAN_POINT('Ctrl Pts',(-3.94121440801998,-2.66718671738333,4.7));
#7778=CARTESIAN_POINT('Ctrl Pts',(-3.94121440801998,-2.66718671738333,4.701));
#7779=CARTESIAN_POINT('Ctrl Pts',(-3.94214526527299,-2.73633305701713,4.7));
#7780=CARTESIAN_POINT('Ctrl Pts',(-3.94214526527299,-2.73633305701713,4.701));
#7781=CARTESIAN_POINT('',(-3.94214526527299,-2.73633305701713,4.7));
#7782=CARTESIAN_POINT('',(-3.89512377568258,-2.36851070794563,4.7));
#7783=CARTESIAN_POINT('Ctrl Pts',(-3.94214526527299,-2.73633305701713,4.7));
#7784=CARTESIAN_POINT('Ctrl Pts',(-3.94121440801998,-2.66718671738333,4.7));
#7785=CARTESIAN_POINT('Ctrl Pts',(-3.93953808332802,-2.5426652441802,4.7));
#7786=CARTESIAN_POINT('Ctrl Pts',(-3.90879522987163,-2.42211833778765,4.7));
#7787=CARTESIAN_POINT('Ctrl Pts',(-3.89512377568258,-2.36851070794563,4.7));
#7788=CARTESIAN_POINT('',(-3.94214526527299,-2.73633305701713,4.701));
#7789=CARTESIAN_POINT('',(-3.94214526527299,-2.73633305701713,4.7));
#7790=CARTESIAN_POINT('',(-3.89512377568258,-2.36851070794563,4.701));
#7791=CARTESIAN_POINT('Ctrl Pts',(-3.89512377568258,-2.36851070794563,4.701));
#7792=CARTESIAN_POINT('Ctrl Pts',(-3.90879522987163,-2.42211833778765,4.701));
#7793=CARTESIAN_POINT('Ctrl Pts',(-3.93953808332802,-2.5426652441802,4.701));
#7794=CARTESIAN_POINT('Ctrl Pts',(-3.94121440801998,-2.66718671738333,4.701));
#7795=CARTESIAN_POINT('Ctrl Pts',(-3.94214526527299,-2.73633305701713,4.701));
#7796=CARTESIAN_POINT('',(-3.89512377568258,-2.36851070794563,4.7));
#7797=CARTESIAN_POINT('Ctrl Pts',(-3.75537766852154,-2.15361815664272,4.7));
#7798=CARTESIAN_POINT('Ctrl Pts',(-3.75537766852154,-2.15361815664272,4.701));
#7799=CARTESIAN_POINT('Ctrl Pts',(-3.78475373674157,-2.18261776646207,4.7));
#7800=CARTESIAN_POINT('Ctrl Pts',(-3.78475373674157,-2.18261776646207,4.701));
#7801=CARTESIAN_POINT('Ctrl Pts',(-3.84689158619624,-2.24395931073211,4.7));
#7802=CARTESIAN_POINT('Ctrl Pts',(-3.84689158619624,-2.24395931073211,4.701));
#7803=CARTESIAN_POINT('Ctrl Pts',(-3.87847278948863,-2.32551237804341,4.7));
#7804=CARTESIAN_POINT('Ctrl Pts',(-3.87847278948863,-2.32551237804341,4.701));
#7805=CARTESIAN_POINT('Ctrl Pts',(-3.89512377568258,-2.36851070794563,4.7));
#7806=CARTESIAN_POINT('Ctrl Pts',(-3.89512377568258,-2.36851070794563,4.701));
#7807=CARTESIAN_POINT('',(-3.75537766852154,-2.15361815664272,4.7));
#7808=CARTESIAN_POINT('Ctrl Pts',(-3.89512377568258,-2.36851070794563,4.7));
#7809=CARTESIAN_POINT('Ctrl Pts',(-3.87847278948863,-2.32551237804341,4.7));
#7810=CARTESIAN_POINT('Ctrl Pts',(-3.84689158619624,-2.24395931073211,4.7));
#7811=CARTESIAN_POINT('Ctrl Pts',(-3.78475373674157,-2.18261776646207,4.7));
#7812=CARTESIAN_POINT('Ctrl Pts',(-3.75537766852154,-2.15361815664272,4.7));
#7813=CARTESIAN_POINT('',(-3.75537766852154,-2.15361815664272,4.701));
#7814=CARTESIAN_POINT('Ctrl Pts',(-3.75537766852154,-2.15361815664272,4.701));
#7815=CARTESIAN_POINT('Ctrl Pts',(-3.78475373674157,-2.18261776646207,4.701));
#7816=CARTESIAN_POINT('Ctrl Pts',(-3.84689158619624,-2.24395931073211,4.701));
#7817=CARTESIAN_POINT('Ctrl Pts',(-3.87847278948863,-2.32551237804341,4.701));
#7818=CARTESIAN_POINT('Ctrl Pts',(-3.89512377568258,-2.36851070794563,4.701));
#7819=CARTESIAN_POINT('',(-3.75537766852154,-2.15361815664272,4.7));
#7820=CARTESIAN_POINT('Ctrl Pts',(-3.52202809192909,-2.07803224000434,4.7));
#7821=CARTESIAN_POINT('Ctrl Pts',(-3.52202809192909,-2.07803224000434,4.701));
#7822=CARTESIAN_POINT('Ctrl Pts',(-3.5661559471514,-2.08058861398332,4.7));
#7823=CARTESIAN_POINT('Ctrl Pts',(-3.5661559471514,-2.08058861398332,4.701));
#7824=CARTESIAN_POINT('Ctrl Pts',(-3.65068933836377,-2.08548572399605,4.7));
#7825=CARTESIAN_POINT('Ctrl Pts',(-3.65068933836377,-2.08548572399605,4.701));
#7826=CARTESIAN_POINT('Ctrl Pts',(-3.72152122212293,-2.1315839714529,4.7));
#7827=CARTESIAN_POINT('Ctrl Pts',(-3.72152122212293,-2.1315839714529,4.701));
#7828=CARTESIAN_POINT('Ctrl Pts',(-3.75537766852154,-2.15361815664272,4.7));
#7829=CARTESIAN_POINT('Ctrl Pts',(-3.75537766852154,-2.15361815664272,4.701));
#7830=CARTESIAN_POINT('',(-3.52202809192909,-2.07803224000434,4.7));
#7831=CARTESIAN_POINT('Ctrl Pts',(-3.75537766852154,-2.15361815664272,4.7));
#7832=CARTESIAN_POINT('Ctrl Pts',(-3.72152122212293,-2.1315839714529,4.7));
#7833=CARTESIAN_POINT('Ctrl Pts',(-3.65068933836377,-2.08548572399605,4.7));
#7834=CARTESIAN_POINT('Ctrl Pts',(-3.5661559471514,-2.08058861398332,4.7));
#7835=CARTESIAN_POINT('Ctrl Pts',(-3.52202809192909,-2.07803224000434,4.7));
#7836=CARTESIAN_POINT('',(-3.52202809192909,-2.07803224000434,4.701));
#7837=CARTESIAN_POINT('Ctrl Pts',(-3.52202809192909,-2.07803224000434,4.701));
#7838=CARTESIAN_POINT('Ctrl Pts',(-3.5661559471514,-2.08058861398332,4.701));
#7839=CARTESIAN_POINT('Ctrl Pts',(-3.65068933836377,-2.08548572399605,4.701));
#7840=CARTESIAN_POINT('Ctrl Pts',(-3.72152122212293,-2.1315839714529,4.701));
#7841=CARTESIAN_POINT('Ctrl Pts',(-3.75537766852154,-2.15361815664272,4.701));
#7842=CARTESIAN_POINT('',(-3.52202809192909,-2.07803224000434,4.7));
#7843=CARTESIAN_POINT('Ctrl Pts',(-3.34009445049537,-2.1197802272747,4.7));
#7844=CARTESIAN_POINT('Ctrl Pts',(-3.34009445049537,-2.1197802272747,4.701));
#7845=CARTESIAN_POINT('Ctrl Pts',(-3.36788550749491,-2.10760932234854,4.7));
#7846=CARTESIAN_POINT('Ctrl Pts',(-3.36788550749491,-2.10760932234854,4.701));
#7847=CARTESIAN_POINT('Ctrl Pts',(-3.42583794764304,-2.08222944423547,4.7));
#7848=CARTESIAN_POINT('Ctrl Pts',(-3.42583794764304,-2.08222944423547,4.701));
#7849=CARTESIAN_POINT('Ctrl Pts',(-3.48910218214125,-2.07946894403365,4.7));
#7850=CARTESIAN_POINT('Ctrl Pts',(-3.48910218214125,-2.07946894403365,4.701));
#7851=CARTESIAN_POINT('Ctrl Pts',(-3.52202809192909,-2.07803224000434,4.7));
#7852=CARTESIAN_POINT('Ctrl Pts',(-3.52202809192909,-2.07803224000434,4.701));
#7853=CARTESIAN_POINT('',(-3.34009445049537,-2.1197802272747,4.7));
#7854=CARTESIAN_POINT('Ctrl Pts',(-3.52202809192909,-2.07803224000434,4.7));
#7855=CARTESIAN_POINT('Ctrl Pts',(-3.48910218214125,-2.07946894403365,4.7));
#7856=CARTESIAN_POINT('Ctrl Pts',(-3.42583794764304,-2.08222944423547,4.7));
#7857=CARTESIAN_POINT('Ctrl Pts',(-3.36788550749491,-2.10760932234854,4.7));
#7858=CARTESIAN_POINT('Ctrl Pts',(-3.34009445049537,-2.1197802272747,4.7));
#7859=CARTESIAN_POINT('',(-3.34009445049537,-2.1197802272747,4.701));
#7860=CARTESIAN_POINT('Ctrl Pts',(-3.34009445049537,-2.1197802272747,4.701));
#7861=CARTESIAN_POINT('Ctrl Pts',(-3.36788550749491,-2.10760932234854,4.701));
#7862=CARTESIAN_POINT('Ctrl Pts',(-3.42583794764304,-2.08222944423547,4.701));
#7863=CARTESIAN_POINT('Ctrl Pts',(-3.48910218214125,-2.07946894403365,4.701));
#7864=CARTESIAN_POINT('Ctrl Pts',(-3.52202809192909,-2.07803224000434,4.701));
#7865=CARTESIAN_POINT('',(-3.34009445049537,-2.1197802272747,4.7));
#7866=CARTESIAN_POINT('Ctrl Pts',(-3.21089519896282,-2.24019040140609,4.7));
#7867=CARTESIAN_POINT('Ctrl Pts',(-3.21089519896282,-2.24019040140609,4.701));
#7868=CARTESIAN_POINT('Ctrl Pts',(-3.22882744220996,-2.21561289383655,4.7));
#7869=CARTESIAN_POINT('Ctrl Pts',(-3.22882744220996,-2.21561289383655,4.701));
#7870=CARTESIAN_POINT('Ctrl Pts',(-3.26417654944748,-2.16716424529141,4.7));
#7871=CARTESIAN_POINT('Ctrl Pts',(-3.26417654944748,-2.16716424529141,4.701));
#7872=CARTESIAN_POINT('Ctrl Pts',(-3.31503565358106,-2.13542062918354,4.7));
#7873=CARTESIAN_POINT('Ctrl Pts',(-3.31503565358106,-2.13542062918354,4.701));
#7874=CARTESIAN_POINT('Ctrl Pts',(-3.34009445049537,-2.1197802272747,4.7));
#7875=CARTESIAN_POINT('Ctrl Pts',(-3.34009445049537,-2.1197802272747,4.701));
#7876=CARTESIAN_POINT('',(-3.21089519896282,-2.24019040140609,4.7));
#7877=CARTESIAN_POINT('Ctrl Pts',(-3.34009445049537,-2.1197802272747,4.7));
#7878=CARTESIAN_POINT('Ctrl Pts',(-3.31503565358106,-2.13542062918354,4.7));
#7879=CARTESIAN_POINT('Ctrl Pts',(-3.26417654944748,-2.16716424529141,4.7));
#7880=CARTESIAN_POINT('Ctrl Pts',(-3.22882744220996,-2.21561289383655,4.7));
#7881=CARTESIAN_POINT('Ctrl Pts',(-3.21089519896282,-2.24019040140609,4.7));
#7882=CARTESIAN_POINT('',(-3.21089519896282,-2.24019040140609,4.701));
#7883=CARTESIAN_POINT('Ctrl Pts',(-3.21089519896282,-2.24019040140609,4.701));
#7884=CARTESIAN_POINT('Ctrl Pts',(-3.22882744220996,-2.21561289383655,4.701));
#7885=CARTESIAN_POINT('Ctrl Pts',(-3.26417654944748,-2.16716424529141,4.701));
#7886=CARTESIAN_POINT('Ctrl Pts',(-3.31503565358106,-2.13542062918354,4.701));
#7887=CARTESIAN_POINT('Ctrl Pts',(-3.34009445049537,-2.1197802272747,4.701));
#7888=CARTESIAN_POINT('',(-3.21089519896282,-2.24019040140609,4.7));
#7889=CARTESIAN_POINT('Ctrl Pts',(-3.13091478087677,-2.43179199072818,4.7));
#7890=CARTESIAN_POINT('Ctrl Pts',(-3.13091478087677,-2.43179199072818,4.701));
#7891=CARTESIAN_POINT('Ctrl Pts',(-3.14097798699254,-2.39639503312404,4.7));
#7892=CARTESIAN_POINT('Ctrl Pts',(-3.14097798699254,-2.39639503312404,4.701));
#7893=CARTESIAN_POINT('Ctrl Pts',(-3.16004736857623,-2.3293191843647,4.7));
#7894=CARTESIAN_POINT('Ctrl Pts',(-3.16004736857623,-2.3293191843647,4.701));
#7895=CARTESIAN_POINT('Ctrl Pts',(-3.19458405394144,-2.26878144439384,4.7));
#7896=CARTESIAN_POINT('Ctrl Pts',(-3.19458405394144,-2.26878144439384,4.701));
#7897=CARTESIAN_POINT('Ctrl Pts',(-3.21089519896282,-2.24019040140609,4.7));
#7898=CARTESIAN_POINT('Ctrl Pts',(-3.21089519896282,-2.24019040140609,4.701));
#7899=CARTESIAN_POINT('',(-3.13091478087677,-2.43179199072818,4.7));
#7900=CARTESIAN_POINT('Ctrl Pts',(-3.21089519896282,-2.24019040140609,4.7));
#7901=CARTESIAN_POINT('Ctrl Pts',(-3.19458405394144,-2.26878144439384,4.7));
#7902=CARTESIAN_POINT('Ctrl Pts',(-3.16004736857623,-2.3293191843647,4.7));
#7903=CARTESIAN_POINT('Ctrl Pts',(-3.14097798699254,-2.39639503312404,4.7));
#7904=CARTESIAN_POINT('Ctrl Pts',(-3.13091478087677,-2.43179199072818,4.7));
#7905=CARTESIAN_POINT('',(-3.13091478087677,-2.43179199072818,4.701));
#7906=CARTESIAN_POINT('Ctrl Pts',(-3.13091478087677,-2.43179199072818,4.701));
#7907=CARTESIAN_POINT('Ctrl Pts',(-3.14097798699254,-2.39639503312404,4.701));
#7908=CARTESIAN_POINT('Ctrl Pts',(-3.16004736857623,-2.3293191843647,4.701));
#7909=CARTESIAN_POINT('Ctrl Pts',(-3.19458405394144,-2.26878144439384,4.701));
#7910=CARTESIAN_POINT('Ctrl Pts',(-3.21089519896282,-2.24019040140609,4.701));
#7911=CARTESIAN_POINT('',(-3.13091478087677,-2.43179199072818,4.7));
#7912=CARTESIAN_POINT('Ctrl Pts',(-3.10191086270584,-2.73633305701713,4.7));
#7913=CARTESIAN_POINT('Ctrl Pts',(-3.10191086270584,-2.73633305701713,4.701));
#7914=CARTESIAN_POINT('Ctrl Pts',(-3.10239932601269,-2.6788229366859,4.7));
#7915=CARTESIAN_POINT('Ctrl Pts',(-3.10239932601269,-2.6788229366859,4.701));
#7916=CARTESIAN_POINT('Ctrl Pts',(-3.10326921117206,-2.5764054173189,4.7));
#7917=CARTESIAN_POINT('Ctrl Pts',(-3.10326921117206,-2.5764054173189,4.701));
#7918=CARTESIAN_POINT('Ctrl Pts',(-3.12248789258278,-2.47587287619038,4.7));
#7919=CARTESIAN_POINT('Ctrl Pts',(-3.12248789258278,-2.47587287619038,4.701));
#7920=CARTESIAN_POINT('Ctrl Pts',(-3.13091478087677,-2.43179199072818,4.7));
#7921=CARTESIAN_POINT('Ctrl Pts',(-3.13091478087677,-2.43179199072818,4.701));
#7922=CARTESIAN_POINT('',(-3.10191086270584,-2.73633305701713,4.7));
#7923=CARTESIAN_POINT('Ctrl Pts',(-3.13091478087677,-2.43179199072818,4.7));
#7924=CARTESIAN_POINT('Ctrl Pts',(-3.12248789258278,-2.47587287619038,4.7));
#7925=CARTESIAN_POINT('Ctrl Pts',(-3.10326921117206,-2.5764054173189,4.7));
#7926=CARTESIAN_POINT('Ctrl Pts',(-3.10239932601269,-2.6788229366859,4.7));
#7927=CARTESIAN_POINT('Ctrl Pts',(-3.10191086270584,-2.73633305701713,4.7));
#7928=CARTESIAN_POINT('',(-3.10191086270584,-2.73633305701713,4.701));
#7929=CARTESIAN_POINT('Ctrl Pts',(-3.10191086270584,-2.73633305701713,4.701));
#7930=CARTESIAN_POINT('Ctrl Pts',(-3.10239932601269,-2.6788229366859,4.701));
#7931=CARTESIAN_POINT('Ctrl Pts',(-3.10326921117206,-2.5764054173189,4.701));
#7932=CARTESIAN_POINT('Ctrl Pts',(-3.12248789258278,-2.47587287619038,4.701));
#7933=CARTESIAN_POINT('Ctrl Pts',(-3.13091478087677,-2.43179199072818,4.701));
#7934=CARTESIAN_POINT('',(-3.10191086270584,-2.73633305701713,4.7));
#7935=CARTESIAN_POINT('Ctrl Pts',(-3.14849286117328,-3.10239751610259,4.7));
#7936=CARTESIAN_POINT('Ctrl Pts',(-3.14849286117328,-3.10239751610259,4.701));
#7937=CARTESIAN_POINT('Ctrl Pts',(-3.13494796065306,-3.04893258068279,4.7));
#7938=CARTESIAN_POINT('Ctrl Pts',(-3.13494796065306,-3.04893258068279,4.701));
#7939=CARTESIAN_POINT('Ctrl Pts',(-3.10454709147395,-2.92893313846168,4.7));
#7940=CARTESIAN_POINT('Ctrl Pts',(-3.10454709147395,-2.92893313846168,4.701));
#7941=CARTESIAN_POINT('Ctrl Pts',(-3.10285117508233,-2.8050312832433,4.7));
#7942=CARTESIAN_POINT('Ctrl Pts',(-3.10285117508233,-2.8050312832433,4.701));
#7943=CARTESIAN_POINT('Ctrl Pts',(-3.10191086270584,-2.73633305701713,4.7));
#7944=CARTESIAN_POINT('Ctrl Pts',(-3.10191086270584,-2.73633305701713,4.701));
#7945=CARTESIAN_POINT('',(-3.14849286117328,-3.10239751610259,4.7));
#7946=CARTESIAN_POINT('Ctrl Pts',(-3.10191086270584,-2.73633305701713,4.7));
#7947=CARTESIAN_POINT('Ctrl Pts',(-3.10285117508233,-2.8050312832433,4.7));
#7948=CARTESIAN_POINT('Ctrl Pts',(-3.10454709147395,-2.92893313846168,4.7));
#7949=CARTESIAN_POINT('Ctrl Pts',(-3.13494796065306,-3.04893258068279,4.7));
#7950=CARTESIAN_POINT('Ctrl Pts',(-3.14849286117328,-3.10239751610259,4.7));
#7951=CARTESIAN_POINT('',(-3.14849286117328,-3.10239751610259,4.701));
#7952=CARTESIAN_POINT('Ctrl Pts',(-3.14849286117328,-3.10239751610259,4.701));
#7953=CARTESIAN_POINT('Ctrl Pts',(-3.13494796065306,-3.04893258068279,4.701));
#7954=CARTESIAN_POINT('Ctrl Pts',(-3.10454709147395,-2.92893313846168,4.701));
#7955=CARTESIAN_POINT('Ctrl Pts',(-3.10285117508233,-2.8050312832433,4.701));
#7956=CARTESIAN_POINT('Ctrl Pts',(-3.10191086270584,-2.73633305701713,4.701));
#7957=CARTESIAN_POINT('',(-3.14849286117328,-3.10239751610259,4.7));
#7958=CARTESIAN_POINT('Ctrl Pts',(-3.28779949583782,-3.31772957715492,4.7));
#7959=CARTESIAN_POINT('Ctrl Pts',(-3.28779949583782,-3.31772957715492,4.701));
#7960=CARTESIAN_POINT('Ctrl Pts',(-3.25845045325219,-3.28861828407438,4.7));
#7961=CARTESIAN_POINT('Ctrl Pts',(-3.25845045325219,-3.28861828407438,4.701));
#7962=CARTESIAN_POINT('Ctrl Pts',(-3.19642606636809,-3.22709634176723,4.7));
#7963=CARTESIAN_POINT('Ctrl Pts',(-3.19642606636809,-3.22709634176723,4.701));
#7964=CARTESIAN_POINT('Ctrl Pts',(-3.16503180973746,-3.14542379517778,4.7));
#7965=CARTESIAN_POINT('Ctrl Pts',(-3.16503180973746,-3.14542379517778,4.701));
#7966=CARTESIAN_POINT('Ctrl Pts',(-3.14849286117328,-3.10239751610259,4.7));
#7967=CARTESIAN_POINT('Ctrl Pts',(-3.14849286117328,-3.10239751610259,4.701));
#7968=CARTESIAN_POINT('',(-3.28779949583782,-3.31772957715492,4.7));
#7969=CARTESIAN_POINT('Ctrl Pts',(-3.14849286117328,-3.10239751610259,4.7));
#7970=CARTESIAN_POINT('Ctrl Pts',(-3.16503180973746,-3.14542379517778,4.7));
#7971=CARTESIAN_POINT('Ctrl Pts',(-3.19642606636809,-3.22709634176723,4.7));
#7972=CARTESIAN_POINT('Ctrl Pts',(-3.25845045325219,-3.28861828407438,4.7));
#7973=CARTESIAN_POINT('Ctrl Pts',(-3.28779949583782,-3.31772957715492,4.7));
#7974=CARTESIAN_POINT('',(-3.28779949583782,-3.31772957715492,4.701));
#7975=CARTESIAN_POINT('Ctrl Pts',(-3.28779949583782,-3.31772957715492,4.701));
#7976=CARTESIAN_POINT('Ctrl Pts',(-3.25845045325219,-3.28861828407438,4.701));
#7977=CARTESIAN_POINT('Ctrl Pts',(-3.19642606636809,-3.22709634176723,4.701));
#7978=CARTESIAN_POINT('Ctrl Pts',(-3.16503180973746,-3.14542379517778,4.701));
#7979=CARTESIAN_POINT('Ctrl Pts',(-3.14849286117328,-3.10239751610259,4.701));
#7980=CARTESIAN_POINT('',(-3.28779949583782,-3.31772957715492,4.7));
#7981=CARTESIAN_POINT('Ctrl Pts',(-3.52202809192909,-3.3937550035427,4.7));
#7982=CARTESIAN_POINT('Ctrl Pts',(-3.52202809192909,-3.3937550035427,4.701));
#7983=CARTESIAN_POINT('Ctrl Pts',(-3.47766451726957,-3.39119962381681,4.7));
#7984=CARTESIAN_POINT('Ctrl Pts',(-3.47766451726957,-3.39119962381681,4.701));
#7985=CARTESIAN_POINT('Ctrl Pts',(-3.39276832297333,-3.3863095306407,4.7));
#7986=CARTESIAN_POINT('Ctrl Pts',(-3.39276832297333,-3.3863095306407,4.701));
#7987=CARTESIAN_POINT('Ctrl Pts',(-3.32172042206351,-3.33989135228602,4.7));
#7988=CARTESIAN_POINT('Ctrl Pts',(-3.32172042206351,-3.33989135228602,4.701));
#7989=CARTESIAN_POINT('Ctrl Pts',(-3.28779949583782,-3.31772957715492,4.7));
#7990=CARTESIAN_POINT('Ctrl Pts',(-3.28779949583782,-3.31772957715492,4.701));
#7991=CARTESIAN_POINT('',(-3.52202809192909,-3.3937550035427,4.7));
#7992=CARTESIAN_POINT('Ctrl Pts',(-3.28779949583782,-3.31772957715492,4.7));
#7993=CARTESIAN_POINT('Ctrl Pts',(-3.32172042206351,-3.33989135228602,4.7));
#7994=CARTESIAN_POINT('Ctrl Pts',(-3.39276832297333,-3.3863095306407,4.7));
#7995=CARTESIAN_POINT('Ctrl Pts',(-3.47766451726957,-3.39119962381681,4.7));
#7996=CARTESIAN_POINT('Ctrl Pts',(-3.52202809192909,-3.3937550035427,4.7));
#7997=CARTESIAN_POINT('',(-3.52202809192909,-3.3937550035427,4.701));
#7998=CARTESIAN_POINT('Ctrl Pts',(-3.52202809192909,-3.3937550035427,4.701));
#7999=CARTESIAN_POINT('Ctrl Pts',(-3.47766451726957,-3.39119962381681,4.701));
#8000=CARTESIAN_POINT('Ctrl Pts',(-3.39276832297333,-3.3863095306407,4.701));
#8001=CARTESIAN_POINT('Ctrl Pts',(-3.32172042206351,-3.33989135228602,4.701));
#8002=CARTESIAN_POINT('Ctrl Pts',(-3.28779949583782,-3.31772957715492,4.701));
#8003=CARTESIAN_POINT('',(-3.52202809192909,-3.3937550035427,4.7));
#8004=CARTESIAN_POINT('Ctrl Pts',(-3.81470384784712,-3.26016117605667,4.7));
#8005=CARTESIAN_POINT('Ctrl Pts',(-3.81470384784712,-3.26016117605667,4.701));
#8006=CARTESIAN_POINT('Ctrl Pts',(-3.77516838953182,-3.2991190597768,4.7));
#8007=CARTESIAN_POINT('Ctrl Pts',(-3.77516838953182,-3.2991190597768,4.701));
#8008=CARTESIAN_POINT('Ctrl Pts',(-3.69403727673093,-3.37906492592501,4.7));
#8009=CARTESIAN_POINT('Ctrl Pts',(-3.69403727673093,-3.37906492592501,4.701));
#8010=CARTESIAN_POINT('Ctrl Pts',(-3.58032698448172,-3.38877611094688,4.7));
#8011=CARTESIAN_POINT('Ctrl Pts',(-3.58032698448172,-3.38877611094688,4.701));
#8012=CARTESIAN_POINT('Ctrl Pts',(-3.52202809192909,-3.3937550035427,4.7));
#8013=CARTESIAN_POINT('Ctrl Pts',(-3.52202809192909,-3.3937550035427,4.701));
#8014=CARTESIAN_POINT('',(-3.81470384784712,-3.26016117605667,4.7));
#8015=CARTESIAN_POINT('Ctrl Pts',(-3.52202809192909,-3.3937550035427,4.7));
#8016=CARTESIAN_POINT('Ctrl Pts',(-3.58032698448172,-3.38877611094688,4.7));
#8017=CARTESIAN_POINT('Ctrl Pts',(-3.69403727673093,-3.37906492592501,4.7));
#8018=CARTESIAN_POINT('Ctrl Pts',(-3.77516838953182,-3.2991190597768,4.7));
#8019=CARTESIAN_POINT('Ctrl Pts',(-3.81470384784712,-3.26016117605667,4.7));
#8020=CARTESIAN_POINT('',(-3.81470384784712,-3.26016117605667,4.701));
#8021=CARTESIAN_POINT('Ctrl Pts',(-3.81470384784712,-3.26016117605667,4.701));
#8022=CARTESIAN_POINT('Ctrl Pts',(-3.77516838953182,-3.2991190597768,4.701));
#8023=CARTESIAN_POINT('Ctrl Pts',(-3.69403727673093,-3.37906492592501,4.701));
#8024=CARTESIAN_POINT('Ctrl Pts',(-3.58032698448172,-3.38877611094688,4.701));
#8025=CARTESIAN_POINT('Ctrl Pts',(-3.52202809192909,-3.3937550035427,4.701));
#8026=CARTESIAN_POINT('',(-3.81470384784712,-3.26016117605667,4.7));
#8027=CARTESIAN_POINT('Ctrl Pts',(-3.94214526527299,-2.73633305701713,4.7));
#8028=CARTESIAN_POINT('Ctrl Pts',(-3.94214526527299,-2.73633305701713,4.701));
#8029=CARTESIAN_POINT('Ctrl Pts',(-3.94087567362165,-2.84300236652633,4.7));
#8030=CARTESIAN_POINT('Ctrl Pts',(-3.94087567362165,-2.84300236652633,4.701));
#8031=CARTESIAN_POINT('Ctrl Pts',(-3.93866832264922,-3.02846089866611,4.7));
#8032=CARTESIAN_POINT('Ctrl Pts',(-3.93866832264922,-3.02846089866611,4.701));
#8033=CARTESIAN_POINT('Ctrl Pts',(-3.85166561734996,-3.19107644625544,4.7));
#8034=CARTESIAN_POINT('Ctrl Pts',(-3.85166561734996,-3.19107644625544,4.701));
#8035=CARTESIAN_POINT('Ctrl Pts',(-3.81470384784712,-3.26016117605667,4.7));
#8036=CARTESIAN_POINT('Ctrl Pts',(-3.81470384784712,-3.26016117605667,4.701));
#8037=CARTESIAN_POINT('Ctrl Pts',(-3.81470384784712,-3.26016117605667,4.7));
#8038=CARTESIAN_POINT('Ctrl Pts',(-3.85166561734996,-3.19107644625544,4.7));
#8039=CARTESIAN_POINT('Ctrl Pts',(-3.93866832264922,-3.02846089866611,4.7));
#8040=CARTESIAN_POINT('Ctrl Pts',(-3.94087567362165,-2.84300236652633,4.7));
#8041=CARTESIAN_POINT('Ctrl Pts',(-3.94214526527299,-2.73633305701713,4.7));
#8042=CARTESIAN_POINT('Ctrl Pts',(-3.94214526527299,-2.73633305701713,4.701));
#8043=CARTESIAN_POINT('Ctrl Pts',(-3.94087567362165,-2.84300236652633,4.701));
#8044=CARTESIAN_POINT('Ctrl Pts',(-3.93866832264922,-3.02846089866611,4.701));
#8045=CARTESIAN_POINT('Ctrl Pts',(-3.85166561734996,-3.19107644625544,4.701));
#8046=CARTESIAN_POINT('Ctrl Pts',(-3.81470384784712,-3.26016117605667,4.701));
#8047=CARTESIAN_POINT('Origin',(-0.0147524826295498,-2.74028819772701,4.701));
#8048=CARTESIAN_POINT('Origin',(-0.0147524826295498,-2.74028819772701,4.7));
#8049=CARTESIAN_POINT('Origin',(2.04638715833426,3.83886720985174,4.7));
#8050=CARTESIAN_POINT('',(2.04638715833426,3.1933594122529,4.7));
#8051=CARTESIAN_POINT('',(2.04638715833426,3.83886720985174,4.7));
#8052=CARTESIAN_POINT('',(2.04638715833426,3.1933594122529,4.7));
#8053=CARTESIAN_POINT('',(2.04638715833426,3.1933594122529,4.701));
#8054=CARTESIAN_POINT('',(2.04638715833426,3.1933594122529,4.7));
#8055=CARTESIAN_POINT('',(2.04638715833426,3.83886720985174,4.701));
#8056=CARTESIAN_POINT('',(2.04638715833426,3.1933594122529,4.701));
#8057=CARTESIAN_POINT('',(2.04638715833426,3.83886720985174,4.7));
#8058=CARTESIAN_POINT('Origin',(1.59814473241568,3.1933594122529,4.7));
#8059=CARTESIAN_POINT('',(1.59814473241568,3.1933594122529,4.7));
#8060=CARTESIAN_POINT('',(2.04638715833426,3.83886720985174,4.7));
#8061=CARTESIAN_POINT('',(1.59814473241568,3.1933594122529,4.701));
#8062=CARTESIAN_POINT('',(2.04638715833426,3.83886720985174,4.701));
#8063=CARTESIAN_POINT('',(1.59814473241568,3.1933594122529,4.7));
#8064=CARTESIAN_POINT('Origin',(2.04638715833426,3.1933594122529,4.7));
#8065=CARTESIAN_POINT('',(1.59814473241568,3.1933594122529,4.7));
#8066=CARTESIAN_POINT('',(1.59814473241568,3.1933594122529,4.701));
#8067=CARTESIAN_POINT('Origin',(2.04638715833426,3.0322265997529,4.7));
#8068=CARTESIAN_POINT('',(2.04638715833426,2.68945310264826,4.7));
#8069=CARTESIAN_POINT('',(2.04638715833426,3.0322265997529,4.7));
#8070=CARTESIAN_POINT('',(2.04638715833426,2.68945310264826,4.7));
#8071=CARTESIAN_POINT('',(2.04638715833426,2.68945310264826,4.701));
#8072=CARTESIAN_POINT('',(2.04638715833426,2.68945310264826,4.7));
#8073=CARTESIAN_POINT('',(2.04638715833426,3.0322265997529,4.701));
#8074=CARTESIAN_POINT('',(2.04638715833426,2.68945310264826,4.701));
#8075=CARTESIAN_POINT('',(2.04638715833426,3.0322265997529,4.7));
#8076=CARTESIAN_POINT('Origin',(1.42529305070639,3.0322265997529,4.7));
#8077=CARTESIAN_POINT('',(1.42529305070639,3.0322265997529,4.7));
#8078=CARTESIAN_POINT('',(2.04638715833426,3.0322265997529,4.7));
#8079=CARTESIAN_POINT('',(1.42529305070639,3.0322265997529,4.701));
#8080=CARTESIAN_POINT('',(2.04638715833426,3.0322265997529,4.701));
#8081=CARTESIAN_POINT('',(1.42529305070639,3.0322265997529,4.7));
#8082=CARTESIAN_POINT('Origin',(1.42529305070639,3.1933594122529,4.7));
#8083=CARTESIAN_POINT('',(1.42529305070639,3.1933594122529,4.7));
#8084=CARTESIAN_POINT('',(1.42529305070639,3.0322265997529,4.7));
#8085=CARTESIAN_POINT('',(1.42529305070639,3.1933594122529,4.701));
#8086=CARTESIAN_POINT('',(1.42529305070639,3.0322265997529,4.701));
#8087=CARTESIAN_POINT('',(1.42529305070639,3.1933594122529,4.7));
#8088=CARTESIAN_POINT('Origin',(2.07861360162497,4.1210937872529,4.7));
#8089=CARTESIAN_POINT('',(2.07861360162497,4.1210937872529,4.7));
#8090=CARTESIAN_POINT('',(1.42529305070639,3.1933594122529,4.7));
#8091=CARTESIAN_POINT('',(2.07861360162497,4.1210937872529,4.701));
#8092=CARTESIAN_POINT('',(1.42529305070639,3.1933594122529,4.701));
#8093=CARTESIAN_POINT('',(2.07861360162497,4.1210937872529,4.7));
#8094=CARTESIAN_POINT('Origin',(2.22216840833426,4.1210937872529,4.7));
#8095=CARTESIAN_POINT('',(2.22216840833426,4.1210937872529,4.7));
#8096=CARTESIAN_POINT('',(2.07861360162497,4.1210937872529,4.7));
#8097=CARTESIAN_POINT('',(2.22216840833426,4.1210937872529,4.701));
#8098=CARTESIAN_POINT('',(2.07861360162497,4.1210937872529,4.701));
#8099=CARTESIAN_POINT('',(2.22216840833426,4.1210937872529,4.7));
#8100=CARTESIAN_POINT('Origin',(2.22216840833426,3.1933594122529,4.7));
#8101=CARTESIAN_POINT('',(2.22216840833426,3.1933594122529,4.7));
#8102=CARTESIAN_POINT('',(2.22216840833426,4.1210937872529,4.7));
#8103=CARTESIAN_POINT('',(2.22216840833426,3.1933594122529,4.701));
#8104=CARTESIAN_POINT('',(2.22216840833426,4.1210937872529,4.701));
#8105=CARTESIAN_POINT('',(2.22216840833426,3.1933594122529,4.7));
#8106=CARTESIAN_POINT('Origin',(2.41552766412497,3.1933594122529,4.7));
#8107=CARTESIAN_POINT('',(2.41552766412497,3.1933594122529,4.7));
#8108=CARTESIAN_POINT('',(2.22216840833426,3.1933594122529,4.7));
#8109=CARTESIAN_POINT('',(2.41552766412497,3.1933594122529,4.701));
#8110=CARTESIAN_POINT('',(2.22216840833426,3.1933594122529,4.701));
#8111=CARTESIAN_POINT('',(2.41552766412497,3.1933594122529,4.7));
#8112=CARTESIAN_POINT('Origin',(2.41552766412497,3.0322265997529,4.7));
#8113=CARTESIAN_POINT('',(2.41552766412497,3.0322265997529,4.7));
#8114=CARTESIAN_POINT('',(2.41552766412497,3.1933594122529,4.7));
#8115=CARTESIAN_POINT('',(2.41552766412497,3.0322265997529,4.701));
#8116=CARTESIAN_POINT('',(2.41552766412497,3.1933594122529,4.701));
#8117=CARTESIAN_POINT('',(2.41552766412497,3.0322265997529,4.7));
#8118=CARTESIAN_POINT('Origin',(2.22216840833426,3.0322265997529,4.7));
#8119=CARTESIAN_POINT('',(2.22216840833426,3.0322265997529,4.7));
#8120=CARTESIAN_POINT('',(2.41552766412497,3.0322265997529,4.7));
#8121=CARTESIAN_POINT('',(2.22216840833426,3.0322265997529,4.701));
#8122=CARTESIAN_POINT('',(2.41552766412497,3.0322265997529,4.701));
#8123=CARTESIAN_POINT('',(2.22216840833426,3.0322265997529,4.7));
#8124=CARTESIAN_POINT('Origin',(2.22216840833426,2.68945310264826,4.7));
#8125=CARTESIAN_POINT('',(2.22216840833426,2.68945310264826,4.7));
#8126=CARTESIAN_POINT('',(2.22216840833426,3.0322265997529,4.7));
#8127=CARTESIAN_POINT('',(2.22216840833426,2.68945310264826,4.701));
#8128=CARTESIAN_POINT('',(2.22216840833426,3.0322265997529,4.701));
#8129=CARTESIAN_POINT('',(2.22216840833426,2.68945310264826,4.7));
#8130=CARTESIAN_POINT('Origin',(2.04638715833426,2.68945310264826,4.7));
#8131=CARTESIAN_POINT('',(2.22216840833426,2.68945310264826,4.7));
#8132=CARTESIAN_POINT('',(2.22216840833426,2.68945310264826,4.701));
#8133=CARTESIAN_POINT('Origin',(0.146484561264515,3.40527344495058,4.701));
#8134=CARTESIAN_POINT('Origin',(0.146484561264515,3.40527344495058,4.7));
#8135=CARTESIAN_POINT('Origin',(-2.12255854159594,4.1210937872529,4.7));
#8136=CARTESIAN_POINT('',(-2.12255854159594,2.68945310264826,4.7));
#8137=CARTESIAN_POINT('',(-2.12255854159594,4.1210937872529,4.7));
#8138=CARTESIAN_POINT('',(-2.12255854159594,2.68945310264826,4.7));
#8139=CARTESIAN_POINT('',(-2.12255854159594,2.68945310264826,4.701));
#8140=CARTESIAN_POINT('',(-2.12255854159594,2.68945310264826,4.7));
#8141=CARTESIAN_POINT('',(-2.12255854159594,4.1210937872529,4.701));
#8142=CARTESIAN_POINT('',(-2.12255854159594,2.68945310264826,4.701));
#8143=CARTESIAN_POINT('',(-2.12255854159594,4.1210937872529,4.7));
#8144=CARTESIAN_POINT('Origin',(-1.93310540169477,4.1210937872529,4.7));
#8145=CARTESIAN_POINT('',(-1.93310540169477,4.1210937872529,4.7));
#8146=CARTESIAN_POINT('',(-2.12255854159594,4.1210937872529,4.7));
#8147=CARTESIAN_POINT('',(-1.93310540169477,4.1210937872529,4.701));
#8148=CARTESIAN_POINT('',(-2.12255854159594,4.1210937872529,4.701));
#8149=CARTESIAN_POINT('',(-1.93310540169477,4.1210937872529,4.7));
#8150=CARTESIAN_POINT('Origin',(-1.93310540169477,2.85839844495058,4.7));
#8151=CARTESIAN_POINT('',(-1.93310540169477,2.85839844495058,4.7));
#8152=CARTESIAN_POINT('',(-1.93310540169477,4.1210937872529,4.7));
#8153=CARTESIAN_POINT('',(-1.93310540169477,2.85839844495058,4.701));
#8154=CARTESIAN_POINT('',(-1.93310540169477,4.1210937872529,4.701));
#8155=CARTESIAN_POINT('',(-1.93310540169477,2.85839844495058,4.7));
#8156=CARTESIAN_POINT('Origin',(-1.2280273810029,2.85839844495058,4.7));
#8157=CARTESIAN_POINT('',(-1.2280273810029,2.85839844495058,4.7));
#8158=CARTESIAN_POINT('',(-1.93310540169477,2.85839844495058,4.7));
#8159=CARTESIAN_POINT('',(-1.2280273810029,2.85839844495058,4.701));
#8160=CARTESIAN_POINT('',(-1.93310540169477,2.85839844495058,4.701));
#8161=CARTESIAN_POINT('',(-1.2280273810029,2.85839844495058,4.7));
#8162=CARTESIAN_POINT('Origin',(-1.2280273810029,2.68945310264826,4.7));
#8163=CARTESIAN_POINT('',(-1.2280273810029,2.68945310264826,4.7));
#8164=CARTESIAN_POINT('',(-1.2280273810029,2.85839844495058,4.7));
#8165=CARTESIAN_POINT('',(-1.2280273810029,2.68945310264826,4.701));
#8166=CARTESIAN_POINT('',(-1.2280273810029,2.85839844495058,4.701));
#8167=CARTESIAN_POINT('',(-1.2280273810029,2.68945310264826,4.7));
#8168=CARTESIAN_POINT('Origin',(-2.12255854159594,2.68945310264826,4.7));
#8169=CARTESIAN_POINT('',(-1.2280273810029,2.68945310264826,4.7));
#8170=CARTESIAN_POINT('',(-1.2280273810029,2.68945310264826,4.701));
#8171=CARTESIAN_POINT('Origin',(0.146484561264515,3.40527344495058,4.701));
#8172=CARTESIAN_POINT('Origin',(0.146484561264515,3.40527344495058,4.7));
#8173=UNCERTAINTY_MEASURE_WITH_UNIT(LENGTH_MEASURE(0.01),#8177,
'DISTANCE_ACCURACY_VALUE',
'Maximum model space distance between geometric entities at asserted c
onnectivities');
#8174=UNCERTAINTY_MEASURE_WITH_UNIT(LENGTH_MEASURE(0.01),#8177,
'DISTANCE_ACCURACY_VALUE',
'Maximum model space distance between geometric entities at asserted c
onnectivities');
#8175=(
GEOMETRIC_REPRESENTATION_CONTEXT(3)
GLOBAL_UNCERTAINTY_ASSIGNED_CONTEXT((#8173))
GLOBAL_UNIT_ASSIGNED_CONTEXT((#8177,#8179,#8180))
REPRESENTATION_CONTEXT('','3D')
);
#8176=(
GEOMETRIC_REPRESENTATION_CONTEXT(3)
GLOBAL_UNCERTAINTY_ASSIGNED_CONTEXT((#8174))
GLOBAL_UNIT_ASSIGNED_CONTEXT((#8177,#8179,#8180))
REPRESENTATION_CONTEXT('','3D')
);
#8177=(
LENGTH_UNIT()
NAMED_UNIT(*)
SI_UNIT(.MILLI.,.METRE.)
);
#8178=(
LENGTH_UNIT()
NAMED_UNIT(*)
SI_UNIT($,.METRE.)
);
#8179=(
NAMED_UNIT(*)
PLANE_ANGLE_UNIT()
SI_UNIT($,.RADIAN.)
);
#8180=(
NAMED_UNIT(*)
SI_UNIT($,.STERADIAN.)
SOLID_ANGLE_UNIT()
);
#8181=SHAPE_DEFINITION_REPRESENTATION(#8182,#8183);
#8182=PRODUCT_DEFINITION_SHAPE('',$,#8185);
#8183=SHAPE_REPRESENTATION('',(#4204),#8175);
#8184=PRODUCT_DEFINITION_CONTEXT('part definition',#8189,'design');
#8185=PRODUCT_DEFINITION('lr44 battery','lr44 battery v2',#8186,#8184);
#8186=PRODUCT_DEFINITION_FORMATION('',$,#8191);
#8187=PRODUCT_RELATED_PRODUCT_CATEGORY('lr44 battery v2',
'lr44 battery v2',(#8191));
#8188=APPLICATION_PROTOCOL_DEFINITION('international standard',
'automotive_design',2009,#8189);
#8189=APPLICATION_CONTEXT(
'Core Data for Automotive Mechanical Design Process');
#8190=PRODUCT_CONTEXT('part definition',#8189,'mechanical');
#8191=PRODUCT('lr44 battery','lr44 battery v2',$,(#8190));
#8192=PRESENTATION_STYLE_ASSIGNMENT((#8195));
#8193=PRESENTATION_STYLE_ASSIGNMENT((#8196));
#8194=PRESENTATION_STYLE_ASSIGNMENT((#8197));
#8195=SURFACE_STYLE_USAGE(.BOTH.,#8198);
#8196=SURFACE_STYLE_USAGE(.BOTH.,#8199);
#8197=SURFACE_STYLE_USAGE(.BOTH.,#8200);
#8198=SURFACE_SIDE_STYLE('',(#8201));
#8199=SURFACE_SIDE_STYLE('',(#8202));
#8200=SURFACE_SIDE_STYLE('',(#8203));
#8201=SURFACE_STYLE_FILL_AREA(#8204);
#8202=SURFACE_STYLE_FILL_AREA(#8205);
#8203=SURFACE_STYLE_FILL_AREA(#8206);
#8204=FILL_AREA_STYLE('Steel - Satin',(#8207));
#8205=FILL_AREA_STYLE('Silver - Polished',(#8208));
#8206=FILL_AREA_STYLE('ABS (White)',(#8209));
#8207=FILL_AREA_STYLE_COLOUR('Steel - Satin',#8210);
#8208=FILL_AREA_STYLE_COLOUR('Silver - Polished',#8211);
#8209=FILL_AREA_STYLE_COLOUR('ABS (White)',#8212);
#8210=COLOUR_RGB('Steel - Satin',0.627450980392157,0.627450980392157,0.627450980392157);
#8211=COLOUR_RGB('Silver - Polished',0.984313725490196,0.980392156862745,
0.96078431372549);
#8212=COLOUR_RGB('ABS (White)',0.964705882352941,0.964705882352941,0.952941176470588);
ENDSEC;
END-ISO-10303-21;
