ISO-10303-21;
HEADER;
/* Generated by software containing ST-Developer
 * from STEP Tools, Inc. (www.steptools.com) 
 */

FILE_DESCRIPTION(
/* description */ (''),
/* implementation_level */ '2;1');

FILE_NAME(
/* name */ 'XT60 male.step',
/* time_stamp */ '2026-07-02T12:48:26+05:30',
/* author */ (''),
/* organization */ (''),
/* preprocessor_version */ 'ST-DEVELOPER v20.1',
/* originating_system */ 'Autodesk Translation Framework v15.8.0.0',
/* authorisation */ '');

FILE_SCHEMA (('AUTOMOTIVE_DESIGN { 1 0 10303 214 3 1 1 }'));
ENDSEC;

DATA;
#10=MECHANICAL_DESIGN_GEOMETRIC_PRESENTATION_REPRESENTATION('',(#108,#109,
#110,#111,#112,#113,#114,#115,#116),#9332);
#11=SHAPE_REPRESENTATION_RELATIONSHIP('SRR','None',#9339,#12);
#12=ADVANCED_BREP_SHAPE_REPRESENTATION('',(#117,#118,#119,#120,#121,#122,
#123,#124,#125),#9331);
#13=TOROIDAL_SURFACE('',#5173,0.94,0.8);
#14=TOROIDAL_SURFACE('',#5179,0.94,0.8);
#15=TOROIDAL_SURFACE('',#5181,0.94,0.8);
#16=TOROIDAL_SURFACE('',#5206,0.94,0.8);
#17=TOROIDAL_SURFACE('',#5216,0.939999999999999,0.8);
#18=TOROIDAL_SURFACE('',#5221,0.939999999999999,0.8);
#19=TOROIDAL_SURFACE('',#5240,0.939999999999999,0.8);
#20=TOROIDAL_SURFACE('',#5249,0.939999999999999,0.8);
#21=CYLINDRICAL_SURFACE('',#5122,1.72);
#22=CYLINDRICAL_SURFACE('',#5125,2.15);
#23=CYLINDRICAL_SURFACE('',#5128,1.74);
#24=CYLINDRICAL_SURFACE('',#5133,1.74);
#25=CYLINDRICAL_SURFACE('',#5138,3.);
#26=CYLINDRICAL_SURFACE('',#5143,3.);
#27=CYLINDRICAL_SURFACE('',#5161,1.74);
#28=CYLINDRICAL_SURFACE('',#5162,1.74);
#29=CYLINDRICAL_SURFACE('',#5199,0.75);
#30=CYLINDRICAL_SURFACE('',#5201,0.75);
#31=CYLINDRICAL_SURFACE('',#5203,0.75);
#32=CYLINDRICAL_SURFACE('',#5204,1.74);
#33=CYLINDRICAL_SURFACE('',#5211,0.75);
#34=CYLINDRICAL_SURFACE('',#5235,0.75);
#35=CYLINDRICAL_SURFACE('',#5237,0.75);
#36=CYLINDRICAL_SURFACE('',#5248,0.75);
#37=CYLINDRICAL_SURFACE('',#5252,1.74);
#38=CYLINDRICAL_SURFACE('',#5256,0.75);
#39=CYLINDRICAL_SURFACE('',#5258,1.74);
#40=CYLINDRICAL_SURFACE('',#5266,2.14999999254942);
#41=CYLINDRICAL_SURFACE('',#5269,1.72000006705523);
#42=CIRCLE('',#5119,2.15);
#43=CIRCLE('',#5120,1.72);
#44=CIRCLE('',#5123,1.72);
#45=CIRCLE('',#5126,2.15);
#46=CIRCLE('',#5129,1.74);
#47=CIRCLE('',#5130,1.74);
#48=CIRCLE('',#5134,1.74);
#49=CIRCLE('',#5135,1.74);
#50=CIRCLE('',#5139,3.);
#51=CIRCLE('',#5140,3.);
#52=CIRCLE('',#5142,1.74);
#53=CIRCLE('',#5144,3.);
#54=CIRCLE('',#5145,3.);
#55=CIRCLE('',#5147,1.74);
#56=CIRCLE('',#5155,1.74);
#57=CIRCLE('',#5156,1.74);
#58=CIRCLE('',#5169,1.74);
#59=CIRCLE('',#5171,0.75);
#60=CIRCLE('',#5172,0.94);
#61=CIRCLE('',#5174,1.74);
#62=CIRCLE('',#5175,1.74);
#63=CIRCLE('',#5177,0.75);
#64=CIRCLE('',#5178,0.94);
#65=CIRCLE('',#5180,1.74);
#66=CIRCLE('',#5182,1.74);
#67=CIRCLE('',#5183,0.94);
#68=CIRCLE('',#5185,0.75);
#69=CIRCLE('',#5189,1.74);
#70=CIRCLE('',#5190,0.75);
#71=CIRCLE('',#5191,1.74);
#72=CIRCLE('',#5192,0.75);
#73=CIRCLE('',#5193,1.74);
#74=CIRCLE('',#5194,0.75);
#75=CIRCLE('',#5195,1.74);
#76=CIRCLE('',#5196,0.75);
#77=CIRCLE('',#5205,1.74);
#78=CIRCLE('',#5207,0.94);
#79=CIRCLE('',#5209,0.75);
#80=CIRCLE('',#5214,0.75);
#81=CIRCLE('',#5215,0.939999999999999);
#82=CIRCLE('',#5217,1.74);
#83=CIRCLE('',#5219,0.75);
#84=CIRCLE('',#5220,0.939999999999999);
#85=CIRCLE('',#5222,1.74);
#86=CIRCLE('',#5226,1.74);
#87=CIRCLE('',#5227,0.75);
#88=CIRCLE('',#5228,1.74);
#89=CIRCLE('',#5229,0.75);
#90=CIRCLE('',#5230,1.74);
#91=CIRCLE('',#5231,0.75);
#92=CIRCLE('',#5232,1.74);
#93=CIRCLE('',#5233,0.75);
#94=CIRCLE('',#5239,1.74);
#95=CIRCLE('',#5241,1.74);
#96=CIRCLE('',#5242,1.74);
#97=CIRCLE('',#5243,0.939999999999999);
#98=CIRCLE('',#5245,0.75);
#99=CIRCLE('',#5250,1.74);
#100=CIRCLE('',#5251,0.939999999999999);
#101=CIRCLE('',#5254,0.75);
#102=CIRCLE('',#5259,1.74);
#103=CIRCLE('',#5260,1.74);
#104=CIRCLE('',#5264,2.14999999254942);
#105=CIRCLE('',#5265,1.72000006705523);
#106=CIRCLE('',#5267,2.14999999254942);
#107=CIRCLE('',#5270,1.72000006705523);
#108=STYLED_ITEM('',(#9349),#117);
#109=STYLED_ITEM('',(#9350),#118);
#110=STYLED_ITEM('',(#9350),#119);
#111=STYLED_ITEM('',(#9350),#120);
#112=STYLED_ITEM('',(#9349),#121);
#113=STYLED_ITEM('',(#9350),#122);
#114=STYLED_ITEM('',(#9350),#123);
#115=STYLED_ITEM('',(#9350),#124);
#116=STYLED_ITEM('',(#9350),#125);
#117=MANIFOLD_SOLID_BREP('Body17',#4996);
#118=MANIFOLD_SOLID_BREP('Body6',#4997);
#119=MANIFOLD_SOLID_BREP('Body11',#4998);
#120=MANIFOLD_SOLID_BREP('Body12',#4999);
#121=MANIFOLD_SOLID_BREP('Body14',#5000);
#122=MANIFOLD_SOLID_BREP('Body31',#5001);
#123=MANIFOLD_SOLID_BREP('Body34',#5002);
#124=MANIFOLD_SOLID_BREP('Body38',#5003);
#125=MANIFOLD_SOLID_BREP('Body40',#5004);
#126=FACE_BOUND('',#734,.T.);
#127=FACE_BOUND('',#736,.T.);
#128=FACE_BOUND('',#737,.T.);
#129=FACE_BOUND('',#738,.T.);
#130=FACE_BOUND('',#739,.T.);
#131=FACE_BOUND('',#765,.T.);
#132=FACE_BOUND('',#810,.T.);
#133=FACE_BOUND('',#812,.T.);
#134=FACE_BOUND('',#813,.T.);
#135=FACE_BOUND('',#814,.T.);
#136=FACE_BOUND('',#815,.T.);
#137=FACE_BOUND('',#841,.T.);
#138=FACE_BOUND('',#881,.T.);
#139=FACE_BOUND('',#892,.T.);
#140=FACE_BOUND('',#895,.T.);
#141=FACE_BOUND('',#897,.T.);
#142=FACE_BOUND('',#899,.T.);
#143=FACE_BOUND('',#901,.T.);
#144=FACE_BOUND('',#916,.T.);
#145=FACE_BOUND('',#919,.T.);
#146=FACE_BOUND('',#921,.T.);
#147=FACE_BOUND('',#928,.T.);
#148=FACE_BOUND('',#929,.T.);
#149=B_SPLINE_CURVE_WITH_KNOTS('',3,(#6351,#6352,#6353,#6354,#6355),
 .UNSPECIFIED.,.F.,.F.,(4,1,4),(0.,0.00993152717913796,0.0199201729698272),
 .UNSPECIFIED.);
#150=B_SPLINE_CURVE_WITH_KNOTS('',3,(#6359,#6360,#6361,#6362,#6363),
 .UNSPECIFIED.,.F.,.F.,(4,1,4),(-0.0199201729698272,-0.00993152717913796,
0.),.UNSPECIFIED.);
#151=B_SPLINE_CURVE_WITH_KNOTS('',3,(#6376,#6377,#6378,#6379,#6380),
 .UNSPECIFIED.,.F.,.F.,(4,1,4),(0.,0.0116939317855048,0.0271001559155494),
 .UNSPECIFIED.);
#152=B_SPLINE_CURVE_WITH_KNOTS('',3,(#6382,#6383,#6384,#6385,#6386),
 .UNSPECIFIED.,.F.,.F.,(4,1,4),(-0.0271001559155494,-0.0116939317855048,
0.),.UNSPECIFIED.);
#153=B_SPLINE_CURVE_WITH_KNOTS('',3,(#6399,#6400,#6401,#6402,#6403),
 .UNSPECIFIED.,.F.,.F.,(4,1,4),(0.,0.030011866027923,0.0748431905397011),
 .UNSPECIFIED.);
#154=B_SPLINE_CURVE_WITH_KNOTS('',3,(#6405,#6406,#6407,#6408,#6409),
 .UNSPECIFIED.,.F.,.F.,(4,1,4),(-0.0748431905397011,-0.030011866027923,
0.),.UNSPECIFIED.);
#155=B_SPLINE_CURVE_WITH_KNOTS('',3,(#6422,#6423,#6424,#6425,#6426),
 .UNSPECIFIED.,.F.,.F.,(4,1,4),(0.,0.0441925816942343,0.0722555781525393),
 .UNSPECIFIED.);
#156=B_SPLINE_CURVE_WITH_KNOTS('',3,(#6428,#6429,#6430,#6431,#6432),
 .UNSPECIFIED.,.F.,.F.,(4,1,4),(-0.0722555781525393,-0.0441925816942343,
0.),.UNSPECIFIED.);
#157=B_SPLINE_CURVE_WITH_KNOTS('',3,(#6445,#6446,#6447,#6448,#6449),
 .UNSPECIFIED.,.F.,.F.,(4,1,4),(0.,0.0173697047581165,0.0295838061648153),
 .UNSPECIFIED.);
#158=B_SPLINE_CURVE_WITH_KNOTS('',3,(#6451,#6452,#6453,#6454,#6455),
 .UNSPECIFIED.,.F.,.F.,(4,1,4),(-0.0295838061648153,-0.0173697047581165,
0.),.UNSPECIFIED.);
#159=B_SPLINE_CURVE_WITH_KNOTS('',3,(#6468,#6469,#6470,#6471,#6472),
 .UNSPECIFIED.,.F.,.F.,(4,1,4),(0.,0.00988484860306537,0.0197872058619249),
 .UNSPECIFIED.);
#160=B_SPLINE_CURVE_WITH_KNOTS('',3,(#6474,#6475,#6476,#6477,#6478),
 .UNSPECIFIED.,.F.,.F.,(4,1,4),(-0.0197872058619249,-0.00988484860306537,
0.),.UNSPECIFIED.);
#161=B_SPLINE_CURVE_WITH_KNOTS('',3,(#6491,#6492,#6493,#6494,#6495),
 .UNSPECIFIED.,.F.,.F.,(4,1,4),(0.,0.00993152223029327,0.0199202198002231),
 .UNSPECIFIED.);
#162=B_SPLINE_CURVE_WITH_KNOTS('',3,(#6497,#6498,#6499,#6500,#6501),
 .UNSPECIFIED.,.F.,.F.,(4,1,4),(-0.0199202198002231,-0.00993152223029327,
0.),.UNSPECIFIED.);
#163=B_SPLINE_CURVE_WITH_KNOTS('',3,(#6514,#6515,#6516,#6517,#6518),
 .UNSPECIFIED.,.F.,.F.,(4,1,4),(0.,0.0116939317855048,0.0271001279886111),
 .UNSPECIFIED.);
#164=B_SPLINE_CURVE_WITH_KNOTS('',3,(#6520,#6521,#6522,#6523,#6524),
 .UNSPECIFIED.,.F.,.F.,(4,1,4),(-0.0271001279886111,-0.0116939317855048,
0.),.UNSPECIFIED.);
#165=B_SPLINE_CURVE_WITH_KNOTS('',3,(#6537,#6538,#6539,#6540,#6541),
 .UNSPECIFIED.,.F.,.F.,(4,1,4),(0.,0.0298612825941363,0.074641912876776),
 .UNSPECIFIED.);
#166=B_SPLINE_CURVE_WITH_KNOTS('',3,(#6543,#6544,#6545,#6546,#6547),
 .UNSPECIFIED.,.F.,.F.,(4,1,4),(-0.074641912876776,-0.0298612825941363,
0.),.UNSPECIFIED.);
#167=B_SPLINE_CURVE_WITH_KNOTS('',3,(#6560,#6561,#6562,#6563,#6564),
 .UNSPECIFIED.,.F.,.F.,(4,1,4),(0.,0.0441925650202861,0.0722555698853802),
 .UNSPECIFIED.);
#168=B_SPLINE_CURVE_WITH_KNOTS('',3,(#6566,#6567,#6568,#6569,#6570),
 .UNSPECIFIED.,.F.,.F.,(4,1,4),(-0.0722555698853802,-0.0441925650202861,
0.),.UNSPECIFIED.);
#169=B_SPLINE_CURVE_WITH_KNOTS('',3,(#6583,#6584,#6585,#6586,#6587),
 .UNSPECIFIED.,.F.,.F.,(4,1,4),(0.,0.017393541652044,0.0296686252100675),
 .UNSPECIFIED.);
#170=B_SPLINE_CURVE_WITH_KNOTS('',3,(#6589,#6590,#6591,#6592,#6593),
 .UNSPECIFIED.,.F.,.F.,(4,1,4),(-0.0296686252100675,-0.017393541652044,
0.),.UNSPECIFIED.);
#171=B_SPLINE_CURVE_WITH_KNOTS('',3,(#6605,#6606,#6607,#6608,#6609),
 .UNSPECIFIED.,.F.,.F.,(4,1,4),(0.,0.00992264704706456,0.0198291360781278),
 .UNSPECIFIED.);
#172=B_SPLINE_CURVE_WITH_KNOTS('',3,(#6610,#6611,#6612,#6613,#6614),
 .UNSPECIFIED.,.F.,.F.,(4,1,4),(-0.0198291360781278,-0.00992264704706456,
0.),.UNSPECIFIED.);
#173=B_SPLINE_CURVE_WITH_KNOTS('',3,(#6627,#6628,#6629,#6630,#6631),
 .UNSPECIFIED.,.F.,.F.,(4,1,4),(0.,0.0392796479173115,0.076439719381977),
 .UNSPECIFIED.);
#174=B_SPLINE_CURVE_WITH_KNOTS('',3,(#6635,#6636,#6637,#6638,#6639),
 .UNSPECIFIED.,.F.,.F.,(4,1,4),(-0.076439719381977,-0.0392796479173115,
0.),.UNSPECIFIED.);
#175=B_SPLINE_CURVE_WITH_KNOTS('',3,(#6652,#6653,#6654,#6655,#6656),
 .UNSPECIFIED.,.F.,.F.,(4,1,4),(0.,0.0532183683240828,0.126195059018909),
 .UNSPECIFIED.);
#176=B_SPLINE_CURVE_WITH_KNOTS('',3,(#6658,#6659,#6660,#6661,#6662),
 .UNSPECIFIED.,.F.,.F.,(4,1,4),(-0.126195059018909,-0.0532183683240828,
0.),.UNSPECIFIED.);
#177=B_SPLINE_CURVE_WITH_KNOTS('',3,(#6675,#6676,#6677,#6678,#6679),
 .UNSPECIFIED.,.F.,.F.,(4,1,4),(0.,0.0729312596334421,0.126443420334122),
 .UNSPECIFIED.);
#178=B_SPLINE_CURVE_WITH_KNOTS('',3,(#6681,#6682,#6683,#6684,#6685),
 .UNSPECIFIED.,.F.,.F.,(4,1,4),(-0.126443420334122,-0.0729312596334421,
0.),.UNSPECIFIED.);
#179=B_SPLINE_CURVE_WITH_KNOTS('',3,(#6698,#6699,#6700,#6701,#6702),
 .UNSPECIFIED.,.F.,.F.,(4,1,4),(0.,0.0368516406229304,0.0760616669490237),
 .UNSPECIFIED.);
#180=B_SPLINE_CURVE_WITH_KNOTS('',3,(#6704,#6705,#6706,#6707,#6708),
 .UNSPECIFIED.,.F.,.F.,(4,1,4),(-0.0760616669490237,-0.0368516406229304,
0.),.UNSPECIFIED.);
#181=B_SPLINE_CURVE_WITH_KNOTS('',3,(#6721,#6722,#6723,#6724,#6725),
 .UNSPECIFIED.,.F.,.F.,(4,1,4),(0.,0.0401036415496893,0.0798007987955321),
 .UNSPECIFIED.);
#182=B_SPLINE_CURVE_WITH_KNOTS('',3,(#6727,#6728,#6729,#6730,#6731),
 .UNSPECIFIED.,.F.,.F.,(4,1,4),(-0.0798007987955321,-0.0401036415496893,
0.),.UNSPECIFIED.);
#183=B_SPLINE_CURVE_WITH_KNOTS('',3,(#6744,#6745,#6746,#6747,#6748),
 .UNSPECIFIED.,.F.,.F.,(4,1,4),(0.,0.0505559192266066,0.123449293811401),
 .UNSPECIFIED.);
#184=B_SPLINE_CURVE_WITH_KNOTS('',3,(#6750,#6751,#6752,#6753,#6754),
 .UNSPECIFIED.,.F.,.F.,(4,1,4),(-0.123449293811401,-0.0505559192266066,
0.),.UNSPECIFIED.);
#185=B_SPLINE_CURVE_WITH_KNOTS('',3,(#6767,#6768,#6769,#6770,#6771),
 .UNSPECIFIED.,.F.,.F.,(4,1,4),(0.,0.0726283078893987,0.126047913409598),
 .UNSPECIFIED.);
#186=B_SPLINE_CURVE_WITH_KNOTS('',3,(#6773,#6774,#6775,#6776,#6777),
 .UNSPECIFIED.,.F.,.F.,(4,1,4),(-0.126047913409598,-0.0726283078893987,
0.),.UNSPECIFIED.);
#187=B_SPLINE_CURVE_WITH_KNOTS('',3,(#6789,#6790,#6791,#6792,#6793),
 .UNSPECIFIED.,.F.,.F.,(4,1,4),(0.,0.0368516123071361,0.076061697104009),
 .UNSPECIFIED.);
#188=B_SPLINE_CURVE_WITH_KNOTS('',3,(#6794,#6795,#6796,#6797,#6798),
 .UNSPECIFIED.,.F.,.F.,(4,1,4),(-0.076061697104009,-0.0368516123071361,
0.),.UNSPECIFIED.);
#189=B_SPLINE_CURVE_WITH_KNOTS('',3,(#6813,#6814,#6815,#6816,#6817),
 .UNSPECIFIED.,.F.,.F.,(4,1,4),(0.,0.0152611230637293,0.0277024589609451),
 .UNSPECIFIED.);
#190=B_SPLINE_CURVE_WITH_KNOTS('',3,(#6819,#6820,#6821,#6822,#6823),
 .UNSPECIFIED.,.F.,.F.,(4,1,4),(0.,0.011532351165527,0.0240291253021997),
 .UNSPECIFIED.);
#191=B_SPLINE_CURVE_WITH_KNOTS('',3,(#6825,#6826,#6827,#6828,#6829),
 .UNSPECIFIED.,.F.,.F.,(4,1,4),(0.,0.0171566455664344,0.035621046751502),
 .UNSPECIFIED.);
#192=B_SPLINE_CURVE_WITH_KNOTS('',3,(#6831,#6832,#6833,#6834,#6835),
 .UNSPECIFIED.,.F.,.F.,(4,1,4),(0.,0.0270067044572209,0.0699422008460387),
 .UNSPECIFIED.);
#193=B_SPLINE_CURVE_WITH_KNOTS('',3,(#6837,#6838,#6839,#6840,#6841),
 .UNSPECIFIED.,.F.,.F.,(4,1,4),(0.,0.0304560960701034,0.0602056033791554),
 .UNSPECIFIED.);
#194=B_SPLINE_CURVE_WITH_KNOTS('',3,(#6843,#6844,#6845,#6846,#6847),
 .UNSPECIFIED.,.F.,.F.,(4,1,4),(0.,0.0338513058727619,0.0685234451249373),
 .UNSPECIFIED.);
#195=B_SPLINE_CURVE_WITH_KNOTS('',3,(#6849,#6850,#6851,#6852,#6853),
 .UNSPECIFIED.,.F.,.F.,(4,1,4),(0.,0.0365481374365664,0.0761367688805236),
 .UNSPECIFIED.);
#196=B_SPLINE_CURVE_WITH_KNOTS('',3,(#6855,#6856,#6857,#6858,#6859),
 .UNSPECIFIED.,.F.,.F.,(4,1,4),(0.,0.0416951575013124,0.0795839899846367),
 .UNSPECIFIED.);
#197=B_SPLINE_CURVE_WITH_KNOTS('',3,(#6861,#6862,#6863,#6864,#6865),
 .UNSPECIFIED.,.F.,.F.,(4,1,4),(0.,0.0369448907004395,0.0757734971833058),
 .UNSPECIFIED.);
#198=B_SPLINE_CURVE_WITH_KNOTS('',3,(#6867,#6868,#6869,#6870,#6871),
 .UNSPECIFIED.,.F.,.F.,(4,1,4),(0.,0.0419749566445086,0.0841753505219165),
 .UNSPECIFIED.);
#199=B_SPLINE_CURVE_WITH_KNOTS('',3,(#6873,#6874,#6875,#6876,#6877),
 .UNSPECIFIED.,.F.,.F.,(4,1,4),(0.,0.0510743064472648,0.120037971632978),
 .UNSPECIFIED.);
#200=B_SPLINE_CURVE_WITH_KNOTS('',3,(#6879,#6880,#6881,#6882,#6883),
 .UNSPECIFIED.,.F.,.F.,(4,1,4),(0.,0.070787222598269,0.123467919107377),
 .UNSPECIFIED.);
#201=B_SPLINE_CURVE_WITH_KNOTS('',3,(#6885,#6886,#6887,#6888,#6889),
 .UNSPECIFIED.,.F.,.F.,(4,1,4),(0.,0.0440739829269201,0.0887880389054556),
 .UNSPECIFIED.);
#202=B_SPLINE_CURVE_WITH_KNOTS('',3,(#6891,#6892,#6893,#6894,#6895),
 .UNSPECIFIED.,.F.,.F.,(4,1,4),(0.,0.0313406132208175,0.0602336563467797),
 .UNSPECIFIED.);
#203=B_SPLINE_CURVE_WITH_KNOTS('',3,(#6896,#6897,#6898,#6899,#6900),
 .UNSPECIFIED.,.F.,.F.,(4,1,4),(0.,0.0295340495045083,0.0629466147027026),
 .UNSPECIFIED.);
#204=B_SPLINE_CURVE_WITH_KNOTS('',3,(#6929,#6930,#6931,#6932,#6933),
 .UNSPECIFIED.,.F.,.F.,(4,1,4),(0.,0.0248429119679356,0.0454977787033352),
 .UNSPECIFIED.);
#205=B_SPLINE_CURVE_WITH_KNOTS('',3,(#6937,#6938,#6939,#6940,#6941),
 .UNSPECIFIED.,.F.,.F.,(4,1,4),(-0.0454977787033352,-0.0248429119679356,
0.),.UNSPECIFIED.);
#206=B_SPLINE_CURVE_WITH_KNOTS('',3,(#6954,#6955,#6956,#6957,#6958),
 .UNSPECIFIED.,.F.,.F.,(4,1,4),(0.,0.0177859655717715,0.0337673277477969),
 .UNSPECIFIED.);
#207=B_SPLINE_CURVE_WITH_KNOTS('',3,(#6960,#6961,#6962,#6963,#6964),
 .UNSPECIFIED.,.F.,.F.,(4,1,4),(-0.0337673277477969,-0.0177859655717715,
0.),.UNSPECIFIED.);
#208=B_SPLINE_CURVE_WITH_KNOTS('',3,(#6977,#6978,#6979,#6980,#6981),
 .UNSPECIFIED.,.F.,.F.,(4,1,4),(0.,0.0148392676797706,0.0299134183409319),
 .UNSPECIFIED.);
#209=B_SPLINE_CURVE_WITH_KNOTS('',3,(#6983,#6984,#6985,#6986,#6987),
 .UNSPECIFIED.,.F.,.F.,(4,1,4),(-0.0299134183409319,-0.0148392676797706,
0.),.UNSPECIFIED.);
#210=B_SPLINE_CURVE_WITH_KNOTS('',3,(#7000,#7001,#7002,#7003,#7004),
 .UNSPECIFIED.,.F.,.F.,(4,1,4),(0.,0.0181562387399195,0.0425550964503246),
 .UNSPECIFIED.);
#211=B_SPLINE_CURVE_WITH_KNOTS('',3,(#7006,#7007,#7008,#7009,#7010),
 .UNSPECIFIED.,.F.,.F.,(4,1,4),(-0.0425550964503246,-0.0181562387399195,
0.),.UNSPECIFIED.);
#212=B_SPLINE_CURVE_WITH_KNOTS('',3,(#7023,#7024,#7025,#7026,#7027),
 .UNSPECIFIED.,.F.,.F.,(4,1,4),(0.,0.025303816147971,0.0446619710541802),
 .UNSPECIFIED.);
#213=B_SPLINE_CURVE_WITH_KNOTS('',3,(#7029,#7030,#7031,#7032,#7033),
 .UNSPECIFIED.,.F.,.F.,(4,1,4),(-0.0446619710541802,-0.025303816147971,
0.),.UNSPECIFIED.);
#214=B_SPLINE_CURVE_WITH_KNOTS('',3,(#7046,#7047,#7048,#7049,#7050),
 .UNSPECIFIED.,.F.,.F.,(4,1,4),(0.,0.0163097114391254,0.0322990263454243),
 .UNSPECIFIED.);
#215=B_SPLINE_CURVE_WITH_KNOTS('',3,(#7052,#7053,#7054,#7055,#7056),
 .UNSPECIFIED.,.F.,.F.,(4,1,4),(-0.0322990263454243,-0.0163097114391254,
0.),.UNSPECIFIED.);
#216=B_SPLINE_CURVE_WITH_KNOTS('',3,(#7069,#7070,#7071,#7072,#7073),
 .UNSPECIFIED.,.F.,.F.,(4,1,4),(0.,0.0155109298307095,0.0314200005474221),
 .UNSPECIFIED.);
#217=B_SPLINE_CURVE_WITH_KNOTS('',3,(#7075,#7076,#7077,#7078,#7079),
 .UNSPECIFIED.,.F.,.F.,(4,1,4),(-0.0314200005474221,-0.0155109298307095,
0.),.UNSPECIFIED.);
#218=B_SPLINE_CURVE_WITH_KNOTS('',3,(#7091,#7092,#7093,#7094,#7095),
 .UNSPECIFIED.,.F.,.F.,(4,1,4),(0.,0.0180932655457655,0.0403743604770797),
 .UNSPECIFIED.);
#219=B_SPLINE_CURVE_WITH_KNOTS('',3,(#7096,#7097,#7098,#7099,#7100),
 .UNSPECIFIED.,.F.,.F.,(4,1,4),(-0.0403743604770797,-0.0180932655457655,
0.),.UNSPECIFIED.);
#220=B_SPLINE_CURVE_WITH_KNOTS('',3,(#7118,#7119,#7120,#7121,#7122),
 .UNSPECIFIED.,.F.,.F.,(4,1,4),(-0.0277024589609451,-0.0152611230637293,
0.),.UNSPECIFIED.);
#221=B_SPLINE_CURVE_WITH_KNOTS('',3,(#7135,#7136,#7137,#7138,#7139),
 .UNSPECIFIED.,.F.,.F.,(4,1,4),(-0.0240291253021997,-0.011532351165527,
0.),.UNSPECIFIED.);
#222=B_SPLINE_CURVE_WITH_KNOTS('',3,(#7152,#7153,#7154,#7155,#7156),
 .UNSPECIFIED.,.F.,.F.,(4,1,4),(-0.035621046751502,-0.0171566455664344,
0.),.UNSPECIFIED.);
#223=B_SPLINE_CURVE_WITH_KNOTS('',3,(#7169,#7170,#7171,#7172,#7173),
 .UNSPECIFIED.,.F.,.F.,(4,1,4),(-0.0699422008460387,-0.0270067044572209,
0.),.UNSPECIFIED.);
#224=B_SPLINE_CURVE_WITH_KNOTS('',3,(#7186,#7187,#7188,#7189,#7190),
 .UNSPECIFIED.,.F.,.F.,(4,1,4),(-0.0602056033791554,-0.0304560960701034,
0.),.UNSPECIFIED.);
#225=B_SPLINE_CURVE_WITH_KNOTS('',3,(#7203,#7204,#7205,#7206,#7207),
 .UNSPECIFIED.,.F.,.F.,(4,1,4),(-0.0685234451249373,-0.0338513058727619,
0.),.UNSPECIFIED.);
#226=B_SPLINE_CURVE_WITH_KNOTS('',3,(#7220,#7221,#7222,#7223,#7224),
 .UNSPECIFIED.,.F.,.F.,(4,1,4),(-0.0761367688805236,-0.0365481374365664,
0.),.UNSPECIFIED.);
#227=B_SPLINE_CURVE_WITH_KNOTS('',3,(#7237,#7238,#7239,#7240,#7241),
 .UNSPECIFIED.,.F.,.F.,(4,1,4),(-0.0795839899846367,-0.0416951575013124,
0.),.UNSPECIFIED.);
#228=B_SPLINE_CURVE_WITH_KNOTS('',3,(#7254,#7255,#7256,#7257,#7258),
 .UNSPECIFIED.,.F.,.F.,(4,1,4),(-0.0757734971833058,-0.0369448907004395,
0.),.UNSPECIFIED.);
#229=B_SPLINE_CURVE_WITH_KNOTS('',3,(#7271,#7272,#7273,#7274,#7275),
 .UNSPECIFIED.,.F.,.F.,(4,1,4),(-0.0841753505219165,-0.0419749566445086,
0.),.UNSPECIFIED.);
#230=B_SPLINE_CURVE_WITH_KNOTS('',3,(#7288,#7289,#7290,#7291,#7292),
 .UNSPECIFIED.,.F.,.F.,(4,1,4),(-0.120037971632978,-0.0510743064472648,
0.),.UNSPECIFIED.);
#231=B_SPLINE_CURVE_WITH_KNOTS('',3,(#7305,#7306,#7307,#7308,#7309),
 .UNSPECIFIED.,.F.,.F.,(4,1,4),(-0.123467919107377,-0.070787222598269,0.),
 .UNSPECIFIED.);
#232=B_SPLINE_CURVE_WITH_KNOTS('',3,(#7322,#7323,#7324,#7325,#7326),
 .UNSPECIFIED.,.F.,.F.,(4,1,4),(-0.0887880389054556,-0.0440739829269201,
0.),.UNSPECIFIED.);
#233=B_SPLINE_CURVE_WITH_KNOTS('',3,(#7339,#7340,#7341,#7342,#7343),
 .UNSPECIFIED.,.F.,.F.,(4,1,4),(-0.0602336563467797,-0.0313406132208175,
0.),.UNSPECIFIED.);
#234=B_SPLINE_CURVE_WITH_KNOTS('',3,(#7355,#7356,#7357,#7358,#7359),
 .UNSPECIFIED.,.F.,.F.,(4,1,4),(-0.0629466147027026,-0.0295340495045083,
0.),.UNSPECIFIED.);
#235=B_SPLINE_CURVE_WITH_KNOTS('',3,(#7480,#7481,#7482,#7483,#7484),
 .UNSPECIFIED.,.F.,.F.,(4,1,4),(0.,0.00993152717913796,0.0199201729698272),
 .UNSPECIFIED.);
#236=B_SPLINE_CURVE_WITH_KNOTS('',3,(#7488,#7489,#7490,#7491,#7492),
 .UNSPECIFIED.,.F.,.F.,(4,1,4),(-0.0199201729698272,-0.00993152717913796,
0.),.UNSPECIFIED.);
#237=B_SPLINE_CURVE_WITH_KNOTS('',3,(#7505,#7506,#7507,#7508,#7509),
 .UNSPECIFIED.,.F.,.F.,(4,1,4),(0.,0.0116939317855048,0.0271001559155494),
 .UNSPECIFIED.);
#238=B_SPLINE_CURVE_WITH_KNOTS('',3,(#7511,#7512,#7513,#7514,#7515),
 .UNSPECIFIED.,.F.,.F.,(4,1,4),(-0.0271001559155494,-0.0116939317855048,
0.),.UNSPECIFIED.);
#239=B_SPLINE_CURVE_WITH_KNOTS('',3,(#7528,#7529,#7530,#7531,#7532),
 .UNSPECIFIED.,.F.,.F.,(4,1,4),(0.,0.030011866027923,0.0748431905397011),
 .UNSPECIFIED.);
#240=B_SPLINE_CURVE_WITH_KNOTS('',3,(#7534,#7535,#7536,#7537,#7538),
 .UNSPECIFIED.,.F.,.F.,(4,1,4),(-0.0748431905397011,-0.030011866027923,
0.),.UNSPECIFIED.);
#241=B_SPLINE_CURVE_WITH_KNOTS('',3,(#7551,#7552,#7553,#7554,#7555),
 .UNSPECIFIED.,.F.,.F.,(4,1,4),(0.,0.0441925816942343,0.0722555781525393),
 .UNSPECIFIED.);
#242=B_SPLINE_CURVE_WITH_KNOTS('',3,(#7557,#7558,#7559,#7560,#7561),
 .UNSPECIFIED.,.F.,.F.,(4,1,4),(-0.0722555781525393,-0.0441925816942343,
0.),.UNSPECIFIED.);
#243=B_SPLINE_CURVE_WITH_KNOTS('',3,(#7574,#7575,#7576,#7577,#7578),
 .UNSPECIFIED.,.F.,.F.,(4,1,4),(0.,0.0173697047581165,0.0295838061648153),
 .UNSPECIFIED.);
#244=B_SPLINE_CURVE_WITH_KNOTS('',3,(#7580,#7581,#7582,#7583,#7584),
 .UNSPECIFIED.,.F.,.F.,(4,1,4),(-0.0295838061648153,-0.0173697047581165,
0.),.UNSPECIFIED.);
#245=B_SPLINE_CURVE_WITH_KNOTS('',3,(#7597,#7598,#7599,#7600,#7601),
 .UNSPECIFIED.,.F.,.F.,(4,1,4),(0.,0.00988484860306537,0.0197872058619249),
 .UNSPECIFIED.);
#246=B_SPLINE_CURVE_WITH_KNOTS('',3,(#7603,#7604,#7605,#7606,#7607),
 .UNSPECIFIED.,.F.,.F.,(4,1,4),(-0.0197872058619249,-0.00988484860306537,
0.),.UNSPECIFIED.);
#247=B_SPLINE_CURVE_WITH_KNOTS('',3,(#7620,#7621,#7622,#7623,#7624),
 .UNSPECIFIED.,.F.,.F.,(4,1,4),(0.,0.00993152223029327,0.0199202198002231),
 .UNSPECIFIED.);
#248=B_SPLINE_CURVE_WITH_KNOTS('',3,(#7626,#7627,#7628,#7629,#7630),
 .UNSPECIFIED.,.F.,.F.,(4,1,4),(-0.0199202198002231,-0.00993152223029327,
0.),.UNSPECIFIED.);
#249=B_SPLINE_CURVE_WITH_KNOTS('',3,(#7643,#7644,#7645,#7646,#7647),
 .UNSPECIFIED.,.F.,.F.,(4,1,4),(0.,0.0116939317855048,0.0271001279886111),
 .UNSPECIFIED.);
#250=B_SPLINE_CURVE_WITH_KNOTS('',3,(#7649,#7650,#7651,#7652,#7653),
 .UNSPECIFIED.,.F.,.F.,(4,1,4),(-0.0271001279886111,-0.0116939317855048,
0.),.UNSPECIFIED.);
#251=B_SPLINE_CURVE_WITH_KNOTS('',3,(#7666,#7667,#7668,#7669,#7670),
 .UNSPECIFIED.,.F.,.F.,(4,1,4),(0.,0.0298612825941363,0.074641912876776),
 .UNSPECIFIED.);
#252=B_SPLINE_CURVE_WITH_KNOTS('',3,(#7672,#7673,#7674,#7675,#7676),
 .UNSPECIFIED.,.F.,.F.,(4,1,4),(-0.074641912876776,-0.0298612825941363,
0.),.UNSPECIFIED.);
#253=B_SPLINE_CURVE_WITH_KNOTS('',3,(#7689,#7690,#7691,#7692,#7693),
 .UNSPECIFIED.,.F.,.F.,(4,1,4),(0.,0.0441925501257664,0.0722555697430608),
 .UNSPECIFIED.);
#254=B_SPLINE_CURVE_WITH_KNOTS('',3,(#7695,#7696,#7697,#7698,#7699),
 .UNSPECIFIED.,.F.,.F.,(4,1,4),(-0.0722555697430608,-0.0441925501257664,
0.),.UNSPECIFIED.);
#255=B_SPLINE_CURVE_WITH_KNOTS('',3,(#7712,#7713,#7714,#7715,#7716),
 .UNSPECIFIED.,.F.,.F.,(4,1,4),(0.,0.017393541652044,0.0296686252100675),
 .UNSPECIFIED.);
#256=B_SPLINE_CURVE_WITH_KNOTS('',3,(#7718,#7719,#7720,#7721,#7722),
 .UNSPECIFIED.,.F.,.F.,(4,1,4),(-0.0296686252100675,-0.017393541652044,
0.),.UNSPECIFIED.);
#257=B_SPLINE_CURVE_WITH_KNOTS('',3,(#7734,#7735,#7736,#7737,#7738),
 .UNSPECIFIED.,.F.,.F.,(4,1,4),(0.,0.00992264704706456,0.0198291360781278),
 .UNSPECIFIED.);
#258=B_SPLINE_CURVE_WITH_KNOTS('',3,(#7739,#7740,#7741,#7742,#7743),
 .UNSPECIFIED.,.F.,.F.,(4,1,4),(-0.0198291360781278,-0.00992264704706456,
0.),.UNSPECIFIED.);
#259=B_SPLINE_CURVE_WITH_KNOTS('',3,(#7756,#7757,#7758,#7759,#7760),
 .UNSPECIFIED.,.F.,.F.,(4,1,4),(0.,0.0392796479173115,0.076439719381977),
 .UNSPECIFIED.);
#260=B_SPLINE_CURVE_WITH_KNOTS('',3,(#7764,#7765,#7766,#7767,#7768),
 .UNSPECIFIED.,.F.,.F.,(4,1,4),(-0.076439719381977,-0.0392796479173115,
0.),.UNSPECIFIED.);
#261=B_SPLINE_CURVE_WITH_KNOTS('',3,(#7781,#7782,#7783,#7784,#7785),
 .UNSPECIFIED.,.F.,.F.,(4,1,4),(0.,0.0532183683240828,0.126195059018909),
 .UNSPECIFIED.);
#262=B_SPLINE_CURVE_WITH_KNOTS('',3,(#7787,#7788,#7789,#7790,#7791),
 .UNSPECIFIED.,.F.,.F.,(4,1,4),(-0.126195059018909,-0.0532183683240828,
0.),.UNSPECIFIED.);
#263=B_SPLINE_CURVE_WITH_KNOTS('',3,(#7804,#7805,#7806,#7807,#7808),
 .UNSPECIFIED.,.F.,.F.,(4,1,4),(0.,0.0729312596334421,0.126443420334122),
 .UNSPECIFIED.);
#264=B_SPLINE_CURVE_WITH_KNOTS('',3,(#7810,#7811,#7812,#7813,#7814),
 .UNSPECIFIED.,.F.,.F.,(4,1,4),(-0.126443420334122,-0.0729312596334421,
0.),.UNSPECIFIED.);
#265=B_SPLINE_CURVE_WITH_KNOTS('',3,(#7827,#7828,#7829,#7830,#7831),
 .UNSPECIFIED.,.F.,.F.,(4,1,4),(0.,0.0368516406229304,0.0760616669490237),
 .UNSPECIFIED.);
#266=B_SPLINE_CURVE_WITH_KNOTS('',3,(#7833,#7834,#7835,#7836,#7837),
 .UNSPECIFIED.,.F.,.F.,(4,1,4),(-0.0760616669490237,-0.0368516406229304,
0.),.UNSPECIFIED.);
#267=B_SPLINE_CURVE_WITH_KNOTS('',3,(#7850,#7851,#7852,#7853,#7854),
 .UNSPECIFIED.,.F.,.F.,(4,1,4),(0.,0.0401036415496893,0.0798007987955321),
 .UNSPECIFIED.);
#268=B_SPLINE_CURVE_WITH_KNOTS('',3,(#7856,#7857,#7858,#7859,#7860),
 .UNSPECIFIED.,.F.,.F.,(4,1,4),(-0.0798007987955321,-0.0401036415496893,
0.),.UNSPECIFIED.);
#269=B_SPLINE_CURVE_WITH_KNOTS('',3,(#7873,#7874,#7875,#7876,#7877),
 .UNSPECIFIED.,.F.,.F.,(4,1,4),(0.,0.0505559192266066,0.123449293811401),
 .UNSPECIFIED.);
#270=B_SPLINE_CURVE_WITH_KNOTS('',3,(#7879,#7880,#7881,#7882,#7883),
 .UNSPECIFIED.,.F.,.F.,(4,1,4),(-0.123449293811401,-0.0505559192266066,
0.),.UNSPECIFIED.);
#271=B_SPLINE_CURVE_WITH_KNOTS('',3,(#7896,#7897,#7898,#7899,#7900),
 .UNSPECIFIED.,.F.,.F.,(4,1,4),(0.,0.0726283078893987,0.126047913409598),
 .UNSPECIFIED.);
#272=B_SPLINE_CURVE_WITH_KNOTS('',3,(#7902,#7903,#7904,#7905,#7906),
 .UNSPECIFIED.,.F.,.F.,(4,1,4),(-0.126047913409598,-0.0726283078893987,
0.),.UNSPECIFIED.);
#273=B_SPLINE_CURVE_WITH_KNOTS('',3,(#7918,#7919,#7920,#7921,#7922),
 .UNSPECIFIED.,.F.,.F.,(4,1,4),(0.,0.036851603073704,0.076061690763258),
 .UNSPECIFIED.);
#274=B_SPLINE_CURVE_WITH_KNOTS('',3,(#7923,#7924,#7925,#7926,#7927),
 .UNSPECIFIED.,.F.,.F.,(4,1,4),(-0.076061690763258,-0.036851603073704,0.),
 .UNSPECIFIED.);
#275=B_SPLINE_CURVE_WITH_KNOTS('',3,(#7942,#7943,#7944,#7945,#7946),
 .UNSPECIFIED.,.F.,.F.,(4,1,4),(0.,0.0152611230637293,0.0277024589609451),
 .UNSPECIFIED.);
#276=B_SPLINE_CURVE_WITH_KNOTS('',3,(#7948,#7949,#7950,#7951,#7952),
 .UNSPECIFIED.,.F.,.F.,(4,1,4),(0.,0.011532351165527,0.0240291253021997),
 .UNSPECIFIED.);
#277=B_SPLINE_CURVE_WITH_KNOTS('',3,(#7954,#7955,#7956,#7957,#7958),
 .UNSPECIFIED.,.F.,.F.,(4,1,4),(0.,0.0171566455664344,0.035621046751502),
 .UNSPECIFIED.);
#278=B_SPLINE_CURVE_WITH_KNOTS('',3,(#7960,#7961,#7962,#7963,#7964),
 .UNSPECIFIED.,.F.,.F.,(4,1,4),(0.,0.0270067044572209,0.0699422008460387),
 .UNSPECIFIED.);
#279=B_SPLINE_CURVE_WITH_KNOTS('',3,(#7966,#7967,#7968,#7969,#7970),
 .UNSPECIFIED.,.F.,.F.,(4,1,4),(0.,0.0304560960701034,0.0602056033791554),
 .UNSPECIFIED.);
#280=B_SPLINE_CURVE_WITH_KNOTS('',3,(#7972,#7973,#7974,#7975,#7976),
 .UNSPECIFIED.,.F.,.F.,(4,1,4),(0.,0.0338513058727619,0.0685234451249373),
 .UNSPECIFIED.);
#281=B_SPLINE_CURVE_WITH_KNOTS('',3,(#7978,#7979,#7980,#7981,#7982),
 .UNSPECIFIED.,.F.,.F.,(4,1,4),(0.,0.0365481374365664,0.0761367688805236),
 .UNSPECIFIED.);
#282=B_SPLINE_CURVE_WITH_KNOTS('',3,(#7984,#7985,#7986,#7987,#7988),
 .UNSPECIFIED.,.F.,.F.,(4,1,4),(0.,0.0416951575013124,0.0795839899846367),
 .UNSPECIFIED.);
#283=B_SPLINE_CURVE_WITH_KNOTS('',3,(#7990,#7991,#7992,#7993,#7994),
 .UNSPECIFIED.,.F.,.F.,(4,1,4),(0.,0.0369448907004395,0.0757734971833058),
 .UNSPECIFIED.);
#284=B_SPLINE_CURVE_WITH_KNOTS('',3,(#7996,#7997,#7998,#7999,#8000),
 .UNSPECIFIED.,.F.,.F.,(4,1,4),(0.,0.0419749566445086,0.0841753505219165),
 .UNSPECIFIED.);
#285=B_SPLINE_CURVE_WITH_KNOTS('',3,(#8002,#8003,#8004,#8005,#8006),
 .UNSPECIFIED.,.F.,.F.,(4,1,4),(0.,0.0510743064472648,0.120037971632978),
 .UNSPECIFIED.);
#286=B_SPLINE_CURVE_WITH_KNOTS('',3,(#8008,#8009,#8010,#8011,#8012),
 .UNSPECIFIED.,.F.,.F.,(4,1,4),(0.,0.070787222598269,0.123467919107377),
 .UNSPECIFIED.);
#287=B_SPLINE_CURVE_WITH_KNOTS('',3,(#8014,#8015,#8016,#8017,#8018),
 .UNSPECIFIED.,.F.,.F.,(4,1,4),(0.,0.0440739920884089,0.0887880450568293),
 .UNSPECIFIED.);
#288=B_SPLINE_CURVE_WITH_KNOTS('',3,(#8020,#8021,#8022,#8023,#8024),
 .UNSPECIFIED.,.F.,.F.,(4,1,4),(0.,0.0313406132208175,0.0602336563467797),
 .UNSPECIFIED.);
#289=B_SPLINE_CURVE_WITH_KNOTS('',3,(#8025,#8026,#8027,#8028,#8029),
 .UNSPECIFIED.,.F.,.F.,(4,1,4),(0.,0.0295340495045083,0.0629466147027026),
 .UNSPECIFIED.);
#290=B_SPLINE_CURVE_WITH_KNOTS('',3,(#8058,#8059,#8060,#8061,#8062),
 .UNSPECIFIED.,.F.,.F.,(4,1,4),(0.,0.0248429119679356,0.0454977787033352),
 .UNSPECIFIED.);
#291=B_SPLINE_CURVE_WITH_KNOTS('',3,(#8066,#8067,#8068,#8069,#8070),
 .UNSPECIFIED.,.F.,.F.,(4,1,4),(-0.0454977787033352,-0.0248429119679356,
0.),.UNSPECIFIED.);
#292=B_SPLINE_CURVE_WITH_KNOTS('',3,(#8083,#8084,#8085,#8086,#8087),
 .UNSPECIFIED.,.F.,.F.,(4,1,4),(0.,0.0177859655717715,0.0337673277477969),
 .UNSPECIFIED.);
#293=B_SPLINE_CURVE_WITH_KNOTS('',3,(#8089,#8090,#8091,#8092,#8093),
 .UNSPECIFIED.,.F.,.F.,(4,1,4),(-0.0337673277477969,-0.0177859655717715,
0.),.UNSPECIFIED.);
#294=B_SPLINE_CURVE_WITH_KNOTS('',3,(#8106,#8107,#8108,#8109,#8110),
 .UNSPECIFIED.,.F.,.F.,(4,1,4),(0.,0.0148392676797706,0.0299134183409319),
 .UNSPECIFIED.);
#295=B_SPLINE_CURVE_WITH_KNOTS('',3,(#8112,#8113,#8114,#8115,#8116),
 .UNSPECIFIED.,.F.,.F.,(4,1,4),(-0.0299134183409319,-0.0148392676797706,
0.),.UNSPECIFIED.);
#296=B_SPLINE_CURVE_WITH_KNOTS('',3,(#8129,#8130,#8131,#8132,#8133),
 .UNSPECIFIED.,.F.,.F.,(4,1,4),(0.,0.0181562387399195,0.0425550964503246),
 .UNSPECIFIED.);
#297=B_SPLINE_CURVE_WITH_KNOTS('',3,(#8135,#8136,#8137,#8138,#8139),
 .UNSPECIFIED.,.F.,.F.,(4,1,4),(-0.0425550964503246,-0.0181562387399195,
0.),.UNSPECIFIED.);
#298=B_SPLINE_CURVE_WITH_KNOTS('',3,(#8152,#8153,#8154,#8155,#8156),
 .UNSPECIFIED.,.F.,.F.,(4,1,4),(0.,0.025303816147971,0.0446619710541802),
 .UNSPECIFIED.);
#299=B_SPLINE_CURVE_WITH_KNOTS('',3,(#8158,#8159,#8160,#8161,#8162),
 .UNSPECIFIED.,.F.,.F.,(4,1,4),(-0.0446619710541802,-0.025303816147971,
0.),.UNSPECIFIED.);
#300=B_SPLINE_CURVE_WITH_KNOTS('',3,(#8175,#8176,#8177,#8178,#8179),
 .UNSPECIFIED.,.F.,.F.,(4,1,4),(0.,0.0163097114391254,0.0322990263454243),
 .UNSPECIFIED.);
#301=B_SPLINE_CURVE_WITH_KNOTS('',3,(#8181,#8182,#8183,#8184,#8185),
 .UNSPECIFIED.,.F.,.F.,(4,1,4),(-0.0322990263454243,-0.0163097114391254,
0.),.UNSPECIFIED.);
#302=B_SPLINE_CURVE_WITH_KNOTS('',3,(#8198,#8199,#8200,#8201,#8202),
 .UNSPECIFIED.,.F.,.F.,(4,1,4),(0.,0.0155109298307095,0.0314200005474221),
 .UNSPECIFIED.);
#303=B_SPLINE_CURVE_WITH_KNOTS('',3,(#8204,#8205,#8206,#8207,#8208),
 .UNSPECIFIED.,.F.,.F.,(4,1,4),(-0.0314200005474221,-0.0155109298307095,
0.),.UNSPECIFIED.);
#304=B_SPLINE_CURVE_WITH_KNOTS('',3,(#8220,#8221,#8222,#8223,#8224),
 .UNSPECIFIED.,.F.,.F.,(4,1,4),(0.,0.0180932918327272,0.0403743572050987),
 .UNSPECIFIED.);
#305=B_SPLINE_CURVE_WITH_KNOTS('',3,(#8225,#8226,#8227,#8228,#8229),
 .UNSPECIFIED.,.F.,.F.,(4,1,4),(-0.0403743572050987,-0.0180932918327272,
0.),.UNSPECIFIED.);
#306=B_SPLINE_CURVE_WITH_KNOTS('',3,(#8247,#8248,#8249,#8250,#8251),
 .UNSPECIFIED.,.F.,.F.,(4,1,4),(-0.0277024589609451,-0.0152611230637293,
0.),.UNSPECIFIED.);
#307=B_SPLINE_CURVE_WITH_KNOTS('',3,(#8264,#8265,#8266,#8267,#8268),
 .UNSPECIFIED.,.F.,.F.,(4,1,4),(-0.0240291253021997,-0.011532351165527,
0.),.UNSPECIFIED.);
#308=B_SPLINE_CURVE_WITH_KNOTS('',3,(#8281,#8282,#8283,#8284,#8285),
 .UNSPECIFIED.,.F.,.F.,(4,1,4),(-0.035621046751502,-0.0171566455664344,
0.),.UNSPECIFIED.);
#309=B_SPLINE_CURVE_WITH_KNOTS('',3,(#8298,#8299,#8300,#8301,#8302),
 .UNSPECIFIED.,.F.,.F.,(4,1,4),(-0.0699422008460387,-0.0270067044572209,
0.),.UNSPECIFIED.);
#310=B_SPLINE_CURVE_WITH_KNOTS('',3,(#8315,#8316,#8317,#8318,#8319),
 .UNSPECIFIED.,.F.,.F.,(4,1,4),(-0.0602056033791554,-0.0304560960701034,
0.),.UNSPECIFIED.);
#311=B_SPLINE_CURVE_WITH_KNOTS('',3,(#8332,#8333,#8334,#8335,#8336),
 .UNSPECIFIED.,.F.,.F.,(4,1,4),(-0.0685234451249373,-0.0338513058727619,
0.),.UNSPECIFIED.);
#312=B_SPLINE_CURVE_WITH_KNOTS('',3,(#8349,#8350,#8351,#8352,#8353),
 .UNSPECIFIED.,.F.,.F.,(4,1,4),(-0.0761367688805236,-0.0365481374365664,
0.),.UNSPECIFIED.);
#313=B_SPLINE_CURVE_WITH_KNOTS('',3,(#8366,#8367,#8368,#8369,#8370),
 .UNSPECIFIED.,.F.,.F.,(4,1,4),(-0.0795839899846367,-0.0416951575013124,
0.),.UNSPECIFIED.);
#314=B_SPLINE_CURVE_WITH_KNOTS('',3,(#8383,#8384,#8385,#8386,#8387),
 .UNSPECIFIED.,.F.,.F.,(4,1,4),(-0.0757734971833058,-0.0369448907004395,
0.),.UNSPECIFIED.);
#315=B_SPLINE_CURVE_WITH_KNOTS('',3,(#8400,#8401,#8402,#8403,#8404),
 .UNSPECIFIED.,.F.,.F.,(4,1,4),(-0.0841753505219165,-0.0419749566445086,
0.),.UNSPECIFIED.);
#316=B_SPLINE_CURVE_WITH_KNOTS('',3,(#8417,#8418,#8419,#8420,#8421),
 .UNSPECIFIED.,.F.,.F.,(4,1,4),(-0.120037971632978,-0.0510743064472648,
0.),.UNSPECIFIED.);
#317=B_SPLINE_CURVE_WITH_KNOTS('',3,(#8434,#8435,#8436,#8437,#8438),
 .UNSPECIFIED.,.F.,.F.,(4,1,4),(-0.123467919107377,-0.070787222598269,0.),
 .UNSPECIFIED.);
#318=B_SPLINE_CURVE_WITH_KNOTS('',3,(#8451,#8452,#8453,#8454,#8455),
 .UNSPECIFIED.,.F.,.F.,(4,1,4),(-0.0887880450568293,-0.0440739920884089,
0.),.UNSPECIFIED.);
#319=B_SPLINE_CURVE_WITH_KNOTS('',3,(#8468,#8469,#8470,#8471,#8472),
 .UNSPECIFIED.,.F.,.F.,(4,1,4),(-0.0602336563467797,-0.0313406132208175,
0.),.UNSPECIFIED.);
#320=B_SPLINE_CURVE_WITH_KNOTS('',3,(#8484,#8485,#8486,#8487,#8488),
 .UNSPECIFIED.,.F.,.F.,(4,1,4),(-0.0629466147027026,-0.0295340495045083,
0.),.UNSPECIFIED.);
#321=B_SPLINE_CURVE_WITH_KNOTS('',3,(#8909,#8910,#8911,#8912,#8913,#8914,
#8915,#8916,#8917,#8918),.UNSPECIFIED.,.F.,.F.,(4,2,2,2,4),(0.,0.0295958658412378,
0.0592155628400183,0.0888851224196769,0.118666401074892),.UNSPECIFIED.);
#322=B_SPLINE_CURVE_WITH_KNOTS('',3,(#8920,#8921,#8922,#8923,#8924,#8925,
#8926,#8927,#8928,#8929),.UNSPECIFIED.,.F.,.F.,(4,2,2,2,4),(-0.118682428569995,
-0.0888874216218584,-0.059213621183887,-0.0295938915402735,0.),
 .UNSPECIFIED.);
#323=B_SPLINE_CURVE_WITH_KNOTS('',3,(#8944,#8945,#8946,#8947,#8948,#8949,
#8950,#8951,#8952,#8953),.UNSPECIFIED.,.F.,.F.,(4,2,2,2,4),(0.,0.0295958658412379,
0.0592155628400184,0.0888851224196768,0.118666401074892),.UNSPECIFIED.);
#324=B_SPLINE_CURVE_WITH_KNOTS('',3,(#8955,#8956,#8957,#8958,#8959,#8960,
#8961,#8962,#8963,#8964),.UNSPECIFIED.,.F.,.F.,(4,2,2,2,4),(-0.118682428569995,
-0.0888874216218584,-0.059213621183887,-0.0295938915402735,0.),
 .UNSPECIFIED.);
#325=B_SPLINE_CURVE_WITH_KNOTS('',3,(#8969,#8970,#8971,#8972,#8973,#8974,
#8975,#8976,#8977,#8978),.UNSPECIFIED.,.F.,.F.,(4,2,2,2,4),(-0.118682428569995,
-0.0888874216218584,-0.059213621183887,-0.0295938915402735,0.),
 .UNSPECIFIED.);
#326=B_SPLINE_CURVE_WITH_KNOTS('',3,(#8982,#8983,#8984,#8985,#8986,#8987,
#8988,#8989,#8990,#8991),.UNSPECIFIED.,.F.,.F.,(4,2,2,2,4),(0.,0.0295958658412377,
0.0592155628400184,0.0888851224196769,0.118666401074892),.UNSPECIFIED.);
#327=B_SPLINE_CURVE_WITH_KNOTS('',3,(#9062,#9063,#9064,#9065,#9066,#9067,
#9068,#9069,#9070,#9071),.UNSPECIFIED.,.F.,.F.,(4,2,2,2,4),(-0.118682428569995,
-0.0888874216218584,-0.059213621183887,-0.0295938915402735,0.),
 .UNSPECIFIED.);
#328=B_SPLINE_CURVE_WITH_KNOTS('',3,(#9073,#9074,#9075,#9076,#9077,#9078,
#9079,#9080,#9081,#9082),.UNSPECIFIED.,.F.,.F.,(4,2,2,2,4),(0.,0.0295958658412377,
0.0592155628400184,0.0888851224196769,0.118666401074892),.UNSPECIFIED.);
#329=B_SPLINE_CURVE_WITH_KNOTS('',3,(#9106,#9107,#9108,#9109,#9110,#9111,
#9112,#9113,#9114,#9115),.UNSPECIFIED.,.F.,.F.,(4,2,2,2,4),(0.,0.0295938915402735,
0.0592136211838869,0.0888874216218582,0.118682428569995),.UNSPECIFIED.);
#330=B_SPLINE_CURVE_WITH_KNOTS('',3,(#9117,#9118,#9119,#9120,#9121,#9122,
#9123,#9124,#9125,#9126),.UNSPECIFIED.,.F.,.F.,(4,2,2,2,4),(-0.118666401074892,
-0.0888851224196768,-0.0592155628400183,-0.0295958658412377,0.),
 .UNSPECIFIED.);
#331=B_SPLINE_CURVE_WITH_KNOTS('',3,(#9139,#9140,#9141,#9142,#9143,#9144,
#9145,#9146,#9147,#9148),.UNSPECIFIED.,.F.,.F.,(4,2,2,2,4),(0.,0.0295938915402735,
0.0592136211838869,0.0888874216218582,0.118682428569995),.UNSPECIFIED.);
#332=B_SPLINE_CURVE_WITH_KNOTS('',3,(#9150,#9151,#9152,#9153,#9154,#9155,
#9156,#9157,#9158,#9159),.UNSPECIFIED.,.F.,.F.,(4,2,2,2,4),(-0.118666401074892,
-0.0888851224196769,-0.0592155628400184,-0.0295958658412377,0.),
 .UNSPECIFIED.);
#333=B_SPLINE_CURVE_WITH_KNOTS('',3,(#9214,#9215,#9216,#9217,#9218,#9219,
#9220,#9221,#9222,#9223),.UNSPECIFIED.,.F.,.F.,(4,2,2,2,4),(-0.118666401074892,
-0.0888851224196769,-0.0592155628400183,-0.0295958658412379,0.),
 .UNSPECIFIED.);
#334=B_SPLINE_CURVE_WITH_KNOTS('',3,(#9229,#9230,#9231,#9232,#9233,#9234,
#9235,#9236,#9237,#9238),.UNSPECIFIED.,.F.,.F.,(4,2,2,2,4),(0.,0.0295938915402735,
0.0592136211838869,0.0888874216218582,0.118682428569995),.UNSPECIFIED.);
#335=B_SPLINE_CURVE_WITH_KNOTS('',3,(#9256,#9257,#9258,#9259,#9260,#9261,
#9262,#9263,#9264,#9265),.UNSPECIFIED.,.F.,.F.,(4,2,2,2,4),(-0.118666401074892,
-0.0888851224196768,-0.0592155628400183,-0.0295958658412379,0.),
 .UNSPECIFIED.);
#336=B_SPLINE_CURVE_WITH_KNOTS('',3,(#9269,#9270,#9271,#9272,#9273,#9274,
#9275,#9276,#9277,#9278),.UNSPECIFIED.,.F.,.F.,(4,2,2,2,4),(0.,0.0295938915402735,
0.0592136211838869,0.0888874216218583,0.118682428569995),.UNSPECIFIED.);
#337=B_SPLINE_SURFACE_WITH_KNOTS('',3,1,((#6339,#6340),(#6341,#6342),(#6343,
#6344),(#6345,#6346),(#6347,#6348)),.UNSPECIFIED.,.F.,.F.,.F.,(4,1,4),(2,
2),(-0.0199201729698272,-0.00993152717913796,0.),(0.,0.01),
 .UNSPECIFIED.);
#338=B_SPLINE_SURFACE_WITH_KNOTS('',3,1,((#6365,#6366),(#6367,#6368),(#6369,
#6370),(#6371,#6372),(#6373,#6374)),.UNSPECIFIED.,.F.,.F.,.F.,(4,1,4),(2,
2),(-0.0271001559155494,-0.0116939317855048,0.),(0.,0.01),.UNSPECIFIED.);
#339=B_SPLINE_SURFACE_WITH_KNOTS('',3,1,((#6388,#6389),(#6390,#6391),(#6392,
#6393),(#6394,#6395),(#6396,#6397)),.UNSPECIFIED.,.F.,.F.,.F.,(4,1,4),(2,
2),(-0.0748431905397011,-0.030011866027923,0.),(0.,0.01),.UNSPECIFIED.);
#340=B_SPLINE_SURFACE_WITH_KNOTS('',3,1,((#6411,#6412),(#6413,#6414),(#6415,
#6416),(#6417,#6418),(#6419,#6420)),.UNSPECIFIED.,.F.,.F.,.F.,(4,1,4),(2,
2),(-0.0722555781525393,-0.0441925816942343,0.),(0.,0.01),.UNSPECIFIED.);
#341=B_SPLINE_SURFACE_WITH_KNOTS('',3,1,((#6434,#6435),(#6436,#6437),(#6438,
#6439),(#6440,#6441),(#6442,#6443)),.UNSPECIFIED.,.F.,.F.,.F.,(4,1,4),(2,
2),(-0.0295838061648153,-0.0173697047581165,0.),(0.,0.01),.UNSPECIFIED.);
#342=B_SPLINE_SURFACE_WITH_KNOTS('',3,1,((#6457,#6458),(#6459,#6460),(#6461,
#6462),(#6463,#6464),(#6465,#6466)),.UNSPECIFIED.,.F.,.F.,.F.,(4,1,4),(2,
2),(-0.0197872058619249,-0.00988484860306537,0.),(0.,0.01),
 .UNSPECIFIED.);
#343=B_SPLINE_SURFACE_WITH_KNOTS('',3,1,((#6480,#6481),(#6482,#6483),(#6484,
#6485),(#6486,#6487),(#6488,#6489)),.UNSPECIFIED.,.F.,.F.,.F.,(4,1,4),(2,
2),(-0.0199202198002231,-0.00993152223029327,0.),(0.,0.01),
 .UNSPECIFIED.);
#344=B_SPLINE_SURFACE_WITH_KNOTS('',3,1,((#6503,#6504),(#6505,#6506),(#6507,
#6508),(#6509,#6510),(#6511,#6512)),.UNSPECIFIED.,.F.,.F.,.F.,(4,1,4),(2,
2),(-0.0271001279886111,-0.0116939317855048,0.),(0.,0.01),.UNSPECIFIED.);
#345=B_SPLINE_SURFACE_WITH_KNOTS('',3,1,((#6526,#6527),(#6528,#6529),(#6530,
#6531),(#6532,#6533),(#6534,#6535)),.UNSPECIFIED.,.F.,.F.,.F.,(4,1,4),(2,
2),(-0.074641912876776,-0.0298612825941363,0.),(0.,0.01),.UNSPECIFIED.);
#346=B_SPLINE_SURFACE_WITH_KNOTS('',3,1,((#6549,#6550),(#6551,#6552),(#6553,
#6554),(#6555,#6556),(#6557,#6558)),.UNSPECIFIED.,.F.,.F.,.F.,(4,1,4),(2,
2),(-0.0722555698853802,-0.0441925650202861,0.),(0.,0.01),.UNSPECIFIED.);
#347=B_SPLINE_SURFACE_WITH_KNOTS('',3,1,((#6572,#6573),(#6574,#6575),(#6576,
#6577),(#6578,#6579),(#6580,#6581)),.UNSPECIFIED.,.F.,.F.,.F.,(4,1,4),(2,
2),(-0.0296686252100675,-0.017393541652044,0.),(0.,0.01),.UNSPECIFIED.);
#348=B_SPLINE_SURFACE_WITH_KNOTS('',3,1,((#6595,#6596),(#6597,#6598),(#6599,
#6600),(#6601,#6602),(#6603,#6604)),.UNSPECIFIED.,.F.,.F.,.F.,(4,1,4),(2,
2),(-0.0198291360781278,-0.00992264704706456,0.),(0.,0.01),
 .UNSPECIFIED.);
#349=B_SPLINE_SURFACE_WITH_KNOTS('',3,1,((#6615,#6616),(#6617,#6618),(#6619,
#6620),(#6621,#6622),(#6623,#6624)),.UNSPECIFIED.,.F.,.F.,.F.,(4,1,4),(2,
2),(-0.076439719381977,-0.0392796479173115,0.),(0.,0.01),.UNSPECIFIED.);
#350=B_SPLINE_SURFACE_WITH_KNOTS('',3,1,((#6641,#6642),(#6643,#6644),(#6645,
#6646),(#6647,#6648),(#6649,#6650)),.UNSPECIFIED.,.F.,.F.,.F.,(4,1,4),(2,
2),(-0.126195059018909,-0.0532183683240828,0.),(0.,0.01),.UNSPECIFIED.);
#351=B_SPLINE_SURFACE_WITH_KNOTS('',3,1,((#6664,#6665),(#6666,#6667),(#6668,
#6669),(#6670,#6671),(#6672,#6673)),.UNSPECIFIED.,.F.,.F.,.F.,(4,1,4),(2,
2),(-0.126443420334122,-0.0729312596334421,0.),(0.,0.01),.UNSPECIFIED.);
#352=B_SPLINE_SURFACE_WITH_KNOTS('',3,1,((#6687,#6688),(#6689,#6690),(#6691,
#6692),(#6693,#6694),(#6695,#6696)),.UNSPECIFIED.,.F.,.F.,.F.,(4,1,4),(2,
2),(-0.0760616669490237,-0.0368516406229304,0.),(0.,0.01),.UNSPECIFIED.);
#353=B_SPLINE_SURFACE_WITH_KNOTS('',3,1,((#6710,#6711),(#6712,#6713),(#6714,
#6715),(#6716,#6717),(#6718,#6719)),.UNSPECIFIED.,.F.,.F.,.F.,(4,1,4),(2,
2),(-0.0798007987955321,-0.0401036415496893,0.),(0.,0.01),.UNSPECIFIED.);
#354=B_SPLINE_SURFACE_WITH_KNOTS('',3,1,((#6733,#6734),(#6735,#6736),(#6737,
#6738),(#6739,#6740),(#6741,#6742)),.UNSPECIFIED.,.F.,.F.,.F.,(4,1,4),(2,
2),(-0.123449293811401,-0.0505559192266066,0.),(0.,0.01),.UNSPECIFIED.);
#355=B_SPLINE_SURFACE_WITH_KNOTS('',3,1,((#6756,#6757),(#6758,#6759),(#6760,
#6761),(#6762,#6763),(#6764,#6765)),.UNSPECIFIED.,.F.,.F.,.F.,(4,1,4),(2,
2),(-0.126047913409598,-0.0726283078893987,0.),(0.,0.01),.UNSPECIFIED.);
#356=B_SPLINE_SURFACE_WITH_KNOTS('',3,1,((#6779,#6780),(#6781,#6782),(#6783,
#6784),(#6785,#6786),(#6787,#6788)),.UNSPECIFIED.,.F.,.F.,.F.,(4,1,4),(2,
2),(-0.076061697104009,-0.0368516123071361,0.),(0.,0.01),.UNSPECIFIED.);
#357=B_SPLINE_SURFACE_WITH_KNOTS('',3,1,((#6917,#6918),(#6919,#6920),(#6921,
#6922),(#6923,#6924),(#6925,#6926)),.UNSPECIFIED.,.F.,.F.,.F.,(4,1,4),(2,
2),(-0.0454977787033352,-0.0248429119679356,0.),(0.,0.01),.UNSPECIFIED.);
#358=B_SPLINE_SURFACE_WITH_KNOTS('',3,1,((#6943,#6944),(#6945,#6946),(#6947,
#6948),(#6949,#6950),(#6951,#6952)),.UNSPECIFIED.,.F.,.F.,.F.,(4,1,4),(2,
2),(-0.0337673277477969,-0.0177859655717715,0.),(0.,0.01),.UNSPECIFIED.);
#359=B_SPLINE_SURFACE_WITH_KNOTS('',3,1,((#6966,#6967),(#6968,#6969),(#6970,
#6971),(#6972,#6973),(#6974,#6975)),.UNSPECIFIED.,.F.,.F.,.F.,(4,1,4),(2,
2),(-0.0299134183409319,-0.0148392676797706,0.),(0.,0.01),.UNSPECIFIED.);
#360=B_SPLINE_SURFACE_WITH_KNOTS('',3,1,((#6989,#6990),(#6991,#6992),(#6993,
#6994),(#6995,#6996),(#6997,#6998)),.UNSPECIFIED.,.F.,.F.,.F.,(4,1,4),(2,
2),(-0.0425550964503246,-0.0181562387399195,0.),(0.,0.01),.UNSPECIFIED.);
#361=B_SPLINE_SURFACE_WITH_KNOTS('',3,1,((#7012,#7013),(#7014,#7015),(#7016,
#7017),(#7018,#7019),(#7020,#7021)),.UNSPECIFIED.,.F.,.F.,.F.,(4,1,4),(2,
2),(-0.0446619710541802,-0.025303816147971,0.),(0.,0.01),.UNSPECIFIED.);
#362=B_SPLINE_SURFACE_WITH_KNOTS('',3,1,((#7035,#7036),(#7037,#7038),(#7039,
#7040),(#7041,#7042),(#7043,#7044)),.UNSPECIFIED.,.F.,.F.,.F.,(4,1,4),(2,
2),(-0.0322990263454243,-0.0163097114391254,0.),(0.,0.01),.UNSPECIFIED.);
#363=B_SPLINE_SURFACE_WITH_KNOTS('',3,1,((#7058,#7059),(#7060,#7061),(#7062,
#7063),(#7064,#7065),(#7066,#7067)),.UNSPECIFIED.,.F.,.F.,.F.,(4,1,4),(2,
2),(-0.0314200005474221,-0.0155109298307095,0.),(0.,0.01),.UNSPECIFIED.);
#364=B_SPLINE_SURFACE_WITH_KNOTS('',3,1,((#7081,#7082),(#7083,#7084),(#7085,
#7086),(#7087,#7088),(#7089,#7090)),.UNSPECIFIED.,.F.,.F.,.F.,(4,1,4),(2,
2),(-0.0403743604770797,-0.0180932655457655,0.),(0.,0.01),.UNSPECIFIED.);
#365=B_SPLINE_SURFACE_WITH_KNOTS('',3,1,((#7107,#7108),(#7109,#7110),(#7111,
#7112),(#7113,#7114),(#7115,#7116)),.UNSPECIFIED.,.F.,.F.,.F.,(4,1,4),(2,
2),(-0.0277024589609451,-0.0152611230637293,0.),(0.,0.01),.UNSPECIFIED.);
#366=B_SPLINE_SURFACE_WITH_KNOTS('',3,1,((#7124,#7125),(#7126,#7127),(#7128,
#7129),(#7130,#7131),(#7132,#7133)),.UNSPECIFIED.,.F.,.F.,.F.,(4,1,4),(2,
2),(-0.0240291253021997,-0.011532351165527,0.),(0.,0.01),.UNSPECIFIED.);
#367=B_SPLINE_SURFACE_WITH_KNOTS('',3,1,((#7141,#7142),(#7143,#7144),(#7145,
#7146),(#7147,#7148),(#7149,#7150)),.UNSPECIFIED.,.F.,.F.,.F.,(4,1,4),(2,
2),(-0.035621046751502,-0.0171566455664344,0.),(0.,0.01),.UNSPECIFIED.);
#368=B_SPLINE_SURFACE_WITH_KNOTS('',3,1,((#7158,#7159),(#7160,#7161),(#7162,
#7163),(#7164,#7165),(#7166,#7167)),.UNSPECIFIED.,.F.,.F.,.F.,(4,1,4),(2,
2),(-0.0699422008460387,-0.0270067044572209,0.),(0.,0.01),.UNSPECIFIED.);
#369=B_SPLINE_SURFACE_WITH_KNOTS('',3,1,((#7175,#7176),(#7177,#7178),(#7179,
#7180),(#7181,#7182),(#7183,#7184)),.UNSPECIFIED.,.F.,.F.,.F.,(4,1,4),(2,
2),(-0.0602056033791554,-0.0304560960701034,0.),(0.,0.01),.UNSPECIFIED.);
#370=B_SPLINE_SURFACE_WITH_KNOTS('',3,1,((#7192,#7193),(#7194,#7195),(#7196,
#7197),(#7198,#7199),(#7200,#7201)),.UNSPECIFIED.,.F.,.F.,.F.,(4,1,4),(2,
2),(-0.0685234451249373,-0.0338513058727619,0.),(0.,0.01),.UNSPECIFIED.);
#371=B_SPLINE_SURFACE_WITH_KNOTS('',3,1,((#7209,#7210),(#7211,#7212),(#7213,
#7214),(#7215,#7216),(#7217,#7218)),.UNSPECIFIED.,.F.,.F.,.F.,(4,1,4),(2,
2),(-0.0761367688805236,-0.0365481374365664,0.),(0.,0.01),.UNSPECIFIED.);
#372=B_SPLINE_SURFACE_WITH_KNOTS('',3,1,((#7226,#7227),(#7228,#7229),(#7230,
#7231),(#7232,#7233),(#7234,#7235)),.UNSPECIFIED.,.F.,.F.,.F.,(4,1,4),(2,
2),(-0.0795839899846367,-0.0416951575013124,0.),(0.,0.01),.UNSPECIFIED.);
#373=B_SPLINE_SURFACE_WITH_KNOTS('',3,1,((#7243,#7244),(#7245,#7246),(#7247,
#7248),(#7249,#7250),(#7251,#7252)),.UNSPECIFIED.,.F.,.F.,.F.,(4,1,4),(2,
2),(-0.0757734971833058,-0.0369448907004395,0.),(0.,0.01),.UNSPECIFIED.);
#374=B_SPLINE_SURFACE_WITH_KNOTS('',3,1,((#7260,#7261),(#7262,#7263),(#7264,
#7265),(#7266,#7267),(#7268,#7269)),.UNSPECIFIED.,.F.,.F.,.F.,(4,1,4),(2,
2),(-0.0841753505219165,-0.0419749566445086,0.),(0.,0.01),.UNSPECIFIED.);
#375=B_SPLINE_SURFACE_WITH_KNOTS('',3,1,((#7277,#7278),(#7279,#7280),(#7281,
#7282),(#7283,#7284),(#7285,#7286)),.UNSPECIFIED.,.F.,.F.,.F.,(4,1,4),(2,
2),(-0.120037971632978,-0.0510743064472648,0.),(0.,0.01),.UNSPECIFIED.);
#376=B_SPLINE_SURFACE_WITH_KNOTS('',3,1,((#7294,#7295),(#7296,#7297),(#7298,
#7299),(#7300,#7301),(#7302,#7303)),.UNSPECIFIED.,.F.,.F.,.F.,(4,1,4),(2,
2),(-0.123467919107377,-0.070787222598269,0.),(0.,0.01),.UNSPECIFIED.);
#377=B_SPLINE_SURFACE_WITH_KNOTS('',3,1,((#7311,#7312),(#7313,#7314),(#7315,
#7316),(#7317,#7318),(#7319,#7320)),.UNSPECIFIED.,.F.,.F.,.F.,(4,1,4),(2,
2),(-0.0887880389054556,-0.0440739829269201,0.),(0.,0.01),.UNSPECIFIED.);
#378=B_SPLINE_SURFACE_WITH_KNOTS('',3,1,((#7328,#7329),(#7330,#7331),(#7332,
#7333),(#7334,#7335),(#7336,#7337)),.UNSPECIFIED.,.F.,.F.,.F.,(4,1,4),(2,
2),(-0.0602336563467797,-0.0313406132208175,0.),(0.,0.01),.UNSPECIFIED.);
#379=B_SPLINE_SURFACE_WITH_KNOTS('',3,1,((#7345,#7346),(#7347,#7348),(#7349,
#7350),(#7351,#7352),(#7353,#7354)),.UNSPECIFIED.,.F.,.F.,.F.,(4,1,4),(2,
2),(-0.0629466147027026,-0.0295340495045083,0.),(0.,0.01),.UNSPECIFIED.);
#380=B_SPLINE_SURFACE_WITH_KNOTS('',3,1,((#7468,#7469),(#7470,#7471),(#7472,
#7473),(#7474,#7475),(#7476,#7477)),.UNSPECIFIED.,.F.,.F.,.F.,(4,1,4),(2,
2),(-0.0199201729698272,-0.00993152717913796,0.),(0.,0.01),
 .UNSPECIFIED.);
#381=B_SPLINE_SURFACE_WITH_KNOTS('',3,1,((#7494,#7495),(#7496,#7497),(#7498,
#7499),(#7500,#7501),(#7502,#7503)),.UNSPECIFIED.,.F.,.F.,.F.,(4,1,4),(2,
2),(-0.0271001559155494,-0.0116939317855048,0.),(0.,0.01),.UNSPECIFIED.);
#382=B_SPLINE_SURFACE_WITH_KNOTS('',3,1,((#7517,#7518),(#7519,#7520),(#7521,
#7522),(#7523,#7524),(#7525,#7526)),.UNSPECIFIED.,.F.,.F.,.F.,(4,1,4),(2,
2),(-0.0748431905397011,-0.030011866027923,0.),(0.,0.01),.UNSPECIFIED.);
#383=B_SPLINE_SURFACE_WITH_KNOTS('',3,1,((#7540,#7541),(#7542,#7543),(#7544,
#7545),(#7546,#7547),(#7548,#7549)),.UNSPECIFIED.,.F.,.F.,.F.,(4,1,4),(2,
2),(-0.0722555781525393,-0.0441925816942343,0.),(0.,0.01),.UNSPECIFIED.);
#384=B_SPLINE_SURFACE_WITH_KNOTS('',3,1,((#7563,#7564),(#7565,#7566),(#7567,
#7568),(#7569,#7570),(#7571,#7572)),.UNSPECIFIED.,.F.,.F.,.F.,(4,1,4),(2,
2),(-0.0295838061648153,-0.0173697047581165,0.),(0.,0.01),.UNSPECIFIED.);
#385=B_SPLINE_SURFACE_WITH_KNOTS('',3,1,((#7586,#7587),(#7588,#7589),(#7590,
#7591),(#7592,#7593),(#7594,#7595)),.UNSPECIFIED.,.F.,.F.,.F.,(4,1,4),(2,
2),(-0.0197872058619249,-0.00988484860306537,0.),(0.,0.01),
 .UNSPECIFIED.);
#386=B_SPLINE_SURFACE_WITH_KNOTS('',3,1,((#7609,#7610),(#7611,#7612),(#7613,
#7614),(#7615,#7616),(#7617,#7618)),.UNSPECIFIED.,.F.,.F.,.F.,(4,1,4),(2,
2),(-0.0199202198002231,-0.00993152223029327,0.),(0.,0.01),
 .UNSPECIFIED.);
#387=B_SPLINE_SURFACE_WITH_KNOTS('',3,1,((#7632,#7633),(#7634,#7635),(#7636,
#7637),(#7638,#7639),(#7640,#7641)),.UNSPECIFIED.,.F.,.F.,.F.,(4,1,4),(2,
2),(-0.0271001279886111,-0.0116939317855048,0.),(0.,0.01),.UNSPECIFIED.);
#388=B_SPLINE_SURFACE_WITH_KNOTS('',3,1,((#7655,#7656),(#7657,#7658),(#7659,
#7660),(#7661,#7662),(#7663,#7664)),.UNSPECIFIED.,.F.,.F.,.F.,(4,1,4),(2,
2),(-0.074641912876776,-0.0298612825941363,0.),(0.,0.01),.UNSPECIFIED.);
#389=B_SPLINE_SURFACE_WITH_KNOTS('',3,1,((#7678,#7679),(#7680,#7681),(#7682,
#7683),(#7684,#7685),(#7686,#7687)),.UNSPECIFIED.,.F.,.F.,.F.,(4,1,4),(2,
2),(-0.0722555697430608,-0.0441925501257664,0.),(0.,0.01),.UNSPECIFIED.);
#390=B_SPLINE_SURFACE_WITH_KNOTS('',3,1,((#7701,#7702),(#7703,#7704),(#7705,
#7706),(#7707,#7708),(#7709,#7710)),.UNSPECIFIED.,.F.,.F.,.F.,(4,1,4),(2,
2),(-0.0296686252100675,-0.017393541652044,0.),(0.,0.01),.UNSPECIFIED.);
#391=B_SPLINE_SURFACE_WITH_KNOTS('',3,1,((#7724,#7725),(#7726,#7727),(#7728,
#7729),(#7730,#7731),(#7732,#7733)),.UNSPECIFIED.,.F.,.F.,.F.,(4,1,4),(2,
2),(-0.0198291360781278,-0.00992264704706456,0.),(0.,0.01),
 .UNSPECIFIED.);
#392=B_SPLINE_SURFACE_WITH_KNOTS('',3,1,((#7744,#7745),(#7746,#7747),(#7748,
#7749),(#7750,#7751),(#7752,#7753)),.UNSPECIFIED.,.F.,.F.,.F.,(4,1,4),(2,
2),(-0.076439719381977,-0.0392796479173115,0.),(0.,0.01),.UNSPECIFIED.);
#393=B_SPLINE_SURFACE_WITH_KNOTS('',3,1,((#7770,#7771),(#7772,#7773),(#7774,
#7775),(#7776,#7777),(#7778,#7779)),.UNSPECIFIED.,.F.,.F.,.F.,(4,1,4),(2,
2),(-0.126195059018909,-0.0532183683240828,0.),(0.,0.01),.UNSPECIFIED.);
#394=B_SPLINE_SURFACE_WITH_KNOTS('',3,1,((#7793,#7794),(#7795,#7796),(#7797,
#7798),(#7799,#7800),(#7801,#7802)),.UNSPECIFIED.,.F.,.F.,.F.,(4,1,4),(2,
2),(-0.126443420334122,-0.0729312596334421,0.),(0.,0.01),.UNSPECIFIED.);
#395=B_SPLINE_SURFACE_WITH_KNOTS('',3,1,((#7816,#7817),(#7818,#7819),(#7820,
#7821),(#7822,#7823),(#7824,#7825)),.UNSPECIFIED.,.F.,.F.,.F.,(4,1,4),(2,
2),(-0.0760616669490237,-0.0368516406229304,0.),(0.,0.01),.UNSPECIFIED.);
#396=B_SPLINE_SURFACE_WITH_KNOTS('',3,1,((#7839,#7840),(#7841,#7842),(#7843,
#7844),(#7845,#7846),(#7847,#7848)),.UNSPECIFIED.,.F.,.F.,.F.,(4,1,4),(2,
2),(-0.0798007987955321,-0.0401036415496893,0.),(0.,0.01),.UNSPECIFIED.);
#397=B_SPLINE_SURFACE_WITH_KNOTS('',3,1,((#7862,#7863),(#7864,#7865),(#7866,
#7867),(#7868,#7869),(#7870,#7871)),.UNSPECIFIED.,.F.,.F.,.F.,(4,1,4),(2,
2),(-0.123449293811401,-0.0505559192266066,0.),(0.,0.01),.UNSPECIFIED.);
#398=B_SPLINE_SURFACE_WITH_KNOTS('',3,1,((#7885,#7886),(#7887,#7888),(#7889,
#7890),(#7891,#7892),(#7893,#7894)),.UNSPECIFIED.,.F.,.F.,.F.,(4,1,4),(2,
2),(-0.126047913409598,-0.0726283078893987,0.),(0.,0.01),.UNSPECIFIED.);
#399=B_SPLINE_SURFACE_WITH_KNOTS('',3,1,((#7908,#7909),(#7910,#7911),(#7912,
#7913),(#7914,#7915),(#7916,#7917)),.UNSPECIFIED.,.F.,.F.,.F.,(4,1,4),(2,
2),(-0.076061690763258,-0.036851603073704,0.),(0.,0.01),.UNSPECIFIED.);
#400=B_SPLINE_SURFACE_WITH_KNOTS('',3,1,((#8046,#8047),(#8048,#8049),(#8050,
#8051),(#8052,#8053),(#8054,#8055)),.UNSPECIFIED.,.F.,.F.,.F.,(4,1,4),(2,
2),(-0.0454977787033352,-0.0248429119679356,0.),(0.,0.01),.UNSPECIFIED.);
#401=B_SPLINE_SURFACE_WITH_KNOTS('',3,1,((#8072,#8073),(#8074,#8075),(#8076,
#8077),(#8078,#8079),(#8080,#8081)),.UNSPECIFIED.,.F.,.F.,.F.,(4,1,4),(2,
2),(-0.0337673277477969,-0.0177859655717715,0.),(0.,0.01),.UNSPECIFIED.);
#402=B_SPLINE_SURFACE_WITH_KNOTS('',3,1,((#8095,#8096),(#8097,#8098),(#8099,
#8100),(#8101,#8102),(#8103,#8104)),.UNSPECIFIED.,.F.,.F.,.F.,(4,1,4),(2,
2),(-0.0299134183409319,-0.0148392676797706,0.),(0.,0.01),.UNSPECIFIED.);
#403=B_SPLINE_SURFACE_WITH_KNOTS('',3,1,((#8118,#8119),(#8120,#8121),(#8122,
#8123),(#8124,#8125),(#8126,#8127)),.UNSPECIFIED.,.F.,.F.,.F.,(4,1,4),(2,
2),(-0.0425550964503246,-0.0181562387399195,0.),(0.,0.01),.UNSPECIFIED.);
#404=B_SPLINE_SURFACE_WITH_KNOTS('',3,1,((#8141,#8142),(#8143,#8144),(#8145,
#8146),(#8147,#8148),(#8149,#8150)),.UNSPECIFIED.,.F.,.F.,.F.,(4,1,4),(2,
2),(-0.0446619710541802,-0.025303816147971,0.),(0.,0.01),.UNSPECIFIED.);
#405=B_SPLINE_SURFACE_WITH_KNOTS('',3,1,((#8164,#8165),(#8166,#8167),(#8168,
#8169),(#8170,#8171),(#8172,#8173)),.UNSPECIFIED.,.F.,.F.,.F.,(4,1,4),(2,
2),(-0.0322990263454243,-0.0163097114391254,0.),(0.,0.01),.UNSPECIFIED.);
#406=B_SPLINE_SURFACE_WITH_KNOTS('',3,1,((#8187,#8188),(#8189,#8190),(#8191,
#8192),(#8193,#8194),(#8195,#8196)),.UNSPECIFIED.,.F.,.F.,.F.,(4,1,4),(2,
2),(-0.0314200005474221,-0.0155109298307095,0.),(0.,0.01),.UNSPECIFIED.);
#407=B_SPLINE_SURFACE_WITH_KNOTS('',3,1,((#8210,#8211),(#8212,#8213),(#8214,
#8215),(#8216,#8217),(#8218,#8219)),.UNSPECIFIED.,.F.,.F.,.F.,(4,1,4),(2,
2),(-0.0403743572050987,-0.0180932918327272,0.),(0.,0.01),.UNSPECIFIED.);
#408=B_SPLINE_SURFACE_WITH_KNOTS('',3,1,((#8236,#8237),(#8238,#8239),(#8240,
#8241),(#8242,#8243),(#8244,#8245)),.UNSPECIFIED.,.F.,.F.,.F.,(4,1,4),(2,
2),(-0.0277024589609451,-0.0152611230637293,0.),(0.,0.01),.UNSPECIFIED.);
#409=B_SPLINE_SURFACE_WITH_KNOTS('',3,1,((#8253,#8254),(#8255,#8256),(#8257,
#8258),(#8259,#8260),(#8261,#8262)),.UNSPECIFIED.,.F.,.F.,.F.,(4,1,4),(2,
2),(-0.0240291253021997,-0.011532351165527,0.),(0.,0.01),.UNSPECIFIED.);
#410=B_SPLINE_SURFACE_WITH_KNOTS('',3,1,((#8270,#8271),(#8272,#8273),(#8274,
#8275),(#8276,#8277),(#8278,#8279)),.UNSPECIFIED.,.F.,.F.,.F.,(4,1,4),(2,
2),(-0.035621046751502,-0.0171566455664344,0.),(0.,0.01),.UNSPECIFIED.);
#411=B_SPLINE_SURFACE_WITH_KNOTS('',3,1,((#8287,#8288),(#8289,#8290),(#8291,
#8292),(#8293,#8294),(#8295,#8296)),.UNSPECIFIED.,.F.,.F.,.F.,(4,1,4),(2,
2),(-0.0699422008460387,-0.0270067044572209,0.),(0.,0.01),.UNSPECIFIED.);
#412=B_SPLINE_SURFACE_WITH_KNOTS('',3,1,((#8304,#8305),(#8306,#8307),(#8308,
#8309),(#8310,#8311),(#8312,#8313)),.UNSPECIFIED.,.F.,.F.,.F.,(4,1,4),(2,
2),(-0.0602056033791554,-0.0304560960701034,0.),(0.,0.01),.UNSPECIFIED.);
#413=B_SPLINE_SURFACE_WITH_KNOTS('',3,1,((#8321,#8322),(#8323,#8324),(#8325,
#8326),(#8327,#8328),(#8329,#8330)),.UNSPECIFIED.,.F.,.F.,.F.,(4,1,4),(2,
2),(-0.0685234451249373,-0.0338513058727619,0.),(0.,0.01),.UNSPECIFIED.);
#414=B_SPLINE_SURFACE_WITH_KNOTS('',3,1,((#8338,#8339),(#8340,#8341),(#8342,
#8343),(#8344,#8345),(#8346,#8347)),.UNSPECIFIED.,.F.,.F.,.F.,(4,1,4),(2,
2),(-0.0761367688805236,-0.0365481374365664,0.),(0.,0.01),.UNSPECIFIED.);
#415=B_SPLINE_SURFACE_WITH_KNOTS('',3,1,((#8355,#8356),(#8357,#8358),(#8359,
#8360),(#8361,#8362),(#8363,#8364)),.UNSPECIFIED.,.F.,.F.,.F.,(4,1,4),(2,
2),(-0.0795839899846367,-0.0416951575013124,0.),(0.,0.01),.UNSPECIFIED.);
#416=B_SPLINE_SURFACE_WITH_KNOTS('',3,1,((#8372,#8373),(#8374,#8375),(#8376,
#8377),(#8378,#8379),(#8380,#8381)),.UNSPECIFIED.,.F.,.F.,.F.,(4,1,4),(2,
2),(-0.0757734971833058,-0.0369448907004395,0.),(0.,0.01),.UNSPECIFIED.);
#417=B_SPLINE_SURFACE_WITH_KNOTS('',3,1,((#8389,#8390),(#8391,#8392),(#8393,
#8394),(#8395,#8396),(#8397,#8398)),.UNSPECIFIED.,.F.,.F.,.F.,(4,1,4),(2,
2),(-0.0841753505219165,-0.0419749566445086,0.),(0.,0.01),.UNSPECIFIED.);
#418=B_SPLINE_SURFACE_WITH_KNOTS('',3,1,((#8406,#8407),(#8408,#8409),(#8410,
#8411),(#8412,#8413),(#8414,#8415)),.UNSPECIFIED.,.F.,.F.,.F.,(4,1,4),(2,
2),(-0.120037971632978,-0.0510743064472648,0.),(0.,0.01),.UNSPECIFIED.);
#419=B_SPLINE_SURFACE_WITH_KNOTS('',3,1,((#8423,#8424),(#8425,#8426),(#8427,
#8428),(#8429,#8430),(#8431,#8432)),.UNSPECIFIED.,.F.,.F.,.F.,(4,1,4),(2,
2),(-0.123467919107377,-0.070787222598269,0.),(0.,0.01),.UNSPECIFIED.);
#420=B_SPLINE_SURFACE_WITH_KNOTS('',3,1,((#8440,#8441),(#8442,#8443),(#8444,
#8445),(#8446,#8447),(#8448,#8449)),.UNSPECIFIED.,.F.,.F.,.F.,(4,1,4),(2,
2),(-0.0887880450568293,-0.0440739920884089,0.),(0.,0.01),.UNSPECIFIED.);
#421=B_SPLINE_SURFACE_WITH_KNOTS('',3,1,((#8457,#8458),(#8459,#8460),(#8461,
#8462),(#8463,#8464),(#8465,#8466)),.UNSPECIFIED.,.F.,.F.,.F.,(4,1,4),(2,
2),(-0.0602336563467797,-0.0313406132208175,0.),(0.,0.01),.UNSPECIFIED.);
#422=B_SPLINE_SURFACE_WITH_KNOTS('',3,1,((#8474,#8475),(#8476,#8477),(#8478,
#8479),(#8480,#8481),(#8482,#8483)),.UNSPECIFIED.,.F.,.F.,.F.,(4,1,4),(2,
2),(-0.0629466147027026,-0.0295340495045083,0.),(0.,0.01),.UNSPECIFIED.);
#423=FACE_OUTER_BOUND('',#698,.T.);
#424=FACE_OUTER_BOUND('',#699,.T.);
#425=FACE_OUTER_BOUND('',#700,.T.);
#426=FACE_OUTER_BOUND('',#701,.T.);
#427=FACE_OUTER_BOUND('',#702,.T.);
#428=FACE_OUTER_BOUND('',#703,.T.);
#429=FACE_OUTER_BOUND('',#704,.T.);
#430=FACE_OUTER_BOUND('',#705,.T.);
#431=FACE_OUTER_BOUND('',#706,.T.);
#432=FACE_OUTER_BOUND('',#707,.T.);
#433=FACE_OUTER_BOUND('',#708,.T.);
#434=FACE_OUTER_BOUND('',#709,.T.);
#435=FACE_OUTER_BOUND('',#710,.T.);
#436=FACE_OUTER_BOUND('',#711,.T.);
#437=FACE_OUTER_BOUND('',#712,.T.);
#438=FACE_OUTER_BOUND('',#713,.T.);
#439=FACE_OUTER_BOUND('',#714,.T.);
#440=FACE_OUTER_BOUND('',#715,.T.);
#441=FACE_OUTER_BOUND('',#716,.T.);
#442=FACE_OUTER_BOUND('',#717,.T.);
#443=FACE_OUTER_BOUND('',#718,.T.);
#444=FACE_OUTER_BOUND('',#719,.T.);
#445=FACE_OUTER_BOUND('',#720,.T.);
#446=FACE_OUTER_BOUND('',#721,.T.);
#447=FACE_OUTER_BOUND('',#722,.T.);
#448=FACE_OUTER_BOUND('',#723,.T.);
#449=FACE_OUTER_BOUND('',#724,.T.);
#450=FACE_OUTER_BOUND('',#725,.T.);
#451=FACE_OUTER_BOUND('',#726,.T.);
#452=FACE_OUTER_BOUND('',#727,.T.);
#453=FACE_OUTER_BOUND('',#728,.T.);
#454=FACE_OUTER_BOUND('',#729,.T.);
#455=FACE_OUTER_BOUND('',#730,.T.);
#456=FACE_OUTER_BOUND('',#731,.T.);
#457=FACE_OUTER_BOUND('',#732,.T.);
#458=FACE_OUTER_BOUND('',#733,.T.);
#459=FACE_OUTER_BOUND('',#735,.T.);
#460=FACE_OUTER_BOUND('',#740,.T.);
#461=FACE_OUTER_BOUND('',#741,.T.);
#462=FACE_OUTER_BOUND('',#742,.T.);
#463=FACE_OUTER_BOUND('',#743,.T.);
#464=FACE_OUTER_BOUND('',#744,.T.);
#465=FACE_OUTER_BOUND('',#745,.T.);
#466=FACE_OUTER_BOUND('',#746,.T.);
#467=FACE_OUTER_BOUND('',#747,.T.);
#468=FACE_OUTER_BOUND('',#748,.T.);
#469=FACE_OUTER_BOUND('',#749,.T.);
#470=FACE_OUTER_BOUND('',#750,.T.);
#471=FACE_OUTER_BOUND('',#751,.T.);
#472=FACE_OUTER_BOUND('',#752,.T.);
#473=FACE_OUTER_BOUND('',#753,.T.);
#474=FACE_OUTER_BOUND('',#754,.T.);
#475=FACE_OUTER_BOUND('',#755,.T.);
#476=FACE_OUTER_BOUND('',#756,.T.);
#477=FACE_OUTER_BOUND('',#757,.T.);
#478=FACE_OUTER_BOUND('',#758,.T.);
#479=FACE_OUTER_BOUND('',#759,.T.);
#480=FACE_OUTER_BOUND('',#760,.T.);
#481=FACE_OUTER_BOUND('',#761,.T.);
#482=FACE_OUTER_BOUND('',#762,.T.);
#483=FACE_OUTER_BOUND('',#763,.T.);
#484=FACE_OUTER_BOUND('',#764,.T.);
#485=FACE_OUTER_BOUND('',#766,.T.);
#486=FACE_OUTER_BOUND('',#767,.T.);
#487=FACE_OUTER_BOUND('',#768,.T.);
#488=FACE_OUTER_BOUND('',#769,.T.);
#489=FACE_OUTER_BOUND('',#770,.T.);
#490=FACE_OUTER_BOUND('',#771,.T.);
#491=FACE_OUTER_BOUND('',#772,.T.);
#492=FACE_OUTER_BOUND('',#773,.T.);
#493=FACE_OUTER_BOUND('',#774,.T.);
#494=FACE_OUTER_BOUND('',#775,.T.);
#495=FACE_OUTER_BOUND('',#776,.T.);
#496=FACE_OUTER_BOUND('',#777,.T.);
#497=FACE_OUTER_BOUND('',#778,.T.);
#498=FACE_OUTER_BOUND('',#779,.T.);
#499=FACE_OUTER_BOUND('',#780,.T.);
#500=FACE_OUTER_BOUND('',#781,.T.);
#501=FACE_OUTER_BOUND('',#782,.T.);
#502=FACE_OUTER_BOUND('',#783,.T.);
#503=FACE_OUTER_BOUND('',#784,.T.);
#504=FACE_OUTER_BOUND('',#785,.T.);
#505=FACE_OUTER_BOUND('',#786,.T.);
#506=FACE_OUTER_BOUND('',#787,.T.);
#507=FACE_OUTER_BOUND('',#788,.T.);
#508=FACE_OUTER_BOUND('',#789,.T.);
#509=FACE_OUTER_BOUND('',#790,.T.);
#510=FACE_OUTER_BOUND('',#791,.T.);
#511=FACE_OUTER_BOUND('',#792,.T.);
#512=FACE_OUTER_BOUND('',#793,.T.);
#513=FACE_OUTER_BOUND('',#794,.T.);
#514=FACE_OUTER_BOUND('',#795,.T.);
#515=FACE_OUTER_BOUND('',#796,.T.);
#516=FACE_OUTER_BOUND('',#797,.T.);
#517=FACE_OUTER_BOUND('',#798,.T.);
#518=FACE_OUTER_BOUND('',#799,.T.);
#519=FACE_OUTER_BOUND('',#800,.T.);
#520=FACE_OUTER_BOUND('',#801,.T.);
#521=FACE_OUTER_BOUND('',#802,.T.);
#522=FACE_OUTER_BOUND('',#803,.T.);
#523=FACE_OUTER_BOUND('',#804,.T.);
#524=FACE_OUTER_BOUND('',#805,.T.);
#525=FACE_OUTER_BOUND('',#806,.T.);
#526=FACE_OUTER_BOUND('',#807,.T.);
#527=FACE_OUTER_BOUND('',#808,.T.);
#528=FACE_OUTER_BOUND('',#809,.T.);
#529=FACE_OUTER_BOUND('',#811,.T.);
#530=FACE_OUTER_BOUND('',#816,.T.);
#531=FACE_OUTER_BOUND('',#817,.T.);
#532=FACE_OUTER_BOUND('',#818,.T.);
#533=FACE_OUTER_BOUND('',#819,.T.);
#534=FACE_OUTER_BOUND('',#820,.T.);
#535=FACE_OUTER_BOUND('',#821,.T.);
#536=FACE_OUTER_BOUND('',#822,.T.);
#537=FACE_OUTER_BOUND('',#823,.T.);
#538=FACE_OUTER_BOUND('',#824,.T.);
#539=FACE_OUTER_BOUND('',#825,.T.);
#540=FACE_OUTER_BOUND('',#826,.T.);
#541=FACE_OUTER_BOUND('',#827,.T.);
#542=FACE_OUTER_BOUND('',#828,.T.);
#543=FACE_OUTER_BOUND('',#829,.T.);
#544=FACE_OUTER_BOUND('',#830,.T.);
#545=FACE_OUTER_BOUND('',#831,.T.);
#546=FACE_OUTER_BOUND('',#832,.T.);
#547=FACE_OUTER_BOUND('',#833,.T.);
#548=FACE_OUTER_BOUND('',#834,.T.);
#549=FACE_OUTER_BOUND('',#835,.T.);
#550=FACE_OUTER_BOUND('',#836,.T.);
#551=FACE_OUTER_BOUND('',#837,.T.);
#552=FACE_OUTER_BOUND('',#838,.T.);
#553=FACE_OUTER_BOUND('',#839,.T.);
#554=FACE_OUTER_BOUND('',#840,.T.);
#555=FACE_OUTER_BOUND('',#842,.T.);
#556=FACE_OUTER_BOUND('',#843,.T.);
#557=FACE_OUTER_BOUND('',#844,.T.);
#558=FACE_OUTER_BOUND('',#845,.T.);
#559=FACE_OUTER_BOUND('',#846,.T.);
#560=FACE_OUTER_BOUND('',#847,.T.);
#561=FACE_OUTER_BOUND('',#848,.T.);
#562=FACE_OUTER_BOUND('',#849,.T.);
#563=FACE_OUTER_BOUND('',#850,.T.);
#564=FACE_OUTER_BOUND('',#851,.T.);
#565=FACE_OUTER_BOUND('',#852,.T.);
#566=FACE_OUTER_BOUND('',#853,.T.);
#567=FACE_OUTER_BOUND('',#854,.T.);
#568=FACE_OUTER_BOUND('',#855,.T.);
#569=FACE_OUTER_BOUND('',#856,.T.);
#570=FACE_OUTER_BOUND('',#857,.T.);
#571=FACE_OUTER_BOUND('',#858,.T.);
#572=FACE_OUTER_BOUND('',#859,.T.);
#573=FACE_OUTER_BOUND('',#860,.T.);
#574=FACE_OUTER_BOUND('',#861,.T.);
#575=FACE_OUTER_BOUND('',#862,.T.);
#576=FACE_OUTER_BOUND('',#863,.T.);
#577=FACE_OUTER_BOUND('',#864,.T.);
#578=FACE_OUTER_BOUND('',#865,.T.);
#579=FACE_OUTER_BOUND('',#866,.T.);
#580=FACE_OUTER_BOUND('',#867,.T.);
#581=FACE_OUTER_BOUND('',#868,.T.);
#582=FACE_OUTER_BOUND('',#869,.T.);
#583=FACE_OUTER_BOUND('',#870,.T.);
#584=FACE_OUTER_BOUND('',#871,.T.);
#585=FACE_OUTER_BOUND('',#872,.T.);
#586=FACE_OUTER_BOUND('',#873,.T.);
#587=FACE_OUTER_BOUND('',#874,.T.);
#588=FACE_OUTER_BOUND('',#875,.T.);
#589=FACE_OUTER_BOUND('',#876,.T.);
#590=FACE_OUTER_BOUND('',#877,.T.);
#591=FACE_OUTER_BOUND('',#878,.T.);
#592=FACE_OUTER_BOUND('',#879,.T.);
#593=FACE_OUTER_BOUND('',#880,.T.);
#594=FACE_OUTER_BOUND('',#882,.T.);
#595=FACE_OUTER_BOUND('',#883,.T.);
#596=FACE_OUTER_BOUND('',#884,.T.);
#597=FACE_OUTER_BOUND('',#885,.T.);
#598=FACE_OUTER_BOUND('',#886,.T.);
#599=FACE_OUTER_BOUND('',#887,.T.);
#600=FACE_OUTER_BOUND('',#888,.T.);
#601=FACE_OUTER_BOUND('',#889,.T.);
#602=FACE_OUTER_BOUND('',#890,.T.);
#603=FACE_OUTER_BOUND('',#891,.T.);
#604=FACE_OUTER_BOUND('',#893,.T.);
#605=FACE_OUTER_BOUND('',#894,.T.);
#606=FACE_OUTER_BOUND('',#896,.T.);
#607=FACE_OUTER_BOUND('',#898,.T.);
#608=FACE_OUTER_BOUND('',#900,.T.);
#609=FACE_OUTER_BOUND('',#902,.T.);
#610=FACE_OUTER_BOUND('',#903,.T.);
#611=FACE_OUTER_BOUND('',#904,.T.);
#612=FACE_OUTER_BOUND('',#905,.T.);
#613=FACE_OUTER_BOUND('',#906,.T.);
#614=FACE_OUTER_BOUND('',#907,.T.);
#615=FACE_OUTER_BOUND('',#908,.T.);
#616=FACE_OUTER_BOUND('',#909,.T.);
#617=FACE_OUTER_BOUND('',#910,.T.);
#618=FACE_OUTER_BOUND('',#911,.T.);
#619=FACE_OUTER_BOUND('',#912,.T.);
#620=FACE_OUTER_BOUND('',#913,.T.);
#621=FACE_OUTER_BOUND('',#914,.T.);
#622=FACE_OUTER_BOUND('',#915,.T.);
#623=FACE_OUTER_BOUND('',#917,.T.);
#624=FACE_OUTER_BOUND('',#918,.T.);
#625=FACE_OUTER_BOUND('',#920,.T.);
#626=FACE_OUTER_BOUND('',#922,.T.);
#627=FACE_OUTER_BOUND('',#923,.T.);
#628=FACE_OUTER_BOUND('',#924,.T.);
#629=FACE_OUTER_BOUND('',#925,.T.);
#630=FACE_OUTER_BOUND('',#926,.T.);
#631=FACE_OUTER_BOUND('',#927,.T.);
#632=FACE_OUTER_BOUND('',#930,.T.);
#633=FACE_OUTER_BOUND('',#931,.T.);
#634=FACE_OUTER_BOUND('',#932,.T.);
#635=FACE_OUTER_BOUND('',#933,.T.);
#636=FACE_OUTER_BOUND('',#934,.T.);
#637=FACE_OUTER_BOUND('',#935,.T.);
#638=FACE_OUTER_BOUND('',#936,.T.);
#639=FACE_OUTER_BOUND('',#937,.T.);
#640=FACE_OUTER_BOUND('',#938,.T.);
#641=FACE_OUTER_BOUND('',#939,.T.);
#642=FACE_OUTER_BOUND('',#940,.T.);
#643=FACE_OUTER_BOUND('',#941,.T.);
#644=FACE_OUTER_BOUND('',#942,.T.);
#645=FACE_OUTER_BOUND('',#943,.T.);
#646=FACE_OUTER_BOUND('',#944,.T.);
#647=FACE_OUTER_BOUND('',#945,.T.);
#648=FACE_OUTER_BOUND('',#946,.T.);
#649=FACE_OUTER_BOUND('',#947,.T.);
#650=FACE_OUTER_BOUND('',#948,.T.);
#651=FACE_OUTER_BOUND('',#949,.T.);
#652=FACE_OUTER_BOUND('',#950,.T.);
#653=FACE_OUTER_BOUND('',#951,.T.);
#654=FACE_OUTER_BOUND('',#952,.T.);
#655=FACE_OUTER_BOUND('',#953,.T.);
#656=FACE_OUTER_BOUND('',#954,.T.);
#657=FACE_OUTER_BOUND('',#955,.T.);
#658=FACE_OUTER_BOUND('',#956,.T.);
#659=FACE_OUTER_BOUND('',#957,.T.);
#660=FACE_OUTER_BOUND('',#958,.T.);
#661=FACE_OUTER_BOUND('',#959,.T.);
#662=FACE_OUTER_BOUND('',#960,.T.);
#663=FACE_OUTER_BOUND('',#961,.T.);
#664=FACE_OUTER_BOUND('',#962,.T.);
#665=FACE_OUTER_BOUND('',#963,.T.);
#666=FACE_OUTER_BOUND('',#964,.T.);
#667=FACE_OUTER_BOUND('',#965,.T.);
#668=FACE_OUTER_BOUND('',#966,.T.);
#669=FACE_OUTER_BOUND('',#967,.T.);
#670=FACE_OUTER_BOUND('',#968,.T.);
#671=FACE_OUTER_BOUND('',#969,.T.);
#672=FACE_OUTER_BOUND('',#970,.T.);
#673=FACE_OUTER_BOUND('',#971,.T.);
#674=FACE_OUTER_BOUND('',#972,.T.);
#675=FACE_OUTER_BOUND('',#973,.T.);
#676=FACE_OUTER_BOUND('',#974,.T.);
#677=FACE_OUTER_BOUND('',#975,.T.);
#678=FACE_OUTER_BOUND('',#976,.T.);
#679=FACE_OUTER_BOUND('',#977,.T.);
#680=FACE_OUTER_BOUND('',#978,.T.);
#681=FACE_OUTER_BOUND('',#979,.T.);
#682=FACE_OUTER_BOUND('',#980,.T.);
#683=FACE_OUTER_BOUND('',#981,.T.);
#684=FACE_OUTER_BOUND('',#982,.T.);
#685=FACE_OUTER_BOUND('',#983,.T.);
#686=FACE_OUTER_BOUND('',#984,.T.);
#687=FACE_OUTER_BOUND('',#985,.T.);
#688=FACE_OUTER_BOUND('',#986,.T.);
#689=FACE_OUTER_BOUND('',#987,.T.);
#690=FACE_OUTER_BOUND('',#988,.T.);
#691=FACE_OUTER_BOUND('',#989,.T.);
#692=FACE_OUTER_BOUND('',#990,.T.);
#693=FACE_OUTER_BOUND('',#991,.T.);
#694=FACE_OUTER_BOUND('',#992,.T.);
#695=FACE_OUTER_BOUND('',#993,.T.);
#696=FACE_OUTER_BOUND('',#994,.T.);
#697=FACE_OUTER_BOUND('',#995,.T.);
#698=EDGE_LOOP('',(#3123,#3124,#3125,#3126));
#699=EDGE_LOOP('',(#3127,#3128,#3129,#3130));
#700=EDGE_LOOP('',(#3131,#3132,#3133,#3134));
#701=EDGE_LOOP('',(#3135,#3136,#3137,#3138));
#702=EDGE_LOOP('',(#3139,#3140,#3141,#3142));
#703=EDGE_LOOP('',(#3143,#3144,#3145,#3146));
#704=EDGE_LOOP('',(#3147,#3148,#3149,#3150));
#705=EDGE_LOOP('',(#3151,#3152,#3153,#3154));
#706=EDGE_LOOP('',(#3155,#3156,#3157,#3158));
#707=EDGE_LOOP('',(#3159,#3160,#3161,#3162));
#708=EDGE_LOOP('',(#3163,#3164,#3165,#3166));
#709=EDGE_LOOP('',(#3167,#3168,#3169,#3170));
#710=EDGE_LOOP('',(#3171,#3172,#3173,#3174));
#711=EDGE_LOOP('',(#3175,#3176,#3177,#3178));
#712=EDGE_LOOP('',(#3179,#3180,#3181,#3182,#3183,#3184,#3185,#3186,#3187,
#3188,#3189,#3190));
#713=EDGE_LOOP('',(#3191,#3192,#3193,#3194));
#714=EDGE_LOOP('',(#3195,#3196,#3197,#3198));
#715=EDGE_LOOP('',(#3199,#3200,#3201,#3202));
#716=EDGE_LOOP('',(#3203,#3204,#3205,#3206));
#717=EDGE_LOOP('',(#3207,#3208,#3209,#3210));
#718=EDGE_LOOP('',(#3211,#3212,#3213,#3214));
#719=EDGE_LOOP('',(#3215,#3216,#3217,#3218));
#720=EDGE_LOOP('',(#3219,#3220,#3221,#3222));
#721=EDGE_LOOP('',(#3223,#3224,#3225,#3226));
#722=EDGE_LOOP('',(#3227,#3228,#3229,#3230));
#723=EDGE_LOOP('',(#3231,#3232,#3233,#3234));
#724=EDGE_LOOP('',(#3235,#3236,#3237,#3238));
#725=EDGE_LOOP('',(#3239,#3240,#3241,#3242));
#726=EDGE_LOOP('',(#3243,#3244,#3245,#3246));
#727=EDGE_LOOP('',(#3247,#3248,#3249,#3250));
#728=EDGE_LOOP('',(#3251,#3252,#3253,#3254));
#729=EDGE_LOOP('',(#3255,#3256,#3257,#3258));
#730=EDGE_LOOP('',(#3259,#3260,#3261,#3262));
#731=EDGE_LOOP('',(#3263,#3264,#3265,#3266));
#732=EDGE_LOOP('',(#3267,#3268,#3269,#3270));
#733=EDGE_LOOP('',(#3271,#3272,#3273,#3274,#3275,#3276,#3277,#3278));
#734=EDGE_LOOP('',(#3279,#3280,#3281,#3282,#3283,#3284,#3285,#3286,#3287,
#3288,#3289,#3290));
#735=EDGE_LOOP('',(#3291,#3292,#3293,#3294));
#736=EDGE_LOOP('',(#3295,#3296,#3297,#3298,#3299,#3300,#3301,#3302,#3303,
#3304,#3305,#3306));
#737=EDGE_LOOP('',(#3307,#3308,#3309,#3310,#3311,#3312,#3313,#3314,#3315,
#3316,#3317,#3318,#3319,#3320,#3321,#3322));
#738=EDGE_LOOP('',(#3323,#3324,#3325,#3326,#3327,#3328,#3329,#3330));
#739=EDGE_LOOP('',(#3331,#3332,#3333,#3334,#3335,#3336,#3337,#3338));
#740=EDGE_LOOP('',(#3339,#3340,#3341,#3342));
#741=EDGE_LOOP('',(#3343,#3344,#3345,#3346));
#742=EDGE_LOOP('',(#3347,#3348,#3349,#3350));
#743=EDGE_LOOP('',(#3351,#3352,#3353,#3354));
#744=EDGE_LOOP('',(#3355,#3356,#3357,#3358));
#745=EDGE_LOOP('',(#3359,#3360,#3361,#3362));
#746=EDGE_LOOP('',(#3363,#3364,#3365,#3366));
#747=EDGE_LOOP('',(#3367,#3368,#3369,#3370));
#748=EDGE_LOOP('',(#3371,#3372,#3373,#3374));
#749=EDGE_LOOP('',(#3375,#3376,#3377,#3378));
#750=EDGE_LOOP('',(#3379,#3380,#3381,#3382));
#751=EDGE_LOOP('',(#3383,#3384,#3385,#3386));
#752=EDGE_LOOP('',(#3387,#3388,#3389,#3390));
#753=EDGE_LOOP('',(#3391,#3392,#3393,#3394));
#754=EDGE_LOOP('',(#3395,#3396,#3397,#3398));
#755=EDGE_LOOP('',(#3399,#3400,#3401,#3402));
#756=EDGE_LOOP('',(#3403,#3404,#3405,#3406));
#757=EDGE_LOOP('',(#3407,#3408,#3409,#3410));
#758=EDGE_LOOP('',(#3411,#3412,#3413,#3414));
#759=EDGE_LOOP('',(#3415,#3416,#3417,#3418));
#760=EDGE_LOOP('',(#3419,#3420,#3421,#3422));
#761=EDGE_LOOP('',(#3423,#3424,#3425,#3426));
#762=EDGE_LOOP('',(#3427,#3428,#3429,#3430));
#763=EDGE_LOOP('',(#3431,#3432,#3433,#3434));
#764=EDGE_LOOP('',(#3435,#3436,#3437,#3438,#3439,#3440,#3441,#3442,#3443,
#3444,#3445,#3446,#3447,#3448,#3449,#3450));
#765=EDGE_LOOP('',(#3451,#3452,#3453,#3454,#3455,#3456,#3457,#3458));
#766=EDGE_LOOP('',(#3459,#3460,#3461,#3462,#3463,#3464,#3465,#3466,#3467,
#3468,#3469,#3470));
#767=EDGE_LOOP('',(#3471,#3472,#3473,#3474));
#768=EDGE_LOOP('',(#3475,#3476,#3477,#3478));
#769=EDGE_LOOP('',(#3479,#3480,#3481,#3482));
#770=EDGE_LOOP('',(#3483,#3484,#3485,#3486));
#771=EDGE_LOOP('',(#3487,#3488,#3489,#3490));
#772=EDGE_LOOP('',(#3491,#3492,#3493,#3494));
#773=EDGE_LOOP('',(#3495,#3496,#3497,#3498));
#774=EDGE_LOOP('',(#3499,#3500,#3501,#3502));
#775=EDGE_LOOP('',(#3503,#3504,#3505,#3506,#3507,#3508,#3509,#3510));
#776=EDGE_LOOP('',(#3511,#3512,#3513,#3514));
#777=EDGE_LOOP('',(#3515,#3516,#3517,#3518));
#778=EDGE_LOOP('',(#3519,#3520,#3521,#3522));
#779=EDGE_LOOP('',(#3523,#3524,#3525,#3526));
#780=EDGE_LOOP('',(#3527,#3528,#3529,#3530));
#781=EDGE_LOOP('',(#3531,#3532,#3533,#3534));
#782=EDGE_LOOP('',(#3535,#3536,#3537,#3538));
#783=EDGE_LOOP('',(#3539,#3540,#3541,#3542));
#784=EDGE_LOOP('',(#3543,#3544,#3545,#3546));
#785=EDGE_LOOP('',(#3547,#3548,#3549,#3550));
#786=EDGE_LOOP('',(#3551,#3552,#3553,#3554));
#787=EDGE_LOOP('',(#3555,#3556,#3557,#3558));
#788=EDGE_LOOP('',(#3559,#3560,#3561,#3562,#3563,#3564,#3565,#3566,#3567,
#3568,#3569,#3570));
#789=EDGE_LOOP('',(#3571,#3572,#3573,#3574));
#790=EDGE_LOOP('',(#3575,#3576,#3577,#3578));
#791=EDGE_LOOP('',(#3579,#3580,#3581,#3582));
#792=EDGE_LOOP('',(#3583,#3584,#3585,#3586));
#793=EDGE_LOOP('',(#3587,#3588,#3589,#3590));
#794=EDGE_LOOP('',(#3591,#3592,#3593,#3594));
#795=EDGE_LOOP('',(#3595,#3596,#3597,#3598));
#796=EDGE_LOOP('',(#3599,#3600,#3601,#3602));
#797=EDGE_LOOP('',(#3603,#3604,#3605,#3606));
#798=EDGE_LOOP('',(#3607,#3608,#3609,#3610));
#799=EDGE_LOOP('',(#3611,#3612,#3613,#3614));
#800=EDGE_LOOP('',(#3615,#3616,#3617,#3618));
#801=EDGE_LOOP('',(#3619,#3620,#3621,#3622));
#802=EDGE_LOOP('',(#3623,#3624,#3625,#3626));
#803=EDGE_LOOP('',(#3627,#3628,#3629,#3630));
#804=EDGE_LOOP('',(#3631,#3632,#3633,#3634));
#805=EDGE_LOOP('',(#3635,#3636,#3637,#3638));
#806=EDGE_LOOP('',(#3639,#3640,#3641,#3642));
#807=EDGE_LOOP('',(#3643,#3644,#3645,#3646));
#808=EDGE_LOOP('',(#3647,#3648,#3649,#3650));
#809=EDGE_LOOP('',(#3651,#3652,#3653,#3654,#3655,#3656,#3657,#3658));
#810=EDGE_LOOP('',(#3659,#3660,#3661,#3662,#3663,#3664,#3665,#3666,#3667,
#3668,#3669,#3670));
#811=EDGE_LOOP('',(#3671,#3672,#3673,#3674));
#812=EDGE_LOOP('',(#3675,#3676,#3677,#3678,#3679,#3680,#3681,#3682,#3683,
#3684,#3685,#3686));
#813=EDGE_LOOP('',(#3687,#3688,#3689,#3690,#3691,#3692,#3693,#3694,#3695,
#3696,#3697,#3698,#3699,#3700,#3701,#3702));
#814=EDGE_LOOP('',(#3703,#3704,#3705,#3706,#3707,#3708,#3709,#3710));
#815=EDGE_LOOP('',(#3711,#3712,#3713,#3714,#3715,#3716,#3717,#3718));
#816=EDGE_LOOP('',(#3719,#3720,#3721,#3722));
#817=EDGE_LOOP('',(#3723,#3724,#3725,#3726));
#818=EDGE_LOOP('',(#3727,#3728,#3729,#3730));
#819=EDGE_LOOP('',(#3731,#3732,#3733,#3734));
#820=EDGE_LOOP('',(#3735,#3736,#3737,#3738));
#821=EDGE_LOOP('',(#3739,#3740,#3741,#3742));
#822=EDGE_LOOP('',(#3743,#3744,#3745,#3746));
#823=EDGE_LOOP('',(#3747,#3748,#3749,#3750));
#824=EDGE_LOOP('',(#3751,#3752,#3753,#3754));
#825=EDGE_LOOP('',(#3755,#3756,#3757,#3758));
#826=EDGE_LOOP('',(#3759,#3760,#3761,#3762));
#827=EDGE_LOOP('',(#3763,#3764,#3765,#3766));
#828=EDGE_LOOP('',(#3767,#3768,#3769,#3770));
#829=EDGE_LOOP('',(#3771,#3772,#3773,#3774));
#830=EDGE_LOOP('',(#3775,#3776,#3777,#3778));
#831=EDGE_LOOP('',(#3779,#3780,#3781,#3782));
#832=EDGE_LOOP('',(#3783,#3784,#3785,#3786));
#833=EDGE_LOOP('',(#3787,#3788,#3789,#3790));
#834=EDGE_LOOP('',(#3791,#3792,#3793,#3794));
#835=EDGE_LOOP('',(#3795,#3796,#3797,#3798));
#836=EDGE_LOOP('',(#3799,#3800,#3801,#3802));
#837=EDGE_LOOP('',(#3803,#3804,#3805,#3806));
#838=EDGE_LOOP('',(#3807,#3808,#3809,#3810));
#839=EDGE_LOOP('',(#3811,#3812,#3813,#3814));
#840=EDGE_LOOP('',(#3815,#3816,#3817,#3818,#3819,#3820,#3821,#3822,#3823,
#3824,#3825,#3826,#3827,#3828,#3829,#3830));
#841=EDGE_LOOP('',(#3831,#3832,#3833,#3834,#3835,#3836,#3837,#3838));
#842=EDGE_LOOP('',(#3839,#3840,#3841,#3842,#3843,#3844,#3845,#3846,#3847,
#3848,#3849,#3850));
#843=EDGE_LOOP('',(#3851,#3852,#3853,#3854));
#844=EDGE_LOOP('',(#3855,#3856,#3857,#3858));
#845=EDGE_LOOP('',(#3859,#3860,#3861,#3862));
#846=EDGE_LOOP('',(#3863,#3864,#3865,#3866));
#847=EDGE_LOOP('',(#3867,#3868,#3869,#3870));
#848=EDGE_LOOP('',(#3871,#3872,#3873,#3874));
#849=EDGE_LOOP('',(#3875,#3876,#3877,#3878));
#850=EDGE_LOOP('',(#3879,#3880,#3881,#3882));
#851=EDGE_LOOP('',(#3883,#3884,#3885,#3886,#3887,#3888,#3889,#3890));
#852=EDGE_LOOP('',(#3891,#3892,#3893,#3894));
#853=EDGE_LOOP('',(#3895,#3896,#3897,#3898));
#854=EDGE_LOOP('',(#3899,#3900,#3901,#3902));
#855=EDGE_LOOP('',(#3903,#3904,#3905,#3906));
#856=EDGE_LOOP('',(#3907,#3908,#3909,#3910,#3911,#3912,#3913,#3914));
#857=EDGE_LOOP('',(#3915,#3916,#3917,#3918));
#858=EDGE_LOOP('',(#3919,#3920,#3921,#3922));
#859=EDGE_LOOP('',(#3923,#3924,#3925,#3926));
#860=EDGE_LOOP('',(#3927,#3928,#3929,#3930));
#861=EDGE_LOOP('',(#3931,#3932,#3933,#3934,#3935,#3936,#3937,#3938));
#862=EDGE_LOOP('',(#3939,#3940,#3941,#3942));
#863=EDGE_LOOP('',(#3943,#3944,#3945,#3946));
#864=EDGE_LOOP('',(#3947,#3948,#3949,#3950));
#865=EDGE_LOOP('',(#3951,#3952,#3953,#3954));
#866=EDGE_LOOP('',(#3955,#3956,#3957,#3958));
#867=EDGE_LOOP('',(#3959,#3960,#3961,#3962));
#868=EDGE_LOOP('',(#3963,#3964,#3965,#3966));
#869=EDGE_LOOP('',(#3967,#3968,#3969,#3970));
#870=EDGE_LOOP('',(#3971,#3972,#3973,#3974));
#871=EDGE_LOOP('',(#3975,#3976,#3977,#3978));
#872=EDGE_LOOP('',(#3979,#3980,#3981,#3982));
#873=EDGE_LOOP('',(#3983,#3984,#3985,#3986));
#874=EDGE_LOOP('',(#3987,#3988,#3989,#3990));
#875=EDGE_LOOP('',(#3991,#3992,#3993,#3994));
#876=EDGE_LOOP('',(#3995,#3996,#3997,#3998));
#877=EDGE_LOOP('',(#3999,#4000,#4001,#4002));
#878=EDGE_LOOP('',(#4003,#4004,#4005,#4006));
#879=EDGE_LOOP('',(#4007,#4008,#4009,#4010,#4011,#4012,#4013,#4014,#4015,
#4016,#4017,#4018));
#880=EDGE_LOOP('',(#4019,#4020,#4021,#4022,#4023,#4024));
#881=EDGE_LOOP('',(#4025,#4026,#4027,#4028,#4029,#4030));
#882=EDGE_LOOP('',(#4031,#4032,#4033,#4034));
#883=EDGE_LOOP('',(#4035,#4036,#4037,#4038));
#884=EDGE_LOOP('',(#4039,#4040,#4041,#4042));
#885=EDGE_LOOP('',(#4043,#4044,#4045,#4046));
#886=EDGE_LOOP('',(#4047,#4048,#4049,#4050));
#887=EDGE_LOOP('',(#4051,#4052,#4053,#4054,#4055,#4056,#4057,#4058));
#888=EDGE_LOOP('',(#4059,#4060,#4061,#4062));
#889=EDGE_LOOP('',(#4063,#4064,#4065,#4066));
#890=EDGE_LOOP('',(#4067,#4068,#4069,#4070));
#891=EDGE_LOOP('',(#4071,#4072,#4073,#4074));
#892=EDGE_LOOP('',(#4075,#4076,#4077,#4078));
#893=EDGE_LOOP('',(#4079,#4080,#4081,#4082));
#894=EDGE_LOOP('',(#4083,#4084,#4085,#4086));
#895=EDGE_LOOP('',(#4087,#4088,#4089,#4090));
#896=EDGE_LOOP('',(#4091,#4092,#4093,#4094));
#897=EDGE_LOOP('',(#4095,#4096,#4097,#4098,#4099,#4100,#4101,#4102,#4103,
#4104,#4105,#4106));
#898=EDGE_LOOP('',(#4107,#4108,#4109,#4110));
#899=EDGE_LOOP('',(#4111,#4112,#4113,#4114));
#900=EDGE_LOOP('',(#4115,#4116,#4117,#4118,#4119,#4120));
#901=EDGE_LOOP('',(#4121,#4122,#4123,#4124,#4125,#4126,#4127,#4128,#4129,
#4130));
#902=EDGE_LOOP('',(#4131,#4132,#4133,#4134));
#903=EDGE_LOOP('',(#4135,#4136,#4137,#4138));
#904=EDGE_LOOP('',(#4139,#4140,#4141,#4142));
#905=EDGE_LOOP('',(#4143,#4144,#4145,#4146));
#906=EDGE_LOOP('',(#4147,#4148,#4149,#4150));
#907=EDGE_LOOP('',(#4151,#4152,#4153,#4154));
#908=EDGE_LOOP('',(#4155,#4156,#4157,#4158));
#909=EDGE_LOOP('',(#4159));
#910=EDGE_LOOP('',(#4160));
#911=EDGE_LOOP('',(#4161,#4162,#4163,#4164));
#912=EDGE_LOOP('',(#4165));
#913=EDGE_LOOP('',(#4166));
#914=EDGE_LOOP('',(#4167,#4168,#4169,#4170));
#915=EDGE_LOOP('',(#4171));
#916=EDGE_LOOP('',(#4172));
#917=EDGE_LOOP('',(#4173,#4174,#4175,#4176));
#918=EDGE_LOOP('',(#4177));
#919=EDGE_LOOP('',(#4178));
#920=EDGE_LOOP('',(#4179,#4180,#4181,#4182,#4183,#4184,#4185,#4186,#4187,
#4188,#4189,#4190));
#921=EDGE_LOOP('',(#4191));
#922=EDGE_LOOP('',(#4192,#4193,#4194,#4195));
#923=EDGE_LOOP('',(#4196,#4197,#4198,#4199));
#924=EDGE_LOOP('',(#4200,#4201,#4202,#4203));
#925=EDGE_LOOP('',(#4204,#4205,#4206,#4207));
#926=EDGE_LOOP('',(#4208,#4209,#4210,#4211,#4212,#4213,#4214,#4215));
#927=EDGE_LOOP('',(#4216,#4217,#4218,#4219,#4220,#4221,#4222,#4223,#4224,
#4225,#4226,#4227,#4228,#4229));
#928=EDGE_LOOP('',(#4230));
#929=EDGE_LOOP('',(#4231));
#930=EDGE_LOOP('',(#4232,#4233,#4234,#4235));
#931=EDGE_LOOP('',(#4236,#4237,#4238,#4239));
#932=EDGE_LOOP('',(#4240,#4241,#4242,#4243));
#933=EDGE_LOOP('',(#4244,#4245,#4246,#4247));
#934=EDGE_LOOP('',(#4248,#4249,#4250,#4251));
#935=EDGE_LOOP('',(#4252,#4253,#4254,#4255));
#936=EDGE_LOOP('',(#4256,#4257,#4258,#4259));
#937=EDGE_LOOP('',(#4260,#4261,#4262,#4263));
#938=EDGE_LOOP('',(#4264,#4265,#4266,#4267,#4268,#4269,#4270));
#939=EDGE_LOOP('',(#4271,#4272,#4273,#4274));
#940=EDGE_LOOP('',(#4275,#4276,#4277,#4278));
#941=EDGE_LOOP('',(#4279));
#942=EDGE_LOOP('',(#4280,#4281,#4282,#4283));
#943=EDGE_LOOP('',(#4284,#4285,#4286,#4287,#4288));
#944=EDGE_LOOP('',(#4289,#4290,#4291,#4292));
#945=EDGE_LOOP('',(#4293,#4294,#4295,#4296));
#946=EDGE_LOOP('',(#4297,#4298,#4299,#4300));
#947=EDGE_LOOP('',(#4301,#4302,#4303,#4304));
#948=EDGE_LOOP('',(#4305,#4306,#4307,#4308,#4309));
#949=EDGE_LOOP('',(#4310,#4311,#4312,#4313,#4314));
#950=EDGE_LOOP('',(#4315,#4316,#4317,#4318,#4319,#4320,#4321,#4322,#4323,
#4324,#4325,#4326,#4327,#4328,#4329,#4330));
#951=EDGE_LOOP('',(#4331,#4332,#4333,#4334,#4335));
#952=EDGE_LOOP('',(#4336,#4337,#4338,#4339,#4340));
#953=EDGE_LOOP('',(#4341,#4342,#4343,#4344));
#954=EDGE_LOOP('',(#4345,#4346,#4347,#4348,#4349));
#955=EDGE_LOOP('',(#4350,#4351,#4352,#4353));
#956=EDGE_LOOP('',(#4354,#4355,#4356,#4357,#4358));
#957=EDGE_LOOP('',(#4359,#4360,#4361,#4362));
#958=EDGE_LOOP('',(#4363,#4364,#4365,#4366,#4367,#4368,#4369,#4370,#4371,
#4372,#4373,#4374,#4375,#4376,#4377,#4378,#4379,#4380,#4381,#4382));
#959=EDGE_LOOP('',(#4383,#4384,#4385,#4386));
#960=EDGE_LOOP('',(#4387,#4388,#4389,#4390));
#961=EDGE_LOOP('',(#4391,#4392,#4393,#4394,#4395));
#962=EDGE_LOOP('',(#4396,#4397,#4398,#4399));
#963=EDGE_LOOP('',(#4400,#4401,#4402,#4403,#4404));
#964=EDGE_LOOP('',(#4405,#4406,#4407,#4408));
#965=EDGE_LOOP('',(#4409,#4410,#4411,#4412));
#966=EDGE_LOOP('',(#4413,#4414,#4415,#4416));
#967=EDGE_LOOP('',(#4417,#4418,#4419,#4420));
#968=EDGE_LOOP('',(#4421,#4422,#4423,#4424,#4425));
#969=EDGE_LOOP('',(#4426,#4427,#4428,#4429,#4430));
#970=EDGE_LOOP('',(#4431,#4432,#4433,#4434,#4435,#4436,#4437,#4438,#4439,
#4440,#4441,#4442,#4443,#4444,#4445,#4446));
#971=EDGE_LOOP('',(#4447,#4448,#4449,#4450,#4451));
#972=EDGE_LOOP('',(#4452,#4453,#4454,#4455));
#973=EDGE_LOOP('',(#4456,#4457,#4458,#4459,#4460));
#974=EDGE_LOOP('',(#4461,#4462,#4463,#4464));
#975=EDGE_LOOP('',(#4465));
#976=EDGE_LOOP('',(#4466,#4467,#4468,#4469,#4470));
#977=EDGE_LOOP('',(#4471,#4472,#4473,#4474));
#978=EDGE_LOOP('',(#4475,#4476,#4477,#4478,#4479));
#979=EDGE_LOOP('',(#4480,#4481,#4482,#4483,#4484));
#980=EDGE_LOOP('',(#4485,#4486,#4487,#4488));
#981=EDGE_LOOP('',(#4489,#4490,#4491,#4492));
#982=EDGE_LOOP('',(#4493,#4494,#4495,#4496,#4497,#4498,#4499,#4500,#4501,
#4502,#4503,#4504,#4505,#4506,#4507,#4508,#4509,#4510,#4511,#4512));
#983=EDGE_LOOP('',(#4513,#4514,#4515,#4516));
#984=EDGE_LOOP('',(#4517,#4518,#4519,#4520,#4521));
#985=EDGE_LOOP('',(#4522,#4523,#4524,#4525));
#986=EDGE_LOOP('',(#4526,#4527,#4528,#4529,#4530));
#987=EDGE_LOOP('',(#4531,#4532,#4533,#4534));
#988=EDGE_LOOP('',(#4535));
#989=EDGE_LOOP('',(#4536));
#990=EDGE_LOOP('',(#4537,#4538,#4539,#4540));
#991=EDGE_LOOP('',(#4541,#4542,#4543,#4544));
#992=EDGE_LOOP('',(#4545,#4546,#4547,#4548));
#993=EDGE_LOOP('',(#4549,#4550,#4551,#4552));
#994=EDGE_LOOP('',(#4553,#4554,#4555,#4556));
#995=EDGE_LOOP('',(#4557,#4558,#4559,#4560));
#996=LINE('',#6254,#1461);
#997=LINE('',#6256,#1462);
#998=LINE('',#6258,#1463);
#999=LINE('',#6259,#1464);
#1000=LINE('',#6262,#1465);
#1001=LINE('',#6264,#1466);
#1002=LINE('',#6265,#1467);
#1003=LINE('',#6269,#1468);
#1004=LINE('',#6271,#1469);
#1005=LINE('',#6273,#1470);
#1006=LINE('',#6274,#1471);
#1007=LINE('',#6277,#1472);
#1008=LINE('',#6279,#1473);
#1009=LINE('',#6280,#1474);
#1010=LINE('',#6283,#1475);
#1011=LINE('',#6285,#1476);
#1012=LINE('',#6286,#1477);
#1013=LINE('',#6289,#1478);
#1014=LINE('',#6291,#1479);
#1015=LINE('',#6292,#1480);
#1016=LINE('',#6295,#1481);
#1017=LINE('',#6297,#1482);
#1018=LINE('',#6298,#1483);
#1019=LINE('',#6301,#1484);
#1020=LINE('',#6303,#1485);
#1021=LINE('',#6304,#1486);
#1022=LINE('',#6307,#1487);
#1023=LINE('',#6309,#1488);
#1024=LINE('',#6310,#1489);
#1025=LINE('',#6313,#1490);
#1026=LINE('',#6315,#1491);
#1027=LINE('',#6316,#1492);
#1028=LINE('',#6319,#1493);
#1029=LINE('',#6321,#1494);
#1030=LINE('',#6322,#1495);
#1031=LINE('',#6325,#1496);
#1032=LINE('',#6327,#1497);
#1033=LINE('',#6328,#1498);
#1034=LINE('',#6331,#1499);
#1035=LINE('',#6333,#1500);
#1036=LINE('',#6334,#1501);
#1037=LINE('',#6336,#1502);
#1038=LINE('',#6337,#1503);
#1039=LINE('',#6357,#1504);
#1040=LINE('',#6364,#1505);
#1041=LINE('',#6387,#1506);
#1042=LINE('',#6410,#1507);
#1043=LINE('',#6433,#1508);
#1044=LINE('',#6456,#1509);
#1045=LINE('',#6479,#1510);
#1046=LINE('',#6502,#1511);
#1047=LINE('',#6525,#1512);
#1048=LINE('',#6548,#1513);
#1049=LINE('',#6571,#1514);
#1050=LINE('',#6594,#1515);
#1051=LINE('',#6633,#1516);
#1052=LINE('',#6640,#1517);
#1053=LINE('',#6663,#1518);
#1054=LINE('',#6686,#1519);
#1055=LINE('',#6709,#1520);
#1056=LINE('',#6732,#1521);
#1057=LINE('',#6755,#1522);
#1058=LINE('',#6778,#1523);
#1059=LINE('',#6803,#1524);
#1060=LINE('',#6805,#1525);
#1061=LINE('',#6807,#1526);
#1062=LINE('',#6808,#1527);
#1063=LINE('',#6811,#1528);
#1064=LINE('',#6903,#1529);
#1065=LINE('',#6905,#1530);
#1066=LINE('',#6907,#1531);
#1067=LINE('',#6909,#1532);
#1068=LINE('',#6911,#1533);
#1069=LINE('',#6913,#1534);
#1070=LINE('',#6915,#1535);
#1071=LINE('',#6916,#1536);
#1072=LINE('',#6935,#1537);
#1073=LINE('',#6942,#1538);
#1074=LINE('',#6965,#1539);
#1075=LINE('',#6988,#1540);
#1076=LINE('',#7011,#1541);
#1077=LINE('',#7034,#1542);
#1078=LINE('',#7057,#1543);
#1079=LINE('',#7080,#1544);
#1080=LINE('',#7103,#1545);
#1081=LINE('',#7105,#1546);
#1082=LINE('',#7106,#1547);
#1083=LINE('',#7123,#1548);
#1084=LINE('',#7140,#1549);
#1085=LINE('',#7157,#1550);
#1086=LINE('',#7174,#1551);
#1087=LINE('',#7191,#1552);
#1088=LINE('',#7208,#1553);
#1089=LINE('',#7225,#1554);
#1090=LINE('',#7242,#1555);
#1091=LINE('',#7259,#1556);
#1092=LINE('',#7276,#1557);
#1093=LINE('',#7293,#1558);
#1094=LINE('',#7310,#1559);
#1095=LINE('',#7327,#1560);
#1096=LINE('',#7344,#1561);
#1097=LINE('',#7364,#1562);
#1098=LINE('',#7366,#1563);
#1099=LINE('',#7367,#1564);
#1100=LINE('',#7370,#1565);
#1101=LINE('',#7371,#1566);
#1102=LINE('',#7374,#1567);
#1103=LINE('',#7375,#1568);
#1104=LINE('',#7378,#1569);
#1105=LINE('',#7379,#1570);
#1106=LINE('',#7382,#1571);
#1107=LINE('',#7383,#1572);
#1108=LINE('',#7386,#1573);
#1109=LINE('',#7387,#1574);
#1110=LINE('',#7390,#1575);
#1111=LINE('',#7391,#1576);
#1112=LINE('',#7393,#1577);
#1113=LINE('',#7398,#1578);
#1114=LINE('',#7400,#1579);
#1115=LINE('',#7402,#1580);
#1116=LINE('',#7403,#1581);
#1117=LINE('',#7406,#1582);
#1118=LINE('',#7408,#1583);
#1119=LINE('',#7409,#1584);
#1120=LINE('',#7412,#1585);
#1121=LINE('',#7414,#1586);
#1122=LINE('',#7415,#1587);
#1123=LINE('',#7418,#1588);
#1124=LINE('',#7420,#1589);
#1125=LINE('',#7421,#1590);
#1126=LINE('',#7424,#1591);
#1127=LINE('',#7426,#1592);
#1128=LINE('',#7427,#1593);
#1129=LINE('',#7430,#1594);
#1130=LINE('',#7432,#1595);
#1131=LINE('',#7433,#1596);
#1132=LINE('',#7436,#1597);
#1133=LINE('',#7438,#1598);
#1134=LINE('',#7439,#1599);
#1135=LINE('',#7442,#1600);
#1136=LINE('',#7444,#1601);
#1137=LINE('',#7445,#1602);
#1138=LINE('',#7448,#1603);
#1139=LINE('',#7450,#1604);
#1140=LINE('',#7451,#1605);
#1141=LINE('',#7454,#1606);
#1142=LINE('',#7456,#1607);
#1143=LINE('',#7457,#1608);
#1144=LINE('',#7460,#1609);
#1145=LINE('',#7462,#1610);
#1146=LINE('',#7463,#1611);
#1147=LINE('',#7465,#1612);
#1148=LINE('',#7466,#1613);
#1149=LINE('',#7486,#1614);
#1150=LINE('',#7493,#1615);
#1151=LINE('',#7516,#1616);
#1152=LINE('',#7539,#1617);
#1153=LINE('',#7562,#1618);
#1154=LINE('',#7585,#1619);
#1155=LINE('',#7608,#1620);
#1156=LINE('',#7631,#1621);
#1157=LINE('',#7654,#1622);
#1158=LINE('',#7677,#1623);
#1159=LINE('',#7700,#1624);
#1160=LINE('',#7723,#1625);
#1161=LINE('',#7762,#1626);
#1162=LINE('',#7769,#1627);
#1163=LINE('',#7792,#1628);
#1164=LINE('',#7815,#1629);
#1165=LINE('',#7838,#1630);
#1166=LINE('',#7861,#1631);
#1167=LINE('',#7884,#1632);
#1168=LINE('',#7907,#1633);
#1169=LINE('',#7932,#1634);
#1170=LINE('',#7934,#1635);
#1171=LINE('',#7936,#1636);
#1172=LINE('',#7937,#1637);
#1173=LINE('',#7940,#1638);
#1174=LINE('',#8032,#1639);
#1175=LINE('',#8034,#1640);
#1176=LINE('',#8036,#1641);
#1177=LINE('',#8038,#1642);
#1178=LINE('',#8040,#1643);
#1179=LINE('',#8042,#1644);
#1180=LINE('',#8044,#1645);
#1181=LINE('',#8045,#1646);
#1182=LINE('',#8064,#1647);
#1183=LINE('',#8071,#1648);
#1184=LINE('',#8094,#1649);
#1185=LINE('',#8117,#1650);
#1186=LINE('',#8140,#1651);
#1187=LINE('',#8163,#1652);
#1188=LINE('',#8186,#1653);
#1189=LINE('',#8209,#1654);
#1190=LINE('',#8232,#1655);
#1191=LINE('',#8234,#1656);
#1192=LINE('',#8235,#1657);
#1193=LINE('',#8252,#1658);
#1194=LINE('',#8269,#1659);
#1195=LINE('',#8286,#1660);
#1196=LINE('',#8303,#1661);
#1197=LINE('',#8320,#1662);
#1198=LINE('',#8337,#1663);
#1199=LINE('',#8354,#1664);
#1200=LINE('',#8371,#1665);
#1201=LINE('',#8388,#1666);
#1202=LINE('',#8405,#1667);
#1203=LINE('',#8422,#1668);
#1204=LINE('',#8439,#1669);
#1205=LINE('',#8456,#1670);
#1206=LINE('',#8473,#1671);
#1207=LINE('',#8493,#1672);
#1208=LINE('',#8495,#1673);
#1209=LINE('',#8496,#1674);
#1210=LINE('',#8499,#1675);
#1211=LINE('',#8500,#1676);
#1212=LINE('',#8503,#1677);
#1213=LINE('',#8504,#1678);
#1214=LINE('',#8507,#1679);
#1215=LINE('',#8508,#1680);
#1216=LINE('',#8511,#1681);
#1217=LINE('',#8512,#1682);
#1218=LINE('',#8515,#1683);
#1219=LINE('',#8516,#1684);
#1220=LINE('',#8519,#1685);
#1221=LINE('',#8520,#1686);
#1222=LINE('',#8522,#1687);
#1223=LINE('',#8527,#1688);
#1224=LINE('',#8528,#1689);
#1225=LINE('',#8529,#1690);
#1226=LINE('',#8532,#1691);
#1227=LINE('',#8533,#1692);
#1228=LINE('',#8536,#1693);
#1229=LINE('',#8537,#1694);
#1230=LINE('',#8539,#1695);
#1231=LINE('',#8544,#1696);
#1232=LINE('',#8545,#1697);
#1233=LINE('',#8546,#1698);
#1234=LINE('',#8549,#1699);
#1235=LINE('',#8550,#1700);
#1236=LINE('',#8553,#1701);
#1237=LINE('',#8554,#1702);
#1238=LINE('',#8556,#1703);
#1239=LINE('',#8561,#1704);
#1240=LINE('',#8563,#1705);
#1241=LINE('',#8565,#1706);
#1242=LINE('',#8566,#1707);
#1243=LINE('',#8569,#1708);
#1244=LINE('',#8571,#1709);
#1245=LINE('',#8572,#1710);
#1246=LINE('',#8575,#1711);
#1247=LINE('',#8577,#1712);
#1248=LINE('',#8578,#1713);
#1249=LINE('',#8580,#1714);
#1250=LINE('',#8581,#1715);
#1251=LINE('',#8586,#1716);
#1252=LINE('',#8588,#1717);
#1253=LINE('',#8590,#1718);
#1254=LINE('',#8591,#1719);
#1255=LINE('',#8594,#1720);
#1256=LINE('',#8596,#1721);
#1257=LINE('',#8597,#1722);
#1258=LINE('',#8600,#1723);
#1259=LINE('',#8602,#1724);
#1260=LINE('',#8603,#1725);
#1261=LINE('',#8606,#1726);
#1262=LINE('',#8608,#1727);
#1263=LINE('',#8609,#1728);
#1264=LINE('',#8612,#1729);
#1265=LINE('',#8614,#1730);
#1266=LINE('',#8615,#1731);
#1267=LINE('',#8618,#1732);
#1268=LINE('',#8620,#1733);
#1269=LINE('',#8621,#1734);
#1270=LINE('',#8624,#1735);
#1271=LINE('',#8626,#1736);
#1272=LINE('',#8627,#1737);
#1273=LINE('',#8630,#1738);
#1274=LINE('',#8632,#1739);
#1275=LINE('',#8633,#1740);
#1276=LINE('',#8636,#1741);
#1277=LINE('',#8638,#1742);
#1278=LINE('',#8639,#1743);
#1279=LINE('',#8642,#1744);
#1280=LINE('',#8644,#1745);
#1281=LINE('',#8645,#1746);
#1282=LINE('',#8648,#1747);
#1283=LINE('',#8650,#1748);
#1284=LINE('',#8651,#1749);
#1285=LINE('',#8653,#1750);
#1286=LINE('',#8654,#1751);
#1287=LINE('',#8659,#1752);
#1288=LINE('',#8661,#1753);
#1289=LINE('',#8663,#1754);
#1290=LINE('',#8665,#1755);
#1291=LINE('',#8667,#1756);
#1292=LINE('',#8668,#1757);
#1293=LINE('',#8671,#1758);
#1294=LINE('',#8673,#1759);
#1295=LINE('',#8675,#1760);
#1296=LINE('',#8677,#1761);
#1297=LINE('',#8679,#1762);
#1298=LINE('',#8680,#1763);
#1299=LINE('',#8683,#1764);
#1300=LINE('',#8685,#1765);
#1301=LINE('',#8686,#1766);
#1302=LINE('',#8689,#1767);
#1303=LINE('',#8690,#1768);
#1304=LINE('',#8693,#1769);
#1305=LINE('',#8694,#1770);
#1306=LINE('',#8697,#1771);
#1307=LINE('',#8699,#1772);
#1308=LINE('',#8700,#1773);
#1309=LINE('',#8702,#1774);
#1310=LINE('',#8705,#1775);
#1311=LINE('',#8706,#1776);
#1312=LINE('',#8707,#1777);
#1313=LINE('',#8710,#1778);
#1314=LINE('',#8711,#1779);
#1315=LINE('',#8713,#1780);
#1316=LINE('',#8716,#1781);
#1317=LINE('',#8718,#1782);
#1318=LINE('',#8719,#1783);
#1319=LINE('',#8722,#1784);
#1320=LINE('',#8723,#1785);
#1321=LINE('',#8726,#1786);
#1322=LINE('',#8727,#1787);
#1323=LINE('',#8730,#1788);
#1324=LINE('',#8731,#1789);
#1325=LINE('',#8734,#1790);
#1326=LINE('',#8735,#1791);
#1327=LINE('',#8737,#1792);
#1328=LINE('',#8744,#1793);
#1329=LINE('',#8747,#1794);
#1330=LINE('',#8750,#1795);
#1331=LINE('',#8752,#1796);
#1332=LINE('',#8753,#1797);
#1333=LINE('',#8757,#1798);
#1334=LINE('',#8760,#1799);
#1335=LINE('',#8761,#1800);
#1336=LINE('',#8769,#1801);
#1337=LINE('',#8777,#1802);
#1338=LINE('',#8785,#1803);
#1339=LINE('',#8787,#1804);
#1340=LINE('',#8795,#1805);
#1341=LINE('',#8803,#1806);
#1342=LINE('',#8805,#1807);
#1343=LINE('',#8807,#1808);
#1344=LINE('',#8808,#1809);
#1345=LINE('',#8810,#1810);
#1346=LINE('',#8812,#1811);
#1347=LINE('',#8814,#1812);
#1348=LINE('',#8816,#1813);
#1349=LINE('',#8818,#1814);
#1350=LINE('',#8820,#1815);
#1351=LINE('',#8821,#1816);
#1352=LINE('',#8825,#1817);
#1353=LINE('',#8827,#1818);
#1354=LINE('',#8829,#1819);
#1355=LINE('',#8830,#1820);
#1356=LINE('',#8833,#1821);
#1357=LINE('',#8835,#1822);
#1358=LINE('',#8836,#1823);
#1359=LINE('',#8839,#1824);
#1360=LINE('',#8841,#1825);
#1361=LINE('',#8842,#1826);
#1362=LINE('',#8844,#1827);
#1363=LINE('',#8847,#1828);
#1364=LINE('',#8848,#1829);
#1365=LINE('',#8850,#1830);
#1366=LINE('',#8851,#1831);
#1367=LINE('',#8854,#1832);
#1368=LINE('',#8856,#1833);
#1369=LINE('',#8858,#1834);
#1370=LINE('',#8860,#1835);
#1371=LINE('',#8862,#1836);
#1372=LINE('',#8864,#1837);
#1373=LINE('',#8866,#1838);
#1374=LINE('',#8868,#1839);
#1375=LINE('',#8869,#1840);
#1376=LINE('',#8875,#1841);
#1377=LINE('',#8876,#1842);
#1378=LINE('',#8878,#1843);
#1379=LINE('',#8880,#1844);
#1380=LINE('',#8883,#1845);
#1381=LINE('',#8885,#1846);
#1382=LINE('',#8887,#1847);
#1383=LINE('',#8889,#1848);
#1384=LINE('',#8891,#1849);
#1385=LINE('',#8893,#1850);
#1386=LINE('',#8901,#1851);
#1387=LINE('',#8905,#1852);
#1388=LINE('',#8936,#1853);
#1389=LINE('',#8940,#1854);
#1390=LINE('',#8995,#1855);
#1391=LINE('',#8997,#1856);
#1392=LINE('',#9001,#1857);
#1393=LINE('',#9003,#1858);
#1394=LINE('',#9004,#1859);
#1395=LINE('',#9007,#1860);
#1396=LINE('',#9009,#1861);
#1397=LINE('',#9010,#1862);
#1398=LINE('',#9015,#1863);
#1399=LINE('',#9020,#1864);
#1400=LINE('',#9024,#1865);
#1401=LINE('',#9028,#1866);
#1402=LINE('',#9032,#1867);
#1403=LINE('',#9036,#1868);
#1404=LINE('',#9039,#1869);
#1405=LINE('',#9040,#1870);
#1406=LINE('',#9042,#1871);
#1407=LINE('',#9043,#1872);
#1408=LINE('',#9046,#1873);
#1409=LINE('',#9047,#1874);
#1410=LINE('',#9050,#1875);
#1411=LINE('',#9051,#1876);
#1412=LINE('',#9055,#1877);
#1413=LINE('',#9058,#1878);
#1414=LINE('',#9059,#1879);
#1415=LINE('',#9086,#1880);
#1416=LINE('',#9088,#1881);
#1417=LINE('',#9091,#1882);
#1418=LINE('',#9093,#1883);
#1419=LINE('',#9098,#1884);
#1420=LINE('',#9102,#1885);
#1421=LINE('',#9131,#1886);
#1422=LINE('',#9135,#1887);
#1423=LINE('',#9163,#1888);
#1424=LINE('',#9165,#1889);
#1425=LINE('',#9166,#1890);
#1426=LINE('',#9169,#1891);
#1427=LINE('',#9171,#1892);
#1428=LINE('',#9172,#1893);
#1429=LINE('',#9177,#1894);
#1430=LINE('',#9182,#1895);
#1431=LINE('',#9186,#1896);
#1432=LINE('',#9190,#1897);
#1433=LINE('',#9194,#1898);
#1434=LINE('',#9198,#1899);
#1435=LINE('',#9201,#1900);
#1436=LINE('',#9202,#1901);
#1437=LINE('',#9205,#1902);
#1438=LINE('',#9206,#1903);
#1439=LINE('',#9242,#1904);
#1440=LINE('',#9244,#1905);
#1441=LINE('',#9247,#1906);
#1442=LINE('',#9248,#1907);
#1443=LINE('',#9250,#1908);
#1444=LINE('',#9251,#1909);
#1445=LINE('',#9281,#1910);
#1446=LINE('',#9282,#1911);
#1447=LINE('',#9283,#1912);
#1448=LINE('',#9286,#1913);
#1449=LINE('',#9288,#1914);
#1450=LINE('',#9291,#1915);
#1451=LINE('',#9293,#1916);
#1452=LINE('',#9299,#1917);
#1453=LINE('',#9306,#1918);
#1454=LINE('',#9310,#1919);
#1455=LINE('',#9314,#1920);
#1456=LINE('',#9317,#1921);
#1457=LINE('',#9320,#1922);
#1458=LINE('',#9321,#1923);
#1459=LINE('',#9325,#1924);
#1460=LINE('',#9327,#1925);
#1461=VECTOR('',#5277,10.);
#1462=VECTOR('',#5278,10.);
#1463=VECTOR('',#5279,10.);
#1464=VECTOR('',#5280,10.);
#1465=VECTOR('',#5283,10.);
#1466=VECTOR('',#5284,10.);
#1467=VECTOR('',#5285,10.);
#1468=VECTOR('',#5288,10.);
#1469=VECTOR('',#5289,10.);
#1470=VECTOR('',#5290,10.);
#1471=VECTOR('',#5291,10.);
#1472=VECTOR('',#5294,10.);
#1473=VECTOR('',#5295,10.);
#1474=VECTOR('',#5296,10.);
#1475=VECTOR('',#5299,10.);
#1476=VECTOR('',#5300,10.);
#1477=VECTOR('',#5301,10.);
#1478=VECTOR('',#5304,10.);
#1479=VECTOR('',#5305,10.);
#1480=VECTOR('',#5306,10.);
#1481=VECTOR('',#5309,10.);
#1482=VECTOR('',#5310,10.);
#1483=VECTOR('',#5311,10.);
#1484=VECTOR('',#5314,10.);
#1485=VECTOR('',#5315,10.);
#1486=VECTOR('',#5316,10.);
#1487=VECTOR('',#5319,10.);
#1488=VECTOR('',#5320,10.);
#1489=VECTOR('',#5321,10.);
#1490=VECTOR('',#5324,10.);
#1491=VECTOR('',#5325,10.);
#1492=VECTOR('',#5326,10.);
#1493=VECTOR('',#5329,10.);
#1494=VECTOR('',#5330,10.);
#1495=VECTOR('',#5331,10.);
#1496=VECTOR('',#5334,10.);
#1497=VECTOR('',#5335,10.);
#1498=VECTOR('',#5336,10.);
#1499=VECTOR('',#5339,10.);
#1500=VECTOR('',#5340,10.);
#1501=VECTOR('',#5341,10.);
#1502=VECTOR('',#5344,10.);
#1503=VECTOR('',#5345,10.);
#1504=VECTOR('',#5348,10.);
#1505=VECTOR('',#5349,10.);
#1506=VECTOR('',#5350,10.);
#1507=VECTOR('',#5351,10.);
#1508=VECTOR('',#5352,10.);
#1509=VECTOR('',#5353,10.);
#1510=VECTOR('',#5354,10.);
#1511=VECTOR('',#5355,10.);
#1512=VECTOR('',#5356,10.);
#1513=VECTOR('',#5357,10.);
#1514=VECTOR('',#5358,10.);
#1515=VECTOR('',#5359,10.);
#1516=VECTOR('',#5360,10.);
#1517=VECTOR('',#5361,10.);
#1518=VECTOR('',#5362,10.);
#1519=VECTOR('',#5363,10.);
#1520=VECTOR('',#5364,10.);
#1521=VECTOR('',#5365,10.);
#1522=VECTOR('',#5366,10.);
#1523=VECTOR('',#5367,10.);
#1524=VECTOR('',#5372,10.);
#1525=VECTOR('',#5373,10.);
#1526=VECTOR('',#5374,10.);
#1527=VECTOR('',#5375,10.);
#1528=VECTOR('',#5376,10.);
#1529=VECTOR('',#5377,10.);
#1530=VECTOR('',#5378,10.);
#1531=VECTOR('',#5379,10.);
#1532=VECTOR('',#5380,10.);
#1533=VECTOR('',#5381,10.);
#1534=VECTOR('',#5382,10.);
#1535=VECTOR('',#5383,10.);
#1536=VECTOR('',#5384,10.);
#1537=VECTOR('',#5385,10.);
#1538=VECTOR('',#5386,10.);
#1539=VECTOR('',#5387,10.);
#1540=VECTOR('',#5388,10.);
#1541=VECTOR('',#5389,10.);
#1542=VECTOR('',#5390,10.);
#1543=VECTOR('',#5391,10.);
#1544=VECTOR('',#5392,10.);
#1545=VECTOR('',#5395,10.);
#1546=VECTOR('',#5396,10.);
#1547=VECTOR('',#5397,10.);
#1548=VECTOR('',#5398,10.);
#1549=VECTOR('',#5399,10.);
#1550=VECTOR('',#5400,10.);
#1551=VECTOR('',#5401,10.);
#1552=VECTOR('',#5402,10.);
#1553=VECTOR('',#5403,10.);
#1554=VECTOR('',#5404,10.);
#1555=VECTOR('',#5405,10.);
#1556=VECTOR('',#5406,10.);
#1557=VECTOR('',#5407,10.);
#1558=VECTOR('',#5408,10.);
#1559=VECTOR('',#5409,10.);
#1560=VECTOR('',#5410,10.);
#1561=VECTOR('',#5411,10.);
#1562=VECTOR('',#5418,10.);
#1563=VECTOR('',#5419,10.);
#1564=VECTOR('',#5420,10.);
#1565=VECTOR('',#5423,10.);
#1566=VECTOR('',#5424,10.);
#1567=VECTOR('',#5427,10.);
#1568=VECTOR('',#5428,10.);
#1569=VECTOR('',#5431,10.);
#1570=VECTOR('',#5432,10.);
#1571=VECTOR('',#5435,10.);
#1572=VECTOR('',#5436,10.);
#1573=VECTOR('',#5439,10.);
#1574=VECTOR('',#5440,10.);
#1575=VECTOR('',#5443,10.);
#1576=VECTOR('',#5444,10.);
#1577=VECTOR('',#5447,10.);
#1578=VECTOR('',#5452,10.);
#1579=VECTOR('',#5453,10.);
#1580=VECTOR('',#5454,10.);
#1581=VECTOR('',#5455,10.);
#1582=VECTOR('',#5458,10.);
#1583=VECTOR('',#5459,10.);
#1584=VECTOR('',#5460,10.);
#1585=VECTOR('',#5463,10.);
#1586=VECTOR('',#5464,10.);
#1587=VECTOR('',#5465,10.);
#1588=VECTOR('',#5468,10.);
#1589=VECTOR('',#5469,10.);
#1590=VECTOR('',#5470,10.);
#1591=VECTOR('',#5473,10.);
#1592=VECTOR('',#5474,10.);
#1593=VECTOR('',#5475,10.);
#1594=VECTOR('',#5478,10.);
#1595=VECTOR('',#5479,10.);
#1596=VECTOR('',#5480,10.);
#1597=VECTOR('',#5483,10.);
#1598=VECTOR('',#5484,10.);
#1599=VECTOR('',#5485,10.);
#1600=VECTOR('',#5488,10.);
#1601=VECTOR('',#5489,10.);
#1602=VECTOR('',#5490,10.);
#1603=VECTOR('',#5493,10.);
#1604=VECTOR('',#5494,10.);
#1605=VECTOR('',#5495,10.);
#1606=VECTOR('',#5498,10.);
#1607=VECTOR('',#5499,10.);
#1608=VECTOR('',#5500,10.);
#1609=VECTOR('',#5503,10.);
#1610=VECTOR('',#5504,10.);
#1611=VECTOR('',#5505,10.);
#1612=VECTOR('',#5508,10.);
#1613=VECTOR('',#5509,10.);
#1614=VECTOR('',#5512,10.);
#1615=VECTOR('',#5513,10.);
#1616=VECTOR('',#5514,10.);
#1617=VECTOR('',#5515,10.);
#1618=VECTOR('',#5516,10.);
#1619=VECTOR('',#5517,10.);
#1620=VECTOR('',#5518,10.);
#1621=VECTOR('',#5519,10.);
#1622=VECTOR('',#5520,10.);
#1623=VECTOR('',#5521,10.);
#1624=VECTOR('',#5522,10.);
#1625=VECTOR('',#5523,10.);
#1626=VECTOR('',#5524,10.);
#1627=VECTOR('',#5525,10.);
#1628=VECTOR('',#5526,10.);
#1629=VECTOR('',#5527,10.);
#1630=VECTOR('',#5528,10.);
#1631=VECTOR('',#5529,10.);
#1632=VECTOR('',#5530,10.);
#1633=VECTOR('',#5531,10.);
#1634=VECTOR('',#5536,10.);
#1635=VECTOR('',#5537,10.);
#1636=VECTOR('',#5538,10.);
#1637=VECTOR('',#5539,10.);
#1638=VECTOR('',#5540,10.);
#1639=VECTOR('',#5541,10.);
#1640=VECTOR('',#5542,10.);
#1641=VECTOR('',#5543,10.);
#1642=VECTOR('',#5544,10.);
#1643=VECTOR('',#5545,10.);
#1644=VECTOR('',#5546,10.);
#1645=VECTOR('',#5547,10.);
#1646=VECTOR('',#5548,10.);
#1647=VECTOR('',#5549,10.);
#1648=VECTOR('',#5550,10.);
#1649=VECTOR('',#5551,10.);
#1650=VECTOR('',#5552,10.);
#1651=VECTOR('',#5553,10.);
#1652=VECTOR('',#5554,10.);
#1653=VECTOR('',#5555,10.);
#1654=VECTOR('',#5556,10.);
#1655=VECTOR('',#5559,10.);
#1656=VECTOR('',#5560,10.);
#1657=VECTOR('',#5561,10.);
#1658=VECTOR('',#5562,10.);
#1659=VECTOR('',#5563,10.);
#1660=VECTOR('',#5564,10.);
#1661=VECTOR('',#5565,10.);
#1662=VECTOR('',#5566,10.);
#1663=VECTOR('',#5567,10.);
#1664=VECTOR('',#5568,10.);
#1665=VECTOR('',#5569,10.);
#1666=VECTOR('',#5570,10.);
#1667=VECTOR('',#5571,10.);
#1668=VECTOR('',#5572,10.);
#1669=VECTOR('',#5573,10.);
#1670=VECTOR('',#5574,10.);
#1671=VECTOR('',#5575,10.);
#1672=VECTOR('',#5582,10.);
#1673=VECTOR('',#5583,10.);
#1674=VECTOR('',#5584,10.);
#1675=VECTOR('',#5587,10.);
#1676=VECTOR('',#5588,10.);
#1677=VECTOR('',#5591,10.);
#1678=VECTOR('',#5592,10.);
#1679=VECTOR('',#5595,10.);
#1680=VECTOR('',#5596,10.);
#1681=VECTOR('',#5599,10.);
#1682=VECTOR('',#5600,10.);
#1683=VECTOR('',#5603,10.);
#1684=VECTOR('',#5604,10.);
#1685=VECTOR('',#5607,10.);
#1686=VECTOR('',#5608,10.);
#1687=VECTOR('',#5611,10.);
#1688=VECTOR('',#5616,10.);
#1689=VECTOR('',#5617,10.);
#1690=VECTOR('',#5618,10.);
#1691=VECTOR('',#5621,10.);
#1692=VECTOR('',#5622,10.);
#1693=VECTOR('',#5625,10.);
#1694=VECTOR('',#5626,10.);
#1695=VECTOR('',#5629,10.);
#1696=VECTOR('',#5634,10.);
#1697=VECTOR('',#5635,10.);
#1698=VECTOR('',#5636,10.);
#1699=VECTOR('',#5639,10.);
#1700=VECTOR('',#5640,10.);
#1701=VECTOR('',#5643,10.);
#1702=VECTOR('',#5644,10.);
#1703=VECTOR('',#5647,10.);
#1704=VECTOR('',#5652,10.);
#1705=VECTOR('',#5653,10.);
#1706=VECTOR('',#5654,10.);
#1707=VECTOR('',#5655,10.);
#1708=VECTOR('',#5658,10.);
#1709=VECTOR('',#5659,10.);
#1710=VECTOR('',#5660,10.);
#1711=VECTOR('',#5663,10.);
#1712=VECTOR('',#5664,10.);
#1713=VECTOR('',#5665,10.);
#1714=VECTOR('',#5668,10.);
#1715=VECTOR('',#5669,10.);
#1716=VECTOR('',#5674,10.);
#1717=VECTOR('',#5675,10.);
#1718=VECTOR('',#5676,10.);
#1719=VECTOR('',#5677,10.);
#1720=VECTOR('',#5680,10.);
#1721=VECTOR('',#5681,10.);
#1722=VECTOR('',#5682,10.);
#1723=VECTOR('',#5685,10.);
#1724=VECTOR('',#5686,10.);
#1725=VECTOR('',#5687,10.);
#1726=VECTOR('',#5690,10.);
#1727=VECTOR('',#5691,10.);
#1728=VECTOR('',#5692,10.);
#1729=VECTOR('',#5695,10.);
#1730=VECTOR('',#5696,10.);
#1731=VECTOR('',#5697,10.);
#1732=VECTOR('',#5700,10.);
#1733=VECTOR('',#5701,10.);
#1734=VECTOR('',#5702,10.);
#1735=VECTOR('',#5705,10.);
#1736=VECTOR('',#5706,10.);
#1737=VECTOR('',#5707,10.);
#1738=VECTOR('',#5710,10.);
#1739=VECTOR('',#5711,10.);
#1740=VECTOR('',#5712,10.);
#1741=VECTOR('',#5715,10.);
#1742=VECTOR('',#5716,10.);
#1743=VECTOR('',#5717,10.);
#1744=VECTOR('',#5720,10.);
#1745=VECTOR('',#5721,10.);
#1746=VECTOR('',#5722,10.);
#1747=VECTOR('',#5725,10.);
#1748=VECTOR('',#5726,10.);
#1749=VECTOR('',#5727,10.);
#1750=VECTOR('',#5730,10.);
#1751=VECTOR('',#5731,10.);
#1752=VECTOR('',#5736,10.);
#1753=VECTOR('',#5737,10.);
#1754=VECTOR('',#5738,10.);
#1755=VECTOR('',#5739,10.);
#1756=VECTOR('',#5740,10.);
#1757=VECTOR('',#5741,10.);
#1758=VECTOR('',#5742,10.);
#1759=VECTOR('',#5743,10.);
#1760=VECTOR('',#5744,10.);
#1761=VECTOR('',#5745,10.);
#1762=VECTOR('',#5746,10.);
#1763=VECTOR('',#5747,10.);
#1764=VECTOR('',#5750,10.);
#1765=VECTOR('',#5751,10.);
#1766=VECTOR('',#5752,10.);
#1767=VECTOR('',#5755,10.);
#1768=VECTOR('',#5756,10.);
#1769=VECTOR('',#5759,10.);
#1770=VECTOR('',#5760,10.);
#1771=VECTOR('',#5763,10.);
#1772=VECTOR('',#5764,10.);
#1773=VECTOR('',#5765,10.);
#1774=VECTOR('',#5768,10.);
#1775=VECTOR('',#5771,10.);
#1776=VECTOR('',#5772,10.);
#1777=VECTOR('',#5773,10.);
#1778=VECTOR('',#5776,10.);
#1779=VECTOR('',#5777,10.);
#1780=VECTOR('',#5780,10.);
#1781=VECTOR('',#5783,10.);
#1782=VECTOR('',#5784,10.);
#1783=VECTOR('',#5785,10.);
#1784=VECTOR('',#5788,10.);
#1785=VECTOR('',#5789,10.);
#1786=VECTOR('',#5792,10.);
#1787=VECTOR('',#5793,10.);
#1788=VECTOR('',#5796,10.);
#1789=VECTOR('',#5797,10.);
#1790=VECTOR('',#5800,10.);
#1791=VECTOR('',#5801,10.);
#1792=VECTOR('',#5804,10.);
#1793=VECTOR('',#5811,10.);
#1794=VECTOR('',#5814,10.);
#1795=VECTOR('',#5817,10.);
#1796=VECTOR('',#5818,10.);
#1797=VECTOR('',#5819,10.);
#1798=VECTOR('',#5824,10.);
#1799=VECTOR('',#5827,10.);
#1800=VECTOR('',#5828,10.);
#1801=VECTOR('',#5839,1.74);
#1802=VECTOR('',#5850,1.74);
#1803=VECTOR('',#5861,10.);
#1804=VECTOR('',#5864,10.);
#1805=VECTOR('',#5873,3.);
#1806=VECTOR('',#5882,10.);
#1807=VECTOR('',#5883,10.);
#1808=VECTOR('',#5884,10.);
#1809=VECTOR('',#5885,10.);
#1810=VECTOR('',#5886,10.);
#1811=VECTOR('',#5887,10.);
#1812=VECTOR('',#5888,10.);
#1813=VECTOR('',#5889,10.);
#1814=VECTOR('',#5890,10.);
#1815=VECTOR('',#5891,10.);
#1816=VECTOR('',#5892,10.);
#1817=VECTOR('',#5895,10.);
#1818=VECTOR('',#5896,10.);
#1819=VECTOR('',#5897,10.);
#1820=VECTOR('',#5898,10.);
#1821=VECTOR('',#5901,10.);
#1822=VECTOR('',#5902,10.);
#1823=VECTOR('',#5903,10.);
#1824=VECTOR('',#5906,10.);
#1825=VECTOR('',#5907,10.);
#1826=VECTOR('',#5908,10.);
#1827=VECTOR('',#5911,10.);
#1828=VECTOR('',#5914,10.);
#1829=VECTOR('',#5915,10.);
#1830=VECTOR('',#5916,10.);
#1831=VECTOR('',#5917,10.);
#1832=VECTOR('',#5920,10.);
#1833=VECTOR('',#5921,10.);
#1834=VECTOR('',#5922,10.);
#1835=VECTOR('',#5923,10.);
#1836=VECTOR('',#5924,10.);
#1837=VECTOR('',#5925,10.);
#1838=VECTOR('',#5926,10.);
#1839=VECTOR('',#5927,10.);
#1840=VECTOR('',#5928,10.);
#1841=VECTOR('',#5935,10.);
#1842=VECTOR('',#5936,10.);
#1843=VECTOR('',#5939,10.);
#1844=VECTOR('',#5942,10.);
#1845=VECTOR('',#5947,1.74);
#1846=VECTOR('',#5950,1.74);
#1847=VECTOR('',#5953,10.);
#1848=VECTOR('',#5956,10.);
#1849=VECTOR('',#5959,10.);
#1850=VECTOR('',#5962,10.);
#1851=VECTOR('',#5971,10.);
#1852=VECTOR('',#5974,10.);
#1853=VECTOR('',#5985,10.);
#1854=VECTOR('',#5988,10.);
#1855=VECTOR('',#6003,10.);
#1856=VECTOR('',#6004,10.);
#1857=VECTOR('',#6009,10.);
#1858=VECTOR('',#6010,10.);
#1859=VECTOR('',#6011,10.);
#1860=VECTOR('',#6014,10.);
#1861=VECTOR('',#6015,10.);
#1862=VECTOR('',#6016,10.);
#1863=VECTOR('',#6021,10.);
#1864=VECTOR('',#6026,10.);
#1865=VECTOR('',#6029,10.);
#1866=VECTOR('',#6032,10.);
#1867=VECTOR('',#6035,10.);
#1868=VECTOR('',#6038,10.);
#1869=VECTOR('',#6043,10.);
#1870=VECTOR('',#6044,10.);
#1871=VECTOR('',#6047,10.);
#1872=VECTOR('',#6048,10.);
#1873=VECTOR('',#6053,10.);
#1874=VECTOR('',#6054,10.);
#1875=VECTOR('',#6059,10.);
#1876=VECTOR('',#6060,10.);
#1877=VECTOR('',#6065,10.);
#1878=VECTOR('',#6068,10.);
#1879=VECTOR('',#6069,1.74);
#1880=VECTOR('',#6076,10.);
#1881=VECTOR('',#6077,10.);
#1882=VECTOR('',#6082,10.);
#1883=VECTOR('',#6085,10.);
#1884=VECTOR('',#6090,10.);
#1885=VECTOR('',#6093,10.);
#1886=VECTOR('',#6102,10.);
#1887=VECTOR('',#6105,10.);
#1888=VECTOR('',#6114,10.);
#1889=VECTOR('',#6115,10.);
#1890=VECTOR('',#6116,10.);
#1891=VECTOR('',#6119,10.);
#1892=VECTOR('',#6120,10.);
#1893=VECTOR('',#6121,10.);
#1894=VECTOR('',#6126,10.);
#1895=VECTOR('',#6131,10.);
#1896=VECTOR('',#6134,10.);
#1897=VECTOR('',#6137,10.);
#1898=VECTOR('',#6140,10.);
#1899=VECTOR('',#6143,10.);
#1900=VECTOR('',#6148,10.);
#1901=VECTOR('',#6149,10.);
#1902=VECTOR('',#6154,10.);
#1903=VECTOR('',#6155,10.);
#1904=VECTOR('',#6172,10.);
#1905=VECTOR('',#6173,10.);
#1906=VECTOR('',#6178,10.);
#1907=VECTOR('',#6179,10.);
#1908=VECTOR('',#6182,10.);
#1909=VECTOR('',#6183,10.);
#1910=VECTOR('',#6194,10.);
#1911=VECTOR('',#6195,1.74);
#1912=VECTOR('',#6196,10.);
#1913=VECTOR('',#6199,10.);
#1914=VECTOR('',#6200,10.);
#1915=VECTOR('',#6205,10.);
#1916=VECTOR('',#6208,10.);
#1917=VECTOR('',#6215,1.74);
#1918=VECTOR('',#6224,10.);
#1919=VECTOR('',#6227,10.);
#1920=VECTOR('',#6232,10.);
#1921=VECTOR('',#6235,10.);
#1922=VECTOR('',#6238,10.);
#1923=VECTOR('',#6239,10.);
#1924=VECTOR('',#6244,10.);
#1925=VECTOR('',#6247,10.);
#1926=VERTEX_POINT('',#6252);
#1927=VERTEX_POINT('',#6253);
#1928=VERTEX_POINT('',#6255);
#1929=VERTEX_POINT('',#6257);
#1930=VERTEX_POINT('',#6261);
#1931=VERTEX_POINT('',#6263);
#1932=VERTEX_POINT('',#6267);
#1933=VERTEX_POINT('',#6268);
#1934=VERTEX_POINT('',#6270);
#1935=VERTEX_POINT('',#6272);
#1936=VERTEX_POINT('',#6276);
#1937=VERTEX_POINT('',#6278);
#1938=VERTEX_POINT('',#6282);
#1939=VERTEX_POINT('',#6284);
#1940=VERTEX_POINT('',#6288);
#1941=VERTEX_POINT('',#6290);
#1942=VERTEX_POINT('',#6294);
#1943=VERTEX_POINT('',#6296);
#1944=VERTEX_POINT('',#6300);
#1945=VERTEX_POINT('',#6302);
#1946=VERTEX_POINT('',#6306);
#1947=VERTEX_POINT('',#6308);
#1948=VERTEX_POINT('',#6312);
#1949=VERTEX_POINT('',#6314);
#1950=VERTEX_POINT('',#6318);
#1951=VERTEX_POINT('',#6320);
#1952=VERTEX_POINT('',#6324);
#1953=VERTEX_POINT('',#6326);
#1954=VERTEX_POINT('',#6330);
#1955=VERTEX_POINT('',#6332);
#1956=VERTEX_POINT('',#6349);
#1957=VERTEX_POINT('',#6350);
#1958=VERTEX_POINT('',#6356);
#1959=VERTEX_POINT('',#6358);
#1960=VERTEX_POINT('',#6375);
#1961=VERTEX_POINT('',#6381);
#1962=VERTEX_POINT('',#6398);
#1963=VERTEX_POINT('',#6404);
#1964=VERTEX_POINT('',#6421);
#1965=VERTEX_POINT('',#6427);
#1966=VERTEX_POINT('',#6444);
#1967=VERTEX_POINT('',#6450);
#1968=VERTEX_POINT('',#6467);
#1969=VERTEX_POINT('',#6473);
#1970=VERTEX_POINT('',#6490);
#1971=VERTEX_POINT('',#6496);
#1972=VERTEX_POINT('',#6513);
#1973=VERTEX_POINT('',#6519);
#1974=VERTEX_POINT('',#6536);
#1975=VERTEX_POINT('',#6542);
#1976=VERTEX_POINT('',#6559);
#1977=VERTEX_POINT('',#6565);
#1978=VERTEX_POINT('',#6582);
#1979=VERTEX_POINT('',#6588);
#1980=VERTEX_POINT('',#6625);
#1981=VERTEX_POINT('',#6626);
#1982=VERTEX_POINT('',#6632);
#1983=VERTEX_POINT('',#6634);
#1984=VERTEX_POINT('',#6651);
#1985=VERTEX_POINT('',#6657);
#1986=VERTEX_POINT('',#6674);
#1987=VERTEX_POINT('',#6680);
#1988=VERTEX_POINT('',#6697);
#1989=VERTEX_POINT('',#6703);
#1990=VERTEX_POINT('',#6720);
#1991=VERTEX_POINT('',#6726);
#1992=VERTEX_POINT('',#6743);
#1993=VERTEX_POINT('',#6749);
#1994=VERTEX_POINT('',#6766);
#1995=VERTEX_POINT('',#6772);
#1996=VERTEX_POINT('',#6801);
#1997=VERTEX_POINT('',#6802);
#1998=VERTEX_POINT('',#6804);
#1999=VERTEX_POINT('',#6806);
#2000=VERTEX_POINT('',#6809);
#2001=VERTEX_POINT('',#6810);
#2002=VERTEX_POINT('',#6812);
#2003=VERTEX_POINT('',#6818);
#2004=VERTEX_POINT('',#6824);
#2005=VERTEX_POINT('',#6830);
#2006=VERTEX_POINT('',#6836);
#2007=VERTEX_POINT('',#6842);
#2008=VERTEX_POINT('',#6848);
#2009=VERTEX_POINT('',#6854);
#2010=VERTEX_POINT('',#6860);
#2011=VERTEX_POINT('',#6866);
#2012=VERTEX_POINT('',#6872);
#2013=VERTEX_POINT('',#6878);
#2014=VERTEX_POINT('',#6884);
#2015=VERTEX_POINT('',#6890);
#2016=VERTEX_POINT('',#6901);
#2017=VERTEX_POINT('',#6902);
#2018=VERTEX_POINT('',#6904);
#2019=VERTEX_POINT('',#6906);
#2020=VERTEX_POINT('',#6908);
#2021=VERTEX_POINT('',#6910);
#2022=VERTEX_POINT('',#6912);
#2023=VERTEX_POINT('',#6914);
#2024=VERTEX_POINT('',#6927);
#2025=VERTEX_POINT('',#6928);
#2026=VERTEX_POINT('',#6934);
#2027=VERTEX_POINT('',#6936);
#2028=VERTEX_POINT('',#6953);
#2029=VERTEX_POINT('',#6959);
#2030=VERTEX_POINT('',#6976);
#2031=VERTEX_POINT('',#6982);
#2032=VERTEX_POINT('',#6999);
#2033=VERTEX_POINT('',#7005);
#2034=VERTEX_POINT('',#7022);
#2035=VERTEX_POINT('',#7028);
#2036=VERTEX_POINT('',#7045);
#2037=VERTEX_POINT('',#7051);
#2038=VERTEX_POINT('',#7068);
#2039=VERTEX_POINT('',#7074);
#2040=VERTEX_POINT('',#7102);
#2041=VERTEX_POINT('',#7104);
#2042=VERTEX_POINT('',#7117);
#2043=VERTEX_POINT('',#7134);
#2044=VERTEX_POINT('',#7151);
#2045=VERTEX_POINT('',#7168);
#2046=VERTEX_POINT('',#7185);
#2047=VERTEX_POINT('',#7202);
#2048=VERTEX_POINT('',#7219);
#2049=VERTEX_POINT('',#7236);
#2050=VERTEX_POINT('',#7253);
#2051=VERTEX_POINT('',#7270);
#2052=VERTEX_POINT('',#7287);
#2053=VERTEX_POINT('',#7304);
#2054=VERTEX_POINT('',#7321);
#2055=VERTEX_POINT('',#7338);
#2056=VERTEX_POINT('',#7363);
#2057=VERTEX_POINT('',#7365);
#2058=VERTEX_POINT('',#7369);
#2059=VERTEX_POINT('',#7373);
#2060=VERTEX_POINT('',#7377);
#2061=VERTEX_POINT('',#7381);
#2062=VERTEX_POINT('',#7385);
#2063=VERTEX_POINT('',#7389);
#2064=VERTEX_POINT('',#7396);
#2065=VERTEX_POINT('',#7397);
#2066=VERTEX_POINT('',#7399);
#2067=VERTEX_POINT('',#7401);
#2068=VERTEX_POINT('',#7405);
#2069=VERTEX_POINT('',#7407);
#2070=VERTEX_POINT('',#7411);
#2071=VERTEX_POINT('',#7413);
#2072=VERTEX_POINT('',#7417);
#2073=VERTEX_POINT('',#7419);
#2074=VERTEX_POINT('',#7423);
#2075=VERTEX_POINT('',#7425);
#2076=VERTEX_POINT('',#7429);
#2077=VERTEX_POINT('',#7431);
#2078=VERTEX_POINT('',#7435);
#2079=VERTEX_POINT('',#7437);
#2080=VERTEX_POINT('',#7441);
#2081=VERTEX_POINT('',#7443);
#2082=VERTEX_POINT('',#7447);
#2083=VERTEX_POINT('',#7449);
#2084=VERTEX_POINT('',#7453);
#2085=VERTEX_POINT('',#7455);
#2086=VERTEX_POINT('',#7459);
#2087=VERTEX_POINT('',#7461);
#2088=VERTEX_POINT('',#7478);
#2089=VERTEX_POINT('',#7479);
#2090=VERTEX_POINT('',#7485);
#2091=VERTEX_POINT('',#7487);
#2092=VERTEX_POINT('',#7504);
#2093=VERTEX_POINT('',#7510);
#2094=VERTEX_POINT('',#7527);
#2095=VERTEX_POINT('',#7533);
#2096=VERTEX_POINT('',#7550);
#2097=VERTEX_POINT('',#7556);
#2098=VERTEX_POINT('',#7573);
#2099=VERTEX_POINT('',#7579);
#2100=VERTEX_POINT('',#7596);
#2101=VERTEX_POINT('',#7602);
#2102=VERTEX_POINT('',#7619);
#2103=VERTEX_POINT('',#7625);
#2104=VERTEX_POINT('',#7642);
#2105=VERTEX_POINT('',#7648);
#2106=VERTEX_POINT('',#7665);
#2107=VERTEX_POINT('',#7671);
#2108=VERTEX_POINT('',#7688);
#2109=VERTEX_POINT('',#7694);
#2110=VERTEX_POINT('',#7711);
#2111=VERTEX_POINT('',#7717);
#2112=VERTEX_POINT('',#7754);
#2113=VERTEX_POINT('',#7755);
#2114=VERTEX_POINT('',#7761);
#2115=VERTEX_POINT('',#7763);
#2116=VERTEX_POINT('',#7780);
#2117=VERTEX_POINT('',#7786);
#2118=VERTEX_POINT('',#7803);
#2119=VERTEX_POINT('',#7809);
#2120=VERTEX_POINT('',#7826);
#2121=VERTEX_POINT('',#7832);
#2122=VERTEX_POINT('',#7849);
#2123=VERTEX_POINT('',#7855);
#2124=VERTEX_POINT('',#7872);
#2125=VERTEX_POINT('',#7878);
#2126=VERTEX_POINT('',#7895);
#2127=VERTEX_POINT('',#7901);
#2128=VERTEX_POINT('',#7930);
#2129=VERTEX_POINT('',#7931);
#2130=VERTEX_POINT('',#7933);
#2131=VERTEX_POINT('',#7935);
#2132=VERTEX_POINT('',#7938);
#2133=VERTEX_POINT('',#7939);
#2134=VERTEX_POINT('',#7941);
#2135=VERTEX_POINT('',#7947);
#2136=VERTEX_POINT('',#7953);
#2137=VERTEX_POINT('',#7959);
#2138=VERTEX_POINT('',#7965);
#2139=VERTEX_POINT('',#7971);
#2140=VERTEX_POINT('',#7977);
#2141=VERTEX_POINT('',#7983);
#2142=VERTEX_POINT('',#7989);
#2143=VERTEX_POINT('',#7995);
#2144=VERTEX_POINT('',#8001);
#2145=VERTEX_POINT('',#8007);
#2146=VERTEX_POINT('',#8013);
#2147=VERTEX_POINT('',#8019);
#2148=VERTEX_POINT('',#8030);
#2149=VERTEX_POINT('',#8031);
#2150=VERTEX_POINT('',#8033);
#2151=VERTEX_POINT('',#8035);
#2152=VERTEX_POINT('',#8037);
#2153=VERTEX_POINT('',#8039);
#2154=VERTEX_POINT('',#8041);
#2155=VERTEX_POINT('',#8043);
#2156=VERTEX_POINT('',#8056);
#2157=VERTEX_POINT('',#8057);
#2158=VERTEX_POINT('',#8063);
#2159=VERTEX_POINT('',#8065);
#2160=VERTEX_POINT('',#8082);
#2161=VERTEX_POINT('',#8088);
#2162=VERTEX_POINT('',#8105);
#2163=VERTEX_POINT('',#8111);
#2164=VERTEX_POINT('',#8128);
#2165=VERTEX_POINT('',#8134);
#2166=VERTEX_POINT('',#8151);
#2167=VERTEX_POINT('',#8157);
#2168=VERTEX_POINT('',#8174);
#2169=VERTEX_POINT('',#8180);
#2170=VERTEX_POINT('',#8197);
#2171=VERTEX_POINT('',#8203);
#2172=VERTEX_POINT('',#8231);
#2173=VERTEX_POINT('',#8233);
#2174=VERTEX_POINT('',#8246);
#2175=VERTEX_POINT('',#8263);
#2176=VERTEX_POINT('',#8280);
#2177=VERTEX_POINT('',#8297);
#2178=VERTEX_POINT('',#8314);
#2179=VERTEX_POINT('',#8331);
#2180=VERTEX_POINT('',#8348);
#2181=VERTEX_POINT('',#8365);
#2182=VERTEX_POINT('',#8382);
#2183=VERTEX_POINT('',#8399);
#2184=VERTEX_POINT('',#8416);
#2185=VERTEX_POINT('',#8433);
#2186=VERTEX_POINT('',#8450);
#2187=VERTEX_POINT('',#8467);
#2188=VERTEX_POINT('',#8492);
#2189=VERTEX_POINT('',#8494);
#2190=VERTEX_POINT('',#8498);
#2191=VERTEX_POINT('',#8502);
#2192=VERTEX_POINT('',#8506);
#2193=VERTEX_POINT('',#8510);
#2194=VERTEX_POINT('',#8514);
#2195=VERTEX_POINT('',#8518);
#2196=VERTEX_POINT('',#8525);
#2197=VERTEX_POINT('',#8526);
#2198=VERTEX_POINT('',#8531);
#2199=VERTEX_POINT('',#8535);
#2200=VERTEX_POINT('',#8542);
#2201=VERTEX_POINT('',#8543);
#2202=VERTEX_POINT('',#8548);
#2203=VERTEX_POINT('',#8552);
#2204=VERTEX_POINT('',#8559);
#2205=VERTEX_POINT('',#8560);
#2206=VERTEX_POINT('',#8562);
#2207=VERTEX_POINT('',#8564);
#2208=VERTEX_POINT('',#8568);
#2209=VERTEX_POINT('',#8570);
#2210=VERTEX_POINT('',#8574);
#2211=VERTEX_POINT('',#8576);
#2212=VERTEX_POINT('',#8584);
#2213=VERTEX_POINT('',#8585);
#2214=VERTEX_POINT('',#8587);
#2215=VERTEX_POINT('',#8589);
#2216=VERTEX_POINT('',#8593);
#2217=VERTEX_POINT('',#8595);
#2218=VERTEX_POINT('',#8599);
#2219=VERTEX_POINT('',#8601);
#2220=VERTEX_POINT('',#8605);
#2221=VERTEX_POINT('',#8607);
#2222=VERTEX_POINT('',#8611);
#2223=VERTEX_POINT('',#8613);
#2224=VERTEX_POINT('',#8617);
#2225=VERTEX_POINT('',#8619);
#2226=VERTEX_POINT('',#8623);
#2227=VERTEX_POINT('',#8625);
#2228=VERTEX_POINT('',#8629);
#2229=VERTEX_POINT('',#8631);
#2230=VERTEX_POINT('',#8635);
#2231=VERTEX_POINT('',#8637);
#2232=VERTEX_POINT('',#8641);
#2233=VERTEX_POINT('',#8643);
#2234=VERTEX_POINT('',#8647);
#2235=VERTEX_POINT('',#8649);
#2236=VERTEX_POINT('',#8657);
#2237=VERTEX_POINT('',#8658);
#2238=VERTEX_POINT('',#8660);
#2239=VERTEX_POINT('',#8662);
#2240=VERTEX_POINT('',#8664);
#2241=VERTEX_POINT('',#8666);
#2242=VERTEX_POINT('',#8669);
#2243=VERTEX_POINT('',#8670);
#2244=VERTEX_POINT('',#8672);
#2245=VERTEX_POINT('',#8674);
#2246=VERTEX_POINT('',#8676);
#2247=VERTEX_POINT('',#8678);
#2248=VERTEX_POINT('',#8682);
#2249=VERTEX_POINT('',#8684);
#2250=VERTEX_POINT('',#8688);
#2251=VERTEX_POINT('',#8692);
#2252=VERTEX_POINT('',#8696);
#2253=VERTEX_POINT('',#8698);
#2254=VERTEX_POINT('',#8704);
#2255=VERTEX_POINT('',#8709);
#2256=VERTEX_POINT('',#8715);
#2257=VERTEX_POINT('',#8717);
#2258=VERTEX_POINT('',#8721);
#2259=VERTEX_POINT('',#8725);
#2260=VERTEX_POINT('',#8729);
#2261=VERTEX_POINT('',#8733);
#2262=VERTEX_POINT('',#8740);
#2263=VERTEX_POINT('',#8741);
#2264=VERTEX_POINT('',#8743);
#2265=VERTEX_POINT('',#8745);
#2266=VERTEX_POINT('',#8749);
#2267=VERTEX_POINT('',#8751);
#2268=VERTEX_POINT('',#8755);
#2269=VERTEX_POINT('',#8759);
#2270=VERTEX_POINT('',#8766);
#2271=VERTEX_POINT('',#8768);
#2272=VERTEX_POINT('',#8774);
#2273=VERTEX_POINT('',#8776);
#2274=VERTEX_POINT('',#8782);
#2275=VERTEX_POINT('',#8784);
#2276=VERTEX_POINT('',#8789);
#2277=VERTEX_POINT('',#8792);
#2278=VERTEX_POINT('',#8794);
#2279=VERTEX_POINT('',#8798);
#2280=VERTEX_POINT('',#8801);
#2281=VERTEX_POINT('',#8802);
#2282=VERTEX_POINT('',#8804);
#2283=VERTEX_POINT('',#8806);
#2284=VERTEX_POINT('',#8809);
#2285=VERTEX_POINT('',#8811);
#2286=VERTEX_POINT('',#8813);
#2287=VERTEX_POINT('',#8815);
#2288=VERTEX_POINT('',#8817);
#2289=VERTEX_POINT('',#8819);
#2290=VERTEX_POINT('',#8823);
#2291=VERTEX_POINT('',#8824);
#2292=VERTEX_POINT('',#8826);
#2293=VERTEX_POINT('',#8828);
#2294=VERTEX_POINT('',#8832);
#2295=VERTEX_POINT('',#8834);
#2296=VERTEX_POINT('',#8838);
#2297=VERTEX_POINT('',#8840);
#2298=VERTEX_POINT('',#8846);
#2299=VERTEX_POINT('',#8849);
#2300=VERTEX_POINT('',#8853);
#2301=VERTEX_POINT('',#8855);
#2302=VERTEX_POINT('',#8857);
#2303=VERTEX_POINT('',#8859);
#2304=VERTEX_POINT('',#8861);
#2305=VERTEX_POINT('',#8863);
#2306=VERTEX_POINT('',#8865);
#2307=VERTEX_POINT('',#8867);
#2308=VERTEX_POINT('',#8870);
#2309=VERTEX_POINT('',#8872);
#2310=VERTEX_POINT('',#8896);
#2311=VERTEX_POINT('',#8899);
#2312=VERTEX_POINT('',#8900);
#2313=VERTEX_POINT('',#8902);
#2314=VERTEX_POINT('',#8904);
#2315=VERTEX_POINT('',#8908);
#2316=VERTEX_POINT('',#8919);
#2317=VERTEX_POINT('',#8930);
#2318=VERTEX_POINT('',#8934);
#2319=VERTEX_POINT('',#8935);
#2320=VERTEX_POINT('',#8937);
#2321=VERTEX_POINT('',#8939);
#2322=VERTEX_POINT('',#8943);
#2323=VERTEX_POINT('',#8954);
#2324=VERTEX_POINT('',#8967);
#2325=VERTEX_POINT('',#8968);
#2326=VERTEX_POINT('',#8979);
#2327=VERTEX_POINT('',#8981);
#2328=VERTEX_POINT('',#8994);
#2329=VERTEX_POINT('',#8996);
#2330=VERTEX_POINT('',#9000);
#2331=VERTEX_POINT('',#9002);
#2332=VERTEX_POINT('',#9006);
#2333=VERTEX_POINT('',#9008);
#2334=VERTEX_POINT('',#9012);
#2335=VERTEX_POINT('',#9014);
#2336=VERTEX_POINT('',#9017);
#2337=VERTEX_POINT('',#9019);
#2338=VERTEX_POINT('',#9021);
#2339=VERTEX_POINT('',#9023);
#2340=VERTEX_POINT('',#9025);
#2341=VERTEX_POINT('',#9027);
#2342=VERTEX_POINT('',#9029);
#2343=VERTEX_POINT('',#9031);
#2344=VERTEX_POINT('',#9033);
#2345=VERTEX_POINT('',#9035);
#2346=VERTEX_POINT('',#9054);
#2347=VERTEX_POINT('',#9056);
#2348=VERTEX_POINT('',#9061);
#2349=VERTEX_POINT('',#9072);
#2350=VERTEX_POINT('',#9085);
#2351=VERTEX_POINT('',#9087);
#2352=VERTEX_POINT('',#9096);
#2353=VERTEX_POINT('',#9097);
#2354=VERTEX_POINT('',#9099);
#2355=VERTEX_POINT('',#9101);
#2356=VERTEX_POINT('',#9105);
#2357=VERTEX_POINT('',#9116);
#2358=VERTEX_POINT('',#9129);
#2359=VERTEX_POINT('',#9130);
#2360=VERTEX_POINT('',#9132);
#2361=VERTEX_POINT('',#9134);
#2362=VERTEX_POINT('',#9138);
#2363=VERTEX_POINT('',#9149);
#2364=VERTEX_POINT('',#9162);
#2365=VERTEX_POINT('',#9164);
#2366=VERTEX_POINT('',#9168);
#2367=VERTEX_POINT('',#9170);
#2368=VERTEX_POINT('',#9174);
#2369=VERTEX_POINT('',#9176);
#2370=VERTEX_POINT('',#9179);
#2371=VERTEX_POINT('',#9181);
#2372=VERTEX_POINT('',#9183);
#2373=VERTEX_POINT('',#9185);
#2374=VERTEX_POINT('',#9187);
#2375=VERTEX_POINT('',#9189);
#2376=VERTEX_POINT('',#9191);
#2377=VERTEX_POINT('',#9193);
#2378=VERTEX_POINT('',#9195);
#2379=VERTEX_POINT('',#9197);
#2380=VERTEX_POINT('',#9209);
#2381=VERTEX_POINT('',#9212);
#2382=VERTEX_POINT('',#9213);
#2383=VERTEX_POINT('',#9224);
#2384=VERTEX_POINT('',#9226);
#2385=VERTEX_POINT('',#9228);
#2386=VERTEX_POINT('',#9241);
#2387=VERTEX_POINT('',#9243);
#2388=VERTEX_POINT('',#9254);
#2389=VERTEX_POINT('',#9255);
#2390=VERTEX_POINT('',#9266);
#2391=VERTEX_POINT('',#9268);
#2392=VERTEX_POINT('',#9285);
#2393=VERTEX_POINT('',#9287);
#2394=VERTEX_POINT('',#9296);
#2395=VERTEX_POINT('',#9298);
#2396=VERTEX_POINT('',#9304);
#2397=VERTEX_POINT('',#9305);
#2398=VERTEX_POINT('',#9307);
#2399=VERTEX_POINT('',#9309);
#2400=VERTEX_POINT('',#9313);
#2401=VERTEX_POINT('',#9315);
#2402=VERTEX_POINT('',#9319);
#2403=VERTEX_POINT('',#9323);
#2404=EDGE_CURVE('',#1926,#1927,#996,.T.);
#2405=EDGE_CURVE('',#1928,#1926,#997,.T.);
#2406=EDGE_CURVE('',#1929,#1928,#998,.T.);
#2407=EDGE_CURVE('',#1927,#1929,#999,.T.);
#2408=EDGE_CURVE('',#1930,#1928,#1000,.T.);
#2409=EDGE_CURVE('',#1931,#1930,#1001,.T.);
#2410=EDGE_CURVE('',#1931,#1929,#1002,.T.);
#2411=EDGE_CURVE('',#1932,#1933,#1003,.T.);
#2412=EDGE_CURVE('',#1932,#1934,#1004,.T.);
#2413=EDGE_CURVE('',#1935,#1934,#1005,.T.);
#2414=EDGE_CURVE('',#1933,#1935,#1006,.T.);
#2415=EDGE_CURVE('',#1933,#1936,#1007,.T.);
#2416=EDGE_CURVE('',#1937,#1935,#1008,.T.);
#2417=EDGE_CURVE('',#1936,#1937,#1009,.T.);
#2418=EDGE_CURVE('',#1936,#1938,#1010,.T.);
#2419=EDGE_CURVE('',#1939,#1937,#1011,.T.);
#2420=EDGE_CURVE('',#1938,#1939,#1012,.T.);
#2421=EDGE_CURVE('',#1938,#1940,#1013,.T.);
#2422=EDGE_CURVE('',#1941,#1939,#1014,.T.);
#2423=EDGE_CURVE('',#1940,#1941,#1015,.T.);
#2424=EDGE_CURVE('',#1940,#1942,#1016,.T.);
#2425=EDGE_CURVE('',#1943,#1941,#1017,.T.);
#2426=EDGE_CURVE('',#1942,#1943,#1018,.T.);
#2427=EDGE_CURVE('',#1942,#1944,#1019,.T.);
#2428=EDGE_CURVE('',#1945,#1943,#1020,.T.);
#2429=EDGE_CURVE('',#1944,#1945,#1021,.T.);
#2430=EDGE_CURVE('',#1944,#1946,#1022,.T.);
#2431=EDGE_CURVE('',#1947,#1945,#1023,.T.);
#2432=EDGE_CURVE('',#1946,#1947,#1024,.T.);
#2433=EDGE_CURVE('',#1946,#1948,#1025,.T.);
#2434=EDGE_CURVE('',#1949,#1947,#1026,.T.);
#2435=EDGE_CURVE('',#1948,#1949,#1027,.T.);
#2436=EDGE_CURVE('',#1948,#1950,#1028,.T.);
#2437=EDGE_CURVE('',#1951,#1949,#1029,.T.);
#2438=EDGE_CURVE('',#1950,#1951,#1030,.T.);
#2439=EDGE_CURVE('',#1950,#1952,#1031,.T.);
#2440=EDGE_CURVE('',#1953,#1951,#1032,.T.);
#2441=EDGE_CURVE('',#1952,#1953,#1033,.T.);
#2442=EDGE_CURVE('',#1952,#1954,#1034,.T.);
#2443=EDGE_CURVE('',#1955,#1953,#1035,.T.);
#2444=EDGE_CURVE('',#1954,#1955,#1036,.T.);
#2445=EDGE_CURVE('',#1954,#1932,#1037,.T.);
#2446=EDGE_CURVE('',#1934,#1955,#1038,.T.);
#2447=EDGE_CURVE('',#1956,#1957,#149,.T.);
#2448=EDGE_CURVE('',#1956,#1958,#1039,.T.);
#2449=EDGE_CURVE('',#1959,#1958,#150,.T.);
#2450=EDGE_CURVE('',#1957,#1959,#1040,.T.);
#2451=EDGE_CURVE('',#1957,#1960,#151,.T.);
#2452=EDGE_CURVE('',#1961,#1959,#152,.T.);
#2453=EDGE_CURVE('',#1960,#1961,#1041,.T.);
#2454=EDGE_CURVE('',#1960,#1962,#153,.T.);
#2455=EDGE_CURVE('',#1963,#1961,#154,.T.);
#2456=EDGE_CURVE('',#1962,#1963,#1042,.T.);
#2457=EDGE_CURVE('',#1962,#1964,#155,.T.);
#2458=EDGE_CURVE('',#1965,#1963,#156,.T.);
#2459=EDGE_CURVE('',#1964,#1965,#1043,.T.);
#2460=EDGE_CURVE('',#1964,#1966,#157,.T.);
#2461=EDGE_CURVE('',#1967,#1965,#158,.T.);
#2462=EDGE_CURVE('',#1966,#1967,#1044,.T.);
#2463=EDGE_CURVE('',#1966,#1968,#159,.T.);
#2464=EDGE_CURVE('',#1969,#1967,#160,.T.);
#2465=EDGE_CURVE('',#1968,#1969,#1045,.T.);
#2466=EDGE_CURVE('',#1968,#1970,#161,.T.);
#2467=EDGE_CURVE('',#1971,#1969,#162,.T.);
#2468=EDGE_CURVE('',#1970,#1971,#1046,.T.);
#2469=EDGE_CURVE('',#1970,#1972,#163,.T.);
#2470=EDGE_CURVE('',#1973,#1971,#164,.T.);
#2471=EDGE_CURVE('',#1972,#1973,#1047,.T.);
#2472=EDGE_CURVE('',#1972,#1974,#165,.T.);
#2473=EDGE_CURVE('',#1975,#1973,#166,.T.);
#2474=EDGE_CURVE('',#1974,#1975,#1048,.T.);
#2475=EDGE_CURVE('',#1974,#1976,#167,.T.);
#2476=EDGE_CURVE('',#1977,#1975,#168,.T.);
#2477=EDGE_CURVE('',#1976,#1977,#1049,.T.);
#2478=EDGE_CURVE('',#1976,#1978,#169,.T.);
#2479=EDGE_CURVE('',#1979,#1977,#170,.T.);
#2480=EDGE_CURVE('',#1978,#1979,#1050,.T.);
#2481=EDGE_CURVE('',#1978,#1956,#171,.T.);
#2482=EDGE_CURVE('',#1958,#1979,#172,.T.);
#2483=EDGE_CURVE('',#1980,#1981,#173,.T.);
#2484=EDGE_CURVE('',#1980,#1982,#1051,.T.);
#2485=EDGE_CURVE('',#1983,#1982,#174,.T.);
#2486=EDGE_CURVE('',#1981,#1983,#1052,.T.);
#2487=EDGE_CURVE('',#1981,#1984,#175,.T.);
#2488=EDGE_CURVE('',#1985,#1983,#176,.T.);
#2489=EDGE_CURVE('',#1984,#1985,#1053,.T.);
#2490=EDGE_CURVE('',#1984,#1986,#177,.T.);
#2491=EDGE_CURVE('',#1987,#1985,#178,.T.);
#2492=EDGE_CURVE('',#1986,#1987,#1054,.T.);
#2493=EDGE_CURVE('',#1986,#1988,#179,.T.);
#2494=EDGE_CURVE('',#1989,#1987,#180,.T.);
#2495=EDGE_CURVE('',#1988,#1989,#1055,.T.);
#2496=EDGE_CURVE('',#1988,#1990,#181,.T.);
#2497=EDGE_CURVE('',#1991,#1989,#182,.T.);
#2498=EDGE_CURVE('',#1990,#1991,#1056,.T.);
#2499=EDGE_CURVE('',#1990,#1992,#183,.T.);
#2500=EDGE_CURVE('',#1993,#1991,#184,.T.);
#2501=EDGE_CURVE('',#1992,#1993,#1057,.T.);
#2502=EDGE_CURVE('',#1992,#1994,#185,.T.);
#2503=EDGE_CURVE('',#1995,#1993,#186,.T.);
#2504=EDGE_CURVE('',#1994,#1995,#1058,.T.);
#2505=EDGE_CURVE('',#1994,#1980,#187,.T.);
#2506=EDGE_CURVE('',#1982,#1995,#188,.T.);
#2507=EDGE_CURVE('',#1996,#1997,#1059,.T.);
#2508=EDGE_CURVE('',#1998,#1996,#1060,.T.);
#2509=EDGE_CURVE('',#1999,#1998,#1061,.T.);
#2510=EDGE_CURVE('',#1997,#1999,#1062,.T.);
#2511=EDGE_CURVE('',#2000,#2001,#1063,.T.);
#2512=EDGE_CURVE('',#2001,#2002,#189,.T.);
#2513=EDGE_CURVE('',#2002,#2003,#190,.T.);
#2514=EDGE_CURVE('',#2003,#2004,#191,.T.);
#2515=EDGE_CURVE('',#2004,#2005,#192,.T.);
#2516=EDGE_CURVE('',#2005,#2006,#193,.T.);
#2517=EDGE_CURVE('',#2006,#2007,#194,.T.);
#2518=EDGE_CURVE('',#2007,#2008,#195,.T.);
#2519=EDGE_CURVE('',#2008,#2009,#196,.T.);
#2520=EDGE_CURVE('',#2009,#2010,#197,.T.);
#2521=EDGE_CURVE('',#2010,#2011,#198,.T.);
#2522=EDGE_CURVE('',#2011,#2012,#199,.T.);
#2523=EDGE_CURVE('',#2012,#2013,#200,.T.);
#2524=EDGE_CURVE('',#2013,#2014,#201,.T.);
#2525=EDGE_CURVE('',#2014,#2015,#202,.T.);
#2526=EDGE_CURVE('',#2015,#2000,#203,.T.);
#2527=EDGE_CURVE('',#2016,#2017,#1064,.T.);
#2528=EDGE_CURVE('',#2017,#2018,#1065,.T.);
#2529=EDGE_CURVE('',#2018,#2019,#1066,.T.);
#2530=EDGE_CURVE('',#2019,#2020,#1067,.T.);
#2531=EDGE_CURVE('',#2020,#2021,#1068,.T.);
#2532=EDGE_CURVE('',#2021,#2022,#1069,.T.);
#2533=EDGE_CURVE('',#2022,#2023,#1070,.T.);
#2534=EDGE_CURVE('',#2023,#2016,#1071,.T.);
#2535=EDGE_CURVE('',#2024,#2025,#204,.T.);
#2536=EDGE_CURVE('',#2024,#2026,#1072,.T.);
#2537=EDGE_CURVE('',#2027,#2026,#205,.T.);
#2538=EDGE_CURVE('',#2025,#2027,#1073,.T.);
#2539=EDGE_CURVE('',#2025,#2028,#206,.T.);
#2540=EDGE_CURVE('',#2029,#2027,#207,.T.);
#2541=EDGE_CURVE('',#2028,#2029,#1074,.T.);
#2542=EDGE_CURVE('',#2028,#2030,#208,.T.);
#2543=EDGE_CURVE('',#2031,#2029,#209,.T.);
#2544=EDGE_CURVE('',#2030,#2031,#1075,.T.);
#2545=EDGE_CURVE('',#2030,#2032,#210,.T.);
#2546=EDGE_CURVE('',#2033,#2031,#211,.T.);
#2547=EDGE_CURVE('',#2032,#2033,#1076,.T.);
#2548=EDGE_CURVE('',#2032,#2034,#212,.T.);
#2549=EDGE_CURVE('',#2035,#2033,#213,.T.);
#2550=EDGE_CURVE('',#2034,#2035,#1077,.T.);
#2551=EDGE_CURVE('',#2034,#2036,#214,.T.);
#2552=EDGE_CURVE('',#2037,#2035,#215,.T.);
#2553=EDGE_CURVE('',#2036,#2037,#1078,.T.);
#2554=EDGE_CURVE('',#2036,#2038,#216,.T.);
#2555=EDGE_CURVE('',#2039,#2037,#217,.T.);
#2556=EDGE_CURVE('',#2038,#2039,#1079,.T.);
#2557=EDGE_CURVE('',#2038,#2024,#218,.T.);
#2558=EDGE_CURVE('',#2026,#2039,#219,.T.);
#2559=EDGE_CURVE('',#2000,#2040,#1080,.T.);
#2560=EDGE_CURVE('',#2041,#2040,#1081,.T.);
#2561=EDGE_CURVE('',#2001,#2041,#1082,.T.);
#2562=EDGE_CURVE('',#2042,#2041,#220,.T.);
#2563=EDGE_CURVE('',#2002,#2042,#1083,.T.);
#2564=EDGE_CURVE('',#2043,#2042,#221,.T.);
#2565=EDGE_CURVE('',#2003,#2043,#1084,.T.);
#2566=EDGE_CURVE('',#2044,#2043,#222,.T.);
#2567=EDGE_CURVE('',#2004,#2044,#1085,.T.);
#2568=EDGE_CURVE('',#2045,#2044,#223,.T.);
#2569=EDGE_CURVE('',#2005,#2045,#1086,.T.);
#2570=EDGE_CURVE('',#2046,#2045,#224,.T.);
#2571=EDGE_CURVE('',#2006,#2046,#1087,.T.);
#2572=EDGE_CURVE('',#2047,#2046,#225,.T.);
#2573=EDGE_CURVE('',#2007,#2047,#1088,.T.);
#2574=EDGE_CURVE('',#2048,#2047,#226,.T.);
#2575=EDGE_CURVE('',#2008,#2048,#1089,.T.);
#2576=EDGE_CURVE('',#2049,#2048,#227,.T.);
#2577=EDGE_CURVE('',#2009,#2049,#1090,.T.);
#2578=EDGE_CURVE('',#2050,#2049,#228,.T.);
#2579=EDGE_CURVE('',#2010,#2050,#1091,.T.);
#2580=EDGE_CURVE('',#2051,#2050,#229,.T.);
#2581=EDGE_CURVE('',#2011,#2051,#1092,.T.);
#2582=EDGE_CURVE('',#2052,#2051,#230,.T.);
#2583=EDGE_CURVE('',#2012,#2052,#1093,.T.);
#2584=EDGE_CURVE('',#2053,#2052,#231,.T.);
#2585=EDGE_CURVE('',#2013,#2053,#1094,.T.);
#2586=EDGE_CURVE('',#2054,#2053,#232,.T.);
#2587=EDGE_CURVE('',#2014,#2054,#1095,.T.);
#2588=EDGE_CURVE('',#2055,#2054,#233,.T.);
#2589=EDGE_CURVE('',#2015,#2055,#1096,.T.);
#2590=EDGE_CURVE('',#2040,#2055,#234,.T.);
#2591=EDGE_CURVE('',#2016,#2056,#1097,.T.);
#2592=EDGE_CURVE('',#2057,#2056,#1098,.T.);
#2593=EDGE_CURVE('',#2017,#2057,#1099,.T.);
#2594=EDGE_CURVE('',#2058,#2057,#1100,.T.);
#2595=EDGE_CURVE('',#2018,#2058,#1101,.T.);
#2596=EDGE_CURVE('',#2059,#2058,#1102,.T.);
#2597=EDGE_CURVE('',#2019,#2059,#1103,.T.);
#2598=EDGE_CURVE('',#2060,#2059,#1104,.T.);
#2599=EDGE_CURVE('',#2020,#2060,#1105,.T.);
#2600=EDGE_CURVE('',#2061,#2060,#1106,.T.);
#2601=EDGE_CURVE('',#2021,#2061,#1107,.T.);
#2602=EDGE_CURVE('',#2062,#2061,#1108,.T.);
#2603=EDGE_CURVE('',#2022,#2062,#1109,.T.);
#2604=EDGE_CURVE('',#2063,#2062,#1110,.T.);
#2605=EDGE_CURVE('',#2023,#2063,#1111,.T.);
#2606=EDGE_CURVE('',#2056,#2063,#1112,.T.);
#2607=EDGE_CURVE('',#2064,#2065,#1113,.T.);
#2608=EDGE_CURVE('',#2064,#2066,#1114,.T.);
#2609=EDGE_CURVE('',#2067,#2066,#1115,.T.);
#2610=EDGE_CURVE('',#2065,#2067,#1116,.T.);
#2611=EDGE_CURVE('',#2065,#2068,#1117,.T.);
#2612=EDGE_CURVE('',#2069,#2067,#1118,.T.);
#2613=EDGE_CURVE('',#2068,#2069,#1119,.T.);
#2614=EDGE_CURVE('',#2068,#2070,#1120,.T.);
#2615=EDGE_CURVE('',#2071,#2069,#1121,.T.);
#2616=EDGE_CURVE('',#2070,#2071,#1122,.T.);
#2617=EDGE_CURVE('',#2070,#2072,#1123,.T.);
#2618=EDGE_CURVE('',#2073,#2071,#1124,.T.);
#2619=EDGE_CURVE('',#2072,#2073,#1125,.T.);
#2620=EDGE_CURVE('',#2072,#2074,#1126,.T.);
#2621=EDGE_CURVE('',#2075,#2073,#1127,.T.);
#2622=EDGE_CURVE('',#2074,#2075,#1128,.T.);
#2623=EDGE_CURVE('',#2074,#2076,#1129,.T.);
#2624=EDGE_CURVE('',#2077,#2075,#1130,.T.);
#2625=EDGE_CURVE('',#2076,#2077,#1131,.T.);
#2626=EDGE_CURVE('',#2076,#2078,#1132,.T.);
#2627=EDGE_CURVE('',#2079,#2077,#1133,.T.);
#2628=EDGE_CURVE('',#2078,#2079,#1134,.T.);
#2629=EDGE_CURVE('',#2078,#2080,#1135,.T.);
#2630=EDGE_CURVE('',#2081,#2079,#1136,.T.);
#2631=EDGE_CURVE('',#2080,#2081,#1137,.T.);
#2632=EDGE_CURVE('',#2080,#2082,#1138,.T.);
#2633=EDGE_CURVE('',#2083,#2081,#1139,.T.);
#2634=EDGE_CURVE('',#2082,#2083,#1140,.T.);
#2635=EDGE_CURVE('',#2082,#2084,#1141,.T.);
#2636=EDGE_CURVE('',#2085,#2083,#1142,.T.);
#2637=EDGE_CURVE('',#2084,#2085,#1143,.T.);
#2638=EDGE_CURVE('',#2084,#2086,#1144,.T.);
#2639=EDGE_CURVE('',#2087,#2085,#1145,.T.);
#2640=EDGE_CURVE('',#2086,#2087,#1146,.T.);
#2641=EDGE_CURVE('',#2086,#2064,#1147,.T.);
#2642=EDGE_CURVE('',#2066,#2087,#1148,.T.);
#2643=EDGE_CURVE('',#2088,#2089,#235,.T.);
#2644=EDGE_CURVE('',#2088,#2090,#1149,.T.);
#2645=EDGE_CURVE('',#2091,#2090,#236,.T.);
#2646=EDGE_CURVE('',#2089,#2091,#1150,.T.);
#2647=EDGE_CURVE('',#2089,#2092,#237,.T.);
#2648=EDGE_CURVE('',#2093,#2091,#238,.T.);
#2649=EDGE_CURVE('',#2092,#2093,#1151,.T.);
#2650=EDGE_CURVE('',#2092,#2094,#239,.T.);
#2651=EDGE_CURVE('',#2095,#2093,#240,.T.);
#2652=EDGE_CURVE('',#2094,#2095,#1152,.T.);
#2653=EDGE_CURVE('',#2094,#2096,#241,.T.);
#2654=EDGE_CURVE('',#2097,#2095,#242,.T.);
#2655=EDGE_CURVE('',#2096,#2097,#1153,.T.);
#2656=EDGE_CURVE('',#2096,#2098,#243,.T.);
#2657=EDGE_CURVE('',#2099,#2097,#244,.T.);
#2658=EDGE_CURVE('',#2098,#2099,#1154,.T.);
#2659=EDGE_CURVE('',#2098,#2100,#245,.T.);
#2660=EDGE_CURVE('',#2101,#2099,#246,.T.);
#2661=EDGE_CURVE('',#2100,#2101,#1155,.T.);
#2662=EDGE_CURVE('',#2100,#2102,#247,.T.);
#2663=EDGE_CURVE('',#2103,#2101,#248,.T.);
#2664=EDGE_CURVE('',#2102,#2103,#1156,.T.);
#2665=EDGE_CURVE('',#2102,#2104,#249,.T.);
#2666=EDGE_CURVE('',#2105,#2103,#250,.T.);
#2667=EDGE_CURVE('',#2104,#2105,#1157,.T.);
#2668=EDGE_CURVE('',#2104,#2106,#251,.T.);
#2669=EDGE_CURVE('',#2107,#2105,#252,.T.);
#2670=EDGE_CURVE('',#2106,#2107,#1158,.T.);
#2671=EDGE_CURVE('',#2106,#2108,#253,.T.);
#2672=EDGE_CURVE('',#2109,#2107,#254,.T.);
#2673=EDGE_CURVE('',#2108,#2109,#1159,.T.);
#2674=EDGE_CURVE('',#2108,#2110,#255,.T.);
#2675=EDGE_CURVE('',#2111,#2109,#256,.T.);
#2676=EDGE_CURVE('',#2110,#2111,#1160,.T.);
#2677=EDGE_CURVE('',#2110,#2088,#257,.T.);
#2678=EDGE_CURVE('',#2090,#2111,#258,.T.);
#2679=EDGE_CURVE('',#2112,#2113,#259,.T.);
#2680=EDGE_CURVE('',#2112,#2114,#1161,.T.);
#2681=EDGE_CURVE('',#2115,#2114,#260,.T.);
#2682=EDGE_CURVE('',#2113,#2115,#1162,.T.);
#2683=EDGE_CURVE('',#2113,#2116,#261,.T.);
#2684=EDGE_CURVE('',#2117,#2115,#262,.T.);
#2685=EDGE_CURVE('',#2116,#2117,#1163,.T.);
#2686=EDGE_CURVE('',#2116,#2118,#263,.T.);
#2687=EDGE_CURVE('',#2119,#2117,#264,.T.);
#2688=EDGE_CURVE('',#2118,#2119,#1164,.T.);
#2689=EDGE_CURVE('',#2118,#2120,#265,.T.);
#2690=EDGE_CURVE('',#2121,#2119,#266,.T.);
#2691=EDGE_CURVE('',#2120,#2121,#1165,.T.);
#2692=EDGE_CURVE('',#2120,#2122,#267,.T.);
#2693=EDGE_CURVE('',#2123,#2121,#268,.T.);
#2694=EDGE_CURVE('',#2122,#2123,#1166,.T.);
#2695=EDGE_CURVE('',#2122,#2124,#269,.T.);
#2696=EDGE_CURVE('',#2125,#2123,#270,.T.);
#2697=EDGE_CURVE('',#2124,#2125,#1167,.T.);
#2698=EDGE_CURVE('',#2124,#2126,#271,.T.);
#2699=EDGE_CURVE('',#2127,#2125,#272,.T.);
#2700=EDGE_CURVE('',#2126,#2127,#1168,.T.);
#2701=EDGE_CURVE('',#2126,#2112,#273,.T.);
#2702=EDGE_CURVE('',#2114,#2127,#274,.T.);
#2703=EDGE_CURVE('',#2128,#2129,#1169,.T.);
#2704=EDGE_CURVE('',#2130,#2128,#1170,.T.);
#2705=EDGE_CURVE('',#2131,#2130,#1171,.T.);
#2706=EDGE_CURVE('',#2129,#2131,#1172,.T.);
#2707=EDGE_CURVE('',#2132,#2133,#1173,.T.);
#2708=EDGE_CURVE('',#2133,#2134,#275,.T.);
#2709=EDGE_CURVE('',#2134,#2135,#276,.T.);
#2710=EDGE_CURVE('',#2135,#2136,#277,.T.);
#2711=EDGE_CURVE('',#2136,#2137,#278,.T.);
#2712=EDGE_CURVE('',#2137,#2138,#279,.T.);
#2713=EDGE_CURVE('',#2138,#2139,#280,.T.);
#2714=EDGE_CURVE('',#2139,#2140,#281,.T.);
#2715=EDGE_CURVE('',#2140,#2141,#282,.T.);
#2716=EDGE_CURVE('',#2141,#2142,#283,.T.);
#2717=EDGE_CURVE('',#2142,#2143,#284,.T.);
#2718=EDGE_CURVE('',#2143,#2144,#285,.T.);
#2719=EDGE_CURVE('',#2144,#2145,#286,.T.);
#2720=EDGE_CURVE('',#2145,#2146,#287,.T.);
#2721=EDGE_CURVE('',#2146,#2147,#288,.T.);
#2722=EDGE_CURVE('',#2147,#2132,#289,.T.);
#2723=EDGE_CURVE('',#2148,#2149,#1174,.T.);
#2724=EDGE_CURVE('',#2149,#2150,#1175,.T.);
#2725=EDGE_CURVE('',#2150,#2151,#1176,.T.);
#2726=EDGE_CURVE('',#2151,#2152,#1177,.T.);
#2727=EDGE_CURVE('',#2152,#2153,#1178,.T.);
#2728=EDGE_CURVE('',#2153,#2154,#1179,.T.);
#2729=EDGE_CURVE('',#2154,#2155,#1180,.T.);
#2730=EDGE_CURVE('',#2155,#2148,#1181,.T.);
#2731=EDGE_CURVE('',#2156,#2157,#290,.T.);
#2732=EDGE_CURVE('',#2156,#2158,#1182,.T.);
#2733=EDGE_CURVE('',#2159,#2158,#291,.T.);
#2734=EDGE_CURVE('',#2157,#2159,#1183,.T.);
#2735=EDGE_CURVE('',#2157,#2160,#292,.T.);
#2736=EDGE_CURVE('',#2161,#2159,#293,.T.);
#2737=EDGE_CURVE('',#2160,#2161,#1184,.T.);
#2738=EDGE_CURVE('',#2160,#2162,#294,.T.);
#2739=EDGE_CURVE('',#2163,#2161,#295,.T.);
#2740=EDGE_CURVE('',#2162,#2163,#1185,.T.);
#2741=EDGE_CURVE('',#2162,#2164,#296,.T.);
#2742=EDGE_CURVE('',#2165,#2163,#297,.T.);
#2743=EDGE_CURVE('',#2164,#2165,#1186,.T.);
#2744=EDGE_CURVE('',#2164,#2166,#298,.T.);
#2745=EDGE_CURVE('',#2167,#2165,#299,.T.);
#2746=EDGE_CURVE('',#2166,#2167,#1187,.T.);
#2747=EDGE_CURVE('',#2166,#2168,#300,.T.);
#2748=EDGE_CURVE('',#2169,#2167,#301,.T.);
#2749=EDGE_CURVE('',#2168,#2169,#1188,.T.);
#2750=EDGE_CURVE('',#2168,#2170,#302,.T.);
#2751=EDGE_CURVE('',#2171,#2169,#303,.T.);
#2752=EDGE_CURVE('',#2170,#2171,#1189,.T.);
#2753=EDGE_CURVE('',#2170,#2156,#304,.T.);
#2754=EDGE_CURVE('',#2158,#2171,#305,.T.);
#2755=EDGE_CURVE('',#2132,#2172,#1190,.T.);
#2756=EDGE_CURVE('',#2173,#2172,#1191,.T.);
#2757=EDGE_CURVE('',#2133,#2173,#1192,.T.);
#2758=EDGE_CURVE('',#2174,#2173,#306,.T.);
#2759=EDGE_CURVE('',#2134,#2174,#1193,.T.);
#2760=EDGE_CURVE('',#2175,#2174,#307,.T.);
#2761=EDGE_CURVE('',#2135,#2175,#1194,.T.);
#2762=EDGE_CURVE('',#2176,#2175,#308,.T.);
#2763=EDGE_CURVE('',#2136,#2176,#1195,.T.);
#2764=EDGE_CURVE('',#2177,#2176,#309,.T.);
#2765=EDGE_CURVE('',#2137,#2177,#1196,.T.);
#2766=EDGE_CURVE('',#2178,#2177,#310,.T.);
#2767=EDGE_CURVE('',#2138,#2178,#1197,.T.);
#2768=EDGE_CURVE('',#2179,#2178,#311,.T.);
#2769=EDGE_CURVE('',#2139,#2179,#1198,.T.);
#2770=EDGE_CURVE('',#2180,#2179,#312,.T.);
#2771=EDGE_CURVE('',#2140,#2180,#1199,.T.);
#2772=EDGE_CURVE('',#2181,#2180,#313,.T.);
#2773=EDGE_CURVE('',#2141,#2181,#1200,.T.);
#2774=EDGE_CURVE('',#2182,#2181,#314,.T.);
#2775=EDGE_CURVE('',#2142,#2182,#1201,.T.);
#2776=EDGE_CURVE('',#2183,#2182,#315,.T.);
#2777=EDGE_CURVE('',#2143,#2183,#1202,.T.);
#2778=EDGE_CURVE('',#2184,#2183,#316,.T.);
#2779=EDGE_CURVE('',#2144,#2184,#1203,.T.);
#2780=EDGE_CURVE('',#2185,#2184,#317,.T.);
#2781=EDGE_CURVE('',#2145,#2185,#1204,.T.);
#2782=EDGE_CURVE('',#2186,#2185,#318,.T.);
#2783=EDGE_CURVE('',#2146,#2186,#1205,.T.);
#2784=EDGE_CURVE('',#2187,#2186,#319,.T.);
#2785=EDGE_CURVE('',#2147,#2187,#1206,.T.);
#2786=EDGE_CURVE('',#2172,#2187,#320,.T.);
#2787=EDGE_CURVE('',#2148,#2188,#1207,.T.);
#2788=EDGE_CURVE('',#2189,#2188,#1208,.T.);
#2789=EDGE_CURVE('',#2149,#2189,#1209,.T.);
#2790=EDGE_CURVE('',#2190,#2189,#1210,.T.);
#2791=EDGE_CURVE('',#2150,#2190,#1211,.T.);
#2792=EDGE_CURVE('',#2191,#2190,#1212,.T.);
#2793=EDGE_CURVE('',#2151,#2191,#1213,.T.);
#2794=EDGE_CURVE('',#2192,#2191,#1214,.T.);
#2795=EDGE_CURVE('',#2152,#2192,#1215,.T.);
#2796=EDGE_CURVE('',#2193,#2192,#1216,.T.);
#2797=EDGE_CURVE('',#2153,#2193,#1217,.T.);
#2798=EDGE_CURVE('',#2194,#2193,#1218,.T.);
#2799=EDGE_CURVE('',#2154,#2194,#1219,.T.);
#2800=EDGE_CURVE('',#2195,#2194,#1220,.T.);
#2801=EDGE_CURVE('',#2155,#2195,#1221,.T.);
#2802=EDGE_CURVE('',#2188,#2195,#1222,.T.);
#2803=EDGE_CURVE('',#2196,#2197,#1223,.T.);
#2804=EDGE_CURVE('',#2196,#2130,#1224,.T.);
#2805=EDGE_CURVE('',#2197,#2128,#1225,.T.);
#2806=EDGE_CURVE('',#2198,#2196,#1226,.T.);
#2807=EDGE_CURVE('',#2198,#2131,#1227,.T.);
#2808=EDGE_CURVE('',#2199,#2198,#1228,.T.);
#2809=EDGE_CURVE('',#2199,#2129,#1229,.T.);
#2810=EDGE_CURVE('',#2197,#2199,#1230,.T.);
#2811=EDGE_CURVE('',#2200,#2201,#1231,.T.);
#2812=EDGE_CURVE('',#2200,#1998,#1232,.T.);
#2813=EDGE_CURVE('',#2201,#1996,#1233,.T.);
#2814=EDGE_CURVE('',#2202,#2200,#1234,.T.);
#2815=EDGE_CURVE('',#2202,#1999,#1235,.T.);
#2816=EDGE_CURVE('',#2203,#2202,#1236,.T.);
#2817=EDGE_CURVE('',#2203,#1997,#1237,.T.);
#2818=EDGE_CURVE('',#2201,#2203,#1238,.T.);
#2819=EDGE_CURVE('',#2204,#2205,#1239,.T.);
#2820=EDGE_CURVE('',#2204,#2206,#1240,.T.);
#2821=EDGE_CURVE('',#2207,#2206,#1241,.T.);
#2822=EDGE_CURVE('',#2205,#2207,#1242,.T.);
#2823=EDGE_CURVE('',#2205,#2208,#1243,.T.);
#2824=EDGE_CURVE('',#2209,#2207,#1244,.T.);
#2825=EDGE_CURVE('',#2208,#2209,#1245,.T.);
#2826=EDGE_CURVE('',#2208,#2210,#1246,.T.);
#2827=EDGE_CURVE('',#2211,#2209,#1247,.T.);
#2828=EDGE_CURVE('',#2210,#2211,#1248,.T.);
#2829=EDGE_CURVE('',#2210,#2204,#1249,.T.);
#2830=EDGE_CURVE('',#2206,#2211,#1250,.T.);
#2831=EDGE_CURVE('',#2212,#2213,#1251,.T.);
#2832=EDGE_CURVE('',#2212,#2214,#1252,.T.);
#2833=EDGE_CURVE('',#2215,#2214,#1253,.T.);
#2834=EDGE_CURVE('',#2213,#2215,#1254,.T.);
#2835=EDGE_CURVE('',#2213,#2216,#1255,.T.);
#2836=EDGE_CURVE('',#2217,#2215,#1256,.T.);
#2837=EDGE_CURVE('',#2216,#2217,#1257,.T.);
#2838=EDGE_CURVE('',#2216,#2218,#1258,.T.);
#2839=EDGE_CURVE('',#2219,#2217,#1259,.T.);
#2840=EDGE_CURVE('',#2218,#2219,#1260,.T.);
#2841=EDGE_CURVE('',#2218,#2220,#1261,.T.);
#2842=EDGE_CURVE('',#2221,#2219,#1262,.T.);
#2843=EDGE_CURVE('',#2220,#2221,#1263,.T.);
#2844=EDGE_CURVE('',#2220,#2222,#1264,.T.);
#2845=EDGE_CURVE('',#2223,#2221,#1265,.T.);
#2846=EDGE_CURVE('',#2222,#2223,#1266,.T.);
#2847=EDGE_CURVE('',#2222,#2224,#1267,.T.);
#2848=EDGE_CURVE('',#2225,#2223,#1268,.T.);
#2849=EDGE_CURVE('',#2224,#2225,#1269,.T.);
#2850=EDGE_CURVE('',#2224,#2226,#1270,.T.);
#2851=EDGE_CURVE('',#2227,#2225,#1271,.T.);
#2852=EDGE_CURVE('',#2226,#2227,#1272,.T.);
#2853=EDGE_CURVE('',#2226,#2228,#1273,.T.);
#2854=EDGE_CURVE('',#2229,#2227,#1274,.T.);
#2855=EDGE_CURVE('',#2228,#2229,#1275,.T.);
#2856=EDGE_CURVE('',#2228,#2230,#1276,.T.);
#2857=EDGE_CURVE('',#2231,#2229,#1277,.T.);
#2858=EDGE_CURVE('',#2230,#2231,#1278,.T.);
#2859=EDGE_CURVE('',#2230,#2232,#1279,.T.);
#2860=EDGE_CURVE('',#2233,#2231,#1280,.T.);
#2861=EDGE_CURVE('',#2232,#2233,#1281,.T.);
#2862=EDGE_CURVE('',#2232,#2234,#1282,.T.);
#2863=EDGE_CURVE('',#2235,#2233,#1283,.T.);
#2864=EDGE_CURVE('',#2234,#2235,#1284,.T.);
#2865=EDGE_CURVE('',#2234,#2212,#1285,.T.);
#2866=EDGE_CURVE('',#2214,#2235,#1286,.T.);
#2867=EDGE_CURVE('',#2236,#2237,#1287,.T.);
#2868=EDGE_CURVE('',#2237,#2238,#1288,.T.);
#2869=EDGE_CURVE('',#2238,#2239,#1289,.T.);
#2870=EDGE_CURVE('',#2239,#2240,#1290,.T.);
#2871=EDGE_CURVE('',#2240,#2241,#1291,.T.);
#2872=EDGE_CURVE('',#2241,#2236,#1292,.T.);
#2873=EDGE_CURVE('',#2242,#2243,#1293,.T.);
#2874=EDGE_CURVE('',#2243,#2244,#1294,.T.);
#2875=EDGE_CURVE('',#2244,#2245,#1295,.T.);
#2876=EDGE_CURVE('',#2245,#2246,#1296,.T.);
#2877=EDGE_CURVE('',#2246,#2247,#1297,.T.);
#2878=EDGE_CURVE('',#2247,#2242,#1298,.T.);
#2879=EDGE_CURVE('',#2248,#2245,#1299,.T.);
#2880=EDGE_CURVE('',#2249,#2248,#1300,.T.);
#2881=EDGE_CURVE('',#2249,#2246,#1301,.T.);
#2882=EDGE_CURVE('',#2250,#2249,#1302,.T.);
#2883=EDGE_CURVE('',#2250,#2247,#1303,.T.);
#2884=EDGE_CURVE('',#2251,#2250,#1304,.T.);
#2885=EDGE_CURVE('',#2251,#2242,#1305,.T.);
#2886=EDGE_CURVE('',#2252,#1927,#1306,.T.);
#2887=EDGE_CURVE('',#2253,#2252,#1307,.T.);
#2888=EDGE_CURVE('',#2253,#1926,#1308,.T.);
#2889=EDGE_CURVE('',#1930,#2253,#1309,.T.);
#2890=EDGE_CURVE('',#2254,#1931,#1310,.T.);
#2891=EDGE_CURVE('',#2254,#2243,#1311,.T.);
#2892=EDGE_CURVE('',#2252,#2251,#1312,.T.);
#2893=EDGE_CURVE('',#2255,#2254,#1313,.T.);
#2894=EDGE_CURVE('',#2244,#2255,#1314,.T.);
#2895=EDGE_CURVE('',#2248,#2255,#1315,.T.);
#2896=EDGE_CURVE('',#2256,#2237,#1316,.T.);
#2897=EDGE_CURVE('',#2257,#2256,#1317,.T.);
#2898=EDGE_CURVE('',#2257,#2238,#1318,.T.);
#2899=EDGE_CURVE('',#2258,#2257,#1319,.T.);
#2900=EDGE_CURVE('',#2258,#2239,#1320,.T.);
#2901=EDGE_CURVE('',#2259,#2258,#1321,.T.);
#2902=EDGE_CURVE('',#2259,#2240,#1322,.T.);
#2903=EDGE_CURVE('',#2260,#2259,#1323,.T.);
#2904=EDGE_CURVE('',#2260,#2241,#1324,.T.);
#2905=EDGE_CURVE('',#2261,#2260,#1325,.T.);
#2906=EDGE_CURVE('',#2236,#2261,#1326,.T.);
#2907=EDGE_CURVE('',#2256,#2261,#1327,.T.);
#2908=EDGE_CURVE('',#2262,#2263,#42,.T.);
#2909=EDGE_CURVE('',#2263,#2264,#1328,.T.);
#2910=EDGE_CURVE('',#2264,#2265,#43,.T.);
#2911=EDGE_CURVE('',#2265,#2262,#1329,.T.);
#2912=EDGE_CURVE('',#2266,#2263,#1330,.T.);
#2913=EDGE_CURVE('',#2267,#2266,#1331,.T.);
#2914=EDGE_CURVE('',#2264,#2267,#1332,.T.);
#2915=EDGE_CURVE('',#2268,#2267,#44,.T.);
#2916=EDGE_CURVE('',#2265,#2268,#1333,.T.);
#2917=EDGE_CURVE('',#2269,#2268,#1334,.T.);
#2918=EDGE_CURVE('',#2262,#2269,#1335,.T.);
#2919=EDGE_CURVE('',#2266,#2269,#45,.T.);
#2920=EDGE_CURVE('',#2270,#2270,#46,.T.);
#2921=EDGE_CURVE('',#2270,#2271,#1336,.T.);
#2922=EDGE_CURVE('',#2271,#2271,#47,.T.);
#2923=EDGE_CURVE('',#2272,#2272,#48,.T.);
#2924=EDGE_CURVE('',#2272,#2273,#1337,.T.);
#2925=EDGE_CURVE('',#2273,#2273,#49,.T.);
#2926=EDGE_CURVE('',#2274,#2274,#50,.T.);
#2927=EDGE_CURVE('',#2274,#2275,#1338,.T.);
#2928=EDGE_CURVE('',#2275,#2275,#51,.T.);
#2929=EDGE_CURVE('',#2274,#2275,#1339,.T.);
#2930=EDGE_CURVE('',#2276,#2276,#52,.T.);
#2931=EDGE_CURVE('',#2277,#2277,#53,.T.);
#2932=EDGE_CURVE('',#2277,#2278,#1340,.T.);
#2933=EDGE_CURVE('',#2278,#2278,#54,.T.);
#2934=EDGE_CURVE('',#2279,#2279,#55,.T.);
#2935=EDGE_CURVE('',#2280,#2281,#1341,.T.);
#2936=EDGE_CURVE('',#2281,#2282,#1342,.T.);
#2937=EDGE_CURVE('',#2282,#2283,#1343,.T.);
#2938=EDGE_CURVE('',#2283,#2274,#1344,.T.);
#2939=EDGE_CURVE('',#2274,#2284,#1345,.T.);
#2940=EDGE_CURVE('',#2284,#2285,#1346,.T.);
#2941=EDGE_CURVE('',#2285,#2286,#1347,.T.);
#2942=EDGE_CURVE('',#2286,#2287,#1348,.T.);
#2943=EDGE_CURVE('',#2287,#2288,#1349,.T.);
#2944=EDGE_CURVE('',#2288,#2289,#1350,.T.);
#2945=EDGE_CURVE('',#2289,#2280,#1351,.T.);
#2946=EDGE_CURVE('',#2290,#2291,#1352,.T.);
#2947=EDGE_CURVE('',#2292,#2290,#1353,.T.);
#2948=EDGE_CURVE('',#2292,#2293,#1354,.T.);
#2949=EDGE_CURVE('',#2291,#2293,#1355,.T.);
#2950=EDGE_CURVE('',#2291,#2294,#1356,.T.);
#2951=EDGE_CURVE('',#2293,#2295,#1357,.T.);
#2952=EDGE_CURVE('',#2294,#2295,#1358,.T.);
#2953=EDGE_CURVE('',#2294,#2296,#1359,.T.);
#2954=EDGE_CURVE('',#2295,#2297,#1360,.T.);
#2955=EDGE_CURVE('',#2296,#2297,#1361,.T.);
#2956=EDGE_CURVE('',#2297,#2292,#1362,.T.);
#2957=EDGE_CURVE('',#2290,#2298,#1363,.T.);
#2958=EDGE_CURVE('',#2298,#2281,#1364,.T.);
#2959=EDGE_CURVE('',#2299,#2280,#1365,.T.);
#2960=EDGE_CURVE('',#2299,#2296,#1366,.T.);
#2961=EDGE_CURVE('',#2300,#2299,#1367,.T.);
#2962=EDGE_CURVE('',#2301,#2300,#1368,.T.);
#2963=EDGE_CURVE('',#2302,#2301,#1369,.T.);
#2964=EDGE_CURVE('',#2303,#2302,#1370,.T.);
#2965=EDGE_CURVE('',#2304,#2303,#1371,.T.);
#2966=EDGE_CURVE('',#2305,#2304,#1372,.T.);
#2967=EDGE_CURVE('',#2306,#2305,#1373,.T.);
#2968=EDGE_CURVE('',#2307,#2306,#1374,.T.);
#2969=EDGE_CURVE('',#2298,#2307,#1375,.T.);
#2970=EDGE_CURVE('',#2308,#2308,#56,.T.);
#2971=EDGE_CURVE('',#2309,#2309,#57,.T.);
#2972=EDGE_CURVE('',#2302,#2287,#1376,.T.);
#2973=EDGE_CURVE('',#2303,#2286,#1377,.T.);
#2974=EDGE_CURVE('',#2301,#2288,#1378,.T.);
#2975=EDGE_CURVE('',#2300,#2289,#1379,.T.);
#2976=EDGE_CURVE('',#2276,#2309,#1380,.T.);
#2977=EDGE_CURVE('',#2279,#2308,#1381,.T.);
#2978=EDGE_CURVE('',#2304,#2285,#1382,.T.);
#2979=EDGE_CURVE('',#2305,#2284,#1383,.T.);
#2980=EDGE_CURVE('',#2306,#2283,#1384,.T.);
#2981=EDGE_CURVE('',#2307,#2282,#1385,.T.);
#2982=EDGE_CURVE('',#2310,#2310,#58,.T.);
#2983=EDGE_CURVE('',#2311,#2312,#1386,.T.);
#2984=EDGE_CURVE('',#2312,#2313,#59,.T.);
#2985=EDGE_CURVE('',#2313,#2314,#1387,.T.);
#2986=EDGE_CURVE('',#2311,#2314,#60,.T.);
#2987=EDGE_CURVE('',#2315,#2311,#321,.T.);
#2988=EDGE_CURVE('',#2314,#2316,#322,.T.);
#2989=EDGE_CURVE('',#2316,#2317,#61,.T.);
#2990=EDGE_CURVE('',#2317,#2315,#62,.T.);
#2991=EDGE_CURVE('',#2318,#2319,#1388,.T.);
#2992=EDGE_CURVE('',#2319,#2320,#63,.T.);
#2993=EDGE_CURVE('',#2320,#2321,#1389,.T.);
#2994=EDGE_CURVE('',#2318,#2321,#64,.T.);
#2995=EDGE_CURVE('',#2322,#2318,#323,.T.);
#2996=EDGE_CURVE('',#2321,#2323,#324,.T.);
#2997=EDGE_CURVE('',#2323,#2322,#65,.T.);
#2998=EDGE_CURVE('',#2324,#2325,#325,.T.);
#2999=EDGE_CURVE('',#2325,#2326,#66,.T.);
#3000=EDGE_CURVE('',#2326,#2327,#326,.T.);
#3001=EDGE_CURVE('',#2327,#2324,#67,.T.);
#3002=EDGE_CURVE('',#2328,#2324,#1390,.T.);
#3003=EDGE_CURVE('',#2327,#2329,#1391,.T.);
#3004=EDGE_CURVE('',#2329,#2328,#68,.T.);
#3005=EDGE_CURVE('',#2330,#2322,#1392,.T.);
#3006=EDGE_CURVE('',#2330,#2331,#1393,.T.);
#3007=EDGE_CURVE('',#2319,#2331,#1394,.T.);
#3008=EDGE_CURVE('',#2332,#2315,#1395,.T.);
#3009=EDGE_CURVE('',#2332,#2333,#1396,.T.);
#3010=EDGE_CURVE('',#2312,#2333,#1397,.T.);
#3011=EDGE_CURVE('',#2334,#2330,#69,.T.);
#3012=EDGE_CURVE('',#2335,#2334,#1398,.T.);
#3013=EDGE_CURVE('',#2333,#2335,#70,.T.);
#3014=EDGE_CURVE('',#2336,#2332,#71,.T.);
#3015=EDGE_CURVE('',#2337,#2336,#1399,.T.);
#3016=EDGE_CURVE('',#2338,#2337,#72,.T.);
#3017=EDGE_CURVE('',#2339,#2338,#1400,.T.);
#3018=EDGE_CURVE('',#2340,#2339,#73,.T.);
#3019=EDGE_CURVE('',#2341,#2340,#1401,.T.);
#3020=EDGE_CURVE('',#2342,#2341,#74,.T.);
#3021=EDGE_CURVE('',#2343,#2342,#1402,.T.);
#3022=EDGE_CURVE('',#2344,#2343,#75,.T.);
#3023=EDGE_CURVE('',#2345,#2344,#1403,.T.);
#3024=EDGE_CURVE('',#2331,#2345,#76,.T.);
#3025=EDGE_CURVE('',#2339,#2326,#1404,.T.);
#3026=EDGE_CURVE('',#2329,#2338,#1405,.T.);
#3027=EDGE_CURVE('',#2323,#2344,#1406,.T.);
#3028=EDGE_CURVE('',#2320,#2345,#1407,.T.);
#3029=EDGE_CURVE('',#2316,#2334,#1408,.T.);
#3030=EDGE_CURVE('',#2313,#2335,#1409,.T.);
#3031=EDGE_CURVE('',#2325,#2336,#1410,.T.);
#3032=EDGE_CURVE('',#2328,#2337,#1411,.T.);
#3033=EDGE_CURVE('',#2343,#2346,#1412,.T.);
#3034=EDGE_CURVE('',#2347,#2346,#77,.T.);
#3035=EDGE_CURVE('',#2347,#2340,#1413,.T.);
#3036=EDGE_CURVE('',#2317,#2310,#1414,.T.);
#3037=EDGE_CURVE('',#2348,#2347,#327,.T.);
#3038=EDGE_CURVE('',#2346,#2349,#328,.T.);
#3039=EDGE_CURVE('',#2349,#2348,#78,.T.);
#3040=EDGE_CURVE('',#2350,#2348,#1415,.T.);
#3041=EDGE_CURVE('',#2349,#2351,#1416,.T.);
#3042=EDGE_CURVE('',#2351,#2350,#79,.T.);
#3043=EDGE_CURVE('',#2342,#2351,#1417,.T.);
#3044=EDGE_CURVE('',#2350,#2341,#1418,.T.);
#3045=EDGE_CURVE('',#2352,#2353,#1419,.T.);
#3046=EDGE_CURVE('',#2353,#2354,#80,.T.);
#3047=EDGE_CURVE('',#2354,#2355,#1420,.T.);
#3048=EDGE_CURVE('',#2352,#2355,#81,.T.);
#3049=EDGE_CURVE('',#2356,#2352,#329,.T.);
#3050=EDGE_CURVE('',#2355,#2357,#330,.T.);
#3051=EDGE_CURVE('',#2357,#2356,#82,.T.);
#3052=EDGE_CURVE('',#2358,#2359,#1421,.T.);
#3053=EDGE_CURVE('',#2359,#2360,#83,.T.);
#3054=EDGE_CURVE('',#2360,#2361,#1422,.T.);
#3055=EDGE_CURVE('',#2358,#2361,#84,.T.);
#3056=EDGE_CURVE('',#2362,#2358,#331,.T.);
#3057=EDGE_CURVE('',#2361,#2363,#332,.T.);
#3058=EDGE_CURVE('',#2363,#2362,#85,.T.);
#3059=EDGE_CURVE('',#2364,#2362,#1423,.T.);
#3060=EDGE_CURVE('',#2364,#2365,#1424,.T.);
#3061=EDGE_CURVE('',#2359,#2365,#1425,.T.);
#3062=EDGE_CURVE('',#2366,#2356,#1426,.T.);
#3063=EDGE_CURVE('',#2366,#2367,#1427,.T.);
#3064=EDGE_CURVE('',#2353,#2367,#1428,.T.);
#3065=EDGE_CURVE('',#2368,#2364,#86,.T.);
#3066=EDGE_CURVE('',#2369,#2368,#1429,.T.);
#3067=EDGE_CURVE('',#2367,#2369,#87,.T.);
#3068=EDGE_CURVE('',#2370,#2366,#88,.T.);
#3069=EDGE_CURVE('',#2371,#2370,#1430,.T.);
#3070=EDGE_CURVE('',#2372,#2371,#89,.T.);
#3071=EDGE_CURVE('',#2373,#2372,#1431,.T.);
#3072=EDGE_CURVE('',#2374,#2373,#90,.T.);
#3073=EDGE_CURVE('',#2375,#2374,#1432,.T.);
#3074=EDGE_CURVE('',#2376,#2375,#91,.T.);
#3075=EDGE_CURVE('',#2377,#2376,#1433,.T.);
#3076=EDGE_CURVE('',#2378,#2377,#92,.T.);
#3077=EDGE_CURVE('',#2379,#2378,#1434,.T.);
#3078=EDGE_CURVE('',#2365,#2379,#93,.T.);
#3079=EDGE_CURVE('',#2363,#2378,#1435,.T.);
#3080=EDGE_CURVE('',#2360,#2379,#1436,.T.);
#3081=EDGE_CURVE('',#2357,#2368,#1437,.T.);
#3082=EDGE_CURVE('',#2354,#2369,#1438,.T.);
#3083=EDGE_CURVE('',#2380,#2380,#94,.T.);
#3084=EDGE_CURVE('',#2381,#2382,#333,.T.);
#3085=EDGE_CURVE('',#2382,#2383,#95,.T.);
#3086=EDGE_CURVE('',#2383,#2384,#96,.T.);
#3087=EDGE_CURVE('',#2384,#2385,#334,.T.);
#3088=EDGE_CURVE('',#2385,#2381,#97,.T.);
#3089=EDGE_CURVE('',#2386,#2381,#1439,.T.);
#3090=EDGE_CURVE('',#2385,#2387,#1440,.T.);
#3091=EDGE_CURVE('',#2387,#2386,#98,.T.);
#3092=EDGE_CURVE('',#2382,#2370,#1441,.T.);
#3093=EDGE_CURVE('',#2371,#2386,#1442,.T.);
#3094=EDGE_CURVE('',#2372,#2387,#1443,.T.);
#3095=EDGE_CURVE('',#2373,#2384,#1444,.T.);
#3096=EDGE_CURVE('',#2388,#2389,#335,.T.);
#3097=EDGE_CURVE('',#2389,#2390,#99,.T.);
#3098=EDGE_CURVE('',#2390,#2391,#336,.T.);
#3099=EDGE_CURVE('',#2391,#2388,#100,.T.);
#3100=EDGE_CURVE('',#2389,#2374,#1445,.T.);
#3101=EDGE_CURVE('',#2383,#2380,#1446,.T.);
#3102=EDGE_CURVE('',#2377,#2390,#1447,.T.);
#3103=EDGE_CURVE('',#2392,#2388,#1448,.T.);
#3104=EDGE_CURVE('',#2391,#2393,#1449,.T.);
#3105=EDGE_CURVE('',#2393,#2392,#101,.T.);
#3106=EDGE_CURVE('',#2376,#2393,#1450,.T.);
#3107=EDGE_CURVE('',#2392,#2375,#1451,.T.);
#3108=EDGE_CURVE('',#2394,#2394,#102,.T.);
#3109=EDGE_CURVE('',#2394,#2395,#1452,.T.);
#3110=EDGE_CURVE('',#2395,#2395,#103,.T.);
#3111=EDGE_CURVE('',#2396,#2397,#1453,.T.);
#3112=EDGE_CURVE('',#2397,#2398,#104,.T.);
#3113=EDGE_CURVE('',#2398,#2399,#1454,.T.);
#3114=EDGE_CURVE('',#2399,#2396,#105,.T.);
#3115=EDGE_CURVE('',#2400,#2397,#1455,.T.);
#3116=EDGE_CURVE('',#2401,#2400,#106,.T.);
#3117=EDGE_CURVE('',#2398,#2401,#1456,.T.);
#3118=EDGE_CURVE('',#2402,#2401,#1457,.T.);
#3119=EDGE_CURVE('',#2399,#2402,#1458,.T.);
#3120=EDGE_CURVE('',#2403,#2402,#107,.T.);
#3121=EDGE_CURVE('',#2396,#2403,#1459,.T.);
#3122=EDGE_CURVE('',#2400,#2403,#1460,.T.);
#3123=ORIENTED_EDGE('',*,*,#2404,.F.);
#3124=ORIENTED_EDGE('',*,*,#2405,.F.);
#3125=ORIENTED_EDGE('',*,*,#2406,.F.);
#3126=ORIENTED_EDGE('',*,*,#2407,.F.);
#3127=ORIENTED_EDGE('',*,*,#2406,.T.);
#3128=ORIENTED_EDGE('',*,*,#2408,.F.);
#3129=ORIENTED_EDGE('',*,*,#2409,.F.);
#3130=ORIENTED_EDGE('',*,*,#2410,.T.);
#3131=ORIENTED_EDGE('',*,*,#2411,.F.);
#3132=ORIENTED_EDGE('',*,*,#2412,.T.);
#3133=ORIENTED_EDGE('',*,*,#2413,.F.);
#3134=ORIENTED_EDGE('',*,*,#2414,.F.);
#3135=ORIENTED_EDGE('',*,*,#2415,.F.);
#3136=ORIENTED_EDGE('',*,*,#2414,.T.);
#3137=ORIENTED_EDGE('',*,*,#2416,.F.);
#3138=ORIENTED_EDGE('',*,*,#2417,.F.);
#3139=ORIENTED_EDGE('',*,*,#2418,.F.);
#3140=ORIENTED_EDGE('',*,*,#2417,.T.);
#3141=ORIENTED_EDGE('',*,*,#2419,.F.);
#3142=ORIENTED_EDGE('',*,*,#2420,.F.);
#3143=ORIENTED_EDGE('',*,*,#2421,.F.);
#3144=ORIENTED_EDGE('',*,*,#2420,.T.);
#3145=ORIENTED_EDGE('',*,*,#2422,.F.);
#3146=ORIENTED_EDGE('',*,*,#2423,.F.);
#3147=ORIENTED_EDGE('',*,*,#2424,.F.);
#3148=ORIENTED_EDGE('',*,*,#2423,.T.);
#3149=ORIENTED_EDGE('',*,*,#2425,.F.);
#3150=ORIENTED_EDGE('',*,*,#2426,.F.);
#3151=ORIENTED_EDGE('',*,*,#2427,.F.);
#3152=ORIENTED_EDGE('',*,*,#2426,.T.);
#3153=ORIENTED_EDGE('',*,*,#2428,.F.);
#3154=ORIENTED_EDGE('',*,*,#2429,.F.);
#3155=ORIENTED_EDGE('',*,*,#2430,.F.);
#3156=ORIENTED_EDGE('',*,*,#2429,.T.);
#3157=ORIENTED_EDGE('',*,*,#2431,.F.);
#3158=ORIENTED_EDGE('',*,*,#2432,.F.);
#3159=ORIENTED_EDGE('',*,*,#2433,.F.);
#3160=ORIENTED_EDGE('',*,*,#2432,.T.);
#3161=ORIENTED_EDGE('',*,*,#2434,.F.);
#3162=ORIENTED_EDGE('',*,*,#2435,.F.);
#3163=ORIENTED_EDGE('',*,*,#2436,.F.);
#3164=ORIENTED_EDGE('',*,*,#2435,.T.);
#3165=ORIENTED_EDGE('',*,*,#2437,.F.);
#3166=ORIENTED_EDGE('',*,*,#2438,.F.);
#3167=ORIENTED_EDGE('',*,*,#2439,.F.);
#3168=ORIENTED_EDGE('',*,*,#2438,.T.);
#3169=ORIENTED_EDGE('',*,*,#2440,.F.);
#3170=ORIENTED_EDGE('',*,*,#2441,.F.);
#3171=ORIENTED_EDGE('',*,*,#2442,.F.);
#3172=ORIENTED_EDGE('',*,*,#2441,.T.);
#3173=ORIENTED_EDGE('',*,*,#2443,.F.);
#3174=ORIENTED_EDGE('',*,*,#2444,.F.);
#3175=ORIENTED_EDGE('',*,*,#2445,.F.);
#3176=ORIENTED_EDGE('',*,*,#2444,.T.);
#3177=ORIENTED_EDGE('',*,*,#2446,.F.);
#3178=ORIENTED_EDGE('',*,*,#2412,.F.);
#3179=ORIENTED_EDGE('',*,*,#2446,.T.);
#3180=ORIENTED_EDGE('',*,*,#2443,.T.);
#3181=ORIENTED_EDGE('',*,*,#2440,.T.);
#3182=ORIENTED_EDGE('',*,*,#2437,.T.);
#3183=ORIENTED_EDGE('',*,*,#2434,.T.);
#3184=ORIENTED_EDGE('',*,*,#2431,.T.);
#3185=ORIENTED_EDGE('',*,*,#2428,.T.);
#3186=ORIENTED_EDGE('',*,*,#2425,.T.);
#3187=ORIENTED_EDGE('',*,*,#2422,.T.);
#3188=ORIENTED_EDGE('',*,*,#2419,.T.);
#3189=ORIENTED_EDGE('',*,*,#2416,.T.);
#3190=ORIENTED_EDGE('',*,*,#2413,.T.);
#3191=ORIENTED_EDGE('',*,*,#2447,.F.);
#3192=ORIENTED_EDGE('',*,*,#2448,.T.);
#3193=ORIENTED_EDGE('',*,*,#2449,.F.);
#3194=ORIENTED_EDGE('',*,*,#2450,.F.);
#3195=ORIENTED_EDGE('',*,*,#2451,.F.);
#3196=ORIENTED_EDGE('',*,*,#2450,.T.);
#3197=ORIENTED_EDGE('',*,*,#2452,.F.);
#3198=ORIENTED_EDGE('',*,*,#2453,.F.);
#3199=ORIENTED_EDGE('',*,*,#2454,.F.);
#3200=ORIENTED_EDGE('',*,*,#2453,.T.);
#3201=ORIENTED_EDGE('',*,*,#2455,.F.);
#3202=ORIENTED_EDGE('',*,*,#2456,.F.);
#3203=ORIENTED_EDGE('',*,*,#2457,.F.);
#3204=ORIENTED_EDGE('',*,*,#2456,.T.);
#3205=ORIENTED_EDGE('',*,*,#2458,.F.);
#3206=ORIENTED_EDGE('',*,*,#2459,.F.);
#3207=ORIENTED_EDGE('',*,*,#2460,.F.);
#3208=ORIENTED_EDGE('',*,*,#2459,.T.);
#3209=ORIENTED_EDGE('',*,*,#2461,.F.);
#3210=ORIENTED_EDGE('',*,*,#2462,.F.);
#3211=ORIENTED_EDGE('',*,*,#2463,.F.);
#3212=ORIENTED_EDGE('',*,*,#2462,.T.);
#3213=ORIENTED_EDGE('',*,*,#2464,.F.);
#3214=ORIENTED_EDGE('',*,*,#2465,.F.);
#3215=ORIENTED_EDGE('',*,*,#2466,.F.);
#3216=ORIENTED_EDGE('',*,*,#2465,.T.);
#3217=ORIENTED_EDGE('',*,*,#2467,.F.);
#3218=ORIENTED_EDGE('',*,*,#2468,.F.);
#3219=ORIENTED_EDGE('',*,*,#2469,.F.);
#3220=ORIENTED_EDGE('',*,*,#2468,.T.);
#3221=ORIENTED_EDGE('',*,*,#2470,.F.);
#3222=ORIENTED_EDGE('',*,*,#2471,.F.);
#3223=ORIENTED_EDGE('',*,*,#2472,.F.);
#3224=ORIENTED_EDGE('',*,*,#2471,.T.);
#3225=ORIENTED_EDGE('',*,*,#2473,.F.);
#3226=ORIENTED_EDGE('',*,*,#2474,.F.);
#3227=ORIENTED_EDGE('',*,*,#2475,.F.);
#3228=ORIENTED_EDGE('',*,*,#2474,.T.);
#3229=ORIENTED_EDGE('',*,*,#2476,.F.);
#3230=ORIENTED_EDGE('',*,*,#2477,.F.);
#3231=ORIENTED_EDGE('',*,*,#2478,.F.);
#3232=ORIENTED_EDGE('',*,*,#2477,.T.);
#3233=ORIENTED_EDGE('',*,*,#2479,.F.);
#3234=ORIENTED_EDGE('',*,*,#2480,.F.);
#3235=ORIENTED_EDGE('',*,*,#2481,.F.);
#3236=ORIENTED_EDGE('',*,*,#2480,.T.);
#3237=ORIENTED_EDGE('',*,*,#2482,.F.);
#3238=ORIENTED_EDGE('',*,*,#2448,.F.);
#3239=ORIENTED_EDGE('',*,*,#2483,.F.);
#3240=ORIENTED_EDGE('',*,*,#2484,.T.);
#3241=ORIENTED_EDGE('',*,*,#2485,.F.);
#3242=ORIENTED_EDGE('',*,*,#2486,.F.);
#3243=ORIENTED_EDGE('',*,*,#2487,.F.);
#3244=ORIENTED_EDGE('',*,*,#2486,.T.);
#3245=ORIENTED_EDGE('',*,*,#2488,.F.);
#3246=ORIENTED_EDGE('',*,*,#2489,.F.);
#3247=ORIENTED_EDGE('',*,*,#2490,.F.);
#3248=ORIENTED_EDGE('',*,*,#2489,.T.);
#3249=ORIENTED_EDGE('',*,*,#2491,.F.);
#3250=ORIENTED_EDGE('',*,*,#2492,.F.);
#3251=ORIENTED_EDGE('',*,*,#2493,.F.);
#3252=ORIENTED_EDGE('',*,*,#2492,.T.);
#3253=ORIENTED_EDGE('',*,*,#2494,.F.);
#3254=ORIENTED_EDGE('',*,*,#2495,.F.);
#3255=ORIENTED_EDGE('',*,*,#2496,.F.);
#3256=ORIENTED_EDGE('',*,*,#2495,.T.);
#3257=ORIENTED_EDGE('',*,*,#2497,.F.);
#3258=ORIENTED_EDGE('',*,*,#2498,.F.);
#3259=ORIENTED_EDGE('',*,*,#2499,.F.);
#3260=ORIENTED_EDGE('',*,*,#2498,.T.);
#3261=ORIENTED_EDGE('',*,*,#2500,.F.);
#3262=ORIENTED_EDGE('',*,*,#2501,.F.);
#3263=ORIENTED_EDGE('',*,*,#2502,.F.);
#3264=ORIENTED_EDGE('',*,*,#2501,.T.);
#3265=ORIENTED_EDGE('',*,*,#2503,.F.);
#3266=ORIENTED_EDGE('',*,*,#2504,.F.);
#3267=ORIENTED_EDGE('',*,*,#2505,.F.);
#3268=ORIENTED_EDGE('',*,*,#2504,.T.);
#3269=ORIENTED_EDGE('',*,*,#2506,.F.);
#3270=ORIENTED_EDGE('',*,*,#2484,.F.);
#3271=ORIENTED_EDGE('',*,*,#2506,.T.);
#3272=ORIENTED_EDGE('',*,*,#2503,.T.);
#3273=ORIENTED_EDGE('',*,*,#2500,.T.);
#3274=ORIENTED_EDGE('',*,*,#2497,.T.);
#3275=ORIENTED_EDGE('',*,*,#2494,.T.);
#3276=ORIENTED_EDGE('',*,*,#2491,.T.);
#3277=ORIENTED_EDGE('',*,*,#2488,.T.);
#3278=ORIENTED_EDGE('',*,*,#2485,.T.);
#3279=ORIENTED_EDGE('',*,*,#2482,.T.);
#3280=ORIENTED_EDGE('',*,*,#2479,.T.);
#3281=ORIENTED_EDGE('',*,*,#2476,.T.);
#3282=ORIENTED_EDGE('',*,*,#2473,.T.);
#3283=ORIENTED_EDGE('',*,*,#2470,.T.);
#3284=ORIENTED_EDGE('',*,*,#2467,.T.);
#3285=ORIENTED_EDGE('',*,*,#2464,.T.);
#3286=ORIENTED_EDGE('',*,*,#2461,.T.);
#3287=ORIENTED_EDGE('',*,*,#2458,.T.);
#3288=ORIENTED_EDGE('',*,*,#2455,.T.);
#3289=ORIENTED_EDGE('',*,*,#2452,.T.);
#3290=ORIENTED_EDGE('',*,*,#2449,.T.);
#3291=ORIENTED_EDGE('',*,*,#2507,.F.);
#3292=ORIENTED_EDGE('',*,*,#2508,.F.);
#3293=ORIENTED_EDGE('',*,*,#2509,.F.);
#3294=ORIENTED_EDGE('',*,*,#2510,.F.);
#3295=ORIENTED_EDGE('',*,*,#2411,.T.);
#3296=ORIENTED_EDGE('',*,*,#2415,.T.);
#3297=ORIENTED_EDGE('',*,*,#2418,.T.);
#3298=ORIENTED_EDGE('',*,*,#2421,.T.);
#3299=ORIENTED_EDGE('',*,*,#2424,.T.);
#3300=ORIENTED_EDGE('',*,*,#2427,.T.);
#3301=ORIENTED_EDGE('',*,*,#2430,.T.);
#3302=ORIENTED_EDGE('',*,*,#2433,.T.);
#3303=ORIENTED_EDGE('',*,*,#2436,.T.);
#3304=ORIENTED_EDGE('',*,*,#2439,.T.);
#3305=ORIENTED_EDGE('',*,*,#2442,.T.);
#3306=ORIENTED_EDGE('',*,*,#2445,.T.);
#3307=ORIENTED_EDGE('',*,*,#2511,.T.);
#3308=ORIENTED_EDGE('',*,*,#2512,.T.);
#3309=ORIENTED_EDGE('',*,*,#2513,.T.);
#3310=ORIENTED_EDGE('',*,*,#2514,.T.);
#3311=ORIENTED_EDGE('',*,*,#2515,.T.);
#3312=ORIENTED_EDGE('',*,*,#2516,.T.);
#3313=ORIENTED_EDGE('',*,*,#2517,.T.);
#3314=ORIENTED_EDGE('',*,*,#2518,.T.);
#3315=ORIENTED_EDGE('',*,*,#2519,.T.);
#3316=ORIENTED_EDGE('',*,*,#2520,.T.);
#3317=ORIENTED_EDGE('',*,*,#2521,.T.);
#3318=ORIENTED_EDGE('',*,*,#2522,.T.);
#3319=ORIENTED_EDGE('',*,*,#2523,.T.);
#3320=ORIENTED_EDGE('',*,*,#2524,.T.);
#3321=ORIENTED_EDGE('',*,*,#2525,.T.);
#3322=ORIENTED_EDGE('',*,*,#2526,.T.);
#3323=ORIENTED_EDGE('',*,*,#2527,.T.);
#3324=ORIENTED_EDGE('',*,*,#2528,.T.);
#3325=ORIENTED_EDGE('',*,*,#2529,.T.);
#3326=ORIENTED_EDGE('',*,*,#2530,.T.);
#3327=ORIENTED_EDGE('',*,*,#2531,.T.);
#3328=ORIENTED_EDGE('',*,*,#2532,.T.);
#3329=ORIENTED_EDGE('',*,*,#2533,.T.);
#3330=ORIENTED_EDGE('',*,*,#2534,.T.);
#3331=ORIENTED_EDGE('',*,*,#2483,.T.);
#3332=ORIENTED_EDGE('',*,*,#2487,.T.);
#3333=ORIENTED_EDGE('',*,*,#2490,.T.);
#3334=ORIENTED_EDGE('',*,*,#2493,.T.);
#3335=ORIENTED_EDGE('',*,*,#2496,.T.);
#3336=ORIENTED_EDGE('',*,*,#2499,.T.);
#3337=ORIENTED_EDGE('',*,*,#2502,.T.);
#3338=ORIENTED_EDGE('',*,*,#2505,.T.);
#3339=ORIENTED_EDGE('',*,*,#2535,.F.);
#3340=ORIENTED_EDGE('',*,*,#2536,.T.);
#3341=ORIENTED_EDGE('',*,*,#2537,.F.);
#3342=ORIENTED_EDGE('',*,*,#2538,.F.);
#3343=ORIENTED_EDGE('',*,*,#2539,.F.);
#3344=ORIENTED_EDGE('',*,*,#2538,.T.);
#3345=ORIENTED_EDGE('',*,*,#2540,.F.);
#3346=ORIENTED_EDGE('',*,*,#2541,.F.);
#3347=ORIENTED_EDGE('',*,*,#2542,.F.);
#3348=ORIENTED_EDGE('',*,*,#2541,.T.);
#3349=ORIENTED_EDGE('',*,*,#2543,.F.);
#3350=ORIENTED_EDGE('',*,*,#2544,.F.);
#3351=ORIENTED_EDGE('',*,*,#2545,.F.);
#3352=ORIENTED_EDGE('',*,*,#2544,.T.);
#3353=ORIENTED_EDGE('',*,*,#2546,.F.);
#3354=ORIENTED_EDGE('',*,*,#2547,.F.);
#3355=ORIENTED_EDGE('',*,*,#2548,.F.);
#3356=ORIENTED_EDGE('',*,*,#2547,.T.);
#3357=ORIENTED_EDGE('',*,*,#2549,.F.);
#3358=ORIENTED_EDGE('',*,*,#2550,.F.);
#3359=ORIENTED_EDGE('',*,*,#2551,.F.);
#3360=ORIENTED_EDGE('',*,*,#2550,.T.);
#3361=ORIENTED_EDGE('',*,*,#2552,.F.);
#3362=ORIENTED_EDGE('',*,*,#2553,.F.);
#3363=ORIENTED_EDGE('',*,*,#2554,.F.);
#3364=ORIENTED_EDGE('',*,*,#2553,.T.);
#3365=ORIENTED_EDGE('',*,*,#2555,.F.);
#3366=ORIENTED_EDGE('',*,*,#2556,.F.);
#3367=ORIENTED_EDGE('',*,*,#2557,.F.);
#3368=ORIENTED_EDGE('',*,*,#2556,.T.);
#3369=ORIENTED_EDGE('',*,*,#2558,.F.);
#3370=ORIENTED_EDGE('',*,*,#2536,.F.);
#3371=ORIENTED_EDGE('',*,*,#2511,.F.);
#3372=ORIENTED_EDGE('',*,*,#2559,.T.);
#3373=ORIENTED_EDGE('',*,*,#2560,.F.);
#3374=ORIENTED_EDGE('',*,*,#2561,.F.);
#3375=ORIENTED_EDGE('',*,*,#2512,.F.);
#3376=ORIENTED_EDGE('',*,*,#2561,.T.);
#3377=ORIENTED_EDGE('',*,*,#2562,.F.);
#3378=ORIENTED_EDGE('',*,*,#2563,.F.);
#3379=ORIENTED_EDGE('',*,*,#2513,.F.);
#3380=ORIENTED_EDGE('',*,*,#2563,.T.);
#3381=ORIENTED_EDGE('',*,*,#2564,.F.);
#3382=ORIENTED_EDGE('',*,*,#2565,.F.);
#3383=ORIENTED_EDGE('',*,*,#2514,.F.);
#3384=ORIENTED_EDGE('',*,*,#2565,.T.);
#3385=ORIENTED_EDGE('',*,*,#2566,.F.);
#3386=ORIENTED_EDGE('',*,*,#2567,.F.);
#3387=ORIENTED_EDGE('',*,*,#2515,.F.);
#3388=ORIENTED_EDGE('',*,*,#2567,.T.);
#3389=ORIENTED_EDGE('',*,*,#2568,.F.);
#3390=ORIENTED_EDGE('',*,*,#2569,.F.);
#3391=ORIENTED_EDGE('',*,*,#2516,.F.);
#3392=ORIENTED_EDGE('',*,*,#2569,.T.);
#3393=ORIENTED_EDGE('',*,*,#2570,.F.);
#3394=ORIENTED_EDGE('',*,*,#2571,.F.);
#3395=ORIENTED_EDGE('',*,*,#2517,.F.);
#3396=ORIENTED_EDGE('',*,*,#2571,.T.);
#3397=ORIENTED_EDGE('',*,*,#2572,.F.);
#3398=ORIENTED_EDGE('',*,*,#2573,.F.);
#3399=ORIENTED_EDGE('',*,*,#2518,.F.);
#3400=ORIENTED_EDGE('',*,*,#2573,.T.);
#3401=ORIENTED_EDGE('',*,*,#2574,.F.);
#3402=ORIENTED_EDGE('',*,*,#2575,.F.);
#3403=ORIENTED_EDGE('',*,*,#2519,.F.);
#3404=ORIENTED_EDGE('',*,*,#2575,.T.);
#3405=ORIENTED_EDGE('',*,*,#2576,.F.);
#3406=ORIENTED_EDGE('',*,*,#2577,.F.);
#3407=ORIENTED_EDGE('',*,*,#2520,.F.);
#3408=ORIENTED_EDGE('',*,*,#2577,.T.);
#3409=ORIENTED_EDGE('',*,*,#2578,.F.);
#3410=ORIENTED_EDGE('',*,*,#2579,.F.);
#3411=ORIENTED_EDGE('',*,*,#2521,.F.);
#3412=ORIENTED_EDGE('',*,*,#2579,.T.);
#3413=ORIENTED_EDGE('',*,*,#2580,.F.);
#3414=ORIENTED_EDGE('',*,*,#2581,.F.);
#3415=ORIENTED_EDGE('',*,*,#2522,.F.);
#3416=ORIENTED_EDGE('',*,*,#2581,.T.);
#3417=ORIENTED_EDGE('',*,*,#2582,.F.);
#3418=ORIENTED_EDGE('',*,*,#2583,.F.);
#3419=ORIENTED_EDGE('',*,*,#2523,.F.);
#3420=ORIENTED_EDGE('',*,*,#2583,.T.);
#3421=ORIENTED_EDGE('',*,*,#2584,.F.);
#3422=ORIENTED_EDGE('',*,*,#2585,.F.);
#3423=ORIENTED_EDGE('',*,*,#2524,.F.);
#3424=ORIENTED_EDGE('',*,*,#2585,.T.);
#3425=ORIENTED_EDGE('',*,*,#2586,.F.);
#3426=ORIENTED_EDGE('',*,*,#2587,.F.);
#3427=ORIENTED_EDGE('',*,*,#2525,.F.);
#3428=ORIENTED_EDGE('',*,*,#2587,.T.);
#3429=ORIENTED_EDGE('',*,*,#2588,.F.);
#3430=ORIENTED_EDGE('',*,*,#2589,.F.);
#3431=ORIENTED_EDGE('',*,*,#2526,.F.);
#3432=ORIENTED_EDGE('',*,*,#2589,.T.);
#3433=ORIENTED_EDGE('',*,*,#2590,.F.);
#3434=ORIENTED_EDGE('',*,*,#2559,.F.);
#3435=ORIENTED_EDGE('',*,*,#2590,.T.);
#3436=ORIENTED_EDGE('',*,*,#2588,.T.);
#3437=ORIENTED_EDGE('',*,*,#2586,.T.);
#3438=ORIENTED_EDGE('',*,*,#2584,.T.);
#3439=ORIENTED_EDGE('',*,*,#2582,.T.);
#3440=ORIENTED_EDGE('',*,*,#2580,.T.);
#3441=ORIENTED_EDGE('',*,*,#2578,.T.);
#3442=ORIENTED_EDGE('',*,*,#2576,.T.);
#3443=ORIENTED_EDGE('',*,*,#2574,.T.);
#3444=ORIENTED_EDGE('',*,*,#2572,.T.);
#3445=ORIENTED_EDGE('',*,*,#2570,.T.);
#3446=ORIENTED_EDGE('',*,*,#2568,.T.);
#3447=ORIENTED_EDGE('',*,*,#2566,.T.);
#3448=ORIENTED_EDGE('',*,*,#2564,.T.);
#3449=ORIENTED_EDGE('',*,*,#2562,.T.);
#3450=ORIENTED_EDGE('',*,*,#2560,.T.);
#3451=ORIENTED_EDGE('',*,*,#2558,.T.);
#3452=ORIENTED_EDGE('',*,*,#2555,.T.);
#3453=ORIENTED_EDGE('',*,*,#2552,.T.);
#3454=ORIENTED_EDGE('',*,*,#2549,.T.);
#3455=ORIENTED_EDGE('',*,*,#2546,.T.);
#3456=ORIENTED_EDGE('',*,*,#2543,.T.);
#3457=ORIENTED_EDGE('',*,*,#2540,.T.);
#3458=ORIENTED_EDGE('',*,*,#2537,.T.);
#3459=ORIENTED_EDGE('',*,*,#2447,.T.);
#3460=ORIENTED_EDGE('',*,*,#2451,.T.);
#3461=ORIENTED_EDGE('',*,*,#2454,.T.);
#3462=ORIENTED_EDGE('',*,*,#2457,.T.);
#3463=ORIENTED_EDGE('',*,*,#2460,.T.);
#3464=ORIENTED_EDGE('',*,*,#2463,.T.);
#3465=ORIENTED_EDGE('',*,*,#2466,.T.);
#3466=ORIENTED_EDGE('',*,*,#2469,.T.);
#3467=ORIENTED_EDGE('',*,*,#2472,.T.);
#3468=ORIENTED_EDGE('',*,*,#2475,.T.);
#3469=ORIENTED_EDGE('',*,*,#2478,.T.);
#3470=ORIENTED_EDGE('',*,*,#2481,.T.);
#3471=ORIENTED_EDGE('',*,*,#2527,.F.);
#3472=ORIENTED_EDGE('',*,*,#2591,.T.);
#3473=ORIENTED_EDGE('',*,*,#2592,.F.);
#3474=ORIENTED_EDGE('',*,*,#2593,.F.);
#3475=ORIENTED_EDGE('',*,*,#2528,.F.);
#3476=ORIENTED_EDGE('',*,*,#2593,.T.);
#3477=ORIENTED_EDGE('',*,*,#2594,.F.);
#3478=ORIENTED_EDGE('',*,*,#2595,.F.);
#3479=ORIENTED_EDGE('',*,*,#2529,.F.);
#3480=ORIENTED_EDGE('',*,*,#2595,.T.);
#3481=ORIENTED_EDGE('',*,*,#2596,.F.);
#3482=ORIENTED_EDGE('',*,*,#2597,.F.);
#3483=ORIENTED_EDGE('',*,*,#2530,.F.);
#3484=ORIENTED_EDGE('',*,*,#2597,.T.);
#3485=ORIENTED_EDGE('',*,*,#2598,.F.);
#3486=ORIENTED_EDGE('',*,*,#2599,.F.);
#3487=ORIENTED_EDGE('',*,*,#2531,.F.);
#3488=ORIENTED_EDGE('',*,*,#2599,.T.);
#3489=ORIENTED_EDGE('',*,*,#2600,.F.);
#3490=ORIENTED_EDGE('',*,*,#2601,.F.);
#3491=ORIENTED_EDGE('',*,*,#2532,.F.);
#3492=ORIENTED_EDGE('',*,*,#2601,.T.);
#3493=ORIENTED_EDGE('',*,*,#2602,.F.);
#3494=ORIENTED_EDGE('',*,*,#2603,.F.);
#3495=ORIENTED_EDGE('',*,*,#2533,.F.);
#3496=ORIENTED_EDGE('',*,*,#2603,.T.);
#3497=ORIENTED_EDGE('',*,*,#2604,.F.);
#3498=ORIENTED_EDGE('',*,*,#2605,.F.);
#3499=ORIENTED_EDGE('',*,*,#2534,.F.);
#3500=ORIENTED_EDGE('',*,*,#2605,.T.);
#3501=ORIENTED_EDGE('',*,*,#2606,.F.);
#3502=ORIENTED_EDGE('',*,*,#2591,.F.);
#3503=ORIENTED_EDGE('',*,*,#2606,.T.);
#3504=ORIENTED_EDGE('',*,*,#2604,.T.);
#3505=ORIENTED_EDGE('',*,*,#2602,.T.);
#3506=ORIENTED_EDGE('',*,*,#2600,.T.);
#3507=ORIENTED_EDGE('',*,*,#2598,.T.);
#3508=ORIENTED_EDGE('',*,*,#2596,.T.);
#3509=ORIENTED_EDGE('',*,*,#2594,.T.);
#3510=ORIENTED_EDGE('',*,*,#2592,.T.);
#3511=ORIENTED_EDGE('',*,*,#2607,.F.);
#3512=ORIENTED_EDGE('',*,*,#2608,.T.);
#3513=ORIENTED_EDGE('',*,*,#2609,.F.);
#3514=ORIENTED_EDGE('',*,*,#2610,.F.);
#3515=ORIENTED_EDGE('',*,*,#2611,.F.);
#3516=ORIENTED_EDGE('',*,*,#2610,.T.);
#3517=ORIENTED_EDGE('',*,*,#2612,.F.);
#3518=ORIENTED_EDGE('',*,*,#2613,.F.);
#3519=ORIENTED_EDGE('',*,*,#2614,.F.);
#3520=ORIENTED_EDGE('',*,*,#2613,.T.);
#3521=ORIENTED_EDGE('',*,*,#2615,.F.);
#3522=ORIENTED_EDGE('',*,*,#2616,.F.);
#3523=ORIENTED_EDGE('',*,*,#2617,.F.);
#3524=ORIENTED_EDGE('',*,*,#2616,.T.);
#3525=ORIENTED_EDGE('',*,*,#2618,.F.);
#3526=ORIENTED_EDGE('',*,*,#2619,.F.);
#3527=ORIENTED_EDGE('',*,*,#2620,.F.);
#3528=ORIENTED_EDGE('',*,*,#2619,.T.);
#3529=ORIENTED_EDGE('',*,*,#2621,.F.);
#3530=ORIENTED_EDGE('',*,*,#2622,.F.);
#3531=ORIENTED_EDGE('',*,*,#2623,.F.);
#3532=ORIENTED_EDGE('',*,*,#2622,.T.);
#3533=ORIENTED_EDGE('',*,*,#2624,.F.);
#3534=ORIENTED_EDGE('',*,*,#2625,.F.);
#3535=ORIENTED_EDGE('',*,*,#2626,.F.);
#3536=ORIENTED_EDGE('',*,*,#2625,.T.);
#3537=ORIENTED_EDGE('',*,*,#2627,.F.);
#3538=ORIENTED_EDGE('',*,*,#2628,.F.);
#3539=ORIENTED_EDGE('',*,*,#2629,.F.);
#3540=ORIENTED_EDGE('',*,*,#2628,.T.);
#3541=ORIENTED_EDGE('',*,*,#2630,.F.);
#3542=ORIENTED_EDGE('',*,*,#2631,.F.);
#3543=ORIENTED_EDGE('',*,*,#2632,.F.);
#3544=ORIENTED_EDGE('',*,*,#2631,.T.);
#3545=ORIENTED_EDGE('',*,*,#2633,.F.);
#3546=ORIENTED_EDGE('',*,*,#2634,.F.);
#3547=ORIENTED_EDGE('',*,*,#2635,.F.);
#3548=ORIENTED_EDGE('',*,*,#2634,.T.);
#3549=ORIENTED_EDGE('',*,*,#2636,.F.);
#3550=ORIENTED_EDGE('',*,*,#2637,.F.);
#3551=ORIENTED_EDGE('',*,*,#2638,.F.);
#3552=ORIENTED_EDGE('',*,*,#2637,.T.);
#3553=ORIENTED_EDGE('',*,*,#2639,.F.);
#3554=ORIENTED_EDGE('',*,*,#2640,.F.);
#3555=ORIENTED_EDGE('',*,*,#2641,.F.);
#3556=ORIENTED_EDGE('',*,*,#2640,.T.);
#3557=ORIENTED_EDGE('',*,*,#2642,.F.);
#3558=ORIENTED_EDGE('',*,*,#2608,.F.);
#3559=ORIENTED_EDGE('',*,*,#2642,.T.);
#3560=ORIENTED_EDGE('',*,*,#2639,.T.);
#3561=ORIENTED_EDGE('',*,*,#2636,.T.);
#3562=ORIENTED_EDGE('',*,*,#2633,.T.);
#3563=ORIENTED_EDGE('',*,*,#2630,.T.);
#3564=ORIENTED_EDGE('',*,*,#2627,.T.);
#3565=ORIENTED_EDGE('',*,*,#2624,.T.);
#3566=ORIENTED_EDGE('',*,*,#2621,.T.);
#3567=ORIENTED_EDGE('',*,*,#2618,.T.);
#3568=ORIENTED_EDGE('',*,*,#2615,.T.);
#3569=ORIENTED_EDGE('',*,*,#2612,.T.);
#3570=ORIENTED_EDGE('',*,*,#2609,.T.);
#3571=ORIENTED_EDGE('',*,*,#2643,.F.);
#3572=ORIENTED_EDGE('',*,*,#2644,.T.);
#3573=ORIENTED_EDGE('',*,*,#2645,.F.);
#3574=ORIENTED_EDGE('',*,*,#2646,.F.);
#3575=ORIENTED_EDGE('',*,*,#2647,.F.);
#3576=ORIENTED_EDGE('',*,*,#2646,.T.);
#3577=ORIENTED_EDGE('',*,*,#2648,.F.);
#3578=ORIENTED_EDGE('',*,*,#2649,.F.);
#3579=ORIENTED_EDGE('',*,*,#2650,.F.);
#3580=ORIENTED_EDGE('',*,*,#2649,.T.);
#3581=ORIENTED_EDGE('',*,*,#2651,.F.);
#3582=ORIENTED_EDGE('',*,*,#2652,.F.);
#3583=ORIENTED_EDGE('',*,*,#2653,.F.);
#3584=ORIENTED_EDGE('',*,*,#2652,.T.);
#3585=ORIENTED_EDGE('',*,*,#2654,.F.);
#3586=ORIENTED_EDGE('',*,*,#2655,.F.);
#3587=ORIENTED_EDGE('',*,*,#2656,.F.);
#3588=ORIENTED_EDGE('',*,*,#2655,.T.);
#3589=ORIENTED_EDGE('',*,*,#2657,.F.);
#3590=ORIENTED_EDGE('',*,*,#2658,.F.);
#3591=ORIENTED_EDGE('',*,*,#2659,.F.);
#3592=ORIENTED_EDGE('',*,*,#2658,.T.);
#3593=ORIENTED_EDGE('',*,*,#2660,.F.);
#3594=ORIENTED_EDGE('',*,*,#2661,.F.);
#3595=ORIENTED_EDGE('',*,*,#2662,.F.);
#3596=ORIENTED_EDGE('',*,*,#2661,.T.);
#3597=ORIENTED_EDGE('',*,*,#2663,.F.);
#3598=ORIENTED_EDGE('',*,*,#2664,.F.);
#3599=ORIENTED_EDGE('',*,*,#2665,.F.);
#3600=ORIENTED_EDGE('',*,*,#2664,.T.);
#3601=ORIENTED_EDGE('',*,*,#2666,.F.);
#3602=ORIENTED_EDGE('',*,*,#2667,.F.);
#3603=ORIENTED_EDGE('',*,*,#2668,.F.);
#3604=ORIENTED_EDGE('',*,*,#2667,.T.);
#3605=ORIENTED_EDGE('',*,*,#2669,.F.);
#3606=ORIENTED_EDGE('',*,*,#2670,.F.);
#3607=ORIENTED_EDGE('',*,*,#2671,.F.);
#3608=ORIENTED_EDGE('',*,*,#2670,.T.);
#3609=ORIENTED_EDGE('',*,*,#2672,.F.);
#3610=ORIENTED_EDGE('',*,*,#2673,.F.);
#3611=ORIENTED_EDGE('',*,*,#2674,.F.);
#3612=ORIENTED_EDGE('',*,*,#2673,.T.);
#3613=ORIENTED_EDGE('',*,*,#2675,.F.);
#3614=ORIENTED_EDGE('',*,*,#2676,.F.);
#3615=ORIENTED_EDGE('',*,*,#2677,.F.);
#3616=ORIENTED_EDGE('',*,*,#2676,.T.);
#3617=ORIENTED_EDGE('',*,*,#2678,.F.);
#3618=ORIENTED_EDGE('',*,*,#2644,.F.);
#3619=ORIENTED_EDGE('',*,*,#2679,.F.);
#3620=ORIENTED_EDGE('',*,*,#2680,.T.);
#3621=ORIENTED_EDGE('',*,*,#2681,.F.);
#3622=ORIENTED_EDGE('',*,*,#2682,.F.);
#3623=ORIENTED_EDGE('',*,*,#2683,.F.);
#3624=ORIENTED_EDGE('',*,*,#2682,.T.);
#3625=ORIENTED_EDGE('',*,*,#2684,.F.);
#3626=ORIENTED_EDGE('',*,*,#2685,.F.);
#3627=ORIENTED_EDGE('',*,*,#2686,.F.);
#3628=ORIENTED_EDGE('',*,*,#2685,.T.);
#3629=ORIENTED_EDGE('',*,*,#2687,.F.);
#3630=ORIENTED_EDGE('',*,*,#2688,.F.);
#3631=ORIENTED_EDGE('',*,*,#2689,.F.);
#3632=ORIENTED_EDGE('',*,*,#2688,.T.);
#3633=ORIENTED_EDGE('',*,*,#2690,.F.);
#3634=ORIENTED_EDGE('',*,*,#2691,.F.);
#3635=ORIENTED_EDGE('',*,*,#2692,.F.);
#3636=ORIENTED_EDGE('',*,*,#2691,.T.);
#3637=ORIENTED_EDGE('',*,*,#2693,.F.);
#3638=ORIENTED_EDGE('',*,*,#2694,.F.);
#3639=ORIENTED_EDGE('',*,*,#2695,.F.);
#3640=ORIENTED_EDGE('',*,*,#2694,.T.);
#3641=ORIENTED_EDGE('',*,*,#2696,.F.);
#3642=ORIENTED_EDGE('',*,*,#2697,.F.);
#3643=ORIENTED_EDGE('',*,*,#2698,.F.);
#3644=ORIENTED_EDGE('',*,*,#2697,.T.);
#3645=ORIENTED_EDGE('',*,*,#2699,.F.);
#3646=ORIENTED_EDGE('',*,*,#2700,.F.);
#3647=ORIENTED_EDGE('',*,*,#2701,.F.);
#3648=ORIENTED_EDGE('',*,*,#2700,.T.);
#3649=ORIENTED_EDGE('',*,*,#2702,.F.);
#3650=ORIENTED_EDGE('',*,*,#2680,.F.);
#3651=ORIENTED_EDGE('',*,*,#2702,.T.);
#3652=ORIENTED_EDGE('',*,*,#2699,.T.);
#3653=ORIENTED_EDGE('',*,*,#2696,.T.);
#3654=ORIENTED_EDGE('',*,*,#2693,.T.);
#3655=ORIENTED_EDGE('',*,*,#2690,.T.);
#3656=ORIENTED_EDGE('',*,*,#2687,.T.);
#3657=ORIENTED_EDGE('',*,*,#2684,.T.);
#3658=ORIENTED_EDGE('',*,*,#2681,.T.);
#3659=ORIENTED_EDGE('',*,*,#2678,.T.);
#3660=ORIENTED_EDGE('',*,*,#2675,.T.);
#3661=ORIENTED_EDGE('',*,*,#2672,.T.);
#3662=ORIENTED_EDGE('',*,*,#2669,.T.);
#3663=ORIENTED_EDGE('',*,*,#2666,.T.);
#3664=ORIENTED_EDGE('',*,*,#2663,.T.);
#3665=ORIENTED_EDGE('',*,*,#2660,.T.);
#3666=ORIENTED_EDGE('',*,*,#2657,.T.);
#3667=ORIENTED_EDGE('',*,*,#2654,.T.);
#3668=ORIENTED_EDGE('',*,*,#2651,.T.);
#3669=ORIENTED_EDGE('',*,*,#2648,.T.);
#3670=ORIENTED_EDGE('',*,*,#2645,.T.);
#3671=ORIENTED_EDGE('',*,*,#2703,.F.);
#3672=ORIENTED_EDGE('',*,*,#2704,.F.);
#3673=ORIENTED_EDGE('',*,*,#2705,.F.);
#3674=ORIENTED_EDGE('',*,*,#2706,.F.);
#3675=ORIENTED_EDGE('',*,*,#2607,.T.);
#3676=ORIENTED_EDGE('',*,*,#2611,.T.);
#3677=ORIENTED_EDGE('',*,*,#2614,.T.);
#3678=ORIENTED_EDGE('',*,*,#2617,.T.);
#3679=ORIENTED_EDGE('',*,*,#2620,.T.);
#3680=ORIENTED_EDGE('',*,*,#2623,.T.);
#3681=ORIENTED_EDGE('',*,*,#2626,.T.);
#3682=ORIENTED_EDGE('',*,*,#2629,.T.);
#3683=ORIENTED_EDGE('',*,*,#2632,.T.);
#3684=ORIENTED_EDGE('',*,*,#2635,.T.);
#3685=ORIENTED_EDGE('',*,*,#2638,.T.);
#3686=ORIENTED_EDGE('',*,*,#2641,.T.);
#3687=ORIENTED_EDGE('',*,*,#2707,.T.);
#3688=ORIENTED_EDGE('',*,*,#2708,.T.);
#3689=ORIENTED_EDGE('',*,*,#2709,.T.);
#3690=ORIENTED_EDGE('',*,*,#2710,.T.);
#3691=ORIENTED_EDGE('',*,*,#2711,.T.);
#3692=ORIENTED_EDGE('',*,*,#2712,.T.);
#3693=ORIENTED_EDGE('',*,*,#2713,.T.);
#3694=ORIENTED_EDGE('',*,*,#2714,.T.);
#3695=ORIENTED_EDGE('',*,*,#2715,.T.);
#3696=ORIENTED_EDGE('',*,*,#2716,.T.);
#3697=ORIENTED_EDGE('',*,*,#2717,.T.);
#3698=ORIENTED_EDGE('',*,*,#2718,.T.);
#3699=ORIENTED_EDGE('',*,*,#2719,.T.);
#3700=ORIENTED_EDGE('',*,*,#2720,.T.);
#3701=ORIENTED_EDGE('',*,*,#2721,.T.);
#3702=ORIENTED_EDGE('',*,*,#2722,.T.);
#3703=ORIENTED_EDGE('',*,*,#2723,.T.);
#3704=ORIENTED_EDGE('',*,*,#2724,.T.);
#3705=ORIENTED_EDGE('',*,*,#2725,.T.);
#3706=ORIENTED_EDGE('',*,*,#2726,.T.);
#3707=ORIENTED_EDGE('',*,*,#2727,.T.);
#3708=ORIENTED_EDGE('',*,*,#2728,.T.);
#3709=ORIENTED_EDGE('',*,*,#2729,.T.);
#3710=ORIENTED_EDGE('',*,*,#2730,.T.);
#3711=ORIENTED_EDGE('',*,*,#2679,.T.);
#3712=ORIENTED_EDGE('',*,*,#2683,.T.);
#3713=ORIENTED_EDGE('',*,*,#2686,.T.);
#3714=ORIENTED_EDGE('',*,*,#2689,.T.);
#3715=ORIENTED_EDGE('',*,*,#2692,.T.);
#3716=ORIENTED_EDGE('',*,*,#2695,.T.);
#3717=ORIENTED_EDGE('',*,*,#2698,.T.);
#3718=ORIENTED_EDGE('',*,*,#2701,.T.);
#3719=ORIENTED_EDGE('',*,*,#2731,.F.);
#3720=ORIENTED_EDGE('',*,*,#2732,.T.);
#3721=ORIENTED_EDGE('',*,*,#2733,.F.);
#3722=ORIENTED_EDGE('',*,*,#2734,.F.);
#3723=ORIENTED_EDGE('',*,*,#2735,.F.);
#3724=ORIENTED_EDGE('',*,*,#2734,.T.);
#3725=ORIENTED_EDGE('',*,*,#2736,.F.);
#3726=ORIENTED_EDGE('',*,*,#2737,.F.);
#3727=ORIENTED_EDGE('',*,*,#2738,.F.);
#3728=ORIENTED_EDGE('',*,*,#2737,.T.);
#3729=ORIENTED_EDGE('',*,*,#2739,.F.);
#3730=ORIENTED_EDGE('',*,*,#2740,.F.);
#3731=ORIENTED_EDGE('',*,*,#2741,.F.);
#3732=ORIENTED_EDGE('',*,*,#2740,.T.);
#3733=ORIENTED_EDGE('',*,*,#2742,.F.);
#3734=ORIENTED_EDGE('',*,*,#2743,.F.);
#3735=ORIENTED_EDGE('',*,*,#2744,.F.);
#3736=ORIENTED_EDGE('',*,*,#2743,.T.);
#3737=ORIENTED_EDGE('',*,*,#2745,.F.);
#3738=ORIENTED_EDGE('',*,*,#2746,.F.);
#3739=ORIENTED_EDGE('',*,*,#2747,.F.);
#3740=ORIENTED_EDGE('',*,*,#2746,.T.);
#3741=ORIENTED_EDGE('',*,*,#2748,.F.);
#3742=ORIENTED_EDGE('',*,*,#2749,.F.);
#3743=ORIENTED_EDGE('',*,*,#2750,.F.);
#3744=ORIENTED_EDGE('',*,*,#2749,.T.);
#3745=ORIENTED_EDGE('',*,*,#2751,.F.);
#3746=ORIENTED_EDGE('',*,*,#2752,.F.);
#3747=ORIENTED_EDGE('',*,*,#2753,.F.);
#3748=ORIENTED_EDGE('',*,*,#2752,.T.);
#3749=ORIENTED_EDGE('',*,*,#2754,.F.);
#3750=ORIENTED_EDGE('',*,*,#2732,.F.);
#3751=ORIENTED_EDGE('',*,*,#2707,.F.);
#3752=ORIENTED_EDGE('',*,*,#2755,.T.);
#3753=ORIENTED_EDGE('',*,*,#2756,.F.);
#3754=ORIENTED_EDGE('',*,*,#2757,.F.);
#3755=ORIENTED_EDGE('',*,*,#2708,.F.);
#3756=ORIENTED_EDGE('',*,*,#2757,.T.);
#3757=ORIENTED_EDGE('',*,*,#2758,.F.);
#3758=ORIENTED_EDGE('',*,*,#2759,.F.);
#3759=ORIENTED_EDGE('',*,*,#2709,.F.);
#3760=ORIENTED_EDGE('',*,*,#2759,.T.);
#3761=ORIENTED_EDGE('',*,*,#2760,.F.);
#3762=ORIENTED_EDGE('',*,*,#2761,.F.);
#3763=ORIENTED_EDGE('',*,*,#2710,.F.);
#3764=ORIENTED_EDGE('',*,*,#2761,.T.);
#3765=ORIENTED_EDGE('',*,*,#2762,.F.);
#3766=ORIENTED_EDGE('',*,*,#2763,.F.);
#3767=ORIENTED_EDGE('',*,*,#2711,.F.);
#3768=ORIENTED_EDGE('',*,*,#2763,.T.);
#3769=ORIENTED_EDGE('',*,*,#2764,.F.);
#3770=ORIENTED_EDGE('',*,*,#2765,.F.);
#3771=ORIENTED_EDGE('',*,*,#2712,.F.);
#3772=ORIENTED_EDGE('',*,*,#2765,.T.);
#3773=ORIENTED_EDGE('',*,*,#2766,.F.);
#3774=ORIENTED_EDGE('',*,*,#2767,.F.);
#3775=ORIENTED_EDGE('',*,*,#2713,.F.);
#3776=ORIENTED_EDGE('',*,*,#2767,.T.);
#3777=ORIENTED_EDGE('',*,*,#2768,.F.);
#3778=ORIENTED_EDGE('',*,*,#2769,.F.);
#3779=ORIENTED_EDGE('',*,*,#2714,.F.);
#3780=ORIENTED_EDGE('',*,*,#2769,.T.);
#3781=ORIENTED_EDGE('',*,*,#2770,.F.);
#3782=ORIENTED_EDGE('',*,*,#2771,.F.);
#3783=ORIENTED_EDGE('',*,*,#2715,.F.);
#3784=ORIENTED_EDGE('',*,*,#2771,.T.);
#3785=ORIENTED_EDGE('',*,*,#2772,.F.);
#3786=ORIENTED_EDGE('',*,*,#2773,.F.);
#3787=ORIENTED_EDGE('',*,*,#2716,.F.);
#3788=ORIENTED_EDGE('',*,*,#2773,.T.);
#3789=ORIENTED_EDGE('',*,*,#2774,.F.);
#3790=ORIENTED_EDGE('',*,*,#2775,.F.);
#3791=ORIENTED_EDGE('',*,*,#2717,.F.);
#3792=ORIENTED_EDGE('',*,*,#2775,.T.);
#3793=ORIENTED_EDGE('',*,*,#2776,.F.);
#3794=ORIENTED_EDGE('',*,*,#2777,.F.);
#3795=ORIENTED_EDGE('',*,*,#2718,.F.);
#3796=ORIENTED_EDGE('',*,*,#2777,.T.);
#3797=ORIENTED_EDGE('',*,*,#2778,.F.);
#3798=ORIENTED_EDGE('',*,*,#2779,.F.);
#3799=ORIENTED_EDGE('',*,*,#2719,.F.);
#3800=ORIENTED_EDGE('',*,*,#2779,.T.);
#3801=ORIENTED_EDGE('',*,*,#2780,.F.);
#3802=ORIENTED_EDGE('',*,*,#2781,.F.);
#3803=ORIENTED_EDGE('',*,*,#2720,.F.);
#3804=ORIENTED_EDGE('',*,*,#2781,.T.);
#3805=ORIENTED_EDGE('',*,*,#2782,.F.);
#3806=ORIENTED_EDGE('',*,*,#2783,.F.);
#3807=ORIENTED_EDGE('',*,*,#2721,.F.);
#3808=ORIENTED_EDGE('',*,*,#2783,.T.);
#3809=ORIENTED_EDGE('',*,*,#2784,.F.);
#3810=ORIENTED_EDGE('',*,*,#2785,.F.);
#3811=ORIENTED_EDGE('',*,*,#2722,.F.);
#3812=ORIENTED_EDGE('',*,*,#2785,.T.);
#3813=ORIENTED_EDGE('',*,*,#2786,.F.);
#3814=ORIENTED_EDGE('',*,*,#2755,.F.);
#3815=ORIENTED_EDGE('',*,*,#2786,.T.);
#3816=ORIENTED_EDGE('',*,*,#2784,.T.);
#3817=ORIENTED_EDGE('',*,*,#2782,.T.);
#3818=ORIENTED_EDGE('',*,*,#2780,.T.);
#3819=ORIENTED_EDGE('',*,*,#2778,.T.);
#3820=ORIENTED_EDGE('',*,*,#2776,.T.);
#3821=ORIENTED_EDGE('',*,*,#2774,.T.);
#3822=ORIENTED_EDGE('',*,*,#2772,.T.);
#3823=ORIENTED_EDGE('',*,*,#2770,.T.);
#3824=ORIENTED_EDGE('',*,*,#2768,.T.);
#3825=ORIENTED_EDGE('',*,*,#2766,.T.);
#3826=ORIENTED_EDGE('',*,*,#2764,.T.);
#3827=ORIENTED_EDGE('',*,*,#2762,.T.);
#3828=ORIENTED_EDGE('',*,*,#2760,.T.);
#3829=ORIENTED_EDGE('',*,*,#2758,.T.);
#3830=ORIENTED_EDGE('',*,*,#2756,.T.);
#3831=ORIENTED_EDGE('',*,*,#2754,.T.);
#3832=ORIENTED_EDGE('',*,*,#2751,.T.);
#3833=ORIENTED_EDGE('',*,*,#2748,.T.);
#3834=ORIENTED_EDGE('',*,*,#2745,.T.);
#3835=ORIENTED_EDGE('',*,*,#2742,.T.);
#3836=ORIENTED_EDGE('',*,*,#2739,.T.);
#3837=ORIENTED_EDGE('',*,*,#2736,.T.);
#3838=ORIENTED_EDGE('',*,*,#2733,.T.);
#3839=ORIENTED_EDGE('',*,*,#2643,.T.);
#3840=ORIENTED_EDGE('',*,*,#2647,.T.);
#3841=ORIENTED_EDGE('',*,*,#2650,.T.);
#3842=ORIENTED_EDGE('',*,*,#2653,.T.);
#3843=ORIENTED_EDGE('',*,*,#2656,.T.);
#3844=ORIENTED_EDGE('',*,*,#2659,.T.);
#3845=ORIENTED_EDGE('',*,*,#2662,.T.);
#3846=ORIENTED_EDGE('',*,*,#2665,.T.);
#3847=ORIENTED_EDGE('',*,*,#2668,.T.);
#3848=ORIENTED_EDGE('',*,*,#2671,.T.);
#3849=ORIENTED_EDGE('',*,*,#2674,.T.);
#3850=ORIENTED_EDGE('',*,*,#2677,.T.);
#3851=ORIENTED_EDGE('',*,*,#2723,.F.);
#3852=ORIENTED_EDGE('',*,*,#2787,.T.);
#3853=ORIENTED_EDGE('',*,*,#2788,.F.);
#3854=ORIENTED_EDGE('',*,*,#2789,.F.);
#3855=ORIENTED_EDGE('',*,*,#2724,.F.);
#3856=ORIENTED_EDGE('',*,*,#2789,.T.);
#3857=ORIENTED_EDGE('',*,*,#2790,.F.);
#3858=ORIENTED_EDGE('',*,*,#2791,.F.);
#3859=ORIENTED_EDGE('',*,*,#2725,.F.);
#3860=ORIENTED_EDGE('',*,*,#2791,.T.);
#3861=ORIENTED_EDGE('',*,*,#2792,.F.);
#3862=ORIENTED_EDGE('',*,*,#2793,.F.);
#3863=ORIENTED_EDGE('',*,*,#2726,.F.);
#3864=ORIENTED_EDGE('',*,*,#2793,.T.);
#3865=ORIENTED_EDGE('',*,*,#2794,.F.);
#3866=ORIENTED_EDGE('',*,*,#2795,.F.);
#3867=ORIENTED_EDGE('',*,*,#2727,.F.);
#3868=ORIENTED_EDGE('',*,*,#2795,.T.);
#3869=ORIENTED_EDGE('',*,*,#2796,.F.);
#3870=ORIENTED_EDGE('',*,*,#2797,.F.);
#3871=ORIENTED_EDGE('',*,*,#2728,.F.);
#3872=ORIENTED_EDGE('',*,*,#2797,.T.);
#3873=ORIENTED_EDGE('',*,*,#2798,.F.);
#3874=ORIENTED_EDGE('',*,*,#2799,.F.);
#3875=ORIENTED_EDGE('',*,*,#2729,.F.);
#3876=ORIENTED_EDGE('',*,*,#2799,.T.);
#3877=ORIENTED_EDGE('',*,*,#2800,.F.);
#3878=ORIENTED_EDGE('',*,*,#2801,.F.);
#3879=ORIENTED_EDGE('',*,*,#2730,.F.);
#3880=ORIENTED_EDGE('',*,*,#2801,.T.);
#3881=ORIENTED_EDGE('',*,*,#2802,.F.);
#3882=ORIENTED_EDGE('',*,*,#2787,.F.);
#3883=ORIENTED_EDGE('',*,*,#2802,.T.);
#3884=ORIENTED_EDGE('',*,*,#2800,.T.);
#3885=ORIENTED_EDGE('',*,*,#2798,.T.);
#3886=ORIENTED_EDGE('',*,*,#2796,.T.);
#3887=ORIENTED_EDGE('',*,*,#2794,.T.);
#3888=ORIENTED_EDGE('',*,*,#2792,.T.);
#3889=ORIENTED_EDGE('',*,*,#2790,.T.);
#3890=ORIENTED_EDGE('',*,*,#2788,.T.);
#3891=ORIENTED_EDGE('',*,*,#2803,.F.);
#3892=ORIENTED_EDGE('',*,*,#2804,.T.);
#3893=ORIENTED_EDGE('',*,*,#2704,.T.);
#3894=ORIENTED_EDGE('',*,*,#2805,.F.);
#3895=ORIENTED_EDGE('',*,*,#2806,.F.);
#3896=ORIENTED_EDGE('',*,*,#2807,.T.);
#3897=ORIENTED_EDGE('',*,*,#2705,.T.);
#3898=ORIENTED_EDGE('',*,*,#2804,.F.);
#3899=ORIENTED_EDGE('',*,*,#2808,.F.);
#3900=ORIENTED_EDGE('',*,*,#2809,.T.);
#3901=ORIENTED_EDGE('',*,*,#2706,.T.);
#3902=ORIENTED_EDGE('',*,*,#2807,.F.);
#3903=ORIENTED_EDGE('',*,*,#2810,.F.);
#3904=ORIENTED_EDGE('',*,*,#2805,.T.);
#3905=ORIENTED_EDGE('',*,*,#2703,.T.);
#3906=ORIENTED_EDGE('',*,*,#2809,.F.);
#3907=ORIENTED_EDGE('',*,*,#2731,.T.);
#3908=ORIENTED_EDGE('',*,*,#2735,.T.);
#3909=ORIENTED_EDGE('',*,*,#2738,.T.);
#3910=ORIENTED_EDGE('',*,*,#2741,.T.);
#3911=ORIENTED_EDGE('',*,*,#2744,.T.);
#3912=ORIENTED_EDGE('',*,*,#2747,.T.);
#3913=ORIENTED_EDGE('',*,*,#2750,.T.);
#3914=ORIENTED_EDGE('',*,*,#2753,.T.);
#3915=ORIENTED_EDGE('',*,*,#2811,.F.);
#3916=ORIENTED_EDGE('',*,*,#2812,.T.);
#3917=ORIENTED_EDGE('',*,*,#2508,.T.);
#3918=ORIENTED_EDGE('',*,*,#2813,.F.);
#3919=ORIENTED_EDGE('',*,*,#2814,.F.);
#3920=ORIENTED_EDGE('',*,*,#2815,.T.);
#3921=ORIENTED_EDGE('',*,*,#2509,.T.);
#3922=ORIENTED_EDGE('',*,*,#2812,.F.);
#3923=ORIENTED_EDGE('',*,*,#2816,.F.);
#3924=ORIENTED_EDGE('',*,*,#2817,.T.);
#3925=ORIENTED_EDGE('',*,*,#2510,.T.);
#3926=ORIENTED_EDGE('',*,*,#2815,.F.);
#3927=ORIENTED_EDGE('',*,*,#2818,.F.);
#3928=ORIENTED_EDGE('',*,*,#2813,.T.);
#3929=ORIENTED_EDGE('',*,*,#2507,.T.);
#3930=ORIENTED_EDGE('',*,*,#2817,.F.);
#3931=ORIENTED_EDGE('',*,*,#2535,.T.);
#3932=ORIENTED_EDGE('',*,*,#2539,.T.);
#3933=ORIENTED_EDGE('',*,*,#2542,.T.);
#3934=ORIENTED_EDGE('',*,*,#2545,.T.);
#3935=ORIENTED_EDGE('',*,*,#2548,.T.);
#3936=ORIENTED_EDGE('',*,*,#2551,.T.);
#3937=ORIENTED_EDGE('',*,*,#2554,.T.);
#3938=ORIENTED_EDGE('',*,*,#2557,.T.);
#3939=ORIENTED_EDGE('',*,*,#2819,.F.);
#3940=ORIENTED_EDGE('',*,*,#2820,.T.);
#3941=ORIENTED_EDGE('',*,*,#2821,.F.);
#3942=ORIENTED_EDGE('',*,*,#2822,.F.);
#3943=ORIENTED_EDGE('',*,*,#2823,.F.);
#3944=ORIENTED_EDGE('',*,*,#2822,.T.);
#3945=ORIENTED_EDGE('',*,*,#2824,.F.);
#3946=ORIENTED_EDGE('',*,*,#2825,.F.);
#3947=ORIENTED_EDGE('',*,*,#2826,.F.);
#3948=ORIENTED_EDGE('',*,*,#2825,.T.);
#3949=ORIENTED_EDGE('',*,*,#2827,.F.);
#3950=ORIENTED_EDGE('',*,*,#2828,.F.);
#3951=ORIENTED_EDGE('',*,*,#2829,.F.);
#3952=ORIENTED_EDGE('',*,*,#2828,.T.);
#3953=ORIENTED_EDGE('',*,*,#2830,.F.);
#3954=ORIENTED_EDGE('',*,*,#2820,.F.);
#3955=ORIENTED_EDGE('',*,*,#2830,.T.);
#3956=ORIENTED_EDGE('',*,*,#2827,.T.);
#3957=ORIENTED_EDGE('',*,*,#2824,.T.);
#3958=ORIENTED_EDGE('',*,*,#2821,.T.);
#3959=ORIENTED_EDGE('',*,*,#2831,.F.);
#3960=ORIENTED_EDGE('',*,*,#2832,.T.);
#3961=ORIENTED_EDGE('',*,*,#2833,.F.);
#3962=ORIENTED_EDGE('',*,*,#2834,.F.);
#3963=ORIENTED_EDGE('',*,*,#2835,.F.);
#3964=ORIENTED_EDGE('',*,*,#2834,.T.);
#3965=ORIENTED_EDGE('',*,*,#2836,.F.);
#3966=ORIENTED_EDGE('',*,*,#2837,.F.);
#3967=ORIENTED_EDGE('',*,*,#2838,.F.);
#3968=ORIENTED_EDGE('',*,*,#2837,.T.);
#3969=ORIENTED_EDGE('',*,*,#2839,.F.);
#3970=ORIENTED_EDGE('',*,*,#2840,.F.);
#3971=ORIENTED_EDGE('',*,*,#2841,.F.);
#3972=ORIENTED_EDGE('',*,*,#2840,.T.);
#3973=ORIENTED_EDGE('',*,*,#2842,.F.);
#3974=ORIENTED_EDGE('',*,*,#2843,.F.);
#3975=ORIENTED_EDGE('',*,*,#2844,.F.);
#3976=ORIENTED_EDGE('',*,*,#2843,.T.);
#3977=ORIENTED_EDGE('',*,*,#2845,.F.);
#3978=ORIENTED_EDGE('',*,*,#2846,.F.);
#3979=ORIENTED_EDGE('',*,*,#2847,.F.);
#3980=ORIENTED_EDGE('',*,*,#2846,.T.);
#3981=ORIENTED_EDGE('',*,*,#2848,.F.);
#3982=ORIENTED_EDGE('',*,*,#2849,.F.);
#3983=ORIENTED_EDGE('',*,*,#2850,.F.);
#3984=ORIENTED_EDGE('',*,*,#2849,.T.);
#3985=ORIENTED_EDGE('',*,*,#2851,.F.);
#3986=ORIENTED_EDGE('',*,*,#2852,.F.);
#3987=ORIENTED_EDGE('',*,*,#2853,.F.);
#3988=ORIENTED_EDGE('',*,*,#2852,.T.);
#3989=ORIENTED_EDGE('',*,*,#2854,.F.);
#3990=ORIENTED_EDGE('',*,*,#2855,.F.);
#3991=ORIENTED_EDGE('',*,*,#2856,.F.);
#3992=ORIENTED_EDGE('',*,*,#2855,.T.);
#3993=ORIENTED_EDGE('',*,*,#2857,.F.);
#3994=ORIENTED_EDGE('',*,*,#2858,.F.);
#3995=ORIENTED_EDGE('',*,*,#2859,.F.);
#3996=ORIENTED_EDGE('',*,*,#2858,.T.);
#3997=ORIENTED_EDGE('',*,*,#2860,.F.);
#3998=ORIENTED_EDGE('',*,*,#2861,.F.);
#3999=ORIENTED_EDGE('',*,*,#2862,.F.);
#4000=ORIENTED_EDGE('',*,*,#2861,.T.);
#4001=ORIENTED_EDGE('',*,*,#2863,.F.);
#4002=ORIENTED_EDGE('',*,*,#2864,.F.);
#4003=ORIENTED_EDGE('',*,*,#2865,.F.);
#4004=ORIENTED_EDGE('',*,*,#2864,.T.);
#4005=ORIENTED_EDGE('',*,*,#2866,.F.);
#4006=ORIENTED_EDGE('',*,*,#2832,.F.);
#4007=ORIENTED_EDGE('',*,*,#2866,.T.);
#4008=ORIENTED_EDGE('',*,*,#2863,.T.);
#4009=ORIENTED_EDGE('',*,*,#2860,.T.);
#4010=ORIENTED_EDGE('',*,*,#2857,.T.);
#4011=ORIENTED_EDGE('',*,*,#2854,.T.);
#4012=ORIENTED_EDGE('',*,*,#2851,.T.);
#4013=ORIENTED_EDGE('',*,*,#2848,.T.);
#4014=ORIENTED_EDGE('',*,*,#2845,.T.);
#4015=ORIENTED_EDGE('',*,*,#2842,.T.);
#4016=ORIENTED_EDGE('',*,*,#2839,.T.);
#4017=ORIENTED_EDGE('',*,*,#2836,.T.);
#4018=ORIENTED_EDGE('',*,*,#2833,.T.);
#4019=ORIENTED_EDGE('',*,*,#2867,.T.);
#4020=ORIENTED_EDGE('',*,*,#2868,.T.);
#4021=ORIENTED_EDGE('',*,*,#2869,.T.);
#4022=ORIENTED_EDGE('',*,*,#2870,.T.);
#4023=ORIENTED_EDGE('',*,*,#2871,.T.);
#4024=ORIENTED_EDGE('',*,*,#2872,.T.);
#4025=ORIENTED_EDGE('',*,*,#2873,.T.);
#4026=ORIENTED_EDGE('',*,*,#2874,.T.);
#4027=ORIENTED_EDGE('',*,*,#2875,.T.);
#4028=ORIENTED_EDGE('',*,*,#2876,.T.);
#4029=ORIENTED_EDGE('',*,*,#2877,.T.);
#4030=ORIENTED_EDGE('',*,*,#2878,.T.);
#4031=ORIENTED_EDGE('',*,*,#2879,.F.);
#4032=ORIENTED_EDGE('',*,*,#2880,.F.);
#4033=ORIENTED_EDGE('',*,*,#2881,.T.);
#4034=ORIENTED_EDGE('',*,*,#2876,.F.);
#4035=ORIENTED_EDGE('',*,*,#2881,.F.);
#4036=ORIENTED_EDGE('',*,*,#2882,.F.);
#4037=ORIENTED_EDGE('',*,*,#2883,.T.);
#4038=ORIENTED_EDGE('',*,*,#2877,.F.);
#4039=ORIENTED_EDGE('',*,*,#2883,.F.);
#4040=ORIENTED_EDGE('',*,*,#2884,.F.);
#4041=ORIENTED_EDGE('',*,*,#2885,.T.);
#4042=ORIENTED_EDGE('',*,*,#2878,.F.);
#4043=ORIENTED_EDGE('',*,*,#2404,.T.);
#4044=ORIENTED_EDGE('',*,*,#2886,.F.);
#4045=ORIENTED_EDGE('',*,*,#2887,.F.);
#4046=ORIENTED_EDGE('',*,*,#2888,.T.);
#4047=ORIENTED_EDGE('',*,*,#2405,.T.);
#4048=ORIENTED_EDGE('',*,*,#2888,.F.);
#4049=ORIENTED_EDGE('',*,*,#2889,.F.);
#4050=ORIENTED_EDGE('',*,*,#2408,.T.);
#4051=ORIENTED_EDGE('',*,*,#2410,.F.);
#4052=ORIENTED_EDGE('',*,*,#2890,.F.);
#4053=ORIENTED_EDGE('',*,*,#2891,.T.);
#4054=ORIENTED_EDGE('',*,*,#2873,.F.);
#4055=ORIENTED_EDGE('',*,*,#2885,.F.);
#4056=ORIENTED_EDGE('',*,*,#2892,.F.);
#4057=ORIENTED_EDGE('',*,*,#2886,.T.);
#4058=ORIENTED_EDGE('',*,*,#2407,.T.);
#4059=ORIENTED_EDGE('',*,*,#2891,.F.);
#4060=ORIENTED_EDGE('',*,*,#2893,.F.);
#4061=ORIENTED_EDGE('',*,*,#2894,.F.);
#4062=ORIENTED_EDGE('',*,*,#2874,.F.);
#4063=ORIENTED_EDGE('',*,*,#2894,.T.);
#4064=ORIENTED_EDGE('',*,*,#2895,.F.);
#4065=ORIENTED_EDGE('',*,*,#2879,.T.);
#4066=ORIENTED_EDGE('',*,*,#2875,.F.);
#4067=ORIENTED_EDGE('',*,*,#2896,.F.);
#4068=ORIENTED_EDGE('',*,*,#2897,.F.);
#4069=ORIENTED_EDGE('',*,*,#2898,.T.);
#4070=ORIENTED_EDGE('',*,*,#2868,.F.);
#4071=ORIENTED_EDGE('',*,*,#2898,.F.);
#4072=ORIENTED_EDGE('',*,*,#2899,.F.);
#4073=ORIENTED_EDGE('',*,*,#2900,.T.);
#4074=ORIENTED_EDGE('',*,*,#2869,.F.);
#4075=ORIENTED_EDGE('',*,*,#2819,.T.);
#4076=ORIENTED_EDGE('',*,*,#2823,.T.);
#4077=ORIENTED_EDGE('',*,*,#2826,.T.);
#4078=ORIENTED_EDGE('',*,*,#2829,.T.);
#4079=ORIENTED_EDGE('',*,*,#2900,.F.);
#4080=ORIENTED_EDGE('',*,*,#2901,.F.);
#4081=ORIENTED_EDGE('',*,*,#2902,.T.);
#4082=ORIENTED_EDGE('',*,*,#2870,.F.);
#4083=ORIENTED_EDGE('',*,*,#2902,.F.);
#4084=ORIENTED_EDGE('',*,*,#2903,.F.);
#4085=ORIENTED_EDGE('',*,*,#2904,.T.);
#4086=ORIENTED_EDGE('',*,*,#2871,.F.);
#4087=ORIENTED_EDGE('',*,*,#2811,.T.);
#4088=ORIENTED_EDGE('',*,*,#2818,.T.);
#4089=ORIENTED_EDGE('',*,*,#2816,.T.);
#4090=ORIENTED_EDGE('',*,*,#2814,.T.);
#4091=ORIENTED_EDGE('',*,*,#2904,.F.);
#4092=ORIENTED_EDGE('',*,*,#2905,.F.);
#4093=ORIENTED_EDGE('',*,*,#2906,.F.);
#4094=ORIENTED_EDGE('',*,*,#2872,.F.);
#4095=ORIENTED_EDGE('',*,*,#2831,.T.);
#4096=ORIENTED_EDGE('',*,*,#2835,.T.);
#4097=ORIENTED_EDGE('',*,*,#2838,.T.);
#4098=ORIENTED_EDGE('',*,*,#2841,.T.);
#4099=ORIENTED_EDGE('',*,*,#2844,.T.);
#4100=ORIENTED_EDGE('',*,*,#2847,.T.);
#4101=ORIENTED_EDGE('',*,*,#2850,.T.);
#4102=ORIENTED_EDGE('',*,*,#2853,.T.);
#4103=ORIENTED_EDGE('',*,*,#2856,.T.);
#4104=ORIENTED_EDGE('',*,*,#2859,.T.);
#4105=ORIENTED_EDGE('',*,*,#2862,.T.);
#4106=ORIENTED_EDGE('',*,*,#2865,.T.);
#4107=ORIENTED_EDGE('',*,*,#2906,.T.);
#4108=ORIENTED_EDGE('',*,*,#2907,.F.);
#4109=ORIENTED_EDGE('',*,*,#2896,.T.);
#4110=ORIENTED_EDGE('',*,*,#2867,.F.);
#4111=ORIENTED_EDGE('',*,*,#2803,.T.);
#4112=ORIENTED_EDGE('',*,*,#2810,.T.);
#4113=ORIENTED_EDGE('',*,*,#2808,.T.);
#4114=ORIENTED_EDGE('',*,*,#2806,.T.);
#4115=ORIENTED_EDGE('',*,*,#2907,.T.);
#4116=ORIENTED_EDGE('',*,*,#2905,.T.);
#4117=ORIENTED_EDGE('',*,*,#2903,.T.);
#4118=ORIENTED_EDGE('',*,*,#2901,.T.);
#4119=ORIENTED_EDGE('',*,*,#2899,.T.);
#4120=ORIENTED_EDGE('',*,*,#2897,.T.);
#4121=ORIENTED_EDGE('',*,*,#2895,.T.);
#4122=ORIENTED_EDGE('',*,*,#2893,.T.);
#4123=ORIENTED_EDGE('',*,*,#2890,.T.);
#4124=ORIENTED_EDGE('',*,*,#2409,.T.);
#4125=ORIENTED_EDGE('',*,*,#2889,.T.);
#4126=ORIENTED_EDGE('',*,*,#2887,.T.);
#4127=ORIENTED_EDGE('',*,*,#2892,.T.);
#4128=ORIENTED_EDGE('',*,*,#2884,.T.);
#4129=ORIENTED_EDGE('',*,*,#2882,.T.);
#4130=ORIENTED_EDGE('',*,*,#2880,.T.);
#4131=ORIENTED_EDGE('',*,*,#2908,.T.);
#4132=ORIENTED_EDGE('',*,*,#2909,.T.);
#4133=ORIENTED_EDGE('',*,*,#2910,.T.);
#4134=ORIENTED_EDGE('',*,*,#2911,.T.);
#4135=ORIENTED_EDGE('',*,*,#2912,.F.);
#4136=ORIENTED_EDGE('',*,*,#2913,.F.);
#4137=ORIENTED_EDGE('',*,*,#2914,.F.);
#4138=ORIENTED_EDGE('',*,*,#2909,.F.);
#4139=ORIENTED_EDGE('',*,*,#2914,.T.);
#4140=ORIENTED_EDGE('',*,*,#2915,.F.);
#4141=ORIENTED_EDGE('',*,*,#2916,.F.);
#4142=ORIENTED_EDGE('',*,*,#2910,.F.);
#4143=ORIENTED_EDGE('',*,*,#2916,.T.);
#4144=ORIENTED_EDGE('',*,*,#2917,.F.);
#4145=ORIENTED_EDGE('',*,*,#2918,.F.);
#4146=ORIENTED_EDGE('',*,*,#2911,.F.);
#4147=ORIENTED_EDGE('',*,*,#2918,.T.);
#4148=ORIENTED_EDGE('',*,*,#2919,.F.);
#4149=ORIENTED_EDGE('',*,*,#2912,.T.);
#4150=ORIENTED_EDGE('',*,*,#2908,.F.);
#4151=ORIENTED_EDGE('',*,*,#2919,.T.);
#4152=ORIENTED_EDGE('',*,*,#2917,.T.);
#4153=ORIENTED_EDGE('',*,*,#2915,.T.);
#4154=ORIENTED_EDGE('',*,*,#2913,.T.);
#4155=ORIENTED_EDGE('',*,*,#2920,.F.);
#4156=ORIENTED_EDGE('',*,*,#2921,.T.);
#4157=ORIENTED_EDGE('',*,*,#2922,.F.);
#4158=ORIENTED_EDGE('',*,*,#2921,.F.);
#4159=ORIENTED_EDGE('',*,*,#2922,.T.);
#4160=ORIENTED_EDGE('',*,*,#2920,.T.);
#4161=ORIENTED_EDGE('',*,*,#2923,.F.);
#4162=ORIENTED_EDGE('',*,*,#2924,.T.);
#4163=ORIENTED_EDGE('',*,*,#2925,.F.);
#4164=ORIENTED_EDGE('',*,*,#2924,.F.);
#4165=ORIENTED_EDGE('',*,*,#2925,.T.);
#4166=ORIENTED_EDGE('',*,*,#2923,.T.);
#4167=ORIENTED_EDGE('',*,*,#2926,.F.);
#4168=ORIENTED_EDGE('',*,*,#2927,.T.);
#4169=ORIENTED_EDGE('',*,*,#2928,.T.);
#4170=ORIENTED_EDGE('',*,*,#2929,.F.);
#4171=ORIENTED_EDGE('',*,*,#2928,.F.);
#4172=ORIENTED_EDGE('',*,*,#2930,.F.);
#4173=ORIENTED_EDGE('',*,*,#2931,.F.);
#4174=ORIENTED_EDGE('',*,*,#2932,.T.);
#4175=ORIENTED_EDGE('',*,*,#2933,.T.);
#4176=ORIENTED_EDGE('',*,*,#2932,.F.);
#4177=ORIENTED_EDGE('',*,*,#2933,.F.);
#4178=ORIENTED_EDGE('',*,*,#2934,.F.);
#4179=ORIENTED_EDGE('',*,*,#2935,.T.);
#4180=ORIENTED_EDGE('',*,*,#2936,.T.);
#4181=ORIENTED_EDGE('',*,*,#2937,.T.);
#4182=ORIENTED_EDGE('',*,*,#2938,.T.);
#4183=ORIENTED_EDGE('',*,*,#2926,.T.);
#4184=ORIENTED_EDGE('',*,*,#2939,.T.);
#4185=ORIENTED_EDGE('',*,*,#2940,.T.);
#4186=ORIENTED_EDGE('',*,*,#2941,.T.);
#4187=ORIENTED_EDGE('',*,*,#2942,.T.);
#4188=ORIENTED_EDGE('',*,*,#2943,.T.);
#4189=ORIENTED_EDGE('',*,*,#2944,.T.);
#4190=ORIENTED_EDGE('',*,*,#2945,.T.);
#4191=ORIENTED_EDGE('',*,*,#2931,.T.);
#4192=ORIENTED_EDGE('',*,*,#2946,.F.);
#4193=ORIENTED_EDGE('',*,*,#2947,.F.);
#4194=ORIENTED_EDGE('',*,*,#2948,.T.);
#4195=ORIENTED_EDGE('',*,*,#2949,.F.);
#4196=ORIENTED_EDGE('',*,*,#2950,.F.);
#4197=ORIENTED_EDGE('',*,*,#2949,.T.);
#4198=ORIENTED_EDGE('',*,*,#2951,.T.);
#4199=ORIENTED_EDGE('',*,*,#2952,.F.);
#4200=ORIENTED_EDGE('',*,*,#2953,.F.);
#4201=ORIENTED_EDGE('',*,*,#2952,.T.);
#4202=ORIENTED_EDGE('',*,*,#2954,.T.);
#4203=ORIENTED_EDGE('',*,*,#2955,.F.);
#4204=ORIENTED_EDGE('',*,*,#2954,.F.);
#4205=ORIENTED_EDGE('',*,*,#2951,.F.);
#4206=ORIENTED_EDGE('',*,*,#2948,.F.);
#4207=ORIENTED_EDGE('',*,*,#2956,.F.);
#4208=ORIENTED_EDGE('',*,*,#2955,.T.);
#4209=ORIENTED_EDGE('',*,*,#2956,.T.);
#4210=ORIENTED_EDGE('',*,*,#2947,.T.);
#4211=ORIENTED_EDGE('',*,*,#2957,.T.);
#4212=ORIENTED_EDGE('',*,*,#2958,.T.);
#4213=ORIENTED_EDGE('',*,*,#2935,.F.);
#4214=ORIENTED_EDGE('',*,*,#2959,.F.);
#4215=ORIENTED_EDGE('',*,*,#2960,.T.);
#4216=ORIENTED_EDGE('',*,*,#2953,.T.);
#4217=ORIENTED_EDGE('',*,*,#2960,.F.);
#4218=ORIENTED_EDGE('',*,*,#2961,.F.);
#4219=ORIENTED_EDGE('',*,*,#2962,.F.);
#4220=ORIENTED_EDGE('',*,*,#2963,.F.);
#4221=ORIENTED_EDGE('',*,*,#2964,.F.);
#4222=ORIENTED_EDGE('',*,*,#2965,.F.);
#4223=ORIENTED_EDGE('',*,*,#2966,.F.);
#4224=ORIENTED_EDGE('',*,*,#2967,.F.);
#4225=ORIENTED_EDGE('',*,*,#2968,.F.);
#4226=ORIENTED_EDGE('',*,*,#2969,.F.);
#4227=ORIENTED_EDGE('',*,*,#2957,.F.);
#4228=ORIENTED_EDGE('',*,*,#2946,.T.);
#4229=ORIENTED_EDGE('',*,*,#2950,.T.);
#4230=ORIENTED_EDGE('',*,*,#2970,.F.);
#4231=ORIENTED_EDGE('',*,*,#2971,.F.);
#4232=ORIENTED_EDGE('',*,*,#2964,.T.);
#4233=ORIENTED_EDGE('',*,*,#2972,.T.);
#4234=ORIENTED_EDGE('',*,*,#2942,.F.);
#4235=ORIENTED_EDGE('',*,*,#2973,.F.);
#4236=ORIENTED_EDGE('',*,*,#2963,.T.);
#4237=ORIENTED_EDGE('',*,*,#2974,.T.);
#4238=ORIENTED_EDGE('',*,*,#2943,.F.);
#4239=ORIENTED_EDGE('',*,*,#2972,.F.);
#4240=ORIENTED_EDGE('',*,*,#2962,.T.);
#4241=ORIENTED_EDGE('',*,*,#2975,.T.);
#4242=ORIENTED_EDGE('',*,*,#2944,.F.);
#4243=ORIENTED_EDGE('',*,*,#2974,.F.);
#4244=ORIENTED_EDGE('',*,*,#2961,.T.);
#4245=ORIENTED_EDGE('',*,*,#2959,.T.);
#4246=ORIENTED_EDGE('',*,*,#2945,.F.);
#4247=ORIENTED_EDGE('',*,*,#2975,.F.);
#4248=ORIENTED_EDGE('',*,*,#2930,.T.);
#4249=ORIENTED_EDGE('',*,*,#2976,.T.);
#4250=ORIENTED_EDGE('',*,*,#2971,.T.);
#4251=ORIENTED_EDGE('',*,*,#2976,.F.);
#4252=ORIENTED_EDGE('',*,*,#2934,.T.);
#4253=ORIENTED_EDGE('',*,*,#2977,.T.);
#4254=ORIENTED_EDGE('',*,*,#2970,.T.);
#4255=ORIENTED_EDGE('',*,*,#2977,.F.);
#4256=ORIENTED_EDGE('',*,*,#2965,.T.);
#4257=ORIENTED_EDGE('',*,*,#2973,.T.);
#4258=ORIENTED_EDGE('',*,*,#2941,.F.);
#4259=ORIENTED_EDGE('',*,*,#2978,.F.);
#4260=ORIENTED_EDGE('',*,*,#2966,.T.);
#4261=ORIENTED_EDGE('',*,*,#2978,.T.);
#4262=ORIENTED_EDGE('',*,*,#2940,.F.);
#4263=ORIENTED_EDGE('',*,*,#2979,.F.);
#4264=ORIENTED_EDGE('',*,*,#2967,.T.);
#4265=ORIENTED_EDGE('',*,*,#2979,.T.);
#4266=ORIENTED_EDGE('',*,*,#2939,.F.);
#4267=ORIENTED_EDGE('',*,*,#2929,.T.);
#4268=ORIENTED_EDGE('',*,*,#2927,.F.);
#4269=ORIENTED_EDGE('',*,*,#2938,.F.);
#4270=ORIENTED_EDGE('',*,*,#2980,.F.);
#4271=ORIENTED_EDGE('',*,*,#2968,.T.);
#4272=ORIENTED_EDGE('',*,*,#2980,.T.);
#4273=ORIENTED_EDGE('',*,*,#2937,.F.);
#4274=ORIENTED_EDGE('',*,*,#2981,.F.);
#4275=ORIENTED_EDGE('',*,*,#2969,.T.);
#4276=ORIENTED_EDGE('',*,*,#2981,.T.);
#4277=ORIENTED_EDGE('',*,*,#2936,.F.);
#4278=ORIENTED_EDGE('',*,*,#2958,.F.);
#4279=ORIENTED_EDGE('',*,*,#2982,.T.);
#4280=ORIENTED_EDGE('',*,*,#2983,.T.);
#4281=ORIENTED_EDGE('',*,*,#2984,.T.);
#4282=ORIENTED_EDGE('',*,*,#2985,.T.);
#4283=ORIENTED_EDGE('',*,*,#2986,.F.);
#4284=ORIENTED_EDGE('',*,*,#2987,.T.);
#4285=ORIENTED_EDGE('',*,*,#2986,.T.);
#4286=ORIENTED_EDGE('',*,*,#2988,.T.);
#4287=ORIENTED_EDGE('',*,*,#2989,.T.);
#4288=ORIENTED_EDGE('',*,*,#2990,.T.);
#4289=ORIENTED_EDGE('',*,*,#2991,.T.);
#4290=ORIENTED_EDGE('',*,*,#2992,.T.);
#4291=ORIENTED_EDGE('',*,*,#2993,.T.);
#4292=ORIENTED_EDGE('',*,*,#2994,.F.);
#4293=ORIENTED_EDGE('',*,*,#2995,.T.);
#4294=ORIENTED_EDGE('',*,*,#2994,.T.);
#4295=ORIENTED_EDGE('',*,*,#2996,.T.);
#4296=ORIENTED_EDGE('',*,*,#2997,.T.);
#4297=ORIENTED_EDGE('',*,*,#2998,.T.);
#4298=ORIENTED_EDGE('',*,*,#2999,.T.);
#4299=ORIENTED_EDGE('',*,*,#3000,.T.);
#4300=ORIENTED_EDGE('',*,*,#3001,.T.);
#4301=ORIENTED_EDGE('',*,*,#3002,.T.);
#4302=ORIENTED_EDGE('',*,*,#3001,.F.);
#4303=ORIENTED_EDGE('',*,*,#3003,.T.);
#4304=ORIENTED_EDGE('',*,*,#3004,.T.);
#4305=ORIENTED_EDGE('',*,*,#3005,.F.);
#4306=ORIENTED_EDGE('',*,*,#3006,.T.);
#4307=ORIENTED_EDGE('',*,*,#3007,.F.);
#4308=ORIENTED_EDGE('',*,*,#2991,.F.);
#4309=ORIENTED_EDGE('',*,*,#2995,.F.);
#4310=ORIENTED_EDGE('',*,*,#3008,.F.);
#4311=ORIENTED_EDGE('',*,*,#3009,.T.);
#4312=ORIENTED_EDGE('',*,*,#3010,.F.);
#4313=ORIENTED_EDGE('',*,*,#2983,.F.);
#4314=ORIENTED_EDGE('',*,*,#2987,.F.);
#4315=ORIENTED_EDGE('',*,*,#3011,.F.);
#4316=ORIENTED_EDGE('',*,*,#3012,.F.);
#4317=ORIENTED_EDGE('',*,*,#3013,.F.);
#4318=ORIENTED_EDGE('',*,*,#3009,.F.);
#4319=ORIENTED_EDGE('',*,*,#3014,.F.);
#4320=ORIENTED_EDGE('',*,*,#3015,.F.);
#4321=ORIENTED_EDGE('',*,*,#3016,.F.);
#4322=ORIENTED_EDGE('',*,*,#3017,.F.);
#4323=ORIENTED_EDGE('',*,*,#3018,.F.);
#4324=ORIENTED_EDGE('',*,*,#3019,.F.);
#4325=ORIENTED_EDGE('',*,*,#3020,.F.);
#4326=ORIENTED_EDGE('',*,*,#3021,.F.);
#4327=ORIENTED_EDGE('',*,*,#3022,.F.);
#4328=ORIENTED_EDGE('',*,*,#3023,.F.);
#4329=ORIENTED_EDGE('',*,*,#3024,.F.);
#4330=ORIENTED_EDGE('',*,*,#3006,.F.);
#4331=ORIENTED_EDGE('',*,*,#3025,.F.);
#4332=ORIENTED_EDGE('',*,*,#3017,.T.);
#4333=ORIENTED_EDGE('',*,*,#3026,.F.);
#4334=ORIENTED_EDGE('',*,*,#3003,.F.);
#4335=ORIENTED_EDGE('',*,*,#3000,.F.);
#4336=ORIENTED_EDGE('',*,*,#3027,.F.);
#4337=ORIENTED_EDGE('',*,*,#2996,.F.);
#4338=ORIENTED_EDGE('',*,*,#2993,.F.);
#4339=ORIENTED_EDGE('',*,*,#3028,.T.);
#4340=ORIENTED_EDGE('',*,*,#3023,.T.);
#4341=ORIENTED_EDGE('',*,*,#3007,.T.);
#4342=ORIENTED_EDGE('',*,*,#3024,.T.);
#4343=ORIENTED_EDGE('',*,*,#3028,.F.);
#4344=ORIENTED_EDGE('',*,*,#2992,.F.);
#4345=ORIENTED_EDGE('',*,*,#3029,.F.);
#4346=ORIENTED_EDGE('',*,*,#2988,.F.);
#4347=ORIENTED_EDGE('',*,*,#2985,.F.);
#4348=ORIENTED_EDGE('',*,*,#3030,.T.);
#4349=ORIENTED_EDGE('',*,*,#3012,.T.);
#4350=ORIENTED_EDGE('',*,*,#3010,.T.);
#4351=ORIENTED_EDGE('',*,*,#3013,.T.);
#4352=ORIENTED_EDGE('',*,*,#3030,.F.);
#4353=ORIENTED_EDGE('',*,*,#2984,.F.);
#4354=ORIENTED_EDGE('',*,*,#3031,.F.);
#4355=ORIENTED_EDGE('',*,*,#2998,.F.);
#4356=ORIENTED_EDGE('',*,*,#3002,.F.);
#4357=ORIENTED_EDGE('',*,*,#3032,.T.);
#4358=ORIENTED_EDGE('',*,*,#3015,.T.);
#4359=ORIENTED_EDGE('',*,*,#3026,.T.);
#4360=ORIENTED_EDGE('',*,*,#3016,.T.);
#4361=ORIENTED_EDGE('',*,*,#3032,.F.);
#4362=ORIENTED_EDGE('',*,*,#3004,.F.);
#4363=ORIENTED_EDGE('',*,*,#3029,.T.);
#4364=ORIENTED_EDGE('',*,*,#3011,.T.);
#4365=ORIENTED_EDGE('',*,*,#3005,.T.);
#4366=ORIENTED_EDGE('',*,*,#2997,.F.);
#4367=ORIENTED_EDGE('',*,*,#3027,.T.);
#4368=ORIENTED_EDGE('',*,*,#3022,.T.);
#4369=ORIENTED_EDGE('',*,*,#3033,.T.);
#4370=ORIENTED_EDGE('',*,*,#3034,.F.);
#4371=ORIENTED_EDGE('',*,*,#3035,.T.);
#4372=ORIENTED_EDGE('',*,*,#3018,.T.);
#4373=ORIENTED_EDGE('',*,*,#3025,.T.);
#4374=ORIENTED_EDGE('',*,*,#2999,.F.);
#4375=ORIENTED_EDGE('',*,*,#3031,.T.);
#4376=ORIENTED_EDGE('',*,*,#3014,.T.);
#4377=ORIENTED_EDGE('',*,*,#3008,.T.);
#4378=ORIENTED_EDGE('',*,*,#2990,.F.);
#4379=ORIENTED_EDGE('',*,*,#3036,.T.);
#4380=ORIENTED_EDGE('',*,*,#2982,.F.);
#4381=ORIENTED_EDGE('',*,*,#3036,.F.);
#4382=ORIENTED_EDGE('',*,*,#2989,.F.);
#4383=ORIENTED_EDGE('',*,*,#3037,.T.);
#4384=ORIENTED_EDGE('',*,*,#3034,.T.);
#4385=ORIENTED_EDGE('',*,*,#3038,.T.);
#4386=ORIENTED_EDGE('',*,*,#3039,.T.);
#4387=ORIENTED_EDGE('',*,*,#3040,.T.);
#4388=ORIENTED_EDGE('',*,*,#3039,.F.);
#4389=ORIENTED_EDGE('',*,*,#3041,.T.);
#4390=ORIENTED_EDGE('',*,*,#3042,.T.);
#4391=ORIENTED_EDGE('',*,*,#3043,.T.);
#4392=ORIENTED_EDGE('',*,*,#3041,.F.);
#4393=ORIENTED_EDGE('',*,*,#3038,.F.);
#4394=ORIENTED_EDGE('',*,*,#3033,.F.);
#4395=ORIENTED_EDGE('',*,*,#3021,.T.);
#4396=ORIENTED_EDGE('',*,*,#3044,.F.);
#4397=ORIENTED_EDGE('',*,*,#3042,.F.);
#4398=ORIENTED_EDGE('',*,*,#3043,.F.);
#4399=ORIENTED_EDGE('',*,*,#3020,.T.);
#4400=ORIENTED_EDGE('',*,*,#3037,.F.);
#4401=ORIENTED_EDGE('',*,*,#3040,.F.);
#4402=ORIENTED_EDGE('',*,*,#3044,.T.);
#4403=ORIENTED_EDGE('',*,*,#3019,.T.);
#4404=ORIENTED_EDGE('',*,*,#3035,.F.);
#4405=ORIENTED_EDGE('',*,*,#3045,.T.);
#4406=ORIENTED_EDGE('',*,*,#3046,.T.);
#4407=ORIENTED_EDGE('',*,*,#3047,.T.);
#4408=ORIENTED_EDGE('',*,*,#3048,.F.);
#4409=ORIENTED_EDGE('',*,*,#3049,.T.);
#4410=ORIENTED_EDGE('',*,*,#3048,.T.);
#4411=ORIENTED_EDGE('',*,*,#3050,.T.);
#4412=ORIENTED_EDGE('',*,*,#3051,.T.);
#4413=ORIENTED_EDGE('',*,*,#3052,.T.);
#4414=ORIENTED_EDGE('',*,*,#3053,.T.);
#4415=ORIENTED_EDGE('',*,*,#3054,.T.);
#4416=ORIENTED_EDGE('',*,*,#3055,.F.);
#4417=ORIENTED_EDGE('',*,*,#3056,.T.);
#4418=ORIENTED_EDGE('',*,*,#3055,.T.);
#4419=ORIENTED_EDGE('',*,*,#3057,.T.);
#4420=ORIENTED_EDGE('',*,*,#3058,.T.);
#4421=ORIENTED_EDGE('',*,*,#3059,.F.);
#4422=ORIENTED_EDGE('',*,*,#3060,.T.);
#4423=ORIENTED_EDGE('',*,*,#3061,.F.);
#4424=ORIENTED_EDGE('',*,*,#3052,.F.);
#4425=ORIENTED_EDGE('',*,*,#3056,.F.);
#4426=ORIENTED_EDGE('',*,*,#3062,.F.);
#4427=ORIENTED_EDGE('',*,*,#3063,.T.);
#4428=ORIENTED_EDGE('',*,*,#3064,.F.);
#4429=ORIENTED_EDGE('',*,*,#3045,.F.);
#4430=ORIENTED_EDGE('',*,*,#3049,.F.);
#4431=ORIENTED_EDGE('',*,*,#3065,.F.);
#4432=ORIENTED_EDGE('',*,*,#3066,.F.);
#4433=ORIENTED_EDGE('',*,*,#3067,.F.);
#4434=ORIENTED_EDGE('',*,*,#3063,.F.);
#4435=ORIENTED_EDGE('',*,*,#3068,.F.);
#4436=ORIENTED_EDGE('',*,*,#3069,.F.);
#4437=ORIENTED_EDGE('',*,*,#3070,.F.);
#4438=ORIENTED_EDGE('',*,*,#3071,.F.);
#4439=ORIENTED_EDGE('',*,*,#3072,.F.);
#4440=ORIENTED_EDGE('',*,*,#3073,.F.);
#4441=ORIENTED_EDGE('',*,*,#3074,.F.);
#4442=ORIENTED_EDGE('',*,*,#3075,.F.);
#4443=ORIENTED_EDGE('',*,*,#3076,.F.);
#4444=ORIENTED_EDGE('',*,*,#3077,.F.);
#4445=ORIENTED_EDGE('',*,*,#3078,.F.);
#4446=ORIENTED_EDGE('',*,*,#3060,.F.);
#4447=ORIENTED_EDGE('',*,*,#3079,.F.);
#4448=ORIENTED_EDGE('',*,*,#3057,.F.);
#4449=ORIENTED_EDGE('',*,*,#3054,.F.);
#4450=ORIENTED_EDGE('',*,*,#3080,.T.);
#4451=ORIENTED_EDGE('',*,*,#3077,.T.);
#4452=ORIENTED_EDGE('',*,*,#3061,.T.);
#4453=ORIENTED_EDGE('',*,*,#3078,.T.);
#4454=ORIENTED_EDGE('',*,*,#3080,.F.);
#4455=ORIENTED_EDGE('',*,*,#3053,.F.);
#4456=ORIENTED_EDGE('',*,*,#3081,.F.);
#4457=ORIENTED_EDGE('',*,*,#3050,.F.);
#4458=ORIENTED_EDGE('',*,*,#3047,.F.);
#4459=ORIENTED_EDGE('',*,*,#3082,.T.);
#4460=ORIENTED_EDGE('',*,*,#3066,.T.);
#4461=ORIENTED_EDGE('',*,*,#3064,.T.);
#4462=ORIENTED_EDGE('',*,*,#3067,.T.);
#4463=ORIENTED_EDGE('',*,*,#3082,.F.);
#4464=ORIENTED_EDGE('',*,*,#3046,.F.);
#4465=ORIENTED_EDGE('',*,*,#3083,.T.);
#4466=ORIENTED_EDGE('',*,*,#3084,.T.);
#4467=ORIENTED_EDGE('',*,*,#3085,.T.);
#4468=ORIENTED_EDGE('',*,*,#3086,.T.);
#4469=ORIENTED_EDGE('',*,*,#3087,.T.);
#4470=ORIENTED_EDGE('',*,*,#3088,.T.);
#4471=ORIENTED_EDGE('',*,*,#3089,.T.);
#4472=ORIENTED_EDGE('',*,*,#3088,.F.);
#4473=ORIENTED_EDGE('',*,*,#3090,.T.);
#4474=ORIENTED_EDGE('',*,*,#3091,.T.);
#4475=ORIENTED_EDGE('',*,*,#3092,.F.);
#4476=ORIENTED_EDGE('',*,*,#3084,.F.);
#4477=ORIENTED_EDGE('',*,*,#3089,.F.);
#4478=ORIENTED_EDGE('',*,*,#3093,.F.);
#4479=ORIENTED_EDGE('',*,*,#3069,.T.);
#4480=ORIENTED_EDGE('',*,*,#3094,.T.);
#4481=ORIENTED_EDGE('',*,*,#3090,.F.);
#4482=ORIENTED_EDGE('',*,*,#3087,.F.);
#4483=ORIENTED_EDGE('',*,*,#3095,.F.);
#4484=ORIENTED_EDGE('',*,*,#3071,.T.);
#4485=ORIENTED_EDGE('',*,*,#3093,.T.);
#4486=ORIENTED_EDGE('',*,*,#3091,.F.);
#4487=ORIENTED_EDGE('',*,*,#3094,.F.);
#4488=ORIENTED_EDGE('',*,*,#3070,.T.);
#4489=ORIENTED_EDGE('',*,*,#3096,.T.);
#4490=ORIENTED_EDGE('',*,*,#3097,.T.);
#4491=ORIENTED_EDGE('',*,*,#3098,.T.);
#4492=ORIENTED_EDGE('',*,*,#3099,.T.);
#4493=ORIENTED_EDGE('',*,*,#3100,.T.);
#4494=ORIENTED_EDGE('',*,*,#3072,.T.);
#4495=ORIENTED_EDGE('',*,*,#3095,.T.);
#4496=ORIENTED_EDGE('',*,*,#3086,.F.);
#4497=ORIENTED_EDGE('',*,*,#3101,.T.);
#4498=ORIENTED_EDGE('',*,*,#3083,.F.);
#4499=ORIENTED_EDGE('',*,*,#3101,.F.);
#4500=ORIENTED_EDGE('',*,*,#3085,.F.);
#4501=ORIENTED_EDGE('',*,*,#3092,.T.);
#4502=ORIENTED_EDGE('',*,*,#3068,.T.);
#4503=ORIENTED_EDGE('',*,*,#3062,.T.);
#4504=ORIENTED_EDGE('',*,*,#3051,.F.);
#4505=ORIENTED_EDGE('',*,*,#3081,.T.);
#4506=ORIENTED_EDGE('',*,*,#3065,.T.);
#4507=ORIENTED_EDGE('',*,*,#3059,.T.);
#4508=ORIENTED_EDGE('',*,*,#3058,.F.);
#4509=ORIENTED_EDGE('',*,*,#3079,.T.);
#4510=ORIENTED_EDGE('',*,*,#3076,.T.);
#4511=ORIENTED_EDGE('',*,*,#3102,.T.);
#4512=ORIENTED_EDGE('',*,*,#3097,.F.);
#4513=ORIENTED_EDGE('',*,*,#3103,.T.);
#4514=ORIENTED_EDGE('',*,*,#3099,.F.);
#4515=ORIENTED_EDGE('',*,*,#3104,.T.);
#4516=ORIENTED_EDGE('',*,*,#3105,.T.);
#4517=ORIENTED_EDGE('',*,*,#3106,.T.);
#4518=ORIENTED_EDGE('',*,*,#3104,.F.);
#4519=ORIENTED_EDGE('',*,*,#3098,.F.);
#4520=ORIENTED_EDGE('',*,*,#3102,.F.);
#4521=ORIENTED_EDGE('',*,*,#3075,.T.);
#4522=ORIENTED_EDGE('',*,*,#3107,.F.);
#4523=ORIENTED_EDGE('',*,*,#3105,.F.);
#4524=ORIENTED_EDGE('',*,*,#3106,.F.);
#4525=ORIENTED_EDGE('',*,*,#3074,.T.);
#4526=ORIENTED_EDGE('',*,*,#3096,.F.);
#4527=ORIENTED_EDGE('',*,*,#3103,.F.);
#4528=ORIENTED_EDGE('',*,*,#3107,.T.);
#4529=ORIENTED_EDGE('',*,*,#3073,.T.);
#4530=ORIENTED_EDGE('',*,*,#3100,.F.);
#4531=ORIENTED_EDGE('',*,*,#3108,.F.);
#4532=ORIENTED_EDGE('',*,*,#3109,.T.);
#4533=ORIENTED_EDGE('',*,*,#3110,.T.);
#4534=ORIENTED_EDGE('',*,*,#3109,.F.);
#4535=ORIENTED_EDGE('',*,*,#3108,.T.);
#4536=ORIENTED_EDGE('',*,*,#3110,.F.);
#4537=ORIENTED_EDGE('',*,*,#3111,.T.);
#4538=ORIENTED_EDGE('',*,*,#3112,.T.);
#4539=ORIENTED_EDGE('',*,*,#3113,.T.);
#4540=ORIENTED_EDGE('',*,*,#3114,.T.);
#4541=ORIENTED_EDGE('',*,*,#3115,.F.);
#4542=ORIENTED_EDGE('',*,*,#3116,.F.);
#4543=ORIENTED_EDGE('',*,*,#3117,.F.);
#4544=ORIENTED_EDGE('',*,*,#3112,.F.);
#4545=ORIENTED_EDGE('',*,*,#3117,.T.);
#4546=ORIENTED_EDGE('',*,*,#3118,.F.);
#4547=ORIENTED_EDGE('',*,*,#3119,.F.);
#4548=ORIENTED_EDGE('',*,*,#3113,.F.);
#4549=ORIENTED_EDGE('',*,*,#3119,.T.);
#4550=ORIENTED_EDGE('',*,*,#3120,.F.);
#4551=ORIENTED_EDGE('',*,*,#3121,.F.);
#4552=ORIENTED_EDGE('',*,*,#3114,.F.);
#4553=ORIENTED_EDGE('',*,*,#3121,.T.);
#4554=ORIENTED_EDGE('',*,*,#3122,.F.);
#4555=ORIENTED_EDGE('',*,*,#3115,.T.);
#4556=ORIENTED_EDGE('',*,*,#3111,.F.);
#4557=ORIENTED_EDGE('',*,*,#3122,.T.);
#4558=ORIENTED_EDGE('',*,*,#3120,.T.);
#4559=ORIENTED_EDGE('',*,*,#3118,.T.);
#4560=ORIENTED_EDGE('',*,*,#3116,.T.);
#4561=PLANE('',#5018);
#4562=PLANE('',#5019);
#4563=PLANE('',#5020);
#4564=PLANE('',#5021);
#4565=PLANE('',#5022);
#4566=PLANE('',#5023);
#4567=PLANE('',#5024);
#4568=PLANE('',#5025);
#4569=PLANE('',#5026);
#4570=PLANE('',#5027);
#4571=PLANE('',#5028);
#4572=PLANE('',#5029);
#4573=PLANE('',#5030);
#4574=PLANE('',#5031);
#4575=PLANE('',#5032);
#4576=PLANE('',#5033);
#4577=PLANE('',#5034);
#4578=PLANE('',#5035);
#4579=PLANE('',#5036);
#4580=PLANE('',#5037);
#4581=PLANE('',#5038);
#4582=PLANE('',#5039);
#4583=PLANE('',#5040);
#4584=PLANE('',#5041);
#4585=PLANE('',#5042);
#4586=PLANE('',#5043);
#4587=PLANE('',#5044);
#4588=PLANE('',#5045);
#4589=PLANE('',#5046);
#4590=PLANE('',#5047);
#4591=PLANE('',#5048);
#4592=PLANE('',#5049);
#4593=PLANE('',#5050);
#4594=PLANE('',#5051);
#4595=PLANE('',#5052);
#4596=PLANE('',#5053);
#4597=PLANE('',#5054);
#4598=PLANE('',#5055);
#4599=PLANE('',#5056);
#4600=PLANE('',#5057);
#4601=PLANE('',#5058);
#4602=PLANE('',#5059);
#4603=PLANE('',#5060);
#4604=PLANE('',#5061);
#4605=PLANE('',#5062);
#4606=PLANE('',#5063);
#4607=PLANE('',#5064);
#4608=PLANE('',#5065);
#4609=PLANE('',#5066);
#4610=PLANE('',#5067);
#4611=PLANE('',#5068);
#4612=PLANE('',#5069);
#4613=PLANE('',#5070);
#4614=PLANE('',#5071);
#4615=PLANE('',#5072);
#4616=PLANE('',#5073);
#4617=PLANE('',#5074);
#4618=PLANE('',#5075);
#4619=PLANE('',#5076);
#4620=PLANE('',#5077);
#4621=PLANE('',#5078);
#4622=PLANE('',#5079);
#4623=PLANE('',#5080);
#4624=PLANE('',#5081);
#4625=PLANE('',#5082);
#4626=PLANE('',#5083);
#4627=PLANE('',#5084);
#4628=PLANE('',#5085);
#4629=PLANE('',#5086);
#4630=PLANE('',#5087);
#4631=PLANE('',#5088);
#4632=PLANE('',#5089);
#4633=PLANE('',#5090);
#4634=PLANE('',#5091);
#4635=PLANE('',#5092);
#4636=PLANE('',#5093);
#4637=PLANE('',#5094);
#4638=PLANE('',#5095);
#4639=PLANE('',#5096);
#4640=PLANE('',#5097);
#4641=PLANE('',#5098);
#4642=PLANE('',#5099);
#4643=PLANE('',#5100);
#4644=PLANE('',#5101);
#4645=PLANE('',#5102);
#4646=PLANE('',#5103);
#4647=PLANE('',#5104);
#4648=PLANE('',#5105);
#4649=PLANE('',#5106);
#4650=PLANE('',#5107);
#4651=PLANE('',#5108);
#4652=PLANE('',#5109);
#4653=PLANE('',#5110);
#4654=PLANE('',#5111);
#4655=PLANE('',#5112);
#4656=PLANE('',#5113);
#4657=PLANE('',#5114);
#4658=PLANE('',#5115);
#4659=PLANE('',#5116);
#4660=PLANE('',#5117);
#4661=PLANE('',#5118);
#4662=PLANE('',#5121);
#4663=PLANE('',#5124);
#4664=PLANE('',#5127);
#4665=PLANE('',#5131);
#4666=PLANE('',#5132);
#4667=PLANE('',#5136);
#4668=PLANE('',#5137);
#4669=PLANE('',#5141);
#4670=PLANE('',#5146);
#4671=PLANE('',#5148);
#4672=PLANE('',#5149);
#4673=PLANE('',#5150);
#4674=PLANE('',#5151);
#4675=PLANE('',#5152);
#4676=PLANE('',#5153);
#4677=PLANE('',#5154);
#4678=PLANE('',#5157);
#4679=PLANE('',#5158);
#4680=PLANE('',#5159);
#4681=PLANE('',#5160);
#4682=PLANE('',#5163);
#4683=PLANE('',#5164);
#4684=PLANE('',#5165);
#4685=PLANE('',#5166);
#4686=PLANE('',#5167);
#4687=PLANE('',#5168);
#4688=PLANE('',#5170);
#4689=PLANE('',#5176);
#4690=PLANE('',#5184);
#4691=PLANE('',#5186);
#4692=PLANE('',#5187);
#4693=PLANE('',#5188);
#4694=PLANE('',#5197);
#4695=PLANE('',#5198);
#4696=PLANE('',#5200);
#4697=PLANE('',#5202);
#4698=PLANE('',#5208);
#4699=PLANE('',#5210);
#4700=PLANE('',#5212);
#4701=PLANE('',#5213);
#4702=PLANE('',#5218);
#4703=PLANE('',#5223);
#4704=PLANE('',#5224);
#4705=PLANE('',#5225);
#4706=PLANE('',#5234);
#4707=PLANE('',#5236);
#4708=PLANE('',#5238);
#4709=PLANE('',#5244);
#4710=PLANE('',#5246);
#4711=PLANE('',#5247);
#4712=PLANE('',#5253);
#4713=PLANE('',#5255);
#4714=PLANE('',#5257);
#4715=PLANE('',#5261);
#4716=PLANE('',#5262);
#4717=PLANE('',#5263);
#4718=PLANE('',#5268);
#4719=PLANE('',#5271);
#4720=PLANE('',#5272);
#4721=ADVANCED_FACE('',(#423),#4561,.F.);
#4722=ADVANCED_FACE('',(#424),#4562,.T.);
#4723=ADVANCED_FACE('',(#425),#4563,.T.);
#4724=ADVANCED_FACE('',(#426),#4564,.T.);
#4725=ADVANCED_FACE('',(#427),#4565,.T.);
#4726=ADVANCED_FACE('',(#428),#4566,.T.);
#4727=ADVANCED_FACE('',(#429),#4567,.T.);
#4728=ADVANCED_FACE('',(#430),#4568,.T.);
#4729=ADVANCED_FACE('',(#431),#4569,.T.);
#4730=ADVANCED_FACE('',(#432),#4570,.T.);
#4731=ADVANCED_FACE('',(#433),#4571,.T.);
#4732=ADVANCED_FACE('',(#434),#4572,.T.);
#4733=ADVANCED_FACE('',(#435),#4573,.T.);
#4734=ADVANCED_FACE('',(#436),#4574,.T.);
#4735=ADVANCED_FACE('',(#437),#4575,.T.);
#4736=ADVANCED_FACE('',(#438),#337,.T.);
#4737=ADVANCED_FACE('',(#439),#338,.T.);
#4738=ADVANCED_FACE('',(#440),#339,.T.);
#4739=ADVANCED_FACE('',(#441),#340,.T.);
#4740=ADVANCED_FACE('',(#442),#341,.T.);
#4741=ADVANCED_FACE('',(#443),#342,.T.);
#4742=ADVANCED_FACE('',(#444),#343,.T.);
#4743=ADVANCED_FACE('',(#445),#344,.T.);
#4744=ADVANCED_FACE('',(#446),#345,.T.);
#4745=ADVANCED_FACE('',(#447),#346,.T.);
#4746=ADVANCED_FACE('',(#448),#347,.T.);
#4747=ADVANCED_FACE('',(#449),#348,.T.);
#4748=ADVANCED_FACE('',(#450),#349,.T.);
#4749=ADVANCED_FACE('',(#451),#350,.T.);
#4750=ADVANCED_FACE('',(#452),#351,.T.);
#4751=ADVANCED_FACE('',(#453),#352,.T.);
#4752=ADVANCED_FACE('',(#454),#353,.T.);
#4753=ADVANCED_FACE('',(#455),#354,.T.);
#4754=ADVANCED_FACE('',(#456),#355,.T.);
#4755=ADVANCED_FACE('',(#457),#356,.T.);
#4756=ADVANCED_FACE('',(#458,#126),#4576,.T.);
#4757=ADVANCED_FACE('',(#459,#127,#128,#129,#130),#4577,.F.);
#4758=ADVANCED_FACE('',(#460),#357,.T.);
#4759=ADVANCED_FACE('',(#461),#358,.T.);
#4760=ADVANCED_FACE('',(#462),#359,.T.);
#4761=ADVANCED_FACE('',(#463),#360,.T.);
#4762=ADVANCED_FACE('',(#464),#361,.T.);
#4763=ADVANCED_FACE('',(#465),#362,.T.);
#4764=ADVANCED_FACE('',(#466),#363,.T.);
#4765=ADVANCED_FACE('',(#467),#364,.T.);
#4766=ADVANCED_FACE('',(#468),#4578,.T.);
#4767=ADVANCED_FACE('',(#469),#365,.T.);
#4768=ADVANCED_FACE('',(#470),#366,.T.);
#4769=ADVANCED_FACE('',(#471),#367,.T.);
#4770=ADVANCED_FACE('',(#472),#368,.T.);
#4771=ADVANCED_FACE('',(#473),#369,.T.);
#4772=ADVANCED_FACE('',(#474),#370,.T.);
#4773=ADVANCED_FACE('',(#475),#371,.T.);
#4774=ADVANCED_FACE('',(#476),#372,.T.);
#4775=ADVANCED_FACE('',(#477),#373,.T.);
#4776=ADVANCED_FACE('',(#478),#374,.T.);
#4777=ADVANCED_FACE('',(#479),#375,.T.);
#4778=ADVANCED_FACE('',(#480),#376,.T.);
#4779=ADVANCED_FACE('',(#481),#377,.T.);
#4780=ADVANCED_FACE('',(#482),#378,.T.);
#4781=ADVANCED_FACE('',(#483),#379,.T.);
#4782=ADVANCED_FACE('',(#484,#131),#4579,.T.);
#4783=ADVANCED_FACE('',(#485),#4580,.F.);
#4784=ADVANCED_FACE('',(#486),#4581,.T.);
#4785=ADVANCED_FACE('',(#487),#4582,.T.);
#4786=ADVANCED_FACE('',(#488),#4583,.T.);
#4787=ADVANCED_FACE('',(#489),#4584,.T.);
#4788=ADVANCED_FACE('',(#490),#4585,.T.);
#4789=ADVANCED_FACE('',(#491),#4586,.T.);
#4790=ADVANCED_FACE('',(#492),#4587,.T.);
#4791=ADVANCED_FACE('',(#493),#4588,.T.);
#4792=ADVANCED_FACE('',(#494),#4589,.T.);
#4793=ADVANCED_FACE('',(#495),#4590,.T.);
#4794=ADVANCED_FACE('',(#496),#4591,.T.);
#4795=ADVANCED_FACE('',(#497),#4592,.T.);
#4796=ADVANCED_FACE('',(#498),#4593,.T.);
#4797=ADVANCED_FACE('',(#499),#4594,.T.);
#4798=ADVANCED_FACE('',(#500),#4595,.T.);
#4799=ADVANCED_FACE('',(#501),#4596,.T.);
#4800=ADVANCED_FACE('',(#502),#4597,.T.);
#4801=ADVANCED_FACE('',(#503),#4598,.T.);
#4802=ADVANCED_FACE('',(#504),#4599,.T.);
#4803=ADVANCED_FACE('',(#505),#4600,.T.);
#4804=ADVANCED_FACE('',(#506),#4601,.T.);
#4805=ADVANCED_FACE('',(#507),#4602,.T.);
#4806=ADVANCED_FACE('',(#508),#380,.T.);
#4807=ADVANCED_FACE('',(#509),#381,.T.);
#4808=ADVANCED_FACE('',(#510),#382,.T.);
#4809=ADVANCED_FACE('',(#511),#383,.T.);
#4810=ADVANCED_FACE('',(#512),#384,.T.);
#4811=ADVANCED_FACE('',(#513),#385,.T.);
#4812=ADVANCED_FACE('',(#514),#386,.T.);
#4813=ADVANCED_FACE('',(#515),#387,.T.);
#4814=ADVANCED_FACE('',(#516),#388,.T.);
#4815=ADVANCED_FACE('',(#517),#389,.T.);
#4816=ADVANCED_FACE('',(#518),#390,.T.);
#4817=ADVANCED_FACE('',(#519),#391,.T.);
#4818=ADVANCED_FACE('',(#520),#392,.T.);
#4819=ADVANCED_FACE('',(#521),#393,.T.);
#4820=ADVANCED_FACE('',(#522),#394,.T.);
#4821=ADVANCED_FACE('',(#523),#395,.T.);
#4822=ADVANCED_FACE('',(#524),#396,.T.);
#4823=ADVANCED_FACE('',(#525),#397,.T.);
#4824=ADVANCED_FACE('',(#526),#398,.T.);
#4825=ADVANCED_FACE('',(#527),#399,.T.);
#4826=ADVANCED_FACE('',(#528,#132),#4603,.T.);
#4827=ADVANCED_FACE('',(#529,#133,#134,#135,#136),#4604,.F.);
#4828=ADVANCED_FACE('',(#530),#400,.T.);
#4829=ADVANCED_FACE('',(#531),#401,.T.);
#4830=ADVANCED_FACE('',(#532),#402,.T.);
#4831=ADVANCED_FACE('',(#533),#403,.T.);
#4832=ADVANCED_FACE('',(#534),#404,.T.);
#4833=ADVANCED_FACE('',(#535),#405,.T.);
#4834=ADVANCED_FACE('',(#536),#406,.T.);
#4835=ADVANCED_FACE('',(#537),#407,.T.);
#4836=ADVANCED_FACE('',(#538),#4605,.T.);
#4837=ADVANCED_FACE('',(#539),#408,.T.);
#4838=ADVANCED_FACE('',(#540),#409,.T.);
#4839=ADVANCED_FACE('',(#541),#410,.T.);
#4840=ADVANCED_FACE('',(#542),#411,.T.);
#4841=ADVANCED_FACE('',(#543),#412,.T.);
#4842=ADVANCED_FACE('',(#544),#413,.T.);
#4843=ADVANCED_FACE('',(#545),#414,.T.);
#4844=ADVANCED_FACE('',(#546),#415,.T.);
#4845=ADVANCED_FACE('',(#547),#416,.T.);
#4846=ADVANCED_FACE('',(#548),#417,.T.);
#4847=ADVANCED_FACE('',(#549),#418,.T.);
#4848=ADVANCED_FACE('',(#550),#419,.T.);
#4849=ADVANCED_FACE('',(#551),#420,.T.);
#4850=ADVANCED_FACE('',(#552),#421,.T.);
#4851=ADVANCED_FACE('',(#553),#422,.T.);
#4852=ADVANCED_FACE('',(#554,#137),#4606,.T.);
#4853=ADVANCED_FACE('',(#555),#4607,.F.);
#4854=ADVANCED_FACE('',(#556),#4608,.T.);
#4855=ADVANCED_FACE('',(#557),#4609,.T.);
#4856=ADVANCED_FACE('',(#558),#4610,.T.);
#4857=ADVANCED_FACE('',(#559),#4611,.T.);
#4858=ADVANCED_FACE('',(#560),#4612,.T.);
#4859=ADVANCED_FACE('',(#561),#4613,.T.);
#4860=ADVANCED_FACE('',(#562),#4614,.T.);
#4861=ADVANCED_FACE('',(#563),#4615,.T.);
#4862=ADVANCED_FACE('',(#564),#4616,.T.);
#4863=ADVANCED_FACE('',(#565),#4617,.F.);
#4864=ADVANCED_FACE('',(#566),#4618,.F.);
#4865=ADVANCED_FACE('',(#567),#4619,.F.);
#4866=ADVANCED_FACE('',(#568),#4620,.F.);
#4867=ADVANCED_FACE('',(#569),#4621,.F.);
#4868=ADVANCED_FACE('',(#570),#4622,.F.);
#4869=ADVANCED_FACE('',(#571),#4623,.F.);
#4870=ADVANCED_FACE('',(#572),#4624,.F.);
#4871=ADVANCED_FACE('',(#573),#4625,.F.);
#4872=ADVANCED_FACE('',(#574),#4626,.F.);
#4873=ADVANCED_FACE('',(#575),#4627,.T.);
#4874=ADVANCED_FACE('',(#576),#4628,.T.);
#4875=ADVANCED_FACE('',(#577),#4629,.T.);
#4876=ADVANCED_FACE('',(#578),#4630,.T.);
#4877=ADVANCED_FACE('',(#579),#4631,.T.);
#4878=ADVANCED_FACE('',(#580),#4632,.T.);
#4879=ADVANCED_FACE('',(#581),#4633,.T.);
#4880=ADVANCED_FACE('',(#582),#4634,.T.);
#4881=ADVANCED_FACE('',(#583),#4635,.T.);
#4882=ADVANCED_FACE('',(#584),#4636,.T.);
#4883=ADVANCED_FACE('',(#585),#4637,.T.);
#4884=ADVANCED_FACE('',(#586),#4638,.T.);
#4885=ADVANCED_FACE('',(#587),#4639,.T.);
#4886=ADVANCED_FACE('',(#588),#4640,.T.);
#4887=ADVANCED_FACE('',(#589),#4641,.T.);
#4888=ADVANCED_FACE('',(#590),#4642,.T.);
#4889=ADVANCED_FACE('',(#591),#4643,.T.);
#4890=ADVANCED_FACE('',(#592),#4644,.T.);
#4891=ADVANCED_FACE('',(#593,#138),#4645,.T.);
#4892=ADVANCED_FACE('',(#594),#4646,.T.);
#4893=ADVANCED_FACE('',(#595),#4647,.T.);
#4894=ADVANCED_FACE('',(#596),#4648,.T.);
#4895=ADVANCED_FACE('',(#597),#4649,.T.);
#4896=ADVANCED_FACE('',(#598),#4650,.T.);
#4897=ADVANCED_FACE('',(#599),#4651,.T.);
#4898=ADVANCED_FACE('',(#600),#4652,.T.);
#4899=ADVANCED_FACE('',(#601),#4653,.T.);
#4900=ADVANCED_FACE('',(#602),#4654,.T.);
#4901=ADVANCED_FACE('',(#603,#139),#4655,.T.);
#4902=ADVANCED_FACE('',(#604),#4656,.T.);
#4903=ADVANCED_FACE('',(#605,#140),#4657,.T.);
#4904=ADVANCED_FACE('',(#606,#141),#4658,.T.);
#4905=ADVANCED_FACE('',(#607,#142),#4659,.T.);
#4906=ADVANCED_FACE('',(#608,#143),#4660,.T.);
#4907=ADVANCED_FACE('',(#609),#4661,.F.);
#4908=ADVANCED_FACE('',(#610),#4662,.T.);
#4909=ADVANCED_FACE('',(#611),#21,.F.);
#4910=ADVANCED_FACE('',(#612),#4663,.T.);
#4911=ADVANCED_FACE('',(#613),#22,.T.);
#4912=ADVANCED_FACE('',(#614),#4664,.T.);
#4913=ADVANCED_FACE('',(#615),#23,.T.);
#4914=ADVANCED_FACE('',(#616),#4665,.T.);
#4915=ADVANCED_FACE('',(#617),#4666,.F.);
#4916=ADVANCED_FACE('',(#618),#24,.T.);
#4917=ADVANCED_FACE('',(#619),#4667,.T.);
#4918=ADVANCED_FACE('',(#620),#4668,.F.);
#4919=ADVANCED_FACE('',(#621),#25,.F.);
#4920=ADVANCED_FACE('',(#622,#144),#4669,.T.);
#4921=ADVANCED_FACE('',(#623),#26,.F.);
#4922=ADVANCED_FACE('',(#624,#145),#4670,.T.);
#4923=ADVANCED_FACE('',(#625,#146),#4671,.F.);
#4924=ADVANCED_FACE('',(#626),#4672,.F.);
#4925=ADVANCED_FACE('',(#627),#4673,.F.);
#4926=ADVANCED_FACE('',(#628),#4674,.F.);
#4927=ADVANCED_FACE('',(#629),#4675,.F.);
#4928=ADVANCED_FACE('',(#630),#4676,.T.);
#4929=ADVANCED_FACE('',(#631,#147,#148),#4677,.T.);
#4930=ADVANCED_FACE('',(#632),#4678,.T.);
#4931=ADVANCED_FACE('',(#633),#4679,.T.);
#4932=ADVANCED_FACE('',(#634),#4680,.T.);
#4933=ADVANCED_FACE('',(#635),#4681,.T.);
#4934=ADVANCED_FACE('',(#636),#27,.F.);
#4935=ADVANCED_FACE('',(#637),#28,.F.);
#4936=ADVANCED_FACE('',(#638),#4682,.T.);
#4937=ADVANCED_FACE('',(#639),#4683,.T.);
#4938=ADVANCED_FACE('',(#640),#4684,.T.);
#4939=ADVANCED_FACE('',(#641),#4685,.T.);
#4940=ADVANCED_FACE('',(#642),#4686,.T.);
#4941=ADVANCED_FACE('',(#643),#4687,.F.);
#4942=ADVANCED_FACE('',(#644),#4688,.T.);
#4943=ADVANCED_FACE('',(#645),#13,.T.);
#4944=ADVANCED_FACE('',(#646),#4689,.T.);
#4945=ADVANCED_FACE('',(#647),#14,.T.);
#4946=ADVANCED_FACE('',(#648),#15,.T.);
#4947=ADVANCED_FACE('',(#649),#4690,.T.);
#4948=ADVANCED_FACE('',(#650),#4691,.F.);
#4949=ADVANCED_FACE('',(#651),#4692,.F.);
#4950=ADVANCED_FACE('',(#652),#4693,.T.);
#4951=ADVANCED_FACE('',(#653),#4694,.F.);
#4952=ADVANCED_FACE('',(#654),#4695,.F.);
#4953=ADVANCED_FACE('',(#655),#29,.F.);
#4954=ADVANCED_FACE('',(#656),#4696,.F.);
#4955=ADVANCED_FACE('',(#657),#30,.F.);
#4956=ADVANCED_FACE('',(#658),#4697,.F.);
#4957=ADVANCED_FACE('',(#659),#31,.F.);
#4958=ADVANCED_FACE('',(#660),#32,.T.);
#4959=ADVANCED_FACE('',(#661),#16,.T.);
#4960=ADVANCED_FACE('',(#662),#4698,.T.);
#4961=ADVANCED_FACE('',(#663),#4699,.F.);
#4962=ADVANCED_FACE('',(#664),#33,.F.);
#4963=ADVANCED_FACE('',(#665),#4700,.F.);
#4964=ADVANCED_FACE('',(#666),#4701,.T.);
#4965=ADVANCED_FACE('',(#667),#17,.T.);
#4966=ADVANCED_FACE('',(#668),#4702,.T.);
#4967=ADVANCED_FACE('',(#669),#18,.T.);
#4968=ADVANCED_FACE('',(#670),#4703,.F.);
#4969=ADVANCED_FACE('',(#671),#4704,.F.);
#4970=ADVANCED_FACE('',(#672),#4705,.T.);
#4971=ADVANCED_FACE('',(#673),#4706,.F.);
#4972=ADVANCED_FACE('',(#674),#34,.F.);
#4973=ADVANCED_FACE('',(#675),#4707,.F.);
#4974=ADVANCED_FACE('',(#676),#35,.F.);
#4975=ADVANCED_FACE('',(#677),#4708,.F.);
#4976=ADVANCED_FACE('',(#678),#19,.T.);
#4977=ADVANCED_FACE('',(#679),#4709,.T.);
#4978=ADVANCED_FACE('',(#680),#4710,.F.);
#4979=ADVANCED_FACE('',(#681),#4711,.F.);
#4980=ADVANCED_FACE('',(#682),#36,.F.);
#4981=ADVANCED_FACE('',(#683),#20,.T.);
#4982=ADVANCED_FACE('',(#684),#37,.T.);
#4983=ADVANCED_FACE('',(#685),#4712,.T.);
#4984=ADVANCED_FACE('',(#686),#4713,.F.);
#4985=ADVANCED_FACE('',(#687),#38,.F.);
#4986=ADVANCED_FACE('',(#688),#4714,.F.);
#4987=ADVANCED_FACE('',(#689),#39,.T.);
#4988=ADVANCED_FACE('',(#690),#4715,.F.);
#4989=ADVANCED_FACE('',(#691),#4716,.T.);
#4990=ADVANCED_FACE('',(#692),#4717,.T.);
#4991=ADVANCED_FACE('',(#693),#40,.T.);
#4992=ADVANCED_FACE('',(#694),#4718,.T.);
#4993=ADVANCED_FACE('',(#695),#41,.F.);
#4994=ADVANCED_FACE('',(#696),#4719,.T.);
#4995=ADVANCED_FACE('',(#697),#4720,.F.);
#4996=CLOSED_SHELL('',(#4721,#4722,#4723,#4724,#4725,#4726,#4727,#4728,
#4729,#4730,#4731,#4732,#4733,#4734,#4735,#4736,#4737,#4738,#4739,#4740,
#4741,#4742,#4743,#4744,#4745,#4746,#4747,#4748,#4749,#4750,#4751,#4752,
#4753,#4754,#4755,#4756,#4757,#4758,#4759,#4760,#4761,#4762,#4763,#4764,
#4765,#4766,#4767,#4768,#4769,#4770,#4771,#4772,#4773,#4774,#4775,#4776,
#4777,#4778,#4779,#4780,#4781,#4782,#4783,#4784,#4785,#4786,#4787,#4788,
#4789,#4790,#4791,#4792,#4793,#4794,#4795,#4796,#4797,#4798,#4799,#4800,
#4801,#4802,#4803,#4804,#4805,#4806,#4807,#4808,#4809,#4810,#4811,#4812,
#4813,#4814,#4815,#4816,#4817,#4818,#4819,#4820,#4821,#4822,#4823,#4824,
#4825,#4826,#4827,#4828,#4829,#4830,#4831,#4832,#4833,#4834,#4835,#4836,
#4837,#4838,#4839,#4840,#4841,#4842,#4843,#4844,#4845,#4846,#4847,#4848,
#4849,#4850,#4851,#4852,#4853,#4854,#4855,#4856,#4857,#4858,#4859,#4860,
#4861,#4862,#4863,#4864,#4865,#4866,#4867,#4868,#4869,#4870,#4871,#4872,
#4873,#4874,#4875,#4876,#4877,#4878,#4879,#4880,#4881,#4882,#4883,#4884,
#4885,#4886,#4887,#4888,#4889,#4890,#4891,#4892,#4893,#4894,#4895,#4896,
#4897,#4898,#4899,#4900,#4901,#4902,#4903,#4904,#4905,#4906));
#4997=CLOSED_SHELL('',(#4907,#4908,#4909,#4910,#4911,#4912));
#4998=CLOSED_SHELL('',(#4913,#4914,#4915));
#4999=CLOSED_SHELL('',(#4916,#4917,#4918));
#5000=CLOSED_SHELL('',(#4919,#4920,#4921,#4922,#4923,#4924,#4925,#4926,
#4927,#4928,#4929,#4930,#4931,#4932,#4933,#4934,#4935,#4936,#4937,#4938,
#4939,#4940));
#5001=CLOSED_SHELL('',(#4941,#4942,#4943,#4944,#4945,#4946,#4947,#4948,
#4949,#4950,#4951,#4952,#4953,#4954,#4955,#4956,#4957,#4958,#4959,#4960,
#4961,#4962,#4963));
#5002=CLOSED_SHELL('',(#4964,#4965,#4966,#4967,#4968,#4969,#4970,#4971,
#4972,#4973,#4974,#4975,#4976,#4977,#4978,#4979,#4980,#4981,#4982,#4983,
#4984,#4985,#4986));
#5003=CLOSED_SHELL('',(#4987,#4988,#4989));
#5004=CLOSED_SHELL('',(#4990,#4991,#4992,#4993,#4994,#4995));
#5005=DERIVED_UNIT_ELEMENT(#5007,1.);
#5006=DERIVED_UNIT_ELEMENT(#9334,-3.);
#5007=(
MASS_UNIT()
NAMED_UNIT(*)
SI_UNIT(.KILO.,.GRAM.)
);
#5008=DERIVED_UNIT((#5005,#5006));
#5009=MEASURE_REPRESENTATION_ITEM('density measure',
POSITIVE_RATIO_MEASURE(7850.),#5008);
#5010=PROPERTY_DEFINITION_REPRESENTATION(#5015,#5012);
#5011=PROPERTY_DEFINITION_REPRESENTATION(#5016,#5013);
#5012=REPRESENTATION('material name',(#5014),#9331);
#5013=REPRESENTATION('density',(#5009),#9331);
#5014=DESCRIPTIVE_REPRESENTATION_ITEM('Steel','Steel');
#5015=PROPERTY_DEFINITION('material property','material name',#9341);
#5016=PROPERTY_DEFINITION('material property','density of part',#9341);
#5017=AXIS2_PLACEMENT_3D('',#6250,#5273,#5274);
#5018=AXIS2_PLACEMENT_3D('',#6251,#5275,#5276);
#5019=AXIS2_PLACEMENT_3D('',#6260,#5281,#5282);
#5020=AXIS2_PLACEMENT_3D('',#6266,#5286,#5287);
#5021=AXIS2_PLACEMENT_3D('',#6275,#5292,#5293);
#5022=AXIS2_PLACEMENT_3D('',#6281,#5297,#5298);
#5023=AXIS2_PLACEMENT_3D('',#6287,#5302,#5303);
#5024=AXIS2_PLACEMENT_3D('',#6293,#5307,#5308);
#5025=AXIS2_PLACEMENT_3D('',#6299,#5312,#5313);
#5026=AXIS2_PLACEMENT_3D('',#6305,#5317,#5318);
#5027=AXIS2_PLACEMENT_3D('',#6311,#5322,#5323);
#5028=AXIS2_PLACEMENT_3D('',#6317,#5327,#5328);
#5029=AXIS2_PLACEMENT_3D('',#6323,#5332,#5333);
#5030=AXIS2_PLACEMENT_3D('',#6329,#5337,#5338);
#5031=AXIS2_PLACEMENT_3D('',#6335,#5342,#5343);
#5032=AXIS2_PLACEMENT_3D('',#6338,#5346,#5347);
#5033=AXIS2_PLACEMENT_3D('',#6799,#5368,#5369);
#5034=AXIS2_PLACEMENT_3D('',#6800,#5370,#5371);
#5035=AXIS2_PLACEMENT_3D('',#7101,#5393,#5394);
#5036=AXIS2_PLACEMENT_3D('',#7360,#5412,#5413);
#5037=AXIS2_PLACEMENT_3D('',#7361,#5414,#5415);
#5038=AXIS2_PLACEMENT_3D('',#7362,#5416,#5417);
#5039=AXIS2_PLACEMENT_3D('',#7368,#5421,#5422);
#5040=AXIS2_PLACEMENT_3D('',#7372,#5425,#5426);
#5041=AXIS2_PLACEMENT_3D('',#7376,#5429,#5430);
#5042=AXIS2_PLACEMENT_3D('',#7380,#5433,#5434);
#5043=AXIS2_PLACEMENT_3D('',#7384,#5437,#5438);
#5044=AXIS2_PLACEMENT_3D('',#7388,#5441,#5442);
#5045=AXIS2_PLACEMENT_3D('',#7392,#5445,#5446);
#5046=AXIS2_PLACEMENT_3D('',#7394,#5448,#5449);
#5047=AXIS2_PLACEMENT_3D('',#7395,#5450,#5451);
#5048=AXIS2_PLACEMENT_3D('',#7404,#5456,#5457);
#5049=AXIS2_PLACEMENT_3D('',#7410,#5461,#5462);
#5050=AXIS2_PLACEMENT_3D('',#7416,#5466,#5467);
#5051=AXIS2_PLACEMENT_3D('',#7422,#5471,#5472);
#5052=AXIS2_PLACEMENT_3D('',#7428,#5476,#5477);
#5053=AXIS2_PLACEMENT_3D('',#7434,#5481,#5482);
#5054=AXIS2_PLACEMENT_3D('',#7440,#5486,#5487);
#5055=AXIS2_PLACEMENT_3D('',#7446,#5491,#5492);
#5056=AXIS2_PLACEMENT_3D('',#7452,#5496,#5497);
#5057=AXIS2_PLACEMENT_3D('',#7458,#5501,#5502);
#5058=AXIS2_PLACEMENT_3D('',#7464,#5506,#5507);
#5059=AXIS2_PLACEMENT_3D('',#7467,#5510,#5511);
#5060=AXIS2_PLACEMENT_3D('',#7928,#5532,#5533);
#5061=AXIS2_PLACEMENT_3D('',#7929,#5534,#5535);
#5062=AXIS2_PLACEMENT_3D('',#8230,#5557,#5558);
#5063=AXIS2_PLACEMENT_3D('',#8489,#5576,#5577);
#5064=AXIS2_PLACEMENT_3D('',#8490,#5578,#5579);
#5065=AXIS2_PLACEMENT_3D('',#8491,#5580,#5581);
#5066=AXIS2_PLACEMENT_3D('',#8497,#5585,#5586);
#5067=AXIS2_PLACEMENT_3D('',#8501,#5589,#5590);
#5068=AXIS2_PLACEMENT_3D('',#8505,#5593,#5594);
#5069=AXIS2_PLACEMENT_3D('',#8509,#5597,#5598);
#5070=AXIS2_PLACEMENT_3D('',#8513,#5601,#5602);
#5071=AXIS2_PLACEMENT_3D('',#8517,#5605,#5606);
#5072=AXIS2_PLACEMENT_3D('',#8521,#5609,#5610);
#5073=AXIS2_PLACEMENT_3D('',#8523,#5612,#5613);
#5074=AXIS2_PLACEMENT_3D('',#8524,#5614,#5615);
#5075=AXIS2_PLACEMENT_3D('',#8530,#5619,#5620);
#5076=AXIS2_PLACEMENT_3D('',#8534,#5623,#5624);
#5077=AXIS2_PLACEMENT_3D('',#8538,#5627,#5628);
#5078=AXIS2_PLACEMENT_3D('',#8540,#5630,#5631);
#5079=AXIS2_PLACEMENT_3D('',#8541,#5632,#5633);
#5080=AXIS2_PLACEMENT_3D('',#8547,#5637,#5638);
#5081=AXIS2_PLACEMENT_3D('',#8551,#5641,#5642);
#5082=AXIS2_PLACEMENT_3D('',#8555,#5645,#5646);
#5083=AXIS2_PLACEMENT_3D('',#8557,#5648,#5649);
#5084=AXIS2_PLACEMENT_3D('',#8558,#5650,#5651);
#5085=AXIS2_PLACEMENT_3D('',#8567,#5656,#5657);
#5086=AXIS2_PLACEMENT_3D('',#8573,#5661,#5662);
#5087=AXIS2_PLACEMENT_3D('',#8579,#5666,#5667);
#5088=AXIS2_PLACEMENT_3D('',#8582,#5670,#5671);
#5089=AXIS2_PLACEMENT_3D('',#8583,#5672,#5673);
#5090=AXIS2_PLACEMENT_3D('',#8592,#5678,#5679);
#5091=AXIS2_PLACEMENT_3D('',#8598,#5683,#5684);
#5092=AXIS2_PLACEMENT_3D('',#8604,#5688,#5689);
#5093=AXIS2_PLACEMENT_3D('',#8610,#5693,#5694);
#5094=AXIS2_PLACEMENT_3D('',#8616,#5698,#5699);
#5095=AXIS2_PLACEMENT_3D('',#8622,#5703,#5704);
#5096=AXIS2_PLACEMENT_3D('',#8628,#5708,#5709);
#5097=AXIS2_PLACEMENT_3D('',#8634,#5713,#5714);
#5098=AXIS2_PLACEMENT_3D('',#8640,#5718,#5719);
#5099=AXIS2_PLACEMENT_3D('',#8646,#5723,#5724);
#5100=AXIS2_PLACEMENT_3D('',#8652,#5728,#5729);
#5101=AXIS2_PLACEMENT_3D('',#8655,#5732,#5733);
#5102=AXIS2_PLACEMENT_3D('',#8656,#5734,#5735);
#5103=AXIS2_PLACEMENT_3D('',#8681,#5748,#5749);
#5104=AXIS2_PLACEMENT_3D('',#8687,#5753,#5754);
#5105=AXIS2_PLACEMENT_3D('',#8691,#5757,#5758);
#5106=AXIS2_PLACEMENT_3D('',#8695,#5761,#5762);
#5107=AXIS2_PLACEMENT_3D('',#8701,#5766,#5767);
#5108=AXIS2_PLACEMENT_3D('',#8703,#5769,#5770);
#5109=AXIS2_PLACEMENT_3D('',#8708,#5774,#5775);
#5110=AXIS2_PLACEMENT_3D('',#8712,#5778,#5779);
#5111=AXIS2_PLACEMENT_3D('',#8714,#5781,#5782);
#5112=AXIS2_PLACEMENT_3D('',#8720,#5786,#5787);
#5113=AXIS2_PLACEMENT_3D('',#8724,#5790,#5791);
#5114=AXIS2_PLACEMENT_3D('',#8728,#5794,#5795);
#5115=AXIS2_PLACEMENT_3D('',#8732,#5798,#5799);
#5116=AXIS2_PLACEMENT_3D('',#8736,#5802,#5803);
#5117=AXIS2_PLACEMENT_3D('',#8738,#5805,#5806);
#5118=AXIS2_PLACEMENT_3D('',#8739,#5807,#5808);
#5119=AXIS2_PLACEMENT_3D('',#8742,#5809,#5810);
#5120=AXIS2_PLACEMENT_3D('',#8746,#5812,#5813);
#5121=AXIS2_PLACEMENT_3D('',#8748,#5815,#5816);
#5122=AXIS2_PLACEMENT_3D('',#8754,#5820,#5821);
#5123=AXIS2_PLACEMENT_3D('',#8756,#5822,#5823);
#5124=AXIS2_PLACEMENT_3D('',#8758,#5825,#5826);
#5125=AXIS2_PLACEMENT_3D('',#8762,#5829,#5830);
#5126=AXIS2_PLACEMENT_3D('',#8763,#5831,#5832);
#5127=AXIS2_PLACEMENT_3D('',#8764,#5833,#5834);
#5128=AXIS2_PLACEMENT_3D('',#8765,#5835,#5836);
#5129=AXIS2_PLACEMENT_3D('',#8767,#5837,#5838);
#5130=AXIS2_PLACEMENT_3D('',#8770,#5840,#5841);
#5131=AXIS2_PLACEMENT_3D('',#8771,#5842,#5843);
#5132=AXIS2_PLACEMENT_3D('',#8772,#5844,#5845);
#5133=AXIS2_PLACEMENT_3D('',#8773,#5846,#5847);
#5134=AXIS2_PLACEMENT_3D('',#8775,#5848,#5849);
#5135=AXIS2_PLACEMENT_3D('',#8778,#5851,#5852);
#5136=AXIS2_PLACEMENT_3D('',#8779,#5853,#5854);
#5137=AXIS2_PLACEMENT_3D('',#8780,#5855,#5856);
#5138=AXIS2_PLACEMENT_3D('',#8781,#5857,#5858);
#5139=AXIS2_PLACEMENT_3D('',#8783,#5859,#5860);
#5140=AXIS2_PLACEMENT_3D('',#8786,#5862,#5863);
#5141=AXIS2_PLACEMENT_3D('',#8788,#5865,#5866);
#5142=AXIS2_PLACEMENT_3D('',#8790,#5867,#5868);
#5143=AXIS2_PLACEMENT_3D('',#8791,#5869,#5870);
#5144=AXIS2_PLACEMENT_3D('',#8793,#5871,#5872);
#5145=AXIS2_PLACEMENT_3D('',#8796,#5874,#5875);
#5146=AXIS2_PLACEMENT_3D('',#8797,#5876,#5877);
#5147=AXIS2_PLACEMENT_3D('',#8799,#5878,#5879);
#5148=AXIS2_PLACEMENT_3D('',#8800,#5880,#5881);
#5149=AXIS2_PLACEMENT_3D('',#8822,#5893,#5894);
#5150=AXIS2_PLACEMENT_3D('',#8831,#5899,#5900);
#5151=AXIS2_PLACEMENT_3D('',#8837,#5904,#5905);
#5152=AXIS2_PLACEMENT_3D('',#8843,#5909,#5910);
#5153=AXIS2_PLACEMENT_3D('',#8845,#5912,#5913);
#5154=AXIS2_PLACEMENT_3D('',#8852,#5918,#5919);
#5155=AXIS2_PLACEMENT_3D('',#8871,#5929,#5930);
#5156=AXIS2_PLACEMENT_3D('',#8873,#5931,#5932);
#5157=AXIS2_PLACEMENT_3D('',#8874,#5933,#5934);
#5158=AXIS2_PLACEMENT_3D('',#8877,#5937,#5938);
#5159=AXIS2_PLACEMENT_3D('',#8879,#5940,#5941);
#5160=AXIS2_PLACEMENT_3D('',#8881,#5943,#5944);
#5161=AXIS2_PLACEMENT_3D('',#8882,#5945,#5946);
#5162=AXIS2_PLACEMENT_3D('',#8884,#5948,#5949);
#5163=AXIS2_PLACEMENT_3D('',#8886,#5951,#5952);
#5164=AXIS2_PLACEMENT_3D('',#8888,#5954,#5955);
#5165=AXIS2_PLACEMENT_3D('',#8890,#5957,#5958);
#5166=AXIS2_PLACEMENT_3D('',#8892,#5960,#5961);
#5167=AXIS2_PLACEMENT_3D('',#8894,#5963,#5964);
#5168=AXIS2_PLACEMENT_3D('',#8895,#5965,#5966);
#5169=AXIS2_PLACEMENT_3D('',#8897,#5967,#5968);
#5170=AXIS2_PLACEMENT_3D('',#8898,#5969,#5970);
#5171=AXIS2_PLACEMENT_3D('',#8903,#5972,#5973);
#5172=AXIS2_PLACEMENT_3D('',#8906,#5975,#5976);
#5173=AXIS2_PLACEMENT_3D('',#8907,#5977,#5978);
#5174=AXIS2_PLACEMENT_3D('',#8931,#5979,#5980);
#5175=AXIS2_PLACEMENT_3D('',#8932,#5981,#5982);
#5176=AXIS2_PLACEMENT_3D('',#8933,#5983,#5984);
#5177=AXIS2_PLACEMENT_3D('',#8938,#5986,#5987);
#5178=AXIS2_PLACEMENT_3D('',#8941,#5989,#5990);
#5179=AXIS2_PLACEMENT_3D('',#8942,#5991,#5992);
#5180=AXIS2_PLACEMENT_3D('',#8965,#5993,#5994);
#5181=AXIS2_PLACEMENT_3D('',#8966,#5995,#5996);
#5182=AXIS2_PLACEMENT_3D('',#8980,#5997,#5998);
#5183=AXIS2_PLACEMENT_3D('',#8992,#5999,#6000);
#5184=AXIS2_PLACEMENT_3D('',#8993,#6001,#6002);
#5185=AXIS2_PLACEMENT_3D('',#8998,#6005,#6006);
#5186=AXIS2_PLACEMENT_3D('',#8999,#6007,#6008);
#5187=AXIS2_PLACEMENT_3D('',#9005,#6012,#6013);
#5188=AXIS2_PLACEMENT_3D('',#9011,#6017,#6018);
#5189=AXIS2_PLACEMENT_3D('',#9013,#6019,#6020);
#5190=AXIS2_PLACEMENT_3D('',#9016,#6022,#6023);
#5191=AXIS2_PLACEMENT_3D('',#9018,#6024,#6025);
#5192=AXIS2_PLACEMENT_3D('',#9022,#6027,#6028);
#5193=AXIS2_PLACEMENT_3D('',#9026,#6030,#6031);
#5194=AXIS2_PLACEMENT_3D('',#9030,#6033,#6034);
#5195=AXIS2_PLACEMENT_3D('',#9034,#6036,#6037);
#5196=AXIS2_PLACEMENT_3D('',#9037,#6039,#6040);
#5197=AXIS2_PLACEMENT_3D('',#9038,#6041,#6042);
#5198=AXIS2_PLACEMENT_3D('',#9041,#6045,#6046);
#5199=AXIS2_PLACEMENT_3D('',#9044,#6049,#6050);
#5200=AXIS2_PLACEMENT_3D('',#9045,#6051,#6052);
#5201=AXIS2_PLACEMENT_3D('',#9048,#6055,#6056);
#5202=AXIS2_PLACEMENT_3D('',#9049,#6057,#6058);
#5203=AXIS2_PLACEMENT_3D('',#9052,#6061,#6062);
#5204=AXIS2_PLACEMENT_3D('',#9053,#6063,#6064);
#5205=AXIS2_PLACEMENT_3D('',#9057,#6066,#6067);
#5206=AXIS2_PLACEMENT_3D('',#9060,#6070,#6071);
#5207=AXIS2_PLACEMENT_3D('',#9083,#6072,#6073);
#5208=AXIS2_PLACEMENT_3D('',#9084,#6074,#6075);
#5209=AXIS2_PLACEMENT_3D('',#9089,#6078,#6079);
#5210=AXIS2_PLACEMENT_3D('',#9090,#6080,#6081);
#5211=AXIS2_PLACEMENT_3D('',#9092,#6083,#6084);
#5212=AXIS2_PLACEMENT_3D('',#9094,#6086,#6087);
#5213=AXIS2_PLACEMENT_3D('',#9095,#6088,#6089);
#5214=AXIS2_PLACEMENT_3D('',#9100,#6091,#6092);
#5215=AXIS2_PLACEMENT_3D('',#9103,#6094,#6095);
#5216=AXIS2_PLACEMENT_3D('',#9104,#6096,#6097);
#5217=AXIS2_PLACEMENT_3D('',#9127,#6098,#6099);
#5218=AXIS2_PLACEMENT_3D('',#9128,#6100,#6101);
#5219=AXIS2_PLACEMENT_3D('',#9133,#6103,#6104);
#5220=AXIS2_PLACEMENT_3D('',#9136,#6106,#6107);
#5221=AXIS2_PLACEMENT_3D('',#9137,#6108,#6109);
#5222=AXIS2_PLACEMENT_3D('',#9160,#6110,#6111);
#5223=AXIS2_PLACEMENT_3D('',#9161,#6112,#6113);
#5224=AXIS2_PLACEMENT_3D('',#9167,#6117,#6118);
#5225=AXIS2_PLACEMENT_3D('',#9173,#6122,#6123);
#5226=AXIS2_PLACEMENT_3D('',#9175,#6124,#6125);
#5227=AXIS2_PLACEMENT_3D('',#9178,#6127,#6128);
#5228=AXIS2_PLACEMENT_3D('',#9180,#6129,#6130);
#5229=AXIS2_PLACEMENT_3D('',#9184,#6132,#6133);
#5230=AXIS2_PLACEMENT_3D('',#9188,#6135,#6136);
#5231=AXIS2_PLACEMENT_3D('',#9192,#6138,#6139);
#5232=AXIS2_PLACEMENT_3D('',#9196,#6141,#6142);
#5233=AXIS2_PLACEMENT_3D('',#9199,#6144,#6145);
#5234=AXIS2_PLACEMENT_3D('',#9200,#6146,#6147);
#5235=AXIS2_PLACEMENT_3D('',#9203,#6150,#6151);
#5236=AXIS2_PLACEMENT_3D('',#9204,#6152,#6153);
#5237=AXIS2_PLACEMENT_3D('',#9207,#6156,#6157);
#5238=AXIS2_PLACEMENT_3D('',#9208,#6158,#6159);
#5239=AXIS2_PLACEMENT_3D('',#9210,#6160,#6161);
#5240=AXIS2_PLACEMENT_3D('',#9211,#6162,#6163);
#5241=AXIS2_PLACEMENT_3D('',#9225,#6164,#6165);
#5242=AXIS2_PLACEMENT_3D('',#9227,#6166,#6167);
#5243=AXIS2_PLACEMENT_3D('',#9239,#6168,#6169);
#5244=AXIS2_PLACEMENT_3D('',#9240,#6170,#6171);
#5245=AXIS2_PLACEMENT_3D('',#9245,#6174,#6175);
#5246=AXIS2_PLACEMENT_3D('',#9246,#6176,#6177);
#5247=AXIS2_PLACEMENT_3D('',#9249,#6180,#6181);
#5248=AXIS2_PLACEMENT_3D('',#9252,#6184,#6185);
#5249=AXIS2_PLACEMENT_3D('',#9253,#6186,#6187);
#5250=AXIS2_PLACEMENT_3D('',#9267,#6188,#6189);
#5251=AXIS2_PLACEMENT_3D('',#9279,#6190,#6191);
#5252=AXIS2_PLACEMENT_3D('',#9280,#6192,#6193);
#5253=AXIS2_PLACEMENT_3D('',#9284,#6197,#6198);
#5254=AXIS2_PLACEMENT_3D('',#9289,#6201,#6202);
#5255=AXIS2_PLACEMENT_3D('',#9290,#6203,#6204);
#5256=AXIS2_PLACEMENT_3D('',#9292,#6206,#6207);
#5257=AXIS2_PLACEMENT_3D('',#9294,#6209,#6210);
#5258=AXIS2_PLACEMENT_3D('',#9295,#6211,#6212);
#5259=AXIS2_PLACEMENT_3D('',#9297,#6213,#6214);
#5260=AXIS2_PLACEMENT_3D('',#9300,#6216,#6217);
#5261=AXIS2_PLACEMENT_3D('',#9301,#6218,#6219);
#5262=AXIS2_PLACEMENT_3D('',#9302,#6220,#6221);
#5263=AXIS2_PLACEMENT_3D('',#9303,#6222,#6223);
#5264=AXIS2_PLACEMENT_3D('',#9308,#6225,#6226);
#5265=AXIS2_PLACEMENT_3D('',#9311,#6228,#6229);
#5266=AXIS2_PLACEMENT_3D('',#9312,#6230,#6231);
#5267=AXIS2_PLACEMENT_3D('',#9316,#6233,#6234);
#5268=AXIS2_PLACEMENT_3D('',#9318,#6236,#6237);
#5269=AXIS2_PLACEMENT_3D('',#9322,#6240,#6241);
#5270=AXIS2_PLACEMENT_3D('',#9324,#6242,#6243);
#5271=AXIS2_PLACEMENT_3D('',#9326,#6245,#6246);
#5272=AXIS2_PLACEMENT_3D('',#9328,#6248,#6249);
#5273=DIRECTION('axis',(0.,0.,1.));
#5274=DIRECTION('refdir',(1.,0.,0.));
#5275=DIRECTION('center_axis',(0.,0.,-1.));
#5276=DIRECTION('ref_axis',(-1.,0.,0.));
#5277=DIRECTION('',(0.,-1.,0.));
#5278=DIRECTION('',(1.,0.,0.));
#5279=DIRECTION('',(0.,1.,0.));
#5280=DIRECTION('',(-1.,0.,0.));
#5281=DIRECTION('center_axis',(-1.,0.,0.));
#5282=DIRECTION('ref_axis',(0.,1.,0.));
#5283=DIRECTION('',(0.,0.,1.));
#5284=DIRECTION('',(0.,1.,0.));
#5285=DIRECTION('',(0.,0.,1.));
#5286=DIRECTION('center_axis',(0.836564822746509,0.,0.547867956119997));
#5287=DIRECTION('ref_axis',(0.547867956119997,0.,-0.836564822746509));
#5288=DIRECTION('',(-0.547867956119997,0.,0.836564822746509));
#5289=DIRECTION('',(0.,1.,0.));
#5290=DIRECTION('',(0.547867956119997,0.,-0.836564822746509));
#5291=DIRECTION('',(0.,1.,0.));
#5292=DIRECTION('center_axis',(0.839345198615998,0.,-0.543598783626556));
#5293=DIRECTION('ref_axis',(-0.543598783626555,0.,-0.839345198615998));
#5294=DIRECTION('',(0.543598783626555,0.,0.839345198615998));
#5295=DIRECTION('',(-0.543598783626555,0.,-0.839345198615998));
#5296=DIRECTION('',(0.,1.,0.));
#5297=DIRECTION('center_axis',(0.,0.,1.));
#5298=DIRECTION('ref_axis',(1.,0.,0.));
#5299=DIRECTION('',(-1.,0.,0.));
#5300=DIRECTION('',(1.,0.,0.));
#5301=DIRECTION('',(0.,1.,0.));
#5302=DIRECTION('center_axis',(-0.848301680624138,0.,0.529513228021985));
#5303=DIRECTION('ref_axis',(0.529513228021985,0.,0.848301680624138));
#5304=DIRECTION('',(-0.529513228021985,0.,-0.848301680624138));
#5305=DIRECTION('',(0.529513228021985,0.,0.848301680624138));
#5306=DIRECTION('',(0.,1.,0.));
#5307=DIRECTION('center_axis',(0.853147456127548,0.,0.521669836297915));
#5308=DIRECTION('ref_axis',(0.521669836297915,0.,-0.853147456127548));
#5309=DIRECTION('',(-0.521669836297915,0.,0.853147456127548));
#5310=DIRECTION('',(0.521669836297915,0.,-0.853147456127548));
#5311=DIRECTION('',(0.,1.,0.));
#5312=DIRECTION('center_axis',(0.,0.,1.));
#5313=DIRECTION('ref_axis',(1.,0.,0.));
#5314=DIRECTION('',(-1.,0.,0.));
#5315=DIRECTION('',(1.,0.,0.));
#5316=DIRECTION('',(0.,1.,0.));
#5317=DIRECTION('center_axis',(-0.84209949440623,0.,-0.539322205662601));
#5318=DIRECTION('ref_axis',(-0.539322205662601,0.,0.84209949440623));
#5319=DIRECTION('',(0.539322205662601,0.,-0.84209949440623));
#5320=DIRECTION('',(-0.539322205662601,0.,0.84209949440623));
#5321=DIRECTION('',(0.,1.,0.));
#5322=DIRECTION('center_axis',(-0.832899081719464,0.,0.553424899756844));
#5323=DIRECTION('ref_axis',(0.553424899756844,0.,0.832899081719464));
#5324=DIRECTION('',(-0.553424899756844,0.,-0.832899081719464));
#5325=DIRECTION('',(0.553424899756844,0.,0.832899081719464));
#5326=DIRECTION('',(0.,1.,0.));
#5327=DIRECTION('center_axis',(0.,0.,-1.));
#5328=DIRECTION('ref_axis',(-1.,0.,0.));
#5329=DIRECTION('',(1.,0.,0.));
#5330=DIRECTION('',(-1.,0.,0.));
#5331=DIRECTION('',(0.,1.,0.));
#5332=DIRECTION('center_axis',(0.841879090679752,0.,-0.539666190043655));
#5333=DIRECTION('ref_axis',(-0.539666190043655,0.,-0.841879090679752));
#5334=DIRECTION('',(0.539666190043655,0.,0.841879090679752));
#5335=DIRECTION('',(-0.539666190043655,0.,-0.841879090679752));
#5336=DIRECTION('',(0.,1.,0.));
#5337=DIRECTION('center_axis',(-0.841124578037617,0.,-0.540841422434563));
#5338=DIRECTION('ref_axis',(-0.540841422434563,0.,0.841124578037617));
#5339=DIRECTION('',(0.540841422434563,0.,-0.841124578037617));
#5340=DIRECTION('',(-0.540841422434563,0.,0.841124578037617));
#5341=DIRECTION('',(0.,1.,0.));
#5342=DIRECTION('center_axis',(0.,0.,-1.));
#5343=DIRECTION('ref_axis',(-1.,0.,0.));
#5344=DIRECTION('',(1.,0.,0.));
#5345=DIRECTION('',(-1.,0.,0.));
#5346=DIRECTION('center_axis',(0.,1.,0.));
#5347=DIRECTION('ref_axis',(0.,0.,1.));
#5348=DIRECTION('',(0.,1.,0.));
#5349=DIRECTION('',(0.,1.,0.));
#5350=DIRECTION('',(0.,1.,0.));
#5351=DIRECTION('',(0.,1.,0.));
#5352=DIRECTION('',(0.,1.,0.));
#5353=DIRECTION('',(0.,1.,0.));
#5354=DIRECTION('',(0.,1.,0.));
#5355=DIRECTION('',(0.,1.,0.));
#5356=DIRECTION('',(0.,1.,0.));
#5357=DIRECTION('',(0.,1.,0.));
#5358=DIRECTION('',(0.,1.,0.));
#5359=DIRECTION('',(0.,1.,0.));
#5360=DIRECTION('',(0.,1.,0.));
#5361=DIRECTION('',(0.,1.,0.));
#5362=DIRECTION('',(0.,1.,0.));
#5363=DIRECTION('',(0.,1.,0.));
#5364=DIRECTION('',(0.,1.,0.));
#5365=DIRECTION('',(0.,1.,0.));
#5366=DIRECTION('',(0.,1.,0.));
#5367=DIRECTION('',(0.,1.,0.));
#5368=DIRECTION('center_axis',(0.,1.,0.));
#5369=DIRECTION('ref_axis',(-1.,0.,0.));
#5370=DIRECTION('center_axis',(0.,-1.,0.));
#5371=DIRECTION('ref_axis',(0.,0.,-1.));
#5372=DIRECTION('',(-1.,0.,0.));
#5373=DIRECTION('',(0.,0.,1.));
#5374=DIRECTION('',(1.,0.,0.));
#5375=DIRECTION('',(0.,0.,-1.));
#5376=DIRECTION('',(0.993972533612175,0.,-0.109629386683473));
#5377=DIRECTION('',(0.,0.,1.));
#5378=DIRECTION('',(1.,0.,0.));
#5379=DIRECTION('',(0.,0.,1.));
#5380=DIRECTION('',(-1.,0.,0.));
#5381=DIRECTION('',(0.,0.,-1.));
#5382=DIRECTION('',(1.,0.,0.));
#5383=DIRECTION('',(0.,0.,-1.));
#5384=DIRECTION('',(1.,0.,0.));
#5385=DIRECTION('',(0.,1.,0.));
#5386=DIRECTION('',(0.,1.,0.));
#5387=DIRECTION('',(0.,1.,0.));
#5388=DIRECTION('',(0.,1.,0.));
#5389=DIRECTION('',(0.,1.,0.));
#5390=DIRECTION('',(0.,1.,0.));
#5391=DIRECTION('',(0.,1.,0.));
#5392=DIRECTION('',(0.,1.,0.));
#5393=DIRECTION('center_axis',(-0.109629386683473,0.,-0.993972533612175));
#5394=DIRECTION('ref_axis',(-0.993972533612175,0.,0.109629386683473));
#5395=DIRECTION('',(0.,1.,0.));
#5396=DIRECTION('',(-0.993972533612175,0.,0.109629386683473));
#5397=DIRECTION('',(0.,1.,0.));
#5398=DIRECTION('',(0.,1.,0.));
#5399=DIRECTION('',(0.,1.,0.));
#5400=DIRECTION('',(0.,1.,0.));
#5401=DIRECTION('',(0.,1.,0.));
#5402=DIRECTION('',(0.,1.,0.));
#5403=DIRECTION('',(0.,1.,0.));
#5404=DIRECTION('',(0.,1.,0.));
#5405=DIRECTION('',(0.,1.,0.));
#5406=DIRECTION('',(0.,1.,0.));
#5407=DIRECTION('',(0.,1.,0.));
#5408=DIRECTION('',(0.,1.,0.));
#5409=DIRECTION('',(0.,1.,0.));
#5410=DIRECTION('',(0.,1.,0.));
#5411=DIRECTION('',(0.,1.,0.));
#5412=DIRECTION('center_axis',(0.,1.,0.));
#5413=DIRECTION('ref_axis',(-1.,0.,0.));
#5414=DIRECTION('center_axis',(0.,-1.,0.));
#5415=DIRECTION('ref_axis',(0.,0.,-1.));
#5416=DIRECTION('center_axis',(1.,0.,0.));
#5417=DIRECTION('ref_axis',(0.,0.,-1.));
#5418=DIRECTION('',(0.,1.,0.));
#5419=DIRECTION('',(0.,0.,-1.));
#5420=DIRECTION('',(0.,1.,0.));
#5421=DIRECTION('center_axis',(0.,0.,-1.));
#5422=DIRECTION('ref_axis',(-1.,0.,0.));
#5423=DIRECTION('',(-1.,0.,0.));
#5424=DIRECTION('',(0.,1.,0.));
#5425=DIRECTION('center_axis',(1.,0.,0.));
#5426=DIRECTION('ref_axis',(0.,0.,-1.));
#5427=DIRECTION('',(0.,0.,-1.));
#5428=DIRECTION('',(0.,1.,0.));
#5429=DIRECTION('center_axis',(0.,0.,1.));
#5430=DIRECTION('ref_axis',(1.,0.,0.));
#5431=DIRECTION('',(1.,0.,0.));
#5432=DIRECTION('',(0.,1.,0.));
#5433=DIRECTION('center_axis',(-1.,0.,0.));
#5434=DIRECTION('ref_axis',(0.,0.,1.));
#5435=DIRECTION('',(0.,0.,1.));
#5436=DIRECTION('',(0.,1.,0.));
#5437=DIRECTION('center_axis',(0.,0.,-1.));
#5438=DIRECTION('ref_axis',(-1.,0.,0.));
#5439=DIRECTION('',(-1.,0.,0.));
#5440=DIRECTION('',(0.,1.,0.));
#5441=DIRECTION('center_axis',(-1.,0.,0.));
#5442=DIRECTION('ref_axis',(0.,0.,1.));
#5443=DIRECTION('',(0.,0.,1.));
#5444=DIRECTION('',(0.,1.,0.));
#5445=DIRECTION('center_axis',(0.,0.,-1.));
#5446=DIRECTION('ref_axis',(-1.,0.,0.));
#5447=DIRECTION('',(-1.,0.,0.));
#5448=DIRECTION('center_axis',(0.,1.,0.));
#5449=DIRECTION('ref_axis',(0.,0.,1.));
#5450=DIRECTION('center_axis',(-0.836564822746509,0.,0.547867956119997));
#5451=DIRECTION('ref_axis',(-0.547867956119997,-4.79090220578698E-17,-0.836564822746509));
#5452=DIRECTION('',(0.547867956119997,0.,0.836564822746509));
#5453=DIRECTION('',(0.,-1.,0.));
#5454=DIRECTION('',(-0.547867956119997,-4.79090220578698E-17,-0.836564822746509));
#5455=DIRECTION('',(0.,-1.,0.));
#5456=DIRECTION('center_axis',(-0.839345198615998,0.,-0.543598783626555));
#5457=DIRECTION('ref_axis',(0.543598783626555,4.75356987472575E-17,-0.839345198615998));
#5458=DIRECTION('',(-0.543598783626555,0.,0.839345198615998));
#5459=DIRECTION('',(0.543598783626555,4.75356987472575E-17,-0.839345198615998));
#5460=DIRECTION('',(0.,-1.,0.));
#5461=DIRECTION('center_axis',(0.,0.,1.));
#5462=DIRECTION('ref_axis',(-1.,-8.74462934411455E-17,0.));
#5463=DIRECTION('',(1.,0.,0.));
#5464=DIRECTION('',(-1.,-8.74462934411455E-17,0.));
#5465=DIRECTION('',(0.,-1.,0.));
#5466=DIRECTION('center_axis',(0.848301680624138,0.,0.529513228021985));
#5467=DIRECTION('ref_axis',(-0.529513228021985,-4.63039691185787E-17,0.848301680624138));
#5468=DIRECTION('',(0.529513228021985,0.,-0.848301680624138));
#5469=DIRECTION('',(-0.529513228021985,-4.63039691185787E-17,0.848301680624138));
#5470=DIRECTION('',(0.,-1.,0.));
#5471=DIRECTION('center_axis',(-0.853147456127548,0.,0.521669836297915));
#5472=DIRECTION('ref_axis',(-0.521669836297915,-4.56180935843018E-17,-0.853147456127548));
#5473=DIRECTION('',(0.521669836297915,0.,0.853147456127548));
#5474=DIRECTION('',(-0.521669836297915,-4.56180935843018E-17,-0.853147456127548));
#5475=DIRECTION('',(0.,-1.,0.));
#5476=DIRECTION('center_axis',(0.,0.,1.));
#5477=DIRECTION('ref_axis',(-1.,-8.74462934411455E-17,0.));
#5478=DIRECTION('',(1.,0.,0.));
#5479=DIRECTION('',(-1.,-8.74462934411455E-17,0.));
#5480=DIRECTION('',(0.,-1.,0.));
#5481=DIRECTION('center_axis',(0.84209949440623,0.,-0.539322205662601));
#5482=DIRECTION('ref_axis',(0.539322205662601,4.71617278556976E-17,0.84209949440623));
#5483=DIRECTION('',(-0.539322205662601,0.,-0.84209949440623));
#5484=DIRECTION('',(0.539322205662601,4.71617278556976E-17,0.84209949440623));
#5485=DIRECTION('',(0.,-1.,0.));
#5486=DIRECTION('center_axis',(0.832899081719464,0.,0.553424899756844));
#5487=DIRECTION('ref_axis',(-0.553424899756844,-4.83949561817735E-17,0.832899081719464));
#5488=DIRECTION('',(0.553424899756844,0.,-0.832899081719464));
#5489=DIRECTION('',(-0.553424899756844,-4.83949561817735E-17,0.832899081719464));
#5490=DIRECTION('',(0.,-1.,0.));
#5491=DIRECTION('center_axis',(0.,0.,-1.));
#5492=DIRECTION('ref_axis',(1.,8.74462934411455E-17,0.));
#5493=DIRECTION('',(-1.,0.,0.));
#5494=DIRECTION('',(1.,8.74462934411455E-17,0.));
#5495=DIRECTION('',(0.,-1.,0.));
#5496=DIRECTION('center_axis',(-0.841879090679752,0.,-0.539666190043655));
#5497=DIRECTION('ref_axis',(0.539666190043655,4.71918080148224E-17,-0.841879090679752));
#5498=DIRECTION('',(-0.539666190043655,0.,0.841879090679752));
#5499=DIRECTION('',(0.539666190043655,4.71918080148224E-17,-0.841879090679752));
#5500=DIRECTION('',(0.,-1.,0.));
#5501=DIRECTION('center_axis',(0.841124578037617,0.,-0.540841422434562));
#5502=DIRECTION('ref_axis',(0.540841422434562,4.72945777313393E-17,0.841124578037617));
#5503=DIRECTION('',(-0.540841422434562,0.,-0.841124578037617));
#5504=DIRECTION('',(0.540841422434562,4.72945777313393E-17,0.841124578037617));
#5505=DIRECTION('',(0.,-1.,0.));
#5506=DIRECTION('center_axis',(0.,0.,-1.));
#5507=DIRECTION('ref_axis',(1.,8.74462934411455E-17,0.));
#5508=DIRECTION('',(-1.,0.,0.));
#5509=DIRECTION('',(1.,8.74462934411455E-17,0.));
#5510=DIRECTION('center_axis',(0.,-1.,0.));
#5511=DIRECTION('ref_axis',(0.,0.,-1.));
#5512=DIRECTION('',(0.,-1.,0.));
#5513=DIRECTION('',(0.,-1.,0.));
#5514=DIRECTION('',(0.,-1.,0.));
#5515=DIRECTION('',(0.,-1.,0.));
#5516=DIRECTION('',(0.,-1.,0.));
#5517=DIRECTION('',(0.,-1.,0.));
#5518=DIRECTION('',(0.,-1.,0.));
#5519=DIRECTION('',(0.,-1.,0.));
#5520=DIRECTION('',(0.,-1.,0.));
#5521=DIRECTION('',(0.,-1.,0.));
#5522=DIRECTION('',(0.,-1.,0.));
#5523=DIRECTION('',(0.,-1.,0.));
#5524=DIRECTION('',(0.,-1.,0.));
#5525=DIRECTION('',(0.,-1.,0.));
#5526=DIRECTION('',(0.,-1.,0.));
#5527=DIRECTION('',(0.,-1.,0.));
#5528=DIRECTION('',(0.,-1.,0.));
#5529=DIRECTION('',(0.,-1.,0.));
#5530=DIRECTION('',(0.,-1.,0.));
#5531=DIRECTION('',(0.,-1.,0.));
#5532=DIRECTION('center_axis',(8.74462934411455E-17,-1.,0.));
#5533=DIRECTION('ref_axis',(1.,8.74462934411455E-17,0.));
#5534=DIRECTION('center_axis',(0.,1.,0.));
#5535=DIRECTION('ref_axis',(0.,0.,1.));
#5536=DIRECTION('',(1.,8.74462934411455E-17,0.));
#5537=DIRECTION('',(0.,0.,1.));
#5538=DIRECTION('',(-1.,-8.74462934411455E-17,0.));
#5539=DIRECTION('',(0.,0.,-1.));
#5540=DIRECTION('',(-0.993972533612175,0.,-0.109629386683473));
#5541=DIRECTION('',(0.,0.,1.));
#5542=DIRECTION('',(-1.,0.,0.));
#5543=DIRECTION('',(0.,0.,1.));
#5544=DIRECTION('',(1.,0.,0.));
#5545=DIRECTION('',(0.,0.,-1.));
#5546=DIRECTION('',(-1.,0.,0.));
#5547=DIRECTION('',(0.,0.,-1.));
#5548=DIRECTION('',(-1.,0.,0.));
#5549=DIRECTION('',(0.,-1.,0.));
#5550=DIRECTION('',(0.,-1.,0.));
#5551=DIRECTION('',(0.,-1.,0.));
#5552=DIRECTION('',(0.,-1.,0.));
#5553=DIRECTION('',(0.,-1.,0.));
#5554=DIRECTION('',(0.,-1.,0.));
#5555=DIRECTION('',(0.,-1.,0.));
#5556=DIRECTION('',(0.,-1.,0.));
#5557=DIRECTION('center_axis',(0.109629386683473,0.,-0.993972533612175));
#5558=DIRECTION('ref_axis',(0.993972533612175,8.6919213846689E-17,0.109629386683473));
#5559=DIRECTION('',(0.,-1.,0.));
#5560=DIRECTION('',(0.993972533612175,8.6919213846689E-17,0.109629386683473));
#5561=DIRECTION('',(0.,-1.,0.));
#5562=DIRECTION('',(0.,-1.,0.));
#5563=DIRECTION('',(0.,-1.,0.));
#5564=DIRECTION('',(0.,-1.,0.));
#5565=DIRECTION('',(0.,-1.,0.));
#5566=DIRECTION('',(0.,-1.,0.));
#5567=DIRECTION('',(0.,-1.,0.));
#5568=DIRECTION('',(0.,-1.,0.));
#5569=DIRECTION('',(0.,-1.,0.));
#5570=DIRECTION('',(0.,-1.,0.));
#5571=DIRECTION('',(0.,-1.,0.));
#5572=DIRECTION('',(0.,-1.,0.));
#5573=DIRECTION('',(0.,-1.,0.));
#5574=DIRECTION('',(0.,-1.,0.));
#5575=DIRECTION('',(0.,-1.,0.));
#5576=DIRECTION('center_axis',(8.74462934411455E-17,-1.,0.));
#5577=DIRECTION('ref_axis',(1.,8.74462934411455E-17,0.));
#5578=DIRECTION('center_axis',(0.,1.,0.));
#5579=DIRECTION('ref_axis',(0.,0.,1.));
#5580=DIRECTION('center_axis',(-1.,0.,0.));
#5581=DIRECTION('ref_axis',(0.,0.,-1.));
#5582=DIRECTION('',(0.,-1.,0.));
#5583=DIRECTION('',(0.,0.,-1.));
#5584=DIRECTION('',(0.,-1.,0.));
#5585=DIRECTION('center_axis',(0.,0.,-1.));
#5586=DIRECTION('ref_axis',(1.,8.74462934411455E-17,0.));
#5587=DIRECTION('',(1.,8.74462934411455E-17,0.));
#5588=DIRECTION('',(0.,-1.,0.));
#5589=DIRECTION('center_axis',(-1.,0.,0.));
#5590=DIRECTION('ref_axis',(0.,0.,-1.));
#5591=DIRECTION('',(0.,0.,-1.));
#5592=DIRECTION('',(0.,-1.,0.));
#5593=DIRECTION('center_axis',(0.,0.,1.));
#5594=DIRECTION('ref_axis',(-1.,-8.74462934411455E-17,0.));
#5595=DIRECTION('',(-1.,-8.74462934411455E-17,0.));
#5596=DIRECTION('',(0.,-1.,0.));
#5597=DIRECTION('center_axis',(1.,0.,0.));
#5598=DIRECTION('ref_axis',(0.,0.,1.));
#5599=DIRECTION('',(0.,0.,1.));
#5600=DIRECTION('',(0.,-1.,0.));
#5601=DIRECTION('center_axis',(0.,0.,-1.));
#5602=DIRECTION('ref_axis',(1.,8.74462934411455E-17,0.));
#5603=DIRECTION('',(1.,8.74462934411455E-17,0.));
#5604=DIRECTION('',(0.,-1.,0.));
#5605=DIRECTION('center_axis',(1.,0.,0.));
#5606=DIRECTION('ref_axis',(0.,0.,1.));
#5607=DIRECTION('',(0.,0.,1.));
#5608=DIRECTION('',(0.,-1.,0.));
#5609=DIRECTION('center_axis',(0.,0.,-1.));
#5610=DIRECTION('ref_axis',(1.,8.74462934411455E-17,0.));
#5611=DIRECTION('',(1.,8.74462934411455E-17,0.));
#5612=DIRECTION('center_axis',(0.,-1.,0.));
#5613=DIRECTION('ref_axis',(0.,0.,-1.));
#5614=DIRECTION('center_axis',(-1.,0.,0.));
#5615=DIRECTION('ref_axis',(0.,0.,1.));
#5616=DIRECTION('',(0.,0.,1.));
#5617=DIRECTION('',(0.,1.,0.));
#5618=DIRECTION('',(0.,1.,0.));
#5619=DIRECTION('center_axis',(0.,0.,-1.));
#5620=DIRECTION('ref_axis',(-1.,-8.74462934411455E-17,0.));
#5621=DIRECTION('',(-1.,-1.36295465346705E-16,0.));
#5622=DIRECTION('',(0.,1.,0.));
#5623=DIRECTION('center_axis',(1.,0.,0.));
#5624=DIRECTION('ref_axis',(0.,0.,-1.));
#5625=DIRECTION('',(0.,0.,-1.));
#5626=DIRECTION('',(0.,1.,0.));
#5627=DIRECTION('center_axis',(0.,0.,1.));
#5628=DIRECTION('ref_axis',(1.,8.74462934411455E-17,0.));
#5629=DIRECTION('',(1.,1.36295465346705E-16,0.));
#5630=DIRECTION('center_axis',(0.,1.,0.));
#5631=DIRECTION('ref_axis',(0.,0.,1.));
#5632=DIRECTION('center_axis',(1.,0.,0.));
#5633=DIRECTION('ref_axis',(0.,0.,1.));
#5634=DIRECTION('',(0.,0.,1.));
#5635=DIRECTION('',(0.,-1.,0.));
#5636=DIRECTION('',(0.,-1.,0.));
#5637=DIRECTION('center_axis',(0.,0.,-1.));
#5638=DIRECTION('ref_axis',(1.,0.,0.));
#5639=DIRECTION('',(1.,0.,0.));
#5640=DIRECTION('',(0.,-1.,0.));
#5641=DIRECTION('center_axis',(-1.,0.,0.));
#5642=DIRECTION('ref_axis',(0.,0.,-1.));
#5643=DIRECTION('',(0.,0.,-1.));
#5644=DIRECTION('',(0.,-1.,0.));
#5645=DIRECTION('center_axis',(0.,0.,1.));
#5646=DIRECTION('ref_axis',(-1.,0.,0.));
#5647=DIRECTION('',(-1.,0.,0.));
#5648=DIRECTION('center_axis',(0.,-1.,0.));
#5649=DIRECTION('ref_axis',(0.,0.,-1.));
#5650=DIRECTION('center_axis',(0.,1.,0.));
#5651=DIRECTION('ref_axis',(0.,0.,1.));
#5652=DIRECTION('',(0.,0.,-1.));
#5653=DIRECTION('',(1.,0.,0.));
#5654=DIRECTION('',(0.,0.,1.));
#5655=DIRECTION('',(1.,0.,0.));
#5656=DIRECTION('center_axis',(0.,0.,-1.));
#5657=DIRECTION('ref_axis',(0.,1.,0.));
#5658=DIRECTION('',(0.,-1.,0.));
#5659=DIRECTION('',(0.,1.,0.));
#5660=DIRECTION('',(1.,0.,0.));
#5661=DIRECTION('center_axis',(0.,-1.,0.));
#5662=DIRECTION('ref_axis',(0.,0.,-1.));
#5663=DIRECTION('',(0.,0.,1.));
#5664=DIRECTION('',(0.,0.,-1.));
#5665=DIRECTION('',(1.,0.,0.));
#5666=DIRECTION('center_axis',(0.,0.,1.));
#5667=DIRECTION('ref_axis',(0.,-1.,0.));
#5668=DIRECTION('',(0.,1.,0.));
#5669=DIRECTION('',(0.,-1.,0.));
#5670=DIRECTION('center_axis',(1.,0.,0.));
#5671=DIRECTION('ref_axis',(0.,0.,-1.));
#5672=DIRECTION('center_axis',(0.,-1.,0.));
#5673=DIRECTION('ref_axis',(0.,0.,1.));
#5674=DIRECTION('',(0.,0.,-1.));
#5675=DIRECTION('',(-1.,0.,0.));
#5676=DIRECTION('',(0.,0.,1.));
#5677=DIRECTION('',(-1.,0.,0.));
#5678=DIRECTION('center_axis',(0.,0.,-1.));
#5679=DIRECTION('ref_axis',(0.,-1.,0.));
#5680=DIRECTION('',(0.,1.,0.));
#5681=DIRECTION('',(0.,-1.,0.));
#5682=DIRECTION('',(-1.,0.,0.));
#5683=DIRECTION('center_axis',(0.,-1.,0.));
#5684=DIRECTION('ref_axis',(0.,0.,1.));
#5685=DIRECTION('',(0.,0.,-1.));
#5686=DIRECTION('',(0.,0.,1.));
#5687=DIRECTION('',(-1.,0.,0.));
#5688=DIRECTION('center_axis',(0.,0.,-1.));
#5689=DIRECTION('ref_axis',(0.,-1.,0.));
#5690=DIRECTION('',(0.,1.,0.));
#5691=DIRECTION('',(0.,-1.,0.));
#5692=DIRECTION('',(-1.,0.,0.));
#5693=DIRECTION('center_axis',(0.,1.,-6.93889390390723E-17));
#5694=DIRECTION('ref_axis',(0.,-6.93889390390723E-17,-1.));
#5695=DIRECTION('',(0.,6.93889390390723E-17,1.));
#5696=DIRECTION('',(0.,-6.93889390390723E-17,-1.));
#5697=DIRECTION('',(-1.,0.,0.));
#5698=DIRECTION('center_axis',(0.,0.,-1.));
#5699=DIRECTION('ref_axis',(0.,-1.,0.));
#5700=DIRECTION('',(0.,1.,0.));
#5701=DIRECTION('',(0.,-1.,0.));
#5702=DIRECTION('',(-1.,0.,0.));
#5703=DIRECTION('center_axis',(0.,1.,-6.93889390390722E-16));
#5704=DIRECTION('ref_axis',(0.,-6.93889390390722E-16,-1.));
#5705=DIRECTION('',(0.,6.93889390390722E-16,1.));
#5706=DIRECTION('',(0.,-6.93889390390722E-16,-1.));
#5707=DIRECTION('',(-1.,0.,0.));
#5708=DIRECTION('center_axis',(0.,0.,1.));
#5709=DIRECTION('ref_axis',(0.,1.,0.));
#5710=DIRECTION('',(0.,-1.,0.));
#5711=DIRECTION('',(0.,1.,0.));
#5712=DIRECTION('',(-1.,0.,0.));
#5713=DIRECTION('center_axis',(0.,1.,-6.93889390390723E-17));
#5714=DIRECTION('ref_axis',(0.,-6.93889390390723E-17,-1.));
#5715=DIRECTION('',(0.,6.93889390390723E-17,1.));
#5716=DIRECTION('',(0.,-6.93889390390723E-17,-1.));
#5717=DIRECTION('',(-1.,0.,0.));
#5718=DIRECTION('center_axis',(0.,0.,1.));
#5719=DIRECTION('ref_axis',(0.,1.,0.));
#5720=DIRECTION('',(0.,-1.,0.));
#5721=DIRECTION('',(0.,1.,0.));
#5722=DIRECTION('',(-1.,0.,0.));
#5723=DIRECTION('center_axis',(0.,-1.,0.));
#5724=DIRECTION('ref_axis',(0.,0.,1.));
#5725=DIRECTION('',(0.,0.,-1.));
#5726=DIRECTION('',(0.,0.,1.));
#5727=DIRECTION('',(-1.,0.,0.));
#5728=DIRECTION('center_axis',(0.,0.,1.));
#5729=DIRECTION('ref_axis',(0.,1.,0.));
#5730=DIRECTION('',(0.,-1.,0.));
#5731=DIRECTION('',(0.,1.,0.));
#5732=DIRECTION('center_axis',(-1.,0.,0.));
#5733=DIRECTION('ref_axis',(0.,0.,1.));
#5734=DIRECTION('center_axis',(0.,0.,1.));
#5735=DIRECTION('ref_axis',(1.,0.,0.));
#5736=DIRECTION('',(1.,1.36295465346705E-16,0.));
#5737=DIRECTION('',(0.765704864789611,0.643192086423273,0.));
#5738=DIRECTION('',(0.,1.,0.));
#5739=DIRECTION('',(-0.765704864789611,0.643192086423273,0.));
#5740=DIRECTION('',(-1.,0.,0.));
#5741=DIRECTION('',(0.,-1.,0.));
#5742=DIRECTION('',(-1.,0.,0.));
#5743=DIRECTION('',(0.,1.,0.));
#5744=DIRECTION('',(1.,0.,0.));
#5745=DIRECTION('',(0.765704864789611,-0.643192086423273,0.));
#5746=DIRECTION('',(0.,-1.,0.));
#5747=DIRECTION('',(-0.765704864789611,-0.643192086423273,0.));
#5748=DIRECTION('center_axis',(-0.643192086423273,-0.765704864789611,0.));
#5749=DIRECTION('ref_axis',(-0.765704864789611,0.643192086423273,0.));
#5750=DIRECTION('',(0.,0.,1.));
#5751=DIRECTION('',(-0.765704864789611,0.643192086423273,0.));
#5752=DIRECTION('',(0.,0.,1.));
#5753=DIRECTION('center_axis',(-1.,0.,0.));
#5754=DIRECTION('ref_axis',(0.,1.,0.));
#5755=DIRECTION('',(0.,1.,0.));
#5756=DIRECTION('',(0.,0.,1.));
#5757=DIRECTION('center_axis',(-0.643192086423273,0.765704864789611,0.));
#5758=DIRECTION('ref_axis',(0.765704864789611,0.643192086423273,0.));
#5759=DIRECTION('',(0.765704864789611,0.643192086423273,0.));
#5760=DIRECTION('',(0.,0.,1.));
#5761=DIRECTION('center_axis',(1.,0.,0.));
#5762=DIRECTION('ref_axis',(0.,-1.,0.));
#5763=DIRECTION('',(0.,0.,1.));
#5764=DIRECTION('',(0.,-1.,0.));
#5765=DIRECTION('',(0.,0.,1.));
#5766=DIRECTION('center_axis',(0.,1.,0.));
#5767=DIRECTION('ref_axis',(1.,0.,0.));
#5768=DIRECTION('',(1.,0.,0.));
#5769=DIRECTION('center_axis',(0.,1.,0.));
#5770=DIRECTION('ref_axis',(1.,0.,0.));
#5771=DIRECTION('',(1.,0.,0.));
#5772=DIRECTION('',(0.,0.,1.));
#5773=DIRECTION('',(1.,0.,0.));
#5774=DIRECTION('center_axis',(1.,0.,0.));
#5775=DIRECTION('ref_axis',(0.,-1.,0.));
#5776=DIRECTION('',(0.,-1.,0.));
#5777=DIRECTION('',(0.,0.,-1.));
#5778=DIRECTION('center_axis',(0.,-1.,0.));
#5779=DIRECTION('ref_axis',(-1.,0.,0.));
#5780=DIRECTION('',(-1.,0.,0.));
#5781=DIRECTION('center_axis',(0.643192086423273,-0.765704864789611,0.));
#5782=DIRECTION('ref_axis',(-0.765704864789611,-0.643192086423273,0.));
#5783=DIRECTION('',(0.,0.,1.));
#5784=DIRECTION('',(-0.765704864789611,-0.643192086423273,0.));
#5785=DIRECTION('',(0.,0.,1.));
#5786=DIRECTION('center_axis',(1.,0.,0.));
#5787=DIRECTION('ref_axis',(0.,-1.,0.));
#5788=DIRECTION('',(0.,-1.,0.));
#5789=DIRECTION('',(0.,0.,1.));
#5790=DIRECTION('center_axis',(0.643192086423273,0.765704864789611,0.));
#5791=DIRECTION('ref_axis',(0.765704864789611,-0.643192086423273,0.));
#5792=DIRECTION('',(0.765704864789611,-0.643192086423273,0.));
#5793=DIRECTION('',(0.,0.,1.));
#5794=DIRECTION('center_axis',(0.,1.,0.));
#5795=DIRECTION('ref_axis',(1.,0.,0.));
#5796=DIRECTION('',(1.,0.,0.));
#5797=DIRECTION('',(0.,0.,1.));
#5798=DIRECTION('center_axis',(-1.,0.,0.));
#5799=DIRECTION('ref_axis',(0.,1.,0.));
#5800=DIRECTION('',(0.,1.,0.));
#5801=DIRECTION('',(0.,0.,-1.));
#5802=DIRECTION('center_axis',(1.36295465346705E-16,-1.,0.));
#5803=DIRECTION('ref_axis',(-1.,-1.36295465346705E-16,0.));
#5804=DIRECTION('',(-1.,-1.36295465346705E-16,0.));
#5805=DIRECTION('center_axis',(0.,0.,-1.));
#5806=DIRECTION('ref_axis',(-1.,0.,0.));
#5807=DIRECTION('center_axis',(0.,0.,-1.));
#5808=DIRECTION('ref_axis',(1.,0.,0.));
#5809=DIRECTION('center_axis',(0.,0.,1.));
#5810=DIRECTION('ref_axis',(-0.972900863946577,-0.231222639315451,0.));
#5811=DIRECTION('',(0.972900863946577,0.231222639315451,0.));
#5812=DIRECTION('center_axis',(0.,0.,-1.));
#5813=DIRECTION('ref_axis',(-0.972900863946577,-0.231222639315451,0.));
#5814=DIRECTION('',(0.972900863946577,0.231222639315451,0.));
#5815=DIRECTION('center_axis',(0.231222639315451,-0.972900863946577,0.));
#5816=DIRECTION('ref_axis',(-0.972900863946577,-0.231222639315451,0.));
#5817=DIRECTION('',(0.,0.,1.));
#5818=DIRECTION('',(-0.972900863946577,-0.231222639315451,0.));
#5819=DIRECTION('',(0.,0.,-1.));
#5820=DIRECTION('center_axis',(0.,0.,-1.));
#5821=DIRECTION('ref_axis',(-0.972900863946577,-0.231222639315451,0.));
#5822=DIRECTION('center_axis',(0.,0.,1.));
#5823=DIRECTION('ref_axis',(-0.972900863946577,-0.231222639315451,0.));
#5824=DIRECTION('',(0.,0.,-1.));
#5825=DIRECTION('center_axis',(0.231222639315451,-0.972900863946578,0.));
#5826=DIRECTION('ref_axis',(-0.972900863946577,-0.231222639315451,0.));
#5827=DIRECTION('',(-0.972900863946577,-0.231222639315451,0.));
#5828=DIRECTION('',(0.,0.,-1.));
#5829=DIRECTION('center_axis',(0.,0.,-1.));
#5830=DIRECTION('ref_axis',(-0.972900863946577,-0.231222639315451,0.));
#5831=DIRECTION('center_axis',(0.,0.,-1.));
#5832=DIRECTION('ref_axis',(-0.972900863946577,-0.231222639315451,0.));
#5833=DIRECTION('center_axis',(0.,0.,-1.));
#5834=DIRECTION('ref_axis',(1.,0.,0.));
#5835=DIRECTION('center_axis',(0.,0.,-1.));
#5836=DIRECTION('ref_axis',(1.,0.,0.));
#5837=DIRECTION('center_axis',(0.,0.,-1.));
#5838=DIRECTION('ref_axis',(1.,0.,0.));
#5839=DIRECTION('',(0.,0.,1.));
#5840=DIRECTION('center_axis',(0.,0.,1.));
#5841=DIRECTION('ref_axis',(1.,0.,0.));
#5842=DIRECTION('center_axis',(0.,0.,1.));
#5843=DIRECTION('ref_axis',(1.,0.,0.));
#5844=DIRECTION('center_axis',(0.,0.,1.));
#5845=DIRECTION('ref_axis',(1.,0.,0.));
#5846=DIRECTION('center_axis',(0.,0.,-1.));
#5847=DIRECTION('ref_axis',(1.,0.,0.));
#5848=DIRECTION('center_axis',(0.,0.,-1.));
#5849=DIRECTION('ref_axis',(1.,0.,0.));
#5850=DIRECTION('',(0.,0.,1.));
#5851=DIRECTION('center_axis',(0.,0.,1.));
#5852=DIRECTION('ref_axis',(1.,0.,0.));
#5853=DIRECTION('center_axis',(0.,0.,1.));
#5854=DIRECTION('ref_axis',(1.,0.,0.));
#5855=DIRECTION('center_axis',(0.,0.,1.));
#5856=DIRECTION('ref_axis',(1.,0.,0.));
#5857=DIRECTION('center_axis',(0.,0.,1.));
#5858=DIRECTION('ref_axis',(1.,0.,0.));
#5859=DIRECTION('center_axis',(0.,0.,1.));
#5860=DIRECTION('ref_axis',(1.,0.,0.));
#5861=DIRECTION('',(0.,0.,1.));
#5862=DIRECTION('center_axis',(0.,0.,1.));
#5863=DIRECTION('ref_axis',(1.,0.,0.));
#5864=DIRECTION('',(0.,0.,1.));
#5865=DIRECTION('center_axis',(0.,0.,-1.));
#5866=DIRECTION('ref_axis',(1.,0.,0.));
#5867=DIRECTION('center_axis',(0.,0.,-1.));
#5868=DIRECTION('ref_axis',(1.,0.,0.));
#5869=DIRECTION('center_axis',(0.,0.,1.));
#5870=DIRECTION('ref_axis',(1.,0.,0.));
#5871=DIRECTION('center_axis',(0.,0.,1.));
#5872=DIRECTION('ref_axis',(1.,0.,0.));
#5873=DIRECTION('',(0.,0.,1.));
#5874=DIRECTION('center_axis',(0.,0.,1.));
#5875=DIRECTION('ref_axis',(1.,0.,0.));
#5876=DIRECTION('center_axis',(0.,0.,-1.));
#5877=DIRECTION('ref_axis',(1.,0.,0.));
#5878=DIRECTION('center_axis',(0.,0.,-1.));
#5879=DIRECTION('ref_axis',(1.,0.,0.));
#5880=DIRECTION('center_axis',(0.,0.,1.));
#5881=DIRECTION('ref_axis',(1.,0.,0.));
#5882=DIRECTION('',(-1.,0.,0.));
#5883=DIRECTION('',(0.,-1.,0.));
#5884=DIRECTION('',(-1.,0.,0.));
#5885=DIRECTION('',(0.,1.,0.));
#5886=DIRECTION('',(0.,1.,0.));
#5887=DIRECTION('',(1.,0.,0.));
#5888=DIRECTION('',(0.765704864789611,-0.643192086423273,0.));
#5889=DIRECTION('',(0.,-1.,0.));
#5890=DIRECTION('',(-0.765704864789611,-0.643192086423273,0.));
#5891=DIRECTION('',(-1.,0.,0.));
#5892=DIRECTION('',(0.,1.,0.));
#5893=DIRECTION('center_axis',(-1.,0.,0.));
#5894=DIRECTION('ref_axis',(0.,1.,0.));
#5895=DIRECTION('',(0.,1.,0.));
#5896=DIRECTION('',(0.,0.,1.));
#5897=DIRECTION('',(0.,1.,0.));
#5898=DIRECTION('',(0.,0.,-1.));
#5899=DIRECTION('center_axis',(0.,1.,0.));
#5900=DIRECTION('ref_axis',(1.,0.,0.));
#5901=DIRECTION('',(1.,0.,0.));
#5902=DIRECTION('',(1.,0.,0.));
#5903=DIRECTION('',(0.,0.,-1.));
#5904=DIRECTION('center_axis',(1.,0.,0.));
#5905=DIRECTION('ref_axis',(0.,-1.,0.));
#5906=DIRECTION('',(0.,-1.,0.));
#5907=DIRECTION('',(0.,-1.,0.));
#5908=DIRECTION('',(0.,0.,-1.));
#5909=DIRECTION('center_axis',(0.,0.,-1.));
#5910=DIRECTION('ref_axis',(-1.,0.,0.));
#5911=DIRECTION('',(-1.,0.,0.));
#5912=DIRECTION('center_axis',(0.,-1.,0.));
#5913=DIRECTION('ref_axis',(-1.,0.,0.));
#5914=DIRECTION('',(-1.,0.,0.));
#5915=DIRECTION('',(0.,0.,-1.));
#5916=DIRECTION('',(0.,0.,-1.));
#5917=DIRECTION('',(-1.,0.,0.));
#5918=DIRECTION('center_axis',(0.,0.,1.));
#5919=DIRECTION('ref_axis',(1.,0.,0.));
#5920=DIRECTION('',(0.,1.,0.));
#5921=DIRECTION('',(-1.,0.,0.));
#5922=DIRECTION('',(-0.765704864789611,-0.643192086423273,0.));
#5923=DIRECTION('',(0.,-1.,0.));
#5924=DIRECTION('',(0.765704864789611,-0.643192086423273,0.));
#5925=DIRECTION('',(1.,0.,0.));
#5926=DIRECTION('',(0.,1.,0.));
#5927=DIRECTION('',(-1.,0.,0.));
#5928=DIRECTION('',(0.,-1.,0.));
#5929=DIRECTION('center_axis',(0.,0.,1.));
#5930=DIRECTION('ref_axis',(1.,0.,0.));
#5931=DIRECTION('center_axis',(0.,0.,1.));
#5932=DIRECTION('ref_axis',(1.,0.,0.));
#5933=DIRECTION('center_axis',(1.,0.,0.));
#5934=DIRECTION('ref_axis',(0.,-1.,0.));
#5935=DIRECTION('',(0.,0.,-1.));
#5936=DIRECTION('',(0.,0.,-1.));
#5937=DIRECTION('center_axis',(0.643192086423273,-0.765704864789611,0.));
#5938=DIRECTION('ref_axis',(-0.765704864789611,-0.643192086423273,0.));
#5939=DIRECTION('',(0.,0.,-1.));
#5940=DIRECTION('center_axis',(0.,-1.,0.));
#5941=DIRECTION('ref_axis',(-1.,0.,0.));
#5942=DIRECTION('',(0.,0.,-1.));
#5943=DIRECTION('center_axis',(-1.,0.,0.));
#5944=DIRECTION('ref_axis',(0.,1.,0.));
#5945=DIRECTION('center_axis',(0.,0.,-1.));
#5946=DIRECTION('ref_axis',(1.,0.,0.));
#5947=DIRECTION('',(0.,0.,1.));
#5948=DIRECTION('center_axis',(0.,0.,-1.));
#5949=DIRECTION('ref_axis',(1.,0.,0.));
#5950=DIRECTION('',(0.,0.,1.));
#5951=DIRECTION('center_axis',(0.643192086423273,0.765704864789611,0.));
#5952=DIRECTION('ref_axis',(0.765704864789611,-0.643192086423273,0.));
#5953=DIRECTION('',(0.,0.,-1.));
#5954=DIRECTION('center_axis',(0.,1.,0.));
#5955=DIRECTION('ref_axis',(1.,0.,0.));
#5956=DIRECTION('',(0.,0.,-1.));
#5957=DIRECTION('center_axis',(-1.,0.,0.));
#5958=DIRECTION('ref_axis',(0.,1.,0.));
#5959=DIRECTION('',(0.,0.,-1.));
#5960=DIRECTION('center_axis',(0.,-1.,0.));
#5961=DIRECTION('ref_axis',(-1.,0.,0.));
#5962=DIRECTION('',(0.,0.,-1.));
#5963=DIRECTION('center_axis',(1.,0.,0.));
#5964=DIRECTION('ref_axis',(0.,-1.,0.));
#5965=DIRECTION('center_axis',(0.,0.,1.));
#5966=DIRECTION('ref_axis',(1.,0.,0.));
#5967=DIRECTION('center_axis',(0.,0.,-1.));
#5968=DIRECTION('ref_axis',(1.,0.,0.));
#5969=DIRECTION('center_axis',(0.,0.,1.));
#5970=DIRECTION('ref_axis',(1.,0.,0.));
#5971=DIRECTION('',(0.707878519918394,0.706334199255667,0.));
#5972=DIRECTION('center_axis',(0.,0.,-1.));
#5973=DIRECTION('ref_axis',(1.,0.,0.));
#5974=DIRECTION('',(-0.706334199255667,0.707878519918394,0.));
#5975=DIRECTION('center_axis',(0.,0.,-1.));
#5976=DIRECTION('ref_axis',(1.,0.,0.));
#5977=DIRECTION('center_axis',(0.,0.,1.));
#5978=DIRECTION('ref_axis',(-0.999999997533572,-7.023429462294E-5,0.));
#5979=DIRECTION('center_axis',(0.,0.,1.));
#5980=DIRECTION('ref_axis',(1.,0.,0.));
#5981=DIRECTION('center_axis',(0.,0.,1.));
#5982=DIRECTION('ref_axis',(1.,0.,0.));
#5983=DIRECTION('center_axis',(0.,0.,1.));
#5984=DIRECTION('ref_axis',(1.,0.,0.));
#5985=DIRECTION('',(0.706334199255667,-0.707878519918394,0.));
#5986=DIRECTION('center_axis',(0.,0.,-1.));
#5987=DIRECTION('ref_axis',(1.,0.,0.));
#5988=DIRECTION('',(0.707878519918394,0.706334199255667,0.));
#5989=DIRECTION('center_axis',(0.,0.,-1.));
#5990=DIRECTION('ref_axis',(1.,0.,0.));
#5991=DIRECTION('center_axis',(0.,0.,1.));
#5992=DIRECTION('ref_axis',(1.,0.,0.));
#5993=DIRECTION('center_axis',(0.,0.,1.));
#5994=DIRECTION('ref_axis',(1.,0.,0.));
#5995=DIRECTION('center_axis',(0.,0.,1.));
#5996=DIRECTION('ref_axis',(1.,0.,0.));
#5997=DIRECTION('center_axis',(0.,0.,1.));
#5998=DIRECTION('ref_axis',(1.,0.,0.));
#5999=DIRECTION('center_axis',(0.,0.,-1.));
#6000=DIRECTION('ref_axis',(1.,0.,0.));
#6001=DIRECTION('center_axis',(0.,0.,1.));
#6002=DIRECTION('ref_axis',(1.,0.,0.));
#6003=DIRECTION('',(-0.707878519918394,-0.706334199255667,0.));
#6004=DIRECTION('',(-0.706334199255667,0.707878519918394,0.));
#6005=DIRECTION('center_axis',(0.,0.,-1.));
#6006=DIRECTION('ref_axis',(1.,0.,0.));
#6007=DIRECTION('center_axis',(0.707878519918394,0.706334199255667,0.));
#6008=DIRECTION('ref_axis',(0.706334199255667,-0.707878519918394,0.));
#6009=DIRECTION('',(0.,0.,1.));
#6010=DIRECTION('',(0.706334199255667,-0.707878519918394,0.));
#6011=DIRECTION('',(0.,0.,-1.));
#6012=DIRECTION('center_axis',(-0.706334199255667,0.707878519918394,0.));
#6013=DIRECTION('ref_axis',(0.707878519918394,0.706334199255667,0.));
#6014=DIRECTION('',(0.,0.,1.));
#6015=DIRECTION('',(0.707878519918394,0.706334199255667,0.));
#6016=DIRECTION('',(0.,0.,-1.));
#6017=DIRECTION('center_axis',(0.,0.,1.));
#6018=DIRECTION('ref_axis',(1.,0.,0.));
#6019=DIRECTION('center_axis',(0.,0.,-1.));
#6020=DIRECTION('ref_axis',(1.,0.,0.));
#6021=DIRECTION('',(-0.706334199255667,0.707878519918394,0.));
#6022=DIRECTION('center_axis',(0.,0.,-1.));
#6023=DIRECTION('ref_axis',(1.,0.,0.));
#6024=DIRECTION('center_axis',(0.,0.,-1.));
#6025=DIRECTION('ref_axis',(1.,0.,0.));
#6026=DIRECTION('',(-0.707878519918394,-0.706334199255667,0.));
#6027=DIRECTION('center_axis',(0.,0.,-1.));
#6028=DIRECTION('ref_axis',(1.,0.,0.));
#6029=DIRECTION('',(-0.706334199255667,0.707878519918394,0.));
#6030=DIRECTION('center_axis',(0.,0.,-1.));
#6031=DIRECTION('ref_axis',(1.,0.,0.));
#6032=DIRECTION('',(0.706334199255667,-0.707878519918394,0.));
#6033=DIRECTION('center_axis',(0.,0.,-1.));
#6034=DIRECTION('ref_axis',(1.,0.,0.));
#6035=DIRECTION('',(-0.707878519918394,-0.706334199255667,0.));
#6036=DIRECTION('center_axis',(0.,0.,-1.));
#6037=DIRECTION('ref_axis',(1.,0.,0.));
#6038=DIRECTION('',(0.707878519918394,0.706334199255667,0.));
#6039=DIRECTION('center_axis',(0.,0.,-1.));
#6040=DIRECTION('ref_axis',(1.,0.,0.));
#6041=DIRECTION('center_axis',(-0.707878519918394,-0.706334199255667,0.));
#6042=DIRECTION('ref_axis',(-0.706334199255667,0.707878519918394,0.));
#6043=DIRECTION('',(0.,0.,1.));
#6044=DIRECTION('',(0.,0.,-1.));
#6045=DIRECTION('center_axis',(-0.706334199255667,0.707878519918394,0.));
#6046=DIRECTION('ref_axis',(0.707878519918394,0.706334199255667,0.));
#6047=DIRECTION('',(0.,0.,-1.));
#6048=DIRECTION('',(0.,0.,-1.));
#6049=DIRECTION('center_axis',(0.,0.,-1.));
#6050=DIRECTION('ref_axis',(1.,0.,0.));
#6051=DIRECTION('center_axis',(-0.707878519918394,-0.706334199255667,0.));
#6052=DIRECTION('ref_axis',(-0.706334199255667,0.707878519918394,0.));
#6053=DIRECTION('',(0.,0.,-1.));
#6054=DIRECTION('',(0.,0.,-1.));
#6055=DIRECTION('center_axis',(0.,0.,-1.));
#6056=DIRECTION('ref_axis',(-0.999998681017298,-0.00162418092115115,0.));
#6057=DIRECTION('center_axis',(0.706334199255667,-0.707878519918394,0.));
#6058=DIRECTION('ref_axis',(-0.707878519918394,-0.706334199255667,0.));
#6059=DIRECTION('',(0.,0.,-1.));
#6060=DIRECTION('',(0.,0.,-1.));
#6061=DIRECTION('center_axis',(0.,0.,-1.));
#6062=DIRECTION('ref_axis',(1.,0.,0.));
#6063=DIRECTION('center_axis',(0.,0.,1.));
#6064=DIRECTION('ref_axis',(1.,0.,0.));
#6065=DIRECTION('',(0.,0.,1.));
#6066=DIRECTION('center_axis',(0.,0.,1.));
#6067=DIRECTION('ref_axis',(1.,0.,0.));
#6068=DIRECTION('',(0.,0.,-1.));
#6069=DIRECTION('',(0.,0.,-1.));
#6070=DIRECTION('center_axis',(0.,0.,1.));
#6071=DIRECTION('ref_axis',(1.,0.,0.));
#6072=DIRECTION('center_axis',(0.,0.,-1.));
#6073=DIRECTION('ref_axis',(1.,0.,0.));
#6074=DIRECTION('center_axis',(0.,0.,1.));
#6075=DIRECTION('ref_axis',(1.,0.,0.));
#6076=DIRECTION('',(0.706334199255667,-0.707878519918394,0.));
#6077=DIRECTION('',(-0.707878519918394,-0.706334199255667,0.));
#6078=DIRECTION('center_axis',(0.,0.,-1.));
#6079=DIRECTION('ref_axis',(1.,0.,0.));
#6080=DIRECTION('center_axis',(0.706334199255667,-0.707878519918394,0.));
#6081=DIRECTION('ref_axis',(0.707878519918394,0.706334199255667,0.));
#6082=DIRECTION('',(0.,0.,1.));
#6083=DIRECTION('center_axis',(0.,0.,1.));
#6084=DIRECTION('ref_axis',(1.,0.,0.));
#6085=DIRECTION('',(0.,0.,-1.));
#6086=DIRECTION('center_axis',(0.707878519918394,0.706334199255667,0.));
#6087=DIRECTION('ref_axis',(-0.706334199255667,0.707878519918394,0.));
#6088=DIRECTION('center_axis',(0.,0.,1.));
#6089=DIRECTION('ref_axis',(1.,0.,0.));
#6090=DIRECTION('',(0.707878519918393,-0.706334199255667,0.));
#6091=DIRECTION('center_axis',(0.,0.,-1.));
#6092=DIRECTION('ref_axis',(1.,0.,0.));
#6093=DIRECTION('',(0.706334199255667,0.707878519918393,0.));
#6094=DIRECTION('center_axis',(0.,0.,-1.));
#6095=DIRECTION('ref_axis',(1.,0.,0.));
#6096=DIRECTION('center_axis',(0.,0.,1.));
#6097=DIRECTION('ref_axis',(1.,0.,0.));
#6098=DIRECTION('center_axis',(0.,0.,1.));
#6099=DIRECTION('ref_axis',(1.,0.,0.));
#6100=DIRECTION('center_axis',(0.,0.,1.));
#6101=DIRECTION('ref_axis',(1.,0.,0.));
#6102=DIRECTION('',(-0.706334199255667,-0.707878519918394,0.));
#6103=DIRECTION('center_axis',(0.,0.,-1.));
#6104=DIRECTION('ref_axis',(1.,0.,0.));
#6105=DIRECTION('',(0.707878519918394,-0.706334199255667,0.));
#6106=DIRECTION('center_axis',(0.,0.,-1.));
#6107=DIRECTION('ref_axis',(1.,0.,0.));
#6108=DIRECTION('center_axis',(0.,0.,1.));
#6109=DIRECTION('ref_axis',(1.,0.,0.));
#6110=DIRECTION('center_axis',(0.,0.,1.));
#6111=DIRECTION('ref_axis',(1.,0.,0.));
#6112=DIRECTION('center_axis',(0.707878519918394,-0.706334199255667,0.));
#6113=DIRECTION('ref_axis',(-0.706334199255667,-0.707878519918394,0.));
#6114=DIRECTION('',(0.,0.,1.));
#6115=DIRECTION('',(-0.706334199255667,-0.707878519918394,0.));
#6116=DIRECTION('',(0.,0.,-1.));
#6117=DIRECTION('center_axis',(0.706334199255667,0.707878519918393,0.));
#6118=DIRECTION('ref_axis',(0.707878519918393,-0.706334199255667,0.));
#6119=DIRECTION('',(0.,0.,1.));
#6120=DIRECTION('',(0.707878519918393,-0.706334199255667,0.));
#6121=DIRECTION('',(0.,0.,-1.));
#6122=DIRECTION('center_axis',(0.,0.,1.));
#6123=DIRECTION('ref_axis',(1.,0.,0.));
#6124=DIRECTION('center_axis',(0.,0.,-1.));
#6125=DIRECTION('ref_axis',(1.,0.,0.));
#6126=DIRECTION('',(0.706334199255667,0.707878519918393,0.));
#6127=DIRECTION('center_axis',(0.,0.,-1.));
#6128=DIRECTION('ref_axis',(1.,0.,0.));
#6129=DIRECTION('center_axis',(0.,0.,-1.));
#6130=DIRECTION('ref_axis',(1.,0.,0.));
#6131=DIRECTION('',(-0.707878519918393,0.706334199255667,0.));
#6132=DIRECTION('center_axis',(0.,0.,-1.));
#6133=DIRECTION('ref_axis',(1.,0.,0.));
#6134=DIRECTION('',(0.706334199255667,0.707878519918393,0.));
#6135=DIRECTION('center_axis',(0.,0.,-1.));
#6136=DIRECTION('ref_axis',(1.,0.,0.));
#6137=DIRECTION('',(-0.706334199255667,-0.707878519918393,0.));
#6138=DIRECTION('center_axis',(0.,0.,-1.));
#6139=DIRECTION('ref_axis',(1.,0.,0.));
#6140=DIRECTION('',(-0.707878519918394,0.706334199255667,0.));
#6141=DIRECTION('center_axis',(0.,0.,-1.));
#6142=DIRECTION('ref_axis',(1.,0.,0.));
#6143=DIRECTION('',(0.707878519918394,-0.706334199255667,0.));
#6144=DIRECTION('center_axis',(0.,0.,-1.));
#6145=DIRECTION('ref_axis',(1.,0.,0.));
#6146=DIRECTION('center_axis',(0.706334199255667,0.707878519918394,0.));
#6147=DIRECTION('ref_axis',(0.707878519918394,-0.706334199255667,0.));
#6148=DIRECTION('',(0.,0.,-1.));
#6149=DIRECTION('',(0.,0.,-1.));
#6150=DIRECTION('center_axis',(0.,0.,-1.));
#6151=DIRECTION('ref_axis',(1.,0.,0.));
#6152=DIRECTION('center_axis',(-0.707878519918393,0.706334199255667,0.));
#6153=DIRECTION('ref_axis',(0.706334199255667,0.707878519918393,0.));
#6154=DIRECTION('',(0.,0.,-1.));
#6155=DIRECTION('',(0.,0.,-1.));
#6156=DIRECTION('center_axis',(0.,0.,-1.));
#6157=DIRECTION('ref_axis',(1.,0.,0.));
#6158=DIRECTION('center_axis',(0.,0.,1.));
#6159=DIRECTION('ref_axis',(1.,0.,0.));
#6160=DIRECTION('center_axis',(0.,0.,-1.));
#6161=DIRECTION('ref_axis',(1.,0.,0.));
#6162=DIRECTION('center_axis',(0.,0.,1.));
#6163=DIRECTION('ref_axis',(-0.999999997533572,7.023429462294E-5,0.));
#6164=DIRECTION('center_axis',(0.,0.,1.));
#6165=DIRECTION('ref_axis',(1.,0.,0.));
#6166=DIRECTION('center_axis',(0.,0.,1.));
#6167=DIRECTION('ref_axis',(1.,0.,0.));
#6168=DIRECTION('center_axis',(0.,0.,-1.));
#6169=DIRECTION('ref_axis',(1.,0.,0.));
#6170=DIRECTION('center_axis',(0.,0.,1.));
#6171=DIRECTION('ref_axis',(1.,0.,0.));
#6172=DIRECTION('',(-0.707878519918393,0.706334199255667,0.));
#6173=DIRECTION('',(0.706334199255667,0.707878519918393,0.));
#6174=DIRECTION('center_axis',(0.,0.,-1.));
#6175=DIRECTION('ref_axis',(1.,0.,0.));
#6176=DIRECTION('center_axis',(-0.706334199255667,-0.707878519918393,0.));
#6177=DIRECTION('ref_axis',(0.707878519918393,-0.706334199255667,0.));
#6178=DIRECTION('',(0.,0.,-1.));
#6179=DIRECTION('',(0.,0.,1.));
#6180=DIRECTION('center_axis',(-0.707878519918393,0.706334199255667,0.));
#6181=DIRECTION('ref_axis',(-0.706334199255667,-0.707878519918393,0.));
#6182=DIRECTION('',(0.,0.,1.));
#6183=DIRECTION('',(0.,0.,1.));
#6184=DIRECTION('center_axis',(0.,0.,1.));
#6185=DIRECTION('ref_axis',(-0.999998681017298,0.00162418092115071,0.));
#6186=DIRECTION('center_axis',(0.,0.,1.));
#6187=DIRECTION('ref_axis',(1.,0.,0.));
#6188=DIRECTION('center_axis',(0.,0.,1.));
#6189=DIRECTION('ref_axis',(1.,0.,0.));
#6190=DIRECTION('center_axis',(0.,0.,-1.));
#6191=DIRECTION('ref_axis',(1.,0.,0.));
#6192=DIRECTION('center_axis',(0.,0.,1.));
#6193=DIRECTION('ref_axis',(1.,0.,0.));
#6194=DIRECTION('',(0.,0.,-1.));
#6195=DIRECTION('',(0.,0.,-1.));
#6196=DIRECTION('',(0.,0.,1.));
#6197=DIRECTION('center_axis',(0.,0.,1.));
#6198=DIRECTION('ref_axis',(1.,0.,0.));
#6199=DIRECTION('',(-0.706334199255667,-0.707878519918393,0.));
#6200=DIRECTION('',(-0.707878519918394,0.706334199255667,0.));
#6201=DIRECTION('center_axis',(0.,0.,-1.));
#6202=DIRECTION('ref_axis',(1.,0.,0.));
#6203=DIRECTION('center_axis',(-0.706334199255667,-0.707878519918394,0.));
#6204=DIRECTION('ref_axis',(0.707878519918394,-0.706334199255667,0.));
#6205=DIRECTION('',(0.,0.,1.));
#6206=DIRECTION('center_axis',(0.,0.,1.));
#6207=DIRECTION('ref_axis',(1.,0.,0.));
#6208=DIRECTION('',(0.,0.,-1.));
#6209=DIRECTION('center_axis',(0.707878519918393,-0.706334199255667,0.));
#6210=DIRECTION('ref_axis',(0.706334199255667,0.707878519918393,0.));
#6211=DIRECTION('center_axis',(0.,0.,-1.));
#6212=DIRECTION('ref_axis',(1.,0.,0.));
#6213=DIRECTION('center_axis',(0.,0.,-1.));
#6214=DIRECTION('ref_axis',(1.,0.,0.));
#6215=DIRECTION('',(0.,0.,1.));
#6216=DIRECTION('center_axis',(0.,0.,-1.));
#6217=DIRECTION('ref_axis',(1.,0.,0.));
#6218=DIRECTION('center_axis',(0.,0.,1.));
#6219=DIRECTION('ref_axis',(1.,0.,0.));
#6220=DIRECTION('center_axis',(0.,0.,1.));
#6221=DIRECTION('ref_axis',(1.,0.,0.));
#6222=DIRECTION('center_axis',(0.,0.,-1.));
#6223=DIRECTION('ref_axis',(1.,0.,0.));
#6224=DIRECTION('',(-0.198310495760861,-0.980139248918786,0.));
#6225=DIRECTION('center_axis',(0.,0.,-1.));
#6226=DIRECTION('ref_axis',(-0.198310495760861,-0.980139248918786,0.));
#6227=DIRECTION('',(-0.198310495760861,-0.980139248918786,0.));
#6228=DIRECTION('center_axis',(0.,0.,1.));
#6229=DIRECTION('ref_axis',(-0.198310495760861,-0.980139248918786,0.));
#6230=DIRECTION('center_axis',(0.,0.,1.));
#6231=DIRECTION('ref_axis',(-0.198310495760861,-0.980139248918786,0.));
#6232=DIRECTION('',(0.,0.,-1.));
#6233=DIRECTION('center_axis',(0.,0.,1.));
#6234=DIRECTION('ref_axis',(-0.198310495760861,-0.980139248918786,0.));
#6235=DIRECTION('',(0.,0.,1.));
#6236=DIRECTION('center_axis',(0.980139248918786,-0.198310495760861,0.));
#6237=DIRECTION('ref_axis',(0.198310495760861,0.980139248918786,0.));
#6238=DIRECTION('',(0.198310495760861,0.980139248918786,0.));
#6239=DIRECTION('',(0.,0.,1.));
#6240=DIRECTION('center_axis',(0.,0.,1.));
#6241=DIRECTION('ref_axis',(-0.198310495760861,-0.980139248918786,0.));
#6242=DIRECTION('center_axis',(0.,0.,-1.));
#6243=DIRECTION('ref_axis',(-0.198310495760861,-0.980139248918786,0.));
#6244=DIRECTION('',(0.,0.,1.));
#6245=DIRECTION('center_axis',(0.980139248918786,-0.198310495760861,0.));
#6246=DIRECTION('ref_axis',(0.198310495760861,0.980139248918786,0.));
#6247=DIRECTION('',(0.198310495760861,0.980139248918786,0.));
#6248=DIRECTION('center_axis',(0.,0.,-1.));
#6249=DIRECTION('ref_axis',(1.,0.,0.));
#6250=CARTESIAN_POINT('',(0.,0.,0.));
#6251=CARTESIAN_POINT('Origin',(-0.1,-2.85,6.93));
#6252=CARTESIAN_POINT('',(0.85,-2.6,6.93));
#6253=CARTESIAN_POINT('',(0.85,-3.1,6.93));
#6254=CARTESIAN_POINT('',(0.85,-2.725,6.93));
#6255=CARTESIAN_POINT('',(-1.05,-2.6,6.93));
#6256=CARTESIAN_POINT('',(-0.575,-2.6,6.93));
#6257=CARTESIAN_POINT('',(-1.05,-3.1,6.93));
#6258=CARTESIAN_POINT('',(-1.05,-2.975,6.93));
#6259=CARTESIAN_POINT('',(-1.05,-3.1,6.93));
#6260=CARTESIAN_POINT('Origin',(-1.05,-3.1,0.));
#6261=CARTESIAN_POINT('',(-1.05,-2.6,-8.1));
#6262=CARTESIAN_POINT('',(-1.05,-2.6,0.));
#6263=CARTESIAN_POINT('',(-1.05,-3.1,-8.1));
#6264=CARTESIAN_POINT('',(-1.05,-2.6,-8.1));
#6265=CARTESIAN_POINT('',(-1.05,-3.1,0.));
#6266=CARTESIAN_POINT('Origin',(2.28783934045756,3.6,-3.9302607035248));
#6267=CARTESIAN_POINT('',(3.3047541104647,3.6,-5.48303471561357));
#6268=CARTESIAN_POINT('',(2.28783934045756,3.6,-3.9302607035248));
#6269=CARTESIAN_POINT('',(1.73900167142813,3.6,-3.09221518146172));
#6270=CARTESIAN_POINT('',(3.3047541104647,3.7,-5.48303471561357));
#6271=CARTESIAN_POINT('',(3.3047541104647,3.6,-5.48303471561357));
#6272=CARTESIAN_POINT('',(2.28783934045756,3.7,-3.9302607035248));
#6273=CARTESIAN_POINT('',(3.3047541104647,3.7,-5.48303471561357));
#6274=CARTESIAN_POINT('',(2.28783934045756,3.6,-3.9302607035248));
#6275=CARTESIAN_POINT('Origin',(3.20935492072428,3.6,-2.50739203449175));
#6276=CARTESIAN_POINT('',(3.20935492072428,3.6,-2.50739203449175));
#6277=CARTESIAN_POINT('',(2.1539491426197,3.6,-4.1369942321527));
#6278=CARTESIAN_POINT('',(3.20935492072428,3.7,-2.50739203449175));
#6279=CARTESIAN_POINT('',(2.28783934045756,3.7,-3.9302607035248));
#6280=CARTESIAN_POINT('',(3.20935492072428,3.6,-2.50739203449175));
#6281=CARTESIAN_POINT('Origin',(2.50705449510539,3.6,-2.50739203449175));
#6282=CARTESIAN_POINT('',(2.50705449510539,3.6,-2.50739203449175));
#6283=CARTESIAN_POINT('',(0.477541207825285,3.6,-2.50739203449175));
#6284=CARTESIAN_POINT('',(2.50705449510539,3.7,-2.50739203449175));
#6285=CARTESIAN_POINT('',(3.20935492072428,3.7,-2.50739203449175));
#6286=CARTESIAN_POINT('',(2.50705449510539,3.6,-2.50739203449175));
#6287=CARTESIAN_POINT('Origin',(1.91030210483992,3.6,-3.46341358180925));
#6288=CARTESIAN_POINT('',(1.91030210483992,3.6,-3.46341358180925));
#6289=CARTESIAN_POINT('',(1.29317502928923,3.6,-4.4520762018233));
#6290=CARTESIAN_POINT('',(1.91030210483992,3.7,-3.46341358180925));
#6291=CARTESIAN_POINT('',(2.50705449510539,3.7,-2.50739203449175));
#6292=CARTESIAN_POINT('',(1.91030210483992,3.6,-3.46341358180925));
#6293=CARTESIAN_POINT('Origin',(1.32572835911239,3.6,-2.50739203449175));
#6294=CARTESIAN_POINT('',(1.32572835911239,3.6,-2.50739203449175));
#6295=CARTESIAN_POINT('',(1.2774380461582,3.6,-2.42841726005427));
#6296=CARTESIAN_POINT('',(1.32572835911239,3.7,-2.50739203449175));
#6297=CARTESIAN_POINT('',(1.91030210483992,3.7,-3.46341358180925));
#6298=CARTESIAN_POINT('',(1.32572835911239,3.6,-2.50739203449175));
#6299=CARTESIAN_POINT('Origin',(0.629517348894719,3.6,-2.50739203449175));
#6300=CARTESIAN_POINT('',(0.629517348894719,3.6,-2.50739203449175));
#6301=CARTESIAN_POINT('',(-0.461227365280051,3.6,-2.50739203449175));
#6302=CARTESIAN_POINT('',(0.629517348894719,3.7,-2.50739203449175));
#6303=CARTESIAN_POINT('',(1.32572835911239,3.7,-2.50739203449175));
#6304=CARTESIAN_POINT('',(0.629517348894719,3.6,-2.50739203449175));
#6305=CARTESIAN_POINT('Origin',(1.55509239662612,3.6,-3.95258800741121));
#6306=CARTESIAN_POINT('',(1.55509239662612,3.6,-3.95258800741121));
#6307=CARTESIAN_POINT('',(1.1253393549816,3.6,-3.28157017189715));
#6308=CARTESIAN_POINT('',(1.55509239662612,3.7,-3.95258800741121));
#6309=CARTESIAN_POINT('',(0.629517348894719,3.7,-2.50739203449175));
#6310=CARTESIAN_POINT('',(1.55509239662612,3.6,-3.95258800741121));
#6311=CARTESIAN_POINT('Origin',(0.538177701124791,3.6,-5.48303471561357));
#6312=CARTESIAN_POINT('',(0.538177701124791,3.6,-5.48303471561357));
#6313=CARTESIAN_POINT('',(0.548369675331284,3.6,-5.46769589374049));
#6314=CARTESIAN_POINT('',(0.538177701124791,3.7,-5.48303471561357));
#6315=CARTESIAN_POINT('',(1.55509239662612,3.7,-3.95258800741121));
#6316=CARTESIAN_POINT('',(0.538177701124791,3.6,-5.48303471561357));
#6317=CARTESIAN_POINT('Origin',(1.26280552376235,3.6,-5.48303471561357));
#6318=CARTESIAN_POINT('',(1.26280552376235,3.6,-5.48303471561357));
#6319=CARTESIAN_POINT('',(-0.144583277846236,3.6,-5.48303471561357));
#6320=CARTESIAN_POINT('',(1.26280552376235,3.7,-5.48303471561357));
#6321=CARTESIAN_POINT('',(0.538177701124791,3.7,-5.48303471561357));
#6322=CARTESIAN_POINT('',(1.26280552376235,3.6,-5.48303471561357));
#6323=CARTESIAN_POINT('Origin',(1.92248082388366,3.6,-4.45394145008013));
#6324=CARTESIAN_POINT('',(1.92248082388366,3.6,-4.45394145008013));
#6325=CARTESIAN_POINT('',(1.5082937957955,3.6,-5.10007308665717));
#6326=CARTESIAN_POINT('',(1.92248082388366,3.7,-4.45394145008013));
#6327=CARTESIAN_POINT('',(1.26280552376235,3.7,-5.48303471561357));
#6328=CARTESIAN_POINT('',(1.92248082388366,3.6,-4.45394145008013));
#6329=CARTESIAN_POINT('Origin',(2.58418573666537,3.6,-5.48303471561357));
#6330=CARTESIAN_POINT('',(2.58418573666537,3.6,-5.48303471561357));
#6331=CARTESIAN_POINT('',(1.65329862135687,3.6,-4.03530530809163));
#6332=CARTESIAN_POINT('',(2.58418573666537,3.7,-5.48303471561357));
#6333=CARTESIAN_POINT('',(1.92248082388366,3.7,-4.45394145008012));
#6334=CARTESIAN_POINT('',(2.58418573666537,3.6,-5.48303471561357));
#6335=CARTESIAN_POINT('Origin',(3.3047541104647,3.6,-5.48303471561357));
#6336=CARTESIAN_POINT('',(0.876391015504938,3.6,-5.48303471561357));
#6337=CARTESIAN_POINT('',(2.58418573666537,3.7,-5.48303471561357));
#6338=CARTESIAN_POINT('Origin',(-1.56060436140573,3.7,-4.01449607368395));
#6339=CARTESIAN_POINT('Ctrl Pts',(-5.27508356939828,3.6,-3.0341173863022));
#6340=CARTESIAN_POINT('Ctrl Pts',(-5.27508356939828,3.7,-3.0341173863022));
#6341=CARTESIAN_POINT('Ctrl Pts',(-5.30302764734376,3.6,-3.01487687852124));
#6342=CARTESIAN_POINT('Ctrl Pts',(-5.30302764734376,3.7,-3.01487687852124));
#6343=CARTESIAN_POINT('Ctrl Pts',(-5.35875600910779,3.6,-2.97650588699189));
#6344=CARTESIAN_POINT('Ctrl Pts',(-5.35875600910779,3.7,-2.97650588699189));
#6345=CARTESIAN_POINT('Ctrl Pts',(-5.42617804652557,3.6,-2.97092973113602));
#6346=CARTESIAN_POINT('Ctrl Pts',(-5.42617804652557,3.7,-2.97092973113602));
#6347=CARTESIAN_POINT('Ctrl Pts',(-5.45979240309274,3.6,-2.96814964767381));
#6348=CARTESIAN_POINT('Ctrl Pts',(-5.45979240309274,3.7,-2.96814964767381));
#6349=CARTESIAN_POINT('',(-5.45979240309274,3.6,-2.96814964767381));
#6350=CARTESIAN_POINT('',(-5.27508356939828,3.6,-3.0341173863022));
#6351=CARTESIAN_POINT('Ctrl Pts',(-5.45979240309274,3.6,-2.96814964767381));
#6352=CARTESIAN_POINT('Ctrl Pts',(-5.42617804652557,3.6,-2.97092973113602));
#6353=CARTESIAN_POINT('Ctrl Pts',(-5.35875600910779,3.6,-2.97650588699189));
#6354=CARTESIAN_POINT('Ctrl Pts',(-5.30302764734376,3.6,-3.01487687852124));
#6355=CARTESIAN_POINT('Ctrl Pts',(-5.27508356939828,3.6,-3.0341173863022));
#6356=CARTESIAN_POINT('',(-5.45979240309274,3.7,-2.96814964767381));
#6357=CARTESIAN_POINT('',(-5.45979240309274,3.6,-2.96814964767381));
#6358=CARTESIAN_POINT('',(-5.27508356939828,3.7,-3.0341173863022));
#6359=CARTESIAN_POINT('Ctrl Pts',(-5.27508356939828,3.7,-3.0341173863022));
#6360=CARTESIAN_POINT('Ctrl Pts',(-5.30302764734376,3.7,-3.01487687852124));
#6361=CARTESIAN_POINT('Ctrl Pts',(-5.35875600910779,3.7,-2.97650588699189));
#6362=CARTESIAN_POINT('Ctrl Pts',(-5.42617804652557,3.7,-2.97092973113602));
#6363=CARTESIAN_POINT('Ctrl Pts',(-5.45979240309274,3.7,-2.96814964767381));
#6364=CARTESIAN_POINT('',(-5.27508356939828,3.6,-3.0341173863022));
#6365=CARTESIAN_POINT('Ctrl Pts',(-5.14923789869821,3.6,-3.27058570142671));
#6366=CARTESIAN_POINT('Ctrl Pts',(-5.14923789869821,3.7,-3.27058570142671));
#6367=CARTESIAN_POINT('Ctrl Pts',(-5.16326905929636,3.6,-3.22028123862523));
#6368=CARTESIAN_POINT('Ctrl Pts',(-5.16326905929636,3.7,-3.22028123862523));
#6369=CARTESIAN_POINT('Ctrl Pts',(-5.18795042422241,3.6,-3.13179370438837));
#6370=CARTESIAN_POINT('Ctrl Pts',(-5.18795042422241,3.7,-3.13179370438837));
#6371=CARTESIAN_POINT('Ctrl Pts',(-5.24881850901602,3.6,-3.06356053778345));
#6372=CARTESIAN_POINT('Ctrl Pts',(-5.24881850901602,3.7,-3.06356053778345));
#6373=CARTESIAN_POINT('Ctrl Pts',(-5.27508356939828,3.6,-3.0341173863022));
#6374=CARTESIAN_POINT('Ctrl Pts',(-5.27508356939828,3.7,-3.0341173863022));
#6375=CARTESIAN_POINT('',(-5.14923789869821,3.6,-3.27058570142671));
#6376=CARTESIAN_POINT('Ctrl Pts',(-5.27508356939828,3.6,-3.0341173863022));
#6377=CARTESIAN_POINT('Ctrl Pts',(-5.24881850901602,3.6,-3.06356053778345));
#6378=CARTESIAN_POINT('Ctrl Pts',(-5.18795042422241,3.6,-3.13179370438837));
#6379=CARTESIAN_POINT('Ctrl Pts',(-5.16326905929636,3.6,-3.22028123862523));
#6380=CARTESIAN_POINT('Ctrl Pts',(-5.14923789869821,3.6,-3.27058570142671));
#6381=CARTESIAN_POINT('',(-5.14923789869821,3.7,-3.27058570142671));
#6382=CARTESIAN_POINT('Ctrl Pts',(-5.14923789869821,3.7,-3.27058570142671));
#6383=CARTESIAN_POINT('Ctrl Pts',(-5.16326905929636,3.7,-3.22028123862523));
#6384=CARTESIAN_POINT('Ctrl Pts',(-5.18795042422241,3.7,-3.13179370438837));
#6385=CARTESIAN_POINT('Ctrl Pts',(-5.24881850901602,3.7,-3.06356053778345));
#6386=CARTESIAN_POINT('Ctrl Pts',(-5.27508356939828,3.7,-3.0341173863022));
#6387=CARTESIAN_POINT('',(-5.14923789869821,3.6,-3.27058570142671));
#6388=CARTESIAN_POINT('Ctrl Pts',(-5.09037413965737,3.6,-4.01551114078447));
#6389=CARTESIAN_POINT('Ctrl Pts',(-5.09037413965737,3.7,-4.01551114078447));
#6390=CARTESIAN_POINT('Ctrl Pts',(-5.09016472752881,3.6,-3.86569114651429));
#6391=CARTESIAN_POINT('Ctrl Pts',(-5.09016472752881,3.7,-3.86569114651429));
#6392=CARTESIAN_POINT('Ctrl Pts',(-5.08981512661895,3.6,-3.61557570825918));
#6393=CARTESIAN_POINT('Ctrl Pts',(-5.08981512661895,3.7,-3.61557570825918));
#6394=CARTESIAN_POINT('Ctrl Pts',(-5.13222977021086,3.6,-3.36932956943799));
#6395=CARTESIAN_POINT('Ctrl Pts',(-5.13222977021086,3.7,-3.36932956943799));
#6396=CARTESIAN_POINT('Ctrl Pts',(-5.14923789869821,3.6,-3.27058570142671));
#6397=CARTESIAN_POINT('Ctrl Pts',(-5.14923789869821,3.7,-3.27058570142671));
#6398=CARTESIAN_POINT('',(-5.09037413965737,3.6,-4.01551114078447));
#6399=CARTESIAN_POINT('Ctrl Pts',(-5.14923789869821,3.6,-3.27058570142671));
#6400=CARTESIAN_POINT('Ctrl Pts',(-5.13222977021086,3.6,-3.36932956943799));
#6401=CARTESIAN_POINT('Ctrl Pts',(-5.08981512661895,3.6,-3.61557570825918));
#6402=CARTESIAN_POINT('Ctrl Pts',(-5.09016472752881,3.6,-3.86569114651429));
#6403=CARTESIAN_POINT('Ctrl Pts',(-5.09037413965737,3.6,-4.01551114078447));
#6404=CARTESIAN_POINT('',(-5.09037413965737,3.7,-4.01551114078447));
#6405=CARTESIAN_POINT('Ctrl Pts',(-5.09037413965737,3.7,-4.01551114078447));
#6406=CARTESIAN_POINT('Ctrl Pts',(-5.09016472752881,3.7,-3.86569114651429));
#6407=CARTESIAN_POINT('Ctrl Pts',(-5.08981512661895,3.7,-3.61557570825918));
#6408=CARTESIAN_POINT('Ctrl Pts',(-5.13222977021086,3.7,-3.36932956943799));
#6409=CARTESIAN_POINT('Ctrl Pts',(-5.14923789869821,3.7,-3.27058570142671));
#6410=CARTESIAN_POINT('',(-5.09037413965737,3.6,-4.01551114078447));
#6411=CARTESIAN_POINT('Ctrl Pts',(-5.14314809214151,3.6,-4.73506467100069));
#6412=CARTESIAN_POINT('Ctrl Pts',(-5.14314809214151,3.7,-4.73506467100069));
#6413=CARTESIAN_POINT('Ctrl Pts',(-5.12793484643445,3.6,-4.64262992775773));
#6414=CARTESIAN_POINT('Ctrl Pts',(-5.12793484643445,3.7,-4.64262992775773));
#6415=CARTESIAN_POINT('Ctrl Pts',(-5.08876433712076,3.6,-4.40463232745427));
#6416=CARTESIAN_POINT('Ctrl Pts',(-5.08876433712076,3.7,-4.40463232745427));
#6417=CARTESIAN_POINT('Ctrl Pts',(-5.08976321261306,3.6,-4.16318431873327));
#6418=CARTESIAN_POINT('Ctrl Pts',(-5.08976321261306,3.7,-4.16318431873327));
#6419=CARTESIAN_POINT('Ctrl Pts',(-5.09037413965737,3.6,-4.01551114078447));
#6420=CARTESIAN_POINT('Ctrl Pts',(-5.09037413965737,3.7,-4.01551114078447));
#6421=CARTESIAN_POINT('',(-5.14314809214151,3.6,-4.73506467100069));
#6422=CARTESIAN_POINT('Ctrl Pts',(-5.09037413965737,3.6,-4.01551114078447));
#6423=CARTESIAN_POINT('Ctrl Pts',(-5.08976321261306,3.6,-4.16318431873327));
#6424=CARTESIAN_POINT('Ctrl Pts',(-5.08876433712076,3.6,-4.40463232745427));
#6425=CARTESIAN_POINT('Ctrl Pts',(-5.12793484643445,3.6,-4.64262992775773));
#6426=CARTESIAN_POINT('Ctrl Pts',(-5.14314809214151,3.6,-4.73506467100069));
#6427=CARTESIAN_POINT('',(-5.14314809214151,3.7,-4.73506467100069));
#6428=CARTESIAN_POINT('Ctrl Pts',(-5.14314809214151,3.7,-4.73506467100069));
#6429=CARTESIAN_POINT('Ctrl Pts',(-5.12793484643445,3.7,-4.64262992775773));
#6430=CARTESIAN_POINT('Ctrl Pts',(-5.08876433712076,3.7,-4.40463232745427));
#6431=CARTESIAN_POINT('Ctrl Pts',(-5.08976321261306,3.7,-4.16318431873327));
#6432=CARTESIAN_POINT('Ctrl Pts',(-5.09037413965737,3.7,-4.01551114078447));
#6433=CARTESIAN_POINT('',(-5.14314809214151,3.6,-4.73506467100069));
#6434=CARTESIAN_POINT('Ctrl Pts',(-5.27609804045236,3.6,-4.99588982816621));
#6435=CARTESIAN_POINT('Ctrl Pts',(-5.27609804045236,3.7,-4.99588982816621));
#6436=CARTESIAN_POINT('Ctrl Pts',(-5.24949585909975,3.6,-4.96450132275263));
#6437=CARTESIAN_POINT('Ctrl Pts',(-5.24949585909975,3.7,-4.96450132275263));
#6438=CARTESIAN_POINT('Ctrl Pts',(-5.18506264780634,3.6,-4.88847514374535));
#6439=CARTESIAN_POINT('Ctrl Pts',(-5.18506264780634,3.7,-4.88847514374535));
#6440=CARTESIAN_POINT('Ctrl Pts',(-5.15865371552632,3.6,-4.7918164360125));
#6441=CARTESIAN_POINT('Ctrl Pts',(-5.15865371552632,3.7,-4.7918164360125));
#6442=CARTESIAN_POINT('Ctrl Pts',(-5.14314809214151,3.6,-4.73506467100069));
#6443=CARTESIAN_POINT('Ctrl Pts',(-5.14314809214151,3.7,-4.73506467100069));
#6444=CARTESIAN_POINT('',(-5.27609804045236,3.6,-4.99588982816621));
#6445=CARTESIAN_POINT('Ctrl Pts',(-5.14314809214151,3.6,-4.73506467100069));
#6446=CARTESIAN_POINT('Ctrl Pts',(-5.15865371552632,3.6,-4.7918164360125));
#6447=CARTESIAN_POINT('Ctrl Pts',(-5.18506264780634,3.6,-4.88847514374535));
#6448=CARTESIAN_POINT('Ctrl Pts',(-5.24949585909975,3.6,-4.96450132275263));
#6449=CARTESIAN_POINT('Ctrl Pts',(-5.27609804045236,3.6,-4.99588982816621));
#6450=CARTESIAN_POINT('',(-5.27609804045236,3.7,-4.99588982816621));
#6451=CARTESIAN_POINT('Ctrl Pts',(-5.27609804045236,3.7,-4.99588982816621));
#6452=CARTESIAN_POINT('Ctrl Pts',(-5.24949585909975,3.7,-4.96450132275263));
#6453=CARTESIAN_POINT('Ctrl Pts',(-5.18506264780634,3.7,-4.88847514374535));
#6454=CARTESIAN_POINT('Ctrl Pts',(-5.15865371552632,3.7,-4.7918164360125));
#6455=CARTESIAN_POINT('Ctrl Pts',(-5.14314809214151,3.7,-4.73506467100069));
#6456=CARTESIAN_POINT('',(-5.27609804045236,3.6,-4.99588982816621));
#6457=CARTESIAN_POINT('Ctrl Pts',(-5.45979240309274,3.6,-5.06084249969408));
#6458=CARTESIAN_POINT('Ctrl Pts',(-5.45979240309274,3.7,-5.06084249969408));
#6459=CARTESIAN_POINT('Ctrl Pts',(-5.42627057689964,3.6,-5.0581456181468));
#6460=CARTESIAN_POINT('Ctrl Pts',(-5.42627057689964,3.7,-5.0581456181468));
#6461=CARTESIAN_POINT('Ctrl Pts',(-5.35928619546288,3.6,-5.05275662348965));
#6462=CARTESIAN_POINT('Ctrl Pts',(-5.35928619546288,3.7,-5.05275662348965));
#6463=CARTESIAN_POINT('Ctrl Pts',(-5.3038110631154,3.6,-5.01483424143483));
#6464=CARTESIAN_POINT('Ctrl Pts',(-5.3038110631154,3.7,-5.01483424143483));
#6465=CARTESIAN_POINT('Ctrl Pts',(-5.27609804045236,3.6,-4.99588982816621));
#6466=CARTESIAN_POINT('Ctrl Pts',(-5.27609804045236,3.7,-4.99588982816621));
#6467=CARTESIAN_POINT('',(-5.45979240309274,3.6,-5.06084249969408));
#6468=CARTESIAN_POINT('Ctrl Pts',(-5.27609804045236,3.6,-4.99588982816621));
#6469=CARTESIAN_POINT('Ctrl Pts',(-5.3038110631154,3.6,-5.01483424143483));
#6470=CARTESIAN_POINT('Ctrl Pts',(-5.35928619546288,3.6,-5.05275662348965));
#6471=CARTESIAN_POINT('Ctrl Pts',(-5.42627057689964,3.6,-5.0581456181468));
#6472=CARTESIAN_POINT('Ctrl Pts',(-5.45979240309274,3.6,-5.06084249969408));
#6473=CARTESIAN_POINT('',(-5.45979240309274,3.7,-5.06084249969408));
#6474=CARTESIAN_POINT('Ctrl Pts',(-5.45979240309274,3.7,-5.06084249969408));
#6475=CARTESIAN_POINT('Ctrl Pts',(-5.42627057689964,3.7,-5.0581456181468));
#6476=CARTESIAN_POINT('Ctrl Pts',(-5.35928619546288,3.7,-5.05275662348965));
#6477=CARTESIAN_POINT('Ctrl Pts',(-5.3038110631154,3.7,-5.01483424143483));
#6478=CARTESIAN_POINT('Ctrl Pts',(-5.27609804045236,3.7,-4.99588982816621));
#6479=CARTESIAN_POINT('',(-5.45979240309274,3.6,-5.06084249969408));
#6480=CARTESIAN_POINT('Ctrl Pts',(-5.64450183283364,3.6,-4.99487505908891));
#6481=CARTESIAN_POINT('Ctrl Pts',(-5.64450183283364,3.7,-4.99487505908891));
#6482=CARTESIAN_POINT('Ctrl Pts',(-5.6165575559437,3.6,-5.01411559182975));
#6483=CARTESIAN_POINT('Ctrl Pts',(-5.6165575559437,3.7,-5.01411559182975));
#6484=CARTESIAN_POINT('Ctrl Pts',(-5.56082895530193,3.6,-5.05248652443508));
#6485=CARTESIAN_POINT('Ctrl Pts',(-5.56082895530193,3.7,-5.05248652443508));
#6486=CARTESIAN_POINT('Ctrl Pts',(-5.49340674838998,3.6,-5.0580625093687));
#6487=CARTESIAN_POINT('Ctrl Pts',(-5.49340674838998,3.7,-5.0580625093687));
#6488=CARTESIAN_POINT('Ctrl Pts',(-5.45979240309274,3.6,-5.06084249969408));
#6489=CARTESIAN_POINT('Ctrl Pts',(-5.45979240309274,3.7,-5.06084249969408));
#6490=CARTESIAN_POINT('',(-5.64450183283364,3.6,-4.99487505908891));
#6491=CARTESIAN_POINT('Ctrl Pts',(-5.45979240309274,3.6,-5.06084249969408));
#6492=CARTESIAN_POINT('Ctrl Pts',(-5.49340674838998,3.6,-5.0580625093687));
#6493=CARTESIAN_POINT('Ctrl Pts',(-5.56082895530193,3.6,-5.05248652443508));
#6494=CARTESIAN_POINT('Ctrl Pts',(-5.6165575559437,3.6,-5.01411559182975));
#6495=CARTESIAN_POINT('Ctrl Pts',(-5.64450183283364,3.6,-4.99487505908891));
#6496=CARTESIAN_POINT('',(-5.64450183283364,3.7,-4.99487505908891));
#6497=CARTESIAN_POINT('Ctrl Pts',(-5.64450183283364,3.7,-4.99487505908891));
#6498=CARTESIAN_POINT('Ctrl Pts',(-5.6165575559437,3.7,-5.01411559182975));
#6499=CARTESIAN_POINT('Ctrl Pts',(-5.56082895530193,3.7,-5.05248652443508));
#6500=CARTESIAN_POINT('Ctrl Pts',(-5.49340674838998,3.7,-5.0580625093687));
#6501=CARTESIAN_POINT('Ctrl Pts',(-5.45979240309274,3.7,-5.06084249969408));
#6502=CARTESIAN_POINT('',(-5.64450183283364,3.6,-4.99487505908891));
#6503=CARTESIAN_POINT('Ctrl Pts',(-5.77034750353372,3.6,-4.75840704198763));
#6504=CARTESIAN_POINT('Ctrl Pts',(-5.77034750353372,3.7,-4.75840704198763));
#6505=CARTESIAN_POINT('Ctrl Pts',(-5.75631632358159,3.6,-4.80871139634409));
#6506=CARTESIAN_POINT('Ctrl Pts',(-5.75631632358159,3.7,-4.80871139634409));
#6507=CARTESIAN_POINT('Ctrl Pts',(-5.73163490530541,3.6,-4.8971988090365));
#6508=CARTESIAN_POINT('Ctrl Pts',(-5.73163490530541,3.7,-4.8971988090365));
#6509=CARTESIAN_POINT('Ctrl Pts',(-5.67076689020787,3.6,-4.96543190692006));
#6510=CARTESIAN_POINT('Ctrl Pts',(-5.67076689020787,3.7,-4.96543190692006));
#6511=CARTESIAN_POINT('Ctrl Pts',(-5.64450183283364,3.6,-4.99487505908891));
#6512=CARTESIAN_POINT('Ctrl Pts',(-5.64450183283364,3.7,-4.99487505908891));
#6513=CARTESIAN_POINT('',(-5.77034750353372,3.6,-4.75840704198763));
#6514=CARTESIAN_POINT('Ctrl Pts',(-5.64450183283364,3.6,-4.99487505908891));
#6515=CARTESIAN_POINT('Ctrl Pts',(-5.67076689020787,3.6,-4.96543190692006));
#6516=CARTESIAN_POINT('Ctrl Pts',(-5.73163490530541,3.6,-4.8971988090365));
#6517=CARTESIAN_POINT('Ctrl Pts',(-5.75631632358159,3.6,-4.80871139634409));
#6518=CARTESIAN_POINT('Ctrl Pts',(-5.77034750353372,3.6,-4.75840704198763));
#6519=CARTESIAN_POINT('',(-5.77034750353372,3.7,-4.75840704198763));
#6520=CARTESIAN_POINT('Ctrl Pts',(-5.77034750353372,3.7,-4.75840704198763));
#6521=CARTESIAN_POINT('Ctrl Pts',(-5.75631632358159,3.7,-4.80871139634409));
#6522=CARTESIAN_POINT('Ctrl Pts',(-5.73163490530541,3.7,-4.8971988090365));
#6523=CARTESIAN_POINT('Ctrl Pts',(-5.67076689020787,3.7,-4.96543190692006));
#6524=CARTESIAN_POINT('Ctrl Pts',(-5.64450183283364,3.7,-4.99487505908891));
#6525=CARTESIAN_POINT('',(-5.77034750353372,3.6,-4.75840704198763));
#6526=CARTESIAN_POINT('Ctrl Pts',(-5.8292106665281,3.6,-4.01551114078447));
#6527=CARTESIAN_POINT('Ctrl Pts',(-5.8292106665281,3.7,-4.01551114078447));
#6528=CARTESIAN_POINT('Ctrl Pts',(-5.82945339302561,3.6,-4.16516712471464));
#6529=CARTESIAN_POINT('Ctrl Pts',(-5.82945339302561,3.7,-4.16516712471464));
#6530=CARTESIAN_POINT('Ctrl Pts',(-5.8298579779983,3.6,-4.41461892660976));
#6531=CARTESIAN_POINT('Ctrl Pts',(-5.8298579779983,3.7,-4.41461892660976));
#6532=CARTESIAN_POINT('Ctrl Pts',(-5.78735233374288,3.6,-4.66017125101929));
#6533=CARTESIAN_POINT('Ctrl Pts',(-5.78735233374288,3.7,-4.66017125101929));
#6534=CARTESIAN_POINT('Ctrl Pts',(-5.77034750353372,3.6,-4.75840704198763));
#6535=CARTESIAN_POINT('Ctrl Pts',(-5.77034750353372,3.7,-4.75840704198763));
#6536=CARTESIAN_POINT('',(-5.8292106665281,3.6,-4.01551114078447));
#6537=CARTESIAN_POINT('Ctrl Pts',(-5.77034750353372,3.6,-4.75840704198763));
#6538=CARTESIAN_POINT('Ctrl Pts',(-5.78735233374288,3.6,-4.66017125101929));
#6539=CARTESIAN_POINT('Ctrl Pts',(-5.8298579779983,3.6,-4.41461892660976));
#6540=CARTESIAN_POINT('Ctrl Pts',(-5.82945339302561,3.6,-4.16516712471464));
#6541=CARTESIAN_POINT('Ctrl Pts',(-5.8292106665281,3.6,-4.01551114078447));
#6542=CARTESIAN_POINT('',(-5.8292106665281,3.7,-4.01551114078447));
#6543=CARTESIAN_POINT('Ctrl Pts',(-5.8292106665281,3.7,-4.01551114078447));
#6544=CARTESIAN_POINT('Ctrl Pts',(-5.82945339302561,3.7,-4.16516712471464));
#6545=CARTESIAN_POINT('Ctrl Pts',(-5.8298579779983,3.7,-4.41461892660976));
#6546=CARTESIAN_POINT('Ctrl Pts',(-5.78735233374288,3.7,-4.66017125101929));
#6547=CARTESIAN_POINT('Ctrl Pts',(-5.77034750353372,3.7,-4.75840704198763));
#6548=CARTESIAN_POINT('',(-5.8292106665281,3.6,-4.01551114078447));
#6549=CARTESIAN_POINT('Ctrl Pts',(-5.77643671404397,3.6,-3.29595775957987));
#6550=CARTESIAN_POINT('Ctrl Pts',(-5.77643671404397,3.7,-3.29595775957987));
#6551=CARTESIAN_POINT('Ctrl Pts',(-5.79165022198546,3.6,-3.38839249658598));
#6552=CARTESIAN_POINT('Ctrl Pts',(-5.79165022198546,3.7,-3.38839249658598));
#6553=CARTESIAN_POINT('Ctrl Pts',(-5.83082139027454,3.6,-3.6263899823039));
#6554=CARTESIAN_POINT('Ctrl Pts',(-5.83082139027454,3.7,-3.6263899823039));
#6555=CARTESIAN_POINT('Ctrl Pts',(-5.82982194307583,3.6,-3.86783799762205));
#6556=CARTESIAN_POINT('Ctrl Pts',(-5.82982194307583,3.7,-3.86783799762205));
#6557=CARTESIAN_POINT('Ctrl Pts',(-5.8292106665281,3.6,-4.01551114078447));
#6558=CARTESIAN_POINT('Ctrl Pts',(-5.8292106665281,3.7,-4.01551114078447));
#6559=CARTESIAN_POINT('',(-5.77643671404397,3.6,-3.29595775957987));
#6560=CARTESIAN_POINT('Ctrl Pts',(-5.8292106665281,3.6,-4.01551114078447));
#6561=CARTESIAN_POINT('Ctrl Pts',(-5.82982194307583,3.6,-3.86783799762205));
#6562=CARTESIAN_POINT('Ctrl Pts',(-5.83082139027454,3.6,-3.6263899823039));
#6563=CARTESIAN_POINT('Ctrl Pts',(-5.79165022198546,3.6,-3.38839249658598));
#6564=CARTESIAN_POINT('Ctrl Pts',(-5.77643671404397,3.6,-3.29595775957987));
#6565=CARTESIAN_POINT('',(-5.77643671404397,3.7,-3.29595775957987));
#6566=CARTESIAN_POINT('Ctrl Pts',(-5.77643671404397,3.7,-3.29595775957987));
#6567=CARTESIAN_POINT('Ctrl Pts',(-5.79165022198546,3.7,-3.38839249658598));
#6568=CARTESIAN_POINT('Ctrl Pts',(-5.83082139027454,3.7,-3.6263899823039));
#6569=CARTESIAN_POINT('Ctrl Pts',(-5.82982194307583,3.7,-3.86783799762205));
#6570=CARTESIAN_POINT('Ctrl Pts',(-5.8292106665281,3.7,-4.01551114078447));
#6571=CARTESIAN_POINT('',(-5.77643671404397,3.6,-3.29595775957987));
#6572=CARTESIAN_POINT('Ctrl Pts',(-5.64348676573312,3.6,-3.0341173863022));
#6573=CARTESIAN_POINT('Ctrl Pts',(-5.64348676573312,3.7,-3.0341173863022));
#6574=CARTESIAN_POINT('Ctrl Pts',(-5.6700830735732,3.6,-3.06576878001077));
#6575=CARTESIAN_POINT('Ctrl Pts',(-5.6700830735732,3.7,-3.06576878001077));
#6576=CARTESIAN_POINT('Ctrl Pts',(-5.73436580415904,3.6,-3.14226954946597));
#6577=CARTESIAN_POINT('Ctrl Pts',(-5.73436580415904,3.7,-3.14226954946597));
#6578=CARTESIAN_POINT('Ctrl Pts',(-5.76088787360135,3.6,-3.2391566715238));
#6579=CARTESIAN_POINT('Ctrl Pts',(-5.76088787360135,3.7,-3.2391566715238));
#6580=CARTESIAN_POINT('Ctrl Pts',(-5.77643671404397,3.6,-3.29595775957987));
#6581=CARTESIAN_POINT('Ctrl Pts',(-5.77643671404397,3.7,-3.29595775957987));
#6582=CARTESIAN_POINT('',(-5.64348676573312,3.6,-3.0341173863022));
#6583=CARTESIAN_POINT('Ctrl Pts',(-5.77643671404397,3.6,-3.29595775957987));
#6584=CARTESIAN_POINT('Ctrl Pts',(-5.76088787360135,3.6,-3.2391566715238));
#6585=CARTESIAN_POINT('Ctrl Pts',(-5.73436580415904,3.6,-3.14226954946597));
#6586=CARTESIAN_POINT('Ctrl Pts',(-5.6700830735732,3.6,-3.06576878001077));
#6587=CARTESIAN_POINT('Ctrl Pts',(-5.64348676573312,3.6,-3.0341173863022));
#6588=CARTESIAN_POINT('',(-5.64348676573312,3.7,-3.0341173863022));
#6589=CARTESIAN_POINT('Ctrl Pts',(-5.64348676573312,3.7,-3.0341173863022));
#6590=CARTESIAN_POINT('Ctrl Pts',(-5.6700830735732,3.7,-3.06576878001077));
#6591=CARTESIAN_POINT('Ctrl Pts',(-5.73436580415904,3.7,-3.14226954946597));
#6592=CARTESIAN_POINT('Ctrl Pts',(-5.76088787360135,3.7,-3.2391566715238));
#6593=CARTESIAN_POINT('Ctrl Pts',(-5.77643671404397,3.7,-3.29595775957987));
#6594=CARTESIAN_POINT('',(-5.64348676573312,3.6,-3.0341173863022));
#6595=CARTESIAN_POINT('Ctrl Pts',(-5.45979240309274,3.6,-2.96814964767381));
#6596=CARTESIAN_POINT('Ctrl Pts',(-5.45979240309274,3.7,-2.96814964767381));
#6597=CARTESIAN_POINT('Ctrl Pts',(-5.49333664735347,3.6,-2.97090728884513));
#6598=CARTESIAN_POINT('Ctrl Pts',(-5.49333664735347,3.7,-2.97090728884513));
#6599=CARTESIAN_POINT('Ctrl Pts',(-5.56047984834005,3.6,-2.9764270690487));
#6600=CARTESIAN_POINT('Ctrl Pts',(-5.56047984834005,3.7,-2.9764270690487));
#6601=CARTESIAN_POINT('Ctrl Pts',(-5.61580276641481,3.6,-3.01487683679527));
#6602=CARTESIAN_POINT('Ctrl Pts',(-5.61580276641481,3.7,-3.01487683679527));
#6603=CARTESIAN_POINT('Ctrl Pts',(-5.64348676573312,3.6,-3.0341173863022));
#6604=CARTESIAN_POINT('Ctrl Pts',(-5.64348676573312,3.7,-3.0341173863022));
#6605=CARTESIAN_POINT('Ctrl Pts',(-5.64348676573312,3.6,-3.0341173863022));
#6606=CARTESIAN_POINT('Ctrl Pts',(-5.61580276641481,3.6,-3.01487683679527));
#6607=CARTESIAN_POINT('Ctrl Pts',(-5.56047984834005,3.6,-2.9764270690487));
#6608=CARTESIAN_POINT('Ctrl Pts',(-5.49333664735347,3.6,-2.97090728884513));
#6609=CARTESIAN_POINT('Ctrl Pts',(-5.45979240309274,3.6,-2.96814964767381));
#6610=CARTESIAN_POINT('Ctrl Pts',(-5.45979240309274,3.7,-2.96814964767381));
#6611=CARTESIAN_POINT('Ctrl Pts',(-5.49333664735347,3.7,-2.97090728884513));
#6612=CARTESIAN_POINT('Ctrl Pts',(-5.56047984834005,3.7,-2.9764270690487));
#6613=CARTESIAN_POINT('Ctrl Pts',(-5.61580276641481,3.7,-3.01487683679527));
#6614=CARTESIAN_POINT('Ctrl Pts',(-5.64348676573312,3.7,-3.0341173863022));
#6615=CARTESIAN_POINT('Ctrl Pts',(-6.13570609461343,3.6,-2.80373828168794));
#6616=CARTESIAN_POINT('Ctrl Pts',(-6.13570609461343,3.7,-2.80373828168794));
#6617=CARTESIAN_POINT('Ctrl Pts',(-6.04474795222428,3.6,-2.71377106812968));
#6618=CARTESIAN_POINT('Ctrl Pts',(-6.04474795222428,3.7,-2.71377106812968));
#6619=CARTESIAN_POINT('Ctrl Pts',(-5.85764349828523,3.6,-2.52870499352561));
#6620=CARTESIAN_POINT('Ctrl Pts',(-5.85764349828523,3.7,-2.52870499352561));
#6621=CARTESIAN_POINT('Ctrl Pts',(-5.59483851773542,3.6,-2.50658169183781));
#6622=CARTESIAN_POINT('Ctrl Pts',(-5.59483851773542,3.7,-2.50658169183781));
#6623=CARTESIAN_POINT('Ctrl Pts',(-5.45979240309274,3.6,-2.49521331544801));
#6624=CARTESIAN_POINT('Ctrl Pts',(-5.45979240309274,3.7,-2.49521331544801));
#6625=CARTESIAN_POINT('',(-5.45979240309274,3.6,-2.49521331544801));
#6626=CARTESIAN_POINT('',(-6.13570609461343,3.6,-2.80373828168794));
#6627=CARTESIAN_POINT('Ctrl Pts',(-5.45979240309274,3.6,-2.49521331544801));
#6628=CARTESIAN_POINT('Ctrl Pts',(-5.59483851773542,3.6,-2.50658169183781));
#6629=CARTESIAN_POINT('Ctrl Pts',(-5.85764349828523,3.6,-2.52870499352561));
#6630=CARTESIAN_POINT('Ctrl Pts',(-6.04474795222428,3.6,-2.71377106812968));
#6631=CARTESIAN_POINT('Ctrl Pts',(-6.13570609461343,3.6,-2.80373828168794));
#6632=CARTESIAN_POINT('',(-5.45979240309274,3.7,-2.49521331544801));
#6633=CARTESIAN_POINT('',(-5.45979240309274,3.6,-2.49521331544801));
#6634=CARTESIAN_POINT('',(-6.13570609461343,3.7,-2.80373828168794));
#6635=CARTESIAN_POINT('Ctrl Pts',(-6.13570609461343,3.7,-2.80373828168794));
#6636=CARTESIAN_POINT('Ctrl Pts',(-6.04474795222428,3.7,-2.71377106812968));
#6637=CARTESIAN_POINT('Ctrl Pts',(-5.85764349828523,3.7,-2.52870499352561));
#6638=CARTESIAN_POINT('Ctrl Pts',(-5.59483851773542,3.7,-2.50658169183781));
#6639=CARTESIAN_POINT('Ctrl Pts',(-5.45979240309274,3.7,-2.49521331544801));
#6640=CARTESIAN_POINT('',(-6.13570609461343,3.6,-2.80373828168794));
#6641=CARTESIAN_POINT('Ctrl Pts',(-6.42596283327615,3.6,-4.01551114078447));
#6642=CARTESIAN_POINT('Ctrl Pts',(-6.42596283327615,3.7,-4.01551114078447));
#6643=CARTESIAN_POINT('Ctrl Pts',(-6.4235522631125,3.6,-3.76765592232738));
#6644=CARTESIAN_POINT('Ctrl Pts',(-6.4235522631125,3.7,-3.76765592232738));
#6645=CARTESIAN_POINT('Ctrl Pts',(-6.41938378080432,3.6,-3.33905188967624));
#6646=CARTESIAN_POINT('Ctrl Pts',(-6.41938378080432,3.7,-3.33905188967624));
#6647=CARTESIAN_POINT('Ctrl Pts',(-6.21985176761353,3.6,-2.96252526424947));
#6648=CARTESIAN_POINT('Ctrl Pts',(-6.21985176761353,3.7,-2.96252526424947));
#6649=CARTESIAN_POINT('Ctrl Pts',(-6.13570609461343,3.6,-2.80373828168794));
#6650=CARTESIAN_POINT('Ctrl Pts',(-6.13570609461343,3.7,-2.80373828168794));
#6651=CARTESIAN_POINT('',(-6.42596283327615,3.6,-4.01551114078447));
#6652=CARTESIAN_POINT('Ctrl Pts',(-6.13570609461343,3.6,-2.80373828168794));
#6653=CARTESIAN_POINT('Ctrl Pts',(-6.21985176761353,3.6,-2.96252526424947));
#6654=CARTESIAN_POINT('Ctrl Pts',(-6.41938378080432,3.6,-3.33905188967624));
#6655=CARTESIAN_POINT('Ctrl Pts',(-6.4235522631125,3.6,-3.76765592232738));
#6656=CARTESIAN_POINT('Ctrl Pts',(-6.42596283327615,3.6,-4.01551114078447));
#6657=CARTESIAN_POINT('',(-6.42596283327615,3.7,-4.01551114078447));
#6658=CARTESIAN_POINT('Ctrl Pts',(-6.42596283327615,3.7,-4.01551114078447));
#6659=CARTESIAN_POINT('Ctrl Pts',(-6.4235522631125,3.7,-3.76765592232738));
#6660=CARTESIAN_POINT('Ctrl Pts',(-6.41938378080432,3.7,-3.33905188967624));
#6661=CARTESIAN_POINT('Ctrl Pts',(-6.21985176761353,3.7,-2.96252526424947));
#6662=CARTESIAN_POINT('Ctrl Pts',(-6.13570609461343,3.7,-2.80373828168794));
#6663=CARTESIAN_POINT('',(-6.42596283327615,3.6,-4.01551114078447));
#6664=CARTESIAN_POINT('Ctrl Pts',(-6.13367596041238,3.6,-5.2293135380356));
#6665=CARTESIAN_POINT('Ctrl Pts',(-6.13367596041238,3.7,-5.2293135380356));
#6666=CARTESIAN_POINT('Ctrl Pts',(-6.21842827892258,3.6,-5.06971618658629));
#6667=CARTESIAN_POINT('Ctrl Pts',(-6.21842827892258,3.7,-5.06971618658629));
#6668=CARTESIAN_POINT('Ctrl Pts',(-6.4186887971554,3.6,-4.69260498925686));
#6669=CARTESIAN_POINT('Ctrl Pts',(-6.4186887971554,3.7,-4.69260498925686));
#6670=CARTESIAN_POINT('Ctrl Pts',(-6.42330199080111,3.6,-4.26319207633346));
#6671=CARTESIAN_POINT('Ctrl Pts',(-6.42330199080111,3.7,-4.26319207633346));
#6672=CARTESIAN_POINT('Ctrl Pts',(-6.42596283327615,3.6,-4.01551114078447));
#6673=CARTESIAN_POINT('Ctrl Pts',(-6.42596283327615,3.7,-4.01551114078447));
#6674=CARTESIAN_POINT('',(-6.13367596041238,3.6,-5.2293135380356));
#6675=CARTESIAN_POINT('Ctrl Pts',(-6.42596283327615,3.6,-4.01551114078447));
#6676=CARTESIAN_POINT('Ctrl Pts',(-6.42330199080111,3.6,-4.26319207633346));
#6677=CARTESIAN_POINT('Ctrl Pts',(-6.4186887971554,3.6,-4.69260498925686));
#6678=CARTESIAN_POINT('Ctrl Pts',(-6.21842827892258,3.6,-5.06971618658629));
#6679=CARTESIAN_POINT('Ctrl Pts',(-6.13367596041238,3.6,-5.2293135380356));
#6680=CARTESIAN_POINT('',(-6.13367596041238,3.7,-5.2293135380356));
#6681=CARTESIAN_POINT('Ctrl Pts',(-6.13367596041238,3.7,-5.2293135380356));
#6682=CARTESIAN_POINT('Ctrl Pts',(-6.21842827892258,3.7,-5.06971618658629));
#6683=CARTESIAN_POINT('Ctrl Pts',(-6.4186887971554,3.7,-4.69260498925686));
#6684=CARTESIAN_POINT('Ctrl Pts',(-6.42330199080111,3.7,-4.26319207633346));
#6685=CARTESIAN_POINT('Ctrl Pts',(-6.42596283327615,3.7,-4.01551114078447));
#6686=CARTESIAN_POINT('',(-6.13367596041238,3.6,-5.2293135380356));
#6687=CARTESIAN_POINT('Ctrl Pts',(-5.45979240309274,3.6,-5.53377883191988));
#6688=CARTESIAN_POINT('Ctrl Pts',(-5.45979240309274,3.7,-5.53377883191988));
#6689=CARTESIAN_POINT('Ctrl Pts',(-5.59461220587542,3.6,-5.52274168369131));
#6690=CARTESIAN_POINT('Ctrl Pts',(-5.59461220587542,3.7,-5.52274168369131));
#6691=CARTESIAN_POINT('Ctrl Pts',(-5.85614273513612,3.6,-5.50133124428873));
#6692=CARTESIAN_POINT('Ctrl Pts',(-5.85614273513612,3.7,-5.50133124428873));
#6693=CARTESIAN_POINT('Ctrl Pts',(-6.04309713583684,3.6,-5.31809225658944));
#6694=CARTESIAN_POINT('Ctrl Pts',(-6.04309713583684,3.7,-5.31809225658944));
#6695=CARTESIAN_POINT('Ctrl Pts',(-6.13367596041238,3.6,-5.2293135380356));
#6696=CARTESIAN_POINT('Ctrl Pts',(-6.13367596041238,3.7,-5.2293135380356));
#6697=CARTESIAN_POINT('',(-5.45979240309274,3.6,-5.53377883191988));
#6698=CARTESIAN_POINT('Ctrl Pts',(-6.13367596041238,3.6,-5.2293135380356));
#6699=CARTESIAN_POINT('Ctrl Pts',(-6.04309713583684,3.6,-5.31809225658944));
#6700=CARTESIAN_POINT('Ctrl Pts',(-5.85614273513612,3.6,-5.50133124428873));
#6701=CARTESIAN_POINT('Ctrl Pts',(-5.59461220587542,3.6,-5.52274168369131));
#6702=CARTESIAN_POINT('Ctrl Pts',(-5.45979240309274,3.6,-5.53377883191988));
#6703=CARTESIAN_POINT('',(-5.45979240309274,3.7,-5.53377883191988));
#6704=CARTESIAN_POINT('Ctrl Pts',(-5.45979240309274,3.7,-5.53377883191988));
#6705=CARTESIAN_POINT('Ctrl Pts',(-5.59461220587542,3.7,-5.52274168369131));
#6706=CARTESIAN_POINT('Ctrl Pts',(-5.85614273513612,3.7,-5.50133124428873));
#6707=CARTESIAN_POINT('Ctrl Pts',(-6.04309713583684,3.7,-5.31809225658944));
#6708=CARTESIAN_POINT('Ctrl Pts',(-6.13367596041238,3.7,-5.2293135380356));
#6709=CARTESIAN_POINT('',(-5.45979240309274,3.6,-5.53377883191988));
#6710=CARTESIAN_POINT('Ctrl Pts',(-4.75952186953103,3.6,-5.19988195653841));
#6711=CARTESIAN_POINT('Ctrl Pts',(-4.75952186953103,3.7,-5.19988195653841));
#6712=CARTESIAN_POINT('Ctrl Pts',(-4.85554024319708,3.6,-5.29726782690497));
#6713=CARTESIAN_POINT('Ctrl Pts',(-4.85554024319708,3.7,-5.29726782690497));
#6714=CARTESIAN_POINT('Ctrl Pts',(-5.04856018339446,3.6,-5.49303676316711));
#6715=CARTESIAN_POINT('Ctrl Pts',(-5.04856018339446,3.7,-5.49303676316711));
#6716=CARTESIAN_POINT('Ctrl Pts',(-5.32225029468557,3.6,-5.52015210286339));
#6717=CARTESIAN_POINT('Ctrl Pts',(-5.32225029468557,3.7,-5.52015210286339));
#6718=CARTESIAN_POINT('Ctrl Pts',(-5.45979240309274,3.6,-5.53377883191988));
#6719=CARTESIAN_POINT('Ctrl Pts',(-5.45979240309274,3.7,-5.53377883191988));
#6720=CARTESIAN_POINT('',(-4.75952186953103,3.6,-5.19988195653841));
#6721=CARTESIAN_POINT('Ctrl Pts',(-5.45979240309274,3.6,-5.53377883191988));
#6722=CARTESIAN_POINT('Ctrl Pts',(-5.32225029468557,3.6,-5.52015210286339));
#6723=CARTESIAN_POINT('Ctrl Pts',(-5.04856018339446,3.6,-5.49303676316711));
#6724=CARTESIAN_POINT('Ctrl Pts',(-4.85554024319708,3.6,-5.29726782690497));
#6725=CARTESIAN_POINT('Ctrl Pts',(-4.75952186953103,3.6,-5.19988195653841));
#6726=CARTESIAN_POINT('',(-4.75952186953103,3.7,-5.19988195653841));
#6727=CARTESIAN_POINT('Ctrl Pts',(-4.75952186953103,3.7,-5.19988195653841));
#6728=CARTESIAN_POINT('Ctrl Pts',(-4.85554024319708,3.7,-5.29726782690497));
#6729=CARTESIAN_POINT('Ctrl Pts',(-5.04856018339446,3.7,-5.49303676316711));
#6730=CARTESIAN_POINT('Ctrl Pts',(-5.32225029468557,3.7,-5.52015210286339));
#6731=CARTESIAN_POINT('Ctrl Pts',(-5.45979240309274,3.7,-5.53377883191988));
#6732=CARTESIAN_POINT('',(-4.75952186953103,3.6,-5.19988195653841));
#6733=CARTESIAN_POINT('Ctrl Pts',(-4.49362197290933,3.6,-4.00942163225099));
#6734=CARTESIAN_POINT('Ctrl Pts',(-4.49362197290933,3.7,-4.00942163225099));
#6735=CARTESIAN_POINT('Ctrl Pts',(-4.49402485032066,3.6,-4.25690514908913));
#6736=CARTESIAN_POINT('Ctrl Pts',(-4.49402485032066,3.7,-4.25690514908913));
#6737=CARTESIAN_POINT('Ctrl Pts',(-4.49470714733606,3.6,-4.67603330110094));
#6738=CARTESIAN_POINT('Ctrl Pts',(-4.49470714733606,3.7,-4.67603330110094));
#6739=CARTESIAN_POINT('Ctrl Pts',(-4.68258192347102,3.6,-5.04768162961212));
#6740=CARTESIAN_POINT('Ctrl Pts',(-4.68258192347102,3.7,-5.04768162961212));
#6741=CARTESIAN_POINT('Ctrl Pts',(-4.75952186953103,3.6,-5.19988195653841));
#6742=CARTESIAN_POINT('Ctrl Pts',(-4.75952186953103,3.7,-5.19988195653841));
#6743=CARTESIAN_POINT('',(-4.49362197290933,3.6,-4.00942163225099));
#6744=CARTESIAN_POINT('Ctrl Pts',(-4.75952186953103,3.6,-5.19988195653841));
#6745=CARTESIAN_POINT('Ctrl Pts',(-4.68258192347102,3.6,-5.04768162961212));
#6746=CARTESIAN_POINT('Ctrl Pts',(-4.49470714733606,3.6,-4.67603330110094));
#6747=CARTESIAN_POINT('Ctrl Pts',(-4.49402485032066,3.6,-4.25690514908913));
#6748=CARTESIAN_POINT('Ctrl Pts',(-4.49362197290933,3.6,-4.00942163225099));
#6749=CARTESIAN_POINT('',(-4.49362197290933,3.7,-4.00942163225099));
#6750=CARTESIAN_POINT('Ctrl Pts',(-4.49362197290933,3.7,-4.00942163225099));
#6751=CARTESIAN_POINT('Ctrl Pts',(-4.49402485032066,3.7,-4.25690514908913));
#6752=CARTESIAN_POINT('Ctrl Pts',(-4.49470714733606,3.7,-4.67603330110094));
#6753=CARTESIAN_POINT('Ctrl Pts',(-4.68258192347102,3.7,-5.04768162961212));
#6754=CARTESIAN_POINT('Ctrl Pts',(-4.75952186953103,3.7,-5.19988195653841));
#6755=CARTESIAN_POINT('',(-4.49362197290933,3.6,-4.00942163225099));
#6756=CARTESIAN_POINT('Ctrl Pts',(-4.7859088457731,3.6,-2.79967890735552));
#6757=CARTESIAN_POINT('Ctrl Pts',(-4.7859088457731,3.7,-2.79967890735552));
#6758=CARTESIAN_POINT('Ctrl Pts',(-4.70114936208358,3.6,-2.9589285830102));
#6759=CARTESIAN_POINT('Ctrl Pts',(-4.70114936208358,3.7,-2.9589285830102));
#6760=CARTESIAN_POINT('Ctrl Pts',(-4.50115245164779,3.6,-3.33469117301732));
#6761=CARTESIAN_POINT('Ctrl Pts',(-4.50115245164779,3.7,-3.33469117301732));
#6762=CARTESIAN_POINT('Ctrl Pts',(-4.49637482337526,3.6,-3.7627663897908));
#6763=CARTESIAN_POINT('Ctrl Pts',(-4.49637482337526,3.7,-3.7627663897908));
#6764=CARTESIAN_POINT('Ctrl Pts',(-4.49362197290933,3.6,-4.00942163225099));
#6765=CARTESIAN_POINT('Ctrl Pts',(-4.49362197290933,3.7,-4.00942163225099));
#6766=CARTESIAN_POINT('',(-4.7859088457731,3.6,-2.79967890735552));
#6767=CARTESIAN_POINT('Ctrl Pts',(-4.49362197290933,3.6,-4.00942163225099));
#6768=CARTESIAN_POINT('Ctrl Pts',(-4.49637482337526,3.6,-3.7627663897908));
#6769=CARTESIAN_POINT('Ctrl Pts',(-4.50115245164779,3.6,-3.33469117301732));
#6770=CARTESIAN_POINT('Ctrl Pts',(-4.70114936208358,3.6,-2.9589285830102));
#6771=CARTESIAN_POINT('Ctrl Pts',(-4.7859088457731,3.6,-2.79967890735552));
#6772=CARTESIAN_POINT('',(-4.7859088457731,3.7,-2.79967890735552));
#6773=CARTESIAN_POINT('Ctrl Pts',(-4.7859088457731,3.7,-2.79967890735552));
#6774=CARTESIAN_POINT('Ctrl Pts',(-4.70114936208358,3.7,-2.9589285830102));
#6775=CARTESIAN_POINT('Ctrl Pts',(-4.50115245164779,3.7,-3.33469117301732));
#6776=CARTESIAN_POINT('Ctrl Pts',(-4.49637482337526,3.7,-3.7627663897908));
#6777=CARTESIAN_POINT('Ctrl Pts',(-4.49362197290933,3.7,-4.00942163225099));
#6778=CARTESIAN_POINT('',(-4.7859088457731,3.6,-2.79967890735552));
#6779=CARTESIAN_POINT('Ctrl Pts',(-5.45979240309274,3.6,-2.49521331544801));
#6780=CARTESIAN_POINT('Ctrl Pts',(-5.45979240309274,3.7,-2.49521331544801));
#6781=CARTESIAN_POINT('Ctrl Pts',(-5.32497234844362,3.6,-2.50625037357078));
#6782=CARTESIAN_POINT('Ctrl Pts',(-5.32497234844362,3.7,-2.50625037357078));
#6783=CARTESIAN_POINT('Ctrl Pts',(-5.06344161691392,3.6,-2.52766061474222));
#6784=CARTESIAN_POINT('Ctrl Pts',(-5.06344161691392,3.7,-2.52766061474222));
#6785=CARTESIAN_POINT('Ctrl Pts',(-4.87648745105838,3.6,-2.71090006709202));
#6786=CARTESIAN_POINT('Ctrl Pts',(-4.87648745105838,3.7,-2.71090006709202));
#6787=CARTESIAN_POINT('Ctrl Pts',(-4.7859088457731,3.6,-2.79967890735552));
#6788=CARTESIAN_POINT('Ctrl Pts',(-4.7859088457731,3.7,-2.79967890735552));
#6789=CARTESIAN_POINT('Ctrl Pts',(-4.7859088457731,3.6,-2.79967890735552));
#6790=CARTESIAN_POINT('Ctrl Pts',(-4.87648745105838,3.6,-2.71090006709202));
#6791=CARTESIAN_POINT('Ctrl Pts',(-5.06344161691392,3.6,-2.52766061474222));
#6792=CARTESIAN_POINT('Ctrl Pts',(-5.32497234844362,3.6,-2.50625037357078));
#6793=CARTESIAN_POINT('Ctrl Pts',(-5.45979240309274,3.6,-2.49521331544801));
#6794=CARTESIAN_POINT('Ctrl Pts',(-5.45979240309274,3.7,-2.49521331544801));
#6795=CARTESIAN_POINT('Ctrl Pts',(-5.32497234844362,3.7,-2.50625037357078));
#6796=CARTESIAN_POINT('Ctrl Pts',(-5.06344161691392,3.7,-2.52766061474222));
#6797=CARTESIAN_POINT('Ctrl Pts',(-4.87648745105838,3.7,-2.71090006709202));
#6798=CARTESIAN_POINT('Ctrl Pts',(-4.7859088457731,3.7,-2.79967890735552));
#6799=CARTESIAN_POINT('Origin',(-1.56060436140573,3.7,-4.01449607368395));
#6800=CARTESIAN_POINT('Origin',(-1.55197207945482,3.6,-4.05));
#6801=CARTESIAN_POINT('',(3.64802792054518,3.6,-1.4));
#6802=CARTESIAN_POINT('',(-6.75197207945482,3.6,-1.4));
#6803=CARTESIAN_POINT('',(3.64802792054518,3.6,-1.4));
#6804=CARTESIAN_POINT('',(3.64802792054518,3.6,-6.7));
#6805=CARTESIAN_POINT('',(3.64802792054518,3.6,-6.7));
#6806=CARTESIAN_POINT('',(-6.75197207945482,3.6,-6.7));
#6807=CARTESIAN_POINT('',(-6.75197207945482,3.6,-6.7));
#6808=CARTESIAN_POINT('',(-6.75197207945482,3.6,-1.4));
#6809=CARTESIAN_POINT('',(-4.11608496080911,3.6,-3.23607952948496));
#6810=CARTESIAN_POINT('',(-3.56398740183389,3.6,-3.29697267766878));
#6811=CARTESIAN_POINT('',(-2.5290423805083,3.6,-3.41112109133441));
#6812=CARTESIAN_POINT('',(-3.45843949686563,3.6,-3.04528118725702));
#6813=CARTESIAN_POINT('Ctrl Pts',(-3.56398740183389,3.6,-3.29697267766878));
#6814=CARTESIAN_POINT('Ctrl Pts',(-3.55622672712992,3.6,-3.24563573705968));
#6815=CARTESIAN_POINT('Ctrl Pts',(-3.54213931222616,3.6,-3.15244734689566));
#6816=CARTESIAN_POINT('Ctrl Pts',(-3.48437968316627,3.6,-3.07849404602112));
#6817=CARTESIAN_POINT('Ctrl Pts',(-3.45843949686563,3.6,-3.04528118725702));
#6818=CARTESIAN_POINT('',(-3.2371948040632,3.6,-2.96409027334139));
#6819=CARTESIAN_POINT('Ctrl Pts',(-3.45843949686563,3.6,-3.04528118725702));
#6820=CARTESIAN_POINT('Ctrl Pts',(-3.42706231334766,3.6,-3.02161100058917));
#6821=CARTESIAN_POINT('Ctrl Pts',(-3.36168394743066,3.6,-2.97229114610291));
#6822=CARTESIAN_POINT('Ctrl Pts',(-3.27978684781929,3.6,-2.9668960756953));
#6823=CARTESIAN_POINT('Ctrl Pts',(-3.2371948040632,3.6,-2.96409027334139));
#6824=CARTESIAN_POINT('',(-2.9317144430784,3.6,-3.12647195216104));
#6825=CARTESIAN_POINT('Ctrl Pts',(-3.2371948040632,3.6,-2.96409027334139));
#6826=CARTESIAN_POINT('Ctrl Pts',(-3.1786005624393,3.6,-2.97179696631042));
#6827=CARTESIAN_POINT('Ctrl Pts',(-3.05694576621638,3.6,-2.98779779056749));
#6828=CARTESIAN_POINT('Ctrl Pts',(-2.97446755837234,3.6,-3.07912954396523));
#6829=CARTESIAN_POINT('Ctrl Pts',(-2.9317144430784,3.6,-3.12647195216104));
#6830=CARTESIAN_POINT('',(-2.77440705668008,3.6,-3.80238549467012));
#6831=CARTESIAN_POINT('Ctrl Pts',(-2.9317144430784,3.6,-3.12647195216104));
#6832=CARTESIAN_POINT('Ctrl Pts',(-2.89350179357678,3.6,-3.20872731452019));
#6833=CARTESIAN_POINT('Ctrl Pts',(-2.79453833764919,3.6,-3.42175297575556));
#6834=CARTESIAN_POINT('Ctrl Pts',(-2.78206442888491,3.6,-3.65760360647019));
#6835=CARTESIAN_POINT('Ctrl Pts',(-2.77440705668008,3.6,-3.80238549467012));
#6836=CARTESIAN_POINT('',(-3.30417731176889,3.6,-3.55069385524675));
#6837=CARTESIAN_POINT('Ctrl Pts',(-2.77440705668008,3.6,-3.80238549467012));
#6838=CARTESIAN_POINT('Ctrl Pts',(-2.84912949981426,3.6,-3.72897831893));
#6839=CARTESIAN_POINT('Ctrl Pts',(-2.99684080741268,3.6,-3.58386703159951));
#6840=CARTESIAN_POINT('Ctrl Pts',(-3.20253650989856,3.6,-3.56166472332552));
#6841=CARTESIAN_POINT('Ctrl Pts',(-3.30417731176889,3.6,-3.55069385524675));
#6842=CARTESIAN_POINT('',(-3.91615310083902,3.6,-3.82268296237871));
#6843=CARTESIAN_POINT('Ctrl Pts',(-3.30417731176889,3.6,-3.55069385524675));
#6844=CARTESIAN_POINT('Ctrl Pts',(-3.41948136530617,3.6,-3.56256011337125));
#6845=CARTESIAN_POINT('Ctrl Pts',(-3.65288538862342,3.6,-3.5865803650711));
#6846=CARTESIAN_POINT('Ctrl Pts',(-3.82769917295404,3.6,-3.74335609794879));
#6847=CARTESIAN_POINT('Ctrl Pts',(-3.91615310083902,3.6,-3.82268296237871));
#6848=CARTESIAN_POINT('',(-4.17088904749429,3.6,-4.52498333211824));
#6849=CARTESIAN_POINT('Ctrl Pts',(-3.91615310083902,3.6,-3.82268296237871));
#6850=CARTESIAN_POINT('Ctrl Pts',(-3.99041853142961,3.6,-3.92260718433409));
#6851=CARTESIAN_POINT('Ctrl Pts',(-4.14512764443167,3.6,-4.13076847314908));
#6852=CARTESIAN_POINT('Ctrl Pts',(-4.16207630034919,3.6,-4.39012593073788));
#6853=CARTESIAN_POINT('Ctrl Pts',(-4.17088904749429,3.6,-4.52498333211824));
#6854=CARTESIAN_POINT('',(-3.90295901667153,3.6,-5.25773035045549));
#6855=CARTESIAN_POINT('Ctrl Pts',(-4.17088904749429,3.6,-4.52498333211824));
#6856=CARTESIAN_POINT('Ctrl Pts',(-4.16202196425328,3.6,-4.66723144111245));
#6857=CARTESIAN_POINT('Ctrl Pts',(-4.14509726829014,3.6,-4.93874191762696));
#6858=CARTESIAN_POINT('Ctrl Pts',(-3.98105653285137,3.6,-5.15484613399041));
#6859=CARTESIAN_POINT('Ctrl Pts',(-3.90295901667153,3.6,-5.25773035045549));
#6860=CARTESIAN_POINT('',(-3.21486750017678,3.6,-5.53377883191988));
#6861=CARTESIAN_POINT('Ctrl Pts',(-3.90295901667153,3.6,-5.25773035045549));
#6862=CARTESIAN_POINT('Ctrl Pts',(-3.80564212432789,3.6,-5.33823065563985));
#6863=CARTESIAN_POINT('Ctrl Pts',(-3.60604642575943,3.6,-5.50333574953772));
#6864=CARTESIAN_POINT('Ctrl Pts',(-3.34740374584714,3.6,-5.52346434005518));
#6865=CARTESIAN_POINT('Ctrl Pts',(-3.21486750017678,3.6,-5.53377883191988));
#6866=CARTESIAN_POINT('',(-2.47400143515145,3.6,-5.18364356513902));
#6867=CARTESIAN_POINT('Ctrl Pts',(-3.21486750017678,3.6,-5.53377883191988));
#6868=CARTESIAN_POINT('Ctrl Pts',(-3.07121705104439,3.6,-5.51903416357278));
#6869=CARTESIAN_POINT('Ctrl Pts',(-2.78314464132739,3.6,-5.48946563686868));
#6870=CARTESIAN_POINT('Ctrl Pts',(-2.57723299376389,3.6,-5.28576610411783));
#6871=CARTESIAN_POINT('Ctrl Pts',(-2.47400143515145,3.6,-5.18364356513902));
#6872=CARTESIAN_POINT('',(-2.18374410044229,3.6,-4.03580890651628));
#6873=CARTESIAN_POINT('Ctrl Pts',(-2.47400143515145,3.6,-5.18364356513902));
#6874=CARTESIAN_POINT('Ctrl Pts',(-2.38981065796414,3.6,-5.03288844741048));
#6875=CARTESIAN_POINT('Ctrl Pts',(-2.19194032301981,3.6,-4.67857451141782));
#6876=CARTESIAN_POINT('Ctrl Pts',(-2.1867347705716,3.6,-4.27034376407334));
#6877=CARTESIAN_POINT('Ctrl Pts',(-2.18374410044229,3.6,-4.03580890651628));
#6878=CARTESIAN_POINT('',(-2.48617985617196,3.6,-2.8565125321953));
#6879=CARTESIAN_POINT('Ctrl Pts',(-2.18374410044229,3.6,-4.03580890651628));
#6880=CARTESIAN_POINT('Ctrl Pts',(-2.18704816258707,3.6,-3.79499729430733));
#6881=CARTESIAN_POINT('Ctrl Pts',(-2.19281114724228,3.6,-3.37497080414441));
#6882=CARTESIAN_POINT('Ctrl Pts',(-2.39844219291356,3.6,-3.01156764166408));
#6883=CARTESIAN_POINT('Ctrl Pts',(-2.48617985617196,3.6,-2.8565125321953));
#6884=CARTESIAN_POINT('',(-3.27170052897012,3.6,-2.49521331544801));
#6885=CARTESIAN_POINT('Ctrl Pts',(-2.48617985617196,3.6,-2.8565125321953));
#6886=CARTESIAN_POINT('Ctrl Pts',(-2.59509179195035,3.6,-2.75113518457065));
#6887=CARTESIAN_POINT('Ctrl Pts',(-2.81449735843148,3.6,-2.53885012614593));
#6888=CARTESIAN_POINT('Ctrl Pts',(-3.11856878838737,3.6,-2.5098286576115));
#6889=CARTESIAN_POINT('Ctrl Pts',(-3.27170052897012,3.6,-2.49521331544801));
#6890=CARTESIAN_POINT('',(-3.83293190371072,3.6,-2.68499688859865));
#6891=CARTESIAN_POINT('Ctrl Pts',(-3.27170052897012,3.6,-2.49521331544801));
#6892=CARTESIAN_POINT('Ctrl Pts',(-3.37817873700074,3.6,-2.5017540085223));
#6893=CARTESIAN_POINT('Ctrl Pts',(-3.58281965279102,3.6,-2.51432459404755));
#6894=CARTESIAN_POINT('Ctrl Pts',(-3.75185065538777,3.6,-2.62966844049001));
#6895=CARTESIAN_POINT('Ctrl Pts',(-3.83293190371072,3.6,-2.68499688859865));
#6896=CARTESIAN_POINT('Ctrl Pts',(-3.83293190371072,3.6,-2.68499688859865));
#6897=CARTESIAN_POINT('Ctrl Pts',(-3.90079954286527,3.6,-2.75873526287558));
#6898=CARTESIAN_POINT('Ctrl Pts',(-4.04544743925319,3.6,-2.91589559517966));
#6899=CARTESIAN_POINT('Ctrl Pts',(-4.0915913858653,3.6,-3.12505568524518));
#6900=CARTESIAN_POINT('Ctrl Pts',(-4.11608496080911,3.6,-3.23607952948496));
#6901=CARTESIAN_POINT('',(-0.440171448102352,3.6,-5.48303471561357));
#6902=CARTESIAN_POINT('',(-0.440171448102352,3.6,-3.01077486630365));
#6903=CARTESIAN_POINT('',(-0.440171448102352,3.6,-3.53038743315183));
#6904=CARTESIAN_POINT('',(0.442778380999211,3.6,-3.01077486630365));
#6905=CARTESIAN_POINT('',(-0.554596849227804,3.6,-3.01077486630365));
#6906=CARTESIAN_POINT('',(0.442778380999211,3.6,-2.50739203449175));
#6907=CARTESIAN_POINT('',(0.442778380999211,3.6,-3.27869601724587));
#6908=CARTESIAN_POINT('',(-1.92190328012979,3.6,-2.50739203449175));
#6909=CARTESIAN_POINT('',(-1.7369376797923,3.6,-2.50739203449175));
#6910=CARTESIAN_POINT('',(-1.92190328012979,3.6,-3.01077486630365));
#6911=CARTESIAN_POINT('',(-1.92190328012979,3.6,-3.53038743315183));
#6912=CARTESIAN_POINT('',(-1.04098358522927,3.6,-3.01077486630365));
#6913=CARTESIAN_POINT('',(-1.29647783234205,3.6,-3.01077486630365));
#6914=CARTESIAN_POINT('',(-1.04098358522927,3.6,-5.48303471561357));
#6915=CARTESIAN_POINT('',(-1.04098358522927,3.6,-4.76651735780679));
#6916=CARTESIAN_POINT('',(-0.996071763778586,3.6,-5.48303471561357));
#6917=CARTESIAN_POINT('Ctrl Pts',(-2.95099714170968,3.6,-4.90962462182924));
#6918=CARTESIAN_POINT('Ctrl Pts',(-2.95099714170968,3.7,-4.90962462182924));
#6919=CARTESIAN_POINT('Ctrl Pts',(-2.91378295700359,3.6,-4.85030399658538));
#6920=CARTESIAN_POINT('Ctrl Pts',(-2.91378295700359,3.7,-4.85030399658538));
#6921=CARTESIAN_POINT('Ctrl Pts',(-2.83180892337397,3.6,-4.71963471101389));
#6922=CARTESIAN_POINT('Ctrl Pts',(-2.83180892337397,3.7,-4.71963471101389));
#6923=CARTESIAN_POINT('Ctrl Pts',(-2.82619000254084,3.6,-4.56484657516655));
#6924=CARTESIAN_POINT('Ctrl Pts',(-2.82619000254084,3.7,-4.56484657516655));
#6925=CARTESIAN_POINT('Ctrl Pts',(-2.82312193285501,3.6,-4.48032842632219));
#6926=CARTESIAN_POINT('Ctrl Pts',(-2.82312193285501,3.7,-4.48032842632219));
#6927=CARTESIAN_POINT('',(-2.82312193285501,3.6,-4.48032842632219));
#6928=CARTESIAN_POINT('',(-2.95099714170968,3.6,-4.90962462182924));
#6929=CARTESIAN_POINT('Ctrl Pts',(-2.82312193285501,3.6,-4.48032842632219));
#6930=CARTESIAN_POINT('Ctrl Pts',(-2.82619000254084,3.6,-4.56484657516655));
#6931=CARTESIAN_POINT('Ctrl Pts',(-2.83180892337397,3.6,-4.71963471101389));
#6932=CARTESIAN_POINT('Ctrl Pts',(-2.91378295700359,3.6,-4.85030399658538));
#6933=CARTESIAN_POINT('Ctrl Pts',(-2.95099714170968,3.6,-4.90962462182924));
#6934=CARTESIAN_POINT('',(-2.82312193285501,3.7,-4.48032842632219));
#6935=CARTESIAN_POINT('',(-2.82312193285501,3.6,-4.48032842632219));
#6936=CARTESIAN_POINT('',(-2.95099714170968,3.7,-4.90962462182924));
#6937=CARTESIAN_POINT('Ctrl Pts',(-2.95099714170968,3.7,-4.90962462182924));
#6938=CARTESIAN_POINT('Ctrl Pts',(-2.91378295700359,3.7,-4.85030399658538));
#6939=CARTESIAN_POINT('Ctrl Pts',(-2.83180892337397,3.7,-4.71963471101389));
#6940=CARTESIAN_POINT('Ctrl Pts',(-2.82619000254084,3.7,-4.56484657516655));
#6941=CARTESIAN_POINT('Ctrl Pts',(-2.82312193285501,3.7,-4.48032842632219));
#6942=CARTESIAN_POINT('',(-2.95099714170968,3.6,-4.90962462182924));
#6943=CARTESIAN_POINT('Ctrl Pts',(-3.24328401457345,3.6,-5.06084249969408));
#6944=CARTESIAN_POINT('Ctrl Pts',(-3.24328401457345,3.7,-5.06084249969408));
#6945=CARTESIAN_POINT('Ctrl Pts',(-3.18898716346262,3.6,-5.0532973087579));
#6946=CARTESIAN_POINT('Ctrl Pts',(-3.18898716346262,3.7,-5.0532973087579));
#6947=CARTESIAN_POINT('Ctrl Pts',(-3.07426230165557,3.6,-5.0373549296005));
#6948=CARTESIAN_POINT('Ctrl Pts',(-3.07426230165557,3.7,-5.0373549296005));
#6949=CARTESIAN_POINT('Ctrl Pts',(-2.99352381168218,3.6,-4.95369177467647));
#6950=CARTESIAN_POINT('Ctrl Pts',(-2.99352381168218,3.7,-4.95369177467647));
#6951=CARTESIAN_POINT('Ctrl Pts',(-2.95099714170968,3.6,-4.90962462182924));
#6952=CARTESIAN_POINT('Ctrl Pts',(-2.95099714170968,3.7,-4.90962462182924));
#6953=CARTESIAN_POINT('',(-3.24328401457345,3.6,-5.06084249969408));
#6954=CARTESIAN_POINT('Ctrl Pts',(-2.95099714170968,3.6,-4.90962462182924));
#6955=CARTESIAN_POINT('Ctrl Pts',(-2.99352381168218,3.6,-4.95369177467647));
#6956=CARTESIAN_POINT('Ctrl Pts',(-3.07426230165557,3.6,-5.0373549296005));
#6957=CARTESIAN_POINT('Ctrl Pts',(-3.18898716346262,3.6,-5.0532973087579));
#6958=CARTESIAN_POINT('Ctrl Pts',(-3.24328401457345,3.6,-5.06084249969408));
#6959=CARTESIAN_POINT('',(-3.24328401457345,3.7,-5.06084249969408));
#6960=CARTESIAN_POINT('Ctrl Pts',(-3.24328401457345,3.7,-5.06084249969408));
#6961=CARTESIAN_POINT('Ctrl Pts',(-3.18898716346262,3.7,-5.0532973087579));
#6962=CARTESIAN_POINT('Ctrl Pts',(-3.07426230165557,3.7,-5.0373549296005));
#6963=CARTESIAN_POINT('Ctrl Pts',(-2.99352381168218,3.7,-4.95369177467647));
#6964=CARTESIAN_POINT('Ctrl Pts',(-2.95099714170968,3.7,-4.90962462182924));
#6965=CARTESIAN_POINT('',(-3.24328401457345,3.6,-5.06084249969408));
#6966=CARTESIAN_POINT('Ctrl Pts',(-3.50715437304055,3.6,-4.93702666517183));
#6967=CARTESIAN_POINT('Ctrl Pts',(-3.50715437304055,3.7,-4.93702666517183));
#6968=CARTESIAN_POINT('Ctrl Pts',(-3.46998277390098,3.6,-4.97313901316281));
#6969=CARTESIAN_POINT('Ctrl Pts',(-3.46998277390098,3.7,-4.97313901316281));
#6970=CARTESIAN_POINT('Ctrl Pts',(-3.39621877747706,3.6,-5.0448010123699));
#6971=CARTESIAN_POINT('Ctrl Pts',(-3.39621877747706,3.7,-5.0448010123699));
#6972=CARTESIAN_POINT('Ctrl Pts',(-3.29399471120558,3.6,-5.05552340165659));
#6973=CARTESIAN_POINT('Ctrl Pts',(-3.29399471120558,3.7,-5.05552340165659));
#6974=CARTESIAN_POINT('Ctrl Pts',(-3.24328401457345,3.6,-5.06084249969408));
#6975=CARTESIAN_POINT('Ctrl Pts',(-3.24328401457345,3.7,-5.06084249969408));
#6976=CARTESIAN_POINT('',(-3.50715437304055,3.6,-4.93702666517183));
#6977=CARTESIAN_POINT('Ctrl Pts',(-3.24328401457345,3.6,-5.06084249969408));
#6978=CARTESIAN_POINT('Ctrl Pts',(-3.29399471120558,3.6,-5.05552340165659));
#6979=CARTESIAN_POINT('Ctrl Pts',(-3.39621877747706,3.6,-5.0448010123699));
#6980=CARTESIAN_POINT('Ctrl Pts',(-3.46998277390098,3.6,-4.97313901316281));
#6981=CARTESIAN_POINT('Ctrl Pts',(-3.50715437304055,3.6,-4.93702666517183));
#6982=CARTESIAN_POINT('',(-3.50715437304055,3.7,-4.93702666517183));
#6983=CARTESIAN_POINT('Ctrl Pts',(-3.50715437304055,3.7,-4.93702666517183));
#6984=CARTESIAN_POINT('Ctrl Pts',(-3.46998277390098,3.7,-4.97313901316281));
#6985=CARTESIAN_POINT('Ctrl Pts',(-3.39621877747706,3.7,-5.0448010123699));
#6986=CARTESIAN_POINT('Ctrl Pts',(-3.29399471120558,3.7,-5.05552340165659));
#6987=CARTESIAN_POINT('Ctrl Pts',(-3.24328401457345,3.7,-5.06084249969408));
#6988=CARTESIAN_POINT('',(-3.50715437304055,3.6,-4.93702666517183));
#6989=CARTESIAN_POINT('Ctrl Pts',(-3.61270227800882,3.6,-4.5310725426285));
#6990=CARTESIAN_POINT('Ctrl Pts',(-3.61270227800882,3.7,-4.5310725426285));
#6991=CARTESIAN_POINT('Ctrl Pts',(-3.61155045718328,3.6,-4.61412103342018));
#6992=CARTESIAN_POINT('Ctrl Pts',(-3.61155045718328,3.7,-4.61412103342018));
#6993=CARTESIAN_POINT('Ctrl Pts',(-3.60954151697363,3.6,-4.75896947582029));
#6994=CARTESIAN_POINT('Ctrl Pts',(-3.60954151697363,3.7,-4.75896947582029));
#6995=CARTESIAN_POINT('Ctrl Pts',(-3.53777411519121,3.6,-4.88377715535467));
#6996=CARTESIAN_POINT('Ctrl Pts',(-3.53777411519121,3.7,-4.88377715535467));
#6997=CARTESIAN_POINT('Ctrl Pts',(-3.50715437304055,3.6,-4.93702666517183));
#6998=CARTESIAN_POINT('Ctrl Pts',(-3.50715437304055,3.7,-4.93702666517183));
#6999=CARTESIAN_POINT('',(-3.61270227800882,3.6,-4.5310725426285));
#7000=CARTESIAN_POINT('Ctrl Pts',(-3.50715437304055,3.6,-4.93702666517183));
#7001=CARTESIAN_POINT('Ctrl Pts',(-3.53777411519121,3.6,-4.88377715535467));
#7002=CARTESIAN_POINT('Ctrl Pts',(-3.60954151697363,3.6,-4.75896947582029));
#7003=CARTESIAN_POINT('Ctrl Pts',(-3.61155045718328,3.6,-4.61412103342018));
#7004=CARTESIAN_POINT('Ctrl Pts',(-3.61270227800882,3.6,-4.5310725426285));
#7005=CARTESIAN_POINT('',(-3.61270227800882,3.7,-4.5310725426285));
#7006=CARTESIAN_POINT('Ctrl Pts',(-3.61270227800882,3.7,-4.5310725426285));
#7007=CARTESIAN_POINT('Ctrl Pts',(-3.61155045718328,3.7,-4.61412103342018));
#7008=CARTESIAN_POINT('Ctrl Pts',(-3.60954151697363,3.7,-4.75896947582029));
#7009=CARTESIAN_POINT('Ctrl Pts',(-3.53777411519121,3.7,-4.88377715535467));
#7010=CARTESIAN_POINT('Ctrl Pts',(-3.50715437304055,3.7,-4.93702666517183));
#7011=CARTESIAN_POINT('',(-3.61270227800882,3.6,-4.5310725426285));
#7012=CARTESIAN_POINT('Ctrl Pts',(-3.49903502832925,3.6,-4.10583572145387));
#7013=CARTESIAN_POINT('Ctrl Pts',(-3.49903502832925,3.7,-4.10583572145387));
#7014=CARTESIAN_POINT('Ctrl Pts',(-3.5320396891982,3.6,-4.16242826531757));
#7015=CARTESIAN_POINT('Ctrl Pts',(-3.5320396891982,3.7,-4.16242826531757));
#7016=CARTESIAN_POINT('Ctrl Pts',(-3.60818605828782,3.6,-4.29299517978688));
#7017=CARTESIAN_POINT('Ctrl Pts',(-3.60818605828782,3.7,-4.29299517978688));
#7018=CARTESIAN_POINT('Ctrl Pts',(-3.61106894265916,3.6,-4.44496951914743));
#7019=CARTESIAN_POINT('Ctrl Pts',(-3.61106894265916,3.7,-4.44496951914743));
#7020=CARTESIAN_POINT('Ctrl Pts',(-3.61270227800882,3.6,-4.5310725426285));
#7021=CARTESIAN_POINT('Ctrl Pts',(-3.61270227800882,3.7,-4.5310725426285));
#7022=CARTESIAN_POINT('',(-3.49903502832925,3.6,-4.10583572145387));
#7023=CARTESIAN_POINT('Ctrl Pts',(-3.61270227800882,3.6,-4.5310725426285));
#7024=CARTESIAN_POINT('Ctrl Pts',(-3.61106894265916,3.6,-4.44496951914743));
#7025=CARTESIAN_POINT('Ctrl Pts',(-3.60818605828782,3.6,-4.29299517978688));
#7026=CARTESIAN_POINT('Ctrl Pts',(-3.5320396891982,3.6,-4.16242826531757));
#7027=CARTESIAN_POINT('Ctrl Pts',(-3.49903502832925,3.6,-4.10583572145387));
#7028=CARTESIAN_POINT('',(-3.49903502832925,3.7,-4.10583572145387));
#7029=CARTESIAN_POINT('Ctrl Pts',(-3.49903502832925,3.7,-4.10583572145387));
#7030=CARTESIAN_POINT('Ctrl Pts',(-3.5320396891982,3.7,-4.16242826531757));
#7031=CARTESIAN_POINT('Ctrl Pts',(-3.60818605828782,3.7,-4.29299517978688));
#7032=CARTESIAN_POINT('Ctrl Pts',(-3.61106894265916,3.7,-4.44496951914743));
#7033=CARTESIAN_POINT('Ctrl Pts',(-3.61270227800882,3.7,-4.5310725426285));
#7034=CARTESIAN_POINT('',(-3.49903502832925,3.6,-4.10583572145387));
#7035=CARTESIAN_POINT('Ctrl Pts',(-3.21486750017678,3.6,-3.97085623498842));
#7036=CARTESIAN_POINT('Ctrl Pts',(-3.21486750017678,3.7,-3.97085623498842));
#7037=CARTESIAN_POINT('Ctrl Pts',(-3.26951650639714,3.6,-3.97670025161725));
#7038=CARTESIAN_POINT('Ctrl Pts',(-3.26951650639714,3.7,-3.97670025161725));
#7039=CARTESIAN_POINT('Ctrl Pts',(-3.37990958465013,3.6,-3.9885053882453));
#7040=CARTESIAN_POINT('Ctrl Pts',(-3.37990958465013,3.7,-3.9885053882453));
#7041=CARTESIAN_POINT('Ctrl Pts',(-3.45906481515326,3.6,-4.06646782249361));
#7042=CARTESIAN_POINT('Ctrl Pts',(-3.45906481515326,3.7,-4.06646782249361));
#7043=CARTESIAN_POINT('Ctrl Pts',(-3.49903502832925,3.6,-4.10583572145387));
#7044=CARTESIAN_POINT('Ctrl Pts',(-3.49903502832925,3.7,-4.10583572145387));
#7045=CARTESIAN_POINT('',(-3.21486750017678,3.6,-3.97085623498842));
#7046=CARTESIAN_POINT('Ctrl Pts',(-3.49903502832925,3.6,-4.10583572145387));
#7047=CARTESIAN_POINT('Ctrl Pts',(-3.45906481515326,3.6,-4.06646782249361));
#7048=CARTESIAN_POINT('Ctrl Pts',(-3.37990958465013,3.6,-3.9885053882453));
#7049=CARTESIAN_POINT('Ctrl Pts',(-3.26951650639714,3.6,-3.97670025161725));
#7050=CARTESIAN_POINT('Ctrl Pts',(-3.21486750017678,3.6,-3.97085623498842));
#7051=CARTESIAN_POINT('',(-3.21486750017678,3.7,-3.97085623498842));
#7052=CARTESIAN_POINT('Ctrl Pts',(-3.21486750017678,3.7,-3.97085623498842));
#7053=CARTESIAN_POINT('Ctrl Pts',(-3.26951650639714,3.7,-3.97670025161725));
#7054=CARTESIAN_POINT('Ctrl Pts',(-3.37990958465013,3.7,-3.9885053882453));
#7055=CARTESIAN_POINT('Ctrl Pts',(-3.45906481515326,3.7,-4.06646782249361));
#7056=CARTESIAN_POINT('Ctrl Pts',(-3.49903502832925,3.7,-4.10583572145387));
#7057=CARTESIAN_POINT('',(-3.21486750017678,3.6,-3.97085623498842));
#7058=CARTESIAN_POINT('Ctrl Pts',(-2.93678858648812,3.6,-4.09974651094362));
#7059=CARTESIAN_POINT('Ctrl Pts',(-2.93678858648812,3.7,-4.09974651094362));
#7060=CARTESIAN_POINT('Ctrl Pts',(-2.97643664465154,3.6,-4.06215526057097));
#7061=CARTESIAN_POINT('Ctrl Pts',(-2.97643664465154,3.7,-4.06215526057097));
#7062=CARTESIAN_POINT('Ctrl Pts',(-3.05474052747293,3.6,-3.98791351959699));
#7063=CARTESIAN_POINT('Ctrl Pts',(-3.05474052747293,3.7,-3.98791351959699));
#7064=CARTESIAN_POINT('Ctrl Pts',(-3.16194465765903,3.6,-3.97649376108335));
#7065=CARTESIAN_POINT('Ctrl Pts',(-3.16194465765903,3.7,-3.97649376108335));
#7066=CARTESIAN_POINT('Ctrl Pts',(-3.21486750017678,3.6,-3.97085623498842));
#7067=CARTESIAN_POINT('Ctrl Pts',(-3.21486750017678,3.7,-3.97085623498842));
#7068=CARTESIAN_POINT('',(-2.93678858648812,3.6,-4.09974651094362));
#7069=CARTESIAN_POINT('Ctrl Pts',(-3.21486750017678,3.6,-3.97085623498842));
#7070=CARTESIAN_POINT('Ctrl Pts',(-3.16194465765903,3.6,-3.97649376108335));
#7071=CARTESIAN_POINT('Ctrl Pts',(-3.05474052747293,3.6,-3.98791351959699));
#7072=CARTESIAN_POINT('Ctrl Pts',(-2.97643664465154,3.6,-4.06215526057097));
#7073=CARTESIAN_POINT('Ctrl Pts',(-2.93678858648812,3.6,-4.09974651094362));
#7074=CARTESIAN_POINT('',(-2.93678858648812,3.7,-4.09974651094362));
#7075=CARTESIAN_POINT('Ctrl Pts',(-2.93678858648812,3.7,-4.09974651094362));
#7076=CARTESIAN_POINT('Ctrl Pts',(-2.97643664465154,3.7,-4.06215526057097));
#7077=CARTESIAN_POINT('Ctrl Pts',(-3.05474052747293,3.7,-3.98791351959699));
#7078=CARTESIAN_POINT('Ctrl Pts',(-3.16194465765903,3.7,-3.97649376108335));
#7079=CARTESIAN_POINT('Ctrl Pts',(-3.21486750017678,3.7,-3.97085623498842));
#7080=CARTESIAN_POINT('',(-2.93678858648812,3.6,-4.09974651094362));
#7081=CARTESIAN_POINT('Ctrl Pts',(-2.82312193285501,3.6,-4.48032842632219));
#7082=CARTESIAN_POINT('Ctrl Pts',(-2.82312193285501,3.7,-4.48032842632219));
#7083=CARTESIAN_POINT('Ctrl Pts',(-2.82555215932455,3.6,-4.40441466088273));
#7084=CARTESIAN_POINT('Ctrl Pts',(-2.82555215932455,3.7,-4.40441466088273));
#7085=CARTESIAN_POINT('Ctrl Pts',(-2.82995584055409,3.6,-4.2668554547273));
#7086=CARTESIAN_POINT('Ctrl Pts',(-2.82995584055409,3.7,-4.2668554547273));
#7087=CARTESIAN_POINT('Ctrl Pts',(-2.90372835516605,3.6,-4.15145968455134));
#7088=CARTESIAN_POINT('Ctrl Pts',(-2.90372835516605,3.7,-4.15145968455134));
#7089=CARTESIAN_POINT('Ctrl Pts',(-2.93678858648812,3.6,-4.09974651094362));
#7090=CARTESIAN_POINT('Ctrl Pts',(-2.93678858648812,3.7,-4.09974651094362));
#7091=CARTESIAN_POINT('Ctrl Pts',(-2.93678858648812,3.6,-4.09974651094362));
#7092=CARTESIAN_POINT('Ctrl Pts',(-2.90372835516605,3.6,-4.15145968455134));
#7093=CARTESIAN_POINT('Ctrl Pts',(-2.82995584055409,3.6,-4.2668554547273));
#7094=CARTESIAN_POINT('Ctrl Pts',(-2.82555215932455,3.6,-4.40441466088273));
#7095=CARTESIAN_POINT('Ctrl Pts',(-2.82312193285501,3.6,-4.48032842632219));
#7096=CARTESIAN_POINT('Ctrl Pts',(-2.82312193285501,3.7,-4.48032842632219));
#7097=CARTESIAN_POINT('Ctrl Pts',(-2.82555215932455,3.7,-4.40441466088273));
#7098=CARTESIAN_POINT('Ctrl Pts',(-2.82995584055409,3.7,-4.2668554547273));
#7099=CARTESIAN_POINT('Ctrl Pts',(-2.90372835516605,3.7,-4.15145968455134));
#7100=CARTESIAN_POINT('Ctrl Pts',(-2.93678858648812,3.7,-4.09974651094362));
#7101=CARTESIAN_POINT('Origin',(-3.56398740183389,3.6,-3.29697267766878));
#7102=CARTESIAN_POINT('',(-4.11608496080911,3.7,-3.23607952948496));
#7103=CARTESIAN_POINT('',(-4.11608496080911,3.6,-3.23607952948496));
#7104=CARTESIAN_POINT('',(-3.56398740183389,3.7,-3.29697267766878));
#7105=CARTESIAN_POINT('',(-4.11608496080911,3.7,-3.23607952948496));
#7106=CARTESIAN_POINT('',(-3.56398740183389,3.6,-3.29697267766878));
#7107=CARTESIAN_POINT('Ctrl Pts',(-3.45843949686563,3.6,-3.04528118725702));
#7108=CARTESIAN_POINT('Ctrl Pts',(-3.45843949686563,3.7,-3.04528118725702));
#7109=CARTESIAN_POINT('Ctrl Pts',(-3.48437968316627,3.6,-3.07849404602112));
#7110=CARTESIAN_POINT('Ctrl Pts',(-3.48437968316627,3.7,-3.07849404602112));
#7111=CARTESIAN_POINT('Ctrl Pts',(-3.54213931222616,3.6,-3.15244734689566));
#7112=CARTESIAN_POINT('Ctrl Pts',(-3.54213931222616,3.7,-3.15244734689566));
#7113=CARTESIAN_POINT('Ctrl Pts',(-3.55622672712992,3.6,-3.24563573705968));
#7114=CARTESIAN_POINT('Ctrl Pts',(-3.55622672712992,3.7,-3.24563573705968));
#7115=CARTESIAN_POINT('Ctrl Pts',(-3.56398740183389,3.6,-3.29697267766878));
#7116=CARTESIAN_POINT('Ctrl Pts',(-3.56398740183389,3.7,-3.29697267766878));
#7117=CARTESIAN_POINT('',(-3.45843949686563,3.7,-3.04528118725702));
#7118=CARTESIAN_POINT('Ctrl Pts',(-3.45843949686563,3.7,-3.04528118725702));
#7119=CARTESIAN_POINT('Ctrl Pts',(-3.48437968316627,3.7,-3.07849404602112));
#7120=CARTESIAN_POINT('Ctrl Pts',(-3.54213931222616,3.7,-3.15244734689566));
#7121=CARTESIAN_POINT('Ctrl Pts',(-3.55622672712992,3.7,-3.24563573705968));
#7122=CARTESIAN_POINT('Ctrl Pts',(-3.56398740183389,3.7,-3.29697267766878));
#7123=CARTESIAN_POINT('',(-3.45843949686563,3.6,-3.04528118725702));
#7124=CARTESIAN_POINT('Ctrl Pts',(-3.2371948040632,3.6,-2.96409027334139));
#7125=CARTESIAN_POINT('Ctrl Pts',(-3.2371948040632,3.7,-2.96409027334139));
#7126=CARTESIAN_POINT('Ctrl Pts',(-3.27978684781929,3.6,-2.9668960756953));
#7127=CARTESIAN_POINT('Ctrl Pts',(-3.27978684781929,3.7,-2.9668960756953));
#7128=CARTESIAN_POINT('Ctrl Pts',(-3.36168394743066,3.6,-2.97229114610291));
#7129=CARTESIAN_POINT('Ctrl Pts',(-3.36168394743066,3.7,-2.97229114610291));
#7130=CARTESIAN_POINT('Ctrl Pts',(-3.42706231334766,3.6,-3.02161100058917));
#7131=CARTESIAN_POINT('Ctrl Pts',(-3.42706231334766,3.7,-3.02161100058917));
#7132=CARTESIAN_POINT('Ctrl Pts',(-3.45843949686563,3.6,-3.04528118725702));
#7133=CARTESIAN_POINT('Ctrl Pts',(-3.45843949686563,3.7,-3.04528118725702));
#7134=CARTESIAN_POINT('',(-3.2371948040632,3.7,-2.96409027334139));
#7135=CARTESIAN_POINT('Ctrl Pts',(-3.2371948040632,3.7,-2.96409027334139));
#7136=CARTESIAN_POINT('Ctrl Pts',(-3.27978684781929,3.7,-2.9668960756953));
#7137=CARTESIAN_POINT('Ctrl Pts',(-3.36168394743066,3.7,-2.97229114610291));
#7138=CARTESIAN_POINT('Ctrl Pts',(-3.42706231334766,3.7,-3.02161100058917));
#7139=CARTESIAN_POINT('Ctrl Pts',(-3.45843949686563,3.7,-3.04528118725702));
#7140=CARTESIAN_POINT('',(-3.2371948040632,3.6,-2.96409027334139));
#7141=CARTESIAN_POINT('Ctrl Pts',(-2.9317144430784,3.6,-3.12647195216104));
#7142=CARTESIAN_POINT('Ctrl Pts',(-2.9317144430784,3.7,-3.12647195216104));
#7143=CARTESIAN_POINT('Ctrl Pts',(-2.97446755837234,3.6,-3.07912954396523));
#7144=CARTESIAN_POINT('Ctrl Pts',(-2.97446755837234,3.7,-3.07912954396523));
#7145=CARTESIAN_POINT('Ctrl Pts',(-3.05694576621638,3.6,-2.98779779056749));
#7146=CARTESIAN_POINT('Ctrl Pts',(-3.05694576621638,3.7,-2.98779779056749));
#7147=CARTESIAN_POINT('Ctrl Pts',(-3.1786005624393,3.6,-2.97179696631042));
#7148=CARTESIAN_POINT('Ctrl Pts',(-3.1786005624393,3.7,-2.97179696631042));
#7149=CARTESIAN_POINT('Ctrl Pts',(-3.2371948040632,3.6,-2.96409027334139));
#7150=CARTESIAN_POINT('Ctrl Pts',(-3.2371948040632,3.7,-2.96409027334139));
#7151=CARTESIAN_POINT('',(-2.9317144430784,3.7,-3.12647195216104));
#7152=CARTESIAN_POINT('Ctrl Pts',(-2.9317144430784,3.7,-3.12647195216104));
#7153=CARTESIAN_POINT('Ctrl Pts',(-2.97446755837234,3.7,-3.07912954396523));
#7154=CARTESIAN_POINT('Ctrl Pts',(-3.05694576621638,3.7,-2.98779779056749));
#7155=CARTESIAN_POINT('Ctrl Pts',(-3.1786005624393,3.7,-2.97179696631042));
#7156=CARTESIAN_POINT('Ctrl Pts',(-3.2371948040632,3.7,-2.96409027334139));
#7157=CARTESIAN_POINT('',(-2.9317144430784,3.6,-3.12647195216104));
#7158=CARTESIAN_POINT('Ctrl Pts',(-2.77440705668008,3.6,-3.80238549467012));
#7159=CARTESIAN_POINT('Ctrl Pts',(-2.77440705668008,3.7,-3.80238549467012));
#7160=CARTESIAN_POINT('Ctrl Pts',(-2.78206442888491,3.6,-3.65760360647019));
#7161=CARTESIAN_POINT('Ctrl Pts',(-2.78206442888491,3.7,-3.65760360647019));
#7162=CARTESIAN_POINT('Ctrl Pts',(-2.79453833764919,3.6,-3.42175297575556));
#7163=CARTESIAN_POINT('Ctrl Pts',(-2.79453833764919,3.7,-3.42175297575556));
#7164=CARTESIAN_POINT('Ctrl Pts',(-2.89350179357678,3.6,-3.20872731452019));
#7165=CARTESIAN_POINT('Ctrl Pts',(-2.89350179357678,3.7,-3.20872731452019));
#7166=CARTESIAN_POINT('Ctrl Pts',(-2.9317144430784,3.6,-3.12647195216104));
#7167=CARTESIAN_POINT('Ctrl Pts',(-2.9317144430784,3.7,-3.12647195216104));
#7168=CARTESIAN_POINT('',(-2.77440705668008,3.7,-3.80238549467012));
#7169=CARTESIAN_POINT('Ctrl Pts',(-2.77440705668008,3.7,-3.80238549467012));
#7170=CARTESIAN_POINT('Ctrl Pts',(-2.78206442888491,3.7,-3.65760360647019));
#7171=CARTESIAN_POINT('Ctrl Pts',(-2.79453833764919,3.7,-3.42175297575556));
#7172=CARTESIAN_POINT('Ctrl Pts',(-2.89350179357678,3.7,-3.20872731452019));
#7173=CARTESIAN_POINT('Ctrl Pts',(-2.9317144430784,3.7,-3.12647195216104));
#7174=CARTESIAN_POINT('',(-2.77440705668008,3.6,-3.80238549467012));
#7175=CARTESIAN_POINT('Ctrl Pts',(-3.30417731176889,3.6,-3.55069385524675));
#7176=CARTESIAN_POINT('Ctrl Pts',(-3.30417731176889,3.7,-3.55069385524675));
#7177=CARTESIAN_POINT('Ctrl Pts',(-3.20253650989856,3.6,-3.56166472332552));
#7178=CARTESIAN_POINT('Ctrl Pts',(-3.20253650989856,3.7,-3.56166472332552));
#7179=CARTESIAN_POINT('Ctrl Pts',(-2.99684080741268,3.6,-3.58386703159951));
#7180=CARTESIAN_POINT('Ctrl Pts',(-2.99684080741268,3.7,-3.58386703159951));
#7181=CARTESIAN_POINT('Ctrl Pts',(-2.84912949981426,3.6,-3.72897831893));
#7182=CARTESIAN_POINT('Ctrl Pts',(-2.84912949981426,3.7,-3.72897831893));
#7183=CARTESIAN_POINT('Ctrl Pts',(-2.77440705668008,3.6,-3.80238549467012));
#7184=CARTESIAN_POINT('Ctrl Pts',(-2.77440705668008,3.7,-3.80238549467012));
#7185=CARTESIAN_POINT('',(-3.30417731176889,3.7,-3.55069385524675));
#7186=CARTESIAN_POINT('Ctrl Pts',(-3.30417731176889,3.7,-3.55069385524675));
#7187=CARTESIAN_POINT('Ctrl Pts',(-3.20253650989856,3.7,-3.56166472332552));
#7188=CARTESIAN_POINT('Ctrl Pts',(-2.99684080741268,3.7,-3.58386703159951));
#7189=CARTESIAN_POINT('Ctrl Pts',(-2.84912949981426,3.7,-3.72897831893));
#7190=CARTESIAN_POINT('Ctrl Pts',(-2.77440705668008,3.7,-3.80238549467012));
#7191=CARTESIAN_POINT('',(-3.30417731176889,3.6,-3.55069385524675));
#7192=CARTESIAN_POINT('Ctrl Pts',(-3.91615310083902,3.6,-3.82268296237871));
#7193=CARTESIAN_POINT('Ctrl Pts',(-3.91615310083902,3.7,-3.82268296237871));
#7194=CARTESIAN_POINT('Ctrl Pts',(-3.82769917295404,3.6,-3.74335609794879));
#7195=CARTESIAN_POINT('Ctrl Pts',(-3.82769917295404,3.7,-3.74335609794879));
#7196=CARTESIAN_POINT('Ctrl Pts',(-3.65288538862342,3.6,-3.5865803650711));
#7197=CARTESIAN_POINT('Ctrl Pts',(-3.65288538862342,3.7,-3.5865803650711));
#7198=CARTESIAN_POINT('Ctrl Pts',(-3.41948136530617,3.6,-3.56256011337125));
#7199=CARTESIAN_POINT('Ctrl Pts',(-3.41948136530617,3.7,-3.56256011337125));
#7200=CARTESIAN_POINT('Ctrl Pts',(-3.30417731176889,3.6,-3.55069385524675));
#7201=CARTESIAN_POINT('Ctrl Pts',(-3.30417731176889,3.7,-3.55069385524675));
#7202=CARTESIAN_POINT('',(-3.91615310083902,3.7,-3.82268296237871));
#7203=CARTESIAN_POINT('Ctrl Pts',(-3.91615310083902,3.7,-3.82268296237871));
#7204=CARTESIAN_POINT('Ctrl Pts',(-3.82769917295404,3.7,-3.74335609794879));
#7205=CARTESIAN_POINT('Ctrl Pts',(-3.65288538862342,3.7,-3.5865803650711));
#7206=CARTESIAN_POINT('Ctrl Pts',(-3.41948136530617,3.7,-3.56256011337125));
#7207=CARTESIAN_POINT('Ctrl Pts',(-3.30417731176889,3.7,-3.55069385524675));
#7208=CARTESIAN_POINT('',(-3.91615310083902,3.6,-3.82268296237871));
#7209=CARTESIAN_POINT('Ctrl Pts',(-4.17088904749429,3.6,-4.52498333211824));
#7210=CARTESIAN_POINT('Ctrl Pts',(-4.17088904749429,3.7,-4.52498333211824));
#7211=CARTESIAN_POINT('Ctrl Pts',(-4.16207630034919,3.6,-4.39012593073788));
#7212=CARTESIAN_POINT('Ctrl Pts',(-4.16207630034919,3.7,-4.39012593073788));
#7213=CARTESIAN_POINT('Ctrl Pts',(-4.14512764443167,3.6,-4.13076847314908));
#7214=CARTESIAN_POINT('Ctrl Pts',(-4.14512764443167,3.7,-4.13076847314908));
#7215=CARTESIAN_POINT('Ctrl Pts',(-3.99041853142961,3.6,-3.92260718433409));
#7216=CARTESIAN_POINT('Ctrl Pts',(-3.99041853142961,3.7,-3.92260718433409));
#7217=CARTESIAN_POINT('Ctrl Pts',(-3.91615310083902,3.6,-3.82268296237871));
#7218=CARTESIAN_POINT('Ctrl Pts',(-3.91615310083902,3.7,-3.82268296237871));
#7219=CARTESIAN_POINT('',(-4.17088904749429,3.7,-4.52498333211824));
#7220=CARTESIAN_POINT('Ctrl Pts',(-4.17088904749429,3.7,-4.52498333211824));
#7221=CARTESIAN_POINT('Ctrl Pts',(-4.16207630034919,3.7,-4.39012593073788));
#7222=CARTESIAN_POINT('Ctrl Pts',(-4.14512764443167,3.7,-4.13076847314908));
#7223=CARTESIAN_POINT('Ctrl Pts',(-3.99041853142961,3.7,-3.92260718433409));
#7224=CARTESIAN_POINT('Ctrl Pts',(-3.91615310083902,3.7,-3.82268296237871));
#7225=CARTESIAN_POINT('',(-4.17088904749429,3.6,-4.52498333211824));
#7226=CARTESIAN_POINT('Ctrl Pts',(-3.90295901667153,3.6,-5.25773035045549));
#7227=CARTESIAN_POINT('Ctrl Pts',(-3.90295901667153,3.7,-5.25773035045549));
#7228=CARTESIAN_POINT('Ctrl Pts',(-3.98105653285137,3.6,-5.15484613399041));
#7229=CARTESIAN_POINT('Ctrl Pts',(-3.98105653285137,3.7,-5.15484613399041));
#7230=CARTESIAN_POINT('Ctrl Pts',(-4.14509726829014,3.6,-4.93874191762696));
#7231=CARTESIAN_POINT('Ctrl Pts',(-4.14509726829014,3.7,-4.93874191762696));
#7232=CARTESIAN_POINT('Ctrl Pts',(-4.16202196425328,3.6,-4.66723144111245));
#7233=CARTESIAN_POINT('Ctrl Pts',(-4.16202196425328,3.7,-4.66723144111245));
#7234=CARTESIAN_POINT('Ctrl Pts',(-4.17088904749429,3.6,-4.52498333211824));
#7235=CARTESIAN_POINT('Ctrl Pts',(-4.17088904749429,3.7,-4.52498333211824));
#7236=CARTESIAN_POINT('',(-3.90295901667153,3.7,-5.25773035045549));
#7237=CARTESIAN_POINT('Ctrl Pts',(-3.90295901667153,3.7,-5.25773035045549));
#7238=CARTESIAN_POINT('Ctrl Pts',(-3.98105653285137,3.7,-5.15484613399041));
#7239=CARTESIAN_POINT('Ctrl Pts',(-4.14509726829014,3.7,-4.93874191762696));
#7240=CARTESIAN_POINT('Ctrl Pts',(-4.16202196425328,3.7,-4.66723144111245));
#7241=CARTESIAN_POINT('Ctrl Pts',(-4.17088904749429,3.7,-4.52498333211824));
#7242=CARTESIAN_POINT('',(-3.90295901667153,3.6,-5.25773035045549));
#7243=CARTESIAN_POINT('Ctrl Pts',(-3.21486750017678,3.6,-5.53377883191988));
#7244=CARTESIAN_POINT('Ctrl Pts',(-3.21486750017678,3.7,-5.53377883191988));
#7245=CARTESIAN_POINT('Ctrl Pts',(-3.34740374584714,3.6,-5.52346434005518));
#7246=CARTESIAN_POINT('Ctrl Pts',(-3.34740374584714,3.7,-5.52346434005518));
#7247=CARTESIAN_POINT('Ctrl Pts',(-3.60604642575943,3.6,-5.50333574953772));
#7248=CARTESIAN_POINT('Ctrl Pts',(-3.60604642575943,3.7,-5.50333574953772));
#7249=CARTESIAN_POINT('Ctrl Pts',(-3.80564212432789,3.6,-5.33823065563985));
#7250=CARTESIAN_POINT('Ctrl Pts',(-3.80564212432789,3.7,-5.33823065563985));
#7251=CARTESIAN_POINT('Ctrl Pts',(-3.90295901667153,3.6,-5.25773035045549));
#7252=CARTESIAN_POINT('Ctrl Pts',(-3.90295901667153,3.7,-5.25773035045549));
#7253=CARTESIAN_POINT('',(-3.21486750017678,3.7,-5.53377883191988));
#7254=CARTESIAN_POINT('Ctrl Pts',(-3.21486750017678,3.7,-5.53377883191988));
#7255=CARTESIAN_POINT('Ctrl Pts',(-3.34740374584714,3.7,-5.52346434005518));
#7256=CARTESIAN_POINT('Ctrl Pts',(-3.60604642575943,3.7,-5.50333574953772));
#7257=CARTESIAN_POINT('Ctrl Pts',(-3.80564212432789,3.7,-5.33823065563985));
#7258=CARTESIAN_POINT('Ctrl Pts',(-3.90295901667153,3.7,-5.25773035045549));
#7259=CARTESIAN_POINT('',(-3.21486750017678,3.6,-5.53377883191988));
#7260=CARTESIAN_POINT('Ctrl Pts',(-2.47400143515145,3.6,-5.18364356513902));
#7261=CARTESIAN_POINT('Ctrl Pts',(-2.47400143515145,3.7,-5.18364356513902));
#7262=CARTESIAN_POINT('Ctrl Pts',(-2.57723299376389,3.6,-5.28576610411783));
#7263=CARTESIAN_POINT('Ctrl Pts',(-2.57723299376389,3.7,-5.28576610411783));
#7264=CARTESIAN_POINT('Ctrl Pts',(-2.78314464132739,3.6,-5.48946563686868));
#7265=CARTESIAN_POINT('Ctrl Pts',(-2.78314464132739,3.7,-5.48946563686868));
#7266=CARTESIAN_POINT('Ctrl Pts',(-3.07121705104439,3.6,-5.51903416357278));
#7267=CARTESIAN_POINT('Ctrl Pts',(-3.07121705104439,3.7,-5.51903416357278));
#7268=CARTESIAN_POINT('Ctrl Pts',(-3.21486750017678,3.6,-5.53377883191988));
#7269=CARTESIAN_POINT('Ctrl Pts',(-3.21486750017678,3.7,-5.53377883191988));
#7270=CARTESIAN_POINT('',(-2.47400143515145,3.7,-5.18364356513902));
#7271=CARTESIAN_POINT('Ctrl Pts',(-2.47400143515145,3.7,-5.18364356513902));
#7272=CARTESIAN_POINT('Ctrl Pts',(-2.57723299376389,3.7,-5.28576610411783));
#7273=CARTESIAN_POINT('Ctrl Pts',(-2.78314464132739,3.7,-5.48946563686868));
#7274=CARTESIAN_POINT('Ctrl Pts',(-3.07121705104439,3.7,-5.51903416357278));
#7275=CARTESIAN_POINT('Ctrl Pts',(-3.21486750017678,3.7,-5.53377883191988));
#7276=CARTESIAN_POINT('',(-2.47400143515145,3.6,-5.18364356513902));
#7277=CARTESIAN_POINT('Ctrl Pts',(-2.18374410044229,3.6,-4.03580890651628));
#7278=CARTESIAN_POINT('Ctrl Pts',(-2.18374410044229,3.7,-4.03580890651628));
#7279=CARTESIAN_POINT('Ctrl Pts',(-2.1867347705716,3.6,-4.27034376407334));
#7280=CARTESIAN_POINT('Ctrl Pts',(-2.1867347705716,3.7,-4.27034376407334));
#7281=CARTESIAN_POINT('Ctrl Pts',(-2.19194032301981,3.6,-4.67857451141782));
#7282=CARTESIAN_POINT('Ctrl Pts',(-2.19194032301981,3.7,-4.67857451141782));
#7283=CARTESIAN_POINT('Ctrl Pts',(-2.38981065796414,3.6,-5.03288844741048));
#7284=CARTESIAN_POINT('Ctrl Pts',(-2.38981065796414,3.7,-5.03288844741048));
#7285=CARTESIAN_POINT('Ctrl Pts',(-2.47400143515145,3.6,-5.18364356513902));
#7286=CARTESIAN_POINT('Ctrl Pts',(-2.47400143515145,3.7,-5.18364356513902));
#7287=CARTESIAN_POINT('',(-2.18374410044229,3.7,-4.03580890651628));
#7288=CARTESIAN_POINT('Ctrl Pts',(-2.18374410044229,3.7,-4.03580890651628));
#7289=CARTESIAN_POINT('Ctrl Pts',(-2.1867347705716,3.7,-4.27034376407334));
#7290=CARTESIAN_POINT('Ctrl Pts',(-2.19194032301981,3.7,-4.67857451141782));
#7291=CARTESIAN_POINT('Ctrl Pts',(-2.38981065796414,3.7,-5.03288844741048));
#7292=CARTESIAN_POINT('Ctrl Pts',(-2.47400143515145,3.7,-5.18364356513902));
#7293=CARTESIAN_POINT('',(-2.18374410044229,3.6,-4.03580890651628));
#7294=CARTESIAN_POINT('Ctrl Pts',(-2.48617985617196,3.6,-2.8565125321953));
#7295=CARTESIAN_POINT('Ctrl Pts',(-2.48617985617196,3.7,-2.8565125321953));
#7296=CARTESIAN_POINT('Ctrl Pts',(-2.39844219291356,3.6,-3.01156764166408));
#7297=CARTESIAN_POINT('Ctrl Pts',(-2.39844219291356,3.7,-3.01156764166408));
#7298=CARTESIAN_POINT('Ctrl Pts',(-2.19281114724228,3.6,-3.37497080414441));
#7299=CARTESIAN_POINT('Ctrl Pts',(-2.19281114724228,3.7,-3.37497080414441));
#7300=CARTESIAN_POINT('Ctrl Pts',(-2.18704816258707,3.6,-3.79499729430733));
#7301=CARTESIAN_POINT('Ctrl Pts',(-2.18704816258707,3.7,-3.79499729430733));
#7302=CARTESIAN_POINT('Ctrl Pts',(-2.18374410044229,3.6,-4.03580890651628));
#7303=CARTESIAN_POINT('Ctrl Pts',(-2.18374410044229,3.7,-4.03580890651628));
#7304=CARTESIAN_POINT('',(-2.48617985617196,3.7,-2.8565125321953));
#7305=CARTESIAN_POINT('Ctrl Pts',(-2.48617985617196,3.7,-2.8565125321953));
#7306=CARTESIAN_POINT('Ctrl Pts',(-2.39844219291356,3.7,-3.01156764166408));
#7307=CARTESIAN_POINT('Ctrl Pts',(-2.19281114724228,3.7,-3.37497080414441));
#7308=CARTESIAN_POINT('Ctrl Pts',(-2.18704816258707,3.7,-3.79499729430733));
#7309=CARTESIAN_POINT('Ctrl Pts',(-2.18374410044229,3.7,-4.03580890651628));
#7310=CARTESIAN_POINT('',(-2.48617985617196,3.6,-2.8565125321953));
#7311=CARTESIAN_POINT('Ctrl Pts',(-3.27170052897012,3.6,-2.49521331544801));
#7312=CARTESIAN_POINT('Ctrl Pts',(-3.27170052897012,3.7,-2.49521331544801));
#7313=CARTESIAN_POINT('Ctrl Pts',(-3.11856878838737,3.6,-2.5098286576115));
#7314=CARTESIAN_POINT('Ctrl Pts',(-3.11856878838737,3.7,-2.5098286576115));
#7315=CARTESIAN_POINT('Ctrl Pts',(-2.81449735843148,3.6,-2.53885012614593));
#7316=CARTESIAN_POINT('Ctrl Pts',(-2.81449735843148,3.7,-2.53885012614593));
#7317=CARTESIAN_POINT('Ctrl Pts',(-2.59509179195035,3.6,-2.75113518457065));
#7318=CARTESIAN_POINT('Ctrl Pts',(-2.59509179195035,3.7,-2.75113518457065));
#7319=CARTESIAN_POINT('Ctrl Pts',(-2.48617985617196,3.6,-2.8565125321953));
#7320=CARTESIAN_POINT('Ctrl Pts',(-2.48617985617196,3.7,-2.8565125321953));
#7321=CARTESIAN_POINT('',(-3.27170052897012,3.7,-2.49521331544801));
#7322=CARTESIAN_POINT('Ctrl Pts',(-3.27170052897012,3.7,-2.49521331544801));
#7323=CARTESIAN_POINT('Ctrl Pts',(-3.11856878838737,3.7,-2.5098286576115));
#7324=CARTESIAN_POINT('Ctrl Pts',(-2.81449735843148,3.7,-2.53885012614593));
#7325=CARTESIAN_POINT('Ctrl Pts',(-2.59509179195035,3.7,-2.75113518457065));
#7326=CARTESIAN_POINT('Ctrl Pts',(-2.48617985617196,3.7,-2.8565125321953));
#7327=CARTESIAN_POINT('',(-3.27170052897012,3.6,-2.49521331544801));
#7328=CARTESIAN_POINT('Ctrl Pts',(-3.83293190371072,3.6,-2.68499688859865));
#7329=CARTESIAN_POINT('Ctrl Pts',(-3.83293190371072,3.7,-2.68499688859865));
#7330=CARTESIAN_POINT('Ctrl Pts',(-3.75185065538777,3.6,-2.62966844049001));
#7331=CARTESIAN_POINT('Ctrl Pts',(-3.75185065538777,3.7,-2.62966844049001));
#7332=CARTESIAN_POINT('Ctrl Pts',(-3.58281965279102,3.6,-2.51432459404755));
#7333=CARTESIAN_POINT('Ctrl Pts',(-3.58281965279102,3.7,-2.51432459404755));
#7334=CARTESIAN_POINT('Ctrl Pts',(-3.37817873700074,3.6,-2.5017540085223));
#7335=CARTESIAN_POINT('Ctrl Pts',(-3.37817873700074,3.7,-2.5017540085223));
#7336=CARTESIAN_POINT('Ctrl Pts',(-3.27170052897012,3.6,-2.49521331544801));
#7337=CARTESIAN_POINT('Ctrl Pts',(-3.27170052897012,3.7,-2.49521331544801));
#7338=CARTESIAN_POINT('',(-3.83293190371072,3.7,-2.68499688859865));
#7339=CARTESIAN_POINT('Ctrl Pts',(-3.83293190371072,3.7,-2.68499688859865));
#7340=CARTESIAN_POINT('Ctrl Pts',(-3.75185065538777,3.7,-2.62966844049001));
#7341=CARTESIAN_POINT('Ctrl Pts',(-3.58281965279102,3.7,-2.51432459404755));
#7342=CARTESIAN_POINT('Ctrl Pts',(-3.37817873700074,3.7,-2.5017540085223));
#7343=CARTESIAN_POINT('Ctrl Pts',(-3.27170052897012,3.7,-2.49521331544801));
#7344=CARTESIAN_POINT('',(-3.83293190371072,3.6,-2.68499688859865));
#7345=CARTESIAN_POINT('Ctrl Pts',(-4.11608496080911,3.6,-3.23607952948496));
#7346=CARTESIAN_POINT('Ctrl Pts',(-4.11608496080911,3.7,-3.23607952948496));
#7347=CARTESIAN_POINT('Ctrl Pts',(-4.0915913858653,3.6,-3.12505568524518));
#7348=CARTESIAN_POINT('Ctrl Pts',(-4.0915913858653,3.7,-3.12505568524518));
#7349=CARTESIAN_POINT('Ctrl Pts',(-4.04544743925319,3.6,-2.91589559517966));
#7350=CARTESIAN_POINT('Ctrl Pts',(-4.04544743925319,3.7,-2.91589559517966));
#7351=CARTESIAN_POINT('Ctrl Pts',(-3.90079954286527,3.6,-2.75873526287558));
#7352=CARTESIAN_POINT('Ctrl Pts',(-3.90079954286527,3.7,-2.75873526287558));
#7353=CARTESIAN_POINT('Ctrl Pts',(-3.83293190371072,3.6,-2.68499688859865));
#7354=CARTESIAN_POINT('Ctrl Pts',(-3.83293190371072,3.7,-2.68499688859865));
#7355=CARTESIAN_POINT('Ctrl Pts',(-4.11608496080911,3.7,-3.23607952948496));
#7356=CARTESIAN_POINT('Ctrl Pts',(-4.0915913858653,3.7,-3.12505568524518));
#7357=CARTESIAN_POINT('Ctrl Pts',(-4.04544743925319,3.7,-2.91589559517966));
#7358=CARTESIAN_POINT('Ctrl Pts',(-3.90079954286527,3.7,-2.75873526287558));
#7359=CARTESIAN_POINT('Ctrl Pts',(-3.83293190371072,3.7,-2.68499688859865));
#7360=CARTESIAN_POINT('Origin',(-1.56060436140573,3.7,-4.01449607368395));
#7361=CARTESIAN_POINT('Origin',(-1.55197207945482,3.6,-4.05));
#7362=CARTESIAN_POINT('Origin',(-0.440171448102352,3.6,-3.01077486630365));
#7363=CARTESIAN_POINT('',(-0.440171448102352,3.7,-5.48303471561357));
#7364=CARTESIAN_POINT('',(-0.440171448102352,3.6,-5.48303471561357));
#7365=CARTESIAN_POINT('',(-0.440171448102352,3.7,-3.01077486630365));
#7366=CARTESIAN_POINT('',(-0.440171448102352,3.7,-5.48303471561357));
#7367=CARTESIAN_POINT('',(-0.440171448102352,3.6,-3.01077486630365));
#7368=CARTESIAN_POINT('Origin',(0.442778380999211,3.6,-3.01077486630365));
#7369=CARTESIAN_POINT('',(0.442778380999211,3.7,-3.01077486630365));
#7370=CARTESIAN_POINT('',(-0.440171448102352,3.7,-3.01077486630365));
#7371=CARTESIAN_POINT('',(0.442778380999211,3.6,-3.01077486630365));
#7372=CARTESIAN_POINT('Origin',(0.442778380999211,3.6,-2.50739203449175));
#7373=CARTESIAN_POINT('',(0.442778380999211,3.7,-2.50739203449175));
#7374=CARTESIAN_POINT('',(0.442778380999211,3.7,-3.01077486630365));
#7375=CARTESIAN_POINT('',(0.442778380999211,3.6,-2.50739203449175));
#7376=CARTESIAN_POINT('Origin',(-1.92190328012979,3.6,-2.50739203449175));
#7377=CARTESIAN_POINT('',(-1.92190328012979,3.7,-2.50739203449175));
#7378=CARTESIAN_POINT('',(0.442778380999211,3.7,-2.50739203449175));
#7379=CARTESIAN_POINT('',(-1.92190328012979,3.6,-2.50739203449175));
#7380=CARTESIAN_POINT('Origin',(-1.92190328012979,3.6,-3.01077486630365));
#7381=CARTESIAN_POINT('',(-1.92190328012979,3.7,-3.01077486630365));
#7382=CARTESIAN_POINT('',(-1.92190328012979,3.7,-2.50739203449175));
#7383=CARTESIAN_POINT('',(-1.92190328012979,3.6,-3.01077486630365));
#7384=CARTESIAN_POINT('Origin',(-1.04098358522927,3.6,-3.01077486630365));
#7385=CARTESIAN_POINT('',(-1.04098358522927,3.7,-3.01077486630365));
#7386=CARTESIAN_POINT('',(-1.92190328012979,3.7,-3.01077486630365));
#7387=CARTESIAN_POINT('',(-1.04098358522927,3.6,-3.01077486630365));
#7388=CARTESIAN_POINT('Origin',(-1.04098358522927,3.6,-5.48303471561357));
#7389=CARTESIAN_POINT('',(-1.04098358522927,3.7,-5.48303471561357));
#7390=CARTESIAN_POINT('',(-1.04098358522927,3.7,-3.01077486630365));
#7391=CARTESIAN_POINT('',(-1.04098358522927,3.6,-5.48303471561357));
#7392=CARTESIAN_POINT('Origin',(-0.440171448102352,3.6,-5.48303471561357));
#7393=CARTESIAN_POINT('',(-1.04098358522927,3.7,-5.48303471561357));
#7394=CARTESIAN_POINT('Origin',(-1.56060436140573,3.7,-4.01449607368395));
#7395=CARTESIAN_POINT('Origin',(-5.50367611692014,-3.6,-3.96513530101083));
#7396=CARTESIAN_POINT('',(-6.52059088692728,-3.6,-5.51790931309961));
#7397=CARTESIAN_POINT('',(-5.50367611692014,-3.6,-3.96513530101083));
#7398=CARTESIAN_POINT('',(-4.93005365729917,-3.6,-3.08924474034601));
#7399=CARTESIAN_POINT('',(-6.52059088692728,-3.7,-5.51790931309961));
#7400=CARTESIAN_POINT('',(-6.52059088692728,-3.6,-5.51790931309961));
#7401=CARTESIAN_POINT('',(-5.50367611692014,-3.7,-3.96513530101083));
#7402=CARTESIAN_POINT('',(-6.52059088692728,-3.7,-5.51790931309961));
#7403=CARTESIAN_POINT('',(-5.50367611692014,-3.6,-3.96513530101083));
#7404=CARTESIAN_POINT('Origin',(-6.42519169718686,-3.6,-2.54226663197778));
#7405=CARTESIAN_POINT('',(-6.42519169718686,-3.6,-2.54226663197778));
#7406=CARTESIAN_POINT('',(-5.36120986960744,-3.6,-4.18511070244386));
#7407=CARTESIAN_POINT('',(-6.42519169718686,-3.7,-2.54226663197778));
#7408=CARTESIAN_POINT('',(-5.50367611692014,-3.7,-3.96513530101083));
#7409=CARTESIAN_POINT('',(-6.42519169718686,-3.6,-2.54226663197778));
#7410=CARTESIAN_POINT('Origin',(-5.72289127156797,-3.6,-2.54226663197778));
#7411=CARTESIAN_POINT('',(-5.72289127156797,-3.6,-2.54226663197778));
#7412=CARTESIAN_POINT('',(-3.6374316755114,-3.6,-2.54226663197778));
#7413=CARTESIAN_POINT('',(-5.72289127156797,-3.7,-2.54226663197778));
#7414=CARTESIAN_POINT('',(-6.42519169718686,-3.7,-2.54226663197778));
#7415=CARTESIAN_POINT('',(-5.72289127156797,-3.6,-2.54226663197778));
#7416=CARTESIAN_POINT('Origin',(-5.12613888130251,-3.6,-3.49828817929529));
#7417=CARTESIAN_POINT('',(-5.12613888130251,-3.6,-3.49828817929529));
#7418=CARTESIAN_POINT('',(-4.50115794867598,-3.6,-4.49953299707936));
#7419=CARTESIAN_POINT('',(-5.12613888130251,-3.7,-3.49828817929529));
#7420=CARTESIAN_POINT('',(-5.72289127156797,-3.7,-2.54226663197778));
#7421=CARTESIAN_POINT('',(-5.12613888130251,-3.6,-3.49828817929529));
#7422=CARTESIAN_POINT('Origin',(-4.54156513557497,-3.6,-2.54226663197778));
#7423=CARTESIAN_POINT('',(-4.54156513557497,-3.6,-2.54226663197778));
#7424=CARTESIAN_POINT('',(-4.47028895996681,-3.6,-2.42570039856445));
#7425=CARTESIAN_POINT('',(-4.54156513557497,-3.7,-2.54226663197778));
#7426=CARTESIAN_POINT('',(-5.12613888130251,-3.7,-3.49828817929529));
#7427=CARTESIAN_POINT('',(-4.54156513557497,-3.6,-2.54226663197778));
#7428=CARTESIAN_POINT('Origin',(-3.8453541253573,-3.6,-2.54226663197778));
#7429=CARTESIAN_POINT('',(-3.8453541253573,-3.6,-2.54226663197778));
#7430=CARTESIAN_POINT('',(-2.69866310240606,-3.6,-2.54226663197778));
#7431=CARTESIAN_POINT('',(-3.8453541253573,-3.7,-2.54226663197778));
#7432=CARTESIAN_POINT('',(-4.54156513557497,-3.7,-2.54226663197778));
#7433=CARTESIAN_POINT('',(-3.8453541253573,-3.6,-2.54226663197778));
#7434=CARTESIAN_POINT('Origin',(-4.7709291730887,-3.6,-3.98746260489725));
#7435=CARTESIAN_POINT('',(-4.7709291730887,-3.6,-3.98746260489725));
#7436=CARTESIAN_POINT('',(-4.31698374064736,-3.6,-3.27867068953892));
#7437=CARTESIAN_POINT('',(-4.7709291730887,-3.7,-3.98746260489725));
#7438=CARTESIAN_POINT('',(-3.8453541253573,-3.7,-2.54226663197778));
#7439=CARTESIAN_POINT('',(-4.7709291730887,-3.6,-3.98746260489725));
#7440=CARTESIAN_POINT('Origin',(-3.75401447758737,-3.6,-5.51790931309961));
#7441=CARTESIAN_POINT('',(-3.75401447758737,-3.6,-5.51790931309961));
#7442=CARTESIAN_POINT('',(-3.75510893772012,-3.6,-5.51626216126393));
#7443=CARTESIAN_POINT('',(-3.75401447758737,-3.7,-5.51790931309961));
#7444=CARTESIAN_POINT('',(-4.7709291730887,-3.7,-3.98746260489725));
#7445=CARTESIAN_POINT('',(-3.75401447758737,-3.6,-5.51790931309961));
#7446=CARTESIAN_POINT('Origin',(-4.47864230022493,-3.6,-5.51790931309961));
#7447=CARTESIAN_POINT('',(-4.47864230022493,-3.6,-5.51790931309961));
#7448=CARTESIAN_POINT('',(-3.01530718983987,-3.6,-5.51790931309961));
#7449=CARTESIAN_POINT('',(-4.47864230022493,-3.7,-5.51790931309961));
#7450=CARTESIAN_POINT('',(-3.75401447758737,-3.7,-5.51790931309961));
#7451=CARTESIAN_POINT('',(-4.47864230022493,-3.6,-5.51790931309961));
#7452=CARTESIAN_POINT('Origin',(-5.13831760034624,-3.6,-4.48881604756616));
#7453=CARTESIAN_POINT('',(-5.13831760034624,-3.6,-4.48881604756616));
#7454=CARTESIAN_POINT('',(-4.71575914398512,-3.6,-5.14800710967728));
#7455=CARTESIAN_POINT('',(-5.13831760034624,-3.7,-4.48881604756616));
#7456=CARTESIAN_POINT('',(-4.47864230022493,-3.7,-5.51790931309961));
#7457=CARTESIAN_POINT('',(-5.13831760034624,-3.6,-4.48881604756616));
#7458=CARTESIAN_POINT('Origin',(-5.80002251312795,-3.6,-5.51790931309961));
#7459=CARTESIAN_POINT('',(-5.80002251312795,-3.6,-5.51790931309961));
#7460=CARTESIAN_POINT('',(-4.84483808514465,-3.6,-4.03239236560143));
#7461=CARTESIAN_POINT('',(-5.80002251312795,-3.7,-5.51790931309961));
#7462=CARTESIAN_POINT('',(-5.13831760034624,-3.7,-4.48881604756616));
#7463=CARTESIAN_POINT('',(-5.80002251312795,-3.6,-5.51790931309961));
#7464=CARTESIAN_POINT('Origin',(-6.52059088692728,-3.6,-5.51790931309961));
#7465=CARTESIAN_POINT('',(-4.03628148319105,-3.6,-5.51790931309961));
#7466=CARTESIAN_POINT('',(-5.80002251312795,-3.7,-5.51790931309961));
#7467=CARTESIAN_POINT('Origin',(-1.65523241505686,-3.7,-4.04937067116998));
#7468=CARTESIAN_POINT('Ctrl Pts',(2.0592467929357,-3.6,-3.06899198378824));
#7469=CARTESIAN_POINT('Ctrl Pts',(2.0592467929357,-3.7,-3.06899198378824));
#7470=CARTESIAN_POINT('Ctrl Pts',(2.08719087088118,-3.6,-3.04975147600727));
#7471=CARTESIAN_POINT('Ctrl Pts',(2.08719087088118,-3.7,-3.04975147600727));
#7472=CARTESIAN_POINT('Ctrl Pts',(2.14291923264521,-3.6,-3.01138048447793));
#7473=CARTESIAN_POINT('Ctrl Pts',(2.14291923264521,-3.7,-3.01138048447793));
#7474=CARTESIAN_POINT('Ctrl Pts',(2.21034127006299,-3.6,-3.00580432862206));
#7475=CARTESIAN_POINT('Ctrl Pts',(2.21034127006299,-3.7,-3.00580432862206));
#7476=CARTESIAN_POINT('Ctrl Pts',(2.24395562663016,-3.6,-3.00302424515985));
#7477=CARTESIAN_POINT('Ctrl Pts',(2.24395562663016,-3.7,-3.00302424515985));
#7478=CARTESIAN_POINT('',(2.24395562663016,-3.6,-3.00302424515985));
#7479=CARTESIAN_POINT('',(2.0592467929357,-3.6,-3.06899198378824));
#7480=CARTESIAN_POINT('Ctrl Pts',(2.24395562663016,-3.6,-3.00302424515985));
#7481=CARTESIAN_POINT('Ctrl Pts',(2.21034127006299,-3.6,-3.00580432862206));
#7482=CARTESIAN_POINT('Ctrl Pts',(2.14291923264521,-3.6,-3.01138048447793));
#7483=CARTESIAN_POINT('Ctrl Pts',(2.08719087088118,-3.6,-3.04975147600727));
#7484=CARTESIAN_POINT('Ctrl Pts',(2.0592467929357,-3.6,-3.06899198378824));
#7485=CARTESIAN_POINT('',(2.24395562663016,-3.7,-3.00302424515985));
#7486=CARTESIAN_POINT('',(2.24395562663016,-3.6,-3.00302424515985));
#7487=CARTESIAN_POINT('',(2.0592467929357,-3.7,-3.06899198378824));
#7488=CARTESIAN_POINT('Ctrl Pts',(2.0592467929357,-3.7,-3.06899198378824));
#7489=CARTESIAN_POINT('Ctrl Pts',(2.08719087088118,-3.7,-3.04975147600727));
#7490=CARTESIAN_POINT('Ctrl Pts',(2.14291923264521,-3.7,-3.01138048447793));
#7491=CARTESIAN_POINT('Ctrl Pts',(2.21034127006299,-3.7,-3.00580432862206));
#7492=CARTESIAN_POINT('Ctrl Pts',(2.24395562663016,-3.7,-3.00302424515985));
#7493=CARTESIAN_POINT('',(2.0592467929357,-3.6,-3.06899198378824));
#7494=CARTESIAN_POINT('Ctrl Pts',(1.93340112223563,-3.6,-3.30546029891275));
#7495=CARTESIAN_POINT('Ctrl Pts',(1.93340112223563,-3.7,-3.30546029891275));
#7496=CARTESIAN_POINT('Ctrl Pts',(1.94743228283378,-3.6,-3.25515583611127));
#7497=CARTESIAN_POINT('Ctrl Pts',(1.94743228283378,-3.7,-3.25515583611127));
#7498=CARTESIAN_POINT('Ctrl Pts',(1.97211364775983,-3.6,-3.16666830187441));
#7499=CARTESIAN_POINT('Ctrl Pts',(1.97211364775983,-3.7,-3.16666830187441));
#7500=CARTESIAN_POINT('Ctrl Pts',(2.03298173255343,-3.6,-3.09843513526949));
#7501=CARTESIAN_POINT('Ctrl Pts',(2.03298173255343,-3.7,-3.09843513526949));
#7502=CARTESIAN_POINT('Ctrl Pts',(2.0592467929357,-3.6,-3.06899198378824));
#7503=CARTESIAN_POINT('Ctrl Pts',(2.0592467929357,-3.7,-3.06899198378824));
#7504=CARTESIAN_POINT('',(1.93340112223563,-3.6,-3.30546029891275));
#7505=CARTESIAN_POINT('Ctrl Pts',(2.0592467929357,-3.6,-3.06899198378824));
#7506=CARTESIAN_POINT('Ctrl Pts',(2.03298173255343,-3.6,-3.09843513526949));
#7507=CARTESIAN_POINT('Ctrl Pts',(1.97211364775983,-3.6,-3.16666830187441));
#7508=CARTESIAN_POINT('Ctrl Pts',(1.94743228283378,-3.6,-3.25515583611127));
#7509=CARTESIAN_POINT('Ctrl Pts',(1.93340112223563,-3.6,-3.30546029891275));
#7510=CARTESIAN_POINT('',(1.93340112223563,-3.7,-3.30546029891275));
#7511=CARTESIAN_POINT('Ctrl Pts',(1.93340112223563,-3.7,-3.30546029891275));
#7512=CARTESIAN_POINT('Ctrl Pts',(1.94743228283378,-3.7,-3.25515583611127));
#7513=CARTESIAN_POINT('Ctrl Pts',(1.97211364775983,-3.7,-3.16666830187441));
#7514=CARTESIAN_POINT('Ctrl Pts',(2.03298173255343,-3.7,-3.09843513526949));
#7515=CARTESIAN_POINT('Ctrl Pts',(2.0592467929357,-3.7,-3.06899198378824));
#7516=CARTESIAN_POINT('',(1.93340112223563,-3.6,-3.30546029891275));
#7517=CARTESIAN_POINT('Ctrl Pts',(1.87453736319479,-3.6,-4.05038573827051));
#7518=CARTESIAN_POINT('Ctrl Pts',(1.87453736319479,-3.7,-4.05038573827051));
#7519=CARTESIAN_POINT('Ctrl Pts',(1.87432795106623,-3.6,-3.90056574400032));
#7520=CARTESIAN_POINT('Ctrl Pts',(1.87432795106623,-3.7,-3.90056574400032));
#7521=CARTESIAN_POINT('Ctrl Pts',(1.87397835015637,-3.6,-3.65045030574521));
#7522=CARTESIAN_POINT('Ctrl Pts',(1.87397835015637,-3.7,-3.65045030574521));
#7523=CARTESIAN_POINT('Ctrl Pts',(1.91639299374828,-3.6,-3.40420416692402));
#7524=CARTESIAN_POINT('Ctrl Pts',(1.91639299374828,-3.7,-3.40420416692402));
#7525=CARTESIAN_POINT('Ctrl Pts',(1.93340112223563,-3.6,-3.30546029891275));
#7526=CARTESIAN_POINT('Ctrl Pts',(1.93340112223563,-3.7,-3.30546029891275));
#7527=CARTESIAN_POINT('',(1.87453736319479,-3.6,-4.05038573827051));
#7528=CARTESIAN_POINT('Ctrl Pts',(1.93340112223563,-3.6,-3.30546029891275));
#7529=CARTESIAN_POINT('Ctrl Pts',(1.91639299374828,-3.6,-3.40420416692402));
#7530=CARTESIAN_POINT('Ctrl Pts',(1.87397835015637,-3.6,-3.65045030574521));
#7531=CARTESIAN_POINT('Ctrl Pts',(1.87432795106623,-3.6,-3.90056574400032));
#7532=CARTESIAN_POINT('Ctrl Pts',(1.87453736319479,-3.6,-4.05038573827051));
#7533=CARTESIAN_POINT('',(1.87453736319479,-3.7,-4.05038573827051));
#7534=CARTESIAN_POINT('Ctrl Pts',(1.87453736319479,-3.7,-4.05038573827051));
#7535=CARTESIAN_POINT('Ctrl Pts',(1.87432795106623,-3.7,-3.90056574400032));
#7536=CARTESIAN_POINT('Ctrl Pts',(1.87397835015637,-3.7,-3.65045030574521));
#7537=CARTESIAN_POINT('Ctrl Pts',(1.91639299374828,-3.7,-3.40420416692402));
#7538=CARTESIAN_POINT('Ctrl Pts',(1.93340112223563,-3.7,-3.30546029891275));
#7539=CARTESIAN_POINT('',(1.87453736319479,-3.6,-4.05038573827051));
#7540=CARTESIAN_POINT('Ctrl Pts',(1.92731131567892,-3.6,-4.76993926848673));
#7541=CARTESIAN_POINT('Ctrl Pts',(1.92731131567892,-3.7,-4.76993926848673));
#7542=CARTESIAN_POINT('Ctrl Pts',(1.91209806997187,-3.6,-4.67750452524377));
#7543=CARTESIAN_POINT('Ctrl Pts',(1.91209806997187,-3.7,-4.67750452524377));
#7544=CARTESIAN_POINT('Ctrl Pts',(1.87292756065818,-3.6,-4.43950692494031));
#7545=CARTESIAN_POINT('Ctrl Pts',(1.87292756065818,-3.7,-4.43950692494031));
#7546=CARTESIAN_POINT('Ctrl Pts',(1.87392643615048,-3.6,-4.1980589162193));
#7547=CARTESIAN_POINT('Ctrl Pts',(1.87392643615048,-3.7,-4.1980589162193));
#7548=CARTESIAN_POINT('Ctrl Pts',(1.87453736319479,-3.6,-4.05038573827051));
#7549=CARTESIAN_POINT('Ctrl Pts',(1.87453736319479,-3.7,-4.05038573827051));
#7550=CARTESIAN_POINT('',(1.92731131567892,-3.6,-4.76993926848673));
#7551=CARTESIAN_POINT('Ctrl Pts',(1.87453736319479,-3.6,-4.05038573827051));
#7552=CARTESIAN_POINT('Ctrl Pts',(1.87392643615048,-3.6,-4.1980589162193));
#7553=CARTESIAN_POINT('Ctrl Pts',(1.87292756065818,-3.6,-4.43950692494031));
#7554=CARTESIAN_POINT('Ctrl Pts',(1.91209806997187,-3.6,-4.67750452524377));
#7555=CARTESIAN_POINT('Ctrl Pts',(1.92731131567892,-3.6,-4.76993926848673));
#7556=CARTESIAN_POINT('',(1.92731131567892,-3.7,-4.76993926848673));
#7557=CARTESIAN_POINT('Ctrl Pts',(1.92731131567892,-3.7,-4.76993926848673));
#7558=CARTESIAN_POINT('Ctrl Pts',(1.91209806997187,-3.7,-4.67750452524377));
#7559=CARTESIAN_POINT('Ctrl Pts',(1.87292756065818,-3.7,-4.43950692494031));
#7560=CARTESIAN_POINT('Ctrl Pts',(1.87392643615048,-3.7,-4.1980589162193));
#7561=CARTESIAN_POINT('Ctrl Pts',(1.87453736319479,-3.7,-4.05038573827051));
#7562=CARTESIAN_POINT('',(1.92731131567892,-3.6,-4.76993926848673));
#7563=CARTESIAN_POINT('Ctrl Pts',(2.06026126398978,-3.6,-5.03076442565225));
#7564=CARTESIAN_POINT('Ctrl Pts',(2.06026126398978,-3.7,-5.03076442565225));
#7565=CARTESIAN_POINT('Ctrl Pts',(2.03365908263717,-3.6,-4.99937592023867));
#7566=CARTESIAN_POINT('Ctrl Pts',(2.03365908263717,-3.7,-4.99937592023867));
#7567=CARTESIAN_POINT('Ctrl Pts',(1.96922587134376,-3.6,-4.92334974123139));
#7568=CARTESIAN_POINT('Ctrl Pts',(1.96922587134376,-3.7,-4.92334974123139));
#7569=CARTESIAN_POINT('Ctrl Pts',(1.94281693906374,-3.6,-4.82669103349854));
#7570=CARTESIAN_POINT('Ctrl Pts',(1.94281693906374,-3.7,-4.82669103349854));
#7571=CARTESIAN_POINT('Ctrl Pts',(1.92731131567892,-3.6,-4.76993926848673));
#7572=CARTESIAN_POINT('Ctrl Pts',(1.92731131567892,-3.7,-4.76993926848673));
#7573=CARTESIAN_POINT('',(2.06026126398978,-3.6,-5.03076442565225));
#7574=CARTESIAN_POINT('Ctrl Pts',(1.92731131567892,-3.6,-4.76993926848673));
#7575=CARTESIAN_POINT('Ctrl Pts',(1.94281693906374,-3.6,-4.82669103349854));
#7576=CARTESIAN_POINT('Ctrl Pts',(1.96922587134376,-3.6,-4.92334974123139));
#7577=CARTESIAN_POINT('Ctrl Pts',(2.03365908263717,-3.6,-4.99937592023867));
#7578=CARTESIAN_POINT('Ctrl Pts',(2.06026126398978,-3.6,-5.03076442565225));
#7579=CARTESIAN_POINT('',(2.06026126398978,-3.7,-5.03076442565225));
#7580=CARTESIAN_POINT('Ctrl Pts',(2.06026126398978,-3.7,-5.03076442565225));
#7581=CARTESIAN_POINT('Ctrl Pts',(2.03365908263717,-3.7,-4.99937592023867));
#7582=CARTESIAN_POINT('Ctrl Pts',(1.96922587134376,-3.7,-4.92334974123139));
#7583=CARTESIAN_POINT('Ctrl Pts',(1.94281693906374,-3.7,-4.82669103349854));
#7584=CARTESIAN_POINT('Ctrl Pts',(1.92731131567892,-3.7,-4.76993926848673));
#7585=CARTESIAN_POINT('',(2.06026126398978,-3.6,-5.03076442565225));
#7586=CARTESIAN_POINT('Ctrl Pts',(2.24395562663016,-3.6,-5.09571709718012));
#7587=CARTESIAN_POINT('Ctrl Pts',(2.24395562663016,-3.7,-5.09571709718012));
#7588=CARTESIAN_POINT('Ctrl Pts',(2.21043380043706,-3.6,-5.09302021563284));
#7589=CARTESIAN_POINT('Ctrl Pts',(2.21043380043706,-3.7,-5.09302021563284));
#7590=CARTESIAN_POINT('Ctrl Pts',(2.1434494190003,-3.6,-5.08763122097568));
#7591=CARTESIAN_POINT('Ctrl Pts',(2.1434494190003,-3.7,-5.08763122097568));
#7592=CARTESIAN_POINT('Ctrl Pts',(2.08797428665282,-3.6,-5.04970883892087));
#7593=CARTESIAN_POINT('Ctrl Pts',(2.08797428665282,-3.7,-5.04970883892087));
#7594=CARTESIAN_POINT('Ctrl Pts',(2.06026126398978,-3.6,-5.03076442565225));
#7595=CARTESIAN_POINT('Ctrl Pts',(2.06026126398978,-3.7,-5.03076442565225));
#7596=CARTESIAN_POINT('',(2.24395562663016,-3.6,-5.09571709718012));
#7597=CARTESIAN_POINT('Ctrl Pts',(2.06026126398978,-3.6,-5.03076442565225));
#7598=CARTESIAN_POINT('Ctrl Pts',(2.08797428665282,-3.6,-5.04970883892087));
#7599=CARTESIAN_POINT('Ctrl Pts',(2.1434494190003,-3.6,-5.08763122097568));
#7600=CARTESIAN_POINT('Ctrl Pts',(2.21043380043706,-3.6,-5.09302021563284));
#7601=CARTESIAN_POINT('Ctrl Pts',(2.24395562663016,-3.6,-5.09571709718012));
#7602=CARTESIAN_POINT('',(2.24395562663016,-3.7,-5.09571709718012));
#7603=CARTESIAN_POINT('Ctrl Pts',(2.24395562663016,-3.7,-5.09571709718012));
#7604=CARTESIAN_POINT('Ctrl Pts',(2.21043380043706,-3.7,-5.09302021563284));
#7605=CARTESIAN_POINT('Ctrl Pts',(2.1434494190003,-3.7,-5.08763122097568));
#7606=CARTESIAN_POINT('Ctrl Pts',(2.08797428665282,-3.7,-5.04970883892087));
#7607=CARTESIAN_POINT('Ctrl Pts',(2.06026126398978,-3.7,-5.03076442565225));
#7608=CARTESIAN_POINT('',(2.24395562663016,-3.6,-5.09571709718012));
#7609=CARTESIAN_POINT('Ctrl Pts',(2.42866505637106,-3.6,-5.02974965657495));
#7610=CARTESIAN_POINT('Ctrl Pts',(2.42866505637106,-3.7,-5.02974965657495));
#7611=CARTESIAN_POINT('Ctrl Pts',(2.40072077948112,-3.6,-5.04899018931579));
#7612=CARTESIAN_POINT('Ctrl Pts',(2.40072077948112,-3.7,-5.04899018931579));
#7613=CARTESIAN_POINT('Ctrl Pts',(2.34499217883935,-3.6,-5.08736112192112));
#7614=CARTESIAN_POINT('Ctrl Pts',(2.34499217883935,-3.7,-5.08736112192112));
#7615=CARTESIAN_POINT('Ctrl Pts',(2.27756997192739,-3.6,-5.09293710685474));
#7616=CARTESIAN_POINT('Ctrl Pts',(2.27756997192739,-3.7,-5.09293710685474));
#7617=CARTESIAN_POINT('Ctrl Pts',(2.24395562663016,-3.6,-5.09571709718012));
#7618=CARTESIAN_POINT('Ctrl Pts',(2.24395562663016,-3.7,-5.09571709718012));
#7619=CARTESIAN_POINT('',(2.42866505637106,-3.6,-5.02974965657495));
#7620=CARTESIAN_POINT('Ctrl Pts',(2.24395562663016,-3.6,-5.09571709718012));
#7621=CARTESIAN_POINT('Ctrl Pts',(2.27756997192739,-3.6,-5.09293710685474));
#7622=CARTESIAN_POINT('Ctrl Pts',(2.34499217883935,-3.6,-5.08736112192112));
#7623=CARTESIAN_POINT('Ctrl Pts',(2.40072077948112,-3.6,-5.04899018931579));
#7624=CARTESIAN_POINT('Ctrl Pts',(2.42866505637106,-3.6,-5.02974965657495));
#7625=CARTESIAN_POINT('',(2.42866505637106,-3.7,-5.02974965657495));
#7626=CARTESIAN_POINT('Ctrl Pts',(2.42866505637106,-3.7,-5.02974965657495));
#7627=CARTESIAN_POINT('Ctrl Pts',(2.40072077948112,-3.7,-5.04899018931579));
#7628=CARTESIAN_POINT('Ctrl Pts',(2.34499217883935,-3.7,-5.08736112192112));
#7629=CARTESIAN_POINT('Ctrl Pts',(2.27756997192739,-3.7,-5.09293710685474));
#7630=CARTESIAN_POINT('Ctrl Pts',(2.24395562663016,-3.7,-5.09571709718012));
#7631=CARTESIAN_POINT('',(2.42866505637106,-3.6,-5.02974965657495));
#7632=CARTESIAN_POINT('Ctrl Pts',(2.55451072707114,-3.6,-4.79328163947366));
#7633=CARTESIAN_POINT('Ctrl Pts',(2.55451072707114,-3.7,-4.79328163947366));
#7634=CARTESIAN_POINT('Ctrl Pts',(2.54047954711901,-3.6,-4.84358599383012));
#7635=CARTESIAN_POINT('Ctrl Pts',(2.54047954711901,-3.7,-4.84358599383012));
#7636=CARTESIAN_POINT('Ctrl Pts',(2.51579812884283,-3.6,-4.93207340652254));
#7637=CARTESIAN_POINT('Ctrl Pts',(2.51579812884283,-3.7,-4.93207340652254));
#7638=CARTESIAN_POINT('Ctrl Pts',(2.45493011374529,-3.6,-5.0003065044061));
#7639=CARTESIAN_POINT('Ctrl Pts',(2.45493011374529,-3.7,-5.0003065044061));
#7640=CARTESIAN_POINT('Ctrl Pts',(2.42866505637106,-3.6,-5.02974965657495));
#7641=CARTESIAN_POINT('Ctrl Pts',(2.42866505637106,-3.7,-5.02974965657495));
#7642=CARTESIAN_POINT('',(2.55451072707114,-3.6,-4.79328163947366));
#7643=CARTESIAN_POINT('Ctrl Pts',(2.42866505637106,-3.6,-5.02974965657495));
#7644=CARTESIAN_POINT('Ctrl Pts',(2.45493011374529,-3.6,-5.0003065044061));
#7645=CARTESIAN_POINT('Ctrl Pts',(2.51579812884283,-3.6,-4.93207340652254));
#7646=CARTESIAN_POINT('Ctrl Pts',(2.54047954711901,-3.6,-4.84358599383012));
#7647=CARTESIAN_POINT('Ctrl Pts',(2.55451072707114,-3.6,-4.79328163947366));
#7648=CARTESIAN_POINT('',(2.55451072707114,-3.7,-4.79328163947366));
#7649=CARTESIAN_POINT('Ctrl Pts',(2.55451072707114,-3.7,-4.79328163947366));
#7650=CARTESIAN_POINT('Ctrl Pts',(2.54047954711901,-3.7,-4.84358599383012));
#7651=CARTESIAN_POINT('Ctrl Pts',(2.51579812884283,-3.7,-4.93207340652254));
#7652=CARTESIAN_POINT('Ctrl Pts',(2.45493011374529,-3.7,-5.0003065044061));
#7653=CARTESIAN_POINT('Ctrl Pts',(2.42866505637106,-3.7,-5.02974965657495));
#7654=CARTESIAN_POINT('',(2.55451072707114,-3.6,-4.79328163947366));
#7655=CARTESIAN_POINT('Ctrl Pts',(2.61337389006552,-3.6,-4.05038573827051));
#7656=CARTESIAN_POINT('Ctrl Pts',(2.61337389006552,-3.7,-4.05038573827051));
#7657=CARTESIAN_POINT('Ctrl Pts',(2.61361661656303,-3.6,-4.20004172220068));
#7658=CARTESIAN_POINT('Ctrl Pts',(2.61361661656303,-3.7,-4.20004172220068));
#7659=CARTESIAN_POINT('Ctrl Pts',(2.61402120153572,-3.6,-4.4494935240958));
#7660=CARTESIAN_POINT('Ctrl Pts',(2.61402120153572,-3.7,-4.4494935240958));
#7661=CARTESIAN_POINT('Ctrl Pts',(2.5715155572803,-3.6,-4.69504584850533));
#7662=CARTESIAN_POINT('Ctrl Pts',(2.5715155572803,-3.7,-4.69504584850533));
#7663=CARTESIAN_POINT('Ctrl Pts',(2.55451072707114,-3.6,-4.79328163947366));
#7664=CARTESIAN_POINT('Ctrl Pts',(2.55451072707114,-3.7,-4.79328163947366));
#7665=CARTESIAN_POINT('',(2.61337389006552,-3.6,-4.05038573827051));
#7666=CARTESIAN_POINT('Ctrl Pts',(2.55451072707114,-3.6,-4.79328163947366));
#7667=CARTESIAN_POINT('Ctrl Pts',(2.5715155572803,-3.6,-4.69504584850533));
#7668=CARTESIAN_POINT('Ctrl Pts',(2.61402120153572,-3.6,-4.4494935240958));
#7669=CARTESIAN_POINT('Ctrl Pts',(2.61361661656303,-3.6,-4.20004172220068));
#7670=CARTESIAN_POINT('Ctrl Pts',(2.61337389006552,-3.6,-4.05038573827051));
#7671=CARTESIAN_POINT('',(2.61337389006552,-3.7,-4.05038573827051));
#7672=CARTESIAN_POINT('Ctrl Pts',(2.61337389006552,-3.7,-4.05038573827051));
#7673=CARTESIAN_POINT('Ctrl Pts',(2.61361661656303,-3.7,-4.20004172220068));
#7674=CARTESIAN_POINT('Ctrl Pts',(2.61402120153572,-3.7,-4.4494935240958));
#7675=CARTESIAN_POINT('Ctrl Pts',(2.5715155572803,-3.7,-4.69504584850533));
#7676=CARTESIAN_POINT('Ctrl Pts',(2.55451072707114,-3.7,-4.79328163947366));
#7677=CARTESIAN_POINT('',(2.61337389006552,-3.6,-4.05038573827051));
#7678=CARTESIAN_POINT('Ctrl Pts',(2.56059993758139,-3.6,-3.3308323570659));
#7679=CARTESIAN_POINT('Ctrl Pts',(2.56059993758139,-3.7,-3.3308323570659));
#7680=CARTESIAN_POINT('Ctrl Pts',(2.57581344612079,-3.6,-3.42326714375715));
#7681=CARTESIAN_POINT('Ctrl Pts',(2.57581344612079,-3.7,-3.42326714375715));
#7682=CARTESIAN_POINT('Ctrl Pts',(2.61498459528065,-3.6,-3.66126463182284));
#7683=CARTESIAN_POINT('Ctrl Pts',(2.61498459528065,-3.7,-3.66126463182284));
#7684=CARTESIAN_POINT('Ctrl Pts',(2.61398515945345,-3.6,-3.90271264555718));
#7685=CARTESIAN_POINT('Ctrl Pts',(2.61398515945345,-3.7,-3.90271264555718));
#7686=CARTESIAN_POINT('Ctrl Pts',(2.61337389006552,-3.6,-4.05038573827051));
#7687=CARTESIAN_POINT('Ctrl Pts',(2.61337389006552,-3.7,-4.05038573827051));
#7688=CARTESIAN_POINT('',(2.56059993758139,-3.6,-3.3308323570659));
#7689=CARTESIAN_POINT('Ctrl Pts',(2.61337389006552,-3.6,-4.05038573827051));
#7690=CARTESIAN_POINT('Ctrl Pts',(2.61398515945345,-3.6,-3.90271264555718));
#7691=CARTESIAN_POINT('Ctrl Pts',(2.61498459528065,-3.6,-3.66126463182284));
#7692=CARTESIAN_POINT('Ctrl Pts',(2.57581344612079,-3.6,-3.42326714375715));
#7693=CARTESIAN_POINT('Ctrl Pts',(2.56059993758139,-3.6,-3.3308323570659));
#7694=CARTESIAN_POINT('',(2.56059993758139,-3.7,-3.3308323570659));
#7695=CARTESIAN_POINT('Ctrl Pts',(2.56059993758139,-3.7,-3.3308323570659));
#7696=CARTESIAN_POINT('Ctrl Pts',(2.57581344612079,-3.7,-3.42326714375715));
#7697=CARTESIAN_POINT('Ctrl Pts',(2.61498459528065,-3.7,-3.66126463182284));
#7698=CARTESIAN_POINT('Ctrl Pts',(2.61398515945345,-3.7,-3.90271264555718));
#7699=CARTESIAN_POINT('Ctrl Pts',(2.61337389006552,-3.7,-4.05038573827051));
#7700=CARTESIAN_POINT('',(2.56059993758139,-3.6,-3.3308323570659));
#7701=CARTESIAN_POINT('Ctrl Pts',(2.42764998927054,-3.6,-3.06899198378824));
#7702=CARTESIAN_POINT('Ctrl Pts',(2.42764998927054,-3.7,-3.06899198378824));
#7703=CARTESIAN_POINT('Ctrl Pts',(2.45424629711062,-3.6,-3.1006433774968));
#7704=CARTESIAN_POINT('Ctrl Pts',(2.45424629711062,-3.7,-3.1006433774968));
#7705=CARTESIAN_POINT('Ctrl Pts',(2.51852902769645,-3.6,-3.17714414695201));
#7706=CARTESIAN_POINT('Ctrl Pts',(2.51852902769645,-3.7,-3.17714414695201));
#7707=CARTESIAN_POINT('Ctrl Pts',(2.54505109713877,-3.6,-3.27403126900984));
#7708=CARTESIAN_POINT('Ctrl Pts',(2.54505109713877,-3.7,-3.27403126900984));
#7709=CARTESIAN_POINT('Ctrl Pts',(2.56059993758139,-3.6,-3.3308323570659));
#7710=CARTESIAN_POINT('Ctrl Pts',(2.56059993758139,-3.7,-3.3308323570659));
#7711=CARTESIAN_POINT('',(2.42764998927054,-3.6,-3.06899198378824));
#7712=CARTESIAN_POINT('Ctrl Pts',(2.56059993758139,-3.6,-3.3308323570659));
#7713=CARTESIAN_POINT('Ctrl Pts',(2.54505109713877,-3.6,-3.27403126900984));
#7714=CARTESIAN_POINT('Ctrl Pts',(2.51852902769645,-3.6,-3.17714414695201));
#7715=CARTESIAN_POINT('Ctrl Pts',(2.45424629711062,-3.6,-3.1006433774968));
#7716=CARTESIAN_POINT('Ctrl Pts',(2.42764998927054,-3.6,-3.06899198378824));
#7717=CARTESIAN_POINT('',(2.42764998927054,-3.7,-3.06899198378824));
#7718=CARTESIAN_POINT('Ctrl Pts',(2.42764998927054,-3.7,-3.06899198378824));
#7719=CARTESIAN_POINT('Ctrl Pts',(2.45424629711062,-3.7,-3.1006433774968));
#7720=CARTESIAN_POINT('Ctrl Pts',(2.51852902769645,-3.7,-3.17714414695201));
#7721=CARTESIAN_POINT('Ctrl Pts',(2.54505109713877,-3.7,-3.27403126900984));
#7722=CARTESIAN_POINT('Ctrl Pts',(2.56059993758139,-3.7,-3.3308323570659));
#7723=CARTESIAN_POINT('',(2.42764998927054,-3.6,-3.06899198378824));
#7724=CARTESIAN_POINT('Ctrl Pts',(2.24395562663016,-3.6,-3.00302424515985));
#7725=CARTESIAN_POINT('Ctrl Pts',(2.24395562663016,-3.7,-3.00302424515985));
#7726=CARTESIAN_POINT('Ctrl Pts',(2.27749987089089,-3.6,-3.00578188633116));
#7727=CARTESIAN_POINT('Ctrl Pts',(2.27749987089089,-3.7,-3.00578188633116));
#7728=CARTESIAN_POINT('Ctrl Pts',(2.34464307187747,-3.6,-3.01130166653474));
#7729=CARTESIAN_POINT('Ctrl Pts',(2.34464307187747,-3.7,-3.01130166653474));
#7730=CARTESIAN_POINT('Ctrl Pts',(2.39996598995223,-3.6,-3.04975143428131));
#7731=CARTESIAN_POINT('Ctrl Pts',(2.39996598995223,-3.7,-3.04975143428131));
#7732=CARTESIAN_POINT('Ctrl Pts',(2.42764998927054,-3.6,-3.06899198378824));
#7733=CARTESIAN_POINT('Ctrl Pts',(2.42764998927054,-3.7,-3.06899198378824));
#7734=CARTESIAN_POINT('Ctrl Pts',(2.42764998927054,-3.6,-3.06899198378824));
#7735=CARTESIAN_POINT('Ctrl Pts',(2.39996598995223,-3.6,-3.04975143428131));
#7736=CARTESIAN_POINT('Ctrl Pts',(2.34464307187747,-3.6,-3.01130166653474));
#7737=CARTESIAN_POINT('Ctrl Pts',(2.27749987089089,-3.6,-3.00578188633116));
#7738=CARTESIAN_POINT('Ctrl Pts',(2.24395562663016,-3.6,-3.00302424515985));
#7739=CARTESIAN_POINT('Ctrl Pts',(2.24395562663016,-3.7,-3.00302424515985));
#7740=CARTESIAN_POINT('Ctrl Pts',(2.27749987089089,-3.7,-3.00578188633116));
#7741=CARTESIAN_POINT('Ctrl Pts',(2.34464307187747,-3.7,-3.01130166653474));
#7742=CARTESIAN_POINT('Ctrl Pts',(2.39996598995223,-3.7,-3.04975143428131));
#7743=CARTESIAN_POINT('Ctrl Pts',(2.42764998927054,-3.7,-3.06899198378824));
#7744=CARTESIAN_POINT('Ctrl Pts',(2.91986931815085,-3.6,-2.83861287917398));
#7745=CARTESIAN_POINT('Ctrl Pts',(2.91986931815085,-3.7,-2.83861287917398));
#7746=CARTESIAN_POINT('Ctrl Pts',(2.8289111757617,-3.6,-2.74864566561571));
#7747=CARTESIAN_POINT('Ctrl Pts',(2.8289111757617,-3.7,-2.74864566561571));
#7748=CARTESIAN_POINT('Ctrl Pts',(2.64180672182265,-3.6,-2.56357959101164));
#7749=CARTESIAN_POINT('Ctrl Pts',(2.64180672182265,-3.7,-2.56357959101164));
#7750=CARTESIAN_POINT('Ctrl Pts',(2.37900174127284,-3.6,-2.54145628932385));
#7751=CARTESIAN_POINT('Ctrl Pts',(2.37900174127284,-3.7,-2.54145628932385));
#7752=CARTESIAN_POINT('Ctrl Pts',(2.24395562663016,-3.6,-2.53008791293405));
#7753=CARTESIAN_POINT('Ctrl Pts',(2.24395562663016,-3.7,-2.53008791293405));
#7754=CARTESIAN_POINT('',(2.24395562663016,-3.6,-2.53008791293405));
#7755=CARTESIAN_POINT('',(2.91986931815085,-3.6,-2.83861287917398));
#7756=CARTESIAN_POINT('Ctrl Pts',(2.24395562663016,-3.6,-2.53008791293405));
#7757=CARTESIAN_POINT('Ctrl Pts',(2.37900174127284,-3.6,-2.54145628932385));
#7758=CARTESIAN_POINT('Ctrl Pts',(2.64180672182265,-3.6,-2.56357959101164));
#7759=CARTESIAN_POINT('Ctrl Pts',(2.8289111757617,-3.6,-2.74864566561571));
#7760=CARTESIAN_POINT('Ctrl Pts',(2.91986931815085,-3.6,-2.83861287917398));
#7761=CARTESIAN_POINT('',(2.24395562663016,-3.7,-2.53008791293405));
#7762=CARTESIAN_POINT('',(2.24395562663016,-3.6,-2.53008791293405));
#7763=CARTESIAN_POINT('',(2.91986931815085,-3.7,-2.83861287917398));
#7764=CARTESIAN_POINT('Ctrl Pts',(2.91986931815085,-3.7,-2.83861287917398));
#7765=CARTESIAN_POINT('Ctrl Pts',(2.8289111757617,-3.7,-2.74864566561571));
#7766=CARTESIAN_POINT('Ctrl Pts',(2.64180672182265,-3.7,-2.56357959101164));
#7767=CARTESIAN_POINT('Ctrl Pts',(2.37900174127284,-3.7,-2.54145628932385));
#7768=CARTESIAN_POINT('Ctrl Pts',(2.24395562663016,-3.7,-2.53008791293405));
#7769=CARTESIAN_POINT('',(2.91986931815085,-3.6,-2.83861287917398));
#7770=CARTESIAN_POINT('Ctrl Pts',(3.21012605681357,-3.6,-4.05038573827051));
#7771=CARTESIAN_POINT('Ctrl Pts',(3.21012605681357,-3.7,-4.05038573827051));
#7772=CARTESIAN_POINT('Ctrl Pts',(3.20771548664992,-3.6,-3.80253051981342));
#7773=CARTESIAN_POINT('Ctrl Pts',(3.20771548664992,-3.7,-3.80253051981342));
#7774=CARTESIAN_POINT('Ctrl Pts',(3.20354700434174,-3.6,-3.37392648716228));
#7775=CARTESIAN_POINT('Ctrl Pts',(3.20354700434174,-3.7,-3.37392648716228));
#7776=CARTESIAN_POINT('Ctrl Pts',(3.00401499115095,-3.6,-2.9973998617355));
#7777=CARTESIAN_POINT('Ctrl Pts',(3.00401499115095,-3.7,-2.9973998617355));
#7778=CARTESIAN_POINT('Ctrl Pts',(2.91986931815085,-3.6,-2.83861287917398));
#7779=CARTESIAN_POINT('Ctrl Pts',(2.91986931815085,-3.7,-2.83861287917398));
#7780=CARTESIAN_POINT('',(3.21012605681357,-3.6,-4.05038573827051));
#7781=CARTESIAN_POINT('Ctrl Pts',(2.91986931815085,-3.6,-2.83861287917398));
#7782=CARTESIAN_POINT('Ctrl Pts',(3.00401499115095,-3.6,-2.9973998617355));
#7783=CARTESIAN_POINT('Ctrl Pts',(3.20354700434174,-3.6,-3.37392648716228));
#7784=CARTESIAN_POINT('Ctrl Pts',(3.20771548664992,-3.6,-3.80253051981342));
#7785=CARTESIAN_POINT('Ctrl Pts',(3.21012605681357,-3.6,-4.05038573827051));
#7786=CARTESIAN_POINT('',(3.21012605681357,-3.7,-4.05038573827051));
#7787=CARTESIAN_POINT('Ctrl Pts',(3.21012605681357,-3.7,-4.05038573827051));
#7788=CARTESIAN_POINT('Ctrl Pts',(3.20771548664992,-3.7,-3.80253051981342));
#7789=CARTESIAN_POINT('Ctrl Pts',(3.20354700434174,-3.7,-3.37392648716228));
#7790=CARTESIAN_POINT('Ctrl Pts',(3.00401499115095,-3.7,-2.9973998617355));
#7791=CARTESIAN_POINT('Ctrl Pts',(2.91986931815085,-3.7,-2.83861287917398));
#7792=CARTESIAN_POINT('',(3.21012605681357,-3.6,-4.05038573827051));
#7793=CARTESIAN_POINT('Ctrl Pts',(2.9178391839498,-3.6,-5.26418813552164));
#7794=CARTESIAN_POINT('Ctrl Pts',(2.9178391839498,-3.7,-5.26418813552164));
#7795=CARTESIAN_POINT('Ctrl Pts',(3.00259150246,-3.6,-5.10459078407232));
#7796=CARTESIAN_POINT('Ctrl Pts',(3.00259150246,-3.7,-5.10459078407232));
#7797=CARTESIAN_POINT('Ctrl Pts',(3.20285202069282,-3.6,-4.72747958674289));
#7798=CARTESIAN_POINT('Ctrl Pts',(3.20285202069282,-3.7,-4.72747958674289));
#7799=CARTESIAN_POINT('Ctrl Pts',(3.20746521433853,-3.6,-4.29806667381949));
#7800=CARTESIAN_POINT('Ctrl Pts',(3.20746521433853,-3.7,-4.29806667381949));
#7801=CARTESIAN_POINT('Ctrl Pts',(3.21012605681357,-3.6,-4.05038573827051));
#7802=CARTESIAN_POINT('Ctrl Pts',(3.21012605681357,-3.7,-4.05038573827051));
#7803=CARTESIAN_POINT('',(2.9178391839498,-3.6,-5.26418813552164));
#7804=CARTESIAN_POINT('Ctrl Pts',(3.21012605681357,-3.6,-4.05038573827051));
#7805=CARTESIAN_POINT('Ctrl Pts',(3.20746521433853,-3.6,-4.29806667381949));
#7806=CARTESIAN_POINT('Ctrl Pts',(3.20285202069282,-3.6,-4.72747958674289));
#7807=CARTESIAN_POINT('Ctrl Pts',(3.00259150246,-3.6,-5.10459078407232));
#7808=CARTESIAN_POINT('Ctrl Pts',(2.9178391839498,-3.6,-5.26418813552164));
#7809=CARTESIAN_POINT('',(2.9178391839498,-3.7,-5.26418813552164));
#7810=CARTESIAN_POINT('Ctrl Pts',(2.9178391839498,-3.7,-5.26418813552164));
#7811=CARTESIAN_POINT('Ctrl Pts',(3.00259150246,-3.7,-5.10459078407232));
#7812=CARTESIAN_POINT('Ctrl Pts',(3.20285202069282,-3.7,-4.72747958674289));
#7813=CARTESIAN_POINT('Ctrl Pts',(3.20746521433853,-3.7,-4.29806667381949));
#7814=CARTESIAN_POINT('Ctrl Pts',(3.21012605681357,-3.7,-4.05038573827051));
#7815=CARTESIAN_POINT('',(2.9178391839498,-3.6,-5.26418813552164));
#7816=CARTESIAN_POINT('Ctrl Pts',(2.24395562663016,-3.6,-5.56865342940591));
#7817=CARTESIAN_POINT('Ctrl Pts',(2.24395562663016,-3.7,-5.56865342940591));
#7818=CARTESIAN_POINT('Ctrl Pts',(2.37877542941283,-3.6,-5.55761628117734));
#7819=CARTESIAN_POINT('Ctrl Pts',(2.37877542941283,-3.7,-5.55761628117734));
#7820=CARTESIAN_POINT('Ctrl Pts',(2.64030595867353,-3.6,-5.53620584177476));
#7821=CARTESIAN_POINT('Ctrl Pts',(2.64030595867353,-3.7,-5.53620584177476));
#7822=CARTESIAN_POINT('Ctrl Pts',(2.82726035937426,-3.6,-5.35296685407548));
#7823=CARTESIAN_POINT('Ctrl Pts',(2.82726035937426,-3.7,-5.35296685407548));
#7824=CARTESIAN_POINT('Ctrl Pts',(2.9178391839498,-3.6,-5.26418813552164));
#7825=CARTESIAN_POINT('Ctrl Pts',(2.9178391839498,-3.7,-5.26418813552164));
#7826=CARTESIAN_POINT('',(2.24395562663016,-3.6,-5.56865342940591));
#7827=CARTESIAN_POINT('Ctrl Pts',(2.9178391839498,-3.6,-5.26418813552164));
#7828=CARTESIAN_POINT('Ctrl Pts',(2.82726035937426,-3.6,-5.35296685407548));
#7829=CARTESIAN_POINT('Ctrl Pts',(2.64030595867353,-3.6,-5.53620584177476));
#7830=CARTESIAN_POINT('Ctrl Pts',(2.37877542941283,-3.6,-5.55761628117734));
#7831=CARTESIAN_POINT('Ctrl Pts',(2.24395562663016,-3.6,-5.56865342940591));
#7832=CARTESIAN_POINT('',(2.24395562663016,-3.7,-5.56865342940591));
#7833=CARTESIAN_POINT('Ctrl Pts',(2.24395562663016,-3.7,-5.56865342940591));
#7834=CARTESIAN_POINT('Ctrl Pts',(2.37877542941283,-3.7,-5.55761628117734));
#7835=CARTESIAN_POINT('Ctrl Pts',(2.64030595867353,-3.7,-5.53620584177476));
#7836=CARTESIAN_POINT('Ctrl Pts',(2.82726035937426,-3.7,-5.35296685407548));
#7837=CARTESIAN_POINT('Ctrl Pts',(2.9178391839498,-3.7,-5.26418813552164));
#7838=CARTESIAN_POINT('',(2.24395562663016,-3.6,-5.56865342940591));
#7839=CARTESIAN_POINT('Ctrl Pts',(1.54368509306845,-3.6,-5.23475655402444));
#7840=CARTESIAN_POINT('Ctrl Pts',(1.54368509306845,-3.7,-5.23475655402444));
#7841=CARTESIAN_POINT('Ctrl Pts',(1.6397034667345,-3.6,-5.332142424391));
#7842=CARTESIAN_POINT('Ctrl Pts',(1.6397034667345,-3.7,-5.332142424391));
#7843=CARTESIAN_POINT('Ctrl Pts',(1.83272340693187,-3.6,-5.52791136065314));
#7844=CARTESIAN_POINT('Ctrl Pts',(1.83272340693187,-3.7,-5.52791136065314));
#7845=CARTESIAN_POINT('Ctrl Pts',(2.10641351822299,-3.6,-5.55502670034943));
#7846=CARTESIAN_POINT('Ctrl Pts',(2.10641351822299,-3.7,-5.55502670034943));
#7847=CARTESIAN_POINT('Ctrl Pts',(2.24395562663016,-3.6,-5.56865342940591));
#7848=CARTESIAN_POINT('Ctrl Pts',(2.24395562663016,-3.7,-5.56865342940591));
#7849=CARTESIAN_POINT('',(1.54368509306845,-3.6,-5.23475655402444));
#7850=CARTESIAN_POINT('Ctrl Pts',(2.24395562663016,-3.6,-5.56865342940591));
#7851=CARTESIAN_POINT('Ctrl Pts',(2.10641351822299,-3.6,-5.55502670034943));
#7852=CARTESIAN_POINT('Ctrl Pts',(1.83272340693187,-3.6,-5.52791136065314));
#7853=CARTESIAN_POINT('Ctrl Pts',(1.6397034667345,-3.6,-5.332142424391));
#7854=CARTESIAN_POINT('Ctrl Pts',(1.54368509306845,-3.6,-5.23475655402444));
#7855=CARTESIAN_POINT('',(1.54368509306845,-3.7,-5.23475655402444));
#7856=CARTESIAN_POINT('Ctrl Pts',(1.54368509306845,-3.7,-5.23475655402444));
#7857=CARTESIAN_POINT('Ctrl Pts',(1.6397034667345,-3.7,-5.332142424391));
#7858=CARTESIAN_POINT('Ctrl Pts',(1.83272340693187,-3.7,-5.52791136065314));
#7859=CARTESIAN_POINT('Ctrl Pts',(2.10641351822299,-3.7,-5.55502670034943));
#7860=CARTESIAN_POINT('Ctrl Pts',(2.24395562663016,-3.7,-5.56865342940591));
#7861=CARTESIAN_POINT('',(1.54368509306845,-3.6,-5.23475655402444));
#7862=CARTESIAN_POINT('Ctrl Pts',(1.27778519644675,-3.6,-4.04429622973703));
#7863=CARTESIAN_POINT('Ctrl Pts',(1.27778519644675,-3.7,-4.04429622973703));
#7864=CARTESIAN_POINT('Ctrl Pts',(1.27818807385808,-3.6,-4.29177974657517));
#7865=CARTESIAN_POINT('Ctrl Pts',(1.27818807385808,-3.7,-4.29177974657517));
#7866=CARTESIAN_POINT('Ctrl Pts',(1.27887037087347,-3.6,-4.71090789858698));
#7867=CARTESIAN_POINT('Ctrl Pts',(1.27887037087347,-3.7,-4.71090789858698));
#7868=CARTESIAN_POINT('Ctrl Pts',(1.46674514700844,-3.6,-5.08255622709816));
#7869=CARTESIAN_POINT('Ctrl Pts',(1.46674514700844,-3.7,-5.08255622709816));
#7870=CARTESIAN_POINT('Ctrl Pts',(1.54368509306845,-3.6,-5.23475655402444));
#7871=CARTESIAN_POINT('Ctrl Pts',(1.54368509306845,-3.7,-5.23475655402444));
#7872=CARTESIAN_POINT('',(1.27778519644675,-3.6,-4.04429622973703));
#7873=CARTESIAN_POINT('Ctrl Pts',(1.54368509306845,-3.6,-5.23475655402444));
#7874=CARTESIAN_POINT('Ctrl Pts',(1.46674514700844,-3.6,-5.08255622709816));
#7875=CARTESIAN_POINT('Ctrl Pts',(1.27887037087347,-3.6,-4.71090789858698));
#7876=CARTESIAN_POINT('Ctrl Pts',(1.27818807385808,-3.6,-4.29177974657517));
#7877=CARTESIAN_POINT('Ctrl Pts',(1.27778519644675,-3.6,-4.04429622973703));
#7878=CARTESIAN_POINT('',(1.27778519644675,-3.7,-4.04429622973703));
#7879=CARTESIAN_POINT('Ctrl Pts',(1.27778519644675,-3.7,-4.04429622973703));
#7880=CARTESIAN_POINT('Ctrl Pts',(1.27818807385808,-3.7,-4.29177974657517));
#7881=CARTESIAN_POINT('Ctrl Pts',(1.27887037087347,-3.7,-4.71090789858698));
#7882=CARTESIAN_POINT('Ctrl Pts',(1.46674514700844,-3.7,-5.08255622709816));
#7883=CARTESIAN_POINT('Ctrl Pts',(1.54368509306845,-3.7,-5.23475655402444));
#7884=CARTESIAN_POINT('',(1.27778519644675,-3.6,-4.04429622973703));
#7885=CARTESIAN_POINT('Ctrl Pts',(1.57007206931052,-3.6,-2.83455350484155));
#7886=CARTESIAN_POINT('Ctrl Pts',(1.57007206931052,-3.7,-2.83455350484155));
#7887=CARTESIAN_POINT('Ctrl Pts',(1.48531258562099,-3.6,-2.99380318049624));
#7888=CARTESIAN_POINT('Ctrl Pts',(1.48531258562099,-3.7,-2.99380318049624));
#7889=CARTESIAN_POINT('Ctrl Pts',(1.28531567518521,-3.6,-3.36956577050335));
#7890=CARTESIAN_POINT('Ctrl Pts',(1.28531567518521,-3.7,-3.36956577050335));
#7891=CARTESIAN_POINT('Ctrl Pts',(1.28053804691267,-3.6,-3.79764098727684));
#7892=CARTESIAN_POINT('Ctrl Pts',(1.28053804691267,-3.7,-3.79764098727684));
#7893=CARTESIAN_POINT('Ctrl Pts',(1.27778519644675,-3.6,-4.04429622973703));
#7894=CARTESIAN_POINT('Ctrl Pts',(1.27778519644675,-3.7,-4.04429622973703));
#7895=CARTESIAN_POINT('',(1.57007206931052,-3.6,-2.83455350484155));
#7896=CARTESIAN_POINT('Ctrl Pts',(1.27778519644675,-3.6,-4.04429622973703));
#7897=CARTESIAN_POINT('Ctrl Pts',(1.28053804691267,-3.6,-3.79764098727684));
#7898=CARTESIAN_POINT('Ctrl Pts',(1.28531567518521,-3.6,-3.36956577050335));
#7899=CARTESIAN_POINT('Ctrl Pts',(1.48531258562099,-3.6,-2.99380318049624));
#7900=CARTESIAN_POINT('Ctrl Pts',(1.57007206931052,-3.6,-2.83455350484155));
#7901=CARTESIAN_POINT('',(1.57007206931052,-3.7,-2.83455350484155));
#7902=CARTESIAN_POINT('Ctrl Pts',(1.57007206931052,-3.7,-2.83455350484155));
#7903=CARTESIAN_POINT('Ctrl Pts',(1.48531258562099,-3.7,-2.99380318049624));
#7904=CARTESIAN_POINT('Ctrl Pts',(1.28531567518521,-3.7,-3.36956577050335));
#7905=CARTESIAN_POINT('Ctrl Pts',(1.28053804691267,-3.7,-3.79764098727684));
#7906=CARTESIAN_POINT('Ctrl Pts',(1.27778519644675,-3.7,-4.04429622973703));
#7907=CARTESIAN_POINT('',(1.57007206931052,-3.6,-2.83455350484155));
#7908=CARTESIAN_POINT('Ctrl Pts',(2.24395562663016,-3.6,-2.53008791293405));
#7909=CARTESIAN_POINT('Ctrl Pts',(2.24395562663016,-3.7,-2.53008791293405));
#7910=CARTESIAN_POINT('Ctrl Pts',(2.1091355795187,-3.6,-2.54112503812917));
#7911=CARTESIAN_POINT('Ctrl Pts',(2.1091355795187,-3.7,-2.54112503812917));
#7912=CARTESIAN_POINT('Ctrl Pts',(1.84760490370716,-3.6,-2.56253540604656));
#7913=CARTESIAN_POINT('Ctrl Pts',(1.84760490370716,-3.7,-2.56253540604656));
#7914=CARTESIAN_POINT('Ctrl Pts',(1.66065068503908,-3.6,-2.74577473783356));
#7915=CARTESIAN_POINT('Ctrl Pts',(1.66065068503908,-3.7,-2.74577473783356));
#7916=CARTESIAN_POINT('Ctrl Pts',(1.57007206931052,-3.6,-2.83455350484155));
#7917=CARTESIAN_POINT('Ctrl Pts',(1.57007206931052,-3.7,-2.83455350484155));
#7918=CARTESIAN_POINT('Ctrl Pts',(1.57007206931052,-3.6,-2.83455350484155));
#7919=CARTESIAN_POINT('Ctrl Pts',(1.66065068503908,-3.6,-2.74577473783356));
#7920=CARTESIAN_POINT('Ctrl Pts',(1.84760490370716,-3.6,-2.56253540604656));
#7921=CARTESIAN_POINT('Ctrl Pts',(2.1091355795187,-3.6,-2.54112503812917));
#7922=CARTESIAN_POINT('Ctrl Pts',(2.24395562663016,-3.6,-2.53008791293405));
#7923=CARTESIAN_POINT('Ctrl Pts',(2.24395562663016,-3.7,-2.53008791293405));
#7924=CARTESIAN_POINT('Ctrl Pts',(2.1091355795187,-3.7,-2.54112503812917));
#7925=CARTESIAN_POINT('Ctrl Pts',(1.84760490370716,-3.7,-2.56253540604656));
#7926=CARTESIAN_POINT('Ctrl Pts',(1.66065068503908,-3.7,-2.74577473783356));
#7927=CARTESIAN_POINT('Ctrl Pts',(1.57007206931052,-3.7,-2.83455350484155));
#7928=CARTESIAN_POINT('Origin',(-1.65523241505686,-3.7,-4.04937067116998));
#7929=CARTESIAN_POINT('Origin',(-1.55197207945482,-3.6,-4.05));
#7930=CARTESIAN_POINT('',(-6.75197207945482,-3.6,-1.4));
#7931=CARTESIAN_POINT('',(3.64802792054518,-3.6,-1.4));
#7932=CARTESIAN_POINT('',(-6.75197207945482,-3.6,-1.4));
#7933=CARTESIAN_POINT('',(-6.75197207945482,-3.6,-6.7));
#7934=CARTESIAN_POINT('',(-6.75197207945482,-3.6,-6.7));
#7935=CARTESIAN_POINT('',(3.64802792054518,-3.6,-6.7));
#7936=CARTESIAN_POINT('',(3.64802792054518,-3.6,-6.7));
#7937=CARTESIAN_POINT('',(3.64802792054518,-3.6,-1.4));
#7938=CARTESIAN_POINT('',(0.900248184346526,-3.6,-3.27095412697099));
#7939=CARTESIAN_POINT('',(0.348150625371307,-3.6,-3.33184727515482));
#7940=CARTESIAN_POINT('',(-0.629620365601559,-3.6,-3.43968972595947));
#7941=CARTESIAN_POINT('',(0.242602720403045,-3.6,-3.08015578474306));
#7942=CARTESIAN_POINT('Ctrl Pts',(0.348150625371307,-3.6,-3.33184727515482));
#7943=CARTESIAN_POINT('Ctrl Pts',(0.340389950667335,-3.6,-3.28051033454572));
#7944=CARTESIAN_POINT('Ctrl Pts',(0.326302535763581,-3.6,-3.18732194438169));
#7945=CARTESIAN_POINT('Ctrl Pts',(0.268542906703685,-3.6,-3.11336864350715));
#7946=CARTESIAN_POINT('Ctrl Pts',(0.242602720403045,-3.6,-3.08015578474306));
#7947=CARTESIAN_POINT('',(0.0213580276006156,-3.6,-2.99896487082742));
#7948=CARTESIAN_POINT('Ctrl Pts',(0.242602720403045,-3.6,-3.08015578474306));
#7949=CARTESIAN_POINT('Ctrl Pts',(0.211225536885083,-3.6,-3.05648559807521));
#7950=CARTESIAN_POINT('Ctrl Pts',(0.145847170968079,-3.6,-3.00716574358894));
#7951=CARTESIAN_POINT('Ctrl Pts',(0.0639500713567068,-3.6,-3.00177067318133));
#7952=CARTESIAN_POINT('Ctrl Pts',(0.0213580276006156,-3.6,-2.99896487082742));
#7953=CARTESIAN_POINT('',(-0.284122333384187,-3.6,-3.16134654964708));
#7954=CARTESIAN_POINT('Ctrl Pts',(0.0213580276006156,-3.6,-2.99896487082742));
#7955=CARTESIAN_POINT('Ctrl Pts',(-0.0372362140232782,-3.6,-3.00667156379645));
#7956=CARTESIAN_POINT('Ctrl Pts',(-0.158891010246202,-3.6,-3.02267238805352));
#7957=CARTESIAN_POINT('Ctrl Pts',(-0.241369218090247,-3.6,-3.11400414145127));
#7958=CARTESIAN_POINT('Ctrl Pts',(-0.284122333384187,-3.6,-3.16134654964708));
#7959=CARTESIAN_POINT('',(-0.441429719782502,-3.6,-3.83726009215616));
#7960=CARTESIAN_POINT('Ctrl Pts',(-0.284122333384187,-3.6,-3.16134654964708));
#7961=CARTESIAN_POINT('Ctrl Pts',(-0.322334982885805,-3.6,-3.24360191200623));
#7962=CARTESIAN_POINT('Ctrl Pts',(-0.421298438813392,-3.6,-3.4566275732416));
#7963=CARTESIAN_POINT('Ctrl Pts',(-0.433772347577671,-3.6,-3.69247820395623));
#7964=CARTESIAN_POINT('Ctrl Pts',(-0.441429719782502,-3.6,-3.83726009215616));
#7965=CARTESIAN_POINT('',(0.0883405353063041,-3.6,-3.58556845273279));
#7966=CARTESIAN_POINT('Ctrl Pts',(-0.441429719782502,-3.6,-3.83726009215616));
#7967=CARTESIAN_POINT('Ctrl Pts',(-0.36670727664832,-3.6,-3.76385291641604));
#7968=CARTESIAN_POINT('Ctrl Pts',(-0.2189959690499,-3.6,-3.61874162908555));
#7969=CARTESIAN_POINT('Ctrl Pts',(-0.0133002665640222,-3.6,-3.59653932081155));
#7970=CARTESIAN_POINT('Ctrl Pts',(0.0883405353063041,-3.6,-3.58556845273279));
#7971=CARTESIAN_POINT('',(0.700316324376433,-3.6,-3.85755755986475));
#7972=CARTESIAN_POINT('Ctrl Pts',(0.0883405353063041,-3.6,-3.58556845273279));
#7973=CARTESIAN_POINT('Ctrl Pts',(0.203644588843593,-3.6,-3.59743471085729));
#7974=CARTESIAN_POINT('Ctrl Pts',(0.437048612160836,-3.6,-3.62145496255714));
#7975=CARTESIAN_POINT('Ctrl Pts',(0.61186239649146,-3.6,-3.77823069543483));
#7976=CARTESIAN_POINT('Ctrl Pts',(0.700316324376433,-3.6,-3.85755755986475));
#7977=CARTESIAN_POINT('',(0.955052271031707,-3.6,-4.55985792960428));
#7978=CARTESIAN_POINT('Ctrl Pts',(0.700316324376433,-3.6,-3.85755755986475));
#7979=CARTESIAN_POINT('Ctrl Pts',(0.774581754967026,-3.6,-3.95748178182013));
#7980=CARTESIAN_POINT('Ctrl Pts',(0.929290867969085,-3.6,-4.16564307063512));
#7981=CARTESIAN_POINT('Ctrl Pts',(0.946239523886606,-3.6,-4.42500052822392));
#7982=CARTESIAN_POINT('Ctrl Pts',(0.955052271031707,-3.6,-4.55985792960428));
#7983=CARTESIAN_POINT('',(0.687122240208953,-3.6,-5.29260494794153));
#7984=CARTESIAN_POINT('Ctrl Pts',(0.955052271031707,-3.6,-4.55985792960428));
#7985=CARTESIAN_POINT('Ctrl Pts',(0.946185187790703,-3.6,-4.70210603859849));
#7986=CARTESIAN_POINT('Ctrl Pts',(0.929260491827561,-3.6,-4.973616515113));
#7987=CARTESIAN_POINT('Ctrl Pts',(0.765219756388789,-3.6,-5.18972073147644));
#7988=CARTESIAN_POINT('Ctrl Pts',(0.687122240208953,-3.6,-5.29260494794153));
#7989=CARTESIAN_POINT('',(-0.00096927628579794,-3.6,-5.56865342940591));
#7990=CARTESIAN_POINT('Ctrl Pts',(0.687122240208953,-3.6,-5.29260494794153));
#7991=CARTESIAN_POINT('Ctrl Pts',(0.589805347865306,-3.6,-5.37310525312589));
#7992=CARTESIAN_POINT('Ctrl Pts',(0.390209649296851,-3.6,-5.53821034702376));
#7993=CARTESIAN_POINT('Ctrl Pts',(0.131566969384556,-3.6,-5.55833893754121));
#7994=CARTESIAN_POINT('Ctrl Pts',(-0.00096927628579794,-3.6,-5.56865342940591));
#7995=CARTESIAN_POINT('',(-0.741835341311128,-3.6,-5.21851816262506));
#7996=CARTESIAN_POINT('Ctrl Pts',(-0.00096927628579794,-3.6,-5.56865342940591));
#7997=CARTESIAN_POINT('Ctrl Pts',(-0.144619725418194,-3.6,-5.55390876105881));
#7998=CARTESIAN_POINT('Ctrl Pts',(-0.432692135135193,-3.6,-5.52434023435471));
#7999=CARTESIAN_POINT('Ctrl Pts',(-0.63860378269869,-3.6,-5.32064070160387));
#8000=CARTESIAN_POINT('Ctrl Pts',(-0.741835341311128,-3.6,-5.21851816262506));
#8001=CARTESIAN_POINT('',(-1.0320926760203,-3.6,-4.07068350400232));
#8002=CARTESIAN_POINT('Ctrl Pts',(-0.741835341311128,-3.6,-5.21851816262506));
#8003=CARTESIAN_POINT('Ctrl Pts',(-0.826026118498444,-3.6,-5.06776304489651));
#8004=CARTESIAN_POINT('Ctrl Pts',(-1.02389645344277,-3.6,-4.71344910890385));
#8005=CARTESIAN_POINT('Ctrl Pts',(-1.02910200589099,-3.6,-4.30521836155937));
#8006=CARTESIAN_POINT('Ctrl Pts',(-1.0320926760203,-3.6,-4.07068350400232));
#8007=CARTESIAN_POINT('',(-0.72965692029062,-3.6,-2.89138712968134));
#8008=CARTESIAN_POINT('Ctrl Pts',(-1.0320926760203,-3.6,-4.07068350400232));
#8009=CARTESIAN_POINT('Ctrl Pts',(-1.02878861387551,-3.6,-3.82987189179336));
#8010=CARTESIAN_POINT('Ctrl Pts',(-1.02302562922031,-3.6,-3.40984540163044));
#8011=CARTESIAN_POINT('Ctrl Pts',(-0.817394583549026,-3.6,-3.04644223915011));
#8012=CARTESIAN_POINT('Ctrl Pts',(-0.72965692029062,-3.6,-2.89138712968134));
#8013=CARTESIAN_POINT('',(0.055863752507537,-3.6,-2.53008791293405));
#8014=CARTESIAN_POINT('Ctrl Pts',(-0.72965692029062,-3.6,-2.89138712968134));
#8015=CARTESIAN_POINT('Ctrl Pts',(-0.620744995303336,-3.6,-2.7860097078473));
#8016=CARTESIAN_POINT('Ctrl Pts',(-0.401339480967362,-3.6,-2.57372452934555));
#8017=CARTESIAN_POINT('Ctrl Pts',(-0.0972679952426988,-3.6,-2.54470318869711));
#8018=CARTESIAN_POINT('Ctrl Pts',(0.055863752507537,-3.6,-2.53008791293405));
#8019=CARTESIAN_POINT('',(0.617095127248138,-3.6,-2.71987148608469));
#8020=CARTESIAN_POINT('Ctrl Pts',(0.055863752507537,-3.6,-2.53008791293405));
#8021=CARTESIAN_POINT('Ctrl Pts',(0.162341960538157,-3.6,-2.53662860600833));
#8022=CARTESIAN_POINT('Ctrl Pts',(0.366982876328442,-3.6,-2.54919919153359));
#8023=CARTESIAN_POINT('Ctrl Pts',(0.536013878925188,-3.6,-2.66454303797605));
#8024=CARTESIAN_POINT('Ctrl Pts',(0.617095127248138,-3.6,-2.71987148608469));
#8025=CARTESIAN_POINT('Ctrl Pts',(0.617095127248138,-3.6,-2.71987148608469));
#8026=CARTESIAN_POINT('Ctrl Pts',(0.68496276640269,-3.6,-2.79360986036162));
#8027=CARTESIAN_POINT('Ctrl Pts',(0.829610662790608,-3.6,-2.9507701926657));
#8028=CARTESIAN_POINT('Ctrl Pts',(0.875754609402723,-3.6,-3.15993028273121));
#8029=CARTESIAN_POINT('Ctrl Pts',(0.900248184346526,-3.6,-3.27095412697099));
#8030=CARTESIAN_POINT('',(-2.77566532836023,-3.6,-5.51790931309961));
#8031=CARTESIAN_POINT('',(-2.77566532836023,-3.6,-3.04564946378969));
#8032=CARTESIAN_POINT('',(-2.77566532836023,-3.6,-3.54782473189484));
#8033=CARTESIAN_POINT('',(-3.65861515746179,-3.6,-3.04564946378969));
#8034=CARTESIAN_POINT('',(-2.60529361845831,-3.6,-3.04564946378969));
#8035=CARTESIAN_POINT('',(-3.65861515746179,-3.6,-2.54226663197778));
#8036=CARTESIAN_POINT('',(-3.65861515746179,-3.6,-3.29613331598889));
#8037=CARTESIAN_POINT('',(-1.2939334963328,-3.6,-2.54226663197778));
#8038=CARTESIAN_POINT('',(-1.42295278789381,-3.6,-2.54226663197778));
#8039=CARTESIAN_POINT('',(-1.2939334963328,-3.6,-3.04564946378969));
#8040=CARTESIAN_POINT('',(-1.2939334963328,-3.6,-3.54782473189484));
#8041=CARTESIAN_POINT('',(-2.17485319123331,-3.6,-3.04564946378969));
#8042=CARTESIAN_POINT('',(-1.86341263534406,-3.6,-3.04564946378969));
#8043=CARTESIAN_POINT('',(-2.17485319123331,-3.6,-5.51790931309961));
#8044=CARTESIAN_POINT('',(-2.17485319123331,-3.6,-4.7839546565498));
#8045=CARTESIAN_POINT('',(-2.16381870390752,-3.6,-5.51790931309961));
#8046=CARTESIAN_POINT('Ctrl Pts',(-0.2648396347529,-3.6,-4.94449921931528));
#8047=CARTESIAN_POINT('Ctrl Pts',(-0.2648396347529,-3.7,-4.94449921931528));
#8048=CARTESIAN_POINT('Ctrl Pts',(-0.302053819458995,-3.6,-4.88517859407141));
#8049=CARTESIAN_POINT('Ctrl Pts',(-0.302053819458995,-3.7,-4.88517859407141));
#8050=CARTESIAN_POINT('Ctrl Pts',(-0.384027853088613,-3.6,-4.75450930849993));
#8051=CARTESIAN_POINT('Ctrl Pts',(-0.384027853088613,-3.7,-4.75450930849993));
#8052=CARTESIAN_POINT('Ctrl Pts',(-0.389646773921745,-3.6,-4.59972117265259));
#8053=CARTESIAN_POINT('Ctrl Pts',(-0.389646773921745,-3.7,-4.59972117265259));
#8054=CARTESIAN_POINT('Ctrl Pts',(-0.392714843607575,-3.6,-4.51520302380823));
#8055=CARTESIAN_POINT('Ctrl Pts',(-0.392714843607575,-3.7,-4.51520302380823));
#8056=CARTESIAN_POINT('',(-0.392714843607575,-3.6,-4.51520302380823));
#8057=CARTESIAN_POINT('',(-0.2648396347529,-3.6,-4.94449921931528));
#8058=CARTESIAN_POINT('Ctrl Pts',(-0.392714843607575,-3.6,-4.51520302380823));
#8059=CARTESIAN_POINT('Ctrl Pts',(-0.389646773921745,-3.6,-4.59972117265259));
#8060=CARTESIAN_POINT('Ctrl Pts',(-0.384027853088613,-3.6,-4.75450930849993));
#8061=CARTESIAN_POINT('Ctrl Pts',(-0.302053819458995,-3.6,-4.88517859407141));
#8062=CARTESIAN_POINT('Ctrl Pts',(-0.2648396347529,-3.6,-4.94449921931528));
#8063=CARTESIAN_POINT('',(-0.392714843607575,-3.7,-4.51520302380823));
#8064=CARTESIAN_POINT('',(-0.392714843607575,-3.6,-4.51520302380823));
#8065=CARTESIAN_POINT('',(-0.2648396347529,-3.7,-4.94449921931528));
#8066=CARTESIAN_POINT('Ctrl Pts',(-0.2648396347529,-3.7,-4.94449921931528));
#8067=CARTESIAN_POINT('Ctrl Pts',(-0.302053819458995,-3.7,-4.88517859407141));
#8068=CARTESIAN_POINT('Ctrl Pts',(-0.384027853088613,-3.7,-4.75450930849993));
#8069=CARTESIAN_POINT('Ctrl Pts',(-0.389646773921745,-3.7,-4.59972117265259));
#8070=CARTESIAN_POINT('Ctrl Pts',(-0.392714843607575,-3.7,-4.51520302380823));
#8071=CARTESIAN_POINT('',(-0.2648396347529,-3.6,-4.94449921931528));
#8072=CARTESIAN_POINT('Ctrl Pts',(0.0274472381108695,-3.6,-5.09571709718012));
#8073=CARTESIAN_POINT('Ctrl Pts',(0.0274472381108695,-3.7,-5.09571709718012));
#8074=CARTESIAN_POINT('Ctrl Pts',(-0.0268496129999648,-3.6,-5.08817190624393));
#8075=CARTESIAN_POINT('Ctrl Pts',(-0.0268496129999648,-3.7,-5.08817190624393));
#8076=CARTESIAN_POINT('Ctrl Pts',(-0.141574474807011,-3.6,-5.07222952708654));
#8077=CARTESIAN_POINT('Ctrl Pts',(-0.141574474807011,-3.7,-5.07222952708654));
#8078=CARTESIAN_POINT('Ctrl Pts',(-0.222312964780406,-3.6,-4.98856637216251));
#8079=CARTESIAN_POINT('Ctrl Pts',(-0.222312964780406,-3.7,-4.98856637216251));
#8080=CARTESIAN_POINT('Ctrl Pts',(-0.2648396347529,-3.6,-4.94449921931528));
#8081=CARTESIAN_POINT('Ctrl Pts',(-0.2648396347529,-3.7,-4.94449921931528));
#8082=CARTESIAN_POINT('',(0.0274472381108695,-3.6,-5.09571709718012));
#8083=CARTESIAN_POINT('Ctrl Pts',(-0.2648396347529,-3.6,-4.94449921931528));
#8084=CARTESIAN_POINT('Ctrl Pts',(-0.222312964780406,-3.6,-4.98856637216251));
#8085=CARTESIAN_POINT('Ctrl Pts',(-0.141574474807011,-3.6,-5.07222952708654));
#8086=CARTESIAN_POINT('Ctrl Pts',(-0.0268496129999648,-3.6,-5.08817190624393));
#8087=CARTESIAN_POINT('Ctrl Pts',(0.0274472381108695,-3.6,-5.09571709718012));
#8088=CARTESIAN_POINT('',(0.0274472381108695,-3.7,-5.09571709718012));
#8089=CARTESIAN_POINT('Ctrl Pts',(0.0274472381108695,-3.7,-5.09571709718012));
#8090=CARTESIAN_POINT('Ctrl Pts',(-0.0268496129999648,-3.7,-5.08817190624393));
#8091=CARTESIAN_POINT('Ctrl Pts',(-0.141574474807011,-3.7,-5.07222952708654));
#8092=CARTESIAN_POINT('Ctrl Pts',(-0.222312964780406,-3.7,-4.98856637216251));
#8093=CARTESIAN_POINT('Ctrl Pts',(-0.2648396347529,-3.7,-4.94449921931528));
#8094=CARTESIAN_POINT('',(0.0274472381108695,-3.6,-5.09571709718012));
#8095=CARTESIAN_POINT('Ctrl Pts',(0.291317596577972,-3.6,-4.97190126265787));
#8096=CARTESIAN_POINT('Ctrl Pts',(0.291317596577972,-3.7,-4.97190126265787));
#8097=CARTESIAN_POINT('Ctrl Pts',(0.254145997438397,-3.6,-5.00801361064885));
#8098=CARTESIAN_POINT('Ctrl Pts',(0.254145997438397,-3.7,-5.00801361064885));
#8099=CARTESIAN_POINT('Ctrl Pts',(0.18038200101448,-3.6,-5.07967560985594));
#8100=CARTESIAN_POINT('Ctrl Pts',(0.18038200101448,-3.7,-5.07967560985594));
#8101=CARTESIAN_POINT('Ctrl Pts',(0.078157934743002,-3.6,-5.09039799914262));
#8102=CARTESIAN_POINT('Ctrl Pts',(0.078157934743002,-3.7,-5.09039799914262));
#8103=CARTESIAN_POINT('Ctrl Pts',(0.0274472381108695,-3.6,-5.09571709718012));
#8104=CARTESIAN_POINT('Ctrl Pts',(0.0274472381108695,-3.7,-5.09571709718012));
#8105=CARTESIAN_POINT('',(0.291317596577972,-3.6,-4.97190126265787));
#8106=CARTESIAN_POINT('Ctrl Pts',(0.0274472381108695,-3.6,-5.09571709718012));
#8107=CARTESIAN_POINT('Ctrl Pts',(0.078157934743002,-3.6,-5.09039799914262));
#8108=CARTESIAN_POINT('Ctrl Pts',(0.18038200101448,-3.6,-5.07967560985594));
#8109=CARTESIAN_POINT('Ctrl Pts',(0.254145997438397,-3.6,-5.00801361064885));
#8110=CARTESIAN_POINT('Ctrl Pts',(0.291317596577972,-3.6,-4.97190126265787));
#8111=CARTESIAN_POINT('',(0.291317596577972,-3.7,-4.97190126265787));
#8112=CARTESIAN_POINT('Ctrl Pts',(0.291317596577972,-3.7,-4.97190126265787));
#8113=CARTESIAN_POINT('Ctrl Pts',(0.254145997438397,-3.7,-5.00801361064885));
#8114=CARTESIAN_POINT('Ctrl Pts',(0.18038200101448,-3.7,-5.07967560985594));
#8115=CARTESIAN_POINT('Ctrl Pts',(0.078157934743002,-3.7,-5.09039799914262));
#8116=CARTESIAN_POINT('Ctrl Pts',(0.0274472381108695,-3.7,-5.09571709718012));
#8117=CARTESIAN_POINT('',(0.291317596577972,-3.6,-4.97190126265787));
#8118=CARTESIAN_POINT('Ctrl Pts',(0.396865501546233,-3.6,-4.56594714011453));
#8119=CARTESIAN_POINT('Ctrl Pts',(0.396865501546233,-3.7,-4.56594714011453));
#8120=CARTESIAN_POINT('Ctrl Pts',(0.395713680720701,-3.6,-4.64899563090622));
#8121=CARTESIAN_POINT('Ctrl Pts',(0.395713680720701,-3.7,-4.64899563090622));
#8122=CARTESIAN_POINT('Ctrl Pts',(0.393704740511046,-3.6,-4.79384407330632));
#8123=CARTESIAN_POINT('Ctrl Pts',(0.393704740511046,-3.7,-4.79384407330632));
#8124=CARTESIAN_POINT('Ctrl Pts',(0.32193733872863,-3.6,-4.91865175284071));
#8125=CARTESIAN_POINT('Ctrl Pts',(0.32193733872863,-3.7,-4.91865175284071));
#8126=CARTESIAN_POINT('Ctrl Pts',(0.291317596577972,-3.6,-4.97190126265787));
#8127=CARTESIAN_POINT('Ctrl Pts',(0.291317596577972,-3.7,-4.97190126265787));
#8128=CARTESIAN_POINT('',(0.396865501546233,-3.6,-4.56594714011453));
#8129=CARTESIAN_POINT('Ctrl Pts',(0.291317596577972,-3.6,-4.97190126265787));
#8130=CARTESIAN_POINT('Ctrl Pts',(0.32193733872863,-3.6,-4.91865175284071));
#8131=CARTESIAN_POINT('Ctrl Pts',(0.393704740511046,-3.6,-4.79384407330632));
#8132=CARTESIAN_POINT('Ctrl Pts',(0.395713680720701,-3.6,-4.64899563090622));
#8133=CARTESIAN_POINT('Ctrl Pts',(0.396865501546233,-3.6,-4.56594714011453));
#8134=CARTESIAN_POINT('',(0.396865501546233,-3.7,-4.56594714011453));
#8135=CARTESIAN_POINT('Ctrl Pts',(0.396865501546233,-3.7,-4.56594714011453));
#8136=CARTESIAN_POINT('Ctrl Pts',(0.395713680720701,-3.7,-4.64899563090622));
#8137=CARTESIAN_POINT('Ctrl Pts',(0.393704740511046,-3.7,-4.79384407330632));
#8138=CARTESIAN_POINT('Ctrl Pts',(0.32193733872863,-3.7,-4.91865175284071));
#8139=CARTESIAN_POINT('Ctrl Pts',(0.291317596577972,-3.7,-4.97190126265787));
#8140=CARTESIAN_POINT('',(0.396865501546233,-3.6,-4.56594714011453));
#8141=CARTESIAN_POINT('Ctrl Pts',(0.283198251866668,-3.6,-4.14071031893991));
#8142=CARTESIAN_POINT('Ctrl Pts',(0.283198251866668,-3.7,-4.14071031893991));
#8143=CARTESIAN_POINT('Ctrl Pts',(0.316202912735621,-3.6,-4.1973028628036));
#8144=CARTESIAN_POINT('Ctrl Pts',(0.316202912735621,-3.7,-4.1973028628036));
#8145=CARTESIAN_POINT('Ctrl Pts',(0.39234928182524,-3.6,-4.32786977727291));
#8146=CARTESIAN_POINT('Ctrl Pts',(0.39234928182524,-3.7,-4.32786977727291));
#8147=CARTESIAN_POINT('Ctrl Pts',(0.395232166196577,-3.6,-4.47984411663347));
#8148=CARTESIAN_POINT('Ctrl Pts',(0.395232166196577,-3.7,-4.47984411663347));
#8149=CARTESIAN_POINT('Ctrl Pts',(0.396865501546233,-3.6,-4.56594714011453));
#8150=CARTESIAN_POINT('Ctrl Pts',(0.396865501546233,-3.7,-4.56594714011453));
#8151=CARTESIAN_POINT('',(0.283198251866668,-3.6,-4.14071031893991));
#8152=CARTESIAN_POINT('Ctrl Pts',(0.396865501546233,-3.6,-4.56594714011453));
#8153=CARTESIAN_POINT('Ctrl Pts',(0.395232166196577,-3.6,-4.47984411663347));
#8154=CARTESIAN_POINT('Ctrl Pts',(0.39234928182524,-3.6,-4.32786977727291));
#8155=CARTESIAN_POINT('Ctrl Pts',(0.316202912735621,-3.6,-4.1973028628036));
#8156=CARTESIAN_POINT('Ctrl Pts',(0.283198251866668,-3.6,-4.14071031893991));
#8157=CARTESIAN_POINT('',(0.283198251866668,-3.7,-4.14071031893991));
#8158=CARTESIAN_POINT('Ctrl Pts',(0.283198251866668,-3.7,-4.14071031893991));
#8159=CARTESIAN_POINT('Ctrl Pts',(0.316202912735621,-3.7,-4.1973028628036));
#8160=CARTESIAN_POINT('Ctrl Pts',(0.39234928182524,-3.7,-4.32786977727291));
#8161=CARTESIAN_POINT('Ctrl Pts',(0.395232166196577,-3.7,-4.47984411663347));
#8162=CARTESIAN_POINT('Ctrl Pts',(0.396865501546233,-3.7,-4.56594714011453));
#8163=CARTESIAN_POINT('',(0.283198251866668,-3.6,-4.14071031893991));
#8164=CARTESIAN_POINT('Ctrl Pts',(-0.00096927628579794,-3.6,-4.00573083247446));
#8165=CARTESIAN_POINT('Ctrl Pts',(-0.00096927628579794,-3.7,-4.00573083247446));
#8166=CARTESIAN_POINT('Ctrl Pts',(0.0536797299345629,-3.6,-4.01157484910329));
#8167=CARTESIAN_POINT('Ctrl Pts',(0.0536797299345629,-3.7,-4.01157484910329));
#8168=CARTESIAN_POINT('Ctrl Pts',(0.16407280818755,-3.6,-4.02337998573134));
#8169=CARTESIAN_POINT('Ctrl Pts',(0.16407280818755,-3.7,-4.02337998573134));
#8170=CARTESIAN_POINT('Ctrl Pts',(0.243228038690679,-3.6,-4.10134241997964));
#8171=CARTESIAN_POINT('Ctrl Pts',(0.243228038690679,-3.7,-4.10134241997964));
#8172=CARTESIAN_POINT('Ctrl Pts',(0.283198251866668,-3.6,-4.14071031893991));
#8173=CARTESIAN_POINT('Ctrl Pts',(0.283198251866668,-3.7,-4.14071031893991));
#8174=CARTESIAN_POINT('',(-0.00096927628579794,-3.6,-4.00573083247446));
#8175=CARTESIAN_POINT('Ctrl Pts',(0.283198251866668,-3.6,-4.14071031893991));
#8176=CARTESIAN_POINT('Ctrl Pts',(0.243228038690679,-3.6,-4.10134241997964));
#8177=CARTESIAN_POINT('Ctrl Pts',(0.16407280818755,-3.6,-4.02337998573134));
#8178=CARTESIAN_POINT('Ctrl Pts',(0.0536797299345629,-3.6,-4.01157484910329));
#8179=CARTESIAN_POINT('Ctrl Pts',(-0.00096927628579794,-3.6,-4.00573083247446));
#8180=CARTESIAN_POINT('',(-0.00096927628579796,-3.7,-4.00573083247446));
#8181=CARTESIAN_POINT('Ctrl Pts',(-0.00096927628579794,-3.7,-4.00573083247446));
#8182=CARTESIAN_POINT('Ctrl Pts',(0.0536797299345629,-3.7,-4.01157484910329));
#8183=CARTESIAN_POINT('Ctrl Pts',(0.16407280818755,-3.7,-4.02337998573134));
#8184=CARTESIAN_POINT('Ctrl Pts',(0.243228038690679,-3.7,-4.10134241997964));
#8185=CARTESIAN_POINT('Ctrl Pts',(0.283198251866668,-3.7,-4.14071031893991));
#8186=CARTESIAN_POINT('',(-0.00096927628579794,-3.6,-4.00573083247446));
#8187=CARTESIAN_POINT('Ctrl Pts',(-0.279048189974458,-3.6,-4.13462110842966));
#8188=CARTESIAN_POINT('Ctrl Pts',(-0.279048189974458,-3.7,-4.13462110842966));
#8189=CARTESIAN_POINT('Ctrl Pts',(-0.239400131811045,-3.6,-4.09702985805701));
#8190=CARTESIAN_POINT('Ctrl Pts',(-0.239400131811045,-3.7,-4.09702985805701));
#8191=CARTESIAN_POINT('Ctrl Pts',(-0.161096248989654,-3.6,-4.02278811708303));
#8192=CARTESIAN_POINT('Ctrl Pts',(-0.161096248989654,-3.7,-4.02278811708303));
#8193=CARTESIAN_POINT('Ctrl Pts',(-0.053892118803551,-3.6,-4.01136835856939));
#8194=CARTESIAN_POINT('Ctrl Pts',(-0.053892118803551,-3.7,-4.01136835856939));
#8195=CARTESIAN_POINT('Ctrl Pts',(-0.00096927628579794,-3.6,-4.00573083247446));
#8196=CARTESIAN_POINT('Ctrl Pts',(-0.00096927628579794,-3.7,-4.00573083247446));
#8197=CARTESIAN_POINT('',(-0.279048189974458,-3.6,-4.13462110842966));
#8198=CARTESIAN_POINT('Ctrl Pts',(-0.00096927628579794,-3.6,-4.00573083247446));
#8199=CARTESIAN_POINT('Ctrl Pts',(-0.053892118803551,-3.6,-4.01136835856939));
#8200=CARTESIAN_POINT('Ctrl Pts',(-0.161096248989654,-3.6,-4.02278811708303));
#8201=CARTESIAN_POINT('Ctrl Pts',(-0.239400131811045,-3.6,-4.09702985805701));
#8202=CARTESIAN_POINT('Ctrl Pts',(-0.279048189974458,-3.6,-4.13462110842966));
#8203=CARTESIAN_POINT('',(-0.279048189974458,-3.7,-4.13462110842966));
#8204=CARTESIAN_POINT('Ctrl Pts',(-0.279048189974458,-3.7,-4.13462110842966));
#8205=CARTESIAN_POINT('Ctrl Pts',(-0.239400131811045,-3.7,-4.09702985805701));
#8206=CARTESIAN_POINT('Ctrl Pts',(-0.161096248989654,-3.7,-4.02278811708303));
#8207=CARTESIAN_POINT('Ctrl Pts',(-0.053892118803551,-3.7,-4.01136835856939));
#8208=CARTESIAN_POINT('Ctrl Pts',(-0.00096927628579794,-3.7,-4.00573083247446));
#8209=CARTESIAN_POINT('',(-0.279048189974458,-3.6,-4.13462110842966));
#8210=CARTESIAN_POINT('Ctrl Pts',(-0.392714843607575,-3.6,-4.51520302380823));
#8211=CARTESIAN_POINT('Ctrl Pts',(-0.392714843607575,-3.7,-4.51520302380823));
#8212=CARTESIAN_POINT('Ctrl Pts',(-0.39028458152798,-3.6,-4.4392893714369));
#8213=CARTESIAN_POINT('Ctrl Pts',(-0.39028458152798,-3.7,-4.4392893714369));
#8214=CARTESIAN_POINT('Ctrl Pts',(-0.385880830286116,-3.6,-4.30173019882281));
#8215=CARTESIAN_POINT('Ctrl Pts',(-0.385880830286116,-3.7,-4.30173019882281));
#8216=CARTESIAN_POINT('Ctrl Pts',(-0.312108423628954,-3.6,-4.18633438218261));
#8217=CARTESIAN_POINT('Ctrl Pts',(-0.312108423628954,-3.7,-4.18633438218261));
#8218=CARTESIAN_POINT('Ctrl Pts',(-0.279048189974458,-3.6,-4.13462110842966));
#8219=CARTESIAN_POINT('Ctrl Pts',(-0.279048189974458,-3.7,-4.13462110842966));
#8220=CARTESIAN_POINT('Ctrl Pts',(-0.279048189974458,-3.6,-4.13462110842966));
#8221=CARTESIAN_POINT('Ctrl Pts',(-0.312108423628954,-3.6,-4.18633438218261));
#8222=CARTESIAN_POINT('Ctrl Pts',(-0.385880830286116,-3.6,-4.30173019882281));
#8223=CARTESIAN_POINT('Ctrl Pts',(-0.39028458152798,-3.6,-4.4392893714369));
#8224=CARTESIAN_POINT('Ctrl Pts',(-0.392714843607575,-3.6,-4.51520302380823));
#8225=CARTESIAN_POINT('Ctrl Pts',(-0.392714843607575,-3.7,-4.51520302380823));
#8226=CARTESIAN_POINT('Ctrl Pts',(-0.39028458152798,-3.7,-4.4392893714369));
#8227=CARTESIAN_POINT('Ctrl Pts',(-0.385880830286116,-3.7,-4.30173019882281));
#8228=CARTESIAN_POINT('Ctrl Pts',(-0.312108423628954,-3.7,-4.18633438218261));
#8229=CARTESIAN_POINT('Ctrl Pts',(-0.279048189974458,-3.7,-4.13462110842966));
#8230=CARTESIAN_POINT('Origin',(0.348150625371307,-3.6,-3.33184727515482));
#8231=CARTESIAN_POINT('',(0.900248184346526,-3.7,-3.27095412697099));
#8232=CARTESIAN_POINT('',(0.900248184346526,-3.6,-3.27095412697099));
#8233=CARTESIAN_POINT('',(0.348150625371307,-3.7,-3.33184727515482));
#8234=CARTESIAN_POINT('',(0.900248184346526,-3.7,-3.27095412697099));
#8235=CARTESIAN_POINT('',(0.348150625371307,-3.6,-3.33184727515482));
#8236=CARTESIAN_POINT('Ctrl Pts',(0.242602720403045,-3.6,-3.08015578474306));
#8237=CARTESIAN_POINT('Ctrl Pts',(0.242602720403045,-3.7,-3.08015578474306));
#8238=CARTESIAN_POINT('Ctrl Pts',(0.268542906703685,-3.6,-3.11336864350715));
#8239=CARTESIAN_POINT('Ctrl Pts',(0.268542906703685,-3.7,-3.11336864350715));
#8240=CARTESIAN_POINT('Ctrl Pts',(0.326302535763581,-3.6,-3.18732194438169));
#8241=CARTESIAN_POINT('Ctrl Pts',(0.326302535763581,-3.7,-3.18732194438169));
#8242=CARTESIAN_POINT('Ctrl Pts',(0.340389950667335,-3.6,-3.28051033454572));
#8243=CARTESIAN_POINT('Ctrl Pts',(0.340389950667335,-3.7,-3.28051033454572));
#8244=CARTESIAN_POINT('Ctrl Pts',(0.348150625371307,-3.6,-3.33184727515482));
#8245=CARTESIAN_POINT('Ctrl Pts',(0.348150625371307,-3.7,-3.33184727515482));
#8246=CARTESIAN_POINT('',(0.242602720403045,-3.7,-3.08015578474306));
#8247=CARTESIAN_POINT('Ctrl Pts',(0.242602720403045,-3.7,-3.08015578474306));
#8248=CARTESIAN_POINT('Ctrl Pts',(0.268542906703685,-3.7,-3.11336864350715));
#8249=CARTESIAN_POINT('Ctrl Pts',(0.326302535763581,-3.7,-3.18732194438169));
#8250=CARTESIAN_POINT('Ctrl Pts',(0.340389950667335,-3.7,-3.28051033454572));
#8251=CARTESIAN_POINT('Ctrl Pts',(0.348150625371307,-3.7,-3.33184727515482));
#8252=CARTESIAN_POINT('',(0.242602720403045,-3.6,-3.08015578474306));
#8253=CARTESIAN_POINT('Ctrl Pts',(0.0213580276006156,-3.6,-2.99896487082742));
#8254=CARTESIAN_POINT('Ctrl Pts',(0.0213580276006156,-3.7,-2.99896487082742));
#8255=CARTESIAN_POINT('Ctrl Pts',(0.0639500713567068,-3.6,-3.00177067318133));
#8256=CARTESIAN_POINT('Ctrl Pts',(0.0639500713567068,-3.7,-3.00177067318133));
#8257=CARTESIAN_POINT('Ctrl Pts',(0.145847170968079,-3.6,-3.00716574358894));
#8258=CARTESIAN_POINT('Ctrl Pts',(0.145847170968079,-3.7,-3.00716574358894));
#8259=CARTESIAN_POINT('Ctrl Pts',(0.211225536885083,-3.6,-3.05648559807521));
#8260=CARTESIAN_POINT('Ctrl Pts',(0.211225536885083,-3.7,-3.05648559807521));
#8261=CARTESIAN_POINT('Ctrl Pts',(0.242602720403045,-3.6,-3.08015578474306));
#8262=CARTESIAN_POINT('Ctrl Pts',(0.242602720403045,-3.7,-3.08015578474306));
#8263=CARTESIAN_POINT('',(0.0213580276006156,-3.7,-2.99896487082742));
#8264=CARTESIAN_POINT('Ctrl Pts',(0.0213580276006156,-3.7,-2.99896487082742));
#8265=CARTESIAN_POINT('Ctrl Pts',(0.0639500713567068,-3.7,-3.00177067318133));
#8266=CARTESIAN_POINT('Ctrl Pts',(0.145847170968079,-3.7,-3.00716574358894));
#8267=CARTESIAN_POINT('Ctrl Pts',(0.211225536885083,-3.7,-3.05648559807521));
#8268=CARTESIAN_POINT('Ctrl Pts',(0.242602720403045,-3.7,-3.08015578474306));
#8269=CARTESIAN_POINT('',(0.0213580276006156,-3.6,-2.99896487082742));
#8270=CARTESIAN_POINT('Ctrl Pts',(-0.284122333384187,-3.6,-3.16134654964708));
#8271=CARTESIAN_POINT('Ctrl Pts',(-0.284122333384187,-3.7,-3.16134654964708));
#8272=CARTESIAN_POINT('Ctrl Pts',(-0.241369218090247,-3.6,-3.11400414145127));
#8273=CARTESIAN_POINT('Ctrl Pts',(-0.241369218090247,-3.7,-3.11400414145127));
#8274=CARTESIAN_POINT('Ctrl Pts',(-0.158891010246202,-3.6,-3.02267238805352));
#8275=CARTESIAN_POINT('Ctrl Pts',(-0.158891010246202,-3.7,-3.02267238805352));
#8276=CARTESIAN_POINT('Ctrl Pts',(-0.0372362140232782,-3.6,-3.00667156379645));
#8277=CARTESIAN_POINT('Ctrl Pts',(-0.0372362140232782,-3.7,-3.00667156379645));
#8278=CARTESIAN_POINT('Ctrl Pts',(0.0213580276006156,-3.6,-2.99896487082742));
#8279=CARTESIAN_POINT('Ctrl Pts',(0.0213580276006156,-3.7,-2.99896487082742));
#8280=CARTESIAN_POINT('',(-0.284122333384187,-3.7,-3.16134654964708));
#8281=CARTESIAN_POINT('Ctrl Pts',(-0.284122333384187,-3.7,-3.16134654964708));
#8282=CARTESIAN_POINT('Ctrl Pts',(-0.241369218090247,-3.7,-3.11400414145127));
#8283=CARTESIAN_POINT('Ctrl Pts',(-0.158891010246202,-3.7,-3.02267238805352));
#8284=CARTESIAN_POINT('Ctrl Pts',(-0.0372362140232782,-3.7,-3.00667156379645));
#8285=CARTESIAN_POINT('Ctrl Pts',(0.0213580276006156,-3.7,-2.99896487082742));
#8286=CARTESIAN_POINT('',(-0.284122333384187,-3.6,-3.16134654964708));
#8287=CARTESIAN_POINT('Ctrl Pts',(-0.441429719782502,-3.6,-3.83726009215616));
#8288=CARTESIAN_POINT('Ctrl Pts',(-0.441429719782502,-3.7,-3.83726009215616));
#8289=CARTESIAN_POINT('Ctrl Pts',(-0.433772347577671,-3.6,-3.69247820395623));
#8290=CARTESIAN_POINT('Ctrl Pts',(-0.433772347577671,-3.7,-3.69247820395623));
#8291=CARTESIAN_POINT('Ctrl Pts',(-0.421298438813392,-3.6,-3.4566275732416));
#8292=CARTESIAN_POINT('Ctrl Pts',(-0.421298438813392,-3.7,-3.4566275732416));
#8293=CARTESIAN_POINT('Ctrl Pts',(-0.322334982885805,-3.6,-3.24360191200623));
#8294=CARTESIAN_POINT('Ctrl Pts',(-0.322334982885805,-3.7,-3.24360191200623));
#8295=CARTESIAN_POINT('Ctrl Pts',(-0.284122333384187,-3.6,-3.16134654964708));
#8296=CARTESIAN_POINT('Ctrl Pts',(-0.284122333384187,-3.7,-3.16134654964708));
#8297=CARTESIAN_POINT('',(-0.441429719782502,-3.7,-3.83726009215616));
#8298=CARTESIAN_POINT('Ctrl Pts',(-0.441429719782502,-3.7,-3.83726009215616));
#8299=CARTESIAN_POINT('Ctrl Pts',(-0.433772347577671,-3.7,-3.69247820395623));
#8300=CARTESIAN_POINT('Ctrl Pts',(-0.421298438813392,-3.7,-3.4566275732416));
#8301=CARTESIAN_POINT('Ctrl Pts',(-0.322334982885805,-3.7,-3.24360191200623));
#8302=CARTESIAN_POINT('Ctrl Pts',(-0.284122333384187,-3.7,-3.16134654964708));
#8303=CARTESIAN_POINT('',(-0.441429719782502,-3.6,-3.83726009215616));
#8304=CARTESIAN_POINT('Ctrl Pts',(0.0883405353063041,-3.6,-3.58556845273279));
#8305=CARTESIAN_POINT('Ctrl Pts',(0.0883405353063041,-3.7,-3.58556845273279));
#8306=CARTESIAN_POINT('Ctrl Pts',(-0.0133002665640222,-3.6,-3.59653932081155));
#8307=CARTESIAN_POINT('Ctrl Pts',(-0.0133002665640222,-3.7,-3.59653932081155));
#8308=CARTESIAN_POINT('Ctrl Pts',(-0.2189959690499,-3.6,-3.61874162908555));
#8309=CARTESIAN_POINT('Ctrl Pts',(-0.2189959690499,-3.7,-3.61874162908555));
#8310=CARTESIAN_POINT('Ctrl Pts',(-0.36670727664832,-3.6,-3.76385291641604));
#8311=CARTESIAN_POINT('Ctrl Pts',(-0.36670727664832,-3.7,-3.76385291641604));
#8312=CARTESIAN_POINT('Ctrl Pts',(-0.441429719782502,-3.6,-3.83726009215616));
#8313=CARTESIAN_POINT('Ctrl Pts',(-0.441429719782502,-3.7,-3.83726009215616));
#8314=CARTESIAN_POINT('',(0.0883405353063041,-3.7,-3.58556845273279));
#8315=CARTESIAN_POINT('Ctrl Pts',(0.0883405353063041,-3.7,-3.58556845273279));
#8316=CARTESIAN_POINT('Ctrl Pts',(-0.0133002665640222,-3.7,-3.59653932081155));
#8317=CARTESIAN_POINT('Ctrl Pts',(-0.2189959690499,-3.7,-3.61874162908555));
#8318=CARTESIAN_POINT('Ctrl Pts',(-0.36670727664832,-3.7,-3.76385291641604));
#8319=CARTESIAN_POINT('Ctrl Pts',(-0.441429719782502,-3.7,-3.83726009215616));
#8320=CARTESIAN_POINT('',(0.0883405353063041,-3.6,-3.58556845273279));
#8321=CARTESIAN_POINT('Ctrl Pts',(0.700316324376433,-3.6,-3.85755755986475));
#8322=CARTESIAN_POINT('Ctrl Pts',(0.700316324376433,-3.7,-3.85755755986475));
#8323=CARTESIAN_POINT('Ctrl Pts',(0.61186239649146,-3.6,-3.77823069543483));
#8324=CARTESIAN_POINT('Ctrl Pts',(0.61186239649146,-3.7,-3.77823069543483));
#8325=CARTESIAN_POINT('Ctrl Pts',(0.437048612160836,-3.6,-3.62145496255714));
#8326=CARTESIAN_POINT('Ctrl Pts',(0.437048612160836,-3.7,-3.62145496255714));
#8327=CARTESIAN_POINT('Ctrl Pts',(0.203644588843593,-3.6,-3.59743471085729));
#8328=CARTESIAN_POINT('Ctrl Pts',(0.203644588843593,-3.7,-3.59743471085729));
#8329=CARTESIAN_POINT('Ctrl Pts',(0.0883405353063041,-3.6,-3.58556845273279));
#8330=CARTESIAN_POINT('Ctrl Pts',(0.0883405353063041,-3.7,-3.58556845273279));
#8331=CARTESIAN_POINT('',(0.700316324376433,-3.7,-3.85755755986475));
#8332=CARTESIAN_POINT('Ctrl Pts',(0.700316324376433,-3.7,-3.85755755986475));
#8333=CARTESIAN_POINT('Ctrl Pts',(0.61186239649146,-3.7,-3.77823069543483));
#8334=CARTESIAN_POINT('Ctrl Pts',(0.437048612160836,-3.7,-3.62145496255714));
#8335=CARTESIAN_POINT('Ctrl Pts',(0.203644588843593,-3.7,-3.59743471085729));
#8336=CARTESIAN_POINT('Ctrl Pts',(0.0883405353063041,-3.7,-3.58556845273279));
#8337=CARTESIAN_POINT('',(0.700316324376433,-3.6,-3.85755755986475));
#8338=CARTESIAN_POINT('Ctrl Pts',(0.955052271031707,-3.6,-4.55985792960428));
#8339=CARTESIAN_POINT('Ctrl Pts',(0.955052271031707,-3.7,-4.55985792960428));
#8340=CARTESIAN_POINT('Ctrl Pts',(0.946239523886606,-3.6,-4.42500052822392));
#8341=CARTESIAN_POINT('Ctrl Pts',(0.946239523886606,-3.7,-4.42500052822392));
#8342=CARTESIAN_POINT('Ctrl Pts',(0.929290867969085,-3.6,-4.16564307063512));
#8343=CARTESIAN_POINT('Ctrl Pts',(0.929290867969085,-3.7,-4.16564307063512));
#8344=CARTESIAN_POINT('Ctrl Pts',(0.774581754967026,-3.6,-3.95748178182013));
#8345=CARTESIAN_POINT('Ctrl Pts',(0.774581754967026,-3.7,-3.95748178182013));
#8346=CARTESIAN_POINT('Ctrl Pts',(0.700316324376433,-3.6,-3.85755755986475));
#8347=CARTESIAN_POINT('Ctrl Pts',(0.700316324376433,-3.7,-3.85755755986475));
#8348=CARTESIAN_POINT('',(0.955052271031707,-3.7,-4.55985792960428));
#8349=CARTESIAN_POINT('Ctrl Pts',(0.955052271031707,-3.7,-4.55985792960428));
#8350=CARTESIAN_POINT('Ctrl Pts',(0.946239523886606,-3.7,-4.42500052822392));
#8351=CARTESIAN_POINT('Ctrl Pts',(0.929290867969085,-3.7,-4.16564307063512));
#8352=CARTESIAN_POINT('Ctrl Pts',(0.774581754967026,-3.7,-3.95748178182013));
#8353=CARTESIAN_POINT('Ctrl Pts',(0.700316324376433,-3.7,-3.85755755986475));
#8354=CARTESIAN_POINT('',(0.955052271031707,-3.6,-4.55985792960428));
#8355=CARTESIAN_POINT('Ctrl Pts',(0.687122240208953,-3.6,-5.29260494794153));
#8356=CARTESIAN_POINT('Ctrl Pts',(0.687122240208953,-3.7,-5.29260494794153));
#8357=CARTESIAN_POINT('Ctrl Pts',(0.765219756388789,-3.6,-5.18972073147644));
#8358=CARTESIAN_POINT('Ctrl Pts',(0.765219756388789,-3.7,-5.18972073147644));
#8359=CARTESIAN_POINT('Ctrl Pts',(0.929260491827561,-3.6,-4.973616515113));
#8360=CARTESIAN_POINT('Ctrl Pts',(0.929260491827561,-3.7,-4.973616515113));
#8361=CARTESIAN_POINT('Ctrl Pts',(0.946185187790703,-3.6,-4.70210603859849));
#8362=CARTESIAN_POINT('Ctrl Pts',(0.946185187790703,-3.7,-4.70210603859849));
#8363=CARTESIAN_POINT('Ctrl Pts',(0.955052271031707,-3.6,-4.55985792960428));
#8364=CARTESIAN_POINT('Ctrl Pts',(0.955052271031707,-3.7,-4.55985792960428));
#8365=CARTESIAN_POINT('',(0.687122240208953,-3.7,-5.29260494794153));
#8366=CARTESIAN_POINT('Ctrl Pts',(0.687122240208953,-3.7,-5.29260494794153));
#8367=CARTESIAN_POINT('Ctrl Pts',(0.765219756388789,-3.7,-5.18972073147644));
#8368=CARTESIAN_POINT('Ctrl Pts',(0.929260491827561,-3.7,-4.973616515113));
#8369=CARTESIAN_POINT('Ctrl Pts',(0.946185187790703,-3.7,-4.70210603859849));
#8370=CARTESIAN_POINT('Ctrl Pts',(0.955052271031707,-3.7,-4.55985792960428));
#8371=CARTESIAN_POINT('',(0.687122240208953,-3.6,-5.29260494794153));
#8372=CARTESIAN_POINT('Ctrl Pts',(-0.00096927628579794,-3.6,-5.56865342940591));
#8373=CARTESIAN_POINT('Ctrl Pts',(-0.00096927628579794,-3.7,-5.56865342940591));
#8374=CARTESIAN_POINT('Ctrl Pts',(0.131566969384556,-3.6,-5.55833893754121));
#8375=CARTESIAN_POINT('Ctrl Pts',(0.131566969384556,-3.7,-5.55833893754121));
#8376=CARTESIAN_POINT('Ctrl Pts',(0.390209649296851,-3.6,-5.53821034702376));
#8377=CARTESIAN_POINT('Ctrl Pts',(0.390209649296851,-3.7,-5.53821034702376));
#8378=CARTESIAN_POINT('Ctrl Pts',(0.589805347865306,-3.6,-5.37310525312589));
#8379=CARTESIAN_POINT('Ctrl Pts',(0.589805347865306,-3.7,-5.37310525312589));
#8380=CARTESIAN_POINT('Ctrl Pts',(0.687122240208953,-3.6,-5.29260494794153));
#8381=CARTESIAN_POINT('Ctrl Pts',(0.687122240208953,-3.7,-5.29260494794153));
#8382=CARTESIAN_POINT('',(-0.00096927628579796,-3.7,-5.56865342940591));
#8383=CARTESIAN_POINT('Ctrl Pts',(-0.00096927628579794,-3.7,-5.56865342940591));
#8384=CARTESIAN_POINT('Ctrl Pts',(0.131566969384556,-3.7,-5.55833893754121));
#8385=CARTESIAN_POINT('Ctrl Pts',(0.390209649296851,-3.7,-5.53821034702376));
#8386=CARTESIAN_POINT('Ctrl Pts',(0.589805347865306,-3.7,-5.37310525312589));
#8387=CARTESIAN_POINT('Ctrl Pts',(0.687122240208953,-3.7,-5.29260494794153));
#8388=CARTESIAN_POINT('',(-0.00096927628579794,-3.6,-5.56865342940591));
#8389=CARTESIAN_POINT('Ctrl Pts',(-0.741835341311128,-3.6,-5.21851816262506));
#8390=CARTESIAN_POINT('Ctrl Pts',(-0.741835341311128,-3.7,-5.21851816262506));
#8391=CARTESIAN_POINT('Ctrl Pts',(-0.63860378269869,-3.6,-5.32064070160387));
#8392=CARTESIAN_POINT('Ctrl Pts',(-0.63860378269869,-3.7,-5.32064070160387));
#8393=CARTESIAN_POINT('Ctrl Pts',(-0.432692135135193,-3.6,-5.52434023435471));
#8394=CARTESIAN_POINT('Ctrl Pts',(-0.432692135135193,-3.7,-5.52434023435471));
#8395=CARTESIAN_POINT('Ctrl Pts',(-0.144619725418194,-3.6,-5.55390876105881));
#8396=CARTESIAN_POINT('Ctrl Pts',(-0.144619725418194,-3.7,-5.55390876105881));
#8397=CARTESIAN_POINT('Ctrl Pts',(-0.00096927628579794,-3.6,-5.56865342940591));
#8398=CARTESIAN_POINT('Ctrl Pts',(-0.00096927628579794,-3.7,-5.56865342940591));
#8399=CARTESIAN_POINT('',(-0.741835341311128,-3.7,-5.21851816262506));
#8400=CARTESIAN_POINT('Ctrl Pts',(-0.741835341311128,-3.7,-5.21851816262506));
#8401=CARTESIAN_POINT('Ctrl Pts',(-0.63860378269869,-3.7,-5.32064070160387));
#8402=CARTESIAN_POINT('Ctrl Pts',(-0.432692135135193,-3.7,-5.52434023435471));
#8403=CARTESIAN_POINT('Ctrl Pts',(-0.144619725418194,-3.7,-5.55390876105881));
#8404=CARTESIAN_POINT('Ctrl Pts',(-0.00096927628579794,-3.7,-5.56865342940591));
#8405=CARTESIAN_POINT('',(-0.741835341311128,-3.6,-5.21851816262506));
#8406=CARTESIAN_POINT('Ctrl Pts',(-1.0320926760203,-3.6,-4.07068350400232));
#8407=CARTESIAN_POINT('Ctrl Pts',(-1.0320926760203,-3.7,-4.07068350400232));
#8408=CARTESIAN_POINT('Ctrl Pts',(-1.02910200589099,-3.6,-4.30521836155937));
#8409=CARTESIAN_POINT('Ctrl Pts',(-1.02910200589099,-3.7,-4.30521836155937));
#8410=CARTESIAN_POINT('Ctrl Pts',(-1.02389645344277,-3.6,-4.71344910890385));
#8411=CARTESIAN_POINT('Ctrl Pts',(-1.02389645344277,-3.7,-4.71344910890385));
#8412=CARTESIAN_POINT('Ctrl Pts',(-0.826026118498444,-3.6,-5.06776304489651));
#8413=CARTESIAN_POINT('Ctrl Pts',(-0.826026118498444,-3.7,-5.06776304489651));
#8414=CARTESIAN_POINT('Ctrl Pts',(-0.741835341311128,-3.6,-5.21851816262506));
#8415=CARTESIAN_POINT('Ctrl Pts',(-0.741835341311128,-3.7,-5.21851816262506));
#8416=CARTESIAN_POINT('',(-1.0320926760203,-3.7,-4.07068350400232));
#8417=CARTESIAN_POINT('Ctrl Pts',(-1.0320926760203,-3.7,-4.07068350400232));
#8418=CARTESIAN_POINT('Ctrl Pts',(-1.02910200589099,-3.7,-4.30521836155937));
#8419=CARTESIAN_POINT('Ctrl Pts',(-1.02389645344277,-3.7,-4.71344910890385));
#8420=CARTESIAN_POINT('Ctrl Pts',(-0.826026118498444,-3.7,-5.06776304489651));
#8421=CARTESIAN_POINT('Ctrl Pts',(-0.741835341311128,-3.7,-5.21851816262506));
#8422=CARTESIAN_POINT('',(-1.0320926760203,-3.6,-4.07068350400232));
#8423=CARTESIAN_POINT('Ctrl Pts',(-0.72965692029062,-3.6,-2.89138712968134));
#8424=CARTESIAN_POINT('Ctrl Pts',(-0.72965692029062,-3.7,-2.89138712968134));
#8425=CARTESIAN_POINT('Ctrl Pts',(-0.817394583549026,-3.6,-3.04644223915011));
#8426=CARTESIAN_POINT('Ctrl Pts',(-0.817394583549026,-3.7,-3.04644223915011));
#8427=CARTESIAN_POINT('Ctrl Pts',(-1.02302562922031,-3.6,-3.40984540163044));
#8428=CARTESIAN_POINT('Ctrl Pts',(-1.02302562922031,-3.7,-3.40984540163044));
#8429=CARTESIAN_POINT('Ctrl Pts',(-1.02878861387551,-3.6,-3.82987189179336));
#8430=CARTESIAN_POINT('Ctrl Pts',(-1.02878861387551,-3.7,-3.82987189179336));
#8431=CARTESIAN_POINT('Ctrl Pts',(-1.0320926760203,-3.6,-4.07068350400232));
#8432=CARTESIAN_POINT('Ctrl Pts',(-1.0320926760203,-3.7,-4.07068350400232));
#8433=CARTESIAN_POINT('',(-0.72965692029062,-3.7,-2.89138712968134));
#8434=CARTESIAN_POINT('Ctrl Pts',(-0.72965692029062,-3.7,-2.89138712968134));
#8435=CARTESIAN_POINT('Ctrl Pts',(-0.817394583549026,-3.7,-3.04644223915011));
#8436=CARTESIAN_POINT('Ctrl Pts',(-1.02302562922031,-3.7,-3.40984540163044));
#8437=CARTESIAN_POINT('Ctrl Pts',(-1.02878861387551,-3.7,-3.82987189179336));
#8438=CARTESIAN_POINT('Ctrl Pts',(-1.0320926760203,-3.7,-4.07068350400232));
#8439=CARTESIAN_POINT('',(-0.72965692029062,-3.6,-2.89138712968134));
#8440=CARTESIAN_POINT('Ctrl Pts',(0.055863752507537,-3.6,-2.53008791293405));
#8441=CARTESIAN_POINT('Ctrl Pts',(0.055863752507537,-3.7,-2.53008791293405));
#8442=CARTESIAN_POINT('Ctrl Pts',(-0.0972679952426988,-3.6,-2.54470318869711));
#8443=CARTESIAN_POINT('Ctrl Pts',(-0.0972679952426988,-3.7,-2.54470318869711));
#8444=CARTESIAN_POINT('Ctrl Pts',(-0.401339480967362,-3.6,-2.57372452934555));
#8445=CARTESIAN_POINT('Ctrl Pts',(-0.401339480967362,-3.7,-2.57372452934555));
#8446=CARTESIAN_POINT('Ctrl Pts',(-0.620744995303336,-3.6,-2.7860097078473));
#8447=CARTESIAN_POINT('Ctrl Pts',(-0.620744995303336,-3.7,-2.7860097078473));
#8448=CARTESIAN_POINT('Ctrl Pts',(-0.72965692029062,-3.6,-2.89138712968134));
#8449=CARTESIAN_POINT('Ctrl Pts',(-0.72965692029062,-3.7,-2.89138712968134));
#8450=CARTESIAN_POINT('',(0.055863752507537,-3.7,-2.53008791293405));
#8451=CARTESIAN_POINT('Ctrl Pts',(0.055863752507537,-3.7,-2.53008791293405));
#8452=CARTESIAN_POINT('Ctrl Pts',(-0.0972679952426988,-3.7,-2.54470318869711));
#8453=CARTESIAN_POINT('Ctrl Pts',(-0.401339480967362,-3.7,-2.57372452934555));
#8454=CARTESIAN_POINT('Ctrl Pts',(-0.620744995303336,-3.7,-2.7860097078473));
#8455=CARTESIAN_POINT('Ctrl Pts',(-0.72965692029062,-3.7,-2.89138712968134));
#8456=CARTESIAN_POINT('',(0.055863752507537,-3.6,-2.53008791293405));
#8457=CARTESIAN_POINT('Ctrl Pts',(0.617095127248138,-3.6,-2.71987148608469));
#8458=CARTESIAN_POINT('Ctrl Pts',(0.617095127248138,-3.7,-2.71987148608469));
#8459=CARTESIAN_POINT('Ctrl Pts',(0.536013878925188,-3.6,-2.66454303797605));
#8460=CARTESIAN_POINT('Ctrl Pts',(0.536013878925188,-3.7,-2.66454303797605));
#8461=CARTESIAN_POINT('Ctrl Pts',(0.366982876328442,-3.6,-2.54919919153359));
#8462=CARTESIAN_POINT('Ctrl Pts',(0.366982876328442,-3.7,-2.54919919153359));
#8463=CARTESIAN_POINT('Ctrl Pts',(0.162341960538157,-3.6,-2.53662860600833));
#8464=CARTESIAN_POINT('Ctrl Pts',(0.162341960538157,-3.7,-2.53662860600833));
#8465=CARTESIAN_POINT('Ctrl Pts',(0.055863752507537,-3.6,-2.53008791293405));
#8466=CARTESIAN_POINT('Ctrl Pts',(0.055863752507537,-3.7,-2.53008791293405));
#8467=CARTESIAN_POINT('',(0.617095127248138,-3.7,-2.71987148608469));
#8468=CARTESIAN_POINT('Ctrl Pts',(0.617095127248138,-3.7,-2.71987148608469));
#8469=CARTESIAN_POINT('Ctrl Pts',(0.536013878925188,-3.7,-2.66454303797605));
#8470=CARTESIAN_POINT('Ctrl Pts',(0.366982876328442,-3.7,-2.54919919153359));
#8471=CARTESIAN_POINT('Ctrl Pts',(0.162341960538157,-3.7,-2.53662860600833));
#8472=CARTESIAN_POINT('Ctrl Pts',(0.055863752507537,-3.7,-2.53008791293405));
#8473=CARTESIAN_POINT('',(0.617095127248138,-3.6,-2.71987148608469));
#8474=CARTESIAN_POINT('Ctrl Pts',(0.900248184346526,-3.6,-3.27095412697099));
#8475=CARTESIAN_POINT('Ctrl Pts',(0.900248184346526,-3.7,-3.27095412697099));
#8476=CARTESIAN_POINT('Ctrl Pts',(0.875754609402723,-3.6,-3.15993028273121));
#8477=CARTESIAN_POINT('Ctrl Pts',(0.875754609402723,-3.7,-3.15993028273121));
#8478=CARTESIAN_POINT('Ctrl Pts',(0.829610662790608,-3.6,-2.9507701926657));
#8479=CARTESIAN_POINT('Ctrl Pts',(0.829610662790608,-3.7,-2.9507701926657));
#8480=CARTESIAN_POINT('Ctrl Pts',(0.68496276640269,-3.6,-2.79360986036162));
#8481=CARTESIAN_POINT('Ctrl Pts',(0.68496276640269,-3.7,-2.79360986036162));
#8482=CARTESIAN_POINT('Ctrl Pts',(0.617095127248138,-3.6,-2.71987148608469));
#8483=CARTESIAN_POINT('Ctrl Pts',(0.617095127248138,-3.7,-2.71987148608469));
#8484=CARTESIAN_POINT('Ctrl Pts',(0.900248184346526,-3.7,-3.27095412697099));
#8485=CARTESIAN_POINT('Ctrl Pts',(0.875754609402723,-3.7,-3.15993028273121));
#8486=CARTESIAN_POINT('Ctrl Pts',(0.829610662790608,-3.7,-2.9507701926657));
#8487=CARTESIAN_POINT('Ctrl Pts',(0.68496276640269,-3.7,-2.79360986036162));
#8488=CARTESIAN_POINT('Ctrl Pts',(0.617095127248138,-3.7,-2.71987148608469));
#8489=CARTESIAN_POINT('Origin',(-1.65523241505686,-3.7,-4.04937067116998));
#8490=CARTESIAN_POINT('Origin',(-1.55197207945482,-3.6,-4.05));
#8491=CARTESIAN_POINT('Origin',(-2.77566532836023,-3.6,-3.04564946378969));
#8492=CARTESIAN_POINT('',(-2.77566532836023,-3.7,-5.51790931309961));
#8493=CARTESIAN_POINT('',(-2.77566532836023,-3.6,-5.51790931309961));
#8494=CARTESIAN_POINT('',(-2.77566532836023,-3.7,-3.04564946378969));
#8495=CARTESIAN_POINT('',(-2.77566532836023,-3.7,-5.51790931309961));
#8496=CARTESIAN_POINT('',(-2.77566532836023,-3.6,-3.04564946378969));
#8497=CARTESIAN_POINT('Origin',(-3.65861515746179,-3.6,-3.04564946378969));
#8498=CARTESIAN_POINT('',(-3.65861515746179,-3.7,-3.04564946378969));
#8499=CARTESIAN_POINT('',(-2.77566532836023,-3.7,-3.04564946378969));
#8500=CARTESIAN_POINT('',(-3.65861515746179,-3.6,-3.04564946378969));
#8501=CARTESIAN_POINT('Origin',(-3.65861515746179,-3.6,-2.54226663197778));
#8502=CARTESIAN_POINT('',(-3.65861515746179,-3.7,-2.54226663197778));
#8503=CARTESIAN_POINT('',(-3.65861515746179,-3.7,-3.04564946378969));
#8504=CARTESIAN_POINT('',(-3.65861515746179,-3.6,-2.54226663197778));
#8505=CARTESIAN_POINT('Origin',(-1.29393349633279,-3.6,-2.54226663197778));
#8506=CARTESIAN_POINT('',(-1.2939334963328,-3.7,-2.54226663197778));
#8507=CARTESIAN_POINT('',(-3.65861515746179,-3.7,-2.54226663197778));
#8508=CARTESIAN_POINT('',(-1.2939334963328,-3.6,-2.54226663197778));
#8509=CARTESIAN_POINT('Origin',(-1.2939334963328,-3.6,-3.04564946378969));
#8510=CARTESIAN_POINT('',(-1.2939334963328,-3.7,-3.04564946378969));
#8511=CARTESIAN_POINT('',(-1.2939334963328,-3.7,-2.54226663197778));
#8512=CARTESIAN_POINT('',(-1.2939334963328,-3.6,-3.04564946378969));
#8513=CARTESIAN_POINT('Origin',(-2.17485319123331,-3.6,-3.04564946378969));
#8514=CARTESIAN_POINT('',(-2.17485319123331,-3.7,-3.04564946378969));
#8515=CARTESIAN_POINT('',(-1.2939334963328,-3.7,-3.04564946378969));
#8516=CARTESIAN_POINT('',(-2.17485319123331,-3.6,-3.04564946378969));
#8517=CARTESIAN_POINT('Origin',(-2.17485319123331,-3.6,-5.51790931309961));
#8518=CARTESIAN_POINT('',(-2.17485319123331,-3.7,-5.51790931309961));
#8519=CARTESIAN_POINT('',(-2.17485319123331,-3.7,-3.04564946378969));
#8520=CARTESIAN_POINT('',(-2.17485319123331,-3.6,-5.51790931309961));
#8521=CARTESIAN_POINT('Origin',(-2.77566532836023,-3.6,-5.51790931309961));
#8522=CARTESIAN_POINT('',(-2.17485319123331,-3.7,-5.51790931309961));
#8523=CARTESIAN_POINT('Origin',(-1.65523241505686,-3.7,-4.04937067116998));
#8524=CARTESIAN_POINT('Origin',(-6.75197207945482,-3.7,-6.7));
#8525=CARTESIAN_POINT('',(-6.75197207945482,-3.7,-6.7));
#8526=CARTESIAN_POINT('',(-6.75197207945482,-3.7,-1.4));
#8527=CARTESIAN_POINT('',(-6.75197207945482,-3.7,-3.35));
#8528=CARTESIAN_POINT('',(-6.75197207945482,-3.7,-6.7));
#8529=CARTESIAN_POINT('',(-6.75197207945482,-3.7,-1.4));
#8530=CARTESIAN_POINT('Origin',(3.64802792054518,-3.7,-6.7));
#8531=CARTESIAN_POINT('',(3.64802792054518,-3.7,-6.7));
#8532=CARTESIAN_POINT('',(4.15829475219586,-3.7,-6.7));
#8533=CARTESIAN_POINT('',(3.64802792054518,-3.7,-6.7));
#8534=CARTESIAN_POINT('Origin',(3.64802792054518,-3.7,-1.4));
#8535=CARTESIAN_POINT('',(3.64802792054518,-3.7,-1.4));
#8536=CARTESIAN_POINT('',(3.64802792054518,-3.7,-0.7));
#8537=CARTESIAN_POINT('',(3.64802792054518,-3.7,-1.4));
#8538=CARTESIAN_POINT('Origin',(-6.75197207945482,-3.7,-1.4));
#8539=CARTESIAN_POINT('',(-1.04170524780414,-3.7,-1.4));
#8540=CARTESIAN_POINT('Origin',(-1.55197207945482,-3.6,-4.05));
#8541=CARTESIAN_POINT('Origin',(3.64802792054518,3.7,-6.7));
#8542=CARTESIAN_POINT('',(3.64802792054518,3.7,-6.7));
#8543=CARTESIAN_POINT('',(3.64802792054518,3.7,-1.4));
#8544=CARTESIAN_POINT('',(3.64802792054518,3.7,-3.35));
#8545=CARTESIAN_POINT('',(3.64802792054518,3.7,-6.7));
#8546=CARTESIAN_POINT('',(3.64802792054518,3.7,-1.4));
#8547=CARTESIAN_POINT('Origin',(-6.75197207945482,3.7,-6.7));
#8548=CARTESIAN_POINT('',(-6.75197207945482,3.7,-6.7));
#8549=CARTESIAN_POINT('',(-7.15098603972741,3.7,-6.7));
#8550=CARTESIAN_POINT('',(-6.75197207945482,3.7,-6.7));
#8551=CARTESIAN_POINT('Origin',(-6.75197207945482,3.7,-1.4));
#8552=CARTESIAN_POINT('',(-6.75197207945482,3.7,-1.4));
#8553=CARTESIAN_POINT('',(-6.75197207945482,3.7,-0.7));
#8554=CARTESIAN_POINT('',(-6.75197207945482,3.7,-1.4));
#8555=CARTESIAN_POINT('Origin',(3.64802792054518,3.7,-1.4));
#8556=CARTESIAN_POINT('',(-1.95098603972741,3.7,-1.4));
#8557=CARTESIAN_POINT('Origin',(-1.55197207945482,3.6,-4.05));
#8558=CARTESIAN_POINT('Origin',(7.55,1.,-4.25));
#8559=CARTESIAN_POINT('',(7.55,1.,-3.85));
#8560=CARTESIAN_POINT('',(7.55,1.,-4.25));
#8561=CARTESIAN_POINT('',(7.55,1.,-2.125));
#8562=CARTESIAN_POINT('',(7.558,1.,-3.85));
#8563=CARTESIAN_POINT('',(7.55,1.,-3.85));
#8564=CARTESIAN_POINT('',(7.558,1.,-4.25));
#8565=CARTESIAN_POINT('',(7.558,1.,-3.85));
#8566=CARTESIAN_POINT('',(7.55,1.,-4.25));
#8567=CARTESIAN_POINT('Origin',(7.55,-1.,-4.25));
#8568=CARTESIAN_POINT('',(7.55,-1.,-4.25));
#8569=CARTESIAN_POINT('',(7.55,0.139795865215549,-4.25));
#8570=CARTESIAN_POINT('',(7.558,-1.,-4.25));
#8571=CARTESIAN_POINT('',(7.558,1.,-4.25));
#8572=CARTESIAN_POINT('',(7.55,-1.,-4.25));
#8573=CARTESIAN_POINT('Origin',(7.55,-1.,-3.85));
#8574=CARTESIAN_POINT('',(7.55,-1.,-3.85));
#8575=CARTESIAN_POINT('',(7.55,-1.,-1.925));
#8576=CARTESIAN_POINT('',(7.558,-1.,-3.85));
#8577=CARTESIAN_POINT('',(7.558,-1.,-4.25));
#8578=CARTESIAN_POINT('',(7.55,-1.,-3.85));
#8579=CARTESIAN_POINT('Origin',(7.55,1.,-3.85));
#8580=CARTESIAN_POINT('',(7.55,1.13979586521555,-3.85));
#8581=CARTESIAN_POINT('',(7.558,-1.,-3.85));
#8582=CARTESIAN_POINT('Origin',(7.558,0.,-4.05));
#8583=CARTESIAN_POINT('Origin',(-7.55,-0.999999999999998,-4.25));
#8584=CARTESIAN_POINT('',(-7.55,-0.999999999999998,-3.85));
#8585=CARTESIAN_POINT('',(-7.55,-0.999999999999998,-4.25));
#8586=CARTESIAN_POINT('',(-7.55,-0.999999999999998,-2.125));
#8587=CARTESIAN_POINT('',(-7.558,-0.999999999999998,-3.85));
#8588=CARTESIAN_POINT('',(-7.55,-0.999999999999998,-3.85));
#8589=CARTESIAN_POINT('',(-7.558,-0.999999999999998,-4.25));
#8590=CARTESIAN_POINT('',(-7.558,-0.999999999999998,-3.85));
#8591=CARTESIAN_POINT('',(-7.55,-0.999999999999998,-4.25));
#8592=CARTESIAN_POINT('Origin',(-7.55,-0.2,-4.25));
#8593=CARTESIAN_POINT('',(-7.55,-0.2,-4.25));
#8594=CARTESIAN_POINT('',(-7.55,-1.95,-4.25));
#8595=CARTESIAN_POINT('',(-7.558,-0.2,-4.25));
#8596=CARTESIAN_POINT('',(-7.558,-0.999999999999998,-4.25));
#8597=CARTESIAN_POINT('',(-7.55,-0.2,-4.25));
#8598=CARTESIAN_POINT('Origin',(-7.55,-0.2,-5.05));
#8599=CARTESIAN_POINT('',(-7.55,-0.2,-5.05));
#8600=CARTESIAN_POINT('',(-7.55,-0.200000000000001,-2.525));
#8601=CARTESIAN_POINT('',(-7.558,-0.2,-5.05));
#8602=CARTESIAN_POINT('',(-7.558,-0.2,-3.05));
#8603=CARTESIAN_POINT('',(-7.55,-0.2,-5.05));
#8604=CARTESIAN_POINT('Origin',(-7.55,0.2,-5.05));
#8605=CARTESIAN_POINT('',(-7.55,0.2,-5.05));
#8606=CARTESIAN_POINT('',(-7.55,-1.75,-5.05));
#8607=CARTESIAN_POINT('',(-7.558,0.2,-5.05));
#8608=CARTESIAN_POINT('',(-7.558,-0.2,-5.05));
#8609=CARTESIAN_POINT('',(-7.55,0.2,-5.05));
#8610=CARTESIAN_POINT('Origin',(-7.55,0.2,-4.25));
#8611=CARTESIAN_POINT('',(-7.55,0.2,-4.25));
#8612=CARTESIAN_POINT('',(-7.55,0.2,-2.125));
#8613=CARTESIAN_POINT('',(-7.558,0.2,-4.25));
#8614=CARTESIAN_POINT('',(-7.558,0.2,-5.05));
#8615=CARTESIAN_POINT('',(-7.55,0.2,-4.25));
#8616=CARTESIAN_POINT('Origin',(-7.55,1.,-4.25));
#8617=CARTESIAN_POINT('',(-7.55,1.,-4.25));
#8618=CARTESIAN_POINT('',(-7.55,-1.35,-4.25));
#8619=CARTESIAN_POINT('',(-7.558,1.,-4.25));
#8620=CARTESIAN_POINT('',(-7.558,-0.999999999999998,-4.25));
#8621=CARTESIAN_POINT('',(-7.55,1.,-4.25));
#8622=CARTESIAN_POINT('Origin',(-7.55,1.,-3.85));
#8623=CARTESIAN_POINT('',(-7.55,1.,-3.85));
#8624=CARTESIAN_POINT('',(-7.55,1.,-1.925));
#8625=CARTESIAN_POINT('',(-7.558,1.,-3.85));
#8626=CARTESIAN_POINT('',(-7.558,1.,-4.25));
#8627=CARTESIAN_POINT('',(-7.55,1.,-3.85));
#8628=CARTESIAN_POINT('Origin',(-7.55,0.2,-3.85));
#8629=CARTESIAN_POINT('',(-7.55,0.2,-3.85));
#8630=CARTESIAN_POINT('',(-7.55,-1.75,-3.85));
#8631=CARTESIAN_POINT('',(-7.558,0.2,-3.85));
#8632=CARTESIAN_POINT('',(-7.558,1.,-3.85));
#8633=CARTESIAN_POINT('',(-7.55,0.2,-3.85));
#8634=CARTESIAN_POINT('Origin',(-7.55,0.2,-3.05));
#8635=CARTESIAN_POINT('',(-7.55,0.2,-3.05));
#8636=CARTESIAN_POINT('',(-7.55,0.2,-1.525));
#8637=CARTESIAN_POINT('',(-7.558,0.2,-3.05));
#8638=CARTESIAN_POINT('',(-7.558,0.2,-5.05));
#8639=CARTESIAN_POINT('',(-7.55,0.2,-3.05));
#8640=CARTESIAN_POINT('Origin',(-7.55,-0.2,-3.05));
#8641=CARTESIAN_POINT('',(-7.55,-0.2,-3.05));
#8642=CARTESIAN_POINT('',(-7.55,-1.95,-3.05));
#8643=CARTESIAN_POINT('',(-7.558,-0.2,-3.05));
#8644=CARTESIAN_POINT('',(-7.558,0.2,-3.05));
#8645=CARTESIAN_POINT('',(-7.55,-0.2,-3.05));
#8646=CARTESIAN_POINT('Origin',(-7.55,-0.2,-3.85));
#8647=CARTESIAN_POINT('',(-7.55,-0.2,-3.85));
#8648=CARTESIAN_POINT('',(-7.55,-0.200000000000001,-1.925));
#8649=CARTESIAN_POINT('',(-7.558,-0.2,-3.85));
#8650=CARTESIAN_POINT('',(-7.558,-0.2,-3.05));
#8651=CARTESIAN_POINT('',(-7.55,-0.2,-3.85));
#8652=CARTESIAN_POINT('Origin',(-7.55,-0.999999999999998,-3.85));
#8653=CARTESIAN_POINT('',(-7.55,-2.35,-3.85));
#8654=CARTESIAN_POINT('',(-7.558,1.,-3.85));
#8655=CARTESIAN_POINT('Origin',(-7.558,1.80411241501588E-15,-4.05));
#8656=CARTESIAN_POINT('Origin',(0.,-5.55111512312578E-16,8.38));
#8657=CARTESIAN_POINT('',(-7.55,-3.7,8.38));
#8658=CARTESIAN_POINT('',(4.66856158384654,-3.7,8.38));
#8659=CARTESIAN_POINT('',(4.66856158384654,-3.7,8.38));
#8660=CARTESIAN_POINT('',(7.55,-1.2795917304311,8.38));
#8661=CARTESIAN_POINT('',(7.55,-1.2795917304311,8.38));
#8662=CARTESIAN_POINT('',(7.55,1.2795917304311,8.38));
#8663=CARTESIAN_POINT('',(7.55,1.2795917304311,8.38));
#8664=CARTESIAN_POINT('',(4.66856158384655,3.7,8.38));
#8665=CARTESIAN_POINT('',(4.66856158384655,3.7,8.38));
#8666=CARTESIAN_POINT('',(-7.55,3.7,8.38));
#8667=CARTESIAN_POINT('',(-7.55,3.7,8.38));
#8668=CARTESIAN_POINT('',(-7.55,-3.7,8.38));
#8669=CARTESIAN_POINT('',(4.45,-3.1,8.38));
#8670=CARTESIAN_POINT('',(-6.95,-3.1,8.38));
#8671=CARTESIAN_POINT('',(-6.95,-3.1,8.38));
#8672=CARTESIAN_POINT('',(-6.95,3.1,8.38));
#8673=CARTESIAN_POINT('',(-6.95,3.1,8.38));
#8674=CARTESIAN_POINT('',(4.45,3.1,8.38));
#8675=CARTESIAN_POINT('',(0.85,3.1,8.38));
#8676=CARTESIAN_POINT('',(6.95,1.,8.38));
#8677=CARTESIAN_POINT('',(4.45,3.1,8.38));
#8678=CARTESIAN_POINT('',(6.95,-1.,8.38));
#8679=CARTESIAN_POINT('',(6.95,1.,8.38));
#8680=CARTESIAN_POINT('',(4.45,-3.1,8.38));
#8681=CARTESIAN_POINT('Origin',(6.95,1.,0.));
#8682=CARTESIAN_POINT('',(4.45,3.1,-8.1));
#8683=CARTESIAN_POINT('',(4.45,3.1,0.));
#8684=CARTESIAN_POINT('',(6.95,1.,-8.1));
#8685=CARTESIAN_POINT('',(4.45,3.1,-8.1));
#8686=CARTESIAN_POINT('',(6.95,1.,0.));
#8687=CARTESIAN_POINT('Origin',(6.95,-1.,0.));
#8688=CARTESIAN_POINT('',(6.95,-1.,-8.1));
#8689=CARTESIAN_POINT('',(6.95,1.,-8.1));
#8690=CARTESIAN_POINT('',(6.95,-1.,0.));
#8691=CARTESIAN_POINT('Origin',(4.45,-3.1,0.));
#8692=CARTESIAN_POINT('',(4.45,-3.1,-8.1));
#8693=CARTESIAN_POINT('',(4.45,-3.1,-8.1));
#8694=CARTESIAN_POINT('',(4.45,-3.1,0.));
#8695=CARTESIAN_POINT('Origin',(0.85,-2.6,0.));
#8696=CARTESIAN_POINT('',(0.85,-3.1,-8.1));
#8697=CARTESIAN_POINT('',(0.85,-3.1,0.));
#8698=CARTESIAN_POINT('',(0.85,-2.6,-8.1));
#8699=CARTESIAN_POINT('',(0.85,-3.1,-8.1));
#8700=CARTESIAN_POINT('',(0.85,-2.6,0.));
#8701=CARTESIAN_POINT('Origin',(-1.05,-2.6,0.));
#8702=CARTESIAN_POINT('',(0.85,-2.6,-8.1));
#8703=CARTESIAN_POINT('Origin',(-6.95,-3.1,0.));
#8704=CARTESIAN_POINT('',(-6.95,-3.1,-8.1));
#8705=CARTESIAN_POINT('',(-6.95,-3.1,-8.1));
#8706=CARTESIAN_POINT('',(-6.95,-3.1,0.));
#8707=CARTESIAN_POINT('',(-6.95,-3.1,-8.1));
#8708=CARTESIAN_POINT('Origin',(-6.95,3.1,0.));
#8709=CARTESIAN_POINT('',(-6.95,3.1,-8.1));
#8710=CARTESIAN_POINT('',(-6.95,3.1,-8.1));
#8711=CARTESIAN_POINT('',(-6.95,3.1,0.));
#8712=CARTESIAN_POINT('Origin',(4.45,3.1,0.));
#8713=CARTESIAN_POINT('',(0.85,3.1,-8.1));
#8714=CARTESIAN_POINT('Origin',(7.55,-1.2795917304311,0.));
#8715=CARTESIAN_POINT('',(4.66856158384654,-3.7,-8.1));
#8716=CARTESIAN_POINT('',(4.66856158384654,-3.7,0.));
#8717=CARTESIAN_POINT('',(7.55,-1.2795917304311,-8.1));
#8718=CARTESIAN_POINT('',(7.55,-1.2795917304311,-8.1));
#8719=CARTESIAN_POINT('',(7.55,-1.2795917304311,0.));
#8720=CARTESIAN_POINT('Origin',(7.55,1.2795917304311,0.));
#8721=CARTESIAN_POINT('',(7.55,1.2795917304311,-8.1));
#8722=CARTESIAN_POINT('',(7.55,1.2795917304311,-8.1));
#8723=CARTESIAN_POINT('',(7.55,1.2795917304311,0.));
#8724=CARTESIAN_POINT('Origin',(4.66856158384655,3.7,0.));
#8725=CARTESIAN_POINT('',(4.66856158384655,3.7,-8.1));
#8726=CARTESIAN_POINT('',(4.66856158384655,3.7,-8.1));
#8727=CARTESIAN_POINT('',(4.66856158384655,3.7,0.));
#8728=CARTESIAN_POINT('Origin',(-7.55,3.7,0.));
#8729=CARTESIAN_POINT('',(-7.55,3.7,-8.1));
#8730=CARTESIAN_POINT('',(-7.55,3.7,-8.1));
#8731=CARTESIAN_POINT('',(-7.55,3.7,0.));
#8732=CARTESIAN_POINT('Origin',(-7.55,-3.7,0.));
#8733=CARTESIAN_POINT('',(-7.55,-3.7,-8.1));
#8734=CARTESIAN_POINT('',(-7.55,-3.7,-8.1));
#8735=CARTESIAN_POINT('',(-7.55,-3.7,0.));
#8736=CARTESIAN_POINT('Origin',(4.66856158384654,-3.7,0.));
#8737=CARTESIAN_POINT('',(4.66856158384654,-3.7,-8.1));
#8738=CARTESIAN_POINT('Origin',(0.,-5.55111512312578E-16,-8.1));
#8739=CARTESIAN_POINT('Origin',(-3.97913156380685,0.82643566273589,-7.1));
#8740=CARTESIAN_POINT('',(-1.85826313506428,0.49712867452822,-7.1));
#8741=CARTESIAN_POINT('',(-6.04173685003456,-0.497128674528219,-7.1));
#8742=CARTESIAN_POINT('Origin',(-3.94999999254942,0.,-7.1));
#8743=CARTESIAN_POINT('',(-5.62338947853753,-0.397702939622576,-7.1));
#8744=CARTESIAN_POINT('',(-6.04173685003456,-0.497128674528219,-7.1));
#8745=CARTESIAN_POINT('',(-2.27661050656131,0.397702939622576,-7.1));
#8746=CARTESIAN_POINT('Origin',(-3.94999999254942,0.,-7.1));
#8747=CARTESIAN_POINT('',(-2.27661050656131,0.397702939622576,-7.1));
#8748=CARTESIAN_POINT('Origin',(-5.62338947853753,-0.397702939622576,-8.1));
#8749=CARTESIAN_POINT('',(-6.04173685003456,-0.497128674528219,-11.5));
#8750=CARTESIAN_POINT('',(-6.04173685003456,-0.497128674528219,-8.1));
#8751=CARTESIAN_POINT('',(-5.62338947853753,-0.397702939622576,-11.5));
#8752=CARTESIAN_POINT('',(-6.04173685003456,-0.497128674528219,-11.5));
#8753=CARTESIAN_POINT('',(-5.62338947853753,-0.397702939622576,-8.1));
#8754=CARTESIAN_POINT('Origin',(-3.94999999254942,0.,-8.1));
#8755=CARTESIAN_POINT('',(-2.27661050656131,0.397702939622576,-11.5));
#8756=CARTESIAN_POINT('Origin',(-3.94999999254942,0.,-11.5));
#8757=CARTESIAN_POINT('',(-2.27661050656131,0.397702939622576,-8.1));
#8758=CARTESIAN_POINT('Origin',(-1.85826313506428,0.497128674528219,-8.1));
#8759=CARTESIAN_POINT('',(-1.85826313506428,0.49712867452822,-11.5));
#8760=CARTESIAN_POINT('',(-2.27661050656131,0.397702939622576,-11.5));
#8761=CARTESIAN_POINT('',(-1.85826313506428,0.49712867452822,-8.1));
#8762=CARTESIAN_POINT('Origin',(-3.94999999254942,0.,-8.1));
#8763=CARTESIAN_POINT('Origin',(-3.94999999254942,0.,-11.5));
#8764=CARTESIAN_POINT('Origin',(-3.97913156380685,0.82643566273589,-11.5));
#8765=CARTESIAN_POINT('Origin',(3.28000000745058,-9.30731567351989E-17,
-3.2));
#8766=CARTESIAN_POINT('',(1.54000000745058,-3.06161699786838E-16,-4.2));
#8767=CARTESIAN_POINT('Origin',(3.28000000745058,-9.30731567351989E-17,
-4.2));
#8768=CARTESIAN_POINT('',(1.54000000745058,-3.06161699786838E-16,-3.2));
#8769=CARTESIAN_POINT('',(1.54000000745058,1.2001538631644E-16,-3.2));
#8770=CARTESIAN_POINT('Origin',(3.28000000745058,-9.30731567351989E-17,
-3.2));
#8771=CARTESIAN_POINT('Origin',(3.28000000745058,0.,-3.2));
#8772=CARTESIAN_POINT('Origin',(3.28000000745058,0.,-4.2));
#8773=CARTESIAN_POINT('Origin',(-3.94999999254942,0.,-3.2));
#8774=CARTESIAN_POINT('',(-5.68999999254942,-2.13088543051639E-16,-4.2));
#8775=CARTESIAN_POINT('Origin',(-3.94999999254942,0.,-4.2));
#8776=CARTESIAN_POINT('',(-5.68999999254942,-2.13088543051639E-16,-3.2));
#8777=CARTESIAN_POINT('',(-5.68999999254942,2.13088543051639E-16,-3.2));
#8778=CARTESIAN_POINT('Origin',(-3.94999999254942,0.,-3.2));
#8779=CARTESIAN_POINT('Origin',(-3.94999999254942,0.,-3.2));
#8780=CARTESIAN_POINT('Origin',(-3.94999999254942,0.,-4.2));
#8781=CARTESIAN_POINT('Origin',(-3.94999999254942,0.,-8.1));
#8782=CARTESIAN_POINT('',(-6.94999999254942,3.67394039744206E-16,-8.1));
#8783=CARTESIAN_POINT('Origin',(-3.94999999254942,0.,-8.1));
#8784=CARTESIAN_POINT('',(-6.94999999254942,3.67394039744206E-16,-7.1));
#8785=CARTESIAN_POINT('',(-6.95,0.,-8.1));
#8786=CARTESIAN_POINT('Origin',(-3.94999999254942,0.,-7.1));
#8787=CARTESIAN_POINT('',(-6.95,0.,-8.1));
#8788=CARTESIAN_POINT('Origin',(-3.94999999254942,0.,-7.1));
#8789=CARTESIAN_POINT('',(-5.68999999254942,2.13088543051639E-16,-7.1));
#8790=CARTESIAN_POINT('Origin',(-3.94999999254942,0.,-7.1));
#8791=CARTESIAN_POINT('Origin',(3.28000000745058,-9.30731567351989E-17,
-8.1));
#8792=CARTESIAN_POINT('',(0.28000000745058,2.74320883009007E-16,-8.1));
#8793=CARTESIAN_POINT('Origin',(3.28000000745058,-9.30731567351989E-17,
-8.1));
#8794=CARTESIAN_POINT('',(0.28000000745058,2.74320883009007E-16,-7.1));
#8795=CARTESIAN_POINT('',(0.28000000745058,-4.60467196479405E-16,-8.1));
#8796=CARTESIAN_POINT('Origin',(3.28000000745058,-9.30731567351989E-17,
-7.1));
#8797=CARTESIAN_POINT('Origin',(3.28000000745058,0.,-7.1));
#8798=CARTESIAN_POINT('',(1.54000000745058,1.2001538631644E-16,-7.1));
#8799=CARTESIAN_POINT('Origin',(3.28000000745058,-9.30731567351989E-17,
-7.1));
#8800=CARTESIAN_POINT('Origin',(-3.94999999254942,0.,-8.1));
#8801=CARTESIAN_POINT('',(0.85,-2.6,-8.1));
#8802=CARTESIAN_POINT('',(-1.05,-2.6,-8.1));
#8803=CARTESIAN_POINT('',(0.85,-2.6,-8.1));
#8804=CARTESIAN_POINT('',(-1.05,-3.1,-8.1));
#8805=CARTESIAN_POINT('',(-1.05,-2.6,-8.1));
#8806=CARTESIAN_POINT('',(-6.95,-3.1,-8.1));
#8807=CARTESIAN_POINT('',(-6.95,-3.1,-8.1));
#8808=CARTESIAN_POINT('',(-6.95,3.1,-8.1));
#8809=CARTESIAN_POINT('',(-6.95,3.1,-8.1));
#8810=CARTESIAN_POINT('',(-6.95,3.1,-8.1));
#8811=CARTESIAN_POINT('',(4.45,3.1,-8.1));
#8812=CARTESIAN_POINT('',(0.85,3.1,-8.1));
#8813=CARTESIAN_POINT('',(6.95,1.,-8.1));
#8814=CARTESIAN_POINT('',(4.45,3.1,-8.1));
#8815=CARTESIAN_POINT('',(6.95,-1.,-8.1));
#8816=CARTESIAN_POINT('',(6.95,1.,-8.1));
#8817=CARTESIAN_POINT('',(4.45,-3.1,-8.1));
#8818=CARTESIAN_POINT('',(4.45,-3.1,-8.1));
#8819=CARTESIAN_POINT('',(0.85,-3.1,-8.1));
#8820=CARTESIAN_POINT('',(-6.95,-3.1,-8.1));
#8821=CARTESIAN_POINT('',(0.85,-3.1,-8.1));
#8822=CARTESIAN_POINT('Origin',(-0.550000000000003,-2.6,0.));
#8823=CARTESIAN_POINT('',(-0.550000000000003,-2.6,-0.949999999999999));
#8824=CARTESIAN_POINT('',(-0.550000000000003,1.5,-0.949999999999999));
#8825=CARTESIAN_POINT('',(-0.550000000000003,-1.3,-0.949999999999999));
#8826=CARTESIAN_POINT('',(-0.550000000000003,-2.6,-1.98));
#8827=CARTESIAN_POINT('',(-0.550000000000003,-2.6,0.47));
#8828=CARTESIAN_POINT('',(-0.550000000000003,1.5,-1.98));
#8829=CARTESIAN_POINT('',(-0.550000000000003,1.5,-1.98));
#8830=CARTESIAN_POINT('',(-0.550000000000003,1.5,0.));
#8831=CARTESIAN_POINT('Origin',(-0.550000000000003,1.5,0.));
#8832=CARTESIAN_POINT('',(0.549999999999997,1.5,-0.949999999999999));
#8833=CARTESIAN_POINT('',(-2.24999999627471,1.5,-0.949999999999999));
#8834=CARTESIAN_POINT('',(0.549999999999997,1.5,-1.98));
#8835=CARTESIAN_POINT('',(0.549999999999997,1.5,-1.98));
#8836=CARTESIAN_POINT('',(0.549999999999997,1.5,0.));
#8837=CARTESIAN_POINT('Origin',(0.549999999999997,1.5,0.));
#8838=CARTESIAN_POINT('',(0.549999999999997,-2.6,-0.949999999999999));
#8839=CARTESIAN_POINT('',(0.549999999999997,0.75,-0.949999999999999));
#8840=CARTESIAN_POINT('',(0.549999999999997,-2.6,-1.98));
#8841=CARTESIAN_POINT('',(0.549999999999997,-2.6,-1.98));
#8842=CARTESIAN_POINT('',(0.549999999999997,-2.6,0.47));
#8843=CARTESIAN_POINT('Origin',(-3.19189119579733E-15,-0.550000000000001,
-1.98));
#8844=CARTESIAN_POINT('',(0.424999999999998,-2.6,-1.98));
#8845=CARTESIAN_POINT('Origin',(0.85,-2.6,0.94));
#8846=CARTESIAN_POINT('',(-1.05,-2.6,-0.949999999999999));
#8847=CARTESIAN_POINT('',(-1.54999999627471,-2.6,-0.949999999999999));
#8848=CARTESIAN_POINT('',(-1.05,-2.6,0.94));
#8849=CARTESIAN_POINT('',(0.85,-2.6,-0.949999999999999));
#8850=CARTESIAN_POINT('',(0.85,-2.6,0.94));
#8851=CARTESIAN_POINT('',(-1.54999999627471,-2.6,-0.949999999999999));
#8852=CARTESIAN_POINT('Origin',(-3.94999999254942,0.,-0.949999999999999));
#8853=CARTESIAN_POINT('',(0.85,-3.1,-0.949999999999999));
#8854=CARTESIAN_POINT('',(0.85,-1.55,-0.949999999999999));
#8855=CARTESIAN_POINT('',(4.45,-3.1,-0.949999999999999));
#8856=CARTESIAN_POINT('',(0.250000003725291,-3.1,-0.949999999999999));
#8857=CARTESIAN_POINT('',(6.95,-1.,-0.949999999999999));
#8858=CARTESIAN_POINT('',(4.0008911841729,-3.47725140529477,-0.949999999999999));
#8859=CARTESIAN_POINT('',(6.95,1.,-0.949999999999999));
#8860=CARTESIAN_POINT('',(6.95,0.5,-0.949999999999999));
#8861=CARTESIAN_POINT('',(4.45,3.1,-0.949999999999999));
#8862=CARTESIAN_POINT('',(2.7508911841729,4.52725140529477,-0.949999999999999));
#8863=CARTESIAN_POINT('',(-6.95,3.1,-0.949999999999999));
#8864=CARTESIAN_POINT('',(-5.44999999627471,3.1,-0.949999999999999));
#8865=CARTESIAN_POINT('',(-6.95,-3.1,-0.949999999999999));
#8866=CARTESIAN_POINT('',(-6.95,-1.55,-0.949999999999999));
#8867=CARTESIAN_POINT('',(-1.05,-3.1,-0.949999999999999));
#8868=CARTESIAN_POINT('',(-2.49999999627471,-3.1,-0.949999999999999));
#8869=CARTESIAN_POINT('',(-1.05,-1.3,-0.949999999999999));
#8870=CARTESIAN_POINT('',(1.54000000745058,1.2001538631644E-16,-0.949999999999999));
#8871=CARTESIAN_POINT('Origin',(3.28000000745058,-9.30731567351989E-17,
-0.949999999999999));
#8872=CARTESIAN_POINT('',(-5.68999999254942,2.13088543051639E-16,-0.949999999999999));
#8873=CARTESIAN_POINT('Origin',(-3.94999999254942,0.,-0.949999999999999));
#8874=CARTESIAN_POINT('Origin',(6.95,1.,0.94));
#8875=CARTESIAN_POINT('',(6.95,-1.,0.94));
#8876=CARTESIAN_POINT('',(6.95,1.,0.94));
#8877=CARTESIAN_POINT('Origin',(6.95,-1.,0.94));
#8878=CARTESIAN_POINT('',(4.45,-3.1,0.94));
#8879=CARTESIAN_POINT('Origin',(4.45,-3.1,0.94));
#8880=CARTESIAN_POINT('',(0.85,-3.1,0.94));
#8881=CARTESIAN_POINT('Origin',(0.85,-3.1,0.94));
#8882=CARTESIAN_POINT('Origin',(-3.94999999254942,0.,0.94));
#8883=CARTESIAN_POINT('',(-5.68999999254942,2.13088543051639E-16,0.94));
#8884=CARTESIAN_POINT('Origin',(3.28000000745058,-9.30731567351989E-17,
0.94));
#8885=CARTESIAN_POINT('',(1.54000000745058,1.2001538631644E-16,0.94));
#8886=CARTESIAN_POINT('Origin',(4.45,3.1,0.94));
#8887=CARTESIAN_POINT('',(4.45,3.1,0.94));
#8888=CARTESIAN_POINT('Origin',(-6.95,3.1,0.94));
#8889=CARTESIAN_POINT('',(-6.95,3.1,0.94));
#8890=CARTESIAN_POINT('Origin',(-6.95,-3.1,0.94));
#8891=CARTESIAN_POINT('',(-6.95,-3.1,0.94));
#8892=CARTESIAN_POINT('Origin',(-1.05,-3.1,0.94));
#8893=CARTESIAN_POINT('',(-1.05,-3.1,0.94));
#8894=CARTESIAN_POINT('Origin',(-1.05,-2.6,0.94));
#8895=CARTESIAN_POINT('Origin',(-3.94999999254942,0.,-8.1));
#8896=CARTESIAN_POINT('',(-5.68999999254942,-2.13088543051639E-16,-8.1));
#8897=CARTESIAN_POINT('Origin',(-3.94999999254942,0.,-8.1));
#8898=CARTESIAN_POINT('Origin',(-3.94999999254942,0.,6.));
#8899=CARTESIAN_POINT('',(-4.68098849233758,-0.590978690967328,6.));
#8900=CARTESIAN_POINT('',(-4.54556619714398,-0.455851835517667,6.));
#8901=CARTESIAN_POINT('',(-4.28238678007062,-0.19324657545056,6.));
#8902=CARTESIAN_POINT('',(-4.54704382473509,0.453914818494663,6.));
#8903=CARTESIAN_POINT('Origin',(-3.94999999254942,0.,6.));
#8904=CARTESIAN_POINT('',(-4.68224924036196,0.589415845628502,6.));
#8905=CARTESIAN_POINT('',(-4.67516991161495,0.582321038721613,6.));
#8906=CARTESIAN_POINT('Origin',(-3.94999999254942,0.,6.));
#8907=CARTESIAN_POINT('Origin',(-3.94999999254942,0.,5.2));
#8908=CARTESIAN_POINT('',(-5.2489616103675,-1.15771270850562,5.2));
#8909=CARTESIAN_POINT('Ctrl Pts',(-5.2489616103675,-1.15771270850562,5.2));
#8910=CARTESIAN_POINT('Ctrl Pts',(-5.2489616103675,-1.15771270850562,5.29865288613746));
#8911=CARTESIAN_POINT('Ctrl Pts',(-5.23259933507147,-1.14138612944717,5.41475785227442));
#8912=CARTESIAN_POINT('Ctrl Pts',(-5.17909574554213,-1.08799926432254,5.5970985483789));
#8913=CARTESIAN_POINT('Ctrl Pts',(-5.13246646453919,-1.04147171060771,5.69557758220466));
#8914=CARTESIAN_POINT('Ctrl Pts',(-5.03349550340225,-0.942716666320887,
5.83525630295666));
#8915=CARTESIAN_POINT('Ctrl Pts',(-4.96360827074741,-0.87298190092479,5.90111495050894));
#8916=CARTESIAN_POINT('Ctrl Pts',(-4.83398039479571,-0.743636823506544,
5.97686189705405));
#8917=CARTESIAN_POINT('Ctrl Pts',(-4.75126025052335,-0.661097143006465,
6.));
#8918=CARTESIAN_POINT('Ctrl Pts',(-4.68098849233758,-0.590978690967328,
6.));
#8919=CARTESIAN_POINT('',(-5.24912421982284,1.15753023377847,5.2));
#8920=CARTESIAN_POINT('Ctrl Pts',(-4.68224924036196,0.589415845628501,6.));
#8921=CARTESIAN_POINT('Ctrl Pts',(-4.75240001494373,0.659719997026518,6.));
#8922=CARTESIAN_POINT('Ctrl Pts',(-4.83497895034496,0.74247948202648,5.97685985965529));
#8923=CARTESIAN_POINT('Ctrl Pts',(-4.96436531625623,0.872148736743878,5.90109752698238));
#8924=CARTESIAN_POINT('Ctrl Pts',(-5.03411304186103,0.942048957943459,5.83523581755931));
#8925=CARTESIAN_POINT('Ctrl Pts',(-5.1328792038523,1.04103106109247,5.69555269702135));
#8926=CARTESIAN_POINT('Ctrl Pts',(-5.17940969482848,1.08766328577875,5.59707628778089));
#8927=CARTESIAN_POINT('Ctrl Pts',(-5.23279759774721,1.14116791537121,5.41474320695294));
#8928=CARTESIAN_POINT('Ctrl Pts',(-5.24912421982284,1.15753023377847,5.29864630513424));
#8929=CARTESIAN_POINT('Ctrl Pts',(-5.24912421982284,1.15753023377847,5.2));
#8930=CARTESIAN_POINT('',(-5.68999999254942,-2.13088543051639E-16,5.2));
#8931=CARTESIAN_POINT('Origin',(-3.94999999254942,0.,5.2));
#8932=CARTESIAN_POINT('Origin',(-3.94999999254942,0.,5.2));
#8933=CARTESIAN_POINT('Origin',(-3.94999999254942,0.,6.));
#8934=CARTESIAN_POINT('',(-4.54097868351675,0.730988499788159,6.));
#8935=CARTESIAN_POINT('',(-4.40585182806709,0.595566204594564,6.));
#8936=CARTESIAN_POINT('',(-4.14324656799998,0.332386787521198,6.));
#8937=CARTESIAN_POINT('',(-3.49608517405476,0.597043832185675,6.));
#8938=CARTESIAN_POINT('Origin',(-3.94999999254942,0.,6.));
#8939=CARTESIAN_POINT('',(-3.36058414692092,0.732249247812545,6.));
#8940=CARTESIAN_POINT('',(-3.36767895382781,0.725169919065533,6.));
#8941=CARTESIAN_POINT('Origin',(-3.94999999254942,0.,6.));
#8942=CARTESIAN_POINT('Origin',(-3.94999999254942,0.,5.2));
#8943=CARTESIAN_POINT('',(-5.10771270105504,1.29896161781809,5.2));
#8944=CARTESIAN_POINT('Ctrl Pts',(-5.10771270105504,1.29896161781809,5.2));
#8945=CARTESIAN_POINT('Ctrl Pts',(-5.10771270105504,1.29896161781809,5.29865288613746));
#8946=CARTESIAN_POINT('Ctrl Pts',(-5.09138612199659,1.28259934252205,5.41475785227442));
#8947=CARTESIAN_POINT('Ctrl Pts',(-5.03799925687196,1.22909575299271,5.5970985483789));
#8948=CARTESIAN_POINT('Ctrl Pts',(-4.99147170315713,1.18246647198977,5.69557758220466));
#8949=CARTESIAN_POINT('Ctrl Pts',(-4.89271665887031,1.08349551085283,5.83525630295666));
#8950=CARTESIAN_POINT('Ctrl Pts',(-4.82298189347421,1.01360827819799,5.90111495050894));
#8951=CARTESIAN_POINT('Ctrl Pts',(-4.69363681605596,0.883980402246292,5.97686189705405));
#8952=CARTESIAN_POINT('Ctrl Pts',(-4.61109713555588,0.801260257973929,6.));
#8953=CARTESIAN_POINT('Ctrl Pts',(-4.54097868351675,0.730988499788159,6.));
#8954=CARTESIAN_POINT('',(-2.79246975877095,1.29912422727342,5.2));
#8955=CARTESIAN_POINT('Ctrl Pts',(-3.36058414692092,0.732249247812545,6.));
#8956=CARTESIAN_POINT('Ctrl Pts',(-3.2902799955229,0.802400022394309,6.));
#8957=CARTESIAN_POINT('Ctrl Pts',(-3.20752051052294,0.884978957795539,5.97685985965529));
#8958=CARTESIAN_POINT('Ctrl Pts',(-3.07785125580554,1.01436532370681,5.90109752698238));
#8959=CARTESIAN_POINT('Ctrl Pts',(-3.00795103460596,1.08411304931161,5.83523581755931));
#8960=CARTESIAN_POINT('Ctrl Pts',(-2.90896893145695,1.18287921130288,5.69555269702135));
#8961=CARTESIAN_POINT('Ctrl Pts',(-2.86233670677067,1.22940970227906,5.59707628778089));
#8962=CARTESIAN_POINT('Ctrl Pts',(-2.80883207717821,1.2827976051978,5.41474320695294));
#8963=CARTESIAN_POINT('Ctrl Pts',(-2.79246975877095,1.29912422727342,5.29864630513424));
#8964=CARTESIAN_POINT('Ctrl Pts',(-2.79246975877095,1.29912422727342,5.2));
#8965=CARTESIAN_POINT('Origin',(-3.94999999254942,0.,5.2));
#8966=CARTESIAN_POINT('Origin',(-3.94999999254942,0.,5.2));
#8967=CARTESIAN_POINT('',(-4.53941583817792,-0.732249247812545,6.));
#8968=CARTESIAN_POINT('',(-5.10753022632789,-1.29912422727342,5.2));
#8969=CARTESIAN_POINT('Ctrl Pts',(-4.53941583817792,-0.732249247812545,
6.));
#8970=CARTESIAN_POINT('Ctrl Pts',(-4.60971998957594,-0.802400022394309,
6.));
#8971=CARTESIAN_POINT('Ctrl Pts',(-4.6924794745759,-0.884978957795539,5.97685985965529));
#8972=CARTESIAN_POINT('Ctrl Pts',(-4.8221487292933,-1.01436532370681,5.90109752698238));
#8973=CARTESIAN_POINT('Ctrl Pts',(-4.89204895049288,-1.08411304931161,5.83523581755931));
#8974=CARTESIAN_POINT('Ctrl Pts',(-4.99103105364189,-1.18287921130288,5.69555269702135));
#8975=CARTESIAN_POINT('Ctrl Pts',(-5.03766327832817,-1.22940970227906,5.59707628778089));
#8976=CARTESIAN_POINT('Ctrl Pts',(-5.09116790792063,-1.28279760519779,5.41474320695294));
#8977=CARTESIAN_POINT('Ctrl Pts',(-5.10753022632789,-1.29912422727342,5.29864630513424));
#8978=CARTESIAN_POINT('Ctrl Pts',(-5.10753022632789,-1.29912422727342,5.2));
#8979=CARTESIAN_POINT('',(-2.7922872840438,-1.29896161781809,5.2));
#8980=CARTESIAN_POINT('Origin',(-3.94999999254942,0.,5.2));
#8981=CARTESIAN_POINT('',(-3.35902130158209,-0.730988499788159,6.));
#8982=CARTESIAN_POINT('Ctrl Pts',(-2.7922872840438,-1.29896161781809,5.2));
#8983=CARTESIAN_POINT('Ctrl Pts',(-2.7922872840438,-1.29896161781809,5.29865288613746));
#8984=CARTESIAN_POINT('Ctrl Pts',(-2.80861386310225,-1.28259934252205,5.41475785227442));
#8985=CARTESIAN_POINT('Ctrl Pts',(-2.86200072822688,-1.22909575299271,5.5970985483789));
#8986=CARTESIAN_POINT('Ctrl Pts',(-2.90852828194171,-1.18246647198977,5.69557758220466));
#8987=CARTESIAN_POINT('Ctrl Pts',(-3.00728332622853,-1.08349551085283,5.83525630295666));
#8988=CARTESIAN_POINT('Ctrl Pts',(-3.07701809162463,-1.01360827819799,5.90111495050894));
#8989=CARTESIAN_POINT('Ctrl Pts',(-3.20636316904287,-0.883980402246292,
5.97686189705405));
#8990=CARTESIAN_POINT('Ctrl Pts',(-3.28890284954295,-0.801260257973929,
6.));
#8991=CARTESIAN_POINT('Ctrl Pts',(-3.35902130158209,-0.730988499788159,
6.));
#8992=CARTESIAN_POINT('Origin',(-3.94999999254942,0.,6.));
#8993=CARTESIAN_POINT('Origin',(-3.94999999254942,0.,6.));
#8994=CARTESIAN_POINT('',(-4.40391481104408,-0.597043832185675,6.));
#8995=CARTESIAN_POINT('',(-4.53232103127103,-0.725169919065533,6.));
#8996=CARTESIAN_POINT('',(-3.49414815703175,-0.595566204594564,6.));
#8997=CARTESIAN_POINT('',(-3.75675341709886,-0.332386787521198,6.));
#8998=CARTESIAN_POINT('Origin',(-3.94999999254942,0.,6.));
#8999=CARTESIAN_POINT('Origin',(-5.18654710732967,1.37796838669766,0.));
#9000=CARTESIAN_POINT('',(-5.10771270105504,1.29896161781809,-0.95));
#9001=CARTESIAN_POINT('',(-5.10771270105504,1.29896161781809,0.));
#9002=CARTESIAN_POINT('',(-4.40585182806709,0.595566204594564,-0.95));
#9003=CARTESIAN_POINT('',(-4.40585182806709,0.595566204594564,-0.95));
#9004=CARTESIAN_POINT('',(-4.40585182806709,0.595566204594564,0.));
#9005=CARTESIAN_POINT('Origin',(-5.32796837924708,-1.23654711478026,0.));
#9006=CARTESIAN_POINT('',(-5.2489616103675,-1.15771270850562,-0.95));
#9007=CARTESIAN_POINT('',(-5.2489616103675,-1.15771270850562,0.));
#9008=CARTESIAN_POINT('',(-4.54556619714398,-0.455851835517667,-0.95));
#9009=CARTESIAN_POINT('',(-4.54556619714398,-0.455851835517667,-0.95));
#9010=CARTESIAN_POINT('',(-4.54556619714398,-0.455851835517667,0.));
#9011=CARTESIAN_POINT('Origin',(-3.94999999254942,0.,-0.95));
#9012=CARTESIAN_POINT('',(-5.24912421982284,1.15753023377847,-0.95));
#9013=CARTESIAN_POINT('Origin',(-3.94999999254942,0.,-0.95));
#9014=CARTESIAN_POINT('',(-4.54704382473509,0.453914818494663,-0.95));
#9015=CARTESIAN_POINT('',(-4.54704382473509,0.453914818494663,-0.95));
#9016=CARTESIAN_POINT('Origin',(-3.94999999254942,0.,-0.95));
#9017=CARTESIAN_POINT('',(-5.10753022632789,-1.29912422727342,-0.95));
#9018=CARTESIAN_POINT('Origin',(-3.94999999254942,0.,-0.95));
#9019=CARTESIAN_POINT('',(-4.40391481104408,-0.597043832185675,-0.95));
#9020=CARTESIAN_POINT('',(-4.40391481104408,-0.597043832185675,-0.95));
#9021=CARTESIAN_POINT('',(-3.49414815703175,-0.595566204594564,-0.95));
#9022=CARTESIAN_POINT('Origin',(-3.94999999254942,0.,-0.95));
#9023=CARTESIAN_POINT('',(-2.7922872840438,-1.29896161781809,-0.95));
#9024=CARTESIAN_POINT('',(-3.49414815703175,-0.595566204594564,-0.95));
#9025=CARTESIAN_POINT('',(-2.650875765276,-1.15753023377847,-0.95));
#9026=CARTESIAN_POINT('Origin',(-3.94999999254942,0.,-0.95));
#9027=CARTESIAN_POINT('',(-3.35295616036374,-0.453914818494663,-0.95));
#9028=CARTESIAN_POINT('',(-3.35295616036374,-0.453914818494663,-0.95));
#9029=CARTESIAN_POINT('',(-3.35443378795486,0.455851835517667,-0.95));
#9030=CARTESIAN_POINT('Origin',(-3.94999999254942,0.,-0.95));
#9031=CARTESIAN_POINT('',(-2.65103837473133,1.15771270850562,-0.95));
#9032=CARTESIAN_POINT('',(-3.35443378795486,0.455851835517667,-0.95));
#9033=CARTESIAN_POINT('',(-2.79246975877095,1.29912422727342,-0.95));
#9034=CARTESIAN_POINT('Origin',(-3.94999999254942,0.,-0.95));
#9035=CARTESIAN_POINT('',(-3.49608517405476,0.597043832185675,-0.95));
#9036=CARTESIAN_POINT('',(-3.49608517405476,0.597043832185675,-0.95));
#9037=CARTESIAN_POINT('Origin',(-3.94999999254942,0.,-0.95));
#9038=CARTESIAN_POINT('Origin',(-2.71345287776916,-1.37796838669766,0.));
#9039=CARTESIAN_POINT('',(-2.7922872840438,-1.29896161781809,0.));
#9040=CARTESIAN_POINT('',(-3.49414815703175,-0.595566204594564,0.));
#9041=CARTESIAN_POINT('Origin',(-3.49608517405476,0.597043832185675,0.));
#9042=CARTESIAN_POINT('',(-2.79246975877095,1.29912422727342,0.));
#9043=CARTESIAN_POINT('',(-3.49608517405476,0.597043832185675,0.));
#9044=CARTESIAN_POINT('Origin',(-3.94999999254942,0.,0.));
#9045=CARTESIAN_POINT('Origin',(-4.54704382473509,0.453914818494663,0.));
#9046=CARTESIAN_POINT('',(-5.24912421982284,1.15753023377847,0.));
#9047=CARTESIAN_POINT('',(-4.54704382473509,0.453914818494663,0.));
#9048=CARTESIAN_POINT('Origin',(-3.94999999254942,0.,0.));
#9049=CARTESIAN_POINT('Origin',(-4.40391481104408,-0.597043832185675,0.));
#9050=CARTESIAN_POINT('',(-5.10753022632789,-1.29912422727342,0.));
#9051=CARTESIAN_POINT('',(-4.40391481104408,-0.597043832185675,0.));
#9052=CARTESIAN_POINT('Origin',(-3.94999999254942,0.,0.));
#9053=CARTESIAN_POINT('Origin',(-3.94999999254942,0.,0.));
#9054=CARTESIAN_POINT('',(-2.65103837473133,1.15771270850562,5.2));
#9055=CARTESIAN_POINT('',(-2.65103837473133,1.15771270850562,0.));
#9056=CARTESIAN_POINT('',(-2.650875765276,-1.15753023377847,5.2));
#9057=CARTESIAN_POINT('Origin',(-3.94999999254942,0.,5.2));
#9058=CARTESIAN_POINT('',(-2.650875765276,-1.15753023377847,0.));
#9059=CARTESIAN_POINT('',(-5.68999999254942,-2.13088543051639E-16,0.));
#9060=CARTESIAN_POINT('Origin',(-3.94999999254942,0.,5.2));
#9061=CARTESIAN_POINT('',(-3.21775074473687,-0.589415845628502,6.));
#9062=CARTESIAN_POINT('Ctrl Pts',(-3.21775074473687,-0.589415845628501,
6.));
#9063=CARTESIAN_POINT('Ctrl Pts',(-3.14759997015511,-0.659719997026519,
6.));
#9064=CARTESIAN_POINT('Ctrl Pts',(-3.06502103475388,-0.742479482026481,
5.97685985965529));
#9065=CARTESIAN_POINT('Ctrl Pts',(-2.93563466884261,-0.872148736743878,
5.90109752698238));
#9066=CARTESIAN_POINT('Ctrl Pts',(-2.86588694323781,-0.942048957943459,
5.83523581755931));
#9067=CARTESIAN_POINT('Ctrl Pts',(-2.76712078124654,-1.04103106109247,5.69555269702135));
#9068=CARTESIAN_POINT('Ctrl Pts',(-2.72059029027036,-1.08766328577875,5.59707628778089));
#9069=CARTESIAN_POINT('Ctrl Pts',(-2.66720238735162,-1.14116791537121,5.41474320695294));
#9070=CARTESIAN_POINT('Ctrl Pts',(-2.650875765276,-1.15753023377847,5.29864630513424));
#9071=CARTESIAN_POINT('Ctrl Pts',(-2.650875765276,-1.15753023377847,5.2));
#9072=CARTESIAN_POINT('',(-3.21901149276126,0.590978690967328,6.));
#9073=CARTESIAN_POINT('Ctrl Pts',(-2.65103837473133,1.15771270850562,5.2));
#9074=CARTESIAN_POINT('Ctrl Pts',(-2.65103837473133,1.15771270850562,5.29865288613746));
#9075=CARTESIAN_POINT('Ctrl Pts',(-2.66740065002737,1.14138612944717,5.41475785227442));
#9076=CARTESIAN_POINT('Ctrl Pts',(-2.72090423955671,1.08799926432254,5.5970985483789));
#9077=CARTESIAN_POINT('Ctrl Pts',(-2.76753352055965,1.04147171060771,5.69557758220466));
#9078=CARTESIAN_POINT('Ctrl Pts',(-2.86650448169659,0.942716666320887,5.83525630295666));
#9079=CARTESIAN_POINT('Ctrl Pts',(-2.93639171435143,0.87298190092479,5.90111495050894));
#9080=CARTESIAN_POINT('Ctrl Pts',(-3.06601959030313,0.743636823506544,5.97686189705405));
#9081=CARTESIAN_POINT('Ctrl Pts',(-3.14873973457549,0.661097143006466,6.));
#9082=CARTESIAN_POINT('Ctrl Pts',(-3.21901149276126,0.590978690967328,6.));
#9083=CARTESIAN_POINT('Origin',(-3.94999999254942,0.,6.));
#9084=CARTESIAN_POINT('Origin',(-3.94999999254942,0.,6.));
#9085=CARTESIAN_POINT('',(-3.35295616036374,-0.453914818494663,6.));
#9086=CARTESIAN_POINT('',(-3.22483007348389,-0.582321038721613,6.));
#9087=CARTESIAN_POINT('',(-3.35443378795486,0.455851835517667,6.));
#9088=CARTESIAN_POINT('',(-3.61761320502822,0.19324657545056,6.));
#9089=CARTESIAN_POINT('Origin',(-3.94999999254942,0.,6.));
#9090=CARTESIAN_POINT('Origin',(-3.35443378795486,0.455851835517667,0.94));
#9091=CARTESIAN_POINT('',(-3.35443378795486,0.455851835517667,0.94));
#9092=CARTESIAN_POINT('Origin',(-3.94999999254942,0.,0.94));
#9093=CARTESIAN_POINT('',(-3.35295616036374,-0.453914818494663,0.));
#9094=CARTESIAN_POINT('Origin',(-2.57187717378548,-1.23670154684653,0.94));
#9095=CARTESIAN_POINT('Origin',(3.28000000745058,0.,6.));
#9096=CARTESIAN_POINT('',(2.69058416182208,0.732249247812544,6.));
#9097=CARTESIAN_POINT('',(2.82608518895592,0.597043832185674,6.));
#9098=CARTESIAN_POINT('',(3.0890723329049,0.334630425776403,6.));
#9099=CARTESIAN_POINT('',(3.73585184296825,0.595566204594563,6.));
#9100=CARTESIAN_POINT('Origin',(3.28000000745058,-9.30731567351989E-17,
6.));
#9101=CARTESIAN_POINT('',(3.87097869841791,0.730988499788158,6.));
#9102=CARTESIAN_POINT('',(3.86359422253244,0.723587878572746,6.));
#9103=CARTESIAN_POINT('Origin',(3.28000000745058,-9.30731567351989E-17,
6.));
#9104=CARTESIAN_POINT('Origin',(3.28000000745058,-9.30731567351989E-17,
5.2));
#9105=CARTESIAN_POINT('',(2.12246977367211,1.29912422727342,5.2));
#9106=CARTESIAN_POINT('Ctrl Pts',(2.12246977367211,1.29912422727342,5.2));
#9107=CARTESIAN_POINT('Ctrl Pts',(2.12246977367211,1.29912422727342,5.29864630513424));
#9108=CARTESIAN_POINT('Ctrl Pts',(2.13883209207937,1.28279760519779,5.41474320695294));
#9109=CARTESIAN_POINT('Ctrl Pts',(2.19233672167183,1.22940970227906,5.59707628778089));
#9110=CARTESIAN_POINT('Ctrl Pts',(2.23896894635811,1.18287921130288,5.69555269702135));
#9111=CARTESIAN_POINT('Ctrl Pts',(2.33795104950712,1.08411304931161,5.83523581755931));
#9112=CARTESIAN_POINT('Ctrl Pts',(2.4078512707067,1.01436532370681,5.90109752698237));
#9113=CARTESIAN_POINT('Ctrl Pts',(2.5375205254241,0.884978957795538,5.97685985965529));
#9114=CARTESIAN_POINT('Ctrl Pts',(2.62028001042406,0.802400022394308,6.));
#9115=CARTESIAN_POINT('Ctrl Pts',(2.69058416182208,0.732249247812544,6.));
#9116=CARTESIAN_POINT('',(4.4377127159562,1.29896161781808,5.2));
#9117=CARTESIAN_POINT('Ctrl Pts',(3.87097869841791,0.730988499788158,6.));
#9118=CARTESIAN_POINT('Ctrl Pts',(3.94109715045705,0.801260257973927,6.));
#9119=CARTESIAN_POINT('Ctrl Pts',(4.02363683095713,0.883980402246291,5.97686189705405));
#9120=CARTESIAN_POINT('Ctrl Pts',(4.15298190837537,1.01360827819799,5.90111495050894));
#9121=CARTESIAN_POINT('Ctrl Pts',(4.22271667377147,1.08349551085282,5.83525630295666));
#9122=CARTESIAN_POINT('Ctrl Pts',(4.32147171805829,1.18246647198977,5.69557758220466));
#9123=CARTESIAN_POINT('Ctrl Pts',(4.36799927177312,1.22909575299271,5.5970985483789));
#9124=CARTESIAN_POINT('Ctrl Pts',(4.42138613689775,1.28259934252204,5.41475785227442));
#9125=CARTESIAN_POINT('Ctrl Pts',(4.4377127159562,1.29896161781808,5.29865288613746));
#9126=CARTESIAN_POINT('Ctrl Pts',(4.4377127159562,1.29896161781808,5.2));
#9127=CARTESIAN_POINT('Origin',(3.28000000745058,-9.30731567351989E-17,
5.2));
#9128=CARTESIAN_POINT('Origin',(3.28000000745058,0.,6.));
#9129=CARTESIAN_POINT('',(4.01224925526313,0.5894158456285,6.));
#9130=CARTESIAN_POINT('',(3.87704383963626,0.453914818494662,6.));
#9131=CARTESIAN_POINT('',(3.61463043322698,0.19092767454568,6.));
#9132=CARTESIAN_POINT('',(3.87556621204515,-0.455851835517668,6.));
#9133=CARTESIAN_POINT('Origin',(3.28000000745058,-9.30731567351989E-17,
6.));
#9134=CARTESIAN_POINT('',(4.01098850723874,-0.590978690967328,6.));
#9135=CARTESIAN_POINT('',(4.00358788602333,-0.583594215081855,6.));
#9136=CARTESIAN_POINT('Origin',(3.28000000745058,-9.30731567351989E-17,
6.));
#9137=CARTESIAN_POINT('Origin',(3.28000000745058,-9.30731567351989E-17,
5.2));
#9138=CARTESIAN_POINT('',(4.579124234724,1.15753023377847,5.2));
#9139=CARTESIAN_POINT('Ctrl Pts',(4.579124234724,1.15753023377847,5.2));
#9140=CARTESIAN_POINT('Ctrl Pts',(4.579124234724,1.15753023377847,5.29864630513424));
#9141=CARTESIAN_POINT('Ctrl Pts',(4.56279761264838,1.14116791537121,5.41474320695294));
#9142=CARTESIAN_POINT('Ctrl Pts',(4.50940970972964,1.08766328577875,5.59707628778089));
#9143=CARTESIAN_POINT('Ctrl Pts',(4.46287921875346,1.04103106109247,5.69555269702135));
#9144=CARTESIAN_POINT('Ctrl Pts',(4.36411305676219,0.942048957943457,5.83523581755931));
#9145=CARTESIAN_POINT('Ctrl Pts',(4.29436533115739,0.872148736743877,5.90109752698237));
#9146=CARTESIAN_POINT('Ctrl Pts',(4.16497896524612,0.742479482026479,5.97685985965529));
#9147=CARTESIAN_POINT('Ctrl Pts',(4.08240002984489,0.659719997026518,6.));
#9148=CARTESIAN_POINT('Ctrl Pts',(4.01224925526313,0.5894158456285,6.));
#9149=CARTESIAN_POINT('',(4.57896162526867,-1.15771270850562,5.2));
#9150=CARTESIAN_POINT('Ctrl Pts',(4.01098850723874,-0.590978690967327,6.));
#9151=CARTESIAN_POINT('Ctrl Pts',(4.08126026542451,-0.661097143006465,6.));
#9152=CARTESIAN_POINT('Ctrl Pts',(4.16398040969687,-0.743636823506544,5.97686189705405));
#9153=CARTESIAN_POINT('Ctrl Pts',(4.29360828564857,-0.87298190092479,5.90111495050894));
#9154=CARTESIAN_POINT('Ctrl Pts',(4.36349551830341,-0.942716666320887,5.83525630295666));
#9155=CARTESIAN_POINT('Ctrl Pts',(4.46246647944035,-1.04147171060771,5.69557758220466));
#9156=CARTESIAN_POINT('Ctrl Pts',(4.50909576044329,-1.08799926432254,5.5970985483789));
#9157=CARTESIAN_POINT('Ctrl Pts',(4.56259934997263,-1.14138612944717,5.41475785227442));
#9158=CARTESIAN_POINT('Ctrl Pts',(4.57896162526867,-1.15771270850562,5.29865288613746));
#9159=CARTESIAN_POINT('Ctrl Pts',(4.57896162526867,-1.15771270850562,5.2));
#9160=CARTESIAN_POINT('Origin',(3.28000000745058,-9.30731567351989E-17,
5.2));
#9161=CARTESIAN_POINT('Origin',(4.65812282621452,1.23670154684653,0.));
#9162=CARTESIAN_POINT('',(4.579124234724,1.15753023377847,-0.95));
#9163=CARTESIAN_POINT('',(4.579124234724,1.15753023377847,0.));
#9164=CARTESIAN_POINT('',(3.87704383963626,0.453914818494662,-0.95));
#9165=CARTESIAN_POINT('',(3.87704383963626,0.453914818494662,-0.95));
#9166=CARTESIAN_POINT('',(3.87704383963626,0.453914818494662,0.));
#9167=CARTESIAN_POINT('Origin',(2.04329846060405,1.37812281876393,0.));
#9168=CARTESIAN_POINT('',(2.12246977367211,1.29912422727342,-0.95));
#9169=CARTESIAN_POINT('',(2.12246977367211,1.29912422727342,0.));
#9170=CARTESIAN_POINT('',(2.82608518895592,0.597043832185674,-0.95));
#9171=CARTESIAN_POINT('',(2.82608518895592,0.597043832185674,-0.95));
#9172=CARTESIAN_POINT('',(2.82608518895592,0.597043832185674,0.));
#9173=CARTESIAN_POINT('Origin',(3.28000000745058,-8.32667268468867E-16,
-0.95));
#9174=CARTESIAN_POINT('',(4.4377127159562,1.29896161781808,-0.95));
#9175=CARTESIAN_POINT('Origin',(3.28000000745058,-9.30731567351989E-17,
-0.95));
#9176=CARTESIAN_POINT('',(3.73585184296825,0.595566204594563,-0.95));
#9177=CARTESIAN_POINT('',(3.73585184296825,0.595566204594563,-0.95));
#9178=CARTESIAN_POINT('Origin',(3.28000000745058,-9.30731567351989E-17,
-0.95));
#9179=CARTESIAN_POINT('',(1.9810383896325,1.15771270850562,-0.95));
#9180=CARTESIAN_POINT('Origin',(3.28000000745058,-9.30731567351989E-17,
-0.95));
#9181=CARTESIAN_POINT('',(2.68443380285602,0.455851835517666,-0.95));
#9182=CARTESIAN_POINT('',(2.68443380285602,0.455851835517666,-0.95));
#9183=CARTESIAN_POINT('',(2.68295617526491,-0.453914818494664,-0.95));
#9184=CARTESIAN_POINT('Origin',(3.28000000745058,-9.30731567351989E-17,
-0.95));
#9185=CARTESIAN_POINT('',(1.98087578017716,-1.15753023377847,-0.95));
#9186=CARTESIAN_POINT('',(2.68295617526491,-0.453914818494664,-0.95));
#9187=CARTESIAN_POINT('',(2.12228729894496,-1.29896161781808,-0.95));
#9188=CARTESIAN_POINT('Origin',(3.28000000745058,-9.30731567351989E-17,
-0.95));
#9189=CARTESIAN_POINT('',(2.82414817193291,-0.595566204594565,-0.95));
#9190=CARTESIAN_POINT('',(2.82414817193291,-0.595566204594565,-0.95));
#9191=CARTESIAN_POINT('',(3.73391482594524,-0.597043832185676,-0.95));
#9192=CARTESIAN_POINT('Origin',(3.28000000745058,-9.30731567351989E-17,
-0.95));
#9193=CARTESIAN_POINT('',(4.43753024122905,-1.29912422727342,-0.95));
#9194=CARTESIAN_POINT('',(3.73391482594524,-0.597043832185676,-0.95));
#9195=CARTESIAN_POINT('',(4.57896162526867,-1.15771270850562,-0.95));
#9196=CARTESIAN_POINT('Origin',(3.28000000745058,-9.30731567351989E-17,
-0.95));
#9197=CARTESIAN_POINT('',(3.87556621204515,-0.455851835517668,-0.95));
#9198=CARTESIAN_POINT('',(3.87556621204515,-0.455851835517668,-0.95));
#9199=CARTESIAN_POINT('Origin',(3.28000000745058,-9.30731567351989E-17,
-0.95));
#9200=CARTESIAN_POINT('Origin',(3.87556621204515,-0.455851835517668,0.));
#9201=CARTESIAN_POINT('',(4.57896162526867,-1.15771270850562,0.));
#9202=CARTESIAN_POINT('',(3.87556621204515,-0.455851835517668,0.));
#9203=CARTESIAN_POINT('Origin',(3.28000000745058,-9.30731567351989E-17,
0.));
#9204=CARTESIAN_POINT('Origin',(3.73585184296825,0.595566204594563,0.));
#9205=CARTESIAN_POINT('',(4.4377127159562,1.29896161781808,0.));
#9206=CARTESIAN_POINT('',(3.73585184296825,0.595566204594563,0.));
#9207=CARTESIAN_POINT('Origin',(3.28000000745058,-9.30731567351989E-17,
0.));
#9208=CARTESIAN_POINT('Origin',(3.28000000745058,0.,-4.9));
#9209=CARTESIAN_POINT('',(1.54000000745058,-3.06161699786838E-16,-4.9));
#9210=CARTESIAN_POINT('Origin',(3.28000000745058,-9.30731567351989E-17,
-4.9));
#9211=CARTESIAN_POINT('Origin',(3.28000000745058,-9.30731567351989E-17,
5.2));
#9212=CARTESIAN_POINT('',(2.54901150766242,0.590978690967327,6.));
#9213=CARTESIAN_POINT('',(1.9810383896325,1.15771270850562,5.2));
#9214=CARTESIAN_POINT('Ctrl Pts',(2.54901150766242,0.590978690967327,6.));
#9215=CARTESIAN_POINT('Ctrl Pts',(2.47873974947665,0.661097143006464,6.));
#9216=CARTESIAN_POINT('Ctrl Pts',(2.39601960520429,0.743636823506543,5.97686189705405));
#9217=CARTESIAN_POINT('Ctrl Pts',(2.26639172925259,0.872981900924789,5.90111495050894));
#9218=CARTESIAN_POINT('Ctrl Pts',(2.19650449659776,0.942716666320886,5.83525630295666));
#9219=CARTESIAN_POINT('Ctrl Pts',(2.09753353546081,1.04147171060771,5.69557758220466));
#9220=CARTESIAN_POINT('Ctrl Pts',(2.05090425445787,1.08799926432254,5.5970985483789));
#9221=CARTESIAN_POINT('Ctrl Pts',(1.99740066492854,1.14138612944717,5.41475785227442));
#9222=CARTESIAN_POINT('Ctrl Pts',(1.9810383896325,1.15771270850562,5.29865288613746));
#9223=CARTESIAN_POINT('Ctrl Pts',(1.9810383896325,1.15771270850562,5.2));
#9224=CARTESIAN_POINT('',(1.54000000745058,-3.06161699786838E-16,5.2));
#9225=CARTESIAN_POINT('Origin',(3.28000000745058,-9.30731567351989E-17,
5.2));
#9226=CARTESIAN_POINT('',(1.98087578017716,-1.15753023377847,5.2));
#9227=CARTESIAN_POINT('Origin',(3.28000000745058,-9.30731567351989E-17,
5.2));
#9228=CARTESIAN_POINT('',(2.54775075963804,-0.589415845628501,6.));
#9229=CARTESIAN_POINT('Ctrl Pts',(1.98087578017716,-1.15753023377847,5.2));
#9230=CARTESIAN_POINT('Ctrl Pts',(1.98087578017716,-1.15753023377847,5.29864630513424));
#9231=CARTESIAN_POINT('Ctrl Pts',(1.99720240225279,-1.14116791537121,5.41474320695294));
#9232=CARTESIAN_POINT('Ctrl Pts',(2.05059030517152,-1.08766328577875,5.59707628778089));
#9233=CARTESIAN_POINT('Ctrl Pts',(2.0971207961477,-1.04103106109247,5.69555269702135));
#9234=CARTESIAN_POINT('Ctrl Pts',(2.19588695813897,-0.942048957943458,5.83523581755931));
#9235=CARTESIAN_POINT('Ctrl Pts',(2.26563468374377,-0.872148736743878,5.90109752698237));
#9236=CARTESIAN_POINT('Ctrl Pts',(2.39502104965504,-0.74247948202648,5.97685985965529));
#9237=CARTESIAN_POINT('Ctrl Pts',(2.47759998505627,-0.659719997026519,6.));
#9238=CARTESIAN_POINT('Ctrl Pts',(2.54775075963804,-0.589415845628502,6.));
#9239=CARTESIAN_POINT('Origin',(3.28000000745058,-9.30731567351989E-17,
6.));
#9240=CARTESIAN_POINT('Origin',(3.28000000745058,0.,6.));
#9241=CARTESIAN_POINT('',(2.68443380285602,0.455851835517666,6.));
#9242=CARTESIAN_POINT('',(2.55641212887783,0.583594215081853,6.));
#9243=CARTESIAN_POINT('',(2.68295617526491,-0.453914818494664,6.));
#9244=CARTESIAN_POINT('',(2.94536958167418,-0.190927674545682,6.));
#9245=CARTESIAN_POINT('Origin',(3.28000000745058,-9.30731567351989E-17,
6.));
#9246=CARTESIAN_POINT('Origin',(1.90203162075292,1.23654711478025,0.94));
#9247=CARTESIAN_POINT('',(1.9810383896325,1.15771270850562,0.));
#9248=CARTESIAN_POINT('',(2.68443380285602,0.455851835517666,0.94));
#9249=CARTESIAN_POINT('Origin',(2.68295617526491,-0.453914818494664,0.94));
#9250=CARTESIAN_POINT('',(2.68295617526491,-0.453914818494664,0.94));
#9251=CARTESIAN_POINT('',(1.98087578017716,-1.15753023377847,0.));
#9252=CARTESIAN_POINT('Origin',(3.28000000745058,-9.30731567351989E-17,
0.94));
#9253=CARTESIAN_POINT('Origin',(3.28000000745058,-9.30731567351989E-17,
5.2));
#9254=CARTESIAN_POINT('',(2.68902131648325,-0.730988499788159,6.));
#9255=CARTESIAN_POINT('',(2.12228729894496,-1.29896161781808,5.2));
#9256=CARTESIAN_POINT('Ctrl Pts',(2.68902131648325,-0.730988499788159,6.));
#9257=CARTESIAN_POINT('Ctrl Pts',(2.61890286444412,-0.801260257973928,6.));
#9258=CARTESIAN_POINT('Ctrl Pts',(2.53636318394404,-0.883980402246292,5.97686189705405));
#9259=CARTESIAN_POINT('Ctrl Pts',(2.40701810652579,-1.01360827819799,5.90111495050894));
#9260=CARTESIAN_POINT('Ctrl Pts',(2.33728334112969,-1.08349551085283,5.83525630295666));
#9261=CARTESIAN_POINT('Ctrl Pts',(2.23852829684287,-1.18246647198977,5.69557758220466));
#9262=CARTESIAN_POINT('Ctrl Pts',(2.19200074312804,-1.22909575299271,5.5970985483789));
#9263=CARTESIAN_POINT('Ctrl Pts',(2.13861387800341,-1.28259934252204,5.41475785227442));
#9264=CARTESIAN_POINT('Ctrl Pts',(2.12228729894496,-1.29896161781808,5.29865288613746));
#9265=CARTESIAN_POINT('Ctrl Pts',(2.12228729894496,-1.29896161781808,5.2));
#9266=CARTESIAN_POINT('',(4.43753024122905,-1.29912422727342,5.2));
#9267=CARTESIAN_POINT('Origin',(3.28000000745058,-9.30731567351989E-17,
5.2));
#9268=CARTESIAN_POINT('',(3.86941585307908,-0.732249247812545,6.));
#9269=CARTESIAN_POINT('Ctrl Pts',(4.43753024122905,-1.29912422727342,5.2));
#9270=CARTESIAN_POINT('Ctrl Pts',(4.43753024122905,-1.29912422727342,5.29864630513424));
#9271=CARTESIAN_POINT('Ctrl Pts',(4.42116792282179,-1.2827976051978,5.41474320695294));
#9272=CARTESIAN_POINT('Ctrl Pts',(4.36766329322933,-1.22940970227906,5.59707628778089));
#9273=CARTESIAN_POINT('Ctrl Pts',(4.32103106854305,-1.18287921130288,5.69555269702135));
#9274=CARTESIAN_POINT('Ctrl Pts',(4.22204896539404,-1.08411304931161,5.83523581755931));
#9275=CARTESIAN_POINT('Ctrl Pts',(4.15214874419446,-1.01436532370681,5.90109752698237));
#9276=CARTESIAN_POINT('Ctrl Pts',(4.02247948947706,-0.884978957795539,5.97685985965529));
#9277=CARTESIAN_POINT('Ctrl Pts',(3.9397200044771,-0.802400022394309,6.));
#9278=CARTESIAN_POINT('Ctrl Pts',(3.86941585307908,-0.732249247812545,6.));
#9279=CARTESIAN_POINT('Origin',(3.28000000745058,-9.30731567351989E-17,
6.));
#9280=CARTESIAN_POINT('Origin',(3.28000000745058,-9.30731567351989E-17,
0.));
#9281=CARTESIAN_POINT('',(2.12228729894496,-1.29896161781808,0.));
#9282=CARTESIAN_POINT('',(1.54000000745058,-3.06161699786838E-16,0.));
#9283=CARTESIAN_POINT('',(4.43753024122905,-1.29912422727342,0.));
#9284=CARTESIAN_POINT('Origin',(3.28000000745058,0.,6.));
#9285=CARTESIAN_POINT('',(2.82414817193291,-0.595566204594565,6.));
#9286=CARTESIAN_POINT('',(2.69640579236873,-0.723587878572748,6.));
#9287=CARTESIAN_POINT('',(3.73391482594524,-0.597043832185676,6.));
#9288=CARTESIAN_POINT('',(3.47092768199626,-0.334630425776404,6.));
#9289=CARTESIAN_POINT('Origin',(3.28000000745058,-9.30731567351989E-17,
6.));
#9290=CARTESIAN_POINT('Origin',(3.73391482594524,-0.597043832185676,0.94));
#9291=CARTESIAN_POINT('',(3.73391482594524,-0.597043832185676,0.94));
#9292=CARTESIAN_POINT('Origin',(3.28000000745058,-9.30731567351989E-17,
0.94));
#9293=CARTESIAN_POINT('',(2.82414817193291,-0.595566204594565,0.));
#9294=CARTESIAN_POINT('Origin',(2.04345289267033,-1.37796838669766,0.94));
#9295=CARTESIAN_POINT('Origin',(3.28000000745058,-9.30731567351989E-17,
-4.9));
#9296=CARTESIAN_POINT('',(1.54000000745058,-3.06161699786838E-16,-8.1));
#9297=CARTESIAN_POINT('Origin',(3.28000000745058,-9.30731567351989E-17,
-8.1));
#9298=CARTESIAN_POINT('',(1.54000000745058,-3.06161699786838E-16,-4.9));
#9299=CARTESIAN_POINT('',(1.54000000745058,1.2001538631644E-16,-4.9));
#9300=CARTESIAN_POINT('Origin',(3.28000000745058,-9.30731567351989E-17,
-4.9));
#9301=CARTESIAN_POINT('Origin',(3.28000000745058,0.,-8.1));
#9302=CARTESIAN_POINT('Origin',(3.28000000745058,0.,-4.9));
#9303=CARTESIAN_POINT('Origin',(2.41818379338003,0.0213503073383181,-11.5));
#9304=CARTESIAN_POINT('',(2.93890594144415,-1.68583957386377,-11.5));
#9305=CARTESIAN_POINT('',(2.85363244304226,-2.10729937787278,-11.5));
#9306=CARTESIAN_POINT('',(2.85363244304226,-2.10729937787278,-11.5));
#9307=CARTESIAN_POINT('',(3.7063675718589,2.10729937787278,-11.5));
#9308=CARTESIAN_POINT('Origin',(3.28000000745058,-9.30731567351989E-17,
-11.5));
#9309=CARTESIAN_POINT('',(3.62109407345702,1.68583957386377,-11.5));
#9310=CARTESIAN_POINT('',(3.62109407345702,1.68583957386377,-11.5));
#9311=CARTESIAN_POINT('Origin',(3.28000000745058,-9.30731567351989E-17,
-11.5));
#9312=CARTESIAN_POINT('Origin',(3.28000000745058,-9.30731567351989E-17,
-8.1));
#9313=CARTESIAN_POINT('',(2.85363244304226,-2.10729937787278,-7.1));
#9314=CARTESIAN_POINT('',(2.85363244304226,-2.10729937787278,-8.1));
#9315=CARTESIAN_POINT('',(3.7063675718589,2.10729937787278,-7.1));
#9316=CARTESIAN_POINT('Origin',(3.28000000745058,-9.30731567351989E-17,
-7.1));
#9317=CARTESIAN_POINT('',(3.7063675718589,2.10729937787278,-8.1));
#9318=CARTESIAN_POINT('Origin',(3.62109407345702,1.68583957386377,-8.1));
#9319=CARTESIAN_POINT('',(3.62109407345702,1.68583957386377,-7.1));
#9320=CARTESIAN_POINT('',(3.62109407345702,1.68583957386377,-7.1));
#9321=CARTESIAN_POINT('',(3.62109407345702,1.68583957386377,-8.1));
#9322=CARTESIAN_POINT('Origin',(3.28000000745058,-9.30731567351989E-17,
-8.1));
#9323=CARTESIAN_POINT('',(2.93890594144415,-1.68583957386377,-7.1));
#9324=CARTESIAN_POINT('Origin',(3.28000000745058,-9.30731567351989E-17,
-7.1));
#9325=CARTESIAN_POINT('',(2.93890594144415,-1.68583957386377,-8.1));
#9326=CARTESIAN_POINT('Origin',(2.85363244304226,-2.10729937787278,-8.1));
#9327=CARTESIAN_POINT('',(2.85363244304226,-2.10729937787278,-7.1));
#9328=CARTESIAN_POINT('Origin',(2.41818379338003,0.0213503073383181,-7.1));
#9329=UNCERTAINTY_MEASURE_WITH_UNIT(LENGTH_MEASURE(0.01),#9333,
'DISTANCE_ACCURACY_VALUE',
'Maximum model space distance between geometric entities at asserted c
onnectivities');
#9330=UNCERTAINTY_MEASURE_WITH_UNIT(LENGTH_MEASURE(0.01),#9333,
'DISTANCE_ACCURACY_VALUE',
'Maximum model space distance between geometric entities at asserted c
onnectivities');
#9331=(
GEOMETRIC_REPRESENTATION_CONTEXT(3)
GLOBAL_UNCERTAINTY_ASSIGNED_CONTEXT((#9329))
GLOBAL_UNIT_ASSIGNED_CONTEXT((#9333,#9335,#9336))
REPRESENTATION_CONTEXT('','3D')
);
#9332=(
GEOMETRIC_REPRESENTATION_CONTEXT(3)
GLOBAL_UNCERTAINTY_ASSIGNED_CONTEXT((#9330))
GLOBAL_UNIT_ASSIGNED_CONTEXT((#9333,#9335,#9336))
REPRESENTATION_CONTEXT('','3D')
);
#9333=(
LENGTH_UNIT()
NAMED_UNIT(*)
SI_UNIT(.MILLI.,.METRE.)
);
#9334=(
LENGTH_UNIT()
NAMED_UNIT(*)
SI_UNIT($,.METRE.)
);
#9335=(
NAMED_UNIT(*)
PLANE_ANGLE_UNIT()
SI_UNIT($,.RADIAN.)
);
#9336=(
NAMED_UNIT(*)
SI_UNIT($,.STERADIAN.)
SOLID_ANGLE_UNIT()
);
#9337=SHAPE_DEFINITION_REPRESENTATION(#9338,#9339);
#9338=PRODUCT_DEFINITION_SHAPE('',$,#9341);
#9339=SHAPE_REPRESENTATION('',(#5017),#9331);
#9340=PRODUCT_DEFINITION_CONTEXT('part definition',#9345,'design');
#9341=PRODUCT_DEFINITION('XT60 male','XT60 male v2',#9342,#9340);
#9342=PRODUCT_DEFINITION_FORMATION('',$,#9347);
#9343=PRODUCT_RELATED_PRODUCT_CATEGORY('XT60 male v2','XT60 male v2',(#9347));
#9344=APPLICATION_PROTOCOL_DEFINITION('international standard',
'automotive_design',2009,#9345);
#9345=APPLICATION_CONTEXT(
'Core Data for Automotive Mechanical Design Process');
#9346=PRODUCT_CONTEXT('part definition',#9345,'mechanical');
#9347=PRODUCT('XT60 male','XT60 male v2',$,(#9346));
#9348=PRESENTATION_STYLE_ASSIGNMENT((#9351));
#9349=PRESENTATION_STYLE_ASSIGNMENT((#9352));
#9350=PRESENTATION_STYLE_ASSIGNMENT((#9353));
#9351=SURFACE_STYLE_USAGE(.BOTH.,#9354);
#9352=SURFACE_STYLE_USAGE(.BOTH.,#9355);
#9353=SURFACE_STYLE_USAGE(.BOTH.,#9356);
#9354=SURFACE_SIDE_STYLE('',(#9357));
#9355=SURFACE_SIDE_STYLE('',(#9358));
#9356=SURFACE_SIDE_STYLE('',(#9359));
#9357=SURFACE_STYLE_FILL_AREA(#9360);
#9358=SURFACE_STYLE_FILL_AREA(#9361);
#9359=SURFACE_STYLE_FILL_AREA(#9362);
#9360=FILL_AREA_STYLE('Steel - Satin',(#9363));
#9361=FILL_AREA_STYLE('Plastic - Matte (Yellow)',(#9364));
#9362=FILL_AREA_STYLE('Gold - Polished',(#9365));
#9363=FILL_AREA_STYLE_COLOUR('Steel - Satin',#9366);
#9364=FILL_AREA_STYLE_COLOUR('Plastic - Matte (Yellow)',#9367);
#9365=FILL_AREA_STYLE_COLOUR('Gold - Polished',#9368);
#9366=COLOUR_RGB('Steel - Satin',0.627450980392157,0.627450980392157,0.627450980392157);
#9367=COLOUR_RGB('Plastic - Matte (Yellow)',0.909803921568627,0.67843137254902,
0.137254901960784);
#9368=COLOUR_RGB('Gold - Polished',0.956862745098039,0.898039215686275,
0.654901960784314);
ENDSEC;
END-ISO-10303-21;
