ISO-10303-21;
HEADER;
/* Generated by software containing ST-Developer
 * from STEP Tools, Inc. (www.steptools.com) 
 */

FILE_DESCRIPTION(
/* description */ (''),
/* implementation_level */ '2;1');

FILE_NAME(
/* name */ 'XT60 female.step',
/* time_stamp */ '2026-06-26T13:15:11+05:30',
/* author */ (''),
/* organization */ (''),
/* preprocessor_version */ 'ST-DEVELOPER v20.1',
/* originating_system */ 'Autodesk Translation Framework v15.8.0.0',
/* authorisation */ '');

FILE_SCHEMA (('AUTOMOTIVE_DESIGN { 1 0 10303 214 3 1 1 }'));
ENDSEC;

DATA;
#10=MECHANICAL_DESIGN_GEOMETRIC_PRESENTATION_REPRESENTATION('',(#271,#272,
#273,#274,#275,#276,#277,#278,#279,#280),#7802);
#11=SHAPE_REPRESENTATION_RELATIONSHIP('SRR','None',#7809,#12);
#12=ADVANCED_BREP_SHAPE_REPRESENTATION('',(#281,#282,#283,#284,#285,#286,
#287,#288,#289,#290),#7801);
#13=B_SPLINE_CURVE_WITH_KNOTS('',3,(#5334,#5335,#5336,#5337,#5338),
 .UNSPECIFIED.,.F.,.F.,(4,1,4),(0.,0.017393541652044,0.0296686252100675),
 .UNSPECIFIED.);
#14=B_SPLINE_CURVE_WITH_KNOTS('',3,(#5342,#5343,#5344,#5345,#5346),
 .UNSPECIFIED.,.F.,.F.,(4,1,4),(0.,0.017393541652044,0.0296686252100675),
 .UNSPECIFIED.);
#15=B_SPLINE_CURVE_WITH_KNOTS('',3,(#5359,#5360,#5361,#5362,#5363),
 .UNSPECIFIED.,.F.,.F.,(4,1,4),(0.,0.0441925501257664,0.0722555697430608),
 .UNSPECIFIED.);
#16=B_SPLINE_CURVE_WITH_KNOTS('',3,(#5365,#5366,#5367,#5368,#5369),
 .UNSPECIFIED.,.F.,.F.,(4,1,4),(0.,0.0441925501257664,0.0722555697430608),
 .UNSPECIFIED.);
#17=B_SPLINE_CURVE_WITH_KNOTS('',3,(#5382,#5383,#5384,#5385,#5386),
 .UNSPECIFIED.,.F.,.F.,(4,1,4),(0.,0.0298612825941363,0.074641912876776),
 .UNSPECIFIED.);
#18=B_SPLINE_CURVE_WITH_KNOTS('',3,(#5388,#5389,#5390,#5391,#5392),
 .UNSPECIFIED.,.F.,.F.,(4,1,4),(0.,0.0298612825941363,0.074641912876776),
 .UNSPECIFIED.);
#19=B_SPLINE_CURVE_WITH_KNOTS('',3,(#5405,#5406,#5407,#5408,#5409),
 .UNSPECIFIED.,.F.,.F.,(4,1,4),(0.,0.0116939317855048,0.0271001279886111),
 .UNSPECIFIED.);
#20=B_SPLINE_CURVE_WITH_KNOTS('',3,(#5411,#5412,#5413,#5414,#5415),
 .UNSPECIFIED.,.F.,.F.,(4,1,4),(0.,0.0116939317855048,0.0271001279886111),
 .UNSPECIFIED.);
#21=B_SPLINE_CURVE_WITH_KNOTS('',3,(#5428,#5429,#5430,#5431,#5432),
 .UNSPECIFIED.,.F.,.F.,(4,1,4),(0.,0.00993152223029327,0.0199202198002231),
 .UNSPECIFIED.);
#22=B_SPLINE_CURVE_WITH_KNOTS('',3,(#5434,#5435,#5436,#5437,#5438),
 .UNSPECIFIED.,.F.,.F.,(4,1,4),(0.,0.00993152223029327,0.0199202198002231),
 .UNSPECIFIED.);
#23=B_SPLINE_CURVE_WITH_KNOTS('',3,(#5451,#5452,#5453,#5454,#5455),
 .UNSPECIFIED.,.F.,.F.,(4,1,4),(0.,0.00988484860306537,0.0197872058619249),
 .UNSPECIFIED.);
#24=B_SPLINE_CURVE_WITH_KNOTS('',3,(#5457,#5458,#5459,#5460,#5461),
 .UNSPECIFIED.,.F.,.F.,(4,1,4),(0.,0.00988484860306537,0.0197872058619249),
 .UNSPECIFIED.);
#25=B_SPLINE_CURVE_WITH_KNOTS('',3,(#5474,#5475,#5476,#5477,#5478),
 .UNSPECIFIED.,.F.,.F.,(4,1,4),(0.,0.0173697047581165,0.0295838061648153),
 .UNSPECIFIED.);
#26=B_SPLINE_CURVE_WITH_KNOTS('',3,(#5480,#5481,#5482,#5483,#5484),
 .UNSPECIFIED.,.F.,.F.,(4,1,4),(0.,0.0173697047581165,0.0295838061648153),
 .UNSPECIFIED.);
#27=B_SPLINE_CURVE_WITH_KNOTS('',3,(#5497,#5498,#5499,#5500,#5501),
 .UNSPECIFIED.,.F.,.F.,(4,1,4),(0.,0.0441925816942343,0.0722555781525393),
 .UNSPECIFIED.);
#28=B_SPLINE_CURVE_WITH_KNOTS('',3,(#5503,#5504,#5505,#5506,#5507),
 .UNSPECIFIED.,.F.,.F.,(4,1,4),(0.,0.0441925816942343,0.0722555781525393),
 .UNSPECIFIED.);
#29=B_SPLINE_CURVE_WITH_KNOTS('',3,(#5520,#5521,#5522,#5523,#5524),
 .UNSPECIFIED.,.F.,.F.,(4,1,4),(0.,0.030011866027923,0.0748431905397011),
 .UNSPECIFIED.);
#30=B_SPLINE_CURVE_WITH_KNOTS('',3,(#5526,#5527,#5528,#5529,#5530),
 .UNSPECIFIED.,.F.,.F.,(4,1,4),(0.,0.030011866027923,0.0748431905397011),
 .UNSPECIFIED.);
#31=B_SPLINE_CURVE_WITH_KNOTS('',3,(#5543,#5544,#5545,#5546,#5547),
 .UNSPECIFIED.,.F.,.F.,(4,1,4),(0.,0.0116939317855048,0.0271001559155494),
 .UNSPECIFIED.);
#32=B_SPLINE_CURVE_WITH_KNOTS('',3,(#5549,#5550,#5551,#5552,#5553),
 .UNSPECIFIED.,.F.,.F.,(4,1,4),(0.,0.0116939317855048,0.0271001559155494),
 .UNSPECIFIED.);
#33=B_SPLINE_CURVE_WITH_KNOTS('',3,(#5566,#5567,#5568,#5569,#5570),
 .UNSPECIFIED.,.F.,.F.,(4,1,4),(0.,0.00993152717913796,0.0199201729698272),
 .UNSPECIFIED.);
#34=B_SPLINE_CURVE_WITH_KNOTS('',3,(#5572,#5573,#5574,#5575,#5576),
 .UNSPECIFIED.,.F.,.F.,(4,1,4),(0.,0.00993152717913796,0.0199201729698272),
 .UNSPECIFIED.);
#35=B_SPLINE_CURVE_WITH_KNOTS('',3,(#5588,#5589,#5590,#5591,#5592),
 .UNSPECIFIED.,.F.,.F.,(4,1,4),(0.,0.00992264704706456,0.0198291360781278),
 .UNSPECIFIED.);
#36=B_SPLINE_CURVE_WITH_KNOTS('',3,(#5593,#5594,#5595,#5596,#5597),
 .UNSPECIFIED.,.F.,.F.,(4,1,4),(0.,0.00992264704706456,0.0198291360781278),
 .UNSPECIFIED.);
#37=B_SPLINE_CURVE_WITH_KNOTS('',3,(#5610,#5611,#5612,#5613,#5614),
 .UNSPECIFIED.,.F.,.F.,(4,1,4),(0.,0.0726283078893987,0.126047913409598),
 .UNSPECIFIED.);
#38=B_SPLINE_CURVE_WITH_KNOTS('',3,(#5618,#5619,#5620,#5621,#5622),
 .UNSPECIFIED.,.F.,.F.,(4,1,4),(0.,0.0726283078893987,0.126047913409598),
 .UNSPECIFIED.);
#39=B_SPLINE_CURVE_WITH_KNOTS('',3,(#5635,#5636,#5637,#5638,#5639),
 .UNSPECIFIED.,.F.,.F.,(4,1,4),(0.,0.0505559192266066,0.123449293811401),
 .UNSPECIFIED.);
#40=B_SPLINE_CURVE_WITH_KNOTS('',3,(#5641,#5642,#5643,#5644,#5645),
 .UNSPECIFIED.,.F.,.F.,(4,1,4),(0.,0.0505559192266066,0.123449293811401),
 .UNSPECIFIED.);
#41=B_SPLINE_CURVE_WITH_KNOTS('',3,(#5658,#5659,#5660,#5661,#5662),
 .UNSPECIFIED.,.F.,.F.,(4,1,4),(0.,0.0401036415496893,0.0798007987955321),
 .UNSPECIFIED.);
#42=B_SPLINE_CURVE_WITH_KNOTS('',3,(#5664,#5665,#5666,#5667,#5668),
 .UNSPECIFIED.,.F.,.F.,(4,1,4),(0.,0.0401036415496893,0.0798007987955321),
 .UNSPECIFIED.);
#43=B_SPLINE_CURVE_WITH_KNOTS('',3,(#5681,#5682,#5683,#5684,#5685),
 .UNSPECIFIED.,.F.,.F.,(4,1,4),(0.,0.0368516406229304,0.0760616669490237),
 .UNSPECIFIED.);
#44=B_SPLINE_CURVE_WITH_KNOTS('',3,(#5687,#5688,#5689,#5690,#5691),
 .UNSPECIFIED.,.F.,.F.,(4,1,4),(0.,0.0368516406229304,0.0760616669490237),
 .UNSPECIFIED.);
#45=B_SPLINE_CURVE_WITH_KNOTS('',3,(#5704,#5705,#5706,#5707,#5708),
 .UNSPECIFIED.,.F.,.F.,(4,1,4),(0.,0.0729312596334421,0.126443420334122),
 .UNSPECIFIED.);
#46=B_SPLINE_CURVE_WITH_KNOTS('',3,(#5710,#5711,#5712,#5713,#5714),
 .UNSPECIFIED.,.F.,.F.,(4,1,4),(0.,0.0729312596334421,0.126443420334122),
 .UNSPECIFIED.);
#47=B_SPLINE_CURVE_WITH_KNOTS('',3,(#5727,#5728,#5729,#5730,#5731),
 .UNSPECIFIED.,.F.,.F.,(4,1,4),(0.,0.0532183683240828,0.126195059018909),
 .UNSPECIFIED.);
#48=B_SPLINE_CURVE_WITH_KNOTS('',3,(#5733,#5734,#5735,#5736,#5737),
 .UNSPECIFIED.,.F.,.F.,(4,1,4),(0.,0.0532183683240828,0.126195059018909),
 .UNSPECIFIED.);
#49=B_SPLINE_CURVE_WITH_KNOTS('',3,(#5750,#5751,#5752,#5753,#5754),
 .UNSPECIFIED.,.F.,.F.,(4,1,4),(0.,0.0392796479173115,0.076439719381977),
 .UNSPECIFIED.);
#50=B_SPLINE_CURVE_WITH_KNOTS('',3,(#5756,#5757,#5758,#5759,#5760),
 .UNSPECIFIED.,.F.,.F.,(4,1,4),(0.,0.0392796479173115,0.076439719381977),
 .UNSPECIFIED.);
#51=B_SPLINE_CURVE_WITH_KNOTS('',3,(#5772,#5773,#5774,#5775,#5776),
 .UNSPECIFIED.,.F.,.F.,(4,1,4),(0.,0.036851603073704,0.076061690763258),
 .UNSPECIFIED.);
#52=B_SPLINE_CURVE_WITH_KNOTS('',3,(#5777,#5778,#5779,#5780,#5781),
 .UNSPECIFIED.,.F.,.F.,(4,1,4),(0.,0.036851603073704,0.076061690763258),
 .UNSPECIFIED.);
#53=B_SPLINE_CURVE_WITH_KNOTS('',3,(#5794,#5795,#5796,#5797,#5798),
 .UNSPECIFIED.,.F.,.F.,(4,1,4),(0.,0.0313406132208175,0.0602336563467797),
 .UNSPECIFIED.);
#54=B_SPLINE_CURVE_WITH_KNOTS('',3,(#5800,#5801,#5802,#5803,#5804),
 .UNSPECIFIED.,.F.,.F.,(4,1,4),(0.,0.0295340495045083,0.062946596643464),
 .UNSPECIFIED.);
#55=B_SPLINE_CURVE_WITH_KNOTS('',3,(#5808,#5809,#5810,#5811,#5812),
 .UNSPECIFIED.,.F.,.F.,(4,1,4),(0.,0.0152611230637293,0.0277024920237192),
 .UNSPECIFIED.);
#56=B_SPLINE_CURVE_WITH_KNOTS('',3,(#5814,#5815,#5816,#5817,#5818),
 .UNSPECIFIED.,.F.,.F.,(4,1,4),(0.,0.011532351165527,0.0240291253021997),
 .UNSPECIFIED.);
#57=B_SPLINE_CURVE_WITH_KNOTS('',3,(#5820,#5821,#5822,#5823,#5824),
 .UNSPECIFIED.,.F.,.F.,(4,1,4),(0.,0.0171567034785054,0.0356210598623751),
 .UNSPECIFIED.);
#58=B_SPLINE_CURVE_WITH_KNOTS('',3,(#5826,#5827,#5828,#5829,#5830),
 .UNSPECIFIED.,.F.,.F.,(4,1,4),(0.,0.0270066820023341,0.0699421861048818),
 .UNSPECIFIED.);
#59=B_SPLINE_CURVE_WITH_KNOTS('',3,(#5832,#5833,#5834,#5835,#5836),
 .UNSPECIFIED.,.F.,.F.,(4,1,4),(0.,0.0304560960701034,0.0602056033791554),
 .UNSPECIFIED.);
#60=B_SPLINE_CURVE_WITH_KNOTS('',3,(#5838,#5839,#5840,#5841,#5842),
 .UNSPECIFIED.,.F.,.F.,(4,1,4),(0.,0.0338512474829924,0.0685233867351678),
 .UNSPECIFIED.);
#61=B_SPLINE_CURVE_WITH_KNOTS('',3,(#5844,#5845,#5846,#5847,#5848),
 .UNSPECIFIED.,.F.,.F.,(4,1,4),(0.,0.0365481685943706,0.0761368000383278),
 .UNSPECIFIED.);
#62=B_SPLINE_CURVE_WITH_KNOTS('',3,(#5850,#5851,#5852,#5853,#5854),
 .UNSPECIFIED.,.F.,.F.,(4,1,4),(0.,0.0416951575013124,0.079583958372702),
 .UNSPECIFIED.);
#63=B_SPLINE_CURVE_WITH_KNOTS('',3,(#5856,#5857,#5858,#5859,#5860),
 .UNSPECIFIED.,.F.,.F.,(4,1,4),(0.,0.0369449400666366,0.0757735465495029),
 .UNSPECIFIED.);
#64=B_SPLINE_CURVE_WITH_KNOTS('',3,(#5862,#5863,#5864,#5865,#5866),
 .UNSPECIFIED.,.F.,.F.,(4,1,4),(0.,0.0419750149386985,0.0841753621575572),
 .UNSPECIFIED.);
#65=B_SPLINE_CURVE_WITH_KNOTS('',3,(#5868,#5869,#5870,#5871,#5872),
 .UNSPECIFIED.,.F.,.F.,(4,1,4),(0.,0.0510743064472648,0.120037971632978),
 .UNSPECIFIED.);
#66=B_SPLINE_CURVE_WITH_KNOTS('',3,(#5874,#5875,#5876,#5877,#5878),
 .UNSPECIFIED.,.F.,.F.,(4,1,4),(0.,0.070787222598269,0.123467919107377),
 .UNSPECIFIED.);
#67=B_SPLINE_CURVE_WITH_KNOTS('',3,(#5879,#5880,#5881,#5882,#5883),
 .UNSPECIFIED.,.F.,.F.,(4,1,4),(0.,0.0440739920884089,0.0887881034326927),
 .UNSPECIFIED.);
#68=B_SPLINE_CURVE_WITH_KNOTS('',3,(#5912,#5913,#5914,#5915,#5916),
 .UNSPECIFIED.,.F.,.F.,(4,1,4),(0.,0.0155109298307095,0.0314200005474221),
 .UNSPECIFIED.);
#69=B_SPLINE_CURVE_WITH_KNOTS('',3,(#5920,#5921,#5922,#5923,#5924),
 .UNSPECIFIED.,.F.,.F.,(4,1,4),(0.,0.0155109298307095,0.0314200005474221),
 .UNSPECIFIED.);
#70=B_SPLINE_CURVE_WITH_KNOTS('',3,(#5937,#5938,#5939,#5940,#5941),
 .UNSPECIFIED.,.F.,.F.,(4,1,4),(0.,0.0163097114391254,0.0322990263454243),
 .UNSPECIFIED.);
#71=B_SPLINE_CURVE_WITH_KNOTS('',3,(#5943,#5944,#5945,#5946,#5947),
 .UNSPECIFIED.,.F.,.F.,(4,1,4),(0.,0.0163097114391254,0.0322990263454243),
 .UNSPECIFIED.);
#72=B_SPLINE_CURVE_WITH_KNOTS('',3,(#5960,#5961,#5962,#5963,#5964),
 .UNSPECIFIED.,.F.,.F.,(4,1,4),(0.,0.0253038094542209,0.044661990609412),
 .UNSPECIFIED.);
#73=B_SPLINE_CURVE_WITH_KNOTS('',3,(#5966,#5967,#5968,#5969,#5970),
 .UNSPECIFIED.,.F.,.F.,(4,1,4),(0.,0.0253038094542209,0.044661990609412),
 .UNSPECIFIED.);
#74=B_SPLINE_CURVE_WITH_KNOTS('',3,(#5983,#5984,#5985,#5986,#5987),
 .UNSPECIFIED.,.F.,.F.,(4,1,4),(0.,0.0181562387399195,0.042555102896544),
 .UNSPECIFIED.);
#75=B_SPLINE_CURVE_WITH_KNOTS('',3,(#5989,#5990,#5991,#5992,#5993),
 .UNSPECIFIED.,.F.,.F.,(4,1,4),(0.,0.0181562387399195,0.042555102896544),
 .UNSPECIFIED.);
#76=B_SPLINE_CURVE_WITH_KNOTS('',3,(#6006,#6007,#6008,#6009,#6010),
 .UNSPECIFIED.,.F.,.F.,(4,1,4),(0.,0.0148392676797706,0.0299133713892495),
 .UNSPECIFIED.);
#77=B_SPLINE_CURVE_WITH_KNOTS('',3,(#6012,#6013,#6014,#6015,#6016),
 .UNSPECIFIED.,.F.,.F.,(4,1,4),(0.,0.0148392676797706,0.0299133713892495),
 .UNSPECIFIED.);
#78=B_SPLINE_CURVE_WITH_KNOTS('',3,(#6029,#6030,#6031,#6032,#6033),
 .UNSPECIFIED.,.F.,.F.,(4,1,4),(0.,0.0177860114865205,0.0337673157495853),
 .UNSPECIFIED.);
#79=B_SPLINE_CURVE_WITH_KNOTS('',3,(#6035,#6036,#6037,#6038,#6039),
 .UNSPECIFIED.,.F.,.F.,(4,1,4),(0.,0.0177860114865205,0.0337673157495853),
 .UNSPECIFIED.);
#80=B_SPLINE_CURVE_WITH_KNOTS('',3,(#6052,#6053,#6054,#6055,#6056),
 .UNSPECIFIED.,.F.,.F.,(4,1,4),(0.,0.0248429119679356,0.0454978063794874),
 .UNSPECIFIED.);
#81=B_SPLINE_CURVE_WITH_KNOTS('',3,(#6058,#6059,#6060,#6061,#6062),
 .UNSPECIFIED.,.F.,.F.,(4,1,4),(0.,0.0248429119679356,0.0454978063794874),
 .UNSPECIFIED.);
#82=B_SPLINE_CURVE_WITH_KNOTS('',3,(#6074,#6075,#6076,#6077,#6078),
 .UNSPECIFIED.,.F.,.F.,(4,1,4),(0.,0.0180933199165198,0.0403743852888913),
 .UNSPECIFIED.);
#83=B_SPLINE_CURVE_WITH_KNOTS('',3,(#6079,#6080,#6081,#6082,#6083),
 .UNSPECIFIED.,.F.,.F.,(4,1,4),(0.,0.0180933199165198,0.0403743852888913),
 .UNSPECIFIED.);
#84=B_SPLINE_CURVE_WITH_KNOTS('',3,(#6096,#6097,#6098,#6099,#6100),
 .UNSPECIFIED.,.F.,.F.,(4,1,4),(0.,0.0313406132208175,0.0602336563467797),
 .UNSPECIFIED.);
#85=B_SPLINE_CURVE_WITH_KNOTS('',3,(#6114,#6115,#6116,#6117,#6118),
 .UNSPECIFIED.,.F.,.F.,(4,1,4),(0.,0.0440739920884089,0.0887881034326927),
 .UNSPECIFIED.);
#86=B_SPLINE_CURVE_WITH_KNOTS('',3,(#6131,#6132,#6133,#6134,#6135),
 .UNSPECIFIED.,.F.,.F.,(4,1,4),(0.,0.070787222598269,0.123467919107377),
 .UNSPECIFIED.);
#87=B_SPLINE_CURVE_WITH_KNOTS('',3,(#6148,#6149,#6150,#6151,#6152),
 .UNSPECIFIED.,.F.,.F.,(4,1,4),(0.,0.0510743064472648,0.120037971632978),
 .UNSPECIFIED.);
#88=B_SPLINE_CURVE_WITH_KNOTS('',3,(#6165,#6166,#6167,#6168,#6169),
 .UNSPECIFIED.,.F.,.F.,(4,1,4),(0.,0.0419750149386985,0.0841753621575572),
 .UNSPECIFIED.);
#89=B_SPLINE_CURVE_WITH_KNOTS('',3,(#6182,#6183,#6184,#6185,#6186),
 .UNSPECIFIED.,.F.,.F.,(4,1,4),(0.,0.0369449400666366,0.0757735465495029),
 .UNSPECIFIED.);
#90=B_SPLINE_CURVE_WITH_KNOTS('',3,(#6199,#6200,#6201,#6202,#6203),
 .UNSPECIFIED.,.F.,.F.,(4,1,4),(0.,0.0416951575013124,0.079583958372702),
 .UNSPECIFIED.);
#91=B_SPLINE_CURVE_WITH_KNOTS('',3,(#6216,#6217,#6218,#6219,#6220),
 .UNSPECIFIED.,.F.,.F.,(4,1,4),(0.,0.0365481685943706,0.0761368000383278),
 .UNSPECIFIED.);
#92=B_SPLINE_CURVE_WITH_KNOTS('',3,(#6233,#6234,#6235,#6236,#6237),
 .UNSPECIFIED.,.F.,.F.,(4,1,4),(0.,0.0338512474829924,0.0685233867351678),
 .UNSPECIFIED.);
#93=B_SPLINE_CURVE_WITH_KNOTS('',3,(#6250,#6251,#6252,#6253,#6254),
 .UNSPECIFIED.,.F.,.F.,(4,1,4),(0.,0.0304560960701034,0.0602056033791554),
 .UNSPECIFIED.);
#94=B_SPLINE_CURVE_WITH_KNOTS('',3,(#6267,#6268,#6269,#6270,#6271),
 .UNSPECIFIED.,.F.,.F.,(4,1,4),(0.,0.0270066820023341,0.0699421861048818),
 .UNSPECIFIED.);
#95=B_SPLINE_CURVE_WITH_KNOTS('',3,(#6284,#6285,#6286,#6287,#6288),
 .UNSPECIFIED.,.F.,.F.,(4,1,4),(0.,0.0171567034785054,0.0356210598623751),
 .UNSPECIFIED.);
#96=B_SPLINE_CURVE_WITH_KNOTS('',3,(#6301,#6302,#6303,#6304,#6305),
 .UNSPECIFIED.,.F.,.F.,(4,1,4),(0.,0.011532351165527,0.0240291253021997),
 .UNSPECIFIED.);
#97=B_SPLINE_CURVE_WITH_KNOTS('',3,(#6318,#6319,#6320,#6321,#6322),
 .UNSPECIFIED.,.F.,.F.,(4,1,4),(0.,0.0152611230637293,0.0277024920237192),
 .UNSPECIFIED.);
#98=B_SPLINE_CURVE_WITH_KNOTS('',3,(#6338,#6339,#6340,#6341,#6342),
 .UNSPECIFIED.,.F.,.F.,(4,1,4),(0.,0.0295340495045083,0.062946596643464),
 .UNSPECIFIED.);
#99=B_SPLINE_CURVE_WITH_KNOTS('',3,(#6480,#6481,#6482,#6483,#6484),
 .UNSPECIFIED.,.F.,.F.,(4,1,4),(0.,0.017393541652044,0.0296686252100675),
 .UNSPECIFIED.);
#100=B_SPLINE_CURVE_WITH_KNOTS('',3,(#6488,#6489,#6490,#6491,#6492),
 .UNSPECIFIED.,.F.,.F.,(4,1,4),(0.,0.017393541652044,0.0296686252100675),
 .UNSPECIFIED.);
#101=B_SPLINE_CURVE_WITH_KNOTS('',3,(#6505,#6506,#6507,#6508,#6509),
 .UNSPECIFIED.,.F.,.F.,(4,1,4),(0.,0.0441925650202861,0.0722555698853802),
 .UNSPECIFIED.);
#102=B_SPLINE_CURVE_WITH_KNOTS('',3,(#6511,#6512,#6513,#6514,#6515),
 .UNSPECIFIED.,.F.,.F.,(4,1,4),(0.,0.0441925650202861,0.0722555698853802),
 .UNSPECIFIED.);
#103=B_SPLINE_CURVE_WITH_KNOTS('',3,(#6528,#6529,#6530,#6531,#6532),
 .UNSPECIFIED.,.F.,.F.,(4,1,4),(0.,0.0298612825941363,0.074641912876776),
 .UNSPECIFIED.);
#104=B_SPLINE_CURVE_WITH_KNOTS('',3,(#6534,#6535,#6536,#6537,#6538),
 .UNSPECIFIED.,.F.,.F.,(4,1,4),(0.,0.0298612825941363,0.074641912876776),
 .UNSPECIFIED.);
#105=B_SPLINE_CURVE_WITH_KNOTS('',3,(#6551,#6552,#6553,#6554,#6555),
 .UNSPECIFIED.,.F.,.F.,(4,1,4),(0.,0.0116939317855048,0.0271001279886111),
 .UNSPECIFIED.);
#106=B_SPLINE_CURVE_WITH_KNOTS('',3,(#6557,#6558,#6559,#6560,#6561),
 .UNSPECIFIED.,.F.,.F.,(4,1,4),(0.,0.0116939317855048,0.0271001279886111),
 .UNSPECIFIED.);
#107=B_SPLINE_CURVE_WITH_KNOTS('',3,(#6574,#6575,#6576,#6577,#6578),
 .UNSPECIFIED.,.F.,.F.,(4,1,4),(0.,0.00993152223029327,0.0199202198002231),
 .UNSPECIFIED.);
#108=B_SPLINE_CURVE_WITH_KNOTS('',3,(#6580,#6581,#6582,#6583,#6584),
 .UNSPECIFIED.,.F.,.F.,(4,1,4),(0.,0.00993152223029327,0.0199202198002231),
 .UNSPECIFIED.);
#109=B_SPLINE_CURVE_WITH_KNOTS('',3,(#6597,#6598,#6599,#6600,#6601),
 .UNSPECIFIED.,.F.,.F.,(4,1,4),(0.,0.00988484860306537,0.0197872058619249),
 .UNSPECIFIED.);
#110=B_SPLINE_CURVE_WITH_KNOTS('',3,(#6603,#6604,#6605,#6606,#6607),
 .UNSPECIFIED.,.F.,.F.,(4,1,4),(0.,0.00988484860306537,0.0197872058619249),
 .UNSPECIFIED.);
#111=B_SPLINE_CURVE_WITH_KNOTS('',3,(#6620,#6621,#6622,#6623,#6624),
 .UNSPECIFIED.,.F.,.F.,(4,1,4),(0.,0.0173697047581165,0.0295838061648153),
 .UNSPECIFIED.);
#112=B_SPLINE_CURVE_WITH_KNOTS('',3,(#6626,#6627,#6628,#6629,#6630),
 .UNSPECIFIED.,.F.,.F.,(4,1,4),(0.,0.0173697047581165,0.0295838061648153),
 .UNSPECIFIED.);
#113=B_SPLINE_CURVE_WITH_KNOTS('',3,(#6643,#6644,#6645,#6646,#6647),
 .UNSPECIFIED.,.F.,.F.,(4,1,4),(0.,0.0441925816942343,0.0722555781525393),
 .UNSPECIFIED.);
#114=B_SPLINE_CURVE_WITH_KNOTS('',3,(#6649,#6650,#6651,#6652,#6653),
 .UNSPECIFIED.,.F.,.F.,(4,1,4),(0.,0.0441925816942343,0.0722555781525393),
 .UNSPECIFIED.);
#115=B_SPLINE_CURVE_WITH_KNOTS('',3,(#6666,#6667,#6668,#6669,#6670),
 .UNSPECIFIED.,.F.,.F.,(4,1,4),(0.,0.030011866027923,0.0748431905397011),
 .UNSPECIFIED.);
#116=B_SPLINE_CURVE_WITH_KNOTS('',3,(#6672,#6673,#6674,#6675,#6676),
 .UNSPECIFIED.,.F.,.F.,(4,1,4),(0.,0.030011866027923,0.0748431905397011),
 .UNSPECIFIED.);
#117=B_SPLINE_CURVE_WITH_KNOTS('',3,(#6689,#6690,#6691,#6692,#6693),
 .UNSPECIFIED.,.F.,.F.,(4,1,4),(0.,0.0116939317855048,0.0271001559155494),
 .UNSPECIFIED.);
#118=B_SPLINE_CURVE_WITH_KNOTS('',3,(#6695,#6696,#6697,#6698,#6699),
 .UNSPECIFIED.,.F.,.F.,(4,1,4),(0.,0.0116939317855048,0.0271001559155494),
 .UNSPECIFIED.);
#119=B_SPLINE_CURVE_WITH_KNOTS('',3,(#6712,#6713,#6714,#6715,#6716),
 .UNSPECIFIED.,.F.,.F.,(4,1,4),(0.,0.00993152717913796,0.0199201729698272),
 .UNSPECIFIED.);
#120=B_SPLINE_CURVE_WITH_KNOTS('',3,(#6718,#6719,#6720,#6721,#6722),
 .UNSPECIFIED.,.F.,.F.,(4,1,4),(0.,0.00993152717913796,0.0199201729698272),
 .UNSPECIFIED.);
#121=B_SPLINE_CURVE_WITH_KNOTS('',3,(#6734,#6735,#6736,#6737,#6738),
 .UNSPECIFIED.,.F.,.F.,(4,1,4),(0.,0.00992264704706456,0.0198291360781278),
 .UNSPECIFIED.);
#122=B_SPLINE_CURVE_WITH_KNOTS('',3,(#6739,#6740,#6741,#6742,#6743),
 .UNSPECIFIED.,.F.,.F.,(4,1,4),(0.,0.00992264704706456,0.0198291360781278),
 .UNSPECIFIED.);
#123=B_SPLINE_CURVE_WITH_KNOTS('',3,(#6756,#6757,#6758,#6759,#6760),
 .UNSPECIFIED.,.F.,.F.,(4,1,4),(0.,0.0726283078893987,0.126047913409598),
 .UNSPECIFIED.);
#124=B_SPLINE_CURVE_WITH_KNOTS('',3,(#6764,#6765,#6766,#6767,#6768),
 .UNSPECIFIED.,.F.,.F.,(4,1,4),(0.,0.0726283078893987,0.126047913409598),
 .UNSPECIFIED.);
#125=B_SPLINE_CURVE_WITH_KNOTS('',3,(#6781,#6782,#6783,#6784,#6785),
 .UNSPECIFIED.,.F.,.F.,(4,1,4),(0.,0.0505559192266066,0.123449293811401),
 .UNSPECIFIED.);
#126=B_SPLINE_CURVE_WITH_KNOTS('',3,(#6787,#6788,#6789,#6790,#6791),
 .UNSPECIFIED.,.F.,.F.,(4,1,4),(0.,0.0505559192266066,0.123449293811401),
 .UNSPECIFIED.);
#127=B_SPLINE_CURVE_WITH_KNOTS('',3,(#6804,#6805,#6806,#6807,#6808),
 .UNSPECIFIED.,.F.,.F.,(4,1,4),(0.,0.0401036415496893,0.0798007987955321),
 .UNSPECIFIED.);
#128=B_SPLINE_CURVE_WITH_KNOTS('',3,(#6810,#6811,#6812,#6813,#6814),
 .UNSPECIFIED.,.F.,.F.,(4,1,4),(0.,0.0401036415496893,0.0798007987955321),
 .UNSPECIFIED.);
#129=B_SPLINE_CURVE_WITH_KNOTS('',3,(#6827,#6828,#6829,#6830,#6831),
 .UNSPECIFIED.,.F.,.F.,(4,1,4),(0.,0.0368516406229304,0.0760616669490237),
 .UNSPECIFIED.);
#130=B_SPLINE_CURVE_WITH_KNOTS('',3,(#6833,#6834,#6835,#6836,#6837),
 .UNSPECIFIED.,.F.,.F.,(4,1,4),(0.,0.0368516406229304,0.0760616669490237),
 .UNSPECIFIED.);
#131=B_SPLINE_CURVE_WITH_KNOTS('',3,(#6850,#6851,#6852,#6853,#6854),
 .UNSPECIFIED.,.F.,.F.,(4,1,4),(0.,0.0729312596334421,0.126443420334122),
 .UNSPECIFIED.);
#132=B_SPLINE_CURVE_WITH_KNOTS('',3,(#6856,#6857,#6858,#6859,#6860),
 .UNSPECIFIED.,.F.,.F.,(4,1,4),(0.,0.0729312596334421,0.126443420334122),
 .UNSPECIFIED.);
#133=B_SPLINE_CURVE_WITH_KNOTS('',3,(#6873,#6874,#6875,#6876,#6877),
 .UNSPECIFIED.,.F.,.F.,(4,1,4),(0.,0.0532183683240828,0.126195059018909),
 .UNSPECIFIED.);
#134=B_SPLINE_CURVE_WITH_KNOTS('',3,(#6879,#6880,#6881,#6882,#6883),
 .UNSPECIFIED.,.F.,.F.,(4,1,4),(0.,0.0532183683240828,0.126195059018909),
 .UNSPECIFIED.);
#135=B_SPLINE_CURVE_WITH_KNOTS('',3,(#6896,#6897,#6898,#6899,#6900),
 .UNSPECIFIED.,.F.,.F.,(4,1,4),(0.,0.0392796479173115,0.076439719381977),
 .UNSPECIFIED.);
#136=B_SPLINE_CURVE_WITH_KNOTS('',3,(#6902,#6903,#6904,#6905,#6906),
 .UNSPECIFIED.,.F.,.F.,(4,1,4),(0.,0.0392796479173115,0.076439719381977),
 .UNSPECIFIED.);
#137=B_SPLINE_CURVE_WITH_KNOTS('',3,(#6918,#6919,#6920,#6921,#6922),
 .UNSPECIFIED.,.F.,.F.,(4,1,4),(0.,0.0368516123071361,0.076061697104009),
 .UNSPECIFIED.);
#138=B_SPLINE_CURVE_WITH_KNOTS('',3,(#6923,#6924,#6925,#6926,#6927),
 .UNSPECIFIED.,.F.,.F.,(4,1,4),(0.,0.0368516123071361,0.076061697104009),
 .UNSPECIFIED.);
#139=B_SPLINE_CURVE_WITH_KNOTS('',3,(#6940,#6941,#6942,#6943,#6944),
 .UNSPECIFIED.,.F.,.F.,(4,1,4),(0.,0.0313406132208175,0.0602336563467797),
 .UNSPECIFIED.);
#140=B_SPLINE_CURVE_WITH_KNOTS('',3,(#6946,#6947,#6948,#6949,#6950),
 .UNSPECIFIED.,.F.,.F.,(4,1,4),(0.,0.0295340495045083,0.062946596643464),
 .UNSPECIFIED.);
#141=B_SPLINE_CURVE_WITH_KNOTS('',3,(#6954,#6955,#6956,#6957,#6958),
 .UNSPECIFIED.,.F.,.F.,(4,1,4),(0.,0.0152611230637293,0.0277024920237192),
 .UNSPECIFIED.);
#142=B_SPLINE_CURVE_WITH_KNOTS('',3,(#6960,#6961,#6962,#6963,#6964),
 .UNSPECIFIED.,.F.,.F.,(4,1,4),(0.,0.011532351165527,0.0240291253021997),
 .UNSPECIFIED.);
#143=B_SPLINE_CURVE_WITH_KNOTS('',3,(#6966,#6967,#6968,#6969,#6970),
 .UNSPECIFIED.,.F.,.F.,(4,1,4),(0.,0.0171567034785054,0.0356210598623751),
 .UNSPECIFIED.);
#144=B_SPLINE_CURVE_WITH_KNOTS('',3,(#6972,#6973,#6974,#6975,#6976),
 .UNSPECIFIED.,.F.,.F.,(4,1,4),(0.,0.0270066820023341,0.0699421861048818),
 .UNSPECIFIED.);
#145=B_SPLINE_CURVE_WITH_KNOTS('',3,(#6978,#6979,#6980,#6981,#6982),
 .UNSPECIFIED.,.F.,.F.,(4,1,4),(0.,0.0304560960701034,0.0602056033791554),
 .UNSPECIFIED.);
#146=B_SPLINE_CURVE_WITH_KNOTS('',3,(#6984,#6985,#6986,#6987,#6988),
 .UNSPECIFIED.,.F.,.F.,(4,1,4),(0.,0.0338512474829924,0.0685233867351678),
 .UNSPECIFIED.);
#147=B_SPLINE_CURVE_WITH_KNOTS('',3,(#6990,#6991,#6992,#6993,#6994),
 .UNSPECIFIED.,.F.,.F.,(4,1,4),(0.,0.0365481685943706,0.0761368000383278),
 .UNSPECIFIED.);
#148=B_SPLINE_CURVE_WITH_KNOTS('',3,(#6996,#6997,#6998,#6999,#7000),
 .UNSPECIFIED.,.F.,.F.,(4,1,4),(0.,0.0416951575013124,0.079583958372702),
 .UNSPECIFIED.);
#149=B_SPLINE_CURVE_WITH_KNOTS('',3,(#7002,#7003,#7004,#7005,#7006),
 .UNSPECIFIED.,.F.,.F.,(4,1,4),(0.,0.0369449400666366,0.0757735465495029),
 .UNSPECIFIED.);
#150=B_SPLINE_CURVE_WITH_KNOTS('',3,(#7008,#7009,#7010,#7011,#7012),
 .UNSPECIFIED.,.F.,.F.,(4,1,4),(0.,0.0419750149386985,0.0841753621575572),
 .UNSPECIFIED.);
#151=B_SPLINE_CURVE_WITH_KNOTS('',3,(#7014,#7015,#7016,#7017,#7018),
 .UNSPECIFIED.,.F.,.F.,(4,1,4),(0.,0.0510743064472648,0.120037971632978),
 .UNSPECIFIED.);
#152=B_SPLINE_CURVE_WITH_KNOTS('',3,(#7020,#7021,#7022,#7023,#7024),
 .UNSPECIFIED.,.F.,.F.,(4,1,4),(0.,0.070787222598269,0.123467919107377),
 .UNSPECIFIED.);
#153=B_SPLINE_CURVE_WITH_KNOTS('',3,(#7025,#7026,#7027,#7028,#7029),
 .UNSPECIFIED.,.F.,.F.,(4,1,4),(0.,0.0440739829269201,0.088788097281315),
 .UNSPECIFIED.);
#154=B_SPLINE_CURVE_WITH_KNOTS('',3,(#7058,#7059,#7060,#7061,#7062),
 .UNSPECIFIED.,.F.,.F.,(4,1,4),(0.,0.0155109298307095,0.0314200005474221),
 .UNSPECIFIED.);
#155=B_SPLINE_CURVE_WITH_KNOTS('',3,(#7066,#7067,#7068,#7069,#7070),
 .UNSPECIFIED.,.F.,.F.,(4,1,4),(0.,0.0155109298307095,0.0314200005474221),
 .UNSPECIFIED.);
#156=B_SPLINE_CURVE_WITH_KNOTS('',3,(#7083,#7084,#7085,#7086,#7087),
 .UNSPECIFIED.,.F.,.F.,(4,1,4),(0.,0.0163097114391254,0.0322990263454243),
 .UNSPECIFIED.);
#157=B_SPLINE_CURVE_WITH_KNOTS('',3,(#7089,#7090,#7091,#7092,#7093),
 .UNSPECIFIED.,.F.,.F.,(4,1,4),(0.,0.0163097114391254,0.0322990263454243),
 .UNSPECIFIED.);
#158=B_SPLINE_CURVE_WITH_KNOTS('',3,(#7106,#7107,#7108,#7109,#7110),
 .UNSPECIFIED.,.F.,.F.,(4,1,4),(0.,0.0253038094542209,0.044661990609412),
 .UNSPECIFIED.);
#159=B_SPLINE_CURVE_WITH_KNOTS('',3,(#7112,#7113,#7114,#7115,#7116),
 .UNSPECIFIED.,.F.,.F.,(4,1,4),(0.,0.0253038094542209,0.044661990609412),
 .UNSPECIFIED.);
#160=B_SPLINE_CURVE_WITH_KNOTS('',3,(#7129,#7130,#7131,#7132,#7133),
 .UNSPECIFIED.,.F.,.F.,(4,1,4),(0.,0.0181562387399195,0.042555102896544),
 .UNSPECIFIED.);
#161=B_SPLINE_CURVE_WITH_KNOTS('',3,(#7135,#7136,#7137,#7138,#7139),
 .UNSPECIFIED.,.F.,.F.,(4,1,4),(0.,0.0181562387399195,0.042555102896544),
 .UNSPECIFIED.);
#162=B_SPLINE_CURVE_WITH_KNOTS('',3,(#7152,#7153,#7154,#7155,#7156),
 .UNSPECIFIED.,.F.,.F.,(4,1,4),(0.,0.0148392676797706,0.0299133713892495),
 .UNSPECIFIED.);
#163=B_SPLINE_CURVE_WITH_KNOTS('',3,(#7158,#7159,#7160,#7161,#7162),
 .UNSPECIFIED.,.F.,.F.,(4,1,4),(0.,0.0148392676797706,0.0299133713892495),
 .UNSPECIFIED.);
#164=B_SPLINE_CURVE_WITH_KNOTS('',3,(#7175,#7176,#7177,#7178,#7179),
 .UNSPECIFIED.,.F.,.F.,(4,1,4),(0.,0.0177860114865205,0.0337673157495853),
 .UNSPECIFIED.);
#165=B_SPLINE_CURVE_WITH_KNOTS('',3,(#7181,#7182,#7183,#7184,#7185),
 .UNSPECIFIED.,.F.,.F.,(4,1,4),(0.,0.0177860114865205,0.0337673157495853),
 .UNSPECIFIED.);
#166=B_SPLINE_CURVE_WITH_KNOTS('',3,(#7198,#7199,#7200,#7201,#7202),
 .UNSPECIFIED.,.F.,.F.,(4,1,4),(0.,0.0248429119679356,0.0454978063794874),
 .UNSPECIFIED.);
#167=B_SPLINE_CURVE_WITH_KNOTS('',3,(#7204,#7205,#7206,#7207,#7208),
 .UNSPECIFIED.,.F.,.F.,(4,1,4),(0.,0.0248429119679356,0.0454978063794874),
 .UNSPECIFIED.);
#168=B_SPLINE_CURVE_WITH_KNOTS('',3,(#7220,#7221,#7222,#7223,#7224),
 .UNSPECIFIED.,.F.,.F.,(4,1,4),(0.,0.0180932936295989,0.0403743885609131),
 .UNSPECIFIED.);
#169=B_SPLINE_CURVE_WITH_KNOTS('',3,(#7225,#7226,#7227,#7228,#7229),
 .UNSPECIFIED.,.F.,.F.,(4,1,4),(0.,0.0180932936295989,0.0403743885609131),
 .UNSPECIFIED.);
#170=B_SPLINE_CURVE_WITH_KNOTS('',3,(#7242,#7243,#7244,#7245,#7246),
 .UNSPECIFIED.,.F.,.F.,(4,1,4),(0.,0.0313406132208175,0.0602336563467797),
 .UNSPECIFIED.);
#171=B_SPLINE_CURVE_WITH_KNOTS('',3,(#7260,#7261,#7262,#7263,#7264),
 .UNSPECIFIED.,.F.,.F.,(4,1,4),(0.,0.0440739829269201,0.088788097281315),
 .UNSPECIFIED.);
#172=B_SPLINE_CURVE_WITH_KNOTS('',3,(#7277,#7278,#7279,#7280,#7281),
 .UNSPECIFIED.,.F.,.F.,(4,1,4),(0.,0.070787222598269,0.123467919107377),
 .UNSPECIFIED.);
#173=B_SPLINE_CURVE_WITH_KNOTS('',3,(#7294,#7295,#7296,#7297,#7298),
 .UNSPECIFIED.,.F.,.F.,(4,1,4),(0.,0.0510743064472648,0.120037971632978),
 .UNSPECIFIED.);
#174=B_SPLINE_CURVE_WITH_KNOTS('',3,(#7311,#7312,#7313,#7314,#7315),
 .UNSPECIFIED.,.F.,.F.,(4,1,4),(0.,0.0419750149386985,0.0841753621575572),
 .UNSPECIFIED.);
#175=B_SPLINE_CURVE_WITH_KNOTS('',3,(#7328,#7329,#7330,#7331,#7332),
 .UNSPECIFIED.,.F.,.F.,(4,1,4),(0.,0.0369449400666366,0.0757735465495029),
 .UNSPECIFIED.);
#176=B_SPLINE_CURVE_WITH_KNOTS('',3,(#7345,#7346,#7347,#7348,#7349),
 .UNSPECIFIED.,.F.,.F.,(4,1,4),(0.,0.0416951575013124,0.079583958372702),
 .UNSPECIFIED.);
#177=B_SPLINE_CURVE_WITH_KNOTS('',3,(#7362,#7363,#7364,#7365,#7366),
 .UNSPECIFIED.,.F.,.F.,(4,1,4),(0.,0.0365481685943706,0.0761368000383278),
 .UNSPECIFIED.);
#178=B_SPLINE_CURVE_WITH_KNOTS('',3,(#7379,#7380,#7381,#7382,#7383),
 .UNSPECIFIED.,.F.,.F.,(4,1,4),(0.,0.0338512474829924,0.0685233867351678),
 .UNSPECIFIED.);
#179=B_SPLINE_CURVE_WITH_KNOTS('',3,(#7396,#7397,#7398,#7399,#7400),
 .UNSPECIFIED.,.F.,.F.,(4,1,4),(0.,0.0304560960701034,0.0602056033791554),
 .UNSPECIFIED.);
#180=B_SPLINE_CURVE_WITH_KNOTS('',3,(#7413,#7414,#7415,#7416,#7417),
 .UNSPECIFIED.,.F.,.F.,(4,1,4),(0.,0.0270066820023341,0.0699421861048818),
 .UNSPECIFIED.);
#181=B_SPLINE_CURVE_WITH_KNOTS('',3,(#7430,#7431,#7432,#7433,#7434),
 .UNSPECIFIED.,.F.,.F.,(4,1,4),(0.,0.0171567034785054,0.0356210598623751),
 .UNSPECIFIED.);
#182=B_SPLINE_CURVE_WITH_KNOTS('',3,(#7447,#7448,#7449,#7450,#7451),
 .UNSPECIFIED.,.F.,.F.,(4,1,4),(0.,0.011532351165527,0.0240291253021997),
 .UNSPECIFIED.);
#183=B_SPLINE_CURVE_WITH_KNOTS('',3,(#7464,#7465,#7466,#7467,#7468),
 .UNSPECIFIED.,.F.,.F.,(4,1,4),(0.,0.0152611230637293,0.0277024920237192),
 .UNSPECIFIED.);
#184=B_SPLINE_CURVE_WITH_KNOTS('',3,(#7484,#7485,#7486,#7487,#7488),
 .UNSPECIFIED.,.F.,.F.,(4,1,4),(0.,0.0295340495045083,0.062946596643464),
 .UNSPECIFIED.);
#185=B_SPLINE_SURFACE_WITH_KNOTS('',3,1,((#5322,#5323),(#5324,#5325),(#5326,
#5327),(#5328,#5329),(#5330,#5331)),.UNSPECIFIED.,.F.,.F.,.F.,(4,1,4),(2,
2),(0.,0.017393541652044,0.0296686252100675),(0.,0.01),.UNSPECIFIED.);
#186=B_SPLINE_SURFACE_WITH_KNOTS('',3,1,((#5348,#5349),(#5350,#5351),(#5352,
#5353),(#5354,#5355),(#5356,#5357)),.UNSPECIFIED.,.F.,.F.,.F.,(4,1,4),(2,
2),(0.,0.0441925501257664,0.0722555697430608),(0.,0.01),.UNSPECIFIED.);
#187=B_SPLINE_SURFACE_WITH_KNOTS('',3,1,((#5371,#5372),(#5373,#5374),(#5375,
#5376),(#5377,#5378),(#5379,#5380)),.UNSPECIFIED.,.F.,.F.,.F.,(4,1,4),(2,
2),(0.,0.0298612825941363,0.074641912876776),(0.,0.01),.UNSPECIFIED.);
#188=B_SPLINE_SURFACE_WITH_KNOTS('',3,1,((#5394,#5395),(#5396,#5397),(#5398,
#5399),(#5400,#5401),(#5402,#5403)),.UNSPECIFIED.,.F.,.F.,.F.,(4,1,4),(2,
2),(0.,0.0116939317855048,0.0271001279886111),(0.,0.01),.UNSPECIFIED.);
#189=B_SPLINE_SURFACE_WITH_KNOTS('',3,1,((#5417,#5418),(#5419,#5420),(#5421,
#5422),(#5423,#5424),(#5425,#5426)),.UNSPECIFIED.,.F.,.F.,.F.,(4,1,4),(2,
2),(0.,0.00993152223029327,0.0199202198002231),(0.,0.01),.UNSPECIFIED.);
#190=B_SPLINE_SURFACE_WITH_KNOTS('',3,1,((#5440,#5441),(#5442,#5443),(#5444,
#5445),(#5446,#5447),(#5448,#5449)),.UNSPECIFIED.,.F.,.F.,.F.,(4,1,4),(2,
2),(0.,0.00988484860306537,0.0197872058619249),(0.,0.01),.UNSPECIFIED.);
#191=B_SPLINE_SURFACE_WITH_KNOTS('',3,1,((#5463,#5464),(#5465,#5466),(#5467,
#5468),(#5469,#5470),(#5471,#5472)),.UNSPECIFIED.,.F.,.F.,.F.,(4,1,4),(2,
2),(0.,0.0173697047581165,0.0295838061648153),(0.,0.01),.UNSPECIFIED.);
#192=B_SPLINE_SURFACE_WITH_KNOTS('',3,1,((#5486,#5487),(#5488,#5489),(#5490,
#5491),(#5492,#5493),(#5494,#5495)),.UNSPECIFIED.,.F.,.F.,.F.,(4,1,4),(2,
2),(0.,0.0441925816942343,0.0722555781525393),(0.,0.01),.UNSPECIFIED.);
#193=B_SPLINE_SURFACE_WITH_KNOTS('',3,1,((#5509,#5510),(#5511,#5512),(#5513,
#5514),(#5515,#5516),(#5517,#5518)),.UNSPECIFIED.,.F.,.F.,.F.,(4,1,4),(2,
2),(0.,0.030011866027923,0.0748431905397011),(0.,0.01),.UNSPECIFIED.);
#194=B_SPLINE_SURFACE_WITH_KNOTS('',3,1,((#5532,#5533),(#5534,#5535),(#5536,
#5537),(#5538,#5539),(#5540,#5541)),.UNSPECIFIED.,.F.,.F.,.F.,(4,1,4),(2,
2),(0.,0.0116939317855048,0.0271001559155494),(0.,0.01),.UNSPECIFIED.);
#195=B_SPLINE_SURFACE_WITH_KNOTS('',3,1,((#5555,#5556),(#5557,#5558),(#5559,
#5560),(#5561,#5562),(#5563,#5564)),.UNSPECIFIED.,.F.,.F.,.F.,(4,1,4),(2,
2),(0.,0.00993152717913796,0.0199201729698272),(0.,0.01),.UNSPECIFIED.);
#196=B_SPLINE_SURFACE_WITH_KNOTS('',3,1,((#5578,#5579),(#5580,#5581),(#5582,
#5583),(#5584,#5585),(#5586,#5587)),.UNSPECIFIED.,.F.,.F.,.F.,(4,1,4),(2,
2),(0.,0.00992264704706456,0.0198291360781278),(0.,0.01),.UNSPECIFIED.);
#197=B_SPLINE_SURFACE_WITH_KNOTS('',3,1,((#5598,#5599),(#5600,#5601),(#5602,
#5603),(#5604,#5605),(#5606,#5607)),.UNSPECIFIED.,.F.,.F.,.F.,(4,1,4),(2,
2),(0.,0.0726283078893987,0.126047913409598),(0.,0.01),.UNSPECIFIED.);
#198=B_SPLINE_SURFACE_WITH_KNOTS('',3,1,((#5624,#5625),(#5626,#5627),(#5628,
#5629),(#5630,#5631),(#5632,#5633)),.UNSPECIFIED.,.F.,.F.,.F.,(4,1,4),(2,
2),(0.,0.0505559192266066,0.123449293811401),(0.,0.01),.UNSPECIFIED.);
#199=B_SPLINE_SURFACE_WITH_KNOTS('',3,1,((#5647,#5648),(#5649,#5650),(#5651,
#5652),(#5653,#5654),(#5655,#5656)),.UNSPECIFIED.,.F.,.F.,.F.,(4,1,4),(2,
2),(0.,0.0401036415496893,0.0798007987955321),(0.,0.01),.UNSPECIFIED.);
#200=B_SPLINE_SURFACE_WITH_KNOTS('',3,1,((#5670,#5671),(#5672,#5673),(#5674,
#5675),(#5676,#5677),(#5678,#5679)),.UNSPECIFIED.,.F.,.F.,.F.,(4,1,4),(2,
2),(0.,0.0368516406229304,0.0760616669490237),(0.,0.01),.UNSPECIFIED.);
#201=B_SPLINE_SURFACE_WITH_KNOTS('',3,1,((#5693,#5694),(#5695,#5696),(#5697,
#5698),(#5699,#5700),(#5701,#5702)),.UNSPECIFIED.,.F.,.F.,.F.,(4,1,4),(2,
2),(0.,0.0729312596334421,0.126443420334122),(0.,0.01),.UNSPECIFIED.);
#202=B_SPLINE_SURFACE_WITH_KNOTS('',3,1,((#5716,#5717),(#5718,#5719),(#5720,
#5721),(#5722,#5723),(#5724,#5725)),.UNSPECIFIED.,.F.,.F.,.F.,(4,1,4),(2,
2),(0.,0.0532183683240828,0.126195059018909),(0.,0.01),.UNSPECIFIED.);
#203=B_SPLINE_SURFACE_WITH_KNOTS('',3,1,((#5739,#5740),(#5741,#5742),(#5743,
#5744),(#5745,#5746),(#5747,#5748)),.UNSPECIFIED.,.F.,.F.,.F.,(4,1,4),(2,
2),(0.,0.0392796479173115,0.076439719381977),(0.,0.01),.UNSPECIFIED.);
#204=B_SPLINE_SURFACE_WITH_KNOTS('',3,1,((#5762,#5763),(#5764,#5765),(#5766,
#5767),(#5768,#5769),(#5770,#5771)),.UNSPECIFIED.,.F.,.F.,.F.,(4,1,4),(2,
2),(0.,0.036851603073704,0.076061690763258),(0.,0.01),.UNSPECIFIED.);
#205=B_SPLINE_SURFACE_WITH_KNOTS('',3,1,((#5900,#5901),(#5902,#5903),(#5904,
#5905),(#5906,#5907),(#5908,#5909)),.UNSPECIFIED.,.F.,.F.,.F.,(4,1,4),(2,
2),(0.,0.0155109298307095,0.0314200005474221),(0.,0.01),.UNSPECIFIED.);
#206=B_SPLINE_SURFACE_WITH_KNOTS('',3,1,((#5926,#5927),(#5928,#5929),(#5930,
#5931),(#5932,#5933),(#5934,#5935)),.UNSPECIFIED.,.F.,.F.,.F.,(4,1,4),(2,
2),(0.,0.0163097114391254,0.0322990263454243),(0.,0.01),.UNSPECIFIED.);
#207=B_SPLINE_SURFACE_WITH_KNOTS('',3,1,((#5949,#5950),(#5951,#5952),(#5953,
#5954),(#5955,#5956),(#5957,#5958)),.UNSPECIFIED.,.F.,.F.,.F.,(4,1,4),(2,
2),(0.,0.0253038094542209,0.044661990609412),(0.,0.01),.UNSPECIFIED.);
#208=B_SPLINE_SURFACE_WITH_KNOTS('',3,1,((#5972,#5973),(#5974,#5975),(#5976,
#5977),(#5978,#5979),(#5980,#5981)),.UNSPECIFIED.,.F.,.F.,.F.,(4,1,4),(2,
2),(0.,0.0181562387399195,0.042555102896544),(0.,0.01),.UNSPECIFIED.);
#209=B_SPLINE_SURFACE_WITH_KNOTS('',3,1,((#5995,#5996),(#5997,#5998),(#5999,
#6000),(#6001,#6002),(#6003,#6004)),.UNSPECIFIED.,.F.,.F.,.F.,(4,1,4),(2,
2),(0.,0.0148392676797706,0.0299133713892495),(0.,0.01),.UNSPECIFIED.);
#210=B_SPLINE_SURFACE_WITH_KNOTS('',3,1,((#6018,#6019),(#6020,#6021),(#6022,
#6023),(#6024,#6025),(#6026,#6027)),.UNSPECIFIED.,.F.,.F.,.F.,(4,1,4),(2,
2),(0.,0.0177860114865205,0.0337673157495853),(0.,0.01),.UNSPECIFIED.);
#211=B_SPLINE_SURFACE_WITH_KNOTS('',3,1,((#6041,#6042),(#6043,#6044),(#6045,
#6046),(#6047,#6048),(#6049,#6050)),.UNSPECIFIED.,.F.,.F.,.F.,(4,1,4),(2,
2),(0.,0.0248429119679356,0.0454978063794874),(0.,0.01),.UNSPECIFIED.);
#212=B_SPLINE_SURFACE_WITH_KNOTS('',3,1,((#6064,#6065),(#6066,#6067),(#6068,
#6069),(#6070,#6071),(#6072,#6073)),.UNSPECIFIED.,.F.,.F.,.F.,(4,1,4),(2,
2),(0.,0.0180933199165198,0.0403743852888913),(0.,0.01),.UNSPECIFIED.);
#213=B_SPLINE_SURFACE_WITH_KNOTS('',3,1,((#6084,#6085),(#6086,#6087),(#6088,
#6089),(#6090,#6091),(#6092,#6093)),.UNSPECIFIED.,.F.,.F.,.F.,(4,1,4),(2,
2),(0.,0.0313406132208175,0.0602336563467797),(0.,0.01),.UNSPECIFIED.);
#214=B_SPLINE_SURFACE_WITH_KNOTS('',3,1,((#6103,#6104),(#6105,#6106),(#6107,
#6108),(#6109,#6110),(#6111,#6112)),.UNSPECIFIED.,.F.,.F.,.F.,(4,1,4),(2,
2),(0.,0.0440739920884089,0.0887881034326927),(0.,0.01),.UNSPECIFIED.);
#215=B_SPLINE_SURFACE_WITH_KNOTS('',3,1,((#6120,#6121),(#6122,#6123),(#6124,
#6125),(#6126,#6127),(#6128,#6129)),.UNSPECIFIED.,.F.,.F.,.F.,(4,1,4),(2,
2),(0.,0.070787222598269,0.123467919107377),(0.,0.01),.UNSPECIFIED.);
#216=B_SPLINE_SURFACE_WITH_KNOTS('',3,1,((#6137,#6138),(#6139,#6140),(#6141,
#6142),(#6143,#6144),(#6145,#6146)),.UNSPECIFIED.,.F.,.F.,.F.,(4,1,4),(2,
2),(0.,0.0510743064472648,0.120037971632978),(0.,0.01),.UNSPECIFIED.);
#217=B_SPLINE_SURFACE_WITH_KNOTS('',3,1,((#6154,#6155),(#6156,#6157),(#6158,
#6159),(#6160,#6161),(#6162,#6163)),.UNSPECIFIED.,.F.,.F.,.F.,(4,1,4),(2,
2),(0.,0.0419750149386985,0.0841753621575572),(0.,0.01),.UNSPECIFIED.);
#218=B_SPLINE_SURFACE_WITH_KNOTS('',3,1,((#6171,#6172),(#6173,#6174),(#6175,
#6176),(#6177,#6178),(#6179,#6180)),.UNSPECIFIED.,.F.,.F.,.F.,(4,1,4),(2,
2),(0.,0.0369449400666366,0.0757735465495029),(0.,0.01),.UNSPECIFIED.);
#219=B_SPLINE_SURFACE_WITH_KNOTS('',3,1,((#6188,#6189),(#6190,#6191),(#6192,
#6193),(#6194,#6195),(#6196,#6197)),.UNSPECIFIED.,.F.,.F.,.F.,(4,1,4),(2,
2),(0.,0.0416951575013124,0.079583958372702),(0.,0.01),.UNSPECIFIED.);
#220=B_SPLINE_SURFACE_WITH_KNOTS('',3,1,((#6205,#6206),(#6207,#6208),(#6209,
#6210),(#6211,#6212),(#6213,#6214)),.UNSPECIFIED.,.F.,.F.,.F.,(4,1,4),(2,
2),(0.,0.0365481685943706,0.0761368000383278),(0.,0.01),.UNSPECIFIED.);
#221=B_SPLINE_SURFACE_WITH_KNOTS('',3,1,((#6222,#6223),(#6224,#6225),(#6226,
#6227),(#6228,#6229),(#6230,#6231)),.UNSPECIFIED.,.F.,.F.,.F.,(4,1,4),(2,
2),(0.,0.0338512474829924,0.0685233867351678),(0.,0.01),.UNSPECIFIED.);
#222=B_SPLINE_SURFACE_WITH_KNOTS('',3,1,((#6239,#6240),(#6241,#6242),(#6243,
#6244),(#6245,#6246),(#6247,#6248)),.UNSPECIFIED.,.F.,.F.,.F.,(4,1,4),(2,
2),(0.,0.0304560960701034,0.0602056033791554),(0.,0.01),.UNSPECIFIED.);
#223=B_SPLINE_SURFACE_WITH_KNOTS('',3,1,((#6256,#6257),(#6258,#6259),(#6260,
#6261),(#6262,#6263),(#6264,#6265)),.UNSPECIFIED.,.F.,.F.,.F.,(4,1,4),(2,
2),(0.,0.0270066820023341,0.0699421861048818),(0.,0.01),.UNSPECIFIED.);
#224=B_SPLINE_SURFACE_WITH_KNOTS('',3,1,((#6273,#6274),(#6275,#6276),(#6277,
#6278),(#6279,#6280),(#6281,#6282)),.UNSPECIFIED.,.F.,.F.,.F.,(4,1,4),(2,
2),(0.,0.0171567034785054,0.0356210598623751),(0.,0.01),.UNSPECIFIED.);
#225=B_SPLINE_SURFACE_WITH_KNOTS('',3,1,((#6290,#6291),(#6292,#6293),(#6294,
#6295),(#6296,#6297),(#6298,#6299)),.UNSPECIFIED.,.F.,.F.,.F.,(4,1,4),(2,
2),(0.,0.011532351165527,0.0240291253021997),(0.,0.01),.UNSPECIFIED.);
#226=B_SPLINE_SURFACE_WITH_KNOTS('',3,1,((#6307,#6308),(#6309,#6310),(#6311,
#6312),(#6313,#6314),(#6315,#6316)),.UNSPECIFIED.,.F.,.F.,.F.,(4,1,4),(2,
2),(0.,0.0152611230637293,0.0277024920237192),(0.,0.01),.UNSPECIFIED.);
#227=B_SPLINE_SURFACE_WITH_KNOTS('',3,1,((#6328,#6329),(#6330,#6331),(#6332,
#6333),(#6334,#6335),(#6336,#6337)),.UNSPECIFIED.,.F.,.F.,.F.,(4,1,4),(2,
2),(0.,0.0295340495045083,0.062946596643464),(0.,0.01),.UNSPECIFIED.);
#228=B_SPLINE_SURFACE_WITH_KNOTS('',3,1,((#6468,#6469),(#6470,#6471),(#6472,
#6473),(#6474,#6475),(#6476,#6477)),.UNSPECIFIED.,.F.,.F.,.F.,(4,1,4),(2,
2),(0.,0.017393541652044,0.0296686252100675),(0.,0.01),.UNSPECIFIED.);
#229=B_SPLINE_SURFACE_WITH_KNOTS('',3,1,((#6494,#6495),(#6496,#6497),(#6498,
#6499),(#6500,#6501),(#6502,#6503)),.UNSPECIFIED.,.F.,.F.,.F.,(4,1,4),(2,
2),(0.,0.0441925650202861,0.0722555698853802),(0.,0.01),.UNSPECIFIED.);
#230=B_SPLINE_SURFACE_WITH_KNOTS('',3,1,((#6517,#6518),(#6519,#6520),(#6521,
#6522),(#6523,#6524),(#6525,#6526)),.UNSPECIFIED.,.F.,.F.,.F.,(4,1,4),(2,
2),(0.,0.0298612825941363,0.074641912876776),(0.,0.01),.UNSPECIFIED.);
#231=B_SPLINE_SURFACE_WITH_KNOTS('',3,1,((#6540,#6541),(#6542,#6543),(#6544,
#6545),(#6546,#6547),(#6548,#6549)),.UNSPECIFIED.,.F.,.F.,.F.,(4,1,4),(2,
2),(0.,0.0116939317855048,0.0271001279886111),(0.,0.01),.UNSPECIFIED.);
#232=B_SPLINE_SURFACE_WITH_KNOTS('',3,1,((#6563,#6564),(#6565,#6566),(#6567,
#6568),(#6569,#6570),(#6571,#6572)),.UNSPECIFIED.,.F.,.F.,.F.,(4,1,4),(2,
2),(0.,0.00993152223029327,0.0199202198002231),(0.,0.01),.UNSPECIFIED.);
#233=B_SPLINE_SURFACE_WITH_KNOTS('',3,1,((#6586,#6587),(#6588,#6589),(#6590,
#6591),(#6592,#6593),(#6594,#6595)),.UNSPECIFIED.,.F.,.F.,.F.,(4,1,4),(2,
2),(0.,0.00988484860306537,0.0197872058619249),(0.,0.01),.UNSPECIFIED.);
#234=B_SPLINE_SURFACE_WITH_KNOTS('',3,1,((#6609,#6610),(#6611,#6612),(#6613,
#6614),(#6615,#6616),(#6617,#6618)),.UNSPECIFIED.,.F.,.F.,.F.,(4,1,4),(2,
2),(0.,0.0173697047581165,0.0295838061648153),(0.,0.01),.UNSPECIFIED.);
#235=B_SPLINE_SURFACE_WITH_KNOTS('',3,1,((#6632,#6633),(#6634,#6635),(#6636,
#6637),(#6638,#6639),(#6640,#6641)),.UNSPECIFIED.,.F.,.F.,.F.,(4,1,4),(2,
2),(0.,0.0441925816942343,0.0722555781525393),(0.,0.01),.UNSPECIFIED.);
#236=B_SPLINE_SURFACE_WITH_KNOTS('',3,1,((#6655,#6656),(#6657,#6658),(#6659,
#6660),(#6661,#6662),(#6663,#6664)),.UNSPECIFIED.,.F.,.F.,.F.,(4,1,4),(2,
2),(0.,0.030011866027923,0.0748431905397011),(0.,0.01),.UNSPECIFIED.);
#237=B_SPLINE_SURFACE_WITH_KNOTS('',3,1,((#6678,#6679),(#6680,#6681),(#6682,
#6683),(#6684,#6685),(#6686,#6687)),.UNSPECIFIED.,.F.,.F.,.F.,(4,1,4),(2,
2),(0.,0.0116939317855048,0.0271001559155494),(0.,0.01),.UNSPECIFIED.);
#238=B_SPLINE_SURFACE_WITH_KNOTS('',3,1,((#6701,#6702),(#6703,#6704),(#6705,
#6706),(#6707,#6708),(#6709,#6710)),.UNSPECIFIED.,.F.,.F.,.F.,(4,1,4),(2,
2),(0.,0.00993152717913796,0.0199201729698272),(0.,0.01),.UNSPECIFIED.);
#239=B_SPLINE_SURFACE_WITH_KNOTS('',3,1,((#6724,#6725),(#6726,#6727),(#6728,
#6729),(#6730,#6731),(#6732,#6733)),.UNSPECIFIED.,.F.,.F.,.F.,(4,1,4),(2,
2),(0.,0.00992264704706456,0.0198291360781278),(0.,0.01),.UNSPECIFIED.);
#240=B_SPLINE_SURFACE_WITH_KNOTS('',3,1,((#6744,#6745),(#6746,#6747),(#6748,
#6749),(#6750,#6751),(#6752,#6753)),.UNSPECIFIED.,.F.,.F.,.F.,(4,1,4),(2,
2),(0.,0.0726283078893987,0.126047913409598),(0.,0.01),.UNSPECIFIED.);
#241=B_SPLINE_SURFACE_WITH_KNOTS('',3,1,((#6770,#6771),(#6772,#6773),(#6774,
#6775),(#6776,#6777),(#6778,#6779)),.UNSPECIFIED.,.F.,.F.,.F.,(4,1,4),(2,
2),(0.,0.0505559192266066,0.123449293811401),(0.,0.01),.UNSPECIFIED.);
#242=B_SPLINE_SURFACE_WITH_KNOTS('',3,1,((#6793,#6794),(#6795,#6796),(#6797,
#6798),(#6799,#6800),(#6801,#6802)),.UNSPECIFIED.,.F.,.F.,.F.,(4,1,4),(2,
2),(0.,0.0401036415496893,0.0798007987955321),(0.,0.01),.UNSPECIFIED.);
#243=B_SPLINE_SURFACE_WITH_KNOTS('',3,1,((#6816,#6817),(#6818,#6819),(#6820,
#6821),(#6822,#6823),(#6824,#6825)),.UNSPECIFIED.,.F.,.F.,.F.,(4,1,4),(2,
2),(0.,0.0368516406229304,0.0760616669490237),(0.,0.01),.UNSPECIFIED.);
#244=B_SPLINE_SURFACE_WITH_KNOTS('',3,1,((#6839,#6840),(#6841,#6842),(#6843,
#6844),(#6845,#6846),(#6847,#6848)),.UNSPECIFIED.,.F.,.F.,.F.,(4,1,4),(2,
2),(0.,0.0729312596334421,0.126443420334122),(0.,0.01),.UNSPECIFIED.);
#245=B_SPLINE_SURFACE_WITH_KNOTS('',3,1,((#6862,#6863),(#6864,#6865),(#6866,
#6867),(#6868,#6869),(#6870,#6871)),.UNSPECIFIED.,.F.,.F.,.F.,(4,1,4),(2,
2),(0.,0.0532183683240828,0.126195059018909),(0.,0.01),.UNSPECIFIED.);
#246=B_SPLINE_SURFACE_WITH_KNOTS('',3,1,((#6885,#6886),(#6887,#6888),(#6889,
#6890),(#6891,#6892),(#6893,#6894)),.UNSPECIFIED.,.F.,.F.,.F.,(4,1,4),(2,
2),(0.,0.0392796479173115,0.076439719381977),(0.,0.01),.UNSPECIFIED.);
#247=B_SPLINE_SURFACE_WITH_KNOTS('',3,1,((#6908,#6909),(#6910,#6911),(#6912,
#6913),(#6914,#6915),(#6916,#6917)),.UNSPECIFIED.,.F.,.F.,.F.,(4,1,4),(2,
2),(0.,0.0368516123071361,0.076061697104009),(0.,0.01),.UNSPECIFIED.);
#248=B_SPLINE_SURFACE_WITH_KNOTS('',3,1,((#7046,#7047),(#7048,#7049),(#7050,
#7051),(#7052,#7053),(#7054,#7055)),.UNSPECIFIED.,.F.,.F.,.F.,(4,1,4),(2,
2),(0.,0.0155109298307095,0.0314200005474221),(0.,0.01),.UNSPECIFIED.);
#249=B_SPLINE_SURFACE_WITH_KNOTS('',3,1,((#7072,#7073),(#7074,#7075),(#7076,
#7077),(#7078,#7079),(#7080,#7081)),.UNSPECIFIED.,.F.,.F.,.F.,(4,1,4),(2,
2),(0.,0.0163097114391254,0.0322990263454243),(0.,0.01),.UNSPECIFIED.);
#250=B_SPLINE_SURFACE_WITH_KNOTS('',3,1,((#7095,#7096),(#7097,#7098),(#7099,
#7100),(#7101,#7102),(#7103,#7104)),.UNSPECIFIED.,.F.,.F.,.F.,(4,1,4),(2,
2),(0.,0.0253038094542209,0.044661990609412),(0.,0.01),.UNSPECIFIED.);
#251=B_SPLINE_SURFACE_WITH_KNOTS('',3,1,((#7118,#7119),(#7120,#7121),(#7122,
#7123),(#7124,#7125),(#7126,#7127)),.UNSPECIFIED.,.F.,.F.,.F.,(4,1,4),(2,
2),(0.,0.0181562387399195,0.042555102896544),(0.,0.01),.UNSPECIFIED.);
#252=B_SPLINE_SURFACE_WITH_KNOTS('',3,1,((#7141,#7142),(#7143,#7144),(#7145,
#7146),(#7147,#7148),(#7149,#7150)),.UNSPECIFIED.,.F.,.F.,.F.,(4,1,4),(2,
2),(0.,0.0148392676797706,0.0299133713892495),(0.,0.01),.UNSPECIFIED.);
#253=B_SPLINE_SURFACE_WITH_KNOTS('',3,1,((#7164,#7165),(#7166,#7167),(#7168,
#7169),(#7170,#7171),(#7172,#7173)),.UNSPECIFIED.,.F.,.F.,.F.,(4,1,4),(2,
2),(0.,0.0177860114865205,0.0337673157495853),(0.,0.01),.UNSPECIFIED.);
#254=B_SPLINE_SURFACE_WITH_KNOTS('',3,1,((#7187,#7188),(#7189,#7190),(#7191,
#7192),(#7193,#7194),(#7195,#7196)),.UNSPECIFIED.,.F.,.F.,.F.,(4,1,4),(2,
2),(0.,0.0248429119679356,0.0454978063794874),(0.,0.01),.UNSPECIFIED.);
#255=B_SPLINE_SURFACE_WITH_KNOTS('',3,1,((#7210,#7211),(#7212,#7213),(#7214,
#7215),(#7216,#7217),(#7218,#7219)),.UNSPECIFIED.,.F.,.F.,.F.,(4,1,4),(2,
2),(0.,0.0180932936295989,0.0403743885609131),(0.,0.01),.UNSPECIFIED.);
#256=B_SPLINE_SURFACE_WITH_KNOTS('',3,1,((#7230,#7231),(#7232,#7233),(#7234,
#7235),(#7236,#7237),(#7238,#7239)),.UNSPECIFIED.,.F.,.F.,.F.,(4,1,4),(2,
2),(0.,0.0313406132208175,0.0602336563467797),(0.,0.01),.UNSPECIFIED.);
#257=B_SPLINE_SURFACE_WITH_KNOTS('',3,1,((#7249,#7250),(#7251,#7252),(#7253,
#7254),(#7255,#7256),(#7257,#7258)),.UNSPECIFIED.,.F.,.F.,.F.,(4,1,4),(2,
2),(0.,0.0440739829269201,0.088788097281315),(0.,0.01),.UNSPECIFIED.);
#258=B_SPLINE_SURFACE_WITH_KNOTS('',3,1,((#7266,#7267),(#7268,#7269),(#7270,
#7271),(#7272,#7273),(#7274,#7275)),.UNSPECIFIED.,.F.,.F.,.F.,(4,1,4),(2,
2),(0.,0.070787222598269,0.123467919107377),(0.,0.01),.UNSPECIFIED.);
#259=B_SPLINE_SURFACE_WITH_KNOTS('',3,1,((#7283,#7284),(#7285,#7286),(#7287,
#7288),(#7289,#7290),(#7291,#7292)),.UNSPECIFIED.,.F.,.F.,.F.,(4,1,4),(2,
2),(0.,0.0510743064472648,0.120037971632978),(0.,0.01),.UNSPECIFIED.);
#260=B_SPLINE_SURFACE_WITH_KNOTS('',3,1,((#7300,#7301),(#7302,#7303),(#7304,
#7305),(#7306,#7307),(#7308,#7309)),.UNSPECIFIED.,.F.,.F.,.F.,(4,1,4),(2,
2),(0.,0.0419750149386985,0.0841753621575572),(0.,0.01),.UNSPECIFIED.);
#261=B_SPLINE_SURFACE_WITH_KNOTS('',3,1,((#7317,#7318),(#7319,#7320),(#7321,
#7322),(#7323,#7324),(#7325,#7326)),.UNSPECIFIED.,.F.,.F.,.F.,(4,1,4),(2,
2),(0.,0.0369449400666366,0.0757735465495029),(0.,0.01),.UNSPECIFIED.);
#262=B_SPLINE_SURFACE_WITH_KNOTS('',3,1,((#7334,#7335),(#7336,#7337),(#7338,
#7339),(#7340,#7341),(#7342,#7343)),.UNSPECIFIED.,.F.,.F.,.F.,(4,1,4),(2,
2),(0.,0.0416951575013124,0.079583958372702),(0.,0.01),.UNSPECIFIED.);
#263=B_SPLINE_SURFACE_WITH_KNOTS('',3,1,((#7351,#7352),(#7353,#7354),(#7355,
#7356),(#7357,#7358),(#7359,#7360)),.UNSPECIFIED.,.F.,.F.,.F.,(4,1,4),(2,
2),(0.,0.0365481685943706,0.0761368000383278),(0.,0.01),.UNSPECIFIED.);
#264=B_SPLINE_SURFACE_WITH_KNOTS('',3,1,((#7368,#7369),(#7370,#7371),(#7372,
#7373),(#7374,#7375),(#7376,#7377)),.UNSPECIFIED.,.F.,.F.,.F.,(4,1,4),(2,
2),(0.,0.0338512474829924,0.0685233867351678),(0.,0.01),.UNSPECIFIED.);
#265=B_SPLINE_SURFACE_WITH_KNOTS('',3,1,((#7385,#7386),(#7387,#7388),(#7389,
#7390),(#7391,#7392),(#7393,#7394)),.UNSPECIFIED.,.F.,.F.,.F.,(4,1,4),(2,
2),(0.,0.0304560960701034,0.0602056033791554),(0.,0.01),.UNSPECIFIED.);
#266=B_SPLINE_SURFACE_WITH_KNOTS('',3,1,((#7402,#7403),(#7404,#7405),(#7406,
#7407),(#7408,#7409),(#7410,#7411)),.UNSPECIFIED.,.F.,.F.,.F.,(4,1,4),(2,
2),(0.,0.0270066820023341,0.0699421861048818),(0.,0.01),.UNSPECIFIED.);
#267=B_SPLINE_SURFACE_WITH_KNOTS('',3,1,((#7419,#7420),(#7421,#7422),(#7423,
#7424),(#7425,#7426),(#7427,#7428)),.UNSPECIFIED.,.F.,.F.,.F.,(4,1,4),(2,
2),(0.,0.0171567034785054,0.0356210598623751),(0.,0.01),.UNSPECIFIED.);
#268=B_SPLINE_SURFACE_WITH_KNOTS('',3,1,((#7436,#7437),(#7438,#7439),(#7440,
#7441),(#7442,#7443),(#7444,#7445)),.UNSPECIFIED.,.F.,.F.,.F.,(4,1,4),(2,
2),(0.,0.011532351165527,0.0240291253021997),(0.,0.01),.UNSPECIFIED.);
#269=B_SPLINE_SURFACE_WITH_KNOTS('',3,1,((#7453,#7454),(#7455,#7456),(#7457,
#7458),(#7459,#7460),(#7461,#7462)),.UNSPECIFIED.,.F.,.F.,.F.,(4,1,4),(2,
2),(0.,0.0152611230637293,0.0277024920237192),(0.,0.01),.UNSPECIFIED.);
#270=B_SPLINE_SURFACE_WITH_KNOTS('',3,1,((#7474,#7475),(#7476,#7477),(#7478,
#7479),(#7480,#7481),(#7482,#7483)),.UNSPECIFIED.,.F.,.F.,.F.,(4,1,4),(2,
2),(0.,0.0295340495045083,0.062946596643464),(0.,0.01),.UNSPECIFIED.);
#271=STYLED_ITEM('',(#7819),#281);
#272=STYLED_ITEM('',(#7820),#282);
#273=STYLED_ITEM('',(#7820),#283);
#274=STYLED_ITEM('',(#7819),#284);
#275=STYLED_ITEM('',(#7820),#285);
#276=STYLED_ITEM('',(#7820),#286);
#277=STYLED_ITEM('',(#7820),#287);
#278=STYLED_ITEM('',(#7820),#288);
#279=STYLED_ITEM('',(#7820),#289);
#280=STYLED_ITEM('',(#7820),#290);
#281=MANIFOLD_SOLID_BREP('Body1',#4157);
#282=MANIFOLD_SOLID_BREP('Body2',#4158);
#283=MANIFOLD_SOLID_BREP('Body3',#4159);
#284=MANIFOLD_SOLID_BREP('Body8',#4160);
#285=MANIFOLD_SOLID_BREP('Body9',#4161);
#286=MANIFOLD_SOLID_BREP('Body10',#4162);
#287=MANIFOLD_SOLID_BREP('Body5',#4163);
#288=MANIFOLD_SOLID_BREP('Body4',#4164);
#289=MANIFOLD_SOLID_BREP('Body11',#4165);
#290=MANIFOLD_SOLID_BREP('Body12',#4166);
#291=FACE_BOUND('',#636,.T.);
#292=FACE_BOUND('',#637,.T.);
#293=FACE_BOUND('',#639,.T.);
#294=FACE_BOUND('',#640,.T.);
#295=FACE_BOUND('',#642,.T.);
#296=FACE_BOUND('',#646,.T.);
#297=FACE_BOUND('',#648,.T.);
#298=FACE_BOUND('',#652,.T.);
#299=FACE_BOUND('',#687,.T.);
#300=FACE_BOUND('',#689,.T.);
#301=FACE_BOUND('',#690,.T.);
#302=FACE_BOUND('',#691,.T.);
#303=FACE_BOUND('',#692,.T.);
#304=FACE_BOUND('',#718,.T.);
#305=FACE_BOUND('',#768,.T.);
#306=FACE_BOUND('',#770,.T.);
#307=FACE_BOUND('',#771,.T.);
#308=FACE_BOUND('',#772,.T.);
#309=FACE_BOUND('',#773,.T.);
#310=FACE_BOUND('',#799,.T.);
#311=FACE_BOUND('',#835,.T.);
#312=FACE_BOUND('',#838,.T.);
#313=FACE_BOUND('',#843,.T.);
#314=FACE_BOUND('',#846,.T.);
#315=FACE_BOUND('',#848,.T.);
#316=FACE_BOUND('',#850,.T.);
#317=FACE_BOUND('',#852,.T.);
#318=FACE_BOUND('',#853,.T.);
#319=FACE_BOUND('',#855,.T.);
#320=FACE_BOUND('',#856,.T.);
#321=FACE_BOUND('',#872,.T.);
#322=FACE_BOUND('',#874,.T.);
#323=FACE_BOUND('',#878,.T.);
#324=FACE_BOUND('',#880,.T.);
#325=CIRCLE('',#4185,2.15);
#326=CIRCLE('',#4186,2.15);
#327=CIRCLE('',#4188,2.14999999254942);
#328=CIRCLE('',#4189,2.14999999254942);
#329=CIRCLE('',#4203,2.15);
#330=CIRCLE('',#4204,1.74);
#331=CIRCLE('',#4206,1.74);
#332=CIRCLE('',#4208,2.15);
#333=CIRCLE('',#4211,2.14999999254942);
#334=CIRCLE('',#4212,1.74);
#335=CIRCLE('',#4214,1.74);
#336=CIRCLE('',#4216,2.14999999254942);
#337=CIRCLE('',#4301,3.);
#338=CIRCLE('',#4302,3.);
#339=CIRCLE('',#4304,2.15);
#340=CIRCLE('',#4306,3.);
#341=CIRCLE('',#4307,3.);
#342=CIRCLE('',#4309,2.14999999254942);
#343=CIRCLE('',#4311,2.14999999254942);
#344=CIRCLE('',#4313,2.15);
#345=CIRCLE('',#4323,1.72000006705523);
#346=CIRCLE('',#4324,1.72000006705523);
#347=CIRCLE('',#4327,2.14999999254942);
#348=CIRCLE('',#4328,2.14999999254942);
#349=CIRCLE('',#4334,1.72);
#350=CIRCLE('',#4335,1.72);
#351=CIRCLE('',#4338,2.15);
#352=CIRCLE('',#4339,2.15);
#353=CIRCLE('',#4343,1.74);
#354=CIRCLE('',#4344,1.74);
#355=CIRCLE('',#4346,2.15);
#356=CIRCLE('',#4347,2.15);
#357=CIRCLE('',#4351,1.74);
#358=CIRCLE('',#4352,1.74);
#359=CIRCLE('',#4354,2.14999999254942);
#360=CIRCLE('',#4355,2.14999999254942);
#361=CIRCLE('',#4359,1.74);
#362=CIRCLE('',#4360,1.74);
#363=CIRCLE('',#4364,1.74);
#364=CIRCLE('',#4365,1.74);
#365=CYLINDRICAL_SURFACE('',#4184,2.15);
#366=CYLINDRICAL_SURFACE('',#4187,2.14999999254942);
#367=CYLINDRICAL_SURFACE('',#4205,1.74);
#368=CYLINDRICAL_SURFACE('',#4207,2.15);
#369=CYLINDRICAL_SURFACE('',#4213,1.74);
#370=CYLINDRICAL_SURFACE('',#4215,2.14999999254942);
#371=CYLINDRICAL_SURFACE('',#4300,3.);
#372=CYLINDRICAL_SURFACE('',#4305,3.);
#373=CYLINDRICAL_SURFACE('',#4310,2.14999999254942);
#374=CYLINDRICAL_SURFACE('',#4312,2.15);
#375=CYLINDRICAL_SURFACE('',#4322,1.72000006705523);
#376=CYLINDRICAL_SURFACE('',#4326,2.14999999254942);
#377=CYLINDRICAL_SURFACE('',#4333,1.72);
#378=CYLINDRICAL_SURFACE('',#4337,2.15);
#379=CYLINDRICAL_SURFACE('',#4342,1.74);
#380=CYLINDRICAL_SURFACE('',#4345,2.15);
#381=CYLINDRICAL_SURFACE('',#4350,1.74);
#382=CYLINDRICAL_SURFACE('',#4353,2.14999999254942);
#383=CYLINDRICAL_SURFACE('',#4358,1.74);
#384=CYLINDRICAL_SURFACE('',#4363,1.74);
#385=FACE_OUTER_BOUND('',#619,.T.);
#386=FACE_OUTER_BOUND('',#620,.T.);
#387=FACE_OUTER_BOUND('',#621,.T.);
#388=FACE_OUTER_BOUND('',#622,.T.);
#389=FACE_OUTER_BOUND('',#623,.T.);
#390=FACE_OUTER_BOUND('',#624,.T.);
#391=FACE_OUTER_BOUND('',#625,.T.);
#392=FACE_OUTER_BOUND('',#626,.T.);
#393=FACE_OUTER_BOUND('',#627,.T.);
#394=FACE_OUTER_BOUND('',#628,.T.);
#395=FACE_OUTER_BOUND('',#629,.T.);
#396=FACE_OUTER_BOUND('',#630,.T.);
#397=FACE_OUTER_BOUND('',#631,.T.);
#398=FACE_OUTER_BOUND('',#632,.T.);
#399=FACE_OUTER_BOUND('',#633,.T.);
#400=FACE_OUTER_BOUND('',#634,.T.);
#401=FACE_OUTER_BOUND('',#635,.T.);
#402=FACE_OUTER_BOUND('',#638,.T.);
#403=FACE_OUTER_BOUND('',#641,.T.);
#404=FACE_OUTER_BOUND('',#643,.T.);
#405=FACE_OUTER_BOUND('',#644,.T.);
#406=FACE_OUTER_BOUND('',#645,.T.);
#407=FACE_OUTER_BOUND('',#647,.T.);
#408=FACE_OUTER_BOUND('',#649,.T.);
#409=FACE_OUTER_BOUND('',#650,.T.);
#410=FACE_OUTER_BOUND('',#651,.T.);
#411=FACE_OUTER_BOUND('',#653,.T.);
#412=FACE_OUTER_BOUND('',#654,.T.);
#413=FACE_OUTER_BOUND('',#655,.T.);
#414=FACE_OUTER_BOUND('',#656,.T.);
#415=FACE_OUTER_BOUND('',#657,.T.);
#416=FACE_OUTER_BOUND('',#658,.T.);
#417=FACE_OUTER_BOUND('',#659,.T.);
#418=FACE_OUTER_BOUND('',#660,.T.);
#419=FACE_OUTER_BOUND('',#661,.T.);
#420=FACE_OUTER_BOUND('',#662,.T.);
#421=FACE_OUTER_BOUND('',#663,.T.);
#422=FACE_OUTER_BOUND('',#664,.T.);
#423=FACE_OUTER_BOUND('',#665,.T.);
#424=FACE_OUTER_BOUND('',#666,.T.);
#425=FACE_OUTER_BOUND('',#667,.T.);
#426=FACE_OUTER_BOUND('',#668,.T.);
#427=FACE_OUTER_BOUND('',#669,.T.);
#428=FACE_OUTER_BOUND('',#670,.T.);
#429=FACE_OUTER_BOUND('',#671,.T.);
#430=FACE_OUTER_BOUND('',#672,.T.);
#431=FACE_OUTER_BOUND('',#673,.T.);
#432=FACE_OUTER_BOUND('',#674,.T.);
#433=FACE_OUTER_BOUND('',#675,.T.);
#434=FACE_OUTER_BOUND('',#676,.T.);
#435=FACE_OUTER_BOUND('',#677,.T.);
#436=FACE_OUTER_BOUND('',#678,.T.);
#437=FACE_OUTER_BOUND('',#679,.T.);
#438=FACE_OUTER_BOUND('',#680,.T.);
#439=FACE_OUTER_BOUND('',#681,.T.);
#440=FACE_OUTER_BOUND('',#682,.T.);
#441=FACE_OUTER_BOUND('',#683,.T.);
#442=FACE_OUTER_BOUND('',#684,.T.);
#443=FACE_OUTER_BOUND('',#685,.T.);
#444=FACE_OUTER_BOUND('',#686,.T.);
#445=FACE_OUTER_BOUND('',#688,.T.);
#446=FACE_OUTER_BOUND('',#693,.T.);
#447=FACE_OUTER_BOUND('',#694,.T.);
#448=FACE_OUTER_BOUND('',#695,.T.);
#449=FACE_OUTER_BOUND('',#696,.T.);
#450=FACE_OUTER_BOUND('',#697,.T.);
#451=FACE_OUTER_BOUND('',#698,.T.);
#452=FACE_OUTER_BOUND('',#699,.T.);
#453=FACE_OUTER_BOUND('',#700,.T.);
#454=FACE_OUTER_BOUND('',#701,.T.);
#455=FACE_OUTER_BOUND('',#702,.T.);
#456=FACE_OUTER_BOUND('',#703,.T.);
#457=FACE_OUTER_BOUND('',#704,.T.);
#458=FACE_OUTER_BOUND('',#705,.T.);
#459=FACE_OUTER_BOUND('',#706,.T.);
#460=FACE_OUTER_BOUND('',#707,.T.);
#461=FACE_OUTER_BOUND('',#708,.T.);
#462=FACE_OUTER_BOUND('',#709,.T.);
#463=FACE_OUTER_BOUND('',#710,.T.);
#464=FACE_OUTER_BOUND('',#711,.T.);
#465=FACE_OUTER_BOUND('',#712,.T.);
#466=FACE_OUTER_BOUND('',#713,.T.);
#467=FACE_OUTER_BOUND('',#714,.T.);
#468=FACE_OUTER_BOUND('',#715,.T.);
#469=FACE_OUTER_BOUND('',#716,.T.);
#470=FACE_OUTER_BOUND('',#717,.T.);
#471=FACE_OUTER_BOUND('',#719,.T.);
#472=FACE_OUTER_BOUND('',#720,.T.);
#473=FACE_OUTER_BOUND('',#721,.T.);
#474=FACE_OUTER_BOUND('',#722,.T.);
#475=FACE_OUTER_BOUND('',#723,.T.);
#476=FACE_OUTER_BOUND('',#724,.T.);
#477=FACE_OUTER_BOUND('',#725,.T.);
#478=FACE_OUTER_BOUND('',#726,.T.);
#479=FACE_OUTER_BOUND('',#727,.T.);
#480=FACE_OUTER_BOUND('',#728,.T.);
#481=FACE_OUTER_BOUND('',#729,.T.);
#482=FACE_OUTER_BOUND('',#730,.T.);
#483=FACE_OUTER_BOUND('',#731,.T.);
#484=FACE_OUTER_BOUND('',#732,.T.);
#485=FACE_OUTER_BOUND('',#733,.T.);
#486=FACE_OUTER_BOUND('',#734,.T.);
#487=FACE_OUTER_BOUND('',#735,.T.);
#488=FACE_OUTER_BOUND('',#736,.T.);
#489=FACE_OUTER_BOUND('',#737,.T.);
#490=FACE_OUTER_BOUND('',#738,.T.);
#491=FACE_OUTER_BOUND('',#739,.T.);
#492=FACE_OUTER_BOUND('',#740,.T.);
#493=FACE_OUTER_BOUND('',#741,.T.);
#494=FACE_OUTER_BOUND('',#742,.T.);
#495=FACE_OUTER_BOUND('',#743,.T.);
#496=FACE_OUTER_BOUND('',#744,.T.);
#497=FACE_OUTER_BOUND('',#745,.T.);
#498=FACE_OUTER_BOUND('',#746,.T.);
#499=FACE_OUTER_BOUND('',#747,.T.);
#500=FACE_OUTER_BOUND('',#748,.T.);
#501=FACE_OUTER_BOUND('',#749,.T.);
#502=FACE_OUTER_BOUND('',#750,.T.);
#503=FACE_OUTER_BOUND('',#751,.T.);
#504=FACE_OUTER_BOUND('',#752,.T.);
#505=FACE_OUTER_BOUND('',#753,.T.);
#506=FACE_OUTER_BOUND('',#754,.T.);
#507=FACE_OUTER_BOUND('',#755,.T.);
#508=FACE_OUTER_BOUND('',#756,.T.);
#509=FACE_OUTER_BOUND('',#757,.T.);
#510=FACE_OUTER_BOUND('',#758,.T.);
#511=FACE_OUTER_BOUND('',#759,.T.);
#512=FACE_OUTER_BOUND('',#760,.T.);
#513=FACE_OUTER_BOUND('',#761,.T.);
#514=FACE_OUTER_BOUND('',#762,.T.);
#515=FACE_OUTER_BOUND('',#763,.T.);
#516=FACE_OUTER_BOUND('',#764,.T.);
#517=FACE_OUTER_BOUND('',#765,.T.);
#518=FACE_OUTER_BOUND('',#766,.T.);
#519=FACE_OUTER_BOUND('',#767,.T.);
#520=FACE_OUTER_BOUND('',#769,.T.);
#521=FACE_OUTER_BOUND('',#774,.T.);
#522=FACE_OUTER_BOUND('',#775,.T.);
#523=FACE_OUTER_BOUND('',#776,.T.);
#524=FACE_OUTER_BOUND('',#777,.T.);
#525=FACE_OUTER_BOUND('',#778,.T.);
#526=FACE_OUTER_BOUND('',#779,.T.);
#527=FACE_OUTER_BOUND('',#780,.T.);
#528=FACE_OUTER_BOUND('',#781,.T.);
#529=FACE_OUTER_BOUND('',#782,.T.);
#530=FACE_OUTER_BOUND('',#783,.T.);
#531=FACE_OUTER_BOUND('',#784,.T.);
#532=FACE_OUTER_BOUND('',#785,.T.);
#533=FACE_OUTER_BOUND('',#786,.T.);
#534=FACE_OUTER_BOUND('',#787,.T.);
#535=FACE_OUTER_BOUND('',#788,.T.);
#536=FACE_OUTER_BOUND('',#789,.T.);
#537=FACE_OUTER_BOUND('',#790,.T.);
#538=FACE_OUTER_BOUND('',#791,.T.);
#539=FACE_OUTER_BOUND('',#792,.T.);
#540=FACE_OUTER_BOUND('',#793,.T.);
#541=FACE_OUTER_BOUND('',#794,.T.);
#542=FACE_OUTER_BOUND('',#795,.T.);
#543=FACE_OUTER_BOUND('',#796,.T.);
#544=FACE_OUTER_BOUND('',#797,.T.);
#545=FACE_OUTER_BOUND('',#798,.T.);
#546=FACE_OUTER_BOUND('',#800,.T.);
#547=FACE_OUTER_BOUND('',#801,.T.);
#548=FACE_OUTER_BOUND('',#802,.T.);
#549=FACE_OUTER_BOUND('',#803,.T.);
#550=FACE_OUTER_BOUND('',#804,.T.);
#551=FACE_OUTER_BOUND('',#805,.T.);
#552=FACE_OUTER_BOUND('',#806,.T.);
#553=FACE_OUTER_BOUND('',#807,.T.);
#554=FACE_OUTER_BOUND('',#808,.T.);
#555=FACE_OUTER_BOUND('',#809,.T.);
#556=FACE_OUTER_BOUND('',#810,.T.);
#557=FACE_OUTER_BOUND('',#811,.T.);
#558=FACE_OUTER_BOUND('',#812,.T.);
#559=FACE_OUTER_BOUND('',#813,.T.);
#560=FACE_OUTER_BOUND('',#814,.T.);
#561=FACE_OUTER_BOUND('',#815,.T.);
#562=FACE_OUTER_BOUND('',#816,.T.);
#563=FACE_OUTER_BOUND('',#817,.T.);
#564=FACE_OUTER_BOUND('',#818,.T.);
#565=FACE_OUTER_BOUND('',#819,.T.);
#566=FACE_OUTER_BOUND('',#820,.T.);
#567=FACE_OUTER_BOUND('',#821,.T.);
#568=FACE_OUTER_BOUND('',#822,.T.);
#569=FACE_OUTER_BOUND('',#823,.T.);
#570=FACE_OUTER_BOUND('',#824,.T.);
#571=FACE_OUTER_BOUND('',#825,.T.);
#572=FACE_OUTER_BOUND('',#826,.T.);
#573=FACE_OUTER_BOUND('',#827,.T.);
#574=FACE_OUTER_BOUND('',#828,.T.);
#575=FACE_OUTER_BOUND('',#829,.T.);
#576=FACE_OUTER_BOUND('',#830,.T.);
#577=FACE_OUTER_BOUND('',#831,.T.);
#578=FACE_OUTER_BOUND('',#832,.T.);
#579=FACE_OUTER_BOUND('',#833,.T.);
#580=FACE_OUTER_BOUND('',#834,.T.);
#581=FACE_OUTER_BOUND('',#836,.T.);
#582=FACE_OUTER_BOUND('',#837,.T.);
#583=FACE_OUTER_BOUND('',#839,.T.);
#584=FACE_OUTER_BOUND('',#840,.T.);
#585=FACE_OUTER_BOUND('',#841,.T.);
#586=FACE_OUTER_BOUND('',#842,.T.);
#587=FACE_OUTER_BOUND('',#844,.T.);
#588=FACE_OUTER_BOUND('',#845,.T.);
#589=FACE_OUTER_BOUND('',#847,.T.);
#590=FACE_OUTER_BOUND('',#849,.T.);
#591=FACE_OUTER_BOUND('',#851,.T.);
#592=FACE_OUTER_BOUND('',#854,.T.);
#593=FACE_OUTER_BOUND('',#857,.T.);
#594=FACE_OUTER_BOUND('',#858,.T.);
#595=FACE_OUTER_BOUND('',#859,.T.);
#596=FACE_OUTER_BOUND('',#860,.T.);
#597=FACE_OUTER_BOUND('',#861,.T.);
#598=FACE_OUTER_BOUND('',#862,.T.);
#599=FACE_OUTER_BOUND('',#863,.T.);
#600=FACE_OUTER_BOUND('',#864,.T.);
#601=FACE_OUTER_BOUND('',#865,.T.);
#602=FACE_OUTER_BOUND('',#866,.T.);
#603=FACE_OUTER_BOUND('',#867,.T.);
#604=FACE_OUTER_BOUND('',#868,.T.);
#605=FACE_OUTER_BOUND('',#869,.T.);
#606=FACE_OUTER_BOUND('',#870,.T.);
#607=FACE_OUTER_BOUND('',#871,.T.);
#608=FACE_OUTER_BOUND('',#873,.T.);
#609=FACE_OUTER_BOUND('',#875,.T.);
#610=FACE_OUTER_BOUND('',#876,.T.);
#611=FACE_OUTER_BOUND('',#877,.T.);
#612=FACE_OUTER_BOUND('',#879,.T.);
#613=FACE_OUTER_BOUND('',#881,.T.);
#614=FACE_OUTER_BOUND('',#882,.T.);
#615=FACE_OUTER_BOUND('',#883,.T.);
#616=FACE_OUTER_BOUND('',#884,.T.);
#617=FACE_OUTER_BOUND('',#885,.T.);
#618=FACE_OUTER_BOUND('',#886,.T.);
#619=EDGE_LOOP('',(#2619,#2620,#2621,#2622));
#620=EDGE_LOOP('',(#2623,#2624,#2625,#2626));
#621=EDGE_LOOP('',(#2627,#2628,#2629,#2630));
#622=EDGE_LOOP('',(#2631,#2632,#2633,#2634));
#623=EDGE_LOOP('',(#2635,#2636,#2637,#2638));
#624=EDGE_LOOP('',(#2639,#2640,#2641,#2642));
#625=EDGE_LOOP('',(#2643,#2644,#2645,#2646));
#626=EDGE_LOOP('',(#2647,#2648,#2649,#2650));
#627=EDGE_LOOP('',(#2651,#2652,#2653,#2654,#2655,#2656,#2657,#2658));
#628=EDGE_LOOP('',(#2659,#2660,#2661,#2662));
#629=EDGE_LOOP('',(#2663,#2664,#2665,#2666));
#630=EDGE_LOOP('',(#2667,#2668,#2669,#2670));
#631=EDGE_LOOP('',(#2671,#2672,#2673,#2674));
#632=EDGE_LOOP('',(#2675,#2676,#2677,#2678));
#633=EDGE_LOOP('',(#2679,#2680,#2681,#2682));
#634=EDGE_LOOP('',(#2683,#2684,#2685,#2686));
#635=EDGE_LOOP('',(#2687,#2688,#2689,#2690,#2691,#2692,#2693,#2694,#2695,
#2696,#2697,#2698,#2699,#2700));
#636=EDGE_LOOP('',(#2701));
#637=EDGE_LOOP('',(#2702));
#638=EDGE_LOOP('',(#2703,#2704,#2705,#2706,#2707,#2708,#2709,#2710,#2711,
#2712));
#639=EDGE_LOOP('',(#2713));
#640=EDGE_LOOP('',(#2714));
#641=EDGE_LOOP('',(#2715));
#642=EDGE_LOOP('',(#2716));
#643=EDGE_LOOP('',(#2717,#2718,#2719,#2720));
#644=EDGE_LOOP('',(#2721,#2722,#2723,#2724));
#645=EDGE_LOOP('',(#2725));
#646=EDGE_LOOP('',(#2726));
#647=EDGE_LOOP('',(#2727));
#648=EDGE_LOOP('',(#2728));
#649=EDGE_LOOP('',(#2729,#2730,#2731,#2732));
#650=EDGE_LOOP('',(#2733,#2734,#2735,#2736));
#651=EDGE_LOOP('',(#2737));
#652=EDGE_LOOP('',(#2738));
#653=EDGE_LOOP('',(#2739,#2740,#2741,#2742));
#654=EDGE_LOOP('',(#2743,#2744,#2745,#2746));
#655=EDGE_LOOP('',(#2747,#2748,#2749,#2750));
#656=EDGE_LOOP('',(#2751,#2752,#2753,#2754));
#657=EDGE_LOOP('',(#2755,#2756,#2757,#2758));
#658=EDGE_LOOP('',(#2759,#2760,#2761,#2762));
#659=EDGE_LOOP('',(#2763,#2764,#2765,#2766));
#660=EDGE_LOOP('',(#2767,#2768,#2769,#2770));
#661=EDGE_LOOP('',(#2771,#2772,#2773,#2774));
#662=EDGE_LOOP('',(#2775,#2776,#2777,#2778));
#663=EDGE_LOOP('',(#2779,#2780,#2781,#2782));
#664=EDGE_LOOP('',(#2783,#2784,#2785,#2786));
#665=EDGE_LOOP('',(#2787,#2788,#2789,#2790,#2791,#2792,#2793,#2794,#2795,
#2796,#2797,#2798));
#666=EDGE_LOOP('',(#2799,#2800,#2801,#2802));
#667=EDGE_LOOP('',(#2803,#2804,#2805,#2806));
#668=EDGE_LOOP('',(#2807,#2808,#2809,#2810));
#669=EDGE_LOOP('',(#2811,#2812,#2813,#2814));
#670=EDGE_LOOP('',(#2815,#2816,#2817,#2818));
#671=EDGE_LOOP('',(#2819,#2820,#2821,#2822));
#672=EDGE_LOOP('',(#2823,#2824,#2825,#2826));
#673=EDGE_LOOP('',(#2827,#2828,#2829,#2830));
#674=EDGE_LOOP('',(#2831,#2832,#2833,#2834));
#675=EDGE_LOOP('',(#2835,#2836,#2837,#2838));
#676=EDGE_LOOP('',(#2839,#2840,#2841,#2842));
#677=EDGE_LOOP('',(#2843,#2844,#2845,#2846));
#678=EDGE_LOOP('',(#2847,#2848,#2849,#2850));
#679=EDGE_LOOP('',(#2851,#2852,#2853,#2854));
#680=EDGE_LOOP('',(#2855,#2856,#2857,#2858));
#681=EDGE_LOOP('',(#2859,#2860,#2861,#2862));
#682=EDGE_LOOP('',(#2863,#2864,#2865,#2866));
#683=EDGE_LOOP('',(#2867,#2868,#2869,#2870));
#684=EDGE_LOOP('',(#2871,#2872,#2873,#2874));
#685=EDGE_LOOP('',(#2875,#2876,#2877,#2878));
#686=EDGE_LOOP('',(#2879,#2880,#2881,#2882,#2883,#2884,#2885,#2886));
#687=EDGE_LOOP('',(#2887,#2888,#2889,#2890,#2891,#2892,#2893,#2894,#2895,
#2896,#2897,#2898));
#688=EDGE_LOOP('',(#2899,#2900,#2901,#2902));
#689=EDGE_LOOP('',(#2903,#2904,#2905,#2906,#2907,#2908,#2909,#2910,#2911,
#2912,#2913,#2914));
#690=EDGE_LOOP('',(#2915,#2916,#2917,#2918,#2919,#2920,#2921,#2922,#2923,
#2924,#2925,#2926,#2927,#2928,#2929,#2930));
#691=EDGE_LOOP('',(#2931,#2932,#2933,#2934,#2935,#2936,#2937,#2938));
#692=EDGE_LOOP('',(#2939,#2940,#2941,#2942,#2943,#2944,#2945,#2946));
#693=EDGE_LOOP('',(#2947,#2948,#2949,#2950));
#694=EDGE_LOOP('',(#2951,#2952,#2953,#2954));
#695=EDGE_LOOP('',(#2955,#2956,#2957,#2958));
#696=EDGE_LOOP('',(#2959,#2960,#2961,#2962));
#697=EDGE_LOOP('',(#2963,#2964,#2965,#2966));
#698=EDGE_LOOP('',(#2967,#2968,#2969,#2970));
#699=EDGE_LOOP('',(#2971,#2972,#2973,#2974));
#700=EDGE_LOOP('',(#2975,#2976,#2977,#2978));
#701=EDGE_LOOP('',(#2979,#2980,#2981,#2982));
#702=EDGE_LOOP('',(#2983,#2984,#2985,#2986));
#703=EDGE_LOOP('',(#2987,#2988,#2989,#2990));
#704=EDGE_LOOP('',(#2991,#2992,#2993,#2994));
#705=EDGE_LOOP('',(#2995,#2996,#2997,#2998));
#706=EDGE_LOOP('',(#2999,#3000,#3001,#3002));
#707=EDGE_LOOP('',(#3003,#3004,#3005,#3006));
#708=EDGE_LOOP('',(#3007,#3008,#3009,#3010));
#709=EDGE_LOOP('',(#3011,#3012,#3013,#3014));
#710=EDGE_LOOP('',(#3015,#3016,#3017,#3018));
#711=EDGE_LOOP('',(#3019,#3020,#3021,#3022));
#712=EDGE_LOOP('',(#3023,#3024,#3025,#3026));
#713=EDGE_LOOP('',(#3027,#3028,#3029,#3030));
#714=EDGE_LOOP('',(#3031,#3032,#3033,#3034));
#715=EDGE_LOOP('',(#3035,#3036,#3037,#3038));
#716=EDGE_LOOP('',(#3039,#3040,#3041,#3042));
#717=EDGE_LOOP('',(#3043,#3044,#3045,#3046,#3047,#3048,#3049,#3050,#3051,
#3052,#3053,#3054,#3055,#3056,#3057,#3058));
#718=EDGE_LOOP('',(#3059,#3060,#3061,#3062,#3063,#3064,#3065,#3066));
#719=EDGE_LOOP('',(#3067,#3068,#3069,#3070,#3071,#3072,#3073,#3074,#3075,
#3076,#3077,#3078));
#720=EDGE_LOOP('',(#3079,#3080,#3081,#3082));
#721=EDGE_LOOP('',(#3083,#3084,#3085,#3086));
#722=EDGE_LOOP('',(#3087,#3088,#3089,#3090));
#723=EDGE_LOOP('',(#3091,#3092,#3093,#3094));
#724=EDGE_LOOP('',(#3095,#3096,#3097,#3098));
#725=EDGE_LOOP('',(#3099,#3100,#3101,#3102));
#726=EDGE_LOOP('',(#3103,#3104,#3105,#3106));
#727=EDGE_LOOP('',(#3107,#3108,#3109,#3110));
#728=EDGE_LOOP('',(#3111,#3112,#3113,#3114,#3115,#3116,#3117,#3118));
#729=EDGE_LOOP('',(#3119,#3120,#3121,#3122));
#730=EDGE_LOOP('',(#3123,#3124,#3125,#3126));
#731=EDGE_LOOP('',(#3127,#3128,#3129,#3130));
#732=EDGE_LOOP('',(#3131,#3132,#3133,#3134));
#733=EDGE_LOOP('',(#3135,#3136,#3137,#3138,#3139,#3140,#3141,#3142));
#734=EDGE_LOOP('',(#3143,#3144,#3145,#3146));
#735=EDGE_LOOP('',(#3147,#3148,#3149,#3150));
#736=EDGE_LOOP('',(#3151,#3152,#3153,#3154));
#737=EDGE_LOOP('',(#3155,#3156,#3157,#3158));
#738=EDGE_LOOP('',(#3159,#3160,#3161,#3162));
#739=EDGE_LOOP('',(#3163,#3164,#3165,#3166));
#740=EDGE_LOOP('',(#3167,#3168,#3169,#3170));
#741=EDGE_LOOP('',(#3171,#3172,#3173,#3174));
#742=EDGE_LOOP('',(#3175,#3176,#3177,#3178));
#743=EDGE_LOOP('',(#3179,#3180,#3181,#3182));
#744=EDGE_LOOP('',(#3183,#3184,#3185,#3186));
#745=EDGE_LOOP('',(#3187,#3188,#3189,#3190));
#746=EDGE_LOOP('',(#3191,#3192,#3193,#3194,#3195,#3196,#3197,#3198,#3199,
#3200,#3201,#3202));
#747=EDGE_LOOP('',(#3203,#3204,#3205,#3206));
#748=EDGE_LOOP('',(#3207,#3208,#3209,#3210));
#749=EDGE_LOOP('',(#3211,#3212,#3213,#3214));
#750=EDGE_LOOP('',(#3215,#3216,#3217,#3218));
#751=EDGE_LOOP('',(#3219,#3220,#3221,#3222));
#752=EDGE_LOOP('',(#3223,#3224,#3225,#3226));
#753=EDGE_LOOP('',(#3227,#3228,#3229,#3230));
#754=EDGE_LOOP('',(#3231,#3232,#3233,#3234));
#755=EDGE_LOOP('',(#3235,#3236,#3237,#3238));
#756=EDGE_LOOP('',(#3239,#3240,#3241,#3242));
#757=EDGE_LOOP('',(#3243,#3244,#3245,#3246));
#758=EDGE_LOOP('',(#3247,#3248,#3249,#3250));
#759=EDGE_LOOP('',(#3251,#3252,#3253,#3254));
#760=EDGE_LOOP('',(#3255,#3256,#3257,#3258));
#761=EDGE_LOOP('',(#3259,#3260,#3261,#3262));
#762=EDGE_LOOP('',(#3263,#3264,#3265,#3266));
#763=EDGE_LOOP('',(#3267,#3268,#3269,#3270));
#764=EDGE_LOOP('',(#3271,#3272,#3273,#3274));
#765=EDGE_LOOP('',(#3275,#3276,#3277,#3278));
#766=EDGE_LOOP('',(#3279,#3280,#3281,#3282));
#767=EDGE_LOOP('',(#3283,#3284,#3285,#3286,#3287,#3288,#3289,#3290));
#768=EDGE_LOOP('',(#3291,#3292,#3293,#3294,#3295,#3296,#3297,#3298,#3299,
#3300,#3301,#3302));
#769=EDGE_LOOP('',(#3303,#3304,#3305,#3306));
#770=EDGE_LOOP('',(#3307,#3308,#3309,#3310,#3311,#3312,#3313,#3314,#3315,
#3316,#3317,#3318));
#771=EDGE_LOOP('',(#3319,#3320,#3321,#3322,#3323,#3324,#3325,#3326,#3327,
#3328,#3329,#3330,#3331,#3332,#3333,#3334));
#772=EDGE_LOOP('',(#3335,#3336,#3337,#3338,#3339,#3340,#3341,#3342));
#773=EDGE_LOOP('',(#3343,#3344,#3345,#3346,#3347,#3348,#3349,#3350));
#774=EDGE_LOOP('',(#3351,#3352,#3353,#3354));
#775=EDGE_LOOP('',(#3355,#3356,#3357,#3358));
#776=EDGE_LOOP('',(#3359,#3360,#3361,#3362));
#777=EDGE_LOOP('',(#3363,#3364,#3365,#3366));
#778=EDGE_LOOP('',(#3367,#3368,#3369,#3370));
#779=EDGE_LOOP('',(#3371,#3372,#3373,#3374));
#780=EDGE_LOOP('',(#3375,#3376,#3377,#3378));
#781=EDGE_LOOP('',(#3379,#3380,#3381,#3382));
#782=EDGE_LOOP('',(#3383,#3384,#3385,#3386));
#783=EDGE_LOOP('',(#3387,#3388,#3389,#3390));
#784=EDGE_LOOP('',(#3391,#3392,#3393,#3394));
#785=EDGE_LOOP('',(#3395,#3396,#3397,#3398));
#786=EDGE_LOOP('',(#3399,#3400,#3401,#3402));
#787=EDGE_LOOP('',(#3403,#3404,#3405,#3406));
#788=EDGE_LOOP('',(#3407,#3408,#3409,#3410));
#789=EDGE_LOOP('',(#3411,#3412,#3413,#3414));
#790=EDGE_LOOP('',(#3415,#3416,#3417,#3418));
#791=EDGE_LOOP('',(#3419,#3420,#3421,#3422));
#792=EDGE_LOOP('',(#3423,#3424,#3425,#3426));
#793=EDGE_LOOP('',(#3427,#3428,#3429,#3430));
#794=EDGE_LOOP('',(#3431,#3432,#3433,#3434));
#795=EDGE_LOOP('',(#3435,#3436,#3437,#3438));
#796=EDGE_LOOP('',(#3439,#3440,#3441,#3442));
#797=EDGE_LOOP('',(#3443,#3444,#3445,#3446));
#798=EDGE_LOOP('',(#3447,#3448,#3449,#3450,#3451,#3452,#3453,#3454,#3455,
#3456,#3457,#3458,#3459,#3460,#3461,#3462));
#799=EDGE_LOOP('',(#3463,#3464,#3465,#3466,#3467,#3468,#3469,#3470));
#800=EDGE_LOOP('',(#3471,#3472,#3473,#3474,#3475,#3476,#3477,#3478,#3479,
#3480,#3481,#3482));
#801=EDGE_LOOP('',(#3483,#3484,#3485,#3486));
#802=EDGE_LOOP('',(#3487,#3488,#3489,#3490));
#803=EDGE_LOOP('',(#3491,#3492,#3493,#3494));
#804=EDGE_LOOP('',(#3495,#3496,#3497,#3498));
#805=EDGE_LOOP('',(#3499,#3500,#3501,#3502));
#806=EDGE_LOOP('',(#3503,#3504,#3505,#3506));
#807=EDGE_LOOP('',(#3507,#3508,#3509,#3510));
#808=EDGE_LOOP('',(#3511,#3512,#3513,#3514));
#809=EDGE_LOOP('',(#3515,#3516,#3517,#3518,#3519,#3520,#3521,#3522));
#810=EDGE_LOOP('',(#3523,#3524,#3525,#3526));
#811=EDGE_LOOP('',(#3527,#3528,#3529,#3530));
#812=EDGE_LOOP('',(#3531,#3532,#3533,#3534));
#813=EDGE_LOOP('',(#3535,#3536,#3537,#3538));
#814=EDGE_LOOP('',(#3539,#3540,#3541,#3542,#3543,#3544,#3545,#3546));
#815=EDGE_LOOP('',(#3547,#3548,#3549,#3550));
#816=EDGE_LOOP('',(#3551,#3552,#3553,#3554));
#817=EDGE_LOOP('',(#3555,#3556,#3557,#3558));
#818=EDGE_LOOP('',(#3559,#3560,#3561,#3562));
#819=EDGE_LOOP('',(#3563,#3564,#3565,#3566));
#820=EDGE_LOOP('',(#3567,#3568,#3569,#3570));
#821=EDGE_LOOP('',(#3571,#3572,#3573,#3574));
#822=EDGE_LOOP('',(#3575,#3576,#3577,#3578));
#823=EDGE_LOOP('',(#3579,#3580,#3581,#3582));
#824=EDGE_LOOP('',(#3583,#3584,#3585,#3586));
#825=EDGE_LOOP('',(#3587,#3588,#3589,#3590));
#826=EDGE_LOOP('',(#3591,#3592,#3593,#3594));
#827=EDGE_LOOP('',(#3595,#3596,#3597,#3598));
#828=EDGE_LOOP('',(#3599,#3600,#3601,#3602));
#829=EDGE_LOOP('',(#3603,#3604,#3605,#3606));
#830=EDGE_LOOP('',(#3607,#3608,#3609,#3610));
#831=EDGE_LOOP('',(#3611,#3612,#3613,#3614));
#832=EDGE_LOOP('',(#3615,#3616,#3617,#3618,#3619,#3620,#3621,#3622,#3623,
#3624,#3625,#3626));
#833=EDGE_LOOP('',(#3627,#3628,#3629,#3630));
#834=EDGE_LOOP('',(#3631));
#835=EDGE_LOOP('',(#3632));
#836=EDGE_LOOP('',(#3633,#3634,#3635,#3636));
#837=EDGE_LOOP('',(#3637));
#838=EDGE_LOOP('',(#3638));
#839=EDGE_LOOP('',(#3639,#3640,#3641,#3642));
#840=EDGE_LOOP('',(#3643,#3644,#3645,#3646));
#841=EDGE_LOOP('',(#3647,#3648,#3649,#3650));
#842=EDGE_LOOP('',(#3651,#3652,#3653,#3654));
#843=EDGE_LOOP('',(#3655,#3656,#3657,#3658));
#844=EDGE_LOOP('',(#3659,#3660,#3661,#3662));
#845=EDGE_LOOP('',(#3663,#3664,#3665,#3666));
#846=EDGE_LOOP('',(#3667,#3668,#3669,#3670));
#847=EDGE_LOOP('',(#3671,#3672,#3673,#3674));
#848=EDGE_LOOP('',(#3675,#3676,#3677,#3678,#3679,#3680,#3681,#3682,#3683,
#3684,#3685,#3686));
#849=EDGE_LOOP('',(#3687,#3688,#3689,#3690));
#850=EDGE_LOOP('',(#3691,#3692,#3693,#3694));
#851=EDGE_LOOP('',(#3695,#3696,#3697,#3698,#3699,#3700));
#852=EDGE_LOOP('',(#3701));
#853=EDGE_LOOP('',(#3702));
#854=EDGE_LOOP('',(#3703,#3704,#3705,#3706,#3707,#3708));
#855=EDGE_LOOP('',(#3709));
#856=EDGE_LOOP('',(#3710));
#857=EDGE_LOOP('',(#3711,#3712,#3713,#3714));
#858=EDGE_LOOP('',(#3715,#3716,#3717,#3718));
#859=EDGE_LOOP('',(#3719,#3720,#3721,#3722));
#860=EDGE_LOOP('',(#3723,#3724,#3725,#3726));
#861=EDGE_LOOP('',(#3727,#3728,#3729,#3730));
#862=EDGE_LOOP('',(#3731,#3732,#3733,#3734));
#863=EDGE_LOOP('',(#3735,#3736,#3737,#3738));
#864=EDGE_LOOP('',(#3739,#3740,#3741,#3742));
#865=EDGE_LOOP('',(#3743,#3744,#3745,#3746));
#866=EDGE_LOOP('',(#3747,#3748,#3749,#3750));
#867=EDGE_LOOP('',(#3751,#3752,#3753,#3754));
#868=EDGE_LOOP('',(#3755,#3756,#3757,#3758));
#869=EDGE_LOOP('',(#3759,#3760,#3761,#3762));
#870=EDGE_LOOP('',(#3763,#3764,#3765,#3766));
#871=EDGE_LOOP('',(#3767));
#872=EDGE_LOOP('',(#3768));
#873=EDGE_LOOP('',(#3769));
#874=EDGE_LOOP('',(#3770));
#875=EDGE_LOOP('',(#3771,#3772,#3773,#3774));
#876=EDGE_LOOP('',(#3775,#3776,#3777,#3778));
#877=EDGE_LOOP('',(#3779));
#878=EDGE_LOOP('',(#3780));
#879=EDGE_LOOP('',(#3781));
#880=EDGE_LOOP('',(#3782));
#881=EDGE_LOOP('',(#3783,#3784,#3785,#3786));
#882=EDGE_LOOP('',(#3787));
#883=EDGE_LOOP('',(#3788));
#884=EDGE_LOOP('',(#3789,#3790,#3791,#3792));
#885=EDGE_LOOP('',(#3793));
#886=EDGE_LOOP('',(#3794));
#887=LINE('',#5126,#1263);
#888=LINE('',#5128,#1264);
#889=LINE('',#5130,#1265);
#890=LINE('',#5131,#1266);
#891=LINE('',#5134,#1267);
#892=LINE('',#5136,#1268);
#893=LINE('',#5137,#1269);
#894=LINE('',#5140,#1270);
#895=LINE('',#5142,#1271);
#896=LINE('',#5143,#1272);
#897=LINE('',#5145,#1273);
#898=LINE('',#5150,#1274);
#899=LINE('',#5156,#1275);
#900=LINE('',#5161,#1276);
#901=LINE('',#5163,#1277);
#902=LINE('',#5165,#1278);
#903=LINE('',#5166,#1279);
#904=LINE('',#5169,#1280);
#905=LINE('',#5171,#1281);
#906=LINE('',#5172,#1282);
#907=LINE('',#5175,#1283);
#908=LINE('',#5176,#1284);
#909=LINE('',#5178,#1285);
#910=LINE('',#5179,#1286);
#911=LINE('',#5182,#1287);
#912=LINE('',#5184,#1288);
#913=LINE('',#5185,#1289);
#914=LINE('',#5188,#1290);
#915=LINE('',#5190,#1291);
#916=LINE('',#5191,#1292);
#917=LINE('',#5194,#1293);
#918=LINE('',#5196,#1294);
#919=LINE('',#5197,#1295);
#920=LINE('',#5200,#1296);
#921=LINE('',#5202,#1297);
#922=LINE('',#5203,#1298);
#923=LINE('',#5206,#1299);
#924=LINE('',#5208,#1300);
#925=LINE('',#5209,#1301);
#926=LINE('',#5212,#1302);
#927=LINE('',#5214,#1303);
#928=LINE('',#5215,#1304);
#929=LINE('',#5217,#1305);
#930=LINE('',#5218,#1306);
#931=LINE('',#5229,#1307);
#932=LINE('',#5233,#1308);
#933=LINE('',#5243,#1309);
#934=LINE('',#5247,#1310);
#935=LINE('',#5252,#1311);
#936=LINE('',#5254,#1312);
#937=LINE('',#5256,#1313);
#938=LINE('',#5257,#1314);
#939=LINE('',#5260,#1315);
#940=LINE('',#5262,#1316);
#941=LINE('',#5263,#1317);
#942=LINE('',#5266,#1318);
#943=LINE('',#5268,#1319);
#944=LINE('',#5269,#1320);
#945=LINE('',#5272,#1321);
#946=LINE('',#5274,#1322);
#947=LINE('',#5275,#1323);
#948=LINE('',#5278,#1324);
#949=LINE('',#5280,#1325);
#950=LINE('',#5281,#1326);
#951=LINE('',#5284,#1327);
#952=LINE('',#5286,#1328);
#953=LINE('',#5287,#1329);
#954=LINE('',#5290,#1330);
#955=LINE('',#5292,#1331);
#956=LINE('',#5293,#1332);
#957=LINE('',#5296,#1333);
#958=LINE('',#5298,#1334);
#959=LINE('',#5299,#1335);
#960=LINE('',#5302,#1336);
#961=LINE('',#5304,#1337);
#962=LINE('',#5305,#1338);
#963=LINE('',#5308,#1339);
#964=LINE('',#5310,#1340);
#965=LINE('',#5311,#1341);
#966=LINE('',#5314,#1342);
#967=LINE('',#5316,#1343);
#968=LINE('',#5317,#1344);
#969=LINE('',#5319,#1345);
#970=LINE('',#5320,#1346);
#971=LINE('',#5340,#1347);
#972=LINE('',#5347,#1348);
#973=LINE('',#5370,#1349);
#974=LINE('',#5393,#1350);
#975=LINE('',#5416,#1351);
#976=LINE('',#5439,#1352);
#977=LINE('',#5462,#1353);
#978=LINE('',#5485,#1354);
#979=LINE('',#5508,#1355);
#980=LINE('',#5531,#1356);
#981=LINE('',#5554,#1357);
#982=LINE('',#5577,#1358);
#983=LINE('',#5616,#1359);
#984=LINE('',#5623,#1360);
#985=LINE('',#5646,#1361);
#986=LINE('',#5669,#1362);
#987=LINE('',#5692,#1363);
#988=LINE('',#5715,#1364);
#989=LINE('',#5738,#1365);
#990=LINE('',#5761,#1366);
#991=LINE('',#5786,#1367);
#992=LINE('',#5788,#1368);
#993=LINE('',#5790,#1369);
#994=LINE('',#5791,#1370);
#995=LINE('',#5806,#1371);
#996=LINE('',#5886,#1372);
#997=LINE('',#5888,#1373);
#998=LINE('',#5890,#1374);
#999=LINE('',#5892,#1375);
#1000=LINE('',#5894,#1376);
#1001=LINE('',#5896,#1377);
#1002=LINE('',#5898,#1378);
#1003=LINE('',#5899,#1379);
#1004=LINE('',#5918,#1380);
#1005=LINE('',#5925,#1381);
#1006=LINE('',#5948,#1382);
#1007=LINE('',#5971,#1383);
#1008=LINE('',#5994,#1384);
#1009=LINE('',#6017,#1385);
#1010=LINE('',#6040,#1386);
#1011=LINE('',#6063,#1387);
#1012=LINE('',#6101,#1388);
#1013=LINE('',#6102,#1389);
#1014=LINE('',#6119,#1390);
#1015=LINE('',#6136,#1391);
#1016=LINE('',#6153,#1392);
#1017=LINE('',#6170,#1393);
#1018=LINE('',#6187,#1394);
#1019=LINE('',#6204,#1395);
#1020=LINE('',#6221,#1396);
#1021=LINE('',#6238,#1397);
#1022=LINE('',#6255,#1398);
#1023=LINE('',#6272,#1399);
#1024=LINE('',#6289,#1400);
#1025=LINE('',#6306,#1401);
#1026=LINE('',#6323,#1402);
#1027=LINE('',#6326,#1403);
#1028=LINE('',#6327,#1404);
#1029=LINE('',#6348,#1405);
#1030=LINE('',#6349,#1406);
#1031=LINE('',#6350,#1407);
#1032=LINE('',#6353,#1408);
#1033=LINE('',#6354,#1409);
#1034=LINE('',#6357,#1410);
#1035=LINE('',#6358,#1411);
#1036=LINE('',#6361,#1412);
#1037=LINE('',#6362,#1413);
#1038=LINE('',#6365,#1414);
#1039=LINE('',#6366,#1415);
#1040=LINE('',#6369,#1416);
#1041=LINE('',#6370,#1417);
#1042=LINE('',#6373,#1418);
#1043=LINE('',#6374,#1419);
#1044=LINE('',#6376,#1420);
#1045=LINE('',#6381,#1421);
#1046=LINE('',#6382,#1422);
#1047=LINE('',#6383,#1423);
#1048=LINE('',#6386,#1424);
#1049=LINE('',#6387,#1425);
#1050=LINE('',#6390,#1426);
#1051=LINE('',#6391,#1427);
#1052=LINE('',#6393,#1428);
#1053=LINE('',#6398,#1429);
#1054=LINE('',#6400,#1430);
#1055=LINE('',#6402,#1431);
#1056=LINE('',#6403,#1432);
#1057=LINE('',#6406,#1433);
#1058=LINE('',#6408,#1434);
#1059=LINE('',#6409,#1435);
#1060=LINE('',#6412,#1436);
#1061=LINE('',#6414,#1437);
#1062=LINE('',#6415,#1438);
#1063=LINE('',#6418,#1439);
#1064=LINE('',#6420,#1440);
#1065=LINE('',#6421,#1441);
#1066=LINE('',#6424,#1442);
#1067=LINE('',#6426,#1443);
#1068=LINE('',#6427,#1444);
#1069=LINE('',#6430,#1445);
#1070=LINE('',#6432,#1446);
#1071=LINE('',#6433,#1447);
#1072=LINE('',#6436,#1448);
#1073=LINE('',#6438,#1449);
#1074=LINE('',#6439,#1450);
#1075=LINE('',#6442,#1451);
#1076=LINE('',#6444,#1452);
#1077=LINE('',#6445,#1453);
#1078=LINE('',#6448,#1454);
#1079=LINE('',#6450,#1455);
#1080=LINE('',#6451,#1456);
#1081=LINE('',#6454,#1457);
#1082=LINE('',#6456,#1458);
#1083=LINE('',#6457,#1459);
#1084=LINE('',#6460,#1460);
#1085=LINE('',#6462,#1461);
#1086=LINE('',#6463,#1462);
#1087=LINE('',#6465,#1463);
#1088=LINE('',#6466,#1464);
#1089=LINE('',#6486,#1465);
#1090=LINE('',#6493,#1466);
#1091=LINE('',#6516,#1467);
#1092=LINE('',#6539,#1468);
#1093=LINE('',#6562,#1469);
#1094=LINE('',#6585,#1470);
#1095=LINE('',#6608,#1471);
#1096=LINE('',#6631,#1472);
#1097=LINE('',#6654,#1473);
#1098=LINE('',#6677,#1474);
#1099=LINE('',#6700,#1475);
#1100=LINE('',#6723,#1476);
#1101=LINE('',#6762,#1477);
#1102=LINE('',#6769,#1478);
#1103=LINE('',#6792,#1479);
#1104=LINE('',#6815,#1480);
#1105=LINE('',#6838,#1481);
#1106=LINE('',#6861,#1482);
#1107=LINE('',#6884,#1483);
#1108=LINE('',#6907,#1484);
#1109=LINE('',#6932,#1485);
#1110=LINE('',#6934,#1486);
#1111=LINE('',#6936,#1487);
#1112=LINE('',#6937,#1488);
#1113=LINE('',#6952,#1489);
#1114=LINE('',#7032,#1490);
#1115=LINE('',#7034,#1491);
#1116=LINE('',#7036,#1492);
#1117=LINE('',#7038,#1493);
#1118=LINE('',#7040,#1494);
#1119=LINE('',#7042,#1495);
#1120=LINE('',#7044,#1496);
#1121=LINE('',#7045,#1497);
#1122=LINE('',#7064,#1498);
#1123=LINE('',#7071,#1499);
#1124=LINE('',#7094,#1500);
#1125=LINE('',#7117,#1501);
#1126=LINE('',#7140,#1502);
#1127=LINE('',#7163,#1503);
#1128=LINE('',#7186,#1504);
#1129=LINE('',#7209,#1505);
#1130=LINE('',#7247,#1506);
#1131=LINE('',#7248,#1507);
#1132=LINE('',#7265,#1508);
#1133=LINE('',#7282,#1509);
#1134=LINE('',#7299,#1510);
#1135=LINE('',#7316,#1511);
#1136=LINE('',#7333,#1512);
#1137=LINE('',#7350,#1513);
#1138=LINE('',#7367,#1514);
#1139=LINE('',#7384,#1515);
#1140=LINE('',#7401,#1516);
#1141=LINE('',#7418,#1517);
#1142=LINE('',#7435,#1518);
#1143=LINE('',#7452,#1519);
#1144=LINE('',#7469,#1520);
#1145=LINE('',#7472,#1521);
#1146=LINE('',#7473,#1522);
#1147=LINE('',#7494,#1523);
#1148=LINE('',#7495,#1524);
#1149=LINE('',#7496,#1525);
#1150=LINE('',#7499,#1526);
#1151=LINE('',#7500,#1527);
#1152=LINE('',#7503,#1528);
#1153=LINE('',#7504,#1529);
#1154=LINE('',#7507,#1530);
#1155=LINE('',#7508,#1531);
#1156=LINE('',#7511,#1532);
#1157=LINE('',#7512,#1533);
#1158=LINE('',#7515,#1534);
#1159=LINE('',#7516,#1535);
#1160=LINE('',#7519,#1536);
#1161=LINE('',#7520,#1537);
#1162=LINE('',#7522,#1538);
#1163=LINE('',#7527,#1539);
#1164=LINE('',#7528,#1540);
#1165=LINE('',#7529,#1541);
#1166=LINE('',#7532,#1542);
#1167=LINE('',#7533,#1543);
#1168=LINE('',#7536,#1544);
#1169=LINE('',#7537,#1545);
#1170=LINE('',#7539,#1546);
#1171=LINE('',#7544,#1547);
#1172=LINE('',#7546,#1548);
#1173=LINE('',#7548,#1549);
#1174=LINE('',#7549,#1550);
#1175=LINE('',#7552,#1551);
#1176=LINE('',#7554,#1552);
#1177=LINE('',#7555,#1553);
#1178=LINE('',#7558,#1554);
#1179=LINE('',#7560,#1555);
#1180=LINE('',#7561,#1556);
#1181=LINE('',#7563,#1557);
#1182=LINE('',#7564,#1558);
#1183=LINE('',#7569,#1559);
#1184=LINE('',#7571,#1560);
#1185=LINE('',#7573,#1561);
#1186=LINE('',#7574,#1562);
#1187=LINE('',#7577,#1563);
#1188=LINE('',#7579,#1564);
#1189=LINE('',#7580,#1565);
#1190=LINE('',#7583,#1566);
#1191=LINE('',#7585,#1567);
#1192=LINE('',#7586,#1568);
#1193=LINE('',#7589,#1569);
#1194=LINE('',#7591,#1570);
#1195=LINE('',#7592,#1571);
#1196=LINE('',#7595,#1572);
#1197=LINE('',#7597,#1573);
#1198=LINE('',#7598,#1574);
#1199=LINE('',#7601,#1575);
#1200=LINE('',#7603,#1576);
#1201=LINE('',#7604,#1577);
#1202=LINE('',#7607,#1578);
#1203=LINE('',#7609,#1579);
#1204=LINE('',#7610,#1580);
#1205=LINE('',#7613,#1581);
#1206=LINE('',#7615,#1582);
#1207=LINE('',#7616,#1583);
#1208=LINE('',#7619,#1584);
#1209=LINE('',#7621,#1585);
#1210=LINE('',#7622,#1586);
#1211=LINE('',#7625,#1587);
#1212=LINE('',#7627,#1588);
#1213=LINE('',#7628,#1589);
#1214=LINE('',#7631,#1590);
#1215=LINE('',#7633,#1591);
#1216=LINE('',#7634,#1592);
#1217=LINE('',#7636,#1593);
#1218=LINE('',#7637,#1594);
#1219=LINE('',#7643,#1595);
#1220=LINE('',#7652,#1596);
#1221=LINE('',#7659,#1597);
#1222=LINE('',#7663,#1598);
#1223=LINE('',#7668,#1599);
#1224=LINE('',#7670,#1600);
#1225=LINE('',#7672,#1601);
#1226=LINE('',#7673,#1602);
#1227=LINE('',#7676,#1603);
#1228=LINE('',#7678,#1604);
#1229=LINE('',#7679,#1605);
#1230=LINE('',#7682,#1606);
#1231=LINE('',#7684,#1607);
#1232=LINE('',#7685,#1608);
#1233=LINE('',#7688,#1609);
#1234=LINE('',#7690,#1610);
#1235=LINE('',#7691,#1611);
#1236=LINE('',#7694,#1612);
#1237=LINE('',#7696,#1613);
#1238=LINE('',#7697,#1614);
#1239=LINE('',#7699,#1615);
#1240=LINE('',#7700,#1616);
#1241=LINE('',#7708,#1617);
#1242=LINE('',#7711,#1618);
#1243=LINE('',#7714,#1619);
#1244=LINE('',#7716,#1620);
#1245=LINE('',#7717,#1621);
#1246=LINE('',#7723,#1622);
#1247=LINE('',#7725,#1623);
#1248=LINE('',#7726,#1624);
#1249=LINE('',#7732,#1625);
#1250=LINE('',#7734,#1626);
#1251=LINE('',#7736,#1627);
#1252=LINE('',#7737,#1628);
#1253=LINE('',#7743,#1629);
#1254=LINE('',#7746,#1630);
#1255=LINE('',#7748,#1631);
#1256=LINE('',#7749,#1632);
#1257=LINE('',#7759,#1633);
#1258=LINE('',#7765,#1634);
#1259=LINE('',#7773,#1635);
#1260=LINE('',#7779,#1636);
#1261=LINE('',#7787,#1637);
#1262=LINE('',#7795,#1638);
#1263=VECTOR('',#4372,10.);
#1264=VECTOR('',#4373,10.);
#1265=VECTOR('',#4374,10.);
#1266=VECTOR('',#4375,10.);
#1267=VECTOR('',#4378,10.);
#1268=VECTOR('',#4379,10.);
#1269=VECTOR('',#4380,10.);
#1270=VECTOR('',#4383,10.);
#1271=VECTOR('',#4384,10.);
#1272=VECTOR('',#4385,10.);
#1273=VECTOR('',#4388,10.);
#1274=VECTOR('',#4393,2.15);
#1275=VECTOR('',#4400,2.14999999254942);
#1276=VECTOR('',#4405,10.);
#1277=VECTOR('',#4406,10.);
#1278=VECTOR('',#4407,10.);
#1279=VECTOR('',#4408,10.);
#1280=VECTOR('',#4411,10.);
#1281=VECTOR('',#4412,10.);
#1282=VECTOR('',#4413,10.);
#1283=VECTOR('',#4416,10.);
#1284=VECTOR('',#4417,10.);
#1285=VECTOR('',#4418,10.);
#1286=VECTOR('',#4419,10.);
#1287=VECTOR('',#4422,10.);
#1288=VECTOR('',#4423,10.);
#1289=VECTOR('',#4424,10.);
#1290=VECTOR('',#4427,10.);
#1291=VECTOR('',#4428,10.);
#1292=VECTOR('',#4429,10.);
#1293=VECTOR('',#4432,10.);
#1294=VECTOR('',#4433,10.);
#1295=VECTOR('',#4434,10.);
#1296=VECTOR('',#4437,10.);
#1297=VECTOR('',#4438,10.);
#1298=VECTOR('',#4439,10.);
#1299=VECTOR('',#4442,10.);
#1300=VECTOR('',#4443,10.);
#1301=VECTOR('',#4444,10.);
#1302=VECTOR('',#4447,10.);
#1303=VECTOR('',#4448,10.);
#1304=VECTOR('',#4449,10.);
#1305=VECTOR('',#4452,10.);
#1306=VECTOR('',#4453,10.);
#1307=VECTOR('',#4468,1.74);
#1308=VECTOR('',#4473,2.15);
#1309=VECTOR('',#4486,1.74);
#1310=VECTOR('',#4491,2.14999999254942);
#1311=VECTOR('',#4496,10.);
#1312=VECTOR('',#4497,10.);
#1313=VECTOR('',#4498,10.);
#1314=VECTOR('',#4499,10.);
#1315=VECTOR('',#4502,10.);
#1316=VECTOR('',#4503,10.);
#1317=VECTOR('',#4504,10.);
#1318=VECTOR('',#4507,10.);
#1319=VECTOR('',#4508,10.);
#1320=VECTOR('',#4509,10.);
#1321=VECTOR('',#4512,10.);
#1322=VECTOR('',#4513,10.);
#1323=VECTOR('',#4514,10.);
#1324=VECTOR('',#4517,10.);
#1325=VECTOR('',#4518,10.);
#1326=VECTOR('',#4519,10.);
#1327=VECTOR('',#4522,10.);
#1328=VECTOR('',#4523,10.);
#1329=VECTOR('',#4524,10.);
#1330=VECTOR('',#4527,10.);
#1331=VECTOR('',#4528,10.);
#1332=VECTOR('',#4529,10.);
#1333=VECTOR('',#4532,10.);
#1334=VECTOR('',#4533,10.);
#1335=VECTOR('',#4534,10.);
#1336=VECTOR('',#4537,10.);
#1337=VECTOR('',#4538,10.);
#1338=VECTOR('',#4539,10.);
#1339=VECTOR('',#4542,10.);
#1340=VECTOR('',#4543,10.);
#1341=VECTOR('',#4544,10.);
#1342=VECTOR('',#4547,10.);
#1343=VECTOR('',#4548,10.);
#1344=VECTOR('',#4549,10.);
#1345=VECTOR('',#4552,10.);
#1346=VECTOR('',#4553,10.);
#1347=VECTOR('',#4556,10.);
#1348=VECTOR('',#4557,10.);
#1349=VECTOR('',#4558,10.);
#1350=VECTOR('',#4559,10.);
#1351=VECTOR('',#4560,10.);
#1352=VECTOR('',#4561,10.);
#1353=VECTOR('',#4562,10.);
#1354=VECTOR('',#4563,10.);
#1355=VECTOR('',#4564,10.);
#1356=VECTOR('',#4565,10.);
#1357=VECTOR('',#4566,10.);
#1358=VECTOR('',#4567,10.);
#1359=VECTOR('',#4568,10.);
#1360=VECTOR('',#4569,10.);
#1361=VECTOR('',#4570,10.);
#1362=VECTOR('',#4571,10.);
#1363=VECTOR('',#4572,10.);
#1364=VECTOR('',#4573,10.);
#1365=VECTOR('',#4574,10.);
#1366=VECTOR('',#4575,10.);
#1367=VECTOR('',#4580,10.);
#1368=VECTOR('',#4581,10.);
#1369=VECTOR('',#4582,10.);
#1370=VECTOR('',#4583,10.);
#1371=VECTOR('',#4584,10.);
#1372=VECTOR('',#4585,10.);
#1373=VECTOR('',#4586,10.);
#1374=VECTOR('',#4587,10.);
#1375=VECTOR('',#4588,10.);
#1376=VECTOR('',#4589,10.);
#1377=VECTOR('',#4590,10.);
#1378=VECTOR('',#4591,10.);
#1379=VECTOR('',#4592,10.);
#1380=VECTOR('',#4593,10.);
#1381=VECTOR('',#4594,10.);
#1382=VECTOR('',#4595,10.);
#1383=VECTOR('',#4596,10.);
#1384=VECTOR('',#4597,10.);
#1385=VECTOR('',#4598,10.);
#1386=VECTOR('',#4599,10.);
#1387=VECTOR('',#4600,10.);
#1388=VECTOR('',#4601,10.);
#1389=VECTOR('',#4602,10.);
#1390=VECTOR('',#4603,10.);
#1391=VECTOR('',#4604,10.);
#1392=VECTOR('',#4605,10.);
#1393=VECTOR('',#4606,10.);
#1394=VECTOR('',#4607,10.);
#1395=VECTOR('',#4608,10.);
#1396=VECTOR('',#4609,10.);
#1397=VECTOR('',#4610,10.);
#1398=VECTOR('',#4611,10.);
#1399=VECTOR('',#4612,10.);
#1400=VECTOR('',#4613,10.);
#1401=VECTOR('',#4614,10.);
#1402=VECTOR('',#4615,10.);
#1403=VECTOR('',#4618,10.);
#1404=VECTOR('',#4619,10.);
#1405=VECTOR('',#4626,10.);
#1406=VECTOR('',#4627,10.);
#1407=VECTOR('',#4628,10.);
#1408=VECTOR('',#4631,10.);
#1409=VECTOR('',#4632,10.);
#1410=VECTOR('',#4635,10.);
#1411=VECTOR('',#4636,10.);
#1412=VECTOR('',#4639,10.);
#1413=VECTOR('',#4640,10.);
#1414=VECTOR('',#4643,10.);
#1415=VECTOR('',#4644,10.);
#1416=VECTOR('',#4647,10.);
#1417=VECTOR('',#4648,10.);
#1418=VECTOR('',#4651,10.);
#1419=VECTOR('',#4652,10.);
#1420=VECTOR('',#4655,10.);
#1421=VECTOR('',#4660,10.);
#1422=VECTOR('',#4661,10.);
#1423=VECTOR('',#4662,10.);
#1424=VECTOR('',#4665,10.);
#1425=VECTOR('',#4666,10.);
#1426=VECTOR('',#4669,10.);
#1427=VECTOR('',#4670,10.);
#1428=VECTOR('',#4673,10.);
#1429=VECTOR('',#4678,10.);
#1430=VECTOR('',#4679,10.);
#1431=VECTOR('',#4680,10.);
#1432=VECTOR('',#4681,10.);
#1433=VECTOR('',#4684,10.);
#1434=VECTOR('',#4685,10.);
#1435=VECTOR('',#4686,10.);
#1436=VECTOR('',#4689,10.);
#1437=VECTOR('',#4690,10.);
#1438=VECTOR('',#4691,10.);
#1439=VECTOR('',#4694,10.);
#1440=VECTOR('',#4695,10.);
#1441=VECTOR('',#4696,10.);
#1442=VECTOR('',#4699,10.);
#1443=VECTOR('',#4700,10.);
#1444=VECTOR('',#4701,10.);
#1445=VECTOR('',#4704,10.);
#1446=VECTOR('',#4705,10.);
#1447=VECTOR('',#4706,10.);
#1448=VECTOR('',#4709,10.);
#1449=VECTOR('',#4710,10.);
#1450=VECTOR('',#4711,10.);
#1451=VECTOR('',#4714,10.);
#1452=VECTOR('',#4715,10.);
#1453=VECTOR('',#4716,10.);
#1454=VECTOR('',#4719,10.);
#1455=VECTOR('',#4720,10.);
#1456=VECTOR('',#4721,10.);
#1457=VECTOR('',#4724,10.);
#1458=VECTOR('',#4725,10.);
#1459=VECTOR('',#4726,10.);
#1460=VECTOR('',#4729,10.);
#1461=VECTOR('',#4730,10.);
#1462=VECTOR('',#4731,10.);
#1463=VECTOR('',#4734,10.);
#1464=VECTOR('',#4735,10.);
#1465=VECTOR('',#4738,10.);
#1466=VECTOR('',#4739,10.);
#1467=VECTOR('',#4740,10.);
#1468=VECTOR('',#4741,10.);
#1469=VECTOR('',#4742,10.);
#1470=VECTOR('',#4743,10.);
#1471=VECTOR('',#4744,10.);
#1472=VECTOR('',#4745,10.);
#1473=VECTOR('',#4746,10.);
#1474=VECTOR('',#4747,10.);
#1475=VECTOR('',#4748,10.);
#1476=VECTOR('',#4749,10.);
#1477=VECTOR('',#4750,10.);
#1478=VECTOR('',#4751,10.);
#1479=VECTOR('',#4752,10.);
#1480=VECTOR('',#4753,10.);
#1481=VECTOR('',#4754,10.);
#1482=VECTOR('',#4755,10.);
#1483=VECTOR('',#4756,10.);
#1484=VECTOR('',#4757,10.);
#1485=VECTOR('',#4762,10.);
#1486=VECTOR('',#4763,10.);
#1487=VECTOR('',#4764,10.);
#1488=VECTOR('',#4765,10.);
#1489=VECTOR('',#4766,10.);
#1490=VECTOR('',#4767,10.);
#1491=VECTOR('',#4768,10.);
#1492=VECTOR('',#4769,10.);
#1493=VECTOR('',#4770,10.);
#1494=VECTOR('',#4771,10.);
#1495=VECTOR('',#4772,10.);
#1496=VECTOR('',#4773,10.);
#1497=VECTOR('',#4774,10.);
#1498=VECTOR('',#4775,10.);
#1499=VECTOR('',#4776,10.);
#1500=VECTOR('',#4777,10.);
#1501=VECTOR('',#4778,10.);
#1502=VECTOR('',#4779,10.);
#1503=VECTOR('',#4780,10.);
#1504=VECTOR('',#4781,10.);
#1505=VECTOR('',#4782,10.);
#1506=VECTOR('',#4783,10.);
#1507=VECTOR('',#4784,10.);
#1508=VECTOR('',#4785,10.);
#1509=VECTOR('',#4786,10.);
#1510=VECTOR('',#4787,10.);
#1511=VECTOR('',#4788,10.);
#1512=VECTOR('',#4789,10.);
#1513=VECTOR('',#4790,10.);
#1514=VECTOR('',#4791,10.);
#1515=VECTOR('',#4792,10.);
#1516=VECTOR('',#4793,10.);
#1517=VECTOR('',#4794,10.);
#1518=VECTOR('',#4795,10.);
#1519=VECTOR('',#4796,10.);
#1520=VECTOR('',#4797,10.);
#1521=VECTOR('',#4800,10.);
#1522=VECTOR('',#4801,10.);
#1523=VECTOR('',#4808,10.);
#1524=VECTOR('',#4809,10.);
#1525=VECTOR('',#4810,10.);
#1526=VECTOR('',#4813,10.);
#1527=VECTOR('',#4814,10.);
#1528=VECTOR('',#4817,10.);
#1529=VECTOR('',#4818,10.);
#1530=VECTOR('',#4821,10.);
#1531=VECTOR('',#4822,10.);
#1532=VECTOR('',#4825,10.);
#1533=VECTOR('',#4826,10.);
#1534=VECTOR('',#4829,10.);
#1535=VECTOR('',#4830,10.);
#1536=VECTOR('',#4833,10.);
#1537=VECTOR('',#4834,10.);
#1538=VECTOR('',#4837,10.);
#1539=VECTOR('',#4842,10.);
#1540=VECTOR('',#4843,10.);
#1541=VECTOR('',#4844,10.);
#1542=VECTOR('',#4847,10.);
#1543=VECTOR('',#4848,10.);
#1544=VECTOR('',#4851,10.);
#1545=VECTOR('',#4852,10.);
#1546=VECTOR('',#4855,10.);
#1547=VECTOR('',#4860,10.);
#1548=VECTOR('',#4861,10.);
#1549=VECTOR('',#4862,10.);
#1550=VECTOR('',#4863,10.);
#1551=VECTOR('',#4866,10.);
#1552=VECTOR('',#4867,10.);
#1553=VECTOR('',#4868,10.);
#1554=VECTOR('',#4871,10.);
#1555=VECTOR('',#4872,10.);
#1556=VECTOR('',#4873,10.);
#1557=VECTOR('',#4876,10.);
#1558=VECTOR('',#4877,10.);
#1559=VECTOR('',#4882,10.);
#1560=VECTOR('',#4883,10.);
#1561=VECTOR('',#4884,10.);
#1562=VECTOR('',#4885,10.);
#1563=VECTOR('',#4888,10.);
#1564=VECTOR('',#4889,10.);
#1565=VECTOR('',#4890,10.);
#1566=VECTOR('',#4893,10.);
#1567=VECTOR('',#4894,10.);
#1568=VECTOR('',#4895,10.);
#1569=VECTOR('',#4898,10.);
#1570=VECTOR('',#4899,10.);
#1571=VECTOR('',#4900,10.);
#1572=VECTOR('',#4903,10.);
#1573=VECTOR('',#4904,10.);
#1574=VECTOR('',#4905,10.);
#1575=VECTOR('',#4908,10.);
#1576=VECTOR('',#4909,10.);
#1577=VECTOR('',#4910,10.);
#1578=VECTOR('',#4913,10.);
#1579=VECTOR('',#4914,10.);
#1580=VECTOR('',#4915,10.);
#1581=VECTOR('',#4918,10.);
#1582=VECTOR('',#4919,10.);
#1583=VECTOR('',#4920,10.);
#1584=VECTOR('',#4923,10.);
#1585=VECTOR('',#4924,10.);
#1586=VECTOR('',#4925,10.);
#1587=VECTOR('',#4928,10.);
#1588=VECTOR('',#4929,10.);
#1589=VECTOR('',#4930,10.);
#1590=VECTOR('',#4933,10.);
#1591=VECTOR('',#4934,10.);
#1592=VECTOR('',#4935,10.);
#1593=VECTOR('',#4938,10.);
#1594=VECTOR('',#4939,10.);
#1595=VECTOR('',#4946,3.);
#1596=VECTOR('',#4957,3.);
#1597=VECTOR('',#4966,2.14999999254942);
#1598=VECTOR('',#4971,2.15);
#1599=VECTOR('',#4976,10.);
#1600=VECTOR('',#4977,10.);
#1601=VECTOR('',#4978,10.);
#1602=VECTOR('',#4979,10.);
#1603=VECTOR('',#4982,10.);
#1604=VECTOR('',#4983,10.);
#1605=VECTOR('',#4984,10.);
#1606=VECTOR('',#4987,10.);
#1607=VECTOR('',#4988,10.);
#1608=VECTOR('',#4989,10.);
#1609=VECTOR('',#4992,10.);
#1610=VECTOR('',#4993,10.);
#1611=VECTOR('',#4994,10.);
#1612=VECTOR('',#4997,10.);
#1613=VECTOR('',#4998,10.);
#1614=VECTOR('',#4999,10.);
#1615=VECTOR('',#5002,10.);
#1616=VECTOR('',#5003,10.);
#1617=VECTOR('',#5012,10.);
#1618=VECTOR('',#5015,10.);
#1619=VECTOR('',#5018,10.);
#1620=VECTOR('',#5019,10.);
#1621=VECTOR('',#5020,10.);
#1622=VECTOR('',#5027,10.);
#1623=VECTOR('',#5030,10.);
#1624=VECTOR('',#5031,10.);
#1625=VECTOR('',#5038,10.);
#1626=VECTOR('',#5039,10.);
#1627=VECTOR('',#5040,10.);
#1628=VECTOR('',#5041,10.);
#1629=VECTOR('',#5048,10.);
#1630=VECTOR('',#5051,10.);
#1631=VECTOR('',#5052,10.);
#1632=VECTOR('',#5053,10.);
#1633=VECTOR('',#5068,1.74);
#1634=VECTOR('',#5075,2.15);
#1635=VECTOR('',#5086,1.74);
#1636=VECTOR('',#5093,2.14999999254942);
#1637=VECTOR('',#5104,1.74);
#1638=VECTOR('',#5115,1.74);
#1639=VERTEX_POINT('',#5124);
#1640=VERTEX_POINT('',#5125);
#1641=VERTEX_POINT('',#5127);
#1642=VERTEX_POINT('',#5129);
#1643=VERTEX_POINT('',#5133);
#1644=VERTEX_POINT('',#5135);
#1645=VERTEX_POINT('',#5139);
#1646=VERTEX_POINT('',#5141);
#1647=VERTEX_POINT('',#5147);
#1648=VERTEX_POINT('',#5149);
#1649=VERTEX_POINT('',#5153);
#1650=VERTEX_POINT('',#5155);
#1651=VERTEX_POINT('',#5159);
#1652=VERTEX_POINT('',#5160);
#1653=VERTEX_POINT('',#5162);
#1654=VERTEX_POINT('',#5164);
#1655=VERTEX_POINT('',#5168);
#1656=VERTEX_POINT('',#5170);
#1657=VERTEX_POINT('',#5174);
#1658=VERTEX_POINT('',#5177);
#1659=VERTEX_POINT('',#5181);
#1660=VERTEX_POINT('',#5183);
#1661=VERTEX_POINT('',#5187);
#1662=VERTEX_POINT('',#5189);
#1663=VERTEX_POINT('',#5193);
#1664=VERTEX_POINT('',#5195);
#1665=VERTEX_POINT('',#5199);
#1666=VERTEX_POINT('',#5201);
#1667=VERTEX_POINT('',#5205);
#1668=VERTEX_POINT('',#5207);
#1669=VERTEX_POINT('',#5211);
#1670=VERTEX_POINT('',#5213);
#1671=VERTEX_POINT('',#5222);
#1672=VERTEX_POINT('',#5224);
#1673=VERTEX_POINT('',#5227);
#1674=VERTEX_POINT('',#5231);
#1675=VERTEX_POINT('',#5236);
#1676=VERTEX_POINT('',#5238);
#1677=VERTEX_POINT('',#5241);
#1678=VERTEX_POINT('',#5245);
#1679=VERTEX_POINT('',#5250);
#1680=VERTEX_POINT('',#5251);
#1681=VERTEX_POINT('',#5253);
#1682=VERTEX_POINT('',#5255);
#1683=VERTEX_POINT('',#5259);
#1684=VERTEX_POINT('',#5261);
#1685=VERTEX_POINT('',#5265);
#1686=VERTEX_POINT('',#5267);
#1687=VERTEX_POINT('',#5271);
#1688=VERTEX_POINT('',#5273);
#1689=VERTEX_POINT('',#5277);
#1690=VERTEX_POINT('',#5279);
#1691=VERTEX_POINT('',#5283);
#1692=VERTEX_POINT('',#5285);
#1693=VERTEX_POINT('',#5289);
#1694=VERTEX_POINT('',#5291);
#1695=VERTEX_POINT('',#5295);
#1696=VERTEX_POINT('',#5297);
#1697=VERTEX_POINT('',#5301);
#1698=VERTEX_POINT('',#5303);
#1699=VERTEX_POINT('',#5307);
#1700=VERTEX_POINT('',#5309);
#1701=VERTEX_POINT('',#5313);
#1702=VERTEX_POINT('',#5315);
#1703=VERTEX_POINT('',#5332);
#1704=VERTEX_POINT('',#5333);
#1705=VERTEX_POINT('',#5339);
#1706=VERTEX_POINT('',#5341);
#1707=VERTEX_POINT('',#5358);
#1708=VERTEX_POINT('',#5364);
#1709=VERTEX_POINT('',#5381);
#1710=VERTEX_POINT('',#5387);
#1711=VERTEX_POINT('',#5404);
#1712=VERTEX_POINT('',#5410);
#1713=VERTEX_POINT('',#5427);
#1714=VERTEX_POINT('',#5433);
#1715=VERTEX_POINT('',#5450);
#1716=VERTEX_POINT('',#5456);
#1717=VERTEX_POINT('',#5473);
#1718=VERTEX_POINT('',#5479);
#1719=VERTEX_POINT('',#5496);
#1720=VERTEX_POINT('',#5502);
#1721=VERTEX_POINT('',#5519);
#1722=VERTEX_POINT('',#5525);
#1723=VERTEX_POINT('',#5542);
#1724=VERTEX_POINT('',#5548);
#1725=VERTEX_POINT('',#5565);
#1726=VERTEX_POINT('',#5571);
#1727=VERTEX_POINT('',#5608);
#1728=VERTEX_POINT('',#5609);
#1729=VERTEX_POINT('',#5615);
#1730=VERTEX_POINT('',#5617);
#1731=VERTEX_POINT('',#5634);
#1732=VERTEX_POINT('',#5640);
#1733=VERTEX_POINT('',#5657);
#1734=VERTEX_POINT('',#5663);
#1735=VERTEX_POINT('',#5680);
#1736=VERTEX_POINT('',#5686);
#1737=VERTEX_POINT('',#5703);
#1738=VERTEX_POINT('',#5709);
#1739=VERTEX_POINT('',#5726);
#1740=VERTEX_POINT('',#5732);
#1741=VERTEX_POINT('',#5749);
#1742=VERTEX_POINT('',#5755);
#1743=VERTEX_POINT('',#5784);
#1744=VERTEX_POINT('',#5785);
#1745=VERTEX_POINT('',#5787);
#1746=VERTEX_POINT('',#5789);
#1747=VERTEX_POINT('',#5792);
#1748=VERTEX_POINT('',#5793);
#1749=VERTEX_POINT('',#5799);
#1750=VERTEX_POINT('',#5805);
#1751=VERTEX_POINT('',#5807);
#1752=VERTEX_POINT('',#5813);
#1753=VERTEX_POINT('',#5819);
#1754=VERTEX_POINT('',#5825);
#1755=VERTEX_POINT('',#5831);
#1756=VERTEX_POINT('',#5837);
#1757=VERTEX_POINT('',#5843);
#1758=VERTEX_POINT('',#5849);
#1759=VERTEX_POINT('',#5855);
#1760=VERTEX_POINT('',#5861);
#1761=VERTEX_POINT('',#5867);
#1762=VERTEX_POINT('',#5873);
#1763=VERTEX_POINT('',#5884);
#1764=VERTEX_POINT('',#5885);
#1765=VERTEX_POINT('',#5887);
#1766=VERTEX_POINT('',#5889);
#1767=VERTEX_POINT('',#5891);
#1768=VERTEX_POINT('',#5893);
#1769=VERTEX_POINT('',#5895);
#1770=VERTEX_POINT('',#5897);
#1771=VERTEX_POINT('',#5910);
#1772=VERTEX_POINT('',#5911);
#1773=VERTEX_POINT('',#5917);
#1774=VERTEX_POINT('',#5919);
#1775=VERTEX_POINT('',#5936);
#1776=VERTEX_POINT('',#5942);
#1777=VERTEX_POINT('',#5959);
#1778=VERTEX_POINT('',#5965);
#1779=VERTEX_POINT('',#5982);
#1780=VERTEX_POINT('',#5988);
#1781=VERTEX_POINT('',#6005);
#1782=VERTEX_POINT('',#6011);
#1783=VERTEX_POINT('',#6028);
#1784=VERTEX_POINT('',#6034);
#1785=VERTEX_POINT('',#6051);
#1786=VERTEX_POINT('',#6057);
#1787=VERTEX_POINT('',#6094);
#1788=VERTEX_POINT('',#6095);
#1789=VERTEX_POINT('',#6113);
#1790=VERTEX_POINT('',#6130);
#1791=VERTEX_POINT('',#6147);
#1792=VERTEX_POINT('',#6164);
#1793=VERTEX_POINT('',#6181);
#1794=VERTEX_POINT('',#6198);
#1795=VERTEX_POINT('',#6215);
#1796=VERTEX_POINT('',#6232);
#1797=VERTEX_POINT('',#6249);
#1798=VERTEX_POINT('',#6266);
#1799=VERTEX_POINT('',#6283);
#1800=VERTEX_POINT('',#6300);
#1801=VERTEX_POINT('',#6317);
#1802=VERTEX_POINT('',#6325);
#1803=VERTEX_POINT('',#6346);
#1804=VERTEX_POINT('',#6347);
#1805=VERTEX_POINT('',#6352);
#1806=VERTEX_POINT('',#6356);
#1807=VERTEX_POINT('',#6360);
#1808=VERTEX_POINT('',#6364);
#1809=VERTEX_POINT('',#6368);
#1810=VERTEX_POINT('',#6372);
#1811=VERTEX_POINT('',#6379);
#1812=VERTEX_POINT('',#6380);
#1813=VERTEX_POINT('',#6385);
#1814=VERTEX_POINT('',#6389);
#1815=VERTEX_POINT('',#6396);
#1816=VERTEX_POINT('',#6397);
#1817=VERTEX_POINT('',#6399);
#1818=VERTEX_POINT('',#6401);
#1819=VERTEX_POINT('',#6405);
#1820=VERTEX_POINT('',#6407);
#1821=VERTEX_POINT('',#6411);
#1822=VERTEX_POINT('',#6413);
#1823=VERTEX_POINT('',#6417);
#1824=VERTEX_POINT('',#6419);
#1825=VERTEX_POINT('',#6423);
#1826=VERTEX_POINT('',#6425);
#1827=VERTEX_POINT('',#6429);
#1828=VERTEX_POINT('',#6431);
#1829=VERTEX_POINT('',#6435);
#1830=VERTEX_POINT('',#6437);
#1831=VERTEX_POINT('',#6441);
#1832=VERTEX_POINT('',#6443);
#1833=VERTEX_POINT('',#6447);
#1834=VERTEX_POINT('',#6449);
#1835=VERTEX_POINT('',#6453);
#1836=VERTEX_POINT('',#6455);
#1837=VERTEX_POINT('',#6459);
#1838=VERTEX_POINT('',#6461);
#1839=VERTEX_POINT('',#6478);
#1840=VERTEX_POINT('',#6479);
#1841=VERTEX_POINT('',#6485);
#1842=VERTEX_POINT('',#6487);
#1843=VERTEX_POINT('',#6504);
#1844=VERTEX_POINT('',#6510);
#1845=VERTEX_POINT('',#6527);
#1846=VERTEX_POINT('',#6533);
#1847=VERTEX_POINT('',#6550);
#1848=VERTEX_POINT('',#6556);
#1849=VERTEX_POINT('',#6573);
#1850=VERTEX_POINT('',#6579);
#1851=VERTEX_POINT('',#6596);
#1852=VERTEX_POINT('',#6602);
#1853=VERTEX_POINT('',#6619);
#1854=VERTEX_POINT('',#6625);
#1855=VERTEX_POINT('',#6642);
#1856=VERTEX_POINT('',#6648);
#1857=VERTEX_POINT('',#6665);
#1858=VERTEX_POINT('',#6671);
#1859=VERTEX_POINT('',#6688);
#1860=VERTEX_POINT('',#6694);
#1861=VERTEX_POINT('',#6711);
#1862=VERTEX_POINT('',#6717);
#1863=VERTEX_POINT('',#6754);
#1864=VERTEX_POINT('',#6755);
#1865=VERTEX_POINT('',#6761);
#1866=VERTEX_POINT('',#6763);
#1867=VERTEX_POINT('',#6780);
#1868=VERTEX_POINT('',#6786);
#1869=VERTEX_POINT('',#6803);
#1870=VERTEX_POINT('',#6809);
#1871=VERTEX_POINT('',#6826);
#1872=VERTEX_POINT('',#6832);
#1873=VERTEX_POINT('',#6849);
#1874=VERTEX_POINT('',#6855);
#1875=VERTEX_POINT('',#6872);
#1876=VERTEX_POINT('',#6878);
#1877=VERTEX_POINT('',#6895);
#1878=VERTEX_POINT('',#6901);
#1879=VERTEX_POINT('',#6930);
#1880=VERTEX_POINT('',#6931);
#1881=VERTEX_POINT('',#6933);
#1882=VERTEX_POINT('',#6935);
#1883=VERTEX_POINT('',#6938);
#1884=VERTEX_POINT('',#6939);
#1885=VERTEX_POINT('',#6945);
#1886=VERTEX_POINT('',#6951);
#1887=VERTEX_POINT('',#6953);
#1888=VERTEX_POINT('',#6959);
#1889=VERTEX_POINT('',#6965);
#1890=VERTEX_POINT('',#6971);
#1891=VERTEX_POINT('',#6977);
#1892=VERTEX_POINT('',#6983);
#1893=VERTEX_POINT('',#6989);
#1894=VERTEX_POINT('',#6995);
#1895=VERTEX_POINT('',#7001);
#1896=VERTEX_POINT('',#7007);
#1897=VERTEX_POINT('',#7013);
#1898=VERTEX_POINT('',#7019);
#1899=VERTEX_POINT('',#7030);
#1900=VERTEX_POINT('',#7031);
#1901=VERTEX_POINT('',#7033);
#1902=VERTEX_POINT('',#7035);
#1903=VERTEX_POINT('',#7037);
#1904=VERTEX_POINT('',#7039);
#1905=VERTEX_POINT('',#7041);
#1906=VERTEX_POINT('',#7043);
#1907=VERTEX_POINT('',#7056);
#1908=VERTEX_POINT('',#7057);
#1909=VERTEX_POINT('',#7063);
#1910=VERTEX_POINT('',#7065);
#1911=VERTEX_POINT('',#7082);
#1912=VERTEX_POINT('',#7088);
#1913=VERTEX_POINT('',#7105);
#1914=VERTEX_POINT('',#7111);
#1915=VERTEX_POINT('',#7128);
#1916=VERTEX_POINT('',#7134);
#1917=VERTEX_POINT('',#7151);
#1918=VERTEX_POINT('',#7157);
#1919=VERTEX_POINT('',#7174);
#1920=VERTEX_POINT('',#7180);
#1921=VERTEX_POINT('',#7197);
#1922=VERTEX_POINT('',#7203);
#1923=VERTEX_POINT('',#7240);
#1924=VERTEX_POINT('',#7241);
#1925=VERTEX_POINT('',#7259);
#1926=VERTEX_POINT('',#7276);
#1927=VERTEX_POINT('',#7293);
#1928=VERTEX_POINT('',#7310);
#1929=VERTEX_POINT('',#7327);
#1930=VERTEX_POINT('',#7344);
#1931=VERTEX_POINT('',#7361);
#1932=VERTEX_POINT('',#7378);
#1933=VERTEX_POINT('',#7395);
#1934=VERTEX_POINT('',#7412);
#1935=VERTEX_POINT('',#7429);
#1936=VERTEX_POINT('',#7446);
#1937=VERTEX_POINT('',#7463);
#1938=VERTEX_POINT('',#7471);
#1939=VERTEX_POINT('',#7492);
#1940=VERTEX_POINT('',#7493);
#1941=VERTEX_POINT('',#7498);
#1942=VERTEX_POINT('',#7502);
#1943=VERTEX_POINT('',#7506);
#1944=VERTEX_POINT('',#7510);
#1945=VERTEX_POINT('',#7514);
#1946=VERTEX_POINT('',#7518);
#1947=VERTEX_POINT('',#7525);
#1948=VERTEX_POINT('',#7526);
#1949=VERTEX_POINT('',#7531);
#1950=VERTEX_POINT('',#7535);
#1951=VERTEX_POINT('',#7542);
#1952=VERTEX_POINT('',#7543);
#1953=VERTEX_POINT('',#7545);
#1954=VERTEX_POINT('',#7547);
#1955=VERTEX_POINT('',#7551);
#1956=VERTEX_POINT('',#7553);
#1957=VERTEX_POINT('',#7557);
#1958=VERTEX_POINT('',#7559);
#1959=VERTEX_POINT('',#7567);
#1960=VERTEX_POINT('',#7568);
#1961=VERTEX_POINT('',#7570);
#1962=VERTEX_POINT('',#7572);
#1963=VERTEX_POINT('',#7576);
#1964=VERTEX_POINT('',#7578);
#1965=VERTEX_POINT('',#7582);
#1966=VERTEX_POINT('',#7584);
#1967=VERTEX_POINT('',#7588);
#1968=VERTEX_POINT('',#7590);
#1969=VERTEX_POINT('',#7594);
#1970=VERTEX_POINT('',#7596);
#1971=VERTEX_POINT('',#7600);
#1972=VERTEX_POINT('',#7602);
#1973=VERTEX_POINT('',#7606);
#1974=VERTEX_POINT('',#7608);
#1975=VERTEX_POINT('',#7612);
#1976=VERTEX_POINT('',#7614);
#1977=VERTEX_POINT('',#7618);
#1978=VERTEX_POINT('',#7620);
#1979=VERTEX_POINT('',#7624);
#1980=VERTEX_POINT('',#7626);
#1981=VERTEX_POINT('',#7630);
#1982=VERTEX_POINT('',#7632);
#1983=VERTEX_POINT('',#7640);
#1984=VERTEX_POINT('',#7642);
#1985=VERTEX_POINT('',#7646);
#1986=VERTEX_POINT('',#7649);
#1987=VERTEX_POINT('',#7651);
#1988=VERTEX_POINT('',#7655);
#1989=VERTEX_POINT('',#7658);
#1990=VERTEX_POINT('',#7662);
#1991=VERTEX_POINT('',#7666);
#1992=VERTEX_POINT('',#7667);
#1993=VERTEX_POINT('',#7669);
#1994=VERTEX_POINT('',#7671);
#1995=VERTEX_POINT('',#7675);
#1996=VERTEX_POINT('',#7677);
#1997=VERTEX_POINT('',#7681);
#1998=VERTEX_POINT('',#7683);
#1999=VERTEX_POINT('',#7687);
#2000=VERTEX_POINT('',#7689);
#2001=VERTEX_POINT('',#7693);
#2002=VERTEX_POINT('',#7695);
#2003=VERTEX_POINT('',#7704);
#2004=VERTEX_POINT('',#7705);
#2005=VERTEX_POINT('',#7707);
#2006=VERTEX_POINT('',#7709);
#2007=VERTEX_POINT('',#7713);
#2008=VERTEX_POINT('',#7715);
#2009=VERTEX_POINT('',#7719);
#2010=VERTEX_POINT('',#7721);
#2011=VERTEX_POINT('',#7730);
#2012=VERTEX_POINT('',#7731);
#2013=VERTEX_POINT('',#7733);
#2014=VERTEX_POINT('',#7735);
#2015=VERTEX_POINT('',#7739);
#2016=VERTEX_POINT('',#7741);
#2017=VERTEX_POINT('',#7745);
#2018=VERTEX_POINT('',#7747);
#2019=VERTEX_POINT('',#7756);
#2020=VERTEX_POINT('',#7758);
#2021=VERTEX_POINT('',#7762);
#2022=VERTEX_POINT('',#7764);
#2023=VERTEX_POINT('',#7770);
#2024=VERTEX_POINT('',#7772);
#2025=VERTEX_POINT('',#7776);
#2026=VERTEX_POINT('',#7778);
#2027=VERTEX_POINT('',#7784);
#2028=VERTEX_POINT('',#7786);
#2029=VERTEX_POINT('',#7792);
#2030=VERTEX_POINT('',#7794);
#2031=EDGE_CURVE('',#1639,#1640,#887,.T.);
#2032=EDGE_CURVE('',#1639,#1641,#888,.T.);
#2033=EDGE_CURVE('',#1642,#1641,#889,.T.);
#2034=EDGE_CURVE('',#1640,#1642,#890,.T.);
#2035=EDGE_CURVE('',#1643,#1639,#891,.T.);
#2036=EDGE_CURVE('',#1643,#1644,#892,.T.);
#2037=EDGE_CURVE('',#1641,#1644,#893,.T.);
#2038=EDGE_CURVE('',#1645,#1643,#894,.T.);
#2039=EDGE_CURVE('',#1645,#1646,#895,.T.);
#2040=EDGE_CURVE('',#1644,#1646,#896,.T.);
#2041=EDGE_CURVE('',#1646,#1642,#897,.T.);
#2042=EDGE_CURVE('',#1647,#1647,#325,.T.);
#2043=EDGE_CURVE('',#1647,#1648,#898,.T.);
#2044=EDGE_CURVE('',#1648,#1648,#326,.T.);
#2045=EDGE_CURVE('',#1649,#1649,#327,.T.);
#2046=EDGE_CURVE('',#1649,#1650,#899,.T.);
#2047=EDGE_CURVE('',#1650,#1650,#328,.T.);
#2048=EDGE_CURVE('',#1651,#1652,#900,.T.);
#2049=EDGE_CURVE('',#1651,#1653,#901,.T.);
#2050=EDGE_CURVE('',#1654,#1653,#902,.T.);
#2051=EDGE_CURVE('',#1652,#1654,#903,.T.);
#2052=EDGE_CURVE('',#1652,#1655,#904,.T.);
#2053=EDGE_CURVE('',#1656,#1654,#905,.T.);
#2054=EDGE_CURVE('',#1655,#1656,#906,.T.);
#2055=EDGE_CURVE('',#1655,#1657,#907,.T.);
#2056=EDGE_CURVE('',#1640,#1656,#908,.T.);
#2057=EDGE_CURVE('',#1658,#1645,#909,.T.);
#2058=EDGE_CURVE('',#1657,#1658,#910,.T.);
#2059=EDGE_CURVE('',#1657,#1659,#911,.T.);
#2060=EDGE_CURVE('',#1660,#1658,#912,.T.);
#2061=EDGE_CURVE('',#1659,#1660,#913,.T.);
#2062=EDGE_CURVE('',#1659,#1661,#914,.T.);
#2063=EDGE_CURVE('',#1662,#1660,#915,.T.);
#2064=EDGE_CURVE('',#1661,#1662,#916,.T.);
#2065=EDGE_CURVE('',#1661,#1663,#917,.T.);
#2066=EDGE_CURVE('',#1664,#1662,#918,.T.);
#2067=EDGE_CURVE('',#1663,#1664,#919,.T.);
#2068=EDGE_CURVE('',#1663,#1665,#920,.T.);
#2069=EDGE_CURVE('',#1666,#1664,#921,.T.);
#2070=EDGE_CURVE('',#1665,#1666,#922,.T.);
#2071=EDGE_CURVE('',#1667,#1665,#923,.T.);
#2072=EDGE_CURVE('',#1668,#1666,#924,.T.);
#2073=EDGE_CURVE('',#1667,#1668,#925,.T.);
#2074=EDGE_CURVE('',#1669,#1667,#926,.T.);
#2075=EDGE_CURVE('',#1670,#1668,#927,.T.);
#2076=EDGE_CURVE('',#1669,#1670,#928,.T.);
#2077=EDGE_CURVE('',#1651,#1669,#929,.T.);
#2078=EDGE_CURVE('',#1653,#1670,#930,.T.);
#2079=EDGE_CURVE('',#1671,#1671,#329,.T.);
#2080=EDGE_CURVE('',#1672,#1672,#330,.T.);
#2081=EDGE_CURVE('',#1673,#1673,#331,.T.);
#2082=EDGE_CURVE('',#1673,#1672,#931,.T.);
#2083=EDGE_CURVE('',#1674,#1674,#332,.T.);
#2084=EDGE_CURVE('',#1674,#1671,#932,.T.);
#2085=EDGE_CURVE('',#1675,#1675,#333,.T.);
#2086=EDGE_CURVE('',#1676,#1676,#334,.T.);
#2087=EDGE_CURVE('',#1677,#1677,#335,.T.);
#2088=EDGE_CURVE('',#1677,#1676,#933,.T.);
#2089=EDGE_CURVE('',#1678,#1678,#336,.T.);
#2090=EDGE_CURVE('',#1678,#1675,#934,.T.);
#2091=EDGE_CURVE('',#1679,#1680,#935,.T.);
#2092=EDGE_CURVE('',#1680,#1681,#936,.T.);
#2093=EDGE_CURVE('',#1682,#1681,#937,.T.);
#2094=EDGE_CURVE('',#1679,#1682,#938,.T.);
#2095=EDGE_CURVE('',#1683,#1679,#939,.T.);
#2096=EDGE_CURVE('',#1684,#1682,#940,.T.);
#2097=EDGE_CURVE('',#1683,#1684,#941,.T.);
#2098=EDGE_CURVE('',#1685,#1683,#942,.T.);
#2099=EDGE_CURVE('',#1686,#1684,#943,.T.);
#2100=EDGE_CURVE('',#1685,#1686,#944,.T.);
#2101=EDGE_CURVE('',#1687,#1685,#945,.T.);
#2102=EDGE_CURVE('',#1688,#1686,#946,.T.);
#2103=EDGE_CURVE('',#1687,#1688,#947,.T.);
#2104=EDGE_CURVE('',#1689,#1687,#948,.T.);
#2105=EDGE_CURVE('',#1690,#1688,#949,.T.);
#2106=EDGE_CURVE('',#1689,#1690,#950,.T.);
#2107=EDGE_CURVE('',#1691,#1689,#951,.T.);
#2108=EDGE_CURVE('',#1692,#1690,#952,.T.);
#2109=EDGE_CURVE('',#1691,#1692,#953,.T.);
#2110=EDGE_CURVE('',#1693,#1691,#954,.T.);
#2111=EDGE_CURVE('',#1694,#1692,#955,.T.);
#2112=EDGE_CURVE('',#1693,#1694,#956,.T.);
#2113=EDGE_CURVE('',#1695,#1693,#957,.T.);
#2114=EDGE_CURVE('',#1696,#1694,#958,.T.);
#2115=EDGE_CURVE('',#1695,#1696,#959,.T.);
#2116=EDGE_CURVE('',#1697,#1695,#960,.T.);
#2117=EDGE_CURVE('',#1698,#1696,#961,.T.);
#2118=EDGE_CURVE('',#1697,#1698,#962,.T.);
#2119=EDGE_CURVE('',#1699,#1697,#963,.T.);
#2120=EDGE_CURVE('',#1700,#1698,#964,.T.);
#2121=EDGE_CURVE('',#1699,#1700,#965,.T.);
#2122=EDGE_CURVE('',#1701,#1699,#966,.T.);
#2123=EDGE_CURVE('',#1702,#1700,#967,.T.);
#2124=EDGE_CURVE('',#1701,#1702,#968,.T.);
#2125=EDGE_CURVE('',#1680,#1701,#969,.T.);
#2126=EDGE_CURVE('',#1681,#1702,#970,.T.);
#2127=EDGE_CURVE('',#1703,#1704,#13,.T.);
#2128=EDGE_CURVE('',#1704,#1705,#971,.T.);
#2129=EDGE_CURVE('',#1706,#1705,#14,.T.);
#2130=EDGE_CURVE('',#1703,#1706,#972,.T.);
#2131=EDGE_CURVE('',#1707,#1703,#15,.T.);
#2132=EDGE_CURVE('',#1708,#1706,#16,.T.);
#2133=EDGE_CURVE('',#1707,#1708,#973,.T.);
#2134=EDGE_CURVE('',#1709,#1707,#17,.T.);
#2135=EDGE_CURVE('',#1710,#1708,#18,.T.);
#2136=EDGE_CURVE('',#1709,#1710,#974,.T.);
#2137=EDGE_CURVE('',#1711,#1709,#19,.T.);
#2138=EDGE_CURVE('',#1712,#1710,#20,.T.);
#2139=EDGE_CURVE('',#1711,#1712,#975,.T.);
#2140=EDGE_CURVE('',#1713,#1711,#21,.T.);
#2141=EDGE_CURVE('',#1714,#1712,#22,.T.);
#2142=EDGE_CURVE('',#1713,#1714,#976,.T.);
#2143=EDGE_CURVE('',#1715,#1713,#23,.T.);
#2144=EDGE_CURVE('',#1716,#1714,#24,.T.);
#2145=EDGE_CURVE('',#1715,#1716,#977,.T.);
#2146=EDGE_CURVE('',#1717,#1715,#25,.T.);
#2147=EDGE_CURVE('',#1718,#1716,#26,.T.);
#2148=EDGE_CURVE('',#1717,#1718,#978,.T.);
#2149=EDGE_CURVE('',#1719,#1717,#27,.T.);
#2150=EDGE_CURVE('',#1720,#1718,#28,.T.);
#2151=EDGE_CURVE('',#1719,#1720,#979,.T.);
#2152=EDGE_CURVE('',#1721,#1719,#29,.T.);
#2153=EDGE_CURVE('',#1722,#1720,#30,.T.);
#2154=EDGE_CURVE('',#1721,#1722,#980,.T.);
#2155=EDGE_CURVE('',#1723,#1721,#31,.T.);
#2156=EDGE_CURVE('',#1724,#1722,#32,.T.);
#2157=EDGE_CURVE('',#1723,#1724,#981,.T.);
#2158=EDGE_CURVE('',#1725,#1723,#33,.T.);
#2159=EDGE_CURVE('',#1726,#1724,#34,.T.);
#2160=EDGE_CURVE('',#1725,#1726,#982,.T.);
#2161=EDGE_CURVE('',#1704,#1725,#35,.T.);
#2162=EDGE_CURVE('',#1705,#1726,#36,.T.);
#2163=EDGE_CURVE('',#1727,#1728,#37,.T.);
#2164=EDGE_CURVE('',#1728,#1729,#983,.T.);
#2165=EDGE_CURVE('',#1730,#1729,#38,.T.);
#2166=EDGE_CURVE('',#1727,#1730,#984,.T.);
#2167=EDGE_CURVE('',#1731,#1727,#39,.T.);
#2168=EDGE_CURVE('',#1732,#1730,#40,.T.);
#2169=EDGE_CURVE('',#1731,#1732,#985,.T.);
#2170=EDGE_CURVE('',#1733,#1731,#41,.T.);
#2171=EDGE_CURVE('',#1734,#1732,#42,.T.);
#2172=EDGE_CURVE('',#1733,#1734,#986,.T.);
#2173=EDGE_CURVE('',#1735,#1733,#43,.T.);
#2174=EDGE_CURVE('',#1736,#1734,#44,.T.);
#2175=EDGE_CURVE('',#1735,#1736,#987,.T.);
#2176=EDGE_CURVE('',#1737,#1735,#45,.T.);
#2177=EDGE_CURVE('',#1738,#1736,#46,.T.);
#2178=EDGE_CURVE('',#1737,#1738,#988,.T.);
#2179=EDGE_CURVE('',#1739,#1737,#47,.T.);
#2180=EDGE_CURVE('',#1740,#1738,#48,.T.);
#2181=EDGE_CURVE('',#1739,#1740,#989,.T.);
#2182=EDGE_CURVE('',#1741,#1739,#49,.T.);
#2183=EDGE_CURVE('',#1742,#1740,#50,.T.);
#2184=EDGE_CURVE('',#1741,#1742,#990,.T.);
#2185=EDGE_CURVE('',#1728,#1741,#51,.T.);
#2186=EDGE_CURVE('',#1729,#1742,#52,.T.);
#2187=EDGE_CURVE('',#1743,#1744,#991,.T.);
#2188=EDGE_CURVE('',#1745,#1743,#992,.T.);
#2189=EDGE_CURVE('',#1746,#1745,#993,.T.);
#2190=EDGE_CURVE('',#1744,#1746,#994,.T.);
#2191=EDGE_CURVE('',#1747,#1748,#53,.T.);
#2192=EDGE_CURVE('',#1748,#1749,#54,.T.);
#2193=EDGE_CURVE('',#1749,#1750,#995,.T.);
#2194=EDGE_CURVE('',#1750,#1751,#55,.T.);
#2195=EDGE_CURVE('',#1751,#1752,#56,.T.);
#2196=EDGE_CURVE('',#1752,#1753,#57,.T.);
#2197=EDGE_CURVE('',#1753,#1754,#58,.T.);
#2198=EDGE_CURVE('',#1754,#1755,#59,.T.);
#2199=EDGE_CURVE('',#1755,#1756,#60,.T.);
#2200=EDGE_CURVE('',#1756,#1757,#61,.T.);
#2201=EDGE_CURVE('',#1757,#1758,#62,.T.);
#2202=EDGE_CURVE('',#1758,#1759,#63,.T.);
#2203=EDGE_CURVE('',#1759,#1760,#64,.T.);
#2204=EDGE_CURVE('',#1760,#1761,#65,.T.);
#2205=EDGE_CURVE('',#1761,#1762,#66,.T.);
#2206=EDGE_CURVE('',#1762,#1747,#67,.T.);
#2207=EDGE_CURVE('',#1763,#1764,#996,.T.);
#2208=EDGE_CURVE('',#1764,#1765,#997,.T.);
#2209=EDGE_CURVE('',#1765,#1766,#998,.T.);
#2210=EDGE_CURVE('',#1766,#1767,#999,.T.);
#2211=EDGE_CURVE('',#1767,#1768,#1000,.T.);
#2212=EDGE_CURVE('',#1768,#1769,#1001,.T.);
#2213=EDGE_CURVE('',#1769,#1770,#1002,.T.);
#2214=EDGE_CURVE('',#1770,#1763,#1003,.T.);
#2215=EDGE_CURVE('',#1771,#1772,#68,.T.);
#2216=EDGE_CURVE('',#1772,#1773,#1004,.T.);
#2217=EDGE_CURVE('',#1774,#1773,#69,.T.);
#2218=EDGE_CURVE('',#1771,#1774,#1005,.T.);
#2219=EDGE_CURVE('',#1775,#1771,#70,.T.);
#2220=EDGE_CURVE('',#1776,#1774,#71,.T.);
#2221=EDGE_CURVE('',#1775,#1776,#1006,.T.);
#2222=EDGE_CURVE('',#1777,#1775,#72,.T.);
#2223=EDGE_CURVE('',#1778,#1776,#73,.T.);
#2224=EDGE_CURVE('',#1777,#1778,#1007,.T.);
#2225=EDGE_CURVE('',#1779,#1777,#74,.T.);
#2226=EDGE_CURVE('',#1780,#1778,#75,.T.);
#2227=EDGE_CURVE('',#1779,#1780,#1008,.T.);
#2228=EDGE_CURVE('',#1781,#1779,#76,.T.);
#2229=EDGE_CURVE('',#1782,#1780,#77,.T.);
#2230=EDGE_CURVE('',#1781,#1782,#1009,.T.);
#2231=EDGE_CURVE('',#1783,#1781,#78,.T.);
#2232=EDGE_CURVE('',#1784,#1782,#79,.T.);
#2233=EDGE_CURVE('',#1783,#1784,#1010,.T.);
#2234=EDGE_CURVE('',#1785,#1783,#80,.T.);
#2235=EDGE_CURVE('',#1786,#1784,#81,.T.);
#2236=EDGE_CURVE('',#1785,#1786,#1011,.T.);
#2237=EDGE_CURVE('',#1772,#1785,#82,.T.);
#2238=EDGE_CURVE('',#1773,#1786,#83,.T.);
#2239=EDGE_CURVE('',#1787,#1788,#84,.T.);
#2240=EDGE_CURVE('',#1788,#1748,#1012,.T.);
#2241=EDGE_CURVE('',#1787,#1747,#1013,.T.);
#2242=EDGE_CURVE('',#1789,#1787,#85,.T.);
#2243=EDGE_CURVE('',#1789,#1762,#1014,.T.);
#2244=EDGE_CURVE('',#1790,#1789,#86,.T.);
#2245=EDGE_CURVE('',#1790,#1761,#1015,.T.);
#2246=EDGE_CURVE('',#1791,#1790,#87,.T.);
#2247=EDGE_CURVE('',#1791,#1760,#1016,.T.);
#2248=EDGE_CURVE('',#1792,#1791,#88,.T.);
#2249=EDGE_CURVE('',#1792,#1759,#1017,.T.);
#2250=EDGE_CURVE('',#1793,#1792,#89,.T.);
#2251=EDGE_CURVE('',#1793,#1758,#1018,.T.);
#2252=EDGE_CURVE('',#1794,#1793,#90,.T.);
#2253=EDGE_CURVE('',#1794,#1757,#1019,.T.);
#2254=EDGE_CURVE('',#1795,#1794,#91,.T.);
#2255=EDGE_CURVE('',#1795,#1756,#1020,.T.);
#2256=EDGE_CURVE('',#1796,#1795,#92,.T.);
#2257=EDGE_CURVE('',#1796,#1755,#1021,.T.);
#2258=EDGE_CURVE('',#1797,#1796,#93,.T.);
#2259=EDGE_CURVE('',#1797,#1754,#1022,.T.);
#2260=EDGE_CURVE('',#1798,#1797,#94,.T.);
#2261=EDGE_CURVE('',#1798,#1753,#1023,.T.);
#2262=EDGE_CURVE('',#1799,#1798,#95,.T.);
#2263=EDGE_CURVE('',#1799,#1752,#1024,.T.);
#2264=EDGE_CURVE('',#1800,#1799,#96,.T.);
#2265=EDGE_CURVE('',#1800,#1751,#1025,.T.);
#2266=EDGE_CURVE('',#1801,#1800,#97,.T.);
#2267=EDGE_CURVE('',#1801,#1750,#1026,.T.);
#2268=EDGE_CURVE('',#1802,#1801,#1027,.T.);
#2269=EDGE_CURVE('',#1802,#1749,#1028,.T.);
#2270=EDGE_CURVE('',#1788,#1802,#98,.T.);
#2271=EDGE_CURVE('',#1803,#1804,#1029,.T.);
#2272=EDGE_CURVE('',#1804,#1764,#1030,.T.);
#2273=EDGE_CURVE('',#1803,#1763,#1031,.T.);
#2274=EDGE_CURVE('',#1805,#1803,#1032,.T.);
#2275=EDGE_CURVE('',#1805,#1770,#1033,.T.);
#2276=EDGE_CURVE('',#1806,#1805,#1034,.T.);
#2277=EDGE_CURVE('',#1806,#1769,#1035,.T.);
#2278=EDGE_CURVE('',#1807,#1806,#1036,.T.);
#2279=EDGE_CURVE('',#1807,#1768,#1037,.T.);
#2280=EDGE_CURVE('',#1808,#1807,#1038,.T.);
#2281=EDGE_CURVE('',#1808,#1767,#1039,.T.);
#2282=EDGE_CURVE('',#1809,#1808,#1040,.T.);
#2283=EDGE_CURVE('',#1809,#1766,#1041,.T.);
#2284=EDGE_CURVE('',#1810,#1809,#1042,.T.);
#2285=EDGE_CURVE('',#1810,#1765,#1043,.T.);
#2286=EDGE_CURVE('',#1804,#1810,#1044,.T.);
#2287=EDGE_CURVE('',#1811,#1812,#1045,.T.);
#2288=EDGE_CURVE('',#1811,#1745,#1046,.T.);
#2289=EDGE_CURVE('',#1812,#1743,#1047,.T.);
#2290=EDGE_CURVE('',#1813,#1811,#1048,.T.);
#2291=EDGE_CURVE('',#1813,#1746,#1049,.T.);
#2292=EDGE_CURVE('',#1814,#1813,#1050,.T.);
#2293=EDGE_CURVE('',#1814,#1744,#1051,.T.);
#2294=EDGE_CURVE('',#1812,#1814,#1052,.T.);
#2295=EDGE_CURVE('',#1815,#1816,#1053,.T.);
#2296=EDGE_CURVE('',#1816,#1817,#1054,.T.);
#2297=EDGE_CURVE('',#1818,#1817,#1055,.T.);
#2298=EDGE_CURVE('',#1815,#1818,#1056,.T.);
#2299=EDGE_CURVE('',#1819,#1815,#1057,.T.);
#2300=EDGE_CURVE('',#1820,#1818,#1058,.T.);
#2301=EDGE_CURVE('',#1819,#1820,#1059,.T.);
#2302=EDGE_CURVE('',#1821,#1819,#1060,.T.);
#2303=EDGE_CURVE('',#1822,#1820,#1061,.T.);
#2304=EDGE_CURVE('',#1821,#1822,#1062,.T.);
#2305=EDGE_CURVE('',#1823,#1821,#1063,.T.);
#2306=EDGE_CURVE('',#1824,#1822,#1064,.T.);
#2307=EDGE_CURVE('',#1823,#1824,#1065,.T.);
#2308=EDGE_CURVE('',#1825,#1823,#1066,.T.);
#2309=EDGE_CURVE('',#1826,#1824,#1067,.T.);
#2310=EDGE_CURVE('',#1825,#1826,#1068,.T.);
#2311=EDGE_CURVE('',#1827,#1825,#1069,.T.);
#2312=EDGE_CURVE('',#1828,#1826,#1070,.T.);
#2313=EDGE_CURVE('',#1827,#1828,#1071,.T.);
#2314=EDGE_CURVE('',#1829,#1827,#1072,.T.);
#2315=EDGE_CURVE('',#1830,#1828,#1073,.T.);
#2316=EDGE_CURVE('',#1829,#1830,#1074,.T.);
#2317=EDGE_CURVE('',#1831,#1829,#1075,.T.);
#2318=EDGE_CURVE('',#1832,#1830,#1076,.T.);
#2319=EDGE_CURVE('',#1831,#1832,#1077,.T.);
#2320=EDGE_CURVE('',#1833,#1831,#1078,.T.);
#2321=EDGE_CURVE('',#1834,#1832,#1079,.T.);
#2322=EDGE_CURVE('',#1833,#1834,#1080,.T.);
#2323=EDGE_CURVE('',#1835,#1833,#1081,.T.);
#2324=EDGE_CURVE('',#1836,#1834,#1082,.T.);
#2325=EDGE_CURVE('',#1835,#1836,#1083,.T.);
#2326=EDGE_CURVE('',#1837,#1835,#1084,.T.);
#2327=EDGE_CURVE('',#1838,#1836,#1085,.T.);
#2328=EDGE_CURVE('',#1837,#1838,#1086,.T.);
#2329=EDGE_CURVE('',#1816,#1837,#1087,.T.);
#2330=EDGE_CURVE('',#1817,#1838,#1088,.T.);
#2331=EDGE_CURVE('',#1839,#1840,#99,.T.);
#2332=EDGE_CURVE('',#1840,#1841,#1089,.T.);
#2333=EDGE_CURVE('',#1842,#1841,#100,.T.);
#2334=EDGE_CURVE('',#1839,#1842,#1090,.T.);
#2335=EDGE_CURVE('',#1843,#1839,#101,.T.);
#2336=EDGE_CURVE('',#1844,#1842,#102,.T.);
#2337=EDGE_CURVE('',#1843,#1844,#1091,.T.);
#2338=EDGE_CURVE('',#1845,#1843,#103,.T.);
#2339=EDGE_CURVE('',#1846,#1844,#104,.T.);
#2340=EDGE_CURVE('',#1845,#1846,#1092,.T.);
#2341=EDGE_CURVE('',#1847,#1845,#105,.T.);
#2342=EDGE_CURVE('',#1848,#1846,#106,.T.);
#2343=EDGE_CURVE('',#1847,#1848,#1093,.T.);
#2344=EDGE_CURVE('',#1849,#1847,#107,.T.);
#2345=EDGE_CURVE('',#1850,#1848,#108,.T.);
#2346=EDGE_CURVE('',#1849,#1850,#1094,.T.);
#2347=EDGE_CURVE('',#1851,#1849,#109,.T.);
#2348=EDGE_CURVE('',#1852,#1850,#110,.T.);
#2349=EDGE_CURVE('',#1851,#1852,#1095,.T.);
#2350=EDGE_CURVE('',#1853,#1851,#111,.T.);
#2351=EDGE_CURVE('',#1854,#1852,#112,.T.);
#2352=EDGE_CURVE('',#1853,#1854,#1096,.T.);
#2353=EDGE_CURVE('',#1855,#1853,#113,.T.);
#2354=EDGE_CURVE('',#1856,#1854,#114,.T.);
#2355=EDGE_CURVE('',#1855,#1856,#1097,.T.);
#2356=EDGE_CURVE('',#1857,#1855,#115,.T.);
#2357=EDGE_CURVE('',#1858,#1856,#116,.T.);
#2358=EDGE_CURVE('',#1857,#1858,#1098,.T.);
#2359=EDGE_CURVE('',#1859,#1857,#117,.T.);
#2360=EDGE_CURVE('',#1860,#1858,#118,.T.);
#2361=EDGE_CURVE('',#1859,#1860,#1099,.T.);
#2362=EDGE_CURVE('',#1861,#1859,#119,.T.);
#2363=EDGE_CURVE('',#1862,#1860,#120,.T.);
#2364=EDGE_CURVE('',#1861,#1862,#1100,.T.);
#2365=EDGE_CURVE('',#1840,#1861,#121,.T.);
#2366=EDGE_CURVE('',#1841,#1862,#122,.T.);
#2367=EDGE_CURVE('',#1863,#1864,#123,.T.);
#2368=EDGE_CURVE('',#1864,#1865,#1101,.T.);
#2369=EDGE_CURVE('',#1866,#1865,#124,.T.);
#2370=EDGE_CURVE('',#1863,#1866,#1102,.T.);
#2371=EDGE_CURVE('',#1867,#1863,#125,.T.);
#2372=EDGE_CURVE('',#1868,#1866,#126,.T.);
#2373=EDGE_CURVE('',#1867,#1868,#1103,.T.);
#2374=EDGE_CURVE('',#1869,#1867,#127,.T.);
#2375=EDGE_CURVE('',#1870,#1868,#128,.T.);
#2376=EDGE_CURVE('',#1869,#1870,#1104,.T.);
#2377=EDGE_CURVE('',#1871,#1869,#129,.T.);
#2378=EDGE_CURVE('',#1872,#1870,#130,.T.);
#2379=EDGE_CURVE('',#1871,#1872,#1105,.T.);
#2380=EDGE_CURVE('',#1873,#1871,#131,.T.);
#2381=EDGE_CURVE('',#1874,#1872,#132,.T.);
#2382=EDGE_CURVE('',#1873,#1874,#1106,.T.);
#2383=EDGE_CURVE('',#1875,#1873,#133,.T.);
#2384=EDGE_CURVE('',#1876,#1874,#134,.T.);
#2385=EDGE_CURVE('',#1875,#1876,#1107,.T.);
#2386=EDGE_CURVE('',#1877,#1875,#135,.T.);
#2387=EDGE_CURVE('',#1878,#1876,#136,.T.);
#2388=EDGE_CURVE('',#1877,#1878,#1108,.T.);
#2389=EDGE_CURVE('',#1864,#1877,#137,.T.);
#2390=EDGE_CURVE('',#1865,#1878,#138,.T.);
#2391=EDGE_CURVE('',#1879,#1880,#1109,.T.);
#2392=EDGE_CURVE('',#1881,#1879,#1110,.T.);
#2393=EDGE_CURVE('',#1882,#1881,#1111,.T.);
#2394=EDGE_CURVE('',#1880,#1882,#1112,.T.);
#2395=EDGE_CURVE('',#1883,#1884,#139,.T.);
#2396=EDGE_CURVE('',#1884,#1885,#140,.T.);
#2397=EDGE_CURVE('',#1885,#1886,#1113,.T.);
#2398=EDGE_CURVE('',#1886,#1887,#141,.T.);
#2399=EDGE_CURVE('',#1887,#1888,#142,.T.);
#2400=EDGE_CURVE('',#1888,#1889,#143,.T.);
#2401=EDGE_CURVE('',#1889,#1890,#144,.T.);
#2402=EDGE_CURVE('',#1890,#1891,#145,.T.);
#2403=EDGE_CURVE('',#1891,#1892,#146,.T.);
#2404=EDGE_CURVE('',#1892,#1893,#147,.T.);
#2405=EDGE_CURVE('',#1893,#1894,#148,.T.);
#2406=EDGE_CURVE('',#1894,#1895,#149,.T.);
#2407=EDGE_CURVE('',#1895,#1896,#150,.T.);
#2408=EDGE_CURVE('',#1896,#1897,#151,.T.);
#2409=EDGE_CURVE('',#1897,#1898,#152,.T.);
#2410=EDGE_CURVE('',#1898,#1883,#153,.T.);
#2411=EDGE_CURVE('',#1899,#1900,#1114,.T.);
#2412=EDGE_CURVE('',#1900,#1901,#1115,.T.);
#2413=EDGE_CURVE('',#1901,#1902,#1116,.T.);
#2414=EDGE_CURVE('',#1902,#1903,#1117,.T.);
#2415=EDGE_CURVE('',#1903,#1904,#1118,.T.);
#2416=EDGE_CURVE('',#1904,#1905,#1119,.T.);
#2417=EDGE_CURVE('',#1905,#1906,#1120,.T.);
#2418=EDGE_CURVE('',#1906,#1899,#1121,.T.);
#2419=EDGE_CURVE('',#1907,#1908,#154,.T.);
#2420=EDGE_CURVE('',#1908,#1909,#1122,.T.);
#2421=EDGE_CURVE('',#1910,#1909,#155,.T.);
#2422=EDGE_CURVE('',#1907,#1910,#1123,.T.);
#2423=EDGE_CURVE('',#1911,#1907,#156,.T.);
#2424=EDGE_CURVE('',#1912,#1910,#157,.T.);
#2425=EDGE_CURVE('',#1911,#1912,#1124,.T.);
#2426=EDGE_CURVE('',#1913,#1911,#158,.T.);
#2427=EDGE_CURVE('',#1914,#1912,#159,.T.);
#2428=EDGE_CURVE('',#1913,#1914,#1125,.T.);
#2429=EDGE_CURVE('',#1915,#1913,#160,.T.);
#2430=EDGE_CURVE('',#1916,#1914,#161,.T.);
#2431=EDGE_CURVE('',#1915,#1916,#1126,.T.);
#2432=EDGE_CURVE('',#1917,#1915,#162,.T.);
#2433=EDGE_CURVE('',#1918,#1916,#163,.T.);
#2434=EDGE_CURVE('',#1917,#1918,#1127,.T.);
#2435=EDGE_CURVE('',#1919,#1917,#164,.T.);
#2436=EDGE_CURVE('',#1920,#1918,#165,.T.);
#2437=EDGE_CURVE('',#1919,#1920,#1128,.T.);
#2438=EDGE_CURVE('',#1921,#1919,#166,.T.);
#2439=EDGE_CURVE('',#1922,#1920,#167,.T.);
#2440=EDGE_CURVE('',#1921,#1922,#1129,.T.);
#2441=EDGE_CURVE('',#1908,#1921,#168,.T.);
#2442=EDGE_CURVE('',#1909,#1922,#169,.T.);
#2443=EDGE_CURVE('',#1923,#1924,#170,.T.);
#2444=EDGE_CURVE('',#1924,#1884,#1130,.T.);
#2445=EDGE_CURVE('',#1923,#1883,#1131,.T.);
#2446=EDGE_CURVE('',#1925,#1923,#171,.T.);
#2447=EDGE_CURVE('',#1925,#1898,#1132,.T.);
#2448=EDGE_CURVE('',#1926,#1925,#172,.T.);
#2449=EDGE_CURVE('',#1926,#1897,#1133,.T.);
#2450=EDGE_CURVE('',#1927,#1926,#173,.T.);
#2451=EDGE_CURVE('',#1927,#1896,#1134,.T.);
#2452=EDGE_CURVE('',#1928,#1927,#174,.T.);
#2453=EDGE_CURVE('',#1928,#1895,#1135,.T.);
#2454=EDGE_CURVE('',#1929,#1928,#175,.T.);
#2455=EDGE_CURVE('',#1929,#1894,#1136,.T.);
#2456=EDGE_CURVE('',#1930,#1929,#176,.T.);
#2457=EDGE_CURVE('',#1930,#1893,#1137,.T.);
#2458=EDGE_CURVE('',#1931,#1930,#177,.T.);
#2459=EDGE_CURVE('',#1931,#1892,#1138,.T.);
#2460=EDGE_CURVE('',#1932,#1931,#178,.T.);
#2461=EDGE_CURVE('',#1932,#1891,#1139,.T.);
#2462=EDGE_CURVE('',#1933,#1932,#179,.T.);
#2463=EDGE_CURVE('',#1933,#1890,#1140,.T.);
#2464=EDGE_CURVE('',#1934,#1933,#180,.T.);
#2465=EDGE_CURVE('',#1934,#1889,#1141,.T.);
#2466=EDGE_CURVE('',#1935,#1934,#181,.T.);
#2467=EDGE_CURVE('',#1935,#1888,#1142,.T.);
#2468=EDGE_CURVE('',#1936,#1935,#182,.T.);
#2469=EDGE_CURVE('',#1936,#1887,#1143,.T.);
#2470=EDGE_CURVE('',#1937,#1936,#183,.T.);
#2471=EDGE_CURVE('',#1937,#1886,#1144,.T.);
#2472=EDGE_CURVE('',#1938,#1937,#1145,.T.);
#2473=EDGE_CURVE('',#1938,#1885,#1146,.T.);
#2474=EDGE_CURVE('',#1924,#1938,#184,.T.);
#2475=EDGE_CURVE('',#1939,#1940,#1147,.T.);
#2476=EDGE_CURVE('',#1940,#1900,#1148,.T.);
#2477=EDGE_CURVE('',#1939,#1899,#1149,.T.);
#2478=EDGE_CURVE('',#1941,#1939,#1150,.T.);
#2479=EDGE_CURVE('',#1941,#1906,#1151,.T.);
#2480=EDGE_CURVE('',#1942,#1941,#1152,.T.);
#2481=EDGE_CURVE('',#1942,#1905,#1153,.T.);
#2482=EDGE_CURVE('',#1943,#1942,#1154,.T.);
#2483=EDGE_CURVE('',#1943,#1904,#1155,.T.);
#2484=EDGE_CURVE('',#1944,#1943,#1156,.T.);
#2485=EDGE_CURVE('',#1944,#1903,#1157,.T.);
#2486=EDGE_CURVE('',#1945,#1944,#1158,.T.);
#2487=EDGE_CURVE('',#1945,#1902,#1159,.T.);
#2488=EDGE_CURVE('',#1946,#1945,#1160,.T.);
#2489=EDGE_CURVE('',#1946,#1901,#1161,.T.);
#2490=EDGE_CURVE('',#1940,#1946,#1162,.T.);
#2491=EDGE_CURVE('',#1947,#1948,#1163,.T.);
#2492=EDGE_CURVE('',#1947,#1881,#1164,.T.);
#2493=EDGE_CURVE('',#1948,#1879,#1165,.T.);
#2494=EDGE_CURVE('',#1949,#1947,#1166,.T.);
#2495=EDGE_CURVE('',#1949,#1882,#1167,.T.);
#2496=EDGE_CURVE('',#1950,#1949,#1168,.T.);
#2497=EDGE_CURVE('',#1950,#1880,#1169,.T.);
#2498=EDGE_CURVE('',#1948,#1950,#1170,.T.);
#2499=EDGE_CURVE('',#1951,#1952,#1171,.T.);
#2500=EDGE_CURVE('',#1951,#1953,#1172,.T.);
#2501=EDGE_CURVE('',#1954,#1953,#1173,.T.);
#2502=EDGE_CURVE('',#1952,#1954,#1174,.T.);
#2503=EDGE_CURVE('',#1952,#1955,#1175,.T.);
#2504=EDGE_CURVE('',#1956,#1954,#1176,.T.);
#2505=EDGE_CURVE('',#1955,#1956,#1177,.T.);
#2506=EDGE_CURVE('',#1955,#1957,#1178,.T.);
#2507=EDGE_CURVE('',#1958,#1956,#1179,.T.);
#2508=EDGE_CURVE('',#1957,#1958,#1180,.T.);
#2509=EDGE_CURVE('',#1957,#1951,#1181,.T.);
#2510=EDGE_CURVE('',#1953,#1958,#1182,.T.);
#2511=EDGE_CURVE('',#1959,#1960,#1183,.T.);
#2512=EDGE_CURVE('',#1959,#1961,#1184,.T.);
#2513=EDGE_CURVE('',#1962,#1961,#1185,.T.);
#2514=EDGE_CURVE('',#1960,#1962,#1186,.T.);
#2515=EDGE_CURVE('',#1960,#1963,#1187,.T.);
#2516=EDGE_CURVE('',#1964,#1962,#1188,.T.);
#2517=EDGE_CURVE('',#1963,#1964,#1189,.T.);
#2518=EDGE_CURVE('',#1963,#1965,#1190,.T.);
#2519=EDGE_CURVE('',#1966,#1964,#1191,.T.);
#2520=EDGE_CURVE('',#1965,#1966,#1192,.T.);
#2521=EDGE_CURVE('',#1965,#1967,#1193,.T.);
#2522=EDGE_CURVE('',#1968,#1966,#1194,.T.);
#2523=EDGE_CURVE('',#1967,#1968,#1195,.T.);
#2524=EDGE_CURVE('',#1967,#1969,#1196,.T.);
#2525=EDGE_CURVE('',#1970,#1968,#1197,.T.);
#2526=EDGE_CURVE('',#1969,#1970,#1198,.T.);
#2527=EDGE_CURVE('',#1969,#1971,#1199,.T.);
#2528=EDGE_CURVE('',#1972,#1970,#1200,.T.);
#2529=EDGE_CURVE('',#1971,#1972,#1201,.T.);
#2530=EDGE_CURVE('',#1971,#1973,#1202,.T.);
#2531=EDGE_CURVE('',#1974,#1972,#1203,.T.);
#2532=EDGE_CURVE('',#1973,#1974,#1204,.T.);
#2533=EDGE_CURVE('',#1973,#1975,#1205,.T.);
#2534=EDGE_CURVE('',#1976,#1974,#1206,.T.);
#2535=EDGE_CURVE('',#1975,#1976,#1207,.T.);
#2536=EDGE_CURVE('',#1975,#1977,#1208,.T.);
#2537=EDGE_CURVE('',#1978,#1976,#1209,.T.);
#2538=EDGE_CURVE('',#1977,#1978,#1210,.T.);
#2539=EDGE_CURVE('',#1977,#1979,#1211,.T.);
#2540=EDGE_CURVE('',#1980,#1978,#1212,.T.);
#2541=EDGE_CURVE('',#1979,#1980,#1213,.T.);
#2542=EDGE_CURVE('',#1979,#1981,#1214,.T.);
#2543=EDGE_CURVE('',#1982,#1980,#1215,.T.);
#2544=EDGE_CURVE('',#1981,#1982,#1216,.T.);
#2545=EDGE_CURVE('',#1981,#1959,#1217,.T.);
#2546=EDGE_CURVE('',#1961,#1982,#1218,.T.);
#2547=EDGE_CURVE('',#1983,#1983,#337,.T.);
#2548=EDGE_CURVE('',#1983,#1984,#1219,.T.);
#2549=EDGE_CURVE('',#1984,#1984,#338,.T.);
#2550=EDGE_CURVE('',#1985,#1985,#339,.T.);
#2551=EDGE_CURVE('',#1986,#1986,#340,.T.);
#2552=EDGE_CURVE('',#1986,#1987,#1220,.T.);
#2553=EDGE_CURVE('',#1987,#1987,#341,.T.);
#2554=EDGE_CURVE('',#1988,#1988,#342,.T.);
#2555=EDGE_CURVE('',#1988,#1989,#1221,.T.);
#2556=EDGE_CURVE('',#1989,#1989,#343,.T.);
#2557=EDGE_CURVE('',#1985,#1990,#1222,.T.);
#2558=EDGE_CURVE('',#1990,#1990,#344,.T.);
#2559=EDGE_CURVE('',#1991,#1992,#1223,.T.);
#2560=EDGE_CURVE('',#1992,#1993,#1224,.T.);
#2561=EDGE_CURVE('',#1994,#1993,#1225,.T.);
#2562=EDGE_CURVE('',#1991,#1994,#1226,.T.);
#2563=EDGE_CURVE('',#1995,#1991,#1227,.T.);
#2564=EDGE_CURVE('',#1996,#1994,#1228,.T.);
#2565=EDGE_CURVE('',#1995,#1996,#1229,.T.);
#2566=EDGE_CURVE('',#1997,#1995,#1230,.T.);
#2567=EDGE_CURVE('',#1998,#1996,#1231,.T.);
#2568=EDGE_CURVE('',#1997,#1998,#1232,.T.);
#2569=EDGE_CURVE('',#1999,#1997,#1233,.T.);
#2570=EDGE_CURVE('',#2000,#1998,#1234,.T.);
#2571=EDGE_CURVE('',#1999,#2000,#1235,.T.);
#2572=EDGE_CURVE('',#2001,#1999,#1236,.T.);
#2573=EDGE_CURVE('',#2002,#2000,#1237,.T.);
#2574=EDGE_CURVE('',#2001,#2002,#1238,.T.);
#2575=EDGE_CURVE('',#1992,#2001,#1239,.T.);
#2576=EDGE_CURVE('',#1993,#2002,#1240,.T.);
#2577=EDGE_CURVE('',#2003,#2004,#345,.T.);
#2578=EDGE_CURVE('',#2003,#2005,#1241,.T.);
#2579=EDGE_CURVE('',#2006,#2005,#346,.T.);
#2580=EDGE_CURVE('',#2004,#2006,#1242,.T.);
#2581=EDGE_CURVE('',#2004,#2007,#1243,.T.);
#2582=EDGE_CURVE('',#2008,#2006,#1244,.T.);
#2583=EDGE_CURVE('',#2007,#2008,#1245,.T.);
#2584=EDGE_CURVE('',#2009,#2007,#347,.T.);
#2585=EDGE_CURVE('',#2010,#2008,#348,.T.);
#2586=EDGE_CURVE('',#2009,#2010,#1246,.T.);
#2587=EDGE_CURVE('',#2009,#2003,#1247,.T.);
#2588=EDGE_CURVE('',#2005,#2010,#1248,.T.);
#2589=EDGE_CURVE('',#2011,#2012,#1249,.T.);
#2590=EDGE_CURVE('',#2011,#2013,#1250,.T.);
#2591=EDGE_CURVE('',#2014,#2013,#1251,.T.);
#2592=EDGE_CURVE('',#2012,#2014,#1252,.T.);
#2593=EDGE_CURVE('',#2012,#2015,#349,.T.);
#2594=EDGE_CURVE('',#2016,#2014,#350,.T.);
#2595=EDGE_CURVE('',#2015,#2016,#1253,.T.);
#2596=EDGE_CURVE('',#2015,#2017,#1254,.T.);
#2597=EDGE_CURVE('',#2018,#2016,#1255,.T.);
#2598=EDGE_CURVE('',#2017,#2018,#1256,.T.);
#2599=EDGE_CURVE('',#2011,#2017,#351,.T.);
#2600=EDGE_CURVE('',#2013,#2018,#352,.T.);
#2601=EDGE_CURVE('',#2019,#2019,#353,.T.);
#2602=EDGE_CURVE('',#2019,#2020,#1257,.T.);
#2603=EDGE_CURVE('',#2020,#2020,#354,.T.);
#2604=EDGE_CURVE('',#2021,#2021,#355,.T.);
#2605=EDGE_CURVE('',#2021,#2022,#1258,.T.);
#2606=EDGE_CURVE('',#2022,#2022,#356,.T.);
#2607=EDGE_CURVE('',#2023,#2023,#357,.T.);
#2608=EDGE_CURVE('',#2023,#2024,#1259,.T.);
#2609=EDGE_CURVE('',#2024,#2024,#358,.T.);
#2610=EDGE_CURVE('',#2025,#2025,#359,.T.);
#2611=EDGE_CURVE('',#2025,#2026,#1260,.T.);
#2612=EDGE_CURVE('',#2026,#2026,#360,.T.);
#2613=EDGE_CURVE('',#2027,#2027,#361,.T.);
#2614=EDGE_CURVE('',#2027,#2028,#1261,.T.);
#2615=EDGE_CURVE('',#2028,#2028,#362,.T.);
#2616=EDGE_CURVE('',#2029,#2029,#363,.T.);
#2617=EDGE_CURVE('',#2029,#2030,#1262,.T.);
#2618=EDGE_CURVE('',#2030,#2030,#364,.T.);
#2619=ORIENTED_EDGE('',*,*,#2031,.F.);
#2620=ORIENTED_EDGE('',*,*,#2032,.T.);
#2621=ORIENTED_EDGE('',*,*,#2033,.F.);
#2622=ORIENTED_EDGE('',*,*,#2034,.F.);
#2623=ORIENTED_EDGE('',*,*,#2035,.F.);
#2624=ORIENTED_EDGE('',*,*,#2036,.T.);
#2625=ORIENTED_EDGE('',*,*,#2037,.F.);
#2626=ORIENTED_EDGE('',*,*,#2032,.F.);
#2627=ORIENTED_EDGE('',*,*,#2038,.F.);
#2628=ORIENTED_EDGE('',*,*,#2039,.T.);
#2629=ORIENTED_EDGE('',*,*,#2040,.F.);
#2630=ORIENTED_EDGE('',*,*,#2036,.F.);
#2631=ORIENTED_EDGE('',*,*,#2040,.T.);
#2632=ORIENTED_EDGE('',*,*,#2041,.T.);
#2633=ORIENTED_EDGE('',*,*,#2033,.T.);
#2634=ORIENTED_EDGE('',*,*,#2037,.T.);
#2635=ORIENTED_EDGE('',*,*,#2042,.F.);
#2636=ORIENTED_EDGE('',*,*,#2043,.T.);
#2637=ORIENTED_EDGE('',*,*,#2044,.T.);
#2638=ORIENTED_EDGE('',*,*,#2043,.F.);
#2639=ORIENTED_EDGE('',*,*,#2045,.F.);
#2640=ORIENTED_EDGE('',*,*,#2046,.T.);
#2641=ORIENTED_EDGE('',*,*,#2047,.T.);
#2642=ORIENTED_EDGE('',*,*,#2046,.F.);
#2643=ORIENTED_EDGE('',*,*,#2048,.F.);
#2644=ORIENTED_EDGE('',*,*,#2049,.T.);
#2645=ORIENTED_EDGE('',*,*,#2050,.F.);
#2646=ORIENTED_EDGE('',*,*,#2051,.F.);
#2647=ORIENTED_EDGE('',*,*,#2052,.F.);
#2648=ORIENTED_EDGE('',*,*,#2051,.T.);
#2649=ORIENTED_EDGE('',*,*,#2053,.F.);
#2650=ORIENTED_EDGE('',*,*,#2054,.F.);
#2651=ORIENTED_EDGE('',*,*,#2055,.F.);
#2652=ORIENTED_EDGE('',*,*,#2054,.T.);
#2653=ORIENTED_EDGE('',*,*,#2056,.F.);
#2654=ORIENTED_EDGE('',*,*,#2034,.T.);
#2655=ORIENTED_EDGE('',*,*,#2041,.F.);
#2656=ORIENTED_EDGE('',*,*,#2039,.F.);
#2657=ORIENTED_EDGE('',*,*,#2057,.F.);
#2658=ORIENTED_EDGE('',*,*,#2058,.F.);
#2659=ORIENTED_EDGE('',*,*,#2059,.F.);
#2660=ORIENTED_EDGE('',*,*,#2058,.T.);
#2661=ORIENTED_EDGE('',*,*,#2060,.F.);
#2662=ORIENTED_EDGE('',*,*,#2061,.F.);
#2663=ORIENTED_EDGE('',*,*,#2062,.F.);
#2664=ORIENTED_EDGE('',*,*,#2061,.T.);
#2665=ORIENTED_EDGE('',*,*,#2063,.F.);
#2666=ORIENTED_EDGE('',*,*,#2064,.F.);
#2667=ORIENTED_EDGE('',*,*,#2065,.F.);
#2668=ORIENTED_EDGE('',*,*,#2064,.T.);
#2669=ORIENTED_EDGE('',*,*,#2066,.F.);
#2670=ORIENTED_EDGE('',*,*,#2067,.F.);
#2671=ORIENTED_EDGE('',*,*,#2068,.F.);
#2672=ORIENTED_EDGE('',*,*,#2067,.T.);
#2673=ORIENTED_EDGE('',*,*,#2069,.F.);
#2674=ORIENTED_EDGE('',*,*,#2070,.F.);
#2675=ORIENTED_EDGE('',*,*,#2071,.T.);
#2676=ORIENTED_EDGE('',*,*,#2070,.T.);
#2677=ORIENTED_EDGE('',*,*,#2072,.F.);
#2678=ORIENTED_EDGE('',*,*,#2073,.F.);
#2679=ORIENTED_EDGE('',*,*,#2074,.T.);
#2680=ORIENTED_EDGE('',*,*,#2073,.T.);
#2681=ORIENTED_EDGE('',*,*,#2075,.F.);
#2682=ORIENTED_EDGE('',*,*,#2076,.F.);
#2683=ORIENTED_EDGE('',*,*,#2077,.T.);
#2684=ORIENTED_EDGE('',*,*,#2076,.T.);
#2685=ORIENTED_EDGE('',*,*,#2078,.F.);
#2686=ORIENTED_EDGE('',*,*,#2049,.F.);
#2687=ORIENTED_EDGE('',*,*,#2078,.T.);
#2688=ORIENTED_EDGE('',*,*,#2075,.T.);
#2689=ORIENTED_EDGE('',*,*,#2072,.T.);
#2690=ORIENTED_EDGE('',*,*,#2069,.T.);
#2691=ORIENTED_EDGE('',*,*,#2066,.T.);
#2692=ORIENTED_EDGE('',*,*,#2063,.T.);
#2693=ORIENTED_EDGE('',*,*,#2060,.T.);
#2694=ORIENTED_EDGE('',*,*,#2057,.T.);
#2695=ORIENTED_EDGE('',*,*,#2038,.T.);
#2696=ORIENTED_EDGE('',*,*,#2035,.T.);
#2697=ORIENTED_EDGE('',*,*,#2031,.T.);
#2698=ORIENTED_EDGE('',*,*,#2056,.T.);
#2699=ORIENTED_EDGE('',*,*,#2053,.T.);
#2700=ORIENTED_EDGE('',*,*,#2050,.T.);
#2701=ORIENTED_EDGE('',*,*,#2045,.T.);
#2702=ORIENTED_EDGE('',*,*,#2042,.T.);
#2703=ORIENTED_EDGE('',*,*,#2077,.F.);
#2704=ORIENTED_EDGE('',*,*,#2048,.T.);
#2705=ORIENTED_EDGE('',*,*,#2052,.T.);
#2706=ORIENTED_EDGE('',*,*,#2055,.T.);
#2707=ORIENTED_EDGE('',*,*,#2059,.T.);
#2708=ORIENTED_EDGE('',*,*,#2062,.T.);
#2709=ORIENTED_EDGE('',*,*,#2065,.T.);
#2710=ORIENTED_EDGE('',*,*,#2068,.T.);
#2711=ORIENTED_EDGE('',*,*,#2071,.F.);
#2712=ORIENTED_EDGE('',*,*,#2074,.F.);
#2713=ORIENTED_EDGE('',*,*,#2047,.F.);
#2714=ORIENTED_EDGE('',*,*,#2044,.F.);
#2715=ORIENTED_EDGE('',*,*,#2079,.T.);
#2716=ORIENTED_EDGE('',*,*,#2080,.T.);
#2717=ORIENTED_EDGE('',*,*,#2081,.F.);
#2718=ORIENTED_EDGE('',*,*,#2082,.T.);
#2719=ORIENTED_EDGE('',*,*,#2080,.F.);
#2720=ORIENTED_EDGE('',*,*,#2082,.F.);
#2721=ORIENTED_EDGE('',*,*,#2083,.F.);
#2722=ORIENTED_EDGE('',*,*,#2084,.T.);
#2723=ORIENTED_EDGE('',*,*,#2079,.F.);
#2724=ORIENTED_EDGE('',*,*,#2084,.F.);
#2725=ORIENTED_EDGE('',*,*,#2083,.T.);
#2726=ORIENTED_EDGE('',*,*,#2081,.T.);
#2727=ORIENTED_EDGE('',*,*,#2085,.T.);
#2728=ORIENTED_EDGE('',*,*,#2086,.T.);
#2729=ORIENTED_EDGE('',*,*,#2087,.F.);
#2730=ORIENTED_EDGE('',*,*,#2088,.T.);
#2731=ORIENTED_EDGE('',*,*,#2086,.F.);
#2732=ORIENTED_EDGE('',*,*,#2088,.F.);
#2733=ORIENTED_EDGE('',*,*,#2089,.F.);
#2734=ORIENTED_EDGE('',*,*,#2090,.T.);
#2735=ORIENTED_EDGE('',*,*,#2085,.F.);
#2736=ORIENTED_EDGE('',*,*,#2090,.F.);
#2737=ORIENTED_EDGE('',*,*,#2089,.T.);
#2738=ORIENTED_EDGE('',*,*,#2087,.T.);
#2739=ORIENTED_EDGE('',*,*,#2091,.T.);
#2740=ORIENTED_EDGE('',*,*,#2092,.T.);
#2741=ORIENTED_EDGE('',*,*,#2093,.F.);
#2742=ORIENTED_EDGE('',*,*,#2094,.F.);
#2743=ORIENTED_EDGE('',*,*,#2095,.T.);
#2744=ORIENTED_EDGE('',*,*,#2094,.T.);
#2745=ORIENTED_EDGE('',*,*,#2096,.F.);
#2746=ORIENTED_EDGE('',*,*,#2097,.F.);
#2747=ORIENTED_EDGE('',*,*,#2098,.T.);
#2748=ORIENTED_EDGE('',*,*,#2097,.T.);
#2749=ORIENTED_EDGE('',*,*,#2099,.F.);
#2750=ORIENTED_EDGE('',*,*,#2100,.F.);
#2751=ORIENTED_EDGE('',*,*,#2101,.T.);
#2752=ORIENTED_EDGE('',*,*,#2100,.T.);
#2753=ORIENTED_EDGE('',*,*,#2102,.F.);
#2754=ORIENTED_EDGE('',*,*,#2103,.F.);
#2755=ORIENTED_EDGE('',*,*,#2104,.T.);
#2756=ORIENTED_EDGE('',*,*,#2103,.T.);
#2757=ORIENTED_EDGE('',*,*,#2105,.F.);
#2758=ORIENTED_EDGE('',*,*,#2106,.F.);
#2759=ORIENTED_EDGE('',*,*,#2107,.T.);
#2760=ORIENTED_EDGE('',*,*,#2106,.T.);
#2761=ORIENTED_EDGE('',*,*,#2108,.F.);
#2762=ORIENTED_EDGE('',*,*,#2109,.F.);
#2763=ORIENTED_EDGE('',*,*,#2110,.T.);
#2764=ORIENTED_EDGE('',*,*,#2109,.T.);
#2765=ORIENTED_EDGE('',*,*,#2111,.F.);
#2766=ORIENTED_EDGE('',*,*,#2112,.F.);
#2767=ORIENTED_EDGE('',*,*,#2113,.T.);
#2768=ORIENTED_EDGE('',*,*,#2112,.T.);
#2769=ORIENTED_EDGE('',*,*,#2114,.F.);
#2770=ORIENTED_EDGE('',*,*,#2115,.F.);
#2771=ORIENTED_EDGE('',*,*,#2116,.T.);
#2772=ORIENTED_EDGE('',*,*,#2115,.T.);
#2773=ORIENTED_EDGE('',*,*,#2117,.F.);
#2774=ORIENTED_EDGE('',*,*,#2118,.F.);
#2775=ORIENTED_EDGE('',*,*,#2119,.T.);
#2776=ORIENTED_EDGE('',*,*,#2118,.T.);
#2777=ORIENTED_EDGE('',*,*,#2120,.F.);
#2778=ORIENTED_EDGE('',*,*,#2121,.F.);
#2779=ORIENTED_EDGE('',*,*,#2122,.T.);
#2780=ORIENTED_EDGE('',*,*,#2121,.T.);
#2781=ORIENTED_EDGE('',*,*,#2123,.F.);
#2782=ORIENTED_EDGE('',*,*,#2124,.F.);
#2783=ORIENTED_EDGE('',*,*,#2125,.T.);
#2784=ORIENTED_EDGE('',*,*,#2124,.T.);
#2785=ORIENTED_EDGE('',*,*,#2126,.F.);
#2786=ORIENTED_EDGE('',*,*,#2092,.F.);
#2787=ORIENTED_EDGE('',*,*,#2125,.F.);
#2788=ORIENTED_EDGE('',*,*,#2091,.F.);
#2789=ORIENTED_EDGE('',*,*,#2095,.F.);
#2790=ORIENTED_EDGE('',*,*,#2098,.F.);
#2791=ORIENTED_EDGE('',*,*,#2101,.F.);
#2792=ORIENTED_EDGE('',*,*,#2104,.F.);
#2793=ORIENTED_EDGE('',*,*,#2107,.F.);
#2794=ORIENTED_EDGE('',*,*,#2110,.F.);
#2795=ORIENTED_EDGE('',*,*,#2113,.F.);
#2796=ORIENTED_EDGE('',*,*,#2116,.F.);
#2797=ORIENTED_EDGE('',*,*,#2119,.F.);
#2798=ORIENTED_EDGE('',*,*,#2122,.F.);
#2799=ORIENTED_EDGE('',*,*,#2127,.T.);
#2800=ORIENTED_EDGE('',*,*,#2128,.T.);
#2801=ORIENTED_EDGE('',*,*,#2129,.F.);
#2802=ORIENTED_EDGE('',*,*,#2130,.F.);
#2803=ORIENTED_EDGE('',*,*,#2131,.T.);
#2804=ORIENTED_EDGE('',*,*,#2130,.T.);
#2805=ORIENTED_EDGE('',*,*,#2132,.F.);
#2806=ORIENTED_EDGE('',*,*,#2133,.F.);
#2807=ORIENTED_EDGE('',*,*,#2134,.T.);
#2808=ORIENTED_EDGE('',*,*,#2133,.T.);
#2809=ORIENTED_EDGE('',*,*,#2135,.F.);
#2810=ORIENTED_EDGE('',*,*,#2136,.F.);
#2811=ORIENTED_EDGE('',*,*,#2137,.T.);
#2812=ORIENTED_EDGE('',*,*,#2136,.T.);
#2813=ORIENTED_EDGE('',*,*,#2138,.F.);
#2814=ORIENTED_EDGE('',*,*,#2139,.F.);
#2815=ORIENTED_EDGE('',*,*,#2140,.T.);
#2816=ORIENTED_EDGE('',*,*,#2139,.T.);
#2817=ORIENTED_EDGE('',*,*,#2141,.F.);
#2818=ORIENTED_EDGE('',*,*,#2142,.F.);
#2819=ORIENTED_EDGE('',*,*,#2143,.T.);
#2820=ORIENTED_EDGE('',*,*,#2142,.T.);
#2821=ORIENTED_EDGE('',*,*,#2144,.F.);
#2822=ORIENTED_EDGE('',*,*,#2145,.F.);
#2823=ORIENTED_EDGE('',*,*,#2146,.T.);
#2824=ORIENTED_EDGE('',*,*,#2145,.T.);
#2825=ORIENTED_EDGE('',*,*,#2147,.F.);
#2826=ORIENTED_EDGE('',*,*,#2148,.F.);
#2827=ORIENTED_EDGE('',*,*,#2149,.T.);
#2828=ORIENTED_EDGE('',*,*,#2148,.T.);
#2829=ORIENTED_EDGE('',*,*,#2150,.F.);
#2830=ORIENTED_EDGE('',*,*,#2151,.F.);
#2831=ORIENTED_EDGE('',*,*,#2152,.T.);
#2832=ORIENTED_EDGE('',*,*,#2151,.T.);
#2833=ORIENTED_EDGE('',*,*,#2153,.F.);
#2834=ORIENTED_EDGE('',*,*,#2154,.F.);
#2835=ORIENTED_EDGE('',*,*,#2155,.T.);
#2836=ORIENTED_EDGE('',*,*,#2154,.T.);
#2837=ORIENTED_EDGE('',*,*,#2156,.F.);
#2838=ORIENTED_EDGE('',*,*,#2157,.F.);
#2839=ORIENTED_EDGE('',*,*,#2158,.T.);
#2840=ORIENTED_EDGE('',*,*,#2157,.T.);
#2841=ORIENTED_EDGE('',*,*,#2159,.F.);
#2842=ORIENTED_EDGE('',*,*,#2160,.F.);
#2843=ORIENTED_EDGE('',*,*,#2161,.T.);
#2844=ORIENTED_EDGE('',*,*,#2160,.T.);
#2845=ORIENTED_EDGE('',*,*,#2162,.F.);
#2846=ORIENTED_EDGE('',*,*,#2128,.F.);
#2847=ORIENTED_EDGE('',*,*,#2163,.T.);
#2848=ORIENTED_EDGE('',*,*,#2164,.T.);
#2849=ORIENTED_EDGE('',*,*,#2165,.F.);
#2850=ORIENTED_EDGE('',*,*,#2166,.F.);
#2851=ORIENTED_EDGE('',*,*,#2167,.T.);
#2852=ORIENTED_EDGE('',*,*,#2166,.T.);
#2853=ORIENTED_EDGE('',*,*,#2168,.F.);
#2854=ORIENTED_EDGE('',*,*,#2169,.F.);
#2855=ORIENTED_EDGE('',*,*,#2170,.T.);
#2856=ORIENTED_EDGE('',*,*,#2169,.T.);
#2857=ORIENTED_EDGE('',*,*,#2171,.F.);
#2858=ORIENTED_EDGE('',*,*,#2172,.F.);
#2859=ORIENTED_EDGE('',*,*,#2173,.T.);
#2860=ORIENTED_EDGE('',*,*,#2172,.T.);
#2861=ORIENTED_EDGE('',*,*,#2174,.F.);
#2862=ORIENTED_EDGE('',*,*,#2175,.F.);
#2863=ORIENTED_EDGE('',*,*,#2176,.T.);
#2864=ORIENTED_EDGE('',*,*,#2175,.T.);
#2865=ORIENTED_EDGE('',*,*,#2177,.F.);
#2866=ORIENTED_EDGE('',*,*,#2178,.F.);
#2867=ORIENTED_EDGE('',*,*,#2179,.T.);
#2868=ORIENTED_EDGE('',*,*,#2178,.T.);
#2869=ORIENTED_EDGE('',*,*,#2180,.F.);
#2870=ORIENTED_EDGE('',*,*,#2181,.F.);
#2871=ORIENTED_EDGE('',*,*,#2182,.T.);
#2872=ORIENTED_EDGE('',*,*,#2181,.T.);
#2873=ORIENTED_EDGE('',*,*,#2183,.F.);
#2874=ORIENTED_EDGE('',*,*,#2184,.F.);
#2875=ORIENTED_EDGE('',*,*,#2185,.T.);
#2876=ORIENTED_EDGE('',*,*,#2184,.T.);
#2877=ORIENTED_EDGE('',*,*,#2186,.F.);
#2878=ORIENTED_EDGE('',*,*,#2164,.F.);
#2879=ORIENTED_EDGE('',*,*,#2185,.F.);
#2880=ORIENTED_EDGE('',*,*,#2163,.F.);
#2881=ORIENTED_EDGE('',*,*,#2167,.F.);
#2882=ORIENTED_EDGE('',*,*,#2170,.F.);
#2883=ORIENTED_EDGE('',*,*,#2173,.F.);
#2884=ORIENTED_EDGE('',*,*,#2176,.F.);
#2885=ORIENTED_EDGE('',*,*,#2179,.F.);
#2886=ORIENTED_EDGE('',*,*,#2182,.F.);
#2887=ORIENTED_EDGE('',*,*,#2161,.F.);
#2888=ORIENTED_EDGE('',*,*,#2127,.F.);
#2889=ORIENTED_EDGE('',*,*,#2131,.F.);
#2890=ORIENTED_EDGE('',*,*,#2134,.F.);
#2891=ORIENTED_EDGE('',*,*,#2137,.F.);
#2892=ORIENTED_EDGE('',*,*,#2140,.F.);
#2893=ORIENTED_EDGE('',*,*,#2143,.F.);
#2894=ORIENTED_EDGE('',*,*,#2146,.F.);
#2895=ORIENTED_EDGE('',*,*,#2149,.F.);
#2896=ORIENTED_EDGE('',*,*,#2152,.F.);
#2897=ORIENTED_EDGE('',*,*,#2155,.F.);
#2898=ORIENTED_EDGE('',*,*,#2158,.F.);
#2899=ORIENTED_EDGE('',*,*,#2187,.F.);
#2900=ORIENTED_EDGE('',*,*,#2188,.F.);
#2901=ORIENTED_EDGE('',*,*,#2189,.F.);
#2902=ORIENTED_EDGE('',*,*,#2190,.F.);
#2903=ORIENTED_EDGE('',*,*,#2093,.T.);
#2904=ORIENTED_EDGE('',*,*,#2126,.T.);
#2905=ORIENTED_EDGE('',*,*,#2123,.T.);
#2906=ORIENTED_EDGE('',*,*,#2120,.T.);
#2907=ORIENTED_EDGE('',*,*,#2117,.T.);
#2908=ORIENTED_EDGE('',*,*,#2114,.T.);
#2909=ORIENTED_EDGE('',*,*,#2111,.T.);
#2910=ORIENTED_EDGE('',*,*,#2108,.T.);
#2911=ORIENTED_EDGE('',*,*,#2105,.T.);
#2912=ORIENTED_EDGE('',*,*,#2102,.T.);
#2913=ORIENTED_EDGE('',*,*,#2099,.T.);
#2914=ORIENTED_EDGE('',*,*,#2096,.T.);
#2915=ORIENTED_EDGE('',*,*,#2191,.T.);
#2916=ORIENTED_EDGE('',*,*,#2192,.T.);
#2917=ORIENTED_EDGE('',*,*,#2193,.T.);
#2918=ORIENTED_EDGE('',*,*,#2194,.T.);
#2919=ORIENTED_EDGE('',*,*,#2195,.T.);
#2920=ORIENTED_EDGE('',*,*,#2196,.T.);
#2921=ORIENTED_EDGE('',*,*,#2197,.T.);
#2922=ORIENTED_EDGE('',*,*,#2198,.T.);
#2923=ORIENTED_EDGE('',*,*,#2199,.T.);
#2924=ORIENTED_EDGE('',*,*,#2200,.T.);
#2925=ORIENTED_EDGE('',*,*,#2201,.T.);
#2926=ORIENTED_EDGE('',*,*,#2202,.T.);
#2927=ORIENTED_EDGE('',*,*,#2203,.T.);
#2928=ORIENTED_EDGE('',*,*,#2204,.T.);
#2929=ORIENTED_EDGE('',*,*,#2205,.T.);
#2930=ORIENTED_EDGE('',*,*,#2206,.T.);
#2931=ORIENTED_EDGE('',*,*,#2207,.T.);
#2932=ORIENTED_EDGE('',*,*,#2208,.T.);
#2933=ORIENTED_EDGE('',*,*,#2209,.T.);
#2934=ORIENTED_EDGE('',*,*,#2210,.T.);
#2935=ORIENTED_EDGE('',*,*,#2211,.T.);
#2936=ORIENTED_EDGE('',*,*,#2212,.T.);
#2937=ORIENTED_EDGE('',*,*,#2213,.T.);
#2938=ORIENTED_EDGE('',*,*,#2214,.T.);
#2939=ORIENTED_EDGE('',*,*,#2165,.T.);
#2940=ORIENTED_EDGE('',*,*,#2186,.T.);
#2941=ORIENTED_EDGE('',*,*,#2183,.T.);
#2942=ORIENTED_EDGE('',*,*,#2180,.T.);
#2943=ORIENTED_EDGE('',*,*,#2177,.T.);
#2944=ORIENTED_EDGE('',*,*,#2174,.T.);
#2945=ORIENTED_EDGE('',*,*,#2171,.T.);
#2946=ORIENTED_EDGE('',*,*,#2168,.T.);
#2947=ORIENTED_EDGE('',*,*,#2215,.T.);
#2948=ORIENTED_EDGE('',*,*,#2216,.T.);
#2949=ORIENTED_EDGE('',*,*,#2217,.F.);
#2950=ORIENTED_EDGE('',*,*,#2218,.F.);
#2951=ORIENTED_EDGE('',*,*,#2219,.T.);
#2952=ORIENTED_EDGE('',*,*,#2218,.T.);
#2953=ORIENTED_EDGE('',*,*,#2220,.F.);
#2954=ORIENTED_EDGE('',*,*,#2221,.F.);
#2955=ORIENTED_EDGE('',*,*,#2222,.T.);
#2956=ORIENTED_EDGE('',*,*,#2221,.T.);
#2957=ORIENTED_EDGE('',*,*,#2223,.F.);
#2958=ORIENTED_EDGE('',*,*,#2224,.F.);
#2959=ORIENTED_EDGE('',*,*,#2225,.T.);
#2960=ORIENTED_EDGE('',*,*,#2224,.T.);
#2961=ORIENTED_EDGE('',*,*,#2226,.F.);
#2962=ORIENTED_EDGE('',*,*,#2227,.F.);
#2963=ORIENTED_EDGE('',*,*,#2228,.T.);
#2964=ORIENTED_EDGE('',*,*,#2227,.T.);
#2965=ORIENTED_EDGE('',*,*,#2229,.F.);
#2966=ORIENTED_EDGE('',*,*,#2230,.F.);
#2967=ORIENTED_EDGE('',*,*,#2231,.T.);
#2968=ORIENTED_EDGE('',*,*,#2230,.T.);
#2969=ORIENTED_EDGE('',*,*,#2232,.F.);
#2970=ORIENTED_EDGE('',*,*,#2233,.F.);
#2971=ORIENTED_EDGE('',*,*,#2234,.T.);
#2972=ORIENTED_EDGE('',*,*,#2233,.T.);
#2973=ORIENTED_EDGE('',*,*,#2235,.F.);
#2974=ORIENTED_EDGE('',*,*,#2236,.F.);
#2975=ORIENTED_EDGE('',*,*,#2237,.T.);
#2976=ORIENTED_EDGE('',*,*,#2236,.T.);
#2977=ORIENTED_EDGE('',*,*,#2238,.F.);
#2978=ORIENTED_EDGE('',*,*,#2216,.F.);
#2979=ORIENTED_EDGE('',*,*,#2239,.T.);
#2980=ORIENTED_EDGE('',*,*,#2240,.T.);
#2981=ORIENTED_EDGE('',*,*,#2191,.F.);
#2982=ORIENTED_EDGE('',*,*,#2241,.F.);
#2983=ORIENTED_EDGE('',*,*,#2242,.T.);
#2984=ORIENTED_EDGE('',*,*,#2241,.T.);
#2985=ORIENTED_EDGE('',*,*,#2206,.F.);
#2986=ORIENTED_EDGE('',*,*,#2243,.F.);
#2987=ORIENTED_EDGE('',*,*,#2244,.T.);
#2988=ORIENTED_EDGE('',*,*,#2243,.T.);
#2989=ORIENTED_EDGE('',*,*,#2205,.F.);
#2990=ORIENTED_EDGE('',*,*,#2245,.F.);
#2991=ORIENTED_EDGE('',*,*,#2246,.T.);
#2992=ORIENTED_EDGE('',*,*,#2245,.T.);
#2993=ORIENTED_EDGE('',*,*,#2204,.F.);
#2994=ORIENTED_EDGE('',*,*,#2247,.F.);
#2995=ORIENTED_EDGE('',*,*,#2248,.T.);
#2996=ORIENTED_EDGE('',*,*,#2247,.T.);
#2997=ORIENTED_EDGE('',*,*,#2203,.F.);
#2998=ORIENTED_EDGE('',*,*,#2249,.F.);
#2999=ORIENTED_EDGE('',*,*,#2250,.T.);
#3000=ORIENTED_EDGE('',*,*,#2249,.T.);
#3001=ORIENTED_EDGE('',*,*,#2202,.F.);
#3002=ORIENTED_EDGE('',*,*,#2251,.F.);
#3003=ORIENTED_EDGE('',*,*,#2252,.T.);
#3004=ORIENTED_EDGE('',*,*,#2251,.T.);
#3005=ORIENTED_EDGE('',*,*,#2201,.F.);
#3006=ORIENTED_EDGE('',*,*,#2253,.F.);
#3007=ORIENTED_EDGE('',*,*,#2254,.T.);
#3008=ORIENTED_EDGE('',*,*,#2253,.T.);
#3009=ORIENTED_EDGE('',*,*,#2200,.F.);
#3010=ORIENTED_EDGE('',*,*,#2255,.F.);
#3011=ORIENTED_EDGE('',*,*,#2256,.T.);
#3012=ORIENTED_EDGE('',*,*,#2255,.T.);
#3013=ORIENTED_EDGE('',*,*,#2199,.F.);
#3014=ORIENTED_EDGE('',*,*,#2257,.F.);
#3015=ORIENTED_EDGE('',*,*,#2258,.T.);
#3016=ORIENTED_EDGE('',*,*,#2257,.T.);
#3017=ORIENTED_EDGE('',*,*,#2198,.F.);
#3018=ORIENTED_EDGE('',*,*,#2259,.F.);
#3019=ORIENTED_EDGE('',*,*,#2260,.T.);
#3020=ORIENTED_EDGE('',*,*,#2259,.T.);
#3021=ORIENTED_EDGE('',*,*,#2197,.F.);
#3022=ORIENTED_EDGE('',*,*,#2261,.F.);
#3023=ORIENTED_EDGE('',*,*,#2262,.T.);
#3024=ORIENTED_EDGE('',*,*,#2261,.T.);
#3025=ORIENTED_EDGE('',*,*,#2196,.F.);
#3026=ORIENTED_EDGE('',*,*,#2263,.F.);
#3027=ORIENTED_EDGE('',*,*,#2264,.T.);
#3028=ORIENTED_EDGE('',*,*,#2263,.T.);
#3029=ORIENTED_EDGE('',*,*,#2195,.F.);
#3030=ORIENTED_EDGE('',*,*,#2265,.F.);
#3031=ORIENTED_EDGE('',*,*,#2266,.T.);
#3032=ORIENTED_EDGE('',*,*,#2265,.T.);
#3033=ORIENTED_EDGE('',*,*,#2194,.F.);
#3034=ORIENTED_EDGE('',*,*,#2267,.F.);
#3035=ORIENTED_EDGE('',*,*,#2268,.T.);
#3036=ORIENTED_EDGE('',*,*,#2267,.T.);
#3037=ORIENTED_EDGE('',*,*,#2193,.F.);
#3038=ORIENTED_EDGE('',*,*,#2269,.F.);
#3039=ORIENTED_EDGE('',*,*,#2270,.T.);
#3040=ORIENTED_EDGE('',*,*,#2269,.T.);
#3041=ORIENTED_EDGE('',*,*,#2192,.F.);
#3042=ORIENTED_EDGE('',*,*,#2240,.F.);
#3043=ORIENTED_EDGE('',*,*,#2270,.F.);
#3044=ORIENTED_EDGE('',*,*,#2239,.F.);
#3045=ORIENTED_EDGE('',*,*,#2242,.F.);
#3046=ORIENTED_EDGE('',*,*,#2244,.F.);
#3047=ORIENTED_EDGE('',*,*,#2246,.F.);
#3048=ORIENTED_EDGE('',*,*,#2248,.F.);
#3049=ORIENTED_EDGE('',*,*,#2250,.F.);
#3050=ORIENTED_EDGE('',*,*,#2252,.F.);
#3051=ORIENTED_EDGE('',*,*,#2254,.F.);
#3052=ORIENTED_EDGE('',*,*,#2256,.F.);
#3053=ORIENTED_EDGE('',*,*,#2258,.F.);
#3054=ORIENTED_EDGE('',*,*,#2260,.F.);
#3055=ORIENTED_EDGE('',*,*,#2262,.F.);
#3056=ORIENTED_EDGE('',*,*,#2264,.F.);
#3057=ORIENTED_EDGE('',*,*,#2266,.F.);
#3058=ORIENTED_EDGE('',*,*,#2268,.F.);
#3059=ORIENTED_EDGE('',*,*,#2237,.F.);
#3060=ORIENTED_EDGE('',*,*,#2215,.F.);
#3061=ORIENTED_EDGE('',*,*,#2219,.F.);
#3062=ORIENTED_EDGE('',*,*,#2222,.F.);
#3063=ORIENTED_EDGE('',*,*,#2225,.F.);
#3064=ORIENTED_EDGE('',*,*,#2228,.F.);
#3065=ORIENTED_EDGE('',*,*,#2231,.F.);
#3066=ORIENTED_EDGE('',*,*,#2234,.F.);
#3067=ORIENTED_EDGE('',*,*,#2129,.T.);
#3068=ORIENTED_EDGE('',*,*,#2162,.T.);
#3069=ORIENTED_EDGE('',*,*,#2159,.T.);
#3070=ORIENTED_EDGE('',*,*,#2156,.T.);
#3071=ORIENTED_EDGE('',*,*,#2153,.T.);
#3072=ORIENTED_EDGE('',*,*,#2150,.T.);
#3073=ORIENTED_EDGE('',*,*,#2147,.T.);
#3074=ORIENTED_EDGE('',*,*,#2144,.T.);
#3075=ORIENTED_EDGE('',*,*,#2141,.T.);
#3076=ORIENTED_EDGE('',*,*,#2138,.T.);
#3077=ORIENTED_EDGE('',*,*,#2135,.T.);
#3078=ORIENTED_EDGE('',*,*,#2132,.T.);
#3079=ORIENTED_EDGE('',*,*,#2271,.T.);
#3080=ORIENTED_EDGE('',*,*,#2272,.T.);
#3081=ORIENTED_EDGE('',*,*,#2207,.F.);
#3082=ORIENTED_EDGE('',*,*,#2273,.F.);
#3083=ORIENTED_EDGE('',*,*,#2274,.T.);
#3084=ORIENTED_EDGE('',*,*,#2273,.T.);
#3085=ORIENTED_EDGE('',*,*,#2214,.F.);
#3086=ORIENTED_EDGE('',*,*,#2275,.F.);
#3087=ORIENTED_EDGE('',*,*,#2276,.T.);
#3088=ORIENTED_EDGE('',*,*,#2275,.T.);
#3089=ORIENTED_EDGE('',*,*,#2213,.F.);
#3090=ORIENTED_EDGE('',*,*,#2277,.F.);
#3091=ORIENTED_EDGE('',*,*,#2278,.T.);
#3092=ORIENTED_EDGE('',*,*,#2277,.T.);
#3093=ORIENTED_EDGE('',*,*,#2212,.F.);
#3094=ORIENTED_EDGE('',*,*,#2279,.F.);
#3095=ORIENTED_EDGE('',*,*,#2280,.T.);
#3096=ORIENTED_EDGE('',*,*,#2279,.T.);
#3097=ORIENTED_EDGE('',*,*,#2211,.F.);
#3098=ORIENTED_EDGE('',*,*,#2281,.F.);
#3099=ORIENTED_EDGE('',*,*,#2282,.T.);
#3100=ORIENTED_EDGE('',*,*,#2281,.T.);
#3101=ORIENTED_EDGE('',*,*,#2210,.F.);
#3102=ORIENTED_EDGE('',*,*,#2283,.F.);
#3103=ORIENTED_EDGE('',*,*,#2284,.T.);
#3104=ORIENTED_EDGE('',*,*,#2283,.T.);
#3105=ORIENTED_EDGE('',*,*,#2209,.F.);
#3106=ORIENTED_EDGE('',*,*,#2285,.F.);
#3107=ORIENTED_EDGE('',*,*,#2286,.T.);
#3108=ORIENTED_EDGE('',*,*,#2285,.T.);
#3109=ORIENTED_EDGE('',*,*,#2208,.F.);
#3110=ORIENTED_EDGE('',*,*,#2272,.F.);
#3111=ORIENTED_EDGE('',*,*,#2286,.F.);
#3112=ORIENTED_EDGE('',*,*,#2271,.F.);
#3113=ORIENTED_EDGE('',*,*,#2274,.F.);
#3114=ORIENTED_EDGE('',*,*,#2276,.F.);
#3115=ORIENTED_EDGE('',*,*,#2278,.F.);
#3116=ORIENTED_EDGE('',*,*,#2280,.F.);
#3117=ORIENTED_EDGE('',*,*,#2282,.F.);
#3118=ORIENTED_EDGE('',*,*,#2284,.F.);
#3119=ORIENTED_EDGE('',*,*,#2287,.F.);
#3120=ORIENTED_EDGE('',*,*,#2288,.T.);
#3121=ORIENTED_EDGE('',*,*,#2188,.T.);
#3122=ORIENTED_EDGE('',*,*,#2289,.F.);
#3123=ORIENTED_EDGE('',*,*,#2290,.F.);
#3124=ORIENTED_EDGE('',*,*,#2291,.T.);
#3125=ORIENTED_EDGE('',*,*,#2189,.T.);
#3126=ORIENTED_EDGE('',*,*,#2288,.F.);
#3127=ORIENTED_EDGE('',*,*,#2292,.F.);
#3128=ORIENTED_EDGE('',*,*,#2293,.T.);
#3129=ORIENTED_EDGE('',*,*,#2190,.T.);
#3130=ORIENTED_EDGE('',*,*,#2291,.F.);
#3131=ORIENTED_EDGE('',*,*,#2294,.F.);
#3132=ORIENTED_EDGE('',*,*,#2289,.T.);
#3133=ORIENTED_EDGE('',*,*,#2187,.T.);
#3134=ORIENTED_EDGE('',*,*,#2293,.F.);
#3135=ORIENTED_EDGE('',*,*,#2217,.T.);
#3136=ORIENTED_EDGE('',*,*,#2238,.T.);
#3137=ORIENTED_EDGE('',*,*,#2235,.T.);
#3138=ORIENTED_EDGE('',*,*,#2232,.T.);
#3139=ORIENTED_EDGE('',*,*,#2229,.T.);
#3140=ORIENTED_EDGE('',*,*,#2226,.T.);
#3141=ORIENTED_EDGE('',*,*,#2223,.T.);
#3142=ORIENTED_EDGE('',*,*,#2220,.T.);
#3143=ORIENTED_EDGE('',*,*,#2295,.T.);
#3144=ORIENTED_EDGE('',*,*,#2296,.T.);
#3145=ORIENTED_EDGE('',*,*,#2297,.F.);
#3146=ORIENTED_EDGE('',*,*,#2298,.F.);
#3147=ORIENTED_EDGE('',*,*,#2299,.T.);
#3148=ORIENTED_EDGE('',*,*,#2298,.T.);
#3149=ORIENTED_EDGE('',*,*,#2300,.F.);
#3150=ORIENTED_EDGE('',*,*,#2301,.F.);
#3151=ORIENTED_EDGE('',*,*,#2302,.T.);
#3152=ORIENTED_EDGE('',*,*,#2301,.T.);
#3153=ORIENTED_EDGE('',*,*,#2303,.F.);
#3154=ORIENTED_EDGE('',*,*,#2304,.F.);
#3155=ORIENTED_EDGE('',*,*,#2305,.T.);
#3156=ORIENTED_EDGE('',*,*,#2304,.T.);
#3157=ORIENTED_EDGE('',*,*,#2306,.F.);
#3158=ORIENTED_EDGE('',*,*,#2307,.F.);
#3159=ORIENTED_EDGE('',*,*,#2308,.T.);
#3160=ORIENTED_EDGE('',*,*,#2307,.T.);
#3161=ORIENTED_EDGE('',*,*,#2309,.F.);
#3162=ORIENTED_EDGE('',*,*,#2310,.F.);
#3163=ORIENTED_EDGE('',*,*,#2311,.T.);
#3164=ORIENTED_EDGE('',*,*,#2310,.T.);
#3165=ORIENTED_EDGE('',*,*,#2312,.F.);
#3166=ORIENTED_EDGE('',*,*,#2313,.F.);
#3167=ORIENTED_EDGE('',*,*,#2314,.T.);
#3168=ORIENTED_EDGE('',*,*,#2313,.T.);
#3169=ORIENTED_EDGE('',*,*,#2315,.F.);
#3170=ORIENTED_EDGE('',*,*,#2316,.F.);
#3171=ORIENTED_EDGE('',*,*,#2317,.T.);
#3172=ORIENTED_EDGE('',*,*,#2316,.T.);
#3173=ORIENTED_EDGE('',*,*,#2318,.F.);
#3174=ORIENTED_EDGE('',*,*,#2319,.F.);
#3175=ORIENTED_EDGE('',*,*,#2320,.T.);
#3176=ORIENTED_EDGE('',*,*,#2319,.T.);
#3177=ORIENTED_EDGE('',*,*,#2321,.F.);
#3178=ORIENTED_EDGE('',*,*,#2322,.F.);
#3179=ORIENTED_EDGE('',*,*,#2323,.T.);
#3180=ORIENTED_EDGE('',*,*,#2322,.T.);
#3181=ORIENTED_EDGE('',*,*,#2324,.F.);
#3182=ORIENTED_EDGE('',*,*,#2325,.F.);
#3183=ORIENTED_EDGE('',*,*,#2326,.T.);
#3184=ORIENTED_EDGE('',*,*,#2325,.T.);
#3185=ORIENTED_EDGE('',*,*,#2327,.F.);
#3186=ORIENTED_EDGE('',*,*,#2328,.F.);
#3187=ORIENTED_EDGE('',*,*,#2329,.T.);
#3188=ORIENTED_EDGE('',*,*,#2328,.T.);
#3189=ORIENTED_EDGE('',*,*,#2330,.F.);
#3190=ORIENTED_EDGE('',*,*,#2296,.F.);
#3191=ORIENTED_EDGE('',*,*,#2329,.F.);
#3192=ORIENTED_EDGE('',*,*,#2295,.F.);
#3193=ORIENTED_EDGE('',*,*,#2299,.F.);
#3194=ORIENTED_EDGE('',*,*,#2302,.F.);
#3195=ORIENTED_EDGE('',*,*,#2305,.F.);
#3196=ORIENTED_EDGE('',*,*,#2308,.F.);
#3197=ORIENTED_EDGE('',*,*,#2311,.F.);
#3198=ORIENTED_EDGE('',*,*,#2314,.F.);
#3199=ORIENTED_EDGE('',*,*,#2317,.F.);
#3200=ORIENTED_EDGE('',*,*,#2320,.F.);
#3201=ORIENTED_EDGE('',*,*,#2323,.F.);
#3202=ORIENTED_EDGE('',*,*,#2326,.F.);
#3203=ORIENTED_EDGE('',*,*,#2331,.T.);
#3204=ORIENTED_EDGE('',*,*,#2332,.T.);
#3205=ORIENTED_EDGE('',*,*,#2333,.F.);
#3206=ORIENTED_EDGE('',*,*,#2334,.F.);
#3207=ORIENTED_EDGE('',*,*,#2335,.T.);
#3208=ORIENTED_EDGE('',*,*,#2334,.T.);
#3209=ORIENTED_EDGE('',*,*,#2336,.F.);
#3210=ORIENTED_EDGE('',*,*,#2337,.F.);
#3211=ORIENTED_EDGE('',*,*,#2338,.T.);
#3212=ORIENTED_EDGE('',*,*,#2337,.T.);
#3213=ORIENTED_EDGE('',*,*,#2339,.F.);
#3214=ORIENTED_EDGE('',*,*,#2340,.F.);
#3215=ORIENTED_EDGE('',*,*,#2341,.T.);
#3216=ORIENTED_EDGE('',*,*,#2340,.T.);
#3217=ORIENTED_EDGE('',*,*,#2342,.F.);
#3218=ORIENTED_EDGE('',*,*,#2343,.F.);
#3219=ORIENTED_EDGE('',*,*,#2344,.T.);
#3220=ORIENTED_EDGE('',*,*,#2343,.T.);
#3221=ORIENTED_EDGE('',*,*,#2345,.F.);
#3222=ORIENTED_EDGE('',*,*,#2346,.F.);
#3223=ORIENTED_EDGE('',*,*,#2347,.T.);
#3224=ORIENTED_EDGE('',*,*,#2346,.T.);
#3225=ORIENTED_EDGE('',*,*,#2348,.F.);
#3226=ORIENTED_EDGE('',*,*,#2349,.F.);
#3227=ORIENTED_EDGE('',*,*,#2350,.T.);
#3228=ORIENTED_EDGE('',*,*,#2349,.T.);
#3229=ORIENTED_EDGE('',*,*,#2351,.F.);
#3230=ORIENTED_EDGE('',*,*,#2352,.F.);
#3231=ORIENTED_EDGE('',*,*,#2353,.T.);
#3232=ORIENTED_EDGE('',*,*,#2352,.T.);
#3233=ORIENTED_EDGE('',*,*,#2354,.F.);
#3234=ORIENTED_EDGE('',*,*,#2355,.F.);
#3235=ORIENTED_EDGE('',*,*,#2356,.T.);
#3236=ORIENTED_EDGE('',*,*,#2355,.T.);
#3237=ORIENTED_EDGE('',*,*,#2357,.F.);
#3238=ORIENTED_EDGE('',*,*,#2358,.F.);
#3239=ORIENTED_EDGE('',*,*,#2359,.T.);
#3240=ORIENTED_EDGE('',*,*,#2358,.T.);
#3241=ORIENTED_EDGE('',*,*,#2360,.F.);
#3242=ORIENTED_EDGE('',*,*,#2361,.F.);
#3243=ORIENTED_EDGE('',*,*,#2362,.T.);
#3244=ORIENTED_EDGE('',*,*,#2361,.T.);
#3245=ORIENTED_EDGE('',*,*,#2363,.F.);
#3246=ORIENTED_EDGE('',*,*,#2364,.F.);
#3247=ORIENTED_EDGE('',*,*,#2365,.T.);
#3248=ORIENTED_EDGE('',*,*,#2364,.T.);
#3249=ORIENTED_EDGE('',*,*,#2366,.F.);
#3250=ORIENTED_EDGE('',*,*,#2332,.F.);
#3251=ORIENTED_EDGE('',*,*,#2367,.T.);
#3252=ORIENTED_EDGE('',*,*,#2368,.T.);
#3253=ORIENTED_EDGE('',*,*,#2369,.F.);
#3254=ORIENTED_EDGE('',*,*,#2370,.F.);
#3255=ORIENTED_EDGE('',*,*,#2371,.T.);
#3256=ORIENTED_EDGE('',*,*,#2370,.T.);
#3257=ORIENTED_EDGE('',*,*,#2372,.F.);
#3258=ORIENTED_EDGE('',*,*,#2373,.F.);
#3259=ORIENTED_EDGE('',*,*,#2374,.T.);
#3260=ORIENTED_EDGE('',*,*,#2373,.T.);
#3261=ORIENTED_EDGE('',*,*,#2375,.F.);
#3262=ORIENTED_EDGE('',*,*,#2376,.F.);
#3263=ORIENTED_EDGE('',*,*,#2377,.T.);
#3264=ORIENTED_EDGE('',*,*,#2376,.T.);
#3265=ORIENTED_EDGE('',*,*,#2378,.F.);
#3266=ORIENTED_EDGE('',*,*,#2379,.F.);
#3267=ORIENTED_EDGE('',*,*,#2380,.T.);
#3268=ORIENTED_EDGE('',*,*,#2379,.T.);
#3269=ORIENTED_EDGE('',*,*,#2381,.F.);
#3270=ORIENTED_EDGE('',*,*,#2382,.F.);
#3271=ORIENTED_EDGE('',*,*,#2383,.T.);
#3272=ORIENTED_EDGE('',*,*,#2382,.T.);
#3273=ORIENTED_EDGE('',*,*,#2384,.F.);
#3274=ORIENTED_EDGE('',*,*,#2385,.F.);
#3275=ORIENTED_EDGE('',*,*,#2386,.T.);
#3276=ORIENTED_EDGE('',*,*,#2385,.T.);
#3277=ORIENTED_EDGE('',*,*,#2387,.F.);
#3278=ORIENTED_EDGE('',*,*,#2388,.F.);
#3279=ORIENTED_EDGE('',*,*,#2389,.T.);
#3280=ORIENTED_EDGE('',*,*,#2388,.T.);
#3281=ORIENTED_EDGE('',*,*,#2390,.F.);
#3282=ORIENTED_EDGE('',*,*,#2368,.F.);
#3283=ORIENTED_EDGE('',*,*,#2389,.F.);
#3284=ORIENTED_EDGE('',*,*,#2367,.F.);
#3285=ORIENTED_EDGE('',*,*,#2371,.F.);
#3286=ORIENTED_EDGE('',*,*,#2374,.F.);
#3287=ORIENTED_EDGE('',*,*,#2377,.F.);
#3288=ORIENTED_EDGE('',*,*,#2380,.F.);
#3289=ORIENTED_EDGE('',*,*,#2383,.F.);
#3290=ORIENTED_EDGE('',*,*,#2386,.F.);
#3291=ORIENTED_EDGE('',*,*,#2365,.F.);
#3292=ORIENTED_EDGE('',*,*,#2331,.F.);
#3293=ORIENTED_EDGE('',*,*,#2335,.F.);
#3294=ORIENTED_EDGE('',*,*,#2338,.F.);
#3295=ORIENTED_EDGE('',*,*,#2341,.F.);
#3296=ORIENTED_EDGE('',*,*,#2344,.F.);
#3297=ORIENTED_EDGE('',*,*,#2347,.F.);
#3298=ORIENTED_EDGE('',*,*,#2350,.F.);
#3299=ORIENTED_EDGE('',*,*,#2353,.F.);
#3300=ORIENTED_EDGE('',*,*,#2356,.F.);
#3301=ORIENTED_EDGE('',*,*,#2359,.F.);
#3302=ORIENTED_EDGE('',*,*,#2362,.F.);
#3303=ORIENTED_EDGE('',*,*,#2391,.F.);
#3304=ORIENTED_EDGE('',*,*,#2392,.F.);
#3305=ORIENTED_EDGE('',*,*,#2393,.F.);
#3306=ORIENTED_EDGE('',*,*,#2394,.F.);
#3307=ORIENTED_EDGE('',*,*,#2297,.T.);
#3308=ORIENTED_EDGE('',*,*,#2330,.T.);
#3309=ORIENTED_EDGE('',*,*,#2327,.T.);
#3310=ORIENTED_EDGE('',*,*,#2324,.T.);
#3311=ORIENTED_EDGE('',*,*,#2321,.T.);
#3312=ORIENTED_EDGE('',*,*,#2318,.T.);
#3313=ORIENTED_EDGE('',*,*,#2315,.T.);
#3314=ORIENTED_EDGE('',*,*,#2312,.T.);
#3315=ORIENTED_EDGE('',*,*,#2309,.T.);
#3316=ORIENTED_EDGE('',*,*,#2306,.T.);
#3317=ORIENTED_EDGE('',*,*,#2303,.T.);
#3318=ORIENTED_EDGE('',*,*,#2300,.T.);
#3319=ORIENTED_EDGE('',*,*,#2395,.T.);
#3320=ORIENTED_EDGE('',*,*,#2396,.T.);
#3321=ORIENTED_EDGE('',*,*,#2397,.T.);
#3322=ORIENTED_EDGE('',*,*,#2398,.T.);
#3323=ORIENTED_EDGE('',*,*,#2399,.T.);
#3324=ORIENTED_EDGE('',*,*,#2400,.T.);
#3325=ORIENTED_EDGE('',*,*,#2401,.T.);
#3326=ORIENTED_EDGE('',*,*,#2402,.T.);
#3327=ORIENTED_EDGE('',*,*,#2403,.T.);
#3328=ORIENTED_EDGE('',*,*,#2404,.T.);
#3329=ORIENTED_EDGE('',*,*,#2405,.T.);
#3330=ORIENTED_EDGE('',*,*,#2406,.T.);
#3331=ORIENTED_EDGE('',*,*,#2407,.T.);
#3332=ORIENTED_EDGE('',*,*,#2408,.T.);
#3333=ORIENTED_EDGE('',*,*,#2409,.T.);
#3334=ORIENTED_EDGE('',*,*,#2410,.T.);
#3335=ORIENTED_EDGE('',*,*,#2411,.T.);
#3336=ORIENTED_EDGE('',*,*,#2412,.T.);
#3337=ORIENTED_EDGE('',*,*,#2413,.T.);
#3338=ORIENTED_EDGE('',*,*,#2414,.T.);
#3339=ORIENTED_EDGE('',*,*,#2415,.T.);
#3340=ORIENTED_EDGE('',*,*,#2416,.T.);
#3341=ORIENTED_EDGE('',*,*,#2417,.T.);
#3342=ORIENTED_EDGE('',*,*,#2418,.T.);
#3343=ORIENTED_EDGE('',*,*,#2369,.T.);
#3344=ORIENTED_EDGE('',*,*,#2390,.T.);
#3345=ORIENTED_EDGE('',*,*,#2387,.T.);
#3346=ORIENTED_EDGE('',*,*,#2384,.T.);
#3347=ORIENTED_EDGE('',*,*,#2381,.T.);
#3348=ORIENTED_EDGE('',*,*,#2378,.T.);
#3349=ORIENTED_EDGE('',*,*,#2375,.T.);
#3350=ORIENTED_EDGE('',*,*,#2372,.T.);
#3351=ORIENTED_EDGE('',*,*,#2419,.T.);
#3352=ORIENTED_EDGE('',*,*,#2420,.T.);
#3353=ORIENTED_EDGE('',*,*,#2421,.F.);
#3354=ORIENTED_EDGE('',*,*,#2422,.F.);
#3355=ORIENTED_EDGE('',*,*,#2423,.T.);
#3356=ORIENTED_EDGE('',*,*,#2422,.T.);
#3357=ORIENTED_EDGE('',*,*,#2424,.F.);
#3358=ORIENTED_EDGE('',*,*,#2425,.F.);
#3359=ORIENTED_EDGE('',*,*,#2426,.T.);
#3360=ORIENTED_EDGE('',*,*,#2425,.T.);
#3361=ORIENTED_EDGE('',*,*,#2427,.F.);
#3362=ORIENTED_EDGE('',*,*,#2428,.F.);
#3363=ORIENTED_EDGE('',*,*,#2429,.T.);
#3364=ORIENTED_EDGE('',*,*,#2428,.T.);
#3365=ORIENTED_EDGE('',*,*,#2430,.F.);
#3366=ORIENTED_EDGE('',*,*,#2431,.F.);
#3367=ORIENTED_EDGE('',*,*,#2432,.T.);
#3368=ORIENTED_EDGE('',*,*,#2431,.T.);
#3369=ORIENTED_EDGE('',*,*,#2433,.F.);
#3370=ORIENTED_EDGE('',*,*,#2434,.F.);
#3371=ORIENTED_EDGE('',*,*,#2435,.T.);
#3372=ORIENTED_EDGE('',*,*,#2434,.T.);
#3373=ORIENTED_EDGE('',*,*,#2436,.F.);
#3374=ORIENTED_EDGE('',*,*,#2437,.F.);
#3375=ORIENTED_EDGE('',*,*,#2438,.T.);
#3376=ORIENTED_EDGE('',*,*,#2437,.T.);
#3377=ORIENTED_EDGE('',*,*,#2439,.F.);
#3378=ORIENTED_EDGE('',*,*,#2440,.F.);
#3379=ORIENTED_EDGE('',*,*,#2441,.T.);
#3380=ORIENTED_EDGE('',*,*,#2440,.T.);
#3381=ORIENTED_EDGE('',*,*,#2442,.F.);
#3382=ORIENTED_EDGE('',*,*,#2420,.F.);
#3383=ORIENTED_EDGE('',*,*,#2443,.T.);
#3384=ORIENTED_EDGE('',*,*,#2444,.T.);
#3385=ORIENTED_EDGE('',*,*,#2395,.F.);
#3386=ORIENTED_EDGE('',*,*,#2445,.F.);
#3387=ORIENTED_EDGE('',*,*,#2446,.T.);
#3388=ORIENTED_EDGE('',*,*,#2445,.T.);
#3389=ORIENTED_EDGE('',*,*,#2410,.F.);
#3390=ORIENTED_EDGE('',*,*,#2447,.F.);
#3391=ORIENTED_EDGE('',*,*,#2448,.T.);
#3392=ORIENTED_EDGE('',*,*,#2447,.T.);
#3393=ORIENTED_EDGE('',*,*,#2409,.F.);
#3394=ORIENTED_EDGE('',*,*,#2449,.F.);
#3395=ORIENTED_EDGE('',*,*,#2450,.T.);
#3396=ORIENTED_EDGE('',*,*,#2449,.T.);
#3397=ORIENTED_EDGE('',*,*,#2408,.F.);
#3398=ORIENTED_EDGE('',*,*,#2451,.F.);
#3399=ORIENTED_EDGE('',*,*,#2452,.T.);
#3400=ORIENTED_EDGE('',*,*,#2451,.T.);
#3401=ORIENTED_EDGE('',*,*,#2407,.F.);
#3402=ORIENTED_EDGE('',*,*,#2453,.F.);
#3403=ORIENTED_EDGE('',*,*,#2454,.T.);
#3404=ORIENTED_EDGE('',*,*,#2453,.T.);
#3405=ORIENTED_EDGE('',*,*,#2406,.F.);
#3406=ORIENTED_EDGE('',*,*,#2455,.F.);
#3407=ORIENTED_EDGE('',*,*,#2456,.T.);
#3408=ORIENTED_EDGE('',*,*,#2455,.T.);
#3409=ORIENTED_EDGE('',*,*,#2405,.F.);
#3410=ORIENTED_EDGE('',*,*,#2457,.F.);
#3411=ORIENTED_EDGE('',*,*,#2458,.T.);
#3412=ORIENTED_EDGE('',*,*,#2457,.T.);
#3413=ORIENTED_EDGE('',*,*,#2404,.F.);
#3414=ORIENTED_EDGE('',*,*,#2459,.F.);
#3415=ORIENTED_EDGE('',*,*,#2460,.T.);
#3416=ORIENTED_EDGE('',*,*,#2459,.T.);
#3417=ORIENTED_EDGE('',*,*,#2403,.F.);
#3418=ORIENTED_EDGE('',*,*,#2461,.F.);
#3419=ORIENTED_EDGE('',*,*,#2462,.T.);
#3420=ORIENTED_EDGE('',*,*,#2461,.T.);
#3421=ORIENTED_EDGE('',*,*,#2402,.F.);
#3422=ORIENTED_EDGE('',*,*,#2463,.F.);
#3423=ORIENTED_EDGE('',*,*,#2464,.T.);
#3424=ORIENTED_EDGE('',*,*,#2463,.T.);
#3425=ORIENTED_EDGE('',*,*,#2401,.F.);
#3426=ORIENTED_EDGE('',*,*,#2465,.F.);
#3427=ORIENTED_EDGE('',*,*,#2466,.T.);
#3428=ORIENTED_EDGE('',*,*,#2465,.T.);
#3429=ORIENTED_EDGE('',*,*,#2400,.F.);
#3430=ORIENTED_EDGE('',*,*,#2467,.F.);
#3431=ORIENTED_EDGE('',*,*,#2468,.T.);
#3432=ORIENTED_EDGE('',*,*,#2467,.T.);
#3433=ORIENTED_EDGE('',*,*,#2399,.F.);
#3434=ORIENTED_EDGE('',*,*,#2469,.F.);
#3435=ORIENTED_EDGE('',*,*,#2470,.T.);
#3436=ORIENTED_EDGE('',*,*,#2469,.T.);
#3437=ORIENTED_EDGE('',*,*,#2398,.F.);
#3438=ORIENTED_EDGE('',*,*,#2471,.F.);
#3439=ORIENTED_EDGE('',*,*,#2472,.T.);
#3440=ORIENTED_EDGE('',*,*,#2471,.T.);
#3441=ORIENTED_EDGE('',*,*,#2397,.F.);
#3442=ORIENTED_EDGE('',*,*,#2473,.F.);
#3443=ORIENTED_EDGE('',*,*,#2474,.T.);
#3444=ORIENTED_EDGE('',*,*,#2473,.T.);
#3445=ORIENTED_EDGE('',*,*,#2396,.F.);
#3446=ORIENTED_EDGE('',*,*,#2444,.F.);
#3447=ORIENTED_EDGE('',*,*,#2474,.F.);
#3448=ORIENTED_EDGE('',*,*,#2443,.F.);
#3449=ORIENTED_EDGE('',*,*,#2446,.F.);
#3450=ORIENTED_EDGE('',*,*,#2448,.F.);
#3451=ORIENTED_EDGE('',*,*,#2450,.F.);
#3452=ORIENTED_EDGE('',*,*,#2452,.F.);
#3453=ORIENTED_EDGE('',*,*,#2454,.F.);
#3454=ORIENTED_EDGE('',*,*,#2456,.F.);
#3455=ORIENTED_EDGE('',*,*,#2458,.F.);
#3456=ORIENTED_EDGE('',*,*,#2460,.F.);
#3457=ORIENTED_EDGE('',*,*,#2462,.F.);
#3458=ORIENTED_EDGE('',*,*,#2464,.F.);
#3459=ORIENTED_EDGE('',*,*,#2466,.F.);
#3460=ORIENTED_EDGE('',*,*,#2468,.F.);
#3461=ORIENTED_EDGE('',*,*,#2470,.F.);
#3462=ORIENTED_EDGE('',*,*,#2472,.F.);
#3463=ORIENTED_EDGE('',*,*,#2441,.F.);
#3464=ORIENTED_EDGE('',*,*,#2419,.F.);
#3465=ORIENTED_EDGE('',*,*,#2423,.F.);
#3466=ORIENTED_EDGE('',*,*,#2426,.F.);
#3467=ORIENTED_EDGE('',*,*,#2429,.F.);
#3468=ORIENTED_EDGE('',*,*,#2432,.F.);
#3469=ORIENTED_EDGE('',*,*,#2435,.F.);
#3470=ORIENTED_EDGE('',*,*,#2438,.F.);
#3471=ORIENTED_EDGE('',*,*,#2333,.T.);
#3472=ORIENTED_EDGE('',*,*,#2366,.T.);
#3473=ORIENTED_EDGE('',*,*,#2363,.T.);
#3474=ORIENTED_EDGE('',*,*,#2360,.T.);
#3475=ORIENTED_EDGE('',*,*,#2357,.T.);
#3476=ORIENTED_EDGE('',*,*,#2354,.T.);
#3477=ORIENTED_EDGE('',*,*,#2351,.T.);
#3478=ORIENTED_EDGE('',*,*,#2348,.T.);
#3479=ORIENTED_EDGE('',*,*,#2345,.T.);
#3480=ORIENTED_EDGE('',*,*,#2342,.T.);
#3481=ORIENTED_EDGE('',*,*,#2339,.T.);
#3482=ORIENTED_EDGE('',*,*,#2336,.T.);
#3483=ORIENTED_EDGE('',*,*,#2475,.T.);
#3484=ORIENTED_EDGE('',*,*,#2476,.T.);
#3485=ORIENTED_EDGE('',*,*,#2411,.F.);
#3486=ORIENTED_EDGE('',*,*,#2477,.F.);
#3487=ORIENTED_EDGE('',*,*,#2478,.T.);
#3488=ORIENTED_EDGE('',*,*,#2477,.T.);
#3489=ORIENTED_EDGE('',*,*,#2418,.F.);
#3490=ORIENTED_EDGE('',*,*,#2479,.F.);
#3491=ORIENTED_EDGE('',*,*,#2480,.T.);
#3492=ORIENTED_EDGE('',*,*,#2479,.T.);
#3493=ORIENTED_EDGE('',*,*,#2417,.F.);
#3494=ORIENTED_EDGE('',*,*,#2481,.F.);
#3495=ORIENTED_EDGE('',*,*,#2482,.T.);
#3496=ORIENTED_EDGE('',*,*,#2481,.T.);
#3497=ORIENTED_EDGE('',*,*,#2416,.F.);
#3498=ORIENTED_EDGE('',*,*,#2483,.F.);
#3499=ORIENTED_EDGE('',*,*,#2484,.T.);
#3500=ORIENTED_EDGE('',*,*,#2483,.T.);
#3501=ORIENTED_EDGE('',*,*,#2415,.F.);
#3502=ORIENTED_EDGE('',*,*,#2485,.F.);
#3503=ORIENTED_EDGE('',*,*,#2486,.T.);
#3504=ORIENTED_EDGE('',*,*,#2485,.T.);
#3505=ORIENTED_EDGE('',*,*,#2414,.F.);
#3506=ORIENTED_EDGE('',*,*,#2487,.F.);
#3507=ORIENTED_EDGE('',*,*,#2488,.T.);
#3508=ORIENTED_EDGE('',*,*,#2487,.T.);
#3509=ORIENTED_EDGE('',*,*,#2413,.F.);
#3510=ORIENTED_EDGE('',*,*,#2489,.F.);
#3511=ORIENTED_EDGE('',*,*,#2490,.T.);
#3512=ORIENTED_EDGE('',*,*,#2489,.T.);
#3513=ORIENTED_EDGE('',*,*,#2412,.F.);
#3514=ORIENTED_EDGE('',*,*,#2476,.F.);
#3515=ORIENTED_EDGE('',*,*,#2490,.F.);
#3516=ORIENTED_EDGE('',*,*,#2475,.F.);
#3517=ORIENTED_EDGE('',*,*,#2478,.F.);
#3518=ORIENTED_EDGE('',*,*,#2480,.F.);
#3519=ORIENTED_EDGE('',*,*,#2482,.F.);
#3520=ORIENTED_EDGE('',*,*,#2484,.F.);
#3521=ORIENTED_EDGE('',*,*,#2486,.F.);
#3522=ORIENTED_EDGE('',*,*,#2488,.F.);
#3523=ORIENTED_EDGE('',*,*,#2491,.F.);
#3524=ORIENTED_EDGE('',*,*,#2492,.T.);
#3525=ORIENTED_EDGE('',*,*,#2392,.T.);
#3526=ORIENTED_EDGE('',*,*,#2493,.F.);
#3527=ORIENTED_EDGE('',*,*,#2494,.F.);
#3528=ORIENTED_EDGE('',*,*,#2495,.T.);
#3529=ORIENTED_EDGE('',*,*,#2393,.T.);
#3530=ORIENTED_EDGE('',*,*,#2492,.F.);
#3531=ORIENTED_EDGE('',*,*,#2496,.F.);
#3532=ORIENTED_EDGE('',*,*,#2497,.T.);
#3533=ORIENTED_EDGE('',*,*,#2394,.T.);
#3534=ORIENTED_EDGE('',*,*,#2495,.F.);
#3535=ORIENTED_EDGE('',*,*,#2498,.F.);
#3536=ORIENTED_EDGE('',*,*,#2493,.T.);
#3537=ORIENTED_EDGE('',*,*,#2391,.T.);
#3538=ORIENTED_EDGE('',*,*,#2497,.F.);
#3539=ORIENTED_EDGE('',*,*,#2421,.T.);
#3540=ORIENTED_EDGE('',*,*,#2442,.T.);
#3541=ORIENTED_EDGE('',*,*,#2439,.T.);
#3542=ORIENTED_EDGE('',*,*,#2436,.T.);
#3543=ORIENTED_EDGE('',*,*,#2433,.T.);
#3544=ORIENTED_EDGE('',*,*,#2430,.T.);
#3545=ORIENTED_EDGE('',*,*,#2427,.T.);
#3546=ORIENTED_EDGE('',*,*,#2424,.T.);
#3547=ORIENTED_EDGE('',*,*,#2499,.F.);
#3548=ORIENTED_EDGE('',*,*,#2500,.T.);
#3549=ORIENTED_EDGE('',*,*,#2501,.F.);
#3550=ORIENTED_EDGE('',*,*,#2502,.F.);
#3551=ORIENTED_EDGE('',*,*,#2503,.F.);
#3552=ORIENTED_EDGE('',*,*,#2502,.T.);
#3553=ORIENTED_EDGE('',*,*,#2504,.F.);
#3554=ORIENTED_EDGE('',*,*,#2505,.F.);
#3555=ORIENTED_EDGE('',*,*,#2506,.F.);
#3556=ORIENTED_EDGE('',*,*,#2505,.T.);
#3557=ORIENTED_EDGE('',*,*,#2507,.F.);
#3558=ORIENTED_EDGE('',*,*,#2508,.F.);
#3559=ORIENTED_EDGE('',*,*,#2509,.F.);
#3560=ORIENTED_EDGE('',*,*,#2508,.T.);
#3561=ORIENTED_EDGE('',*,*,#2510,.F.);
#3562=ORIENTED_EDGE('',*,*,#2500,.F.);
#3563=ORIENTED_EDGE('',*,*,#2510,.T.);
#3564=ORIENTED_EDGE('',*,*,#2507,.T.);
#3565=ORIENTED_EDGE('',*,*,#2504,.T.);
#3566=ORIENTED_EDGE('',*,*,#2501,.T.);
#3567=ORIENTED_EDGE('',*,*,#2511,.F.);
#3568=ORIENTED_EDGE('',*,*,#2512,.T.);
#3569=ORIENTED_EDGE('',*,*,#2513,.F.);
#3570=ORIENTED_EDGE('',*,*,#2514,.F.);
#3571=ORIENTED_EDGE('',*,*,#2515,.F.);
#3572=ORIENTED_EDGE('',*,*,#2514,.T.);
#3573=ORIENTED_EDGE('',*,*,#2516,.F.);
#3574=ORIENTED_EDGE('',*,*,#2517,.F.);
#3575=ORIENTED_EDGE('',*,*,#2518,.F.);
#3576=ORIENTED_EDGE('',*,*,#2517,.T.);
#3577=ORIENTED_EDGE('',*,*,#2519,.F.);
#3578=ORIENTED_EDGE('',*,*,#2520,.F.);
#3579=ORIENTED_EDGE('',*,*,#2521,.F.);
#3580=ORIENTED_EDGE('',*,*,#2520,.T.);
#3581=ORIENTED_EDGE('',*,*,#2522,.F.);
#3582=ORIENTED_EDGE('',*,*,#2523,.F.);
#3583=ORIENTED_EDGE('',*,*,#2524,.F.);
#3584=ORIENTED_EDGE('',*,*,#2523,.T.);
#3585=ORIENTED_EDGE('',*,*,#2525,.F.);
#3586=ORIENTED_EDGE('',*,*,#2526,.F.);
#3587=ORIENTED_EDGE('',*,*,#2527,.F.);
#3588=ORIENTED_EDGE('',*,*,#2526,.T.);
#3589=ORIENTED_EDGE('',*,*,#2528,.F.);
#3590=ORIENTED_EDGE('',*,*,#2529,.F.);
#3591=ORIENTED_EDGE('',*,*,#2530,.F.);
#3592=ORIENTED_EDGE('',*,*,#2529,.T.);
#3593=ORIENTED_EDGE('',*,*,#2531,.F.);
#3594=ORIENTED_EDGE('',*,*,#2532,.F.);
#3595=ORIENTED_EDGE('',*,*,#2533,.F.);
#3596=ORIENTED_EDGE('',*,*,#2532,.T.);
#3597=ORIENTED_EDGE('',*,*,#2534,.F.);
#3598=ORIENTED_EDGE('',*,*,#2535,.F.);
#3599=ORIENTED_EDGE('',*,*,#2536,.F.);
#3600=ORIENTED_EDGE('',*,*,#2535,.T.);
#3601=ORIENTED_EDGE('',*,*,#2537,.F.);
#3602=ORIENTED_EDGE('',*,*,#2538,.F.);
#3603=ORIENTED_EDGE('',*,*,#2539,.F.);
#3604=ORIENTED_EDGE('',*,*,#2538,.T.);
#3605=ORIENTED_EDGE('',*,*,#2540,.F.);
#3606=ORIENTED_EDGE('',*,*,#2541,.F.);
#3607=ORIENTED_EDGE('',*,*,#2542,.F.);
#3608=ORIENTED_EDGE('',*,*,#2541,.T.);
#3609=ORIENTED_EDGE('',*,*,#2543,.F.);
#3610=ORIENTED_EDGE('',*,*,#2544,.F.);
#3611=ORIENTED_EDGE('',*,*,#2545,.F.);
#3612=ORIENTED_EDGE('',*,*,#2544,.T.);
#3613=ORIENTED_EDGE('',*,*,#2546,.F.);
#3614=ORIENTED_EDGE('',*,*,#2512,.F.);
#3615=ORIENTED_EDGE('',*,*,#2546,.T.);
#3616=ORIENTED_EDGE('',*,*,#2543,.T.);
#3617=ORIENTED_EDGE('',*,*,#2540,.T.);
#3618=ORIENTED_EDGE('',*,*,#2537,.T.);
#3619=ORIENTED_EDGE('',*,*,#2534,.T.);
#3620=ORIENTED_EDGE('',*,*,#2531,.T.);
#3621=ORIENTED_EDGE('',*,*,#2528,.T.);
#3622=ORIENTED_EDGE('',*,*,#2525,.T.);
#3623=ORIENTED_EDGE('',*,*,#2522,.T.);
#3624=ORIENTED_EDGE('',*,*,#2519,.T.);
#3625=ORIENTED_EDGE('',*,*,#2516,.T.);
#3626=ORIENTED_EDGE('',*,*,#2513,.T.);
#3627=ORIENTED_EDGE('',*,*,#2547,.F.);
#3628=ORIENTED_EDGE('',*,*,#2548,.T.);
#3629=ORIENTED_EDGE('',*,*,#2549,.T.);
#3630=ORIENTED_EDGE('',*,*,#2548,.F.);
#3631=ORIENTED_EDGE('',*,*,#2549,.F.);
#3632=ORIENTED_EDGE('',*,*,#2550,.F.);
#3633=ORIENTED_EDGE('',*,*,#2551,.F.);
#3634=ORIENTED_EDGE('',*,*,#2552,.T.);
#3635=ORIENTED_EDGE('',*,*,#2553,.T.);
#3636=ORIENTED_EDGE('',*,*,#2552,.F.);
#3637=ORIENTED_EDGE('',*,*,#2553,.F.);
#3638=ORIENTED_EDGE('',*,*,#2554,.F.);
#3639=ORIENTED_EDGE('',*,*,#2554,.T.);
#3640=ORIENTED_EDGE('',*,*,#2555,.T.);
#3641=ORIENTED_EDGE('',*,*,#2556,.F.);
#3642=ORIENTED_EDGE('',*,*,#2555,.F.);
#3643=ORIENTED_EDGE('',*,*,#2550,.T.);
#3644=ORIENTED_EDGE('',*,*,#2557,.T.);
#3645=ORIENTED_EDGE('',*,*,#2558,.F.);
#3646=ORIENTED_EDGE('',*,*,#2557,.F.);
#3647=ORIENTED_EDGE('',*,*,#2559,.T.);
#3648=ORIENTED_EDGE('',*,*,#2560,.T.);
#3649=ORIENTED_EDGE('',*,*,#2561,.F.);
#3650=ORIENTED_EDGE('',*,*,#2562,.F.);
#3651=ORIENTED_EDGE('',*,*,#2563,.T.);
#3652=ORIENTED_EDGE('',*,*,#2562,.T.);
#3653=ORIENTED_EDGE('',*,*,#2564,.F.);
#3654=ORIENTED_EDGE('',*,*,#2565,.F.);
#3655=ORIENTED_EDGE('',*,*,#2499,.T.);
#3656=ORIENTED_EDGE('',*,*,#2503,.T.);
#3657=ORIENTED_EDGE('',*,*,#2506,.T.);
#3658=ORIENTED_EDGE('',*,*,#2509,.T.);
#3659=ORIENTED_EDGE('',*,*,#2566,.T.);
#3660=ORIENTED_EDGE('',*,*,#2565,.T.);
#3661=ORIENTED_EDGE('',*,*,#2567,.F.);
#3662=ORIENTED_EDGE('',*,*,#2568,.F.);
#3663=ORIENTED_EDGE('',*,*,#2569,.T.);
#3664=ORIENTED_EDGE('',*,*,#2568,.T.);
#3665=ORIENTED_EDGE('',*,*,#2570,.F.);
#3666=ORIENTED_EDGE('',*,*,#2571,.F.);
#3667=ORIENTED_EDGE('',*,*,#2491,.T.);
#3668=ORIENTED_EDGE('',*,*,#2498,.T.);
#3669=ORIENTED_EDGE('',*,*,#2496,.T.);
#3670=ORIENTED_EDGE('',*,*,#2494,.T.);
#3671=ORIENTED_EDGE('',*,*,#2572,.T.);
#3672=ORIENTED_EDGE('',*,*,#2571,.T.);
#3673=ORIENTED_EDGE('',*,*,#2573,.F.);
#3674=ORIENTED_EDGE('',*,*,#2574,.F.);
#3675=ORIENTED_EDGE('',*,*,#2511,.T.);
#3676=ORIENTED_EDGE('',*,*,#2515,.T.);
#3677=ORIENTED_EDGE('',*,*,#2518,.T.);
#3678=ORIENTED_EDGE('',*,*,#2521,.T.);
#3679=ORIENTED_EDGE('',*,*,#2524,.T.);
#3680=ORIENTED_EDGE('',*,*,#2527,.T.);
#3681=ORIENTED_EDGE('',*,*,#2530,.T.);
#3682=ORIENTED_EDGE('',*,*,#2533,.T.);
#3683=ORIENTED_EDGE('',*,*,#2536,.T.);
#3684=ORIENTED_EDGE('',*,*,#2539,.T.);
#3685=ORIENTED_EDGE('',*,*,#2542,.T.);
#3686=ORIENTED_EDGE('',*,*,#2545,.T.);
#3687=ORIENTED_EDGE('',*,*,#2575,.T.);
#3688=ORIENTED_EDGE('',*,*,#2574,.T.);
#3689=ORIENTED_EDGE('',*,*,#2576,.F.);
#3690=ORIENTED_EDGE('',*,*,#2560,.F.);
#3691=ORIENTED_EDGE('',*,*,#2287,.T.);
#3692=ORIENTED_EDGE('',*,*,#2294,.T.);
#3693=ORIENTED_EDGE('',*,*,#2292,.T.);
#3694=ORIENTED_EDGE('',*,*,#2290,.T.);
#3695=ORIENTED_EDGE('',*,*,#2575,.F.);
#3696=ORIENTED_EDGE('',*,*,#2559,.F.);
#3697=ORIENTED_EDGE('',*,*,#2563,.F.);
#3698=ORIENTED_EDGE('',*,*,#2566,.F.);
#3699=ORIENTED_EDGE('',*,*,#2569,.F.);
#3700=ORIENTED_EDGE('',*,*,#2572,.F.);
#3701=ORIENTED_EDGE('',*,*,#2558,.T.);
#3702=ORIENTED_EDGE('',*,*,#2556,.T.);
#3703=ORIENTED_EDGE('',*,*,#2576,.T.);
#3704=ORIENTED_EDGE('',*,*,#2573,.T.);
#3705=ORIENTED_EDGE('',*,*,#2570,.T.);
#3706=ORIENTED_EDGE('',*,*,#2567,.T.);
#3707=ORIENTED_EDGE('',*,*,#2564,.T.);
#3708=ORIENTED_EDGE('',*,*,#2561,.T.);
#3709=ORIENTED_EDGE('',*,*,#2547,.T.);
#3710=ORIENTED_EDGE('',*,*,#2551,.T.);
#3711=ORIENTED_EDGE('',*,*,#2577,.F.);
#3712=ORIENTED_EDGE('',*,*,#2578,.T.);
#3713=ORIENTED_EDGE('',*,*,#2579,.F.);
#3714=ORIENTED_EDGE('',*,*,#2580,.F.);
#3715=ORIENTED_EDGE('',*,*,#2581,.F.);
#3716=ORIENTED_EDGE('',*,*,#2580,.T.);
#3717=ORIENTED_EDGE('',*,*,#2582,.F.);
#3718=ORIENTED_EDGE('',*,*,#2583,.F.);
#3719=ORIENTED_EDGE('',*,*,#2584,.T.);
#3720=ORIENTED_EDGE('',*,*,#2583,.T.);
#3721=ORIENTED_EDGE('',*,*,#2585,.F.);
#3722=ORIENTED_EDGE('',*,*,#2586,.F.);
#3723=ORIENTED_EDGE('',*,*,#2587,.F.);
#3724=ORIENTED_EDGE('',*,*,#2586,.T.);
#3725=ORIENTED_EDGE('',*,*,#2588,.F.);
#3726=ORIENTED_EDGE('',*,*,#2578,.F.);
#3727=ORIENTED_EDGE('',*,*,#2588,.T.);
#3728=ORIENTED_EDGE('',*,*,#2585,.T.);
#3729=ORIENTED_EDGE('',*,*,#2582,.T.);
#3730=ORIENTED_EDGE('',*,*,#2579,.T.);
#3731=ORIENTED_EDGE('',*,*,#2587,.T.);
#3732=ORIENTED_EDGE('',*,*,#2577,.T.);
#3733=ORIENTED_EDGE('',*,*,#2581,.T.);
#3734=ORIENTED_EDGE('',*,*,#2584,.F.);
#3735=ORIENTED_EDGE('',*,*,#2589,.F.);
#3736=ORIENTED_EDGE('',*,*,#2590,.T.);
#3737=ORIENTED_EDGE('',*,*,#2591,.F.);
#3738=ORIENTED_EDGE('',*,*,#2592,.F.);
#3739=ORIENTED_EDGE('',*,*,#2593,.F.);
#3740=ORIENTED_EDGE('',*,*,#2592,.T.);
#3741=ORIENTED_EDGE('',*,*,#2594,.F.);
#3742=ORIENTED_EDGE('',*,*,#2595,.F.);
#3743=ORIENTED_EDGE('',*,*,#2596,.F.);
#3744=ORIENTED_EDGE('',*,*,#2595,.T.);
#3745=ORIENTED_EDGE('',*,*,#2597,.F.);
#3746=ORIENTED_EDGE('',*,*,#2598,.F.);
#3747=ORIENTED_EDGE('',*,*,#2599,.T.);
#3748=ORIENTED_EDGE('',*,*,#2598,.T.);
#3749=ORIENTED_EDGE('',*,*,#2600,.F.);
#3750=ORIENTED_EDGE('',*,*,#2590,.F.);
#3751=ORIENTED_EDGE('',*,*,#2600,.T.);
#3752=ORIENTED_EDGE('',*,*,#2597,.T.);
#3753=ORIENTED_EDGE('',*,*,#2594,.T.);
#3754=ORIENTED_EDGE('',*,*,#2591,.T.);
#3755=ORIENTED_EDGE('',*,*,#2599,.F.);
#3756=ORIENTED_EDGE('',*,*,#2589,.T.);
#3757=ORIENTED_EDGE('',*,*,#2593,.T.);
#3758=ORIENTED_EDGE('',*,*,#2596,.T.);
#3759=ORIENTED_EDGE('',*,*,#2601,.F.);
#3760=ORIENTED_EDGE('',*,*,#2602,.T.);
#3761=ORIENTED_EDGE('',*,*,#2603,.T.);
#3762=ORIENTED_EDGE('',*,*,#2602,.F.);
#3763=ORIENTED_EDGE('',*,*,#2604,.F.);
#3764=ORIENTED_EDGE('',*,*,#2605,.T.);
#3765=ORIENTED_EDGE('',*,*,#2606,.T.);
#3766=ORIENTED_EDGE('',*,*,#2605,.F.);
#3767=ORIENTED_EDGE('',*,*,#2604,.T.);
#3768=ORIENTED_EDGE('',*,*,#2601,.T.);
#3769=ORIENTED_EDGE('',*,*,#2606,.F.);
#3770=ORIENTED_EDGE('',*,*,#2603,.F.);
#3771=ORIENTED_EDGE('',*,*,#2607,.F.);
#3772=ORIENTED_EDGE('',*,*,#2608,.T.);
#3773=ORIENTED_EDGE('',*,*,#2609,.T.);
#3774=ORIENTED_EDGE('',*,*,#2608,.F.);
#3775=ORIENTED_EDGE('',*,*,#2610,.F.);
#3776=ORIENTED_EDGE('',*,*,#2611,.T.);
#3777=ORIENTED_EDGE('',*,*,#2612,.T.);
#3778=ORIENTED_EDGE('',*,*,#2611,.F.);
#3779=ORIENTED_EDGE('',*,*,#2610,.T.);
#3780=ORIENTED_EDGE('',*,*,#2607,.T.);
#3781=ORIENTED_EDGE('',*,*,#2612,.F.);
#3782=ORIENTED_EDGE('',*,*,#2609,.F.);
#3783=ORIENTED_EDGE('',*,*,#2613,.F.);
#3784=ORIENTED_EDGE('',*,*,#2614,.T.);
#3785=ORIENTED_EDGE('',*,*,#2615,.F.);
#3786=ORIENTED_EDGE('',*,*,#2614,.F.);
#3787=ORIENTED_EDGE('',*,*,#2615,.T.);
#3788=ORIENTED_EDGE('',*,*,#2613,.T.);
#3789=ORIENTED_EDGE('',*,*,#2616,.F.);
#3790=ORIENTED_EDGE('',*,*,#2617,.T.);
#3791=ORIENTED_EDGE('',*,*,#2618,.F.);
#3792=ORIENTED_EDGE('',*,*,#2617,.F.);
#3793=ORIENTED_EDGE('',*,*,#2618,.T.);
#3794=ORIENTED_EDGE('',*,*,#2616,.T.);
#3795=PLANE('',#4180);
#3796=PLANE('',#4181);
#3797=PLANE('',#4182);
#3798=PLANE('',#4183);
#3799=PLANE('',#4190);
#3800=PLANE('',#4191);
#3801=PLANE('',#4192);
#3802=PLANE('',#4193);
#3803=PLANE('',#4194);
#3804=PLANE('',#4195);
#3805=PLANE('',#4196);
#3806=PLANE('',#4197);
#3807=PLANE('',#4198);
#3808=PLANE('',#4199);
#3809=PLANE('',#4200);
#3810=PLANE('',#4201);
#3811=PLANE('',#4202);
#3812=PLANE('',#4209);
#3813=PLANE('',#4210);
#3814=PLANE('',#4217);
#3815=PLANE('',#4218);
#3816=PLANE('',#4219);
#3817=PLANE('',#4220);
#3818=PLANE('',#4221);
#3819=PLANE('',#4222);
#3820=PLANE('',#4223);
#3821=PLANE('',#4224);
#3822=PLANE('',#4225);
#3823=PLANE('',#4226);
#3824=PLANE('',#4227);
#3825=PLANE('',#4228);
#3826=PLANE('',#4229);
#3827=PLANE('',#4230);
#3828=PLANE('',#4231);
#3829=PLANE('',#4232);
#3830=PLANE('',#4233);
#3831=PLANE('',#4234);
#3832=PLANE('',#4235);
#3833=PLANE('',#4236);
#3834=PLANE('',#4237);
#3835=PLANE('',#4238);
#3836=PLANE('',#4239);
#3837=PLANE('',#4240);
#3838=PLANE('',#4241);
#3839=PLANE('',#4242);
#3840=PLANE('',#4243);
#3841=PLANE('',#4244);
#3842=PLANE('',#4245);
#3843=PLANE('',#4246);
#3844=PLANE('',#4247);
#3845=PLANE('',#4248);
#3846=PLANE('',#4249);
#3847=PLANE('',#4250);
#3848=PLANE('',#4251);
#3849=PLANE('',#4252);
#3850=PLANE('',#4253);
#3851=PLANE('',#4254);
#3852=PLANE('',#4255);
#3853=PLANE('',#4256);
#3854=PLANE('',#4257);
#3855=PLANE('',#4258);
#3856=PLANE('',#4259);
#3857=PLANE('',#4260);
#3858=PLANE('',#4261);
#3859=PLANE('',#4262);
#3860=PLANE('',#4263);
#3861=PLANE('',#4264);
#3862=PLANE('',#4265);
#3863=PLANE('',#4266);
#3864=PLANE('',#4267);
#3865=PLANE('',#4268);
#3866=PLANE('',#4269);
#3867=PLANE('',#4270);
#3868=PLANE('',#4271);
#3869=PLANE('',#4272);
#3870=PLANE('',#4273);
#3871=PLANE('',#4274);
#3872=PLANE('',#4275);
#3873=PLANE('',#4276);
#3874=PLANE('',#4277);
#3875=PLANE('',#4278);
#3876=PLANE('',#4279);
#3877=PLANE('',#4280);
#3878=PLANE('',#4281);
#3879=PLANE('',#4282);
#3880=PLANE('',#4283);
#3881=PLANE('',#4284);
#3882=PLANE('',#4285);
#3883=PLANE('',#4286);
#3884=PLANE('',#4287);
#3885=PLANE('',#4288);
#3886=PLANE('',#4289);
#3887=PLANE('',#4290);
#3888=PLANE('',#4291);
#3889=PLANE('',#4292);
#3890=PLANE('',#4293);
#3891=PLANE('',#4294);
#3892=PLANE('',#4295);
#3893=PLANE('',#4296);
#3894=PLANE('',#4297);
#3895=PLANE('',#4298);
#3896=PLANE('',#4299);
#3897=PLANE('',#4303);
#3898=PLANE('',#4308);
#3899=PLANE('',#4314);
#3900=PLANE('',#4315);
#3901=PLANE('',#4316);
#3902=PLANE('',#4317);
#3903=PLANE('',#4318);
#3904=PLANE('',#4319);
#3905=PLANE('',#4320);
#3906=PLANE('',#4321);
#3907=PLANE('',#4325);
#3908=PLANE('',#4329);
#3909=PLANE('',#4330);
#3910=PLANE('',#4331);
#3911=PLANE('',#4332);
#3912=PLANE('',#4336);
#3913=PLANE('',#4340);
#3914=PLANE('',#4341);
#3915=PLANE('',#4348);
#3916=PLANE('',#4349);
#3917=PLANE('',#4356);
#3918=PLANE('',#4357);
#3919=PLANE('',#4361);
#3920=PLANE('',#4362);
#3921=PLANE('',#4366);
#3922=PLANE('',#4367);
#3923=ADVANCED_FACE('',(#385),#3795,.T.);
#3924=ADVANCED_FACE('',(#386),#3796,.T.);
#3925=ADVANCED_FACE('',(#387),#3797,.T.);
#3926=ADVANCED_FACE('',(#388),#3798,.T.);
#3927=ADVANCED_FACE('',(#389),#365,.F.);
#3928=ADVANCED_FACE('',(#390),#366,.F.);
#3929=ADVANCED_FACE('',(#391),#3799,.T.);
#3930=ADVANCED_FACE('',(#392),#3800,.T.);
#3931=ADVANCED_FACE('',(#393),#3801,.T.);
#3932=ADVANCED_FACE('',(#394),#3802,.T.);
#3933=ADVANCED_FACE('',(#395),#3803,.T.);
#3934=ADVANCED_FACE('',(#396),#3804,.T.);
#3935=ADVANCED_FACE('',(#397),#3805,.T.);
#3936=ADVANCED_FACE('',(#398),#3806,.T.);
#3937=ADVANCED_FACE('',(#399),#3807,.T.);
#3938=ADVANCED_FACE('',(#400),#3808,.T.);
#3939=ADVANCED_FACE('',(#401,#291,#292),#3809,.T.);
#3940=ADVANCED_FACE('',(#402,#293,#294),#3810,.F.);
#3941=ADVANCED_FACE('',(#403,#295),#3811,.F.);
#3942=ADVANCED_FACE('',(#404),#367,.F.);
#3943=ADVANCED_FACE('',(#405),#368,.T.);
#3944=ADVANCED_FACE('',(#406,#296),#3812,.T.);
#3945=ADVANCED_FACE('',(#407,#297),#3813,.F.);
#3946=ADVANCED_FACE('',(#408),#369,.F.);
#3947=ADVANCED_FACE('',(#409),#370,.T.);
#3948=ADVANCED_FACE('',(#410,#298),#3814,.T.);
#3949=ADVANCED_FACE('',(#411),#3815,.T.);
#3950=ADVANCED_FACE('',(#412),#3816,.T.);
#3951=ADVANCED_FACE('',(#413),#3817,.T.);
#3952=ADVANCED_FACE('',(#414),#3818,.T.);
#3953=ADVANCED_FACE('',(#415),#3819,.T.);
#3954=ADVANCED_FACE('',(#416),#3820,.T.);
#3955=ADVANCED_FACE('',(#417),#3821,.T.);
#3956=ADVANCED_FACE('',(#418),#3822,.T.);
#3957=ADVANCED_FACE('',(#419),#3823,.T.);
#3958=ADVANCED_FACE('',(#420),#3824,.T.);
#3959=ADVANCED_FACE('',(#421),#3825,.T.);
#3960=ADVANCED_FACE('',(#422),#3826,.T.);
#3961=ADVANCED_FACE('',(#423),#3827,.T.);
#3962=ADVANCED_FACE('',(#424),#185,.T.);
#3963=ADVANCED_FACE('',(#425),#186,.T.);
#3964=ADVANCED_FACE('',(#426),#187,.T.);
#3965=ADVANCED_FACE('',(#427),#188,.T.);
#3966=ADVANCED_FACE('',(#428),#189,.T.);
#3967=ADVANCED_FACE('',(#429),#190,.T.);
#3968=ADVANCED_FACE('',(#430),#191,.T.);
#3969=ADVANCED_FACE('',(#431),#192,.T.);
#3970=ADVANCED_FACE('',(#432),#193,.T.);
#3971=ADVANCED_FACE('',(#433),#194,.T.);
#3972=ADVANCED_FACE('',(#434),#195,.T.);
#3973=ADVANCED_FACE('',(#435),#196,.T.);
#3974=ADVANCED_FACE('',(#436),#197,.T.);
#3975=ADVANCED_FACE('',(#437),#198,.T.);
#3976=ADVANCED_FACE('',(#438),#199,.T.);
#3977=ADVANCED_FACE('',(#439),#200,.T.);
#3978=ADVANCED_FACE('',(#440),#201,.T.);
#3979=ADVANCED_FACE('',(#441),#202,.T.);
#3980=ADVANCED_FACE('',(#442),#203,.T.);
#3981=ADVANCED_FACE('',(#443),#204,.T.);
#3982=ADVANCED_FACE('',(#444,#299),#3828,.T.);
#3983=ADVANCED_FACE('',(#445,#300,#301,#302,#303),#3829,.F.);
#3984=ADVANCED_FACE('',(#446),#205,.T.);
#3985=ADVANCED_FACE('',(#447),#206,.T.);
#3986=ADVANCED_FACE('',(#448),#207,.T.);
#3987=ADVANCED_FACE('',(#449),#208,.T.);
#3988=ADVANCED_FACE('',(#450),#209,.T.);
#3989=ADVANCED_FACE('',(#451),#210,.T.);
#3990=ADVANCED_FACE('',(#452),#211,.T.);
#3991=ADVANCED_FACE('',(#453),#212,.T.);
#3992=ADVANCED_FACE('',(#454),#213,.T.);
#3993=ADVANCED_FACE('',(#455),#214,.T.);
#3994=ADVANCED_FACE('',(#456),#215,.T.);
#3995=ADVANCED_FACE('',(#457),#216,.T.);
#3996=ADVANCED_FACE('',(#458),#217,.T.);
#3997=ADVANCED_FACE('',(#459),#218,.T.);
#3998=ADVANCED_FACE('',(#460),#219,.T.);
#3999=ADVANCED_FACE('',(#461),#220,.T.);
#4000=ADVANCED_FACE('',(#462),#221,.T.);
#4001=ADVANCED_FACE('',(#463),#222,.T.);
#4002=ADVANCED_FACE('',(#464),#223,.T.);
#4003=ADVANCED_FACE('',(#465),#224,.T.);
#4004=ADVANCED_FACE('',(#466),#225,.T.);
#4005=ADVANCED_FACE('',(#467),#226,.T.);
#4006=ADVANCED_FACE('',(#468),#3830,.T.);
#4007=ADVANCED_FACE('',(#469),#227,.T.);
#4008=ADVANCED_FACE('',(#470,#304),#3831,.T.);
#4009=ADVANCED_FACE('',(#471),#3832,.F.);
#4010=ADVANCED_FACE('',(#472),#3833,.T.);
#4011=ADVANCED_FACE('',(#473),#3834,.T.);
#4012=ADVANCED_FACE('',(#474),#3835,.T.);
#4013=ADVANCED_FACE('',(#475),#3836,.T.);
#4014=ADVANCED_FACE('',(#476),#3837,.T.);
#4015=ADVANCED_FACE('',(#477),#3838,.T.);
#4016=ADVANCED_FACE('',(#478),#3839,.T.);
#4017=ADVANCED_FACE('',(#479),#3840,.T.);
#4018=ADVANCED_FACE('',(#480),#3841,.T.);
#4019=ADVANCED_FACE('',(#481),#3842,.F.);
#4020=ADVANCED_FACE('',(#482),#3843,.F.);
#4021=ADVANCED_FACE('',(#483),#3844,.F.);
#4022=ADVANCED_FACE('',(#484),#3845,.F.);
#4023=ADVANCED_FACE('',(#485),#3846,.F.);
#4024=ADVANCED_FACE('',(#486),#3847,.T.);
#4025=ADVANCED_FACE('',(#487),#3848,.T.);
#4026=ADVANCED_FACE('',(#488),#3849,.T.);
#4027=ADVANCED_FACE('',(#489),#3850,.T.);
#4028=ADVANCED_FACE('',(#490),#3851,.T.);
#4029=ADVANCED_FACE('',(#491),#3852,.T.);
#4030=ADVANCED_FACE('',(#492),#3853,.T.);
#4031=ADVANCED_FACE('',(#493),#3854,.T.);
#4032=ADVANCED_FACE('',(#494),#3855,.T.);
#4033=ADVANCED_FACE('',(#495),#3856,.T.);
#4034=ADVANCED_FACE('',(#496),#3857,.T.);
#4035=ADVANCED_FACE('',(#497),#3858,.T.);
#4036=ADVANCED_FACE('',(#498),#3859,.T.);
#4037=ADVANCED_FACE('',(#499),#228,.T.);
#4038=ADVANCED_FACE('',(#500),#229,.T.);
#4039=ADVANCED_FACE('',(#501),#230,.T.);
#4040=ADVANCED_FACE('',(#502),#231,.T.);
#4041=ADVANCED_FACE('',(#503),#232,.T.);
#4042=ADVANCED_FACE('',(#504),#233,.T.);
#4043=ADVANCED_FACE('',(#505),#234,.T.);
#4044=ADVANCED_FACE('',(#506),#235,.T.);
#4045=ADVANCED_FACE('',(#507),#236,.T.);
#4046=ADVANCED_FACE('',(#508),#237,.T.);
#4047=ADVANCED_FACE('',(#509),#238,.T.);
#4048=ADVANCED_FACE('',(#510),#239,.T.);
#4049=ADVANCED_FACE('',(#511),#240,.T.);
#4050=ADVANCED_FACE('',(#512),#241,.T.);
#4051=ADVANCED_FACE('',(#513),#242,.T.);
#4052=ADVANCED_FACE('',(#514),#243,.T.);
#4053=ADVANCED_FACE('',(#515),#244,.T.);
#4054=ADVANCED_FACE('',(#516),#245,.T.);
#4055=ADVANCED_FACE('',(#517),#246,.T.);
#4056=ADVANCED_FACE('',(#518),#247,.T.);
#4057=ADVANCED_FACE('',(#519,#305),#3860,.T.);
#4058=ADVANCED_FACE('',(#520,#306,#307,#308,#309),#3861,.F.);
#4059=ADVANCED_FACE('',(#521),#248,.T.);
#4060=ADVANCED_FACE('',(#522),#249,.T.);
#4061=ADVANCED_FACE('',(#523),#250,.T.);
#4062=ADVANCED_FACE('',(#524),#251,.T.);
#4063=ADVANCED_FACE('',(#525),#252,.T.);
#4064=ADVANCED_FACE('',(#526),#253,.T.);
#4065=ADVANCED_FACE('',(#527),#254,.T.);
#4066=ADVANCED_FACE('',(#528),#255,.T.);
#4067=ADVANCED_FACE('',(#529),#256,.T.);
#4068=ADVANCED_FACE('',(#530),#257,.T.);
#4069=ADVANCED_FACE('',(#531),#258,.T.);
#4070=ADVANCED_FACE('',(#532),#259,.T.);
#4071=ADVANCED_FACE('',(#533),#260,.T.);
#4072=ADVANCED_FACE('',(#534),#261,.T.);
#4073=ADVANCED_FACE('',(#535),#262,.T.);
#4074=ADVANCED_FACE('',(#536),#263,.T.);
#4075=ADVANCED_FACE('',(#537),#264,.T.);
#4076=ADVANCED_FACE('',(#538),#265,.T.);
#4077=ADVANCED_FACE('',(#539),#266,.T.);
#4078=ADVANCED_FACE('',(#540),#267,.T.);
#4079=ADVANCED_FACE('',(#541),#268,.T.);
#4080=ADVANCED_FACE('',(#542),#269,.T.);
#4081=ADVANCED_FACE('',(#543),#3862,.T.);
#4082=ADVANCED_FACE('',(#544),#270,.T.);
#4083=ADVANCED_FACE('',(#545,#310),#3863,.T.);
#4084=ADVANCED_FACE('',(#546),#3864,.F.);
#4085=ADVANCED_FACE('',(#547),#3865,.T.);
#4086=ADVANCED_FACE('',(#548),#3866,.T.);
#4087=ADVANCED_FACE('',(#549),#3867,.T.);
#4088=ADVANCED_FACE('',(#550),#3868,.T.);
#4089=ADVANCED_FACE('',(#551),#3869,.T.);
#4090=ADVANCED_FACE('',(#552),#3870,.T.);
#4091=ADVANCED_FACE('',(#553),#3871,.T.);
#4092=ADVANCED_FACE('',(#554),#3872,.T.);
#4093=ADVANCED_FACE('',(#555),#3873,.T.);
#4094=ADVANCED_FACE('',(#556),#3874,.F.);
#4095=ADVANCED_FACE('',(#557),#3875,.F.);
#4096=ADVANCED_FACE('',(#558),#3876,.F.);
#4097=ADVANCED_FACE('',(#559),#3877,.F.);
#4098=ADVANCED_FACE('',(#560),#3878,.F.);
#4099=ADVANCED_FACE('',(#561),#3879,.T.);
#4100=ADVANCED_FACE('',(#562),#3880,.T.);
#4101=ADVANCED_FACE('',(#563),#3881,.T.);
#4102=ADVANCED_FACE('',(#564),#3882,.T.);
#4103=ADVANCED_FACE('',(#565),#3883,.T.);
#4104=ADVANCED_FACE('',(#566),#3884,.T.);
#4105=ADVANCED_FACE('',(#567),#3885,.T.);
#4106=ADVANCED_FACE('',(#568),#3886,.T.);
#4107=ADVANCED_FACE('',(#569),#3887,.T.);
#4108=ADVANCED_FACE('',(#570),#3888,.T.);
#4109=ADVANCED_FACE('',(#571),#3889,.T.);
#4110=ADVANCED_FACE('',(#572),#3890,.T.);
#4111=ADVANCED_FACE('',(#573),#3891,.T.);
#4112=ADVANCED_FACE('',(#574),#3892,.T.);
#4113=ADVANCED_FACE('',(#575),#3893,.T.);
#4114=ADVANCED_FACE('',(#576),#3894,.T.);
#4115=ADVANCED_FACE('',(#577),#3895,.T.);
#4116=ADVANCED_FACE('',(#578),#3896,.T.);
#4117=ADVANCED_FACE('',(#579),#371,.F.);
#4118=ADVANCED_FACE('',(#580,#311),#3897,.T.);
#4119=ADVANCED_FACE('',(#581),#372,.F.);
#4120=ADVANCED_FACE('',(#582,#312),#3898,.T.);
#4121=ADVANCED_FACE('',(#583),#373,.F.);
#4122=ADVANCED_FACE('',(#584),#374,.F.);
#4123=ADVANCED_FACE('',(#585),#3899,.T.);
#4124=ADVANCED_FACE('',(#586,#313),#3900,.T.);
#4125=ADVANCED_FACE('',(#587),#3901,.T.);
#4126=ADVANCED_FACE('',(#588,#314),#3902,.T.);
#4127=ADVANCED_FACE('',(#589,#315),#3903,.T.);
#4128=ADVANCED_FACE('',(#590,#316),#3904,.T.);
#4129=ADVANCED_FACE('',(#591,#317,#318),#3905,.T.);
#4130=ADVANCED_FACE('',(#592,#319,#320),#3906,.F.);
#4131=ADVANCED_FACE('',(#593),#375,.F.);
#4132=ADVANCED_FACE('',(#594),#3907,.T.);
#4133=ADVANCED_FACE('',(#595),#376,.T.);
#4134=ADVANCED_FACE('',(#596),#3908,.T.);
#4135=ADVANCED_FACE('',(#597),#3909,.T.);
#4136=ADVANCED_FACE('',(#598),#3910,.F.);
#4137=ADVANCED_FACE('',(#599),#3911,.T.);
#4138=ADVANCED_FACE('',(#600),#377,.F.);
#4139=ADVANCED_FACE('',(#601),#3912,.T.);
#4140=ADVANCED_FACE('',(#602),#378,.T.);
#4141=ADVANCED_FACE('',(#603),#3913,.T.);
#4142=ADVANCED_FACE('',(#604),#3914,.F.);
#4143=ADVANCED_FACE('',(#605),#379,.F.);
#4144=ADVANCED_FACE('',(#606),#380,.T.);
#4145=ADVANCED_FACE('',(#607,#321),#3915,.F.);
#4146=ADVANCED_FACE('',(#608,#322),#3916,.T.);
#4147=ADVANCED_FACE('',(#609),#381,.F.);
#4148=ADVANCED_FACE('',(#610),#382,.T.);
#4149=ADVANCED_FACE('',(#611,#323),#3917,.F.);
#4150=ADVANCED_FACE('',(#612,#324),#3918,.T.);
#4151=ADVANCED_FACE('',(#613),#383,.T.);
#4152=ADVANCED_FACE('',(#614),#3919,.T.);
#4153=ADVANCED_FACE('',(#615),#3920,.F.);
#4154=ADVANCED_FACE('',(#616),#384,.T.);
#4155=ADVANCED_FACE('',(#617),#3921,.T.);
#4156=ADVANCED_FACE('',(#618),#3922,.F.);
#4157=CLOSED_SHELL('',(#3923,#3924,#3925,#3926,#3927,#3928,#3929,#3930,
#3931,#3932,#3933,#3934,#3935,#3936,#3937,#3938,#3939,#3940));
#4158=CLOSED_SHELL('',(#3941,#3942,#3943,#3944));
#4159=CLOSED_SHELL('',(#3945,#3946,#3947,#3948));
#4160=CLOSED_SHELL('',(#3949,#3950,#3951,#3952,#3953,#3954,#3955,#3956,
#3957,#3958,#3959,#3960,#3961,#3962,#3963,#3964,#3965,#3966,#3967,#3968,
#3969,#3970,#3971,#3972,#3973,#3974,#3975,#3976,#3977,#3978,#3979,#3980,
#3981,#3982,#3983,#3984,#3985,#3986,#3987,#3988,#3989,#3990,#3991,#3992,
#3993,#3994,#3995,#3996,#3997,#3998,#3999,#4000,#4001,#4002,#4003,#4004,
#4005,#4006,#4007,#4008,#4009,#4010,#4011,#4012,#4013,#4014,#4015,#4016,
#4017,#4018,#4019,#4020,#4021,#4022,#4023,#4024,#4025,#4026,#4027,#4028,
#4029,#4030,#4031,#4032,#4033,#4034,#4035,#4036,#4037,#4038,#4039,#4040,
#4041,#4042,#4043,#4044,#4045,#4046,#4047,#4048,#4049,#4050,#4051,#4052,
#4053,#4054,#4055,#4056,#4057,#4058,#4059,#4060,#4061,#4062,#4063,#4064,
#4065,#4066,#4067,#4068,#4069,#4070,#4071,#4072,#4073,#4074,#4075,#4076,
#4077,#4078,#4079,#4080,#4081,#4082,#4083,#4084,#4085,#4086,#4087,#4088,
#4089,#4090,#4091,#4092,#4093,#4094,#4095,#4096,#4097,#4098,#4099,#4100,
#4101,#4102,#4103,#4104,#4105,#4106,#4107,#4108,#4109,#4110,#4111,#4112,
#4113,#4114,#4115,#4116,#4117,#4118,#4119,#4120,#4121,#4122,#4123,#4124,
#4125,#4126,#4127,#4128,#4129,#4130));
#4161=CLOSED_SHELL('',(#4131,#4132,#4133,#4134,#4135,#4136));
#4162=CLOSED_SHELL('',(#4137,#4138,#4139,#4140,#4141,#4142));
#4163=CLOSED_SHELL('',(#4143,#4144,#4145,#4146));
#4164=CLOSED_SHELL('',(#4147,#4148,#4149,#4150));
#4165=CLOSED_SHELL('',(#4151,#4152,#4153));
#4166=CLOSED_SHELL('',(#4154,#4155,#4156));
#4167=DERIVED_UNIT_ELEMENT(#4169,1.);
#4168=DERIVED_UNIT_ELEMENT(#7804,-3.);
#4169=(
MASS_UNIT()
NAMED_UNIT(*)
SI_UNIT(.KILO.,.GRAM.)
);
#4170=DERIVED_UNIT((#4167,#4168));
#4171=MEASURE_REPRESENTATION_ITEM('density measure',
POSITIVE_RATIO_MEASURE(7850.),#4170);
#4172=PROPERTY_DEFINITION_REPRESENTATION(#4177,#4174);
#4173=PROPERTY_DEFINITION_REPRESENTATION(#4178,#4175);
#4174=REPRESENTATION('material name',(#4176),#7801);
#4175=REPRESENTATION('density',(#4171),#7801);
#4176=DESCRIPTIVE_REPRESENTATION_ITEM('Steel','Steel');
#4177=PROPERTY_DEFINITION('material property','material name',#7811);
#4178=PROPERTY_DEFINITION('material property','density of part',#7811);
#4179=AXIS2_PLACEMENT_3D('',#5122,#4368,#4369);
#4180=AXIS2_PLACEMENT_3D('',#5123,#4370,#4371);
#4181=AXIS2_PLACEMENT_3D('',#5132,#4376,#4377);
#4182=AXIS2_PLACEMENT_3D('',#5138,#4381,#4382);
#4183=AXIS2_PLACEMENT_3D('',#5144,#4386,#4387);
#4184=AXIS2_PLACEMENT_3D('',#5146,#4389,#4390);
#4185=AXIS2_PLACEMENT_3D('',#5148,#4391,#4392);
#4186=AXIS2_PLACEMENT_3D('',#5151,#4394,#4395);
#4187=AXIS2_PLACEMENT_3D('',#5152,#4396,#4397);
#4188=AXIS2_PLACEMENT_3D('',#5154,#4398,#4399);
#4189=AXIS2_PLACEMENT_3D('',#5157,#4401,#4402);
#4190=AXIS2_PLACEMENT_3D('',#5158,#4403,#4404);
#4191=AXIS2_PLACEMENT_3D('',#5167,#4409,#4410);
#4192=AXIS2_PLACEMENT_3D('',#5173,#4414,#4415);
#4193=AXIS2_PLACEMENT_3D('',#5180,#4420,#4421);
#4194=AXIS2_PLACEMENT_3D('',#5186,#4425,#4426);
#4195=AXIS2_PLACEMENT_3D('',#5192,#4430,#4431);
#4196=AXIS2_PLACEMENT_3D('',#5198,#4435,#4436);
#4197=AXIS2_PLACEMENT_3D('',#5204,#4440,#4441);
#4198=AXIS2_PLACEMENT_3D('',#5210,#4445,#4446);
#4199=AXIS2_PLACEMENT_3D('',#5216,#4450,#4451);
#4200=AXIS2_PLACEMENT_3D('',#5219,#4454,#4455);
#4201=AXIS2_PLACEMENT_3D('',#5220,#4456,#4457);
#4202=AXIS2_PLACEMENT_3D('',#5221,#4458,#4459);
#4203=AXIS2_PLACEMENT_3D('',#5223,#4460,#4461);
#4204=AXIS2_PLACEMENT_3D('',#5225,#4462,#4463);
#4205=AXIS2_PLACEMENT_3D('',#5226,#4464,#4465);
#4206=AXIS2_PLACEMENT_3D('',#5228,#4466,#4467);
#4207=AXIS2_PLACEMENT_3D('',#5230,#4469,#4470);
#4208=AXIS2_PLACEMENT_3D('',#5232,#4471,#4472);
#4209=AXIS2_PLACEMENT_3D('',#5234,#4474,#4475);
#4210=AXIS2_PLACEMENT_3D('',#5235,#4476,#4477);
#4211=AXIS2_PLACEMENT_3D('',#5237,#4478,#4479);
#4212=AXIS2_PLACEMENT_3D('',#5239,#4480,#4481);
#4213=AXIS2_PLACEMENT_3D('',#5240,#4482,#4483);
#4214=AXIS2_PLACEMENT_3D('',#5242,#4484,#4485);
#4215=AXIS2_PLACEMENT_3D('',#5244,#4487,#4488);
#4216=AXIS2_PLACEMENT_3D('',#5246,#4489,#4490);
#4217=AXIS2_PLACEMENT_3D('',#5248,#4492,#4493);
#4218=AXIS2_PLACEMENT_3D('',#5249,#4494,#4495);
#4219=AXIS2_PLACEMENT_3D('',#5258,#4500,#4501);
#4220=AXIS2_PLACEMENT_3D('',#5264,#4505,#4506);
#4221=AXIS2_PLACEMENT_3D('',#5270,#4510,#4511);
#4222=AXIS2_PLACEMENT_3D('',#5276,#4515,#4516);
#4223=AXIS2_PLACEMENT_3D('',#5282,#4520,#4521);
#4224=AXIS2_PLACEMENT_3D('',#5288,#4525,#4526);
#4225=AXIS2_PLACEMENT_3D('',#5294,#4530,#4531);
#4226=AXIS2_PLACEMENT_3D('',#5300,#4535,#4536);
#4227=AXIS2_PLACEMENT_3D('',#5306,#4540,#4541);
#4228=AXIS2_PLACEMENT_3D('',#5312,#4545,#4546);
#4229=AXIS2_PLACEMENT_3D('',#5318,#4550,#4551);
#4230=AXIS2_PLACEMENT_3D('',#5321,#4554,#4555);
#4231=AXIS2_PLACEMENT_3D('',#5782,#4576,#4577);
#4232=AXIS2_PLACEMENT_3D('',#5783,#4578,#4579);
#4233=AXIS2_PLACEMENT_3D('',#6324,#4616,#4617);
#4234=AXIS2_PLACEMENT_3D('',#6343,#4620,#4621);
#4235=AXIS2_PLACEMENT_3D('',#6344,#4622,#4623);
#4236=AXIS2_PLACEMENT_3D('',#6345,#4624,#4625);
#4237=AXIS2_PLACEMENT_3D('',#6351,#4629,#4630);
#4238=AXIS2_PLACEMENT_3D('',#6355,#4633,#4634);
#4239=AXIS2_PLACEMENT_3D('',#6359,#4637,#4638);
#4240=AXIS2_PLACEMENT_3D('',#6363,#4641,#4642);
#4241=AXIS2_PLACEMENT_3D('',#6367,#4645,#4646);
#4242=AXIS2_PLACEMENT_3D('',#6371,#4649,#4650);
#4243=AXIS2_PLACEMENT_3D('',#6375,#4653,#4654);
#4244=AXIS2_PLACEMENT_3D('',#6377,#4656,#4657);
#4245=AXIS2_PLACEMENT_3D('',#6378,#4658,#4659);
#4246=AXIS2_PLACEMENT_3D('',#6384,#4663,#4664);
#4247=AXIS2_PLACEMENT_3D('',#6388,#4667,#4668);
#4248=AXIS2_PLACEMENT_3D('',#6392,#4671,#4672);
#4249=AXIS2_PLACEMENT_3D('',#6394,#4674,#4675);
#4250=AXIS2_PLACEMENT_3D('',#6395,#4676,#4677);
#4251=AXIS2_PLACEMENT_3D('',#6404,#4682,#4683);
#4252=AXIS2_PLACEMENT_3D('',#6410,#4687,#4688);
#4253=AXIS2_PLACEMENT_3D('',#6416,#4692,#4693);
#4254=AXIS2_PLACEMENT_3D('',#6422,#4697,#4698);
#4255=AXIS2_PLACEMENT_3D('',#6428,#4702,#4703);
#4256=AXIS2_PLACEMENT_3D('',#6434,#4707,#4708);
#4257=AXIS2_PLACEMENT_3D('',#6440,#4712,#4713);
#4258=AXIS2_PLACEMENT_3D('',#6446,#4717,#4718);
#4259=AXIS2_PLACEMENT_3D('',#6452,#4722,#4723);
#4260=AXIS2_PLACEMENT_3D('',#6458,#4727,#4728);
#4261=AXIS2_PLACEMENT_3D('',#6464,#4732,#4733);
#4262=AXIS2_PLACEMENT_3D('',#6467,#4736,#4737);
#4263=AXIS2_PLACEMENT_3D('',#6928,#4758,#4759);
#4264=AXIS2_PLACEMENT_3D('',#6929,#4760,#4761);
#4265=AXIS2_PLACEMENT_3D('',#7470,#4798,#4799);
#4266=AXIS2_PLACEMENT_3D('',#7489,#4802,#4803);
#4267=AXIS2_PLACEMENT_3D('',#7490,#4804,#4805);
#4268=AXIS2_PLACEMENT_3D('',#7491,#4806,#4807);
#4269=AXIS2_PLACEMENT_3D('',#7497,#4811,#4812);
#4270=AXIS2_PLACEMENT_3D('',#7501,#4815,#4816);
#4271=AXIS2_PLACEMENT_3D('',#7505,#4819,#4820);
#4272=AXIS2_PLACEMENT_3D('',#7509,#4823,#4824);
#4273=AXIS2_PLACEMENT_3D('',#7513,#4827,#4828);
#4274=AXIS2_PLACEMENT_3D('',#7517,#4831,#4832);
#4275=AXIS2_PLACEMENT_3D('',#7521,#4835,#4836);
#4276=AXIS2_PLACEMENT_3D('',#7523,#4838,#4839);
#4277=AXIS2_PLACEMENT_3D('',#7524,#4840,#4841);
#4278=AXIS2_PLACEMENT_3D('',#7530,#4845,#4846);
#4279=AXIS2_PLACEMENT_3D('',#7534,#4849,#4850);
#4280=AXIS2_PLACEMENT_3D('',#7538,#4853,#4854);
#4281=AXIS2_PLACEMENT_3D('',#7540,#4856,#4857);
#4282=AXIS2_PLACEMENT_3D('',#7541,#4858,#4859);
#4283=AXIS2_PLACEMENT_3D('',#7550,#4864,#4865);
#4284=AXIS2_PLACEMENT_3D('',#7556,#4869,#4870);
#4285=AXIS2_PLACEMENT_3D('',#7562,#4874,#4875);
#4286=AXIS2_PLACEMENT_3D('',#7565,#4878,#4879);
#4287=AXIS2_PLACEMENT_3D('',#7566,#4880,#4881);
#4288=AXIS2_PLACEMENT_3D('',#7575,#4886,#4887);
#4289=AXIS2_PLACEMENT_3D('',#7581,#4891,#4892);
#4290=AXIS2_PLACEMENT_3D('',#7587,#4896,#4897);
#4291=AXIS2_PLACEMENT_3D('',#7593,#4901,#4902);
#4292=AXIS2_PLACEMENT_3D('',#7599,#4906,#4907);
#4293=AXIS2_PLACEMENT_3D('',#7605,#4911,#4912);
#4294=AXIS2_PLACEMENT_3D('',#7611,#4916,#4917);
#4295=AXIS2_PLACEMENT_3D('',#7617,#4921,#4922);
#4296=AXIS2_PLACEMENT_3D('',#7623,#4926,#4927);
#4297=AXIS2_PLACEMENT_3D('',#7629,#4931,#4932);
#4298=AXIS2_PLACEMENT_3D('',#7635,#4936,#4937);
#4299=AXIS2_PLACEMENT_3D('',#7638,#4940,#4941);
#4300=AXIS2_PLACEMENT_3D('',#7639,#4942,#4943);
#4301=AXIS2_PLACEMENT_3D('',#7641,#4944,#4945);
#4302=AXIS2_PLACEMENT_3D('',#7644,#4947,#4948);
#4303=AXIS2_PLACEMENT_3D('',#7645,#4949,#4950);
#4304=AXIS2_PLACEMENT_3D('',#7647,#4951,#4952);
#4305=AXIS2_PLACEMENT_3D('',#7648,#4953,#4954);
#4306=AXIS2_PLACEMENT_3D('',#7650,#4955,#4956);
#4307=AXIS2_PLACEMENT_3D('',#7653,#4958,#4959);
#4308=AXIS2_PLACEMENT_3D('',#7654,#4960,#4961);
#4309=AXIS2_PLACEMENT_3D('',#7656,#4962,#4963);
#4310=AXIS2_PLACEMENT_3D('',#7657,#4964,#4965);
#4311=AXIS2_PLACEMENT_3D('',#7660,#4967,#4968);
#4312=AXIS2_PLACEMENT_3D('',#7661,#4969,#4970);
#4313=AXIS2_PLACEMENT_3D('',#7664,#4972,#4973);
#4314=AXIS2_PLACEMENT_3D('',#7665,#4974,#4975);
#4315=AXIS2_PLACEMENT_3D('',#7674,#4980,#4981);
#4316=AXIS2_PLACEMENT_3D('',#7680,#4985,#4986);
#4317=AXIS2_PLACEMENT_3D('',#7686,#4990,#4991);
#4318=AXIS2_PLACEMENT_3D('',#7692,#4995,#4996);
#4319=AXIS2_PLACEMENT_3D('',#7698,#5000,#5001);
#4320=AXIS2_PLACEMENT_3D('',#7701,#5004,#5005);
#4321=AXIS2_PLACEMENT_3D('',#7702,#5006,#5007);
#4322=AXIS2_PLACEMENT_3D('',#7703,#5008,#5009);
#4323=AXIS2_PLACEMENT_3D('',#7706,#5010,#5011);
#4324=AXIS2_PLACEMENT_3D('',#7710,#5013,#5014);
#4325=AXIS2_PLACEMENT_3D('',#7712,#5016,#5017);
#4326=AXIS2_PLACEMENT_3D('',#7718,#5021,#5022);
#4327=AXIS2_PLACEMENT_3D('',#7720,#5023,#5024);
#4328=AXIS2_PLACEMENT_3D('',#7722,#5025,#5026);
#4329=AXIS2_PLACEMENT_3D('',#7724,#5028,#5029);
#4330=AXIS2_PLACEMENT_3D('',#7727,#5032,#5033);
#4331=AXIS2_PLACEMENT_3D('',#7728,#5034,#5035);
#4332=AXIS2_PLACEMENT_3D('',#7729,#5036,#5037);
#4333=AXIS2_PLACEMENT_3D('',#7738,#5042,#5043);
#4334=AXIS2_PLACEMENT_3D('',#7740,#5044,#5045);
#4335=AXIS2_PLACEMENT_3D('',#7742,#5046,#5047);
#4336=AXIS2_PLACEMENT_3D('',#7744,#5049,#5050);
#4337=AXIS2_PLACEMENT_3D('',#7750,#5054,#5055);
#4338=AXIS2_PLACEMENT_3D('',#7751,#5056,#5057);
#4339=AXIS2_PLACEMENT_3D('',#7752,#5058,#5059);
#4340=AXIS2_PLACEMENT_3D('',#7753,#5060,#5061);
#4341=AXIS2_PLACEMENT_3D('',#7754,#5062,#5063);
#4342=AXIS2_PLACEMENT_3D('',#7755,#5064,#5065);
#4343=AXIS2_PLACEMENT_3D('',#7757,#5066,#5067);
#4344=AXIS2_PLACEMENT_3D('',#7760,#5069,#5070);
#4345=AXIS2_PLACEMENT_3D('',#7761,#5071,#5072);
#4346=AXIS2_PLACEMENT_3D('',#7763,#5073,#5074);
#4347=AXIS2_PLACEMENT_3D('',#7766,#5076,#5077);
#4348=AXIS2_PLACEMENT_3D('',#7767,#5078,#5079);
#4349=AXIS2_PLACEMENT_3D('',#7768,#5080,#5081);
#4350=AXIS2_PLACEMENT_3D('',#7769,#5082,#5083);
#4351=AXIS2_PLACEMENT_3D('',#7771,#5084,#5085);
#4352=AXIS2_PLACEMENT_3D('',#7774,#5087,#5088);
#4353=AXIS2_PLACEMENT_3D('',#7775,#5089,#5090);
#4354=AXIS2_PLACEMENT_3D('',#7777,#5091,#5092);
#4355=AXIS2_PLACEMENT_3D('',#7780,#5094,#5095);
#4356=AXIS2_PLACEMENT_3D('',#7781,#5096,#5097);
#4357=AXIS2_PLACEMENT_3D('',#7782,#5098,#5099);
#4358=AXIS2_PLACEMENT_3D('',#7783,#5100,#5101);
#4359=AXIS2_PLACEMENT_3D('',#7785,#5102,#5103);
#4360=AXIS2_PLACEMENT_3D('',#7788,#5105,#5106);
#4361=AXIS2_PLACEMENT_3D('',#7789,#5107,#5108);
#4362=AXIS2_PLACEMENT_3D('',#7790,#5109,#5110);
#4363=AXIS2_PLACEMENT_3D('',#7791,#5111,#5112);
#4364=AXIS2_PLACEMENT_3D('',#7793,#5113,#5114);
#4365=AXIS2_PLACEMENT_3D('',#7796,#5116,#5117);
#4366=AXIS2_PLACEMENT_3D('',#7797,#5118,#5119);
#4367=AXIS2_PLACEMENT_3D('',#7798,#5120,#5121);
#4368=DIRECTION('axis',(0.,0.,1.));
#4369=DIRECTION('refdir',(1.,0.,0.));
#4370=DIRECTION('center_axis',(-1.,0.,0.));
#4371=DIRECTION('ref_axis',(0.,-1.,0.));
#4372=DIRECTION('',(0.,1.,0.));
#4373=DIRECTION('',(0.,0.,1.));
#4374=DIRECTION('',(0.,-1.,0.));
#4375=DIRECTION('',(0.,0.,1.));
#4376=DIRECTION('center_axis',(0.,-1.,0.));
#4377=DIRECTION('ref_axis',(1.,0.,0.));
#4378=DIRECTION('',(-1.,0.,0.));
#4379=DIRECTION('',(0.,0.,1.));
#4380=DIRECTION('',(1.,0.,0.));
#4381=DIRECTION('center_axis',(1.,0.,0.));
#4382=DIRECTION('ref_axis',(0.,1.,0.));
#4383=DIRECTION('',(0.,-1.,0.));
#4384=DIRECTION('',(0.,0.,1.));
#4385=DIRECTION('',(0.,1.,0.));
#4386=DIRECTION('center_axis',(0.,0.,1.));
#4387=DIRECTION('ref_axis',(1.,0.,0.));
#4388=DIRECTION('',(-1.,0.,0.));
#4389=DIRECTION('center_axis',(0.,0.,1.));
#4390=DIRECTION('ref_axis',(1.,0.,0.));
#4391=DIRECTION('center_axis',(0.,0.,-1.));
#4392=DIRECTION('ref_axis',(1.,0.,0.));
#4393=DIRECTION('',(0.,0.,-1.));
#4394=DIRECTION('center_axis',(0.,0.,-1.));
#4395=DIRECTION('ref_axis',(1.,0.,0.));
#4396=DIRECTION('center_axis',(0.,0.,1.));
#4397=DIRECTION('ref_axis',(1.,0.,0.));
#4398=DIRECTION('center_axis',(0.,0.,-1.));
#4399=DIRECTION('ref_axis',(1.,0.,0.));
#4400=DIRECTION('',(0.,0.,-1.));
#4401=DIRECTION('center_axis',(0.,0.,-1.));
#4402=DIRECTION('ref_axis',(1.,0.,0.));
#4403=DIRECTION('center_axis',(0.,1.,0.));
#4404=DIRECTION('ref_axis',(-1.,0.,0.));
#4405=DIRECTION('',(1.,0.,0.));
#4406=DIRECTION('',(0.,0.,1.));
#4407=DIRECTION('',(-1.,0.,0.));
#4408=DIRECTION('',(0.,0.,1.));
#4409=DIRECTION('center_axis',(1.,0.,0.));
#4410=DIRECTION('ref_axis',(0.,1.,0.));
#4411=DIRECTION('',(0.,-1.,0.));
#4412=DIRECTION('',(0.,1.,0.));
#4413=DIRECTION('',(0.,0.,1.));
#4414=DIRECTION('center_axis',(0.,1.,0.));
#4415=DIRECTION('ref_axis',(-1.,0.,0.));
#4416=DIRECTION('',(1.,0.,0.));
#4417=DIRECTION('',(-1.,0.,0.));
#4418=DIRECTION('',(-1.,0.,0.));
#4419=DIRECTION('',(0.,0.,1.));
#4420=DIRECTION('center_axis',(-1.,0.,0.));
#4421=DIRECTION('ref_axis',(0.,-1.,0.));
#4422=DIRECTION('',(0.,1.,0.));
#4423=DIRECTION('',(0.,-1.,0.));
#4424=DIRECTION('',(0.,0.,1.));
#4425=DIRECTION('center_axis',(0.,1.,0.));
#4426=DIRECTION('ref_axis',(-1.,0.,0.));
#4427=DIRECTION('',(1.,0.,0.));
#4428=DIRECTION('',(-1.,0.,0.));
#4429=DIRECTION('',(0.,0.,1.));
#4430=DIRECTION('center_axis',(0.643192086423273,0.765704864789611,0.));
#4431=DIRECTION('ref_axis',(-0.765704864789611,0.643192086423273,0.));
#4432=DIRECTION('',(0.765704864789611,-0.643192086423273,0.));
#4433=DIRECTION('',(-0.765704864789611,0.643192086423273,0.));
#4434=DIRECTION('',(0.,0.,1.));
#4435=DIRECTION('center_axis',(1.,0.,0.));
#4436=DIRECTION('ref_axis',(0.,1.,0.));
#4437=DIRECTION('',(0.,-1.,0.));
#4438=DIRECTION('',(0.,1.,0.));
#4439=DIRECTION('',(0.,0.,1.));
#4440=DIRECTION('center_axis',(0.643192086423273,-0.765704864789611,0.));
#4441=DIRECTION('ref_axis',(0.765704864789611,0.643192086423273,0.));
#4442=DIRECTION('',(0.765704864789611,0.643192086423273,0.));
#4443=DIRECTION('',(0.765704864789611,0.643192086423273,0.));
#4444=DIRECTION('',(0.,0.,1.));
#4445=DIRECTION('center_axis',(0.,-1.,0.));
#4446=DIRECTION('ref_axis',(1.,0.,0.));
#4447=DIRECTION('',(1.,0.,0.));
#4448=DIRECTION('',(1.,0.,0.));
#4449=DIRECTION('',(0.,0.,1.));
#4450=DIRECTION('center_axis',(-1.,0.,0.));
#4451=DIRECTION('ref_axis',(0.,-1.,0.));
#4452=DIRECTION('',(0.,-1.,0.));
#4453=DIRECTION('',(0.,-1.,0.));
#4454=DIRECTION('center_axis',(0.,0.,1.));
#4455=DIRECTION('ref_axis',(1.,0.,0.));
#4456=DIRECTION('center_axis',(0.,0.,1.));
#4457=DIRECTION('ref_axis',(1.,0.,0.));
#4458=DIRECTION('center_axis',(0.,0.,1.));
#4459=DIRECTION('ref_axis',(1.,0.,0.));
#4460=DIRECTION('center_axis',(0.,0.,-1.));
#4461=DIRECTION('ref_axis',(1.,0.,0.));
#4462=DIRECTION('center_axis',(0.,0.,1.));
#4463=DIRECTION('ref_axis',(1.,0.,0.));
#4464=DIRECTION('center_axis',(0.,0.,1.));
#4465=DIRECTION('ref_axis',(1.,0.,0.));
#4466=DIRECTION('center_axis',(0.,0.,-1.));
#4467=DIRECTION('ref_axis',(1.,0.,0.));
#4468=DIRECTION('',(0.,0.,-1.));
#4469=DIRECTION('center_axis',(0.,0.,1.));
#4470=DIRECTION('ref_axis',(1.,0.,0.));
#4471=DIRECTION('center_axis',(0.,0.,1.));
#4472=DIRECTION('ref_axis',(1.,0.,0.));
#4473=DIRECTION('',(0.,0.,-1.));
#4474=DIRECTION('center_axis',(0.,0.,1.));
#4475=DIRECTION('ref_axis',(1.,0.,0.));
#4476=DIRECTION('center_axis',(0.,0.,1.));
#4477=DIRECTION('ref_axis',(1.,0.,0.));
#4478=DIRECTION('center_axis',(0.,0.,-1.));
#4479=DIRECTION('ref_axis',(1.,0.,0.));
#4480=DIRECTION('center_axis',(0.,0.,1.));
#4481=DIRECTION('ref_axis',(1.,0.,0.));
#4482=DIRECTION('center_axis',(0.,0.,1.));
#4483=DIRECTION('ref_axis',(1.,0.,0.));
#4484=DIRECTION('center_axis',(0.,0.,-1.));
#4485=DIRECTION('ref_axis',(1.,0.,0.));
#4486=DIRECTION('',(0.,0.,-1.));
#4487=DIRECTION('center_axis',(0.,0.,1.));
#4488=DIRECTION('ref_axis',(1.,0.,0.));
#4489=DIRECTION('center_axis',(0.,0.,1.));
#4490=DIRECTION('ref_axis',(1.,0.,0.));
#4491=DIRECTION('',(0.,0.,-1.));
#4492=DIRECTION('center_axis',(0.,0.,1.));
#4493=DIRECTION('ref_axis',(1.,0.,0.));
#4494=DIRECTION('center_axis',(0.841124578037617,0.,-0.540841422434562));
#4495=DIRECTION('ref_axis',(-0.540841422434562,0.,-0.841124578037617));
#4496=DIRECTION('',(-0.540841422434562,0.,-0.841124578037617));
#4497=DIRECTION('',(0.,1.,0.));
#4498=DIRECTION('',(-0.540841422434562,0.,-0.841124578037617));
#4499=DIRECTION('',(0.,1.,0.));
#4500=DIRECTION('center_axis',(-0.841879090679752,0.,-0.539666190043655));
#4501=DIRECTION('ref_axis',(-0.539666190043655,0.,0.841879090679752));
#4502=DIRECTION('',(-0.539666190043655,0.,0.841879090679752));
#4503=DIRECTION('',(-0.539666190043655,0.,0.841879090679752));
#4504=DIRECTION('',(0.,1.,0.));
#4505=DIRECTION('center_axis',(0.,0.,-1.));
#4506=DIRECTION('ref_axis',(-1.,0.,0.));
#4507=DIRECTION('',(-1.,0.,0.));
#4508=DIRECTION('',(-1.,0.,0.));
#4509=DIRECTION('',(0.,1.,0.));
#4510=DIRECTION('center_axis',(0.832899081719464,0.,0.553424899756844));
#4511=DIRECTION('ref_axis',(0.553424899756844,0.,-0.832899081719464));
#4512=DIRECTION('',(0.553424899756844,0.,-0.832899081719464));
#4513=DIRECTION('',(0.553424899756844,0.,-0.832899081719464));
#4514=DIRECTION('',(0.,1.,0.));
#4515=DIRECTION('center_axis',(0.84209949440623,0.,-0.539322205662601));
#4516=DIRECTION('ref_axis',(-0.539322205662601,0.,-0.84209949440623));
#4517=DIRECTION('',(-0.539322205662601,0.,-0.84209949440623));
#4518=DIRECTION('',(-0.539322205662601,0.,-0.84209949440623));
#4519=DIRECTION('',(0.,1.,0.));
#4520=DIRECTION('center_axis',(0.,0.,1.));
#4521=DIRECTION('ref_axis',(1.,0.,0.));
#4522=DIRECTION('',(1.,0.,0.));
#4523=DIRECTION('',(1.,0.,0.));
#4524=DIRECTION('',(0.,1.,0.));
#4525=DIRECTION('center_axis',(-0.853147456127548,0.,0.521669836297915));
#4526=DIRECTION('ref_axis',(0.521669836297915,0.,0.853147456127548));
#4527=DIRECTION('',(0.521669836297915,0.,0.853147456127548));
#4528=DIRECTION('',(0.521669836297915,0.,0.853147456127548));
#4529=DIRECTION('',(0.,1.,0.));
#4530=DIRECTION('center_axis',(0.848301680624138,0.,0.529513228021985));
#4531=DIRECTION('ref_axis',(0.529513228021985,0.,-0.848301680624138));
#4532=DIRECTION('',(0.529513228021985,0.,-0.848301680624138));
#4533=DIRECTION('',(0.529513228021985,0.,-0.848301680624138));
#4534=DIRECTION('',(0.,1.,0.));
#4535=DIRECTION('center_axis',(0.,0.,1.));
#4536=DIRECTION('ref_axis',(1.,0.,0.));
#4537=DIRECTION('',(1.,0.,0.));
#4538=DIRECTION('',(1.,0.,0.));
#4539=DIRECTION('',(0.,1.,0.));
#4540=DIRECTION('center_axis',(-0.839345198615998,0.,-0.543598783626555));
#4541=DIRECTION('ref_axis',(-0.543598783626555,0.,0.839345198615998));
#4542=DIRECTION('',(-0.543598783626555,0.,0.839345198615998));
#4543=DIRECTION('',(-0.543598783626555,0.,0.839345198615998));
#4544=DIRECTION('',(0.,1.,0.));
#4545=DIRECTION('center_axis',(-0.836564822746509,0.,0.547867956119997));
#4546=DIRECTION('ref_axis',(0.547867956119997,0.,0.836564822746509));
#4547=DIRECTION('',(0.547867956119997,0.,0.836564822746509));
#4548=DIRECTION('',(0.547867956119997,0.,0.836564822746509));
#4549=DIRECTION('',(0.,1.,0.));
#4550=DIRECTION('center_axis',(0.,0.,-1.));
#4551=DIRECTION('ref_axis',(-1.,0.,0.));
#4552=DIRECTION('',(-1.,0.,0.));
#4553=DIRECTION('',(-1.,0.,0.));
#4554=DIRECTION('center_axis',(0.,-1.,0.));
#4555=DIRECTION('ref_axis',(1.,0.,0.));
#4556=DIRECTION('',(0.,1.,0.));
#4557=DIRECTION('',(0.,1.,0.));
#4558=DIRECTION('',(0.,1.,0.));
#4559=DIRECTION('',(0.,1.,0.));
#4560=DIRECTION('',(0.,1.,0.));
#4561=DIRECTION('',(0.,1.,0.));
#4562=DIRECTION('',(0.,1.,0.));
#4563=DIRECTION('',(0.,1.,0.));
#4564=DIRECTION('',(0.,1.,0.));
#4565=DIRECTION('',(0.,1.,0.));
#4566=DIRECTION('',(0.,1.,0.));
#4567=DIRECTION('',(0.,1.,0.));
#4568=DIRECTION('',(0.,1.,0.));
#4569=DIRECTION('',(0.,1.,0.));
#4570=DIRECTION('',(0.,1.,0.));
#4571=DIRECTION('',(0.,1.,0.));
#4572=DIRECTION('',(0.,1.,0.));
#4573=DIRECTION('',(0.,1.,0.));
#4574=DIRECTION('',(0.,1.,0.));
#4575=DIRECTION('',(0.,1.,0.));
#4576=DIRECTION('center_axis',(0.,-1.,0.));
#4577=DIRECTION('ref_axis',(1.,0.,0.));
#4578=DIRECTION('center_axis',(0.,1.,0.));
#4579=DIRECTION('ref_axis',(0.,0.,1.));
#4580=DIRECTION('',(1.,0.,0.));
#4581=DIRECTION('',(0.,0.,1.));
#4582=DIRECTION('',(-1.,0.,0.));
#4583=DIRECTION('',(0.,0.,-1.));
#4584=DIRECTION('',(-0.993972520715037,0.,-0.109629503617388));
#4585=DIRECTION('',(0.,0.,-1.));
#4586=DIRECTION('',(-1.,0.,0.));
#4587=DIRECTION('',(0.,0.,1.));
#4588=DIRECTION('',(-1.,0.,0.));
#4589=DIRECTION('',(0.,0.,1.));
#4590=DIRECTION('',(1.,0.,0.));
#4591=DIRECTION('',(0.,0.,-1.));
#4592=DIRECTION('',(-1.,0.,0.));
#4593=DIRECTION('',(0.,1.,0.));
#4594=DIRECTION('',(0.,1.,0.));
#4595=DIRECTION('',(0.,1.,0.));
#4596=DIRECTION('',(0.,1.,0.));
#4597=DIRECTION('',(0.,1.,0.));
#4598=DIRECTION('',(0.,1.,0.));
#4599=DIRECTION('',(0.,1.,0.));
#4600=DIRECTION('',(0.,1.,0.));
#4601=DIRECTION('',(0.,1.,0.));
#4602=DIRECTION('',(0.,1.,0.));
#4603=DIRECTION('',(0.,1.,0.));
#4604=DIRECTION('',(0.,1.,0.));
#4605=DIRECTION('',(0.,1.,0.));
#4606=DIRECTION('',(0.,1.,0.));
#4607=DIRECTION('',(0.,1.,0.));
#4608=DIRECTION('',(0.,1.,0.));
#4609=DIRECTION('',(0.,1.,0.));
#4610=DIRECTION('',(0.,1.,0.));
#4611=DIRECTION('',(0.,1.,0.));
#4612=DIRECTION('',(0.,1.,0.));
#4613=DIRECTION('',(0.,1.,0.));
#4614=DIRECTION('',(0.,1.,0.));
#4615=DIRECTION('',(0.,1.,0.));
#4616=DIRECTION('center_axis',(0.109629503617388,0.,-0.993972520715037));
#4617=DIRECTION('ref_axis',(-0.993972520715037,0.,-0.109629503617388));
#4618=DIRECTION('',(-0.993972520715037,0.,-0.109629503617388));
#4619=DIRECTION('',(0.,1.,0.));
#4620=DIRECTION('center_axis',(0.,-1.,0.));
#4621=DIRECTION('ref_axis',(1.,0.,0.));
#4622=DIRECTION('center_axis',(0.,1.,0.));
#4623=DIRECTION('ref_axis',(0.,0.,1.));
#4624=DIRECTION('center_axis',(1.,0.,0.));
#4625=DIRECTION('ref_axis',(0.,0.,-1.));
#4626=DIRECTION('',(0.,0.,-1.));
#4627=DIRECTION('',(0.,1.,0.));
#4628=DIRECTION('',(0.,1.,0.));
#4629=DIRECTION('center_axis',(0.,0.,-1.));
#4630=DIRECTION('ref_axis',(-1.,0.,0.));
#4631=DIRECTION('',(-1.,0.,0.));
#4632=DIRECTION('',(0.,1.,0.));
#4633=DIRECTION('center_axis',(1.,0.,0.));
#4634=DIRECTION('ref_axis',(0.,0.,-1.));
#4635=DIRECTION('',(0.,0.,-1.));
#4636=DIRECTION('',(0.,1.,0.));
#4637=DIRECTION('center_axis',(0.,0.,1.));
#4638=DIRECTION('ref_axis',(1.,0.,0.));
#4639=DIRECTION('',(1.,0.,0.));
#4640=DIRECTION('',(0.,1.,0.));
#4641=DIRECTION('center_axis',(-1.,0.,0.));
#4642=DIRECTION('ref_axis',(0.,0.,1.));
#4643=DIRECTION('',(0.,0.,1.));
#4644=DIRECTION('',(0.,1.,0.));
#4645=DIRECTION('center_axis',(0.,0.,-1.));
#4646=DIRECTION('ref_axis',(-1.,0.,0.));
#4647=DIRECTION('',(-1.,0.,0.));
#4648=DIRECTION('',(0.,1.,0.));
#4649=DIRECTION('center_axis',(-1.,0.,0.));
#4650=DIRECTION('ref_axis',(0.,0.,1.));
#4651=DIRECTION('',(0.,0.,1.));
#4652=DIRECTION('',(0.,1.,0.));
#4653=DIRECTION('center_axis',(0.,0.,-1.));
#4654=DIRECTION('ref_axis',(-1.,0.,0.));
#4655=DIRECTION('',(-1.,0.,0.));
#4656=DIRECTION('center_axis',(0.,-1.,0.));
#4657=DIRECTION('ref_axis',(1.,0.,0.));
#4658=DIRECTION('center_axis',(-1.,0.,0.));
#4659=DIRECTION('ref_axis',(0.,0.,1.));
#4660=DIRECTION('',(0.,0.,1.));
#4661=DIRECTION('',(0.,1.,0.));
#4662=DIRECTION('',(0.,1.,0.));
#4663=DIRECTION('center_axis',(0.,0.,-1.));
#4664=DIRECTION('ref_axis',(-1.,0.,0.));
#4665=DIRECTION('',(-1.,-8.74462934411455E-17,0.));
#4666=DIRECTION('',(0.,1.,0.));
#4667=DIRECTION('center_axis',(1.,0.,0.));
#4668=DIRECTION('ref_axis',(0.,0.,-1.));
#4669=DIRECTION('',(0.,0.,-1.));
#4670=DIRECTION('',(0.,1.,0.));
#4671=DIRECTION('center_axis',(0.,0.,1.));
#4672=DIRECTION('ref_axis',(1.,0.,0.));
#4673=DIRECTION('',(1.,8.74462934411455E-17,0.));
#4674=DIRECTION('center_axis',(0.,1.,0.));
#4675=DIRECTION('ref_axis',(0.,0.,1.));
#4676=DIRECTION('center_axis',(-0.841124578037617,0.,-0.540841422434563));
#4677=DIRECTION('ref_axis',(0.540841422434563,0.,-0.841124578037617));
#4678=DIRECTION('',(0.540841422434563,0.,-0.841124578037617));
#4679=DIRECTION('',(0.,-1.,0.));
#4680=DIRECTION('',(0.540841422434563,0.,-0.841124578037617));
#4681=DIRECTION('',(0.,-1.,0.));
#4682=DIRECTION('center_axis',(0.841879090679752,0.,-0.539666190043655));
#4683=DIRECTION('ref_axis',(0.539666190043655,0.,0.841879090679752));
#4684=DIRECTION('',(0.539666190043655,0.,0.841879090679752));
#4685=DIRECTION('',(0.539666190043655,0.,0.841879090679752));
#4686=DIRECTION('',(0.,-1.,0.));
#4687=DIRECTION('center_axis',(0.,0.,-1.));
#4688=DIRECTION('ref_axis',(1.,0.,0.));
#4689=DIRECTION('',(1.,0.,0.));
#4690=DIRECTION('',(1.,0.,0.));
#4691=DIRECTION('',(0.,-1.,0.));
#4692=DIRECTION('center_axis',(-0.832899081719464,0.,0.553424899756844));
#4693=DIRECTION('ref_axis',(-0.553424899756844,0.,-0.832899081719464));
#4694=DIRECTION('',(-0.553424899756844,0.,-0.832899081719464));
#4695=DIRECTION('',(-0.553424899756844,0.,-0.832899081719464));
#4696=DIRECTION('',(0.,-1.,0.));
#4697=DIRECTION('center_axis',(-0.84209949440623,0.,-0.539322205662601));
#4698=DIRECTION('ref_axis',(0.539322205662601,0.,-0.84209949440623));
#4699=DIRECTION('',(0.539322205662601,0.,-0.84209949440623));
#4700=DIRECTION('',(0.539322205662601,0.,-0.84209949440623));
#4701=DIRECTION('',(0.,-1.,0.));
#4702=DIRECTION('center_axis',(0.,0.,1.));
#4703=DIRECTION('ref_axis',(-1.,0.,0.));
#4704=DIRECTION('',(-1.,0.,0.));
#4705=DIRECTION('',(-1.,0.,0.));
#4706=DIRECTION('',(0.,-1.,0.));
#4707=DIRECTION('center_axis',(0.853147456127548,0.,0.521669836297915));
#4708=DIRECTION('ref_axis',(-0.521669836297915,0.,0.853147456127548));
#4709=DIRECTION('',(-0.521669836297915,0.,0.853147456127548));
#4710=DIRECTION('',(-0.521669836297915,0.,0.853147456127548));
#4711=DIRECTION('',(0.,-1.,0.));
#4712=DIRECTION('center_axis',(-0.848301680624138,0.,0.529513228021985));
#4713=DIRECTION('ref_axis',(-0.529513228021985,0.,-0.848301680624138));
#4714=DIRECTION('',(-0.529513228021985,0.,-0.848301680624138));
#4715=DIRECTION('',(-0.529513228021985,0.,-0.848301680624138));
#4716=DIRECTION('',(0.,-1.,0.));
#4717=DIRECTION('center_axis',(0.,0.,1.));
#4718=DIRECTION('ref_axis',(-1.,0.,0.));
#4719=DIRECTION('',(-1.,0.,0.));
#4720=DIRECTION('',(-1.,0.,0.));
#4721=DIRECTION('',(0.,-1.,0.));
#4722=DIRECTION('center_axis',(0.839345198615998,0.,-0.543598783626556));
#4723=DIRECTION('ref_axis',(0.543598783626555,0.,0.839345198615998));
#4724=DIRECTION('',(0.543598783626555,0.,0.839345198615998));
#4725=DIRECTION('',(0.543598783626555,0.,0.839345198615998));
#4726=DIRECTION('',(0.,-1.,0.));
#4727=DIRECTION('center_axis',(0.836564822746509,0.,0.547867956119997));
#4728=DIRECTION('ref_axis',(-0.547867956119997,0.,0.836564822746509));
#4729=DIRECTION('',(-0.547867956119997,0.,0.836564822746509));
#4730=DIRECTION('',(-0.547867956119997,0.,0.836564822746509));
#4731=DIRECTION('',(0.,-1.,0.));
#4732=DIRECTION('center_axis',(0.,0.,-1.));
#4733=DIRECTION('ref_axis',(1.,0.,0.));
#4734=DIRECTION('',(1.,0.,0.));
#4735=DIRECTION('',(1.,0.,0.));
#4736=DIRECTION('center_axis',(0.,1.,0.));
#4737=DIRECTION('ref_axis',(-1.,0.,0.));
#4738=DIRECTION('',(0.,-1.,0.));
#4739=DIRECTION('',(0.,-1.,0.));
#4740=DIRECTION('',(0.,-1.,0.));
#4741=DIRECTION('',(0.,-1.,0.));
#4742=DIRECTION('',(0.,-1.,0.));
#4743=DIRECTION('',(0.,-1.,0.));
#4744=DIRECTION('',(0.,-1.,0.));
#4745=DIRECTION('',(0.,-1.,0.));
#4746=DIRECTION('',(0.,-1.,0.));
#4747=DIRECTION('',(0.,-1.,0.));
#4748=DIRECTION('',(0.,-1.,0.));
#4749=DIRECTION('',(0.,-1.,0.));
#4750=DIRECTION('',(0.,-1.,0.));
#4751=DIRECTION('',(0.,-1.,0.));
#4752=DIRECTION('',(0.,-1.,0.));
#4753=DIRECTION('',(0.,-1.,0.));
#4754=DIRECTION('',(0.,-1.,0.));
#4755=DIRECTION('',(0.,-1.,0.));
#4756=DIRECTION('',(0.,-1.,0.));
#4757=DIRECTION('',(0.,-1.,0.));
#4758=DIRECTION('center_axis',(0.,1.,0.));
#4759=DIRECTION('ref_axis',(-1.,0.,0.));
#4760=DIRECTION('center_axis',(0.,-1.,0.));
#4761=DIRECTION('ref_axis',(0.,0.,-1.));
#4762=DIRECTION('',(-1.,0.,0.));
#4763=DIRECTION('',(0.,0.,1.));
#4764=DIRECTION('',(1.,0.,0.));
#4765=DIRECTION('',(0.,0.,-1.));
#4766=DIRECTION('',(0.993972520715037,0.,-0.109629503617388));
#4767=DIRECTION('',(0.,0.,-1.));
#4768=DIRECTION('',(1.,0.,0.));
#4769=DIRECTION('',(0.,0.,1.));
#4770=DIRECTION('',(1.,0.,0.));
#4771=DIRECTION('',(0.,0.,1.));
#4772=DIRECTION('',(-1.,0.,0.));
#4773=DIRECTION('',(0.,0.,-1.));
#4774=DIRECTION('',(1.,0.,0.));
#4775=DIRECTION('',(0.,-1.,0.));
#4776=DIRECTION('',(0.,-1.,0.));
#4777=DIRECTION('',(0.,-1.,0.));
#4778=DIRECTION('',(0.,-1.,0.));
#4779=DIRECTION('',(0.,-1.,0.));
#4780=DIRECTION('',(0.,-1.,0.));
#4781=DIRECTION('',(0.,-1.,0.));
#4782=DIRECTION('',(0.,-1.,0.));
#4783=DIRECTION('',(0.,-1.,0.));
#4784=DIRECTION('',(0.,-1.,0.));
#4785=DIRECTION('',(0.,-1.,0.));
#4786=DIRECTION('',(0.,-1.,0.));
#4787=DIRECTION('',(0.,-1.,0.));
#4788=DIRECTION('',(0.,-1.,0.));
#4789=DIRECTION('',(0.,-1.,0.));
#4790=DIRECTION('',(0.,-1.,0.));
#4791=DIRECTION('',(0.,-1.,0.));
#4792=DIRECTION('',(0.,-1.,0.));
#4793=DIRECTION('',(0.,-1.,0.));
#4794=DIRECTION('',(0.,-1.,0.));
#4795=DIRECTION('',(0.,-1.,0.));
#4796=DIRECTION('',(0.,-1.,0.));
#4797=DIRECTION('',(0.,-1.,0.));
#4798=DIRECTION('center_axis',(-0.109629503617388,0.,-0.993972520715037));
#4799=DIRECTION('ref_axis',(0.993972520715037,0.,-0.109629503617388));
#4800=DIRECTION('',(0.993972520715037,0.,-0.109629503617388));
#4801=DIRECTION('',(0.,-1.,0.));
#4802=DIRECTION('center_axis',(0.,1.,0.));
#4803=DIRECTION('ref_axis',(-1.,0.,0.));
#4804=DIRECTION('center_axis',(0.,-1.,0.));
#4805=DIRECTION('ref_axis',(0.,0.,-1.));
#4806=DIRECTION('center_axis',(-1.,0.,0.));
#4807=DIRECTION('ref_axis',(0.,0.,-1.));
#4808=DIRECTION('',(0.,0.,-1.));
#4809=DIRECTION('',(0.,-1.,0.));
#4810=DIRECTION('',(0.,-1.,0.));
#4811=DIRECTION('center_axis',(0.,0.,-1.));
#4812=DIRECTION('ref_axis',(1.,0.,0.));
#4813=DIRECTION('',(1.,0.,0.));
#4814=DIRECTION('',(0.,-1.,0.));
#4815=DIRECTION('center_axis',(-1.,0.,0.));
#4816=DIRECTION('ref_axis',(0.,0.,-1.));
#4817=DIRECTION('',(0.,0.,-1.));
#4818=DIRECTION('',(0.,-1.,0.));
#4819=DIRECTION('center_axis',(0.,0.,1.));
#4820=DIRECTION('ref_axis',(-1.,0.,0.));
#4821=DIRECTION('',(-1.,0.,0.));
#4822=DIRECTION('',(0.,-1.,0.));
#4823=DIRECTION('center_axis',(1.,0.,0.));
#4824=DIRECTION('ref_axis',(0.,0.,1.));
#4825=DIRECTION('',(0.,0.,1.));
#4826=DIRECTION('',(0.,-1.,0.));
#4827=DIRECTION('center_axis',(0.,0.,-1.));
#4828=DIRECTION('ref_axis',(1.,0.,0.));
#4829=DIRECTION('',(1.,0.,0.));
#4830=DIRECTION('',(0.,-1.,0.));
#4831=DIRECTION('center_axis',(1.,0.,0.));
#4832=DIRECTION('ref_axis',(0.,0.,1.));
#4833=DIRECTION('',(0.,0.,1.));
#4834=DIRECTION('',(0.,-1.,0.));
#4835=DIRECTION('center_axis',(0.,0.,-1.));
#4836=DIRECTION('ref_axis',(1.,0.,0.));
#4837=DIRECTION('',(1.,0.,0.));
#4838=DIRECTION('center_axis',(0.,1.,0.));
#4839=DIRECTION('ref_axis',(-1.,0.,0.));
#4840=DIRECTION('center_axis',(1.,0.,0.));
#4841=DIRECTION('ref_axis',(0.,0.,1.));
#4842=DIRECTION('',(0.,0.,1.));
#4843=DIRECTION('',(0.,-1.,0.));
#4844=DIRECTION('',(0.,-1.,0.));
#4845=DIRECTION('center_axis',(0.,0.,-1.));
#4846=DIRECTION('ref_axis',(1.,0.,0.));
#4847=DIRECTION('',(1.,0.,0.));
#4848=DIRECTION('',(0.,-1.,0.));
#4849=DIRECTION('center_axis',(-1.,0.,0.));
#4850=DIRECTION('ref_axis',(0.,0.,-1.));
#4851=DIRECTION('',(0.,0.,-1.));
#4852=DIRECTION('',(0.,-1.,0.));
#4853=DIRECTION('center_axis',(0.,0.,1.));
#4854=DIRECTION('ref_axis',(-1.,0.,0.));
#4855=DIRECTION('',(-1.,0.,0.));
#4856=DIRECTION('center_axis',(0.,-1.,0.));
#4857=DIRECTION('ref_axis',(0.,0.,-1.));
#4858=DIRECTION('center_axis',(0.,1.,0.));
#4859=DIRECTION('ref_axis',(0.,0.,1.));
#4860=DIRECTION('',(0.,0.,-1.));
#4861=DIRECTION('',(1.,0.,0.));
#4862=DIRECTION('',(0.,0.,1.));
#4863=DIRECTION('',(1.,0.,0.));
#4864=DIRECTION('center_axis',(0.,0.,-1.));
#4865=DIRECTION('ref_axis',(0.,1.,0.));
#4866=DIRECTION('',(0.,-1.,0.));
#4867=DIRECTION('',(0.,1.,0.));
#4868=DIRECTION('',(1.,0.,0.));
#4869=DIRECTION('center_axis',(0.,-1.,0.));
#4870=DIRECTION('ref_axis',(0.,0.,-1.));
#4871=DIRECTION('',(0.,0.,1.));
#4872=DIRECTION('',(0.,0.,-1.));
#4873=DIRECTION('',(1.,0.,0.));
#4874=DIRECTION('center_axis',(0.,0.,1.));
#4875=DIRECTION('ref_axis',(0.,-1.,0.));
#4876=DIRECTION('',(0.,1.,0.));
#4877=DIRECTION('',(0.,-1.,0.));
#4878=DIRECTION('center_axis',(1.,0.,0.));
#4879=DIRECTION('ref_axis',(0.,0.,-1.));
#4880=DIRECTION('center_axis',(0.,-1.,0.));
#4881=DIRECTION('ref_axis',(0.,0.,1.));
#4882=DIRECTION('',(0.,0.,-1.));
#4883=DIRECTION('',(-1.,0.,0.));
#4884=DIRECTION('',(0.,0.,1.));
#4885=DIRECTION('',(-1.,0.,0.));
#4886=DIRECTION('center_axis',(0.,0.,-1.));
#4887=DIRECTION('ref_axis',(0.,-1.,0.));
#4888=DIRECTION('',(0.,1.,0.));
#4889=DIRECTION('',(0.,-1.,0.));
#4890=DIRECTION('',(-1.,0.,0.));
#4891=DIRECTION('center_axis',(0.,-1.,0.));
#4892=DIRECTION('ref_axis',(0.,0.,1.));
#4893=DIRECTION('',(0.,0.,-1.));
#4894=DIRECTION('',(0.,0.,1.));
#4895=DIRECTION('',(-1.,0.,0.));
#4896=DIRECTION('center_axis',(0.,0.,-1.));
#4897=DIRECTION('ref_axis',(0.,-1.,0.));
#4898=DIRECTION('',(0.,1.,0.));
#4899=DIRECTION('',(0.,-1.,0.));
#4900=DIRECTION('',(-1.,0.,0.));
#4901=DIRECTION('center_axis',(0.,1.,0.));
#4902=DIRECTION('ref_axis',(0.,0.,-1.));
#4903=DIRECTION('',(0.,0.,1.));
#4904=DIRECTION('',(0.,0.,-1.));
#4905=DIRECTION('',(-1.,0.,0.));
#4906=DIRECTION('center_axis',(0.,0.,-1.));
#4907=DIRECTION('ref_axis',(0.,-1.,0.));
#4908=DIRECTION('',(0.,1.,0.));
#4909=DIRECTION('',(0.,-1.,0.));
#4910=DIRECTION('',(-1.,0.,0.));
#4911=DIRECTION('center_axis',(0.,1.,0.));
#4912=DIRECTION('ref_axis',(0.,0.,-1.));
#4913=DIRECTION('',(0.,0.,1.));
#4914=DIRECTION('',(0.,0.,-1.));
#4915=DIRECTION('',(-1.,0.,0.));
#4916=DIRECTION('center_axis',(0.,0.,1.));
#4917=DIRECTION('ref_axis',(0.,1.,0.));
#4918=DIRECTION('',(0.,-1.,0.));
#4919=DIRECTION('',(0.,1.,0.));
#4920=DIRECTION('',(-1.,0.,0.));
#4921=DIRECTION('center_axis',(0.,1.,0.));
#4922=DIRECTION('ref_axis',(0.,0.,-1.));
#4923=DIRECTION('',(0.,0.,1.));
#4924=DIRECTION('',(0.,0.,-1.));
#4925=DIRECTION('',(-1.,0.,0.));
#4926=DIRECTION('center_axis',(0.,0.,1.));
#4927=DIRECTION('ref_axis',(0.,1.,0.));
#4928=DIRECTION('',(0.,-1.,0.));
#4929=DIRECTION('',(0.,1.,0.));
#4930=DIRECTION('',(-1.,0.,0.));
#4931=DIRECTION('center_axis',(0.,-1.,0.));
#4932=DIRECTION('ref_axis',(0.,0.,1.));
#4933=DIRECTION('',(0.,0.,-1.));
#4934=DIRECTION('',(0.,0.,1.));
#4935=DIRECTION('',(-1.,0.,0.));
#4936=DIRECTION('center_axis',(0.,0.,1.));
#4937=DIRECTION('ref_axis',(0.,1.,0.));
#4938=DIRECTION('',(0.,-1.,0.));
#4939=DIRECTION('',(0.,1.,0.));
#4940=DIRECTION('center_axis',(-1.,0.,0.));
#4941=DIRECTION('ref_axis',(0.,0.,1.));
#4942=DIRECTION('center_axis',(0.,0.,1.));
#4943=DIRECTION('ref_axis',(1.,0.,0.));
#4944=DIRECTION('center_axis',(0.,0.,1.));
#4945=DIRECTION('ref_axis',(1.,0.,0.));
#4946=DIRECTION('',(0.,0.,1.));
#4947=DIRECTION('center_axis',(0.,0.,1.));
#4948=DIRECTION('ref_axis',(1.,0.,0.));
#4949=DIRECTION('center_axis',(0.,0.,-1.));
#4950=DIRECTION('ref_axis',(1.,0.,0.));
#4951=DIRECTION('center_axis',(0.,0.,-1.));
#4952=DIRECTION('ref_axis',(1.,0.,0.));
#4953=DIRECTION('center_axis',(0.,0.,1.));
#4954=DIRECTION('ref_axis',(1.,0.,0.));
#4955=DIRECTION('center_axis',(0.,0.,1.));
#4956=DIRECTION('ref_axis',(1.,0.,0.));
#4957=DIRECTION('',(0.,0.,1.));
#4958=DIRECTION('center_axis',(0.,0.,1.));
#4959=DIRECTION('ref_axis',(1.,0.,0.));
#4960=DIRECTION('center_axis',(0.,0.,-1.));
#4961=DIRECTION('ref_axis',(1.,0.,0.));
#4962=DIRECTION('center_axis',(0.,0.,-1.));
#4963=DIRECTION('ref_axis',(1.,0.,0.));
#4964=DIRECTION('center_axis',(0.,0.,-1.));
#4965=DIRECTION('ref_axis',(1.,0.,0.));
#4966=DIRECTION('',(0.,0.,1.));
#4967=DIRECTION('center_axis',(0.,0.,-1.));
#4968=DIRECTION('ref_axis',(1.,0.,0.));
#4969=DIRECTION('center_axis',(0.,0.,-1.));
#4970=DIRECTION('ref_axis',(1.,0.,0.));
#4971=DIRECTION('',(0.,0.,1.));
#4972=DIRECTION('center_axis',(0.,0.,-1.));
#4973=DIRECTION('ref_axis',(1.,0.,0.));
#4974=DIRECTION('center_axis',(0.643192086423273,-0.765704864789611,0.));
#4975=DIRECTION('ref_axis',(-0.765704864789611,-0.643192086423273,0.));
#4976=DIRECTION('',(-0.765704864789611,-0.643192086423273,0.));
#4977=DIRECTION('',(0.,0.,-1.));
#4978=DIRECTION('',(-0.765704864789611,-0.643192086423273,0.));
#4979=DIRECTION('',(0.,0.,-1.));
#4980=DIRECTION('center_axis',(1.,0.,0.));
#4981=DIRECTION('ref_axis',(0.,-1.,0.));
#4982=DIRECTION('',(0.,-1.,0.));
#4983=DIRECTION('',(0.,-1.,0.));
#4984=DIRECTION('',(0.,0.,-1.));
#4985=DIRECTION('center_axis',(0.643192086423273,0.765704864789611,0.));
#4986=DIRECTION('ref_axis',(0.765704864789611,-0.643192086423273,0.));
#4987=DIRECTION('',(0.765704864789611,-0.643192086423273,0.));
#4988=DIRECTION('',(0.765704864789611,-0.643192086423273,0.));
#4989=DIRECTION('',(0.,0.,-1.));
#4990=DIRECTION('center_axis',(0.,1.,0.));
#4991=DIRECTION('ref_axis',(1.,0.,0.));
#4992=DIRECTION('',(1.,0.,0.));
#4993=DIRECTION('',(1.,0.,0.));
#4994=DIRECTION('',(0.,0.,-1.));
#4995=DIRECTION('center_axis',(-1.,0.,0.));
#4996=DIRECTION('ref_axis',(0.,1.,0.));
#4997=DIRECTION('',(0.,1.,0.));
#4998=DIRECTION('',(0.,1.,0.));
#4999=DIRECTION('',(0.,0.,-1.));
#5000=DIRECTION('center_axis',(8.74462934411455E-17,-1.,0.));
#5001=DIRECTION('ref_axis',(-1.,-8.74462934411455E-17,0.));
#5002=DIRECTION('',(-1.,-8.74462934411455E-17,0.));
#5003=DIRECTION('',(-1.,-8.74462934411455E-17,0.));
#5004=DIRECTION('center_axis',(0.,0.,1.));
#5005=DIRECTION('ref_axis',(1.,0.,0.));
#5006=DIRECTION('center_axis',(0.,0.,1.));
#5007=DIRECTION('ref_axis',(1.,0.,0.));
#5008=DIRECTION('center_axis',(0.,0.,-1.));
#5009=DIRECTION('ref_axis',(-0.198310495760861,-0.980139248918786,0.));
#5010=DIRECTION('center_axis',(0.,0.,-1.));
#5011=DIRECTION('ref_axis',(-0.198310495760861,-0.980139248918786,0.));
#5012=DIRECTION('',(0.,0.,-1.));
#5013=DIRECTION('center_axis',(0.,0.,1.));
#5014=DIRECTION('ref_axis',(-0.198310495760861,-0.980139248918786,0.));
#5015=DIRECTION('',(0.,0.,-1.));
#5016=DIRECTION('center_axis',(0.980139248918786,-0.198310495760861,0.));
#5017=DIRECTION('ref_axis',(-0.198310495760861,-0.980139248918786,0.));
#5018=DIRECTION('',(0.198310495760861,0.980139248918786,0.));
#5019=DIRECTION('',(-0.198310495760861,-0.980139248918786,0.));
#5020=DIRECTION('',(0.,0.,-1.));
#5021=DIRECTION('center_axis',(0.,0.,-1.));
#5022=DIRECTION('ref_axis',(-0.198310495760861,-0.980139248918786,0.));
#5023=DIRECTION('center_axis',(0.,0.,-1.));
#5024=DIRECTION('ref_axis',(-0.198310495760861,-0.980139248918786,0.));
#5025=DIRECTION('center_axis',(0.,0.,-1.));
#5026=DIRECTION('ref_axis',(-0.198310495760861,-0.980139248918786,0.));
#5027=DIRECTION('',(0.,0.,-1.));
#5028=DIRECTION('center_axis',(0.980139248918786,-0.198310495760861,0.));
#5029=DIRECTION('ref_axis',(-0.198310495760861,-0.980139248918786,0.));
#5030=DIRECTION('',(0.198310495760861,0.980139248918786,0.));
#5031=DIRECTION('',(-0.198310495760861,-0.980139248918786,0.));
#5032=DIRECTION('center_axis',(0.,0.,-1.));
#5033=DIRECTION('ref_axis',(1.,0.,0.));
#5034=DIRECTION('center_axis',(0.,0.,-1.));
#5035=DIRECTION('ref_axis',(1.,0.,0.));
#5036=DIRECTION('center_axis',(0.231222639315451,-0.972900863946577,0.));
#5037=DIRECTION('ref_axis',(-0.972900863946577,-0.231222639315451,0.));
#5038=DIRECTION('',(0.972900863946577,0.231222639315451,0.));
#5039=DIRECTION('',(0.,0.,-1.));
#5040=DIRECTION('',(-0.972900863946577,-0.231222639315451,0.));
#5041=DIRECTION('',(0.,0.,-1.));
#5042=DIRECTION('center_axis',(0.,0.,-1.));
#5043=DIRECTION('ref_axis',(-0.972900863946577,-0.231222639315451,0.));
#5044=DIRECTION('center_axis',(0.,0.,-1.));
#5045=DIRECTION('ref_axis',(-0.972900863946577,-0.231222639315451,0.));
#5046=DIRECTION('center_axis',(0.,0.,1.));
#5047=DIRECTION('ref_axis',(-0.972900863946577,-0.231222639315451,0.));
#5048=DIRECTION('',(0.,0.,-1.));
#5049=DIRECTION('center_axis',(0.231222639315451,-0.972900863946578,0.));
#5050=DIRECTION('ref_axis',(-0.972900863946577,-0.231222639315451,0.));
#5051=DIRECTION('',(0.972900863946577,0.231222639315451,0.));
#5052=DIRECTION('',(-0.972900863946577,-0.231222639315451,0.));
#5053=DIRECTION('',(0.,0.,-1.));
#5054=DIRECTION('center_axis',(0.,0.,-1.));
#5055=DIRECTION('ref_axis',(-0.972900863946577,-0.231222639315451,0.));
#5056=DIRECTION('center_axis',(0.,0.,-1.));
#5057=DIRECTION('ref_axis',(-0.972900863946577,-0.231222639315451,0.));
#5058=DIRECTION('center_axis',(0.,0.,-1.));
#5059=DIRECTION('ref_axis',(-0.972900863946577,-0.231222639315451,0.));
#5060=DIRECTION('center_axis',(0.,0.,-1.));
#5061=DIRECTION('ref_axis',(1.,0.,0.));
#5062=DIRECTION('center_axis',(0.,0.,-1.));
#5063=DIRECTION('ref_axis',(1.,0.,0.));
#5064=DIRECTION('center_axis',(0.,0.,-1.));
#5065=DIRECTION('ref_axis',(1.,0.,0.));
#5066=DIRECTION('center_axis',(0.,0.,1.));
#5067=DIRECTION('ref_axis',(1.,0.,0.));
#5068=DIRECTION('',(0.,0.,1.));
#5069=DIRECTION('center_axis',(0.,0.,1.));
#5070=DIRECTION('ref_axis',(1.,0.,0.));
#5071=DIRECTION('center_axis',(0.,0.,-1.));
#5072=DIRECTION('ref_axis',(1.,0.,0.));
#5073=DIRECTION('center_axis',(0.,0.,-1.));
#5074=DIRECTION('ref_axis',(1.,0.,0.));
#5075=DIRECTION('',(0.,0.,1.));
#5076=DIRECTION('center_axis',(0.,0.,-1.));
#5077=DIRECTION('ref_axis',(1.,0.,0.));
#5078=DIRECTION('center_axis',(0.,0.,1.));
#5079=DIRECTION('ref_axis',(1.,0.,0.));
#5080=DIRECTION('center_axis',(0.,0.,1.));
#5081=DIRECTION('ref_axis',(1.,0.,0.));
#5082=DIRECTION('center_axis',(0.,0.,-1.));
#5083=DIRECTION('ref_axis',(1.,0.,0.));
#5084=DIRECTION('center_axis',(0.,0.,1.));
#5085=DIRECTION('ref_axis',(1.,0.,0.));
#5086=DIRECTION('',(0.,0.,1.));
#5087=DIRECTION('center_axis',(0.,0.,1.));
#5088=DIRECTION('ref_axis',(1.,0.,0.));
#5089=DIRECTION('center_axis',(0.,0.,-1.));
#5090=DIRECTION('ref_axis',(1.,0.,0.));
#5091=DIRECTION('center_axis',(0.,0.,-1.));
#5092=DIRECTION('ref_axis',(1.,0.,0.));
#5093=DIRECTION('',(0.,0.,1.));
#5094=DIRECTION('center_axis',(0.,0.,-1.));
#5095=DIRECTION('ref_axis',(1.,0.,0.));
#5096=DIRECTION('center_axis',(0.,0.,1.));
#5097=DIRECTION('ref_axis',(1.,0.,0.));
#5098=DIRECTION('center_axis',(0.,0.,1.));
#5099=DIRECTION('ref_axis',(1.,0.,0.));
#5100=DIRECTION('center_axis',(0.,0.,-1.));
#5101=DIRECTION('ref_axis',(1.,0.,0.));
#5102=DIRECTION('center_axis',(0.,0.,-1.));
#5103=DIRECTION('ref_axis',(1.,0.,0.));
#5104=DIRECTION('',(0.,0.,1.));
#5105=DIRECTION('center_axis',(0.,0.,1.));
#5106=DIRECTION('ref_axis',(1.,0.,0.));
#5107=DIRECTION('center_axis',(0.,0.,1.));
#5108=DIRECTION('ref_axis',(1.,0.,0.));
#5109=DIRECTION('center_axis',(0.,0.,1.));
#5110=DIRECTION('ref_axis',(1.,0.,0.));
#5111=DIRECTION('center_axis',(0.,0.,-1.));
#5112=DIRECTION('ref_axis',(1.,0.,0.));
#5113=DIRECTION('center_axis',(0.,0.,-1.));
#5114=DIRECTION('ref_axis',(1.,0.,0.));
#5115=DIRECTION('',(0.,0.,1.));
#5116=DIRECTION('center_axis',(0.,0.,1.));
#5117=DIRECTION('ref_axis',(1.,0.,0.));
#5118=DIRECTION('center_axis',(0.,0.,1.));
#5119=DIRECTION('ref_axis',(1.,0.,0.));
#5120=DIRECTION('center_axis',(0.,0.,1.));
#5121=DIRECTION('ref_axis',(1.,0.,0.));
#5122=CARTESIAN_POINT('',(0.,0.,0.));
#5123=CARTESIAN_POINT('Origin',(-0.550000000000003,2.6,0.));
#5124=CARTESIAN_POINT('',(-0.550000000000003,-1.5,7.8));
#5125=CARTESIAN_POINT('',(-0.550000000000003,2.6,7.8));
#5126=CARTESIAN_POINT('',(-0.550000000000003,2.6,7.8));
#5127=CARTESIAN_POINT('',(-0.550000000000003,-1.5,8.24));
#5128=CARTESIAN_POINT('',(-0.550000000000003,-1.5,0.));
#5129=CARTESIAN_POINT('',(-0.550000000000003,2.6,8.24));
#5130=CARTESIAN_POINT('',(-0.550000000000003,2.6,8.24));
#5131=CARTESIAN_POINT('',(-0.550000000000003,2.6,0.));
#5132=CARTESIAN_POINT('Origin',(-0.550000000000003,-1.5,0.));
#5133=CARTESIAN_POINT('',(0.549999999999997,-1.5,7.8));
#5134=CARTESIAN_POINT('',(-0.550000000000003,-1.5,7.8));
#5135=CARTESIAN_POINT('',(0.549999999999997,-1.5,8.24));
#5136=CARTESIAN_POINT('',(0.549999999999997,-1.5,0.));
#5137=CARTESIAN_POINT('',(-0.550000000000003,-1.5,8.24));
#5138=CARTESIAN_POINT('Origin',(0.549999999999997,-1.5,0.));
#5139=CARTESIAN_POINT('',(0.549999999999997,2.6,7.8));
#5140=CARTESIAN_POINT('',(0.549999999999997,-1.5,7.8));
#5141=CARTESIAN_POINT('',(0.549999999999997,2.6,8.24));
#5142=CARTESIAN_POINT('',(0.549999999999997,2.6,0.));
#5143=CARTESIAN_POINT('',(0.549999999999997,-1.5,8.24));
#5144=CARTESIAN_POINT('Origin',(-3.12250225675825E-15,0.550000000000001,
8.24));
#5145=CARTESIAN_POINT('',(0.549999999999997,2.6,8.24));
#5146=CARTESIAN_POINT('Origin',(-3.94999999254942,0.,0.));
#5147=CARTESIAN_POINT('',(-6.09999999254942,-2.63299061816681E-16,7.8));
#5148=CARTESIAN_POINT('Origin',(-3.94999999254942,0.,7.8));
#5149=CARTESIAN_POINT('',(-6.09999999254942,-2.63299061816681E-16,0.));
#5150=CARTESIAN_POINT('',(-6.09999999254942,-2.63299061816681E-16,0.));
#5151=CARTESIAN_POINT('Origin',(-3.94999999254942,0.,0.));
#5152=CARTESIAN_POINT('Origin',(3.28000000745058,-9.30731567351989E-17,
0.));
#5153=CARTESIAN_POINT('',(1.13000001490116,-3.56372217639447E-16,7.8));
#5154=CARTESIAN_POINT('Origin',(3.28000000745058,-9.30731567351989E-17,
7.8));
#5155=CARTESIAN_POINT('',(1.13000001490116,-3.56372217639447E-16,0.));
#5156=CARTESIAN_POINT('',(1.13000001490116,-3.56372217639447E-16,0.));
#5157=CARTESIAN_POINT('Origin',(3.28000000745058,-9.30731567351989E-17,
0.));
#5158=CARTESIAN_POINT('Origin',(-1.05,3.1,0.));
#5159=CARTESIAN_POINT('',(-6.95,3.1,0.));
#5160=CARTESIAN_POINT('',(-1.05,3.1,0.));
#5161=CARTESIAN_POINT('',(-6.95,3.1,0.));
#5162=CARTESIAN_POINT('',(-6.95,3.1,7.8));
#5163=CARTESIAN_POINT('',(-6.95,3.1,0.));
#5164=CARTESIAN_POINT('',(-1.05,3.1,7.8));
#5165=CARTESIAN_POINT('',(-6.95,3.1,7.8));
#5166=CARTESIAN_POINT('',(-1.05,3.1,0.));
#5167=CARTESIAN_POINT('Origin',(-1.05,2.6,0.));
#5168=CARTESIAN_POINT('',(-1.05,2.6,0.));
#5169=CARTESIAN_POINT('',(-1.05,3.1,0.));
#5170=CARTESIAN_POINT('',(-1.05,2.6,7.8));
#5171=CARTESIAN_POINT('',(-1.05,3.1,7.8));
#5172=CARTESIAN_POINT('',(-1.05,2.6,0.));
#5173=CARTESIAN_POINT('Origin',(-0.550000000000003,2.6,0.));
#5174=CARTESIAN_POINT('',(0.85,2.6,0.));
#5175=CARTESIAN_POINT('',(-1.05,2.6,0.));
#5176=CARTESIAN_POINT('',(-1.05,2.6,7.8));
#5177=CARTESIAN_POINT('',(0.85,2.6,7.8));
#5178=CARTESIAN_POINT('',(-1.05,2.6,7.8));
#5179=CARTESIAN_POINT('',(0.85,2.6,0.));
#5180=CARTESIAN_POINT('Origin',(0.85,3.1,0.));
#5181=CARTESIAN_POINT('',(0.85,3.1,0.));
#5182=CARTESIAN_POINT('',(0.85,2.6,0.));
#5183=CARTESIAN_POINT('',(0.85,3.1,7.8));
#5184=CARTESIAN_POINT('',(0.85,2.6,7.8));
#5185=CARTESIAN_POINT('',(0.85,3.1,0.));
#5186=CARTESIAN_POINT('Origin',(4.45,3.1,0.));
#5187=CARTESIAN_POINT('',(4.45,3.1,0.));
#5188=CARTESIAN_POINT('',(0.85,3.1,0.));
#5189=CARTESIAN_POINT('',(4.45,3.1,7.8));
#5190=CARTESIAN_POINT('',(0.85,3.1,7.8));
#5191=CARTESIAN_POINT('',(4.45,3.1,0.));
#5192=CARTESIAN_POINT('Origin',(6.95,1.,0.));
#5193=CARTESIAN_POINT('',(6.95,1.,0.));
#5194=CARTESIAN_POINT('',(4.45,3.1,0.));
#5195=CARTESIAN_POINT('',(6.95,1.,7.8));
#5196=CARTESIAN_POINT('',(4.45,3.1,7.8));
#5197=CARTESIAN_POINT('',(6.95,1.,0.));
#5198=CARTESIAN_POINT('Origin',(6.95,-1.,0.));
#5199=CARTESIAN_POINT('',(6.95,-1.,0.));
#5200=CARTESIAN_POINT('',(6.95,1.,0.));
#5201=CARTESIAN_POINT('',(6.95,-1.,7.8));
#5202=CARTESIAN_POINT('',(6.95,1.,7.8));
#5203=CARTESIAN_POINT('',(6.95,-1.,0.));
#5204=CARTESIAN_POINT('Origin',(4.45,-3.1,0.));
#5205=CARTESIAN_POINT('',(4.45,-3.1,0.));
#5206=CARTESIAN_POINT('',(4.45,-3.1,0.));
#5207=CARTESIAN_POINT('',(4.45,-3.1,7.8));
#5208=CARTESIAN_POINT('',(4.45,-3.1,7.8));
#5209=CARTESIAN_POINT('',(4.45,-3.1,0.));
#5210=CARTESIAN_POINT('Origin',(-6.95,-3.1,0.));
#5211=CARTESIAN_POINT('',(-6.95,-3.1,0.));
#5212=CARTESIAN_POINT('',(-6.95,-3.1,0.));
#5213=CARTESIAN_POINT('',(-6.95,-3.1,7.8));
#5214=CARTESIAN_POINT('',(-6.95,-3.1,7.8));
#5215=CARTESIAN_POINT('',(-6.95,-3.1,0.));
#5216=CARTESIAN_POINT('Origin',(-6.95,3.1,0.));
#5217=CARTESIAN_POINT('',(-6.95,3.1,0.));
#5218=CARTESIAN_POINT('',(-6.95,3.1,7.8));
#5219=CARTESIAN_POINT('Origin',(0.,0.,7.8));
#5220=CARTESIAN_POINT('Origin',(0.,0.,0.));
#5221=CARTESIAN_POINT('Origin',(-3.94999999254942,0.,-3.2));
#5222=CARTESIAN_POINT('',(-6.09999999254942,-2.63299061816681E-16,-3.2));
#5223=CARTESIAN_POINT('Origin',(-3.94999999254942,0.,-3.2));
#5224=CARTESIAN_POINT('',(-5.68999999254942,-2.13088543051639E-16,-3.2));
#5225=CARTESIAN_POINT('Origin',(-3.94999999254942,0.,-3.2));
#5226=CARTESIAN_POINT('Origin',(-3.94999999254942,0.,0.));
#5227=CARTESIAN_POINT('',(-5.68999999254942,-2.13088543051639E-16,7.5));
#5228=CARTESIAN_POINT('Origin',(-3.94999999254942,0.,7.5));
#5229=CARTESIAN_POINT('',(-5.68999999254942,-2.13088543051639E-16,0.));
#5230=CARTESIAN_POINT('Origin',(-3.94999999254942,0.,0.));
#5231=CARTESIAN_POINT('',(-6.09999999254942,-2.63299061816681E-16,7.5));
#5232=CARTESIAN_POINT('Origin',(-3.94999999254942,0.,7.5));
#5233=CARTESIAN_POINT('',(-6.09999999254942,-2.63299061816681E-16,0.));
#5234=CARTESIAN_POINT('Origin',(-3.94999999254942,0.,7.5));
#5235=CARTESIAN_POINT('Origin',(3.28000000745058,0.,-3.2));
#5236=CARTESIAN_POINT('',(1.13000001490116,-3.56372217639447E-16,-3.2));
#5237=CARTESIAN_POINT('Origin',(3.28000000745058,-9.30731567351989E-17,
-3.2));
#5238=CARTESIAN_POINT('',(1.54000000745058,-3.06161699786838E-16,-3.2));
#5239=CARTESIAN_POINT('Origin',(3.28000000745058,-9.30731567351989E-17,
-3.2));
#5240=CARTESIAN_POINT('Origin',(3.28000000745058,-9.30731567351989E-17,
0.));
#5241=CARTESIAN_POINT('',(1.54000000745058,-3.06161699786838E-16,7.5));
#5242=CARTESIAN_POINT('Origin',(3.28000000745058,-9.30731567351989E-17,
7.5));
#5243=CARTESIAN_POINT('',(1.54000000745058,-3.06161699786838E-16,0.));
#5244=CARTESIAN_POINT('Origin',(3.28000000745058,-9.30731567351989E-17,
0.));
#5245=CARTESIAN_POINT('',(1.13000001490116,-3.56372217639447E-16,7.5));
#5246=CARTESIAN_POINT('Origin',(3.28000000745058,-9.30731567351989E-17,
7.5));
#5247=CARTESIAN_POINT('',(1.13000001490116,-3.56372217639447E-16,0.));
#5248=CARTESIAN_POINT('Origin',(3.28000000745058,0.,7.5));
#5249=CARTESIAN_POINT('Origin',(-5.15658552990022,-4.05,-4.51962002600931));
#5250=CARTESIAN_POINT('',(-5.15658552990022,-4.05,-4.51962002600931));
#5251=CARTESIAN_POINT('',(-5.81829044268194,-4.05,-5.54871329154276));
#5252=CARTESIAN_POINT('',(-5.15658552990022,-4.05,-4.51962002600931));
#5253=CARTESIAN_POINT('',(-5.81829044268194,-3.95,-5.54871329154276));
#5254=CARTESIAN_POINT('',(-5.81829044268194,-4.05,-5.54871329154276));
#5255=CARTESIAN_POINT('',(-5.15658552990022,-3.95,-4.51962002600931));
#5256=CARTESIAN_POINT('',(-4.52257519121681,-3.95,-3.53359777165601));
#5257=CARTESIAN_POINT('',(-5.15658552990022,-4.05,-4.51962002600931));
#5258=CARTESIAN_POINT('Origin',(-4.49691022977892,-4.05,-5.54871329154276));
#5259=CARTESIAN_POINT('',(-4.49691022977892,-4.05,-5.54871329154276));
#5260=CARTESIAN_POINT('',(-4.49691022977892,-4.05,-5.54871329154276));
#5261=CARTESIAN_POINT('',(-4.49691022977892,-3.95,-5.54871329154276));
#5262=CARTESIAN_POINT('',(-4.40852689372381,-3.95,-5.68659126863688));
#5263=CARTESIAN_POINT('',(-4.49691022977892,-4.05,-5.54871329154276));
#5264=CARTESIAN_POINT('Origin',(-3.77228240714136,-4.05,-5.54871329154276));
#5265=CARTESIAN_POINT('',(-3.77228240714136,-4.05,-5.54871329154276));
#5266=CARTESIAN_POINT('',(-3.77228240714136,-4.05,-5.54871329154276));
#5267=CARTESIAN_POINT('',(-3.77228240714136,-3.95,-5.54871329154276));
#5268=CARTESIAN_POINT('',(-2.66212724329809,-3.95,-5.54871329154276));
#5269=CARTESIAN_POINT('',(-3.77228240714136,-4.05,-5.54871329154276));
#5270=CARTESIAN_POINT('Origin',(-4.78919710264269,-4.05,-4.01826658334039));
#5271=CARTESIAN_POINT('',(-4.78919710264269,-4.05,-4.01826658334039));
#5272=CARTESIAN_POINT('',(-4.78919710264269,-4.05,-4.01826658334039));
#5273=CARTESIAN_POINT('',(-4.78919710264269,-3.95,-4.01826658334039));
#5274=CARTESIAN_POINT('',(-4.28613617445811,-3.95,-4.77536837857579));
#5275=CARTESIAN_POINT('',(-4.78919710264269,-4.05,-4.01826658334039));
#5276=CARTESIAN_POINT('Origin',(-3.86362205491129,-4.05,-2.57307061042093));
#5277=CARTESIAN_POINT('',(-3.86362205491129,-4.05,-2.57307061042093));
#5278=CARTESIAN_POINT('',(-3.86362205491129,-4.05,-2.57307061042093));
#5279=CARTESIAN_POINT('',(-3.86362205491129,-3.95,-2.57307061042093));
#5280=CARTESIAN_POINT('',(-3.86281235127196,-3.95,-2.57180633645235));
#5281=CARTESIAN_POINT('',(-3.86362205491129,-4.05,-2.57307061042093));
#5282=CARTESIAN_POINT('Origin',(-4.55983306512895,-4.05,-2.57307061042093));
#5283=CARTESIAN_POINT('',(-4.55983306512895,-4.05,-2.57307061042093));
#5284=CARTESIAN_POINT('',(-4.55983306512895,-4.05,-2.57307061042093));
#5285=CARTESIAN_POINT('',(-4.55983306512895,-3.95,-2.57307061042093));
#5286=CARTESIAN_POINT('',(-3.05590257229189,-3.95,-2.57307061042093));
#5287=CARTESIAN_POINT('',(-4.55983306512895,-4.05,-2.57307061042093));
#5288=CARTESIAN_POINT('Origin',(-5.14440681085649,-4.05,-3.52909215773843));
#5289=CARTESIAN_POINT('',(-5.14440681085649,-4.05,-3.52909215773843));
#5290=CARTESIAN_POINT('',(-5.14440681085649,-4.05,-3.52909215773843));
#5291=CARTESIAN_POINT('',(-5.14440681085649,-3.95,-3.52909215773843));
#5292=CARTESIAN_POINT('',(-4.7715032212755,-3.95,-2.91923947564821));
#5293=CARTESIAN_POINT('',(-5.14440681085649,-4.05,-3.52909215773843));
#5294=CARTESIAN_POINT('Origin',(-5.74115920112196,-4.05,-2.57307061042093));
#5295=CARTESIAN_POINT('',(-5.74115920112196,-4.05,-2.57307061042093));
#5296=CARTESIAN_POINT('',(-5.74115920112196,-4.05,-2.57307061042093));
#5297=CARTESIAN_POINT('',(-5.74115920112196,-3.95,-2.57307061042093));
#5298=CARTESIAN_POINT('',(-4.82215942615571,-3.95,-4.04534554585409));
#5299=CARTESIAN_POINT('',(-5.74115920112196,-4.05,-2.57307061042093));
#5300=CARTESIAN_POINT('Origin',(-6.44345962674084,-4.05,-2.57307061042093));
#5301=CARTESIAN_POINT('',(-6.44345962674084,-4.05,-2.57307061042093));
#5302=CARTESIAN_POINT('',(-6.44345962674084,-4.05,-2.57307061042093));
#5303=CARTESIAN_POINT('',(-6.44345962674084,-3.95,-2.57307061042093));
#5304=CARTESIAN_POINT('',(-3.99771585309783,-3.95,-2.57307061042093));
#5305=CARTESIAN_POINT('',(-6.44345962674084,-4.05,-2.57307061042093));
#5306=CARTESIAN_POINT('Origin',(-5.52194404647413,-4.05,-3.99593927945398));
#5307=CARTESIAN_POINT('',(-5.52194404647413,-4.05,-3.99593927945398));
#5308=CARTESIAN_POINT('',(-5.52194404647413,-4.05,-3.99593927945398));
#5309=CARTESIAN_POINT('',(-5.52194404647413,-3.95,-3.99593927945398));
#5310=CARTESIAN_POINT('',(-4.92304834560996,-3.95,-4.92066583538652));
#5311=CARTESIAN_POINT('',(-5.52194404647413,-4.05,-3.99593927945398));
#5312=CARTESIAN_POINT('Origin',(-6.53885881648126,-4.05,-5.54871329154276));
#5313=CARTESIAN_POINT('',(-6.53885881648126,-4.05,-5.54871329154276));
#5314=CARTESIAN_POINT('',(-6.53885881648126,-4.05,-5.54871329154276));
#5315=CARTESIAN_POINT('',(-6.53885881648126,-3.95,-5.54871329154276));
#5316=CARTESIAN_POINT('',(-5.44697817897539,-3.95,-3.88147044265567));
#5317=CARTESIAN_POINT('',(-6.53885881648126,-4.05,-5.54871329154276));
#5318=CARTESIAN_POINT('Origin',(-5.81829044268194,-4.05,-5.54871329154276));
#5319=CARTESIAN_POINT('',(-5.81829044268194,-4.05,-5.54871329154276));
#5320=CARTESIAN_POINT('',(-3.68513126106838,-3.95,-5.54871329154276));
#5321=CARTESIAN_POINT('Origin',(-1.67045573935571,-4.05,-4.08017464961313));
#5322=CARTESIAN_POINT('Ctrl Pts',(2.54842121853766,-4.05,-3.36163633550905));
#5323=CARTESIAN_POINT('Ctrl Pts',(2.54842121853766,-3.95,-3.36163633550905));
#5324=CARTESIAN_POINT('Ctrl Pts',(2.53287237809503,-4.05,-3.30483524745298));
#5325=CARTESIAN_POINT('Ctrl Pts',(2.53287237809503,-3.95,-3.30483524745298));
#5326=CARTESIAN_POINT('Ctrl Pts',(2.50635030865272,-4.05,-3.20794812539516));
#5327=CARTESIAN_POINT('Ctrl Pts',(2.50635030865272,-3.95,-3.20794812539516));
#5328=CARTESIAN_POINT('Ctrl Pts',(2.44206757806689,-4.05,-3.13144735593995));
#5329=CARTESIAN_POINT('Ctrl Pts',(2.44206757806689,-3.95,-3.13144735593995));
#5330=CARTESIAN_POINT('Ctrl Pts',(2.41547127022681,-4.05,-3.09979596223138));
#5331=CARTESIAN_POINT('Ctrl Pts',(2.41547127022681,-3.95,-3.09979596223138));
#5332=CARTESIAN_POINT('',(2.54842121853766,-4.05,-3.36163633550905));
#5333=CARTESIAN_POINT('',(2.41547127022681,-4.05,-3.09979596223138));
#5334=CARTESIAN_POINT('Ctrl Pts',(2.54842121853766,-4.05,-3.36163633550905));
#5335=CARTESIAN_POINT('Ctrl Pts',(2.53287237809503,-4.05,-3.30483524745298));
#5336=CARTESIAN_POINT('Ctrl Pts',(2.50635030865272,-4.05,-3.20794812539516));
#5337=CARTESIAN_POINT('Ctrl Pts',(2.44206757806689,-4.05,-3.13144735593995));
#5338=CARTESIAN_POINT('Ctrl Pts',(2.41547127022681,-4.05,-3.09979596223138));
#5339=CARTESIAN_POINT('',(2.41547127022681,-3.95,-3.09979596223138));
#5340=CARTESIAN_POINT('',(2.41547127022681,-4.05,-3.09979596223138));
#5341=CARTESIAN_POINT('',(2.54842121853766,-3.95,-3.36163633550905));
#5342=CARTESIAN_POINT('Ctrl Pts',(2.54842121853766,-3.95,-3.36163633550905));
#5343=CARTESIAN_POINT('Ctrl Pts',(2.53287237809503,-3.95,-3.30483524745298));
#5344=CARTESIAN_POINT('Ctrl Pts',(2.50635030865272,-3.95,-3.20794812539516));
#5345=CARTESIAN_POINT('Ctrl Pts',(2.44206757806689,-3.95,-3.13144735593995));
#5346=CARTESIAN_POINT('Ctrl Pts',(2.41547127022681,-3.95,-3.09979596223138));
#5347=CARTESIAN_POINT('',(2.54842121853766,-4.05,-3.36163633550905));
#5348=CARTESIAN_POINT('Ctrl Pts',(2.60119517102179,-4.05,-4.08118971671365));
#5349=CARTESIAN_POINT('Ctrl Pts',(2.60119517102179,-3.95,-4.08118971671365));
#5350=CARTESIAN_POINT('Ctrl Pts',(2.60180644040972,-4.05,-3.93351662400032));
#5351=CARTESIAN_POINT('Ctrl Pts',(2.60180644040972,-3.95,-3.93351662400032));
#5352=CARTESIAN_POINT('Ctrl Pts',(2.60280587623691,-4.05,-3.69206861026599));
#5353=CARTESIAN_POINT('Ctrl Pts',(2.60280587623691,-3.95,-3.69206861026599));
#5354=CARTESIAN_POINT('Ctrl Pts',(2.56363472707706,-4.05,-3.45407112220029));
#5355=CARTESIAN_POINT('Ctrl Pts',(2.56363472707706,-3.95,-3.45407112220029));
#5356=CARTESIAN_POINT('Ctrl Pts',(2.54842121853766,-4.05,-3.36163633550905));
#5357=CARTESIAN_POINT('Ctrl Pts',(2.54842121853766,-3.95,-3.36163633550905));
#5358=CARTESIAN_POINT('',(2.60119517102179,-4.05,-4.08118971671365));
#5359=CARTESIAN_POINT('Ctrl Pts',(2.60119517102179,-4.05,-4.08118971671365));
#5360=CARTESIAN_POINT('Ctrl Pts',(2.60180644040972,-4.05,-3.93351662400032));
#5361=CARTESIAN_POINT('Ctrl Pts',(2.60280587623691,-4.05,-3.69206861026599));
#5362=CARTESIAN_POINT('Ctrl Pts',(2.56363472707706,-4.05,-3.45407112220029));
#5363=CARTESIAN_POINT('Ctrl Pts',(2.54842121853766,-4.05,-3.36163633550905));
#5364=CARTESIAN_POINT('',(2.60119517102179,-3.95,-4.08118971671365));
#5365=CARTESIAN_POINT('Ctrl Pts',(2.60119517102179,-3.95,-4.08118971671365));
#5366=CARTESIAN_POINT('Ctrl Pts',(2.60180644040972,-3.95,-3.93351662400032));
#5367=CARTESIAN_POINT('Ctrl Pts',(2.60280587623691,-3.95,-3.69206861026599));
#5368=CARTESIAN_POINT('Ctrl Pts',(2.56363472707706,-3.95,-3.45407112220029));
#5369=CARTESIAN_POINT('Ctrl Pts',(2.54842121853766,-3.95,-3.36163633550905));
#5370=CARTESIAN_POINT('',(2.60119517102179,-4.05,-4.08118971671365));
#5371=CARTESIAN_POINT('Ctrl Pts',(2.5423320080274,-4.05,-4.82408561791681));
#5372=CARTESIAN_POINT('Ctrl Pts',(2.5423320080274,-3.95,-4.82408561791681));
#5373=CARTESIAN_POINT('Ctrl Pts',(2.55933683823657,-4.05,-4.72584982694847));
#5374=CARTESIAN_POINT('Ctrl Pts',(2.55933683823657,-3.95,-4.72584982694847));
#5375=CARTESIAN_POINT('Ctrl Pts',(2.60184248249199,-4.05,-4.48029750253894));
#5376=CARTESIAN_POINT('Ctrl Pts',(2.60184248249199,-3.95,-4.48029750253894));
#5377=CARTESIAN_POINT('Ctrl Pts',(2.6014378975193,-4.05,-4.23084570064382));
#5378=CARTESIAN_POINT('Ctrl Pts',(2.6014378975193,-3.95,-4.23084570064382));
#5379=CARTESIAN_POINT('Ctrl Pts',(2.60119517102179,-4.05,-4.08118971671365));
#5380=CARTESIAN_POINT('Ctrl Pts',(2.60119517102179,-3.95,-4.08118971671365));
#5381=CARTESIAN_POINT('',(2.5423320080274,-4.05,-4.82408561791681));
#5382=CARTESIAN_POINT('Ctrl Pts',(2.5423320080274,-4.05,-4.82408561791681));
#5383=CARTESIAN_POINT('Ctrl Pts',(2.55933683823657,-4.05,-4.72584982694847));
#5384=CARTESIAN_POINT('Ctrl Pts',(2.60184248249199,-4.05,-4.48029750253894));
#5385=CARTESIAN_POINT('Ctrl Pts',(2.6014378975193,-4.05,-4.23084570064382));
#5386=CARTESIAN_POINT('Ctrl Pts',(2.60119517102179,-4.05,-4.08118971671365));
#5387=CARTESIAN_POINT('',(2.5423320080274,-3.95,-4.82408561791681));
#5388=CARTESIAN_POINT('Ctrl Pts',(2.5423320080274,-3.95,-4.82408561791681));
#5389=CARTESIAN_POINT('Ctrl Pts',(2.55933683823657,-3.95,-4.72584982694847));
#5390=CARTESIAN_POINT('Ctrl Pts',(2.60184248249199,-3.95,-4.48029750253894));
#5391=CARTESIAN_POINT('Ctrl Pts',(2.6014378975193,-3.95,-4.23084570064382));
#5392=CARTESIAN_POINT('Ctrl Pts',(2.60119517102179,-3.95,-4.08118971671365));
#5393=CARTESIAN_POINT('',(2.5423320080274,-4.05,-4.82408561791681));
#5394=CARTESIAN_POINT('Ctrl Pts',(2.41648633732733,-4.05,-5.0605536350181));
#5395=CARTESIAN_POINT('Ctrl Pts',(2.41648633732733,-3.95,-5.0605536350181));
#5396=CARTESIAN_POINT('Ctrl Pts',(2.44275139470156,-4.05,-5.03111048284925));
#5397=CARTESIAN_POINT('Ctrl Pts',(2.44275139470156,-3.95,-5.03111048284925));
#5398=CARTESIAN_POINT('Ctrl Pts',(2.5036194097991,-4.05,-4.96287738496568));
#5399=CARTESIAN_POINT('Ctrl Pts',(2.5036194097991,-3.95,-4.96287738496568));
#5400=CARTESIAN_POINT('Ctrl Pts',(2.52830082807528,-4.05,-4.87438997227327));
#5401=CARTESIAN_POINT('Ctrl Pts',(2.52830082807528,-3.95,-4.87438997227327));
#5402=CARTESIAN_POINT('Ctrl Pts',(2.5423320080274,-4.05,-4.82408561791681));
#5403=CARTESIAN_POINT('Ctrl Pts',(2.5423320080274,-3.95,-4.82408561791681));
#5404=CARTESIAN_POINT('',(2.41648633732733,-4.05,-5.0605536350181));
#5405=CARTESIAN_POINT('Ctrl Pts',(2.41648633732733,-4.05,-5.0605536350181));
#5406=CARTESIAN_POINT('Ctrl Pts',(2.44275139470156,-4.05,-5.03111048284925));
#5407=CARTESIAN_POINT('Ctrl Pts',(2.5036194097991,-4.05,-4.96287738496568));
#5408=CARTESIAN_POINT('Ctrl Pts',(2.52830082807528,-4.05,-4.87438997227327));
#5409=CARTESIAN_POINT('Ctrl Pts',(2.5423320080274,-4.05,-4.82408561791681));
#5410=CARTESIAN_POINT('',(2.41648633732733,-3.95,-5.0605536350181));
#5411=CARTESIAN_POINT('Ctrl Pts',(2.41648633732733,-3.95,-5.0605536350181));
#5412=CARTESIAN_POINT('Ctrl Pts',(2.44275139470156,-3.95,-5.03111048284925));
#5413=CARTESIAN_POINT('Ctrl Pts',(2.5036194097991,-3.95,-4.96287738496568));
#5414=CARTESIAN_POINT('Ctrl Pts',(2.52830082807528,-3.95,-4.87438997227327));
#5415=CARTESIAN_POINT('Ctrl Pts',(2.5423320080274,-3.95,-4.82408561791681));
#5416=CARTESIAN_POINT('',(2.41648633732733,-4.05,-5.0605536350181));
#5417=CARTESIAN_POINT('Ctrl Pts',(2.23177690758642,-4.05,-5.12652107562326));
#5418=CARTESIAN_POINT('Ctrl Pts',(2.23177690758642,-3.95,-5.12652107562326));
#5419=CARTESIAN_POINT('Ctrl Pts',(2.26539125288366,-4.05,-5.12374108529788));
#5420=CARTESIAN_POINT('Ctrl Pts',(2.26539125288366,-3.95,-5.12374108529788));
#5421=CARTESIAN_POINT('Ctrl Pts',(2.33281345979562,-4.05,-5.11816510036427));
#5422=CARTESIAN_POINT('Ctrl Pts',(2.33281345979562,-3.95,-5.11816510036427));
#5423=CARTESIAN_POINT('Ctrl Pts',(2.38854206043738,-4.05,-5.07979416775893));
#5424=CARTESIAN_POINT('Ctrl Pts',(2.38854206043738,-3.95,-5.07979416775893));
#5425=CARTESIAN_POINT('Ctrl Pts',(2.41648633732733,-4.05,-5.0605536350181));
#5426=CARTESIAN_POINT('Ctrl Pts',(2.41648633732733,-3.95,-5.0605536350181));
#5427=CARTESIAN_POINT('',(2.23177690758642,-4.05,-5.12652107562326));
#5428=CARTESIAN_POINT('Ctrl Pts',(2.23177690758642,-4.05,-5.12652107562326));
#5429=CARTESIAN_POINT('Ctrl Pts',(2.26539125288366,-4.05,-5.12374108529788));
#5430=CARTESIAN_POINT('Ctrl Pts',(2.33281345979562,-4.05,-5.11816510036427));
#5431=CARTESIAN_POINT('Ctrl Pts',(2.38854206043738,-4.05,-5.07979416775893));
#5432=CARTESIAN_POINT('Ctrl Pts',(2.41648633732733,-4.05,-5.0605536350181));
#5433=CARTESIAN_POINT('',(2.23177690758642,-3.95,-5.12652107562326));
#5434=CARTESIAN_POINT('Ctrl Pts',(2.23177690758642,-3.95,-5.12652107562326));
#5435=CARTESIAN_POINT('Ctrl Pts',(2.26539125288366,-3.95,-5.12374108529788));
#5436=CARTESIAN_POINT('Ctrl Pts',(2.33281345979562,-3.95,-5.11816510036427));
#5437=CARTESIAN_POINT('Ctrl Pts',(2.38854206043738,-3.95,-5.07979416775893));
#5438=CARTESIAN_POINT('Ctrl Pts',(2.41648633732733,-3.95,-5.0605536350181));
#5439=CARTESIAN_POINT('',(2.23177690758642,-4.05,-5.12652107562326));
#5440=CARTESIAN_POINT('Ctrl Pts',(2.04808254494604,-4.05,-5.0615684040954));
#5441=CARTESIAN_POINT('Ctrl Pts',(2.04808254494604,-3.95,-5.0615684040954));
#5442=CARTESIAN_POINT('Ctrl Pts',(2.07579556760909,-4.05,-5.08051281736401));
#5443=CARTESIAN_POINT('Ctrl Pts',(2.07579556760909,-3.95,-5.08051281736401));
#5444=CARTESIAN_POINT('Ctrl Pts',(2.13127069995656,-4.05,-5.11843519941883));
#5445=CARTESIAN_POINT('Ctrl Pts',(2.13127069995656,-3.95,-5.11843519941883));
#5446=CARTESIAN_POINT('Ctrl Pts',(2.19825508139332,-4.05,-5.12382419407598));
#5447=CARTESIAN_POINT('Ctrl Pts',(2.19825508139332,-3.95,-5.12382419407598));
#5448=CARTESIAN_POINT('Ctrl Pts',(2.23177690758642,-4.05,-5.12652107562326));
#5449=CARTESIAN_POINT('Ctrl Pts',(2.23177690758642,-3.95,-5.12652107562326));
#5450=CARTESIAN_POINT('',(2.04808254494604,-4.05,-5.0615684040954));
#5451=CARTESIAN_POINT('Ctrl Pts',(2.04808254494604,-4.05,-5.0615684040954));
#5452=CARTESIAN_POINT('Ctrl Pts',(2.07579556760909,-4.05,-5.08051281736401));
#5453=CARTESIAN_POINT('Ctrl Pts',(2.13127069995656,-4.05,-5.11843519941883));
#5454=CARTESIAN_POINT('Ctrl Pts',(2.19825508139332,-4.05,-5.12382419407598));
#5455=CARTESIAN_POINT('Ctrl Pts',(2.23177690758642,-4.05,-5.12652107562326));
#5456=CARTESIAN_POINT('',(2.04808254494604,-3.95,-5.0615684040954));
#5457=CARTESIAN_POINT('Ctrl Pts',(2.04808254494604,-3.95,-5.0615684040954));
#5458=CARTESIAN_POINT('Ctrl Pts',(2.07579556760909,-3.95,-5.08051281736401));
#5459=CARTESIAN_POINT('Ctrl Pts',(2.13127069995656,-3.95,-5.11843519941883));
#5460=CARTESIAN_POINT('Ctrl Pts',(2.19825508139332,-3.95,-5.12382419407598));
#5461=CARTESIAN_POINT('Ctrl Pts',(2.23177690758642,-3.95,-5.12652107562326));
#5462=CARTESIAN_POINT('',(2.04808254494604,-4.05,-5.0615684040954));
#5463=CARTESIAN_POINT('Ctrl Pts',(1.91513259663519,-4.05,-4.80074324692987));
#5464=CARTESIAN_POINT('Ctrl Pts',(1.91513259663519,-3.95,-4.80074324692987));
#5465=CARTESIAN_POINT('Ctrl Pts',(1.93063822002001,-4.05,-4.85749501194168));
#5466=CARTESIAN_POINT('Ctrl Pts',(1.93063822002001,-3.95,-4.85749501194168));
#5467=CARTESIAN_POINT('Ctrl Pts',(1.95704715230003,-4.05,-4.95415371967453));
#5468=CARTESIAN_POINT('Ctrl Pts',(1.95704715230003,-3.95,-4.95415371967453));
#5469=CARTESIAN_POINT('Ctrl Pts',(2.02148036359343,-4.05,-5.03017989868181));
#5470=CARTESIAN_POINT('Ctrl Pts',(2.02148036359343,-3.95,-5.03017989868181));
#5471=CARTESIAN_POINT('Ctrl Pts',(2.04808254494604,-4.05,-5.0615684040954));
#5472=CARTESIAN_POINT('Ctrl Pts',(2.04808254494604,-3.95,-5.0615684040954));
#5473=CARTESIAN_POINT('',(1.91513259663519,-4.05,-4.80074324692987));
#5474=CARTESIAN_POINT('Ctrl Pts',(1.91513259663519,-4.05,-4.80074324692987));
#5475=CARTESIAN_POINT('Ctrl Pts',(1.93063822002001,-4.05,-4.85749501194168));
#5476=CARTESIAN_POINT('Ctrl Pts',(1.95704715230003,-4.05,-4.95415371967453));
#5477=CARTESIAN_POINT('Ctrl Pts',(2.02148036359343,-4.05,-5.03017989868181));
#5478=CARTESIAN_POINT('Ctrl Pts',(2.04808254494604,-4.05,-5.0615684040954));
#5479=CARTESIAN_POINT('',(1.91513259663519,-3.95,-4.80074324692987));
#5480=CARTESIAN_POINT('Ctrl Pts',(1.91513259663519,-3.95,-4.80074324692987));
#5481=CARTESIAN_POINT('Ctrl Pts',(1.93063822002001,-3.95,-4.85749501194168));
#5482=CARTESIAN_POINT('Ctrl Pts',(1.95704715230003,-3.95,-4.95415371967453));
#5483=CARTESIAN_POINT('Ctrl Pts',(2.02148036359343,-3.95,-5.03017989868181));
#5484=CARTESIAN_POINT('Ctrl Pts',(2.04808254494604,-3.95,-5.0615684040954));
#5485=CARTESIAN_POINT('',(1.91513259663519,-4.05,-4.80074324692987));
#5486=CARTESIAN_POINT('Ctrl Pts',(1.86235864415106,-4.05,-4.08118971671365));
#5487=CARTESIAN_POINT('Ctrl Pts',(1.86235864415106,-3.95,-4.08118971671365));
#5488=CARTESIAN_POINT('Ctrl Pts',(1.86174771710675,-4.05,-4.22886289466245));
#5489=CARTESIAN_POINT('Ctrl Pts',(1.86174771710675,-3.95,-4.22886289466245));
#5490=CARTESIAN_POINT('Ctrl Pts',(1.86074884161445,-4.05,-4.47031090338346));
#5491=CARTESIAN_POINT('Ctrl Pts',(1.86074884161445,-3.95,-4.47031090338346));
#5492=CARTESIAN_POINT('Ctrl Pts',(1.89991935092814,-4.05,-4.70830850368692));
#5493=CARTESIAN_POINT('Ctrl Pts',(1.89991935092814,-3.95,-4.70830850368692));
#5494=CARTESIAN_POINT('Ctrl Pts',(1.91513259663519,-4.05,-4.80074324692987));
#5495=CARTESIAN_POINT('Ctrl Pts',(1.91513259663519,-3.95,-4.80074324692987));
#5496=CARTESIAN_POINT('',(1.86235864415106,-4.05,-4.08118971671365));
#5497=CARTESIAN_POINT('Ctrl Pts',(1.86235864415106,-4.05,-4.08118971671365));
#5498=CARTESIAN_POINT('Ctrl Pts',(1.86174771710675,-4.05,-4.22886289466245));
#5499=CARTESIAN_POINT('Ctrl Pts',(1.86074884161445,-4.05,-4.47031090338346));
#5500=CARTESIAN_POINT('Ctrl Pts',(1.89991935092814,-4.05,-4.70830850368692));
#5501=CARTESIAN_POINT('Ctrl Pts',(1.91513259663519,-4.05,-4.80074324692987));
#5502=CARTESIAN_POINT('',(1.86235864415106,-3.95,-4.08118971671365));
#5503=CARTESIAN_POINT('Ctrl Pts',(1.86235864415106,-3.95,-4.08118971671365));
#5504=CARTESIAN_POINT('Ctrl Pts',(1.86174771710675,-3.95,-4.22886289466245));
#5505=CARTESIAN_POINT('Ctrl Pts',(1.86074884161445,-3.95,-4.47031090338346));
#5506=CARTESIAN_POINT('Ctrl Pts',(1.89991935092814,-3.95,-4.70830850368692));
#5507=CARTESIAN_POINT('Ctrl Pts',(1.91513259663519,-3.95,-4.80074324692987));
#5508=CARTESIAN_POINT('',(1.86235864415106,-4.05,-4.08118971671365));
#5509=CARTESIAN_POINT('Ctrl Pts',(1.92122240319189,-4.05,-3.3362642773559));
#5510=CARTESIAN_POINT('Ctrl Pts',(1.92122240319189,-3.95,-3.3362642773559));
#5511=CARTESIAN_POINT('Ctrl Pts',(1.90421427470454,-4.05,-3.43500814536717));
#5512=CARTESIAN_POINT('Ctrl Pts',(1.90421427470454,-3.95,-3.43500814536717));
#5513=CARTESIAN_POINT('Ctrl Pts',(1.86179963111264,-4.05,-3.68125428418836));
#5514=CARTESIAN_POINT('Ctrl Pts',(1.86179963111264,-3.95,-3.68125428418836));
#5515=CARTESIAN_POINT('Ctrl Pts',(1.86214923202249,-4.05,-3.93136972244347));
#5516=CARTESIAN_POINT('Ctrl Pts',(1.86214923202249,-3.95,-3.93136972244347));
#5517=CARTESIAN_POINT('Ctrl Pts',(1.86235864415106,-4.05,-4.08118971671365));
#5518=CARTESIAN_POINT('Ctrl Pts',(1.86235864415106,-3.95,-4.08118971671365));
#5519=CARTESIAN_POINT('',(1.92122240319189,-4.05,-3.3362642773559));
#5520=CARTESIAN_POINT('Ctrl Pts',(1.92122240319189,-4.05,-3.3362642773559));
#5521=CARTESIAN_POINT('Ctrl Pts',(1.90421427470454,-4.05,-3.43500814536717));
#5522=CARTESIAN_POINT('Ctrl Pts',(1.86179963111264,-4.05,-3.68125428418836));
#5523=CARTESIAN_POINT('Ctrl Pts',(1.86214923202249,-4.05,-3.93136972244347));
#5524=CARTESIAN_POINT('Ctrl Pts',(1.86235864415106,-4.05,-4.08118971671365));
#5525=CARTESIAN_POINT('',(1.92122240319189,-3.95,-3.3362642773559));
#5526=CARTESIAN_POINT('Ctrl Pts',(1.92122240319189,-3.95,-3.3362642773559));
#5527=CARTESIAN_POINT('Ctrl Pts',(1.90421427470454,-3.95,-3.43500814536717));
#5528=CARTESIAN_POINT('Ctrl Pts',(1.86179963111264,-3.95,-3.68125428418836));
#5529=CARTESIAN_POINT('Ctrl Pts',(1.86214923202249,-3.95,-3.93136972244347));
#5530=CARTESIAN_POINT('Ctrl Pts',(1.86235864415106,-3.95,-4.08118971671365));
#5531=CARTESIAN_POINT('',(1.92122240319189,-4.05,-3.3362642773559));
#5532=CARTESIAN_POINT('Ctrl Pts',(2.04706807389197,-4.05,-3.09979596223138));
#5533=CARTESIAN_POINT('Ctrl Pts',(2.04706807389197,-3.95,-3.09979596223138));
#5534=CARTESIAN_POINT('Ctrl Pts',(2.0208030135097,-4.05,-3.12923911371263));
#5535=CARTESIAN_POINT('Ctrl Pts',(2.0208030135097,-3.95,-3.12923911371263));
#5536=CARTESIAN_POINT('Ctrl Pts',(1.9599349287161,-4.05,-3.19747228031755));
#5537=CARTESIAN_POINT('Ctrl Pts',(1.9599349287161,-3.95,-3.19747228031755));
#5538=CARTESIAN_POINT('Ctrl Pts',(1.93525356379005,-4.05,-3.28595981455441));
#5539=CARTESIAN_POINT('Ctrl Pts',(1.93525356379005,-3.95,-3.28595981455441));
#5540=CARTESIAN_POINT('Ctrl Pts',(1.92122240319189,-4.05,-3.3362642773559));
#5541=CARTESIAN_POINT('Ctrl Pts',(1.92122240319189,-3.95,-3.3362642773559));
#5542=CARTESIAN_POINT('',(2.04706807389197,-4.05,-3.09979596223138));
#5543=CARTESIAN_POINT('Ctrl Pts',(2.04706807389197,-4.05,-3.09979596223138));
#5544=CARTESIAN_POINT('Ctrl Pts',(2.0208030135097,-4.05,-3.12923911371263));
#5545=CARTESIAN_POINT('Ctrl Pts',(1.9599349287161,-4.05,-3.19747228031755));
#5546=CARTESIAN_POINT('Ctrl Pts',(1.93525356379005,-4.05,-3.28595981455441));
#5547=CARTESIAN_POINT('Ctrl Pts',(1.92122240319189,-4.05,-3.3362642773559));
#5548=CARTESIAN_POINT('',(2.04706807389197,-3.95,-3.09979596223138));
#5549=CARTESIAN_POINT('Ctrl Pts',(2.04706807389197,-3.95,-3.09979596223138));
#5550=CARTESIAN_POINT('Ctrl Pts',(2.0208030135097,-3.95,-3.12923911371263));
#5551=CARTESIAN_POINT('Ctrl Pts',(1.9599349287161,-3.95,-3.19747228031755));
#5552=CARTESIAN_POINT('Ctrl Pts',(1.93525356379005,-3.95,-3.28595981455441));
#5553=CARTESIAN_POINT('Ctrl Pts',(1.92122240319189,-3.95,-3.3362642773559));
#5554=CARTESIAN_POINT('',(2.04706807389197,-4.05,-3.09979596223138));
#5555=CARTESIAN_POINT('Ctrl Pts',(2.23177690758642,-4.05,-3.033828223603));
#5556=CARTESIAN_POINT('Ctrl Pts',(2.23177690758642,-3.95,-3.033828223603));
#5557=CARTESIAN_POINT('Ctrl Pts',(2.19816255101925,-4.05,-3.0366083070652));
#5558=CARTESIAN_POINT('Ctrl Pts',(2.19816255101925,-3.95,-3.0366083070652));
#5559=CARTESIAN_POINT('Ctrl Pts',(2.13074051360148,-4.05,-3.04218446292107));
#5560=CARTESIAN_POINT('Ctrl Pts',(2.13074051360148,-3.95,-3.04218446292107));
#5561=CARTESIAN_POINT('Ctrl Pts',(2.07501215183745,-4.05,-3.08055545445042));
#5562=CARTESIAN_POINT('Ctrl Pts',(2.07501215183745,-3.95,-3.08055545445042));
#5563=CARTESIAN_POINT('Ctrl Pts',(2.04706807389197,-4.05,-3.09979596223138));
#5564=CARTESIAN_POINT('Ctrl Pts',(2.04706807389197,-3.95,-3.09979596223138));
#5565=CARTESIAN_POINT('',(2.23177690758642,-4.05,-3.033828223603));
#5566=CARTESIAN_POINT('Ctrl Pts',(2.23177690758642,-4.05,-3.033828223603));
#5567=CARTESIAN_POINT('Ctrl Pts',(2.19816255101925,-4.05,-3.0366083070652));
#5568=CARTESIAN_POINT('Ctrl Pts',(2.13074051360148,-4.05,-3.04218446292107));
#5569=CARTESIAN_POINT('Ctrl Pts',(2.07501215183745,-4.05,-3.08055545445042));
#5570=CARTESIAN_POINT('Ctrl Pts',(2.04706807389197,-4.05,-3.09979596223138));
#5571=CARTESIAN_POINT('',(2.23177690758642,-3.95,-3.033828223603));
#5572=CARTESIAN_POINT('Ctrl Pts',(2.23177690758642,-3.95,-3.033828223603));
#5573=CARTESIAN_POINT('Ctrl Pts',(2.19816255101925,-3.95,-3.0366083070652));
#5574=CARTESIAN_POINT('Ctrl Pts',(2.13074051360148,-3.95,-3.04218446292107));
#5575=CARTESIAN_POINT('Ctrl Pts',(2.07501215183745,-3.95,-3.08055545445042));
#5576=CARTESIAN_POINT('Ctrl Pts',(2.04706807389197,-3.95,-3.09979596223138));
#5577=CARTESIAN_POINT('',(2.23177690758642,-4.05,-3.033828223603));
#5578=CARTESIAN_POINT('Ctrl Pts',(2.41547127022681,-4.05,-3.09979596223138));
#5579=CARTESIAN_POINT('Ctrl Pts',(2.41547127022681,-3.95,-3.09979596223138));
#5580=CARTESIAN_POINT('Ctrl Pts',(2.3877872709085,-4.05,-3.08055541272446));
#5581=CARTESIAN_POINT('Ctrl Pts',(2.3877872709085,-3.95,-3.08055541272446));
#5582=CARTESIAN_POINT('Ctrl Pts',(2.33246435283373,-4.05,-3.04210564497789));
#5583=CARTESIAN_POINT('Ctrl Pts',(2.33246435283373,-3.95,-3.04210564497789));
#5584=CARTESIAN_POINT('Ctrl Pts',(2.26532115184716,-4.05,-3.03658586477431));
#5585=CARTESIAN_POINT('Ctrl Pts',(2.26532115184716,-3.95,-3.03658586477431));
#5586=CARTESIAN_POINT('Ctrl Pts',(2.23177690758642,-4.05,-3.033828223603));
#5587=CARTESIAN_POINT('Ctrl Pts',(2.23177690758642,-3.95,-3.033828223603));
#5588=CARTESIAN_POINT('Ctrl Pts',(2.41547127022681,-4.05,-3.09979596223138));
#5589=CARTESIAN_POINT('Ctrl Pts',(2.3877872709085,-4.05,-3.08055541272446));
#5590=CARTESIAN_POINT('Ctrl Pts',(2.33246435283373,-4.05,-3.04210564497789));
#5591=CARTESIAN_POINT('Ctrl Pts',(2.26532115184716,-4.05,-3.03658586477431));
#5592=CARTESIAN_POINT('Ctrl Pts',(2.23177690758642,-4.05,-3.033828223603));
#5593=CARTESIAN_POINT('Ctrl Pts',(2.41547127022681,-3.95,-3.09979596223138));
#5594=CARTESIAN_POINT('Ctrl Pts',(2.3877872709085,-3.95,-3.08055541272446));
#5595=CARTESIAN_POINT('Ctrl Pts',(2.33246435283373,-3.95,-3.04210564497789));
#5596=CARTESIAN_POINT('Ctrl Pts',(2.26532115184716,-3.95,-3.03658586477431));
#5597=CARTESIAN_POINT('Ctrl Pts',(2.23177690758642,-3.95,-3.033828223603));
#5598=CARTESIAN_POINT('Ctrl Pts',(1.26560647740301,-4.05,-4.07510020818018));
#5599=CARTESIAN_POINT('Ctrl Pts',(1.26560647740301,-3.95,-4.07510020818018));
#5600=CARTESIAN_POINT('Ctrl Pts',(1.26835932786894,-4.05,-3.82844496571998));
#5601=CARTESIAN_POINT('Ctrl Pts',(1.26835932786894,-3.95,-3.82844496571998));
#5602=CARTESIAN_POINT('Ctrl Pts',(1.27313695614148,-4.05,-3.4003697489465));
#5603=CARTESIAN_POINT('Ctrl Pts',(1.27313695614148,-3.95,-3.4003697489465));
#5604=CARTESIAN_POINT('Ctrl Pts',(1.47313386657727,-4.05,-3.02460715893938));
#5605=CARTESIAN_POINT('Ctrl Pts',(1.47313386657727,-3.95,-3.02460715893938));
#5606=CARTESIAN_POINT('Ctrl Pts',(1.55789335026678,-4.05,-2.8653574832847));
#5607=CARTESIAN_POINT('Ctrl Pts',(1.55789335026678,-3.95,-2.8653574832847));
#5608=CARTESIAN_POINT('',(1.26560647740301,-4.05,-4.07510020818018));
#5609=CARTESIAN_POINT('',(1.55789335026678,-4.05,-2.8653574832847));
#5610=CARTESIAN_POINT('Ctrl Pts',(1.26560647740301,-4.05,-4.07510020818018));
#5611=CARTESIAN_POINT('Ctrl Pts',(1.26835932786894,-4.05,-3.82844496571998));
#5612=CARTESIAN_POINT('Ctrl Pts',(1.27313695614148,-4.05,-3.4003697489465));
#5613=CARTESIAN_POINT('Ctrl Pts',(1.47313386657727,-4.05,-3.02460715893938));
#5614=CARTESIAN_POINT('Ctrl Pts',(1.55789335026678,-4.05,-2.8653574832847));
#5615=CARTESIAN_POINT('',(1.55789335026678,-3.95,-2.8653574832847));
#5616=CARTESIAN_POINT('',(1.55789335026678,-4.05,-2.8653574832847));
#5617=CARTESIAN_POINT('',(1.26560647740301,-3.95,-4.07510020818018));
#5618=CARTESIAN_POINT('Ctrl Pts',(1.26560647740301,-3.95,-4.07510020818018));
#5619=CARTESIAN_POINT('Ctrl Pts',(1.26835932786894,-3.95,-3.82844496571998));
#5620=CARTESIAN_POINT('Ctrl Pts',(1.27313695614148,-3.95,-3.4003697489465));
#5621=CARTESIAN_POINT('Ctrl Pts',(1.47313386657727,-3.95,-3.02460715893938));
#5622=CARTESIAN_POINT('Ctrl Pts',(1.55789335026678,-3.95,-2.8653574832847));
#5623=CARTESIAN_POINT('',(1.26560647740301,-4.05,-4.07510020818018));
#5624=CARTESIAN_POINT('Ctrl Pts',(1.53150637402472,-4.05,-5.26556053246759));
#5625=CARTESIAN_POINT('Ctrl Pts',(1.53150637402472,-3.95,-5.26556053246759));
#5626=CARTESIAN_POINT('Ctrl Pts',(1.45456642796471,-4.05,-5.1133602055413));
#5627=CARTESIAN_POINT('Ctrl Pts',(1.45456642796471,-3.95,-5.1133602055413));
#5628=CARTESIAN_POINT('Ctrl Pts',(1.26669165182974,-4.05,-4.74171187703013));
#5629=CARTESIAN_POINT('Ctrl Pts',(1.26669165182974,-3.95,-4.74171187703013));
#5630=CARTESIAN_POINT('Ctrl Pts',(1.26600935481434,-4.05,-4.32258372501831));
#5631=CARTESIAN_POINT('Ctrl Pts',(1.26600935481434,-3.95,-4.32258372501831));
#5632=CARTESIAN_POINT('Ctrl Pts',(1.26560647740301,-4.05,-4.07510020818018));
#5633=CARTESIAN_POINT('Ctrl Pts',(1.26560647740301,-3.95,-4.07510020818018));
#5634=CARTESIAN_POINT('',(1.53150637402472,-4.05,-5.26556053246759));
#5635=CARTESIAN_POINT('Ctrl Pts',(1.53150637402472,-4.05,-5.26556053246759));
#5636=CARTESIAN_POINT('Ctrl Pts',(1.45456642796471,-4.05,-5.1133602055413));
#5637=CARTESIAN_POINT('Ctrl Pts',(1.26669165182974,-4.05,-4.74171187703013));
#5638=CARTESIAN_POINT('Ctrl Pts',(1.26600935481434,-4.05,-4.32258372501831));
#5639=CARTESIAN_POINT('Ctrl Pts',(1.26560647740301,-4.05,-4.07510020818018));
#5640=CARTESIAN_POINT('',(1.53150637402472,-3.95,-5.26556053246759));
#5641=CARTESIAN_POINT('Ctrl Pts',(1.53150637402472,-3.95,-5.26556053246759));
#5642=CARTESIAN_POINT('Ctrl Pts',(1.45456642796471,-3.95,-5.1133602055413));
#5643=CARTESIAN_POINT('Ctrl Pts',(1.26669165182974,-3.95,-4.74171187703013));
#5644=CARTESIAN_POINT('Ctrl Pts',(1.26600935481434,-3.95,-4.32258372501831));
#5645=CARTESIAN_POINT('Ctrl Pts',(1.26560647740301,-3.95,-4.07510020818018));
#5646=CARTESIAN_POINT('',(1.53150637402472,-4.05,-5.26556053246759));
#5647=CARTESIAN_POINT('Ctrl Pts',(2.23177690758642,-4.05,-5.59945740784906));
#5648=CARTESIAN_POINT('Ctrl Pts',(2.23177690758642,-3.95,-5.59945740784906));
#5649=CARTESIAN_POINT('Ctrl Pts',(2.09423479917926,-4.05,-5.58583067879257));
#5650=CARTESIAN_POINT('Ctrl Pts',(2.09423479917926,-3.95,-5.58583067879257));
#5651=CARTESIAN_POINT('Ctrl Pts',(1.82054468788814,-4.05,-5.55871533909629));
#5652=CARTESIAN_POINT('Ctrl Pts',(1.82054468788814,-3.95,-5.55871533909629));
#5653=CARTESIAN_POINT('Ctrl Pts',(1.62752474769076,-4.05,-5.36294640283415));
#5654=CARTESIAN_POINT('Ctrl Pts',(1.62752474769076,-3.95,-5.36294640283415));
#5655=CARTESIAN_POINT('Ctrl Pts',(1.53150637402472,-4.05,-5.26556053246759));
#5656=CARTESIAN_POINT('Ctrl Pts',(1.53150637402472,-3.95,-5.26556053246759));
#5657=CARTESIAN_POINT('',(2.23177690758642,-4.05,-5.59945740784906));
#5658=CARTESIAN_POINT('Ctrl Pts',(2.23177690758642,-4.05,-5.59945740784906));
#5659=CARTESIAN_POINT('Ctrl Pts',(2.09423479917926,-4.05,-5.58583067879257));
#5660=CARTESIAN_POINT('Ctrl Pts',(1.82054468788814,-4.05,-5.55871533909629));
#5661=CARTESIAN_POINT('Ctrl Pts',(1.62752474769076,-4.05,-5.36294640283415));
#5662=CARTESIAN_POINT('Ctrl Pts',(1.53150637402472,-4.05,-5.26556053246759));
#5663=CARTESIAN_POINT('',(2.23177690758642,-3.95,-5.59945740784906));
#5664=CARTESIAN_POINT('Ctrl Pts',(2.23177690758642,-3.95,-5.59945740784906));
#5665=CARTESIAN_POINT('Ctrl Pts',(2.09423479917926,-3.95,-5.58583067879257));
#5666=CARTESIAN_POINT('Ctrl Pts',(1.82054468788814,-3.95,-5.55871533909629));
#5667=CARTESIAN_POINT('Ctrl Pts',(1.62752474769076,-3.95,-5.36294640283415));
#5668=CARTESIAN_POINT('Ctrl Pts',(1.53150637402472,-3.95,-5.26556053246759));
#5669=CARTESIAN_POINT('',(2.23177690758642,-4.05,-5.59945740784906));
#5670=CARTESIAN_POINT('Ctrl Pts',(2.90566046490607,-4.05,-5.29499211396478));
#5671=CARTESIAN_POINT('Ctrl Pts',(2.90566046490607,-3.95,-5.29499211396478));
#5672=CARTESIAN_POINT('Ctrl Pts',(2.81508164033053,-4.05,-5.38377083251863));
#5673=CARTESIAN_POINT('Ctrl Pts',(2.81508164033053,-3.95,-5.38377083251863));
#5674=CARTESIAN_POINT('Ctrl Pts',(2.6281272396298,-4.05,-5.56700982021791));
#5675=CARTESIAN_POINT('Ctrl Pts',(2.6281272396298,-3.95,-5.56700982021791));
#5676=CARTESIAN_POINT('Ctrl Pts',(2.3665967103691,-4.05,-5.58842025962049));
#5677=CARTESIAN_POINT('Ctrl Pts',(2.3665967103691,-3.95,-5.58842025962049));
#5678=CARTESIAN_POINT('Ctrl Pts',(2.23177690758642,-4.05,-5.59945740784906));
#5679=CARTESIAN_POINT('Ctrl Pts',(2.23177690758642,-3.95,-5.59945740784906));
#5680=CARTESIAN_POINT('',(2.90566046490607,-4.05,-5.29499211396478));
#5681=CARTESIAN_POINT('Ctrl Pts',(2.90566046490607,-4.05,-5.29499211396478));
#5682=CARTESIAN_POINT('Ctrl Pts',(2.81508164033053,-4.05,-5.38377083251863));
#5683=CARTESIAN_POINT('Ctrl Pts',(2.6281272396298,-4.05,-5.56700982021791));
#5684=CARTESIAN_POINT('Ctrl Pts',(2.3665967103691,-4.05,-5.58842025962049));
#5685=CARTESIAN_POINT('Ctrl Pts',(2.23177690758642,-4.05,-5.59945740784906));
#5686=CARTESIAN_POINT('',(2.90566046490607,-3.95,-5.29499211396478));
#5687=CARTESIAN_POINT('Ctrl Pts',(2.90566046490607,-3.95,-5.29499211396478));
#5688=CARTESIAN_POINT('Ctrl Pts',(2.81508164033053,-3.95,-5.38377083251863));
#5689=CARTESIAN_POINT('Ctrl Pts',(2.6281272396298,-3.95,-5.56700982021791));
#5690=CARTESIAN_POINT('Ctrl Pts',(2.3665967103691,-3.95,-5.58842025962049));
#5691=CARTESIAN_POINT('Ctrl Pts',(2.23177690758642,-3.95,-5.59945740784906));
#5692=CARTESIAN_POINT('',(2.90566046490607,-4.05,-5.29499211396478));
#5693=CARTESIAN_POINT('Ctrl Pts',(3.19794733776984,-4.05,-4.08118971671365));
#5694=CARTESIAN_POINT('Ctrl Pts',(3.19794733776984,-3.95,-4.08118971671365));
#5695=CARTESIAN_POINT('Ctrl Pts',(3.19528649529479,-4.05,-4.32887065226264));
#5696=CARTESIAN_POINT('Ctrl Pts',(3.19528649529479,-3.95,-4.32887065226264));
#5697=CARTESIAN_POINT('Ctrl Pts',(3.19067330164908,-4.05,-4.75828356518604));
#5698=CARTESIAN_POINT('Ctrl Pts',(3.19067330164908,-3.95,-4.75828356518604));
#5699=CARTESIAN_POINT('Ctrl Pts',(2.99041278341626,-4.05,-5.13539476251547));
#5700=CARTESIAN_POINT('Ctrl Pts',(2.99041278341626,-3.95,-5.13539476251547));
#5701=CARTESIAN_POINT('Ctrl Pts',(2.90566046490607,-4.05,-5.29499211396478));
#5702=CARTESIAN_POINT('Ctrl Pts',(2.90566046490607,-3.95,-5.29499211396478));
#5703=CARTESIAN_POINT('',(3.19794733776984,-4.05,-4.08118971671365));
#5704=CARTESIAN_POINT('Ctrl Pts',(3.19794733776984,-4.05,-4.08118971671365));
#5705=CARTESIAN_POINT('Ctrl Pts',(3.19528649529479,-4.05,-4.32887065226264));
#5706=CARTESIAN_POINT('Ctrl Pts',(3.19067330164908,-4.05,-4.75828356518604));
#5707=CARTESIAN_POINT('Ctrl Pts',(2.99041278341626,-4.05,-5.13539476251547));
#5708=CARTESIAN_POINT('Ctrl Pts',(2.90566046490607,-4.05,-5.29499211396478));
#5709=CARTESIAN_POINT('',(3.19794733776984,-3.95,-4.08118971671365));
#5710=CARTESIAN_POINT('Ctrl Pts',(3.19794733776984,-3.95,-4.08118971671365));
#5711=CARTESIAN_POINT('Ctrl Pts',(3.19528649529479,-3.95,-4.32887065226264));
#5712=CARTESIAN_POINT('Ctrl Pts',(3.19067330164908,-3.95,-4.75828356518604));
#5713=CARTESIAN_POINT('Ctrl Pts',(2.99041278341626,-3.95,-5.13539476251547));
#5714=CARTESIAN_POINT('Ctrl Pts',(2.90566046490607,-3.95,-5.29499211396478));
#5715=CARTESIAN_POINT('',(3.19794733776984,-4.05,-4.08118971671365));
#5716=CARTESIAN_POINT('Ctrl Pts',(2.90769059910712,-4.05,-2.86941685761713));
#5717=CARTESIAN_POINT('Ctrl Pts',(2.90769059910712,-3.95,-2.86941685761713));
#5718=CARTESIAN_POINT('Ctrl Pts',(2.99183627210721,-4.05,-3.02820384017865));
#5719=CARTESIAN_POINT('Ctrl Pts',(2.99183627210721,-3.95,-3.02820384017865));
#5720=CARTESIAN_POINT('Ctrl Pts',(3.19136828529801,-4.05,-3.40473046560542));
#5721=CARTESIAN_POINT('Ctrl Pts',(3.19136828529801,-3.95,-3.40473046560542));
#5722=CARTESIAN_POINT('Ctrl Pts',(3.19553676760619,-4.05,-3.83333449825656));
#5723=CARTESIAN_POINT('Ctrl Pts',(3.19553676760619,-3.95,-3.83333449825656));
#5724=CARTESIAN_POINT('Ctrl Pts',(3.19794733776984,-4.05,-4.08118971671365));
#5725=CARTESIAN_POINT('Ctrl Pts',(3.19794733776984,-3.95,-4.08118971671365));
#5726=CARTESIAN_POINT('',(2.90769059910712,-4.05,-2.86941685761713));
#5727=CARTESIAN_POINT('Ctrl Pts',(2.90769059910712,-4.05,-2.86941685761713));
#5728=CARTESIAN_POINT('Ctrl Pts',(2.99183627210721,-4.05,-3.02820384017865));
#5729=CARTESIAN_POINT('Ctrl Pts',(3.19136828529801,-4.05,-3.40473046560542));
#5730=CARTESIAN_POINT('Ctrl Pts',(3.19553676760619,-4.05,-3.83333449825656));
#5731=CARTESIAN_POINT('Ctrl Pts',(3.19794733776984,-4.05,-4.08118971671365));
#5732=CARTESIAN_POINT('',(2.90769059910712,-3.95,-2.86941685761713));
#5733=CARTESIAN_POINT('Ctrl Pts',(2.90769059910712,-3.95,-2.86941685761713));
#5734=CARTESIAN_POINT('Ctrl Pts',(2.99183627210721,-3.95,-3.02820384017865));
#5735=CARTESIAN_POINT('Ctrl Pts',(3.19136828529801,-3.95,-3.40473046560542));
#5736=CARTESIAN_POINT('Ctrl Pts',(3.19553676760619,-3.95,-3.83333449825656));
#5737=CARTESIAN_POINT('Ctrl Pts',(3.19794733776984,-3.95,-4.08118971671365));
#5738=CARTESIAN_POINT('',(2.90769059910712,-4.05,-2.86941685761713));
#5739=CARTESIAN_POINT('Ctrl Pts',(2.23177690758642,-4.05,-2.5608918913772));
#5740=CARTESIAN_POINT('Ctrl Pts',(2.23177690758642,-3.95,-2.5608918913772));
#5741=CARTESIAN_POINT('Ctrl Pts',(2.3668230222291,-4.05,-2.572260267767));
#5742=CARTESIAN_POINT('Ctrl Pts',(2.3668230222291,-3.95,-2.572260267767));
#5743=CARTESIAN_POINT('Ctrl Pts',(2.62962800277892,-4.05,-2.59438356945479));
#5744=CARTESIAN_POINT('Ctrl Pts',(2.62962800277892,-3.95,-2.59438356945479));
#5745=CARTESIAN_POINT('Ctrl Pts',(2.81673245671797,-4.05,-2.77944964405886));
#5746=CARTESIAN_POINT('Ctrl Pts',(2.81673245671797,-3.95,-2.77944964405886));
#5747=CARTESIAN_POINT('Ctrl Pts',(2.90769059910712,-4.05,-2.86941685761713));
#5748=CARTESIAN_POINT('Ctrl Pts',(2.90769059910712,-3.95,-2.86941685761713));
#5749=CARTESIAN_POINT('',(2.23177690758642,-4.05,-2.5608918913772));
#5750=CARTESIAN_POINT('Ctrl Pts',(2.23177690758642,-4.05,-2.5608918913772));
#5751=CARTESIAN_POINT('Ctrl Pts',(2.3668230222291,-4.05,-2.572260267767));
#5752=CARTESIAN_POINT('Ctrl Pts',(2.62962800277892,-4.05,-2.59438356945479));
#5753=CARTESIAN_POINT('Ctrl Pts',(2.81673245671797,-4.05,-2.77944964405886));
#5754=CARTESIAN_POINT('Ctrl Pts',(2.90769059910712,-4.05,-2.86941685761713));
#5755=CARTESIAN_POINT('',(2.23177690758642,-3.95,-2.5608918913772));
#5756=CARTESIAN_POINT('Ctrl Pts',(2.23177690758642,-3.95,-2.5608918913772));
#5757=CARTESIAN_POINT('Ctrl Pts',(2.3668230222291,-3.95,-2.572260267767));
#5758=CARTESIAN_POINT('Ctrl Pts',(2.62962800277892,-3.95,-2.59438356945479));
#5759=CARTESIAN_POINT('Ctrl Pts',(2.81673245671797,-3.95,-2.77944964405886));
#5760=CARTESIAN_POINT('Ctrl Pts',(2.90769059910712,-3.95,-2.86941685761713));
#5761=CARTESIAN_POINT('',(2.23177690758642,-4.05,-2.5608918913772));
#5762=CARTESIAN_POINT('Ctrl Pts',(1.55789335026678,-4.05,-2.8653574832847));
#5763=CARTESIAN_POINT('Ctrl Pts',(1.55789335026678,-3.95,-2.8653574832847));
#5764=CARTESIAN_POINT('Ctrl Pts',(1.64847196599535,-4.05,-2.7765787162767));
#5765=CARTESIAN_POINT('Ctrl Pts',(1.64847196599535,-3.95,-2.7765787162767));
#5766=CARTESIAN_POINT('Ctrl Pts',(1.83542618466342,-4.05,-2.5933393844897));
#5767=CARTESIAN_POINT('Ctrl Pts',(1.83542618466342,-3.95,-2.5933393844897));
#5768=CARTESIAN_POINT('Ctrl Pts',(2.09695686047497,-4.05,-2.57192901657231));
#5769=CARTESIAN_POINT('Ctrl Pts',(2.09695686047497,-3.95,-2.57192901657231));
#5770=CARTESIAN_POINT('Ctrl Pts',(2.23177690758642,-4.05,-2.5608918913772));
#5771=CARTESIAN_POINT('Ctrl Pts',(2.23177690758642,-3.95,-2.5608918913772));
#5772=CARTESIAN_POINT('Ctrl Pts',(1.55789335026678,-4.05,-2.8653574832847));
#5773=CARTESIAN_POINT('Ctrl Pts',(1.64847196599535,-4.05,-2.7765787162767));
#5774=CARTESIAN_POINT('Ctrl Pts',(1.83542618466342,-4.05,-2.5933393844897));
#5775=CARTESIAN_POINT('Ctrl Pts',(2.09695686047497,-4.05,-2.57192901657231));
#5776=CARTESIAN_POINT('Ctrl Pts',(2.23177690758642,-4.05,-2.5608918913772));
#5777=CARTESIAN_POINT('Ctrl Pts',(1.55789335026678,-3.95,-2.8653574832847));
#5778=CARTESIAN_POINT('Ctrl Pts',(1.64847196599535,-3.95,-2.7765787162767));
#5779=CARTESIAN_POINT('Ctrl Pts',(1.83542618466342,-3.95,-2.5933393844897));
#5780=CARTESIAN_POINT('Ctrl Pts',(2.09695686047497,-3.95,-2.57192901657231));
#5781=CARTESIAN_POINT('Ctrl Pts',(2.23177690758642,-3.95,-2.5608918913772));
#5782=CARTESIAN_POINT('Origin',(-1.67045573935571,-4.05,-4.08017464961313));
#5783=CARTESIAN_POINT('Origin',(-1.55197207945482,-3.95,-4.05));
#5784=CARTESIAN_POINT('',(-6.75197207945482,-3.95,-1.4));
#5785=CARTESIAN_POINT('',(3.64802792054518,-3.95,-1.4));
#5786=CARTESIAN_POINT('',(-6.75197207945482,-3.95,-1.4));
#5787=CARTESIAN_POINT('',(-6.75197207945482,-3.95,-6.7));
#5788=CARTESIAN_POINT('',(-6.75197207945482,-3.95,-6.7));
#5789=CARTESIAN_POINT('',(3.64802792054518,-3.95,-6.7));
#5790=CARTESIAN_POINT('',(3.64802792054518,-3.95,-6.7));
#5791=CARTESIAN_POINT('',(3.64802792054518,-3.95,-1.4));
#5792=CARTESIAN_POINT('',(0.0416560913556507,-3.95,-2.5608918913772));
#5793=CARTESIAN_POINT('',(0.602887466096251,-3.95,-2.75067546452783));
#5794=CARTESIAN_POINT('Ctrl Pts',(0.0416560913556507,-3.95,-2.5608918913772));
#5795=CARTESIAN_POINT('Ctrl Pts',(0.14813429938627,-3.95,-2.56743258445148));
#5796=CARTESIAN_POINT('Ctrl Pts',(0.352775215176555,-3.95,-2.58000316997673));
#5797=CARTESIAN_POINT('Ctrl Pts',(0.521806217773302,-3.95,-2.69534701641919));
#5798=CARTESIAN_POINT('Ctrl Pts',(0.602887466096251,-3.95,-2.75067546452783));
#5799=CARTESIAN_POINT('',(0.886039927148192,-3.95,-3.30175810541414));
#5800=CARTESIAN_POINT('Ctrl Pts',(0.602887466096251,-3.95,-2.75067546452783));
#5801=CARTESIAN_POINT('Ctrl Pts',(0.670755144742079,-3.95,-2.82441382581397));
#5802=CARTESIAN_POINT('Ctrl Pts',(0.815403083799503,-3.95,-2.98157408534153));
#5803=CARTESIAN_POINT('Ctrl Pts',(0.861546591430469,-3.95,-3.19073424982683));
#5804=CARTESIAN_POINT('Ctrl Pts',(0.886039927148192,-3.95,-3.30175810541414));
#5805=CARTESIAN_POINT('',(0.33394296421942,-3.95,-3.36265125359796));
#5806=CARTESIAN_POINT('',(-0.359082774920253,-3.95,-3.43908804253585));
#5807=CARTESIAN_POINT('',(0.228394463204711,-3.95,-3.1109597631862));
#5808=CARTESIAN_POINT('Ctrl Pts',(0.33394296421942,-3.95,-3.36265125359796));
#5809=CARTESIAN_POINT('Ctrl Pts',(0.326182330717056,-3.95,-3.3113142843282));
#5810=CARTESIAN_POINT('Ctrl Pts',(0.312094973790541,-3.95,-3.21812573091843));
#5811=CARTESIAN_POINT('Ctrl Pts',(0.254334891176012,-3.95,-3.14417259602887));
#5812=CARTESIAN_POINT('Ctrl Pts',(0.228394463204711,-3.95,-3.1109597631862));
#5813=CARTESIAN_POINT('',(0.0071497704022816,-3.95,-3.02976884927057));
#5814=CARTESIAN_POINT('Ctrl Pts',(0.228394463204711,-3.95,-3.1109597631862));
#5815=CARTESIAN_POINT('Ctrl Pts',(0.197017279686749,-3.95,-3.08728957651835));
#5816=CARTESIAN_POINT('Ctrl Pts',(0.131638913769745,-3.95,-3.03796972203209));
#5817=CARTESIAN_POINT('Ctrl Pts',(0.0497418141583728,-3.95,-3.03257465162448));
#5818=CARTESIAN_POINT('Ctrl Pts',(0.0071497704022816,-3.95,-3.02976884927057));
#5819=CARTESIAN_POINT('',(-0.298330590582521,-3.95,-3.19215052809023));
#5820=CARTESIAN_POINT('Ctrl Pts',(0.0071497704022816,-3.95,-3.02976884927057));
#5821=CARTESIAN_POINT('Ctrl Pts',(-0.0514447112601701,-3.95,-3.03747547201768));
#5822=CARTESIAN_POINT('Ctrl Pts',(-0.17309963998922,-3.95,-3.05347610235762));
#5823=CARTESIAN_POINT('Ctrl Pts',(-0.255577681156479,-3.95,-3.1448081168495));
#5824=CARTESIAN_POINT('Ctrl Pts',(-0.298330590582521,-3.95,-3.19215052809023));
#5825=CARTESIAN_POINT('',(-0.455637976980836,-3.95,-3.8680640705993));
#5826=CARTESIAN_POINT('Ctrl Pts',(-0.298330590582521,-3.95,-3.19215052809023));
#5827=CARTESIAN_POINT('Ctrl Pts',(-0.336542978522115,-3.95,-3.27440590857897));
#5828=CARTESIAN_POINT('Ctrl Pts',(-0.435505818479726,-3.95,-3.48743174899039));
#5829=CARTESIAN_POINT('Ctrl Pts',(-0.447980269135033,-3.95,-3.72328222242391));
#5830=CARTESIAN_POINT('Ctrl Pts',(-0.455637976980836,-3.95,-3.8680640705993));
#5831=CARTESIAN_POINT('',(0.0741322781079701,-3.95,-3.61637243117593));
#5832=CARTESIAN_POINT('Ctrl Pts',(-0.455637976980836,-3.95,-3.8680640705993));
#5833=CARTESIAN_POINT('Ctrl Pts',(-0.380915533846654,-3.95,-3.79465689485918));
#5834=CARTESIAN_POINT('Ctrl Pts',(-0.233204226248234,-3.95,-3.6495456075287));
#5835=CARTESIAN_POINT('Ctrl Pts',(-0.0275085237623562,-3.95,-3.6273432992547));
#5836=CARTESIAN_POINT('Ctrl Pts',(0.0741322781079701,-3.95,-3.61637243117593));
#5837=CARTESIAN_POINT('',(0.686107471131652,-3.95,-3.88836153830789));
#5838=CARTESIAN_POINT('Ctrl Pts',(0.0741322781079701,-3.95,-3.61637243117593));
#5839=CARTESIAN_POINT('Ctrl Pts',(0.189436118601851,-3.95,-3.62823872701081));
#5840=CARTESIAN_POINT('Ctrl Pts',(0.422839914375757,-3.95,-3.65225907601023));
#5841=CARTESIAN_POINT('Ctrl Pts',(0.597653545430068,-3.95,-3.8090346743548));
#5842=CARTESIAN_POINT('Ctrl Pts',(0.686107471131652,-3.95,-3.88836153830789));
#5843=CARTESIAN_POINT('',(0.940844013833373,-3.95,-4.59066190804742));
#5844=CARTESIAN_POINT('Ctrl Pts',(0.686107471131652,-3.95,-3.88836153830789));
#5845=CARTESIAN_POINT('Ctrl Pts',(0.760373148771895,-3.95,-3.98828573391682));
#5846=CARTESIAN_POINT('Ctrl Pts',(0.915082707846135,-3.95,-4.19644687557357));
#5847=CARTESIAN_POINT('Ctrl Pts',(0.932031302269626,-3.95,-4.45580448362154));
#5848=CARTESIAN_POINT('Ctrl Pts',(0.940844013833373,-3.95,-4.59066190804742));
#5849=CARTESIAN_POINT('',(0.672914579057067,-3.95,-5.32340892638467));
#5850=CARTESIAN_POINT('Ctrl Pts',(0.940844013833373,-3.95,-4.59066190804742));
#5851=CARTESIAN_POINT('Ctrl Pts',(0.931976894774624,-3.95,-4.73290999330311));
#5852=CARTESIAN_POINT('Ctrl Pts',(0.915052137168541,-3.95,-5.00442031665971));
#5853=CARTESIAN_POINT('Ctrl Pts',(0.751011848430875,-3.95,-5.22052468333223));
#5854=CARTESIAN_POINT('Ctrl Pts',(0.672914579057067,-3.95,-5.32340892638467));
#5855=CARTESIAN_POINT('',(-0.015177533484132,-3.95,-5.59945740784906));
#5856=CARTESIAN_POINT('Ctrl Pts',(0.672914579057067,-3.95,-5.32340892638467));
#5857=CARTESIAN_POINT('Ctrl Pts',(0.575597482276382,-3.95,-5.40390923230516));
#5858=CARTESIAN_POINT('Ctrl Pts',(0.376001501076428,-3.95,-5.56901421466303));
#5859=CARTESIAN_POINT('Ctrl Pts',(0.117358692017754,-3.95,-5.58914288288574));
#5860=CARTESIAN_POINT('Ctrl Pts',(-0.015177533484132,-3.95,-5.59945740784906));
#5861=CARTESIAN_POINT('',(-0.756043598509462,-3.95,-5.24932214106821));
#5862=CARTESIAN_POINT('Ctrl Pts',(-0.015177533484132,-3.95,-5.59945740784906));
#5863=CARTESIAN_POINT('Ctrl Pts',(-0.158828220506833,-3.95,-5.58471281170136));
#5864=CARTESIAN_POINT('Ctrl Pts',(-0.446900747031885,-3.95,-5.55514446676062));
#5865=CARTESIAN_POINT('Ctrl Pts',(-0.65281224386896,-3.95,-5.35144468024271));
#5866=CARTESIAN_POINT('Ctrl Pts',(-0.756043598509462,-3.95,-5.24932214106821));
#5867=CARTESIAN_POINT('',(-1.04630093321863,-3.95,-4.10148748244547));
#5868=CARTESIAN_POINT('Ctrl Pts',(-0.756043598509462,-3.95,-5.24932214106821));
#5869=CARTESIAN_POINT('Ctrl Pts',(-0.840234375696777,-3.95,-5.09856702333966));
#5870=CARTESIAN_POINT('Ctrl Pts',(-1.0381047106411,-3.95,-4.744253087347));
#5871=CARTESIAN_POINT('Ctrl Pts',(-1.04331026308932,-3.95,-4.33602234000252));
#5872=CARTESIAN_POINT('Ctrl Pts',(-1.04630093321863,-3.95,-4.10148748244547));
#5873=CARTESIAN_POINT('',(-0.743865177488954,-3.95,-2.92219110812448));
#5874=CARTESIAN_POINT('Ctrl Pts',(-1.04630093321863,-3.95,-4.10148748244547));
#5875=CARTESIAN_POINT('Ctrl Pts',(-1.04299687107384,-3.95,-3.86067587023651));
#5876=CARTESIAN_POINT('Ctrl Pts',(-1.03723388641864,-3.95,-3.44064938007359));
#5877=CARTESIAN_POINT('Ctrl Pts',(-0.83160284074736,-3.95,-3.07724621759326));
#5878=CARTESIAN_POINT('Ctrl Pts',(-0.743865177488954,-3.95,-2.92219110812448));
#5879=CARTESIAN_POINT('Ctrl Pts',(-0.743865177488954,-3.95,-2.92219110812448));
#5880=CARTESIAN_POINT('Ctrl Pts',(-0.634953249912946,-3.95,-2.81681368657079));
#5881=CARTESIAN_POINT('Ctrl Pts',(-0.415547586108422,-3.95,-2.60452836906173));
#5882=CARTESIAN_POINT('Ctrl Pts',(-0.111475871101276,-3.95,-2.57550712697548));
#5883=CARTESIAN_POINT('Ctrl Pts',(0.0416560913556507,-3.95,-2.5608918913772));
#5884=CARTESIAN_POINT('',(-2.19109158263269,-3.95,-3.07645344223283));
#5885=CARTESIAN_POINT('',(-2.19109158263269,-3.95,-5.54871329154276));
#5886=CARTESIAN_POINT('',(-2.19109158263269,-3.95,-3.56322672111642));
#5887=CARTESIAN_POINT('',(-2.79190371975961,-3.95,-5.54871329154276));
#5888=CARTESIAN_POINT('',(-1.87153183104376,-3.95,-5.54871329154276));
#5889=CARTESIAN_POINT('',(-2.79190371975961,-3.95,-3.07645344223283));
#5890=CARTESIAN_POINT('',(-2.79190371975961,-3.95,-4.79935664577138));
#5891=CARTESIAN_POINT('',(-3.67485354886118,-3.95,-3.07645344223283));
#5892=CARTESIAN_POINT('',(-2.17193789960722,-3.95,-3.07645344223283));
#5893=CARTESIAN_POINT('',(-3.67485354886118,-3.95,-2.57307061042093));
#5894=CARTESIAN_POINT('',(-3.67485354886118,-3.95,-3.56322672111642));
#5895=CARTESIAN_POINT('',(-1.31017129168573,-3.95,-2.57307061042093));
#5896=CARTESIAN_POINT('',(-2.613412814158,-3.95,-2.57307061042093));
#5897=CARTESIAN_POINT('',(-1.31017129168573,-3.95,-3.07645344223283));
#5898=CARTESIAN_POINT('',(-1.31017129168573,-3.95,-3.31153530521046));
#5899=CARTESIAN_POINT('',(-1.43107168557027,-3.95,-3.07645344223283));
#5900=CARTESIAN_POINT('Ctrl Pts',(-0.015177533484132,-4.05,-4.0365348109176));
#5901=CARTESIAN_POINT('Ctrl Pts',(-0.015177533484132,-3.95,-4.0365348109176));
#5902=CARTESIAN_POINT('Ctrl Pts',(-0.068100376001885,-4.05,-4.04217233701253));
#5903=CARTESIAN_POINT('Ctrl Pts',(-0.068100376001885,-3.95,-4.04217233701253));
#5904=CARTESIAN_POINT('Ctrl Pts',(-0.175304506187989,-4.05,-4.05359209552618));
#5905=CARTESIAN_POINT('Ctrl Pts',(-0.175304506187989,-3.95,-4.05359209552618));
#5906=CARTESIAN_POINT('Ctrl Pts',(-0.25360838900938,-4.05,-4.12783383650016));
#5907=CARTESIAN_POINT('Ctrl Pts',(-0.25360838900938,-3.95,-4.12783383650016));
#5908=CARTESIAN_POINT('Ctrl Pts',(-0.293256447172792,-4.05,-4.1654250868728));
#5909=CARTESIAN_POINT('Ctrl Pts',(-0.293256447172792,-3.95,-4.1654250868728));
#5910=CARTESIAN_POINT('',(-0.015177533484132,-4.05,-4.0365348109176));
#5911=CARTESIAN_POINT('',(-0.293256447172792,-4.05,-4.1654250868728));
#5912=CARTESIAN_POINT('Ctrl Pts',(-0.015177533484132,-4.05,-4.0365348109176));
#5913=CARTESIAN_POINT('Ctrl Pts',(-0.068100376001885,-4.05,-4.04217233701253));
#5914=CARTESIAN_POINT('Ctrl Pts',(-0.175304506187989,-4.05,-4.05359209552618));
#5915=CARTESIAN_POINT('Ctrl Pts',(-0.25360838900938,-4.05,-4.12783383650016));
#5916=CARTESIAN_POINT('Ctrl Pts',(-0.293256447172792,-4.05,-4.1654250868728));
#5917=CARTESIAN_POINT('',(-0.293256447172792,-3.95,-4.1654250868728));
#5918=CARTESIAN_POINT('',(-0.293256447172792,-4.05,-4.1654250868728));
#5919=CARTESIAN_POINT('',(-0.015177533484132,-3.95,-4.0365348109176));
#5920=CARTESIAN_POINT('Ctrl Pts',(-0.015177533484132,-3.95,-4.0365348109176));
#5921=CARTESIAN_POINT('Ctrl Pts',(-0.068100376001885,-3.95,-4.04217233701253));
#5922=CARTESIAN_POINT('Ctrl Pts',(-0.175304506187989,-3.95,-4.05359209552618));
#5923=CARTESIAN_POINT('Ctrl Pts',(-0.25360838900938,-3.95,-4.12783383650016));
#5924=CARTESIAN_POINT('Ctrl Pts',(-0.293256447172792,-3.95,-4.1654250868728));
#5925=CARTESIAN_POINT('',(-0.015177533484132,-4.05,-4.0365348109176));
#5926=CARTESIAN_POINT('Ctrl Pts',(0.268989994668334,-4.05,-4.17151429738306));
#5927=CARTESIAN_POINT('Ctrl Pts',(0.268989994668334,-3.95,-4.17151429738306));
#5928=CARTESIAN_POINT('Ctrl Pts',(0.229019781492346,-4.05,-4.13214639842279));
#5929=CARTESIAN_POINT('Ctrl Pts',(0.229019781492346,-3.95,-4.13214639842279));
#5930=CARTESIAN_POINT('Ctrl Pts',(0.149864550989217,-4.05,-4.05418396417448));
#5931=CARTESIAN_POINT('Ctrl Pts',(0.149864550989217,-3.95,-4.05418396417448));
#5932=CARTESIAN_POINT('Ctrl Pts',(0.0394714727362289,-4.05,-4.04237882754643));
#5933=CARTESIAN_POINT('Ctrl Pts',(0.0394714727362289,-3.95,-4.04237882754643));
#5934=CARTESIAN_POINT('Ctrl Pts',(-0.015177533484132,-4.05,-4.0365348109176));
#5935=CARTESIAN_POINT('Ctrl Pts',(-0.015177533484132,-3.95,-4.0365348109176));
#5936=CARTESIAN_POINT('',(0.268989994668334,-4.05,-4.17151429738306));
#5937=CARTESIAN_POINT('Ctrl Pts',(0.268989994668334,-4.05,-4.17151429738306));
#5938=CARTESIAN_POINT('Ctrl Pts',(0.229019781492346,-4.05,-4.13214639842279));
#5939=CARTESIAN_POINT('Ctrl Pts',(0.149864550989217,-4.05,-4.05418396417448));
#5940=CARTESIAN_POINT('Ctrl Pts',(0.0394714727362289,-4.05,-4.04237882754643));
#5941=CARTESIAN_POINT('Ctrl Pts',(-0.015177533484132,-4.05,-4.0365348109176));
#5942=CARTESIAN_POINT('',(0.268989994668334,-3.95,-4.17151429738306));
#5943=CARTESIAN_POINT('Ctrl Pts',(0.268989994668334,-3.95,-4.17151429738306));
#5944=CARTESIAN_POINT('Ctrl Pts',(0.229019781492346,-3.95,-4.13214639842279));
#5945=CARTESIAN_POINT('Ctrl Pts',(0.149864550989217,-3.95,-4.05418396417448));
#5946=CARTESIAN_POINT('Ctrl Pts',(0.0394714727362289,-3.95,-4.04237882754643));
#5947=CARTESIAN_POINT('Ctrl Pts',(-0.015177533484132,-3.95,-4.0365348109176));
#5948=CARTESIAN_POINT('',(0.268989994668334,-4.05,-4.17151429738306));
#5949=CARTESIAN_POINT('Ctrl Pts',(0.382657244347899,-4.05,-4.59675111855768));
#5950=CARTESIAN_POINT('Ctrl Pts',(0.382657244347899,-3.95,-4.59675111855768));
#5951=CARTESIAN_POINT('Ctrl Pts',(0.381024214975357,-4.05,-4.5106480619226));
#5952=CARTESIAN_POINT('Ctrl Pts',(0.381024214975357,-3.95,-4.5106480619226));
#5953=CARTESIAN_POINT('Ctrl Pts',(0.378141868638007,-4.05,-4.35867355729971));
#5954=CARTESIAN_POINT('Ctrl Pts',(0.378141868638007,-3.95,-4.35867355729971));
#5955=CARTESIAN_POINT('Ctrl Pts',(0.301994931885664,-4.05,-4.22810681749781));
#5956=CARTESIAN_POINT('Ctrl Pts',(0.301994931885664,-3.95,-4.22810681749781));
#5957=CARTESIAN_POINT('Ctrl Pts',(0.268989994668334,-4.05,-4.17151429738306));
#5958=CARTESIAN_POINT('Ctrl Pts',(0.268989994668334,-3.95,-4.17151429738306));
#5959=CARTESIAN_POINT('',(0.382657244347899,-4.05,-4.59675111855768));
#5960=CARTESIAN_POINT('Ctrl Pts',(0.382657244347899,-4.05,-4.59675111855768));
#5961=CARTESIAN_POINT('Ctrl Pts',(0.381024214975357,-4.05,-4.5106480619226));
#5962=CARTESIAN_POINT('Ctrl Pts',(0.378141868638007,-4.05,-4.35867355729971));
#5963=CARTESIAN_POINT('Ctrl Pts',(0.301994931885664,-4.05,-4.22810681749781));
#5964=CARTESIAN_POINT('Ctrl Pts',(0.268989994668334,-4.05,-4.17151429738306));
#5965=CARTESIAN_POINT('',(0.382657244347899,-3.95,-4.59675111855768));
#5966=CARTESIAN_POINT('Ctrl Pts',(0.382657244347899,-3.95,-4.59675111855768));
#5967=CARTESIAN_POINT('Ctrl Pts',(0.381024214975357,-3.95,-4.5106480619226));
#5968=CARTESIAN_POINT('Ctrl Pts',(0.378141868638007,-3.95,-4.35867355729971));
#5969=CARTESIAN_POINT('Ctrl Pts',(0.301994931885664,-3.95,-4.22810681749781));
#5970=CARTESIAN_POINT('Ctrl Pts',(0.268989994668334,-3.95,-4.17151429738306));
#5971=CARTESIAN_POINT('',(0.382657244347899,-4.05,-4.59675111855768));
#5972=CARTESIAN_POINT('Ctrl Pts',(0.27710874333319,-4.05,-5.00270524110101));
#5973=CARTESIAN_POINT('Ctrl Pts',(0.27710874333319,-3.95,-5.00270524110101));
#5974=CARTESIAN_POINT('Ctrl Pts',(0.307728453671735,-4.05,-4.94945572770864));
#5975=CARTESIAN_POINT('Ctrl Pts',(0.307728453671735,-3.95,-4.94945572770864));
#5976=CARTESIAN_POINT('Ctrl Pts',(0.379495791763313,-4.05,-4.82464802088877));
#5977=CARTESIAN_POINT('Ctrl Pts',(0.379495791763313,-3.95,-4.82464802088877));
#5978=CARTESIAN_POINT('Ctrl Pts',(0.381505171430582,-4.05,-4.67979960405334));
#5979=CARTESIAN_POINT('Ctrl Pts',(0.381505171430582,-3.95,-4.67979960405334));
#5980=CARTESIAN_POINT('Ctrl Pts',(0.382657244347899,-4.05,-4.59675111855768));
#5981=CARTESIAN_POINT('Ctrl Pts',(0.382657244347899,-3.95,-4.59675111855768));
#5982=CARTESIAN_POINT('',(0.27710874333319,-4.05,-5.00270524110101));
#5983=CARTESIAN_POINT('Ctrl Pts',(0.27710874333319,-4.05,-5.00270524110101));
#5984=CARTESIAN_POINT('Ctrl Pts',(0.307728453671735,-4.05,-4.94945572770864));
#5985=CARTESIAN_POINT('Ctrl Pts',(0.379495791763313,-4.05,-4.82464802088877));
#5986=CARTESIAN_POINT('Ctrl Pts',(0.381505171430582,-4.05,-4.67979960405334));
#5987=CARTESIAN_POINT('Ctrl Pts',(0.382657244347899,-4.05,-4.59675111855768));
#5988=CARTESIAN_POINT('',(0.27710874333319,-3.95,-5.00270524110101));
#5989=CARTESIAN_POINT('Ctrl Pts',(0.27710874333319,-3.95,-5.00270524110101));
#5990=CARTESIAN_POINT('Ctrl Pts',(0.307728453671735,-3.95,-4.94945572770864));
#5991=CARTESIAN_POINT('Ctrl Pts',(0.379495791763313,-3.95,-4.82464802088877));
#5992=CARTESIAN_POINT('Ctrl Pts',(0.381505171430582,-3.95,-4.67979960405334));
#5993=CARTESIAN_POINT('Ctrl Pts',(0.382657244347899,-3.95,-4.59675111855768));
#5994=CARTESIAN_POINT('',(0.27710874333319,-4.05,-5.00270524110101));
#5995=CARTESIAN_POINT('Ctrl Pts',(0.0132389809125355,-4.05,-5.12652107562326));
#5996=CARTESIAN_POINT('Ctrl Pts',(0.0132389809125355,-3.95,-5.12652107562326));
#5997=CARTESIAN_POINT('Ctrl Pts',(0.0639496996195699,-4.05,-5.12120200897336));
#5998=CARTESIAN_POINT('Ctrl Pts',(0.0639496996195699,-3.95,-5.12120200897336));
#5999=CARTESIAN_POINT('Ctrl Pts',(0.166173649940728,-4.05,-5.11047969978829));
#6000=CARTESIAN_POINT('Ctrl Pts',(0.166173649940728,-3.95,-5.11047969978829));
#6001=CARTESIAN_POINT('Ctrl Pts',(0.239937350647808,-4.05,-5.03881758934727));
#6002=CARTESIAN_POINT('Ctrl Pts',(0.239937350647808,-3.95,-5.03881758934727));
#6003=CARTESIAN_POINT('Ctrl Pts',(0.27710874333319,-4.05,-5.00270524110101));
#6004=CARTESIAN_POINT('Ctrl Pts',(0.27710874333319,-3.95,-5.00270524110101));
#6005=CARTESIAN_POINT('',(0.0132389809125355,-4.05,-5.12652107562326));
#6006=CARTESIAN_POINT('Ctrl Pts',(0.0132389809125355,-4.05,-5.12652107562326));
#6007=CARTESIAN_POINT('Ctrl Pts',(0.0639496996195699,-4.05,-5.12120200897336));
#6008=CARTESIAN_POINT('Ctrl Pts',(0.166173649940728,-4.05,-5.11047969978829));
#6009=CARTESIAN_POINT('Ctrl Pts',(0.239937350647808,-4.05,-5.03881758934727));
#6010=CARTESIAN_POINT('Ctrl Pts',(0.27710874333319,-4.05,-5.00270524110101));
#6011=CARTESIAN_POINT('',(0.0132389809125355,-3.95,-5.12652107562326));
#6012=CARTESIAN_POINT('Ctrl Pts',(0.0132389809125355,-3.95,-5.12652107562326));
#6013=CARTESIAN_POINT('Ctrl Pts',(0.0639496996195699,-3.95,-5.12120200897336));
#6014=CARTESIAN_POINT('Ctrl Pts',(0.166173649940728,-3.95,-5.11047969978829));
#6015=CARTESIAN_POINT('Ctrl Pts',(0.239937350647808,-3.95,-5.03881758934727));
#6016=CARTESIAN_POINT('Ctrl Pts',(0.27710874333319,-3.95,-5.00270524110101));
#6017=CARTESIAN_POINT('',(0.0132389809125355,-4.05,-5.12652107562326));
#6018=CARTESIAN_POINT('Ctrl Pts',(-0.279047891951234,-4.05,-4.97530319775842));
#6019=CARTESIAN_POINT('Ctrl Pts',(-0.279047891951234,-3.95,-4.97530319775842));
#6020=CARTESIAN_POINT('Ctrl Pts',(-0.236521016106478,-4.05,-5.01937034607884));
#6021=CARTESIAN_POINT('Ctrl Pts',(-0.236521016106478,-3.95,-5.01937034607884));
#6022=CARTESIAN_POINT('Ctrl Pts',(-0.155782372393041,-4.05,-5.10303324670426));
#6023=CARTESIAN_POINT('Ctrl Pts',(-0.155782372393041,-3.95,-5.10303324670426));
#6024=CARTESIAN_POINT('Ctrl Pts',(-0.0410576342185864,-4.05,-5.11897581828069));
#6025=CARTESIAN_POINT('Ctrl Pts',(-0.0410576342185864,-3.95,-5.11897581828069));
#6026=CARTESIAN_POINT('Ctrl Pts',(0.0132389809125355,-4.05,-5.12652107562326));
#6027=CARTESIAN_POINT('Ctrl Pts',(0.0132389809125355,-3.95,-5.12652107562326));
#6028=CARTESIAN_POINT('',(-0.279047891951234,-4.05,-4.97530319775842));
#6029=CARTESIAN_POINT('Ctrl Pts',(-0.279047891951234,-4.05,-4.97530319775842));
#6030=CARTESIAN_POINT('Ctrl Pts',(-0.236521016106478,-4.05,-5.01937034607884));
#6031=CARTESIAN_POINT('Ctrl Pts',(-0.155782372393041,-4.05,-5.10303324670426));
#6032=CARTESIAN_POINT('Ctrl Pts',(-0.0410576342185864,-4.05,-5.11897581828069));
#6033=CARTESIAN_POINT('Ctrl Pts',(0.0132389809125355,-4.05,-5.12652107562326));
#6034=CARTESIAN_POINT('',(-0.279047891951234,-3.95,-4.97530319775842));
#6035=CARTESIAN_POINT('Ctrl Pts',(-0.279047891951234,-3.95,-4.97530319775842));
#6036=CARTESIAN_POINT('Ctrl Pts',(-0.236521016106478,-3.95,-5.01937034607884));
#6037=CARTESIAN_POINT('Ctrl Pts',(-0.155782372393041,-3.95,-5.10303324670426));
#6038=CARTESIAN_POINT('Ctrl Pts',(-0.0410576342185864,-3.95,-5.11897581828069));
#6039=CARTESIAN_POINT('Ctrl Pts',(0.0132389809125355,-3.95,-5.12652107562326));
#6040=CARTESIAN_POINT('',(-0.279047891951234,-4.05,-4.97530319775842));
#6041=CARTESIAN_POINT('Ctrl Pts',(-0.406923696852357,-4.05,-4.54600700225137));
#6042=CARTESIAN_POINT('Ctrl Pts',(-0.406923696852357,-3.95,-4.54600700225137));
#6043=CARTESIAN_POINT('Ctrl Pts',(-0.403855673725596,-4.05,-4.63052517646731));
#6044=CARTESIAN_POINT('Ctrl Pts',(-0.403855673725596,-3.95,-4.63052517646731));
#6045=CARTESIAN_POINT('Ctrl Pts',(-0.398236834743704,-4.05,-4.78531345293779));
#6046=CARTESIAN_POINT('Ctrl Pts',(-0.398236834743704,-3.95,-4.78531345293779));
#6047=CARTESIAN_POINT('Ctrl Pts',(-0.316262321580938,-4.05,-4.91598259449321));
#6048=CARTESIAN_POINT('Ctrl Pts',(-0.316262321580938,-3.95,-4.91598259449321));
#6049=CARTESIAN_POINT('Ctrl Pts',(-0.279047891951234,-4.05,-4.97530319775842));
#6050=CARTESIAN_POINT('Ctrl Pts',(-0.279047891951234,-3.95,-4.97530319775842));
#6051=CARTESIAN_POINT('',(-0.406923696852357,-4.05,-4.54600700225137));
#6052=CARTESIAN_POINT('Ctrl Pts',(-0.406923696852357,-4.05,-4.54600700225137));
#6053=CARTESIAN_POINT('Ctrl Pts',(-0.403855673725596,-4.05,-4.63052517646731));
#6054=CARTESIAN_POINT('Ctrl Pts',(-0.398236834743704,-4.05,-4.78531345293779));
#6055=CARTESIAN_POINT('Ctrl Pts',(-0.316262321580938,-4.05,-4.91598259449321));
#6056=CARTESIAN_POINT('Ctrl Pts',(-0.279047891951234,-4.05,-4.97530319775842));
#6057=CARTESIAN_POINT('',(-0.406923696852357,-3.95,-4.54600700225137));
#6058=CARTESIAN_POINT('Ctrl Pts',(-0.406923696852357,-3.95,-4.54600700225137));
#6059=CARTESIAN_POINT('Ctrl Pts',(-0.403855673725596,-3.95,-4.63052517646731));
#6060=CARTESIAN_POINT('Ctrl Pts',(-0.398236834743704,-3.95,-4.78531345293779));
#6061=CARTESIAN_POINT('Ctrl Pts',(-0.316262321580938,-3.95,-4.91598259449321));
#6062=CARTESIAN_POINT('Ctrl Pts',(-0.279047891951234,-3.95,-4.97530319775842));
#6063=CARTESIAN_POINT('',(-0.406923696852357,-4.05,-4.54600700225137));
#6064=CARTESIAN_POINT('Ctrl Pts',(-0.293256447172792,-4.05,-4.1654250868728));
#6065=CARTESIAN_POINT('Ctrl Pts',(-0.293256447172792,-3.95,-4.1654250868728));
#6066=CARTESIAN_POINT('Ctrl Pts',(-0.326316925330498,-4.05,-4.21713833855045));
#6067=CARTESIAN_POINT('Ctrl Pts',(-0.326316925330498,-3.95,-4.21713833855045));
#6068=CARTESIAN_POINT('Ctrl Pts',(-0.400089814393021,-4.05,-4.33253400708493));
#6069=CARTESIAN_POINT('Ctrl Pts',(-0.400089814393021,-3.95,-4.33253400708493));
#6070=CARTESIAN_POINT('Ctrl Pts',(-0.404493482398283,-4.05,-4.47009332338799));
#6071=CARTESIAN_POINT('Ctrl Pts',(-0.404493482398283,-3.95,-4.47009332338799));
#6072=CARTESIAN_POINT('Ctrl Pts',(-0.406923696852357,-4.05,-4.54600700225137));
#6073=CARTESIAN_POINT('Ctrl Pts',(-0.406923696852357,-3.95,-4.54600700225137));
#6074=CARTESIAN_POINT('Ctrl Pts',(-0.293256447172792,-4.05,-4.1654250868728));
#6075=CARTESIAN_POINT('Ctrl Pts',(-0.326316925330498,-4.05,-4.21713833855045));
#6076=CARTESIAN_POINT('Ctrl Pts',(-0.400089814393021,-4.05,-4.33253400708493));
#6077=CARTESIAN_POINT('Ctrl Pts',(-0.404493482398283,-4.05,-4.47009332338799));
#6078=CARTESIAN_POINT('Ctrl Pts',(-0.406923696852357,-4.05,-4.54600700225137));
#6079=CARTESIAN_POINT('Ctrl Pts',(-0.293256447172792,-3.95,-4.1654250868728));
#6080=CARTESIAN_POINT('Ctrl Pts',(-0.326316925330498,-3.95,-4.21713833855045));
#6081=CARTESIAN_POINT('Ctrl Pts',(-0.400089814393021,-3.95,-4.33253400708493));
#6082=CARTESIAN_POINT('Ctrl Pts',(-0.404493482398283,-3.95,-4.47009332338799));
#6083=CARTESIAN_POINT('Ctrl Pts',(-0.406923696852357,-3.95,-4.54600700225137));
#6084=CARTESIAN_POINT('Ctrl Pts',(0.0416560913556507,-4.05,-2.5608918913772));
#6085=CARTESIAN_POINT('Ctrl Pts',(0.0416560913556507,-3.95,-2.5608918913772));
#6086=CARTESIAN_POINT('Ctrl Pts',(0.14813429938627,-4.05,-2.56743258445148));
#6087=CARTESIAN_POINT('Ctrl Pts',(0.14813429938627,-3.95,-2.56743258445148));
#6088=CARTESIAN_POINT('Ctrl Pts',(0.352775215176555,-4.05,-2.58000316997673));
#6089=CARTESIAN_POINT('Ctrl Pts',(0.352775215176555,-3.95,-2.58000316997673));
#6090=CARTESIAN_POINT('Ctrl Pts',(0.521806217773302,-4.05,-2.69534701641919));
#6091=CARTESIAN_POINT('Ctrl Pts',(0.521806217773302,-3.95,-2.69534701641919));
#6092=CARTESIAN_POINT('Ctrl Pts',(0.602887466096251,-4.05,-2.75067546452783));
#6093=CARTESIAN_POINT('Ctrl Pts',(0.602887466096251,-3.95,-2.75067546452783));
#6094=CARTESIAN_POINT('',(0.0416560913556507,-4.05,-2.5608918913772));
#6095=CARTESIAN_POINT('',(0.602887466096251,-4.05,-2.75067546452783));
#6096=CARTESIAN_POINT('Ctrl Pts',(0.0416560913556507,-4.05,-2.5608918913772));
#6097=CARTESIAN_POINT('Ctrl Pts',(0.14813429938627,-4.05,-2.56743258445148));
#6098=CARTESIAN_POINT('Ctrl Pts',(0.352775215176555,-4.05,-2.58000316997673));
#6099=CARTESIAN_POINT('Ctrl Pts',(0.521806217773302,-4.05,-2.69534701641919));
#6100=CARTESIAN_POINT('Ctrl Pts',(0.602887466096251,-4.05,-2.75067546452783));
#6101=CARTESIAN_POINT('',(0.602887466096251,-4.05,-2.75067546452783));
#6102=CARTESIAN_POINT('',(0.0416560913556507,-4.05,-2.5608918913772));
#6103=CARTESIAN_POINT('Ctrl Pts',(-0.743865177488954,-4.05,-2.92219110812448));
#6104=CARTESIAN_POINT('Ctrl Pts',(-0.743865177488954,-3.95,-2.92219110812448));
#6105=CARTESIAN_POINT('Ctrl Pts',(-0.634953249912946,-4.05,-2.81681368657079));
#6106=CARTESIAN_POINT('Ctrl Pts',(-0.634953249912946,-3.95,-2.81681368657079));
#6107=CARTESIAN_POINT('Ctrl Pts',(-0.415547586108422,-4.05,-2.60452836906173));
#6108=CARTESIAN_POINT('Ctrl Pts',(-0.415547586108422,-3.95,-2.60452836906173));
#6109=CARTESIAN_POINT('Ctrl Pts',(-0.111475871101276,-4.05,-2.57550712697548));
#6110=CARTESIAN_POINT('Ctrl Pts',(-0.111475871101276,-3.95,-2.57550712697548));
#6111=CARTESIAN_POINT('Ctrl Pts',(0.0416560913556507,-4.05,-2.5608918913772));
#6112=CARTESIAN_POINT('Ctrl Pts',(0.0416560913556507,-3.95,-2.5608918913772));
#6113=CARTESIAN_POINT('',(-0.743865177488954,-4.05,-2.92219110812448));
#6114=CARTESIAN_POINT('Ctrl Pts',(-0.743865177488954,-4.05,-2.92219110812448));
#6115=CARTESIAN_POINT('Ctrl Pts',(-0.634953249912946,-4.05,-2.81681368657079));
#6116=CARTESIAN_POINT('Ctrl Pts',(-0.415547586108422,-4.05,-2.60452836906173));
#6117=CARTESIAN_POINT('Ctrl Pts',(-0.111475871101276,-4.05,-2.57550712697548));
#6118=CARTESIAN_POINT('Ctrl Pts',(0.0416560913556507,-4.05,-2.5608918913772));
#6119=CARTESIAN_POINT('',(-0.743865177488954,-4.05,-2.92219110812448));
#6120=CARTESIAN_POINT('Ctrl Pts',(-1.04630093321863,-4.05,-4.10148748244547));
#6121=CARTESIAN_POINT('Ctrl Pts',(-1.04630093321863,-3.95,-4.10148748244547));
#6122=CARTESIAN_POINT('Ctrl Pts',(-1.04299687107384,-4.05,-3.86067587023651));
#6123=CARTESIAN_POINT('Ctrl Pts',(-1.04299687107384,-3.95,-3.86067587023651));
#6124=CARTESIAN_POINT('Ctrl Pts',(-1.03723388641864,-4.05,-3.44064938007359));
#6125=CARTESIAN_POINT('Ctrl Pts',(-1.03723388641864,-3.95,-3.44064938007359));
#6126=CARTESIAN_POINT('Ctrl Pts',(-0.83160284074736,-4.05,-3.07724621759326));
#6127=CARTESIAN_POINT('Ctrl Pts',(-0.83160284074736,-3.95,-3.07724621759326));
#6128=CARTESIAN_POINT('Ctrl Pts',(-0.743865177488954,-4.05,-2.92219110812448));
#6129=CARTESIAN_POINT('Ctrl Pts',(-0.743865177488954,-3.95,-2.92219110812448));
#6130=CARTESIAN_POINT('',(-1.04630093321863,-4.05,-4.10148748244547));
#6131=CARTESIAN_POINT('Ctrl Pts',(-1.04630093321863,-4.05,-4.10148748244547));
#6132=CARTESIAN_POINT('Ctrl Pts',(-1.04299687107384,-4.05,-3.86067587023651));
#6133=CARTESIAN_POINT('Ctrl Pts',(-1.03723388641864,-4.05,-3.44064938007359));
#6134=CARTESIAN_POINT('Ctrl Pts',(-0.83160284074736,-4.05,-3.07724621759326));
#6135=CARTESIAN_POINT('Ctrl Pts',(-0.743865177488954,-4.05,-2.92219110812448));
#6136=CARTESIAN_POINT('',(-1.04630093321863,-4.05,-4.10148748244547));
#6137=CARTESIAN_POINT('Ctrl Pts',(-0.756043598509462,-4.05,-5.24932214106821));
#6138=CARTESIAN_POINT('Ctrl Pts',(-0.756043598509462,-3.95,-5.24932214106821));
#6139=CARTESIAN_POINT('Ctrl Pts',(-0.840234375696777,-4.05,-5.09856702333966));
#6140=CARTESIAN_POINT('Ctrl Pts',(-0.840234375696777,-3.95,-5.09856702333966));
#6141=CARTESIAN_POINT('Ctrl Pts',(-1.0381047106411,-4.05,-4.744253087347));
#6142=CARTESIAN_POINT('Ctrl Pts',(-1.0381047106411,-3.95,-4.744253087347));
#6143=CARTESIAN_POINT('Ctrl Pts',(-1.04331026308932,-4.05,-4.33602234000252));
#6144=CARTESIAN_POINT('Ctrl Pts',(-1.04331026308932,-3.95,-4.33602234000252));
#6145=CARTESIAN_POINT('Ctrl Pts',(-1.04630093321863,-4.05,-4.10148748244547));
#6146=CARTESIAN_POINT('Ctrl Pts',(-1.04630093321863,-3.95,-4.10148748244547));
#6147=CARTESIAN_POINT('',(-0.756043598509462,-4.05,-5.24932214106821));
#6148=CARTESIAN_POINT('Ctrl Pts',(-0.756043598509462,-4.05,-5.24932214106821));
#6149=CARTESIAN_POINT('Ctrl Pts',(-0.840234375696777,-4.05,-5.09856702333966));
#6150=CARTESIAN_POINT('Ctrl Pts',(-1.0381047106411,-4.05,-4.744253087347));
#6151=CARTESIAN_POINT('Ctrl Pts',(-1.04331026308932,-4.05,-4.33602234000252));
#6152=CARTESIAN_POINT('Ctrl Pts',(-1.04630093321863,-4.05,-4.10148748244547));
#6153=CARTESIAN_POINT('',(-0.756043598509462,-4.05,-5.24932214106821));
#6154=CARTESIAN_POINT('Ctrl Pts',(-0.015177533484132,-4.05,-5.59945740784906));
#6155=CARTESIAN_POINT('Ctrl Pts',(-0.015177533484132,-3.95,-5.59945740784906));
#6156=CARTESIAN_POINT('Ctrl Pts',(-0.158828220506833,-4.05,-5.58471281170136));
#6157=CARTESIAN_POINT('Ctrl Pts',(-0.158828220506833,-3.95,-5.58471281170136));
#6158=CARTESIAN_POINT('Ctrl Pts',(-0.446900747031885,-4.05,-5.55514446676062));
#6159=CARTESIAN_POINT('Ctrl Pts',(-0.446900747031885,-3.95,-5.55514446676062));
#6160=CARTESIAN_POINT('Ctrl Pts',(-0.65281224386896,-4.05,-5.35144468024271));
#6161=CARTESIAN_POINT('Ctrl Pts',(-0.65281224386896,-3.95,-5.35144468024271));
#6162=CARTESIAN_POINT('Ctrl Pts',(-0.756043598509462,-4.05,-5.24932214106821));
#6163=CARTESIAN_POINT('Ctrl Pts',(-0.756043598509462,-3.95,-5.24932214106821));
#6164=CARTESIAN_POINT('',(-0.015177533484132,-4.05,-5.59945740784906));
#6165=CARTESIAN_POINT('Ctrl Pts',(-0.015177533484132,-4.05,-5.59945740784906));
#6166=CARTESIAN_POINT('Ctrl Pts',(-0.158828220506833,-4.05,-5.58471281170136));
#6167=CARTESIAN_POINT('Ctrl Pts',(-0.446900747031885,-4.05,-5.55514446676062));
#6168=CARTESIAN_POINT('Ctrl Pts',(-0.65281224386896,-4.05,-5.35144468024271));
#6169=CARTESIAN_POINT('Ctrl Pts',(-0.756043598509462,-4.05,-5.24932214106821));
#6170=CARTESIAN_POINT('',(-0.015177533484132,-4.05,-5.59945740784906));
#6171=CARTESIAN_POINT('Ctrl Pts',(0.672914579057067,-4.05,-5.32340892638467));
#6172=CARTESIAN_POINT('Ctrl Pts',(0.672914579057067,-3.95,-5.32340892638467));
#6173=CARTESIAN_POINT('Ctrl Pts',(0.575597482276382,-4.05,-5.40390923230516));
#6174=CARTESIAN_POINT('Ctrl Pts',(0.575597482276382,-3.95,-5.40390923230516));
#6175=CARTESIAN_POINT('Ctrl Pts',(0.376001501076428,-4.05,-5.56901421466303));
#6176=CARTESIAN_POINT('Ctrl Pts',(0.376001501076428,-3.95,-5.56901421466303));
#6177=CARTESIAN_POINT('Ctrl Pts',(0.117358692017754,-4.05,-5.58914288288574));
#6178=CARTESIAN_POINT('Ctrl Pts',(0.117358692017754,-3.95,-5.58914288288574));
#6179=CARTESIAN_POINT('Ctrl Pts',(-0.015177533484132,-4.05,-5.59945740784906));
#6180=CARTESIAN_POINT('Ctrl Pts',(-0.015177533484132,-3.95,-5.59945740784906));
#6181=CARTESIAN_POINT('',(0.672914579057067,-4.05,-5.32340892638467));
#6182=CARTESIAN_POINT('Ctrl Pts',(0.672914579057067,-4.05,-5.32340892638467));
#6183=CARTESIAN_POINT('Ctrl Pts',(0.575597482276382,-4.05,-5.40390923230516));
#6184=CARTESIAN_POINT('Ctrl Pts',(0.376001501076428,-4.05,-5.56901421466303));
#6185=CARTESIAN_POINT('Ctrl Pts',(0.117358692017754,-4.05,-5.58914288288574));
#6186=CARTESIAN_POINT('Ctrl Pts',(-0.015177533484132,-4.05,-5.59945740784906));
#6187=CARTESIAN_POINT('',(0.672914579057067,-4.05,-5.32340892638467));
#6188=CARTESIAN_POINT('Ctrl Pts',(0.940844013833373,-4.05,-4.59066190804742));
#6189=CARTESIAN_POINT('Ctrl Pts',(0.940844013833373,-3.95,-4.59066190804742));
#6190=CARTESIAN_POINT('Ctrl Pts',(0.931976894774624,-4.05,-4.73290999330311));
#6191=CARTESIAN_POINT('Ctrl Pts',(0.931976894774624,-3.95,-4.73290999330311));
#6192=CARTESIAN_POINT('Ctrl Pts',(0.915052137168541,-4.05,-5.00442031665971));
#6193=CARTESIAN_POINT('Ctrl Pts',(0.915052137168541,-3.95,-5.00442031665971));
#6194=CARTESIAN_POINT('Ctrl Pts',(0.751011848430875,-4.05,-5.22052468333223));
#6195=CARTESIAN_POINT('Ctrl Pts',(0.751011848430875,-3.95,-5.22052468333223));
#6196=CARTESIAN_POINT('Ctrl Pts',(0.672914579057067,-4.05,-5.32340892638467));
#6197=CARTESIAN_POINT('Ctrl Pts',(0.672914579057067,-3.95,-5.32340892638467));
#6198=CARTESIAN_POINT('',(0.940844013833373,-4.05,-4.59066190804742));
#6199=CARTESIAN_POINT('Ctrl Pts',(0.940844013833373,-4.05,-4.59066190804742));
#6200=CARTESIAN_POINT('Ctrl Pts',(0.931976894774624,-4.05,-4.73290999330311));
#6201=CARTESIAN_POINT('Ctrl Pts',(0.915052137168541,-4.05,-5.00442031665971));
#6202=CARTESIAN_POINT('Ctrl Pts',(0.751011848430875,-4.05,-5.22052468333223));
#6203=CARTESIAN_POINT('Ctrl Pts',(0.672914579057067,-4.05,-5.32340892638467));
#6204=CARTESIAN_POINT('',(0.940844013833373,-4.05,-4.59066190804742));
#6205=CARTESIAN_POINT('Ctrl Pts',(0.686107471131652,-4.05,-3.88836153830789));
#6206=CARTESIAN_POINT('Ctrl Pts',(0.686107471131652,-3.95,-3.88836153830789));
#6207=CARTESIAN_POINT('Ctrl Pts',(0.760373148771895,-4.05,-3.98828573391682));
#6208=CARTESIAN_POINT('Ctrl Pts',(0.760373148771895,-3.95,-3.98828573391682));
#6209=CARTESIAN_POINT('Ctrl Pts',(0.915082707846135,-4.05,-4.19644687557357));
#6210=CARTESIAN_POINT('Ctrl Pts',(0.915082707846135,-3.95,-4.19644687557357));
#6211=CARTESIAN_POINT('Ctrl Pts',(0.932031302269626,-4.05,-4.45580448362154));
#6212=CARTESIAN_POINT('Ctrl Pts',(0.932031302269626,-3.95,-4.45580448362154));
#6213=CARTESIAN_POINT('Ctrl Pts',(0.940844013833373,-4.05,-4.59066190804742));
#6214=CARTESIAN_POINT('Ctrl Pts',(0.940844013833373,-3.95,-4.59066190804742));
#6215=CARTESIAN_POINT('',(0.686107471131652,-4.05,-3.88836153830789));
#6216=CARTESIAN_POINT('Ctrl Pts',(0.686107471131652,-4.05,-3.88836153830789));
#6217=CARTESIAN_POINT('Ctrl Pts',(0.760373148771895,-4.05,-3.98828573391682));
#6218=CARTESIAN_POINT('Ctrl Pts',(0.915082707846135,-4.05,-4.19644687557357));
#6219=CARTESIAN_POINT('Ctrl Pts',(0.932031302269626,-4.05,-4.45580448362154));
#6220=CARTESIAN_POINT('Ctrl Pts',(0.940844013833373,-4.05,-4.59066190804742));
#6221=CARTESIAN_POINT('',(0.686107471131652,-4.05,-3.88836153830789));
#6222=CARTESIAN_POINT('Ctrl Pts',(0.0741322781079701,-4.05,-3.61637243117593));
#6223=CARTESIAN_POINT('Ctrl Pts',(0.0741322781079701,-3.95,-3.61637243117593));
#6224=CARTESIAN_POINT('Ctrl Pts',(0.189436118601851,-4.05,-3.62823872701081));
#6225=CARTESIAN_POINT('Ctrl Pts',(0.189436118601851,-3.95,-3.62823872701081));
#6226=CARTESIAN_POINT('Ctrl Pts',(0.422839914375757,-4.05,-3.65225907601023));
#6227=CARTESIAN_POINT('Ctrl Pts',(0.422839914375757,-3.95,-3.65225907601023));
#6228=CARTESIAN_POINT('Ctrl Pts',(0.597653545430068,-4.05,-3.8090346743548));
#6229=CARTESIAN_POINT('Ctrl Pts',(0.597653545430068,-3.95,-3.8090346743548));
#6230=CARTESIAN_POINT('Ctrl Pts',(0.686107471131652,-4.05,-3.88836153830789));
#6231=CARTESIAN_POINT('Ctrl Pts',(0.686107471131652,-3.95,-3.88836153830789));
#6232=CARTESIAN_POINT('',(0.0741322781079701,-4.05,-3.61637243117593));
#6233=CARTESIAN_POINT('Ctrl Pts',(0.0741322781079701,-4.05,-3.61637243117593));
#6234=CARTESIAN_POINT('Ctrl Pts',(0.189436118601851,-4.05,-3.62823872701081));
#6235=CARTESIAN_POINT('Ctrl Pts',(0.422839914375757,-4.05,-3.65225907601023));
#6236=CARTESIAN_POINT('Ctrl Pts',(0.597653545430068,-4.05,-3.8090346743548));
#6237=CARTESIAN_POINT('Ctrl Pts',(0.686107471131652,-4.05,-3.88836153830789));
#6238=CARTESIAN_POINT('',(0.0741322781079701,-4.05,-3.61637243117593));
#6239=CARTESIAN_POINT('Ctrl Pts',(-0.455637976980836,-4.05,-3.8680640705993));
#6240=CARTESIAN_POINT('Ctrl Pts',(-0.455637976980836,-3.95,-3.8680640705993));
#6241=CARTESIAN_POINT('Ctrl Pts',(-0.380915533846654,-4.05,-3.79465689485918));
#6242=CARTESIAN_POINT('Ctrl Pts',(-0.380915533846654,-3.95,-3.79465689485918));
#6243=CARTESIAN_POINT('Ctrl Pts',(-0.233204226248234,-4.05,-3.6495456075287));
#6244=CARTESIAN_POINT('Ctrl Pts',(-0.233204226248234,-3.95,-3.6495456075287));
#6245=CARTESIAN_POINT('Ctrl Pts',(-0.0275085237623562,-4.05,-3.6273432992547));
#6246=CARTESIAN_POINT('Ctrl Pts',(-0.0275085237623562,-3.95,-3.6273432992547));
#6247=CARTESIAN_POINT('Ctrl Pts',(0.0741322781079701,-4.05,-3.61637243117593));
#6248=CARTESIAN_POINT('Ctrl Pts',(0.0741322781079701,-3.95,-3.61637243117593));
#6249=CARTESIAN_POINT('',(-0.455637976980836,-4.05,-3.8680640705993));
#6250=CARTESIAN_POINT('Ctrl Pts',(-0.455637976980836,-4.05,-3.8680640705993));
#6251=CARTESIAN_POINT('Ctrl Pts',(-0.380915533846654,-4.05,-3.79465689485918));
#6252=CARTESIAN_POINT('Ctrl Pts',(-0.233204226248234,-4.05,-3.6495456075287));
#6253=CARTESIAN_POINT('Ctrl Pts',(-0.0275085237623562,-4.05,-3.6273432992547));
#6254=CARTESIAN_POINT('Ctrl Pts',(0.0741322781079701,-4.05,-3.61637243117593));
#6255=CARTESIAN_POINT('',(-0.455637976980836,-4.05,-3.8680640705993));
#6256=CARTESIAN_POINT('Ctrl Pts',(-0.298330590582521,-4.05,-3.19215052809023));
#6257=CARTESIAN_POINT('Ctrl Pts',(-0.298330590582521,-3.95,-3.19215052809023));
#6258=CARTESIAN_POINT('Ctrl Pts',(-0.336542978522115,-4.05,-3.27440590857897));
#6259=CARTESIAN_POINT('Ctrl Pts',(-0.336542978522115,-3.95,-3.27440590857897));
#6260=CARTESIAN_POINT('Ctrl Pts',(-0.435505818479726,-4.05,-3.48743174899039));
#6261=CARTESIAN_POINT('Ctrl Pts',(-0.435505818479726,-3.95,-3.48743174899039));
#6262=CARTESIAN_POINT('Ctrl Pts',(-0.447980269135033,-4.05,-3.72328222242391));
#6263=CARTESIAN_POINT('Ctrl Pts',(-0.447980269135033,-3.95,-3.72328222242391));
#6264=CARTESIAN_POINT('Ctrl Pts',(-0.455637976980836,-4.05,-3.8680640705993));
#6265=CARTESIAN_POINT('Ctrl Pts',(-0.455637976980836,-3.95,-3.8680640705993));
#6266=CARTESIAN_POINT('',(-0.298330590582521,-4.05,-3.19215052809023));
#6267=CARTESIAN_POINT('Ctrl Pts',(-0.298330590582521,-4.05,-3.19215052809023));
#6268=CARTESIAN_POINT('Ctrl Pts',(-0.336542978522115,-4.05,-3.27440590857897));
#6269=CARTESIAN_POINT('Ctrl Pts',(-0.435505818479726,-4.05,-3.48743174899039));
#6270=CARTESIAN_POINT('Ctrl Pts',(-0.447980269135033,-4.05,-3.72328222242391));
#6271=CARTESIAN_POINT('Ctrl Pts',(-0.455637976980836,-4.05,-3.8680640705993));
#6272=CARTESIAN_POINT('',(-0.298330590582521,-4.05,-3.19215052809023));
#6273=CARTESIAN_POINT('Ctrl Pts',(0.0071497704022816,-4.05,-3.02976884927057));
#6274=CARTESIAN_POINT('Ctrl Pts',(0.0071497704022816,-3.95,-3.02976884927057));
#6275=CARTESIAN_POINT('Ctrl Pts',(-0.0514447112601701,-4.05,-3.03747547201768));
#6276=CARTESIAN_POINT('Ctrl Pts',(-0.0514447112601701,-3.95,-3.03747547201768));
#6277=CARTESIAN_POINT('Ctrl Pts',(-0.17309963998922,-4.05,-3.05347610235762));
#6278=CARTESIAN_POINT('Ctrl Pts',(-0.17309963998922,-3.95,-3.05347610235762));
#6279=CARTESIAN_POINT('Ctrl Pts',(-0.255577681156479,-4.05,-3.1448081168495));
#6280=CARTESIAN_POINT('Ctrl Pts',(-0.255577681156479,-3.95,-3.1448081168495));
#6281=CARTESIAN_POINT('Ctrl Pts',(-0.298330590582521,-4.05,-3.19215052809023));
#6282=CARTESIAN_POINT('Ctrl Pts',(-0.298330590582521,-3.95,-3.19215052809023));
#6283=CARTESIAN_POINT('',(0.0071497704022816,-4.05,-3.02976884927057));
#6284=CARTESIAN_POINT('Ctrl Pts',(0.0071497704022816,-4.05,-3.02976884927057));
#6285=CARTESIAN_POINT('Ctrl Pts',(-0.0514447112601701,-4.05,-3.03747547201768));
#6286=CARTESIAN_POINT('Ctrl Pts',(-0.17309963998922,-4.05,-3.05347610235762));
#6287=CARTESIAN_POINT('Ctrl Pts',(-0.255577681156479,-4.05,-3.1448081168495));
#6288=CARTESIAN_POINT('Ctrl Pts',(-0.298330590582521,-4.05,-3.19215052809023));
#6289=CARTESIAN_POINT('',(0.0071497704022816,-4.05,-3.02976884927057));
#6290=CARTESIAN_POINT('Ctrl Pts',(0.228394463204711,-4.05,-3.1109597631862));
#6291=CARTESIAN_POINT('Ctrl Pts',(0.228394463204711,-3.95,-3.1109597631862));
#6292=CARTESIAN_POINT('Ctrl Pts',(0.197017279686749,-4.05,-3.08728957651835));
#6293=CARTESIAN_POINT('Ctrl Pts',(0.197017279686749,-3.95,-3.08728957651835));
#6294=CARTESIAN_POINT('Ctrl Pts',(0.131638913769745,-4.05,-3.03796972203209));
#6295=CARTESIAN_POINT('Ctrl Pts',(0.131638913769745,-3.95,-3.03796972203209));
#6296=CARTESIAN_POINT('Ctrl Pts',(0.0497418141583728,-4.05,-3.03257465162448));
#6297=CARTESIAN_POINT('Ctrl Pts',(0.0497418141583728,-3.95,-3.03257465162448));
#6298=CARTESIAN_POINT('Ctrl Pts',(0.0071497704022816,-4.05,-3.02976884927057));
#6299=CARTESIAN_POINT('Ctrl Pts',(0.0071497704022816,-3.95,-3.02976884927057));
#6300=CARTESIAN_POINT('',(0.228394463204711,-4.05,-3.1109597631862));
#6301=CARTESIAN_POINT('Ctrl Pts',(0.228394463204711,-4.05,-3.1109597631862));
#6302=CARTESIAN_POINT('Ctrl Pts',(0.197017279686749,-4.05,-3.08728957651835));
#6303=CARTESIAN_POINT('Ctrl Pts',(0.131638913769745,-4.05,-3.03796972203209));
#6304=CARTESIAN_POINT('Ctrl Pts',(0.0497418141583728,-4.05,-3.03257465162448));
#6305=CARTESIAN_POINT('Ctrl Pts',(0.0071497704022816,-4.05,-3.02976884927057));
#6306=CARTESIAN_POINT('',(0.228394463204711,-4.05,-3.1109597631862));
#6307=CARTESIAN_POINT('Ctrl Pts',(0.33394296421942,-4.05,-3.36265125359796));
#6308=CARTESIAN_POINT('Ctrl Pts',(0.33394296421942,-3.95,-3.36265125359796));
#6309=CARTESIAN_POINT('Ctrl Pts',(0.326182330717056,-4.05,-3.3113142843282));
#6310=CARTESIAN_POINT('Ctrl Pts',(0.326182330717056,-3.95,-3.3113142843282));
#6311=CARTESIAN_POINT('Ctrl Pts',(0.312094973790541,-4.05,-3.21812573091843));
#6312=CARTESIAN_POINT('Ctrl Pts',(0.312094973790541,-3.95,-3.21812573091843));
#6313=CARTESIAN_POINT('Ctrl Pts',(0.254334891176012,-4.05,-3.14417259602887));
#6314=CARTESIAN_POINT('Ctrl Pts',(0.254334891176012,-3.95,-3.14417259602887));
#6315=CARTESIAN_POINT('Ctrl Pts',(0.228394463204711,-4.05,-3.1109597631862));
#6316=CARTESIAN_POINT('Ctrl Pts',(0.228394463204711,-3.95,-3.1109597631862));
#6317=CARTESIAN_POINT('',(0.33394296421942,-4.05,-3.36265125359796));
#6318=CARTESIAN_POINT('Ctrl Pts',(0.33394296421942,-4.05,-3.36265125359796));
#6319=CARTESIAN_POINT('Ctrl Pts',(0.326182330717056,-4.05,-3.3113142843282));
#6320=CARTESIAN_POINT('Ctrl Pts',(0.312094973790541,-4.05,-3.21812573091843));
#6321=CARTESIAN_POINT('Ctrl Pts',(0.254334891176012,-4.05,-3.14417259602887));
#6322=CARTESIAN_POINT('Ctrl Pts',(0.228394463204711,-4.05,-3.1109597631862));
#6323=CARTESIAN_POINT('',(0.33394296421942,-4.05,-3.36265125359796));
#6324=CARTESIAN_POINT('Origin',(0.886039927148192,-4.05,-3.30175810541414));
#6325=CARTESIAN_POINT('',(0.886039927148192,-4.05,-3.30175810541414));
#6326=CARTESIAN_POINT('',(0.886039927148192,-4.05,-3.30175810541414));
#6327=CARTESIAN_POINT('',(0.886039927148192,-4.05,-3.30175810541414));
#6328=CARTESIAN_POINT('Ctrl Pts',(0.602887466096251,-4.05,-2.75067546452783));
#6329=CARTESIAN_POINT('Ctrl Pts',(0.602887466096251,-3.95,-2.75067546452783));
#6330=CARTESIAN_POINT('Ctrl Pts',(0.670755144742079,-4.05,-2.82441382581397));
#6331=CARTESIAN_POINT('Ctrl Pts',(0.670755144742079,-3.95,-2.82441382581397));
#6332=CARTESIAN_POINT('Ctrl Pts',(0.815403083799503,-4.05,-2.98157408534153));
#6333=CARTESIAN_POINT('Ctrl Pts',(0.815403083799503,-3.95,-2.98157408534153));
#6334=CARTESIAN_POINT('Ctrl Pts',(0.861546591430469,-4.05,-3.19073424982683));
#6335=CARTESIAN_POINT('Ctrl Pts',(0.861546591430469,-3.95,-3.19073424982683));
#6336=CARTESIAN_POINT('Ctrl Pts',(0.886039927148192,-4.05,-3.30175810541414));
#6337=CARTESIAN_POINT('Ctrl Pts',(0.886039927148192,-3.95,-3.30175810541414));
#6338=CARTESIAN_POINT('Ctrl Pts',(0.602887466096251,-4.05,-2.75067546452783));
#6339=CARTESIAN_POINT('Ctrl Pts',(0.670755144742079,-4.05,-2.82441382581397));
#6340=CARTESIAN_POINT('Ctrl Pts',(0.815403083799503,-4.05,-2.98157408534153));
#6341=CARTESIAN_POINT('Ctrl Pts',(0.861546591430469,-4.05,-3.19073424982683));
#6342=CARTESIAN_POINT('Ctrl Pts',(0.886039927148192,-4.05,-3.30175810541414));
#6343=CARTESIAN_POINT('Origin',(-1.67045573935571,-4.05,-4.08017464961313));
#6344=CARTESIAN_POINT('Origin',(-1.55197207945482,-3.95,-4.05));
#6345=CARTESIAN_POINT('Origin',(-2.19109158263269,-4.05,-3.07645344223283));
#6346=CARTESIAN_POINT('',(-2.19109158263269,-4.05,-3.07645344223283));
#6347=CARTESIAN_POINT('',(-2.19109158263269,-4.05,-5.54871329154276));
#6348=CARTESIAN_POINT('',(-2.19109158263269,-4.05,-3.07645344223283));
#6349=CARTESIAN_POINT('',(-2.19109158263269,-4.05,-5.54871329154276));
#6350=CARTESIAN_POINT('',(-2.19109158263269,-4.05,-3.07645344223283));
#6351=CARTESIAN_POINT('Origin',(-1.31017129168573,-4.05,-3.07645344223283));
#6352=CARTESIAN_POINT('',(-1.31017129168573,-4.05,-3.07645344223283));
#6353=CARTESIAN_POINT('',(-1.31017129168573,-4.05,-3.07645344223283));
#6354=CARTESIAN_POINT('',(-1.31017129168573,-4.05,-3.07645344223283));
#6355=CARTESIAN_POINT('Origin',(-1.31017129168573,-4.05,-2.57307061042093));
#6356=CARTESIAN_POINT('',(-1.31017129168573,-4.05,-2.57307061042093));
#6357=CARTESIAN_POINT('',(-1.31017129168573,-4.05,-2.57307061042093));
#6358=CARTESIAN_POINT('',(-1.31017129168573,-4.05,-2.57307061042093));
#6359=CARTESIAN_POINT('Origin',(-3.67485354886118,-4.05,-2.57307061042093));
#6360=CARTESIAN_POINT('',(-3.67485354886118,-4.05,-2.57307061042093));
#6361=CARTESIAN_POINT('',(-3.67485354886118,-4.05,-2.57307061042093));
#6362=CARTESIAN_POINT('',(-3.67485354886118,-4.05,-2.57307061042093));
#6363=CARTESIAN_POINT('Origin',(-3.67485354886118,-4.05,-3.07645344223283));
#6364=CARTESIAN_POINT('',(-3.67485354886118,-4.05,-3.07645344223283));
#6365=CARTESIAN_POINT('',(-3.67485354886118,-4.05,-3.07645344223283));
#6366=CARTESIAN_POINT('',(-3.67485354886118,-4.05,-3.07645344223283));
#6367=CARTESIAN_POINT('Origin',(-2.79190371975961,-4.05,-3.07645344223283));
#6368=CARTESIAN_POINT('',(-2.79190371975961,-4.05,-3.07645344223283));
#6369=CARTESIAN_POINT('',(-2.79190371975961,-4.05,-3.07645344223283));
#6370=CARTESIAN_POINT('',(-2.79190371975961,-4.05,-3.07645344223283));
#6371=CARTESIAN_POINT('Origin',(-2.79190371975961,-4.05,-5.54871329154276));
#6372=CARTESIAN_POINT('',(-2.79190371975961,-4.05,-5.54871329154276));
#6373=CARTESIAN_POINT('',(-2.79190371975961,-4.05,-5.54871329154276));
#6374=CARTESIAN_POINT('',(-2.79190371975961,-4.05,-5.54871329154276));
#6375=CARTESIAN_POINT('Origin',(-2.19109158263269,-4.05,-5.54871329154276));
#6376=CARTESIAN_POINT('',(-2.19109158263269,-4.05,-5.54871329154276));
#6377=CARTESIAN_POINT('Origin',(-1.67045573935571,-4.05,-4.08017464961313));
#6378=CARTESIAN_POINT('Origin',(-6.75197207945482,-4.05,-6.7));
#6379=CARTESIAN_POINT('',(-6.75197207945482,-4.05,-6.7));
#6380=CARTESIAN_POINT('',(-6.75197207945482,-4.05,-1.4));
#6381=CARTESIAN_POINT('',(-6.75197207945482,-4.05,-3.35));
#6382=CARTESIAN_POINT('',(-6.75197207945482,-4.05,-6.7));
#6383=CARTESIAN_POINT('',(-6.75197207945482,-4.05,-1.4));
#6384=CARTESIAN_POINT('Origin',(3.64802792054518,-4.05,-6.7));
#6385=CARTESIAN_POINT('',(3.64802792054518,-4.05,-6.7));
#6386=CARTESIAN_POINT('',(4.22204188081777,-4.05,-6.7));
#6387=CARTESIAN_POINT('',(3.64802792054518,-4.05,-6.7));
#6388=CARTESIAN_POINT('Origin',(3.64802792054518,-4.05,-1.4));
#6389=CARTESIAN_POINT('',(3.64802792054518,-4.05,-1.4));
#6390=CARTESIAN_POINT('',(3.64802792054518,-4.05,-0.7));
#6391=CARTESIAN_POINT('',(3.64802792054518,-4.05,-1.4));
#6392=CARTESIAN_POINT('Origin',(-6.75197207945482,-4.05,-1.4));
#6393=CARTESIAN_POINT('',(-0.977958119182228,-4.05,-1.4));
#6394=CARTESIAN_POINT('Origin',(-1.55197207945482,-3.95,-4.05));
#6395=CARTESIAN_POINT('Origin',(1.94074875343764,4.05,-4.48474542852327));
#6396=CARTESIAN_POINT('',(1.94074875343764,4.05,-4.48474542852327));
#6397=CARTESIAN_POINT('',(2.60245366621936,4.05,-5.51383869405672));
#6398=CARTESIAN_POINT('',(1.94074875343764,4.05,-4.48474542852327));
#6399=CARTESIAN_POINT('',(2.60245366621936,3.95,-5.51383869405672));
#6400=CARTESIAN_POINT('',(2.60245366621936,4.05,-5.51383869405672));
#6401=CARTESIAN_POINT('',(1.94074875343764,3.95,-4.48474542852327));
#6402=CARTESIAN_POINT('',(1.33103572742904,3.95,-3.5365107141462));
#6403=CARTESIAN_POINT('',(1.94074875343764,4.05,-4.48474542852327));
#6404=CARTESIAN_POINT('Origin',(1.28107345331633,4.05,-5.51383869405672));
#6405=CARTESIAN_POINT('',(1.28107345331633,4.05,-5.51383869405672));
#6406=CARTESIAN_POINT('',(1.28107345331633,4.05,-5.51383869405672));
#6407=CARTESIAN_POINT('',(1.28107345331633,3.95,-5.51383869405672));
#6408=CARTESIAN_POINT('',(1.2010615455342,3.95,-5.63865724561677));
#6409=CARTESIAN_POINT('',(1.28107345331633,4.05,-5.51383869405672));
#6410=CARTESIAN_POINT('Origin',(0.556445630678776,4.05,-5.51383869405672));
#6411=CARTESIAN_POINT('',(0.556445630678776,4.05,-5.51383869405672));
#6412=CARTESIAN_POINT('',(0.556445630678776,4.05,-5.51383869405672));
#6413=CARTESIAN_POINT('',(0.556445630678776,3.95,-5.51383869405672));
#6414=CARTESIAN_POINT('',(-0.497763224388022,3.95,-5.51383869405672));
#6415=CARTESIAN_POINT('',(0.556445630678776,4.05,-5.51383869405672));
#6416=CARTESIAN_POINT('Origin',(1.5733603261801,4.05,-3.98339198585436));
#6417=CARTESIAN_POINT('',(1.5733603261801,4.05,-3.98339198585436));
#6418=CARTESIAN_POINT('',(1.5733603261801,4.05,-3.98339198585436));
#6419=CARTESIAN_POINT('',(1.5733603261801,3.95,-3.98339198585436));
#6420=CARTESIAN_POINT('',(1.07939691206927,3.95,-4.72680211105235));
#6421=CARTESIAN_POINT('',(1.5733603261801,4.05,-3.98339198585436));
#6422=CARTESIAN_POINT('Origin',(0.647785278448704,4.05,-2.53819601293489));
#6423=CARTESIAN_POINT('',(0.647785278448704,4.05,-2.53819601293489));
#6424=CARTESIAN_POINT('',(0.647785278448704,4.05,-2.53819601293489));
#6425=CARTESIAN_POINT('',(0.647785278448704,3.95,-2.53819601293489));
#6426=CARTESIAN_POINT('',(0.671167965606207,3.95,-2.57470581881059));
#6427=CARTESIAN_POINT('',(0.647785278448704,4.05,-2.53819601293489));
#6428=CARTESIAN_POINT('Origin',(1.34399628866637,4.05,-2.53819601293489));
#6429=CARTESIAN_POINT('',(1.34399628866637,4.05,-2.53819601293489));
#6430=CARTESIAN_POINT('',(1.34399628866637,4.05,-2.53819601293489));
#6431=CARTESIAN_POINT('',(1.34399628866637,3.95,-2.53819601293489));
#6432=CARTESIAN_POINT('',(-0.103987895394224,3.95,-2.53819601293489));
#6433=CARTESIAN_POINT('',(1.34399628866637,4.05,-2.53819601293489));
#6434=CARTESIAN_POINT('Origin',(1.92857003439391,4.05,-3.4942175602524));
#6435=CARTESIAN_POINT('',(1.92857003439391,4.05,-3.4942175602524));
#6436=CARTESIAN_POINT('',(1.92857003439391,4.05,-3.4942175602524));
#6437=CARTESIAN_POINT('',(1.92857003439391,3.95,-3.4942175602524));
#6438=CARTESIAN_POINT('',(1.57865230746689,3.95,-2.92195633713803));
#6439=CARTESIAN_POINT('',(1.92857003439391,4.05,-3.4942175602524));
#6440=CARTESIAN_POINT('Origin',(2.52532242465937,4.05,-2.53819601293489));
#6441=CARTESIAN_POINT('',(2.52532242465937,4.05,-2.53819601293489));
#6442=CARTESIAN_POINT('',(2.52532242465937,4.05,-2.53819601293489));
#6443=CARTESIAN_POINT('',(2.52532242465937,3.95,-2.53819601293489));
#6444=CARTESIAN_POINT('',(1.61417650676896,3.95,-3.99788875059804));
#6445=CARTESIAN_POINT('',(2.52532242465937,4.05,-2.53819601293489));
#6446=CARTESIAN_POINT('Origin',(3.22762285027826,4.05,-2.53819601293489));
#6447=CARTESIAN_POINT('',(3.22762285027826,4.05,-2.53819601293489));
#6448=CARTESIAN_POINT('',(3.22762285027826,4.05,-2.53819601293489));
#6449=CARTESIAN_POINT('',(3.22762285027826,3.95,-2.53819601293489));
#6450=CARTESIAN_POINT('',(0.837825385411721,3.95,-2.53819601293489));
#6451=CARTESIAN_POINT('',(3.22762285027826,4.05,-2.53819601293489));
#6452=CARTESIAN_POINT('Origin',(2.30610727001155,4.05,-3.96106468196794));
#6453=CARTESIAN_POINT('',(2.30610727001155,4.05,-3.96106468196794));
#6454=CARTESIAN_POINT('',(2.30610727001155,4.05,-3.96106468196794));
#6455=CARTESIAN_POINT('',(2.30610727001155,3.95,-3.96106468196794));
#6456=CARTESIAN_POINT('',(1.71578761862222,3.95,-4.87254936509537));
#6457=CARTESIAN_POINT('',(2.30610727001155,4.05,-3.96106468196794));
#6458=CARTESIAN_POINT('Origin',(3.32302204001868,4.05,-5.51383869405672));
#6459=CARTESIAN_POINT('',(3.32302204001868,4.05,-5.51383869405672));
#6460=CARTESIAN_POINT('',(3.32302204001868,4.05,-5.51383869405672));
#6461=CARTESIAN_POINT('',(3.32302204001868,3.95,-5.51383869405672));
#6462=CARTESIAN_POINT('',(2.25592619310435,3.95,-3.88444088377138));
#6463=CARTESIAN_POINT('',(3.32302204001868,4.05,-5.51383869405672));
#6464=CARTESIAN_POINT('Origin',(2.60245366621936,4.05,-5.51383869405672));
#6465=CARTESIAN_POINT('',(2.60245366621936,4.05,-5.51383869405672));
#6466=CARTESIAN_POINT('',(0.525240793382269,3.95,-5.51383869405672));
#6467=CARTESIAN_POINT('Origin',(-1.54538103710687,4.05,-4.04530005212709));
#6468=CARTESIAN_POINT('Ctrl Pts',(-5.76425799500024,4.05,-3.32676173802301));
#6469=CARTESIAN_POINT('Ctrl Pts',(-5.76425799500024,3.95,-3.32676173802301));
#6470=CARTESIAN_POINT('Ctrl Pts',(-5.74870915455762,4.05,-3.26996064996695));
#6471=CARTESIAN_POINT('Ctrl Pts',(-5.74870915455762,3.95,-3.26996064996695));
#6472=CARTESIAN_POINT('Ctrl Pts',(-5.7221870851153,4.05,-3.17307352790912));
#6473=CARTESIAN_POINT('Ctrl Pts',(-5.7221870851153,3.95,-3.17307352790912));
#6474=CARTESIAN_POINT('Ctrl Pts',(-5.65790435452947,4.05,-3.09657275845391));
#6475=CARTESIAN_POINT('Ctrl Pts',(-5.65790435452947,3.95,-3.09657275845391));
#6476=CARTESIAN_POINT('Ctrl Pts',(-5.63130804668939,4.05,-3.06492136474535));
#6477=CARTESIAN_POINT('Ctrl Pts',(-5.63130804668939,3.95,-3.06492136474535));
#6478=CARTESIAN_POINT('',(-5.76425799500024,4.05,-3.32676173802301));
#6479=CARTESIAN_POINT('',(-5.63130804668939,4.05,-3.06492136474535));
#6480=CARTESIAN_POINT('Ctrl Pts',(-5.76425799500024,4.05,-3.32676173802301));
#6481=CARTESIAN_POINT('Ctrl Pts',(-5.74870915455762,4.05,-3.26996064996695));
#6482=CARTESIAN_POINT('Ctrl Pts',(-5.7221870851153,4.05,-3.17307352790912));
#6483=CARTESIAN_POINT('Ctrl Pts',(-5.65790435452947,4.05,-3.09657275845391));
#6484=CARTESIAN_POINT('Ctrl Pts',(-5.63130804668939,4.05,-3.06492136474535));
#6485=CARTESIAN_POINT('',(-5.63130804668939,3.95,-3.06492136474535));
#6486=CARTESIAN_POINT('',(-5.63130804668939,4.05,-3.06492136474535));
#6487=CARTESIAN_POINT('',(-5.76425799500024,3.95,-3.32676173802301));
#6488=CARTESIAN_POINT('Ctrl Pts',(-5.76425799500024,3.95,-3.32676173802301));
#6489=CARTESIAN_POINT('Ctrl Pts',(-5.74870915455762,3.95,-3.26996064996695));
#6490=CARTESIAN_POINT('Ctrl Pts',(-5.7221870851153,3.95,-3.17307352790912));
#6491=CARTESIAN_POINT('Ctrl Pts',(-5.65790435452947,3.95,-3.09657275845391));
#6492=CARTESIAN_POINT('Ctrl Pts',(-5.63130804668939,3.95,-3.06492136474535));
#6493=CARTESIAN_POINT('',(-5.76425799500024,4.05,-3.32676173802301));
#6494=CARTESIAN_POINT('Ctrl Pts',(-5.81703194748437,4.05,-4.04631511922762));
#6495=CARTESIAN_POINT('Ctrl Pts',(-5.81703194748437,3.95,-4.04631511922762));
#6496=CARTESIAN_POINT('Ctrl Pts',(-5.8176432240321,4.05,-3.89864197606519));
#6497=CARTESIAN_POINT('Ctrl Pts',(-5.8176432240321,3.95,-3.89864197606519));
#6498=CARTESIAN_POINT('Ctrl Pts',(-5.81864267123081,4.05,-3.65719396074704));
#6499=CARTESIAN_POINT('Ctrl Pts',(-5.81864267123081,3.95,-3.65719396074704));
#6500=CARTESIAN_POINT('Ctrl Pts',(-5.77947150294173,4.05,-3.41919647502913));
#6501=CARTESIAN_POINT('Ctrl Pts',(-5.77947150294173,3.95,-3.41919647502913));
#6502=CARTESIAN_POINT('Ctrl Pts',(-5.76425799500024,4.05,-3.32676173802301));
#6503=CARTESIAN_POINT('Ctrl Pts',(-5.76425799500024,3.95,-3.32676173802301));
#6504=CARTESIAN_POINT('',(-5.81703194748437,4.05,-4.04631511922762));
#6505=CARTESIAN_POINT('Ctrl Pts',(-5.81703194748437,4.05,-4.04631511922762));
#6506=CARTESIAN_POINT('Ctrl Pts',(-5.8176432240321,4.05,-3.89864197606519));
#6507=CARTESIAN_POINT('Ctrl Pts',(-5.81864267123081,4.05,-3.65719396074704));
#6508=CARTESIAN_POINT('Ctrl Pts',(-5.77947150294173,4.05,-3.41919647502913));
#6509=CARTESIAN_POINT('Ctrl Pts',(-5.76425799500024,4.05,-3.32676173802301));
#6510=CARTESIAN_POINT('',(-5.81703194748437,3.95,-4.04631511922762));
#6511=CARTESIAN_POINT('Ctrl Pts',(-5.81703194748437,3.95,-4.04631511922762));
#6512=CARTESIAN_POINT('Ctrl Pts',(-5.8176432240321,3.95,-3.89864197606519));
#6513=CARTESIAN_POINT('Ctrl Pts',(-5.81864267123081,3.95,-3.65719396074704));
#6514=CARTESIAN_POINT('Ctrl Pts',(-5.77947150294173,3.95,-3.41919647502913));
#6515=CARTESIAN_POINT('Ctrl Pts',(-5.76425799500024,3.95,-3.32676173802301));
#6516=CARTESIAN_POINT('',(-5.81703194748437,4.05,-4.04631511922762));
#6517=CARTESIAN_POINT('Ctrl Pts',(-5.75816878448999,4.05,-4.78921102043077));
#6518=CARTESIAN_POINT('Ctrl Pts',(-5.75816878448999,3.95,-4.78921102043077));
#6519=CARTESIAN_POINT('Ctrl Pts',(-5.77517361469915,4.05,-4.69097522946243));
#6520=CARTESIAN_POINT('Ctrl Pts',(-5.77517361469915,3.95,-4.69097522946243));
#6521=CARTESIAN_POINT('Ctrl Pts',(-5.81767925895457,4.05,-4.44542290505291));
#6522=CARTESIAN_POINT('Ctrl Pts',(-5.81767925895457,3.95,-4.44542290505291));
#6523=CARTESIAN_POINT('Ctrl Pts',(-5.81727467398188,4.05,-4.19597110315778));
#6524=CARTESIAN_POINT('Ctrl Pts',(-5.81727467398188,3.95,-4.19597110315778));
#6525=CARTESIAN_POINT('Ctrl Pts',(-5.81703194748437,4.05,-4.04631511922762));
#6526=CARTESIAN_POINT('Ctrl Pts',(-5.81703194748437,3.95,-4.04631511922762));
#6527=CARTESIAN_POINT('',(-5.75816878448999,4.05,-4.78921102043077));
#6528=CARTESIAN_POINT('Ctrl Pts',(-5.75816878448999,4.05,-4.78921102043077));
#6529=CARTESIAN_POINT('Ctrl Pts',(-5.77517361469915,4.05,-4.69097522946243));
#6530=CARTESIAN_POINT('Ctrl Pts',(-5.81767925895457,4.05,-4.44542290505291));
#6531=CARTESIAN_POINT('Ctrl Pts',(-5.81727467398188,4.05,-4.19597110315778));
#6532=CARTESIAN_POINT('Ctrl Pts',(-5.81703194748437,4.05,-4.04631511922762));
#6533=CARTESIAN_POINT('',(-5.75816878448999,3.95,-4.78921102043077));
#6534=CARTESIAN_POINT('Ctrl Pts',(-5.75816878448999,3.95,-4.78921102043077));
#6535=CARTESIAN_POINT('Ctrl Pts',(-5.77517361469915,3.95,-4.69097522946243));
#6536=CARTESIAN_POINT('Ctrl Pts',(-5.81767925895457,3.95,-4.44542290505291));
#6537=CARTESIAN_POINT('Ctrl Pts',(-5.81727467398188,3.95,-4.19597110315778));
#6538=CARTESIAN_POINT('Ctrl Pts',(-5.81703194748437,3.95,-4.04631511922762));
#6539=CARTESIAN_POINT('',(-5.75816878448999,4.05,-4.78921102043077));
#6540=CARTESIAN_POINT('Ctrl Pts',(-5.63232311378991,4.05,-5.02567903753206));
#6541=CARTESIAN_POINT('Ctrl Pts',(-5.63232311378991,3.95,-5.02567903753206));
#6542=CARTESIAN_POINT('Ctrl Pts',(-5.65858817116414,4.05,-4.99623588536321));
#6543=CARTESIAN_POINT('Ctrl Pts',(-5.65858817116414,3.95,-4.99623588536321));
#6544=CARTESIAN_POINT('Ctrl Pts',(-5.71945618626168,4.05,-4.92800278747965));
#6545=CARTESIAN_POINT('Ctrl Pts',(-5.71945618626168,3.95,-4.92800278747965));
#6546=CARTESIAN_POINT('Ctrl Pts',(-5.74413760453786,4.05,-4.83951537478723));
#6547=CARTESIAN_POINT('Ctrl Pts',(-5.74413760453786,3.95,-4.83951537478723));
#6548=CARTESIAN_POINT('Ctrl Pts',(-5.75816878448999,4.05,-4.78921102043077));
#6549=CARTESIAN_POINT('Ctrl Pts',(-5.75816878448999,3.95,-4.78921102043077));
#6550=CARTESIAN_POINT('',(-5.63232311378991,4.05,-5.02567903753206));
#6551=CARTESIAN_POINT('Ctrl Pts',(-5.63232311378991,4.05,-5.02567903753206));
#6552=CARTESIAN_POINT('Ctrl Pts',(-5.65858817116414,4.05,-4.99623588536321));
#6553=CARTESIAN_POINT('Ctrl Pts',(-5.71945618626168,4.05,-4.92800278747965));
#6554=CARTESIAN_POINT('Ctrl Pts',(-5.74413760453786,4.05,-4.83951537478723));
#6555=CARTESIAN_POINT('Ctrl Pts',(-5.75816878448999,4.05,-4.78921102043077));
#6556=CARTESIAN_POINT('',(-5.63232311378991,3.95,-5.02567903753206));
#6557=CARTESIAN_POINT('Ctrl Pts',(-5.63232311378991,3.95,-5.02567903753206));
#6558=CARTESIAN_POINT('Ctrl Pts',(-5.65858817116414,3.95,-4.99623588536321));
#6559=CARTESIAN_POINT('Ctrl Pts',(-5.71945618626168,3.95,-4.92800278747965));
#6560=CARTESIAN_POINT('Ctrl Pts',(-5.74413760453786,3.95,-4.83951537478723));
#6561=CARTESIAN_POINT('Ctrl Pts',(-5.75816878448999,3.95,-4.78921102043077));
#6562=CARTESIAN_POINT('',(-5.63232311378991,4.05,-5.02567903753206));
#6563=CARTESIAN_POINT('Ctrl Pts',(-5.44761368404901,4.05,-5.09164647813722));
#6564=CARTESIAN_POINT('Ctrl Pts',(-5.44761368404901,3.95,-5.09164647813722));
#6565=CARTESIAN_POINT('Ctrl Pts',(-5.48122802934624,4.05,-5.08886648781185));
#6566=CARTESIAN_POINT('Ctrl Pts',(-5.48122802934624,3.95,-5.08886648781185));
#6567=CARTESIAN_POINT('Ctrl Pts',(-5.5486502362582,4.05,-5.08329050287823));
#6568=CARTESIAN_POINT('Ctrl Pts',(-5.5486502362582,3.95,-5.08329050287823));
#6569=CARTESIAN_POINT('Ctrl Pts',(-5.60437883689997,4.05,-5.04491957027289));
#6570=CARTESIAN_POINT('Ctrl Pts',(-5.60437883689997,3.95,-5.04491957027289));
#6571=CARTESIAN_POINT('Ctrl Pts',(-5.63232311378991,4.05,-5.02567903753206));
#6572=CARTESIAN_POINT('Ctrl Pts',(-5.63232311378991,3.95,-5.02567903753206));
#6573=CARTESIAN_POINT('',(-5.44761368404901,4.05,-5.09164647813722));
#6574=CARTESIAN_POINT('Ctrl Pts',(-5.44761368404901,4.05,-5.09164647813722));
#6575=CARTESIAN_POINT('Ctrl Pts',(-5.48122802934624,4.05,-5.08886648781185));
#6576=CARTESIAN_POINT('Ctrl Pts',(-5.5486502362582,4.05,-5.08329050287823));
#6577=CARTESIAN_POINT('Ctrl Pts',(-5.60437883689997,4.05,-5.04491957027289));
#6578=CARTESIAN_POINT('Ctrl Pts',(-5.63232311378991,4.05,-5.02567903753206));
#6579=CARTESIAN_POINT('',(-5.44761368404901,3.95,-5.09164647813722));
#6580=CARTESIAN_POINT('Ctrl Pts',(-5.44761368404901,3.95,-5.09164647813722));
#6581=CARTESIAN_POINT('Ctrl Pts',(-5.48122802934624,3.95,-5.08886648781185));
#6582=CARTESIAN_POINT('Ctrl Pts',(-5.5486502362582,3.95,-5.08329050287823));
#6583=CARTESIAN_POINT('Ctrl Pts',(-5.60437883689997,3.95,-5.04491957027289));
#6584=CARTESIAN_POINT('Ctrl Pts',(-5.63232311378991,3.95,-5.02567903753206));
#6585=CARTESIAN_POINT('',(-5.44761368404901,4.05,-5.09164647813722));
#6586=CARTESIAN_POINT('Ctrl Pts',(-5.26391932140863,4.05,-5.02669380660936));
#6587=CARTESIAN_POINT('Ctrl Pts',(-5.26391932140863,3.95,-5.02669380660936));
#6588=CARTESIAN_POINT('Ctrl Pts',(-5.29163234407167,4.05,-5.04563821987798));
#6589=CARTESIAN_POINT('Ctrl Pts',(-5.29163234407167,3.95,-5.04563821987798));
#6590=CARTESIAN_POINT('Ctrl Pts',(-5.34710747641914,4.05,-5.08356060193279));
#6591=CARTESIAN_POINT('Ctrl Pts',(-5.34710747641914,3.95,-5.08356060193279));
#6592=CARTESIAN_POINT('Ctrl Pts',(-5.41409185785591,4.05,-5.08894959658995));
#6593=CARTESIAN_POINT('Ctrl Pts',(-5.41409185785591,3.95,-5.08894959658995));
#6594=CARTESIAN_POINT('Ctrl Pts',(-5.44761368404901,4.05,-5.09164647813722));
#6595=CARTESIAN_POINT('Ctrl Pts',(-5.44761368404901,3.95,-5.09164647813722));
#6596=CARTESIAN_POINT('',(-5.26391932140863,4.05,-5.02669380660936));
#6597=CARTESIAN_POINT('Ctrl Pts',(-5.26391932140863,4.05,-5.02669380660936));
#6598=CARTESIAN_POINT('Ctrl Pts',(-5.29163234407167,4.05,-5.04563821987798));
#6599=CARTESIAN_POINT('Ctrl Pts',(-5.34710747641914,4.05,-5.08356060193279));
#6600=CARTESIAN_POINT('Ctrl Pts',(-5.41409185785591,4.05,-5.08894959658995));
#6601=CARTESIAN_POINT('Ctrl Pts',(-5.44761368404901,4.05,-5.09164647813722));
#6602=CARTESIAN_POINT('',(-5.26391932140863,3.95,-5.02669380660936));
#6603=CARTESIAN_POINT('Ctrl Pts',(-5.26391932140863,3.95,-5.02669380660936));
#6604=CARTESIAN_POINT('Ctrl Pts',(-5.29163234407167,3.95,-5.04563821987798));
#6605=CARTESIAN_POINT('Ctrl Pts',(-5.34710747641914,3.95,-5.08356060193279));
#6606=CARTESIAN_POINT('Ctrl Pts',(-5.41409185785591,3.95,-5.08894959658995));
#6607=CARTESIAN_POINT('Ctrl Pts',(-5.44761368404901,3.95,-5.09164647813722));
#6608=CARTESIAN_POINT('',(-5.26391932140863,4.05,-5.02669380660936));
#6609=CARTESIAN_POINT('Ctrl Pts',(-5.13096937309777,4.05,-4.76586864944383));
#6610=CARTESIAN_POINT('Ctrl Pts',(-5.13096937309777,3.95,-4.76586864944383));
#6611=CARTESIAN_POINT('Ctrl Pts',(-5.14647499648259,4.05,-4.82262041445565));
#6612=CARTESIAN_POINT('Ctrl Pts',(-5.14647499648259,3.95,-4.82262041445565));
#6613=CARTESIAN_POINT('Ctrl Pts',(-5.17288392876261,4.05,-4.91927912218849));
#6614=CARTESIAN_POINT('Ctrl Pts',(-5.17288392876261,3.95,-4.91927912218849));
#6615=CARTESIAN_POINT('Ctrl Pts',(-5.23731714005602,4.05,-4.99530530119578));
#6616=CARTESIAN_POINT('Ctrl Pts',(-5.23731714005602,3.95,-4.99530530119578));
#6617=CARTESIAN_POINT('Ctrl Pts',(-5.26391932140863,4.05,-5.02669380660936));
#6618=CARTESIAN_POINT('Ctrl Pts',(-5.26391932140863,3.95,-5.02669380660936));
#6619=CARTESIAN_POINT('',(-5.13096937309777,4.05,-4.76586864944383));
#6620=CARTESIAN_POINT('Ctrl Pts',(-5.13096937309777,4.05,-4.76586864944383));
#6621=CARTESIAN_POINT('Ctrl Pts',(-5.14647499648259,4.05,-4.82262041445565));
#6622=CARTESIAN_POINT('Ctrl Pts',(-5.17288392876261,4.05,-4.91927912218849));
#6623=CARTESIAN_POINT('Ctrl Pts',(-5.23731714005602,4.05,-4.99530530119578));
#6624=CARTESIAN_POINT('Ctrl Pts',(-5.26391932140863,4.05,-5.02669380660936));
#6625=CARTESIAN_POINT('',(-5.13096937309777,3.95,-4.76586864944383));
#6626=CARTESIAN_POINT('Ctrl Pts',(-5.13096937309777,3.95,-4.76586864944383));
#6627=CARTESIAN_POINT('Ctrl Pts',(-5.14647499648259,3.95,-4.82262041445565));
#6628=CARTESIAN_POINT('Ctrl Pts',(-5.17288392876261,3.95,-4.91927912218849));
#6629=CARTESIAN_POINT('Ctrl Pts',(-5.23731714005602,3.95,-4.99530530119578));
#6630=CARTESIAN_POINT('Ctrl Pts',(-5.26391932140863,3.95,-5.02669380660936));
#6631=CARTESIAN_POINT('',(-5.13096937309777,4.05,-4.76586864944383));
#6632=CARTESIAN_POINT('Ctrl Pts',(-5.07819542061364,4.05,-4.04631511922762));
#6633=CARTESIAN_POINT('Ctrl Pts',(-5.07819542061364,3.95,-4.04631511922762));
#6634=CARTESIAN_POINT('Ctrl Pts',(-5.07758449356933,4.05,-4.19398829717641));
#6635=CARTESIAN_POINT('Ctrl Pts',(-5.07758449356933,3.95,-4.19398829717641));
#6636=CARTESIAN_POINT('Ctrl Pts',(-5.07658561807703,4.05,-4.43543630589742));
#6637=CARTESIAN_POINT('Ctrl Pts',(-5.07658561807703,3.95,-4.43543630589742));
#6638=CARTESIAN_POINT('Ctrl Pts',(-5.11575612739072,4.05,-4.67343390620088));
#6639=CARTESIAN_POINT('Ctrl Pts',(-5.11575612739072,3.95,-4.67343390620088));
#6640=CARTESIAN_POINT('Ctrl Pts',(-5.13096937309777,4.05,-4.76586864944383));
#6641=CARTESIAN_POINT('Ctrl Pts',(-5.13096937309777,3.95,-4.76586864944383));
#6642=CARTESIAN_POINT('',(-5.07819542061364,4.05,-4.04631511922762));
#6643=CARTESIAN_POINT('Ctrl Pts',(-5.07819542061364,4.05,-4.04631511922762));
#6644=CARTESIAN_POINT('Ctrl Pts',(-5.07758449356933,4.05,-4.19398829717641));
#6645=CARTESIAN_POINT('Ctrl Pts',(-5.07658561807703,4.05,-4.43543630589742));
#6646=CARTESIAN_POINT('Ctrl Pts',(-5.11575612739072,4.05,-4.67343390620088));
#6647=CARTESIAN_POINT('Ctrl Pts',(-5.13096937309777,4.05,-4.76586864944383));
#6648=CARTESIAN_POINT('',(-5.07819542061364,3.95,-4.04631511922762));
#6649=CARTESIAN_POINT('Ctrl Pts',(-5.07819542061364,3.95,-4.04631511922762));
#6650=CARTESIAN_POINT('Ctrl Pts',(-5.07758449356933,3.95,-4.19398829717641));
#6651=CARTESIAN_POINT('Ctrl Pts',(-5.07658561807703,3.95,-4.43543630589742));
#6652=CARTESIAN_POINT('Ctrl Pts',(-5.11575612739072,3.95,-4.67343390620088));
#6653=CARTESIAN_POINT('Ctrl Pts',(-5.13096937309777,3.95,-4.76586864944383));
#6654=CARTESIAN_POINT('',(-5.07819542061364,4.05,-4.04631511922762));
#6655=CARTESIAN_POINT('Ctrl Pts',(-5.13705917965448,4.05,-3.30138967986986));
#6656=CARTESIAN_POINT('Ctrl Pts',(-5.13705917965448,3.95,-3.30138967986986));
#6657=CARTESIAN_POINT('Ctrl Pts',(-5.12005105116712,4.05,-3.40013354788113));
#6658=CARTESIAN_POINT('Ctrl Pts',(-5.12005105116712,3.95,-3.40013354788113));
#6659=CARTESIAN_POINT('Ctrl Pts',(-5.07763640757522,4.05,-3.64637968670232));
#6660=CARTESIAN_POINT('Ctrl Pts',(-5.07763640757522,3.95,-3.64637968670232));
#6661=CARTESIAN_POINT('Ctrl Pts',(-5.07798600848508,4.05,-3.89649512495743));
#6662=CARTESIAN_POINT('Ctrl Pts',(-5.07798600848508,3.95,-3.89649512495743));
#6663=CARTESIAN_POINT('Ctrl Pts',(-5.07819542061364,4.05,-4.04631511922762));
#6664=CARTESIAN_POINT('Ctrl Pts',(-5.07819542061364,3.95,-4.04631511922762));
#6665=CARTESIAN_POINT('',(-5.13705917965448,4.05,-3.30138967986986));
#6666=CARTESIAN_POINT('Ctrl Pts',(-5.13705917965448,4.05,-3.30138967986986));
#6667=CARTESIAN_POINT('Ctrl Pts',(-5.12005105116712,4.05,-3.40013354788113));
#6668=CARTESIAN_POINT('Ctrl Pts',(-5.07763640757522,4.05,-3.64637968670232));
#6669=CARTESIAN_POINT('Ctrl Pts',(-5.07798600848508,4.05,-3.89649512495743));
#6670=CARTESIAN_POINT('Ctrl Pts',(-5.07819542061364,4.05,-4.04631511922762));
#6671=CARTESIAN_POINT('',(-5.13705917965448,3.95,-3.30138967986986));
#6672=CARTESIAN_POINT('Ctrl Pts',(-5.13705917965448,3.95,-3.30138967986986));
#6673=CARTESIAN_POINT('Ctrl Pts',(-5.12005105116712,3.95,-3.40013354788113));
#6674=CARTESIAN_POINT('Ctrl Pts',(-5.07763640757522,3.95,-3.64637968670232));
#6675=CARTESIAN_POINT('Ctrl Pts',(-5.07798600848508,3.95,-3.89649512495743));
#6676=CARTESIAN_POINT('Ctrl Pts',(-5.07819542061364,3.95,-4.04631511922762));
#6677=CARTESIAN_POINT('',(-5.13705917965448,4.05,-3.30138967986986));
#6678=CARTESIAN_POINT('Ctrl Pts',(-5.26290485035455,4.05,-3.06492136474535));
#6679=CARTESIAN_POINT('Ctrl Pts',(-5.26290485035455,3.95,-3.06492136474535));
#6680=CARTESIAN_POINT('Ctrl Pts',(-5.23663978997228,4.05,-3.09436451622659));
#6681=CARTESIAN_POINT('Ctrl Pts',(-5.23663978997228,3.95,-3.09436451622659));
#6682=CARTESIAN_POINT('Ctrl Pts',(-5.17577170517868,4.05,-3.16259768283151));
#6683=CARTESIAN_POINT('Ctrl Pts',(-5.17577170517868,3.95,-3.16259768283151));
#6684=CARTESIAN_POINT('Ctrl Pts',(-5.15109034025263,4.05,-3.25108521706838));
#6685=CARTESIAN_POINT('Ctrl Pts',(-5.15109034025263,3.95,-3.25108521706838));
#6686=CARTESIAN_POINT('Ctrl Pts',(-5.13705917965448,4.05,-3.30138967986986));
#6687=CARTESIAN_POINT('Ctrl Pts',(-5.13705917965448,3.95,-3.30138967986986));
#6688=CARTESIAN_POINT('',(-5.26290485035455,4.05,-3.06492136474535));
#6689=CARTESIAN_POINT('Ctrl Pts',(-5.26290485035455,4.05,-3.06492136474535));
#6690=CARTESIAN_POINT('Ctrl Pts',(-5.23663978997228,4.05,-3.09436451622659));
#6691=CARTESIAN_POINT('Ctrl Pts',(-5.17577170517868,4.05,-3.16259768283151));
#6692=CARTESIAN_POINT('Ctrl Pts',(-5.15109034025263,4.05,-3.25108521706838));
#6693=CARTESIAN_POINT('Ctrl Pts',(-5.13705917965448,4.05,-3.30138967986986));
#6694=CARTESIAN_POINT('',(-5.26290485035455,3.95,-3.06492136474535));
#6695=CARTESIAN_POINT('Ctrl Pts',(-5.26290485035455,3.95,-3.06492136474535));
#6696=CARTESIAN_POINT('Ctrl Pts',(-5.23663978997228,3.95,-3.09436451622659));
#6697=CARTESIAN_POINT('Ctrl Pts',(-5.17577170517868,3.95,-3.16259768283151));
#6698=CARTESIAN_POINT('Ctrl Pts',(-5.15109034025263,3.95,-3.25108521706838));
#6699=CARTESIAN_POINT('Ctrl Pts',(-5.13705917965448,3.95,-3.30138967986986));
#6700=CARTESIAN_POINT('',(-5.26290485035455,4.05,-3.06492136474535));
#6701=CARTESIAN_POINT('Ctrl Pts',(-5.44761368404901,4.05,-2.99895362611696));
#6702=CARTESIAN_POINT('Ctrl Pts',(-5.44761368404901,3.95,-2.99895362611696));
#6703=CARTESIAN_POINT('Ctrl Pts',(-5.41399932748184,4.05,-3.00173370957917));
#6704=CARTESIAN_POINT('Ctrl Pts',(-5.41399932748184,3.95,-3.00173370957917));
#6705=CARTESIAN_POINT('Ctrl Pts',(-5.34657729006406,4.05,-3.00730986543504));
#6706=CARTESIAN_POINT('Ctrl Pts',(-5.34657729006406,3.95,-3.00730986543504));
#6707=CARTESIAN_POINT('Ctrl Pts',(-5.29084892830003,4.05,-3.04568085696438));
#6708=CARTESIAN_POINT('Ctrl Pts',(-5.29084892830003,3.95,-3.04568085696438));
#6709=CARTESIAN_POINT('Ctrl Pts',(-5.26290485035455,4.05,-3.06492136474535));
#6710=CARTESIAN_POINT('Ctrl Pts',(-5.26290485035455,3.95,-3.06492136474535));
#6711=CARTESIAN_POINT('',(-5.44761368404901,4.05,-2.99895362611696));
#6712=CARTESIAN_POINT('Ctrl Pts',(-5.44761368404901,4.05,-2.99895362611696));
#6713=CARTESIAN_POINT('Ctrl Pts',(-5.41399932748184,4.05,-3.00173370957917));
#6714=CARTESIAN_POINT('Ctrl Pts',(-5.34657729006406,4.05,-3.00730986543504));
#6715=CARTESIAN_POINT('Ctrl Pts',(-5.29084892830003,4.05,-3.04568085696438));
#6716=CARTESIAN_POINT('Ctrl Pts',(-5.26290485035455,4.05,-3.06492136474535));
#6717=CARTESIAN_POINT('',(-5.44761368404901,3.95,-2.99895362611696));
#6718=CARTESIAN_POINT('Ctrl Pts',(-5.44761368404901,3.95,-2.99895362611696));
#6719=CARTESIAN_POINT('Ctrl Pts',(-5.41399932748184,3.95,-3.00173370957917));
#6720=CARTESIAN_POINT('Ctrl Pts',(-5.34657729006406,3.95,-3.00730986543504));
#6721=CARTESIAN_POINT('Ctrl Pts',(-5.29084892830003,3.95,-3.04568085696438));
#6722=CARTESIAN_POINT('Ctrl Pts',(-5.26290485035455,3.95,-3.06492136474535));
#6723=CARTESIAN_POINT('',(-5.44761368404901,4.05,-2.99895362611696));
#6724=CARTESIAN_POINT('Ctrl Pts',(-5.63130804668939,4.05,-3.06492136474535));
#6725=CARTESIAN_POINT('Ctrl Pts',(-5.63130804668939,3.95,-3.06492136474535));
#6726=CARTESIAN_POINT('Ctrl Pts',(-5.60362404737108,4.05,-3.04568081523842));
#6727=CARTESIAN_POINT('Ctrl Pts',(-5.60362404737108,3.95,-3.04568081523842));
#6728=CARTESIAN_POINT('Ctrl Pts',(-5.54830112929632,4.05,-3.00723104749185));
#6729=CARTESIAN_POINT('Ctrl Pts',(-5.54830112929632,3.95,-3.00723104749185));
#6730=CARTESIAN_POINT('Ctrl Pts',(-5.48115792830974,4.05,-3.00171126728827));
#6731=CARTESIAN_POINT('Ctrl Pts',(-5.48115792830974,3.95,-3.00171126728827));
#6732=CARTESIAN_POINT('Ctrl Pts',(-5.44761368404901,4.05,-2.99895362611696));
#6733=CARTESIAN_POINT('Ctrl Pts',(-5.44761368404901,3.95,-2.99895362611696));
#6734=CARTESIAN_POINT('Ctrl Pts',(-5.63130804668939,4.05,-3.06492136474535));
#6735=CARTESIAN_POINT('Ctrl Pts',(-5.60362404737108,4.05,-3.04568081523842));
#6736=CARTESIAN_POINT('Ctrl Pts',(-5.54830112929632,4.05,-3.00723104749185));
#6737=CARTESIAN_POINT('Ctrl Pts',(-5.48115792830974,4.05,-3.00171126728827));
#6738=CARTESIAN_POINT('Ctrl Pts',(-5.44761368404901,4.05,-2.99895362611696));
#6739=CARTESIAN_POINT('Ctrl Pts',(-5.63130804668939,3.95,-3.06492136474535));
#6740=CARTESIAN_POINT('Ctrl Pts',(-5.60362404737108,3.95,-3.04568081523842));
#6741=CARTESIAN_POINT('Ctrl Pts',(-5.54830112929632,3.95,-3.00723104749185));
#6742=CARTESIAN_POINT('Ctrl Pts',(-5.48115792830974,3.95,-3.00171126728827));
#6743=CARTESIAN_POINT('Ctrl Pts',(-5.44761368404901,3.95,-2.99895362611696));
#6744=CARTESIAN_POINT('Ctrl Pts',(-4.4814432538656,4.05,-4.04022561069414));
#6745=CARTESIAN_POINT('Ctrl Pts',(-4.4814432538656,3.95,-4.04022561069414));
#6746=CARTESIAN_POINT('Ctrl Pts',(-4.48419610433152,4.05,-3.79357036823395));
#6747=CARTESIAN_POINT('Ctrl Pts',(-4.48419610433152,3.95,-3.79357036823395));
#6748=CARTESIAN_POINT('Ctrl Pts',(-4.48897373260406,4.05,-3.36549515146046));
#6749=CARTESIAN_POINT('Ctrl Pts',(-4.48897373260406,3.95,-3.36549515146046));
#6750=CARTESIAN_POINT('Ctrl Pts',(-4.68897064303985,4.05,-2.98973256145335));
#6751=CARTESIAN_POINT('Ctrl Pts',(-4.68897064303985,3.95,-2.98973256145335));
#6752=CARTESIAN_POINT('Ctrl Pts',(-4.77373012672937,4.05,-2.83048288579866));
#6753=CARTESIAN_POINT('Ctrl Pts',(-4.77373012672937,3.95,-2.83048288579866));
#6754=CARTESIAN_POINT('',(-4.4814432538656,4.05,-4.04022561069414));
#6755=CARTESIAN_POINT('',(-4.77373012672937,4.05,-2.83048288579866));
#6756=CARTESIAN_POINT('Ctrl Pts',(-4.4814432538656,4.05,-4.04022561069414));
#6757=CARTESIAN_POINT('Ctrl Pts',(-4.48419610433152,4.05,-3.79357036823395));
#6758=CARTESIAN_POINT('Ctrl Pts',(-4.48897373260406,4.05,-3.36549515146046));
#6759=CARTESIAN_POINT('Ctrl Pts',(-4.68897064303985,4.05,-2.98973256145335));
#6760=CARTESIAN_POINT('Ctrl Pts',(-4.77373012672937,4.05,-2.83048288579866));
#6761=CARTESIAN_POINT('',(-4.77373012672937,3.95,-2.83048288579866));
#6762=CARTESIAN_POINT('',(-4.77373012672937,4.05,-2.83048288579866));
#6763=CARTESIAN_POINT('',(-4.4814432538656,3.95,-4.04022561069414));
#6764=CARTESIAN_POINT('Ctrl Pts',(-4.4814432538656,3.95,-4.04022561069414));
#6765=CARTESIAN_POINT('Ctrl Pts',(-4.48419610433152,3.95,-3.79357036823395));
#6766=CARTESIAN_POINT('Ctrl Pts',(-4.48897373260406,3.95,-3.36549515146046));
#6767=CARTESIAN_POINT('Ctrl Pts',(-4.68897064303985,3.95,-2.98973256145335));
#6768=CARTESIAN_POINT('Ctrl Pts',(-4.77373012672937,3.95,-2.83048288579866));
#6769=CARTESIAN_POINT('',(-4.4814432538656,4.05,-4.04022561069414));
#6770=CARTESIAN_POINT('Ctrl Pts',(-4.7473431504873,4.05,-5.23068593498155));
#6771=CARTESIAN_POINT('Ctrl Pts',(-4.7473431504873,3.95,-5.23068593498155));
#6772=CARTESIAN_POINT('Ctrl Pts',(-4.67040320442729,4.05,-5.07848560805527));
#6773=CARTESIAN_POINT('Ctrl Pts',(-4.67040320442729,3.95,-5.07848560805527));
#6774=CARTESIAN_POINT('Ctrl Pts',(-4.48252842829233,4.05,-4.70683727954409));
#6775=CARTESIAN_POINT('Ctrl Pts',(-4.48252842829233,3.95,-4.70683727954409));
#6776=CARTESIAN_POINT('Ctrl Pts',(-4.48184613127693,4.05,-4.28770912753227));
#6777=CARTESIAN_POINT('Ctrl Pts',(-4.48184613127693,3.95,-4.28770912753227));
#6778=CARTESIAN_POINT('Ctrl Pts',(-4.4814432538656,4.05,-4.04022561069414));
#6779=CARTESIAN_POINT('Ctrl Pts',(-4.4814432538656,3.95,-4.04022561069414));
#6780=CARTESIAN_POINT('',(-4.7473431504873,4.05,-5.23068593498155));
#6781=CARTESIAN_POINT('Ctrl Pts',(-4.7473431504873,4.05,-5.23068593498155));
#6782=CARTESIAN_POINT('Ctrl Pts',(-4.67040320442729,4.05,-5.07848560805527));
#6783=CARTESIAN_POINT('Ctrl Pts',(-4.48252842829233,4.05,-4.70683727954409));
#6784=CARTESIAN_POINT('Ctrl Pts',(-4.48184613127693,4.05,-4.28770912753227));
#6785=CARTESIAN_POINT('Ctrl Pts',(-4.4814432538656,4.05,-4.04022561069414));
#6786=CARTESIAN_POINT('',(-4.7473431504873,3.95,-5.23068593498155));
#6787=CARTESIAN_POINT('Ctrl Pts',(-4.7473431504873,3.95,-5.23068593498155));
#6788=CARTESIAN_POINT('Ctrl Pts',(-4.67040320442729,3.95,-5.07848560805527));
#6789=CARTESIAN_POINT('Ctrl Pts',(-4.48252842829233,3.95,-4.70683727954409));
#6790=CARTESIAN_POINT('Ctrl Pts',(-4.48184613127693,3.95,-4.28770912753227));
#6791=CARTESIAN_POINT('Ctrl Pts',(-4.4814432538656,3.95,-4.04022561069414));
#6792=CARTESIAN_POINT('',(-4.7473431504873,4.05,-5.23068593498155));
#6793=CARTESIAN_POINT('Ctrl Pts',(-5.44761368404901,4.05,-5.56458281036302));
#6794=CARTESIAN_POINT('Ctrl Pts',(-5.44761368404901,3.95,-5.56458281036302));
#6795=CARTESIAN_POINT('Ctrl Pts',(-5.31007157564184,4.05,-5.55095608130654));
#6796=CARTESIAN_POINT('Ctrl Pts',(-5.31007157564184,3.95,-5.55095608130654));
#6797=CARTESIAN_POINT('Ctrl Pts',(-5.03638146435072,4.05,-5.52384074161025));
#6798=CARTESIAN_POINT('Ctrl Pts',(-5.03638146435072,3.95,-5.52384074161025));
#6799=CARTESIAN_POINT('Ctrl Pts',(-4.84336152415335,4.05,-5.32807180534811));
#6800=CARTESIAN_POINT('Ctrl Pts',(-4.84336152415335,3.95,-5.32807180534811));
#6801=CARTESIAN_POINT('Ctrl Pts',(-4.7473431504873,4.05,-5.23068593498155));
#6802=CARTESIAN_POINT('Ctrl Pts',(-4.7473431504873,3.95,-5.23068593498155));
#6803=CARTESIAN_POINT('',(-5.44761368404901,4.05,-5.56458281036302));
#6804=CARTESIAN_POINT('Ctrl Pts',(-5.44761368404901,4.05,-5.56458281036302));
#6805=CARTESIAN_POINT('Ctrl Pts',(-5.31007157564184,4.05,-5.55095608130654));
#6806=CARTESIAN_POINT('Ctrl Pts',(-5.03638146435072,4.05,-5.52384074161025));
#6807=CARTESIAN_POINT('Ctrl Pts',(-4.84336152415335,4.05,-5.32807180534811));
#6808=CARTESIAN_POINT('Ctrl Pts',(-4.7473431504873,4.05,-5.23068593498155));
#6809=CARTESIAN_POINT('',(-5.44761368404901,3.95,-5.56458281036302));
#6810=CARTESIAN_POINT('Ctrl Pts',(-5.44761368404901,3.95,-5.56458281036302));
#6811=CARTESIAN_POINT('Ctrl Pts',(-5.31007157564184,3.95,-5.55095608130654));
#6812=CARTESIAN_POINT('Ctrl Pts',(-5.03638146435072,3.95,-5.52384074161025));
#6813=CARTESIAN_POINT('Ctrl Pts',(-4.84336152415335,3.95,-5.32807180534811));
#6814=CARTESIAN_POINT('Ctrl Pts',(-4.7473431504873,3.95,-5.23068593498155));
#6815=CARTESIAN_POINT('',(-5.44761368404901,4.05,-5.56458281036302));
#6816=CARTESIAN_POINT('Ctrl Pts',(-6.12149724136865,4.05,-5.26011751647875));
#6817=CARTESIAN_POINT('Ctrl Pts',(-6.12149724136865,3.95,-5.26011751647875));
#6818=CARTESIAN_POINT('Ctrl Pts',(-6.03091841679311,4.05,-5.34889623503259));
#6819=CARTESIAN_POINT('Ctrl Pts',(-6.03091841679311,3.95,-5.34889623503259));
#6820=CARTESIAN_POINT('Ctrl Pts',(-5.84396401609238,4.05,-5.53213522273187));
#6821=CARTESIAN_POINT('Ctrl Pts',(-5.84396401609238,3.95,-5.53213522273187));
#6822=CARTESIAN_POINT('Ctrl Pts',(-5.58243348683168,4.05,-5.55354566213445));
#6823=CARTESIAN_POINT('Ctrl Pts',(-5.58243348683168,3.95,-5.55354566213445));
#6824=CARTESIAN_POINT('Ctrl Pts',(-5.44761368404901,4.05,-5.56458281036302));
#6825=CARTESIAN_POINT('Ctrl Pts',(-5.44761368404901,3.95,-5.56458281036302));
#6826=CARTESIAN_POINT('',(-6.12149724136865,4.05,-5.26011751647875));
#6827=CARTESIAN_POINT('Ctrl Pts',(-6.12149724136865,4.05,-5.26011751647875));
#6828=CARTESIAN_POINT('Ctrl Pts',(-6.03091841679311,4.05,-5.34889623503259));
#6829=CARTESIAN_POINT('Ctrl Pts',(-5.84396401609238,4.05,-5.53213522273187));
#6830=CARTESIAN_POINT('Ctrl Pts',(-5.58243348683168,4.05,-5.55354566213445));
#6831=CARTESIAN_POINT('Ctrl Pts',(-5.44761368404901,4.05,-5.56458281036302));
#6832=CARTESIAN_POINT('',(-6.12149724136865,3.95,-5.26011751647875));
#6833=CARTESIAN_POINT('Ctrl Pts',(-6.12149724136865,3.95,-5.26011751647875));
#6834=CARTESIAN_POINT('Ctrl Pts',(-6.03091841679311,3.95,-5.34889623503259));
#6835=CARTESIAN_POINT('Ctrl Pts',(-5.84396401609238,3.95,-5.53213522273187));
#6836=CARTESIAN_POINT('Ctrl Pts',(-5.58243348683168,3.95,-5.55354566213445));
#6837=CARTESIAN_POINT('Ctrl Pts',(-5.44761368404901,3.95,-5.56458281036302));
#6838=CARTESIAN_POINT('',(-6.12149724136865,4.05,-5.26011751647875));
#6839=CARTESIAN_POINT('Ctrl Pts',(-6.41378411423242,4.05,-4.04631511922762));
#6840=CARTESIAN_POINT('Ctrl Pts',(-6.41378411423242,3.95,-4.04631511922762));
#6841=CARTESIAN_POINT('Ctrl Pts',(-6.41112327175738,4.05,-4.2939960547766));
#6842=CARTESIAN_POINT('Ctrl Pts',(-6.41112327175738,3.95,-4.2939960547766));
#6843=CARTESIAN_POINT('Ctrl Pts',(-6.40651007811166,4.05,-4.7234089677));
#6844=CARTESIAN_POINT('Ctrl Pts',(-6.40651007811166,3.95,-4.7234089677));
#6845=CARTESIAN_POINT('Ctrl Pts',(-6.20624955987885,4.05,-5.10052016502943));
#6846=CARTESIAN_POINT('Ctrl Pts',(-6.20624955987885,3.95,-5.10052016502943));
#6847=CARTESIAN_POINT('Ctrl Pts',(-6.12149724136865,4.05,-5.26011751647875));
#6848=CARTESIAN_POINT('Ctrl Pts',(-6.12149724136865,3.95,-5.26011751647875));
#6849=CARTESIAN_POINT('',(-6.41378411423242,4.05,-4.04631511922762));
#6850=CARTESIAN_POINT('Ctrl Pts',(-6.41378411423242,4.05,-4.04631511922762));
#6851=CARTESIAN_POINT('Ctrl Pts',(-6.41112327175738,4.05,-4.2939960547766));
#6852=CARTESIAN_POINT('Ctrl Pts',(-6.40651007811166,4.05,-4.7234089677));
#6853=CARTESIAN_POINT('Ctrl Pts',(-6.20624955987885,4.05,-5.10052016502943));
#6854=CARTESIAN_POINT('Ctrl Pts',(-6.12149724136865,4.05,-5.26011751647875));
#6855=CARTESIAN_POINT('',(-6.41378411423242,3.95,-4.04631511922762));
#6856=CARTESIAN_POINT('Ctrl Pts',(-6.41378411423242,3.95,-4.04631511922762));
#6857=CARTESIAN_POINT('Ctrl Pts',(-6.41112327175738,3.95,-4.2939960547766));
#6858=CARTESIAN_POINT('Ctrl Pts',(-6.40651007811166,3.95,-4.7234089677));
#6859=CARTESIAN_POINT('Ctrl Pts',(-6.20624955987885,3.95,-5.10052016502943));
#6860=CARTESIAN_POINT('Ctrl Pts',(-6.12149724136865,3.95,-5.26011751647875));
#6861=CARTESIAN_POINT('',(-6.41378411423242,4.05,-4.04631511922762));
#6862=CARTESIAN_POINT('Ctrl Pts',(-6.1235273755697,4.05,-2.83454226013109));
#6863=CARTESIAN_POINT('Ctrl Pts',(-6.1235273755697,3.95,-2.83454226013109));
#6864=CARTESIAN_POINT('Ctrl Pts',(-6.2076730485698,4.05,-2.99332924269261));
#6865=CARTESIAN_POINT('Ctrl Pts',(-6.2076730485698,3.95,-2.99332924269261));
#6866=CARTESIAN_POINT('Ctrl Pts',(-6.40720506176059,4.05,-3.36985586811939));
#6867=CARTESIAN_POINT('Ctrl Pts',(-6.40720506176059,3.95,-3.36985586811939));
#6868=CARTESIAN_POINT('Ctrl Pts',(-6.41137354406877,4.05,-3.79845990077052));
#6869=CARTESIAN_POINT('Ctrl Pts',(-6.41137354406877,3.95,-3.79845990077052));
#6870=CARTESIAN_POINT('Ctrl Pts',(-6.41378411423242,4.05,-4.04631511922762));
#6871=CARTESIAN_POINT('Ctrl Pts',(-6.41378411423242,3.95,-4.04631511922762));
#6872=CARTESIAN_POINT('',(-6.1235273755697,4.05,-2.83454226013109));
#6873=CARTESIAN_POINT('Ctrl Pts',(-6.1235273755697,4.05,-2.83454226013109));
#6874=CARTESIAN_POINT('Ctrl Pts',(-6.2076730485698,4.05,-2.99332924269261));
#6875=CARTESIAN_POINT('Ctrl Pts',(-6.40720506176059,4.05,-3.36985586811939));
#6876=CARTESIAN_POINT('Ctrl Pts',(-6.41137354406877,4.05,-3.79845990077052));
#6877=CARTESIAN_POINT('Ctrl Pts',(-6.41378411423242,4.05,-4.04631511922762));
#6878=CARTESIAN_POINT('',(-6.1235273755697,3.95,-2.83454226013109));
#6879=CARTESIAN_POINT('Ctrl Pts',(-6.1235273755697,3.95,-2.83454226013109));
#6880=CARTESIAN_POINT('Ctrl Pts',(-6.2076730485698,3.95,-2.99332924269261));
#6881=CARTESIAN_POINT('Ctrl Pts',(-6.40720506176059,3.95,-3.36985586811939));
#6882=CARTESIAN_POINT('Ctrl Pts',(-6.41137354406877,3.95,-3.79845990077052));
#6883=CARTESIAN_POINT('Ctrl Pts',(-6.41378411423242,3.95,-4.04631511922762));
#6884=CARTESIAN_POINT('',(-6.1235273755697,4.05,-2.83454226013109));
#6885=CARTESIAN_POINT('Ctrl Pts',(-5.44761368404901,4.05,-2.52601729389116));
#6886=CARTESIAN_POINT('Ctrl Pts',(-5.44761368404901,3.95,-2.52601729389116));
#6887=CARTESIAN_POINT('Ctrl Pts',(-5.58265979869169,4.05,-2.53738567028096));
#6888=CARTESIAN_POINT('Ctrl Pts',(-5.58265979869169,3.95,-2.53738567028096));
#6889=CARTESIAN_POINT('Ctrl Pts',(-5.8454647792415,4.05,-2.55950897196875));
#6890=CARTESIAN_POINT('Ctrl Pts',(-5.8454647792415,3.95,-2.55950897196875));
#6891=CARTESIAN_POINT('Ctrl Pts',(-6.03256923318055,4.05,-2.74457504657282));
#6892=CARTESIAN_POINT('Ctrl Pts',(-6.03256923318055,3.95,-2.74457504657282));
#6893=CARTESIAN_POINT('Ctrl Pts',(-6.1235273755697,4.05,-2.83454226013109));
#6894=CARTESIAN_POINT('Ctrl Pts',(-6.1235273755697,3.95,-2.83454226013109));
#6895=CARTESIAN_POINT('',(-5.44761368404901,4.05,-2.52601729389116));
#6896=CARTESIAN_POINT('Ctrl Pts',(-5.44761368404901,4.05,-2.52601729389116));
#6897=CARTESIAN_POINT('Ctrl Pts',(-5.58265979869169,4.05,-2.53738567028096));
#6898=CARTESIAN_POINT('Ctrl Pts',(-5.8454647792415,4.05,-2.55950897196875));
#6899=CARTESIAN_POINT('Ctrl Pts',(-6.03256923318055,4.05,-2.74457504657282));
#6900=CARTESIAN_POINT('Ctrl Pts',(-6.1235273755697,4.05,-2.83454226013109));
#6901=CARTESIAN_POINT('',(-5.44761368404901,3.95,-2.52601729389116));
#6902=CARTESIAN_POINT('Ctrl Pts',(-5.44761368404901,3.95,-2.52601729389116));
#6903=CARTESIAN_POINT('Ctrl Pts',(-5.58265979869169,3.95,-2.53738567028096));
#6904=CARTESIAN_POINT('Ctrl Pts',(-5.8454647792415,3.95,-2.55950897196875));
#6905=CARTESIAN_POINT('Ctrl Pts',(-6.03256923318055,3.95,-2.74457504657282));
#6906=CARTESIAN_POINT('Ctrl Pts',(-6.1235273755697,3.95,-2.83454226013109));
#6907=CARTESIAN_POINT('',(-5.44761368404901,4.05,-2.52601729389116));
#6908=CARTESIAN_POINT('Ctrl Pts',(-4.77373012672937,4.05,-2.83048288579866));
#6909=CARTESIAN_POINT('Ctrl Pts',(-4.77373012672937,3.95,-2.83048288579866));
#6910=CARTESIAN_POINT('Ctrl Pts',(-4.86430873201465,4.05,-2.74170404553517));
#6911=CARTESIAN_POINT('Ctrl Pts',(-4.86430873201465,3.95,-2.74170404553517));
#6912=CARTESIAN_POINT('Ctrl Pts',(-5.05126289787019,4.05,-2.55846459318536));
#6913=CARTESIAN_POINT('Ctrl Pts',(-5.05126289787019,3.95,-2.55846459318536));
#6914=CARTESIAN_POINT('Ctrl Pts',(-5.31279362939988,4.05,-2.53705435201393));
#6915=CARTESIAN_POINT('Ctrl Pts',(-5.31279362939988,3.95,-2.53705435201393));
#6916=CARTESIAN_POINT('Ctrl Pts',(-5.44761368404901,4.05,-2.52601729389116));
#6917=CARTESIAN_POINT('Ctrl Pts',(-5.44761368404901,3.95,-2.52601729389116));
#6918=CARTESIAN_POINT('Ctrl Pts',(-4.77373012672937,4.05,-2.83048288579866));
#6919=CARTESIAN_POINT('Ctrl Pts',(-4.86430873201465,4.05,-2.74170404553517));
#6920=CARTESIAN_POINT('Ctrl Pts',(-5.05126289787019,4.05,-2.55846459318536));
#6921=CARTESIAN_POINT('Ctrl Pts',(-5.31279362939988,4.05,-2.53705435201393));
#6922=CARTESIAN_POINT('Ctrl Pts',(-5.44761368404901,4.05,-2.52601729389116));
#6923=CARTESIAN_POINT('Ctrl Pts',(-4.77373012672937,3.95,-2.83048288579866));
#6924=CARTESIAN_POINT('Ctrl Pts',(-4.86430873201465,3.95,-2.74170404553517));
#6925=CARTESIAN_POINT('Ctrl Pts',(-5.05126289787019,3.95,-2.55846459318536));
#6926=CARTESIAN_POINT('Ctrl Pts',(-5.31279362939988,3.95,-2.53705435201393));
#6927=CARTESIAN_POINT('Ctrl Pts',(-5.44761368404901,3.95,-2.52601729389116));
#6928=CARTESIAN_POINT('Origin',(-1.54538103710687,4.05,-4.04530005212709));
#6929=CARTESIAN_POINT('Origin',(-1.55197207945482,3.95,-4.05));
#6930=CARTESIAN_POINT('',(3.64802792054518,3.95,-1.4));
#6931=CARTESIAN_POINT('',(-6.75197207945482,3.95,-1.4));
#6932=CARTESIAN_POINT('',(3.64802792054518,3.95,-1.4));
#6933=CARTESIAN_POINT('',(3.64802792054518,3.95,-6.7));
#6934=CARTESIAN_POINT('',(3.64802792054518,3.95,-6.7));
#6935=CARTESIAN_POINT('',(-6.75197207945482,3.95,-6.7));
#6936=CARTESIAN_POINT('',(-6.75197207945482,3.95,-6.7));
#6937=CARTESIAN_POINT('',(-6.75197207945482,3.95,-1.4));
#6938=CARTESIAN_POINT('',(-3.25749286781823,3.95,-2.52601729389116));
#6939=CARTESIAN_POINT('',(-3.81872424255883,3.95,-2.7158008670418));
#6940=CARTESIAN_POINT('Ctrl Pts',(-3.25749286781823,3.95,-2.52601729389116));
#6941=CARTESIAN_POINT('Ctrl Pts',(-3.36397107584885,3.95,-2.53255798696544));
#6942=CARTESIAN_POINT('Ctrl Pts',(-3.56861199163914,3.95,-2.5451285724907));
#6943=CARTESIAN_POINT('Ctrl Pts',(-3.73764299423588,3.95,-2.66047241893316));
#6944=CARTESIAN_POINT('Ctrl Pts',(-3.81872424255883,3.95,-2.7158008670418));
#6945=CARTESIAN_POINT('',(-4.10187670361077,3.95,-3.2668835079281));
#6946=CARTESIAN_POINT('Ctrl Pts',(-3.81872424255883,3.95,-2.7158008670418));
#6947=CARTESIAN_POINT('Ctrl Pts',(-3.88659192120466,3.95,-2.78953922832793));
#6948=CARTESIAN_POINT('Ctrl Pts',(-4.03123986026208,3.95,-2.94669948785549));
#6949=CARTESIAN_POINT('Ctrl Pts',(-4.07738336789305,3.95,-3.15585965234079));
#6950=CARTESIAN_POINT('Ctrl Pts',(-4.10187670361077,3.95,-3.2668835079281));
#6951=CARTESIAN_POINT('',(-3.549779740682,3.95,-3.32777665611192));
#6952=CARTESIAN_POINT('',(-2.79957997062194,3.95,-3.41051941478135));
#6953=CARTESIAN_POINT('',(-3.44423123966729,3.95,-3.07608516570017));
#6954=CARTESIAN_POINT('Ctrl Pts',(-3.549779740682,3.95,-3.32777665611192));
#6955=CARTESIAN_POINT('Ctrl Pts',(-3.54201910717964,3.95,-3.27643968684217));
#6956=CARTESIAN_POINT('Ctrl Pts',(-3.52793175025312,3.95,-3.18325113343239));
#6957=CARTESIAN_POINT('Ctrl Pts',(-3.47017166763859,3.95,-3.10929799854283));
#6958=CARTESIAN_POINT('Ctrl Pts',(-3.44423123966729,3.95,-3.07608516570017));
#6959=CARTESIAN_POINT('',(-3.22298654686486,3.95,-2.99489425178453));
#6960=CARTESIAN_POINT('Ctrl Pts',(-3.44423123966729,3.95,-3.07608516570017));
#6961=CARTESIAN_POINT('Ctrl Pts',(-3.41285405614933,3.95,-3.05241497903231));
#6962=CARTESIAN_POINT('Ctrl Pts',(-3.34747569023233,3.95,-3.00309512454605));
#6963=CARTESIAN_POINT('Ctrl Pts',(-3.26557859062095,3.95,-2.99770005413844));
#6964=CARTESIAN_POINT('Ctrl Pts',(-3.22298654686486,3.95,-2.99489425178453));
#6965=CARTESIAN_POINT('',(-2.91750618588006,3.95,-3.15727593060419));
#6966=CARTESIAN_POINT('Ctrl Pts',(-3.22298654686486,3.95,-2.99489425178453));
#6967=CARTESIAN_POINT('Ctrl Pts',(-3.16439206520241,3.95,-3.00260087453164));
#6968=CARTESIAN_POINT('Ctrl Pts',(-3.04273713647336,3.95,-3.01860150487158));
#6969=CARTESIAN_POINT('Ctrl Pts',(-2.9602590953061,3.95,-3.10993351936347));
#6970=CARTESIAN_POINT('Ctrl Pts',(-2.91750618588006,3.95,-3.15727593060419));
#6971=CARTESIAN_POINT('',(-2.76019879948175,3.95,-3.83318947311327));
#6972=CARTESIAN_POINT('Ctrl Pts',(-2.91750618588006,3.95,-3.15727593060419));
#6973=CARTESIAN_POINT('Ctrl Pts',(-2.87929379794047,3.95,-3.23953131109293));
#6974=CARTESIAN_POINT('Ctrl Pts',(-2.78033095798286,3.95,-3.45255715150435));
#6975=CARTESIAN_POINT('Ctrl Pts',(-2.76785650732755,3.95,-3.68840762493787));
#6976=CARTESIAN_POINT('Ctrl Pts',(-2.76019879948175,3.95,-3.83318947311327));
#6977=CARTESIAN_POINT('',(-3.28996905457055,3.95,-3.5814978336899));
#6978=CARTESIAN_POINT('Ctrl Pts',(-2.76019879948175,3.95,-3.83318947311327));
#6979=CARTESIAN_POINT('Ctrl Pts',(-2.83492124261593,3.95,-3.75978229737315));
#6980=CARTESIAN_POINT('Ctrl Pts',(-2.98263255021435,3.95,-3.61467101004266));
#6981=CARTESIAN_POINT('Ctrl Pts',(-3.18832825270023,3.95,-3.59246870176866));
#6982=CARTESIAN_POINT('Ctrl Pts',(-3.28996905457055,3.95,-3.5814978336899));
#6983=CARTESIAN_POINT('',(-3.90194424759423,3.95,-3.85348694082185));
#6984=CARTESIAN_POINT('Ctrl Pts',(-3.28996905457055,3.95,-3.5814978336899));
#6985=CARTESIAN_POINT('Ctrl Pts',(-3.40527289506443,3.95,-3.59336412952477));
#6986=CARTESIAN_POINT('Ctrl Pts',(-3.63867669083834,3.95,-3.61738447852419));
#6987=CARTESIAN_POINT('Ctrl Pts',(-3.81349032189265,3.95,-3.77416007686876));
#6988=CARTESIAN_POINT('Ctrl Pts',(-3.90194424759423,3.95,-3.85348694082185));
#6989=CARTESIAN_POINT('',(-4.15668079029596,3.95,-4.55578731056139));
#6990=CARTESIAN_POINT('Ctrl Pts',(-3.90194424759423,3.95,-3.85348694082185));
#6991=CARTESIAN_POINT('Ctrl Pts',(-3.97620992523448,3.95,-3.95341113643078));
#6992=CARTESIAN_POINT('Ctrl Pts',(-4.13091948430872,3.95,-4.16157227808754));
#6993=CARTESIAN_POINT('Ctrl Pts',(-4.14786807873221,3.95,-4.4209298861355));
#6994=CARTESIAN_POINT('Ctrl Pts',(-4.15668079029596,3.95,-4.55578731056139));
#6995=CARTESIAN_POINT('',(-3.88875135551965,3.95,-5.28853432889864));
#6996=CARTESIAN_POINT('Ctrl Pts',(-4.15668079029596,3.95,-4.55578731056139));
#6997=CARTESIAN_POINT('Ctrl Pts',(-4.14781367123721,3.95,-4.69803539581708));
#6998=CARTESIAN_POINT('Ctrl Pts',(-4.13088891363112,3.95,-4.96954571917367));
#6999=CARTESIAN_POINT('Ctrl Pts',(-3.96684862489346,3.95,-5.18565008584619));
#7000=CARTESIAN_POINT('Ctrl Pts',(-3.88875135551965,3.95,-5.28853432889864));
#7001=CARTESIAN_POINT('',(-3.20065924297845,3.95,-5.56458281036302));
#7002=CARTESIAN_POINT('Ctrl Pts',(-3.88875135551965,3.95,-5.28853432889864));
#7003=CARTESIAN_POINT('Ctrl Pts',(-3.79143425873896,3.95,-5.36903463481912));
#7004=CARTESIAN_POINT('Ctrl Pts',(-3.59183827753901,3.95,-5.53413961717699));
#7005=CARTESIAN_POINT('Ctrl Pts',(-3.33319546848034,3.95,-5.55426828539971));
#7006=CARTESIAN_POINT('Ctrl Pts',(-3.20065924297845,3.95,-5.56458281036302));
#7007=CARTESIAN_POINT('',(-2.45979317795312,3.95,-5.21444754358217));
#7008=CARTESIAN_POINT('Ctrl Pts',(-3.20065924297845,3.95,-5.56458281036302));
#7009=CARTESIAN_POINT('Ctrl Pts',(-3.05700855595575,3.95,-5.54983821421532));
#7010=CARTESIAN_POINT('Ctrl Pts',(-2.7689360294307,3.95,-5.52026986927459));
#7011=CARTESIAN_POINT('Ctrl Pts',(-2.56302453259362,3.95,-5.31657008275667));
#7012=CARTESIAN_POINT('Ctrl Pts',(-2.45979317795312,3.95,-5.21444754358217));
#7013=CARTESIAN_POINT('',(-2.16953584324395,3.95,-4.06661288495943));
#7014=CARTESIAN_POINT('Ctrl Pts',(-2.45979317795312,3.95,-5.21444754358217));
#7015=CARTESIAN_POINT('Ctrl Pts',(-2.37560240076581,3.95,-5.06369242585362));
#7016=CARTESIAN_POINT('Ctrl Pts',(-2.17773206582148,3.95,-4.70937848986096));
#7017=CARTESIAN_POINT('Ctrl Pts',(-2.17252651337326,3.95,-4.30114774251648));
#7018=CARTESIAN_POINT('Ctrl Pts',(-2.16953584324395,3.95,-4.06661288495943));
#7019=CARTESIAN_POINT('',(-2.47197159897363,3.95,-2.88731651063844));
#7020=CARTESIAN_POINT('Ctrl Pts',(-2.16953584324395,3.95,-4.06661288495943));
#7021=CARTESIAN_POINT('Ctrl Pts',(-2.17283990538874,3.95,-3.82580127275047));
#7022=CARTESIAN_POINT('Ctrl Pts',(-2.17860289004394,3.95,-3.40577478258755));
#7023=CARTESIAN_POINT('Ctrl Pts',(-2.38423393571522,3.95,-3.04237162010722));
#7024=CARTESIAN_POINT('Ctrl Pts',(-2.47197159897363,3.95,-2.88731651063844));
#7025=CARTESIAN_POINT('Ctrl Pts',(-2.47197159897363,3.95,-2.88731651063844));
#7026=CARTESIAN_POINT('Ctrl Pts',(-2.58088353734073,3.95,-2.78193916329411));
#7027=CARTESIAN_POINT('Ctrl Pts',(-2.80028925329042,3.95,-2.56965396586211));
#7028=CARTESIAN_POINT('Ctrl Pts',(-3.1043609125288,3.95,-2.54063259588989));
#7029=CARTESIAN_POINT('Ctrl Pts',(-3.25749286781823,3.95,-2.52601729389116));
#7030=CARTESIAN_POINT('',(-1.02474519382989,3.95,-3.0415788447468));
#7031=CARTESIAN_POINT('',(-1.02474519382989,3.95,-5.51383869405672));
#7032=CARTESIAN_POINT('',(-1.02474519382989,3.95,-3.5457894223734));
#7033=CARTESIAN_POINT('',(-0.423933056702968,3.95,-5.51383869405672));
#7034=CARTESIAN_POINT('',(-1.28835863664236,3.95,-5.51383869405672));
#7035=CARTESIAN_POINT('',(-0.423933056702968,3.95,-3.0415788447468));
#7036=CARTESIAN_POINT('',(-0.423933056702968,3.95,-4.78191934702836));
#7037=CARTESIAN_POINT('',(0.459016772398594,3.95,-3.0415788447468));
#7038=CARTESIAN_POINT('',(-0.987952568078894,3.95,-3.0415788447468));
#7039=CARTESIAN_POINT('',(0.459016772398594,3.95,-2.53819601293489));
#7040=CARTESIAN_POINT('',(0.459016772398594,3.95,-3.5457894223734));
#7041=CARTESIAN_POINT('',(-1.90566548477685,3.95,-2.53819601293489));
#7042=CARTESIAN_POINT('',(-0.546477653528113,3.95,-2.53819601293489));
#7043=CARTESIAN_POINT('',(-1.90566548477685,3.95,-3.0415788447468));
#7044=CARTESIAN_POINT('',(-1.90566548477685,3.95,-3.29409800646745));
#7045=CARTESIAN_POINT('',(-1.72881878211584,3.95,-3.0415788447468));
#7046=CARTESIAN_POINT('Ctrl Pts',(-3.20065924297845,4.05,-4.00166021343157));
#7047=CARTESIAN_POINT('Ctrl Pts',(-3.20065924297845,3.95,-4.00166021343157));
#7048=CARTESIAN_POINT('Ctrl Pts',(-3.1477364004607,4.05,-4.00729773952649));
#7049=CARTESIAN_POINT('Ctrl Pts',(-3.1477364004607,3.95,-4.00729773952649));
#7050=CARTESIAN_POINT('Ctrl Pts',(-3.04053227027459,4.05,-4.01871749804014));
#7051=CARTESIAN_POINT('Ctrl Pts',(-3.04053227027459,3.95,-4.01871749804014));
#7052=CARTESIAN_POINT('Ctrl Pts',(-2.9622283874532,4.05,-4.09295923901412));
#7053=CARTESIAN_POINT('Ctrl Pts',(-2.9622283874532,3.95,-4.09295923901412));
#7054=CARTESIAN_POINT('Ctrl Pts',(-2.92258032928979,4.05,-4.13055048938677));
#7055=CARTESIAN_POINT('Ctrl Pts',(-2.92258032928979,3.95,-4.13055048938677));
#7056=CARTESIAN_POINT('',(-3.20065924297845,4.05,-4.00166021343157));
#7057=CARTESIAN_POINT('',(-2.92258032928979,4.05,-4.13055048938677));
#7058=CARTESIAN_POINT('Ctrl Pts',(-3.20065924297845,4.05,-4.00166021343157));
#7059=CARTESIAN_POINT('Ctrl Pts',(-3.1477364004607,4.05,-4.00729773952649));
#7060=CARTESIAN_POINT('Ctrl Pts',(-3.04053227027459,4.05,-4.01871749804014));
#7061=CARTESIAN_POINT('Ctrl Pts',(-2.9622283874532,4.05,-4.09295923901412));
#7062=CARTESIAN_POINT('Ctrl Pts',(-2.92258032928979,4.05,-4.13055048938677));
#7063=CARTESIAN_POINT('',(-2.92258032928979,3.95,-4.13055048938677));
#7064=CARTESIAN_POINT('',(-2.92258032928979,4.05,-4.13055048938677));
#7065=CARTESIAN_POINT('',(-3.20065924297845,3.95,-4.00166021343157));
#7066=CARTESIAN_POINT('Ctrl Pts',(-3.20065924297845,3.95,-4.00166021343157));
#7067=CARTESIAN_POINT('Ctrl Pts',(-3.1477364004607,3.95,-4.00729773952649));
#7068=CARTESIAN_POINT('Ctrl Pts',(-3.04053227027459,3.95,-4.01871749804014));
#7069=CARTESIAN_POINT('Ctrl Pts',(-2.9622283874532,3.95,-4.09295923901412));
#7070=CARTESIAN_POINT('Ctrl Pts',(-2.92258032928979,3.95,-4.13055048938677));
#7071=CARTESIAN_POINT('',(-3.20065924297845,4.05,-4.00166021343157));
#7072=CARTESIAN_POINT('Ctrl Pts',(-3.48482677113092,4.05,-4.13663969989702));
#7073=CARTESIAN_POINT('Ctrl Pts',(-3.48482677113092,3.95,-4.13663969989702));
#7074=CARTESIAN_POINT('Ctrl Pts',(-3.44485655795493,4.05,-4.09727180093675));
#7075=CARTESIAN_POINT('Ctrl Pts',(-3.44485655795493,3.95,-4.09727180093675));
#7076=CARTESIAN_POINT('Ctrl Pts',(-3.3657013274518,4.05,-4.01930936668844));
#7077=CARTESIAN_POINT('Ctrl Pts',(-3.3657013274518,3.95,-4.01930936668844));
#7078=CARTESIAN_POINT('Ctrl Pts',(-3.25530824919881,4.05,-4.0075042300604));
#7079=CARTESIAN_POINT('Ctrl Pts',(-3.25530824919881,3.95,-4.0075042300604));
#7080=CARTESIAN_POINT('Ctrl Pts',(-3.20065924297845,4.05,-4.00166021343157));
#7081=CARTESIAN_POINT('Ctrl Pts',(-3.20065924297845,3.95,-4.00166021343157));
#7082=CARTESIAN_POINT('',(-3.48482677113092,4.05,-4.13663969989702));
#7083=CARTESIAN_POINT('Ctrl Pts',(-3.48482677113092,4.05,-4.13663969989702));
#7084=CARTESIAN_POINT('Ctrl Pts',(-3.44485655795493,4.05,-4.09727180093675));
#7085=CARTESIAN_POINT('Ctrl Pts',(-3.3657013274518,4.05,-4.01930936668844));
#7086=CARTESIAN_POINT('Ctrl Pts',(-3.25530824919881,4.05,-4.0075042300604));
#7087=CARTESIAN_POINT('Ctrl Pts',(-3.20065924297845,4.05,-4.00166021343157));
#7088=CARTESIAN_POINT('',(-3.48482677113092,3.95,-4.13663969989702));
#7089=CARTESIAN_POINT('Ctrl Pts',(-3.48482677113092,3.95,-4.13663969989702));
#7090=CARTESIAN_POINT('Ctrl Pts',(-3.44485655795493,3.95,-4.09727180093675));
#7091=CARTESIAN_POINT('Ctrl Pts',(-3.3657013274518,3.95,-4.01930936668844));
#7092=CARTESIAN_POINT('Ctrl Pts',(-3.25530824919881,3.95,-4.0075042300604));
#7093=CARTESIAN_POINT('Ctrl Pts',(-3.20065924297845,3.95,-4.00166021343157));
#7094=CARTESIAN_POINT('',(-3.48482677113092,4.05,-4.13663969989702));
#7095=CARTESIAN_POINT('Ctrl Pts',(-3.59849402081048,4.05,-4.56187652107164));
#7096=CARTESIAN_POINT('Ctrl Pts',(-3.59849402081048,3.95,-4.56187652107164));
#7097=CARTESIAN_POINT('Ctrl Pts',(-3.59686099143794,4.05,-4.47577346443657));
#7098=CARTESIAN_POINT('Ctrl Pts',(-3.59686099143794,3.95,-4.47577346443657));
#7099=CARTESIAN_POINT('Ctrl Pts',(-3.59397864510059,4.05,-4.32379895981367));
#7100=CARTESIAN_POINT('Ctrl Pts',(-3.59397864510059,3.95,-4.32379895981367));
#7101=CARTESIAN_POINT('Ctrl Pts',(-3.51783170834825,4.05,-4.19323222001177));
#7102=CARTESIAN_POINT('Ctrl Pts',(-3.51783170834825,3.95,-4.19323222001177));
#7103=CARTESIAN_POINT('Ctrl Pts',(-3.48482677113092,4.05,-4.13663969989702));
#7104=CARTESIAN_POINT('Ctrl Pts',(-3.48482677113092,3.95,-4.13663969989702));
#7105=CARTESIAN_POINT('',(-3.59849402081048,4.05,-4.56187652107164));
#7106=CARTESIAN_POINT('Ctrl Pts',(-3.59849402081048,4.05,-4.56187652107164));
#7107=CARTESIAN_POINT('Ctrl Pts',(-3.59686099143794,4.05,-4.47577346443657));
#7108=CARTESIAN_POINT('Ctrl Pts',(-3.59397864510059,4.05,-4.32379895981367));
#7109=CARTESIAN_POINT('Ctrl Pts',(-3.51783170834825,4.05,-4.19323222001177));
#7110=CARTESIAN_POINT('Ctrl Pts',(-3.48482677113092,4.05,-4.13663969989702));
#7111=CARTESIAN_POINT('',(-3.59849402081048,3.95,-4.56187652107164));
#7112=CARTESIAN_POINT('Ctrl Pts',(-3.59849402081048,3.95,-4.56187652107164));
#7113=CARTESIAN_POINT('Ctrl Pts',(-3.59686099143794,3.95,-4.47577346443657));
#7114=CARTESIAN_POINT('Ctrl Pts',(-3.59397864510059,3.95,-4.32379895981367));
#7115=CARTESIAN_POINT('Ctrl Pts',(-3.51783170834825,3.95,-4.19323222001177));
#7116=CARTESIAN_POINT('Ctrl Pts',(-3.48482677113092,3.95,-4.13663969989702));
#7117=CARTESIAN_POINT('',(-3.59849402081048,4.05,-4.56187652107164));
#7118=CARTESIAN_POINT('Ctrl Pts',(-3.49294551979577,4.05,-4.96783064361498));
#7119=CARTESIAN_POINT('Ctrl Pts',(-3.49294551979577,3.95,-4.96783064361498));
#7120=CARTESIAN_POINT('Ctrl Pts',(-3.52356523013432,4.05,-4.9145811302226));
#7121=CARTESIAN_POINT('Ctrl Pts',(-3.52356523013432,3.95,-4.9145811302226));
#7122=CARTESIAN_POINT('Ctrl Pts',(-3.5953325682259,4.05,-4.78977342340273));
#7123=CARTESIAN_POINT('Ctrl Pts',(-3.5953325682259,3.95,-4.78977342340273));
#7124=CARTESIAN_POINT('Ctrl Pts',(-3.59734194789316,4.05,-4.6449250065673));
#7125=CARTESIAN_POINT('Ctrl Pts',(-3.59734194789316,3.95,-4.6449250065673));
#7126=CARTESIAN_POINT('Ctrl Pts',(-3.59849402081048,4.05,-4.56187652107164));
#7127=CARTESIAN_POINT('Ctrl Pts',(-3.59849402081048,3.95,-4.56187652107164));
#7128=CARTESIAN_POINT('',(-3.49294551979577,4.05,-4.96783064361498));
#7129=CARTESIAN_POINT('Ctrl Pts',(-3.49294551979577,4.05,-4.96783064361498));
#7130=CARTESIAN_POINT('Ctrl Pts',(-3.52356523013432,4.05,-4.9145811302226));
#7131=CARTESIAN_POINT('Ctrl Pts',(-3.5953325682259,4.05,-4.78977342340273));
#7132=CARTESIAN_POINT('Ctrl Pts',(-3.59734194789316,4.05,-4.6449250065673));
#7133=CARTESIAN_POINT('Ctrl Pts',(-3.59849402081048,4.05,-4.56187652107164));
#7134=CARTESIAN_POINT('',(-3.49294551979577,3.95,-4.96783064361498));
#7135=CARTESIAN_POINT('Ctrl Pts',(-3.49294551979577,3.95,-4.96783064361498));
#7136=CARTESIAN_POINT('Ctrl Pts',(-3.52356523013432,3.95,-4.9145811302226));
#7137=CARTESIAN_POINT('Ctrl Pts',(-3.5953325682259,3.95,-4.78977342340273));
#7138=CARTESIAN_POINT('Ctrl Pts',(-3.59734194789316,3.95,-4.6449250065673));
#7139=CARTESIAN_POINT('Ctrl Pts',(-3.59849402081048,3.95,-4.56187652107164));
#7140=CARTESIAN_POINT('',(-3.49294551979577,4.05,-4.96783064361498));
#7141=CARTESIAN_POINT('Ctrl Pts',(-3.22907575737512,4.05,-5.09164647813722));
#7142=CARTESIAN_POINT('Ctrl Pts',(-3.22907575737512,3.95,-5.09164647813722));
#7143=CARTESIAN_POINT('Ctrl Pts',(-3.27978647608215,4.05,-5.08632741148733));
#7144=CARTESIAN_POINT('Ctrl Pts',(-3.27978647608215,3.95,-5.08632741148733));
#7145=CARTESIAN_POINT('Ctrl Pts',(-3.38201042640331,4.05,-5.07560510230226));
#7146=CARTESIAN_POINT('Ctrl Pts',(-3.38201042640331,3.95,-5.07560510230226));
#7147=CARTESIAN_POINT('Ctrl Pts',(-3.45577412711039,4.05,-5.00394299186123));
#7148=CARTESIAN_POINT('Ctrl Pts',(-3.45577412711039,3.95,-5.00394299186123));
#7149=CARTESIAN_POINT('Ctrl Pts',(-3.49294551979577,4.05,-4.96783064361498));
#7150=CARTESIAN_POINT('Ctrl Pts',(-3.49294551979577,3.95,-4.96783064361498));
#7151=CARTESIAN_POINT('',(-3.22907575737512,4.05,-5.09164647813722));
#7152=CARTESIAN_POINT('Ctrl Pts',(-3.22907575737512,4.05,-5.09164647813722));
#7153=CARTESIAN_POINT('Ctrl Pts',(-3.27978647608215,4.05,-5.08632741148733));
#7154=CARTESIAN_POINT('Ctrl Pts',(-3.38201042640331,4.05,-5.07560510230226));
#7155=CARTESIAN_POINT('Ctrl Pts',(-3.45577412711039,4.05,-5.00394299186123));
#7156=CARTESIAN_POINT('Ctrl Pts',(-3.49294551979577,4.05,-4.96783064361498));
#7157=CARTESIAN_POINT('',(-3.22907575737512,3.95,-5.09164647813722));
#7158=CARTESIAN_POINT('Ctrl Pts',(-3.22907575737512,3.95,-5.09164647813722));
#7159=CARTESIAN_POINT('Ctrl Pts',(-3.27978647608215,3.95,-5.08632741148733));
#7160=CARTESIAN_POINT('Ctrl Pts',(-3.38201042640331,3.95,-5.07560510230226));
#7161=CARTESIAN_POINT('Ctrl Pts',(-3.45577412711039,3.95,-5.00394299186123));
#7162=CARTESIAN_POINT('Ctrl Pts',(-3.49294551979577,3.95,-4.96783064361498));
#7163=CARTESIAN_POINT('',(-3.22907575737512,4.05,-5.09164647813722));
#7164=CARTESIAN_POINT('Ctrl Pts',(-2.93678888451135,4.05,-4.94042860027239));
#7165=CARTESIAN_POINT('Ctrl Pts',(-2.93678888451135,3.95,-4.94042860027239));
#7166=CARTESIAN_POINT('Ctrl Pts',(-2.9793157603561,4.05,-4.9844957485928));
#7167=CARTESIAN_POINT('Ctrl Pts',(-2.9793157603561,3.95,-4.9844957485928));
#7168=CARTESIAN_POINT('Ctrl Pts',(-3.06005440406954,4.05,-5.06815864921822));
#7169=CARTESIAN_POINT('Ctrl Pts',(-3.06005440406954,3.95,-5.06815864921822));
#7170=CARTESIAN_POINT('Ctrl Pts',(-3.174779142244,4.05,-5.08410122079465));
#7171=CARTESIAN_POINT('Ctrl Pts',(-3.174779142244,3.95,-5.08410122079465));
#7172=CARTESIAN_POINT('Ctrl Pts',(-3.22907575737512,4.05,-5.09164647813722));
#7173=CARTESIAN_POINT('Ctrl Pts',(-3.22907575737512,3.95,-5.09164647813722));
#7174=CARTESIAN_POINT('',(-2.93678888451135,4.05,-4.94042860027239));
#7175=CARTESIAN_POINT('Ctrl Pts',(-2.93678888451135,4.05,-4.94042860027239));
#7176=CARTESIAN_POINT('Ctrl Pts',(-2.9793157603561,4.05,-4.9844957485928));
#7177=CARTESIAN_POINT('Ctrl Pts',(-3.06005440406954,4.05,-5.06815864921822));
#7178=CARTESIAN_POINT('Ctrl Pts',(-3.174779142244,4.05,-5.08410122079465));
#7179=CARTESIAN_POINT('Ctrl Pts',(-3.22907575737512,4.05,-5.09164647813722));
#7180=CARTESIAN_POINT('',(-2.93678888451135,3.95,-4.94042860027239));
#7181=CARTESIAN_POINT('Ctrl Pts',(-2.93678888451135,3.95,-4.94042860027239));
#7182=CARTESIAN_POINT('Ctrl Pts',(-2.9793157603561,3.95,-4.9844957485928));
#7183=CARTESIAN_POINT('Ctrl Pts',(-3.06005440406954,3.95,-5.06815864921822));
#7184=CARTESIAN_POINT('Ctrl Pts',(-3.174779142244,3.95,-5.08410122079465));
#7185=CARTESIAN_POINT('Ctrl Pts',(-3.22907575737512,3.95,-5.09164647813722));
#7186=CARTESIAN_POINT('',(-2.93678888451135,4.05,-4.94042860027239));
#7187=CARTESIAN_POINT('Ctrl Pts',(-2.80891307961023,4.05,-4.51113240476534));
#7188=CARTESIAN_POINT('Ctrl Pts',(-2.80891307961023,3.95,-4.51113240476534));
#7189=CARTESIAN_POINT('Ctrl Pts',(-2.81198110273699,4.05,-4.59565057898127));
#7190=CARTESIAN_POINT('Ctrl Pts',(-2.81198110273699,3.95,-4.59565057898127));
#7191=CARTESIAN_POINT('Ctrl Pts',(-2.81759994171888,4.05,-4.75043885545175));
#7192=CARTESIAN_POINT('Ctrl Pts',(-2.81759994171888,3.95,-4.75043885545175));
#7193=CARTESIAN_POINT('Ctrl Pts',(-2.89957445488164,4.05,-4.88110799700717));
#7194=CARTESIAN_POINT('Ctrl Pts',(-2.89957445488164,3.95,-4.88110799700717));
#7195=CARTESIAN_POINT('Ctrl Pts',(-2.93678888451135,4.05,-4.94042860027239));
#7196=CARTESIAN_POINT('Ctrl Pts',(-2.93678888451135,3.95,-4.94042860027239));
#7197=CARTESIAN_POINT('',(-2.80891307961023,4.05,-4.51113240476534));
#7198=CARTESIAN_POINT('Ctrl Pts',(-2.80891307961023,4.05,-4.51113240476534));
#7199=CARTESIAN_POINT('Ctrl Pts',(-2.81198110273699,4.05,-4.59565057898127));
#7200=CARTESIAN_POINT('Ctrl Pts',(-2.81759994171888,4.05,-4.75043885545175));
#7201=CARTESIAN_POINT('Ctrl Pts',(-2.89957445488164,4.05,-4.88110799700717));
#7202=CARTESIAN_POINT('Ctrl Pts',(-2.93678888451135,4.05,-4.94042860027239));
#7203=CARTESIAN_POINT('',(-2.80891307961023,3.95,-4.51113240476534));
#7204=CARTESIAN_POINT('Ctrl Pts',(-2.80891307961023,3.95,-4.51113240476534));
#7205=CARTESIAN_POINT('Ctrl Pts',(-2.81198110273699,3.95,-4.59565057898127));
#7206=CARTESIAN_POINT('Ctrl Pts',(-2.81759994171888,3.95,-4.75043885545175));
#7207=CARTESIAN_POINT('Ctrl Pts',(-2.89957445488164,3.95,-4.88110799700717));
#7208=CARTESIAN_POINT('Ctrl Pts',(-2.93678888451135,3.95,-4.94042860027239));
#7209=CARTESIAN_POINT('',(-2.80891307961023,4.05,-4.51113240476534));
#7210=CARTESIAN_POINT('Ctrl Pts',(-2.92258032928979,4.05,-4.13055048938677));
#7211=CARTESIAN_POINT('Ctrl Pts',(-2.92258032928979,3.95,-4.13055048938677));
#7212=CARTESIAN_POINT('Ctrl Pts',(-2.88951985346456,4.05,-4.18226364091917));
#7213=CARTESIAN_POINT('Ctrl Pts',(-2.88951985346456,3.95,-4.18226364091917));
#7214=CARTESIAN_POINT('Ctrl Pts',(-2.81574685644686,4.05,-4.29765926298895));
#7215=CARTESIAN_POINT('Ctrl Pts',(-2.81574685644686,3.95,-4.29765926298895));
#7216=CARTESIAN_POINT('Ctrl Pts',(-2.81134325845411,4.05,-4.43521861283369));
#7217=CARTESIAN_POINT('Ctrl Pts',(-2.81134325845411,3.95,-4.43521861283369));
#7218=CARTESIAN_POINT('Ctrl Pts',(-2.80891307961023,4.05,-4.51113240476534));
#7219=CARTESIAN_POINT('Ctrl Pts',(-2.80891307961023,3.95,-4.51113240476534));
#7220=CARTESIAN_POINT('Ctrl Pts',(-2.92258032928979,4.05,-4.13055048938677));
#7221=CARTESIAN_POINT('Ctrl Pts',(-2.88951985346456,4.05,-4.18226364091917));
#7222=CARTESIAN_POINT('Ctrl Pts',(-2.81574685644686,4.05,-4.29765926298895));
#7223=CARTESIAN_POINT('Ctrl Pts',(-2.81134325845411,4.05,-4.43521861283369));
#7224=CARTESIAN_POINT('Ctrl Pts',(-2.80891307961023,4.05,-4.51113240476534));
#7225=CARTESIAN_POINT('Ctrl Pts',(-2.92258032928979,3.95,-4.13055048938677));
#7226=CARTESIAN_POINT('Ctrl Pts',(-2.88951985346456,3.95,-4.18226364091917));
#7227=CARTESIAN_POINT('Ctrl Pts',(-2.81574685644686,3.95,-4.29765926298895));
#7228=CARTESIAN_POINT('Ctrl Pts',(-2.81134325845411,3.95,-4.43521861283369));
#7229=CARTESIAN_POINT('Ctrl Pts',(-2.80891307961023,3.95,-4.51113240476534));
#7230=CARTESIAN_POINT('Ctrl Pts',(-3.25749286781823,4.05,-2.52601729389116));
#7231=CARTESIAN_POINT('Ctrl Pts',(-3.25749286781823,3.95,-2.52601729389116));
#7232=CARTESIAN_POINT('Ctrl Pts',(-3.36397107584885,4.05,-2.53255798696544));
#7233=CARTESIAN_POINT('Ctrl Pts',(-3.36397107584885,3.95,-2.53255798696544));
#7234=CARTESIAN_POINT('Ctrl Pts',(-3.56861199163914,4.05,-2.5451285724907));
#7235=CARTESIAN_POINT('Ctrl Pts',(-3.56861199163914,3.95,-2.5451285724907));
#7236=CARTESIAN_POINT('Ctrl Pts',(-3.73764299423588,4.05,-2.66047241893316));
#7237=CARTESIAN_POINT('Ctrl Pts',(-3.73764299423588,3.95,-2.66047241893316));
#7238=CARTESIAN_POINT('Ctrl Pts',(-3.81872424255883,4.05,-2.7158008670418));
#7239=CARTESIAN_POINT('Ctrl Pts',(-3.81872424255883,3.95,-2.7158008670418));
#7240=CARTESIAN_POINT('',(-3.25749286781823,4.05,-2.52601729389116));
#7241=CARTESIAN_POINT('',(-3.81872424255883,4.05,-2.7158008670418));
#7242=CARTESIAN_POINT('Ctrl Pts',(-3.25749286781823,4.05,-2.52601729389116));
#7243=CARTESIAN_POINT('Ctrl Pts',(-3.36397107584885,4.05,-2.53255798696544));
#7244=CARTESIAN_POINT('Ctrl Pts',(-3.56861199163914,4.05,-2.5451285724907));
#7245=CARTESIAN_POINT('Ctrl Pts',(-3.73764299423588,4.05,-2.66047241893316));
#7246=CARTESIAN_POINT('Ctrl Pts',(-3.81872424255883,4.05,-2.7158008670418));
#7247=CARTESIAN_POINT('',(-3.81872424255883,4.05,-2.7158008670418));
#7248=CARTESIAN_POINT('',(-3.25749286781823,4.05,-2.52601729389116));
#7249=CARTESIAN_POINT('Ctrl Pts',(-2.47197159897363,4.05,-2.88731651063844));
#7250=CARTESIAN_POINT('Ctrl Pts',(-2.47197159897363,3.95,-2.88731651063844));
#7251=CARTESIAN_POINT('Ctrl Pts',(-2.58088353734073,4.05,-2.78193916329411));
#7252=CARTESIAN_POINT('Ctrl Pts',(-2.58088353734073,3.95,-2.78193916329411));
#7253=CARTESIAN_POINT('Ctrl Pts',(-2.80028925329042,4.05,-2.56965396586211));
#7254=CARTESIAN_POINT('Ctrl Pts',(-2.80028925329042,3.95,-2.56965396586211));
#7255=CARTESIAN_POINT('Ctrl Pts',(-3.1043609125288,4.05,-2.54063259588989));
#7256=CARTESIAN_POINT('Ctrl Pts',(-3.1043609125288,3.95,-2.54063259588989));
#7257=CARTESIAN_POINT('Ctrl Pts',(-3.25749286781823,4.05,-2.52601729389116));
#7258=CARTESIAN_POINT('Ctrl Pts',(-3.25749286781823,3.95,-2.52601729389116));
#7259=CARTESIAN_POINT('',(-2.47197159897363,4.05,-2.88731651063844));
#7260=CARTESIAN_POINT('Ctrl Pts',(-2.47197159897363,4.05,-2.88731651063844));
#7261=CARTESIAN_POINT('Ctrl Pts',(-2.58088353734073,4.05,-2.78193916329411));
#7262=CARTESIAN_POINT('Ctrl Pts',(-2.80028925329042,4.05,-2.56965396586211));
#7263=CARTESIAN_POINT('Ctrl Pts',(-3.1043609125288,4.05,-2.54063259588989));
#7264=CARTESIAN_POINT('Ctrl Pts',(-3.25749286781823,4.05,-2.52601729389116));
#7265=CARTESIAN_POINT('',(-2.47197159897363,4.05,-2.88731651063844));
#7266=CARTESIAN_POINT('Ctrl Pts',(-2.16953584324395,4.05,-4.06661288495943));
#7267=CARTESIAN_POINT('Ctrl Pts',(-2.16953584324395,3.95,-4.06661288495943));
#7268=CARTESIAN_POINT('Ctrl Pts',(-2.17283990538874,4.05,-3.82580127275047));
#7269=CARTESIAN_POINT('Ctrl Pts',(-2.17283990538874,3.95,-3.82580127275047));
#7270=CARTESIAN_POINT('Ctrl Pts',(-2.17860289004394,4.05,-3.40577478258755));
#7271=CARTESIAN_POINT('Ctrl Pts',(-2.17860289004394,3.95,-3.40577478258755));
#7272=CARTESIAN_POINT('Ctrl Pts',(-2.38423393571522,4.05,-3.04237162010722));
#7273=CARTESIAN_POINT('Ctrl Pts',(-2.38423393571522,3.95,-3.04237162010722));
#7274=CARTESIAN_POINT('Ctrl Pts',(-2.47197159897363,4.05,-2.88731651063844));
#7275=CARTESIAN_POINT('Ctrl Pts',(-2.47197159897363,3.95,-2.88731651063844));
#7276=CARTESIAN_POINT('',(-2.16953584324395,4.05,-4.06661288495943));
#7277=CARTESIAN_POINT('Ctrl Pts',(-2.16953584324395,4.05,-4.06661288495943));
#7278=CARTESIAN_POINT('Ctrl Pts',(-2.17283990538874,4.05,-3.82580127275047));
#7279=CARTESIAN_POINT('Ctrl Pts',(-2.17860289004394,4.05,-3.40577478258755));
#7280=CARTESIAN_POINT('Ctrl Pts',(-2.38423393571522,4.05,-3.04237162010722));
#7281=CARTESIAN_POINT('Ctrl Pts',(-2.47197159897363,4.05,-2.88731651063844));
#7282=CARTESIAN_POINT('',(-2.16953584324395,4.05,-4.06661288495943));
#7283=CARTESIAN_POINT('Ctrl Pts',(-2.45979317795312,4.05,-5.21444754358217));
#7284=CARTESIAN_POINT('Ctrl Pts',(-2.45979317795312,3.95,-5.21444754358217));
#7285=CARTESIAN_POINT('Ctrl Pts',(-2.37560240076581,4.05,-5.06369242585362));
#7286=CARTESIAN_POINT('Ctrl Pts',(-2.37560240076581,3.95,-5.06369242585362));
#7287=CARTESIAN_POINT('Ctrl Pts',(-2.17773206582148,4.05,-4.70937848986096));
#7288=CARTESIAN_POINT('Ctrl Pts',(-2.17773206582148,3.95,-4.70937848986096));
#7289=CARTESIAN_POINT('Ctrl Pts',(-2.17252651337326,4.05,-4.30114774251648));
#7290=CARTESIAN_POINT('Ctrl Pts',(-2.17252651337326,3.95,-4.30114774251648));
#7291=CARTESIAN_POINT('Ctrl Pts',(-2.16953584324395,4.05,-4.06661288495943));
#7292=CARTESIAN_POINT('Ctrl Pts',(-2.16953584324395,3.95,-4.06661288495943));
#7293=CARTESIAN_POINT('',(-2.45979317795312,4.05,-5.21444754358217));
#7294=CARTESIAN_POINT('Ctrl Pts',(-2.45979317795312,4.05,-5.21444754358217));
#7295=CARTESIAN_POINT('Ctrl Pts',(-2.37560240076581,4.05,-5.06369242585362));
#7296=CARTESIAN_POINT('Ctrl Pts',(-2.17773206582148,4.05,-4.70937848986096));
#7297=CARTESIAN_POINT('Ctrl Pts',(-2.17252651337326,4.05,-4.30114774251648));
#7298=CARTESIAN_POINT('Ctrl Pts',(-2.16953584324395,4.05,-4.06661288495943));
#7299=CARTESIAN_POINT('',(-2.45979317795312,4.05,-5.21444754358217));
#7300=CARTESIAN_POINT('Ctrl Pts',(-3.20065924297845,4.05,-5.56458281036302));
#7301=CARTESIAN_POINT('Ctrl Pts',(-3.20065924297845,3.95,-5.56458281036302));
#7302=CARTESIAN_POINT('Ctrl Pts',(-3.05700855595575,4.05,-5.54983821421532));
#7303=CARTESIAN_POINT('Ctrl Pts',(-3.05700855595575,3.95,-5.54983821421532));
#7304=CARTESIAN_POINT('Ctrl Pts',(-2.7689360294307,4.05,-5.52026986927459));
#7305=CARTESIAN_POINT('Ctrl Pts',(-2.7689360294307,3.95,-5.52026986927459));
#7306=CARTESIAN_POINT('Ctrl Pts',(-2.56302453259362,4.05,-5.31657008275667));
#7307=CARTESIAN_POINT('Ctrl Pts',(-2.56302453259362,3.95,-5.31657008275667));
#7308=CARTESIAN_POINT('Ctrl Pts',(-2.45979317795312,4.05,-5.21444754358217));
#7309=CARTESIAN_POINT('Ctrl Pts',(-2.45979317795312,3.95,-5.21444754358217));
#7310=CARTESIAN_POINT('',(-3.20065924297845,4.05,-5.56458281036302));
#7311=CARTESIAN_POINT('Ctrl Pts',(-3.20065924297845,4.05,-5.56458281036302));
#7312=CARTESIAN_POINT('Ctrl Pts',(-3.05700855595575,4.05,-5.54983821421532));
#7313=CARTESIAN_POINT('Ctrl Pts',(-2.7689360294307,4.05,-5.52026986927459));
#7314=CARTESIAN_POINT('Ctrl Pts',(-2.56302453259362,4.05,-5.31657008275667));
#7315=CARTESIAN_POINT('Ctrl Pts',(-2.45979317795312,4.05,-5.21444754358217));
#7316=CARTESIAN_POINT('',(-3.20065924297845,4.05,-5.56458281036302));
#7317=CARTESIAN_POINT('Ctrl Pts',(-3.88875135551965,4.05,-5.28853432889864));
#7318=CARTESIAN_POINT('Ctrl Pts',(-3.88875135551965,3.95,-5.28853432889864));
#7319=CARTESIAN_POINT('Ctrl Pts',(-3.79143425873896,4.05,-5.36903463481912));
#7320=CARTESIAN_POINT('Ctrl Pts',(-3.79143425873896,3.95,-5.36903463481912));
#7321=CARTESIAN_POINT('Ctrl Pts',(-3.59183827753901,4.05,-5.53413961717699));
#7322=CARTESIAN_POINT('Ctrl Pts',(-3.59183827753901,3.95,-5.53413961717699));
#7323=CARTESIAN_POINT('Ctrl Pts',(-3.33319546848034,4.05,-5.55426828539971));
#7324=CARTESIAN_POINT('Ctrl Pts',(-3.33319546848034,3.95,-5.55426828539971));
#7325=CARTESIAN_POINT('Ctrl Pts',(-3.20065924297845,4.05,-5.56458281036302));
#7326=CARTESIAN_POINT('Ctrl Pts',(-3.20065924297845,3.95,-5.56458281036302));
#7327=CARTESIAN_POINT('',(-3.88875135551965,4.05,-5.28853432889864));
#7328=CARTESIAN_POINT('Ctrl Pts',(-3.88875135551965,4.05,-5.28853432889864));
#7329=CARTESIAN_POINT('Ctrl Pts',(-3.79143425873896,4.05,-5.36903463481912));
#7330=CARTESIAN_POINT('Ctrl Pts',(-3.59183827753901,4.05,-5.53413961717699));
#7331=CARTESIAN_POINT('Ctrl Pts',(-3.33319546848034,4.05,-5.55426828539971));
#7332=CARTESIAN_POINT('Ctrl Pts',(-3.20065924297845,4.05,-5.56458281036302));
#7333=CARTESIAN_POINT('',(-3.88875135551965,4.05,-5.28853432889864));
#7334=CARTESIAN_POINT('Ctrl Pts',(-4.15668079029596,4.05,-4.55578731056139));
#7335=CARTESIAN_POINT('Ctrl Pts',(-4.15668079029596,3.95,-4.55578731056139));
#7336=CARTESIAN_POINT('Ctrl Pts',(-4.14781367123721,4.05,-4.69803539581708));
#7337=CARTESIAN_POINT('Ctrl Pts',(-4.14781367123721,3.95,-4.69803539581708));
#7338=CARTESIAN_POINT('Ctrl Pts',(-4.13088891363112,4.05,-4.96954571917367));
#7339=CARTESIAN_POINT('Ctrl Pts',(-4.13088891363112,3.95,-4.96954571917367));
#7340=CARTESIAN_POINT('Ctrl Pts',(-3.96684862489346,4.05,-5.18565008584619));
#7341=CARTESIAN_POINT('Ctrl Pts',(-3.96684862489346,3.95,-5.18565008584619));
#7342=CARTESIAN_POINT('Ctrl Pts',(-3.88875135551965,4.05,-5.28853432889864));
#7343=CARTESIAN_POINT('Ctrl Pts',(-3.88875135551965,3.95,-5.28853432889864));
#7344=CARTESIAN_POINT('',(-4.15668079029596,4.05,-4.55578731056139));
#7345=CARTESIAN_POINT('Ctrl Pts',(-4.15668079029596,4.05,-4.55578731056139));
#7346=CARTESIAN_POINT('Ctrl Pts',(-4.14781367123721,4.05,-4.69803539581708));
#7347=CARTESIAN_POINT('Ctrl Pts',(-4.13088891363112,4.05,-4.96954571917367));
#7348=CARTESIAN_POINT('Ctrl Pts',(-3.96684862489346,4.05,-5.18565008584619));
#7349=CARTESIAN_POINT('Ctrl Pts',(-3.88875135551965,4.05,-5.28853432889864));
#7350=CARTESIAN_POINT('',(-4.15668079029596,4.05,-4.55578731056139));
#7351=CARTESIAN_POINT('Ctrl Pts',(-3.90194424759423,4.05,-3.85348694082185));
#7352=CARTESIAN_POINT('Ctrl Pts',(-3.90194424759423,3.95,-3.85348694082185));
#7353=CARTESIAN_POINT('Ctrl Pts',(-3.97620992523448,4.05,-3.95341113643078));
#7354=CARTESIAN_POINT('Ctrl Pts',(-3.97620992523448,3.95,-3.95341113643078));
#7355=CARTESIAN_POINT('Ctrl Pts',(-4.13091948430872,4.05,-4.16157227808754));
#7356=CARTESIAN_POINT('Ctrl Pts',(-4.13091948430872,3.95,-4.16157227808754));
#7357=CARTESIAN_POINT('Ctrl Pts',(-4.14786807873221,4.05,-4.4209298861355));
#7358=CARTESIAN_POINT('Ctrl Pts',(-4.14786807873221,3.95,-4.4209298861355));
#7359=CARTESIAN_POINT('Ctrl Pts',(-4.15668079029596,4.05,-4.55578731056139));
#7360=CARTESIAN_POINT('Ctrl Pts',(-4.15668079029596,3.95,-4.55578731056139));
#7361=CARTESIAN_POINT('',(-3.90194424759423,4.05,-3.85348694082185));
#7362=CARTESIAN_POINT('Ctrl Pts',(-3.90194424759423,4.05,-3.85348694082185));
#7363=CARTESIAN_POINT('Ctrl Pts',(-3.97620992523448,4.05,-3.95341113643078));
#7364=CARTESIAN_POINT('Ctrl Pts',(-4.13091948430872,4.05,-4.16157227808754));
#7365=CARTESIAN_POINT('Ctrl Pts',(-4.14786807873221,4.05,-4.4209298861355));
#7366=CARTESIAN_POINT('Ctrl Pts',(-4.15668079029596,4.05,-4.55578731056139));
#7367=CARTESIAN_POINT('',(-3.90194424759423,4.05,-3.85348694082185));
#7368=CARTESIAN_POINT('Ctrl Pts',(-3.28996905457055,4.05,-3.5814978336899));
#7369=CARTESIAN_POINT('Ctrl Pts',(-3.28996905457055,3.95,-3.5814978336899));
#7370=CARTESIAN_POINT('Ctrl Pts',(-3.40527289506443,4.05,-3.59336412952477));
#7371=CARTESIAN_POINT('Ctrl Pts',(-3.40527289506443,3.95,-3.59336412952477));
#7372=CARTESIAN_POINT('Ctrl Pts',(-3.63867669083834,4.05,-3.61738447852419));
#7373=CARTESIAN_POINT('Ctrl Pts',(-3.63867669083834,3.95,-3.61738447852419));
#7374=CARTESIAN_POINT('Ctrl Pts',(-3.81349032189265,4.05,-3.77416007686876));
#7375=CARTESIAN_POINT('Ctrl Pts',(-3.81349032189265,3.95,-3.77416007686876));
#7376=CARTESIAN_POINT('Ctrl Pts',(-3.90194424759423,4.05,-3.85348694082185));
#7377=CARTESIAN_POINT('Ctrl Pts',(-3.90194424759423,3.95,-3.85348694082185));
#7378=CARTESIAN_POINT('',(-3.28996905457055,4.05,-3.5814978336899));
#7379=CARTESIAN_POINT('Ctrl Pts',(-3.28996905457055,4.05,-3.5814978336899));
#7380=CARTESIAN_POINT('Ctrl Pts',(-3.40527289506443,4.05,-3.59336412952477));
#7381=CARTESIAN_POINT('Ctrl Pts',(-3.63867669083834,4.05,-3.61738447852419));
#7382=CARTESIAN_POINT('Ctrl Pts',(-3.81349032189265,4.05,-3.77416007686876));
#7383=CARTESIAN_POINT('Ctrl Pts',(-3.90194424759423,4.05,-3.85348694082185));
#7384=CARTESIAN_POINT('',(-3.28996905457055,4.05,-3.5814978336899));
#7385=CARTESIAN_POINT('Ctrl Pts',(-2.76019879948175,4.05,-3.83318947311327));
#7386=CARTESIAN_POINT('Ctrl Pts',(-2.76019879948175,3.95,-3.83318947311327));
#7387=CARTESIAN_POINT('Ctrl Pts',(-2.83492124261593,4.05,-3.75978229737315));
#7388=CARTESIAN_POINT('Ctrl Pts',(-2.83492124261593,3.95,-3.75978229737315));
#7389=CARTESIAN_POINT('Ctrl Pts',(-2.98263255021435,4.05,-3.61467101004266));
#7390=CARTESIAN_POINT('Ctrl Pts',(-2.98263255021435,3.95,-3.61467101004266));
#7391=CARTESIAN_POINT('Ctrl Pts',(-3.18832825270023,4.05,-3.59246870176866));
#7392=CARTESIAN_POINT('Ctrl Pts',(-3.18832825270023,3.95,-3.59246870176866));
#7393=CARTESIAN_POINT('Ctrl Pts',(-3.28996905457055,4.05,-3.5814978336899));
#7394=CARTESIAN_POINT('Ctrl Pts',(-3.28996905457055,3.95,-3.5814978336899));
#7395=CARTESIAN_POINT('',(-2.76019879948175,4.05,-3.83318947311327));
#7396=CARTESIAN_POINT('Ctrl Pts',(-2.76019879948175,4.05,-3.83318947311327));
#7397=CARTESIAN_POINT('Ctrl Pts',(-2.83492124261593,4.05,-3.75978229737315));
#7398=CARTESIAN_POINT('Ctrl Pts',(-2.98263255021435,4.05,-3.61467101004266));
#7399=CARTESIAN_POINT('Ctrl Pts',(-3.18832825270023,4.05,-3.59246870176866));
#7400=CARTESIAN_POINT('Ctrl Pts',(-3.28996905457055,4.05,-3.5814978336899));
#7401=CARTESIAN_POINT('',(-2.76019879948175,4.05,-3.83318947311327));
#7402=CARTESIAN_POINT('Ctrl Pts',(-2.91750618588006,4.05,-3.15727593060419));
#7403=CARTESIAN_POINT('Ctrl Pts',(-2.91750618588006,3.95,-3.15727593060419));
#7404=CARTESIAN_POINT('Ctrl Pts',(-2.87929379794047,4.05,-3.23953131109293));
#7405=CARTESIAN_POINT('Ctrl Pts',(-2.87929379794047,3.95,-3.23953131109293));
#7406=CARTESIAN_POINT('Ctrl Pts',(-2.78033095798286,4.05,-3.45255715150435));
#7407=CARTESIAN_POINT('Ctrl Pts',(-2.78033095798286,3.95,-3.45255715150435));
#7408=CARTESIAN_POINT('Ctrl Pts',(-2.76785650732755,4.05,-3.68840762493787));
#7409=CARTESIAN_POINT('Ctrl Pts',(-2.76785650732755,3.95,-3.68840762493787));
#7410=CARTESIAN_POINT('Ctrl Pts',(-2.76019879948175,4.05,-3.83318947311327));
#7411=CARTESIAN_POINT('Ctrl Pts',(-2.76019879948175,3.95,-3.83318947311327));
#7412=CARTESIAN_POINT('',(-2.91750618588006,4.05,-3.15727593060419));
#7413=CARTESIAN_POINT('Ctrl Pts',(-2.91750618588006,4.05,-3.15727593060419));
#7414=CARTESIAN_POINT('Ctrl Pts',(-2.87929379794047,4.05,-3.23953131109293));
#7415=CARTESIAN_POINT('Ctrl Pts',(-2.78033095798286,4.05,-3.45255715150435));
#7416=CARTESIAN_POINT('Ctrl Pts',(-2.76785650732755,4.05,-3.68840762493787));
#7417=CARTESIAN_POINT('Ctrl Pts',(-2.76019879948175,4.05,-3.83318947311327));
#7418=CARTESIAN_POINT('',(-2.91750618588006,4.05,-3.15727593060419));
#7419=CARTESIAN_POINT('Ctrl Pts',(-3.22298654686486,4.05,-2.99489425178453));
#7420=CARTESIAN_POINT('Ctrl Pts',(-3.22298654686486,3.95,-2.99489425178453));
#7421=CARTESIAN_POINT('Ctrl Pts',(-3.16439206520241,4.05,-3.00260087453164));
#7422=CARTESIAN_POINT('Ctrl Pts',(-3.16439206520241,3.95,-3.00260087453164));
#7423=CARTESIAN_POINT('Ctrl Pts',(-3.04273713647336,4.05,-3.01860150487158));
#7424=CARTESIAN_POINT('Ctrl Pts',(-3.04273713647336,3.95,-3.01860150487158));
#7425=CARTESIAN_POINT('Ctrl Pts',(-2.9602590953061,4.05,-3.10993351936347));
#7426=CARTESIAN_POINT('Ctrl Pts',(-2.9602590953061,3.95,-3.10993351936347));
#7427=CARTESIAN_POINT('Ctrl Pts',(-2.91750618588006,4.05,-3.15727593060419));
#7428=CARTESIAN_POINT('Ctrl Pts',(-2.91750618588006,3.95,-3.15727593060419));
#7429=CARTESIAN_POINT('',(-3.22298654686486,4.05,-2.99489425178453));
#7430=CARTESIAN_POINT('Ctrl Pts',(-3.22298654686486,4.05,-2.99489425178453));
#7431=CARTESIAN_POINT('Ctrl Pts',(-3.16439206520241,4.05,-3.00260087453164));
#7432=CARTESIAN_POINT('Ctrl Pts',(-3.04273713647336,4.05,-3.01860150487158));
#7433=CARTESIAN_POINT('Ctrl Pts',(-2.9602590953061,4.05,-3.10993351936347));
#7434=CARTESIAN_POINT('Ctrl Pts',(-2.91750618588006,4.05,-3.15727593060419));
#7435=CARTESIAN_POINT('',(-3.22298654686486,4.05,-2.99489425178453));
#7436=CARTESIAN_POINT('Ctrl Pts',(-3.44423123966729,4.05,-3.07608516570017));
#7437=CARTESIAN_POINT('Ctrl Pts',(-3.44423123966729,3.95,-3.07608516570017));
#7438=CARTESIAN_POINT('Ctrl Pts',(-3.41285405614933,4.05,-3.05241497903231));
#7439=CARTESIAN_POINT('Ctrl Pts',(-3.41285405614933,3.95,-3.05241497903231));
#7440=CARTESIAN_POINT('Ctrl Pts',(-3.34747569023233,4.05,-3.00309512454605));
#7441=CARTESIAN_POINT('Ctrl Pts',(-3.34747569023233,3.95,-3.00309512454605));
#7442=CARTESIAN_POINT('Ctrl Pts',(-3.26557859062095,4.05,-2.99770005413844));
#7443=CARTESIAN_POINT('Ctrl Pts',(-3.26557859062095,3.95,-2.99770005413844));
#7444=CARTESIAN_POINT('Ctrl Pts',(-3.22298654686486,4.05,-2.99489425178453));
#7445=CARTESIAN_POINT('Ctrl Pts',(-3.22298654686486,3.95,-2.99489425178453));
#7446=CARTESIAN_POINT('',(-3.44423123966729,4.05,-3.07608516570017));
#7447=CARTESIAN_POINT('Ctrl Pts',(-3.44423123966729,4.05,-3.07608516570017));
#7448=CARTESIAN_POINT('Ctrl Pts',(-3.41285405614933,4.05,-3.05241497903231));
#7449=CARTESIAN_POINT('Ctrl Pts',(-3.34747569023233,4.05,-3.00309512454605));
#7450=CARTESIAN_POINT('Ctrl Pts',(-3.26557859062095,4.05,-2.99770005413844));
#7451=CARTESIAN_POINT('Ctrl Pts',(-3.22298654686486,4.05,-2.99489425178453));
#7452=CARTESIAN_POINT('',(-3.44423123966729,4.05,-3.07608516570017));
#7453=CARTESIAN_POINT('Ctrl Pts',(-3.549779740682,4.05,-3.32777665611192));
#7454=CARTESIAN_POINT('Ctrl Pts',(-3.549779740682,3.95,-3.32777665611192));
#7455=CARTESIAN_POINT('Ctrl Pts',(-3.54201910717964,4.05,-3.27643968684217));
#7456=CARTESIAN_POINT('Ctrl Pts',(-3.54201910717964,3.95,-3.27643968684217));
#7457=CARTESIAN_POINT('Ctrl Pts',(-3.52793175025312,4.05,-3.18325113343239));
#7458=CARTESIAN_POINT('Ctrl Pts',(-3.52793175025312,3.95,-3.18325113343239));
#7459=CARTESIAN_POINT('Ctrl Pts',(-3.47017166763859,4.05,-3.10929799854283));
#7460=CARTESIAN_POINT('Ctrl Pts',(-3.47017166763859,3.95,-3.10929799854283));
#7461=CARTESIAN_POINT('Ctrl Pts',(-3.44423123966729,4.05,-3.07608516570017));
#7462=CARTESIAN_POINT('Ctrl Pts',(-3.44423123966729,3.95,-3.07608516570017));
#7463=CARTESIAN_POINT('',(-3.549779740682,4.05,-3.32777665611192));
#7464=CARTESIAN_POINT('Ctrl Pts',(-3.549779740682,4.05,-3.32777665611192));
#7465=CARTESIAN_POINT('Ctrl Pts',(-3.54201910717964,4.05,-3.27643968684217));
#7466=CARTESIAN_POINT('Ctrl Pts',(-3.52793175025312,4.05,-3.18325113343239));
#7467=CARTESIAN_POINT('Ctrl Pts',(-3.47017166763859,4.05,-3.10929799854283));
#7468=CARTESIAN_POINT('Ctrl Pts',(-3.44423123966729,4.05,-3.07608516570017));
#7469=CARTESIAN_POINT('',(-3.549779740682,4.05,-3.32777665611192));
#7470=CARTESIAN_POINT('Origin',(-4.10187670361077,4.05,-3.2668835079281));
#7471=CARTESIAN_POINT('',(-4.10187670361077,4.05,-3.2668835079281));
#7472=CARTESIAN_POINT('',(-4.10187670361077,4.05,-3.2668835079281));
#7473=CARTESIAN_POINT('',(-4.10187670361077,4.05,-3.2668835079281));
#7474=CARTESIAN_POINT('Ctrl Pts',(-3.81872424255883,4.05,-2.7158008670418));
#7475=CARTESIAN_POINT('Ctrl Pts',(-3.81872424255883,3.95,-2.7158008670418));
#7476=CARTESIAN_POINT('Ctrl Pts',(-3.88659192120466,4.05,-2.78953922832793));
#7477=CARTESIAN_POINT('Ctrl Pts',(-3.88659192120466,3.95,-2.78953922832793));
#7478=CARTESIAN_POINT('Ctrl Pts',(-4.03123986026208,4.05,-2.94669948785549));
#7479=CARTESIAN_POINT('Ctrl Pts',(-4.03123986026208,3.95,-2.94669948785549));
#7480=CARTESIAN_POINT('Ctrl Pts',(-4.07738336789305,4.05,-3.15585965234079));
#7481=CARTESIAN_POINT('Ctrl Pts',(-4.07738336789305,3.95,-3.15585965234079));
#7482=CARTESIAN_POINT('Ctrl Pts',(-4.10187670361077,4.05,-3.2668835079281));
#7483=CARTESIAN_POINT('Ctrl Pts',(-4.10187670361077,3.95,-3.2668835079281));
#7484=CARTESIAN_POINT('Ctrl Pts',(-3.81872424255883,4.05,-2.7158008670418));
#7485=CARTESIAN_POINT('Ctrl Pts',(-3.88659192120466,4.05,-2.78953922832793));
#7486=CARTESIAN_POINT('Ctrl Pts',(-4.03123986026208,4.05,-2.94669948785549));
#7487=CARTESIAN_POINT('Ctrl Pts',(-4.07738336789305,4.05,-3.15585965234079));
#7488=CARTESIAN_POINT('Ctrl Pts',(-4.10187670361077,4.05,-3.2668835079281));
#7489=CARTESIAN_POINT('Origin',(-1.54538103710687,4.05,-4.04530005212709));
#7490=CARTESIAN_POINT('Origin',(-1.55197207945482,3.95,-4.05));
#7491=CARTESIAN_POINT('Origin',(-1.02474519382989,4.05,-3.0415788447468));
#7492=CARTESIAN_POINT('',(-1.02474519382989,4.05,-3.0415788447468));
#7493=CARTESIAN_POINT('',(-1.02474519382989,4.05,-5.51383869405672));
#7494=CARTESIAN_POINT('',(-1.02474519382989,4.05,-3.0415788447468));
#7495=CARTESIAN_POINT('',(-1.02474519382989,4.05,-5.51383869405672));
#7496=CARTESIAN_POINT('',(-1.02474519382989,4.05,-3.0415788447468));
#7497=CARTESIAN_POINT('Origin',(-1.90566548477685,4.05,-3.0415788447468));
#7498=CARTESIAN_POINT('',(-1.90566548477685,4.05,-3.0415788447468));
#7499=CARTESIAN_POINT('',(-1.90566548477685,4.05,-3.0415788447468));
#7500=CARTESIAN_POINT('',(-1.90566548477685,4.05,-3.0415788447468));
#7501=CARTESIAN_POINT('Origin',(-1.90566548477685,4.05,-2.53819601293489));
#7502=CARTESIAN_POINT('',(-1.90566548477685,4.05,-2.53819601293489));
#7503=CARTESIAN_POINT('',(-1.90566548477685,4.05,-2.53819601293489));
#7504=CARTESIAN_POINT('',(-1.90566548477685,4.05,-2.53819601293489));
#7505=CARTESIAN_POINT('Origin',(0.459016772398594,4.05,-2.53819601293489));
#7506=CARTESIAN_POINT('',(0.459016772398594,4.05,-2.53819601293489));
#7507=CARTESIAN_POINT('',(0.459016772398594,4.05,-2.53819601293489));
#7508=CARTESIAN_POINT('',(0.459016772398594,4.05,-2.53819601293489));
#7509=CARTESIAN_POINT('Origin',(0.459016772398594,4.05,-3.0415788447468));
#7510=CARTESIAN_POINT('',(0.459016772398594,4.05,-3.0415788447468));
#7511=CARTESIAN_POINT('',(0.459016772398594,4.05,-3.0415788447468));
#7512=CARTESIAN_POINT('',(0.459016772398594,4.05,-3.0415788447468));
#7513=CARTESIAN_POINT('Origin',(-0.423933056702968,4.05,-3.0415788447468));
#7514=CARTESIAN_POINT('',(-0.423933056702968,4.05,-3.0415788447468));
#7515=CARTESIAN_POINT('',(-0.423933056702968,4.05,-3.0415788447468));
#7516=CARTESIAN_POINT('',(-0.423933056702968,4.05,-3.0415788447468));
#7517=CARTESIAN_POINT('Origin',(-0.423933056702968,4.05,-5.51383869405672));
#7518=CARTESIAN_POINT('',(-0.423933056702968,4.05,-5.51383869405672));
#7519=CARTESIAN_POINT('',(-0.423933056702968,4.05,-5.51383869405672));
#7520=CARTESIAN_POINT('',(-0.423933056702968,4.05,-5.51383869405672));
#7521=CARTESIAN_POINT('Origin',(-1.02474519382989,4.05,-5.51383869405672));
#7522=CARTESIAN_POINT('',(-1.02474519382989,4.05,-5.51383869405672));
#7523=CARTESIAN_POINT('Origin',(-1.54538103710687,4.05,-4.04530005212709));
#7524=CARTESIAN_POINT('Origin',(3.64802792054518,4.05,-6.7));
#7525=CARTESIAN_POINT('',(3.64802792054518,4.05,-6.7));
#7526=CARTESIAN_POINT('',(3.64802792054518,4.05,-1.4));
#7527=CARTESIAN_POINT('',(3.64802792054518,4.05,-3.35));
#7528=CARTESIAN_POINT('',(3.64802792054518,4.05,-6.7));
#7529=CARTESIAN_POINT('',(3.64802792054518,4.05,-1.4));
#7530=CARTESIAN_POINT('Origin',(-6.75197207945482,4.05,-6.7));
#7531=CARTESIAN_POINT('',(-6.75197207945482,4.05,-6.7));
#7532=CARTESIAN_POINT('',(-7.32598603972741,4.05,-6.7));
#7533=CARTESIAN_POINT('',(-6.75197207945482,4.05,-6.7));
#7534=CARTESIAN_POINT('Origin',(-6.75197207945482,4.05,-1.4));
#7535=CARTESIAN_POINT('',(-6.75197207945482,4.05,-1.4));
#7536=CARTESIAN_POINT('',(-6.75197207945482,4.05,-0.7));
#7537=CARTESIAN_POINT('',(-6.75197207945482,4.05,-1.4));
#7538=CARTESIAN_POINT('Origin',(3.64802792054518,4.05,-1.4));
#7539=CARTESIAN_POINT('',(-2.12598603972741,4.05,-1.4));
#7540=CARTESIAN_POINT('Origin',(-1.55197207945482,3.95,-4.05));
#7541=CARTESIAN_POINT('Origin',(7.9,1.,-4.25));
#7542=CARTESIAN_POINT('',(7.9,1.,-3.85));
#7543=CARTESIAN_POINT('',(7.9,1.,-4.25));
#7544=CARTESIAN_POINT('',(7.9,1.,-2.125));
#7545=CARTESIAN_POINT('',(7.908,1.,-3.85));
#7546=CARTESIAN_POINT('',(7.9,1.,-3.85));
#7547=CARTESIAN_POINT('',(7.908,1.,-4.25));
#7548=CARTESIAN_POINT('',(7.908,1.,-3.85));
#7549=CARTESIAN_POINT('',(7.9,1.,-4.25));
#7550=CARTESIAN_POINT('Origin',(7.9,-1.,-4.25));
#7551=CARTESIAN_POINT('',(7.9,-1.,-4.25));
#7552=CARTESIAN_POINT('',(7.9,0.221343453257952,-4.25));
#7553=CARTESIAN_POINT('',(7.908,-1.,-4.25));
#7554=CARTESIAN_POINT('',(7.908,1.,-4.25));
#7555=CARTESIAN_POINT('',(7.9,-1.,-4.25));
#7556=CARTESIAN_POINT('Origin',(7.9,-1.,-3.85));
#7557=CARTESIAN_POINT('',(7.9,-1.,-3.85));
#7558=CARTESIAN_POINT('',(7.9,-1.,-1.925));
#7559=CARTESIAN_POINT('',(7.908,-1.,-3.85));
#7560=CARTESIAN_POINT('',(7.908,-1.,-4.25));
#7561=CARTESIAN_POINT('',(7.9,-1.,-3.85));
#7562=CARTESIAN_POINT('Origin',(7.9,1.,-3.85));
#7563=CARTESIAN_POINT('',(7.9,1.22134345325795,-3.85));
#7564=CARTESIAN_POINT('',(7.908,-1.,-3.85));
#7565=CARTESIAN_POINT('Origin',(7.908,0.,-4.05));
#7566=CARTESIAN_POINT('Origin',(-7.9,-1.,-4.25));
#7567=CARTESIAN_POINT('',(-7.9,-1.,-3.85));
#7568=CARTESIAN_POINT('',(-7.9,-1.,-4.25));
#7569=CARTESIAN_POINT('',(-7.9,-1.,-2.125));
#7570=CARTESIAN_POINT('',(-7.908,-1.,-3.85));
#7571=CARTESIAN_POINT('',(-7.9,-1.,-3.85));
#7572=CARTESIAN_POINT('',(-7.908,-1.,-4.25));
#7573=CARTESIAN_POINT('',(-7.908,-1.,-3.85));
#7574=CARTESIAN_POINT('',(-7.9,-1.,-4.25));
#7575=CARTESIAN_POINT('Origin',(-7.9,-0.200000000000001,-4.25));
#7576=CARTESIAN_POINT('',(-7.9,-0.200000000000001,-4.25));
#7577=CARTESIAN_POINT('',(-7.9,-2.125,-4.25));
#7578=CARTESIAN_POINT('',(-7.908,-0.200000000000001,-4.25));
#7579=CARTESIAN_POINT('',(-7.908,-1.,-4.25));
#7580=CARTESIAN_POINT('',(-7.9,-0.200000000000001,-4.25));
#7581=CARTESIAN_POINT('Origin',(-7.9,-0.200000000000001,-5.05));
#7582=CARTESIAN_POINT('',(-7.9,-0.200000000000001,-5.05));
#7583=CARTESIAN_POINT('',(-7.9,-0.200000000000001,-2.525));
#7584=CARTESIAN_POINT('',(-7.908,-0.200000000000001,-5.05));
#7585=CARTESIAN_POINT('',(-7.908,-0.200000000000001,-3.05));
#7586=CARTESIAN_POINT('',(-7.9,-0.200000000000001,-5.05));
#7587=CARTESIAN_POINT('Origin',(-7.9,0.199999999999999,-5.05));
#7588=CARTESIAN_POINT('',(-7.9,0.199999999999999,-5.05));
#7589=CARTESIAN_POINT('',(-7.9,-1.925,-5.05));
#7590=CARTESIAN_POINT('',(-7.908,0.199999999999999,-5.05));
#7591=CARTESIAN_POINT('',(-7.908,-0.200000000000001,-5.05));
#7592=CARTESIAN_POINT('',(-7.9,0.199999999999999,-5.05));
#7593=CARTESIAN_POINT('Origin',(-7.9,0.199999999999999,-4.25));
#7594=CARTESIAN_POINT('',(-7.9,0.199999999999999,-4.25));
#7595=CARTESIAN_POINT('',(-7.9,0.2,-2.125));
#7596=CARTESIAN_POINT('',(-7.908,0.199999999999999,-4.25));
#7597=CARTESIAN_POINT('',(-7.908,0.199999999999999,-5.05));
#7598=CARTESIAN_POINT('',(-7.9,0.199999999999999,-4.25));
#7599=CARTESIAN_POINT('Origin',(-7.9,1.,-4.25));
#7600=CARTESIAN_POINT('',(-7.9,1.,-4.25));
#7601=CARTESIAN_POINT('',(-7.9,-1.525,-4.25));
#7602=CARTESIAN_POINT('',(-7.908,1.,-4.25));
#7603=CARTESIAN_POINT('',(-7.908,-1.,-4.25));
#7604=CARTESIAN_POINT('',(-7.9,1.,-4.25));
#7605=CARTESIAN_POINT('Origin',(-7.9,1.,-3.85));
#7606=CARTESIAN_POINT('',(-7.9,1.,-3.85));
#7607=CARTESIAN_POINT('',(-7.9,1.,-1.925));
#7608=CARTESIAN_POINT('',(-7.908,1.,-3.85));
#7609=CARTESIAN_POINT('',(-7.908,1.,-4.25));
#7610=CARTESIAN_POINT('',(-7.9,1.,-3.85));
#7611=CARTESIAN_POINT('Origin',(-7.9,0.199999999999999,-3.85));
#7612=CARTESIAN_POINT('',(-7.9,0.199999999999999,-3.85));
#7613=CARTESIAN_POINT('',(-7.9,-1.925,-3.85));
#7614=CARTESIAN_POINT('',(-7.908,0.199999999999999,-3.85));
#7615=CARTESIAN_POINT('',(-7.908,1.,-3.85));
#7616=CARTESIAN_POINT('',(-7.9,0.199999999999999,-3.85));
#7617=CARTESIAN_POINT('Origin',(-7.9,0.199999999999999,-3.05));
#7618=CARTESIAN_POINT('',(-7.9,0.199999999999999,-3.05));
#7619=CARTESIAN_POINT('',(-7.9,0.2,-1.525));
#7620=CARTESIAN_POINT('',(-7.908,0.199999999999999,-3.05));
#7621=CARTESIAN_POINT('',(-7.908,0.199999999999999,-5.05));
#7622=CARTESIAN_POINT('',(-7.9,0.199999999999999,-3.05));
#7623=CARTESIAN_POINT('Origin',(-7.9,-0.200000000000001,-3.05));
#7624=CARTESIAN_POINT('',(-7.9,-0.200000000000001,-3.05));
#7625=CARTESIAN_POINT('',(-7.9,-2.125,-3.05));
#7626=CARTESIAN_POINT('',(-7.908,-0.200000000000001,-3.05));
#7627=CARTESIAN_POINT('',(-7.908,0.199999999999999,-3.05));
#7628=CARTESIAN_POINT('',(-7.9,-0.200000000000001,-3.05));
#7629=CARTESIAN_POINT('Origin',(-7.9,-0.200000000000001,-3.85));
#7630=CARTESIAN_POINT('',(-7.9,-0.200000000000001,-3.85));
#7631=CARTESIAN_POINT('',(-7.9,-0.200000000000001,-1.925));
#7632=CARTESIAN_POINT('',(-7.908,-0.200000000000001,-3.85));
#7633=CARTESIAN_POINT('',(-7.908,-0.200000000000001,-3.05));
#7634=CARTESIAN_POINT('',(-7.9,-0.200000000000001,-3.85));
#7635=CARTESIAN_POINT('Origin',(-7.9,-1.,-3.85));
#7636=CARTESIAN_POINT('',(-7.9,-2.525,-3.85));
#7637=CARTESIAN_POINT('',(-7.908,1.,-3.85));
#7638=CARTESIAN_POINT('Origin',(-7.908,-5.55111512312578E-16,-4.05));
#7639=CARTESIAN_POINT('Origin',(-3.94999999254942,0.,-8.1));
#7640=CARTESIAN_POINT('',(-6.94999999254942,3.67394039744206E-16,-8.1));
#7641=CARTESIAN_POINT('Origin',(-3.94999999254942,0.,-8.1));
#7642=CARTESIAN_POINT('',(-6.94999999254942,3.46944695195361E-16,-7.1));
#7643=CARTESIAN_POINT('',(-6.94999999254942,-3.67394039744206E-16,-8.1));
#7644=CARTESIAN_POINT('Origin',(-3.94999999254942,0.,-7.1));
#7645=CARTESIAN_POINT('Origin',(-3.94999999254942,0.,-7.1));
#7646=CARTESIAN_POINT('',(-6.09999999254942,2.63299061816681E-16,-7.1));
#7647=CARTESIAN_POINT('Origin',(-3.94999999254942,0.,-7.1));
#7648=CARTESIAN_POINT('Origin',(3.28000000745058,-9.30731567351989E-17,
-8.1));
#7649=CARTESIAN_POINT('',(0.28000000745058,2.74320883009007E-16,-8.1));
#7650=CARTESIAN_POINT('Origin',(3.28000000745058,-9.30731567351989E-17,
-8.1));
#7651=CARTESIAN_POINT('',(0.28000000745058,2.77555756156289E-16,-7.1));
#7652=CARTESIAN_POINT('',(0.28000000745058,-4.60467196479405E-16,-8.1));
#7653=CARTESIAN_POINT('Origin',(3.28000000745058,-9.30731567351989E-17,
-7.1));
#7654=CARTESIAN_POINT('Origin',(3.28000000745058,0.,-7.1));
#7655=CARTESIAN_POINT('',(1.13000001490116,1.70225904169049E-16,-7.1));
#7656=CARTESIAN_POINT('Origin',(3.28000000745058,-9.30731567351989E-17,
-7.1));
#7657=CARTESIAN_POINT('Origin',(3.28000000745058,-9.30731567351989E-17,
0.));
#7658=CARTESIAN_POINT('',(1.13000001490116,-3.56372217639447E-16,0.));
#7659=CARTESIAN_POINT('',(1.13000001490116,1.70225904169049E-16,0.));
#7660=CARTESIAN_POINT('Origin',(3.28000000745058,-9.30731567351989E-17,
0.));
#7661=CARTESIAN_POINT('Origin',(-3.94999999254942,0.,0.));
#7662=CARTESIAN_POINT('',(-6.09999999254942,-2.63299061816681E-16,0.));
#7663=CARTESIAN_POINT('',(-6.09999999254942,2.63299061816681E-16,0.));
#7664=CARTESIAN_POINT('Origin',(-3.94999999254942,0.,0.));
#7665=CARTESIAN_POINT('Origin',(7.9,-1.4426869065159,0.));
#7666=CARTESIAN_POINT('',(7.9,-1.4426869065159,0.));
#7667=CARTESIAN_POINT('',(4.79605584109036,-4.05,0.));
#7668=CARTESIAN_POINT('',(7.9,-1.4426869065159,0.));
#7669=CARTESIAN_POINT('',(4.79605584109036,-4.05,-8.1));
#7670=CARTESIAN_POINT('',(4.79605584109036,-4.05,0.));
#7671=CARTESIAN_POINT('',(7.9,-1.4426869065159,-8.1));
#7672=CARTESIAN_POINT('',(7.9,-1.4426869065159,-8.1));
#7673=CARTESIAN_POINT('',(7.9,-1.4426869065159,0.));
#7674=CARTESIAN_POINT('Origin',(7.9,1.4426869065159,0.));
#7675=CARTESIAN_POINT('',(7.9,1.4426869065159,0.));
#7676=CARTESIAN_POINT('',(7.9,1.4426869065159,0.));
#7677=CARTESIAN_POINT('',(7.9,1.4426869065159,-8.1));
#7678=CARTESIAN_POINT('',(7.9,1.4426869065159,-8.1));
#7679=CARTESIAN_POINT('',(7.9,1.4426869065159,0.));
#7680=CARTESIAN_POINT('Origin',(4.79605584109036,4.05,0.));
#7681=CARTESIAN_POINT('',(4.79605584109036,4.05,0.));
#7682=CARTESIAN_POINT('',(4.79605584109036,4.05,0.));
#7683=CARTESIAN_POINT('',(4.79605584109036,4.05,-8.1));
#7684=CARTESIAN_POINT('',(4.79605584109036,4.05,-8.1));
#7685=CARTESIAN_POINT('',(4.79605584109036,4.05,0.));
#7686=CARTESIAN_POINT('Origin',(-7.9,4.05,0.));
#7687=CARTESIAN_POINT('',(-7.9,4.05,0.));
#7688=CARTESIAN_POINT('',(-7.9,4.05,0.));
#7689=CARTESIAN_POINT('',(-7.9,4.05,-8.1));
#7690=CARTESIAN_POINT('',(-7.9,4.05,-8.1));
#7691=CARTESIAN_POINT('',(-7.9,4.05,0.));
#7692=CARTESIAN_POINT('Origin',(-7.9,-4.05,0.));
#7693=CARTESIAN_POINT('',(-7.9,-4.05,0.));
#7694=CARTESIAN_POINT('',(-7.9,-4.05,0.));
#7695=CARTESIAN_POINT('',(-7.9,-4.05,-8.1));
#7696=CARTESIAN_POINT('',(-7.9,-4.05,-8.1));
#7697=CARTESIAN_POINT('',(-7.9,-4.05,0.));
#7698=CARTESIAN_POINT('Origin',(4.79605584109036,-4.05,0.));
#7699=CARTESIAN_POINT('',(4.79605584109036,-4.05,0.));
#7700=CARTESIAN_POINT('',(4.79605584109036,-4.05,-8.1));
#7701=CARTESIAN_POINT('Origin',(1.11022302462516E-15,-5.55111512312578E-16,
0.));
#7702=CARTESIAN_POINT('Origin',(1.11022302462516E-15,-5.55111512312578E-16,
-8.1));
#7703=CARTESIAN_POINT('Origin',(3.28000000745058,-9.30731567351989E-17,
-8.1));
#7704=CARTESIAN_POINT('',(2.93890594144415,-1.68583957386377,-8.1));
#7705=CARTESIAN_POINT('',(3.62109407345702,1.68583957386377,-8.1));
#7706=CARTESIAN_POINT('Origin',(3.28000000745058,-9.30731567351989E-17,
-8.1));
#7707=CARTESIAN_POINT('',(2.93890594144415,-1.68583957386377,-11.5));
#7708=CARTESIAN_POINT('',(2.93890594144415,-1.68583957386377,-8.1));
#7709=CARTESIAN_POINT('',(3.62109407345702,1.68583957386377,-11.5));
#7710=CARTESIAN_POINT('Origin',(3.28000000745058,-9.30731567351989E-17,
-11.5));
#7711=CARTESIAN_POINT('',(3.62109407345702,1.68583957386377,-8.1));
#7712=CARTESIAN_POINT('Origin',(3.7063675718589,2.10729937787278,-8.1));
#7713=CARTESIAN_POINT('',(3.7063675718589,2.10729937787278,-8.1));
#7714=CARTESIAN_POINT('',(3.62109407345702,1.68583957386377,-8.1));
#7715=CARTESIAN_POINT('',(3.7063675718589,2.10729937787278,-11.5));
#7716=CARTESIAN_POINT('',(3.62109407345702,1.68583957386377,-11.5));
#7717=CARTESIAN_POINT('',(3.7063675718589,2.10729937787278,-8.1));
#7718=CARTESIAN_POINT('Origin',(3.28000000745058,-9.30731567351989E-17,
-8.1));
#7719=CARTESIAN_POINT('',(2.85363244304226,-2.10729937787278,-8.1));
#7720=CARTESIAN_POINT('Origin',(3.28000000745058,-9.30731567351989E-17,
-8.1));
#7721=CARTESIAN_POINT('',(2.85363244304226,-2.10729937787278,-11.5));
#7722=CARTESIAN_POINT('Origin',(3.28000000745058,-9.30731567351989E-17,
-11.5));
#7723=CARTESIAN_POINT('',(2.85363244304226,-2.10729937787278,-8.1));
#7724=CARTESIAN_POINT('Origin',(2.93890594144415,-1.68583957386377,-8.1));
#7725=CARTESIAN_POINT('',(2.85363244304226,-2.10729937787278,-8.1));
#7726=CARTESIAN_POINT('',(2.85363244304226,-2.10729937787278,-11.5));
#7727=CARTESIAN_POINT('Origin',(2.41818379338003,0.0213503073383181,-11.5));
#7728=CARTESIAN_POINT('Origin',(2.41818379338003,0.0213503073383181,-8.1));
#7729=CARTESIAN_POINT('Origin',(-5.62338947853753,-0.397702939622576,-8.1));
#7730=CARTESIAN_POINT('',(-6.04173685003456,-0.497128674528219,-8.1));
#7731=CARTESIAN_POINT('',(-5.62338947853753,-0.397702939622576,-8.1));
#7732=CARTESIAN_POINT('',(-6.04173685003456,-0.497128674528219,-8.1));
#7733=CARTESIAN_POINT('',(-6.04173685003456,-0.497128674528219,-11.5));
#7734=CARTESIAN_POINT('',(-6.04173685003456,-0.497128674528219,-8.1));
#7735=CARTESIAN_POINT('',(-5.62338947853753,-0.397702939622576,-11.5));
#7736=CARTESIAN_POINT('',(-6.04173685003456,-0.497128674528219,-11.5));
#7737=CARTESIAN_POINT('',(-5.62338947853753,-0.397702939622576,-8.1));
#7738=CARTESIAN_POINT('Origin',(-3.94999999254942,0.,-8.1));
#7739=CARTESIAN_POINT('',(-2.27661050656131,0.397702939622576,-8.1));
#7740=CARTESIAN_POINT('Origin',(-3.94999999254942,0.,-8.1));
#7741=CARTESIAN_POINT('',(-2.27661050656131,0.397702939622576,-11.5));
#7742=CARTESIAN_POINT('Origin',(-3.94999999254942,0.,-11.5));
#7743=CARTESIAN_POINT('',(-2.27661050656131,0.397702939622576,-8.1));
#7744=CARTESIAN_POINT('Origin',(-1.85826313506428,0.497128674528219,-8.1));
#7745=CARTESIAN_POINT('',(-1.85826313506428,0.49712867452822,-8.1));
#7746=CARTESIAN_POINT('',(-2.27661050656131,0.397702939622576,-8.1));
#7747=CARTESIAN_POINT('',(-1.85826313506428,0.49712867452822,-11.5));
#7748=CARTESIAN_POINT('',(-2.27661050656131,0.397702939622576,-11.5));
#7749=CARTESIAN_POINT('',(-1.85826313506428,0.49712867452822,-8.1));
#7750=CARTESIAN_POINT('Origin',(-3.94999999254942,0.,-8.1));
#7751=CARTESIAN_POINT('Origin',(-3.94999999254942,0.,-8.1));
#7752=CARTESIAN_POINT('Origin',(-3.94999999254942,0.,-11.5));
#7753=CARTESIAN_POINT('Origin',(-3.97913156380685,0.82643566273589,-11.5));
#7754=CARTESIAN_POINT('Origin',(-3.97913156380685,0.82643566273589,-8.1));
#7755=CARTESIAN_POINT('Origin',(-3.94999999254942,0.,-3.2));
#7756=CARTESIAN_POINT('',(-5.68999999254942,-2.13088543051639E-16,-8.1));
#7757=CARTESIAN_POINT('Origin',(-3.94999999254942,0.,-8.1));
#7758=CARTESIAN_POINT('',(-5.68999999254942,-2.13088543051639E-16,-3.2));
#7759=CARTESIAN_POINT('',(-5.68999999254942,2.13088543051639E-16,-3.2));
#7760=CARTESIAN_POINT('Origin',(-3.94999999254942,0.,-3.2));
#7761=CARTESIAN_POINT('Origin',(-3.94999999254942,0.,-3.2));
#7762=CARTESIAN_POINT('',(-6.09999999254942,-2.63299061816681E-16,-8.1));
#7763=CARTESIAN_POINT('Origin',(-3.94999999254942,0.,-8.1));
#7764=CARTESIAN_POINT('',(-6.09999999254942,-2.63299061816681E-16,-3.2));
#7765=CARTESIAN_POINT('',(-6.09999999254942,2.63299061816681E-16,-3.2));
#7766=CARTESIAN_POINT('Origin',(-3.94999999254942,0.,-3.2));
#7767=CARTESIAN_POINT('Origin',(-3.94999999254942,0.,-8.1));
#7768=CARTESIAN_POINT('Origin',(-3.94999999254942,0.,-3.2));
#7769=CARTESIAN_POINT('Origin',(3.28000000745058,-9.30731567351989E-17,
-3.2));
#7770=CARTESIAN_POINT('',(1.54000000745058,-3.06161699786838E-16,-8.1));
#7771=CARTESIAN_POINT('Origin',(3.28000000745058,-9.30731567351989E-17,
-8.1));
#7772=CARTESIAN_POINT('',(1.54000000745058,-3.06161699786838E-16,-3.2));
#7773=CARTESIAN_POINT('',(1.54000000745058,1.2001538631644E-16,-3.2));
#7774=CARTESIAN_POINT('Origin',(3.28000000745058,-9.30731567351989E-17,
-3.2));
#7775=CARTESIAN_POINT('Origin',(3.28000000745058,-9.30731567351989E-17,
-3.2));
#7776=CARTESIAN_POINT('',(1.13000001490116,-3.56372217639447E-16,-8.1));
#7777=CARTESIAN_POINT('Origin',(3.28000000745058,-9.30731567351989E-17,
-8.1));
#7778=CARTESIAN_POINT('',(1.13000001490116,-3.56372217639447E-16,-3.2));
#7779=CARTESIAN_POINT('',(1.13000001490116,1.70225904169049E-16,-3.2));
#7780=CARTESIAN_POINT('Origin',(3.28000000745058,-9.30731567351989E-17,
-3.2));
#7781=CARTESIAN_POINT('Origin',(3.28000000745058,0.,-8.1));
#7782=CARTESIAN_POINT('Origin',(3.28000000745058,0.,-3.2));
#7783=CARTESIAN_POINT('Origin',(3.28000000745058,-9.30731567351989E-17,
-3.2));
#7784=CARTESIAN_POINT('',(1.54000000745058,-3.06161699786838E-16,-4.2));
#7785=CARTESIAN_POINT('Origin',(3.28000000745058,-9.30731567351989E-17,
-4.2));
#7786=CARTESIAN_POINT('',(1.54000000745058,-3.06161699786838E-16,-3.2));
#7787=CARTESIAN_POINT('',(1.54000000745058,1.2001538631644E-16,-3.2));
#7788=CARTESIAN_POINT('Origin',(3.28000000745058,-9.30731567351989E-17,
-3.2));
#7789=CARTESIAN_POINT('Origin',(3.28000000745058,0.,-3.2));
#7790=CARTESIAN_POINT('Origin',(3.28000000745058,0.,-4.2));
#7791=CARTESIAN_POINT('Origin',(-3.94999999254942,0.,-3.2));
#7792=CARTESIAN_POINT('',(-5.68999999254942,-2.13088543051639E-16,-4.2));
#7793=CARTESIAN_POINT('Origin',(-3.94999999254942,0.,-4.2));
#7794=CARTESIAN_POINT('',(-5.68999999254942,-2.13088543051639E-16,-3.2));
#7795=CARTESIAN_POINT('',(-5.68999999254942,2.13088543051639E-16,-3.2));
#7796=CARTESIAN_POINT('Origin',(-3.94999999254942,0.,-3.2));
#7797=CARTESIAN_POINT('Origin',(-3.94999999254942,0.,-3.2));
#7798=CARTESIAN_POINT('Origin',(-3.94999999254942,0.,-4.2));
#7799=UNCERTAINTY_MEASURE_WITH_UNIT(LENGTH_MEASURE(0.01),#7803,
'DISTANCE_ACCURACY_VALUE',
'Maximum model space distance between geometric entities at asserted c
onnectivities');
#7800=UNCERTAINTY_MEASURE_WITH_UNIT(LENGTH_MEASURE(0.01),#7803,
'DISTANCE_ACCURACY_VALUE',
'Maximum model space distance between geometric entities at asserted c
onnectivities');
#7801=(
GEOMETRIC_REPRESENTATION_CONTEXT(3)
GLOBAL_UNCERTAINTY_ASSIGNED_CONTEXT((#7799))
GLOBAL_UNIT_ASSIGNED_CONTEXT((#7803,#7805,#7806))
REPRESENTATION_CONTEXT('','3D')
);
#7802=(
GEOMETRIC_REPRESENTATION_CONTEXT(3)
GLOBAL_UNCERTAINTY_ASSIGNED_CONTEXT((#7800))
GLOBAL_UNIT_ASSIGNED_CONTEXT((#7803,#7805,#7806))
REPRESENTATION_CONTEXT('','3D')
);
#7803=(
LENGTH_UNIT()
NAMED_UNIT(*)
SI_UNIT(.MILLI.,.METRE.)
);
#7804=(
LENGTH_UNIT()
NAMED_UNIT(*)
SI_UNIT($,.METRE.)
);
#7805=(
NAMED_UNIT(*)
PLANE_ANGLE_UNIT()
SI_UNIT($,.RADIAN.)
);
#7806=(
NAMED_UNIT(*)
SI_UNIT($,.STERADIAN.)
SOLID_ANGLE_UNIT()
);
#7807=SHAPE_DEFINITION_REPRESENTATION(#7808,#7809);
#7808=PRODUCT_DEFINITION_SHAPE('',$,#7811);
#7809=SHAPE_REPRESENTATION('',(#4179),#7801);
#7810=PRODUCT_DEFINITION_CONTEXT('part definition',#7815,'design');
#7811=PRODUCT_DEFINITION('XT60 female','XT60 female v2',#7812,#7810);
#7812=PRODUCT_DEFINITION_FORMATION('',$,#7817);
#7813=PRODUCT_RELATED_PRODUCT_CATEGORY('XT60 female v2',
'XT60 female v2',(#7817));
#7814=APPLICATION_PROTOCOL_DEFINITION('international standard',
'automotive_design',2009,#7815);
#7815=APPLICATION_CONTEXT(
'Core Data for Automotive Mechanical Design Process');
#7816=PRODUCT_CONTEXT('part definition',#7815,'mechanical');
#7817=PRODUCT('XT60 female','XT60 female v2',$,(#7816));
#7818=PRESENTATION_STYLE_ASSIGNMENT((#7821));
#7819=PRESENTATION_STYLE_ASSIGNMENT((#7822));
#7820=PRESENTATION_STYLE_ASSIGNMENT((#7823));
#7821=SURFACE_STYLE_USAGE(.BOTH.,#7824);
#7822=SURFACE_STYLE_USAGE(.BOTH.,#7825);
#7823=SURFACE_STYLE_USAGE(.BOTH.,#7826);
#7824=SURFACE_SIDE_STYLE('',(#7827));
#7825=SURFACE_SIDE_STYLE('',(#7828));
#7826=SURFACE_SIDE_STYLE('',(#7829));
#7827=SURFACE_STYLE_FILL_AREA(#7830);
#7828=SURFACE_STYLE_FILL_AREA(#7831);
#7829=SURFACE_STYLE_FILL_AREA(#7832);
#7830=FILL_AREA_STYLE('Steel - Satin',(#7833));
#7831=FILL_AREA_STYLE('Plastic - Matte (Yellow)',(#7834));
#7832=FILL_AREA_STYLE('Gold - Polished',(#7835));
#7833=FILL_AREA_STYLE_COLOUR('Steel - Satin',#7836);
#7834=FILL_AREA_STYLE_COLOUR('Plastic - Matte (Yellow)',#7837);
#7835=FILL_AREA_STYLE_COLOUR('Gold - Polished',#7838);
#7836=COLOUR_RGB('Steel - Satin',0.627450980392157,0.627450980392157,0.627450980392157);
#7837=COLOUR_RGB('Plastic - Matte (Yellow)',0.909803921568627,0.67843137254902,
0.137254901960784);
#7838=COLOUR_RGB('Gold - Polished',0.956862745098039,0.898039215686275,
0.654901960784314);
ENDSEC;
END-ISO-10303-21;
