ISO-10303-21;
HEADER;
/* Generated by software containing ST-Developer
 * from STEP Tools, Inc. (www.steptools.com) 
 */

FILE_DESCRIPTION(
/* description */ (''),
/* implementation_level */ '2;1');

FILE_NAME(
/* name */ '2400mah li-ion cell.step',
/* time_stamp */ '2026-05-24T17:27:54+05:30',
/* author */ (''),
/* organization */ (''),
/* preprocessor_version */ 'ST-DEVELOPER v20.1',
/* originating_system */ 'Autodesk Translation Framework v15.8.0.0',
/* authorisation */ '');

FILE_SCHEMA (('AUTOMOTIVE_DESIGN { 1 0 10303 214 3 1 1 }'));
ENDSEC;

DATA;
#10=MECHANICAL_DESIGN_GEOMETRIC_PRESENTATION_REPRESENTATION('',(#352,#353,
#354,#355,#356,#357,#358,#359,#360,#361,#362,#363,#364,#365,#366),#10089);
#11=SHAPE_REPRESENTATION_RELATIONSHIP('SRR','None',#10096,#12);
#12=ADVANCED_BREP_SHAPE_REPRESENTATION('',(#367,#368,#369,#370),#10088);
#13=B_SPLINE_SURFACE_WITH_KNOTS('',3,3,((#5852,#5853,#5854,#5855),(#5856,
#5857,#5858,#5859),(#5860,#5861,#5862,#5863),(#5864,#5865,#5866,#5867)),
 .UNSPECIFIED.,.F.,.F.,.F.,(4,4),(4,4),(0.,0.246168885912214),(0.,0.001),
 .UNSPECIFIED.);
#14=B_SPLINE_SURFACE_WITH_KNOTS('',3,3,((#5880,#5881,#5882,#5883),(#5884,
#5885,#5886,#5887),(#5888,#5889,#5890,#5891),(#5892,#5893,#5894,#5895)),
 .UNSPECIFIED.,.F.,.F.,.F.,(4,4),(4,4),(0.,0.246168885912214),(0.,0.001),
 .UNSPECIFIED.);
#15=B_SPLINE_SURFACE_WITH_KNOTS('',3,3,((#5946,#5947,#5948,#5949),(#5950,
#5951,#5952,#5953),(#5954,#5955,#5956,#5957),(#5958,#5959,#5960,#5961)),
 .UNSPECIFIED.,.F.,.F.,.F.,(4,4),(4,4),(0.,0.360092062216539),(0.,0.001),
 .UNSPECIFIED.);
#16=B_SPLINE_SURFACE_WITH_KNOTS('',3,3,((#6798,#6799,#6800,#6801),(#6802,
#6803,#6804,#6805),(#6806,#6807,#6808,#6809),(#6810,#6811,#6812,#6813),
(#6814,#6815,#6816,#6817)),.UNSPECIFIED.,.F.,.F.,.F.,(4,1,4),(4,4),(0.,
0.10590992551874,0.194879116238729),(0.,0.001),.UNSPECIFIED.);
#17=B_SPLINE_SURFACE_WITH_KNOTS('',3,3,((#6820,#6821,#6822,#6823),(#6824,
#6825,#6826,#6827),(#6828,#6829,#6830,#6831),(#6832,#6833,#6834,#6835),
(#6836,#6837,#6838,#6839)),.UNSPECIFIED.,.F.,.F.,.F.,(4,1,4),(4,4),(0.,
0.0896459767811649,0.196913501548965),(0.,0.001),.UNSPECIFIED.);
#18=B_SPLINE_SURFACE_WITH_KNOTS('',3,3,((#6841,#6842,#6843,#6844),(#6845,
#6846,#6847,#6848),(#6849,#6850,#6851,#6852),(#6853,#6854,#6855,#6856),
(#6857,#6858,#6859,#6860)),.UNSPECIFIED.,.F.,.F.,.F.,(4,1,4),(4,4),(0.,
0.0728841279077971,0.148944346804688),(0.,0.001),.UNSPECIFIED.);
#19=B_SPLINE_SURFACE_WITH_KNOTS('',3,3,((#6862,#6863,#6864,#6865),(#6866,
#6867,#6868,#6869),(#6870,#6871,#6872,#6873),(#6874,#6875,#6876,#6877),
(#6878,#6879,#6880,#6881)),.UNSPECIFIED.,.F.,.F.,.F.,(4,1,4),(4,4),(0.,
0.0760602188968905,0.14894446247836),(0.,0.001),.UNSPECIFIED.);
#20=B_SPLINE_SURFACE_WITH_KNOTS('',3,3,((#6883,#6884,#6885,#6886),(#6887,
#6888,#6889,#6890),(#6891,#6892,#6893,#6894),(#6895,#6896,#6897,#6898),
(#6899,#6900,#6901,#6902)),.UNSPECIFIED.,.F.,.F.,.F.,(4,1,4),(4,4),(0.,
0.107515226534712,0.197237598991536),(0.,0.001),.UNSPECIFIED.);
#21=B_SPLINE_SURFACE_WITH_KNOTS('',3,3,((#6904,#6905,#6906,#6907),(#6908,
#6909,#6910,#6911),(#6912,#6913,#6914,#6915),(#6916,#6917,#6918,#6919),
(#6920,#6921,#6922,#6923)),.UNSPECIFIED.,.F.,.F.,.F.,(4,1,4),(4,4),(0.,
0.0889421766101746,0.194609075758899),(0.,0.001),.UNSPECIFIED.);
#22=B_SPLINE_SURFACE_WITH_KNOTS('',3,3,((#6925,#6926,#6927,#6928),(#6929,
#6930,#6931,#6932),(#6933,#6934,#6935,#6936),(#6937,#6938,#6939,#6940),
(#6941,#6942,#6943,#6944)),.UNSPECIFIED.,.F.,.F.,.F.,(4,1,4),(4,4),(0.,
0.0724512406555028,0.148312110585312),(0.,0.001),.UNSPECIFIED.);
#23=B_SPLINE_SURFACE_WITH_KNOTS('',3,3,((#6946,#6947,#6948,#6949),(#6950,
#6951,#6952,#6953),(#6954,#6955,#6956,#6957),(#6958,#6959,#6960,#6961),
(#6962,#6963,#6964,#6965)),.UNSPECIFIED.,.F.,.F.,.F.,(4,1,4),(4,4),(0.,
0.0758309210332873,0.148483581038838),(0.,0.001),.UNSPECIFIED.);
#24=B_SPLINE_SURFACE_WITH_KNOTS('',3,3,((#6966,#6967,#6968,#6969),(#6970,
#6971,#6972,#6973),(#6974,#6975,#6976,#6977),(#6978,#6979,#6980,#6981),
(#6982,#6983,#6984,#6985)),.UNSPECIFIED.,.F.,.F.,.F.,(4,1,4),(4,4),(0.,
0.0987544772570208,0.171720899001766),(0.,0.001),.UNSPECIFIED.);
#25=B_SPLINE_SURFACE_WITH_KNOTS('',3,3,((#6995,#6996,#6997,#6998),(#6999,
#7000,#7001,#7002),(#7003,#7004,#7005,#7006),(#7007,#7008,#7009,#7010),
(#7011,#7012,#7013,#7014)),.UNSPECIFIED.,.F.,.F.,.F.,(4,1,4),(4,4),(0.,
0.0738806038087624,0.169795764218861),(0.,0.001),.UNSPECIFIED.);
#26=B_SPLINE_SURFACE_WITH_KNOTS('',3,3,((#7022,#7023,#7024,#7025),(#7026,
#7027,#7028,#7029),(#7030,#7031,#7032,#7033),(#7034,#7035,#7036,#7037),
(#7038,#7039,#7040,#7041)),.UNSPECIFIED.,.F.,.F.,.F.,(4,1,4),(4,4),(0.,
0.045806491902259,0.100484258570124),(0.,0.001),.UNSPECIFIED.);
#27=B_SPLINE_SURFACE_WITH_KNOTS('',3,3,((#7049,#7050,#7051,#7052),(#7053,
#7054,#7055,#7056),(#7057,#7058,#7059,#7060),(#7061,#7062,#7063,#7064),
(#7065,#7066,#7067,#7068)),.UNSPECIFIED.,.F.,.F.,.F.,(4,1,4),(4,4),(0.,
0.0547268269309984,0.100769478438628),(0.,0.001),.UNSPECIFIED.);
#28=B_SPLINE_SURFACE_WITH_KNOTS('',3,3,((#7076,#7077,#7078,#7079),(#7080,
#7081,#7082,#7083),(#7084,#7085,#7086,#7087),(#7088,#7089,#7090,#7091),
(#7092,#7093,#7094,#7095)),.UNSPECIFIED.,.F.,.F.,.F.,(4,1,4),(4,4),(0.,
0.0959151604100983,0.169795796636861),(0.,0.001),.UNSPECIFIED.);
#29=B_SPLINE_SURFACE_WITH_KNOTS('',3,3,((#7103,#7104,#7105,#7106),(#7107,
#7108,#7109,#7110),(#7111,#7112,#7113,#7114),(#7115,#7116,#7117,#7118),
(#7119,#7120,#7121,#7122)),.UNSPECIFIED.,.F.,.F.,.F.,(4,1,4),(4,4),(0.,
0.0729664531409327,0.171720930397954),(0.,0.001),.UNSPECIFIED.);
#30=B_SPLINE_SURFACE_WITH_KNOTS('',3,3,((#7130,#7131,#7132,#7133),(#7134,
#7135,#7136,#7137),(#7138,#7139,#7140,#7141),(#7142,#7143,#7144,#7145),
(#7146,#7147,#7148,#7149)),.UNSPECIFIED.,.F.,.F.,.F.,(4,1,4),(4,4),(0.,
0.0472360360900663,0.100291562874392),(0.,0.001),.UNSPECIFIED.);
#31=B_SPLINE_SURFACE_WITH_KNOTS('',3,3,((#7157,#7158,#7159,#7160),(#7161,
#7162,#7163,#7164),(#7165,#7166,#7167,#7168),(#7169,#7170,#7171,#7172),
(#7173,#7174,#7175,#7176)),.UNSPECIFIED.,.F.,.F.,.F.,(4,1,4),(4,4),(0.,
0.0530053508759222,0.100003507139764),(0.,0.001),.UNSPECIFIED.);
#32=B_SPLINE_SURFACE_WITH_KNOTS('',3,3,((#7226,#7227,#7228,#7229),(#7230,
#7231,#7232,#7233),(#7234,#7235,#7236,#7237),(#7238,#7239,#7240,#7241)),
 .UNSPECIFIED.,.F.,.F.,.F.,(4,4),(4,4),(0.,0.511481899481553),(0.,0.001),
 .UNSPECIFIED.);
#33=B_SPLINE_SURFACE_WITH_KNOTS('',3,3,((#7254,#7255,#7256,#7257),(#7258,
#7259,#7260,#7261),(#7262,#7263,#7264,#7265),(#7266,#7267,#7268,#7269)),
 .UNSPECIFIED.,.F.,.F.,.F.,(4,4),(4,4),(0.,0.393559939258701),(0.,0.001),
 .UNSPECIFIED.);
#34=B_SPLINE_SURFACE_WITH_KNOTS('',3,3,((#7271,#7272,#7273,#7274),(#7275,
#7276,#7277,#7278),(#7279,#7280,#7281,#7282),(#7283,#7284,#7285,#7286)),
 .UNSPECIFIED.,.F.,.F.,.F.,(4,4),(4,4),(0.,0.393559939258701),(0.,0.001),
 .UNSPECIFIED.);
#35=B_SPLINE_SURFACE_WITH_KNOTS('',3,3,((#7298,#7299,#7300,#7301),(#7302,
#7303,#7304,#7305),(#7306,#7307,#7308,#7309),(#7310,#7311,#7312,#7313)),
 .UNSPECIFIED.,.F.,.F.,.F.,(4,4),(4,4),(0.,0.511481899481553),(0.,0.001),
 .UNSPECIFIED.);
#36=B_SPLINE_SURFACE_WITH_KNOTS('',3,3,((#7422,#7423,#7424,#7425),(#7426,
#7427,#7428,#7429),(#7430,#7431,#7432,#7433),(#7434,#7435,#7436,#7437),
(#7438,#7439,#7440,#7441)),.UNSPECIFIED.,.F.,.F.,.F.,(4,1,4),(4,4),(0.,
0.0329820552623889,0.0717002271742771),(0.,0.001),.UNSPECIFIED.);
#37=B_SPLINE_SURFACE_WITH_KNOTS('',3,3,((#7443,#7444,#7445,#7446),(#7447,
#7448,#7449,#7450),(#7451,#7452,#7453,#7454),(#7455,#7456,#7457,#7458),
(#7459,#7460,#7461,#7462)),.UNSPECIFIED.,.F.,.F.,.F.,(4,1,4),(4,4),(0.,
0.0245827520971647,0.0526871920566263),(0.,0.001),.UNSPECIFIED.);
#38=B_SPLINE_SURFACE_WITH_KNOTS('',3,3,((#7464,#7465,#7466,#7467),(#7468,
#7469,#7470,#7471),(#7472,#7473,#7474,#7475),(#7476,#7477,#7478,#7479),
(#7480,#7481,#7482,#7483)),.UNSPECIFIED.,.F.,.F.,.F.,(4,1,4),(4,4),(0.,
0.0212241023899794,0.0479826249441623),(0.,0.001),.UNSPECIFIED.);
#39=B_SPLINE_SURFACE_WITH_KNOTS('',3,3,((#7485,#7486,#7487,#7488),(#7489,
#7490,#7491,#7492),(#7493,#7494,#7495,#7496),(#7497,#7498,#7499,#7500),
(#7501,#7502,#7503,#7504)),.UNSPECIFIED.,.F.,.F.,.F.,(4,1,4),(4,4),(0.,
0.0360162129339433,0.0609741658638642),(0.,0.001),.UNSPECIFIED.);
#40=B_SPLINE_SURFACE_WITH_KNOTS('',3,3,((#7520,#7521,#7522,#7523),(#7524,
#7525,#7526,#7527),(#7528,#7529,#7530,#7531),(#7532,#7533,#7534,#7535),
(#7536,#7537,#7538,#7539)),.UNSPECIFIED.,.F.,.F.,.F.,(4,1,4),(4,4),(0.,
0.041367408223457,0.0896241172658613),(0.,0.001),.UNSPECIFIED.);
#41=B_SPLINE_SURFACE_WITH_KNOTS('',3,3,((#7541,#7542,#7543,#7544),(#7545,
#7546,#7547,#7548),(#7549,#7550,#7551,#7552),(#7553,#7554,#7555,#7556),
(#7557,#7558,#7559,#7560)),.UNSPECIFIED.,.F.,.F.,.F.,(4,1,4),(4,4),(0.,
0.0421266555148672,0.0810102852294599),(0.,0.001),.UNSPECIFIED.);
#42=B_SPLINE_SURFACE_WITH_KNOTS('',3,3,((#7562,#7563,#7564,#7565),(#7566,
#7567,#7568,#7569),(#7570,#7571,#7572,#7573),(#7574,#7575,#7576,#7577),
(#7578,#7579,#7580,#7581)),.UNSPECIFIED.,.F.,.F.,.F.,(4,1,4),(4,4),(0.,
0.0372384563964878,0.0757656273803806),(0.,0.001),.UNSPECIFIED.);
#43=B_SPLINE_SURFACE_WITH_KNOTS('',3,3,((#7583,#7584,#7585,#7586),(#7587,
#7588,#7589,#7590),(#7591,#7592,#7593,#7594),(#7595,#7596,#7597,#7598),
(#7599,#7600,#7601,#7602)),.UNSPECIFIED.,.F.,.F.,.F.,(4,1,4),(4,4),(0.,
0.0426370453472886,0.0813395798342759),(0.,0.001),.UNSPECIFIED.);
#44=B_SPLINE_SURFACE_WITH_KNOTS('',3,3,((#7733,#7734,#7735,#7736),(#7737,
#7738,#7739,#7740),(#7741,#7742,#7743,#7744),(#7745,#7746,#7747,#7748),
(#7749,#7750,#7751,#7752)),.UNSPECIFIED.,.F.,.F.,.F.,(4,1,4),(4,4),(0.,
0.102156334081641,0.172892175405576),(0.,0.001),.UNSPECIFIED.);
#45=B_SPLINE_SURFACE_WITH_KNOTS('',3,3,((#7754,#7755,#7756,#7757),(#7758,
#7759,#7760,#7761),(#7762,#7763,#7764,#7765),(#7766,#7767,#7768,#7769)),
 .UNSPECIFIED.,.F.,.F.,.F.,(4,4),(4,4),(0.,0.0306897765987522),(0.,0.001),
 .UNSPECIFIED.);
#46=B_SPLINE_SURFACE_WITH_KNOTS('',3,3,((#7771,#7772,#7773,#7774),(#7775,
#7776,#7777,#7778),(#7779,#7780,#7781,#7782),(#7783,#7784,#7785,#7786),
(#7787,#7788,#7789,#7790)),.UNSPECIFIED.,.F.,.F.,.F.,(4,1,4),(4,4),(0.,
0.0813795931852932,0.179748270885728),(0.,0.001),.UNSPECIFIED.);
#47=B_SPLINE_SURFACE_WITH_KNOTS('',3,3,((#7792,#7793,#7794,#7795),(#7796,
#7797,#7798,#7799),(#7800,#7801,#7802,#7803),(#7804,#7805,#7806,#7807),
(#7808,#7809,#7810,#7811)),.UNSPECIFIED.,.F.,.F.,.F.,(4,1,4),(4,4),(0.,
0.0535888222721164,0.109717594725682),(0.,0.001),.UNSPECIFIED.);
#48=B_SPLINE_SURFACE_WITH_KNOTS('',3,3,((#7813,#7814,#7815,#7816),(#7817,
#7818,#7819,#7820),(#7821,#7822,#7823,#7824),(#7825,#7826,#7827,#7828),
(#7829,#7830,#7831,#7832)),.UNSPECIFIED.,.F.,.F.,.F.,(4,1,4),(4,4),(0.,
0.0644100990853356,0.121306062139089),(0.,0.001),.UNSPECIFIED.);
#49=B_SPLINE_SURFACE_WITH_KNOTS('',3,3,((#7834,#7835,#7836,#7837),(#7838,
#7839,#7840,#7841),(#7842,#7843,#7844,#7845),(#7846,#7847,#7848,#7849),
(#7850,#7851,#7852,#7853)),.UNSPECIFIED.,.F.,.F.,.F.,(4,1,4),(4,4),(0.,
0.0317508428886922,0.0601476104326247),(0.,0.001),.UNSPECIFIED.);
#50=B_SPLINE_SURFACE_WITH_KNOTS('',3,3,((#7855,#7856,#7857,#7858),(#7859,
#7860,#7861,#7862),(#7863,#7864,#7865,#7866),(#7867,#7868,#7869,#7870),
(#7871,#7872,#7873,#7874)),.UNSPECIFIED.,.F.,.F.,.F.,(4,1,4),(4,4),(0.,
0.0397398670526097,0.0753103424172936),(0.,0.001),.UNSPECIFIED.);
#51=B_SPLINE_SURFACE_WITH_KNOTS('',3,3,((#7880,#7881,#7882,#7883),(#7884,
#7885,#7886,#7887),(#7888,#7889,#7890,#7891),(#7892,#7893,#7894,#7895)),
 .UNSPECIFIED.,.F.,.F.,.F.,(4,4),(4,4),(0.,0.0430798465079004),(0.,0.001),
 .UNSPECIFIED.);
#52=B_SPLINE_SURFACE_WITH_KNOTS('',3,3,((#7897,#7898,#7899,#7900),(#7901,
#7902,#7903,#7904),(#7905,#7906,#7907,#7908),(#7909,#7910,#7911,#7912),
(#7913,#7914,#7915,#7916)),.UNSPECIFIED.,.F.,.F.,.F.,(4,1,4),(4,4),(0.,
0.0241174250064776,0.0504499946650309),(0.,0.001),.UNSPECIFIED.);
#53=B_SPLINE_SURFACE_WITH_KNOTS('',3,3,((#7918,#7919,#7920,#7921),(#7922,
#7923,#7924,#7925),(#7926,#7927,#7928,#7929),(#7930,#7931,#7932,#7933),
(#7934,#7935,#7936,#7937)),.UNSPECIFIED.,.F.,.F.,.F.,(4,1,4),(4,4),(0.,
0.0228845933936909,0.0458137478220912),(0.,0.001),.UNSPECIFIED.);
#54=B_SPLINE_SURFACE_WITH_KNOTS('',3,3,((#7939,#7940,#7941,#7942),(#7943,
#7944,#7945,#7946),(#7947,#7948,#7949,#7950),(#7951,#7952,#7953,#7954),
(#7955,#7956,#7957,#7958)),.UNSPECIFIED.,.F.,.F.,.F.,(4,1,4),(4,4),(0.,
0.0363372266292572,0.0737606222593434),(0.,0.001),.UNSPECIFIED.);
#55=B_SPLINE_SURFACE_WITH_KNOTS('',3,3,((#7960,#7961,#7962,#7963),(#7964,
#7965,#7966,#7967),(#7968,#7969,#7970,#7971),(#7972,#7973,#7974,#7975),
(#7976,#7977,#7978,#7979)),.UNSPECIFIED.,.F.,.F.,.F.,(4,1,4),(4,4),(0.,
0.042867620648431,0.0813610606900664),(0.,0.001),.UNSPECIFIED.);
#56=B_SPLINE_SURFACE_WITH_KNOTS('',3,3,((#7981,#7982,#7983,#7984),(#7985,
#7986,#7987,#7988),(#7989,#7990,#7991,#7992),(#7993,#7994,#7995,#7996),
(#7997,#7998,#7999,#8000)),.UNSPECIFIED.,.F.,.F.,.F.,(4,1,4),(4,4),(0.,
0.0384314893409137,0.0765941584098581),(0.,0.001),.UNSPECIFIED.);
#57=B_SPLINE_SURFACE_WITH_KNOTS('',3,3,((#8002,#8003,#8004,#8005),(#8006,
#8007,#8008,#8009),(#8010,#8011,#8012,#8013),(#8014,#8015,#8016,#8017),
(#8018,#8019,#8020,#8021)),.UNSPECIFIED.,.F.,.F.,.F.,(4,1,4),(4,4),(0.,
0.0708285478514192,0.120626556175517),(0.,0.001),.UNSPECIFIED.);
#58=B_SPLINE_SURFACE_WITH_KNOTS('',3,3,((#8023,#8024,#8025,#8026),(#8027,
#8028,#8029,#8030),(#8031,#8032,#8033,#8034),(#8035,#8036,#8037,#8038)),
 .UNSPECIFIED.,.F.,.F.,.F.,(4,4),(4,4),(0.,0.0357781137738909),(0.,0.001),
 .UNSPECIFIED.);
#59=B_SPLINE_SURFACE_WITH_KNOTS('',3,3,((#8040,#8041,#8042,#8043),(#8044,
#8045,#8046,#8047),(#8048,#8049,#8050,#8051),(#8052,#8053,#8054,#8055),
(#8056,#8057,#8058,#8059)),.UNSPECIFIED.,.F.,.F.,.F.,(4,1,4),(4,4),(0.,
0.0839227479816425,0.16607266453881),(0.,0.001),.UNSPECIFIED.);
#60=B_SPLINE_SURFACE_WITH_KNOTS('',3,3,((#8087,#8088,#8089,#8090),(#8091,
#8092,#8093,#8094),(#8095,#8096,#8097,#8098),(#8099,#8100,#8101,#8102),
(#8103,#8104,#8105,#8106)),.UNSPECIFIED.,.F.,.F.,.F.,(4,1,4),(4,4),(0.,
0.292344800791197,0.501481074542208),(0.,0.001),.UNSPECIFIED.);
#61=B_SPLINE_SURFACE_WITH_KNOTS('',3,3,((#8117,#8118,#8119,#8120),(#8121,
#8122,#8123,#8124),(#8125,#8126,#8127,#8128),(#8129,#8130,#8131,#8132),
(#8133,#8134,#8135,#8136)),.UNSPECIFIED.,.F.,.F.,.F.,(4,1,4),(4,4),(0.,
0.19925382231853,0.492892007807649),(0.,0.001),.UNSPECIFIED.);
#62=B_SPLINE_SURFACE_WITH_KNOTS('',3,3,((#8308,#8309,#8310,#8311),(#8312,
#8313,#8314,#8315),(#8316,#8317,#8318,#8319),(#8320,#8321,#8322,#8323),
(#8324,#8325,#8326,#8327)),.UNSPECIFIED.,.F.,.F.,.F.,(4,1,4),(4,4),(0.,
0.0353155725422757,0.0682822085670358),(0.,0.001),.UNSPECIFIED.);
#63=B_SPLINE_SURFACE_WITH_KNOTS('',3,3,((#8330,#8331,#8332,#8333),(#8334,
#8335,#8336,#8337),(#8338,#8339,#8340,#8341),(#8342,#8343,#8344,#8345),
(#8346,#8347,#8348,#8349)),.UNSPECIFIED.,.F.,.F.,.F.,(4,1,4),(4,4),(0.,
0.0599160536739766,0.128248592790683),(0.,0.001),.UNSPECIFIED.);
#64=B_SPLINE_SURFACE_WITH_KNOTS('',3,3,((#8351,#8352,#8353,#8354),(#8355,
#8356,#8357,#8358),(#8359,#8360,#8361,#8362),(#8363,#8364,#8365,#8366),
(#8367,#8368,#8369,#8370)),.UNSPECIFIED.,.F.,.F.,.F.,(4,1,4),(4,4),(0.,
0.0617518347600487,0.119031226323504),(0.,0.001),.UNSPECIFIED.);
#65=B_SPLINE_SURFACE_WITH_KNOTS('',3,3,((#8372,#8373,#8374,#8375),(#8376,
#8377,#8378,#8379),(#8380,#8381,#8382,#8383),(#8384,#8385,#8386,#8387),
(#8388,#8389,#8390,#8391)),.UNSPECIFIED.,.F.,.F.,.F.,(4,1,4),(4,4),(0.,
0.0414706371549681,0.0900813378239756),(0.,0.001),.UNSPECIFIED.);
#66=B_SPLINE_SURFACE_WITH_KNOTS('',3,3,((#8393,#8394,#8395,#8396),(#8397,
#8398,#8399,#8400),(#8401,#8402,#8403,#8404),(#8405,#8406,#8407,#8408),
(#8409,#8410,#8411,#8412)),.UNSPECIFIED.,.F.,.F.,.F.,(4,1,4),(4,4),(0.,
0.0579533705982349,0.103013409294454),(0.,0.001),.UNSPECIFIED.);
#67=B_SPLINE_SURFACE_WITH_KNOTS('',3,3,((#8414,#8415,#8416,#8417),(#8418,
#8419,#8420,#8421),(#8422,#8423,#8424,#8425),(#8426,#8427,#8428,#8429),
(#8430,#8431,#8432,#8433)),.UNSPECIFIED.,.F.,.F.,.F.,(4,1,4),(4,4),(0.,
0.0428519503404065,0.0931321865503561),(0.,0.001),.UNSPECIFIED.);
#68=B_SPLINE_SURFACE_WITH_KNOTS('',3,3,((#8435,#8436,#8437,#8438),(#8439,
#8440,#8441,#8442),(#8443,#8444,#8445,#8446),(#8447,#8448,#8449,#8450),
(#8451,#8452,#8453,#8454)),.UNSPECIFIED.,.F.,.F.,.F.,(4,1,4),(4,4),(0.,
0.0412445853346002,0.0807900117486433),(0.,0.001),.UNSPECIFIED.);
#69=B_SPLINE_SURFACE_WITH_KNOTS('',3,3,((#8456,#8457,#8458,#8459),(#8460,
#8461,#8462,#8463),(#8464,#8465,#8466,#8467),(#8468,#8469,#8470,#8471),
(#8472,#8473,#8474,#8475)),.UNSPECIFIED.,.F.,.F.,.F.,(4,1,4),(4,4),(0.,
0.0464994146092506,0.0944879997534774),(0.,0.001),.UNSPECIFIED.);
#70=B_SPLINE_SURFACE_WITH_KNOTS('',3,3,((#8477,#8478,#8479,#8480),(#8481,
#8482,#8483,#8484),(#8485,#8486,#8487,#8488),(#8489,#8490,#8491,#8492),
(#8493,#8494,#8495,#8496)),.UNSPECIFIED.,.F.,.F.,.F.,(4,1,4),(4,4),(0.,
0.0613940836887227,0.11323024962349),(0.,0.001),.UNSPECIFIED.);
#71=B_SPLINE_SURFACE_WITH_KNOTS('',3,3,((#8498,#8499,#8500,#8501),(#8502,
#8503,#8504,#8505),(#8506,#8507,#8508,#8509),(#8510,#8511,#8512,#8513),
(#8514,#8515,#8516,#8517)),.UNSPECIFIED.,.F.,.F.,.F.,(4,1,4),(4,4),(0.,
0.0320501816298624,0.0659252836725902),(0.,0.001),.UNSPECIFIED.);
#72=B_SPLINE_SURFACE_WITH_KNOTS('',3,3,((#8519,#8520,#8521,#8522),(#8523,
#8524,#8525,#8526),(#8527,#8528,#8529,#8530),(#8531,#8532,#8533,#8534),
(#8535,#8536,#8537,#8538)),.UNSPECIFIED.,.F.,.F.,.F.,(4,1,4),(4,4),(0.,
0.0290971913740156,0.0595368712884555),(0.,0.001),.UNSPECIFIED.);
#73=B_SPLINE_SURFACE_WITH_KNOTS('',3,3,((#8544,#8545,#8546,#8547),(#8548,
#8549,#8550,#8551),(#8552,#8553,#8554,#8555),(#8556,#8557,#8558,#8559)),
 .UNSPECIFIED.,.F.,.F.,.F.,(4,4),(4,4),(0.,0.0405242482384483),(0.,0.001),
 .UNSPECIFIED.);
#74=B_SPLINE_SURFACE_WITH_KNOTS('',3,3,((#8561,#8562,#8563,#8564),(#8565,
#8566,#8567,#8568),(#8569,#8570,#8571,#8572),(#8573,#8574,#8575,#8576),
(#8577,#8578,#8579,#8580)),.UNSPECIFIED.,.F.,.F.,.F.,(4,1,4),(4,4),(0.,
0.0185429553197866,0.0373400949644969),(0.,0.001),.UNSPECIFIED.);
#75=B_SPLINE_SURFACE_WITH_KNOTS('',3,3,((#8582,#8583,#8584,#8585),(#8586,
#8587,#8588,#8589),(#8590,#8591,#8592,#8593),(#8594,#8595,#8596,#8597),
(#8598,#8599,#8600,#8601)),.UNSPECIFIED.,.F.,.F.,.F.,(4,1,4),(4,4),(0.,
0.0187238662017916,0.0372447744040166),(0.,0.001),.UNSPECIFIED.);
#76=B_SPLINE_SURFACE_WITH_KNOTS('',3,3,((#8603,#8604,#8605,#8606),(#8607,
#8608,#8609,#8610),(#8611,#8612,#8613,#8614),(#8615,#8616,#8617,#8618),
(#8619,#8620,#8621,#8622)),.UNSPECIFIED.,.F.,.F.,.F.,(4,1,4),(4,4),(0.,
0.0331184231701511,0.0735835005176858),(0.,0.001),.UNSPECIFIED.);
#77=B_SPLINE_SURFACE_WITH_KNOTS('',3,3,((#8624,#8625,#8626,#8627),(#8628,
#8629,#8630,#8631),(#8632,#8633,#8634,#8635),(#8636,#8637,#8638,#8639),
(#8640,#8641,#8642,#8643)),.UNSPECIFIED.,.F.,.F.,.F.,(4,1,4),(4,4),(0.,
0.0396544365981004,0.0724733603838339),(0.,0.001),.UNSPECIFIED.);
#78=B_SPLINE_SURFACE_WITH_KNOTS('',3,3,((#8645,#8646,#8647,#8648),(#8649,
#8650,#8651,#8652),(#8653,#8654,#8655,#8656),(#8657,#8658,#8659,#8660),
(#8661,#8662,#8663,#8664)),.UNSPECIFIED.,.F.,.F.,.F.,(4,1,4),(4,4),(0.,
0.0413983259549832,0.0872847836393749),(0.,0.001),.UNSPECIFIED.);
#79=B_SPLINE_SURFACE_WITH_KNOTS('',3,3,((#8666,#8667,#8668,#8669),(#8670,
#8671,#8672,#8673),(#8674,#8675,#8676,#8677),(#8678,#8679,#8680,#8681),
(#8682,#8683,#8684,#8685)),.UNSPECIFIED.,.F.,.F.,.F.,(4,1,4),(4,4),(0.,
0.0610957622851029,0.108595187813767),(0.,0.001),.UNSPECIFIED.);
#80=B_SPLINE_SURFACE_WITH_KNOTS('',3,3,((#8693,#8694,#8695,#8696),(#8697,
#8698,#8699,#8700),(#8701,#8702,#8703,#8704),(#8705,#8706,#8707,#8708),
(#8709,#8710,#8711,#8712)),.UNSPECIFIED.,.F.,.F.,.F.,(4,1,4),(4,4),(0.,
0.0467176091153639,0.101584795182711),(0.,0.001),.UNSPECIFIED.);
#81=B_SPLINE_SURFACE_WITH_KNOTS('',3,3,((#8714,#8715,#8716,#8717),(#8718,
#8719,#8720,#8721),(#8722,#8723,#8724,#8725),(#8726,#8727,#8728,#8729),
(#8730,#8731,#8732,#8733)),.UNSPECIFIED.,.F.,.F.,.F.,(4,1,4),(4,4),(0.,
0.0464607006419211,0.0897884713813689),(0.,0.001),.UNSPECIFIED.);
#82=B_SPLINE_SURFACE_WITH_KNOTS('',3,3,((#8735,#8736,#8737,#8738),(#8739,
#8740,#8741,#8742),(#8743,#8744,#8745,#8746),(#8747,#8748,#8749,#8750),
(#8751,#8752,#8753,#8754)),.UNSPECIFIED.,.F.,.F.,.F.,(4,1,4),(4,4),(0.,
0.0421659319766627,0.0905787392658969),(0.,0.001),.UNSPECIFIED.);
#83=B_SPLINE_SURFACE_WITH_KNOTS('',3,3,((#8756,#8757,#8758,#8759),(#8760,
#8761,#8762,#8763),(#8764,#8765,#8766,#8767),(#8768,#8769,#8770,#8771),
(#8772,#8773,#8774,#8775)),.UNSPECIFIED.,.F.,.F.,.F.,(4,1,4),(4,4),(0.,
0.0427786075660991,0.0826989491884517),(0.,0.001),.UNSPECIFIED.);
#84=B_SPLINE_SURFACE_WITH_KNOTS('',3,3,((#8777,#8778,#8779,#8780),(#8781,
#8782,#8783,#8784),(#8785,#8786,#8787,#8788),(#8789,#8790,#8791,#8792),
(#8793,#8794,#8795,#8796)),.UNSPECIFIED.,.F.,.F.,.F.,(4,1,4),(4,4),(0.,
0.0199162284671176,0.0395573350115044),(0.,0.001),.UNSPECIFIED.);
#85=B_SPLINE_SURFACE_WITH_KNOTS('',3,3,((#8798,#8799,#8800,#8801),(#8802,
#8803,#8804,#8805),(#8806,#8807,#8808,#8809),(#8810,#8811,#8812,#8813),
(#8814,#8815,#8816,#8817)),.UNSPECIFIED.,.F.,.F.,.F.,(4,1,4),(4,4),(0.,
0.0214671046416356,0.0420020001774808),(0.,0.001),.UNSPECIFIED.);
#86=B_SPLINE_SURFACE_WITH_KNOTS('',3,3,((#8819,#8820,#8821,#8822),(#8823,
#8824,#8825,#8826),(#8827,#8828,#8829,#8830),(#8831,#8832,#8833,#8834)),
 .UNSPECIFIED.,.F.,.F.,.F.,(4,4),(4,4),(0.,0.0361432740976522),(0.,0.001),
 .UNSPECIFIED.);
#87=B_SPLINE_SURFACE_WITH_KNOTS('',3,3,((#8840,#8841,#8842,#8843),(#8844,
#8845,#8846,#8847),(#8848,#8849,#8850,#8851),(#8852,#8853,#8854,#8855),
(#8856,#8857,#8858,#8859)),.UNSPECIFIED.,.F.,.F.,.F.,(4,1,4),(4,4),(0.,
0.0307925923507153,0.0596247929350135),(0.,0.001),.UNSPECIFIED.);
#88=B_SPLINE_SURFACE_WITH_KNOTS('',3,3,((#8917,#8918,#8919,#8920),(#8921,
#8922,#8923,#8924),(#8925,#8926,#8927,#8928),(#8929,#8930,#8931,#8932)),
 .UNSPECIFIED.,.F.,.F.,.F.,(4,4),(4,4),(0.,0.126318813680292),(0.,0.001),
 .UNSPECIFIED.);
#89=B_SPLINE_SURFACE_WITH_KNOTS('',3,3,((#8945,#8946,#8947,#8948),(#8949,
#8950,#8951,#8952),(#8953,#8954,#8955,#8956),(#8957,#8958,#8959,#8960)),
 .UNSPECIFIED.,.F.,.F.,.F.,(4,4),(4,4),(0.,0.513672337427244),(0.,0.001),
 .UNSPECIFIED.);
#90=B_SPLINE_SURFACE_WITH_KNOTS('',3,3,((#8964,#8965,#8966,#8967),(#8968,
#8969,#8970,#8971),(#8972,#8973,#8974,#8975),(#8976,#8977,#8978,#8979)),
 .UNSPECIFIED.,.F.,.F.,.F.,(4,4),(4,4),(0.,0.513672337427244),(0.,0.001),
 .UNSPECIFIED.);
#91=B_SPLINE_SURFACE_WITH_KNOTS('',3,3,((#8991,#8992,#8993,#8994),(#8995,
#8996,#8997,#8998),(#8999,#9000,#9001,#9002),(#9003,#9004,#9005,#9006)),
 .UNSPECIFIED.,.F.,.F.,.F.,(4,4),(4,4),(0.,0.126318813680292),(0.,0.001),
 .UNSPECIFIED.);
#92=B_SPLINE_SURFACE_WITH_KNOTS('',3,3,((#9009,#9010,#9011,#9012),(#9013,
#9014,#9015,#9016),(#9017,#9018,#9019,#9020),(#9021,#9022,#9023,#9024)),
 .UNSPECIFIED.,.F.,.F.,.F.,(4,4),(4,4),(0.,0.246687970318637),(0.,0.001),
 .UNSPECIFIED.);
#93=B_SPLINE_SURFACE_WITH_KNOTS('',3,3,((#9037,#9038,#9039,#9040),(#9041,
#9042,#9043,#9044),(#9045,#9046,#9047,#9048),(#9049,#9050,#9051,#9052)),
 .UNSPECIFIED.,.F.,.F.,.F.,(4,4),(4,4),(0.,0.246687970318637),(0.,0.001),
 .UNSPECIFIED.);
#94=B_SPLINE_SURFACE_WITH_KNOTS('',3,3,((#9228,#9229,#9230,#9231),(#9232,
#9233,#9234,#9235),(#9236,#9237,#9238,#9239),(#9240,#9241,#9242,#9243),
(#9244,#9245,#9246,#9247)),.UNSPECIFIED.,.F.,.F.,.F.,(4,1,4),(4,4),(0.,
0.0324778286636015,0.0699661882435227),(0.,0.001),.UNSPECIFIED.);
#95=B_SPLINE_SURFACE_WITH_KNOTS('',3,3,((#9249,#9250,#9251,#9252),(#9253,
#9254,#9255,#9256),(#9257,#9258,#9259,#9260),(#9261,#9262,#9263,#9264),
(#9265,#9266,#9267,#9268)),.UNSPECIFIED.,.F.,.F.,.F.,(4,1,4),(4,4),(0.,
0.0258207717040183,0.0542565535477027),(0.,0.001),.UNSPECIFIED.);
#96=B_SPLINE_SURFACE_WITH_KNOTS('',3,3,((#9270,#9271,#9272,#9273),(#9274,
#9275,#9276,#9277),(#9278,#9279,#9280,#9281),(#9282,#9283,#9284,#9285),
(#9286,#9287,#9288,#9289)),.UNSPECIFIED.,.F.,.F.,.F.,(4,1,4),(4,4),(0.,
0.0199895150491603,0.0418462919822339),(0.,0.001),.UNSPECIFIED.);
#97=B_SPLINE_SURFACE_WITH_KNOTS('',3,3,((#9291,#9292,#9293,#9294),(#9295,
#9296,#9297,#9298),(#9299,#9300,#9301,#9302),(#9303,#9304,#9305,#9306),
(#9307,#9308,#9309,#9310)),.UNSPECIFIED.,.F.,.F.,.F.,(4,1,4),(4,4),(0.,
0.0304158378918886,0.0538626630431849),(0.,0.001),.UNSPECIFIED.);
#98=B_SPLINE_SURFACE_WITH_KNOTS('',3,3,((#9326,#9327,#9328,#9329),(#9330,
#9331,#9332,#9333),(#9334,#9335,#9336,#9337),(#9338,#9339,#9340,#9341),
(#9342,#9343,#9344,#9345)),.UNSPECIFIED.,.F.,.F.,.F.,(4,1,4),(4,4),(0.,
0.0324229245497359,0.0699256981292211),(0.,0.001),.UNSPECIFIED.);
#99=B_SPLINE_SURFACE_WITH_KNOTS('',3,3,((#9347,#9348,#9349,#9350),(#9351,
#9352,#9353,#9354),(#9355,#9356,#9357,#9358),(#9359,#9360,#9361,#9362),
(#9363,#9364,#9365,#9366)),.UNSPECIFIED.,.F.,.F.,.F.,(4,1,4),(4,4),(0.,
0.0258323406588341,0.0542044816385468),(0.,0.001),.UNSPECIFIED.);
#100=B_SPLINE_SURFACE_WITH_KNOTS('',3,3,((#9368,#9369,#9370,#9371),(#9372,
#9373,#9374,#9375),(#9376,#9377,#9378,#9379),(#9380,#9381,#9382,#9383),
(#9384,#9385,#9386,#9387)),.UNSPECIFIED.,.F.,.F.,.F.,(4,1,4),(4,4),(0.,
0.0200141957408864,0.041915378677105),(0.,0.001),.UNSPECIFIED.);
#101=B_SPLINE_SURFACE_WITH_KNOTS('',3,3,((#9389,#9390,#9391,#9392),(#9393,
#9394,#9395,#9396),(#9397,#9398,#9399,#9400),(#9401,#9402,#9403,#9404),
(#9405,#9406,#9407,#9408)),.UNSPECIFIED.,.F.,.F.,.F.,(4,1,4),(4,4),(0.,
0.0304164787982866,0.0538708778889791),(0.,0.001),.UNSPECIFIED.);
#102=B_SPLINE_SURFACE_WITH_KNOTS('',3,3,((#9424,#9425,#9426,#9427),(#9428,
#9429,#9430,#9431),(#9432,#9433,#9434,#9435),(#9436,#9437,#9438,#9439),
(#9440,#9441,#9442,#9443)),.UNSPECIFIED.,.F.,.F.,.F.,(4,1,4),(4,4),(0.,
0.038913452682696,0.0836546912309751),(0.,0.001),.UNSPECIFIED.);
#103=B_SPLINE_SURFACE_WITH_KNOTS('',3,3,((#9445,#9446,#9447,#9448),(#9449,
#9450,#9451,#9452),(#9453,#9454,#9455,#9456),(#9457,#9458,#9459,#9460),
(#9461,#9462,#9463,#9464)),.UNSPECIFIED.,.F.,.F.,.F.,(4,1,4),(4,4),(0.,
0.0407412422712311,0.0780785234646135),(0.,0.001),.UNSPECIFIED.);
#104=B_SPLINE_SURFACE_WITH_KNOTS('',3,3,((#9466,#9467,#9468,#9469),(#9470,
#9471,#9472,#9473),(#9474,#9475,#9476,#9477),(#9478,#9479,#9480,#9481),
(#9482,#9483,#9484,#9485)),.UNSPECIFIED.,.F.,.F.,.F.,(4,1,4),(4,4),(0.,
0.034824707830283,0.0683446349414885),(0.,0.001),.UNSPECIFIED.);
#105=B_SPLINE_SURFACE_WITH_KNOTS('',3,3,((#9487,#9488,#9489,#9490),(#9491,
#9492,#9493,#9494),(#9495,#9496,#9497,#9498),(#9499,#9500,#9501,#9502),
(#9503,#9504,#9505,#9506)),.UNSPECIFIED.,.F.,.F.,.F.,(4,1,4),(4,4),(0.,
0.0442740682549412,0.0828986799985629),(0.,0.001),.UNSPECIFIED.);
#106=B_SPLINE_SURFACE_WITH_KNOTS('',3,3,((#9510,#9511,#9512,#9513),(#9514,
#9515,#9516,#9517),(#9518,#9519,#9520,#9521),(#9522,#9523,#9524,#9525),
(#9526,#9527,#9528,#9529)),.UNSPECIFIED.,.F.,.F.,.F.,(4,1,4),(4,4),(0.,
0.0304022145144026,0.0653766447122385),(0.,0.001),.UNSPECIFIED.);
#107=B_SPLINE_SURFACE_WITH_KNOTS('',3,3,((#9531,#9532,#9533,#9534),(#9535,
#9536,#9537,#9538),(#9539,#9540,#9541,#9542),(#9543,#9544,#9545,#9546),
(#9547,#9548,#9549,#9550)),.UNSPECIFIED.,.F.,.F.,.F.,(4,1,4),(4,4),(0.,
0.035689717215919,0.0663674681868319),(0.,0.001),.UNSPECIFIED.);
#108=B_SPLINE_SURFACE_WITH_KNOTS('',3,3,((#9552,#9553,#9554,#9555),(#9556,
#9557,#9558,#9559),(#9560,#9561,#9562,#9563),(#9564,#9565,#9566,#9567),
(#9568,#9569,#9570,#9571)),.UNSPECIFIED.,.F.,.F.,.F.,(4,1,4),(4,4),(0.,
0.034892689521296,0.0684034123645078),(0.,0.001),.UNSPECIFIED.);
#109=B_SPLINE_SURFACE_WITH_KNOTS('',3,3,((#9573,#9574,#9575,#9576),(#9577,
#9578,#9579,#9580),(#9581,#9582,#9583,#9584),(#9585,#9586,#9587,#9588),
(#9589,#9590,#9591,#9592)),.UNSPECIFIED.,.F.,.F.,.F.,(4,1,4),(4,4),(0.,
0.0442727319672872,0.0829581582896295),(0.,0.001),.UNSPECIFIED.);
#110=B_SPLINE_SURFACE_WITH_KNOTS('',3,3,((#9692,#9693,#9694,#9695),(#9696,
#9697,#9698,#9699),(#9700,#9701,#9702,#9703),(#9704,#9705,#9706,#9707),
(#9708,#9709,#9710,#9711)),.UNSPECIFIED.,.F.,.F.,.F.,(4,1,4),(4,4),(0.,
0.10590992551874,0.194879116238729),(0.,0.001),.UNSPECIFIED.);
#111=B_SPLINE_SURFACE_WITH_KNOTS('',3,3,((#9714,#9715,#9716,#9717),(#9718,
#9719,#9720,#9721),(#9722,#9723,#9724,#9725),(#9726,#9727,#9728,#9729),
(#9730,#9731,#9732,#9733)),.UNSPECIFIED.,.F.,.F.,.F.,(4,1,4),(4,4),(0.,
0.0896459767811649,0.196913501548965),(0.,0.001),.UNSPECIFIED.);
#112=B_SPLINE_SURFACE_WITH_KNOTS('',3,3,((#9735,#9736,#9737,#9738),(#9739,
#9740,#9741,#9742),(#9743,#9744,#9745,#9746),(#9747,#9748,#9749,#9750),
(#9751,#9752,#9753,#9754)),.UNSPECIFIED.,.F.,.F.,.F.,(4,1,4),(4,4),(0.,
0.0728841279077971,0.148944346804688),(0.,0.001),.UNSPECIFIED.);
#113=B_SPLINE_SURFACE_WITH_KNOTS('',3,3,((#9756,#9757,#9758,#9759),(#9760,
#9761,#9762,#9763),(#9764,#9765,#9766,#9767),(#9768,#9769,#9770,#9771),
(#9772,#9773,#9774,#9775)),.UNSPECIFIED.,.F.,.F.,.F.,(4,1,4),(4,4),(0.,
0.0760602188968905,0.14894446247836),(0.,0.001),.UNSPECIFIED.);
#114=B_SPLINE_SURFACE_WITH_KNOTS('',3,3,((#9777,#9778,#9779,#9780),(#9781,
#9782,#9783,#9784),(#9785,#9786,#9787,#9788),(#9789,#9790,#9791,#9792),
(#9793,#9794,#9795,#9796)),.UNSPECIFIED.,.F.,.F.,.F.,(4,1,4),(4,4),(0.,
0.107515226534712,0.197237598991536),(0.,0.001),.UNSPECIFIED.);
#115=B_SPLINE_SURFACE_WITH_KNOTS('',3,3,((#9798,#9799,#9800,#9801),(#9802,
#9803,#9804,#9805),(#9806,#9807,#9808,#9809),(#9810,#9811,#9812,#9813),
(#9814,#9815,#9816,#9817)),.UNSPECIFIED.,.F.,.F.,.F.,(4,1,4),(4,4),(0.,
0.0889422238656898,0.194609109755647),(0.,0.001),.UNSPECIFIED.);
#116=B_SPLINE_SURFACE_WITH_KNOTS('',3,3,((#9819,#9820,#9821,#9822),(#9823,
#9824,#9825,#9826),(#9827,#9828,#9829,#9830),(#9831,#9832,#9833,#9834),
(#9835,#9836,#9837,#9838)),.UNSPECIFIED.,.F.,.F.,.F.,(4,1,4),(4,4),(0.,
0.0724512406555028,0.148312110585312),(0.,0.001),.UNSPECIFIED.);
#117=B_SPLINE_SURFACE_WITH_KNOTS('',3,3,((#9840,#9841,#9842,#9843),(#9844,
#9845,#9846,#9847),(#9848,#9849,#9850,#9851),(#9852,#9853,#9854,#9855),
(#9856,#9857,#9858,#9859)),.UNSPECIFIED.,.F.,.F.,.F.,(4,1,4),(4,4),(0.,
0.0758309210332873,0.148483581038838),(0.,0.001),.UNSPECIFIED.);
#118=B_SPLINE_SURFACE_WITH_KNOTS('',3,3,((#9860,#9861,#9862,#9863),(#9864,
#9865,#9866,#9867),(#9868,#9869,#9870,#9871),(#9872,#9873,#9874,#9875),
(#9876,#9877,#9878,#9879)),.UNSPECIFIED.,.F.,.F.,.F.,(4,1,4),(4,4),(0.,
0.0987544772570208,0.171720930397954),(0.,0.001),.UNSPECIFIED.);
#119=B_SPLINE_SURFACE_WITH_KNOTS('',3,3,((#9889,#9890,#9891,#9892),(#9893,
#9894,#9895,#9896),(#9897,#9898,#9899,#9900),(#9901,#9902,#9903,#9904),
(#9905,#9906,#9907,#9908)),.UNSPECIFIED.,.F.,.F.,.F.,(4,1,4),(4,4),(0.,
0.0738806362267622,0.169795796636861),(0.,0.001),.UNSPECIFIED.);
#120=B_SPLINE_SURFACE_WITH_KNOTS('',3,3,((#9916,#9917,#9918,#9919),(#9920,
#9921,#9922,#9923),(#9924,#9925,#9926,#9927),(#9928,#9929,#9930,#9931),
(#9932,#9933,#9934,#9935)),.UNSPECIFIED.,.F.,.F.,.F.,(4,1,4),(4,4),(0.,
0.045806491902259,0.100484188105609),(0.,0.001),.UNSPECIFIED.);
#121=B_SPLINE_SURFACE_WITH_KNOTS('',3,3,((#9943,#9944,#9945,#9946),(#9947,
#9948,#9949,#9950),(#9951,#9952,#9953,#9954),(#9955,#9956,#9957,#9958),
(#9959,#9960,#9961,#9962)),.UNSPECIFIED.,.F.,.F.,.F.,(4,1,4),(4,4),(0.,
0.0547268269309984,0.100769478438628),(0.,0.001),.UNSPECIFIED.);
#122=B_SPLINE_SURFACE_WITH_KNOTS('',3,3,((#9970,#9971,#9972,#9973),(#9974,
#9975,#9976,#9977),(#9978,#9979,#9980,#9981),(#9982,#9983,#9984,#9985),
(#9986,#9987,#9988,#9989)),.UNSPECIFIED.,.F.,.F.,.F.,(4,1,4),(4,4),(0.,
0.0959151604100983,0.169795796636861),(0.,0.001),.UNSPECIFIED.);
#123=B_SPLINE_SURFACE_WITH_KNOTS('',3,3,((#9997,#9998,#9999,#10000),(#10001,
#10002,#10003,#10004),(#10005,#10006,#10007,#10008),(#10009,#10010,#10011,
#10012),(#10013,#10014,#10015,#10016)),.UNSPECIFIED.,.F.,.F.,.F.,(4,1,4),
(4,4),(0.,0.0729664531409327,0.171720930397954),(0.,0.001),
 .UNSPECIFIED.);
#124=B_SPLINE_SURFACE_WITH_KNOTS('',3,3,((#10024,#10025,#10026,#10027),
(#10028,#10029,#10030,#10031),(#10032,#10033,#10034,#10035),(#10036,#10037,
#10038,#10039),(#10040,#10041,#10042,#10043)),.UNSPECIFIED.,.F.,.F.,.F.,
(4,1,4),(4,4),(0.,0.0472360360900663,0.100291562874392),(0.,0.001),
 .UNSPECIFIED.);
#125=B_SPLINE_SURFACE_WITH_KNOTS('',3,3,((#10051,#10052,#10053,#10054),
(#10055,#10056,#10057,#10058),(#10059,#10060,#10061,#10062),(#10063,#10064,
#10065,#10066),(#10067,#10068,#10069,#10070)),.UNSPECIFIED.,.F.,.F.,.F.,
(4,1,4),(4,4),(0.,0.0530052788433627,0.100003435107204),(0.,0.001),
 .UNSPECIFIED.);
#126=B_SPLINE_CURVE_WITH_KNOTS('',3,(#5831,#5832,#5833,#5834),
 .UNSPECIFIED.,.F.,.F.,(4,4),(0.,0.360092062216539),.UNSPECIFIED.);
#127=B_SPLINE_CURVE_WITH_KNOTS('',3,(#5842,#5843,#5844,#5845),
 .UNSPECIFIED.,.F.,.F.,(4,4),(0.,0.246168885912214),.UNSPECIFIED.);
#128=B_SPLINE_CURVE_WITH_KNOTS('',3,(#5848,#5849,#5850,#5851),
 .UNSPECIFIED.,.F.,.F.,(4,4),(0.,0.246168885912214),.UNSPECIFIED.);
#129=B_SPLINE_CURVE_WITH_KNOTS('',3,(#5870,#5871,#5872,#5873),
 .UNSPECIFIED.,.F.,.F.,(4,4),(0.,0.246168885912214),.UNSPECIFIED.);
#130=B_SPLINE_CURVE_WITH_KNOTS('',3,(#5896,#5897,#5898,#5899),
 .UNSPECIFIED.,.F.,.F.,(4,4),(0.,0.246168885912214),.UNSPECIFIED.);
#131=B_SPLINE_CURVE_WITH_KNOTS('',3,(#5963,#5964,#5965,#5966),
 .UNSPECIFIED.,.F.,.F.,(4,4),(0.,0.360092062216539),.UNSPECIFIED.);
#132=B_SPLINE_CURVE_WITH_KNOTS('',3,(#5986,#5987,#5988,#5989,#5990),
 .UNSPECIFIED.,.F.,.F.,(4,1,4),(0.,0.10590992551874,0.194879116238729),
 .UNSPECIFIED.);
#133=B_SPLINE_CURVE_WITH_KNOTS('',3,(#5992,#5993,#5994,#5995,#5996),
 .UNSPECIFIED.,.F.,.F.,(4,1,4),(0.,0.0758309210332873,0.148483581038838),
 .UNSPECIFIED.);
#134=B_SPLINE_CURVE_WITH_KNOTS('',3,(#5998,#5999,#6000,#6001,#6002),
 .UNSPECIFIED.,.F.,.F.,(4,1,4),(0.,0.0724512406555028,0.148312110585312),
 .UNSPECIFIED.);
#135=B_SPLINE_CURVE_WITH_KNOTS('',3,(#6004,#6005,#6006,#6007,#6008),
 .UNSPECIFIED.,.F.,.F.,(4,1,4),(0.,0.0889422238656898,0.194609109755647),
 .UNSPECIFIED.);
#136=B_SPLINE_CURVE_WITH_KNOTS('',3,(#6010,#6011,#6012,#6013,#6014),
 .UNSPECIFIED.,.F.,.F.,(4,1,4),(0.,0.107515226534712,0.197237598991536),
 .UNSPECIFIED.);
#137=B_SPLINE_CURVE_WITH_KNOTS('',3,(#6016,#6017,#6018,#6019,#6020),
 .UNSPECIFIED.,.F.,.F.,(4,1,4),(0.,0.0760602188968905,0.14894446247836),
 .UNSPECIFIED.);
#138=B_SPLINE_CURVE_WITH_KNOTS('',3,(#6022,#6023,#6024,#6025,#6026),
 .UNSPECIFIED.,.F.,.F.,(4,1,4),(0.,0.0728841279077971,0.148944346804688),
 .UNSPECIFIED.);
#139=B_SPLINE_CURVE_WITH_KNOTS('',3,(#6027,#6028,#6029,#6030,#6031),
 .UNSPECIFIED.,.F.,.F.,(4,1,4),(0.,0.0896459767811649,0.196913501548965),
 .UNSPECIFIED.);
#140=B_SPLINE_CURVE_WITH_KNOTS('',3,(#6038,#6039,#6040,#6041,#6042),
 .UNSPECIFIED.,.F.,.F.,(4,1,4),(0.,0.0442727319672872,0.0829581582896295),
 .UNSPECIFIED.);
#141=B_SPLINE_CURVE_WITH_KNOTS('',3,(#6044,#6045,#6046,#6047,#6048),
 .UNSPECIFIED.,.F.,.F.,(4,1,4),(0.,0.034892689521296,0.0684034123645078),
 .UNSPECIFIED.);
#142=B_SPLINE_CURVE_WITH_KNOTS('',3,(#6050,#6051,#6052,#6053,#6054),
 .UNSPECIFIED.,.F.,.F.,(4,1,4),(0.,0.035689717215919,0.0663674681868319),
 .UNSPECIFIED.);
#143=B_SPLINE_CURVE_WITH_KNOTS('',3,(#6056,#6057,#6058,#6059,#6060),
 .UNSPECIFIED.,.F.,.F.,(4,1,4),(0.,0.0304022145144026,0.0653766447122385),
 .UNSPECIFIED.);
#144=B_SPLINE_CURVE_WITH_KNOTS('',3,(#6064,#6065,#6066,#6067,#6068),
 .UNSPECIFIED.,.F.,.F.,(4,1,4),(0.,0.0442740682549412,0.0828986799985629),
 .UNSPECIFIED.);
#145=B_SPLINE_CURVE_WITH_KNOTS('',3,(#6070,#6071,#6072,#6073,#6074),
 .UNSPECIFIED.,.F.,.F.,(4,1,4),(0.,0.034824707830283,0.0683446349414885),
 .UNSPECIFIED.);
#146=B_SPLINE_CURVE_WITH_KNOTS('',3,(#6076,#6077,#6078,#6079,#6080),
 .UNSPECIFIED.,.F.,.F.,(4,1,4),(0.,0.0407412422712311,0.0780785234646135),
 .UNSPECIFIED.);
#147=B_SPLINE_CURVE_WITH_KNOTS('',3,(#6082,#6083,#6084,#6085,#6086),
 .UNSPECIFIED.,.F.,.F.,(4,1,4),(0.,0.038913452682696,0.0836546912309751),
 .UNSPECIFIED.);
#148=B_SPLINE_CURVE_WITH_KNOTS('',3,(#6102,#6103,#6104,#6105,#6106),
 .UNSPECIFIED.,.F.,.F.,(4,1,4),(0.,0.0304164787982866,0.0538708778889791),
 .UNSPECIFIED.);
#149=B_SPLINE_CURVE_WITH_KNOTS('',3,(#6108,#6109,#6110,#6111,#6112),
 .UNSPECIFIED.,.F.,.F.,(4,1,4),(0.,0.0200141957408864,0.041915378677105),
 .UNSPECIFIED.);
#150=B_SPLINE_CURVE_WITH_KNOTS('',3,(#6114,#6115,#6116,#6117,#6118),
 .UNSPECIFIED.,.F.,.F.,(4,1,4),(0.,0.0258323406588341,0.0542044816385468),
 .UNSPECIFIED.);
#151=B_SPLINE_CURVE_WITH_KNOTS('',3,(#6120,#6121,#6122,#6123,#6124),
 .UNSPECIFIED.,.F.,.F.,(4,1,4),(0.,0.0324229245497359,0.0699256981292211),
 .UNSPECIFIED.);
#152=B_SPLINE_CURVE_WITH_KNOTS('',3,(#6140,#6141,#6142,#6143,#6144),
 .UNSPECIFIED.,.F.,.F.,(4,1,4),(0.,0.0304158378918886,0.0538626630431849),
 .UNSPECIFIED.);
#153=B_SPLINE_CURVE_WITH_KNOTS('',3,(#6146,#6147,#6148,#6149,#6150),
 .UNSPECIFIED.,.F.,.F.,(4,1,4),(0.,0.0199895150491603,0.0418462919822339),
 .UNSPECIFIED.);
#154=B_SPLINE_CURVE_WITH_KNOTS('',3,(#6152,#6153,#6154,#6155,#6156),
 .UNSPECIFIED.,.F.,.F.,(4,1,4),(0.,0.0258207717040183,0.0542565535477027),
 .UNSPECIFIED.);
#155=B_SPLINE_CURVE_WITH_KNOTS('',3,(#6158,#6159,#6160,#6161,#6162),
 .UNSPECIFIED.,.F.,.F.,(4,1,4),(0.,0.0324778286636015,0.0699661882435227),
 .UNSPECIFIED.);
#156=B_SPLINE_CURVE_WITH_KNOTS('',3,(#6182,#6183,#6184,#6185),
 .UNSPECIFIED.,.F.,.F.,(4,4),(0.,0.126318813680292),.UNSPECIFIED.);
#157=B_SPLINE_CURVE_WITH_KNOTS('',3,(#6189,#6190,#6191,#6192),
 .UNSPECIFIED.,.F.,.F.,(4,4),(0.,0.126318813680292),.UNSPECIFIED.);
#158=B_SPLINE_CURVE_WITH_KNOTS('',3,(#6204,#6205,#6206,#6207),
 .UNSPECIFIED.,.F.,.F.,(4,4),(0.,0.513672337427244),.UNSPECIFIED.);
#159=B_SPLINE_CURVE_WITH_KNOTS('',3,(#6211,#6212,#6213,#6214),
 .UNSPECIFIED.,.F.,.F.,(4,4),(0.,0.513672337427244),.UNSPECIFIED.);
#160=B_SPLINE_CURVE_WITH_KNOTS('',3,(#6226,#6227,#6228,#6229,#6230),
 .UNSPECIFIED.,.F.,.F.,(4,1,4),(0.,0.0353155725422757,0.0682822085670358),
 .UNSPECIFIED.);
#161=B_SPLINE_CURVE_WITH_KNOTS('',3,(#6232,#6233,#6234,#6235,#6236),
 .UNSPECIFIED.,.F.,.F.,(4,1,4),(0.,0.0307925923507153,0.0596247929350135),
 .UNSPECIFIED.);
#162=B_SPLINE_CURVE_WITH_KNOTS('',3,(#6242,#6243,#6244,#6245),
 .UNSPECIFIED.,.F.,.F.,(4,4),(0.,0.0361432740976522),.UNSPECIFIED.);
#163=B_SPLINE_CURVE_WITH_KNOTS('',3,(#6247,#6248,#6249,#6250,#6251),
 .UNSPECIFIED.,.F.,.F.,(4,1,4),(0.,0.0214671046416356,0.0420020001774808),
 .UNSPECIFIED.);
#164=B_SPLINE_CURVE_WITH_KNOTS('',3,(#6253,#6254,#6255,#6256,#6257),
 .UNSPECIFIED.,.F.,.F.,(4,1,4),(0.,0.0199162284671176,0.0395573350115044),
 .UNSPECIFIED.);
#165=B_SPLINE_CURVE_WITH_KNOTS('',3,(#6259,#6260,#6261,#6262,#6263),
 .UNSPECIFIED.,.F.,.F.,(4,1,4),(0.,0.0427786075660991,0.0826989491884517),
 .UNSPECIFIED.);
#166=B_SPLINE_CURVE_WITH_KNOTS('',3,(#6265,#6266,#6267,#6268,#6269),
 .UNSPECIFIED.,.F.,.F.,(4,1,4),(0.,0.0421659319766627,0.0905787392658969),
 .UNSPECIFIED.);
#167=B_SPLINE_CURVE_WITH_KNOTS('',3,(#6271,#6272,#6273,#6274,#6275),
 .UNSPECIFIED.,.F.,.F.,(4,1,4),(0.,0.0464607006419211,0.0897884713813689),
 .UNSPECIFIED.);
#168=B_SPLINE_CURVE_WITH_KNOTS('',3,(#6277,#6278,#6279,#6280,#6281),
 .UNSPECIFIED.,.F.,.F.,(4,1,4),(0.,0.0467176091153639,0.101584795182711),
 .UNSPECIFIED.);
#169=B_SPLINE_CURVE_WITH_KNOTS('',3,(#6289,#6290,#6291,#6292,#6293),
 .UNSPECIFIED.,.F.,.F.,(4,1,4),(0.,0.0610957622851029,0.108595187813767),
 .UNSPECIFIED.);
#170=B_SPLINE_CURVE_WITH_KNOTS('',3,(#6295,#6296,#6297,#6298,#6299),
 .UNSPECIFIED.,.F.,.F.,(4,1,4),(0.,0.0413983259549832,0.0872847836393749),
 .UNSPECIFIED.);
#171=B_SPLINE_CURVE_WITH_KNOTS('',3,(#6301,#6302,#6303,#6304,#6305),
 .UNSPECIFIED.,.F.,.F.,(4,1,4),(0.,0.0396544365981004,0.0724733603838339),
 .UNSPECIFIED.);
#172=B_SPLINE_CURVE_WITH_KNOTS('',3,(#6307,#6308,#6309,#6310,#6311),
 .UNSPECIFIED.,.F.,.F.,(4,1,4),(0.,0.0331184231701511,0.0735835005176858),
 .UNSPECIFIED.);
#173=B_SPLINE_CURVE_WITH_KNOTS('',3,(#6313,#6314,#6315,#6316,#6317),
 .UNSPECIFIED.,.F.,.F.,(4,1,4),(0.,0.0187238662017916,0.0372447744040166),
 .UNSPECIFIED.);
#174=B_SPLINE_CURVE_WITH_KNOTS('',3,(#6319,#6320,#6321,#6322,#6323),
 .UNSPECIFIED.,.F.,.F.,(4,1,4),(0.,0.0185429553197866,0.0373400949644969),
 .UNSPECIFIED.);
#175=B_SPLINE_CURVE_WITH_KNOTS('',3,(#6325,#6326,#6327,#6328),
 .UNSPECIFIED.,.F.,.F.,(4,4),(0.,0.0405242482384483),.UNSPECIFIED.);
#176=B_SPLINE_CURVE_WITH_KNOTS('',3,(#6334,#6335,#6336,#6337,#6338),
 .UNSPECIFIED.,.F.,.F.,(4,1,4),(0.,0.0290971913740156,0.0595368712884555),
 .UNSPECIFIED.);
#177=B_SPLINE_CURVE_WITH_KNOTS('',3,(#6340,#6341,#6342,#6343,#6344),
 .UNSPECIFIED.,.F.,.F.,(4,1,4),(0.,0.0320501816298624,0.0659252836725902),
 .UNSPECIFIED.);
#178=B_SPLINE_CURVE_WITH_KNOTS('',3,(#6346,#6347,#6348,#6349,#6350),
 .UNSPECIFIED.,.F.,.F.,(4,1,4),(0.,0.0613940836887227,0.11323024962349),
 .UNSPECIFIED.);
#179=B_SPLINE_CURVE_WITH_KNOTS('',3,(#6352,#6353,#6354,#6355,#6356),
 .UNSPECIFIED.,.F.,.F.,(4,1,4),(0.,0.0464994146092506,0.0944879997534774),
 .UNSPECIFIED.);
#180=B_SPLINE_CURVE_WITH_KNOTS('',3,(#6358,#6359,#6360,#6361,#6362),
 .UNSPECIFIED.,.F.,.F.,(4,1,4),(0.,0.0412445853346002,0.0807900117486433),
 .UNSPECIFIED.);
#181=B_SPLINE_CURVE_WITH_KNOTS('',3,(#6364,#6365,#6366,#6367,#6368),
 .UNSPECIFIED.,.F.,.F.,(4,1,4),(0.,0.0428519503404065,0.0931321865503561),
 .UNSPECIFIED.);
#182=B_SPLINE_CURVE_WITH_KNOTS('',3,(#6370,#6371,#6372,#6373,#6374),
 .UNSPECIFIED.,.F.,.F.,(4,1,4),(0.,0.0579533705982349,0.103013409294454),
 .UNSPECIFIED.);
#183=B_SPLINE_CURVE_WITH_KNOTS('',3,(#6376,#6377,#6378,#6379,#6380),
 .UNSPECIFIED.,.F.,.F.,(4,1,4),(0.,0.0414706371549681,0.0900813378239756),
 .UNSPECIFIED.);
#184=B_SPLINE_CURVE_WITH_KNOTS('',3,(#6382,#6383,#6384,#6385,#6386),
 .UNSPECIFIED.,.F.,.F.,(4,1,4),(0.,0.0617518347600487,0.119031226323504),
 .UNSPECIFIED.);
#185=B_SPLINE_CURVE_WITH_KNOTS('',3,(#6387,#6388,#6389,#6390,#6391),
 .UNSPECIFIED.,.F.,.F.,(4,1,4),(0.,0.0599160536739766,0.128248592790683),
 .UNSPECIFIED.);
#186=B_SPLINE_CURVE_WITH_KNOTS('',3,(#6394,#6395,#6396,#6397,#6398),
 .UNSPECIFIED.,.F.,.F.,(4,1,4),(0.,0.292344800791197,0.501481074542208),
 .UNSPECIFIED.);
#187=B_SPLINE_CURVE_WITH_KNOTS('',3,(#6402,#6403,#6404,#6405,#6406),
 .UNSPECIFIED.,.F.,.F.,(4,1,4),(0.,0.19925382231853,0.492892007807649),
 .UNSPECIFIED.);
#188=B_SPLINE_CURVE_WITH_KNOTS('',3,(#6422,#6423,#6424,#6425,#6426),
 .UNSPECIFIED.,.F.,.F.,(4,1,4),(0.,0.0839227479816425,0.16607266453881),
 .UNSPECIFIED.);
#189=B_SPLINE_CURVE_WITH_KNOTS('',3,(#6428,#6429,#6430,#6431),
 .UNSPECIFIED.,.F.,.F.,(4,4),(0.,0.0357781137738909),.UNSPECIFIED.);
#190=B_SPLINE_CURVE_WITH_KNOTS('',3,(#6433,#6434,#6435,#6436,#6437),
 .UNSPECIFIED.,.F.,.F.,(4,1,4),(0.,0.0708285478514192,0.120626556175517),
 .UNSPECIFIED.);
#191=B_SPLINE_CURVE_WITH_KNOTS('',3,(#6439,#6440,#6441,#6442,#6443),
 .UNSPECIFIED.,.F.,.F.,(4,1,4),(0.,0.0384314893409137,0.0765941584098581),
 .UNSPECIFIED.);
#192=B_SPLINE_CURVE_WITH_KNOTS('',3,(#6445,#6446,#6447,#6448,#6449),
 .UNSPECIFIED.,.F.,.F.,(4,1,4),(0.,0.042867620648431,0.0813610606900664),
 .UNSPECIFIED.);
#193=B_SPLINE_CURVE_WITH_KNOTS('',3,(#6451,#6452,#6453,#6454,#6455),
 .UNSPECIFIED.,.F.,.F.,(4,1,4),(0.,0.0363372266292572,0.0737606222593434),
 .UNSPECIFIED.);
#194=B_SPLINE_CURVE_WITH_KNOTS('',3,(#6457,#6458,#6459,#6460,#6461),
 .UNSPECIFIED.,.F.,.F.,(4,1,4),(0.,0.0228845933936909,0.0458137478220912),
 .UNSPECIFIED.);
#195=B_SPLINE_CURVE_WITH_KNOTS('',3,(#6463,#6464,#6465,#6466,#6467),
 .UNSPECIFIED.,.F.,.F.,(4,1,4),(0.,0.0241174250064776,0.0504499946650309),
 .UNSPECIFIED.);
#196=B_SPLINE_CURVE_WITH_KNOTS('',3,(#6469,#6470,#6471,#6472),
 .UNSPECIFIED.,.F.,.F.,(4,4),(0.,0.0430798465079004),.UNSPECIFIED.);
#197=B_SPLINE_CURVE_WITH_KNOTS('',3,(#6478,#6479,#6480,#6481,#6482),
 .UNSPECIFIED.,.F.,.F.,(4,1,4),(0.,0.0397398670526097,0.0753103424172936),
 .UNSPECIFIED.);
#198=B_SPLINE_CURVE_WITH_KNOTS('',3,(#6484,#6485,#6486,#6487,#6488),
 .UNSPECIFIED.,.F.,.F.,(4,1,4),(0.,0.0317508428886922,0.0601476104326247),
 .UNSPECIFIED.);
#199=B_SPLINE_CURVE_WITH_KNOTS('',3,(#6490,#6491,#6492,#6493,#6494),
 .UNSPECIFIED.,.F.,.F.,(4,1,4),(0.,0.0644100990853356,0.121306062139089),
 .UNSPECIFIED.);
#200=B_SPLINE_CURVE_WITH_KNOTS('',3,(#6496,#6497,#6498,#6499,#6500),
 .UNSPECIFIED.,.F.,.F.,(4,1,4),(0.,0.0535888222721164,0.109717594725682),
 .UNSPECIFIED.);
#201=B_SPLINE_CURVE_WITH_KNOTS('',3,(#6502,#6503,#6504,#6505,#6506),
 .UNSPECIFIED.,.F.,.F.,(4,1,4),(0.,0.0813795931852932,0.179748270885728),
 .UNSPECIFIED.);
#202=B_SPLINE_CURVE_WITH_KNOTS('',3,(#6508,#6509,#6510,#6511),
 .UNSPECIFIED.,.F.,.F.,(4,4),(0.,0.0306897765987522),.UNSPECIFIED.);
#203=B_SPLINE_CURVE_WITH_KNOTS('',3,(#6513,#6514,#6515,#6516,#6517),
 .UNSPECIFIED.,.F.,.F.,(4,1,4),(0.,0.102156334081641,0.172892175405576),
 .UNSPECIFIED.);
#204=B_SPLINE_CURVE_WITH_KNOTS('',3,(#6533,#6534,#6535,#6536,#6537),
 .UNSPECIFIED.,.F.,.F.,(4,1,4),(0.,0.0426370453472886,0.0813395798342759),
 .UNSPECIFIED.);
#205=B_SPLINE_CURVE_WITH_KNOTS('',3,(#6539,#6540,#6541,#6542,#6543),
 .UNSPECIFIED.,.F.,.F.,(4,1,4),(0.,0.0372384563964878,0.0757656273803806),
 .UNSPECIFIED.);
#206=B_SPLINE_CURVE_WITH_KNOTS('',3,(#6545,#6546,#6547,#6548,#6549),
 .UNSPECIFIED.,.F.,.F.,(4,1,4),(0.,0.0421266555148672,0.0810102852294599),
 .UNSPECIFIED.);
#207=B_SPLINE_CURVE_WITH_KNOTS('',3,(#6551,#6552,#6553,#6554,#6555),
 .UNSPECIFIED.,.F.,.F.,(4,1,4),(0.,0.041367408223457,0.0896241172658613),
 .UNSPECIFIED.);
#208=B_SPLINE_CURVE_WITH_KNOTS('',3,(#6571,#6572,#6573,#6574,#6575),
 .UNSPECIFIED.,.F.,.F.,(4,1,4),(0.,0.0360162129339433,0.0609741658638642),
 .UNSPECIFIED.);
#209=B_SPLINE_CURVE_WITH_KNOTS('',3,(#6577,#6578,#6579,#6580,#6581),
 .UNSPECIFIED.,.F.,.F.,(4,1,4),(0.,0.0212241023899794,0.0479826249441623),
 .UNSPECIFIED.);
#210=B_SPLINE_CURVE_WITH_KNOTS('',3,(#6583,#6584,#6585,#6586,#6587),
 .UNSPECIFIED.,.F.,.F.,(4,1,4),(0.,0.0245827520971647,0.0526871920566263),
 .UNSPECIFIED.);
#211=B_SPLINE_CURVE_WITH_KNOTS('',3,(#6589,#6590,#6591,#6592,#6593),
 .UNSPECIFIED.,.F.,.F.,(4,1,4),(0.,0.0329820552623889,0.0717002271742771),
 .UNSPECIFIED.);
#212=B_SPLINE_CURVE_WITH_KNOTS('',3,(#6613,#6614,#6615,#6616),
 .UNSPECIFIED.,.F.,.F.,(4,4),(0.,0.511481899481553),.UNSPECIFIED.);
#213=B_SPLINE_CURVE_WITH_KNOTS('',3,(#6620,#6621,#6622,#6623),
 .UNSPECIFIED.,.F.,.F.,(4,4),(0.,0.511481899481553),.UNSPECIFIED.);
#214=B_SPLINE_CURVE_WITH_KNOTS('',3,(#6635,#6636,#6637,#6638),
 .UNSPECIFIED.,.F.,.F.,(4,4),(0.,0.393559939258701),.UNSPECIFIED.);
#215=B_SPLINE_CURVE_WITH_KNOTS('',3,(#6640,#6641,#6642,#6643),
 .UNSPECIFIED.,.F.,.F.,(4,4),(0.,0.393559939258701),.UNSPECIFIED.);
#216=B_SPLINE_CURVE_WITH_KNOTS('',3,(#6655,#6656,#6657,#6658,#6659),
 .UNSPECIFIED.,.F.,.F.,(4,1,4),(0.,0.10590992551874,0.194879116238729),
 .UNSPECIFIED.);
#217=B_SPLINE_CURVE_WITH_KNOTS('',3,(#6661,#6662,#6663,#6664,#6665),
 .UNSPECIFIED.,.F.,.F.,(4,1,4),(0.,0.0758309210332873,0.148483581038838),
 .UNSPECIFIED.);
#218=B_SPLINE_CURVE_WITH_KNOTS('',3,(#6667,#6668,#6669,#6670,#6671),
 .UNSPECIFIED.,.F.,.F.,(4,1,4),(0.,0.0724512406555028,0.148312110585312),
 .UNSPECIFIED.);
#219=B_SPLINE_CURVE_WITH_KNOTS('',3,(#6673,#6674,#6675,#6676,#6677),
 .UNSPECIFIED.,.F.,.F.,(4,1,4),(0.,0.0889421766101746,0.194609075758899),
 .UNSPECIFIED.);
#220=B_SPLINE_CURVE_WITH_KNOTS('',3,(#6679,#6680,#6681,#6682,#6683),
 .UNSPECIFIED.,.F.,.F.,(4,1,4),(0.,0.107515226534712,0.197237598991536),
 .UNSPECIFIED.);
#221=B_SPLINE_CURVE_WITH_KNOTS('',3,(#6685,#6686,#6687,#6688,#6689),
 .UNSPECIFIED.,.F.,.F.,(4,1,4),(0.,0.0760602188968905,0.14894446247836),
 .UNSPECIFIED.);
#222=B_SPLINE_CURVE_WITH_KNOTS('',3,(#6691,#6692,#6693,#6694,#6695),
 .UNSPECIFIED.,.F.,.F.,(4,1,4),(0.,0.0728841279077971,0.148944346804688),
 .UNSPECIFIED.);
#223=B_SPLINE_CURVE_WITH_KNOTS('',3,(#6696,#6697,#6698,#6699,#6700),
 .UNSPECIFIED.,.F.,.F.,(4,1,4),(0.,0.0896459767811649,0.196913501548965),
 .UNSPECIFIED.);
#224=B_SPLINE_CURVE_WITH_KNOTS('',3,(#6704,#6705,#6706,#6707,#6708),
 .UNSPECIFIED.,.F.,.F.,(4,1,4),(0.,0.10590992551874,0.194879116238729),
 .UNSPECIFIED.);
#225=B_SPLINE_CURVE_WITH_KNOTS('',3,(#6710,#6711,#6712,#6713,#6714),
 .UNSPECIFIED.,.F.,.F.,(4,1,4),(0.,0.0896459767811649,0.196913501548965),
 .UNSPECIFIED.);
#226=B_SPLINE_CURVE_WITH_KNOTS('',3,(#6716,#6717,#6718,#6719,#6720),
 .UNSPECIFIED.,.F.,.F.,(4,1,4),(0.,0.0728841279077971,0.148944346804688),
 .UNSPECIFIED.);
#227=B_SPLINE_CURVE_WITH_KNOTS('',3,(#6722,#6723,#6724,#6725,#6726),
 .UNSPECIFIED.,.F.,.F.,(4,1,4),(0.,0.0760602188968905,0.14894446247836),
 .UNSPECIFIED.);
#228=B_SPLINE_CURVE_WITH_KNOTS('',3,(#6728,#6729,#6730,#6731,#6732),
 .UNSPECIFIED.,.F.,.F.,(4,1,4),(0.,0.107515226534712,0.197237598991536),
 .UNSPECIFIED.);
#229=B_SPLINE_CURVE_WITH_KNOTS('',3,(#6734,#6735,#6736,#6737,#6738),
 .UNSPECIFIED.,.F.,.F.,(4,1,4),(0.,0.0889421766101746,0.194609075758899),
 .UNSPECIFIED.);
#230=B_SPLINE_CURVE_WITH_KNOTS('',3,(#6740,#6741,#6742,#6743,#6744),
 .UNSPECIFIED.,.F.,.F.,(4,1,4),(0.,0.0724512406555028,0.148312110585312),
 .UNSPECIFIED.);
#231=B_SPLINE_CURVE_WITH_KNOTS('',3,(#6745,#6746,#6747,#6748,#6749),
 .UNSPECIFIED.,.F.,.F.,(4,1,4),(0.,0.0758309210332873,0.148483581038838),
 .UNSPECIFIED.);
#232=B_SPLINE_CURVE_WITH_KNOTS('',3,(#6752,#6753,#6754,#6755,#6756),
 .UNSPECIFIED.,.F.,.F.,(4,1,4),(0.,0.0987544772570208,0.171720899001766),
 .UNSPECIFIED.);
#233=B_SPLINE_CURVE_WITH_KNOTS('',3,(#6758,#6759,#6760,#6761,#6762),
 .UNSPECIFIED.,.F.,.F.,(4,1,4),(0.,0.0738806038087624,0.169795764218861),
 .UNSPECIFIED.);
#234=B_SPLINE_CURVE_WITH_KNOTS('',3,(#6764,#6765,#6766,#6767,#6768),
 .UNSPECIFIED.,.F.,.F.,(4,1,4),(0.,0.045806491902259,0.100484258570124),
 .UNSPECIFIED.);
#235=B_SPLINE_CURVE_WITH_KNOTS('',3,(#6770,#6771,#6772,#6773,#6774),
 .UNSPECIFIED.,.F.,.F.,(4,1,4),(0.,0.0547268269309984,0.100769478438628),
 .UNSPECIFIED.);
#236=B_SPLINE_CURVE_WITH_KNOTS('',3,(#6776,#6777,#6778,#6779,#6780),
 .UNSPECIFIED.,.F.,.F.,(4,1,4),(0.,0.0959151604100983,0.169795796636861),
 .UNSPECIFIED.);
#237=B_SPLINE_CURVE_WITH_KNOTS('',3,(#6782,#6783,#6784,#6785,#6786),
 .UNSPECIFIED.,.F.,.F.,(4,1,4),(0.,0.0729664531409327,0.171720930397954),
 .UNSPECIFIED.);
#238=B_SPLINE_CURVE_WITH_KNOTS('',3,(#6788,#6789,#6790,#6791,#6792),
 .UNSPECIFIED.,.F.,.F.,(4,1,4),(0.,0.0472360360900663,0.100291562874392),
 .UNSPECIFIED.);
#239=B_SPLINE_CURVE_WITH_KNOTS('',3,(#6793,#6794,#6795,#6796,#6797),
 .UNSPECIFIED.,.F.,.F.,(4,1,4),(0.,0.0530053508759222,0.100003507139764),
 .UNSPECIFIED.);
#240=B_SPLINE_CURVE_WITH_KNOTS('',3,(#6988,#6989,#6990,#6991,#6992),
 .UNSPECIFIED.,.F.,.F.,(4,1,4),(0.,0.0987544772570208,0.171720899001766),
 .UNSPECIFIED.);
#241=B_SPLINE_CURVE_WITH_KNOTS('',3,(#7016,#7017,#7018,#7019,#7020),
 .UNSPECIFIED.,.F.,.F.,(4,1,4),(0.,0.0738806038087624,0.169795764218861),
 .UNSPECIFIED.);
#242=B_SPLINE_CURVE_WITH_KNOTS('',3,(#7043,#7044,#7045,#7046,#7047),
 .UNSPECIFIED.,.F.,.F.,(4,1,4),(0.,0.045806491902259,0.100484258570124),
 .UNSPECIFIED.);
#243=B_SPLINE_CURVE_WITH_KNOTS('',3,(#7070,#7071,#7072,#7073,#7074),
 .UNSPECIFIED.,.F.,.F.,(4,1,4),(0.,0.0547268269309984,0.100769478438628),
 .UNSPECIFIED.);
#244=B_SPLINE_CURVE_WITH_KNOTS('',3,(#7097,#7098,#7099,#7100,#7101),
 .UNSPECIFIED.,.F.,.F.,(4,1,4),(0.,0.0959151604100983,0.169795796636861),
 .UNSPECIFIED.);
#245=B_SPLINE_CURVE_WITH_KNOTS('',3,(#7124,#7125,#7126,#7127,#7128),
 .UNSPECIFIED.,.F.,.F.,(4,1,4),(0.,0.0729664531409327,0.171720930397954),
 .UNSPECIFIED.);
#246=B_SPLINE_CURVE_WITH_KNOTS('',3,(#7151,#7152,#7153,#7154,#7155),
 .UNSPECIFIED.,.F.,.F.,(4,1,4),(0.,0.0472360360900663,0.100291562874392),
 .UNSPECIFIED.);
#247=B_SPLINE_CURVE_WITH_KNOTS('',3,(#7177,#7178,#7179,#7180,#7181),
 .UNSPECIFIED.,.F.,.F.,(4,1,4),(0.,0.0530053508759222,0.100003507139764),
 .UNSPECIFIED.);
#248=B_SPLINE_CURVE_WITH_KNOTS('',3,(#7186,#7187,#7188,#7189),
 .UNSPECIFIED.,.F.,.F.,(4,4),(0.,0.511481899481553),.UNSPECIFIED.);
#249=B_SPLINE_CURVE_WITH_KNOTS('',3,(#7201,#7202,#7203,#7204),
 .UNSPECIFIED.,.F.,.F.,(4,4),(0.,0.393559939258701),.UNSPECIFIED.);
#250=B_SPLINE_CURVE_WITH_KNOTS('',3,(#7206,#7207,#7208,#7209),
 .UNSPECIFIED.,.F.,.F.,(4,4),(0.,0.393559939258701),.UNSPECIFIED.);
#251=B_SPLINE_CURVE_WITH_KNOTS('',3,(#7221,#7222,#7223,#7224),
 .UNSPECIFIED.,.F.,.F.,(4,4),(0.,0.511481899481553),.UNSPECIFIED.);
#252=B_SPLINE_CURVE_WITH_KNOTS('',3,(#7339,#7340,#7341,#7342,#7343),
 .UNSPECIFIED.,.F.,.F.,(4,1,4),(0.,0.0329820552623889,0.0717002271742771),
 .UNSPECIFIED.);
#253=B_SPLINE_CURVE_WITH_KNOTS('',3,(#7345,#7346,#7347,#7348,#7349),
 .UNSPECIFIED.,.F.,.F.,(4,1,4),(0.,0.0245827520971647,0.0526871920566263),
 .UNSPECIFIED.);
#254=B_SPLINE_CURVE_WITH_KNOTS('',3,(#7351,#7352,#7353,#7354,#7355),
 .UNSPECIFIED.,.F.,.F.,(4,1,4),(0.,0.0212241023899794,0.0479826249441623),
 .UNSPECIFIED.);
#255=B_SPLINE_CURVE_WITH_KNOTS('',3,(#7357,#7358,#7359,#7360,#7361),
 .UNSPECIFIED.,.F.,.F.,(4,1,4),(0.,0.0360162129339433,0.0609741658638642),
 .UNSPECIFIED.);
#256=B_SPLINE_CURVE_WITH_KNOTS('',3,(#7377,#7378,#7379,#7380,#7381),
 .UNSPECIFIED.,.F.,.F.,(4,1,4),(0.,0.041367408223457,0.0896241172658613),
 .UNSPECIFIED.);
#257=B_SPLINE_CURVE_WITH_KNOTS('',3,(#7383,#7384,#7385,#7386,#7387),
 .UNSPECIFIED.,.F.,.F.,(4,1,4),(0.,0.0421266555148672,0.0810102852294599),
 .UNSPECIFIED.);
#258=B_SPLINE_CURVE_WITH_KNOTS('',3,(#7389,#7390,#7391,#7392,#7393),
 .UNSPECIFIED.,.F.,.F.,(4,1,4),(0.,0.0372384563964878,0.0757656273803806),
 .UNSPECIFIED.);
#259=B_SPLINE_CURVE_WITH_KNOTS('',3,(#7395,#7396,#7397,#7398,#7399),
 .UNSPECIFIED.,.F.,.F.,(4,1,4),(0.,0.0426370453472886,0.0813395798342759),
 .UNSPECIFIED.);
#260=B_SPLINE_CURVE_WITH_KNOTS('',3,(#7629,#7630,#7631,#7632,#7633),
 .UNSPECIFIED.,.F.,.F.,(4,1,4),(0.,0.102156334081641,0.172892175405576),
 .UNSPECIFIED.);
#261=B_SPLINE_CURVE_WITH_KNOTS('',3,(#7635,#7636,#7637,#7638),
 .UNSPECIFIED.,.F.,.F.,(4,4),(0.,0.0306897765987522),.UNSPECIFIED.);
#262=B_SPLINE_CURVE_WITH_KNOTS('',3,(#7640,#7641,#7642,#7643,#7644),
 .UNSPECIFIED.,.F.,.F.,(4,1,4),(0.,0.0813795931852932,0.179748270885728),
 .UNSPECIFIED.);
#263=B_SPLINE_CURVE_WITH_KNOTS('',3,(#7646,#7647,#7648,#7649,#7650),
 .UNSPECIFIED.,.F.,.F.,(4,1,4),(0.,0.0535888222721164,0.109717594725682),
 .UNSPECIFIED.);
#264=B_SPLINE_CURVE_WITH_KNOTS('',3,(#7652,#7653,#7654,#7655,#7656),
 .UNSPECIFIED.,.F.,.F.,(4,1,4),(0.,0.0644100990853356,0.121306062139089),
 .UNSPECIFIED.);
#265=B_SPLINE_CURVE_WITH_KNOTS('',3,(#7658,#7659,#7660,#7661,#7662),
 .UNSPECIFIED.,.F.,.F.,(4,1,4),(0.,0.0317508428886922,0.0601476104326247),
 .UNSPECIFIED.);
#266=B_SPLINE_CURVE_WITH_KNOTS('',3,(#7664,#7665,#7666,#7667,#7668),
 .UNSPECIFIED.,.F.,.F.,(4,1,4),(0.,0.0397398670526097,0.0753103424172936),
 .UNSPECIFIED.);
#267=B_SPLINE_CURVE_WITH_KNOTS('',3,(#7674,#7675,#7676,#7677),
 .UNSPECIFIED.,.F.,.F.,(4,4),(0.,0.0430798465079004),.UNSPECIFIED.);
#268=B_SPLINE_CURVE_WITH_KNOTS('',3,(#7679,#7680,#7681,#7682,#7683),
 .UNSPECIFIED.,.F.,.F.,(4,1,4),(0.,0.0241174250064776,0.0504499946650309),
 .UNSPECIFIED.);
#269=B_SPLINE_CURVE_WITH_KNOTS('',3,(#7685,#7686,#7687,#7688,#7689),
 .UNSPECIFIED.,.F.,.F.,(4,1,4),(0.,0.0228845933936909,0.0458137478220912),
 .UNSPECIFIED.);
#270=B_SPLINE_CURVE_WITH_KNOTS('',3,(#7691,#7692,#7693,#7694,#7695),
 .UNSPECIFIED.,.F.,.F.,(4,1,4),(0.,0.0363372266292572,0.0737606222593434),
 .UNSPECIFIED.);
#271=B_SPLINE_CURVE_WITH_KNOTS('',3,(#7697,#7698,#7699,#7700,#7701),
 .UNSPECIFIED.,.F.,.F.,(4,1,4),(0.,0.042867620648431,0.0813610606900664),
 .UNSPECIFIED.);
#272=B_SPLINE_CURVE_WITH_KNOTS('',3,(#7703,#7704,#7705,#7706,#7707),
 .UNSPECIFIED.,.F.,.F.,(4,1,4),(0.,0.0384314893409137,0.0765941584098581),
 .UNSPECIFIED.);
#273=B_SPLINE_CURVE_WITH_KNOTS('',3,(#7709,#7710,#7711,#7712,#7713),
 .UNSPECIFIED.,.F.,.F.,(4,1,4),(0.,0.0708285478514192,0.120626556175517),
 .UNSPECIFIED.);
#274=B_SPLINE_CURVE_WITH_KNOTS('',3,(#7715,#7716,#7717,#7718),
 .UNSPECIFIED.,.F.,.F.,(4,4),(0.,0.0357781137738909),.UNSPECIFIED.);
#275=B_SPLINE_CURVE_WITH_KNOTS('',3,(#7720,#7721,#7722,#7723,#7724),
 .UNSPECIFIED.,.F.,.F.,(4,1,4),(0.,0.0839227479816425,0.16607266453881),
 .UNSPECIFIED.);
#276=B_SPLINE_CURVE_WITH_KNOTS('',3,(#8067,#8068,#8069,#8070,#8071),
 .UNSPECIFIED.,.F.,.F.,(4,1,4),(0.,0.292344800791197,0.501481074542208),
 .UNSPECIFIED.);
#277=B_SPLINE_CURVE_WITH_KNOTS('',3,(#8081,#8082,#8083,#8084,#8085),
 .UNSPECIFIED.,.F.,.F.,(4,1,4),(0.,0.19925382231853,0.492892007807649),
 .UNSPECIFIED.);
#278=B_SPLINE_CURVE_WITH_KNOTS('',3,(#8142,#8143,#8144,#8145,#8146),
 .UNSPECIFIED.,.F.,.F.,(4,1,4),(0.,0.0353155725422757,0.0682822085670358),
 .UNSPECIFIED.);
#279=B_SPLINE_CURVE_WITH_KNOTS('',3,(#8148,#8149,#8150,#8151,#8152),
 .UNSPECIFIED.,.F.,.F.,(4,1,4),(0.,0.0599160536739766,0.128248592790683),
 .UNSPECIFIED.);
#280=B_SPLINE_CURVE_WITH_KNOTS('',3,(#8154,#8155,#8156,#8157,#8158),
 .UNSPECIFIED.,.F.,.F.,(4,1,4),(0.,0.0617518347600487,0.119031226323504),
 .UNSPECIFIED.);
#281=B_SPLINE_CURVE_WITH_KNOTS('',3,(#8160,#8161,#8162,#8163,#8164),
 .UNSPECIFIED.,.F.,.F.,(4,1,4),(0.,0.0414706371549681,0.0900813378239756),
 .UNSPECIFIED.);
#282=B_SPLINE_CURVE_WITH_KNOTS('',3,(#8166,#8167,#8168,#8169,#8170),
 .UNSPECIFIED.,.F.,.F.,(4,1,4),(0.,0.0579533705982349,0.103013409294454),
 .UNSPECIFIED.);
#283=B_SPLINE_CURVE_WITH_KNOTS('',3,(#8172,#8173,#8174,#8175,#8176),
 .UNSPECIFIED.,.F.,.F.,(4,1,4),(0.,0.0428519503404065,0.0931321865503561),
 .UNSPECIFIED.);
#284=B_SPLINE_CURVE_WITH_KNOTS('',3,(#8178,#8179,#8180,#8181,#8182),
 .UNSPECIFIED.,.F.,.F.,(4,1,4),(0.,0.0412445853346002,0.0807900117486433),
 .UNSPECIFIED.);
#285=B_SPLINE_CURVE_WITH_KNOTS('',3,(#8184,#8185,#8186,#8187,#8188),
 .UNSPECIFIED.,.F.,.F.,(4,1,4),(0.,0.0464994146092506,0.0944879997534774),
 .UNSPECIFIED.);
#286=B_SPLINE_CURVE_WITH_KNOTS('',3,(#8190,#8191,#8192,#8193,#8194),
 .UNSPECIFIED.,.F.,.F.,(4,1,4),(0.,0.0613940836887227,0.11323024962349),
 .UNSPECIFIED.);
#287=B_SPLINE_CURVE_WITH_KNOTS('',3,(#8196,#8197,#8198,#8199,#8200),
 .UNSPECIFIED.,.F.,.F.,(4,1,4),(0.,0.0320501816298624,0.0659252836725902),
 .UNSPECIFIED.);
#288=B_SPLINE_CURVE_WITH_KNOTS('',3,(#8202,#8203,#8204,#8205,#8206),
 .UNSPECIFIED.,.F.,.F.,(4,1,4),(0.,0.0290971913740156,0.0595368712884555),
 .UNSPECIFIED.);
#289=B_SPLINE_CURVE_WITH_KNOTS('',3,(#8212,#8213,#8214,#8215),
 .UNSPECIFIED.,.F.,.F.,(4,4),(0.,0.0405242482384483),.UNSPECIFIED.);
#290=B_SPLINE_CURVE_WITH_KNOTS('',3,(#8217,#8218,#8219,#8220,#8221),
 .UNSPECIFIED.,.F.,.F.,(4,1,4),(0.,0.0185429553197866,0.0373400949644969),
 .UNSPECIFIED.);
#291=B_SPLINE_CURVE_WITH_KNOTS('',3,(#8223,#8224,#8225,#8226,#8227),
 .UNSPECIFIED.,.F.,.F.,(4,1,4),(0.,0.0187238662017916,0.0372447744040166),
 .UNSPECIFIED.);
#292=B_SPLINE_CURVE_WITH_KNOTS('',3,(#8229,#8230,#8231,#8232,#8233),
 .UNSPECIFIED.,.F.,.F.,(4,1,4),(0.,0.0331184231701511,0.0735835005176858),
 .UNSPECIFIED.);
#293=B_SPLINE_CURVE_WITH_KNOTS('',3,(#8235,#8236,#8237,#8238,#8239),
 .UNSPECIFIED.,.F.,.F.,(4,1,4),(0.,0.0396544365981004,0.0724733603838339),
 .UNSPECIFIED.);
#294=B_SPLINE_CURVE_WITH_KNOTS('',3,(#8241,#8242,#8243,#8244,#8245),
 .UNSPECIFIED.,.F.,.F.,(4,1,4),(0.,0.0413983259549832,0.0872847836393749),
 .UNSPECIFIED.);
#295=B_SPLINE_CURVE_WITH_KNOTS('',3,(#8247,#8248,#8249,#8250,#8251),
 .UNSPECIFIED.,.F.,.F.,(4,1,4),(0.,0.0610957622851029,0.108595187813767),
 .UNSPECIFIED.);
#296=B_SPLINE_CURVE_WITH_KNOTS('',3,(#8259,#8260,#8261,#8262,#8263),
 .UNSPECIFIED.,.F.,.F.,(4,1,4),(0.,0.0467176091153639,0.101584795182711),
 .UNSPECIFIED.);
#297=B_SPLINE_CURVE_WITH_KNOTS('',3,(#8265,#8266,#8267,#8268,#8269),
 .UNSPECIFIED.,.F.,.F.,(4,1,4),(0.,0.0464607006419211,0.0897884713813689),
 .UNSPECIFIED.);
#298=B_SPLINE_CURVE_WITH_KNOTS('',3,(#8271,#8272,#8273,#8274,#8275),
 .UNSPECIFIED.,.F.,.F.,(4,1,4),(0.,0.0421659319766627,0.0905787392658969),
 .UNSPECIFIED.);
#299=B_SPLINE_CURVE_WITH_KNOTS('',3,(#8277,#8278,#8279,#8280,#8281),
 .UNSPECIFIED.,.F.,.F.,(4,1,4),(0.,0.0427786075660991,0.0826989491884517),
 .UNSPECIFIED.);
#300=B_SPLINE_CURVE_WITH_KNOTS('',3,(#8283,#8284,#8285,#8286,#8287),
 .UNSPECIFIED.,.F.,.F.,(4,1,4),(0.,0.0199162284671176,0.0395573350115044),
 .UNSPECIFIED.);
#301=B_SPLINE_CURVE_WITH_KNOTS('',3,(#8289,#8290,#8291,#8292,#8293),
 .UNSPECIFIED.,.F.,.F.,(4,1,4),(0.,0.0214671046416356,0.0420020001774808),
 .UNSPECIFIED.);
#302=B_SPLINE_CURVE_WITH_KNOTS('',3,(#8295,#8296,#8297,#8298),
 .UNSPECIFIED.,.F.,.F.,(4,4),(0.,0.0361432740976522),.UNSPECIFIED.);
#303=B_SPLINE_CURVE_WITH_KNOTS('',3,(#8303,#8304,#8305,#8306,#8307),
 .UNSPECIFIED.,.F.,.F.,(4,1,4),(0.,0.0307925923507153,0.0596247929350135),
 .UNSPECIFIED.);
#304=B_SPLINE_CURVE_WITH_KNOTS('',3,(#8863,#8864,#8865,#8866),
 .UNSPECIFIED.,.F.,.F.,(4,4),(0.,0.126318813680292),.UNSPECIFIED.);
#305=B_SPLINE_CURVE_WITH_KNOTS('',3,(#8878,#8879,#8880,#8881),
 .UNSPECIFIED.,.F.,.F.,(4,4),(0.,0.513672337427244),.UNSPECIFIED.);
#306=B_SPLINE_CURVE_WITH_KNOTS('',3,(#8885,#8886,#8887,#8888),
 .UNSPECIFIED.,.F.,.F.,(4,4),(0.,0.513672337427244),.UNSPECIFIED.);
#307=B_SPLINE_CURVE_WITH_KNOTS('',3,(#8900,#8901,#8902,#8903),
 .UNSPECIFIED.,.F.,.F.,(4,4),(0.,0.126318813680292),.UNSPECIFIED.);
#308=B_SPLINE_CURVE_WITH_KNOTS('',3,(#8907,#8908,#8909,#8910),
 .UNSPECIFIED.,.F.,.F.,(4,4),(0.,0.246687970318637),.UNSPECIFIED.);
#309=B_SPLINE_CURVE_WITH_KNOTS('',3,(#8913,#8914,#8915,#8916),
 .UNSPECIFIED.,.F.,.F.,(4,4),(0.,0.246687970318637),.UNSPECIFIED.);
#310=B_SPLINE_CURVE_WITH_KNOTS('',3,(#9027,#9028,#9029,#9030),
 .UNSPECIFIED.,.F.,.F.,(4,4),(0.,0.246687970318637),.UNSPECIFIED.);
#311=B_SPLINE_CURVE_WITH_KNOTS('',3,(#9053,#9054,#9055,#9056),
 .UNSPECIFIED.,.F.,.F.,(4,4),(0.,0.246687970318637),.UNSPECIFIED.);
#312=B_SPLINE_CURVE_WITH_KNOTS('',3,(#9081,#9082,#9083,#9084,#9085),
 .UNSPECIFIED.,.F.,.F.,(4,1,4),(0.,0.0324778286636015,0.0699661882435227),
 .UNSPECIFIED.);
#313=B_SPLINE_CURVE_WITH_KNOTS('',3,(#9087,#9088,#9089,#9090,#9091),
 .UNSPECIFIED.,.F.,.F.,(4,1,4),(0.,0.0258207717040183,0.0542565535477027),
 .UNSPECIFIED.);
#314=B_SPLINE_CURVE_WITH_KNOTS('',3,(#9093,#9094,#9095,#9096,#9097),
 .UNSPECIFIED.,.F.,.F.,(4,1,4),(0.,0.0199895150491603,0.0418462919822339),
 .UNSPECIFIED.);
#315=B_SPLINE_CURVE_WITH_KNOTS('',3,(#9099,#9100,#9101,#9102,#9103),
 .UNSPECIFIED.,.F.,.F.,(4,1,4),(0.,0.0304158378918886,0.0538626630431849),
 .UNSPECIFIED.);
#316=B_SPLINE_CURVE_WITH_KNOTS('',3,(#9119,#9120,#9121,#9122,#9123),
 .UNSPECIFIED.,.F.,.F.,(4,1,4),(0.,0.0324229245497359,0.0699256981292211),
 .UNSPECIFIED.);
#317=B_SPLINE_CURVE_WITH_KNOTS('',3,(#9125,#9126,#9127,#9128,#9129),
 .UNSPECIFIED.,.F.,.F.,(4,1,4),(0.,0.0258323406588341,0.0542044816385468),
 .UNSPECIFIED.);
#318=B_SPLINE_CURVE_WITH_KNOTS('',3,(#9131,#9132,#9133,#9134,#9135),
 .UNSPECIFIED.,.F.,.F.,(4,1,4),(0.,0.0200141957408864,0.041915378677105),
 .UNSPECIFIED.);
#319=B_SPLINE_CURVE_WITH_KNOTS('',3,(#9137,#9138,#9139,#9140,#9141),
 .UNSPECIFIED.,.F.,.F.,(4,1,4),(0.,0.0304164787982866,0.0538708778889791),
 .UNSPECIFIED.);
#320=B_SPLINE_CURVE_WITH_KNOTS('',3,(#9157,#9158,#9159,#9160,#9161),
 .UNSPECIFIED.,.F.,.F.,(4,1,4),(0.,0.038913452682696,0.0836546912309751),
 .UNSPECIFIED.);
#321=B_SPLINE_CURVE_WITH_KNOTS('',3,(#9163,#9164,#9165,#9166,#9167),
 .UNSPECIFIED.,.F.,.F.,(4,1,4),(0.,0.0407412422712311,0.0780785234646135),
 .UNSPECIFIED.);
#322=B_SPLINE_CURVE_WITH_KNOTS('',3,(#9169,#9170,#9171,#9172,#9173),
 .UNSPECIFIED.,.F.,.F.,(4,1,4),(0.,0.034824707830283,0.0683446349414885),
 .UNSPECIFIED.);
#323=B_SPLINE_CURVE_WITH_KNOTS('',3,(#9175,#9176,#9177,#9178,#9179),
 .UNSPECIFIED.,.F.,.F.,(4,1,4),(0.,0.0442740682549412,0.0828986799985629),
 .UNSPECIFIED.);
#324=B_SPLINE_CURVE_WITH_KNOTS('',3,(#9183,#9184,#9185,#9186,#9187),
 .UNSPECIFIED.,.F.,.F.,(4,1,4),(0.,0.0304022145144026,0.0653766447122385),
 .UNSPECIFIED.);
#325=B_SPLINE_CURVE_WITH_KNOTS('',3,(#9189,#9190,#9191,#9192,#9193),
 .UNSPECIFIED.,.F.,.F.,(4,1,4),(0.,0.035689717215919,0.0663674681868319),
 .UNSPECIFIED.);
#326=B_SPLINE_CURVE_WITH_KNOTS('',3,(#9195,#9196,#9197,#9198,#9199),
 .UNSPECIFIED.,.F.,.F.,(4,1,4),(0.,0.034892689521296,0.0684034123645078),
 .UNSPECIFIED.);
#327=B_SPLINE_CURVE_WITH_KNOTS('',3,(#9201,#9202,#9203,#9204,#9205),
 .UNSPECIFIED.,.F.,.F.,(4,1,4),(0.,0.0442727319672872,0.0829581582896295),
 .UNSPECIFIED.);
#328=B_SPLINE_CURVE_WITH_KNOTS('',3,(#9598,#9599,#9600,#9601,#9602),
 .UNSPECIFIED.,.F.,.F.,(4,1,4),(0.,0.10590992551874,0.194879116238729),
 .UNSPECIFIED.);
#329=B_SPLINE_CURVE_WITH_KNOTS('',3,(#9604,#9605,#9606,#9607,#9608),
 .UNSPECIFIED.,.F.,.F.,(4,1,4),(0.,0.0896459767811649,0.196913501548965),
 .UNSPECIFIED.);
#330=B_SPLINE_CURVE_WITH_KNOTS('',3,(#9610,#9611,#9612,#9613,#9614),
 .UNSPECIFIED.,.F.,.F.,(4,1,4),(0.,0.0728841279077971,0.148944346804688),
 .UNSPECIFIED.);
#331=B_SPLINE_CURVE_WITH_KNOTS('',3,(#9616,#9617,#9618,#9619,#9620),
 .UNSPECIFIED.,.F.,.F.,(4,1,4),(0.,0.0760602188968905,0.14894446247836),
 .UNSPECIFIED.);
#332=B_SPLINE_CURVE_WITH_KNOTS('',3,(#9622,#9623,#9624,#9625,#9626),
 .UNSPECIFIED.,.F.,.F.,(4,1,4),(0.,0.107515226534712,0.197237598991536),
 .UNSPECIFIED.);
#333=B_SPLINE_CURVE_WITH_KNOTS('',3,(#9628,#9629,#9630,#9631,#9632),
 .UNSPECIFIED.,.F.,.F.,(4,1,4),(0.,0.0889422238656898,0.194609109755647),
 .UNSPECIFIED.);
#334=B_SPLINE_CURVE_WITH_KNOTS('',3,(#9634,#9635,#9636,#9637,#9638),
 .UNSPECIFIED.,.F.,.F.,(4,1,4),(0.,0.0724512406555028,0.148312110585312),
 .UNSPECIFIED.);
#335=B_SPLINE_CURVE_WITH_KNOTS('',3,(#9639,#9640,#9641,#9642,#9643),
 .UNSPECIFIED.,.F.,.F.,(4,1,4),(0.,0.0758309210332873,0.148483581038838),
 .UNSPECIFIED.);
#336=B_SPLINE_CURVE_WITH_KNOTS('',3,(#9646,#9647,#9648,#9649,#9650),
 .UNSPECIFIED.,.F.,.F.,(4,1,4),(0.,0.0987544772570208,0.171720930397954),
 .UNSPECIFIED.);
#337=B_SPLINE_CURVE_WITH_KNOTS('',3,(#9652,#9653,#9654,#9655,#9656),
 .UNSPECIFIED.,.F.,.F.,(4,1,4),(0.,0.0738806362267622,0.169795796636861),
 .UNSPECIFIED.);
#338=B_SPLINE_CURVE_WITH_KNOTS('',3,(#9658,#9659,#9660,#9661,#9662),
 .UNSPECIFIED.,.F.,.F.,(4,1,4),(0.,0.045806491902259,0.100484188105609),
 .UNSPECIFIED.);
#339=B_SPLINE_CURVE_WITH_KNOTS('',3,(#9664,#9665,#9666,#9667,#9668),
 .UNSPECIFIED.,.F.,.F.,(4,1,4),(0.,0.0547268269309984,0.100769478438628),
 .UNSPECIFIED.);
#340=B_SPLINE_CURVE_WITH_KNOTS('',3,(#9670,#9671,#9672,#9673,#9674),
 .UNSPECIFIED.,.F.,.F.,(4,1,4),(0.,0.0959151604100983,0.169795796636861),
 .UNSPECIFIED.);
#341=B_SPLINE_CURVE_WITH_KNOTS('',3,(#9676,#9677,#9678,#9679,#9680),
 .UNSPECIFIED.,.F.,.F.,(4,1,4),(0.,0.0729664531409327,0.171720930397954),
 .UNSPECIFIED.);
#342=B_SPLINE_CURVE_WITH_KNOTS('',3,(#9682,#9683,#9684,#9685,#9686),
 .UNSPECIFIED.,.F.,.F.,(4,1,4),(0.,0.0472360360900663,0.100291562874392),
 .UNSPECIFIED.);
#343=B_SPLINE_CURVE_WITH_KNOTS('',3,(#9687,#9688,#9689,#9690,#9691),
 .UNSPECIFIED.,.F.,.F.,(4,1,4),(0.,0.0530052788433627,0.100003435107204),
 .UNSPECIFIED.);
#344=B_SPLINE_CURVE_WITH_KNOTS('',3,(#9882,#9883,#9884,#9885,#9886),
 .UNSPECIFIED.,.F.,.F.,(4,1,4),(0.,0.0987544772570208,0.171720930397954),
 .UNSPECIFIED.);
#345=B_SPLINE_CURVE_WITH_KNOTS('',3,(#9910,#9911,#9912,#9913,#9914),
 .UNSPECIFIED.,.F.,.F.,(4,1,4),(0.,0.0738806362267622,0.169795796636861),
 .UNSPECIFIED.);
#346=B_SPLINE_CURVE_WITH_KNOTS('',3,(#9937,#9938,#9939,#9940,#9941),
 .UNSPECIFIED.,.F.,.F.,(4,1,4),(0.,0.045806491902259,0.100484188105609),
 .UNSPECIFIED.);
#347=B_SPLINE_CURVE_WITH_KNOTS('',3,(#9964,#9965,#9966,#9967,#9968),
 .UNSPECIFIED.,.F.,.F.,(4,1,4),(0.,0.0547268269309984,0.100769478438628),
 .UNSPECIFIED.);
#348=B_SPLINE_CURVE_WITH_KNOTS('',3,(#9991,#9992,#9993,#9994,#9995),
 .UNSPECIFIED.,.F.,.F.,(4,1,4),(0.,0.0959151604100983,0.169795796636861),
 .UNSPECIFIED.);
#349=B_SPLINE_CURVE_WITH_KNOTS('',3,(#10018,#10019,#10020,#10021,#10022),
 .UNSPECIFIED.,.F.,.F.,(4,1,4),(0.,0.0729664531409327,0.171720930397954),
 .UNSPECIFIED.);
#350=B_SPLINE_CURVE_WITH_KNOTS('',3,(#10045,#10046,#10047,#10048,#10049),
 .UNSPECIFIED.,.F.,.F.,(4,1,4),(0.,0.0472360360900663,0.100291562874392),
 .UNSPECIFIED.);
#351=B_SPLINE_CURVE_WITH_KNOTS('',3,(#10071,#10072,#10073,#10074,#10075),
 .UNSPECIFIED.,.F.,.F.,(4,1,4),(0.,0.0530052788433627,0.100003435107204),
 .UNSPECIFIED.);
#352=STYLED_ITEM('',(#10106),#367);
#353=STYLED_ITEM('',(#10107),#368);
#354=STYLED_ITEM('',(#10107),#369);
#355=STYLED_ITEM('',(#10108),#4376);
#356=STYLED_ITEM('',(#10108),#4396);
#357=STYLED_ITEM('',(#10108),#4414);
#358=STYLED_ITEM('',(#10108),#4430);
#359=STYLED_ITEM('',(#10108),#4457);
#360=STYLED_ITEM('',(#10108),#4462);
#361=STYLED_ITEM('',(#10108),#4485);
#362=STYLED_ITEM('',(#10108),#4493);
#363=STYLED_ITEM('',(#10108),#4527);
#364=STYLED_ITEM('',(#10108),#4548);
#365=STYLED_ITEM('',(#10108),#4591);
#366=STYLED_ITEM('',(#10107),#370);
#367=MANIFOLD_SOLID_BREP('Body1',#4613);
#368=MANIFOLD_SOLID_BREP('Body2',#4614);
#369=MANIFOLD_SOLID_BREP('Body5',#4615);
#370=MANIFOLD_SOLID_BREP('Body4',#4616);
#371=FACE_BOUND('',#1462,.T.);
#372=FACE_BOUND('',#1464,.T.);
#373=FACE_BOUND('',#1467,.T.);
#374=FACE_BOUND('',#1470,.T.);
#375=FACE_BOUND('',#1473,.T.);
#376=FACE_BOUND('',#1476,.T.);
#377=FACE_BOUND('',#1478,.T.);
#378=FACE_BOUND('',#1498,.T.);
#379=FACE_BOUND('',#1499,.T.);
#380=FACE_BOUND('',#1500,.T.);
#381=FACE_BOUND('',#1501,.T.);
#382=FACE_BOUND('',#1502,.T.);
#383=FACE_BOUND('',#1503,.T.);
#384=FACE_BOUND('',#1504,.T.);
#385=FACE_BOUND('',#1505,.T.);
#386=FACE_BOUND('',#1506,.T.);
#387=FACE_BOUND('',#1507,.T.);
#388=FACE_BOUND('',#1508,.T.);
#389=FACE_BOUND('',#1510,.T.);
#390=FACE_BOUND('',#1642,.T.);
#391=FACE_BOUND('',#1707,.T.);
#392=FACE_BOUND('',#1728,.T.);
#393=FACE_BOUND('',#1730,.T.);
#394=LINE('',#5767,#730);
#395=LINE('',#5774,#731);
#396=LINE('',#5789,#732);
#397=LINE('',#5803,#733);
#398=LINE('',#5809,#734);
#399=LINE('',#5813,#735);
#400=LINE('',#5817,#736);
#401=LINE('',#5821,#737);
#402=LINE('',#5825,#738);
#403=LINE('',#5829,#739);
#404=LINE('',#5838,#740);
#405=LINE('',#5847,#741);
#406=LINE('',#5874,#742);
#407=LINE('',#5875,#743);
#408=LINE('',#5878,#744);
#409=LINE('',#5879,#745);
#410=LINE('',#5903,#746);
#411=LINE('',#5904,#747);
#412=LINE('',#5905,#748);
#413=LINE('',#5909,#749);
#414=LINE('',#5912,#750);
#415=LINE('',#5913,#751);
#416=LINE('',#5917,#752);
#417=LINE('',#5920,#753);
#418=LINE('',#5921,#754);
#419=LINE('',#5925,#755);
#420=LINE('',#5928,#756);
#421=LINE('',#5929,#757);
#422=LINE('',#5933,#758);
#423=LINE('',#5936,#759);
#424=LINE('',#5937,#760);
#425=LINE('',#5941,#761);
#426=LINE('',#5944,#762);
#427=LINE('',#5945,#763);
#428=LINE('',#5967,#764);
#429=LINE('',#5971,#765);
#430=LINE('',#5974,#766);
#431=LINE('',#5975,#767);
#432=LINE('',#5982,#768);
#433=LINE('',#6034,#769);
#434=LINE('',#6062,#770);
#435=LINE('',#6090,#771);
#436=LINE('',#6094,#772);
#437=LINE('',#6098,#773);
#438=LINE('',#6128,#774);
#439=LINE('',#6132,#775);
#440=LINE('',#6136,#776);
#441=LINE('',#6166,#777);
#442=LINE('',#6170,#778);
#443=LINE('',#6174,#779);
#444=LINE('',#6178,#780);
#445=LINE('',#6187,#781);
#446=LINE('',#6194,#782);
#447=LINE('',#6198,#783);
#448=LINE('',#6202,#784);
#449=LINE('',#6209,#785);
#450=LINE('',#6216,#786);
#451=LINE('',#6220,#787);
#452=LINE('',#6223,#788);
#453=LINE('',#6240,#789);
#454=LINE('',#6283,#790);
#455=LINE('',#6287,#791);
#456=LINE('',#6330,#792);
#457=LINE('',#6400,#793);
#458=LINE('',#6408,#794);
#459=LINE('',#6412,#795);
#460=LINE('',#6418,#796);
#461=LINE('',#6474,#797);
#462=LINE('',#6518,#798);
#463=LINE('',#6523,#799);
#464=LINE('',#6526,#800);
#465=LINE('',#6529,#801);
#466=LINE('',#6559,#802);
#467=LINE('',#6563,#803);
#468=LINE('',#6567,#804);
#469=LINE('',#6597,#805);
#470=LINE('',#6601,#806);
#471=LINE('',#6605,#807);
#472=LINE('',#6609,#808);
#473=LINE('',#6618,#809);
#474=LINE('',#6625,#810);
#475=LINE('',#6629,#811);
#476=LINE('',#6633,#812);
#477=LINE('',#6645,#813);
#478=LINE('',#6649,#814);
#479=LINE('',#6652,#815);
#480=LINE('',#6818,#816);
#481=LINE('',#6819,#817);
#482=LINE('',#6840,#818);
#483=LINE('',#6861,#819);
#484=LINE('',#6882,#820);
#485=LINE('',#6903,#821);
#486=LINE('',#6924,#822);
#487=LINE('',#6945,#823);
#488=LINE('',#6993,#824);
#489=LINE('',#6994,#825);
#490=LINE('',#7021,#826);
#491=LINE('',#7048,#827);
#492=LINE('',#7075,#828);
#493=LINE('',#7102,#829);
#494=LINE('',#7129,#830);
#495=LINE('',#7156,#831);
#496=LINE('',#7191,#832);
#497=LINE('',#7195,#833);
#498=LINE('',#7199,#834);
#499=LINE('',#7211,#835);
#500=LINE('',#7215,#836);
#501=LINE('',#7219,#837);
#502=LINE('',#7225,#838);
#503=LINE('',#7242,#839);
#504=LINE('',#7243,#840);
#505=LINE('',#7245,#841);
#506=LINE('',#7247,#842);
#507=LINE('',#7249,#843);
#508=LINE('',#7251,#844);
#509=LINE('',#7253,#845);
#510=LINE('',#7270,#846);
#511=LINE('',#7287,#847);
#512=LINE('',#7289,#848);
#513=LINE('',#7291,#849);
#514=LINE('',#7293,#850);
#515=LINE('',#7295,#851);
#516=LINE('',#7297,#852);
#517=LINE('',#7314,#853);
#518=LINE('',#7319,#854);
#519=LINE('',#7323,#855);
#520=LINE('',#7327,#856);
#521=LINE('',#7331,#857);
#522=LINE('',#7335,#858);
#523=LINE('',#7365,#859);
#524=LINE('',#7369,#860);
#525=LINE('',#7373,#861);
#526=LINE('',#7402,#862);
#527=LINE('',#7403,#863);
#528=LINE('',#7405,#864);
#529=LINE('',#7407,#865);
#530=LINE('',#7409,#866);
#531=LINE('',#7411,#867);
#532=LINE('',#7413,#868);
#533=LINE('',#7415,#869);
#534=LINE('',#7417,#870);
#535=LINE('',#7419,#871);
#536=LINE('',#7421,#872);
#537=LINE('',#7442,#873);
#538=LINE('',#7463,#874);
#539=LINE('',#7484,#875);
#540=LINE('',#7505,#876);
#541=LINE('',#7507,#877);
#542=LINE('',#7509,#878);
#543=LINE('',#7511,#879);
#544=LINE('',#7513,#880);
#545=LINE('',#7515,#881);
#546=LINE('',#7517,#882);
#547=LINE('',#7519,#883);
#548=LINE('',#7540,#884);
#549=LINE('',#7561,#885);
#550=LINE('',#7582,#886);
#551=LINE('',#7603,#887);
#552=LINE('',#7610,#888);
#553=LINE('',#7613,#889);
#554=LINE('',#7615,#890);
#555=LINE('',#7616,#891);
#556=LINE('',#7618,#892);
#557=LINE('',#7620,#893);
#558=LINE('',#7627,#894);
#559=LINE('',#7672,#895);
#560=LINE('',#7727,#896);
#561=LINE('',#7729,#897);
#562=LINE('',#7730,#898);
#563=LINE('',#7732,#899);
#564=LINE('',#7753,#900);
#565=LINE('',#7770,#901);
#566=LINE('',#7791,#902);
#567=LINE('',#7812,#903);
#568=LINE('',#7833,#904);
#569=LINE('',#7854,#905);
#570=LINE('',#7875,#906);
#571=LINE('',#7877,#907);
#572=LINE('',#7879,#908);
#573=LINE('',#7896,#909);
#574=LINE('',#7917,#910);
#575=LINE('',#7938,#911);
#576=LINE('',#7959,#912);
#577=LINE('',#7980,#913);
#578=LINE('',#8001,#914);
#579=LINE('',#8022,#915);
#580=LINE('',#8039,#916);
#581=LINE('',#8060,#917);
#582=LINE('',#8062,#918);
#583=LINE('',#8075,#919);
#584=LINE('',#8079,#920);
#585=LINE('',#8086,#921);
#586=LINE('',#8107,#922);
#587=LINE('',#8108,#923);
#588=LINE('',#8110,#924);
#589=LINE('',#8112,#925);
#590=LINE('',#8114,#926);
#591=LINE('',#8116,#927);
#592=LINE('',#8137,#928);
#593=LINE('',#8210,#929);
#594=LINE('',#8253,#930);
#595=LINE('',#8257,#931);
#596=LINE('',#8300,#932);
#597=LINE('',#8328,#933);
#598=LINE('',#8329,#934);
#599=LINE('',#8350,#935);
#600=LINE('',#8371,#936);
#601=LINE('',#8392,#937);
#602=LINE('',#8413,#938);
#603=LINE('',#8434,#939);
#604=LINE('',#8455,#940);
#605=LINE('',#8476,#941);
#606=LINE('',#8497,#942);
#607=LINE('',#8518,#943);
#608=LINE('',#8539,#944);
#609=LINE('',#8541,#945);
#610=LINE('',#8543,#946);
#611=LINE('',#8560,#947);
#612=LINE('',#8581,#948);
#613=LINE('',#8602,#949);
#614=LINE('',#8623,#950);
#615=LINE('',#8644,#951);
#616=LINE('',#8665,#952);
#617=LINE('',#8686,#953);
#618=LINE('',#8688,#954);
#619=LINE('',#8690,#955);
#620=LINE('',#8692,#956);
#621=LINE('',#8713,#957);
#622=LINE('',#8734,#958);
#623=LINE('',#8755,#959);
#624=LINE('',#8776,#960);
#625=LINE('',#8797,#961);
#626=LINE('',#8818,#962);
#627=LINE('',#8835,#963);
#628=LINE('',#8837,#964);
#629=LINE('',#8839,#965);
#630=LINE('',#8868,#966);
#631=LINE('',#8872,#967);
#632=LINE('',#8876,#968);
#633=LINE('',#8883,#969);
#634=LINE('',#8890,#970);
#635=LINE('',#8894,#971);
#636=LINE('',#8898,#972);
#637=LINE('',#8904,#973);
#638=LINE('',#8912,#974);
#639=LINE('',#8933,#975);
#640=LINE('',#8934,#976);
#641=LINE('',#8936,#977);
#642=LINE('',#8938,#978);
#643=LINE('',#8940,#979);
#644=LINE('',#8942,#980);
#645=LINE('',#8944,#981);
#646=LINE('',#8961,#982);
#647=LINE('',#8963,#983);
#648=LINE('',#8980,#984);
#649=LINE('',#8982,#985);
#650=LINE('',#8984,#986);
#651=LINE('',#8986,#987);
#652=LINE('',#8988,#988);
#653=LINE('',#8990,#989);
#654=LINE('',#9007,#990);
#655=LINE('',#9031,#991);
#656=LINE('',#9032,#992);
#657=LINE('',#9035,#993);
#658=LINE('',#9036,#994);
#659=LINE('',#9061,#995);
#660=LINE('',#9065,#996);
#661=LINE('',#9069,#997);
#662=LINE('',#9073,#998);
#663=LINE('',#9077,#999);
#664=LINE('',#9107,#1000);
#665=LINE('',#9111,#1001);
#666=LINE('',#9115,#1002);
#667=LINE('',#9145,#1003);
#668=LINE('',#9149,#1004);
#669=LINE('',#9153,#1005);
#670=LINE('',#9181,#1006);
#671=LINE('',#9208,#1007);
#672=LINE('',#9209,#1008);
#673=LINE('',#9211,#1009);
#674=LINE('',#9213,#1010);
#675=LINE('',#9215,#1011);
#676=LINE('',#9217,#1012);
#677=LINE('',#9219,#1013);
#678=LINE('',#9221,#1014);
#679=LINE('',#9223,#1015);
#680=LINE('',#9225,#1016);
#681=LINE('',#9227,#1017);
#682=LINE('',#9248,#1018);
#683=LINE('',#9269,#1019);
#684=LINE('',#9290,#1020);
#685=LINE('',#9311,#1021);
#686=LINE('',#9313,#1022);
#687=LINE('',#9315,#1023);
#688=LINE('',#9317,#1024);
#689=LINE('',#9319,#1025);
#690=LINE('',#9321,#1026);
#691=LINE('',#9323,#1027);
#692=LINE('',#9325,#1028);
#693=LINE('',#9346,#1029);
#694=LINE('',#9367,#1030);
#695=LINE('',#9388,#1031);
#696=LINE('',#9409,#1032);
#697=LINE('',#9411,#1033);
#698=LINE('',#9413,#1034);
#699=LINE('',#9415,#1035);
#700=LINE('',#9417,#1036);
#701=LINE('',#9419,#1037);
#702=LINE('',#9421,#1038);
#703=LINE('',#9423,#1039);
#704=LINE('',#9444,#1040);
#705=LINE('',#9465,#1041);
#706=LINE('',#9486,#1042);
#707=LINE('',#9507,#1043);
#708=LINE('',#9509,#1044);
#709=LINE('',#9530,#1045);
#710=LINE('',#9551,#1046);
#711=LINE('',#9572,#1047);
#712=LINE('',#9593,#1048);
#713=LINE('',#9712,#1049);
#714=LINE('',#9713,#1050);
#715=LINE('',#9734,#1051);
#716=LINE('',#9755,#1052);
#717=LINE('',#9776,#1053);
#718=LINE('',#9797,#1054);
#719=LINE('',#9818,#1055);
#720=LINE('',#9839,#1056);
#721=LINE('',#9887,#1057);
#722=LINE('',#9888,#1058);
#723=LINE('',#9915,#1059);
#724=LINE('',#9942,#1060);
#725=LINE('',#9969,#1061);
#726=LINE('',#9996,#1062);
#727=LINE('',#10023,#1063);
#728=LINE('',#10050,#1064);
#729=LINE('',#10081,#1065);
#730=VECTOR('',#4913,3.);
#731=VECTOR('',#4922,7.2);
#732=VECTOR('',#4943,9.1);
#733=VECTOR('',#4962,9.1);
#734=VECTOR('',#4969,10.);
#735=VECTOR('',#4972,10.);
#736=VECTOR('',#4975,10.);
#737=VECTOR('',#4978,10.);
#738=VECTOR('',#4981,10.);
#739=VECTOR('',#4984,10.);
#740=VECTOR('',#4987,10.);
#741=VECTOR('',#4990,10.);
#742=VECTOR('',#4991,10.);
#743=VECTOR('',#4992,10.);
#744=VECTOR('',#4995,10.);
#745=VECTOR('',#4996,10.);
#746=VECTOR('',#4999,10.);
#747=VECTOR('',#5000,10.);
#748=VECTOR('',#5001,10.);
#749=VECTOR('',#5006,10.);
#750=VECTOR('',#5009,10.);
#751=VECTOR('',#5010,10.);
#752=VECTOR('',#5015,10.);
#753=VECTOR('',#5018,10.);
#754=VECTOR('',#5019,10.);
#755=VECTOR('',#5024,10.);
#756=VECTOR('',#5027,10.);
#757=VECTOR('',#5028,10.);
#758=VECTOR('',#5033,10.);
#759=VECTOR('',#5036,10.);
#760=VECTOR('',#5037,10.);
#761=VECTOR('',#5042,10.);
#762=VECTOR('',#5045,10.);
#763=VECTOR('',#5046,10.);
#764=VECTOR('',#5047,10.);
#765=VECTOR('',#5052,10.);
#766=VECTOR('',#5055,10.);
#767=VECTOR('',#5056,10.);
#768=VECTOR('',#5065,9.1);
#769=VECTOR('',#5068,10.);
#770=VECTOR('',#5071,10.);
#771=VECTOR('',#5074,10.);
#772=VECTOR('',#5077,10.);
#773=VECTOR('',#5080,10.);
#774=VECTOR('',#5085,10.);
#775=VECTOR('',#5088,10.);
#776=VECTOR('',#5091,10.);
#777=VECTOR('',#5096,10.);
#778=VECTOR('',#5099,10.);
#779=VECTOR('',#5102,10.);
#780=VECTOR('',#5105,10.);
#781=VECTOR('',#5108,10.);
#782=VECTOR('',#5109,10.);
#783=VECTOR('',#5112,10.);
#784=VECTOR('',#5115,10.);
#785=VECTOR('',#5116,10.);
#786=VECTOR('',#5117,10.);
#787=VECTOR('',#5120,10.);
#788=VECTOR('',#5123,10.);
#789=VECTOR('',#5126,10.);
#790=VECTOR('',#5127,10.);
#791=VECTOR('',#5130,10.);
#792=VECTOR('',#5131,10.);
#793=VECTOR('',#5134,10.);
#794=VECTOR('',#5135,10.);
#795=VECTOR('',#5138,10.);
#796=VECTOR('',#5143,10.);
#797=VECTOR('',#5146,10.);
#798=VECTOR('',#5149,10.);
#799=VECTOR('',#5152,10.);
#800=VECTOR('',#5155,10.);
#801=VECTOR('',#5156,10.);
#802=VECTOR('',#5161,10.);
#803=VECTOR('',#5164,10.);
#804=VECTOR('',#5167,10.);
#805=VECTOR('',#5172,10.);
#806=VECTOR('',#5175,10.);
#807=VECTOR('',#5178,10.);
#808=VECTOR('',#5181,10.);
#809=VECTOR('',#5184,10.);
#810=VECTOR('',#5185,10.);
#811=VECTOR('',#5188,10.);
#812=VECTOR('',#5191,10.);
#813=VECTOR('',#5192,10.);
#814=VECTOR('',#5195,10.);
#815=VECTOR('',#5198,10.);
#816=VECTOR('',#5201,10.);
#817=VECTOR('',#5202,10.);
#818=VECTOR('',#5203,10.);
#819=VECTOR('',#5204,10.);
#820=VECTOR('',#5205,10.);
#821=VECTOR('',#5206,10.);
#822=VECTOR('',#5207,10.);
#823=VECTOR('',#5208,10.);
#824=VECTOR('',#5209,10.);
#825=VECTOR('',#5210,10.);
#826=VECTOR('',#5211,10.);
#827=VECTOR('',#5212,10.);
#828=VECTOR('',#5213,10.);
#829=VECTOR('',#5214,10.);
#830=VECTOR('',#5215,10.);
#831=VECTOR('',#5216,10.);
#832=VECTOR('',#5221,10.);
#833=VECTOR('',#5224,10.);
#834=VECTOR('',#5227,10.);
#835=VECTOR('',#5228,10.);
#836=VECTOR('',#5231,10.);
#837=VECTOR('',#5234,10.);
#838=VECTOR('',#5235,10.);
#839=VECTOR('',#5236,10.);
#840=VECTOR('',#5237,10.);
#841=VECTOR('',#5240,10.);
#842=VECTOR('',#5243,10.);
#843=VECTOR('',#5246,10.);
#844=VECTOR('',#5249,10.);
#845=VECTOR('',#5252,10.);
#846=VECTOR('',#5253,10.);
#847=VECTOR('',#5254,10.);
#848=VECTOR('',#5257,10.);
#849=VECTOR('',#5260,10.);
#850=VECTOR('',#5263,10.);
#851=VECTOR('',#5266,10.);
#852=VECTOR('',#5269,10.);
#853=VECTOR('',#5270,10.);
#854=VECTOR('',#5275,10.);
#855=VECTOR('',#5278,10.);
#856=VECTOR('',#5281,10.);
#857=VECTOR('',#5284,10.);
#858=VECTOR('',#5287,10.);
#859=VECTOR('',#5292,10.);
#860=VECTOR('',#5295,10.);
#861=VECTOR('',#5298,10.);
#862=VECTOR('',#5305,10.);
#863=VECTOR('',#5306,10.);
#864=VECTOR('',#5309,10.);
#865=VECTOR('',#5312,10.);
#866=VECTOR('',#5315,10.);
#867=VECTOR('',#5318,10.);
#868=VECTOR('',#5321,10.);
#869=VECTOR('',#5324,10.);
#870=VECTOR('',#5327,10.);
#871=VECTOR('',#5330,10.);
#872=VECTOR('',#5333,10.);
#873=VECTOR('',#5334,10.);
#874=VECTOR('',#5335,10.);
#875=VECTOR('',#5336,10.);
#876=VECTOR('',#5337,10.);
#877=VECTOR('',#5340,10.);
#878=VECTOR('',#5343,10.);
#879=VECTOR('',#5346,10.);
#880=VECTOR('',#5349,10.);
#881=VECTOR('',#5352,10.);
#882=VECTOR('',#5355,10.);
#883=VECTOR('',#5358,10.);
#884=VECTOR('',#5359,10.);
#885=VECTOR('',#5360,10.);
#886=VECTOR('',#5361,10.);
#887=VECTOR('',#5362,10.);
#888=VECTOR('',#5369,10.);
#889=VECTOR('',#5372,10.);
#890=VECTOR('',#5375,10.);
#891=VECTOR('',#5376,10.);
#892=VECTOR('',#5379,10.);
#893=VECTOR('',#5382,10.);
#894=VECTOR('',#5389,10.);
#895=VECTOR('',#5392,10.);
#896=VECTOR('',#5395,10.);
#897=VECTOR('',#5398,10.);
#898=VECTOR('',#5399,10.);
#899=VECTOR('',#5402,10.);
#900=VECTOR('',#5403,10.);
#901=VECTOR('',#5404,10.);
#902=VECTOR('',#5405,10.);
#903=VECTOR('',#5406,10.);
#904=VECTOR('',#5407,10.);
#905=VECTOR('',#5408,10.);
#906=VECTOR('',#5409,10.);
#907=VECTOR('',#5412,10.);
#908=VECTOR('',#5415,10.);
#909=VECTOR('',#5416,10.);
#910=VECTOR('',#5417,10.);
#911=VECTOR('',#5418,10.);
#912=VECTOR('',#5419,10.);
#913=VECTOR('',#5420,10.);
#914=VECTOR('',#5421,10.);
#915=VECTOR('',#5422,10.);
#916=VECTOR('',#5423,10.);
#917=VECTOR('',#5424,10.);
#918=VECTOR('',#5427,10.);
#919=VECTOR('',#5434,10.);
#920=VECTOR('',#5437,10.);
#921=VECTOR('',#5438,10.);
#922=VECTOR('',#5439,10.);
#923=VECTOR('',#5440,10.);
#924=VECTOR('',#5443,10.);
#925=VECTOR('',#5446,10.);
#926=VECTOR('',#5449,10.);
#927=VECTOR('',#5452,10.);
#928=VECTOR('',#5453,10.);
#929=VECTOR('',#5460,10.);
#930=VECTOR('',#5461,10.);
#931=VECTOR('',#5464,10.);
#932=VECTOR('',#5465,10.);
#933=VECTOR('',#5468,10.);
#934=VECTOR('',#5469,10.);
#935=VECTOR('',#5470,10.);
#936=VECTOR('',#5471,10.);
#937=VECTOR('',#5472,10.);
#938=VECTOR('',#5473,10.);
#939=VECTOR('',#5474,10.);
#940=VECTOR('',#5475,10.);
#941=VECTOR('',#5476,10.);
#942=VECTOR('',#5477,10.);
#943=VECTOR('',#5478,10.);
#944=VECTOR('',#5479,10.);
#945=VECTOR('',#5482,10.);
#946=VECTOR('',#5485,10.);
#947=VECTOR('',#5486,10.);
#948=VECTOR('',#5487,10.);
#949=VECTOR('',#5488,10.);
#950=VECTOR('',#5489,10.);
#951=VECTOR('',#5490,10.);
#952=VECTOR('',#5491,10.);
#953=VECTOR('',#5492,10.);
#954=VECTOR('',#5495,10.);
#955=VECTOR('',#5498,10.);
#956=VECTOR('',#5501,10.);
#957=VECTOR('',#5502,10.);
#958=VECTOR('',#5503,10.);
#959=VECTOR('',#5504,10.);
#960=VECTOR('',#5505,10.);
#961=VECTOR('',#5506,10.);
#962=VECTOR('',#5507,10.);
#963=VECTOR('',#5508,10.);
#964=VECTOR('',#5511,10.);
#965=VECTOR('',#5514,10.);
#966=VECTOR('',#5517,10.);
#967=VECTOR('',#5520,10.);
#968=VECTOR('',#5523,10.);
#969=VECTOR('',#5524,10.);
#970=VECTOR('',#5525,10.);
#971=VECTOR('',#5528,10.);
#972=VECTOR('',#5531,10.);
#973=VECTOR('',#5532,10.);
#974=VECTOR('',#5533,10.);
#975=VECTOR('',#5534,10.);
#976=VECTOR('',#5535,10.);
#977=VECTOR('',#5538,10.);
#978=VECTOR('',#5541,10.);
#979=VECTOR('',#5544,10.);
#980=VECTOR('',#5547,10.);
#981=VECTOR('',#5550,10.);
#982=VECTOR('',#5551,10.);
#983=VECTOR('',#5554,10.);
#984=VECTOR('',#5555,10.);
#985=VECTOR('',#5558,10.);
#986=VECTOR('',#5561,10.);
#987=VECTOR('',#5564,10.);
#988=VECTOR('',#5567,10.);
#989=VECTOR('',#5570,10.);
#990=VECTOR('',#5571,10.);
#991=VECTOR('',#5574,10.);
#992=VECTOR('',#5575,10.);
#993=VECTOR('',#5578,10.);
#994=VECTOR('',#5579,10.);
#995=VECTOR('',#5584,10.);
#996=VECTOR('',#5587,10.);
#997=VECTOR('',#5590,10.);
#998=VECTOR('',#5593,10.);
#999=VECTOR('',#5596,10.);
#1000=VECTOR('',#5601,10.);
#1001=VECTOR('',#5604,10.);
#1002=VECTOR('',#5607,10.);
#1003=VECTOR('',#5612,10.);
#1004=VECTOR('',#5615,10.);
#1005=VECTOR('',#5618,10.);
#1006=VECTOR('',#5621,10.);
#1007=VECTOR('',#5626,10.);
#1008=VECTOR('',#5627,10.);
#1009=VECTOR('',#5630,10.);
#1010=VECTOR('',#5633,10.);
#1011=VECTOR('',#5636,10.);
#1012=VECTOR('',#5639,10.);
#1013=VECTOR('',#5642,10.);
#1014=VECTOR('',#5645,10.);
#1015=VECTOR('',#5648,10.);
#1016=VECTOR('',#5651,10.);
#1017=VECTOR('',#5654,10.);
#1018=VECTOR('',#5655,10.);
#1019=VECTOR('',#5656,10.);
#1020=VECTOR('',#5657,10.);
#1021=VECTOR('',#5658,10.);
#1022=VECTOR('',#5661,10.);
#1023=VECTOR('',#5664,10.);
#1024=VECTOR('',#5667,10.);
#1025=VECTOR('',#5670,10.);
#1026=VECTOR('',#5673,10.);
#1027=VECTOR('',#5676,10.);
#1028=VECTOR('',#5679,10.);
#1029=VECTOR('',#5680,10.);
#1030=VECTOR('',#5681,10.);
#1031=VECTOR('',#5682,10.);
#1032=VECTOR('',#5683,10.);
#1033=VECTOR('',#5686,10.);
#1034=VECTOR('',#5689,10.);
#1035=VECTOR('',#5692,10.);
#1036=VECTOR('',#5695,10.);
#1037=VECTOR('',#5698,10.);
#1038=VECTOR('',#5701,10.);
#1039=VECTOR('',#5704,10.);
#1040=VECTOR('',#5705,10.);
#1041=VECTOR('',#5706,10.);
#1042=VECTOR('',#5707,10.);
#1043=VECTOR('',#5708,10.);
#1044=VECTOR('',#5711,10.);
#1045=VECTOR('',#5712,10.);
#1046=VECTOR('',#5713,10.);
#1047=VECTOR('',#5714,10.);
#1048=VECTOR('',#5715,10.);
#1049=VECTOR('',#5720,10.);
#1050=VECTOR('',#5721,10.);
#1051=VECTOR('',#5722,10.);
#1052=VECTOR('',#5723,10.);
#1053=VECTOR('',#5724,10.);
#1054=VECTOR('',#5725,10.);
#1055=VECTOR('',#5726,10.);
#1056=VECTOR('',#5727,10.);
#1057=VECTOR('',#5728,10.);
#1058=VECTOR('',#5729,10.);
#1059=VECTOR('',#5730,10.);
#1060=VECTOR('',#5731,10.);
#1061=VECTOR('',#5732,10.);
#1062=VECTOR('',#5733,10.);
#1063=VECTOR('',#5734,10.);
#1064=VECTOR('',#5735,10.);
#1065=VECTOR('',#5742,7.2);
#1066=CYLINDRICAL_SURFACE('',#4639,3.);
#1067=CYLINDRICAL_SURFACE('',#4642,7.2);
#1068=CYLINDRICAL_SURFACE('',#4653,9.1);
#1069=CYLINDRICAL_SURFACE('',#4662,9.1);
#1070=CYLINDRICAL_SURFACE('',#4665,9.11);
#1071=CYLINDRICAL_SURFACE('',#4695,9.1);
#1072=CYLINDRICAL_SURFACE('',#4740,9.11);
#1073=CYLINDRICAL_SURFACE('',#4741,9.1);
#1074=CYLINDRICAL_SURFACE('',#4742,9.11);
#1075=CYLINDRICAL_SURFACE('',#4758,9.11);
#1076=CYLINDRICAL_SURFACE('',#4787,9.11);
#1077=CYLINDRICAL_SURFACE('',#4794,9.11);
#1078=CYLINDRICAL_SURFACE('',#4804,9.11);
#1079=CYLINDRICAL_SURFACE('',#4812,9.11);
#1080=CYLINDRICAL_SURFACE('',#4823,9.11);
#1081=CYLINDRICAL_SURFACE('',#4841,9.1);
#1082=CYLINDRICAL_SURFACE('',#4842,9.11);
#1083=CYLINDRICAL_SURFACE('',#4883,9.11);
#1084=CYLINDRICAL_SURFACE('',#4884,9.1);
#1085=CYLINDRICAL_SURFACE('',#4885,7.2);
#1086=CYLINDRICAL_SURFACE('',#4888,9.1);
#1087=PLANE('',#4634);
#1088=PLANE('',#4641);
#1089=PLANE('',#4645);
#1090=PLANE('',#4646);
#1091=PLANE('',#4651);
#1092=PLANE('',#4655);
#1093=PLANE('',#4660);
#1094=PLANE('',#4664);
#1095=PLANE('',#4673);
#1096=PLANE('',#4674);
#1097=PLANE('',#4675);
#1098=PLANE('',#4677);
#1099=PLANE('',#4678);
#1100=PLANE('',#4680);
#1101=PLANE('',#4681);
#1102=PLANE('',#4683);
#1103=PLANE('',#4684);
#1104=PLANE('',#4686);
#1105=PLANE('',#4687);
#1106=PLANE('',#4689);
#1107=PLANE('',#4690);
#1108=PLANE('',#4692);
#1109=PLANE('',#4693);
#1110=PLANE('',#4747);
#1111=PLANE('',#4748);
#1112=PLANE('',#4749);
#1113=PLANE('',#4750);
#1114=PLANE('',#4751);
#1115=PLANE('',#4752);
#1116=PLANE('',#4753);
#1117=PLANE('',#4754);
#1118=PLANE('',#4755);
#1119=PLANE('',#4756);
#1120=PLANE('',#4757);
#1121=PLANE('',#4769);
#1122=PLANE('',#4770);
#1123=PLANE('',#4771);
#1124=PLANE('',#4772);
#1125=PLANE('',#4773);
#1126=PLANE('',#4774);
#1127=PLANE('',#4775);
#1128=PLANE('',#4776);
#1129=PLANE('',#4777);
#1130=PLANE('',#4778);
#1131=PLANE('',#4779);
#1132=PLANE('',#4780);
#1133=PLANE('',#4781);
#1134=PLANE('',#4782);
#1135=PLANE('',#4783);
#1136=PLANE('',#4784);
#1137=PLANE('',#4785);
#1138=PLANE('',#4786);
#1139=PLANE('',#4790);
#1140=PLANE('',#4791);
#1141=PLANE('',#4792);
#1142=PLANE('',#4793);
#1143=PLANE('',#4798);
#1144=PLANE('',#4799);
#1145=PLANE('',#4800);
#1146=PLANE('',#4801);
#1147=PLANE('',#4802);
#1148=PLANE('',#4803);
#1149=PLANE('',#4807);
#1150=PLANE('',#4808);
#1151=PLANE('',#4809);
#1152=PLANE('',#4810);
#1153=PLANE('',#4811);
#1154=PLANE('',#4816);
#1155=PLANE('',#4817);
#1156=PLANE('',#4818);
#1157=PLANE('',#4819);
#1158=PLANE('',#4820);
#1159=PLANE('',#4821);
#1160=PLANE('',#4822);
#1161=PLANE('',#4828);
#1162=PLANE('',#4829);
#1163=PLANE('',#4830);
#1164=PLANE('',#4831);
#1165=PLANE('',#4832);
#1166=PLANE('',#4833);
#1167=PLANE('',#4834);
#1168=PLANE('',#4835);
#1169=PLANE('',#4836);
#1170=PLANE('',#4837);
#1171=PLANE('',#4838);
#1172=PLANE('',#4839);
#1173=PLANE('',#4840);
#1174=PLANE('',#4857);
#1175=PLANE('',#4858);
#1176=PLANE('',#4859);
#1177=PLANE('',#4860);
#1178=PLANE('',#4861);
#1179=PLANE('',#4862);
#1180=PLANE('',#4863);
#1181=PLANE('',#4864);
#1182=PLANE('',#4865);
#1183=PLANE('',#4866);
#1184=PLANE('',#4867);
#1185=PLANE('',#4868);
#1186=PLANE('',#4869);
#1187=PLANE('',#4870);
#1188=PLANE('',#4871);
#1189=PLANE('',#4872);
#1190=PLANE('',#4873);
#1191=PLANE('',#4874);
#1192=PLANE('',#4875);
#1193=PLANE('',#4876);
#1194=PLANE('',#4877);
#1195=PLANE('',#4878);
#1196=PLANE('',#4879);
#1197=PLANE('',#4880);
#1198=PLANE('',#4881);
#1199=PLANE('',#4882);
#1200=PLANE('',#4889);
#1201=PLANE('',#4890);
#1202=FACE_OUTER_BOUND('',#1455,.T.);
#1203=FACE_OUTER_BOUND('',#1456,.T.);
#1204=FACE_OUTER_BOUND('',#1457,.T.);
#1205=FACE_OUTER_BOUND('',#1458,.T.);
#1206=FACE_OUTER_BOUND('',#1459,.T.);
#1207=FACE_OUTER_BOUND('',#1460,.T.);
#1208=FACE_OUTER_BOUND('',#1461,.T.);
#1209=FACE_OUTER_BOUND('',#1463,.T.);
#1210=FACE_OUTER_BOUND('',#1465,.T.);
#1211=FACE_OUTER_BOUND('',#1466,.T.);
#1212=FACE_OUTER_BOUND('',#1468,.T.);
#1213=FACE_OUTER_BOUND('',#1469,.T.);
#1214=FACE_OUTER_BOUND('',#1471,.T.);
#1215=FACE_OUTER_BOUND('',#1472,.T.);
#1216=FACE_OUTER_BOUND('',#1474,.T.);
#1217=FACE_OUTER_BOUND('',#1475,.T.);
#1218=FACE_OUTER_BOUND('',#1477,.T.);
#1219=FACE_OUTER_BOUND('',#1479,.T.);
#1220=FACE_OUTER_BOUND('',#1480,.T.);
#1221=FACE_OUTER_BOUND('',#1481,.T.);
#1222=FACE_OUTER_BOUND('',#1482,.T.);
#1223=FACE_OUTER_BOUND('',#1483,.T.);
#1224=FACE_OUTER_BOUND('',#1484,.T.);
#1225=FACE_OUTER_BOUND('',#1485,.T.);
#1226=FACE_OUTER_BOUND('',#1486,.T.);
#1227=FACE_OUTER_BOUND('',#1487,.T.);
#1228=FACE_OUTER_BOUND('',#1488,.T.);
#1229=FACE_OUTER_BOUND('',#1489,.T.);
#1230=FACE_OUTER_BOUND('',#1490,.T.);
#1231=FACE_OUTER_BOUND('',#1491,.T.);
#1232=FACE_OUTER_BOUND('',#1492,.T.);
#1233=FACE_OUTER_BOUND('',#1493,.T.);
#1234=FACE_OUTER_BOUND('',#1494,.T.);
#1235=FACE_OUTER_BOUND('',#1495,.T.);
#1236=FACE_OUTER_BOUND('',#1496,.T.);
#1237=FACE_OUTER_BOUND('',#1497,.T.);
#1238=FACE_OUTER_BOUND('',#1509,.T.);
#1239=FACE_OUTER_BOUND('',#1511,.T.);
#1240=FACE_OUTER_BOUND('',#1512,.T.);
#1241=FACE_OUTER_BOUND('',#1513,.T.);
#1242=FACE_OUTER_BOUND('',#1514,.T.);
#1243=FACE_OUTER_BOUND('',#1515,.T.);
#1244=FACE_OUTER_BOUND('',#1516,.T.);
#1245=FACE_OUTER_BOUND('',#1517,.T.);
#1246=FACE_OUTER_BOUND('',#1518,.T.);
#1247=FACE_OUTER_BOUND('',#1519,.T.);
#1248=FACE_OUTER_BOUND('',#1520,.T.);
#1249=FACE_OUTER_BOUND('',#1521,.T.);
#1250=FACE_OUTER_BOUND('',#1522,.T.);
#1251=FACE_OUTER_BOUND('',#1523,.T.);
#1252=FACE_OUTER_BOUND('',#1524,.T.);
#1253=FACE_OUTER_BOUND('',#1525,.T.);
#1254=FACE_OUTER_BOUND('',#1526,.T.);
#1255=FACE_OUTER_BOUND('',#1527,.T.);
#1256=FACE_OUTER_BOUND('',#1528,.T.);
#1257=FACE_OUTER_BOUND('',#1529,.T.);
#1258=FACE_OUTER_BOUND('',#1530,.T.);
#1259=FACE_OUTER_BOUND('',#1531,.T.);
#1260=FACE_OUTER_BOUND('',#1532,.T.);
#1261=FACE_OUTER_BOUND('',#1533,.T.);
#1262=FACE_OUTER_BOUND('',#1534,.T.);
#1263=FACE_OUTER_BOUND('',#1535,.T.);
#1264=FACE_OUTER_BOUND('',#1536,.T.);
#1265=FACE_OUTER_BOUND('',#1537,.T.);
#1266=FACE_OUTER_BOUND('',#1538,.T.);
#1267=FACE_OUTER_BOUND('',#1539,.T.);
#1268=FACE_OUTER_BOUND('',#1540,.T.);
#1269=FACE_OUTER_BOUND('',#1541,.T.);
#1270=FACE_OUTER_BOUND('',#1542,.T.);
#1271=FACE_OUTER_BOUND('',#1543,.T.);
#1272=FACE_OUTER_BOUND('',#1544,.T.);
#1273=FACE_OUTER_BOUND('',#1545,.T.);
#1274=FACE_OUTER_BOUND('',#1546,.T.);
#1275=FACE_OUTER_BOUND('',#1547,.T.);
#1276=FACE_OUTER_BOUND('',#1548,.T.);
#1277=FACE_OUTER_BOUND('',#1549,.T.);
#1278=FACE_OUTER_BOUND('',#1550,.T.);
#1279=FACE_OUTER_BOUND('',#1551,.T.);
#1280=FACE_OUTER_BOUND('',#1552,.T.);
#1281=FACE_OUTER_BOUND('',#1553,.T.);
#1282=FACE_OUTER_BOUND('',#1554,.T.);
#1283=FACE_OUTER_BOUND('',#1555,.T.);
#1284=FACE_OUTER_BOUND('',#1556,.T.);
#1285=FACE_OUTER_BOUND('',#1557,.T.);
#1286=FACE_OUTER_BOUND('',#1558,.T.);
#1287=FACE_OUTER_BOUND('',#1559,.T.);
#1288=FACE_OUTER_BOUND('',#1560,.T.);
#1289=FACE_OUTER_BOUND('',#1561,.T.);
#1290=FACE_OUTER_BOUND('',#1562,.T.);
#1291=FACE_OUTER_BOUND('',#1563,.T.);
#1292=FACE_OUTER_BOUND('',#1564,.T.);
#1293=FACE_OUTER_BOUND('',#1565,.T.);
#1294=FACE_OUTER_BOUND('',#1566,.T.);
#1295=FACE_OUTER_BOUND('',#1567,.T.);
#1296=FACE_OUTER_BOUND('',#1568,.T.);
#1297=FACE_OUTER_BOUND('',#1569,.T.);
#1298=FACE_OUTER_BOUND('',#1570,.T.);
#1299=FACE_OUTER_BOUND('',#1571,.T.);
#1300=FACE_OUTER_BOUND('',#1572,.T.);
#1301=FACE_OUTER_BOUND('',#1573,.T.);
#1302=FACE_OUTER_BOUND('',#1574,.T.);
#1303=FACE_OUTER_BOUND('',#1575,.T.);
#1304=FACE_OUTER_BOUND('',#1576,.T.);
#1305=FACE_OUTER_BOUND('',#1577,.T.);
#1306=FACE_OUTER_BOUND('',#1578,.T.);
#1307=FACE_OUTER_BOUND('',#1579,.T.);
#1308=FACE_OUTER_BOUND('',#1580,.T.);
#1309=FACE_OUTER_BOUND('',#1581,.T.);
#1310=FACE_OUTER_BOUND('',#1582,.T.);
#1311=FACE_OUTER_BOUND('',#1583,.T.);
#1312=FACE_OUTER_BOUND('',#1584,.T.);
#1313=FACE_OUTER_BOUND('',#1585,.T.);
#1314=FACE_OUTER_BOUND('',#1586,.T.);
#1315=FACE_OUTER_BOUND('',#1587,.T.);
#1316=FACE_OUTER_BOUND('',#1588,.T.);
#1317=FACE_OUTER_BOUND('',#1589,.T.);
#1318=FACE_OUTER_BOUND('',#1590,.T.);
#1319=FACE_OUTER_BOUND('',#1591,.T.);
#1320=FACE_OUTER_BOUND('',#1592,.T.);
#1321=FACE_OUTER_BOUND('',#1593,.T.);
#1322=FACE_OUTER_BOUND('',#1594,.T.);
#1323=FACE_OUTER_BOUND('',#1595,.T.);
#1324=FACE_OUTER_BOUND('',#1596,.T.);
#1325=FACE_OUTER_BOUND('',#1597,.T.);
#1326=FACE_OUTER_BOUND('',#1598,.T.);
#1327=FACE_OUTER_BOUND('',#1599,.T.);
#1328=FACE_OUTER_BOUND('',#1600,.T.);
#1329=FACE_OUTER_BOUND('',#1601,.T.);
#1330=FACE_OUTER_BOUND('',#1602,.T.);
#1331=FACE_OUTER_BOUND('',#1603,.T.);
#1332=FACE_OUTER_BOUND('',#1604,.T.);
#1333=FACE_OUTER_BOUND('',#1605,.T.);
#1334=FACE_OUTER_BOUND('',#1606,.T.);
#1335=FACE_OUTER_BOUND('',#1607,.T.);
#1336=FACE_OUTER_BOUND('',#1608,.T.);
#1337=FACE_OUTER_BOUND('',#1609,.T.);
#1338=FACE_OUTER_BOUND('',#1610,.T.);
#1339=FACE_OUTER_BOUND('',#1611,.T.);
#1340=FACE_OUTER_BOUND('',#1612,.T.);
#1341=FACE_OUTER_BOUND('',#1613,.T.);
#1342=FACE_OUTER_BOUND('',#1614,.T.);
#1343=FACE_OUTER_BOUND('',#1615,.T.);
#1344=FACE_OUTER_BOUND('',#1616,.T.);
#1345=FACE_OUTER_BOUND('',#1617,.T.);
#1346=FACE_OUTER_BOUND('',#1618,.T.);
#1347=FACE_OUTER_BOUND('',#1619,.T.);
#1348=FACE_OUTER_BOUND('',#1620,.T.);
#1349=FACE_OUTER_BOUND('',#1621,.T.);
#1350=FACE_OUTER_BOUND('',#1622,.T.);
#1351=FACE_OUTER_BOUND('',#1623,.T.);
#1352=FACE_OUTER_BOUND('',#1624,.T.);
#1353=FACE_OUTER_BOUND('',#1625,.T.);
#1354=FACE_OUTER_BOUND('',#1626,.T.);
#1355=FACE_OUTER_BOUND('',#1627,.T.);
#1356=FACE_OUTER_BOUND('',#1628,.T.);
#1357=FACE_OUTER_BOUND('',#1629,.T.);
#1358=FACE_OUTER_BOUND('',#1630,.T.);
#1359=FACE_OUTER_BOUND('',#1631,.T.);
#1360=FACE_OUTER_BOUND('',#1632,.T.);
#1361=FACE_OUTER_BOUND('',#1633,.T.);
#1362=FACE_OUTER_BOUND('',#1634,.T.);
#1363=FACE_OUTER_BOUND('',#1635,.T.);
#1364=FACE_OUTER_BOUND('',#1636,.T.);
#1365=FACE_OUTER_BOUND('',#1637,.T.);
#1366=FACE_OUTER_BOUND('',#1638,.T.);
#1367=FACE_OUTER_BOUND('',#1639,.T.);
#1368=FACE_OUTER_BOUND('',#1640,.T.);
#1369=FACE_OUTER_BOUND('',#1641,.T.);
#1370=FACE_OUTER_BOUND('',#1643,.T.);
#1371=FACE_OUTER_BOUND('',#1644,.T.);
#1372=FACE_OUTER_BOUND('',#1645,.T.);
#1373=FACE_OUTER_BOUND('',#1646,.T.);
#1374=FACE_OUTER_BOUND('',#1647,.T.);
#1375=FACE_OUTER_BOUND('',#1648,.T.);
#1376=FACE_OUTER_BOUND('',#1649,.T.);
#1377=FACE_OUTER_BOUND('',#1650,.T.);
#1378=FACE_OUTER_BOUND('',#1651,.T.);
#1379=FACE_OUTER_BOUND('',#1652,.T.);
#1380=FACE_OUTER_BOUND('',#1653,.T.);
#1381=FACE_OUTER_BOUND('',#1654,.T.);
#1382=FACE_OUTER_BOUND('',#1655,.T.);
#1383=FACE_OUTER_BOUND('',#1656,.T.);
#1384=FACE_OUTER_BOUND('',#1657,.T.);
#1385=FACE_OUTER_BOUND('',#1658,.T.);
#1386=FACE_OUTER_BOUND('',#1659,.T.);
#1387=FACE_OUTER_BOUND('',#1660,.T.);
#1388=FACE_OUTER_BOUND('',#1661,.T.);
#1389=FACE_OUTER_BOUND('',#1662,.T.);
#1390=FACE_OUTER_BOUND('',#1663,.T.);
#1391=FACE_OUTER_BOUND('',#1664,.T.);
#1392=FACE_OUTER_BOUND('',#1665,.T.);
#1393=FACE_OUTER_BOUND('',#1666,.T.);
#1394=FACE_OUTER_BOUND('',#1667,.T.);
#1395=FACE_OUTER_BOUND('',#1668,.T.);
#1396=FACE_OUTER_BOUND('',#1669,.T.);
#1397=FACE_OUTER_BOUND('',#1670,.T.);
#1398=FACE_OUTER_BOUND('',#1671,.T.);
#1399=FACE_OUTER_BOUND('',#1672,.T.);
#1400=FACE_OUTER_BOUND('',#1673,.T.);
#1401=FACE_OUTER_BOUND('',#1674,.T.);
#1402=FACE_OUTER_BOUND('',#1675,.T.);
#1403=FACE_OUTER_BOUND('',#1676,.T.);
#1404=FACE_OUTER_BOUND('',#1677,.T.);
#1405=FACE_OUTER_BOUND('',#1678,.T.);
#1406=FACE_OUTER_BOUND('',#1679,.T.);
#1407=FACE_OUTER_BOUND('',#1680,.T.);
#1408=FACE_OUTER_BOUND('',#1681,.T.);
#1409=FACE_OUTER_BOUND('',#1682,.T.);
#1410=FACE_OUTER_BOUND('',#1683,.T.);
#1411=FACE_OUTER_BOUND('',#1684,.T.);
#1412=FACE_OUTER_BOUND('',#1685,.T.);
#1413=FACE_OUTER_BOUND('',#1686,.T.);
#1414=FACE_OUTER_BOUND('',#1687,.T.);
#1415=FACE_OUTER_BOUND('',#1688,.T.);
#1416=FACE_OUTER_BOUND('',#1689,.T.);
#1417=FACE_OUTER_BOUND('',#1690,.T.);
#1418=FACE_OUTER_BOUND('',#1691,.T.);
#1419=FACE_OUTER_BOUND('',#1692,.T.);
#1420=FACE_OUTER_BOUND('',#1693,.T.);
#1421=FACE_OUTER_BOUND('',#1694,.T.);
#1422=FACE_OUTER_BOUND('',#1695,.T.);
#1423=FACE_OUTER_BOUND('',#1696,.T.);
#1424=FACE_OUTER_BOUND('',#1697,.T.);
#1425=FACE_OUTER_BOUND('',#1698,.T.);
#1426=FACE_OUTER_BOUND('',#1699,.T.);
#1427=FACE_OUTER_BOUND('',#1700,.T.);
#1428=FACE_OUTER_BOUND('',#1701,.T.);
#1429=FACE_OUTER_BOUND('',#1702,.T.);
#1430=FACE_OUTER_BOUND('',#1703,.T.);
#1431=FACE_OUTER_BOUND('',#1704,.T.);
#1432=FACE_OUTER_BOUND('',#1705,.T.);
#1433=FACE_OUTER_BOUND('',#1706,.T.);
#1434=FACE_OUTER_BOUND('',#1708,.T.);
#1435=FACE_OUTER_BOUND('',#1709,.T.);
#1436=FACE_OUTER_BOUND('',#1710,.T.);
#1437=FACE_OUTER_BOUND('',#1711,.T.);
#1438=FACE_OUTER_BOUND('',#1712,.T.);
#1439=FACE_OUTER_BOUND('',#1713,.T.);
#1440=FACE_OUTER_BOUND('',#1714,.T.);
#1441=FACE_OUTER_BOUND('',#1715,.T.);
#1442=FACE_OUTER_BOUND('',#1716,.T.);
#1443=FACE_OUTER_BOUND('',#1717,.T.);
#1444=FACE_OUTER_BOUND('',#1718,.T.);
#1445=FACE_OUTER_BOUND('',#1719,.T.);
#1446=FACE_OUTER_BOUND('',#1720,.T.);
#1447=FACE_OUTER_BOUND('',#1721,.T.);
#1448=FACE_OUTER_BOUND('',#1722,.T.);
#1449=FACE_OUTER_BOUND('',#1723,.T.);
#1450=FACE_OUTER_BOUND('',#1724,.T.);
#1451=FACE_OUTER_BOUND('',#1725,.T.);
#1452=FACE_OUTER_BOUND('',#1726,.T.);
#1453=FACE_OUTER_BOUND('',#1727,.T.);
#1454=FACE_OUTER_BOUND('',#1729,.T.);
#1455=EDGE_LOOP('',(#2990,#2991,#2992,#2993));
#1456=EDGE_LOOP('',(#2994));
#1457=EDGE_LOOP('',(#2995,#2996,#2997,#2998));
#1458=EDGE_LOOP('',(#2999,#3000,#3001,#3002));
#1459=EDGE_LOOP('',(#3003));
#1460=EDGE_LOOP('',(#3004,#3005,#3006,#3007));
#1461=EDGE_LOOP('',(#3008));
#1462=EDGE_LOOP('',(#3009));
#1463=EDGE_LOOP('',(#3010));
#1464=EDGE_LOOP('',(#3011));
#1465=EDGE_LOOP('',(#3012,#3013,#3014,#3015));
#1466=EDGE_LOOP('',(#3016));
#1467=EDGE_LOOP('',(#3017));
#1468=EDGE_LOOP('',(#3018,#3019,#3020,#3021));
#1469=EDGE_LOOP('',(#3022));
#1470=EDGE_LOOP('',(#3023));
#1471=EDGE_LOOP('',(#3024,#3025,#3026,#3027));
#1472=EDGE_LOOP('',(#3028));
#1473=EDGE_LOOP('',(#3029));
#1474=EDGE_LOOP('',(#3030,#3031,#3032,#3033));
#1475=EDGE_LOOP('',(#3034));
#1476=EDGE_LOOP('',(#3035));
#1477=EDGE_LOOP('',(#3036,#3037,#3038,#3039,#3040,#3041,#3042,#3043,#3044,
#3045,#3046,#3047,#3048,#3049,#3050));
#1478=EDGE_LOOP('',(#3051,#3052,#3053));
#1479=EDGE_LOOP('',(#3054,#3055,#3056,#3057));
#1480=EDGE_LOOP('',(#3058,#3059,#3060,#3061));
#1481=EDGE_LOOP('',(#3062,#3063,#3064,#3065));
#1482=EDGE_LOOP('',(#3066,#3067,#3068,#3069));
#1483=EDGE_LOOP('',(#3070,#3071,#3072,#3073));
#1484=EDGE_LOOP('',(#3074,#3075,#3076,#3077));
#1485=EDGE_LOOP('',(#3078,#3079,#3080,#3081));
#1486=EDGE_LOOP('',(#3082,#3083,#3084,#3085));
#1487=EDGE_LOOP('',(#3086,#3087,#3088,#3089));
#1488=EDGE_LOOP('',(#3090,#3091,#3092,#3093));
#1489=EDGE_LOOP('',(#3094,#3095,#3096,#3097));
#1490=EDGE_LOOP('',(#3098,#3099,#3100,#3101));
#1491=EDGE_LOOP('',(#3102,#3103,#3104,#3105));
#1492=EDGE_LOOP('',(#3106,#3107,#3108,#3109));
#1493=EDGE_LOOP('',(#3110,#3111,#3112,#3113));
#1494=EDGE_LOOP('',(#3114,#3115,#3116,#3117));
#1495=EDGE_LOOP('',(#3118,#3119,#3120,#3121));
#1496=EDGE_LOOP('',(#3122,#3123,#3124,#3125));
#1497=EDGE_LOOP('',(#3126,#3127,#3128,#3129));
#1498=EDGE_LOOP('',(#3130,#3131,#3132,#3133,#3134,#3135,#3136,#3137));
#1499=EDGE_LOOP('',(#3138,#3139,#3140,#3141,#3142,#3143,#3144,#3145,#3146,
#3147,#3148,#3149,#3150,#3151,#3152,#3153,#3154,#3155,#3156,#3157,#3158,
#3159,#3160,#3161,#3162,#3163,#3164,#3165,#3166,#3167,#3168,#3169,#3170,
#3171,#3172,#3173,#3174,#3175,#3176,#3177,#3178,#3179));
#1500=EDGE_LOOP('',(#3180,#3181,#3182,#3183,#3184,#3185,#3186,#3187,#3188,
#3189,#3190,#3191,#3192,#3193,#3194,#3195));
#1501=EDGE_LOOP('',(#3196,#3197,#3198,#3199,#3200,#3201,#3202,#3203,#3204,
#3205,#3206,#3207,#3208,#3209,#3210,#3211,#3212,#3213,#3214,#3215,#3216,
#3217,#3218,#3219,#3220,#3221,#3222,#3223,#3224,#3225,#3226,#3227,#3228));
#1502=EDGE_LOOP('',(#3229,#3230,#3231,#3232,#3233,#3234,#3235));
#1503=EDGE_LOOP('',(#3236,#3237,#3238,#3239,#3240,#3241,#3242,#3243,#3244,
#3245,#3246,#3247,#3248,#3249,#3250,#3251,#3252,#3253,#3254,#3255,#3256,
#3257));
#1504=EDGE_LOOP('',(#3258,#3259,#3260,#3261));
#1505=EDGE_LOOP('',(#3262,#3263,#3264,#3265,#3266,#3267,#3268,#3269,#3270,
#3271,#3272,#3273,#3274,#3275,#3276,#3277,#3278,#3279,#3280,#3281,#3282,
#3283,#3284,#3285,#3286,#3287));
#1506=EDGE_LOOP('',(#3288,#3289,#3290,#3291,#3292,#3293,#3294,#3295,#3296,
#3297,#3298,#3299,#3300,#3301,#3302));
#1507=EDGE_LOOP('',(#3303,#3304,#3305,#3306,#3307,#3308,#3309,#3310));
#1508=EDGE_LOOP('',(#3311,#3312,#3313,#3314,#3315,#3316,#3317,#3318,#3319,
#3320,#3321,#3322,#3323,#3324,#3325));
#1509=EDGE_LOOP('',(#3326,#3327,#3328,#3329,#3330,#3331,#3332,#3333));
#1510=EDGE_LOOP('',(#3334,#3335,#3336,#3337,#3338,#3339,#3340,#3341));
#1511=EDGE_LOOP('',(#3342,#3343,#3344,#3345));
#1512=EDGE_LOOP('',(#3346,#3347,#3348,#3349));
#1513=EDGE_LOOP('',(#3350,#3351,#3352,#3353));
#1514=EDGE_LOOP('',(#3354,#3355,#3356,#3357));
#1515=EDGE_LOOP('',(#3358,#3359,#3360,#3361));
#1516=EDGE_LOOP('',(#3362,#3363,#3364,#3365));
#1517=EDGE_LOOP('',(#3366,#3367,#3368,#3369));
#1518=EDGE_LOOP('',(#3370,#3371,#3372,#3373));
#1519=EDGE_LOOP('',(#3374,#3375,#3376,#3377));
#1520=EDGE_LOOP('',(#3378,#3379,#3380,#3381));
#1521=EDGE_LOOP('',(#3382,#3383,#3384,#3385));
#1522=EDGE_LOOP('',(#3386,#3387,#3388,#3389));
#1523=EDGE_LOOP('',(#3390,#3391,#3392,#3393));
#1524=EDGE_LOOP('',(#3394,#3395,#3396,#3397));
#1525=EDGE_LOOP('',(#3398,#3399,#3400,#3401));
#1526=EDGE_LOOP('',(#3402,#3403,#3404,#3405));
#1527=EDGE_LOOP('',(#3406,#3407,#3408,#3409,#3410,#3411,#3412,#3413));
#1528=EDGE_LOOP('',(#3414,#3415,#3416,#3417,#3418,#3419,#3420,#3421,#3422,
#3423,#3424,#3425,#3426,#3427,#3428));
#1529=EDGE_LOOP('',(#3429,#3430,#3431,#3432));
#1530=EDGE_LOOP('',(#3433,#3434,#3435,#3436));
#1531=EDGE_LOOP('',(#3437,#3438,#3439,#3440));
#1532=EDGE_LOOP('',(#3441,#3442,#3443,#3444));
#1533=EDGE_LOOP('',(#3445,#3446,#3447,#3448));
#1534=EDGE_LOOP('',(#3449,#3450,#3451,#3452));
#1535=EDGE_LOOP('',(#3453,#3454,#3455,#3456));
#1536=EDGE_LOOP('',(#3457,#3458,#3459,#3460));
#1537=EDGE_LOOP('',(#3461,#3462,#3463,#3464));
#1538=EDGE_LOOP('',(#3465,#3466,#3467,#3468));
#1539=EDGE_LOOP('',(#3469,#3470,#3471,#3472));
#1540=EDGE_LOOP('',(#3473,#3474,#3475,#3476));
#1541=EDGE_LOOP('',(#3477,#3478,#3479,#3480));
#1542=EDGE_LOOP('',(#3481,#3482,#3483,#3484));
#1543=EDGE_LOOP('',(#3485,#3486,#3487,#3488));
#1544=EDGE_LOOP('',(#3489,#3490,#3491,#3492,#3493,#3494,#3495,#3496,#3497,
#3498,#3499,#3500,#3501,#3502,#3503,#3504,#3505,#3506,#3507,#3508,#3509,
#3510,#3511,#3512,#3513,#3514));
#1545=EDGE_LOOP('',(#3515,#3516,#3517,#3518));
#1546=EDGE_LOOP('',(#3519,#3520,#3521,#3522));
#1547=EDGE_LOOP('',(#3523,#3524,#3525,#3526));
#1548=EDGE_LOOP('',(#3527,#3528,#3529,#3530));
#1549=EDGE_LOOP('',(#3531,#3532,#3533,#3534));
#1550=EDGE_LOOP('',(#3535,#3536,#3537,#3538));
#1551=EDGE_LOOP('',(#3539,#3540,#3541,#3542));
#1552=EDGE_LOOP('',(#3543,#3544,#3545,#3546));
#1553=EDGE_LOOP('',(#3547,#3548,#3549,#3550));
#1554=EDGE_LOOP('',(#3551,#3552,#3553,#3554));
#1555=EDGE_LOOP('',(#3555,#3556,#3557,#3558));
#1556=EDGE_LOOP('',(#3559,#3560,#3561,#3562));
#1557=EDGE_LOOP('',(#3563,#3564,#3565,#3566));
#1558=EDGE_LOOP('',(#3567,#3568,#3569,#3570));
#1559=EDGE_LOOP('',(#3571,#3572,#3573,#3574));
#1560=EDGE_LOOP('',(#3575,#3576,#3577,#3578));
#1561=EDGE_LOOP('',(#3579,#3580,#3581,#3582));
#1562=EDGE_LOOP('',(#3583,#3584,#3585,#3586));
#1563=EDGE_LOOP('',(#3587,#3588,#3589,#3590));
#1564=EDGE_LOOP('',(#3591,#3592,#3593,#3594));
#1565=EDGE_LOOP('',(#3595,#3596,#3597,#3598));
#1566=EDGE_LOOP('',(#3599,#3600,#3601,#3602));
#1567=EDGE_LOOP('',(#3603,#3604,#3605,#3606));
#1568=EDGE_LOOP('',(#3607,#3608,#3609,#3610));
#1569=EDGE_LOOP('',(#3611,#3612,#3613,#3614));
#1570=EDGE_LOOP('',(#3615,#3616,#3617,#3618));
#1571=EDGE_LOOP('',(#3619,#3620,#3621,#3622));
#1572=EDGE_LOOP('',(#3623,#3624,#3625,#3626));
#1573=EDGE_LOOP('',(#3627,#3628,#3629,#3630));
#1574=EDGE_LOOP('',(#3631,#3632,#3633,#3634));
#1575=EDGE_LOOP('',(#3635,#3636,#3637,#3638));
#1576=EDGE_LOOP('',(#3639,#3640,#3641,#3642,#3643,#3644,#3645,#3646,#3647,
#3648,#3649,#3650,#3651,#3652,#3653,#3654,#3655,#3656,#3657,#3658,#3659,
#3660));
#1577=EDGE_LOOP('',(#3661,#3662,#3663,#3664));
#1578=EDGE_LOOP('',(#3665,#3666,#3667,#3668));
#1579=EDGE_LOOP('',(#3669,#3670,#3671,#3672));
#1580=EDGE_LOOP('',(#3673,#3674,#3675,#3676));
#1581=EDGE_LOOP('',(#3677,#3678,#3679,#3680));
#1582=EDGE_LOOP('',(#3681,#3682,#3683,#3684));
#1583=EDGE_LOOP('',(#3685,#3686,#3687,#3688));
#1584=EDGE_LOOP('',(#3689,#3690,#3691,#3692));
#1585=EDGE_LOOP('',(#3693,#3694,#3695,#3696));
#1586=EDGE_LOOP('',(#3697,#3698,#3699,#3700));
#1587=EDGE_LOOP('',(#3701,#3702,#3703,#3704));
#1588=EDGE_LOOP('',(#3705,#3706,#3707,#3708));
#1589=EDGE_LOOP('',(#3709,#3710,#3711,#3712));
#1590=EDGE_LOOP('',(#3713,#3714,#3715,#3716));
#1591=EDGE_LOOP('',(#3717,#3718,#3719,#3720));
#1592=EDGE_LOOP('',(#3721,#3722,#3723,#3724));
#1593=EDGE_LOOP('',(#3725,#3726,#3727,#3728));
#1594=EDGE_LOOP('',(#3729,#3730,#3731,#3732));
#1595=EDGE_LOOP('',(#3733,#3734,#3735,#3736));
#1596=EDGE_LOOP('',(#3737,#3738,#3739,#3740));
#1597=EDGE_LOOP('',(#3741,#3742,#3743,#3744));
#1598=EDGE_LOOP('',(#3745,#3746,#3747,#3748));
#1599=EDGE_LOOP('',(#3749,#3750,#3751,#3752,#3753,#3754,#3755));
#1600=EDGE_LOOP('',(#3756,#3757,#3758,#3759));
#1601=EDGE_LOOP('',(#3760,#3761,#3762,#3763));
#1602=EDGE_LOOP('',(#3764,#3765,#3766,#3767));
#1603=EDGE_LOOP('',(#3768,#3769,#3770,#3771));
#1604=EDGE_LOOP('',(#3772,#3773,#3774,#3775));
#1605=EDGE_LOOP('',(#3776,#3777,#3778,#3779));
#1606=EDGE_LOOP('',(#3780,#3781,#3782,#3783));
#1607=EDGE_LOOP('',(#3784,#3785,#3786,#3787,#3788,#3789,#3790,#3791,#3792,
#3793,#3794,#3795,#3796,#3797,#3798,#3799,#3800,#3801,#3802,#3803,#3804,
#3805,#3806,#3807,#3808,#3809,#3810,#3811,#3812,#3813,#3814,#3815,#3816));
#1608=EDGE_LOOP('',(#3817,#3818,#3819,#3820));
#1609=EDGE_LOOP('',(#3821,#3822,#3823,#3824));
#1610=EDGE_LOOP('',(#3825,#3826,#3827,#3828));
#1611=EDGE_LOOP('',(#3829,#3830,#3831,#3832));
#1612=EDGE_LOOP('',(#3833,#3834,#3835,#3836));
#1613=EDGE_LOOP('',(#3837,#3838,#3839,#3840));
#1614=EDGE_LOOP('',(#3841,#3842,#3843,#3844));
#1615=EDGE_LOOP('',(#3845,#3846,#3847,#3848));
#1616=EDGE_LOOP('',(#3849,#3850,#3851,#3852));
#1617=EDGE_LOOP('',(#3853,#3854,#3855,#3856));
#1618=EDGE_LOOP('',(#3857,#3858,#3859,#3860));
#1619=EDGE_LOOP('',(#3861,#3862,#3863,#3864));
#1620=EDGE_LOOP('',(#3865,#3866,#3867,#3868));
#1621=EDGE_LOOP('',(#3869,#3870,#3871,#3872));
#1622=EDGE_LOOP('',(#3873,#3874,#3875,#3876));
#1623=EDGE_LOOP('',(#3877,#3878,#3879,#3880));
#1624=EDGE_LOOP('',(#3881,#3882,#3883,#3884));
#1625=EDGE_LOOP('',(#3885,#3886,#3887,#3888));
#1626=EDGE_LOOP('',(#3889,#3890,#3891,#3892));
#1627=EDGE_LOOP('',(#3893,#3894,#3895,#3896));
#1628=EDGE_LOOP('',(#3897,#3898,#3899,#3900));
#1629=EDGE_LOOP('',(#3901,#3902,#3903,#3904));
#1630=EDGE_LOOP('',(#3905,#3906,#3907,#3908));
#1631=EDGE_LOOP('',(#3909,#3910,#3911,#3912));
#1632=EDGE_LOOP('',(#3913,#3914,#3915,#3916));
#1633=EDGE_LOOP('',(#3917,#3918,#3919,#3920));
#1634=EDGE_LOOP('',(#3921,#3922,#3923,#3924));
#1635=EDGE_LOOP('',(#3925,#3926,#3927,#3928));
#1636=EDGE_LOOP('',(#3929,#3930,#3931,#3932));
#1637=EDGE_LOOP('',(#3933,#3934,#3935,#3936));
#1638=EDGE_LOOP('',(#3937,#3938,#3939,#3940));
#1639=EDGE_LOOP('',(#3941,#3942,#3943,#3944));
#1640=EDGE_LOOP('',(#3945,#3946,#3947,#3948));
#1641=EDGE_LOOP('',(#3949,#3950,#3951,#3952,#3953,#3954,#3955,#3956,#3957,
#3958,#3959,#3960,#3961,#3962,#3963,#3964));
#1642=EDGE_LOOP('',(#3965,#3966,#3967));
#1643=EDGE_LOOP('',(#3968,#3969,#3970,#3971));
#1644=EDGE_LOOP('',(#3972,#3973,#3974,#3975));
#1645=EDGE_LOOP('',(#3976,#3977,#3978,#3979));
#1646=EDGE_LOOP('',(#3980,#3981,#3982,#3983));
#1647=EDGE_LOOP('',(#3984,#3985,#3986,#3987));
#1648=EDGE_LOOP('',(#3988,#3989,#3990,#3991));
#1649=EDGE_LOOP('',(#3992,#3993,#3994,#3995));
#1650=EDGE_LOOP('',(#3996,#3997,#3998,#3999));
#1651=EDGE_LOOP('',(#4000,#4001,#4002,#4003));
#1652=EDGE_LOOP('',(#4004,#4005,#4006,#4007));
#1653=EDGE_LOOP('',(#4008,#4009,#4010,#4011));
#1654=EDGE_LOOP('',(#4012,#4013,#4014,#4015));
#1655=EDGE_LOOP('',(#4016,#4017,#4018,#4019));
#1656=EDGE_LOOP('',(#4020,#4021,#4022,#4023));
#1657=EDGE_LOOP('',(#4024,#4025,#4026,#4027));
#1658=EDGE_LOOP('',(#4028,#4029,#4030,#4031));
#1659=EDGE_LOOP('',(#4032,#4033,#4034,#4035));
#1660=EDGE_LOOP('',(#4036,#4037,#4038,#4039));
#1661=EDGE_LOOP('',(#4040,#4041,#4042,#4043));
#1662=EDGE_LOOP('',(#4044,#4045,#4046));
#1663=EDGE_LOOP('',(#4047,#4048,#4049,#4050,#4051,#4052,#4053,#4054,#4055,
#4056,#4057,#4058,#4059,#4060,#4061,#4062,#4063,#4064,#4065,#4066,#4067,
#4068,#4069,#4070,#4071,#4072,#4073,#4074,#4075,#4076,#4077,#4078,#4079,
#4080,#4081,#4082,#4083,#4084,#4085,#4086,#4087,#4088));
#1664=EDGE_LOOP('',(#4089,#4090,#4091,#4092));
#1665=EDGE_LOOP('',(#4093,#4094,#4095,#4096));
#1666=EDGE_LOOP('',(#4097,#4098,#4099,#4100));
#1667=EDGE_LOOP('',(#4101,#4102,#4103,#4104));
#1668=EDGE_LOOP('',(#4105,#4106,#4107,#4108));
#1669=EDGE_LOOP('',(#4109,#4110,#4111,#4112));
#1670=EDGE_LOOP('',(#4113,#4114,#4115,#4116));
#1671=EDGE_LOOP('',(#4117,#4118,#4119,#4120));
#1672=EDGE_LOOP('',(#4121,#4122,#4123,#4124));
#1673=EDGE_LOOP('',(#4125,#4126,#4127,#4128));
#1674=EDGE_LOOP('',(#4129,#4130,#4131,#4132));
#1675=EDGE_LOOP('',(#4133,#4134,#4135,#4136));
#1676=EDGE_LOOP('',(#4137,#4138,#4139,#4140));
#1677=EDGE_LOOP('',(#4141,#4142,#4143,#4144));
#1678=EDGE_LOOP('',(#4145,#4146,#4147,#4148));
#1679=EDGE_LOOP('',(#4149,#4150,#4151,#4152));
#1680=EDGE_LOOP('',(#4153,#4154,#4155,#4156));
#1681=EDGE_LOOP('',(#4157,#4158,#4159,#4160));
#1682=EDGE_LOOP('',(#4161,#4162,#4163,#4164));
#1683=EDGE_LOOP('',(#4165,#4166,#4167,#4168));
#1684=EDGE_LOOP('',(#4169,#4170,#4171,#4172));
#1685=EDGE_LOOP('',(#4173,#4174,#4175,#4176));
#1686=EDGE_LOOP('',(#4177,#4178,#4179,#4180));
#1687=EDGE_LOOP('',(#4181,#4182,#4183,#4184));
#1688=EDGE_LOOP('',(#4185,#4186,#4187,#4188));
#1689=EDGE_LOOP('',(#4189,#4190,#4191,#4192));
#1690=EDGE_LOOP('',(#4193,#4194,#4195,#4196));
#1691=EDGE_LOOP('',(#4197,#4198,#4199,#4200));
#1692=EDGE_LOOP('',(#4201,#4202,#4203,#4204));
#1693=EDGE_LOOP('',(#4205,#4206,#4207,#4208));
#1694=EDGE_LOOP('',(#4209,#4210,#4211,#4212));
#1695=EDGE_LOOP('',(#4213,#4214,#4215,#4216));
#1696=EDGE_LOOP('',(#4217,#4218,#4219,#4220));
#1697=EDGE_LOOP('',(#4221,#4222,#4223,#4224));
#1698=EDGE_LOOP('',(#4225,#4226,#4227,#4228));
#1699=EDGE_LOOP('',(#4229,#4230,#4231,#4232));
#1700=EDGE_LOOP('',(#4233,#4234,#4235,#4236));
#1701=EDGE_LOOP('',(#4237,#4238,#4239,#4240));
#1702=EDGE_LOOP('',(#4241,#4242,#4243,#4244));
#1703=EDGE_LOOP('',(#4245,#4246,#4247,#4248));
#1704=EDGE_LOOP('',(#4249,#4250,#4251,#4252));
#1705=EDGE_LOOP('',(#4253,#4254,#4255,#4256));
#1706=EDGE_LOOP('',(#4257,#4258,#4259,#4260,#4261,#4262,#4263,#4264));
#1707=EDGE_LOOP('',(#4265,#4266,#4267,#4268,#4269,#4270,#4271,#4272));
#1708=EDGE_LOOP('',(#4273,#4274,#4275,#4276));
#1709=EDGE_LOOP('',(#4277,#4278,#4279,#4280));
#1710=EDGE_LOOP('',(#4281,#4282,#4283,#4284));
#1711=EDGE_LOOP('',(#4285,#4286,#4287,#4288));
#1712=EDGE_LOOP('',(#4289,#4290,#4291,#4292));
#1713=EDGE_LOOP('',(#4293,#4294,#4295,#4296));
#1714=EDGE_LOOP('',(#4297,#4298,#4299,#4300));
#1715=EDGE_LOOP('',(#4301,#4302,#4303,#4304));
#1716=EDGE_LOOP('',(#4305,#4306,#4307,#4308));
#1717=EDGE_LOOP('',(#4309,#4310,#4311,#4312));
#1718=EDGE_LOOP('',(#4313,#4314,#4315,#4316));
#1719=EDGE_LOOP('',(#4317,#4318,#4319,#4320));
#1720=EDGE_LOOP('',(#4321,#4322,#4323,#4324));
#1721=EDGE_LOOP('',(#4325,#4326,#4327,#4328));
#1722=EDGE_LOOP('',(#4329,#4330,#4331,#4332));
#1723=EDGE_LOOP('',(#4333,#4334,#4335,#4336));
#1724=EDGE_LOOP('',(#4337,#4338,#4339,#4340,#4341,#4342,#4343,#4344));
#1725=EDGE_LOOP('',(#4345,#4346,#4347,#4348));
#1726=EDGE_LOOP('',(#4349,#4350,#4351));
#1727=EDGE_LOOP('',(#4352));
#1728=EDGE_LOOP('',(#4353));
#1729=EDGE_LOOP('',(#4354));
#1730=EDGE_LOOP('',(#4355));
#1731=CIRCLE('',#4631,5.71639320225002);
#1732=CIRCLE('',#4632,0.3);
#1733=CIRCLE('',#4633,5.94);
#1734=CIRCLE('',#4636,2.5);
#1735=CIRCLE('',#4637,0.5);
#1736=CIRCLE('',#4638,3.);
#1737=CIRCLE('',#4640,3.);
#1738=CIRCLE('',#4643,7.2);
#1739=CIRCLE('',#4644,7.2);
#1740=CIRCLE('',#4648,7.2);
#1741=CIRCLE('',#4649,0.5);
#1742=CIRCLE('',#4650,7.5);
#1743=CIRCLE('',#4652,9.1);
#1744=CIRCLE('',#4654,9.1);
#1745=CIRCLE('',#4657,7.2);
#1746=CIRCLE('',#4658,0.5);
#1747=CIRCLE('',#4659,7.5);
#1748=CIRCLE('',#4661,9.1);
#1749=CIRCLE('',#4663,9.1);
#1750=CIRCLE('',#4666,9.11);
#1751=CIRCLE('',#4667,9.11);
#1752=CIRCLE('',#4668,9.11);
#1753=CIRCLE('',#4669,9.11);
#1754=CIRCLE('',#4670,9.11);
#1755=CIRCLE('',#4671,9.11);
#1756=CIRCLE('',#4672,9.11);
#1757=CIRCLE('',#4676,9.1);
#1758=CIRCLE('',#4679,9.1);
#1759=CIRCLE('',#4682,9.1);
#1760=CIRCLE('',#4685,9.1);
#1761=CIRCLE('',#4688,9.1);
#1762=CIRCLE('',#4691,9.1);
#1763=CIRCLE('',#4694,9.1);
#1764=CIRCLE('',#4696,9.1);
#1765=CIRCLE('',#4697,9.1);
#1766=CIRCLE('',#4698,9.1);
#1767=CIRCLE('',#4699,9.1);
#1768=CIRCLE('',#4700,9.1);
#1769=CIRCLE('',#4701,9.1);
#1770=CIRCLE('',#4702,9.1);
#1771=CIRCLE('',#4703,9.1);
#1772=CIRCLE('',#4704,9.1);
#1773=CIRCLE('',#4705,9.1);
#1774=CIRCLE('',#4706,9.1);
#1775=CIRCLE('',#4707,9.1);
#1776=CIRCLE('',#4708,9.1);
#1777=CIRCLE('',#4709,9.1);
#1778=CIRCLE('',#4710,9.1);
#1779=CIRCLE('',#4711,9.1);
#1780=CIRCLE('',#4712,9.1);
#1781=CIRCLE('',#4713,9.1);
#1782=CIRCLE('',#4714,9.1);
#1783=CIRCLE('',#4715,9.1);
#1784=CIRCLE('',#4716,9.1);
#1785=CIRCLE('',#4717,9.1);
#1786=CIRCLE('',#4718,9.1);
#1787=CIRCLE('',#4719,9.1);
#1788=CIRCLE('',#4720,9.1);
#1789=CIRCLE('',#4721,9.1);
#1790=CIRCLE('',#4722,9.1);
#1791=CIRCLE('',#4723,9.1);
#1792=CIRCLE('',#4724,9.1);
#1793=CIRCLE('',#4725,9.1);
#1794=CIRCLE('',#4726,9.1);
#1795=CIRCLE('',#4727,9.1);
#1796=CIRCLE('',#4728,9.1);
#1797=CIRCLE('',#4729,9.1);
#1798=CIRCLE('',#4730,9.1);
#1799=CIRCLE('',#4731,9.1);
#1800=CIRCLE('',#4732,9.1);
#1801=CIRCLE('',#4733,9.1);
#1802=CIRCLE('',#4734,9.1);
#1803=CIRCLE('',#4735,9.1);
#1804=CIRCLE('',#4736,9.1);
#1805=CIRCLE('',#4737,9.1);
#1806=CIRCLE('',#4738,9.1);
#1807=CIRCLE('',#4739,9.1);
#1808=CIRCLE('',#4743,9.11);
#1809=CIRCLE('',#4744,9.11);
#1810=CIRCLE('',#4745,9.11);
#1811=CIRCLE('',#4746,9.11);
#1812=CIRCLE('',#4759,9.11);
#1813=CIRCLE('',#4760,9.11);
#1814=CIRCLE('',#4761,9.11);
#1815=CIRCLE('',#4762,9.11);
#1816=CIRCLE('',#4763,9.11);
#1817=CIRCLE('',#4764,9.11);
#1818=CIRCLE('',#4765,9.11);
#1819=CIRCLE('',#4766,9.11);
#1820=CIRCLE('',#4767,9.11);
#1821=CIRCLE('',#4768,9.11);
#1822=CIRCLE('',#4788,9.11);
#1823=CIRCLE('',#4789,9.11);
#1824=CIRCLE('',#4795,9.11);
#1825=CIRCLE('',#4796,9.11);
#1826=CIRCLE('',#4797,9.11);
#1827=CIRCLE('',#4805,9.11);
#1828=CIRCLE('',#4806,9.11);
#1829=CIRCLE('',#4813,9.11);
#1830=CIRCLE('',#4814,9.11);
#1831=CIRCLE('',#4815,9.11);
#1832=CIRCLE('',#4824,9.11);
#1833=CIRCLE('',#4825,9.11);
#1834=CIRCLE('',#4826,9.11);
#1835=CIRCLE('',#4827,9.11);
#1836=CIRCLE('',#4843,9.11);
#1837=CIRCLE('',#4844,9.11);
#1838=CIRCLE('',#4845,9.11);
#1839=CIRCLE('',#4846,9.11);
#1840=CIRCLE('',#4847,9.11);
#1841=CIRCLE('',#4848,9.11);
#1842=CIRCLE('',#4849,9.11);
#1843=CIRCLE('',#4850,9.11);
#1844=CIRCLE('',#4851,9.11);
#1845=CIRCLE('',#4852,9.11);
#1846=CIRCLE('',#4853,9.11);
#1847=CIRCLE('',#4854,9.11);
#1848=CIRCLE('',#4855,9.11);
#1849=CIRCLE('',#4856,9.11);
#1850=CIRCLE('',#4886,7.2);
#1851=CIRCLE('',#4887,7.2);
#1852=VERTEX_POINT('',#5753);
#1853=VERTEX_POINT('',#5755);
#1854=VERTEX_POINT('',#5760);
#1855=VERTEX_POINT('',#5762);
#1856=VERTEX_POINT('',#5766);
#1857=VERTEX_POINT('',#5771);
#1858=VERTEX_POINT('',#5773);
#1859=VERTEX_POINT('',#5779);
#1860=VERTEX_POINT('',#5781);
#1861=VERTEX_POINT('',#5785);
#1862=VERTEX_POINT('',#5788);
#1863=VERTEX_POINT('',#5793);
#1864=VERTEX_POINT('',#5795);
#1865=VERTEX_POINT('',#5799);
#1866=VERTEX_POINT('',#5802);
#1867=VERTEX_POINT('',#5807);
#1868=VERTEX_POINT('',#5808);
#1869=VERTEX_POINT('',#5810);
#1870=VERTEX_POINT('',#5812);
#1871=VERTEX_POINT('',#5814);
#1872=VERTEX_POINT('',#5816);
#1873=VERTEX_POINT('',#5818);
#1874=VERTEX_POINT('',#5820);
#1875=VERTEX_POINT('',#5822);
#1876=VERTEX_POINT('',#5824);
#1877=VERTEX_POINT('',#5826);
#1878=VERTEX_POINT('',#5828);
#1879=VERTEX_POINT('',#5830);
#1880=VERTEX_POINT('',#5835);
#1881=VERTEX_POINT('',#5837);
#1882=VERTEX_POINT('',#5840);
#1883=VERTEX_POINT('',#5841);
#1884=VERTEX_POINT('',#5846);
#1885=VERTEX_POINT('',#5868);
#1886=VERTEX_POINT('',#5869);
#1887=VERTEX_POINT('',#5877);
#1888=VERTEX_POINT('',#5901);
#1889=VERTEX_POINT('',#5902);
#1890=VERTEX_POINT('',#5907);
#1891=VERTEX_POINT('',#5911);
#1892=VERTEX_POINT('',#5915);
#1893=VERTEX_POINT('',#5919);
#1894=VERTEX_POINT('',#5923);
#1895=VERTEX_POINT('',#5927);
#1896=VERTEX_POINT('',#5931);
#1897=VERTEX_POINT('',#5935);
#1898=VERTEX_POINT('',#5939);
#1899=VERTEX_POINT('',#5943);
#1900=VERTEX_POINT('',#5962);
#1901=VERTEX_POINT('',#5969);
#1902=VERTEX_POINT('',#5973);
#1903=VERTEX_POINT('',#5979);
#1904=VERTEX_POINT('',#5981);
#1905=VERTEX_POINT('',#5984);
#1906=VERTEX_POINT('',#5985);
#1907=VERTEX_POINT('',#5991);
#1908=VERTEX_POINT('',#5997);
#1909=VERTEX_POINT('',#6003);
#1910=VERTEX_POINT('',#6009);
#1911=VERTEX_POINT('',#6015);
#1912=VERTEX_POINT('',#6021);
#1913=VERTEX_POINT('',#6032);
#1914=VERTEX_POINT('',#6033);
#1915=VERTEX_POINT('',#6035);
#1916=VERTEX_POINT('',#6037);
#1917=VERTEX_POINT('',#6043);
#1918=VERTEX_POINT('',#6049);
#1919=VERTEX_POINT('',#6055);
#1920=VERTEX_POINT('',#6061);
#1921=VERTEX_POINT('',#6063);
#1922=VERTEX_POINT('',#6069);
#1923=VERTEX_POINT('',#6075);
#1924=VERTEX_POINT('',#6081);
#1925=VERTEX_POINT('',#6087);
#1926=VERTEX_POINT('',#6089);
#1927=VERTEX_POINT('',#6091);
#1928=VERTEX_POINT('',#6093);
#1929=VERTEX_POINT('',#6095);
#1930=VERTEX_POINT('',#6097);
#1931=VERTEX_POINT('',#6099);
#1932=VERTEX_POINT('',#6101);
#1933=VERTEX_POINT('',#6107);
#1934=VERTEX_POINT('',#6113);
#1935=VERTEX_POINT('',#6119);
#1936=VERTEX_POINT('',#6125);
#1937=VERTEX_POINT('',#6127);
#1938=VERTEX_POINT('',#6129);
#1939=VERTEX_POINT('',#6131);
#1940=VERTEX_POINT('',#6133);
#1941=VERTEX_POINT('',#6135);
#1942=VERTEX_POINT('',#6137);
#1943=VERTEX_POINT('',#6139);
#1944=VERTEX_POINT('',#6145);
#1945=VERTEX_POINT('',#6151);
#1946=VERTEX_POINT('',#6157);
#1947=VERTEX_POINT('',#6163);
#1948=VERTEX_POINT('',#6165);
#1949=VERTEX_POINT('',#6167);
#1950=VERTEX_POINT('',#6169);
#1951=VERTEX_POINT('',#6171);
#1952=VERTEX_POINT('',#6173);
#1953=VERTEX_POINT('',#6175);
#1954=VERTEX_POINT('',#6177);
#1955=VERTEX_POINT('',#6180);
#1956=VERTEX_POINT('',#6181);
#1957=VERTEX_POINT('',#6186);
#1958=VERTEX_POINT('',#6188);
#1959=VERTEX_POINT('',#6193);
#1960=VERTEX_POINT('',#6195);
#1961=VERTEX_POINT('',#6197);
#1962=VERTEX_POINT('',#6199);
#1963=VERTEX_POINT('',#6201);
#1964=VERTEX_POINT('',#6203);
#1965=VERTEX_POINT('',#6208);
#1966=VERTEX_POINT('',#6210);
#1967=VERTEX_POINT('',#6215);
#1968=VERTEX_POINT('',#6217);
#1969=VERTEX_POINT('',#6219);
#1970=VERTEX_POINT('',#6221);
#1971=VERTEX_POINT('',#6224);
#1972=VERTEX_POINT('',#6225);
#1973=VERTEX_POINT('',#6231);
#1974=VERTEX_POINT('',#6237);
#1975=VERTEX_POINT('',#6239);
#1976=VERTEX_POINT('',#6241);
#1977=VERTEX_POINT('',#6246);
#1978=VERTEX_POINT('',#6252);
#1979=VERTEX_POINT('',#6258);
#1980=VERTEX_POINT('',#6264);
#1981=VERTEX_POINT('',#6270);
#1982=VERTEX_POINT('',#6276);
#1983=VERTEX_POINT('',#6282);
#1984=VERTEX_POINT('',#6284);
#1985=VERTEX_POINT('',#6286);
#1986=VERTEX_POINT('',#6288);
#1987=VERTEX_POINT('',#6294);
#1988=VERTEX_POINT('',#6300);
#1989=VERTEX_POINT('',#6306);
#1990=VERTEX_POINT('',#6312);
#1991=VERTEX_POINT('',#6318);
#1992=VERTEX_POINT('',#6324);
#1993=VERTEX_POINT('',#6329);
#1994=VERTEX_POINT('',#6331);
#1995=VERTEX_POINT('',#6333);
#1996=VERTEX_POINT('',#6339);
#1997=VERTEX_POINT('',#6345);
#1998=VERTEX_POINT('',#6351);
#1999=VERTEX_POINT('',#6357);
#2000=VERTEX_POINT('',#6363);
#2001=VERTEX_POINT('',#6369);
#2002=VERTEX_POINT('',#6375);
#2003=VERTEX_POINT('',#6381);
#2004=VERTEX_POINT('',#6392);
#2005=VERTEX_POINT('',#6393);
#2006=VERTEX_POINT('',#6399);
#2007=VERTEX_POINT('',#6401);
#2008=VERTEX_POINT('',#6407);
#2009=VERTEX_POINT('',#6409);
#2010=VERTEX_POINT('',#6411);
#2011=VERTEX_POINT('',#6414);
#2012=VERTEX_POINT('',#6415);
#2013=VERTEX_POINT('',#6417);
#2014=VERTEX_POINT('',#6419);
#2015=VERTEX_POINT('',#6421);
#2016=VERTEX_POINT('',#6427);
#2017=VERTEX_POINT('',#6432);
#2018=VERTEX_POINT('',#6438);
#2019=VERTEX_POINT('',#6444);
#2020=VERTEX_POINT('',#6450);
#2021=VERTEX_POINT('',#6456);
#2022=VERTEX_POINT('',#6462);
#2023=VERTEX_POINT('',#6468);
#2024=VERTEX_POINT('',#6473);
#2025=VERTEX_POINT('',#6475);
#2026=VERTEX_POINT('',#6477);
#2027=VERTEX_POINT('',#6483);
#2028=VERTEX_POINT('',#6489);
#2029=VERTEX_POINT('',#6495);
#2030=VERTEX_POINT('',#6501);
#2031=VERTEX_POINT('',#6507);
#2032=VERTEX_POINT('',#6512);
#2033=VERTEX_POINT('',#6519);
#2034=VERTEX_POINT('',#6520);
#2035=VERTEX_POINT('',#6522);
#2036=VERTEX_POINT('',#6524);
#2037=VERTEX_POINT('',#6527);
#2038=VERTEX_POINT('',#6528);
#2039=VERTEX_POINT('',#6530);
#2040=VERTEX_POINT('',#6532);
#2041=VERTEX_POINT('',#6538);
#2042=VERTEX_POINT('',#6544);
#2043=VERTEX_POINT('',#6550);
#2044=VERTEX_POINT('',#6556);
#2045=VERTEX_POINT('',#6558);
#2046=VERTEX_POINT('',#6560);
#2047=VERTEX_POINT('',#6562);
#2048=VERTEX_POINT('',#6564);
#2049=VERTEX_POINT('',#6566);
#2050=VERTEX_POINT('',#6568);
#2051=VERTEX_POINT('',#6570);
#2052=VERTEX_POINT('',#6576);
#2053=VERTEX_POINT('',#6582);
#2054=VERTEX_POINT('',#6588);
#2055=VERTEX_POINT('',#6594);
#2056=VERTEX_POINT('',#6596);
#2057=VERTEX_POINT('',#6598);
#2058=VERTEX_POINT('',#6600);
#2059=VERTEX_POINT('',#6602);
#2060=VERTEX_POINT('',#6604);
#2061=VERTEX_POINT('',#6606);
#2062=VERTEX_POINT('',#6608);
#2063=VERTEX_POINT('',#6611);
#2064=VERTEX_POINT('',#6612);
#2065=VERTEX_POINT('',#6617);
#2066=VERTEX_POINT('',#6619);
#2067=VERTEX_POINT('',#6624);
#2068=VERTEX_POINT('',#6626);
#2069=VERTEX_POINT('',#6628);
#2070=VERTEX_POINT('',#6630);
#2071=VERTEX_POINT('',#6632);
#2072=VERTEX_POINT('',#6634);
#2073=VERTEX_POINT('',#6639);
#2074=VERTEX_POINT('',#6644);
#2075=VERTEX_POINT('',#6646);
#2076=VERTEX_POINT('',#6648);
#2077=VERTEX_POINT('',#6650);
#2078=VERTEX_POINT('',#6653);
#2079=VERTEX_POINT('',#6654);
#2080=VERTEX_POINT('',#6660);
#2081=VERTEX_POINT('',#6666);
#2082=VERTEX_POINT('',#6672);
#2083=VERTEX_POINT('',#6678);
#2084=VERTEX_POINT('',#6684);
#2085=VERTEX_POINT('',#6690);
#2086=VERTEX_POINT('',#6702);
#2087=VERTEX_POINT('',#6703);
#2088=VERTEX_POINT('',#6709);
#2089=VERTEX_POINT('',#6715);
#2090=VERTEX_POINT('',#6721);
#2091=VERTEX_POINT('',#6727);
#2092=VERTEX_POINT('',#6733);
#2093=VERTEX_POINT('',#6739);
#2094=VERTEX_POINT('',#6750);
#2095=VERTEX_POINT('',#6751);
#2096=VERTEX_POINT('',#6757);
#2097=VERTEX_POINT('',#6763);
#2098=VERTEX_POINT('',#6769);
#2099=VERTEX_POINT('',#6775);
#2100=VERTEX_POINT('',#6781);
#2101=VERTEX_POINT('',#6787);
#2102=VERTEX_POINT('',#6986);
#2103=VERTEX_POINT('',#6987);
#2104=VERTEX_POINT('',#7015);
#2105=VERTEX_POINT('',#7042);
#2106=VERTEX_POINT('',#7069);
#2107=VERTEX_POINT('',#7096);
#2108=VERTEX_POINT('',#7123);
#2109=VERTEX_POINT('',#7150);
#2110=VERTEX_POINT('',#7184);
#2111=VERTEX_POINT('',#7185);
#2112=VERTEX_POINT('',#7190);
#2113=VERTEX_POINT('',#7192);
#2114=VERTEX_POINT('',#7194);
#2115=VERTEX_POINT('',#7196);
#2116=VERTEX_POINT('',#7198);
#2117=VERTEX_POINT('',#7200);
#2118=VERTEX_POINT('',#7205);
#2119=VERTEX_POINT('',#7210);
#2120=VERTEX_POINT('',#7212);
#2121=VERTEX_POINT('',#7214);
#2122=VERTEX_POINT('',#7216);
#2123=VERTEX_POINT('',#7218);
#2124=VERTEX_POINT('',#7220);
#2125=VERTEX_POINT('',#7317);
#2126=VERTEX_POINT('',#7318);
#2127=VERTEX_POINT('',#7320);
#2128=VERTEX_POINT('',#7322);
#2129=VERTEX_POINT('',#7324);
#2130=VERTEX_POINT('',#7326);
#2131=VERTEX_POINT('',#7328);
#2132=VERTEX_POINT('',#7330);
#2133=VERTEX_POINT('',#7332);
#2134=VERTEX_POINT('',#7334);
#2135=VERTEX_POINT('',#7336);
#2136=VERTEX_POINT('',#7338);
#2137=VERTEX_POINT('',#7344);
#2138=VERTEX_POINT('',#7350);
#2139=VERTEX_POINT('',#7356);
#2140=VERTEX_POINT('',#7362);
#2141=VERTEX_POINT('',#7364);
#2142=VERTEX_POINT('',#7366);
#2143=VERTEX_POINT('',#7368);
#2144=VERTEX_POINT('',#7370);
#2145=VERTEX_POINT('',#7372);
#2146=VERTEX_POINT('',#7374);
#2147=VERTEX_POINT('',#7376);
#2148=VERTEX_POINT('',#7382);
#2149=VERTEX_POINT('',#7388);
#2150=VERTEX_POINT('',#7394);
#2151=VERTEX_POINT('',#7606);
#2152=VERTEX_POINT('',#7607);
#2153=VERTEX_POINT('',#7609);
#2154=VERTEX_POINT('',#7611);
#2155=VERTEX_POINT('',#7623);
#2156=VERTEX_POINT('',#7624);
#2157=VERTEX_POINT('',#7626);
#2158=VERTEX_POINT('',#7628);
#2159=VERTEX_POINT('',#7634);
#2160=VERTEX_POINT('',#7639);
#2161=VERTEX_POINT('',#7645);
#2162=VERTEX_POINT('',#7651);
#2163=VERTEX_POINT('',#7657);
#2164=VERTEX_POINT('',#7663);
#2165=VERTEX_POINT('',#7669);
#2166=VERTEX_POINT('',#7671);
#2167=VERTEX_POINT('',#7673);
#2168=VERTEX_POINT('',#7678);
#2169=VERTEX_POINT('',#7684);
#2170=VERTEX_POINT('',#7690);
#2171=VERTEX_POINT('',#7696);
#2172=VERTEX_POINT('',#7702);
#2173=VERTEX_POINT('',#7708);
#2174=VERTEX_POINT('',#7714);
#2175=VERTEX_POINT('',#7719);
#2176=VERTEX_POINT('',#7725);
#2177=VERTEX_POINT('',#8065);
#2178=VERTEX_POINT('',#8066);
#2179=VERTEX_POINT('',#8072);
#2180=VERTEX_POINT('',#8074);
#2181=VERTEX_POINT('',#8076);
#2182=VERTEX_POINT('',#8078);
#2183=VERTEX_POINT('',#8080);
#2184=VERTEX_POINT('',#8140);
#2185=VERTEX_POINT('',#8141);
#2186=VERTEX_POINT('',#8147);
#2187=VERTEX_POINT('',#8153);
#2188=VERTEX_POINT('',#8159);
#2189=VERTEX_POINT('',#8165);
#2190=VERTEX_POINT('',#8171);
#2191=VERTEX_POINT('',#8177);
#2192=VERTEX_POINT('',#8183);
#2193=VERTEX_POINT('',#8189);
#2194=VERTEX_POINT('',#8195);
#2195=VERTEX_POINT('',#8201);
#2196=VERTEX_POINT('',#8207);
#2197=VERTEX_POINT('',#8209);
#2198=VERTEX_POINT('',#8211);
#2199=VERTEX_POINT('',#8216);
#2200=VERTEX_POINT('',#8222);
#2201=VERTEX_POINT('',#8228);
#2202=VERTEX_POINT('',#8234);
#2203=VERTEX_POINT('',#8240);
#2204=VERTEX_POINT('',#8246);
#2205=VERTEX_POINT('',#8252);
#2206=VERTEX_POINT('',#8254);
#2207=VERTEX_POINT('',#8256);
#2208=VERTEX_POINT('',#8258);
#2209=VERTEX_POINT('',#8264);
#2210=VERTEX_POINT('',#8270);
#2211=VERTEX_POINT('',#8276);
#2212=VERTEX_POINT('',#8282);
#2213=VERTEX_POINT('',#8288);
#2214=VERTEX_POINT('',#8294);
#2215=VERTEX_POINT('',#8299);
#2216=VERTEX_POINT('',#8301);
#2217=VERTEX_POINT('',#8861);
#2218=VERTEX_POINT('',#8862);
#2219=VERTEX_POINT('',#8867);
#2220=VERTEX_POINT('',#8869);
#2221=VERTEX_POINT('',#8871);
#2222=VERTEX_POINT('',#8873);
#2223=VERTEX_POINT('',#8875);
#2224=VERTEX_POINT('',#8877);
#2225=VERTEX_POINT('',#8882);
#2226=VERTEX_POINT('',#8884);
#2227=VERTEX_POINT('',#8889);
#2228=VERTEX_POINT('',#8891);
#2229=VERTEX_POINT('',#8893);
#2230=VERTEX_POINT('',#8895);
#2231=VERTEX_POINT('',#8897);
#2232=VERTEX_POINT('',#8899);
#2233=VERTEX_POINT('',#8905);
#2234=VERTEX_POINT('',#8906);
#2235=VERTEX_POINT('',#8911);
#2236=VERTEX_POINT('',#9025);
#2237=VERTEX_POINT('',#9026);
#2238=VERTEX_POINT('',#9034);
#2239=VERTEX_POINT('',#9059);
#2240=VERTEX_POINT('',#9060);
#2241=VERTEX_POINT('',#9062);
#2242=VERTEX_POINT('',#9064);
#2243=VERTEX_POINT('',#9066);
#2244=VERTEX_POINT('',#9068);
#2245=VERTEX_POINT('',#9070);
#2246=VERTEX_POINT('',#9072);
#2247=VERTEX_POINT('',#9074);
#2248=VERTEX_POINT('',#9076);
#2249=VERTEX_POINT('',#9078);
#2250=VERTEX_POINT('',#9080);
#2251=VERTEX_POINT('',#9086);
#2252=VERTEX_POINT('',#9092);
#2253=VERTEX_POINT('',#9098);
#2254=VERTEX_POINT('',#9104);
#2255=VERTEX_POINT('',#9106);
#2256=VERTEX_POINT('',#9108);
#2257=VERTEX_POINT('',#9110);
#2258=VERTEX_POINT('',#9112);
#2259=VERTEX_POINT('',#9114);
#2260=VERTEX_POINT('',#9116);
#2261=VERTEX_POINT('',#9118);
#2262=VERTEX_POINT('',#9124);
#2263=VERTEX_POINT('',#9130);
#2264=VERTEX_POINT('',#9136);
#2265=VERTEX_POINT('',#9142);
#2266=VERTEX_POINT('',#9144);
#2267=VERTEX_POINT('',#9146);
#2268=VERTEX_POINT('',#9148);
#2269=VERTEX_POINT('',#9150);
#2270=VERTEX_POINT('',#9152);
#2271=VERTEX_POINT('',#9154);
#2272=VERTEX_POINT('',#9156);
#2273=VERTEX_POINT('',#9162);
#2274=VERTEX_POINT('',#9168);
#2275=VERTEX_POINT('',#9174);
#2276=VERTEX_POINT('',#9180);
#2277=VERTEX_POINT('',#9182);
#2278=VERTEX_POINT('',#9188);
#2279=VERTEX_POINT('',#9194);
#2280=VERTEX_POINT('',#9200);
#2281=VERTEX_POINT('',#9596);
#2282=VERTEX_POINT('',#9597);
#2283=VERTEX_POINT('',#9603);
#2284=VERTEX_POINT('',#9609);
#2285=VERTEX_POINT('',#9615);
#2286=VERTEX_POINT('',#9621);
#2287=VERTEX_POINT('',#9627);
#2288=VERTEX_POINT('',#9633);
#2289=VERTEX_POINT('',#9644);
#2290=VERTEX_POINT('',#9645);
#2291=VERTEX_POINT('',#9651);
#2292=VERTEX_POINT('',#9657);
#2293=VERTEX_POINT('',#9663);
#2294=VERTEX_POINT('',#9669);
#2295=VERTEX_POINT('',#9675);
#2296=VERTEX_POINT('',#9681);
#2297=VERTEX_POINT('',#9880);
#2298=VERTEX_POINT('',#9881);
#2299=VERTEX_POINT('',#9909);
#2300=VERTEX_POINT('',#9936);
#2301=VERTEX_POINT('',#9963);
#2302=VERTEX_POINT('',#9990);
#2303=VERTEX_POINT('',#10017);
#2304=VERTEX_POINT('',#10044);
#2305=VERTEX_POINT('',#10078);
#2306=VERTEX_POINT('',#10080);
#2307=EDGE_CURVE('',#1852,#1852,#1731,.T.);
#2308=EDGE_CURVE('',#1852,#1853,#1732,.T.);
#2309=EDGE_CURVE('',#1853,#1853,#1733,.T.);
#2310=EDGE_CURVE('',#1854,#1854,#1734,.T.);
#2311=EDGE_CURVE('',#1854,#1855,#1735,.T.);
#2312=EDGE_CURVE('',#1855,#1855,#1736,.T.);
#2313=EDGE_CURVE('',#1855,#1856,#394,.T.);
#2314=EDGE_CURVE('',#1856,#1856,#1737,.T.);
#2315=EDGE_CURVE('',#1857,#1857,#1738,.T.);
#2316=EDGE_CURVE('',#1857,#1858,#395,.T.);
#2317=EDGE_CURVE('',#1858,#1858,#1739,.T.);
#2318=EDGE_CURVE('',#1859,#1859,#1740,.T.);
#2319=EDGE_CURVE('',#1859,#1860,#1741,.T.);
#2320=EDGE_CURVE('',#1860,#1860,#1742,.T.);
#2321=EDGE_CURVE('',#1861,#1861,#1743,.T.);
#2322=EDGE_CURVE('',#1861,#1862,#396,.T.);
#2323=EDGE_CURVE('',#1862,#1862,#1744,.T.);
#2324=EDGE_CURVE('',#1863,#1863,#1745,.T.);
#2325=EDGE_CURVE('',#1863,#1864,#1746,.T.);
#2326=EDGE_CURVE('',#1864,#1864,#1747,.T.);
#2327=EDGE_CURVE('',#1865,#1865,#1748,.T.);
#2328=EDGE_CURVE('',#1865,#1866,#397,.T.);
#2329=EDGE_CURVE('',#1866,#1866,#1749,.T.);
#2330=EDGE_CURVE('',#1867,#1868,#398,.T.);
#2331=EDGE_CURVE('',#1869,#1867,#1750,.T.);
#2332=EDGE_CURVE('',#1870,#1869,#399,.T.);
#2333=EDGE_CURVE('',#1871,#1870,#1751,.T.);
#2334=EDGE_CURVE('',#1872,#1871,#400,.T.);
#2335=EDGE_CURVE('',#1873,#1872,#1752,.T.);
#2336=EDGE_CURVE('',#1874,#1873,#401,.T.);
#2337=EDGE_CURVE('',#1875,#1874,#1753,.T.);
#2338=EDGE_CURVE('',#1876,#1875,#402,.T.);
#2339=EDGE_CURVE('',#1877,#1876,#1754,.T.);
#2340=EDGE_CURVE('',#1878,#1877,#403,.T.);
#2341=EDGE_CURVE('',#1879,#1878,#126,.T.);
#2342=EDGE_CURVE('',#1880,#1879,#1755,.T.);
#2343=EDGE_CURVE('',#1881,#1880,#404,.T.);
#2344=EDGE_CURVE('',#1868,#1881,#1756,.T.);
#2345=EDGE_CURVE('',#1882,#1883,#127,.T.);
#2346=EDGE_CURVE('',#1884,#1882,#405,.T.);
#2347=EDGE_CURVE('',#1883,#1884,#128,.T.);
#2348=EDGE_CURVE('',#1885,#1886,#129,.T.);
#2349=EDGE_CURVE('',#1885,#1882,#406,.T.);
#2350=EDGE_CURVE('',#1886,#1883,#407,.T.);
#2351=EDGE_CURVE('',#1887,#1885,#408,.T.);
#2352=EDGE_CURVE('',#1887,#1884,#409,.T.);
#2353=EDGE_CURVE('',#1886,#1887,#130,.T.);
#2354=EDGE_CURVE('',#1888,#1889,#410,.T.);
#2355=EDGE_CURVE('',#1888,#1867,#411,.T.);
#2356=EDGE_CURVE('',#1889,#1868,#412,.T.);
#2357=EDGE_CURVE('',#1890,#1888,#1757,.T.);
#2358=EDGE_CURVE('',#1890,#1869,#413,.T.);
#2359=EDGE_CURVE('',#1891,#1890,#414,.T.);
#2360=EDGE_CURVE('',#1891,#1870,#415,.T.);
#2361=EDGE_CURVE('',#1892,#1891,#1758,.T.);
#2362=EDGE_CURVE('',#1892,#1871,#416,.T.);
#2363=EDGE_CURVE('',#1893,#1892,#417,.T.);
#2364=EDGE_CURVE('',#1893,#1872,#418,.T.);
#2365=EDGE_CURVE('',#1894,#1893,#1759,.T.);
#2366=EDGE_CURVE('',#1894,#1873,#419,.T.);
#2367=EDGE_CURVE('',#1895,#1894,#420,.T.);
#2368=EDGE_CURVE('',#1895,#1874,#421,.T.);
#2369=EDGE_CURVE('',#1896,#1895,#1760,.T.);
#2370=EDGE_CURVE('',#1896,#1875,#422,.T.);
#2371=EDGE_CURVE('',#1897,#1896,#423,.T.);
#2372=EDGE_CURVE('',#1897,#1876,#424,.T.);
#2373=EDGE_CURVE('',#1898,#1897,#1761,.T.);
#2374=EDGE_CURVE('',#1898,#1877,#425,.T.);
#2375=EDGE_CURVE('',#1899,#1898,#426,.T.);
#2376=EDGE_CURVE('',#1899,#1878,#427,.T.);
#2377=EDGE_CURVE('',#1900,#1899,#131,.T.);
#2378=EDGE_CURVE('',#1900,#1879,#428,.T.);
#2379=EDGE_CURVE('',#1901,#1900,#1762,.T.);
#2380=EDGE_CURVE('',#1901,#1880,#429,.T.);
#2381=EDGE_CURVE('',#1902,#1901,#430,.T.);
#2382=EDGE_CURVE('',#1902,#1881,#431,.T.);
#2383=EDGE_CURVE('',#1889,#1902,#1763,.T.);
#2384=EDGE_CURVE('',#1903,#1903,#1764,.T.);
#2385=EDGE_CURVE('',#1903,#1904,#432,.T.);
#2386=EDGE_CURVE('',#1904,#1904,#1765,.T.);
#2387=EDGE_CURVE('',#1905,#1906,#132,.T.);
#2388=EDGE_CURVE('',#1906,#1907,#133,.T.);
#2389=EDGE_CURVE('',#1907,#1908,#134,.T.);
#2390=EDGE_CURVE('',#1908,#1909,#135,.T.);
#2391=EDGE_CURVE('',#1909,#1910,#136,.T.);
#2392=EDGE_CURVE('',#1910,#1911,#137,.T.);
#2393=EDGE_CURVE('',#1911,#1912,#138,.T.);
#2394=EDGE_CURVE('',#1912,#1905,#139,.T.);
#2395=EDGE_CURVE('',#1913,#1914,#433,.T.);
#2396=EDGE_CURVE('',#1914,#1915,#1766,.T.);
#2397=EDGE_CURVE('',#1915,#1916,#140,.T.);
#2398=EDGE_CURVE('',#1916,#1917,#141,.T.);
#2399=EDGE_CURVE('',#1917,#1918,#142,.T.);
#2400=EDGE_CURVE('',#1918,#1919,#143,.T.);
#2401=EDGE_CURVE('',#1919,#1920,#434,.T.);
#2402=EDGE_CURVE('',#1920,#1921,#144,.T.);
#2403=EDGE_CURVE('',#1921,#1922,#145,.T.);
#2404=EDGE_CURVE('',#1922,#1923,#146,.T.);
#2405=EDGE_CURVE('',#1923,#1924,#147,.T.);
#2406=EDGE_CURVE('',#1924,#1925,#1767,.T.);
#2407=EDGE_CURVE('',#1925,#1926,#435,.T.);
#2408=EDGE_CURVE('',#1926,#1927,#1768,.T.);
#2409=EDGE_CURVE('',#1927,#1928,#436,.T.);
#2410=EDGE_CURVE('',#1928,#1929,#1769,.T.);
#2411=EDGE_CURVE('',#1929,#1930,#437,.T.);
#2412=EDGE_CURVE('',#1930,#1931,#1770,.T.);
#2413=EDGE_CURVE('',#1931,#1932,#148,.T.);
#2414=EDGE_CURVE('',#1932,#1933,#149,.T.);
#2415=EDGE_CURVE('',#1933,#1934,#150,.T.);
#2416=EDGE_CURVE('',#1934,#1935,#151,.T.);
#2417=EDGE_CURVE('',#1935,#1936,#1771,.T.);
#2418=EDGE_CURVE('',#1936,#1937,#438,.T.);
#2419=EDGE_CURVE('',#1937,#1938,#1772,.T.);
#2420=EDGE_CURVE('',#1938,#1939,#439,.T.);
#2421=EDGE_CURVE('',#1939,#1940,#1773,.T.);
#2422=EDGE_CURVE('',#1940,#1941,#440,.T.);
#2423=EDGE_CURVE('',#1941,#1942,#1774,.T.);
#2424=EDGE_CURVE('',#1942,#1943,#152,.T.);
#2425=EDGE_CURVE('',#1943,#1944,#153,.T.);
#2426=EDGE_CURVE('',#1944,#1945,#154,.T.);
#2427=EDGE_CURVE('',#1945,#1946,#155,.T.);
#2428=EDGE_CURVE('',#1946,#1947,#1775,.T.);
#2429=EDGE_CURVE('',#1947,#1948,#441,.T.);
#2430=EDGE_CURVE('',#1948,#1949,#1776,.T.);
#2431=EDGE_CURVE('',#1949,#1950,#442,.T.);
#2432=EDGE_CURVE('',#1950,#1951,#1777,.T.);
#2433=EDGE_CURVE('',#1951,#1952,#443,.T.);
#2434=EDGE_CURVE('',#1952,#1953,#1778,.T.);
#2435=EDGE_CURVE('',#1953,#1954,#444,.T.);
#2436=EDGE_CURVE('',#1954,#1913,#1779,.T.);
#2437=EDGE_CURVE('',#1955,#1956,#156,.T.);
#2438=EDGE_CURVE('',#1956,#1957,#445,.T.);
#2439=EDGE_CURVE('',#1957,#1958,#157,.T.);
#2440=EDGE_CURVE('',#1958,#1959,#446,.T.);
#2441=EDGE_CURVE('',#1959,#1960,#1780,.T.);
#2442=EDGE_CURVE('',#1960,#1961,#447,.T.);
#2443=EDGE_CURVE('',#1961,#1962,#1781,.T.);
#2444=EDGE_CURVE('',#1962,#1963,#448,.T.);
#2445=EDGE_CURVE('',#1963,#1964,#158,.T.);
#2446=EDGE_CURVE('',#1964,#1965,#449,.T.);
#2447=EDGE_CURVE('',#1965,#1966,#159,.T.);
#2448=EDGE_CURVE('',#1966,#1967,#450,.T.);
#2449=EDGE_CURVE('',#1967,#1968,#1782,.T.);
#2450=EDGE_CURVE('',#1968,#1969,#451,.T.);
#2451=EDGE_CURVE('',#1969,#1970,#1783,.T.);
#2452=EDGE_CURVE('',#1970,#1955,#452,.T.);
#2453=EDGE_CURVE('',#1971,#1972,#160,.T.);
#2454=EDGE_CURVE('',#1972,#1973,#161,.T.);
#2455=EDGE_CURVE('',#1973,#1974,#1784,.T.);
#2456=EDGE_CURVE('',#1974,#1975,#453,.T.);
#2457=EDGE_CURVE('',#1975,#1976,#162,.T.);
#2458=EDGE_CURVE('',#1976,#1977,#163,.T.);
#2459=EDGE_CURVE('',#1977,#1978,#164,.T.);
#2460=EDGE_CURVE('',#1978,#1979,#165,.T.);
#2461=EDGE_CURVE('',#1979,#1980,#166,.T.);
#2462=EDGE_CURVE('',#1980,#1981,#167,.T.);
#2463=EDGE_CURVE('',#1981,#1982,#168,.T.);
#2464=EDGE_CURVE('',#1982,#1983,#454,.T.);
#2465=EDGE_CURVE('',#1983,#1984,#1785,.T.);
#2466=EDGE_CURVE('',#1984,#1985,#455,.T.);
#2467=EDGE_CURVE('',#1985,#1986,#169,.T.);
#2468=EDGE_CURVE('',#1986,#1987,#170,.T.);
#2469=EDGE_CURVE('',#1987,#1988,#171,.T.);
#2470=EDGE_CURVE('',#1988,#1989,#172,.T.);
#2471=EDGE_CURVE('',#1989,#1990,#173,.T.);
#2472=EDGE_CURVE('',#1990,#1991,#174,.T.);
#2473=EDGE_CURVE('',#1991,#1992,#175,.T.);
#2474=EDGE_CURVE('',#1992,#1993,#456,.T.);
#2475=EDGE_CURVE('',#1993,#1994,#1786,.T.);
#2476=EDGE_CURVE('',#1994,#1995,#176,.T.);
#2477=EDGE_CURVE('',#1995,#1996,#177,.T.);
#2478=EDGE_CURVE('',#1996,#1997,#178,.T.);
#2479=EDGE_CURVE('',#1997,#1998,#179,.T.);
#2480=EDGE_CURVE('',#1998,#1999,#180,.T.);
#2481=EDGE_CURVE('',#1999,#2000,#181,.T.);
#2482=EDGE_CURVE('',#2000,#2001,#182,.T.);
#2483=EDGE_CURVE('',#2001,#2002,#183,.T.);
#2484=EDGE_CURVE('',#2002,#2003,#184,.T.);
#2485=EDGE_CURVE('',#2003,#1971,#185,.T.);
#2486=EDGE_CURVE('',#2004,#2005,#186,.T.);
#2487=EDGE_CURVE('',#2005,#2006,#457,.T.);
#2488=EDGE_CURVE('',#2006,#2007,#187,.T.);
#2489=EDGE_CURVE('',#2007,#2008,#458,.T.);
#2490=EDGE_CURVE('',#2008,#2009,#1787,.T.);
#2491=EDGE_CURVE('',#2009,#2010,#459,.T.);
#2492=EDGE_CURVE('',#2010,#2004,#1788,.T.);
#2493=EDGE_CURVE('',#2011,#2012,#1789,.T.);
#2494=EDGE_CURVE('',#2012,#2013,#460,.T.);
#2495=EDGE_CURVE('',#2013,#2014,#1790,.T.);
#2496=EDGE_CURVE('',#2014,#2015,#188,.T.);
#2497=EDGE_CURVE('',#2015,#2016,#189,.T.);
#2498=EDGE_CURVE('',#2016,#2017,#190,.T.);
#2499=EDGE_CURVE('',#2017,#2018,#191,.T.);
#2500=EDGE_CURVE('',#2018,#2019,#192,.T.);
#2501=EDGE_CURVE('',#2019,#2020,#193,.T.);
#2502=EDGE_CURVE('',#2020,#2021,#194,.T.);
#2503=EDGE_CURVE('',#2021,#2022,#195,.T.);
#2504=EDGE_CURVE('',#2022,#2023,#196,.T.);
#2505=EDGE_CURVE('',#2023,#2024,#461,.T.);
#2506=EDGE_CURVE('',#2024,#2025,#1791,.T.);
#2507=EDGE_CURVE('',#2025,#2026,#197,.T.);
#2508=EDGE_CURVE('',#2026,#2027,#198,.T.);
#2509=EDGE_CURVE('',#2027,#2028,#199,.T.);
#2510=EDGE_CURVE('',#2028,#2029,#200,.T.);
#2511=EDGE_CURVE('',#2029,#2030,#201,.T.);
#2512=EDGE_CURVE('',#2030,#2031,#202,.T.);
#2513=EDGE_CURVE('',#2031,#2032,#203,.T.);
#2514=EDGE_CURVE('',#2032,#2011,#462,.T.);
#2515=EDGE_CURVE('',#2033,#2034,#1792,.T.);
#2516=EDGE_CURVE('',#2034,#2035,#463,.T.);
#2517=EDGE_CURVE('',#2035,#2036,#1793,.T.);
#2518=EDGE_CURVE('',#2036,#2033,#464,.T.);
#2519=EDGE_CURVE('',#2037,#2038,#465,.T.);
#2520=EDGE_CURVE('',#2038,#2039,#1794,.T.);
#2521=EDGE_CURVE('',#2039,#2040,#204,.T.);
#2522=EDGE_CURVE('',#2040,#2041,#205,.T.);
#2523=EDGE_CURVE('',#2041,#2042,#206,.T.);
#2524=EDGE_CURVE('',#2042,#2043,#207,.T.);
#2525=EDGE_CURVE('',#2043,#2044,#1795,.T.);
#2526=EDGE_CURVE('',#2044,#2045,#466,.T.);
#2527=EDGE_CURVE('',#2045,#2046,#1796,.T.);
#2528=EDGE_CURVE('',#2046,#2047,#467,.T.);
#2529=EDGE_CURVE('',#2047,#2048,#1797,.T.);
#2530=EDGE_CURVE('',#2048,#2049,#468,.T.);
#2531=EDGE_CURVE('',#2049,#2050,#1798,.T.);
#2532=EDGE_CURVE('',#2050,#2051,#208,.T.);
#2533=EDGE_CURVE('',#2051,#2052,#209,.T.);
#2534=EDGE_CURVE('',#2052,#2053,#210,.T.);
#2535=EDGE_CURVE('',#2053,#2054,#211,.T.);
#2536=EDGE_CURVE('',#2054,#2055,#1799,.T.);
#2537=EDGE_CURVE('',#2055,#2056,#469,.T.);
#2538=EDGE_CURVE('',#2056,#2057,#1800,.T.);
#2539=EDGE_CURVE('',#2057,#2058,#470,.T.);
#2540=EDGE_CURVE('',#2058,#2059,#1801,.T.);
#2541=EDGE_CURVE('',#2059,#2060,#471,.T.);
#2542=EDGE_CURVE('',#2060,#2061,#1802,.T.);
#2543=EDGE_CURVE('',#2061,#2062,#472,.T.);
#2544=EDGE_CURVE('',#2062,#2037,#1803,.T.);
#2545=EDGE_CURVE('',#2063,#2064,#212,.T.);
#2546=EDGE_CURVE('',#2064,#2065,#473,.T.);
#2547=EDGE_CURVE('',#2065,#2066,#213,.T.);
#2548=EDGE_CURVE('',#2066,#2067,#474,.T.);
#2549=EDGE_CURVE('',#2067,#2068,#1804,.T.);
#2550=EDGE_CURVE('',#2068,#2069,#475,.T.);
#2551=EDGE_CURVE('',#2069,#2070,#1805,.T.);
#2552=EDGE_CURVE('',#2070,#2071,#476,.T.);
#2553=EDGE_CURVE('',#2071,#2072,#214,.T.);
#2554=EDGE_CURVE('',#2072,#2073,#215,.T.);
#2555=EDGE_CURVE('',#2073,#2074,#477,.T.);
#2556=EDGE_CURVE('',#2074,#2075,#1806,.T.);
#2557=EDGE_CURVE('',#2075,#2076,#478,.T.);
#2558=EDGE_CURVE('',#2076,#2077,#1807,.T.);
#2559=EDGE_CURVE('',#2077,#2063,#479,.T.);
#2560=EDGE_CURVE('',#2078,#2079,#216,.T.);
#2561=EDGE_CURVE('',#2079,#2080,#217,.T.);
#2562=EDGE_CURVE('',#2080,#2081,#218,.T.);
#2563=EDGE_CURVE('',#2081,#2082,#219,.T.);
#2564=EDGE_CURVE('',#2082,#2083,#220,.T.);
#2565=EDGE_CURVE('',#2083,#2084,#221,.T.);
#2566=EDGE_CURVE('',#2084,#2085,#222,.T.);
#2567=EDGE_CURVE('',#2085,#2078,#223,.T.);
#2568=EDGE_CURVE('',#2086,#2087,#224,.T.);
#2569=EDGE_CURVE('',#2088,#2086,#225,.T.);
#2570=EDGE_CURVE('',#2089,#2088,#226,.T.);
#2571=EDGE_CURVE('',#2090,#2089,#227,.T.);
#2572=EDGE_CURVE('',#2091,#2090,#228,.T.);
#2573=EDGE_CURVE('',#2092,#2091,#229,.T.);
#2574=EDGE_CURVE('',#2093,#2092,#230,.T.);
#2575=EDGE_CURVE('',#2087,#2093,#231,.T.);
#2576=EDGE_CURVE('',#2094,#2095,#232,.T.);
#2577=EDGE_CURVE('',#2096,#2094,#233,.T.);
#2578=EDGE_CURVE('',#2097,#2096,#234,.T.);
#2579=EDGE_CURVE('',#2098,#2097,#235,.T.);
#2580=EDGE_CURVE('',#2099,#2098,#236,.T.);
#2581=EDGE_CURVE('',#2100,#2099,#237,.T.);
#2582=EDGE_CURVE('',#2101,#2100,#238,.T.);
#2583=EDGE_CURVE('',#2095,#2101,#239,.T.);
#2584=EDGE_CURVE('',#2078,#2086,#480,.T.);
#2585=EDGE_CURVE('',#2079,#2087,#481,.T.);
#2586=EDGE_CURVE('',#2085,#2088,#482,.T.);
#2587=EDGE_CURVE('',#2084,#2089,#483,.T.);
#2588=EDGE_CURVE('',#2083,#2090,#484,.T.);
#2589=EDGE_CURVE('',#2082,#2091,#485,.T.);
#2590=EDGE_CURVE('',#2081,#2092,#486,.T.);
#2591=EDGE_CURVE('',#2080,#2093,#487,.T.);
#2592=EDGE_CURVE('',#2102,#2103,#240,.T.);
#2593=EDGE_CURVE('',#2102,#2094,#488,.T.);
#2594=EDGE_CURVE('',#2103,#2095,#489,.T.);
#2595=EDGE_CURVE('',#2104,#2102,#241,.T.);
#2596=EDGE_CURVE('',#2104,#2096,#490,.T.);
#2597=EDGE_CURVE('',#2105,#2104,#242,.T.);
#2598=EDGE_CURVE('',#2105,#2097,#491,.T.);
#2599=EDGE_CURVE('',#2106,#2105,#243,.T.);
#2600=EDGE_CURVE('',#2106,#2098,#492,.T.);
#2601=EDGE_CURVE('',#2107,#2106,#244,.T.);
#2602=EDGE_CURVE('',#2107,#2099,#493,.T.);
#2603=EDGE_CURVE('',#2108,#2107,#245,.T.);
#2604=EDGE_CURVE('',#2108,#2100,#494,.T.);
#2605=EDGE_CURVE('',#2109,#2108,#246,.T.);
#2606=EDGE_CURVE('',#2109,#2101,#495,.T.);
#2607=EDGE_CURVE('',#2103,#2109,#247,.T.);
#2608=EDGE_CURVE('',#2110,#2111,#248,.T.);
#2609=EDGE_CURVE('',#2112,#2110,#496,.T.);
#2610=EDGE_CURVE('',#2113,#2112,#1808,.T.);
#2611=EDGE_CURVE('',#2114,#2113,#497,.T.);
#2612=EDGE_CURVE('',#2115,#2114,#1809,.T.);
#2613=EDGE_CURVE('',#2116,#2115,#498,.T.);
#2614=EDGE_CURVE('',#2117,#2116,#249,.T.);
#2615=EDGE_CURVE('',#2118,#2117,#250,.T.);
#2616=EDGE_CURVE('',#2119,#2118,#499,.T.);
#2617=EDGE_CURVE('',#2120,#2119,#1810,.T.);
#2618=EDGE_CURVE('',#2121,#2120,#500,.T.);
#2619=EDGE_CURVE('',#2122,#2121,#1811,.T.);
#2620=EDGE_CURVE('',#2123,#2122,#501,.T.);
#2621=EDGE_CURVE('',#2124,#2123,#251,.T.);
#2622=EDGE_CURVE('',#2111,#2124,#502,.T.);
#2623=EDGE_CURVE('',#2063,#2110,#503,.T.);
#2624=EDGE_CURVE('',#2064,#2111,#504,.T.);
#2625=EDGE_CURVE('',#2077,#2112,#505,.T.);
#2626=EDGE_CURVE('',#2076,#2113,#506,.T.);
#2627=EDGE_CURVE('',#2075,#2114,#507,.T.);
#2628=EDGE_CURVE('',#2074,#2115,#508,.T.);
#2629=EDGE_CURVE('',#2073,#2116,#509,.T.);
#2630=EDGE_CURVE('',#2072,#2117,#510,.T.);
#2631=EDGE_CURVE('',#2071,#2118,#511,.T.);
#2632=EDGE_CURVE('',#2070,#2119,#512,.T.);
#2633=EDGE_CURVE('',#2069,#2120,#513,.T.);
#2634=EDGE_CURVE('',#2068,#2121,#514,.T.);
#2635=EDGE_CURVE('',#2067,#2122,#515,.T.);
#2636=EDGE_CURVE('',#2066,#2123,#516,.T.);
#2637=EDGE_CURVE('',#2065,#2124,#517,.T.);
#2638=EDGE_CURVE('',#2125,#2126,#518,.T.);
#2639=EDGE_CURVE('',#2127,#2125,#1812,.T.);
#2640=EDGE_CURVE('',#2128,#2127,#519,.T.);
#2641=EDGE_CURVE('',#2129,#2128,#1813,.T.);
#2642=EDGE_CURVE('',#2130,#2129,#520,.T.);
#2643=EDGE_CURVE('',#2131,#2130,#1814,.T.);
#2644=EDGE_CURVE('',#2132,#2131,#521,.T.);
#2645=EDGE_CURVE('',#2133,#2132,#1815,.T.);
#2646=EDGE_CURVE('',#2134,#2133,#522,.T.);
#2647=EDGE_CURVE('',#2135,#2134,#1816,.T.);
#2648=EDGE_CURVE('',#2136,#2135,#252,.T.);
#2649=EDGE_CURVE('',#2137,#2136,#253,.T.);
#2650=EDGE_CURVE('',#2138,#2137,#254,.T.);
#2651=EDGE_CURVE('',#2139,#2138,#255,.T.);
#2652=EDGE_CURVE('',#2140,#2139,#1817,.T.);
#2653=EDGE_CURVE('',#2141,#2140,#523,.T.);
#2654=EDGE_CURVE('',#2142,#2141,#1818,.T.);
#2655=EDGE_CURVE('',#2143,#2142,#524,.T.);
#2656=EDGE_CURVE('',#2144,#2143,#1819,.T.);
#2657=EDGE_CURVE('',#2145,#2144,#525,.T.);
#2658=EDGE_CURVE('',#2146,#2145,#1820,.T.);
#2659=EDGE_CURVE('',#2147,#2146,#256,.T.);
#2660=EDGE_CURVE('',#2148,#2147,#257,.T.);
#2661=EDGE_CURVE('',#2149,#2148,#258,.T.);
#2662=EDGE_CURVE('',#2150,#2149,#259,.T.);
#2663=EDGE_CURVE('',#2126,#2150,#1821,.T.);
#2664=EDGE_CURVE('',#2037,#2125,#526,.T.);
#2665=EDGE_CURVE('',#2038,#2126,#527,.T.);
#2666=EDGE_CURVE('',#2062,#2127,#528,.T.);
#2667=EDGE_CURVE('',#2061,#2128,#529,.T.);
#2668=EDGE_CURVE('',#2060,#2129,#530,.T.);
#2669=EDGE_CURVE('',#2059,#2130,#531,.T.);
#2670=EDGE_CURVE('',#2058,#2131,#532,.T.);
#2671=EDGE_CURVE('',#2057,#2132,#533,.T.);
#2672=EDGE_CURVE('',#2056,#2133,#534,.T.);
#2673=EDGE_CURVE('',#2055,#2134,#535,.T.);
#2674=EDGE_CURVE('',#2054,#2135,#536,.T.);
#2675=EDGE_CURVE('',#2053,#2136,#537,.T.);
#2676=EDGE_CURVE('',#2052,#2137,#538,.T.);
#2677=EDGE_CURVE('',#2051,#2138,#539,.T.);
#2678=EDGE_CURVE('',#2050,#2139,#540,.T.);
#2679=EDGE_CURVE('',#2049,#2140,#541,.T.);
#2680=EDGE_CURVE('',#2048,#2141,#542,.T.);
#2681=EDGE_CURVE('',#2047,#2142,#543,.T.);
#2682=EDGE_CURVE('',#2046,#2143,#544,.T.);
#2683=EDGE_CURVE('',#2045,#2144,#545,.T.);
#2684=EDGE_CURVE('',#2044,#2145,#546,.T.);
#2685=EDGE_CURVE('',#2043,#2146,#547,.T.);
#2686=EDGE_CURVE('',#2042,#2147,#548,.T.);
#2687=EDGE_CURVE('',#2041,#2148,#549,.T.);
#2688=EDGE_CURVE('',#2040,#2149,#550,.T.);
#2689=EDGE_CURVE('',#2039,#2150,#551,.T.);
#2690=EDGE_CURVE('',#2151,#2152,#1822,.T.);
#2691=EDGE_CURVE('',#2153,#2151,#552,.T.);
#2692=EDGE_CURVE('',#2154,#2153,#1823,.T.);
#2693=EDGE_CURVE('',#2152,#2154,#553,.T.);
#2694=EDGE_CURVE('',#2033,#2151,#554,.T.);
#2695=EDGE_CURVE('',#2034,#2152,#555,.T.);
#2696=EDGE_CURVE('',#2036,#2153,#556,.T.);
#2697=EDGE_CURVE('',#2035,#2154,#557,.T.);
#2698=EDGE_CURVE('',#2155,#2156,#1824,.T.);
#2699=EDGE_CURVE('',#2157,#2155,#558,.T.);
#2700=EDGE_CURVE('',#2158,#2157,#260,.T.);
#2701=EDGE_CURVE('',#2159,#2158,#261,.T.);
#2702=EDGE_CURVE('',#2160,#2159,#262,.T.);
#2703=EDGE_CURVE('',#2161,#2160,#263,.T.);
#2704=EDGE_CURVE('',#2162,#2161,#264,.T.);
#2705=EDGE_CURVE('',#2163,#2162,#265,.T.);
#2706=EDGE_CURVE('',#2164,#2163,#266,.T.);
#2707=EDGE_CURVE('',#2165,#2164,#1825,.T.);
#2708=EDGE_CURVE('',#2166,#2165,#559,.T.);
#2709=EDGE_CURVE('',#2167,#2166,#267,.T.);
#2710=EDGE_CURVE('',#2168,#2167,#268,.T.);
#2711=EDGE_CURVE('',#2169,#2168,#269,.T.);
#2712=EDGE_CURVE('',#2170,#2169,#270,.T.);
#2713=EDGE_CURVE('',#2171,#2170,#271,.T.);
#2714=EDGE_CURVE('',#2172,#2171,#272,.T.);
#2715=EDGE_CURVE('',#2173,#2172,#273,.T.);
#2716=EDGE_CURVE('',#2174,#2173,#274,.T.);
#2717=EDGE_CURVE('',#2175,#2174,#275,.T.);
#2718=EDGE_CURVE('',#2176,#2175,#1826,.T.);
#2719=EDGE_CURVE('',#2156,#2176,#560,.T.);
#2720=EDGE_CURVE('',#2011,#2155,#561,.T.);
#2721=EDGE_CURVE('',#2012,#2156,#562,.T.);
#2722=EDGE_CURVE('',#2032,#2157,#563,.T.);
#2723=EDGE_CURVE('',#2031,#2158,#564,.T.);
#2724=EDGE_CURVE('',#2030,#2159,#565,.T.);
#2725=EDGE_CURVE('',#2029,#2160,#566,.T.);
#2726=EDGE_CURVE('',#2028,#2161,#567,.T.);
#2727=EDGE_CURVE('',#2027,#2162,#568,.T.);
#2728=EDGE_CURVE('',#2026,#2163,#569,.T.);
#2729=EDGE_CURVE('',#2025,#2164,#570,.T.);
#2730=EDGE_CURVE('',#2024,#2165,#571,.T.);
#2731=EDGE_CURVE('',#2023,#2166,#572,.T.);
#2732=EDGE_CURVE('',#2022,#2167,#573,.T.);
#2733=EDGE_CURVE('',#2021,#2168,#574,.T.);
#2734=EDGE_CURVE('',#2020,#2169,#575,.T.);
#2735=EDGE_CURVE('',#2019,#2170,#576,.T.);
#2736=EDGE_CURVE('',#2018,#2171,#577,.T.);
#2737=EDGE_CURVE('',#2017,#2172,#578,.T.);
#2738=EDGE_CURVE('',#2016,#2173,#579,.T.);
#2739=EDGE_CURVE('',#2015,#2174,#580,.T.);
#2740=EDGE_CURVE('',#2014,#2175,#581,.T.);
#2741=EDGE_CURVE('',#2013,#2176,#582,.T.);
#2742=EDGE_CURVE('',#2177,#2178,#276,.T.);
#2743=EDGE_CURVE('',#2179,#2177,#1827,.T.);
#2744=EDGE_CURVE('',#2180,#2179,#583,.T.);
#2745=EDGE_CURVE('',#2181,#2180,#1828,.T.);
#2746=EDGE_CURVE('',#2182,#2181,#584,.T.);
#2747=EDGE_CURVE('',#2183,#2182,#277,.T.);
#2748=EDGE_CURVE('',#2178,#2183,#585,.T.);
#2749=EDGE_CURVE('',#2004,#2177,#586,.T.);
#2750=EDGE_CURVE('',#2005,#2178,#587,.T.);
#2751=EDGE_CURVE('',#2010,#2179,#588,.T.);
#2752=EDGE_CURVE('',#2009,#2180,#589,.T.);
#2753=EDGE_CURVE('',#2008,#2181,#590,.T.);
#2754=EDGE_CURVE('',#2007,#2182,#591,.T.);
#2755=EDGE_CURVE('',#2006,#2183,#592,.T.);
#2756=EDGE_CURVE('',#2184,#2185,#278,.T.);
#2757=EDGE_CURVE('',#2186,#2184,#279,.T.);
#2758=EDGE_CURVE('',#2187,#2186,#280,.T.);
#2759=EDGE_CURVE('',#2188,#2187,#281,.T.);
#2760=EDGE_CURVE('',#2189,#2188,#282,.T.);
#2761=EDGE_CURVE('',#2190,#2189,#283,.T.);
#2762=EDGE_CURVE('',#2191,#2190,#284,.T.);
#2763=EDGE_CURVE('',#2192,#2191,#285,.T.);
#2764=EDGE_CURVE('',#2193,#2192,#286,.T.);
#2765=EDGE_CURVE('',#2194,#2193,#287,.T.);
#2766=EDGE_CURVE('',#2195,#2194,#288,.T.);
#2767=EDGE_CURVE('',#2196,#2195,#1829,.T.);
#2768=EDGE_CURVE('',#2197,#2196,#593,.T.);
#2769=EDGE_CURVE('',#2198,#2197,#289,.T.);
#2770=EDGE_CURVE('',#2199,#2198,#290,.T.);
#2771=EDGE_CURVE('',#2200,#2199,#291,.T.);
#2772=EDGE_CURVE('',#2201,#2200,#292,.T.);
#2773=EDGE_CURVE('',#2202,#2201,#293,.T.);
#2774=EDGE_CURVE('',#2203,#2202,#294,.T.);
#2775=EDGE_CURVE('',#2204,#2203,#295,.T.);
#2776=EDGE_CURVE('',#2205,#2204,#594,.T.);
#2777=EDGE_CURVE('',#2206,#2205,#1830,.T.);
#2778=EDGE_CURVE('',#2207,#2206,#595,.T.);
#2779=EDGE_CURVE('',#2208,#2207,#296,.T.);
#2780=EDGE_CURVE('',#2209,#2208,#297,.T.);
#2781=EDGE_CURVE('',#2210,#2209,#298,.T.);
#2782=EDGE_CURVE('',#2211,#2210,#299,.T.);
#2783=EDGE_CURVE('',#2212,#2211,#300,.T.);
#2784=EDGE_CURVE('',#2213,#2212,#301,.T.);
#2785=EDGE_CURVE('',#2214,#2213,#302,.T.);
#2786=EDGE_CURVE('',#2215,#2214,#596,.T.);
#2787=EDGE_CURVE('',#2216,#2215,#1831,.T.);
#2788=EDGE_CURVE('',#2185,#2216,#303,.T.);
#2789=EDGE_CURVE('',#1971,#2184,#597,.T.);
#2790=EDGE_CURVE('',#1972,#2185,#598,.T.);
#2791=EDGE_CURVE('',#2003,#2186,#599,.T.);
#2792=EDGE_CURVE('',#2002,#2187,#600,.T.);
#2793=EDGE_CURVE('',#2001,#2188,#601,.T.);
#2794=EDGE_CURVE('',#2000,#2189,#602,.T.);
#2795=EDGE_CURVE('',#1999,#2190,#603,.T.);
#2796=EDGE_CURVE('',#1998,#2191,#604,.T.);
#2797=EDGE_CURVE('',#1997,#2192,#605,.T.);
#2798=EDGE_CURVE('',#1996,#2193,#606,.T.);
#2799=EDGE_CURVE('',#1995,#2194,#607,.T.);
#2800=EDGE_CURVE('',#1994,#2195,#608,.T.);
#2801=EDGE_CURVE('',#1993,#2196,#609,.T.);
#2802=EDGE_CURVE('',#1992,#2197,#610,.T.);
#2803=EDGE_CURVE('',#1991,#2198,#611,.T.);
#2804=EDGE_CURVE('',#1990,#2199,#612,.T.);
#2805=EDGE_CURVE('',#1989,#2200,#613,.T.);
#2806=EDGE_CURVE('',#1988,#2201,#614,.T.);
#2807=EDGE_CURVE('',#1987,#2202,#615,.T.);
#2808=EDGE_CURVE('',#1986,#2203,#616,.T.);
#2809=EDGE_CURVE('',#1985,#2204,#617,.T.);
#2810=EDGE_CURVE('',#1984,#2205,#618,.T.);
#2811=EDGE_CURVE('',#1983,#2206,#619,.T.);
#2812=EDGE_CURVE('',#1982,#2207,#620,.T.);
#2813=EDGE_CURVE('',#1981,#2208,#621,.T.);
#2814=EDGE_CURVE('',#1980,#2209,#622,.T.);
#2815=EDGE_CURVE('',#1979,#2210,#623,.T.);
#2816=EDGE_CURVE('',#1978,#2211,#624,.T.);
#2817=EDGE_CURVE('',#1977,#2212,#625,.T.);
#2818=EDGE_CURVE('',#1976,#2213,#626,.T.);
#2819=EDGE_CURVE('',#1975,#2214,#627,.T.);
#2820=EDGE_CURVE('',#1974,#2215,#628,.T.);
#2821=EDGE_CURVE('',#1973,#2216,#629,.T.);
#2822=EDGE_CURVE('',#2217,#2218,#304,.T.);
#2823=EDGE_CURVE('',#2219,#2217,#630,.T.);
#2824=EDGE_CURVE('',#2220,#2219,#1832,.T.);
#2825=EDGE_CURVE('',#2221,#2220,#631,.T.);
#2826=EDGE_CURVE('',#2222,#2221,#1833,.T.);
#2827=EDGE_CURVE('',#2223,#2222,#632,.T.);
#2828=EDGE_CURVE('',#2224,#2223,#305,.T.);
#2829=EDGE_CURVE('',#2225,#2224,#633,.T.);
#2830=EDGE_CURVE('',#2226,#2225,#306,.T.);
#2831=EDGE_CURVE('',#2227,#2226,#634,.T.);
#2832=EDGE_CURVE('',#2228,#2227,#1834,.T.);
#2833=EDGE_CURVE('',#2229,#2228,#635,.T.);
#2834=EDGE_CURVE('',#2230,#2229,#1835,.T.);
#2835=EDGE_CURVE('',#2231,#2230,#636,.T.);
#2836=EDGE_CURVE('',#2232,#2231,#307,.T.);
#2837=EDGE_CURVE('',#2218,#2232,#637,.T.);
#2838=EDGE_CURVE('',#2233,#2234,#308,.T.);
#2839=EDGE_CURVE('',#2235,#2233,#638,.T.);
#2840=EDGE_CURVE('',#2234,#2235,#309,.T.);
#2841=EDGE_CURVE('',#1955,#2217,#639,.T.);
#2842=EDGE_CURVE('',#1956,#2218,#640,.T.);
#2843=EDGE_CURVE('',#1970,#2219,#641,.T.);
#2844=EDGE_CURVE('',#1969,#2220,#642,.T.);
#2845=EDGE_CURVE('',#1968,#2221,#643,.T.);
#2846=EDGE_CURVE('',#1967,#2222,#644,.T.);
#2847=EDGE_CURVE('',#1966,#2223,#645,.T.);
#2848=EDGE_CURVE('',#1965,#2224,#646,.T.);
#2849=EDGE_CURVE('',#1964,#2225,#647,.T.);
#2850=EDGE_CURVE('',#1963,#2226,#648,.T.);
#2851=EDGE_CURVE('',#1962,#2227,#649,.T.);
#2852=EDGE_CURVE('',#1961,#2228,#650,.T.);
#2853=EDGE_CURVE('',#1960,#2229,#651,.T.);
#2854=EDGE_CURVE('',#1959,#2230,#652,.T.);
#2855=EDGE_CURVE('',#1958,#2231,#653,.T.);
#2856=EDGE_CURVE('',#1957,#2232,#654,.T.);
#2857=EDGE_CURVE('',#2236,#2237,#310,.T.);
#2858=EDGE_CURVE('',#2236,#2233,#655,.T.);
#2859=EDGE_CURVE('',#2237,#2234,#656,.T.);
#2860=EDGE_CURVE('',#2238,#2236,#657,.T.);
#2861=EDGE_CURVE('',#2238,#2235,#658,.T.);
#2862=EDGE_CURVE('',#2237,#2238,#311,.T.);
#2863=EDGE_CURVE('',#2239,#2240,#659,.T.);
#2864=EDGE_CURVE('',#2241,#2239,#1836,.T.);
#2865=EDGE_CURVE('',#2242,#2241,#660,.T.);
#2866=EDGE_CURVE('',#2243,#2242,#1837,.T.);
#2867=EDGE_CURVE('',#2244,#2243,#661,.T.);
#2868=EDGE_CURVE('',#2245,#2244,#1838,.T.);
#2869=EDGE_CURVE('',#2246,#2245,#662,.T.);
#2870=EDGE_CURVE('',#2247,#2246,#1839,.T.);
#2871=EDGE_CURVE('',#2248,#2247,#663,.T.);
#2872=EDGE_CURVE('',#2249,#2248,#1840,.T.);
#2873=EDGE_CURVE('',#2250,#2249,#312,.T.);
#2874=EDGE_CURVE('',#2251,#2250,#313,.T.);
#2875=EDGE_CURVE('',#2252,#2251,#314,.T.);
#2876=EDGE_CURVE('',#2253,#2252,#315,.T.);
#2877=EDGE_CURVE('',#2254,#2253,#1841,.T.);
#2878=EDGE_CURVE('',#2255,#2254,#664,.T.);
#2879=EDGE_CURVE('',#2256,#2255,#1842,.T.);
#2880=EDGE_CURVE('',#2257,#2256,#665,.T.);
#2881=EDGE_CURVE('',#2258,#2257,#1843,.T.);
#2882=EDGE_CURVE('',#2259,#2258,#666,.T.);
#2883=EDGE_CURVE('',#2260,#2259,#1844,.T.);
#2884=EDGE_CURVE('',#2261,#2260,#316,.T.);
#2885=EDGE_CURVE('',#2262,#2261,#317,.T.);
#2886=EDGE_CURVE('',#2263,#2262,#318,.T.);
#2887=EDGE_CURVE('',#2264,#2263,#319,.T.);
#2888=EDGE_CURVE('',#2265,#2264,#1845,.T.);
#2889=EDGE_CURVE('',#2266,#2265,#667,.T.);
#2890=EDGE_CURVE('',#2267,#2266,#1846,.T.);
#2891=EDGE_CURVE('',#2268,#2267,#668,.T.);
#2892=EDGE_CURVE('',#2269,#2268,#1847,.T.);
#2893=EDGE_CURVE('',#2270,#2269,#669,.T.);
#2894=EDGE_CURVE('',#2271,#2270,#1848,.T.);
#2895=EDGE_CURVE('',#2272,#2271,#320,.T.);
#2896=EDGE_CURVE('',#2273,#2272,#321,.T.);
#2897=EDGE_CURVE('',#2274,#2273,#322,.T.);
#2898=EDGE_CURVE('',#2275,#2274,#323,.T.);
#2899=EDGE_CURVE('',#2276,#2275,#670,.T.);
#2900=EDGE_CURVE('',#2277,#2276,#324,.T.);
#2901=EDGE_CURVE('',#2278,#2277,#325,.T.);
#2902=EDGE_CURVE('',#2279,#2278,#326,.T.);
#2903=EDGE_CURVE('',#2280,#2279,#327,.T.);
#2904=EDGE_CURVE('',#2240,#2280,#1849,.T.);
#2905=EDGE_CURVE('',#1913,#2239,#671,.T.);
#2906=EDGE_CURVE('',#1914,#2240,#672,.T.);
#2907=EDGE_CURVE('',#1954,#2241,#673,.T.);
#2908=EDGE_CURVE('',#1953,#2242,#674,.T.);
#2909=EDGE_CURVE('',#1952,#2243,#675,.T.);
#2910=EDGE_CURVE('',#1951,#2244,#676,.T.);
#2911=EDGE_CURVE('',#1950,#2245,#677,.T.);
#2912=EDGE_CURVE('',#1949,#2246,#678,.T.);
#2913=EDGE_CURVE('',#1948,#2247,#679,.T.);
#2914=EDGE_CURVE('',#1947,#2248,#680,.T.);
#2915=EDGE_CURVE('',#1946,#2249,#681,.T.);
#2916=EDGE_CURVE('',#1945,#2250,#682,.T.);
#2917=EDGE_CURVE('',#1944,#2251,#683,.T.);
#2918=EDGE_CURVE('',#1943,#2252,#684,.T.);
#2919=EDGE_CURVE('',#1942,#2253,#685,.T.);
#2920=EDGE_CURVE('',#1941,#2254,#686,.T.);
#2921=EDGE_CURVE('',#1940,#2255,#687,.T.);
#2922=EDGE_CURVE('',#1939,#2256,#688,.T.);
#2923=EDGE_CURVE('',#1938,#2257,#689,.T.);
#2924=EDGE_CURVE('',#1937,#2258,#690,.T.);
#2925=EDGE_CURVE('',#1936,#2259,#691,.T.);
#2926=EDGE_CURVE('',#1935,#2260,#692,.T.);
#2927=EDGE_CURVE('',#1934,#2261,#693,.T.);
#2928=EDGE_CURVE('',#1933,#2262,#694,.T.);
#2929=EDGE_CURVE('',#1932,#2263,#695,.T.);
#2930=EDGE_CURVE('',#1931,#2264,#696,.T.);
#2931=EDGE_CURVE('',#1930,#2265,#697,.T.);
#2932=EDGE_CURVE('',#1929,#2266,#698,.T.);
#2933=EDGE_CURVE('',#1928,#2267,#699,.T.);
#2934=EDGE_CURVE('',#1927,#2268,#700,.T.);
#2935=EDGE_CURVE('',#1926,#2269,#701,.T.);
#2936=EDGE_CURVE('',#1925,#2270,#702,.T.);
#2937=EDGE_CURVE('',#1924,#2271,#703,.T.);
#2938=EDGE_CURVE('',#1923,#2272,#704,.T.);
#2939=EDGE_CURVE('',#1922,#2273,#705,.T.);
#2940=EDGE_CURVE('',#1921,#2274,#706,.T.);
#2941=EDGE_CURVE('',#1920,#2275,#707,.T.);
#2942=EDGE_CURVE('',#1919,#2276,#708,.T.);
#2943=EDGE_CURVE('',#1918,#2277,#709,.T.);
#2944=EDGE_CURVE('',#1917,#2278,#710,.T.);
#2945=EDGE_CURVE('',#1916,#2279,#711,.T.);
#2946=EDGE_CURVE('',#1915,#2280,#712,.T.);
#2947=EDGE_CURVE('',#2281,#2282,#328,.T.);
#2948=EDGE_CURVE('',#2283,#2281,#329,.T.);
#2949=EDGE_CURVE('',#2284,#2283,#330,.T.);
#2950=EDGE_CURVE('',#2285,#2284,#331,.T.);
#2951=EDGE_CURVE('',#2286,#2285,#332,.T.);
#2952=EDGE_CURVE('',#2287,#2286,#333,.T.);
#2953=EDGE_CURVE('',#2288,#2287,#334,.T.);
#2954=EDGE_CURVE('',#2282,#2288,#335,.T.);
#2955=EDGE_CURVE('',#2289,#2290,#336,.T.);
#2956=EDGE_CURVE('',#2291,#2289,#337,.T.);
#2957=EDGE_CURVE('',#2292,#2291,#338,.T.);
#2958=EDGE_CURVE('',#2293,#2292,#339,.T.);
#2959=EDGE_CURVE('',#2294,#2293,#340,.T.);
#2960=EDGE_CURVE('',#2295,#2294,#341,.T.);
#2961=EDGE_CURVE('',#2296,#2295,#342,.T.);
#2962=EDGE_CURVE('',#2290,#2296,#343,.T.);
#2963=EDGE_CURVE('',#1905,#2281,#713,.T.);
#2964=EDGE_CURVE('',#1906,#2282,#714,.T.);
#2965=EDGE_CURVE('',#1912,#2283,#715,.T.);
#2966=EDGE_CURVE('',#1911,#2284,#716,.T.);
#2967=EDGE_CURVE('',#1910,#2285,#717,.T.);
#2968=EDGE_CURVE('',#1909,#2286,#718,.T.);
#2969=EDGE_CURVE('',#1908,#2287,#719,.T.);
#2970=EDGE_CURVE('',#1907,#2288,#720,.T.);
#2971=EDGE_CURVE('',#2297,#2298,#344,.T.);
#2972=EDGE_CURVE('',#2297,#2289,#721,.T.);
#2973=EDGE_CURVE('',#2298,#2290,#722,.T.);
#2974=EDGE_CURVE('',#2299,#2297,#345,.T.);
#2975=EDGE_CURVE('',#2299,#2291,#723,.T.);
#2976=EDGE_CURVE('',#2300,#2299,#346,.T.);
#2977=EDGE_CURVE('',#2300,#2292,#724,.T.);
#2978=EDGE_CURVE('',#2301,#2300,#347,.T.);
#2979=EDGE_CURVE('',#2301,#2293,#725,.T.);
#2980=EDGE_CURVE('',#2302,#2301,#348,.T.);
#2981=EDGE_CURVE('',#2302,#2294,#726,.T.);
#2982=EDGE_CURVE('',#2303,#2302,#349,.T.);
#2983=EDGE_CURVE('',#2303,#2295,#727,.T.);
#2984=EDGE_CURVE('',#2304,#2303,#350,.T.);
#2985=EDGE_CURVE('',#2304,#2296,#728,.T.);
#2986=EDGE_CURVE('',#2298,#2304,#351,.T.);
#2987=EDGE_CURVE('',#2305,#2305,#1850,.T.);
#2988=EDGE_CURVE('',#2305,#2306,#729,.T.);
#2989=EDGE_CURVE('',#2306,#2306,#1851,.T.);
#2990=ORIENTED_EDGE('',*,*,#2307,.T.);
#2991=ORIENTED_EDGE('',*,*,#2308,.T.);
#2992=ORIENTED_EDGE('',*,*,#2309,.F.);
#2993=ORIENTED_EDGE('',*,*,#2308,.F.);
#2994=ORIENTED_EDGE('',*,*,#2307,.F.);
#2995=ORIENTED_EDGE('',*,*,#2310,.T.);
#2996=ORIENTED_EDGE('',*,*,#2311,.T.);
#2997=ORIENTED_EDGE('',*,*,#2312,.T.);
#2998=ORIENTED_EDGE('',*,*,#2311,.F.);
#2999=ORIENTED_EDGE('',*,*,#2312,.F.);
#3000=ORIENTED_EDGE('',*,*,#2313,.T.);
#3001=ORIENTED_EDGE('',*,*,#2314,.F.);
#3002=ORIENTED_EDGE('',*,*,#2313,.F.);
#3003=ORIENTED_EDGE('',*,*,#2310,.F.);
#3004=ORIENTED_EDGE('',*,*,#2315,.F.);
#3005=ORIENTED_EDGE('',*,*,#2316,.T.);
#3006=ORIENTED_EDGE('',*,*,#2317,.T.);
#3007=ORIENTED_EDGE('',*,*,#2316,.F.);
#3008=ORIENTED_EDGE('',*,*,#2315,.T.);
#3009=ORIENTED_EDGE('',*,*,#2314,.T.);
#3010=ORIENTED_EDGE('',*,*,#2317,.F.);
#3011=ORIENTED_EDGE('',*,*,#2309,.T.);
#3012=ORIENTED_EDGE('',*,*,#2318,.F.);
#3013=ORIENTED_EDGE('',*,*,#2319,.T.);
#3014=ORIENTED_EDGE('',*,*,#2320,.T.);
#3015=ORIENTED_EDGE('',*,*,#2319,.F.);
#3016=ORIENTED_EDGE('',*,*,#2321,.T.);
#3017=ORIENTED_EDGE('',*,*,#2320,.F.);
#3018=ORIENTED_EDGE('',*,*,#2321,.F.);
#3019=ORIENTED_EDGE('',*,*,#2322,.T.);
#3020=ORIENTED_EDGE('',*,*,#2323,.F.);
#3021=ORIENTED_EDGE('',*,*,#2322,.F.);
#3022=ORIENTED_EDGE('',*,*,#2323,.T.);
#3023=ORIENTED_EDGE('',*,*,#2318,.T.);
#3024=ORIENTED_EDGE('',*,*,#2324,.T.);
#3025=ORIENTED_EDGE('',*,*,#2325,.T.);
#3026=ORIENTED_EDGE('',*,*,#2326,.T.);
#3027=ORIENTED_EDGE('',*,*,#2325,.F.);
#3028=ORIENTED_EDGE('',*,*,#2327,.T.);
#3029=ORIENTED_EDGE('',*,*,#2326,.F.);
#3030=ORIENTED_EDGE('',*,*,#2327,.F.);
#3031=ORIENTED_EDGE('',*,*,#2328,.T.);
#3032=ORIENTED_EDGE('',*,*,#2329,.T.);
#3033=ORIENTED_EDGE('',*,*,#2328,.F.);
#3034=ORIENTED_EDGE('',*,*,#2329,.F.);
#3035=ORIENTED_EDGE('',*,*,#2324,.F.);
#3036=ORIENTED_EDGE('',*,*,#2330,.F.);
#3037=ORIENTED_EDGE('',*,*,#2331,.F.);
#3038=ORIENTED_EDGE('',*,*,#2332,.F.);
#3039=ORIENTED_EDGE('',*,*,#2333,.F.);
#3040=ORIENTED_EDGE('',*,*,#2334,.F.);
#3041=ORIENTED_EDGE('',*,*,#2335,.F.);
#3042=ORIENTED_EDGE('',*,*,#2336,.F.);
#3043=ORIENTED_EDGE('',*,*,#2337,.F.);
#3044=ORIENTED_EDGE('',*,*,#2338,.F.);
#3045=ORIENTED_EDGE('',*,*,#2339,.F.);
#3046=ORIENTED_EDGE('',*,*,#2340,.F.);
#3047=ORIENTED_EDGE('',*,*,#2341,.F.);
#3048=ORIENTED_EDGE('',*,*,#2342,.F.);
#3049=ORIENTED_EDGE('',*,*,#2343,.F.);
#3050=ORIENTED_EDGE('',*,*,#2344,.F.);
#3051=ORIENTED_EDGE('',*,*,#2345,.F.);
#3052=ORIENTED_EDGE('',*,*,#2346,.F.);
#3053=ORIENTED_EDGE('',*,*,#2347,.F.);
#3054=ORIENTED_EDGE('',*,*,#2348,.F.);
#3055=ORIENTED_EDGE('',*,*,#2349,.T.);
#3056=ORIENTED_EDGE('',*,*,#2345,.T.);
#3057=ORIENTED_EDGE('',*,*,#2350,.F.);
#3058=ORIENTED_EDGE('',*,*,#2351,.F.);
#3059=ORIENTED_EDGE('',*,*,#2352,.T.);
#3060=ORIENTED_EDGE('',*,*,#2346,.T.);
#3061=ORIENTED_EDGE('',*,*,#2349,.F.);
#3062=ORIENTED_EDGE('',*,*,#2353,.F.);
#3063=ORIENTED_EDGE('',*,*,#2350,.T.);
#3064=ORIENTED_EDGE('',*,*,#2347,.T.);
#3065=ORIENTED_EDGE('',*,*,#2352,.F.);
#3066=ORIENTED_EDGE('',*,*,#2354,.F.);
#3067=ORIENTED_EDGE('',*,*,#2355,.T.);
#3068=ORIENTED_EDGE('',*,*,#2330,.T.);
#3069=ORIENTED_EDGE('',*,*,#2356,.F.);
#3070=ORIENTED_EDGE('',*,*,#2357,.F.);
#3071=ORIENTED_EDGE('',*,*,#2358,.T.);
#3072=ORIENTED_EDGE('',*,*,#2331,.T.);
#3073=ORIENTED_EDGE('',*,*,#2355,.F.);
#3074=ORIENTED_EDGE('',*,*,#2359,.F.);
#3075=ORIENTED_EDGE('',*,*,#2360,.T.);
#3076=ORIENTED_EDGE('',*,*,#2332,.T.);
#3077=ORIENTED_EDGE('',*,*,#2358,.F.);
#3078=ORIENTED_EDGE('',*,*,#2361,.F.);
#3079=ORIENTED_EDGE('',*,*,#2362,.T.);
#3080=ORIENTED_EDGE('',*,*,#2333,.T.);
#3081=ORIENTED_EDGE('',*,*,#2360,.F.);
#3082=ORIENTED_EDGE('',*,*,#2363,.F.);
#3083=ORIENTED_EDGE('',*,*,#2364,.T.);
#3084=ORIENTED_EDGE('',*,*,#2334,.T.);
#3085=ORIENTED_EDGE('',*,*,#2362,.F.);
#3086=ORIENTED_EDGE('',*,*,#2365,.F.);
#3087=ORIENTED_EDGE('',*,*,#2366,.T.);
#3088=ORIENTED_EDGE('',*,*,#2335,.T.);
#3089=ORIENTED_EDGE('',*,*,#2364,.F.);
#3090=ORIENTED_EDGE('',*,*,#2367,.F.);
#3091=ORIENTED_EDGE('',*,*,#2368,.T.);
#3092=ORIENTED_EDGE('',*,*,#2336,.T.);
#3093=ORIENTED_EDGE('',*,*,#2366,.F.);
#3094=ORIENTED_EDGE('',*,*,#2369,.F.);
#3095=ORIENTED_EDGE('',*,*,#2370,.T.);
#3096=ORIENTED_EDGE('',*,*,#2337,.T.);
#3097=ORIENTED_EDGE('',*,*,#2368,.F.);
#3098=ORIENTED_EDGE('',*,*,#2371,.F.);
#3099=ORIENTED_EDGE('',*,*,#2372,.T.);
#3100=ORIENTED_EDGE('',*,*,#2338,.T.);
#3101=ORIENTED_EDGE('',*,*,#2370,.F.);
#3102=ORIENTED_EDGE('',*,*,#2373,.F.);
#3103=ORIENTED_EDGE('',*,*,#2374,.T.);
#3104=ORIENTED_EDGE('',*,*,#2339,.T.);
#3105=ORIENTED_EDGE('',*,*,#2372,.F.);
#3106=ORIENTED_EDGE('',*,*,#2375,.F.);
#3107=ORIENTED_EDGE('',*,*,#2376,.T.);
#3108=ORIENTED_EDGE('',*,*,#2340,.T.);
#3109=ORIENTED_EDGE('',*,*,#2374,.F.);
#3110=ORIENTED_EDGE('',*,*,#2377,.F.);
#3111=ORIENTED_EDGE('',*,*,#2378,.T.);
#3112=ORIENTED_EDGE('',*,*,#2341,.T.);
#3113=ORIENTED_EDGE('',*,*,#2376,.F.);
#3114=ORIENTED_EDGE('',*,*,#2379,.F.);
#3115=ORIENTED_EDGE('',*,*,#2380,.T.);
#3116=ORIENTED_EDGE('',*,*,#2342,.T.);
#3117=ORIENTED_EDGE('',*,*,#2378,.F.);
#3118=ORIENTED_EDGE('',*,*,#2381,.F.);
#3119=ORIENTED_EDGE('',*,*,#2382,.T.);
#3120=ORIENTED_EDGE('',*,*,#2343,.T.);
#3121=ORIENTED_EDGE('',*,*,#2380,.F.);
#3122=ORIENTED_EDGE('',*,*,#2383,.F.);
#3123=ORIENTED_EDGE('',*,*,#2356,.T.);
#3124=ORIENTED_EDGE('',*,*,#2344,.T.);
#3125=ORIENTED_EDGE('',*,*,#2382,.F.);
#3126=ORIENTED_EDGE('',*,*,#2384,.F.);
#3127=ORIENTED_EDGE('',*,*,#2385,.T.);
#3128=ORIENTED_EDGE('',*,*,#2386,.T.);
#3129=ORIENTED_EDGE('',*,*,#2385,.F.);
#3130=ORIENTED_EDGE('',*,*,#2387,.T.);
#3131=ORIENTED_EDGE('',*,*,#2388,.T.);
#3132=ORIENTED_EDGE('',*,*,#2389,.T.);
#3133=ORIENTED_EDGE('',*,*,#2390,.T.);
#3134=ORIENTED_EDGE('',*,*,#2391,.T.);
#3135=ORIENTED_EDGE('',*,*,#2392,.T.);
#3136=ORIENTED_EDGE('',*,*,#2393,.T.);
#3137=ORIENTED_EDGE('',*,*,#2394,.T.);
#3138=ORIENTED_EDGE('',*,*,#2395,.T.);
#3139=ORIENTED_EDGE('',*,*,#2396,.T.);
#3140=ORIENTED_EDGE('',*,*,#2397,.T.);
#3141=ORIENTED_EDGE('',*,*,#2398,.T.);
#3142=ORIENTED_EDGE('',*,*,#2399,.T.);
#3143=ORIENTED_EDGE('',*,*,#2400,.T.);
#3144=ORIENTED_EDGE('',*,*,#2401,.T.);
#3145=ORIENTED_EDGE('',*,*,#2402,.T.);
#3146=ORIENTED_EDGE('',*,*,#2403,.T.);
#3147=ORIENTED_EDGE('',*,*,#2404,.T.);
#3148=ORIENTED_EDGE('',*,*,#2405,.T.);
#3149=ORIENTED_EDGE('',*,*,#2406,.T.);
#3150=ORIENTED_EDGE('',*,*,#2407,.T.);
#3151=ORIENTED_EDGE('',*,*,#2408,.T.);
#3152=ORIENTED_EDGE('',*,*,#2409,.T.);
#3153=ORIENTED_EDGE('',*,*,#2410,.T.);
#3154=ORIENTED_EDGE('',*,*,#2411,.T.);
#3155=ORIENTED_EDGE('',*,*,#2412,.T.);
#3156=ORIENTED_EDGE('',*,*,#2413,.T.);
#3157=ORIENTED_EDGE('',*,*,#2414,.T.);
#3158=ORIENTED_EDGE('',*,*,#2415,.T.);
#3159=ORIENTED_EDGE('',*,*,#2416,.T.);
#3160=ORIENTED_EDGE('',*,*,#2417,.T.);
#3161=ORIENTED_EDGE('',*,*,#2418,.T.);
#3162=ORIENTED_EDGE('',*,*,#2419,.T.);
#3163=ORIENTED_EDGE('',*,*,#2420,.T.);
#3164=ORIENTED_EDGE('',*,*,#2421,.T.);
#3165=ORIENTED_EDGE('',*,*,#2422,.T.);
#3166=ORIENTED_EDGE('',*,*,#2423,.T.);
#3167=ORIENTED_EDGE('',*,*,#2424,.T.);
#3168=ORIENTED_EDGE('',*,*,#2425,.T.);
#3169=ORIENTED_EDGE('',*,*,#2426,.T.);
#3170=ORIENTED_EDGE('',*,*,#2427,.T.);
#3171=ORIENTED_EDGE('',*,*,#2428,.T.);
#3172=ORIENTED_EDGE('',*,*,#2429,.T.);
#3173=ORIENTED_EDGE('',*,*,#2430,.T.);
#3174=ORIENTED_EDGE('',*,*,#2431,.T.);
#3175=ORIENTED_EDGE('',*,*,#2432,.T.);
#3176=ORIENTED_EDGE('',*,*,#2433,.T.);
#3177=ORIENTED_EDGE('',*,*,#2434,.T.);
#3178=ORIENTED_EDGE('',*,*,#2435,.T.);
#3179=ORIENTED_EDGE('',*,*,#2436,.T.);
#3180=ORIENTED_EDGE('',*,*,#2437,.T.);
#3181=ORIENTED_EDGE('',*,*,#2438,.T.);
#3182=ORIENTED_EDGE('',*,*,#2439,.T.);
#3183=ORIENTED_EDGE('',*,*,#2440,.T.);
#3184=ORIENTED_EDGE('',*,*,#2441,.T.);
#3185=ORIENTED_EDGE('',*,*,#2442,.T.);
#3186=ORIENTED_EDGE('',*,*,#2443,.T.);
#3187=ORIENTED_EDGE('',*,*,#2444,.T.);
#3188=ORIENTED_EDGE('',*,*,#2445,.T.);
#3189=ORIENTED_EDGE('',*,*,#2446,.T.);
#3190=ORIENTED_EDGE('',*,*,#2447,.T.);
#3191=ORIENTED_EDGE('',*,*,#2448,.T.);
#3192=ORIENTED_EDGE('',*,*,#2449,.T.);
#3193=ORIENTED_EDGE('',*,*,#2450,.T.);
#3194=ORIENTED_EDGE('',*,*,#2451,.T.);
#3195=ORIENTED_EDGE('',*,*,#2452,.T.);
#3196=ORIENTED_EDGE('',*,*,#2453,.T.);
#3197=ORIENTED_EDGE('',*,*,#2454,.T.);
#3198=ORIENTED_EDGE('',*,*,#2455,.T.);
#3199=ORIENTED_EDGE('',*,*,#2456,.T.);
#3200=ORIENTED_EDGE('',*,*,#2457,.T.);
#3201=ORIENTED_EDGE('',*,*,#2458,.T.);
#3202=ORIENTED_EDGE('',*,*,#2459,.T.);
#3203=ORIENTED_EDGE('',*,*,#2460,.T.);
#3204=ORIENTED_EDGE('',*,*,#2461,.T.);
#3205=ORIENTED_EDGE('',*,*,#2462,.T.);
#3206=ORIENTED_EDGE('',*,*,#2463,.T.);
#3207=ORIENTED_EDGE('',*,*,#2464,.T.);
#3208=ORIENTED_EDGE('',*,*,#2465,.T.);
#3209=ORIENTED_EDGE('',*,*,#2466,.T.);
#3210=ORIENTED_EDGE('',*,*,#2467,.T.);
#3211=ORIENTED_EDGE('',*,*,#2468,.T.);
#3212=ORIENTED_EDGE('',*,*,#2469,.T.);
#3213=ORIENTED_EDGE('',*,*,#2470,.T.);
#3214=ORIENTED_EDGE('',*,*,#2471,.T.);
#3215=ORIENTED_EDGE('',*,*,#2472,.T.);
#3216=ORIENTED_EDGE('',*,*,#2473,.T.);
#3217=ORIENTED_EDGE('',*,*,#2474,.T.);
#3218=ORIENTED_EDGE('',*,*,#2475,.T.);
#3219=ORIENTED_EDGE('',*,*,#2476,.T.);
#3220=ORIENTED_EDGE('',*,*,#2477,.T.);
#3221=ORIENTED_EDGE('',*,*,#2478,.T.);
#3222=ORIENTED_EDGE('',*,*,#2479,.T.);
#3223=ORIENTED_EDGE('',*,*,#2480,.T.);
#3224=ORIENTED_EDGE('',*,*,#2481,.T.);
#3225=ORIENTED_EDGE('',*,*,#2482,.T.);
#3226=ORIENTED_EDGE('',*,*,#2483,.T.);
#3227=ORIENTED_EDGE('',*,*,#2484,.T.);
#3228=ORIENTED_EDGE('',*,*,#2485,.T.);
#3229=ORIENTED_EDGE('',*,*,#2486,.T.);
#3230=ORIENTED_EDGE('',*,*,#2487,.T.);
#3231=ORIENTED_EDGE('',*,*,#2488,.T.);
#3232=ORIENTED_EDGE('',*,*,#2489,.T.);
#3233=ORIENTED_EDGE('',*,*,#2490,.T.);
#3234=ORIENTED_EDGE('',*,*,#2491,.T.);
#3235=ORIENTED_EDGE('',*,*,#2492,.T.);
#3236=ORIENTED_EDGE('',*,*,#2493,.T.);
#3237=ORIENTED_EDGE('',*,*,#2494,.T.);
#3238=ORIENTED_EDGE('',*,*,#2495,.T.);
#3239=ORIENTED_EDGE('',*,*,#2496,.T.);
#3240=ORIENTED_EDGE('',*,*,#2497,.T.);
#3241=ORIENTED_EDGE('',*,*,#2498,.T.);
#3242=ORIENTED_EDGE('',*,*,#2499,.T.);
#3243=ORIENTED_EDGE('',*,*,#2500,.T.);
#3244=ORIENTED_EDGE('',*,*,#2501,.T.);
#3245=ORIENTED_EDGE('',*,*,#2502,.T.);
#3246=ORIENTED_EDGE('',*,*,#2503,.T.);
#3247=ORIENTED_EDGE('',*,*,#2504,.T.);
#3248=ORIENTED_EDGE('',*,*,#2505,.T.);
#3249=ORIENTED_EDGE('',*,*,#2506,.T.);
#3250=ORIENTED_EDGE('',*,*,#2507,.T.);
#3251=ORIENTED_EDGE('',*,*,#2508,.T.);
#3252=ORIENTED_EDGE('',*,*,#2509,.T.);
#3253=ORIENTED_EDGE('',*,*,#2510,.T.);
#3254=ORIENTED_EDGE('',*,*,#2511,.T.);
#3255=ORIENTED_EDGE('',*,*,#2512,.T.);
#3256=ORIENTED_EDGE('',*,*,#2513,.T.);
#3257=ORIENTED_EDGE('',*,*,#2514,.T.);
#3258=ORIENTED_EDGE('',*,*,#2515,.T.);
#3259=ORIENTED_EDGE('',*,*,#2516,.T.);
#3260=ORIENTED_EDGE('',*,*,#2517,.T.);
#3261=ORIENTED_EDGE('',*,*,#2518,.T.);
#3262=ORIENTED_EDGE('',*,*,#2519,.T.);
#3263=ORIENTED_EDGE('',*,*,#2520,.T.);
#3264=ORIENTED_EDGE('',*,*,#2521,.T.);
#3265=ORIENTED_EDGE('',*,*,#2522,.T.);
#3266=ORIENTED_EDGE('',*,*,#2523,.T.);
#3267=ORIENTED_EDGE('',*,*,#2524,.T.);
#3268=ORIENTED_EDGE('',*,*,#2525,.T.);
#3269=ORIENTED_EDGE('',*,*,#2526,.T.);
#3270=ORIENTED_EDGE('',*,*,#2527,.T.);
#3271=ORIENTED_EDGE('',*,*,#2528,.T.);
#3272=ORIENTED_EDGE('',*,*,#2529,.T.);
#3273=ORIENTED_EDGE('',*,*,#2530,.T.);
#3274=ORIENTED_EDGE('',*,*,#2531,.T.);
#3275=ORIENTED_EDGE('',*,*,#2532,.T.);
#3276=ORIENTED_EDGE('',*,*,#2533,.T.);
#3277=ORIENTED_EDGE('',*,*,#2534,.T.);
#3278=ORIENTED_EDGE('',*,*,#2535,.T.);
#3279=ORIENTED_EDGE('',*,*,#2536,.T.);
#3280=ORIENTED_EDGE('',*,*,#2537,.T.);
#3281=ORIENTED_EDGE('',*,*,#2538,.T.);
#3282=ORIENTED_EDGE('',*,*,#2539,.T.);
#3283=ORIENTED_EDGE('',*,*,#2540,.T.);
#3284=ORIENTED_EDGE('',*,*,#2541,.T.);
#3285=ORIENTED_EDGE('',*,*,#2542,.T.);
#3286=ORIENTED_EDGE('',*,*,#2543,.T.);
#3287=ORIENTED_EDGE('',*,*,#2544,.T.);
#3288=ORIENTED_EDGE('',*,*,#2545,.T.);
#3289=ORIENTED_EDGE('',*,*,#2546,.T.);
#3290=ORIENTED_EDGE('',*,*,#2547,.T.);
#3291=ORIENTED_EDGE('',*,*,#2548,.T.);
#3292=ORIENTED_EDGE('',*,*,#2549,.T.);
#3293=ORIENTED_EDGE('',*,*,#2550,.T.);
#3294=ORIENTED_EDGE('',*,*,#2551,.T.);
#3295=ORIENTED_EDGE('',*,*,#2552,.T.);
#3296=ORIENTED_EDGE('',*,*,#2553,.T.);
#3297=ORIENTED_EDGE('',*,*,#2554,.T.);
#3298=ORIENTED_EDGE('',*,*,#2555,.T.);
#3299=ORIENTED_EDGE('',*,*,#2556,.T.);
#3300=ORIENTED_EDGE('',*,*,#2557,.T.);
#3301=ORIENTED_EDGE('',*,*,#2558,.T.);
#3302=ORIENTED_EDGE('',*,*,#2559,.T.);
#3303=ORIENTED_EDGE('',*,*,#2560,.T.);
#3304=ORIENTED_EDGE('',*,*,#2561,.T.);
#3305=ORIENTED_EDGE('',*,*,#2562,.T.);
#3306=ORIENTED_EDGE('',*,*,#2563,.T.);
#3307=ORIENTED_EDGE('',*,*,#2564,.T.);
#3308=ORIENTED_EDGE('',*,*,#2565,.T.);
#3309=ORIENTED_EDGE('',*,*,#2566,.T.);
#3310=ORIENTED_EDGE('',*,*,#2567,.T.);
#3311=ORIENTED_EDGE('',*,*,#2354,.T.);
#3312=ORIENTED_EDGE('',*,*,#2383,.T.);
#3313=ORIENTED_EDGE('',*,*,#2381,.T.);
#3314=ORIENTED_EDGE('',*,*,#2379,.T.);
#3315=ORIENTED_EDGE('',*,*,#2377,.T.);
#3316=ORIENTED_EDGE('',*,*,#2375,.T.);
#3317=ORIENTED_EDGE('',*,*,#2373,.T.);
#3318=ORIENTED_EDGE('',*,*,#2371,.T.);
#3319=ORIENTED_EDGE('',*,*,#2369,.T.);
#3320=ORIENTED_EDGE('',*,*,#2367,.T.);
#3321=ORIENTED_EDGE('',*,*,#2365,.T.);
#3322=ORIENTED_EDGE('',*,*,#2363,.T.);
#3323=ORIENTED_EDGE('',*,*,#2361,.T.);
#3324=ORIENTED_EDGE('',*,*,#2359,.T.);
#3325=ORIENTED_EDGE('',*,*,#2357,.T.);
#3326=ORIENTED_EDGE('',*,*,#2568,.F.);
#3327=ORIENTED_EDGE('',*,*,#2569,.F.);
#3328=ORIENTED_EDGE('',*,*,#2570,.F.);
#3329=ORIENTED_EDGE('',*,*,#2571,.F.);
#3330=ORIENTED_EDGE('',*,*,#2572,.F.);
#3331=ORIENTED_EDGE('',*,*,#2573,.F.);
#3332=ORIENTED_EDGE('',*,*,#2574,.F.);
#3333=ORIENTED_EDGE('',*,*,#2575,.F.);
#3334=ORIENTED_EDGE('',*,*,#2576,.F.);
#3335=ORIENTED_EDGE('',*,*,#2577,.F.);
#3336=ORIENTED_EDGE('',*,*,#2578,.F.);
#3337=ORIENTED_EDGE('',*,*,#2579,.F.);
#3338=ORIENTED_EDGE('',*,*,#2580,.F.);
#3339=ORIENTED_EDGE('',*,*,#2581,.F.);
#3340=ORIENTED_EDGE('',*,*,#2582,.F.);
#3341=ORIENTED_EDGE('',*,*,#2583,.F.);
#3342=ORIENTED_EDGE('',*,*,#2560,.F.);
#3343=ORIENTED_EDGE('',*,*,#2584,.T.);
#3344=ORIENTED_EDGE('',*,*,#2568,.T.);
#3345=ORIENTED_EDGE('',*,*,#2585,.F.);
#3346=ORIENTED_EDGE('',*,*,#2567,.F.);
#3347=ORIENTED_EDGE('',*,*,#2586,.T.);
#3348=ORIENTED_EDGE('',*,*,#2569,.T.);
#3349=ORIENTED_EDGE('',*,*,#2584,.F.);
#3350=ORIENTED_EDGE('',*,*,#2566,.F.);
#3351=ORIENTED_EDGE('',*,*,#2587,.T.);
#3352=ORIENTED_EDGE('',*,*,#2570,.T.);
#3353=ORIENTED_EDGE('',*,*,#2586,.F.);
#3354=ORIENTED_EDGE('',*,*,#2565,.F.);
#3355=ORIENTED_EDGE('',*,*,#2588,.T.);
#3356=ORIENTED_EDGE('',*,*,#2571,.T.);
#3357=ORIENTED_EDGE('',*,*,#2587,.F.);
#3358=ORIENTED_EDGE('',*,*,#2564,.F.);
#3359=ORIENTED_EDGE('',*,*,#2589,.T.);
#3360=ORIENTED_EDGE('',*,*,#2572,.T.);
#3361=ORIENTED_EDGE('',*,*,#2588,.F.);
#3362=ORIENTED_EDGE('',*,*,#2563,.F.);
#3363=ORIENTED_EDGE('',*,*,#2590,.T.);
#3364=ORIENTED_EDGE('',*,*,#2573,.T.);
#3365=ORIENTED_EDGE('',*,*,#2589,.F.);
#3366=ORIENTED_EDGE('',*,*,#2562,.F.);
#3367=ORIENTED_EDGE('',*,*,#2591,.T.);
#3368=ORIENTED_EDGE('',*,*,#2574,.T.);
#3369=ORIENTED_EDGE('',*,*,#2590,.F.);
#3370=ORIENTED_EDGE('',*,*,#2561,.F.);
#3371=ORIENTED_EDGE('',*,*,#2585,.T.);
#3372=ORIENTED_EDGE('',*,*,#2575,.T.);
#3373=ORIENTED_EDGE('',*,*,#2591,.F.);
#3374=ORIENTED_EDGE('',*,*,#2592,.F.);
#3375=ORIENTED_EDGE('',*,*,#2593,.T.);
#3376=ORIENTED_EDGE('',*,*,#2576,.T.);
#3377=ORIENTED_EDGE('',*,*,#2594,.F.);
#3378=ORIENTED_EDGE('',*,*,#2595,.F.);
#3379=ORIENTED_EDGE('',*,*,#2596,.T.);
#3380=ORIENTED_EDGE('',*,*,#2577,.T.);
#3381=ORIENTED_EDGE('',*,*,#2593,.F.);
#3382=ORIENTED_EDGE('',*,*,#2597,.F.);
#3383=ORIENTED_EDGE('',*,*,#2598,.T.);
#3384=ORIENTED_EDGE('',*,*,#2578,.T.);
#3385=ORIENTED_EDGE('',*,*,#2596,.F.);
#3386=ORIENTED_EDGE('',*,*,#2599,.F.);
#3387=ORIENTED_EDGE('',*,*,#2600,.T.);
#3388=ORIENTED_EDGE('',*,*,#2579,.T.);
#3389=ORIENTED_EDGE('',*,*,#2598,.F.);
#3390=ORIENTED_EDGE('',*,*,#2601,.F.);
#3391=ORIENTED_EDGE('',*,*,#2602,.T.);
#3392=ORIENTED_EDGE('',*,*,#2580,.T.);
#3393=ORIENTED_EDGE('',*,*,#2600,.F.);
#3394=ORIENTED_EDGE('',*,*,#2603,.F.);
#3395=ORIENTED_EDGE('',*,*,#2604,.T.);
#3396=ORIENTED_EDGE('',*,*,#2581,.T.);
#3397=ORIENTED_EDGE('',*,*,#2602,.F.);
#3398=ORIENTED_EDGE('',*,*,#2605,.F.);
#3399=ORIENTED_EDGE('',*,*,#2606,.T.);
#3400=ORIENTED_EDGE('',*,*,#2582,.T.);
#3401=ORIENTED_EDGE('',*,*,#2604,.F.);
#3402=ORIENTED_EDGE('',*,*,#2607,.F.);
#3403=ORIENTED_EDGE('',*,*,#2594,.T.);
#3404=ORIENTED_EDGE('',*,*,#2583,.T.);
#3405=ORIENTED_EDGE('',*,*,#2606,.F.);
#3406=ORIENTED_EDGE('',*,*,#2592,.T.);
#3407=ORIENTED_EDGE('',*,*,#2607,.T.);
#3408=ORIENTED_EDGE('',*,*,#2605,.T.);
#3409=ORIENTED_EDGE('',*,*,#2603,.T.);
#3410=ORIENTED_EDGE('',*,*,#2601,.T.);
#3411=ORIENTED_EDGE('',*,*,#2599,.T.);
#3412=ORIENTED_EDGE('',*,*,#2597,.T.);
#3413=ORIENTED_EDGE('',*,*,#2595,.T.);
#3414=ORIENTED_EDGE('',*,*,#2608,.F.);
#3415=ORIENTED_EDGE('',*,*,#2609,.F.);
#3416=ORIENTED_EDGE('',*,*,#2610,.F.);
#3417=ORIENTED_EDGE('',*,*,#2611,.F.);
#3418=ORIENTED_EDGE('',*,*,#2612,.F.);
#3419=ORIENTED_EDGE('',*,*,#2613,.F.);
#3420=ORIENTED_EDGE('',*,*,#2614,.F.);
#3421=ORIENTED_EDGE('',*,*,#2615,.F.);
#3422=ORIENTED_EDGE('',*,*,#2616,.F.);
#3423=ORIENTED_EDGE('',*,*,#2617,.F.);
#3424=ORIENTED_EDGE('',*,*,#2618,.F.);
#3425=ORIENTED_EDGE('',*,*,#2619,.F.);
#3426=ORIENTED_EDGE('',*,*,#2620,.F.);
#3427=ORIENTED_EDGE('',*,*,#2621,.F.);
#3428=ORIENTED_EDGE('',*,*,#2622,.F.);
#3429=ORIENTED_EDGE('',*,*,#2545,.F.);
#3430=ORIENTED_EDGE('',*,*,#2623,.T.);
#3431=ORIENTED_EDGE('',*,*,#2608,.T.);
#3432=ORIENTED_EDGE('',*,*,#2624,.F.);
#3433=ORIENTED_EDGE('',*,*,#2559,.F.);
#3434=ORIENTED_EDGE('',*,*,#2625,.T.);
#3435=ORIENTED_EDGE('',*,*,#2609,.T.);
#3436=ORIENTED_EDGE('',*,*,#2623,.F.);
#3437=ORIENTED_EDGE('',*,*,#2558,.F.);
#3438=ORIENTED_EDGE('',*,*,#2626,.T.);
#3439=ORIENTED_EDGE('',*,*,#2610,.T.);
#3440=ORIENTED_EDGE('',*,*,#2625,.F.);
#3441=ORIENTED_EDGE('',*,*,#2557,.F.);
#3442=ORIENTED_EDGE('',*,*,#2627,.T.);
#3443=ORIENTED_EDGE('',*,*,#2611,.T.);
#3444=ORIENTED_EDGE('',*,*,#2626,.F.);
#3445=ORIENTED_EDGE('',*,*,#2556,.F.);
#3446=ORIENTED_EDGE('',*,*,#2628,.T.);
#3447=ORIENTED_EDGE('',*,*,#2612,.T.);
#3448=ORIENTED_EDGE('',*,*,#2627,.F.);
#3449=ORIENTED_EDGE('',*,*,#2555,.F.);
#3450=ORIENTED_EDGE('',*,*,#2629,.T.);
#3451=ORIENTED_EDGE('',*,*,#2613,.T.);
#3452=ORIENTED_EDGE('',*,*,#2628,.F.);
#3453=ORIENTED_EDGE('',*,*,#2554,.F.);
#3454=ORIENTED_EDGE('',*,*,#2630,.T.);
#3455=ORIENTED_EDGE('',*,*,#2614,.T.);
#3456=ORIENTED_EDGE('',*,*,#2629,.F.);
#3457=ORIENTED_EDGE('',*,*,#2553,.F.);
#3458=ORIENTED_EDGE('',*,*,#2631,.T.);
#3459=ORIENTED_EDGE('',*,*,#2615,.T.);
#3460=ORIENTED_EDGE('',*,*,#2630,.F.);
#3461=ORIENTED_EDGE('',*,*,#2552,.F.);
#3462=ORIENTED_EDGE('',*,*,#2632,.T.);
#3463=ORIENTED_EDGE('',*,*,#2616,.T.);
#3464=ORIENTED_EDGE('',*,*,#2631,.F.);
#3465=ORIENTED_EDGE('',*,*,#2551,.F.);
#3466=ORIENTED_EDGE('',*,*,#2633,.T.);
#3467=ORIENTED_EDGE('',*,*,#2617,.T.);
#3468=ORIENTED_EDGE('',*,*,#2632,.F.);
#3469=ORIENTED_EDGE('',*,*,#2550,.F.);
#3470=ORIENTED_EDGE('',*,*,#2634,.T.);
#3471=ORIENTED_EDGE('',*,*,#2618,.T.);
#3472=ORIENTED_EDGE('',*,*,#2633,.F.);
#3473=ORIENTED_EDGE('',*,*,#2549,.F.);
#3474=ORIENTED_EDGE('',*,*,#2635,.T.);
#3475=ORIENTED_EDGE('',*,*,#2619,.T.);
#3476=ORIENTED_EDGE('',*,*,#2634,.F.);
#3477=ORIENTED_EDGE('',*,*,#2548,.F.);
#3478=ORIENTED_EDGE('',*,*,#2636,.T.);
#3479=ORIENTED_EDGE('',*,*,#2620,.T.);
#3480=ORIENTED_EDGE('',*,*,#2635,.F.);
#3481=ORIENTED_EDGE('',*,*,#2547,.F.);
#3482=ORIENTED_EDGE('',*,*,#2637,.T.);
#3483=ORIENTED_EDGE('',*,*,#2621,.T.);
#3484=ORIENTED_EDGE('',*,*,#2636,.F.);
#3485=ORIENTED_EDGE('',*,*,#2546,.F.);
#3486=ORIENTED_EDGE('',*,*,#2624,.T.);
#3487=ORIENTED_EDGE('',*,*,#2622,.T.);
#3488=ORIENTED_EDGE('',*,*,#2637,.F.);
#3489=ORIENTED_EDGE('',*,*,#2638,.F.);
#3490=ORIENTED_EDGE('',*,*,#2639,.F.);
#3491=ORIENTED_EDGE('',*,*,#2640,.F.);
#3492=ORIENTED_EDGE('',*,*,#2641,.F.);
#3493=ORIENTED_EDGE('',*,*,#2642,.F.);
#3494=ORIENTED_EDGE('',*,*,#2643,.F.);
#3495=ORIENTED_EDGE('',*,*,#2644,.F.);
#3496=ORIENTED_EDGE('',*,*,#2645,.F.);
#3497=ORIENTED_EDGE('',*,*,#2646,.F.);
#3498=ORIENTED_EDGE('',*,*,#2647,.F.);
#3499=ORIENTED_EDGE('',*,*,#2648,.F.);
#3500=ORIENTED_EDGE('',*,*,#2649,.F.);
#3501=ORIENTED_EDGE('',*,*,#2650,.F.);
#3502=ORIENTED_EDGE('',*,*,#2651,.F.);
#3503=ORIENTED_EDGE('',*,*,#2652,.F.);
#3504=ORIENTED_EDGE('',*,*,#2653,.F.);
#3505=ORIENTED_EDGE('',*,*,#2654,.F.);
#3506=ORIENTED_EDGE('',*,*,#2655,.F.);
#3507=ORIENTED_EDGE('',*,*,#2656,.F.);
#3508=ORIENTED_EDGE('',*,*,#2657,.F.);
#3509=ORIENTED_EDGE('',*,*,#2658,.F.);
#3510=ORIENTED_EDGE('',*,*,#2659,.F.);
#3511=ORIENTED_EDGE('',*,*,#2660,.F.);
#3512=ORIENTED_EDGE('',*,*,#2661,.F.);
#3513=ORIENTED_EDGE('',*,*,#2662,.F.);
#3514=ORIENTED_EDGE('',*,*,#2663,.F.);
#3515=ORIENTED_EDGE('',*,*,#2519,.F.);
#3516=ORIENTED_EDGE('',*,*,#2664,.T.);
#3517=ORIENTED_EDGE('',*,*,#2638,.T.);
#3518=ORIENTED_EDGE('',*,*,#2665,.F.);
#3519=ORIENTED_EDGE('',*,*,#2544,.F.);
#3520=ORIENTED_EDGE('',*,*,#2666,.T.);
#3521=ORIENTED_EDGE('',*,*,#2639,.T.);
#3522=ORIENTED_EDGE('',*,*,#2664,.F.);
#3523=ORIENTED_EDGE('',*,*,#2543,.F.);
#3524=ORIENTED_EDGE('',*,*,#2667,.T.);
#3525=ORIENTED_EDGE('',*,*,#2640,.T.);
#3526=ORIENTED_EDGE('',*,*,#2666,.F.);
#3527=ORIENTED_EDGE('',*,*,#2542,.F.);
#3528=ORIENTED_EDGE('',*,*,#2668,.T.);
#3529=ORIENTED_EDGE('',*,*,#2641,.T.);
#3530=ORIENTED_EDGE('',*,*,#2667,.F.);
#3531=ORIENTED_EDGE('',*,*,#2541,.F.);
#3532=ORIENTED_EDGE('',*,*,#2669,.T.);
#3533=ORIENTED_EDGE('',*,*,#2642,.T.);
#3534=ORIENTED_EDGE('',*,*,#2668,.F.);
#3535=ORIENTED_EDGE('',*,*,#2540,.F.);
#3536=ORIENTED_EDGE('',*,*,#2670,.T.);
#3537=ORIENTED_EDGE('',*,*,#2643,.T.);
#3538=ORIENTED_EDGE('',*,*,#2669,.F.);
#3539=ORIENTED_EDGE('',*,*,#2539,.F.);
#3540=ORIENTED_EDGE('',*,*,#2671,.T.);
#3541=ORIENTED_EDGE('',*,*,#2644,.T.);
#3542=ORIENTED_EDGE('',*,*,#2670,.F.);
#3543=ORIENTED_EDGE('',*,*,#2538,.F.);
#3544=ORIENTED_EDGE('',*,*,#2672,.T.);
#3545=ORIENTED_EDGE('',*,*,#2645,.T.);
#3546=ORIENTED_EDGE('',*,*,#2671,.F.);
#3547=ORIENTED_EDGE('',*,*,#2537,.F.);
#3548=ORIENTED_EDGE('',*,*,#2673,.T.);
#3549=ORIENTED_EDGE('',*,*,#2646,.T.);
#3550=ORIENTED_EDGE('',*,*,#2672,.F.);
#3551=ORIENTED_EDGE('',*,*,#2536,.F.);
#3552=ORIENTED_EDGE('',*,*,#2674,.T.);
#3553=ORIENTED_EDGE('',*,*,#2647,.T.);
#3554=ORIENTED_EDGE('',*,*,#2673,.F.);
#3555=ORIENTED_EDGE('',*,*,#2535,.F.);
#3556=ORIENTED_EDGE('',*,*,#2675,.T.);
#3557=ORIENTED_EDGE('',*,*,#2648,.T.);
#3558=ORIENTED_EDGE('',*,*,#2674,.F.);
#3559=ORIENTED_EDGE('',*,*,#2534,.F.);
#3560=ORIENTED_EDGE('',*,*,#2676,.T.);
#3561=ORIENTED_EDGE('',*,*,#2649,.T.);
#3562=ORIENTED_EDGE('',*,*,#2675,.F.);
#3563=ORIENTED_EDGE('',*,*,#2533,.F.);
#3564=ORIENTED_EDGE('',*,*,#2677,.T.);
#3565=ORIENTED_EDGE('',*,*,#2650,.T.);
#3566=ORIENTED_EDGE('',*,*,#2676,.F.);
#3567=ORIENTED_EDGE('',*,*,#2532,.F.);
#3568=ORIENTED_EDGE('',*,*,#2678,.T.);
#3569=ORIENTED_EDGE('',*,*,#2651,.T.);
#3570=ORIENTED_EDGE('',*,*,#2677,.F.);
#3571=ORIENTED_EDGE('',*,*,#2531,.F.);
#3572=ORIENTED_EDGE('',*,*,#2679,.T.);
#3573=ORIENTED_EDGE('',*,*,#2652,.T.);
#3574=ORIENTED_EDGE('',*,*,#2678,.F.);
#3575=ORIENTED_EDGE('',*,*,#2530,.F.);
#3576=ORIENTED_EDGE('',*,*,#2680,.T.);
#3577=ORIENTED_EDGE('',*,*,#2653,.T.);
#3578=ORIENTED_EDGE('',*,*,#2679,.F.);
#3579=ORIENTED_EDGE('',*,*,#2529,.F.);
#3580=ORIENTED_EDGE('',*,*,#2681,.T.);
#3581=ORIENTED_EDGE('',*,*,#2654,.T.);
#3582=ORIENTED_EDGE('',*,*,#2680,.F.);
#3583=ORIENTED_EDGE('',*,*,#2528,.F.);
#3584=ORIENTED_EDGE('',*,*,#2682,.T.);
#3585=ORIENTED_EDGE('',*,*,#2655,.T.);
#3586=ORIENTED_EDGE('',*,*,#2681,.F.);
#3587=ORIENTED_EDGE('',*,*,#2527,.F.);
#3588=ORIENTED_EDGE('',*,*,#2683,.T.);
#3589=ORIENTED_EDGE('',*,*,#2656,.T.);
#3590=ORIENTED_EDGE('',*,*,#2682,.F.);
#3591=ORIENTED_EDGE('',*,*,#2526,.F.);
#3592=ORIENTED_EDGE('',*,*,#2684,.T.);
#3593=ORIENTED_EDGE('',*,*,#2657,.T.);
#3594=ORIENTED_EDGE('',*,*,#2683,.F.);
#3595=ORIENTED_EDGE('',*,*,#2525,.F.);
#3596=ORIENTED_EDGE('',*,*,#2685,.T.);
#3597=ORIENTED_EDGE('',*,*,#2658,.T.);
#3598=ORIENTED_EDGE('',*,*,#2684,.F.);
#3599=ORIENTED_EDGE('',*,*,#2524,.F.);
#3600=ORIENTED_EDGE('',*,*,#2686,.T.);
#3601=ORIENTED_EDGE('',*,*,#2659,.T.);
#3602=ORIENTED_EDGE('',*,*,#2685,.F.);
#3603=ORIENTED_EDGE('',*,*,#2523,.F.);
#3604=ORIENTED_EDGE('',*,*,#2687,.T.);
#3605=ORIENTED_EDGE('',*,*,#2660,.T.);
#3606=ORIENTED_EDGE('',*,*,#2686,.F.);
#3607=ORIENTED_EDGE('',*,*,#2522,.F.);
#3608=ORIENTED_EDGE('',*,*,#2688,.T.);
#3609=ORIENTED_EDGE('',*,*,#2661,.T.);
#3610=ORIENTED_EDGE('',*,*,#2687,.F.);
#3611=ORIENTED_EDGE('',*,*,#2521,.F.);
#3612=ORIENTED_EDGE('',*,*,#2689,.T.);
#3613=ORIENTED_EDGE('',*,*,#2662,.T.);
#3614=ORIENTED_EDGE('',*,*,#2688,.F.);
#3615=ORIENTED_EDGE('',*,*,#2520,.F.);
#3616=ORIENTED_EDGE('',*,*,#2665,.T.);
#3617=ORIENTED_EDGE('',*,*,#2663,.T.);
#3618=ORIENTED_EDGE('',*,*,#2689,.F.);
#3619=ORIENTED_EDGE('',*,*,#2690,.F.);
#3620=ORIENTED_EDGE('',*,*,#2691,.F.);
#3621=ORIENTED_EDGE('',*,*,#2692,.F.);
#3622=ORIENTED_EDGE('',*,*,#2693,.F.);
#3623=ORIENTED_EDGE('',*,*,#2515,.F.);
#3624=ORIENTED_EDGE('',*,*,#2694,.T.);
#3625=ORIENTED_EDGE('',*,*,#2690,.T.);
#3626=ORIENTED_EDGE('',*,*,#2695,.F.);
#3627=ORIENTED_EDGE('',*,*,#2518,.F.);
#3628=ORIENTED_EDGE('',*,*,#2696,.T.);
#3629=ORIENTED_EDGE('',*,*,#2691,.T.);
#3630=ORIENTED_EDGE('',*,*,#2694,.F.);
#3631=ORIENTED_EDGE('',*,*,#2517,.F.);
#3632=ORIENTED_EDGE('',*,*,#2697,.T.);
#3633=ORIENTED_EDGE('',*,*,#2692,.T.);
#3634=ORIENTED_EDGE('',*,*,#2696,.F.);
#3635=ORIENTED_EDGE('',*,*,#2516,.F.);
#3636=ORIENTED_EDGE('',*,*,#2695,.T.);
#3637=ORIENTED_EDGE('',*,*,#2693,.T.);
#3638=ORIENTED_EDGE('',*,*,#2697,.F.);
#3639=ORIENTED_EDGE('',*,*,#2698,.F.);
#3640=ORIENTED_EDGE('',*,*,#2699,.F.);
#3641=ORIENTED_EDGE('',*,*,#2700,.F.);
#3642=ORIENTED_EDGE('',*,*,#2701,.F.);
#3643=ORIENTED_EDGE('',*,*,#2702,.F.);
#3644=ORIENTED_EDGE('',*,*,#2703,.F.);
#3645=ORIENTED_EDGE('',*,*,#2704,.F.);
#3646=ORIENTED_EDGE('',*,*,#2705,.F.);
#3647=ORIENTED_EDGE('',*,*,#2706,.F.);
#3648=ORIENTED_EDGE('',*,*,#2707,.F.);
#3649=ORIENTED_EDGE('',*,*,#2708,.F.);
#3650=ORIENTED_EDGE('',*,*,#2709,.F.);
#3651=ORIENTED_EDGE('',*,*,#2710,.F.);
#3652=ORIENTED_EDGE('',*,*,#2711,.F.);
#3653=ORIENTED_EDGE('',*,*,#2712,.F.);
#3654=ORIENTED_EDGE('',*,*,#2713,.F.);
#3655=ORIENTED_EDGE('',*,*,#2714,.F.);
#3656=ORIENTED_EDGE('',*,*,#2715,.F.);
#3657=ORIENTED_EDGE('',*,*,#2716,.F.);
#3658=ORIENTED_EDGE('',*,*,#2717,.F.);
#3659=ORIENTED_EDGE('',*,*,#2718,.F.);
#3660=ORIENTED_EDGE('',*,*,#2719,.F.);
#3661=ORIENTED_EDGE('',*,*,#2493,.F.);
#3662=ORIENTED_EDGE('',*,*,#2720,.T.);
#3663=ORIENTED_EDGE('',*,*,#2698,.T.);
#3664=ORIENTED_EDGE('',*,*,#2721,.F.);
#3665=ORIENTED_EDGE('',*,*,#2514,.F.);
#3666=ORIENTED_EDGE('',*,*,#2722,.T.);
#3667=ORIENTED_EDGE('',*,*,#2699,.T.);
#3668=ORIENTED_EDGE('',*,*,#2720,.F.);
#3669=ORIENTED_EDGE('',*,*,#2513,.F.);
#3670=ORIENTED_EDGE('',*,*,#2723,.T.);
#3671=ORIENTED_EDGE('',*,*,#2700,.T.);
#3672=ORIENTED_EDGE('',*,*,#2722,.F.);
#3673=ORIENTED_EDGE('',*,*,#2512,.F.);
#3674=ORIENTED_EDGE('',*,*,#2724,.T.);
#3675=ORIENTED_EDGE('',*,*,#2701,.T.);
#3676=ORIENTED_EDGE('',*,*,#2723,.F.);
#3677=ORIENTED_EDGE('',*,*,#2511,.F.);
#3678=ORIENTED_EDGE('',*,*,#2725,.T.);
#3679=ORIENTED_EDGE('',*,*,#2702,.T.);
#3680=ORIENTED_EDGE('',*,*,#2724,.F.);
#3681=ORIENTED_EDGE('',*,*,#2510,.F.);
#3682=ORIENTED_EDGE('',*,*,#2726,.T.);
#3683=ORIENTED_EDGE('',*,*,#2703,.T.);
#3684=ORIENTED_EDGE('',*,*,#2725,.F.);
#3685=ORIENTED_EDGE('',*,*,#2509,.F.);
#3686=ORIENTED_EDGE('',*,*,#2727,.T.);
#3687=ORIENTED_EDGE('',*,*,#2704,.T.);
#3688=ORIENTED_EDGE('',*,*,#2726,.F.);
#3689=ORIENTED_EDGE('',*,*,#2508,.F.);
#3690=ORIENTED_EDGE('',*,*,#2728,.T.);
#3691=ORIENTED_EDGE('',*,*,#2705,.T.);
#3692=ORIENTED_EDGE('',*,*,#2727,.F.);
#3693=ORIENTED_EDGE('',*,*,#2507,.F.);
#3694=ORIENTED_EDGE('',*,*,#2729,.T.);
#3695=ORIENTED_EDGE('',*,*,#2706,.T.);
#3696=ORIENTED_EDGE('',*,*,#2728,.F.);
#3697=ORIENTED_EDGE('',*,*,#2506,.F.);
#3698=ORIENTED_EDGE('',*,*,#2730,.T.);
#3699=ORIENTED_EDGE('',*,*,#2707,.T.);
#3700=ORIENTED_EDGE('',*,*,#2729,.F.);
#3701=ORIENTED_EDGE('',*,*,#2505,.F.);
#3702=ORIENTED_EDGE('',*,*,#2731,.T.);
#3703=ORIENTED_EDGE('',*,*,#2708,.T.);
#3704=ORIENTED_EDGE('',*,*,#2730,.F.);
#3705=ORIENTED_EDGE('',*,*,#2504,.F.);
#3706=ORIENTED_EDGE('',*,*,#2732,.T.);
#3707=ORIENTED_EDGE('',*,*,#2709,.T.);
#3708=ORIENTED_EDGE('',*,*,#2731,.F.);
#3709=ORIENTED_EDGE('',*,*,#2503,.F.);
#3710=ORIENTED_EDGE('',*,*,#2733,.T.);
#3711=ORIENTED_EDGE('',*,*,#2710,.T.);
#3712=ORIENTED_EDGE('',*,*,#2732,.F.);
#3713=ORIENTED_EDGE('',*,*,#2502,.F.);
#3714=ORIENTED_EDGE('',*,*,#2734,.T.);
#3715=ORIENTED_EDGE('',*,*,#2711,.T.);
#3716=ORIENTED_EDGE('',*,*,#2733,.F.);
#3717=ORIENTED_EDGE('',*,*,#2501,.F.);
#3718=ORIENTED_EDGE('',*,*,#2735,.T.);
#3719=ORIENTED_EDGE('',*,*,#2712,.T.);
#3720=ORIENTED_EDGE('',*,*,#2734,.F.);
#3721=ORIENTED_EDGE('',*,*,#2500,.F.);
#3722=ORIENTED_EDGE('',*,*,#2736,.T.);
#3723=ORIENTED_EDGE('',*,*,#2713,.T.);
#3724=ORIENTED_EDGE('',*,*,#2735,.F.);
#3725=ORIENTED_EDGE('',*,*,#2499,.F.);
#3726=ORIENTED_EDGE('',*,*,#2737,.T.);
#3727=ORIENTED_EDGE('',*,*,#2714,.T.);
#3728=ORIENTED_EDGE('',*,*,#2736,.F.);
#3729=ORIENTED_EDGE('',*,*,#2498,.F.);
#3730=ORIENTED_EDGE('',*,*,#2738,.T.);
#3731=ORIENTED_EDGE('',*,*,#2715,.T.);
#3732=ORIENTED_EDGE('',*,*,#2737,.F.);
#3733=ORIENTED_EDGE('',*,*,#2497,.F.);
#3734=ORIENTED_EDGE('',*,*,#2739,.T.);
#3735=ORIENTED_EDGE('',*,*,#2716,.T.);
#3736=ORIENTED_EDGE('',*,*,#2738,.F.);
#3737=ORIENTED_EDGE('',*,*,#2496,.F.);
#3738=ORIENTED_EDGE('',*,*,#2740,.T.);
#3739=ORIENTED_EDGE('',*,*,#2717,.T.);
#3740=ORIENTED_EDGE('',*,*,#2739,.F.);
#3741=ORIENTED_EDGE('',*,*,#2495,.F.);
#3742=ORIENTED_EDGE('',*,*,#2741,.T.);
#3743=ORIENTED_EDGE('',*,*,#2718,.T.);
#3744=ORIENTED_EDGE('',*,*,#2740,.F.);
#3745=ORIENTED_EDGE('',*,*,#2494,.F.);
#3746=ORIENTED_EDGE('',*,*,#2721,.T.);
#3747=ORIENTED_EDGE('',*,*,#2719,.T.);
#3748=ORIENTED_EDGE('',*,*,#2741,.F.);
#3749=ORIENTED_EDGE('',*,*,#2742,.F.);
#3750=ORIENTED_EDGE('',*,*,#2743,.F.);
#3751=ORIENTED_EDGE('',*,*,#2744,.F.);
#3752=ORIENTED_EDGE('',*,*,#2745,.F.);
#3753=ORIENTED_EDGE('',*,*,#2746,.F.);
#3754=ORIENTED_EDGE('',*,*,#2747,.F.);
#3755=ORIENTED_EDGE('',*,*,#2748,.F.);
#3756=ORIENTED_EDGE('',*,*,#2486,.F.);
#3757=ORIENTED_EDGE('',*,*,#2749,.T.);
#3758=ORIENTED_EDGE('',*,*,#2742,.T.);
#3759=ORIENTED_EDGE('',*,*,#2750,.F.);
#3760=ORIENTED_EDGE('',*,*,#2492,.F.);
#3761=ORIENTED_EDGE('',*,*,#2751,.T.);
#3762=ORIENTED_EDGE('',*,*,#2743,.T.);
#3763=ORIENTED_EDGE('',*,*,#2749,.F.);
#3764=ORIENTED_EDGE('',*,*,#2491,.F.);
#3765=ORIENTED_EDGE('',*,*,#2752,.T.);
#3766=ORIENTED_EDGE('',*,*,#2744,.T.);
#3767=ORIENTED_EDGE('',*,*,#2751,.F.);
#3768=ORIENTED_EDGE('',*,*,#2490,.F.);
#3769=ORIENTED_EDGE('',*,*,#2753,.T.);
#3770=ORIENTED_EDGE('',*,*,#2745,.T.);
#3771=ORIENTED_EDGE('',*,*,#2752,.F.);
#3772=ORIENTED_EDGE('',*,*,#2489,.F.);
#3773=ORIENTED_EDGE('',*,*,#2754,.T.);
#3774=ORIENTED_EDGE('',*,*,#2746,.T.);
#3775=ORIENTED_EDGE('',*,*,#2753,.F.);
#3776=ORIENTED_EDGE('',*,*,#2488,.F.);
#3777=ORIENTED_EDGE('',*,*,#2755,.T.);
#3778=ORIENTED_EDGE('',*,*,#2747,.T.);
#3779=ORIENTED_EDGE('',*,*,#2754,.F.);
#3780=ORIENTED_EDGE('',*,*,#2487,.F.);
#3781=ORIENTED_EDGE('',*,*,#2750,.T.);
#3782=ORIENTED_EDGE('',*,*,#2748,.T.);
#3783=ORIENTED_EDGE('',*,*,#2755,.F.);
#3784=ORIENTED_EDGE('',*,*,#2756,.F.);
#3785=ORIENTED_EDGE('',*,*,#2757,.F.);
#3786=ORIENTED_EDGE('',*,*,#2758,.F.);
#3787=ORIENTED_EDGE('',*,*,#2759,.F.);
#3788=ORIENTED_EDGE('',*,*,#2760,.F.);
#3789=ORIENTED_EDGE('',*,*,#2761,.F.);
#3790=ORIENTED_EDGE('',*,*,#2762,.F.);
#3791=ORIENTED_EDGE('',*,*,#2763,.F.);
#3792=ORIENTED_EDGE('',*,*,#2764,.F.);
#3793=ORIENTED_EDGE('',*,*,#2765,.F.);
#3794=ORIENTED_EDGE('',*,*,#2766,.F.);
#3795=ORIENTED_EDGE('',*,*,#2767,.F.);
#3796=ORIENTED_EDGE('',*,*,#2768,.F.);
#3797=ORIENTED_EDGE('',*,*,#2769,.F.);
#3798=ORIENTED_EDGE('',*,*,#2770,.F.);
#3799=ORIENTED_EDGE('',*,*,#2771,.F.);
#3800=ORIENTED_EDGE('',*,*,#2772,.F.);
#3801=ORIENTED_EDGE('',*,*,#2773,.F.);
#3802=ORIENTED_EDGE('',*,*,#2774,.F.);
#3803=ORIENTED_EDGE('',*,*,#2775,.F.);
#3804=ORIENTED_EDGE('',*,*,#2776,.F.);
#3805=ORIENTED_EDGE('',*,*,#2777,.F.);
#3806=ORIENTED_EDGE('',*,*,#2778,.F.);
#3807=ORIENTED_EDGE('',*,*,#2779,.F.);
#3808=ORIENTED_EDGE('',*,*,#2780,.F.);
#3809=ORIENTED_EDGE('',*,*,#2781,.F.);
#3810=ORIENTED_EDGE('',*,*,#2782,.F.);
#3811=ORIENTED_EDGE('',*,*,#2783,.F.);
#3812=ORIENTED_EDGE('',*,*,#2784,.F.);
#3813=ORIENTED_EDGE('',*,*,#2785,.F.);
#3814=ORIENTED_EDGE('',*,*,#2786,.F.);
#3815=ORIENTED_EDGE('',*,*,#2787,.F.);
#3816=ORIENTED_EDGE('',*,*,#2788,.F.);
#3817=ORIENTED_EDGE('',*,*,#2453,.F.);
#3818=ORIENTED_EDGE('',*,*,#2789,.T.);
#3819=ORIENTED_EDGE('',*,*,#2756,.T.);
#3820=ORIENTED_EDGE('',*,*,#2790,.F.);
#3821=ORIENTED_EDGE('',*,*,#2485,.F.);
#3822=ORIENTED_EDGE('',*,*,#2791,.T.);
#3823=ORIENTED_EDGE('',*,*,#2757,.T.);
#3824=ORIENTED_EDGE('',*,*,#2789,.F.);
#3825=ORIENTED_EDGE('',*,*,#2484,.F.);
#3826=ORIENTED_EDGE('',*,*,#2792,.T.);
#3827=ORIENTED_EDGE('',*,*,#2758,.T.);
#3828=ORIENTED_EDGE('',*,*,#2791,.F.);
#3829=ORIENTED_EDGE('',*,*,#2483,.F.);
#3830=ORIENTED_EDGE('',*,*,#2793,.T.);
#3831=ORIENTED_EDGE('',*,*,#2759,.T.);
#3832=ORIENTED_EDGE('',*,*,#2792,.F.);
#3833=ORIENTED_EDGE('',*,*,#2482,.F.);
#3834=ORIENTED_EDGE('',*,*,#2794,.T.);
#3835=ORIENTED_EDGE('',*,*,#2760,.T.);
#3836=ORIENTED_EDGE('',*,*,#2793,.F.);
#3837=ORIENTED_EDGE('',*,*,#2481,.F.);
#3838=ORIENTED_EDGE('',*,*,#2795,.T.);
#3839=ORIENTED_EDGE('',*,*,#2761,.T.);
#3840=ORIENTED_EDGE('',*,*,#2794,.F.);
#3841=ORIENTED_EDGE('',*,*,#2480,.F.);
#3842=ORIENTED_EDGE('',*,*,#2796,.T.);
#3843=ORIENTED_EDGE('',*,*,#2762,.T.);
#3844=ORIENTED_EDGE('',*,*,#2795,.F.);
#3845=ORIENTED_EDGE('',*,*,#2479,.F.);
#3846=ORIENTED_EDGE('',*,*,#2797,.T.);
#3847=ORIENTED_EDGE('',*,*,#2763,.T.);
#3848=ORIENTED_EDGE('',*,*,#2796,.F.);
#3849=ORIENTED_EDGE('',*,*,#2478,.F.);
#3850=ORIENTED_EDGE('',*,*,#2798,.T.);
#3851=ORIENTED_EDGE('',*,*,#2764,.T.);
#3852=ORIENTED_EDGE('',*,*,#2797,.F.);
#3853=ORIENTED_EDGE('',*,*,#2477,.F.);
#3854=ORIENTED_EDGE('',*,*,#2799,.T.);
#3855=ORIENTED_EDGE('',*,*,#2765,.T.);
#3856=ORIENTED_EDGE('',*,*,#2798,.F.);
#3857=ORIENTED_EDGE('',*,*,#2476,.F.);
#3858=ORIENTED_EDGE('',*,*,#2800,.T.);
#3859=ORIENTED_EDGE('',*,*,#2766,.T.);
#3860=ORIENTED_EDGE('',*,*,#2799,.F.);
#3861=ORIENTED_EDGE('',*,*,#2475,.F.);
#3862=ORIENTED_EDGE('',*,*,#2801,.T.);
#3863=ORIENTED_EDGE('',*,*,#2767,.T.);
#3864=ORIENTED_EDGE('',*,*,#2800,.F.);
#3865=ORIENTED_EDGE('',*,*,#2474,.F.);
#3866=ORIENTED_EDGE('',*,*,#2802,.T.);
#3867=ORIENTED_EDGE('',*,*,#2768,.T.);
#3868=ORIENTED_EDGE('',*,*,#2801,.F.);
#3869=ORIENTED_EDGE('',*,*,#2473,.F.);
#3870=ORIENTED_EDGE('',*,*,#2803,.T.);
#3871=ORIENTED_EDGE('',*,*,#2769,.T.);
#3872=ORIENTED_EDGE('',*,*,#2802,.F.);
#3873=ORIENTED_EDGE('',*,*,#2472,.F.);
#3874=ORIENTED_EDGE('',*,*,#2804,.T.);
#3875=ORIENTED_EDGE('',*,*,#2770,.T.);
#3876=ORIENTED_EDGE('',*,*,#2803,.F.);
#3877=ORIENTED_EDGE('',*,*,#2471,.F.);
#3878=ORIENTED_EDGE('',*,*,#2805,.T.);
#3879=ORIENTED_EDGE('',*,*,#2771,.T.);
#3880=ORIENTED_EDGE('',*,*,#2804,.F.);
#3881=ORIENTED_EDGE('',*,*,#2470,.F.);
#3882=ORIENTED_EDGE('',*,*,#2806,.T.);
#3883=ORIENTED_EDGE('',*,*,#2772,.T.);
#3884=ORIENTED_EDGE('',*,*,#2805,.F.);
#3885=ORIENTED_EDGE('',*,*,#2469,.F.);
#3886=ORIENTED_EDGE('',*,*,#2807,.T.);
#3887=ORIENTED_EDGE('',*,*,#2773,.T.);
#3888=ORIENTED_EDGE('',*,*,#2806,.F.);
#3889=ORIENTED_EDGE('',*,*,#2468,.F.);
#3890=ORIENTED_EDGE('',*,*,#2808,.T.);
#3891=ORIENTED_EDGE('',*,*,#2774,.T.);
#3892=ORIENTED_EDGE('',*,*,#2807,.F.);
#3893=ORIENTED_EDGE('',*,*,#2467,.F.);
#3894=ORIENTED_EDGE('',*,*,#2809,.T.);
#3895=ORIENTED_EDGE('',*,*,#2775,.T.);
#3896=ORIENTED_EDGE('',*,*,#2808,.F.);
#3897=ORIENTED_EDGE('',*,*,#2466,.F.);
#3898=ORIENTED_EDGE('',*,*,#2810,.T.);
#3899=ORIENTED_EDGE('',*,*,#2776,.T.);
#3900=ORIENTED_EDGE('',*,*,#2809,.F.);
#3901=ORIENTED_EDGE('',*,*,#2465,.F.);
#3902=ORIENTED_EDGE('',*,*,#2811,.T.);
#3903=ORIENTED_EDGE('',*,*,#2777,.T.);
#3904=ORIENTED_EDGE('',*,*,#2810,.F.);
#3905=ORIENTED_EDGE('',*,*,#2464,.F.);
#3906=ORIENTED_EDGE('',*,*,#2812,.T.);
#3907=ORIENTED_EDGE('',*,*,#2778,.T.);
#3908=ORIENTED_EDGE('',*,*,#2811,.F.);
#3909=ORIENTED_EDGE('',*,*,#2463,.F.);
#3910=ORIENTED_EDGE('',*,*,#2813,.T.);
#3911=ORIENTED_EDGE('',*,*,#2779,.T.);
#3912=ORIENTED_EDGE('',*,*,#2812,.F.);
#3913=ORIENTED_EDGE('',*,*,#2462,.F.);
#3914=ORIENTED_EDGE('',*,*,#2814,.T.);
#3915=ORIENTED_EDGE('',*,*,#2780,.T.);
#3916=ORIENTED_EDGE('',*,*,#2813,.F.);
#3917=ORIENTED_EDGE('',*,*,#2461,.F.);
#3918=ORIENTED_EDGE('',*,*,#2815,.T.);
#3919=ORIENTED_EDGE('',*,*,#2781,.T.);
#3920=ORIENTED_EDGE('',*,*,#2814,.F.);
#3921=ORIENTED_EDGE('',*,*,#2460,.F.);
#3922=ORIENTED_EDGE('',*,*,#2816,.T.);
#3923=ORIENTED_EDGE('',*,*,#2782,.T.);
#3924=ORIENTED_EDGE('',*,*,#2815,.F.);
#3925=ORIENTED_EDGE('',*,*,#2459,.F.);
#3926=ORIENTED_EDGE('',*,*,#2817,.T.);
#3927=ORIENTED_EDGE('',*,*,#2783,.T.);
#3928=ORIENTED_EDGE('',*,*,#2816,.F.);
#3929=ORIENTED_EDGE('',*,*,#2458,.F.);
#3930=ORIENTED_EDGE('',*,*,#2818,.T.);
#3931=ORIENTED_EDGE('',*,*,#2784,.T.);
#3932=ORIENTED_EDGE('',*,*,#2817,.F.);
#3933=ORIENTED_EDGE('',*,*,#2457,.F.);
#3934=ORIENTED_EDGE('',*,*,#2819,.T.);
#3935=ORIENTED_EDGE('',*,*,#2785,.T.);
#3936=ORIENTED_EDGE('',*,*,#2818,.F.);
#3937=ORIENTED_EDGE('',*,*,#2456,.F.);
#3938=ORIENTED_EDGE('',*,*,#2820,.T.);
#3939=ORIENTED_EDGE('',*,*,#2786,.T.);
#3940=ORIENTED_EDGE('',*,*,#2819,.F.);
#3941=ORIENTED_EDGE('',*,*,#2455,.F.);
#3942=ORIENTED_EDGE('',*,*,#2821,.T.);
#3943=ORIENTED_EDGE('',*,*,#2787,.T.);
#3944=ORIENTED_EDGE('',*,*,#2820,.F.);
#3945=ORIENTED_EDGE('',*,*,#2454,.F.);
#3946=ORIENTED_EDGE('',*,*,#2790,.T.);
#3947=ORIENTED_EDGE('',*,*,#2788,.T.);
#3948=ORIENTED_EDGE('',*,*,#2821,.F.);
#3949=ORIENTED_EDGE('',*,*,#2822,.F.);
#3950=ORIENTED_EDGE('',*,*,#2823,.F.);
#3951=ORIENTED_EDGE('',*,*,#2824,.F.);
#3952=ORIENTED_EDGE('',*,*,#2825,.F.);
#3953=ORIENTED_EDGE('',*,*,#2826,.F.);
#3954=ORIENTED_EDGE('',*,*,#2827,.F.);
#3955=ORIENTED_EDGE('',*,*,#2828,.F.);
#3956=ORIENTED_EDGE('',*,*,#2829,.F.);
#3957=ORIENTED_EDGE('',*,*,#2830,.F.);
#3958=ORIENTED_EDGE('',*,*,#2831,.F.);
#3959=ORIENTED_EDGE('',*,*,#2832,.F.);
#3960=ORIENTED_EDGE('',*,*,#2833,.F.);
#3961=ORIENTED_EDGE('',*,*,#2834,.F.);
#3962=ORIENTED_EDGE('',*,*,#2835,.F.);
#3963=ORIENTED_EDGE('',*,*,#2836,.F.);
#3964=ORIENTED_EDGE('',*,*,#2837,.F.);
#3965=ORIENTED_EDGE('',*,*,#2838,.F.);
#3966=ORIENTED_EDGE('',*,*,#2839,.F.);
#3967=ORIENTED_EDGE('',*,*,#2840,.F.);
#3968=ORIENTED_EDGE('',*,*,#2437,.F.);
#3969=ORIENTED_EDGE('',*,*,#2841,.T.);
#3970=ORIENTED_EDGE('',*,*,#2822,.T.);
#3971=ORIENTED_EDGE('',*,*,#2842,.F.);
#3972=ORIENTED_EDGE('',*,*,#2452,.F.);
#3973=ORIENTED_EDGE('',*,*,#2843,.T.);
#3974=ORIENTED_EDGE('',*,*,#2823,.T.);
#3975=ORIENTED_EDGE('',*,*,#2841,.F.);
#3976=ORIENTED_EDGE('',*,*,#2451,.F.);
#3977=ORIENTED_EDGE('',*,*,#2844,.T.);
#3978=ORIENTED_EDGE('',*,*,#2824,.T.);
#3979=ORIENTED_EDGE('',*,*,#2843,.F.);
#3980=ORIENTED_EDGE('',*,*,#2450,.F.);
#3981=ORIENTED_EDGE('',*,*,#2845,.T.);
#3982=ORIENTED_EDGE('',*,*,#2825,.T.);
#3983=ORIENTED_EDGE('',*,*,#2844,.F.);
#3984=ORIENTED_EDGE('',*,*,#2449,.F.);
#3985=ORIENTED_EDGE('',*,*,#2846,.T.);
#3986=ORIENTED_EDGE('',*,*,#2826,.T.);
#3987=ORIENTED_EDGE('',*,*,#2845,.F.);
#3988=ORIENTED_EDGE('',*,*,#2448,.F.);
#3989=ORIENTED_EDGE('',*,*,#2847,.T.);
#3990=ORIENTED_EDGE('',*,*,#2827,.T.);
#3991=ORIENTED_EDGE('',*,*,#2846,.F.);
#3992=ORIENTED_EDGE('',*,*,#2447,.F.);
#3993=ORIENTED_EDGE('',*,*,#2848,.T.);
#3994=ORIENTED_EDGE('',*,*,#2828,.T.);
#3995=ORIENTED_EDGE('',*,*,#2847,.F.);
#3996=ORIENTED_EDGE('',*,*,#2446,.F.);
#3997=ORIENTED_EDGE('',*,*,#2849,.T.);
#3998=ORIENTED_EDGE('',*,*,#2829,.T.);
#3999=ORIENTED_EDGE('',*,*,#2848,.F.);
#4000=ORIENTED_EDGE('',*,*,#2445,.F.);
#4001=ORIENTED_EDGE('',*,*,#2850,.T.);
#4002=ORIENTED_EDGE('',*,*,#2830,.T.);
#4003=ORIENTED_EDGE('',*,*,#2849,.F.);
#4004=ORIENTED_EDGE('',*,*,#2444,.F.);
#4005=ORIENTED_EDGE('',*,*,#2851,.T.);
#4006=ORIENTED_EDGE('',*,*,#2831,.T.);
#4007=ORIENTED_EDGE('',*,*,#2850,.F.);
#4008=ORIENTED_EDGE('',*,*,#2443,.F.);
#4009=ORIENTED_EDGE('',*,*,#2852,.T.);
#4010=ORIENTED_EDGE('',*,*,#2832,.T.);
#4011=ORIENTED_EDGE('',*,*,#2851,.F.);
#4012=ORIENTED_EDGE('',*,*,#2442,.F.);
#4013=ORIENTED_EDGE('',*,*,#2853,.T.);
#4014=ORIENTED_EDGE('',*,*,#2833,.T.);
#4015=ORIENTED_EDGE('',*,*,#2852,.F.);
#4016=ORIENTED_EDGE('',*,*,#2441,.F.);
#4017=ORIENTED_EDGE('',*,*,#2854,.T.);
#4018=ORIENTED_EDGE('',*,*,#2834,.T.);
#4019=ORIENTED_EDGE('',*,*,#2853,.F.);
#4020=ORIENTED_EDGE('',*,*,#2440,.F.);
#4021=ORIENTED_EDGE('',*,*,#2855,.T.);
#4022=ORIENTED_EDGE('',*,*,#2835,.T.);
#4023=ORIENTED_EDGE('',*,*,#2854,.F.);
#4024=ORIENTED_EDGE('',*,*,#2439,.F.);
#4025=ORIENTED_EDGE('',*,*,#2856,.T.);
#4026=ORIENTED_EDGE('',*,*,#2836,.T.);
#4027=ORIENTED_EDGE('',*,*,#2855,.F.);
#4028=ORIENTED_EDGE('',*,*,#2438,.F.);
#4029=ORIENTED_EDGE('',*,*,#2842,.T.);
#4030=ORIENTED_EDGE('',*,*,#2837,.T.);
#4031=ORIENTED_EDGE('',*,*,#2856,.F.);
#4032=ORIENTED_EDGE('',*,*,#2857,.F.);
#4033=ORIENTED_EDGE('',*,*,#2858,.T.);
#4034=ORIENTED_EDGE('',*,*,#2838,.T.);
#4035=ORIENTED_EDGE('',*,*,#2859,.F.);
#4036=ORIENTED_EDGE('',*,*,#2860,.F.);
#4037=ORIENTED_EDGE('',*,*,#2861,.T.);
#4038=ORIENTED_EDGE('',*,*,#2839,.T.);
#4039=ORIENTED_EDGE('',*,*,#2858,.F.);
#4040=ORIENTED_EDGE('',*,*,#2862,.F.);
#4041=ORIENTED_EDGE('',*,*,#2859,.T.);
#4042=ORIENTED_EDGE('',*,*,#2840,.T.);
#4043=ORIENTED_EDGE('',*,*,#2861,.F.);
#4044=ORIENTED_EDGE('',*,*,#2857,.T.);
#4045=ORIENTED_EDGE('',*,*,#2862,.T.);
#4046=ORIENTED_EDGE('',*,*,#2860,.T.);
#4047=ORIENTED_EDGE('',*,*,#2863,.F.);
#4048=ORIENTED_EDGE('',*,*,#2864,.F.);
#4049=ORIENTED_EDGE('',*,*,#2865,.F.);
#4050=ORIENTED_EDGE('',*,*,#2866,.F.);
#4051=ORIENTED_EDGE('',*,*,#2867,.F.);
#4052=ORIENTED_EDGE('',*,*,#2868,.F.);
#4053=ORIENTED_EDGE('',*,*,#2869,.F.);
#4054=ORIENTED_EDGE('',*,*,#2870,.F.);
#4055=ORIENTED_EDGE('',*,*,#2871,.F.);
#4056=ORIENTED_EDGE('',*,*,#2872,.F.);
#4057=ORIENTED_EDGE('',*,*,#2873,.F.);
#4058=ORIENTED_EDGE('',*,*,#2874,.F.);
#4059=ORIENTED_EDGE('',*,*,#2875,.F.);
#4060=ORIENTED_EDGE('',*,*,#2876,.F.);
#4061=ORIENTED_EDGE('',*,*,#2877,.F.);
#4062=ORIENTED_EDGE('',*,*,#2878,.F.);
#4063=ORIENTED_EDGE('',*,*,#2879,.F.);
#4064=ORIENTED_EDGE('',*,*,#2880,.F.);
#4065=ORIENTED_EDGE('',*,*,#2881,.F.);
#4066=ORIENTED_EDGE('',*,*,#2882,.F.);
#4067=ORIENTED_EDGE('',*,*,#2883,.F.);
#4068=ORIENTED_EDGE('',*,*,#2884,.F.);
#4069=ORIENTED_EDGE('',*,*,#2885,.F.);
#4070=ORIENTED_EDGE('',*,*,#2886,.F.);
#4071=ORIENTED_EDGE('',*,*,#2887,.F.);
#4072=ORIENTED_EDGE('',*,*,#2888,.F.);
#4073=ORIENTED_EDGE('',*,*,#2889,.F.);
#4074=ORIENTED_EDGE('',*,*,#2890,.F.);
#4075=ORIENTED_EDGE('',*,*,#2891,.F.);
#4076=ORIENTED_EDGE('',*,*,#2892,.F.);
#4077=ORIENTED_EDGE('',*,*,#2893,.F.);
#4078=ORIENTED_EDGE('',*,*,#2894,.F.);
#4079=ORIENTED_EDGE('',*,*,#2895,.F.);
#4080=ORIENTED_EDGE('',*,*,#2896,.F.);
#4081=ORIENTED_EDGE('',*,*,#2897,.F.);
#4082=ORIENTED_EDGE('',*,*,#2898,.F.);
#4083=ORIENTED_EDGE('',*,*,#2899,.F.);
#4084=ORIENTED_EDGE('',*,*,#2900,.F.);
#4085=ORIENTED_EDGE('',*,*,#2901,.F.);
#4086=ORIENTED_EDGE('',*,*,#2902,.F.);
#4087=ORIENTED_EDGE('',*,*,#2903,.F.);
#4088=ORIENTED_EDGE('',*,*,#2904,.F.);
#4089=ORIENTED_EDGE('',*,*,#2395,.F.);
#4090=ORIENTED_EDGE('',*,*,#2905,.T.);
#4091=ORIENTED_EDGE('',*,*,#2863,.T.);
#4092=ORIENTED_EDGE('',*,*,#2906,.F.);
#4093=ORIENTED_EDGE('',*,*,#2436,.F.);
#4094=ORIENTED_EDGE('',*,*,#2907,.T.);
#4095=ORIENTED_EDGE('',*,*,#2864,.T.);
#4096=ORIENTED_EDGE('',*,*,#2905,.F.);
#4097=ORIENTED_EDGE('',*,*,#2435,.F.);
#4098=ORIENTED_EDGE('',*,*,#2908,.T.);
#4099=ORIENTED_EDGE('',*,*,#2865,.T.);
#4100=ORIENTED_EDGE('',*,*,#2907,.F.);
#4101=ORIENTED_EDGE('',*,*,#2434,.F.);
#4102=ORIENTED_EDGE('',*,*,#2909,.T.);
#4103=ORIENTED_EDGE('',*,*,#2866,.T.);
#4104=ORIENTED_EDGE('',*,*,#2908,.F.);
#4105=ORIENTED_EDGE('',*,*,#2433,.F.);
#4106=ORIENTED_EDGE('',*,*,#2910,.T.);
#4107=ORIENTED_EDGE('',*,*,#2867,.T.);
#4108=ORIENTED_EDGE('',*,*,#2909,.F.);
#4109=ORIENTED_EDGE('',*,*,#2432,.F.);
#4110=ORIENTED_EDGE('',*,*,#2911,.T.);
#4111=ORIENTED_EDGE('',*,*,#2868,.T.);
#4112=ORIENTED_EDGE('',*,*,#2910,.F.);
#4113=ORIENTED_EDGE('',*,*,#2431,.F.);
#4114=ORIENTED_EDGE('',*,*,#2912,.T.);
#4115=ORIENTED_EDGE('',*,*,#2869,.T.);
#4116=ORIENTED_EDGE('',*,*,#2911,.F.);
#4117=ORIENTED_EDGE('',*,*,#2430,.F.);
#4118=ORIENTED_EDGE('',*,*,#2913,.T.);
#4119=ORIENTED_EDGE('',*,*,#2870,.T.);
#4120=ORIENTED_EDGE('',*,*,#2912,.F.);
#4121=ORIENTED_EDGE('',*,*,#2429,.F.);
#4122=ORIENTED_EDGE('',*,*,#2914,.T.);
#4123=ORIENTED_EDGE('',*,*,#2871,.T.);
#4124=ORIENTED_EDGE('',*,*,#2913,.F.);
#4125=ORIENTED_EDGE('',*,*,#2428,.F.);
#4126=ORIENTED_EDGE('',*,*,#2915,.T.);
#4127=ORIENTED_EDGE('',*,*,#2872,.T.);
#4128=ORIENTED_EDGE('',*,*,#2914,.F.);
#4129=ORIENTED_EDGE('',*,*,#2427,.F.);
#4130=ORIENTED_EDGE('',*,*,#2916,.T.);
#4131=ORIENTED_EDGE('',*,*,#2873,.T.);
#4132=ORIENTED_EDGE('',*,*,#2915,.F.);
#4133=ORIENTED_EDGE('',*,*,#2426,.F.);
#4134=ORIENTED_EDGE('',*,*,#2917,.T.);
#4135=ORIENTED_EDGE('',*,*,#2874,.T.);
#4136=ORIENTED_EDGE('',*,*,#2916,.F.);
#4137=ORIENTED_EDGE('',*,*,#2425,.F.);
#4138=ORIENTED_EDGE('',*,*,#2918,.T.);
#4139=ORIENTED_EDGE('',*,*,#2875,.T.);
#4140=ORIENTED_EDGE('',*,*,#2917,.F.);
#4141=ORIENTED_EDGE('',*,*,#2424,.F.);
#4142=ORIENTED_EDGE('',*,*,#2919,.T.);
#4143=ORIENTED_EDGE('',*,*,#2876,.T.);
#4144=ORIENTED_EDGE('',*,*,#2918,.F.);
#4145=ORIENTED_EDGE('',*,*,#2423,.F.);
#4146=ORIENTED_EDGE('',*,*,#2920,.T.);
#4147=ORIENTED_EDGE('',*,*,#2877,.T.);
#4148=ORIENTED_EDGE('',*,*,#2919,.F.);
#4149=ORIENTED_EDGE('',*,*,#2422,.F.);
#4150=ORIENTED_EDGE('',*,*,#2921,.T.);
#4151=ORIENTED_EDGE('',*,*,#2878,.T.);
#4152=ORIENTED_EDGE('',*,*,#2920,.F.);
#4153=ORIENTED_EDGE('',*,*,#2421,.F.);
#4154=ORIENTED_EDGE('',*,*,#2922,.T.);
#4155=ORIENTED_EDGE('',*,*,#2879,.T.);
#4156=ORIENTED_EDGE('',*,*,#2921,.F.);
#4157=ORIENTED_EDGE('',*,*,#2420,.F.);
#4158=ORIENTED_EDGE('',*,*,#2923,.T.);
#4159=ORIENTED_EDGE('',*,*,#2880,.T.);
#4160=ORIENTED_EDGE('',*,*,#2922,.F.);
#4161=ORIENTED_EDGE('',*,*,#2419,.F.);
#4162=ORIENTED_EDGE('',*,*,#2924,.T.);
#4163=ORIENTED_EDGE('',*,*,#2881,.T.);
#4164=ORIENTED_EDGE('',*,*,#2923,.F.);
#4165=ORIENTED_EDGE('',*,*,#2418,.F.);
#4166=ORIENTED_EDGE('',*,*,#2925,.T.);
#4167=ORIENTED_EDGE('',*,*,#2882,.T.);
#4168=ORIENTED_EDGE('',*,*,#2924,.F.);
#4169=ORIENTED_EDGE('',*,*,#2417,.F.);
#4170=ORIENTED_EDGE('',*,*,#2926,.T.);
#4171=ORIENTED_EDGE('',*,*,#2883,.T.);
#4172=ORIENTED_EDGE('',*,*,#2925,.F.);
#4173=ORIENTED_EDGE('',*,*,#2416,.F.);
#4174=ORIENTED_EDGE('',*,*,#2927,.T.);
#4175=ORIENTED_EDGE('',*,*,#2884,.T.);
#4176=ORIENTED_EDGE('',*,*,#2926,.F.);
#4177=ORIENTED_EDGE('',*,*,#2415,.F.);
#4178=ORIENTED_EDGE('',*,*,#2928,.T.);
#4179=ORIENTED_EDGE('',*,*,#2885,.T.);
#4180=ORIENTED_EDGE('',*,*,#2927,.F.);
#4181=ORIENTED_EDGE('',*,*,#2414,.F.);
#4182=ORIENTED_EDGE('',*,*,#2929,.T.);
#4183=ORIENTED_EDGE('',*,*,#2886,.T.);
#4184=ORIENTED_EDGE('',*,*,#2928,.F.);
#4185=ORIENTED_EDGE('',*,*,#2413,.F.);
#4186=ORIENTED_EDGE('',*,*,#2930,.T.);
#4187=ORIENTED_EDGE('',*,*,#2887,.T.);
#4188=ORIENTED_EDGE('',*,*,#2929,.F.);
#4189=ORIENTED_EDGE('',*,*,#2412,.F.);
#4190=ORIENTED_EDGE('',*,*,#2931,.T.);
#4191=ORIENTED_EDGE('',*,*,#2888,.T.);
#4192=ORIENTED_EDGE('',*,*,#2930,.F.);
#4193=ORIENTED_EDGE('',*,*,#2411,.F.);
#4194=ORIENTED_EDGE('',*,*,#2932,.T.);
#4195=ORIENTED_EDGE('',*,*,#2889,.T.);
#4196=ORIENTED_EDGE('',*,*,#2931,.F.);
#4197=ORIENTED_EDGE('',*,*,#2410,.F.);
#4198=ORIENTED_EDGE('',*,*,#2933,.T.);
#4199=ORIENTED_EDGE('',*,*,#2890,.T.);
#4200=ORIENTED_EDGE('',*,*,#2932,.F.);
#4201=ORIENTED_EDGE('',*,*,#2409,.F.);
#4202=ORIENTED_EDGE('',*,*,#2934,.T.);
#4203=ORIENTED_EDGE('',*,*,#2891,.T.);
#4204=ORIENTED_EDGE('',*,*,#2933,.F.);
#4205=ORIENTED_EDGE('',*,*,#2408,.F.);
#4206=ORIENTED_EDGE('',*,*,#2935,.T.);
#4207=ORIENTED_EDGE('',*,*,#2892,.T.);
#4208=ORIENTED_EDGE('',*,*,#2934,.F.);
#4209=ORIENTED_EDGE('',*,*,#2407,.F.);
#4210=ORIENTED_EDGE('',*,*,#2936,.T.);
#4211=ORIENTED_EDGE('',*,*,#2893,.T.);
#4212=ORIENTED_EDGE('',*,*,#2935,.F.);
#4213=ORIENTED_EDGE('',*,*,#2406,.F.);
#4214=ORIENTED_EDGE('',*,*,#2937,.T.);
#4215=ORIENTED_EDGE('',*,*,#2894,.T.);
#4216=ORIENTED_EDGE('',*,*,#2936,.F.);
#4217=ORIENTED_EDGE('',*,*,#2405,.F.);
#4218=ORIENTED_EDGE('',*,*,#2938,.T.);
#4219=ORIENTED_EDGE('',*,*,#2895,.T.);
#4220=ORIENTED_EDGE('',*,*,#2937,.F.);
#4221=ORIENTED_EDGE('',*,*,#2404,.F.);
#4222=ORIENTED_EDGE('',*,*,#2939,.T.);
#4223=ORIENTED_EDGE('',*,*,#2896,.T.);
#4224=ORIENTED_EDGE('',*,*,#2938,.F.);
#4225=ORIENTED_EDGE('',*,*,#2403,.F.);
#4226=ORIENTED_EDGE('',*,*,#2940,.T.);
#4227=ORIENTED_EDGE('',*,*,#2897,.T.);
#4228=ORIENTED_EDGE('',*,*,#2939,.F.);
#4229=ORIENTED_EDGE('',*,*,#2402,.F.);
#4230=ORIENTED_EDGE('',*,*,#2941,.T.);
#4231=ORIENTED_EDGE('',*,*,#2898,.T.);
#4232=ORIENTED_EDGE('',*,*,#2940,.F.);
#4233=ORIENTED_EDGE('',*,*,#2401,.F.);
#4234=ORIENTED_EDGE('',*,*,#2942,.T.);
#4235=ORIENTED_EDGE('',*,*,#2899,.T.);
#4236=ORIENTED_EDGE('',*,*,#2941,.F.);
#4237=ORIENTED_EDGE('',*,*,#2400,.F.);
#4238=ORIENTED_EDGE('',*,*,#2943,.T.);
#4239=ORIENTED_EDGE('',*,*,#2900,.T.);
#4240=ORIENTED_EDGE('',*,*,#2942,.F.);
#4241=ORIENTED_EDGE('',*,*,#2399,.F.);
#4242=ORIENTED_EDGE('',*,*,#2944,.T.);
#4243=ORIENTED_EDGE('',*,*,#2901,.T.);
#4244=ORIENTED_EDGE('',*,*,#2943,.F.);
#4245=ORIENTED_EDGE('',*,*,#2398,.F.);
#4246=ORIENTED_EDGE('',*,*,#2945,.T.);
#4247=ORIENTED_EDGE('',*,*,#2902,.T.);
#4248=ORIENTED_EDGE('',*,*,#2944,.F.);
#4249=ORIENTED_EDGE('',*,*,#2397,.F.);
#4250=ORIENTED_EDGE('',*,*,#2946,.T.);
#4251=ORIENTED_EDGE('',*,*,#2903,.T.);
#4252=ORIENTED_EDGE('',*,*,#2945,.F.);
#4253=ORIENTED_EDGE('',*,*,#2396,.F.);
#4254=ORIENTED_EDGE('',*,*,#2906,.T.);
#4255=ORIENTED_EDGE('',*,*,#2904,.T.);
#4256=ORIENTED_EDGE('',*,*,#2946,.F.);
#4257=ORIENTED_EDGE('',*,*,#2947,.F.);
#4258=ORIENTED_EDGE('',*,*,#2948,.F.);
#4259=ORIENTED_EDGE('',*,*,#2949,.F.);
#4260=ORIENTED_EDGE('',*,*,#2950,.F.);
#4261=ORIENTED_EDGE('',*,*,#2951,.F.);
#4262=ORIENTED_EDGE('',*,*,#2952,.F.);
#4263=ORIENTED_EDGE('',*,*,#2953,.F.);
#4264=ORIENTED_EDGE('',*,*,#2954,.F.);
#4265=ORIENTED_EDGE('',*,*,#2955,.F.);
#4266=ORIENTED_EDGE('',*,*,#2956,.F.);
#4267=ORIENTED_EDGE('',*,*,#2957,.F.);
#4268=ORIENTED_EDGE('',*,*,#2958,.F.);
#4269=ORIENTED_EDGE('',*,*,#2959,.F.);
#4270=ORIENTED_EDGE('',*,*,#2960,.F.);
#4271=ORIENTED_EDGE('',*,*,#2961,.F.);
#4272=ORIENTED_EDGE('',*,*,#2962,.F.);
#4273=ORIENTED_EDGE('',*,*,#2387,.F.);
#4274=ORIENTED_EDGE('',*,*,#2963,.T.);
#4275=ORIENTED_EDGE('',*,*,#2947,.T.);
#4276=ORIENTED_EDGE('',*,*,#2964,.F.);
#4277=ORIENTED_EDGE('',*,*,#2394,.F.);
#4278=ORIENTED_EDGE('',*,*,#2965,.T.);
#4279=ORIENTED_EDGE('',*,*,#2948,.T.);
#4280=ORIENTED_EDGE('',*,*,#2963,.F.);
#4281=ORIENTED_EDGE('',*,*,#2393,.F.);
#4282=ORIENTED_EDGE('',*,*,#2966,.T.);
#4283=ORIENTED_EDGE('',*,*,#2949,.T.);
#4284=ORIENTED_EDGE('',*,*,#2965,.F.);
#4285=ORIENTED_EDGE('',*,*,#2392,.F.);
#4286=ORIENTED_EDGE('',*,*,#2967,.T.);
#4287=ORIENTED_EDGE('',*,*,#2950,.T.);
#4288=ORIENTED_EDGE('',*,*,#2966,.F.);
#4289=ORIENTED_EDGE('',*,*,#2391,.F.);
#4290=ORIENTED_EDGE('',*,*,#2968,.T.);
#4291=ORIENTED_EDGE('',*,*,#2951,.T.);
#4292=ORIENTED_EDGE('',*,*,#2967,.F.);
#4293=ORIENTED_EDGE('',*,*,#2390,.F.);
#4294=ORIENTED_EDGE('',*,*,#2969,.T.);
#4295=ORIENTED_EDGE('',*,*,#2952,.T.);
#4296=ORIENTED_EDGE('',*,*,#2968,.F.);
#4297=ORIENTED_EDGE('',*,*,#2389,.F.);
#4298=ORIENTED_EDGE('',*,*,#2970,.T.);
#4299=ORIENTED_EDGE('',*,*,#2953,.T.);
#4300=ORIENTED_EDGE('',*,*,#2969,.F.);
#4301=ORIENTED_EDGE('',*,*,#2388,.F.);
#4302=ORIENTED_EDGE('',*,*,#2964,.T.);
#4303=ORIENTED_EDGE('',*,*,#2954,.T.);
#4304=ORIENTED_EDGE('',*,*,#2970,.F.);
#4305=ORIENTED_EDGE('',*,*,#2971,.F.);
#4306=ORIENTED_EDGE('',*,*,#2972,.T.);
#4307=ORIENTED_EDGE('',*,*,#2955,.T.);
#4308=ORIENTED_EDGE('',*,*,#2973,.F.);
#4309=ORIENTED_EDGE('',*,*,#2974,.F.);
#4310=ORIENTED_EDGE('',*,*,#2975,.T.);
#4311=ORIENTED_EDGE('',*,*,#2956,.T.);
#4312=ORIENTED_EDGE('',*,*,#2972,.F.);
#4313=ORIENTED_EDGE('',*,*,#2976,.F.);
#4314=ORIENTED_EDGE('',*,*,#2977,.T.);
#4315=ORIENTED_EDGE('',*,*,#2957,.T.);
#4316=ORIENTED_EDGE('',*,*,#2975,.F.);
#4317=ORIENTED_EDGE('',*,*,#2978,.F.);
#4318=ORIENTED_EDGE('',*,*,#2979,.T.);
#4319=ORIENTED_EDGE('',*,*,#2958,.T.);
#4320=ORIENTED_EDGE('',*,*,#2977,.F.);
#4321=ORIENTED_EDGE('',*,*,#2980,.F.);
#4322=ORIENTED_EDGE('',*,*,#2981,.T.);
#4323=ORIENTED_EDGE('',*,*,#2959,.T.);
#4324=ORIENTED_EDGE('',*,*,#2979,.F.);
#4325=ORIENTED_EDGE('',*,*,#2982,.F.);
#4326=ORIENTED_EDGE('',*,*,#2983,.T.);
#4327=ORIENTED_EDGE('',*,*,#2960,.T.);
#4328=ORIENTED_EDGE('',*,*,#2981,.F.);
#4329=ORIENTED_EDGE('',*,*,#2984,.F.);
#4330=ORIENTED_EDGE('',*,*,#2985,.T.);
#4331=ORIENTED_EDGE('',*,*,#2961,.T.);
#4332=ORIENTED_EDGE('',*,*,#2983,.F.);
#4333=ORIENTED_EDGE('',*,*,#2986,.F.);
#4334=ORIENTED_EDGE('',*,*,#2973,.T.);
#4335=ORIENTED_EDGE('',*,*,#2962,.T.);
#4336=ORIENTED_EDGE('',*,*,#2985,.F.);
#4337=ORIENTED_EDGE('',*,*,#2971,.T.);
#4338=ORIENTED_EDGE('',*,*,#2986,.T.);
#4339=ORIENTED_EDGE('',*,*,#2984,.T.);
#4340=ORIENTED_EDGE('',*,*,#2982,.T.);
#4341=ORIENTED_EDGE('',*,*,#2980,.T.);
#4342=ORIENTED_EDGE('',*,*,#2978,.T.);
#4343=ORIENTED_EDGE('',*,*,#2976,.T.);
#4344=ORIENTED_EDGE('',*,*,#2974,.T.);
#4345=ORIENTED_EDGE('',*,*,#2987,.F.);
#4346=ORIENTED_EDGE('',*,*,#2988,.T.);
#4347=ORIENTED_EDGE('',*,*,#2989,.T.);
#4348=ORIENTED_EDGE('',*,*,#2988,.F.);
#4349=ORIENTED_EDGE('',*,*,#2348,.T.);
#4350=ORIENTED_EDGE('',*,*,#2353,.T.);
#4351=ORIENTED_EDGE('',*,*,#2351,.T.);
#4352=ORIENTED_EDGE('',*,*,#2384,.T.);
#4353=ORIENTED_EDGE('',*,*,#2987,.T.);
#4354=ORIENTED_EDGE('',*,*,#2386,.F.);
#4355=ORIENTED_EDGE('',*,*,#2989,.F.);
#4356=TOROIDAL_SURFACE('',#4630,5.71639320225002,0.3);
#4357=TOROIDAL_SURFACE('',#4635,2.5,0.5);
#4358=TOROIDAL_SURFACE('',#4647,7.5,0.5);
#4359=TOROIDAL_SURFACE('',#4656,7.5,0.5);
#4360=ADVANCED_FACE('',(#1202),#4356,.T.);
#4361=ADVANCED_FACE('',(#1203),#1087,.F.);
#4362=ADVANCED_FACE('',(#1204),#4357,.T.);
#4363=ADVANCED_FACE('',(#1205),#1066,.T.);
#4364=ADVANCED_FACE('',(#1206),#1088,.T.);
#4365=ADVANCED_FACE('',(#1207),#1067,.T.);
#4366=ADVANCED_FACE('',(#1208,#371),#1089,.T.);
#4367=ADVANCED_FACE('',(#1209,#372),#1090,.F.);
#4368=ADVANCED_FACE('',(#1210),#4358,.T.);
#4369=ADVANCED_FACE('',(#1211,#373),#1091,.F.);
#4370=ADVANCED_FACE('',(#1212),#1068,.T.);
#4371=ADVANCED_FACE('',(#1213,#374),#1092,.T.);
#4372=ADVANCED_FACE('',(#1214),#4359,.T.);
#4373=ADVANCED_FACE('',(#1215,#375),#1093,.T.);
#4374=ADVANCED_FACE('',(#1216),#1069,.T.);
#4375=ADVANCED_FACE('',(#1217,#376),#1094,.F.);
#4376=ADVANCED_FACE('',(#1218,#377),#1070,.T.);
#4377=ADVANCED_FACE('',(#1219),#13,.F.);
#4378=ADVANCED_FACE('',(#1220),#1095,.F.);
#4379=ADVANCED_FACE('',(#1221),#14,.F.);
#4380=ADVANCED_FACE('',(#1222),#1096,.F.);
#4381=ADVANCED_FACE('',(#1223),#1097,.F.);
#4382=ADVANCED_FACE('',(#1224),#1098,.F.);
#4383=ADVANCED_FACE('',(#1225),#1099,.F.);
#4384=ADVANCED_FACE('',(#1226),#1100,.F.);
#4385=ADVANCED_FACE('',(#1227),#1101,.F.);
#4386=ADVANCED_FACE('',(#1228),#1102,.F.);
#4387=ADVANCED_FACE('',(#1229),#1103,.F.);
#4388=ADVANCED_FACE('',(#1230),#1104,.F.);
#4389=ADVANCED_FACE('',(#1231),#1105,.F.);
#4390=ADVANCED_FACE('',(#1232),#1106,.F.);
#4391=ADVANCED_FACE('',(#1233),#15,.F.);
#4392=ADVANCED_FACE('',(#1234),#1107,.F.);
#4393=ADVANCED_FACE('',(#1235),#1108,.F.);
#4394=ADVANCED_FACE('',(#1236),#1109,.F.);
#4395=ADVANCED_FACE('',(#1237,#378,#379,#380,#381,#382,#383,#384,#385,#386,
#387,#388),#1071,.T.);
#4396=ADVANCED_FACE('',(#1238,#389),#1072,.T.);
#4397=ADVANCED_FACE('',(#1239),#16,.F.);
#4398=ADVANCED_FACE('',(#1240),#17,.F.);
#4399=ADVANCED_FACE('',(#1241),#18,.F.);
#4400=ADVANCED_FACE('',(#1242),#19,.F.);
#4401=ADVANCED_FACE('',(#1243),#20,.F.);
#4402=ADVANCED_FACE('',(#1244),#21,.F.);
#4403=ADVANCED_FACE('',(#1245),#22,.F.);
#4404=ADVANCED_FACE('',(#1246),#23,.F.);
#4405=ADVANCED_FACE('',(#1247),#24,.F.);
#4406=ADVANCED_FACE('',(#1248),#25,.F.);
#4407=ADVANCED_FACE('',(#1249),#26,.F.);
#4408=ADVANCED_FACE('',(#1250),#27,.F.);
#4409=ADVANCED_FACE('',(#1251),#28,.F.);
#4410=ADVANCED_FACE('',(#1252),#29,.F.);
#4411=ADVANCED_FACE('',(#1253),#30,.F.);
#4412=ADVANCED_FACE('',(#1254),#31,.F.);
#4413=ADVANCED_FACE('',(#1255),#1073,.T.);
#4414=ADVANCED_FACE('',(#1256),#1074,.T.);
#4415=ADVANCED_FACE('',(#1257),#32,.F.);
#4416=ADVANCED_FACE('',(#1258),#1110,.F.);
#4417=ADVANCED_FACE('',(#1259),#1111,.F.);
#4418=ADVANCED_FACE('',(#1260),#1112,.F.);
#4419=ADVANCED_FACE('',(#1261),#1113,.F.);
#4420=ADVANCED_FACE('',(#1262),#1114,.F.);
#4421=ADVANCED_FACE('',(#1263),#33,.F.);
#4422=ADVANCED_FACE('',(#1264),#34,.F.);
#4423=ADVANCED_FACE('',(#1265),#1115,.F.);
#4424=ADVANCED_FACE('',(#1266),#1116,.F.);
#4425=ADVANCED_FACE('',(#1267),#1117,.F.);
#4426=ADVANCED_FACE('',(#1268),#1118,.F.);
#4427=ADVANCED_FACE('',(#1269),#1119,.F.);
#4428=ADVANCED_FACE('',(#1270),#35,.F.);
#4429=ADVANCED_FACE('',(#1271),#1120,.F.);
#4430=ADVANCED_FACE('',(#1272),#1075,.T.);
#4431=ADVANCED_FACE('',(#1273),#1121,.F.);
#4432=ADVANCED_FACE('',(#1274),#1122,.F.);
#4433=ADVANCED_FACE('',(#1275),#1123,.F.);
#4434=ADVANCED_FACE('',(#1276),#1124,.F.);
#4435=ADVANCED_FACE('',(#1277),#1125,.F.);
#4436=ADVANCED_FACE('',(#1278),#1126,.F.);
#4437=ADVANCED_FACE('',(#1279),#1127,.F.);
#4438=ADVANCED_FACE('',(#1280),#1128,.F.);
#4439=ADVANCED_FACE('',(#1281),#1129,.F.);
#4440=ADVANCED_FACE('',(#1282),#1130,.F.);
#4441=ADVANCED_FACE('',(#1283),#36,.F.);
#4442=ADVANCED_FACE('',(#1284),#37,.F.);
#4443=ADVANCED_FACE('',(#1285),#38,.F.);
#4444=ADVANCED_FACE('',(#1286),#39,.F.);
#4445=ADVANCED_FACE('',(#1287),#1131,.F.);
#4446=ADVANCED_FACE('',(#1288),#1132,.F.);
#4447=ADVANCED_FACE('',(#1289),#1133,.F.);
#4448=ADVANCED_FACE('',(#1290),#1134,.F.);
#4449=ADVANCED_FACE('',(#1291),#1135,.F.);
#4450=ADVANCED_FACE('',(#1292),#1136,.F.);
#4451=ADVANCED_FACE('',(#1293),#1137,.F.);
#4452=ADVANCED_FACE('',(#1294),#40,.F.);
#4453=ADVANCED_FACE('',(#1295),#41,.F.);
#4454=ADVANCED_FACE('',(#1296),#42,.F.);
#4455=ADVANCED_FACE('',(#1297),#43,.F.);
#4456=ADVANCED_FACE('',(#1298),#1138,.F.);
#4457=ADVANCED_FACE('',(#1299),#1076,.T.);
#4458=ADVANCED_FACE('',(#1300),#1139,.F.);
#4459=ADVANCED_FACE('',(#1301),#1140,.F.);
#4460=ADVANCED_FACE('',(#1302),#1141,.F.);
#4461=ADVANCED_FACE('',(#1303),#1142,.F.);
#4462=ADVANCED_FACE('',(#1304),#1077,.T.);
#4463=ADVANCED_FACE('',(#1305),#1143,.F.);
#4464=ADVANCED_FACE('',(#1306),#1144,.F.);
#4465=ADVANCED_FACE('',(#1307),#44,.F.);
#4466=ADVANCED_FACE('',(#1308),#45,.F.);
#4467=ADVANCED_FACE('',(#1309),#46,.F.);
#4468=ADVANCED_FACE('',(#1310),#47,.F.);
#4469=ADVANCED_FACE('',(#1311),#48,.F.);
#4470=ADVANCED_FACE('',(#1312),#49,.F.);
#4471=ADVANCED_FACE('',(#1313),#50,.F.);
#4472=ADVANCED_FACE('',(#1314),#1145,.F.);
#4473=ADVANCED_FACE('',(#1315),#1146,.F.);
#4474=ADVANCED_FACE('',(#1316),#51,.F.);
#4475=ADVANCED_FACE('',(#1317),#52,.F.);
#4476=ADVANCED_FACE('',(#1318),#53,.F.);
#4477=ADVANCED_FACE('',(#1319),#54,.F.);
#4478=ADVANCED_FACE('',(#1320),#55,.F.);
#4479=ADVANCED_FACE('',(#1321),#56,.F.);
#4480=ADVANCED_FACE('',(#1322),#57,.F.);
#4481=ADVANCED_FACE('',(#1323),#58,.F.);
#4482=ADVANCED_FACE('',(#1324),#59,.F.);
#4483=ADVANCED_FACE('',(#1325),#1147,.F.);
#4484=ADVANCED_FACE('',(#1326),#1148,.F.);
#4485=ADVANCED_FACE('',(#1327),#1078,.T.);
#4486=ADVANCED_FACE('',(#1328),#60,.F.);
#4487=ADVANCED_FACE('',(#1329),#1149,.F.);
#4488=ADVANCED_FACE('',(#1330),#1150,.F.);
#4489=ADVANCED_FACE('',(#1331),#1151,.F.);
#4490=ADVANCED_FACE('',(#1332),#1152,.F.);
#4491=ADVANCED_FACE('',(#1333),#61,.F.);
#4492=ADVANCED_FACE('',(#1334),#1153,.F.);
#4493=ADVANCED_FACE('',(#1335),#1079,.T.);
#4494=ADVANCED_FACE('',(#1336),#62,.F.);
#4495=ADVANCED_FACE('',(#1337),#63,.F.);
#4496=ADVANCED_FACE('',(#1338),#64,.F.);
#4497=ADVANCED_FACE('',(#1339),#65,.F.);
#4498=ADVANCED_FACE('',(#1340),#66,.F.);
#4499=ADVANCED_FACE('',(#1341),#67,.F.);
#4500=ADVANCED_FACE('',(#1342),#68,.F.);
#4501=ADVANCED_FACE('',(#1343),#69,.F.);
#4502=ADVANCED_FACE('',(#1344),#70,.F.);
#4503=ADVANCED_FACE('',(#1345),#71,.F.);
#4504=ADVANCED_FACE('',(#1346),#72,.F.);
#4505=ADVANCED_FACE('',(#1347),#1154,.F.);
#4506=ADVANCED_FACE('',(#1348),#1155,.F.);
#4507=ADVANCED_FACE('',(#1349),#73,.F.);
#4508=ADVANCED_FACE('',(#1350),#74,.F.);
#4509=ADVANCED_FACE('',(#1351),#75,.F.);
#4510=ADVANCED_FACE('',(#1352),#76,.F.);
#4511=ADVANCED_FACE('',(#1353),#77,.F.);
#4512=ADVANCED_FACE('',(#1354),#78,.F.);
#4513=ADVANCED_FACE('',(#1355),#79,.F.);
#4514=ADVANCED_FACE('',(#1356),#1156,.F.);
#4515=ADVANCED_FACE('',(#1357),#1157,.F.);
#4516=ADVANCED_FACE('',(#1358),#1158,.F.);
#4517=ADVANCED_FACE('',(#1359),#80,.F.);
#4518=ADVANCED_FACE('',(#1360),#81,.F.);
#4519=ADVANCED_FACE('',(#1361),#82,.F.);
#4520=ADVANCED_FACE('',(#1362),#83,.F.);
#4521=ADVANCED_FACE('',(#1363),#84,.F.);
#4522=ADVANCED_FACE('',(#1364),#85,.F.);
#4523=ADVANCED_FACE('',(#1365),#86,.F.);
#4524=ADVANCED_FACE('',(#1366),#1159,.F.);
#4525=ADVANCED_FACE('',(#1367),#1160,.F.);
#4526=ADVANCED_FACE('',(#1368),#87,.F.);
#4527=ADVANCED_FACE('',(#1369,#390),#1080,.T.);
#4528=ADVANCED_FACE('',(#1370),#88,.F.);
#4529=ADVANCED_FACE('',(#1371),#1161,.F.);
#4530=ADVANCED_FACE('',(#1372),#1162,.F.);
#4531=ADVANCED_FACE('',(#1373),#1163,.F.);
#4532=ADVANCED_FACE('',(#1374),#1164,.F.);
#4533=ADVANCED_FACE('',(#1375),#1165,.F.);
#4534=ADVANCED_FACE('',(#1376),#89,.F.);
#4535=ADVANCED_FACE('',(#1377),#1166,.F.);
#4536=ADVANCED_FACE('',(#1378),#90,.F.);
#4537=ADVANCED_FACE('',(#1379),#1167,.F.);
#4538=ADVANCED_FACE('',(#1380),#1168,.F.);
#4539=ADVANCED_FACE('',(#1381),#1169,.F.);
#4540=ADVANCED_FACE('',(#1382),#1170,.F.);
#4541=ADVANCED_FACE('',(#1383),#1171,.F.);
#4542=ADVANCED_FACE('',(#1384),#91,.F.);
#4543=ADVANCED_FACE('',(#1385),#1172,.F.);
#4544=ADVANCED_FACE('',(#1386),#92,.F.);
#4545=ADVANCED_FACE('',(#1387),#1173,.F.);
#4546=ADVANCED_FACE('',(#1388),#93,.F.);
#4547=ADVANCED_FACE('',(#1389),#1081,.T.);
#4548=ADVANCED_FACE('',(#1390),#1082,.T.);
#4549=ADVANCED_FACE('',(#1391),#1174,.F.);
#4550=ADVANCED_FACE('',(#1392),#1175,.F.);
#4551=ADVANCED_FACE('',(#1393),#1176,.F.);
#4552=ADVANCED_FACE('',(#1394),#1177,.F.);
#4553=ADVANCED_FACE('',(#1395),#1178,.F.);
#4554=ADVANCED_FACE('',(#1396),#1179,.F.);
#4555=ADVANCED_FACE('',(#1397),#1180,.F.);
#4556=ADVANCED_FACE('',(#1398),#1181,.F.);
#4557=ADVANCED_FACE('',(#1399),#1182,.F.);
#4558=ADVANCED_FACE('',(#1400),#1183,.F.);
#4559=ADVANCED_FACE('',(#1401),#94,.F.);
#4560=ADVANCED_FACE('',(#1402),#95,.F.);
#4561=ADVANCED_FACE('',(#1403),#96,.F.);
#4562=ADVANCED_FACE('',(#1404),#97,.F.);
#4563=ADVANCED_FACE('',(#1405),#1184,.F.);
#4564=ADVANCED_FACE('',(#1406),#1185,.F.);
#4565=ADVANCED_FACE('',(#1407),#1186,.F.);
#4566=ADVANCED_FACE('',(#1408),#1187,.F.);
#4567=ADVANCED_FACE('',(#1409),#1188,.F.);
#4568=ADVANCED_FACE('',(#1410),#1189,.F.);
#4569=ADVANCED_FACE('',(#1411),#1190,.F.);
#4570=ADVANCED_FACE('',(#1412),#98,.F.);
#4571=ADVANCED_FACE('',(#1413),#99,.F.);
#4572=ADVANCED_FACE('',(#1414),#100,.F.);
#4573=ADVANCED_FACE('',(#1415),#101,.F.);
#4574=ADVANCED_FACE('',(#1416),#1191,.F.);
#4575=ADVANCED_FACE('',(#1417),#1192,.F.);
#4576=ADVANCED_FACE('',(#1418),#1193,.F.);
#4577=ADVANCED_FACE('',(#1419),#1194,.F.);
#4578=ADVANCED_FACE('',(#1420),#1195,.F.);
#4579=ADVANCED_FACE('',(#1421),#1196,.F.);
#4580=ADVANCED_FACE('',(#1422),#1197,.F.);
#4581=ADVANCED_FACE('',(#1423),#102,.F.);
#4582=ADVANCED_FACE('',(#1424),#103,.F.);
#4583=ADVANCED_FACE('',(#1425),#104,.F.);
#4584=ADVANCED_FACE('',(#1426),#105,.F.);
#4585=ADVANCED_FACE('',(#1427),#1198,.F.);
#4586=ADVANCED_FACE('',(#1428),#106,.F.);
#4587=ADVANCED_FACE('',(#1429),#107,.F.);
#4588=ADVANCED_FACE('',(#1430),#108,.F.);
#4589=ADVANCED_FACE('',(#1431),#109,.F.);
#4590=ADVANCED_FACE('',(#1432),#1199,.F.);
#4591=ADVANCED_FACE('',(#1433,#391),#1083,.T.);
#4592=ADVANCED_FACE('',(#1434),#110,.F.);
#4593=ADVANCED_FACE('',(#1435),#111,.F.);
#4594=ADVANCED_FACE('',(#1436),#112,.F.);
#4595=ADVANCED_FACE('',(#1437),#113,.F.);
#4596=ADVANCED_FACE('',(#1438),#114,.F.);
#4597=ADVANCED_FACE('',(#1439),#115,.F.);
#4598=ADVANCED_FACE('',(#1440),#116,.F.);
#4599=ADVANCED_FACE('',(#1441),#117,.F.);
#4600=ADVANCED_FACE('',(#1442),#118,.F.);
#4601=ADVANCED_FACE('',(#1443),#119,.F.);
#4602=ADVANCED_FACE('',(#1444),#120,.F.);
#4603=ADVANCED_FACE('',(#1445),#121,.F.);
#4604=ADVANCED_FACE('',(#1446),#122,.F.);
#4605=ADVANCED_FACE('',(#1447),#123,.F.);
#4606=ADVANCED_FACE('',(#1448),#124,.F.);
#4607=ADVANCED_FACE('',(#1449),#125,.F.);
#4608=ADVANCED_FACE('',(#1450),#1084,.T.);
#4609=ADVANCED_FACE('',(#1451),#1085,.F.);
#4610=ADVANCED_FACE('',(#1452),#1086,.T.);
#4611=ADVANCED_FACE('',(#1453,#392),#1200,.T.);
#4612=ADVANCED_FACE('',(#1454,#393),#1201,.F.);
#4613=CLOSED_SHELL('',(#4360,#4361,#4362,#4363,#4364,#4365,#4366,#4367));
#4614=CLOSED_SHELL('',(#4368,#4369,#4370,#4371));
#4615=CLOSED_SHELL('',(#4372,#4373,#4374,#4375));
#4616=CLOSED_SHELL('',(#4376,#4377,#4378,#4379,#4380,#4381,#4382,#4383,
#4384,#4385,#4386,#4387,#4388,#4389,#4390,#4391,#4392,#4393,#4394,#4395,
#4396,#4397,#4398,#4399,#4400,#4401,#4402,#4403,#4404,#4405,#4406,#4407,
#4408,#4409,#4410,#4411,#4412,#4413,#4414,#4415,#4416,#4417,#4418,#4419,
#4420,#4421,#4422,#4423,#4424,#4425,#4426,#4427,#4428,#4429,#4430,#4431,
#4432,#4433,#4434,#4435,#4436,#4437,#4438,#4439,#4440,#4441,#4442,#4443,
#4444,#4445,#4446,#4447,#4448,#4449,#4450,#4451,#4452,#4453,#4454,#4455,
#4456,#4457,#4458,#4459,#4460,#4461,#4462,#4463,#4464,#4465,#4466,#4467,
#4468,#4469,#4470,#4471,#4472,#4473,#4474,#4475,#4476,#4477,#4478,#4479,
#4480,#4481,#4482,#4483,#4484,#4485,#4486,#4487,#4488,#4489,#4490,#4491,
#4492,#4493,#4494,#4495,#4496,#4497,#4498,#4499,#4500,#4501,#4502,#4503,
#4504,#4505,#4506,#4507,#4508,#4509,#4510,#4511,#4512,#4513,#4514,#4515,
#4516,#4517,#4518,#4519,#4520,#4521,#4522,#4523,#4524,#4525,#4526,#4527,
#4528,#4529,#4530,#4531,#4532,#4533,#4534,#4535,#4536,#4537,#4538,#4539,
#4540,#4541,#4542,#4543,#4544,#4545,#4546,#4547,#4548,#4549,#4550,#4551,
#4552,#4553,#4554,#4555,#4556,#4557,#4558,#4559,#4560,#4561,#4562,#4563,
#4564,#4565,#4566,#4567,#4568,#4569,#4570,#4571,#4572,#4573,#4574,#4575,
#4576,#4577,#4578,#4579,#4580,#4581,#4582,#4583,#4584,#4585,#4586,#4587,
#4588,#4589,#4590,#4591,#4592,#4593,#4594,#4595,#4596,#4597,#4598,#4599,
#4600,#4601,#4602,#4603,#4604,#4605,#4606,#4607,#4608,#4609,#4610,#4611,
#4612));
#4617=DERIVED_UNIT_ELEMENT(#4619,1.);
#4618=DERIVED_UNIT_ELEMENT(#10091,-3.);
#4619=(
MASS_UNIT()
NAMED_UNIT(*)
SI_UNIT(.KILO.,.GRAM.)
);
#4620=DERIVED_UNIT((#4617,#4618));
#4621=MEASURE_REPRESENTATION_ITEM('density measure',
POSITIVE_RATIO_MEASURE(7850.),#4620);
#4622=PROPERTY_DEFINITION_REPRESENTATION(#4627,#4624);
#4623=PROPERTY_DEFINITION_REPRESENTATION(#4628,#4625);
#4624=REPRESENTATION('material name',(#4626),#10088);
#4625=REPRESENTATION('density',(#4621),#10088);
#4626=DESCRIPTIVE_REPRESENTATION_ITEM('Steel','Steel');
#4627=PROPERTY_DEFINITION('material property','material name',#10098);
#4628=PROPERTY_DEFINITION('material property','density of part',#10098);
#4629=AXIS2_PLACEMENT_3D('',#5751,#4891,#4892);
#4630=AXIS2_PLACEMENT_3D('',#5752,#4893,#4894);
#4631=AXIS2_PLACEMENT_3D('',#5754,#4895,#4896);
#4632=AXIS2_PLACEMENT_3D('',#5756,#4897,#4898);
#4633=AXIS2_PLACEMENT_3D('',#5757,#4899,#4900);
#4634=AXIS2_PLACEMENT_3D('',#5758,#4901,#4902);
#4635=AXIS2_PLACEMENT_3D('',#5759,#4903,#4904);
#4636=AXIS2_PLACEMENT_3D('',#5761,#4905,#4906);
#4637=AXIS2_PLACEMENT_3D('',#5763,#4907,#4908);
#4638=AXIS2_PLACEMENT_3D('',#5764,#4909,#4910);
#4639=AXIS2_PLACEMENT_3D('',#5765,#4911,#4912);
#4640=AXIS2_PLACEMENT_3D('',#5768,#4914,#4915);
#4641=AXIS2_PLACEMENT_3D('',#5769,#4916,#4917);
#4642=AXIS2_PLACEMENT_3D('',#5770,#4918,#4919);
#4643=AXIS2_PLACEMENT_3D('',#5772,#4920,#4921);
#4644=AXIS2_PLACEMENT_3D('',#5775,#4923,#4924);
#4645=AXIS2_PLACEMENT_3D('',#5776,#4925,#4926);
#4646=AXIS2_PLACEMENT_3D('',#5777,#4927,#4928);
#4647=AXIS2_PLACEMENT_3D('',#5778,#4929,#4930);
#4648=AXIS2_PLACEMENT_3D('',#5780,#4931,#4932);
#4649=AXIS2_PLACEMENT_3D('',#5782,#4933,#4934);
#4650=AXIS2_PLACEMENT_3D('',#5783,#4935,#4936);
#4651=AXIS2_PLACEMENT_3D('',#5784,#4937,#4938);
#4652=AXIS2_PLACEMENT_3D('',#5786,#4939,#4940);
#4653=AXIS2_PLACEMENT_3D('',#5787,#4941,#4942);
#4654=AXIS2_PLACEMENT_3D('',#5790,#4944,#4945);
#4655=AXIS2_PLACEMENT_3D('',#5791,#4946,#4947);
#4656=AXIS2_PLACEMENT_3D('',#5792,#4948,#4949);
#4657=AXIS2_PLACEMENT_3D('',#5794,#4950,#4951);
#4658=AXIS2_PLACEMENT_3D('',#5796,#4952,#4953);
#4659=AXIS2_PLACEMENT_3D('',#5797,#4954,#4955);
#4660=AXIS2_PLACEMENT_3D('',#5798,#4956,#4957);
#4661=AXIS2_PLACEMENT_3D('',#5800,#4958,#4959);
#4662=AXIS2_PLACEMENT_3D('',#5801,#4960,#4961);
#4663=AXIS2_PLACEMENT_3D('',#5804,#4963,#4964);
#4664=AXIS2_PLACEMENT_3D('',#5805,#4965,#4966);
#4665=AXIS2_PLACEMENT_3D('',#5806,#4967,#4968);
#4666=AXIS2_PLACEMENT_3D('',#5811,#4970,#4971);
#4667=AXIS2_PLACEMENT_3D('',#5815,#4973,#4974);
#4668=AXIS2_PLACEMENT_3D('',#5819,#4976,#4977);
#4669=AXIS2_PLACEMENT_3D('',#5823,#4979,#4980);
#4670=AXIS2_PLACEMENT_3D('',#5827,#4982,#4983);
#4671=AXIS2_PLACEMENT_3D('',#5836,#4985,#4986);
#4672=AXIS2_PLACEMENT_3D('',#5839,#4988,#4989);
#4673=AXIS2_PLACEMENT_3D('',#5876,#4993,#4994);
#4674=AXIS2_PLACEMENT_3D('',#5900,#4997,#4998);
#4675=AXIS2_PLACEMENT_3D('',#5906,#5002,#5003);
#4676=AXIS2_PLACEMENT_3D('',#5908,#5004,#5005);
#4677=AXIS2_PLACEMENT_3D('',#5910,#5007,#5008);
#4678=AXIS2_PLACEMENT_3D('',#5914,#5011,#5012);
#4679=AXIS2_PLACEMENT_3D('',#5916,#5013,#5014);
#4680=AXIS2_PLACEMENT_3D('',#5918,#5016,#5017);
#4681=AXIS2_PLACEMENT_3D('',#5922,#5020,#5021);
#4682=AXIS2_PLACEMENT_3D('',#5924,#5022,#5023);
#4683=AXIS2_PLACEMENT_3D('',#5926,#5025,#5026);
#4684=AXIS2_PLACEMENT_3D('',#5930,#5029,#5030);
#4685=AXIS2_PLACEMENT_3D('',#5932,#5031,#5032);
#4686=AXIS2_PLACEMENT_3D('',#5934,#5034,#5035);
#4687=AXIS2_PLACEMENT_3D('',#5938,#5038,#5039);
#4688=AXIS2_PLACEMENT_3D('',#5940,#5040,#5041);
#4689=AXIS2_PLACEMENT_3D('',#5942,#5043,#5044);
#4690=AXIS2_PLACEMENT_3D('',#5968,#5048,#5049);
#4691=AXIS2_PLACEMENT_3D('',#5970,#5050,#5051);
#4692=AXIS2_PLACEMENT_3D('',#5972,#5053,#5054);
#4693=AXIS2_PLACEMENT_3D('',#5976,#5057,#5058);
#4694=AXIS2_PLACEMENT_3D('',#5977,#5059,#5060);
#4695=AXIS2_PLACEMENT_3D('',#5978,#5061,#5062);
#4696=AXIS2_PLACEMENT_3D('',#5980,#5063,#5064);
#4697=AXIS2_PLACEMENT_3D('',#5983,#5066,#5067);
#4698=AXIS2_PLACEMENT_3D('',#6036,#5069,#5070);
#4699=AXIS2_PLACEMENT_3D('',#6088,#5072,#5073);
#4700=AXIS2_PLACEMENT_3D('',#6092,#5075,#5076);
#4701=AXIS2_PLACEMENT_3D('',#6096,#5078,#5079);
#4702=AXIS2_PLACEMENT_3D('',#6100,#5081,#5082);
#4703=AXIS2_PLACEMENT_3D('',#6126,#5083,#5084);
#4704=AXIS2_PLACEMENT_3D('',#6130,#5086,#5087);
#4705=AXIS2_PLACEMENT_3D('',#6134,#5089,#5090);
#4706=AXIS2_PLACEMENT_3D('',#6138,#5092,#5093);
#4707=AXIS2_PLACEMENT_3D('',#6164,#5094,#5095);
#4708=AXIS2_PLACEMENT_3D('',#6168,#5097,#5098);
#4709=AXIS2_PLACEMENT_3D('',#6172,#5100,#5101);
#4710=AXIS2_PLACEMENT_3D('',#6176,#5103,#5104);
#4711=AXIS2_PLACEMENT_3D('',#6179,#5106,#5107);
#4712=AXIS2_PLACEMENT_3D('',#6196,#5110,#5111);
#4713=AXIS2_PLACEMENT_3D('',#6200,#5113,#5114);
#4714=AXIS2_PLACEMENT_3D('',#6218,#5118,#5119);
#4715=AXIS2_PLACEMENT_3D('',#6222,#5121,#5122);
#4716=AXIS2_PLACEMENT_3D('',#6238,#5124,#5125);
#4717=AXIS2_PLACEMENT_3D('',#6285,#5128,#5129);
#4718=AXIS2_PLACEMENT_3D('',#6332,#5132,#5133);
#4719=AXIS2_PLACEMENT_3D('',#6410,#5136,#5137);
#4720=AXIS2_PLACEMENT_3D('',#6413,#5139,#5140);
#4721=AXIS2_PLACEMENT_3D('',#6416,#5141,#5142);
#4722=AXIS2_PLACEMENT_3D('',#6420,#5144,#5145);
#4723=AXIS2_PLACEMENT_3D('',#6476,#5147,#5148);
#4724=AXIS2_PLACEMENT_3D('',#6521,#5150,#5151);
#4725=AXIS2_PLACEMENT_3D('',#6525,#5153,#5154);
#4726=AXIS2_PLACEMENT_3D('',#6531,#5157,#5158);
#4727=AXIS2_PLACEMENT_3D('',#6557,#5159,#5160);
#4728=AXIS2_PLACEMENT_3D('',#6561,#5162,#5163);
#4729=AXIS2_PLACEMENT_3D('',#6565,#5165,#5166);
#4730=AXIS2_PLACEMENT_3D('',#6569,#5168,#5169);
#4731=AXIS2_PLACEMENT_3D('',#6595,#5170,#5171);
#4732=AXIS2_PLACEMENT_3D('',#6599,#5173,#5174);
#4733=AXIS2_PLACEMENT_3D('',#6603,#5176,#5177);
#4734=AXIS2_PLACEMENT_3D('',#6607,#5179,#5180);
#4735=AXIS2_PLACEMENT_3D('',#6610,#5182,#5183);
#4736=AXIS2_PLACEMENT_3D('',#6627,#5186,#5187);
#4737=AXIS2_PLACEMENT_3D('',#6631,#5189,#5190);
#4738=AXIS2_PLACEMENT_3D('',#6647,#5193,#5194);
#4739=AXIS2_PLACEMENT_3D('',#6651,#5196,#5197);
#4740=AXIS2_PLACEMENT_3D('',#6701,#5199,#5200);
#4741=AXIS2_PLACEMENT_3D('',#7182,#5217,#5218);
#4742=AXIS2_PLACEMENT_3D('',#7183,#5219,#5220);
#4743=AXIS2_PLACEMENT_3D('',#7193,#5222,#5223);
#4744=AXIS2_PLACEMENT_3D('',#7197,#5225,#5226);
#4745=AXIS2_PLACEMENT_3D('',#7213,#5229,#5230);
#4746=AXIS2_PLACEMENT_3D('',#7217,#5232,#5233);
#4747=AXIS2_PLACEMENT_3D('',#7244,#5238,#5239);
#4748=AXIS2_PLACEMENT_3D('',#7246,#5241,#5242);
#4749=AXIS2_PLACEMENT_3D('',#7248,#5244,#5245);
#4750=AXIS2_PLACEMENT_3D('',#7250,#5247,#5248);
#4751=AXIS2_PLACEMENT_3D('',#7252,#5250,#5251);
#4752=AXIS2_PLACEMENT_3D('',#7288,#5255,#5256);
#4753=AXIS2_PLACEMENT_3D('',#7290,#5258,#5259);
#4754=AXIS2_PLACEMENT_3D('',#7292,#5261,#5262);
#4755=AXIS2_PLACEMENT_3D('',#7294,#5264,#5265);
#4756=AXIS2_PLACEMENT_3D('',#7296,#5267,#5268);
#4757=AXIS2_PLACEMENT_3D('',#7315,#5271,#5272);
#4758=AXIS2_PLACEMENT_3D('',#7316,#5273,#5274);
#4759=AXIS2_PLACEMENT_3D('',#7321,#5276,#5277);
#4760=AXIS2_PLACEMENT_3D('',#7325,#5279,#5280);
#4761=AXIS2_PLACEMENT_3D('',#7329,#5282,#5283);
#4762=AXIS2_PLACEMENT_3D('',#7333,#5285,#5286);
#4763=AXIS2_PLACEMENT_3D('',#7337,#5288,#5289);
#4764=AXIS2_PLACEMENT_3D('',#7363,#5290,#5291);
#4765=AXIS2_PLACEMENT_3D('',#7367,#5293,#5294);
#4766=AXIS2_PLACEMENT_3D('',#7371,#5296,#5297);
#4767=AXIS2_PLACEMENT_3D('',#7375,#5299,#5300);
#4768=AXIS2_PLACEMENT_3D('',#7400,#5301,#5302);
#4769=AXIS2_PLACEMENT_3D('',#7401,#5303,#5304);
#4770=AXIS2_PLACEMENT_3D('',#7404,#5307,#5308);
#4771=AXIS2_PLACEMENT_3D('',#7406,#5310,#5311);
#4772=AXIS2_PLACEMENT_3D('',#7408,#5313,#5314);
#4773=AXIS2_PLACEMENT_3D('',#7410,#5316,#5317);
#4774=AXIS2_PLACEMENT_3D('',#7412,#5319,#5320);
#4775=AXIS2_PLACEMENT_3D('',#7414,#5322,#5323);
#4776=AXIS2_PLACEMENT_3D('',#7416,#5325,#5326);
#4777=AXIS2_PLACEMENT_3D('',#7418,#5328,#5329);
#4778=AXIS2_PLACEMENT_3D('',#7420,#5331,#5332);
#4779=AXIS2_PLACEMENT_3D('',#7506,#5338,#5339);
#4780=AXIS2_PLACEMENT_3D('',#7508,#5341,#5342);
#4781=AXIS2_PLACEMENT_3D('',#7510,#5344,#5345);
#4782=AXIS2_PLACEMENT_3D('',#7512,#5347,#5348);
#4783=AXIS2_PLACEMENT_3D('',#7514,#5350,#5351);
#4784=AXIS2_PLACEMENT_3D('',#7516,#5353,#5354);
#4785=AXIS2_PLACEMENT_3D('',#7518,#5356,#5357);
#4786=AXIS2_PLACEMENT_3D('',#7604,#5363,#5364);
#4787=AXIS2_PLACEMENT_3D('',#7605,#5365,#5366);
#4788=AXIS2_PLACEMENT_3D('',#7608,#5367,#5368);
#4789=AXIS2_PLACEMENT_3D('',#7612,#5370,#5371);
#4790=AXIS2_PLACEMENT_3D('',#7614,#5373,#5374);
#4791=AXIS2_PLACEMENT_3D('',#7617,#5377,#5378);
#4792=AXIS2_PLACEMENT_3D('',#7619,#5380,#5381);
#4793=AXIS2_PLACEMENT_3D('',#7621,#5383,#5384);
#4794=AXIS2_PLACEMENT_3D('',#7622,#5385,#5386);
#4795=AXIS2_PLACEMENT_3D('',#7625,#5387,#5388);
#4796=AXIS2_PLACEMENT_3D('',#7670,#5390,#5391);
#4797=AXIS2_PLACEMENT_3D('',#7726,#5393,#5394);
#4798=AXIS2_PLACEMENT_3D('',#7728,#5396,#5397);
#4799=AXIS2_PLACEMENT_3D('',#7731,#5400,#5401);
#4800=AXIS2_PLACEMENT_3D('',#7876,#5410,#5411);
#4801=AXIS2_PLACEMENT_3D('',#7878,#5413,#5414);
#4802=AXIS2_PLACEMENT_3D('',#8061,#5425,#5426);
#4803=AXIS2_PLACEMENT_3D('',#8063,#5428,#5429);
#4804=AXIS2_PLACEMENT_3D('',#8064,#5430,#5431);
#4805=AXIS2_PLACEMENT_3D('',#8073,#5432,#5433);
#4806=AXIS2_PLACEMENT_3D('',#8077,#5435,#5436);
#4807=AXIS2_PLACEMENT_3D('',#8109,#5441,#5442);
#4808=AXIS2_PLACEMENT_3D('',#8111,#5444,#5445);
#4809=AXIS2_PLACEMENT_3D('',#8113,#5447,#5448);
#4810=AXIS2_PLACEMENT_3D('',#8115,#5450,#5451);
#4811=AXIS2_PLACEMENT_3D('',#8138,#5454,#5455);
#4812=AXIS2_PLACEMENT_3D('',#8139,#5456,#5457);
#4813=AXIS2_PLACEMENT_3D('',#8208,#5458,#5459);
#4814=AXIS2_PLACEMENT_3D('',#8255,#5462,#5463);
#4815=AXIS2_PLACEMENT_3D('',#8302,#5466,#5467);
#4816=AXIS2_PLACEMENT_3D('',#8540,#5480,#5481);
#4817=AXIS2_PLACEMENT_3D('',#8542,#5483,#5484);
#4818=AXIS2_PLACEMENT_3D('',#8687,#5493,#5494);
#4819=AXIS2_PLACEMENT_3D('',#8689,#5496,#5497);
#4820=AXIS2_PLACEMENT_3D('',#8691,#5499,#5500);
#4821=AXIS2_PLACEMENT_3D('',#8836,#5509,#5510);
#4822=AXIS2_PLACEMENT_3D('',#8838,#5512,#5513);
#4823=AXIS2_PLACEMENT_3D('',#8860,#5515,#5516);
#4824=AXIS2_PLACEMENT_3D('',#8870,#5518,#5519);
#4825=AXIS2_PLACEMENT_3D('',#8874,#5521,#5522);
#4826=AXIS2_PLACEMENT_3D('',#8892,#5526,#5527);
#4827=AXIS2_PLACEMENT_3D('',#8896,#5529,#5530);
#4828=AXIS2_PLACEMENT_3D('',#8935,#5536,#5537);
#4829=AXIS2_PLACEMENT_3D('',#8937,#5539,#5540);
#4830=AXIS2_PLACEMENT_3D('',#8939,#5542,#5543);
#4831=AXIS2_PLACEMENT_3D('',#8941,#5545,#5546);
#4832=AXIS2_PLACEMENT_3D('',#8943,#5548,#5549);
#4833=AXIS2_PLACEMENT_3D('',#8962,#5552,#5553);
#4834=AXIS2_PLACEMENT_3D('',#8981,#5556,#5557);
#4835=AXIS2_PLACEMENT_3D('',#8983,#5559,#5560);
#4836=AXIS2_PLACEMENT_3D('',#8985,#5562,#5563);
#4837=AXIS2_PLACEMENT_3D('',#8987,#5565,#5566);
#4838=AXIS2_PLACEMENT_3D('',#8989,#5568,#5569);
#4839=AXIS2_PLACEMENT_3D('',#9008,#5572,#5573);
#4840=AXIS2_PLACEMENT_3D('',#9033,#5576,#5577);
#4841=AXIS2_PLACEMENT_3D('',#9057,#5580,#5581);
#4842=AXIS2_PLACEMENT_3D('',#9058,#5582,#5583);
#4843=AXIS2_PLACEMENT_3D('',#9063,#5585,#5586);
#4844=AXIS2_PLACEMENT_3D('',#9067,#5588,#5589);
#4845=AXIS2_PLACEMENT_3D('',#9071,#5591,#5592);
#4846=AXIS2_PLACEMENT_3D('',#9075,#5594,#5595);
#4847=AXIS2_PLACEMENT_3D('',#9079,#5597,#5598);
#4848=AXIS2_PLACEMENT_3D('',#9105,#5599,#5600);
#4849=AXIS2_PLACEMENT_3D('',#9109,#5602,#5603);
#4850=AXIS2_PLACEMENT_3D('',#9113,#5605,#5606);
#4851=AXIS2_PLACEMENT_3D('',#9117,#5608,#5609);
#4852=AXIS2_PLACEMENT_3D('',#9143,#5610,#5611);
#4853=AXIS2_PLACEMENT_3D('',#9147,#5613,#5614);
#4854=AXIS2_PLACEMENT_3D('',#9151,#5616,#5617);
#4855=AXIS2_PLACEMENT_3D('',#9155,#5619,#5620);
#4856=AXIS2_PLACEMENT_3D('',#9206,#5622,#5623);
#4857=AXIS2_PLACEMENT_3D('',#9207,#5624,#5625);
#4858=AXIS2_PLACEMENT_3D('',#9210,#5628,#5629);
#4859=AXIS2_PLACEMENT_3D('',#9212,#5631,#5632);
#4860=AXIS2_PLACEMENT_3D('',#9214,#5634,#5635);
#4861=AXIS2_PLACEMENT_3D('',#9216,#5637,#5638);
#4862=AXIS2_PLACEMENT_3D('',#9218,#5640,#5641);
#4863=AXIS2_PLACEMENT_3D('',#9220,#5643,#5644);
#4864=AXIS2_PLACEMENT_3D('',#9222,#5646,#5647);
#4865=AXIS2_PLACEMENT_3D('',#9224,#5649,#5650);
#4866=AXIS2_PLACEMENT_3D('',#9226,#5652,#5653);
#4867=AXIS2_PLACEMENT_3D('',#9312,#5659,#5660);
#4868=AXIS2_PLACEMENT_3D('',#9314,#5662,#5663);
#4869=AXIS2_PLACEMENT_3D('',#9316,#5665,#5666);
#4870=AXIS2_PLACEMENT_3D('',#9318,#5668,#5669);
#4871=AXIS2_PLACEMENT_3D('',#9320,#5671,#5672);
#4872=AXIS2_PLACEMENT_3D('',#9322,#5674,#5675);
#4873=AXIS2_PLACEMENT_3D('',#9324,#5677,#5678);
#4874=AXIS2_PLACEMENT_3D('',#9410,#5684,#5685);
#4875=AXIS2_PLACEMENT_3D('',#9412,#5687,#5688);
#4876=AXIS2_PLACEMENT_3D('',#9414,#5690,#5691);
#4877=AXIS2_PLACEMENT_3D('',#9416,#5693,#5694);
#4878=AXIS2_PLACEMENT_3D('',#9418,#5696,#5697);
#4879=AXIS2_PLACEMENT_3D('',#9420,#5699,#5700);
#4880=AXIS2_PLACEMENT_3D('',#9422,#5702,#5703);
#4881=AXIS2_PLACEMENT_3D('',#9508,#5709,#5710);
#4882=AXIS2_PLACEMENT_3D('',#9594,#5716,#5717);
#4883=AXIS2_PLACEMENT_3D('',#9595,#5718,#5719);
#4884=AXIS2_PLACEMENT_3D('',#10076,#5736,#5737);
#4885=AXIS2_PLACEMENT_3D('',#10077,#5738,#5739);
#4886=AXIS2_PLACEMENT_3D('',#10079,#5740,#5741);
#4887=AXIS2_PLACEMENT_3D('',#10082,#5743,#5744);
#4888=AXIS2_PLACEMENT_3D('',#10083,#5745,#5746);
#4889=AXIS2_PLACEMENT_3D('',#10084,#5747,#5748);
#4890=AXIS2_PLACEMENT_3D('',#10085,#5749,#5750);
#4891=DIRECTION('axis',(0.,0.,1.));
#4892=DIRECTION('refdir',(1.,0.,0.));
#4893=DIRECTION('center_axis',(0.,0.,-1.));
#4894=DIRECTION('ref_axis',(-1.,0.,0.));
#4895=DIRECTION('center_axis',(0.,0.,1.));
#4896=DIRECTION('ref_axis',(-1.,0.,0.));
#4897=DIRECTION('center_axis',(1.22464679914735E-16,-1.,0.));
#4898=DIRECTION('ref_axis',(1.,1.22464679914735E-16,0.));
#4899=DIRECTION('center_axis',(0.,0.,1.));
#4900=DIRECTION('ref_axis',(1.,0.,0.));
#4901=DIRECTION('center_axis',(0.,0.,1.));
#4902=DIRECTION('ref_axis',(1.,0.,0.));
#4903=DIRECTION('center_axis',(0.,0.,1.));
#4904=DIRECTION('ref_axis',(1.,0.,0.));
#4905=DIRECTION('center_axis',(0.,0.,-1.));
#4906=DIRECTION('ref_axis',(1.,0.,0.));
#4907=DIRECTION('center_axis',(1.22464679914735E-16,-1.,0.));
#4908=DIRECTION('ref_axis',(-1.,-1.22464679914735E-16,0.));
#4909=DIRECTION('center_axis',(0.,0.,1.));
#4910=DIRECTION('ref_axis',(1.,0.,0.));
#4911=DIRECTION('center_axis',(0.,0.,1.));
#4912=DIRECTION('ref_axis',(1.,0.,0.));
#4913=DIRECTION('',(0.,0.,-1.));
#4914=DIRECTION('center_axis',(0.,0.,-1.));
#4915=DIRECTION('ref_axis',(1.,0.,0.));
#4916=DIRECTION('center_axis',(0.,0.,1.));
#4917=DIRECTION('ref_axis',(1.,0.,0.));
#4918=DIRECTION('center_axis',(0.,0.,1.));
#4919=DIRECTION('ref_axis',(1.,0.,0.));
#4920=DIRECTION('center_axis',(0.,0.,1.));
#4921=DIRECTION('ref_axis',(1.,0.,0.));
#4922=DIRECTION('',(0.,0.,-1.));
#4923=DIRECTION('center_axis',(0.,0.,1.));
#4924=DIRECTION('ref_axis',(1.,0.,0.));
#4925=DIRECTION('center_axis',(0.,0.,1.));
#4926=DIRECTION('ref_axis',(1.,0.,0.));
#4927=DIRECTION('center_axis',(0.,0.,1.));
#4928=DIRECTION('ref_axis',(1.,0.,0.));
#4929=DIRECTION('center_axis',(0.,0.,-1.));
#4930=DIRECTION('ref_axis',(-1.,0.,0.));
#4931=DIRECTION('center_axis',(0.,0.,-1.));
#4932=DIRECTION('ref_axis',(1.,0.,0.));
#4933=DIRECTION('center_axis',(1.22464679914735E-16,-1.,0.));
#4934=DIRECTION('ref_axis',(1.,1.22464679914735E-16,0.));
#4935=DIRECTION('center_axis',(0.,0.,-1.));
#4936=DIRECTION('ref_axis',(-1.,0.,0.));
#4937=DIRECTION('center_axis',(0.,0.,1.));
#4938=DIRECTION('ref_axis',(1.,0.,0.));
#4939=DIRECTION('center_axis',(0.,0.,-1.));
#4940=DIRECTION('ref_axis',(1.,0.,0.));
#4941=DIRECTION('center_axis',(0.,0.,-1.));
#4942=DIRECTION('ref_axis',(1.,0.,0.));
#4943=DIRECTION('',(0.,0.,1.));
#4944=DIRECTION('center_axis',(0.,0.,1.));
#4945=DIRECTION('ref_axis',(1.,0.,0.));
#4946=DIRECTION('center_axis',(0.,0.,1.));
#4947=DIRECTION('ref_axis',(1.,0.,0.));
#4948=DIRECTION('center_axis',(0.,0.,1.));
#4949=DIRECTION('ref_axis',(-1.,0.,0.));
#4950=DIRECTION('center_axis',(0.,0.,-1.));
#4951=DIRECTION('ref_axis',(1.,0.,0.));
#4952=DIRECTION('center_axis',(1.22464679914735E-16,1.,0.));
#4953=DIRECTION('ref_axis',(1.,-1.22464679914735E-16,0.));
#4954=DIRECTION('center_axis',(0.,0.,1.));
#4955=DIRECTION('ref_axis',(-1.,0.,0.));
#4956=DIRECTION('center_axis',(0.,0.,1.));
#4957=DIRECTION('ref_axis',(1.,0.,0.));
#4958=DIRECTION('center_axis',(0.,0.,1.));
#4959=DIRECTION('ref_axis',(1.,0.,0.));
#4960=DIRECTION('center_axis',(0.,0.,1.));
#4961=DIRECTION('ref_axis',(1.,0.,0.));
#4962=DIRECTION('',(0.,0.,-1.));
#4963=DIRECTION('center_axis',(0.,0.,1.));
#4964=DIRECTION('ref_axis',(1.,0.,0.));
#4965=DIRECTION('center_axis',(0.,0.,1.));
#4966=DIRECTION('ref_axis',(1.,0.,0.));
#4967=DIRECTION('center_axis',(0.,0.,1.));
#4968=DIRECTION('ref_axis',(1.,0.,0.));
#4969=DIRECTION('',(0.,0.,-1.));
#4970=DIRECTION('center_axis',(0.,0.,1.));
#4971=DIRECTION('ref_axis',(0.975945384031215,-0.218015154033302,0.));
#4972=DIRECTION('',(0.,0.,1.));
#4973=DIRECTION('center_axis',(0.,0.,-1.));
#4974=DIRECTION('ref_axis',(0.983186062974218,-0.182606586883545,0.));
#4975=DIRECTION('',(0.,0.,-1.));
#4976=DIRECTION('center_axis',(0.,0.,-1.));
#4977=DIRECTION('ref_axis',(0.997769022640183,-0.0667605981073682,0.));
#4978=DIRECTION('',(0.,0.,1.));
#4979=DIRECTION('center_axis',(0.,0.,-1.));
#4980=DIRECTION('ref_axis',(0.999922961395651,-0.0124125450151001,0.));
#4981=DIRECTION('',(0.,0.,-1.));
#4982=DIRECTION('center_axis',(0.,0.,-1.));
#4983=DIRECTION('ref_axis',(0.946149136452724,0.323731079122418,0.));
#4984=DIRECTION('',(0.,0.,-1.));
#4985=DIRECTION('center_axis',(0.,0.,1.));
#4986=DIRECTION('ref_axis',(0.997769022640183,-0.0667605981073682,0.));
#4987=DIRECTION('',(0.,0.,1.));
#4988=DIRECTION('center_axis',(0.,0.,1.));
#4989=DIRECTION('ref_axis',(0.983186062974218,-0.182606586883545,0.));
#4990=DIRECTION('',(0.,0.,-1.));
#4991=DIRECTION('',(0.999922961395651,-0.0124125450151001,0.));
#4992=DIRECTION('',(0.972803240303429,0.231633019354211,0.));
#4993=DIRECTION('center_axis',(-0.0124125450151001,-0.999922961395651,0.));
#4994=DIRECTION('ref_axis',(0.,0.,-1.));
#4995=DIRECTION('',(0.,0.,-1.));
#4996=DIRECTION('',(0.999922961395651,-0.0124125450151,0.));
#4997=DIRECTION('center_axis',(-0.182606586883545,-0.983186062974218,0.));
#4998=DIRECTION('ref_axis',(0.,0.,-1.));
#4999=DIRECTION('',(0.,0.,-1.));
#5000=DIRECTION('',(0.983186062974218,-0.182606586883545,0.));
#5001=DIRECTION('',(0.983186062974218,-0.182606586883545,0.));
#5002=DIRECTION('center_axis',(0.,0.,-1.));
#5003=DIRECTION('ref_axis',(-1.,0.,0.));
#5004=DIRECTION('center_axis',(0.,0.,1.));
#5005=DIRECTION('ref_axis',(1.,0.,0.));
#5006=DIRECTION('',(0.975945384031215,-0.218015154033302,0.));
#5007=DIRECTION('center_axis',(0.218015154033302,0.975945384031215,0.));
#5008=DIRECTION('ref_axis',(0.,0.,1.));
#5009=DIRECTION('',(0.,0.,1.));
#5010=DIRECTION('',(0.975945384031215,-0.218015154033302,0.));
#5011=DIRECTION('center_axis',(0.,0.,1.));
#5012=DIRECTION('ref_axis',(1.,0.,0.));
#5013=DIRECTION('center_axis',(0.,0.,-1.));
#5014=DIRECTION('ref_axis',(1.,0.,0.));
#5015=DIRECTION('',(0.983186062974218,-0.182606586883545,0.));
#5016=DIRECTION('center_axis',(-0.182606586883545,-0.983186062974218,0.));
#5017=DIRECTION('ref_axis',(0.,0.,-1.));
#5018=DIRECTION('',(0.,0.,-1.));
#5019=DIRECTION('',(0.983186062974218,-0.182606586883545,0.));
#5020=DIRECTION('center_axis',(0.,0.,1.));
#5021=DIRECTION('ref_axis',(1.,0.,0.));
#5022=DIRECTION('center_axis',(0.,0.,-1.));
#5023=DIRECTION('ref_axis',(1.,0.,0.));
#5024=DIRECTION('',(0.997769022640183,-0.0667605981073681,0.));
#5025=DIRECTION('center_axis',(0.0667605981073681,0.997769022640183,0.));
#5026=DIRECTION('ref_axis',(0.,0.,1.));
#5027=DIRECTION('',(0.,0.,1.));
#5028=DIRECTION('',(0.997769022640183,-0.0667605981073681,0.));
#5029=DIRECTION('center_axis',(0.,0.,1.));
#5030=DIRECTION('ref_axis',(1.,0.,0.));
#5031=DIRECTION('center_axis',(0.,0.,-1.));
#5032=DIRECTION('ref_axis',(1.,0.,0.));
#5033=DIRECTION('',(0.999922961395651,-0.0124125450151001,0.));
#5034=DIRECTION('center_axis',(-0.0124125450151001,-0.999922961395651,0.));
#5035=DIRECTION('ref_axis',(0.,0.,-1.));
#5036=DIRECTION('',(0.,0.,-1.));
#5037=DIRECTION('',(0.999922961395651,-0.0124125450151001,0.));
#5038=DIRECTION('center_axis',(0.,0.,1.));
#5039=DIRECTION('ref_axis',(1.,0.,0.));
#5040=DIRECTION('center_axis',(0.,0.,-1.));
#5041=DIRECTION('ref_axis',(1.,0.,0.));
#5042=DIRECTION('',(0.946149136452724,0.323731079122418,0.));
#5043=DIRECTION('center_axis',(0.323731079122418,-0.946149136452724,0.));
#5044=DIRECTION('ref_axis',(0.,0.,-1.));
#5045=DIRECTION('',(0.,0.,-1.));
#5046=DIRECTION('',(0.946149136452724,0.323731079122418,0.));
#5047=DIRECTION('',(0.999537293187689,-0.0304170926787634,0.));
#5048=DIRECTION('center_axis',(0.,0.,-1.));
#5049=DIRECTION('ref_axis',(-1.,0.,0.));
#5050=DIRECTION('center_axis',(0.,0.,1.));
#5051=DIRECTION('ref_axis',(1.,0.,0.));
#5052=DIRECTION('',(0.997769022640183,-0.0667605981073681,0.));
#5053=DIRECTION('center_axis',(0.0667605981073681,0.997769022640183,0.));
#5054=DIRECTION('ref_axis',(0.,0.,1.));
#5055=DIRECTION('',(0.,0.,1.));
#5056=DIRECTION('',(0.997769022640183,-0.0667605981073682,0.));
#5057=DIRECTION('center_axis',(0.,0.,-1.));
#5058=DIRECTION('ref_axis',(-1.,0.,0.));
#5059=DIRECTION('center_axis',(0.,0.,1.));
#5060=DIRECTION('ref_axis',(1.,0.,0.));
#5061=DIRECTION('center_axis',(0.,0.,1.));
#5062=DIRECTION('ref_axis',(1.,0.,0.));
#5063=DIRECTION('center_axis',(0.,0.,1.));
#5064=DIRECTION('ref_axis',(1.,0.,0.));
#5065=DIRECTION('',(0.,0.,-1.));
#5066=DIRECTION('center_axis',(0.,0.,1.));
#5067=DIRECTION('ref_axis',(1.,0.,0.));
#5068=DIRECTION('',(0.,0.,-1.));
#5069=DIRECTION('center_axis',(0.,0.,-1.));
#5070=DIRECTION('ref_axis',(1.,0.,0.));
#5071=DIRECTION('',(0.,0.,-1.));
#5072=DIRECTION('center_axis',(0.,0.,-1.));
#5073=DIRECTION('ref_axis',(1.,0.,0.));
#5074=DIRECTION('',(0.,0.,-1.));
#5075=DIRECTION('center_axis',(0.,0.,-1.));
#5076=DIRECTION('ref_axis',(1.,0.,0.));
#5077=DIRECTION('',(0.,0.,1.));
#5078=DIRECTION('center_axis',(0.,0.,1.));
#5079=DIRECTION('ref_axis',(1.,0.,0.));
#5080=DIRECTION('',(0.,0.,-1.));
#5081=DIRECTION('center_axis',(0.,0.,1.));
#5082=DIRECTION('ref_axis',(1.,0.,0.));
#5083=DIRECTION('center_axis',(0.,0.,-1.));
#5084=DIRECTION('ref_axis',(1.,0.,0.));
#5085=DIRECTION('',(0.,0.,-1.));
#5086=DIRECTION('center_axis',(0.,0.,-1.));
#5087=DIRECTION('ref_axis',(1.,0.,0.));
#5088=DIRECTION('',(0.,0.,1.));
#5089=DIRECTION('center_axis',(0.,0.,1.));
#5090=DIRECTION('ref_axis',(1.,0.,0.));
#5091=DIRECTION('',(0.,0.,-1.));
#5092=DIRECTION('center_axis',(0.,0.,1.));
#5093=DIRECTION('ref_axis',(1.,0.,0.));
#5094=DIRECTION('center_axis',(0.,0.,-1.));
#5095=DIRECTION('ref_axis',(1.,0.,0.));
#5096=DIRECTION('',(0.,0.,-1.));
#5097=DIRECTION('center_axis',(0.,0.,-1.));
#5098=DIRECTION('ref_axis',(1.,0.,0.));
#5099=DIRECTION('',(0.,0.,1.));
#5100=DIRECTION('center_axis',(0.,0.,1.));
#5101=DIRECTION('ref_axis',(1.,0.,0.));
#5102=DIRECTION('',(0.,0.,-1.));
#5103=DIRECTION('center_axis',(0.,0.,1.));
#5104=DIRECTION('ref_axis',(1.,0.,0.));
#5105=DIRECTION('',(0.,0.,1.));
#5106=DIRECTION('center_axis',(0.,0.,1.));
#5107=DIRECTION('ref_axis',(1.,0.,0.));
#5108=DIRECTION('',(0.,0.,1.));
#5109=DIRECTION('',(0.,0.,-1.));
#5110=DIRECTION('center_axis',(0.,0.,-1.));
#5111=DIRECTION('ref_axis',(1.,0.,0.));
#5112=DIRECTION('',(0.,0.,1.));
#5113=DIRECTION('center_axis',(0.,0.,1.));
#5114=DIRECTION('ref_axis',(1.,0.,0.));
#5115=DIRECTION('',(0.,0.,-1.));
#5116=DIRECTION('',(0.,0.,-1.));
#5117=DIRECTION('',(0.,0.,-1.));
#5118=DIRECTION('center_axis',(0.,0.,-1.));
#5119=DIRECTION('ref_axis',(1.,0.,0.));
#5120=DIRECTION('',(0.,0.,1.));
#5121=DIRECTION('center_axis',(0.,0.,1.));
#5122=DIRECTION('ref_axis',(1.,0.,0.));
#5123=DIRECTION('',(0.,0.,-1.));
#5124=DIRECTION('center_axis',(0.,0.,1.));
#5125=DIRECTION('ref_axis',(1.,0.,0.));
#5126=DIRECTION('',(0.,0.,-1.));
#5127=DIRECTION('',(0.,0.,1.));
#5128=DIRECTION('center_axis',(0.,0.,1.));
#5129=DIRECTION('ref_axis',(1.,0.,0.));
#5130=DIRECTION('',(0.,0.,-1.));
#5131=DIRECTION('',(0.,0.,1.));
#5132=DIRECTION('center_axis',(0.,0.,1.));
#5133=DIRECTION('ref_axis',(1.,0.,0.));
#5134=DIRECTION('',(0.,0.,1.));
#5135=DIRECTION('',(0.,0.,1.));
#5136=DIRECTION('center_axis',(0.,0.,1.));
#5137=DIRECTION('ref_axis',(1.,0.,0.));
#5138=DIRECTION('',(0.,0.,-1.));
#5139=DIRECTION('center_axis',(0.,0.,-1.));
#5140=DIRECTION('ref_axis',(1.,0.,0.));
#5141=DIRECTION('center_axis',(0.,0.,-1.));
#5142=DIRECTION('ref_axis',(1.,0.,0.));
#5143=DIRECTION('',(0.,0.,1.));
#5144=DIRECTION('center_axis',(0.,0.,1.));
#5145=DIRECTION('ref_axis',(1.,0.,0.));
#5146=DIRECTION('',(0.,0.,1.));
#5147=DIRECTION('center_axis',(0.,0.,1.));
#5148=DIRECTION('ref_axis',(1.,0.,0.));
#5149=DIRECTION('',(0.,0.,-1.));
#5150=DIRECTION('center_axis',(0.,0.,-1.));
#5151=DIRECTION('ref_axis',(1.,0.,0.));
#5152=DIRECTION('',(0.,0.,1.));
#5153=DIRECTION('center_axis',(0.,0.,1.));
#5154=DIRECTION('ref_axis',(1.,0.,0.));
#5155=DIRECTION('',(0.,0.,-1.));
#5156=DIRECTION('',(0.,0.,-1.));
#5157=DIRECTION('center_axis',(0.,0.,-1.));
#5158=DIRECTION('ref_axis',(1.,0.,0.));
#5159=DIRECTION('center_axis',(0.,0.,-1.));
#5160=DIRECTION('ref_axis',(1.,0.,0.));
#5161=DIRECTION('',(0.,0.,-1.));
#5162=DIRECTION('center_axis',(0.,0.,-1.));
#5163=DIRECTION('ref_axis',(1.,0.,0.));
#5164=DIRECTION('',(0.,0.,1.));
#5165=DIRECTION('center_axis',(0.,0.,1.));
#5166=DIRECTION('ref_axis',(1.,0.,0.));
#5167=DIRECTION('',(0.,0.,-1.));
#5168=DIRECTION('center_axis',(0.,0.,1.));
#5169=DIRECTION('ref_axis',(1.,0.,0.));
#5170=DIRECTION('center_axis',(0.,0.,-1.));
#5171=DIRECTION('ref_axis',(1.,0.,0.));
#5172=DIRECTION('',(0.,0.,-1.));
#5173=DIRECTION('center_axis',(0.,0.,-1.));
#5174=DIRECTION('ref_axis',(1.,0.,0.));
#5175=DIRECTION('',(0.,0.,1.));
#5176=DIRECTION('center_axis',(0.,0.,1.));
#5177=DIRECTION('ref_axis',(1.,0.,0.));
#5178=DIRECTION('',(0.,0.,-1.));
#5179=DIRECTION('center_axis',(0.,0.,1.));
#5180=DIRECTION('ref_axis',(1.,0.,0.));
#5181=DIRECTION('',(0.,0.,1.));
#5182=DIRECTION('center_axis',(0.,0.,1.));
#5183=DIRECTION('ref_axis',(1.,0.,0.));
#5184=DIRECTION('',(0.,0.,1.));
#5185=DIRECTION('',(0.,0.,1.));
#5186=DIRECTION('center_axis',(0.,0.,1.));
#5187=DIRECTION('ref_axis',(1.,0.,0.));
#5188=DIRECTION('',(0.,0.,-1.));
#5189=DIRECTION('center_axis',(0.,0.,-1.));
#5190=DIRECTION('ref_axis',(1.,0.,0.));
#5191=DIRECTION('',(0.,0.,1.));
#5192=DIRECTION('',(0.,0.,1.));
#5193=DIRECTION('center_axis',(0.,0.,1.));
#5194=DIRECTION('ref_axis',(1.,0.,0.));
#5195=DIRECTION('',(0.,0.,-1.));
#5196=DIRECTION('center_axis',(0.,0.,-1.));
#5197=DIRECTION('ref_axis',(1.,0.,0.));
#5198=DIRECTION('',(0.,0.,1.));
#5199=DIRECTION('center_axis',(0.,0.,1.));
#5200=DIRECTION('ref_axis',(1.,0.,0.));
#5201=DIRECTION('',(0.998794656434052,0.0490839513363071,0.));
#5202=DIRECTION('',(0.987796021879468,-0.155753071106473,0.));
#5203=DIRECTION('',(0.967164444711874,0.254151405436153,0.));
#5204=DIRECTION('',(0.944602036127876,0.328217905274943,0.));
#5205=DIRECTION('',(0.967164444711874,0.254151405436153,0.));
#5206=DIRECTION('',(0.998812508567905,0.0487193260245647,0.));
#5207=DIRECTION('',(0.987796021879468,-0.155753071106473,0.));
#5208=DIRECTION('',(0.972911461085875,-0.231178045860216,0.));
#5209=DIRECTION('',(0.998731121619394,0.0503601698653496,0.));
#5210=DIRECTION('',(0.990865844714867,-0.134851317299803,0.));
#5211=DIRECTION('',(0.972827017086007,0.231533139804091,0.));
#5212=DIRECTION('',(0.955845396786421,0.293870000922532,0.));
#5213=DIRECTION('',(0.972827017086007,0.231533139804091,0.));
#5214=DIRECTION('',(0.998731121619394,0.0503601698653496,0.));
#5215=DIRECTION('',(0.990865844714867,-0.134851317299803,0.));
#5216=DIRECTION('',(0.980629767907343,-0.195870514100489,0.));
#5217=DIRECTION('center_axis',(0.,0.,1.));
#5218=DIRECTION('ref_axis',(1.,0.,0.));
#5219=DIRECTION('center_axis',(0.,0.,1.));
#5220=DIRECTION('ref_axis',(1.,0.,0.));
#5221=DIRECTION('',(0.,0.,1.));
#5222=DIRECTION('center_axis',(0.,0.,-1.));
#5223=DIRECTION('ref_axis',(0.949064405045587,0.315082140203892,0.));
#5224=DIRECTION('',(0.,0.,-1.));
#5225=DIRECTION('center_axis',(0.,0.,1.));
#5226=DIRECTION('ref_axis',(0.959727682738443,0.280931975726329,0.));
#5227=DIRECTION('',(0.,0.,1.));
#5228=DIRECTION('',(0.,0.,1.));
#5229=DIRECTION('center_axis',(0.,0.,-1.));
#5230=DIRECTION('ref_axis',(0.949064405045587,0.315082140203892,0.));
#5231=DIRECTION('',(0.,0.,-1.));
#5232=DIRECTION('center_axis',(0.,0.,1.));
#5233=DIRECTION('ref_axis',(0.959727682738443,0.280931975726329,0.));
#5234=DIRECTION('',(0.,0.,1.));
#5235=DIRECTION('',(0.,0.,1.));
#5236=DIRECTION('',(0.959727682738443,0.280931975726329,0.));
#5237=DIRECTION('',(0.974409631676821,-0.224779602489731,0.));
#5238=DIRECTION('center_axis',(-0.280931975726329,0.959727682738443,0.));
#5239=DIRECTION('ref_axis',(0.,0.,1.));
#5240=DIRECTION('',(0.959727682738443,0.280931975726329,0.));
#5241=DIRECTION('center_axis',(0.,0.,1.));
#5242=DIRECTION('ref_axis',(1.,0.,0.));
#5243=DIRECTION('',(0.949064405045587,0.315082140203892,0.));
#5244=DIRECTION('center_axis',(0.315082140203892,-0.949064405045587,0.));
#5245=DIRECTION('ref_axis',(0.,0.,-1.));
#5246=DIRECTION('',(0.949064405045587,0.315082140203892,0.));
#5247=DIRECTION('center_axis',(0.,0.,-1.));
#5248=DIRECTION('ref_axis',(-1.,0.,0.));
#5249=DIRECTION('',(0.959727682738443,0.280931975726329,0.));
#5250=DIRECTION('center_axis',(-0.280931975726329,0.959727682738443,0.));
#5251=DIRECTION('ref_axis',(0.,0.,1.));
#5252=DIRECTION('',(0.959727682738443,0.280931975726329,0.));
#5253=DIRECTION('',(0.994087671708178,-0.108580389379543,0.));
#5254=DIRECTION('',(0.959727682738443,0.280931975726329,0.));
#5255=DIRECTION('center_axis',(-0.280931975726329,0.959727682738443,0.));
#5256=DIRECTION('ref_axis',(0.,0.,1.));
#5257=DIRECTION('',(0.959727682738443,0.280931975726329,0.));
#5258=DIRECTION('center_axis',(0.,0.,1.));
#5259=DIRECTION('ref_axis',(1.,0.,0.));
#5260=DIRECTION('',(0.949064405045587,0.315082140203892,0.));
#5261=DIRECTION('center_axis',(0.315082140203892,-0.949064405045587,0.));
#5262=DIRECTION('ref_axis',(0.,0.,-1.));
#5263=DIRECTION('',(0.949064405045587,0.315082140203892,0.));
#5264=DIRECTION('center_axis',(0.,0.,-1.));
#5265=DIRECTION('ref_axis',(-1.,0.,0.));
#5266=DIRECTION('',(0.959727682738443,0.280931975726329,0.));
#5267=DIRECTION('center_axis',(-0.280931975726329,0.959727682738443,0.));
#5268=DIRECTION('ref_axis',(0.,0.,1.));
#5269=DIRECTION('',(0.959727682738443,0.280931975726329,0.));
#5270=DIRECTION('',(0.974409631676821,-0.224779602489731,0.));
#5271=DIRECTION('center_axis',(0.224779602489731,0.974409631676821,0.));
#5272=DIRECTION('ref_axis',(0.,0.,1.));
#5273=DIRECTION('center_axis',(0.,0.,1.));
#5274=DIRECTION('ref_axis',(1.,0.,0.));
#5275=DIRECTION('',(0.,0.,-1.));
#5276=DIRECTION('center_axis',(0.,0.,1.));
#5277=DIRECTION('ref_axis',(0.949064405045587,0.315082140203892,0.));
#5278=DIRECTION('',(0.,0.,1.));
#5279=DIRECTION('center_axis',(0.,0.,1.));
#5280=DIRECTION('ref_axis',(0.983186062974218,-0.182606586883545,0.));
#5281=DIRECTION('',(0.,0.,-1.));
#5282=DIRECTION('center_axis',(0.,0.,1.));
#5283=DIRECTION('ref_axis',(0.975945384031215,-0.218015154033302,0.));
#5284=DIRECTION('',(0.,0.,1.));
#5285=DIRECTION('center_axis',(0.,0.,-1.));
#5286=DIRECTION('ref_axis',(0.983186062974218,-0.182606586883545,0.));
#5287=DIRECTION('',(0.,0.,-1.));
#5288=DIRECTION('center_axis',(0.,0.,-1.));
#5289=DIRECTION('ref_axis',(0.997627467624061,0.0688435606429762,0.));
#5290=DIRECTION('center_axis',(0.,0.,1.));
#5291=DIRECTION('ref_axis',(0.983186062974218,-0.182606586883545,0.));
#5292=DIRECTION('',(0.,0.,-1.));
#5293=DIRECTION('center_axis',(0.,0.,1.));
#5294=DIRECTION('ref_axis',(0.975945384031215,-0.218015154033302,0.));
#5295=DIRECTION('',(0.,0.,1.));
#5296=DIRECTION('center_axis',(0.,0.,-1.));
#5297=DIRECTION('ref_axis',(0.983186062974218,-0.182606586883545,0.));
#5298=DIRECTION('',(0.,0.,-1.));
#5299=DIRECTION('center_axis',(0.,0.,-1.));
#5300=DIRECTION('ref_axis',(0.998215609948997,0.05971261218664,0.));
#5301=DIRECTION('center_axis',(0.,0.,-1.));
#5302=DIRECTION('ref_axis',(0.937058953031198,0.349171188021111,0.));
#5303=DIRECTION('center_axis',(0.349171188021111,-0.937058953031198,0.));
#5304=DIRECTION('ref_axis',(0.,0.,-1.));
#5305=DIRECTION('',(0.937058953031198,0.349171188021111,0.));
#5306=DIRECTION('',(0.937058953031198,0.349171188021111,0.));
#5307=DIRECTION('center_axis',(0.,0.,-1.));
#5308=DIRECTION('ref_axis',(-1.,0.,0.));
#5309=DIRECTION('',(0.949064405045587,0.315082140203892,0.));
#5310=DIRECTION('center_axis',(-0.315082140203892,0.949064405045587,0.));
#5311=DIRECTION('ref_axis',(0.,0.,1.));
#5312=DIRECTION('',(0.949064405045587,0.315082140203892,0.));
#5313=DIRECTION('center_axis',(0.,0.,-1.));
#5314=DIRECTION('ref_axis',(-1.,0.,0.));
#5315=DIRECTION('',(0.983186062974218,-0.182606586883545,0.));
#5316=DIRECTION('center_axis',(-0.182606586883545,-0.983186062974218,0.));
#5317=DIRECTION('ref_axis',(0.,0.,-1.));
#5318=DIRECTION('',(0.983186062974218,-0.182606586883545,0.));
#5319=DIRECTION('center_axis',(0.,0.,-1.));
#5320=DIRECTION('ref_axis',(-1.,0.,0.));
#5321=DIRECTION('',(0.975945384031215,-0.218015154033302,0.));
#5322=DIRECTION('center_axis',(0.218015154033302,0.975945384031215,0.));
#5323=DIRECTION('ref_axis',(0.,0.,1.));
#5324=DIRECTION('',(0.975945384031215,-0.218015154033302,0.));
#5325=DIRECTION('center_axis',(0.,0.,1.));
#5326=DIRECTION('ref_axis',(1.,0.,0.));
#5327=DIRECTION('',(0.983186062974218,-0.182606586883545,0.));
#5328=DIRECTION('center_axis',(-0.182606586883545,-0.983186062974218,0.));
#5329=DIRECTION('ref_axis',(0.,0.,-1.));
#5330=DIRECTION('',(0.983186062974218,-0.182606586883545,0.));
#5331=DIRECTION('center_axis',(0.,0.,1.));
#5332=DIRECTION('ref_axis',(1.,0.,0.));
#5333=DIRECTION('',(0.997627467624061,0.0688435606429762,0.));
#5334=DIRECTION('',(0.993271342876663,0.115810359726542,0.));
#5335=DIRECTION('',(0.991327593635196,0.131413858087541,0.));
#5336=DIRECTION('',(0.993584076461369,0.113095901793165,0.));
#5337=DIRECTION('',(0.998826089140675,0.0484401037565497,0.));
#5338=DIRECTION('center_axis',(0.,0.,-1.));
#5339=DIRECTION('ref_axis',(-1.,0.,0.));
#5340=DIRECTION('',(0.983186062974218,-0.182606586883545,0.));
#5341=DIRECTION('center_axis',(-0.182606586883545,-0.983186062974218,0.));
#5342=DIRECTION('ref_axis',(0.,0.,-1.));
#5343=DIRECTION('',(0.983186062974218,-0.182606586883545,0.));
#5344=DIRECTION('center_axis',(0.,0.,-1.));
#5345=DIRECTION('ref_axis',(-1.,0.,0.));
#5346=DIRECTION('',(0.975945384031215,-0.218015154033302,0.));
#5347=DIRECTION('center_axis',(0.218015154033302,0.975945384031215,0.));
#5348=DIRECTION('ref_axis',(0.,0.,1.));
#5349=DIRECTION('',(0.975945384031215,-0.218015154033302,0.));
#5350=DIRECTION('center_axis',(0.,0.,1.));
#5351=DIRECTION('ref_axis',(1.,0.,0.));
#5352=DIRECTION('',(0.983186062974218,-0.182606586883545,0.));
#5353=DIRECTION('center_axis',(-0.182606586883545,-0.983186062974218,0.));
#5354=DIRECTION('ref_axis',(0.,0.,-1.));
#5355=DIRECTION('',(0.983186062974218,-0.182606586883545,0.));
#5356=DIRECTION('center_axis',(0.,0.,1.));
#5357=DIRECTION('ref_axis',(1.,0.,0.));
#5358=DIRECTION('',(0.998215609948997,0.05971261218664,0.));
#5359=DIRECTION('',(0.988439082040569,0.151618538097417,0.));
#5360=DIRECTION('',(0.982783710174723,0.184759787332652,0.));
#5361=DIRECTION('',(0.986418263709905,0.164252881312738,0.));
#5362=DIRECTION('',(0.994750013642279,0.102334795444588,0.));
#5363=DIRECTION('center_axis',(0.,0.,1.));
#5364=DIRECTION('ref_axis',(1.,0.,0.));
#5365=DIRECTION('center_axis',(0.,0.,1.));
#5366=DIRECTION('ref_axis',(1.,0.,0.));
#5367=DIRECTION('center_axis',(0.,0.,-1.));
#5368=DIRECTION('ref_axis',(0.991613069103289,-0.12924210298334,0.));
#5369=DIRECTION('',(0.,0.,-1.));
#5370=DIRECTION('center_axis',(0.,0.,1.));
#5371=DIRECTION('ref_axis',(0.975945384031215,-0.218015154033302,0.));
#5372=DIRECTION('',(0.,0.,1.));
#5373=DIRECTION('center_axis',(0.,0.,1.));
#5374=DIRECTION('ref_axis',(1.,0.,0.));
#5375=DIRECTION('',(0.991613069103289,-0.12924210298334,0.));
#5376=DIRECTION('',(0.975945384031215,-0.218015154033302,0.));
#5377=DIRECTION('center_axis',(-0.12924210298334,-0.991613069103289,0.));
#5378=DIRECTION('ref_axis',(0.,0.,-1.));
#5379=DIRECTION('',(0.991613069103289,-0.12924210298334,0.));
#5380=DIRECTION('center_axis',(0.,0.,-1.));
#5381=DIRECTION('ref_axis',(-1.,0.,0.));
#5382=DIRECTION('',(0.975945384031215,-0.218015154033302,0.));
#5383=DIRECTION('center_axis',(0.218015154033302,0.975945384031215,0.));
#5384=DIRECTION('ref_axis',(0.,0.,1.));
#5385=DIRECTION('center_axis',(0.,0.,1.));
#5386=DIRECTION('ref_axis',(1.,0.,0.));
#5387=DIRECTION('center_axis',(0.,0.,-1.));
#5388=DIRECTION('ref_axis',(0.98776001389457,-0.155981264743552,0.));
#5389=DIRECTION('',(0.,0.,-1.));
#5390=DIRECTION('center_axis',(0.,0.,1.));
#5391=DIRECTION('ref_axis',(0.977511248883694,0.21088328123832,0.));
#5392=DIRECTION('',(0.,0.,1.));
#5393=DIRECTION('center_axis',(0.,0.,1.));
#5394=DIRECTION('ref_axis',(0.975945384031215,-0.218015154033302,0.));
#5395=DIRECTION('',(0.,0.,1.));
#5396=DIRECTION('center_axis',(0.,0.,1.));
#5397=DIRECTION('ref_axis',(1.,0.,0.));
#5398=DIRECTION('',(0.98776001389457,-0.155981264743552,0.));
#5399=DIRECTION('',(0.975945384031215,-0.218015154033302,0.));
#5400=DIRECTION('center_axis',(-0.155981264743552,-0.98776001389457,0.));
#5401=DIRECTION('ref_axis',(0.,0.,-1.));
#5402=DIRECTION('',(0.98776001389457,-0.155981264743552,0.));
#5403=DIRECTION('',(0.999965650167322,-0.00828845494924453,0.));
#5404=DIRECTION('',(0.999749103012392,0.0223993532477487,0.));
#5405=DIRECTION('',(0.98273625731733,0.185012022728053,0.));
#5406=DIRECTION('',(0.957132763819801,0.289649568310862,0.));
#5407=DIRECTION('',(0.944602036127876,0.328217905274943,0.));
#5408=DIRECTION('',(0.947529157200316,0.319669354576348,0.));
#5409=DIRECTION('',(0.955845406410606,0.293869969618781,0.));
#5410=DIRECTION('center_axis',(0.,0.,-1.));
#5411=DIRECTION('ref_axis',(-1.,0.,0.));
#5412=DIRECTION('',(0.977511248883694,0.21088328123832,0.));
#5413=DIRECTION('center_axis',(-0.21088328123832,0.977511248883694,0.));
#5414=DIRECTION('ref_axis',(0.,0.,1.));
#5415=DIRECTION('',(0.977511248883694,0.21088328123832,0.));
#5416=DIRECTION('',(0.967522311103943,0.252785635501873,0.));
#5417=DIRECTION('',(0.9589031022497,0.283733749307164,0.));
#5418=DIRECTION('',(0.955845406410606,0.293869969618781,0.));
#5419=DIRECTION('',(0.964743766688157,0.263190928104193,0.));
#5420=DIRECTION('',(0.983319150209407,0.181888561573974,0.));
#5421=DIRECTION('',(0.994704971475198,0.102771687358563,0.));
#5422=DIRECTION('',(0.999988737746693,0.00474598564842677,0.));
#5423=DIRECTION('',(0.999518542703381,-0.0310271299367049,0.));
#5424=DIRECTION('',(0.983186062974218,-0.182606586883545,0.));
#5425=DIRECTION('center_axis',(0.,0.,-1.));
#5426=DIRECTION('ref_axis',(-1.,0.,0.));
#5427=DIRECTION('',(0.975945384031215,-0.218015154033302,0.));
#5428=DIRECTION('center_axis',(0.218015154033302,0.975945384031215,0.));
#5429=DIRECTION('ref_axis',(0.,0.,1.));
#5430=DIRECTION('center_axis',(0.,0.,1.));
#5431=DIRECTION('ref_axis',(1.,0.,0.));
#5432=DIRECTION('center_axis',(0.,0.,-1.));
#5433=DIRECTION('ref_axis',(0.949064405045587,0.315082140203892,0.));
#5434=DIRECTION('',(0.,0.,-1.));
#5435=DIRECTION('center_axis',(0.,0.,1.));
#5436=DIRECTION('ref_axis',(0.968165153055714,0.250312277782383,0.));
#5437=DIRECTION('',(0.,0.,1.));
#5438=DIRECTION('',(0.,0.,1.));
#5439=DIRECTION('',(0.962845629669065,0.27005239015269,0.));
#5440=DIRECTION('',(0.975945384031215,-0.218015154033302,0.));
#5441=DIRECTION('center_axis',(0.,0.,1.));
#5442=DIRECTION('ref_axis',(1.,0.,0.));
#5443=DIRECTION('',(0.949064405045587,0.315082140203892,0.));
#5444=DIRECTION('center_axis',(0.315082140203892,-0.949064405045587,0.));
#5445=DIRECTION('ref_axis',(0.,0.,-1.));
#5446=DIRECTION('',(0.949064405045587,0.315082140203892,0.));
#5447=DIRECTION('center_axis',(0.,0.,-1.));
#5448=DIRECTION('ref_axis',(-1.,0.,0.));
#5449=DIRECTION('',(0.968165153055714,0.250312277782383,0.));
#5450=DIRECTION('center_axis',(-0.250312277782384,0.968165153055714,0.));
#5451=DIRECTION('ref_axis',(0.,0.,1.));
#5452=DIRECTION('',(0.968165153055714,0.250312277782383,0.));
#5453=DIRECTION('',(0.975945384031215,-0.218015154033302,0.));
#5454=DIRECTION('center_axis',(0.218015154033302,0.975945384031215,0.));
#5455=DIRECTION('ref_axis',(0.,0.,1.));
#5456=DIRECTION('center_axis',(0.,0.,1.));
#5457=DIRECTION('ref_axis',(1.,0.,0.));
#5458=DIRECTION('center_axis',(0.,0.,1.));
#5459=DIRECTION('ref_axis',(0.971975242946872,0.235083234405114,0.));
#5460=DIRECTION('',(0.,0.,1.));
#5461=DIRECTION('',(0.,0.,-1.));
#5462=DIRECTION('center_axis',(0.,0.,1.));
#5463=DIRECTION('ref_axis',(0.998731121619394,0.0503601698653496,0.));
#5464=DIRECTION('',(0.,0.,1.));
#5465=DIRECTION('',(0.,0.,-1.));
#5466=DIRECTION('center_axis',(0.,0.,1.));
#5467=DIRECTION('ref_axis',(0.977124644488297,-0.212667414367175,0.));
#5468=DIRECTION('',(0.972911461085875,-0.231178045860216,0.));
#5469=DIRECTION('',(0.973997693857627,-0.226557922748299,0.));
#5470=DIRECTION('',(0.982068233257346,-0.188525821114229,0.));
#5471=DIRECTION('',(0.99744093364784,-0.0714953416924847,0.));
#5472=DIRECTION('',(0.999779670503906,0.0209907228818093,0.));
#5473=DIRECTION('',(0.997388469683767,0.0722235456196423,0.));
#5474=DIRECTION('',(0.991916978985385,0.126888560558101,0.));
#5475=DIRECTION('',(0.978046975494969,0.208384533315562,0.));
#5476=DIRECTION('',(0.95503715572258,0.296486139961591,0.));
#5477=DIRECTION('',(0.944602036127876,0.328217905274943,0.));
#5478=DIRECTION('',(0.94662087640697,0.322349059794659,0.));
#5479=DIRECTION('',(0.952458345450973,0.304668836904588,0.));
#5480=DIRECTION('center_axis',(0.,0.,-1.));
#5481=DIRECTION('ref_axis',(-1.,0.,0.));
#5482=DIRECTION('',(0.971975242946872,0.235083234405114,0.));
#5483=DIRECTION('center_axis',(-0.235083234405114,0.971975242946872,0.));
#5484=DIRECTION('ref_axis',(0.,0.,1.));
#5485=DIRECTION('',(0.971975242946872,0.235083234405114,0.));
#5486=DIRECTION('',(0.961653292031686,0.274268018413779,0.));
#5487=DIRECTION('',(0.957334922730928,0.288980701292956,0.));
#5488=DIRECTION('',(0.955845396786421,0.293870000922532,0.));
#5489=DIRECTION('',(0.962796316261671,0.270228150630085,0.));
#5490=DIRECTION('',(0.980126012813668,0.19837590328964,0.));
#5491=DIRECTION('',(0.993415569303489,0.114566603621756,0.));
#5492=DIRECTION('',(0.99625906813642,0.0864168337533432,0.));
#5493=DIRECTION('center_axis',(0.0864168337533432,-0.99625906813642,0.));
#5494=DIRECTION('ref_axis',(0.,0.,-1.));
#5495=DIRECTION('',(0.99625906813642,0.0864168337533432,0.));
#5496=DIRECTION('center_axis',(0.,0.,-1.));
#5497=DIRECTION('ref_axis',(-1.,0.,0.));
#5498=DIRECTION('',(0.998731121619394,0.0503601698653496,0.));
#5499=DIRECTION('center_axis',(-0.0503601698653496,0.998731121619394,0.));
#5500=DIRECTION('ref_axis',(0.,0.,1.));
#5501=DIRECTION('',(0.998731121619394,0.0503601698653496,0.));
#5502=DIRECTION('',(0.9998300494806,0.0184356219211919,0.));
#5503=DIRECTION('',(0.997569779994157,-0.069674486308893,0.));
#5504=DIRECTION('',(0.986772911572508,-0.162108670300868,0.));
#5505=DIRECTION('',(0.980629767907343,-0.195870514100489,0.));
#5506=DIRECTION('',(0.9817571738869,-0.190139032083388,0.));
#5507=DIRECTION('',(0.984938264185641,-0.172906378549134,0.));
#5508=DIRECTION('',(0.990543046016108,-0.13720231043656,0.));
#5509=DIRECTION('center_axis',(-0.13720231043656,-0.990543046016108,0.));
#5510=DIRECTION('ref_axis',(0.,0.,-1.));
#5511=DIRECTION('',(0.990543046016108,-0.13720231043656,0.));
#5512=DIRECTION('center_axis',(0.,0.,-1.));
#5513=DIRECTION('ref_axis',(-1.,0.,0.));
#5514=DIRECTION('',(0.977124644488297,-0.212667414367175,0.));
#5515=DIRECTION('center_axis',(0.,0.,1.));
#5516=DIRECTION('ref_axis',(1.,0.,0.));
#5517=DIRECTION('',(0.,0.,-1.));
#5518=DIRECTION('center_axis',(0.,0.,1.));
#5519=DIRECTION('ref_axis',(0.975945384031215,-0.218015154033302,0.));
#5520=DIRECTION('',(0.,0.,1.));
#5521=DIRECTION('center_axis',(0.,0.,-1.));
#5522=DIRECTION('ref_axis',(0.983119328729457,-0.182965530848139,0.));
#5523=DIRECTION('',(0.,0.,-1.));
#5524=DIRECTION('',(0.,0.,-1.));
#5525=DIRECTION('',(0.,0.,-1.));
#5526=DIRECTION('center_axis',(0.,0.,1.));
#5527=DIRECTION('ref_axis',(0.975945384031215,-0.218015154033302,0.));
#5528=DIRECTION('',(0.,0.,1.));
#5529=DIRECTION('center_axis',(0.,0.,-1.));
#5530=DIRECTION('ref_axis',(0.983119328729457,-0.182965530848139,0.));
#5531=DIRECTION('',(0.,0.,-1.));
#5532=DIRECTION('',(0.,0.,1.));
#5533=DIRECTION('',(0.,0.,-1.));
#5534=DIRECTION('',(0.983119328729457,-0.182965530848139,0.));
#5535=DIRECTION('',(0.998336782791153,-0.0576512630062005,0.));
#5536=DIRECTION('center_axis',(-0.182965530848139,-0.983119328729457,0.));
#5537=DIRECTION('ref_axis',(0.,0.,-1.));
#5538=DIRECTION('',(0.983119328729457,-0.182965530848139,0.));
#5539=DIRECTION('center_axis',(0.,0.,-1.));
#5540=DIRECTION('ref_axis',(-1.,0.,0.));
#5541=DIRECTION('',(0.975945384031215,-0.218015154033302,0.));
#5542=DIRECTION('center_axis',(0.218015154033302,0.975945384031215,0.));
#5543=DIRECTION('ref_axis',(0.,0.,1.));
#5544=DIRECTION('',(0.975945384031215,-0.218015154033302,0.));
#5545=DIRECTION('center_axis',(0.,0.,1.));
#5546=DIRECTION('ref_axis',(1.,0.,0.));
#5547=DIRECTION('',(0.983119328729457,-0.182965530848139,0.));
#5548=DIRECTION('center_axis',(-0.182965530848139,-0.983119328729457,0.));
#5549=DIRECTION('ref_axis',(0.,0.,-1.));
#5550=DIRECTION('',(0.983119328729457,-0.182965530848139,0.));
#5551=DIRECTION('',(0.946149136452724,0.323731079122418,0.));
#5552=DIRECTION('center_axis',(0.323731079122418,-0.946149136452724,0.));
#5553=DIRECTION('ref_axis',(0.,0.,-1.));
#5554=DIRECTION('',(0.946149136452724,0.323731079122418,0.));
#5555=DIRECTION('',(0.983119328729457,-0.182965530848139,0.));
#5556=DIRECTION('center_axis',(-0.182965530848139,-0.983119328729457,0.));
#5557=DIRECTION('ref_axis',(0.,0.,-1.));
#5558=DIRECTION('',(0.983119328729457,-0.182965530848139,0.));
#5559=DIRECTION('center_axis',(0.,0.,-1.));
#5560=DIRECTION('ref_axis',(-1.,0.,0.));
#5561=DIRECTION('',(0.975945384031215,-0.218015154033302,0.));
#5562=DIRECTION('center_axis',(0.218015154033302,0.975945384031215,0.));
#5563=DIRECTION('ref_axis',(0.,0.,1.));
#5564=DIRECTION('',(0.975945384031215,-0.218015154033302,0.));
#5565=DIRECTION('center_axis',(0.,0.,1.));
#5566=DIRECTION('ref_axis',(1.,0.,0.));
#5567=DIRECTION('',(0.983119328729457,-0.182965530848139,0.));
#5568=DIRECTION('center_axis',(-0.182965530848139,-0.983119328729457,0.));
#5569=DIRECTION('ref_axis',(0.,0.,-1.));
#5570=DIRECTION('',(0.983119328729457,-0.182965530848139,0.));
#5571=DIRECTION('',(0.998336782791153,-0.0576512630062005,0.));
#5572=DIRECTION('center_axis',(0.0576512630062005,0.998336782791153,0.));
#5573=DIRECTION('ref_axis',(0.,0.,1.));
#5574=DIRECTION('',(0.999760095043203,-0.0219032499690194,0.));
#5575=DIRECTION('',(0.974842505193562,0.222894795964238,0.));
#5576=DIRECTION('center_axis',(-0.0219032499690194,-0.999760095043203,0.));
#5577=DIRECTION('ref_axis',(0.,0.,-1.));
#5578=DIRECTION('',(0.,0.,-1.));
#5579=DIRECTION('',(0.999760095043203,-0.0219032499690194,0.));
#5580=DIRECTION('center_axis',(0.,0.,1.));
#5581=DIRECTION('ref_axis',(1.,0.,0.));
#5582=DIRECTION('center_axis',(0.,0.,1.));
#5583=DIRECTION('ref_axis',(1.,0.,0.));
#5584=DIRECTION('',(0.,0.,-1.));
#5585=DIRECTION('center_axis',(0.,0.,1.));
#5586=DIRECTION('ref_axis',(0.990138105036428,0.140094728504937,0.));
#5587=DIRECTION('',(0.,0.,1.));
#5588=DIRECTION('center_axis',(0.,0.,1.));
#5589=DIRECTION('ref_axis',(0.983186062974218,-0.182606586883545,0.));
#5590=DIRECTION('',(0.,0.,-1.));
#5591=DIRECTION('center_axis',(0.,0.,1.));
#5592=DIRECTION('ref_axis',(0.975945384031215,-0.218015154033302,0.));
#5593=DIRECTION('',(0.,0.,1.));
#5594=DIRECTION('center_axis',(0.,0.,-1.));
#5595=DIRECTION('ref_axis',(0.983186062974218,-0.182606586883545,0.));
#5596=DIRECTION('',(0.,0.,-1.));
#5597=DIRECTION('center_axis',(0.,0.,-1.));
#5598=DIRECTION('ref_axis',(0.997645497241647,0.0685817893720123,0.));
#5599=DIRECTION('center_axis',(0.,0.,1.));
#5600=DIRECTION('ref_axis',(0.983186062974218,-0.182606586883545,0.));
#5601=DIRECTION('',(0.,0.,-1.));
#5602=DIRECTION('center_axis',(0.,0.,1.));
#5603=DIRECTION('ref_axis',(0.975945384031215,-0.218015154033302,0.));
#5604=DIRECTION('',(0.,0.,1.));
#5605=DIRECTION('center_axis',(0.,0.,-1.));
#5606=DIRECTION('ref_axis',(0.983186062974218,-0.182606586883545,0.));
#5607=DIRECTION('',(0.,0.,-1.));
#5608=DIRECTION('center_axis',(0.,0.,-1.));
#5609=DIRECTION('ref_axis',(0.997645497241647,0.0685817893720123,0.));
#5610=DIRECTION('center_axis',(0.,0.,1.));
#5611=DIRECTION('ref_axis',(0.983186062974218,-0.182606586883545,0.));
#5612=DIRECTION('',(0.,0.,-1.));
#5613=DIRECTION('center_axis',(0.,0.,1.));
#5614=DIRECTION('ref_axis',(0.975945384031215,-0.218015154033302,0.));
#5615=DIRECTION('',(0.,0.,1.));
#5616=DIRECTION('center_axis',(0.,0.,-1.));
#5617=DIRECTION('ref_axis',(0.983186062974218,-0.182606586883545,0.));
#5618=DIRECTION('',(0.,0.,-1.));
#5619=DIRECTION('center_axis',(0.,0.,-1.));
#5620=DIRECTION('ref_axis',(0.997628252164655,0.0688321907460178,0.));
#5621=DIRECTION('',(0.,0.,-1.));
#5622=DIRECTION('center_axis',(0.,0.,-1.));
#5623=DIRECTION('ref_axis',(0.984429074729059,0.175782242641538,0.));
#5624=DIRECTION('center_axis',(0.175782242641538,-0.984429074729059,0.));
#5625=DIRECTION('ref_axis',(0.,0.,-1.));
#5626=DIRECTION('',(0.984429074729059,0.175782242641538,0.));
#5627=DIRECTION('',(0.984429074729059,0.175782242641538,0.));
#5628=DIRECTION('center_axis',(0.,0.,-1.));
#5629=DIRECTION('ref_axis',(-1.,0.,0.));
#5630=DIRECTION('',(0.990138105036428,0.140094728504937,0.));
#5631=DIRECTION('center_axis',(-0.140094728504937,0.990138105036428,0.));
#5632=DIRECTION('ref_axis',(0.,0.,1.));
#5633=DIRECTION('',(0.990138105036428,0.140094728504937,0.));
#5634=DIRECTION('center_axis',(0.,0.,-1.));
#5635=DIRECTION('ref_axis',(-1.,0.,0.));
#5636=DIRECTION('',(0.983186062974218,-0.182606586883545,0.));
#5637=DIRECTION('center_axis',(-0.182606586883545,-0.983186062974218,0.));
#5638=DIRECTION('ref_axis',(0.,0.,-1.));
#5639=DIRECTION('',(0.983186062974218,-0.182606586883545,0.));
#5640=DIRECTION('center_axis',(0.,0.,-1.));
#5641=DIRECTION('ref_axis',(-1.,0.,0.));
#5642=DIRECTION('',(0.975945384031215,-0.218015154033302,0.));
#5643=DIRECTION('center_axis',(0.218015154033302,0.975945384031215,0.));
#5644=DIRECTION('ref_axis',(0.,0.,1.));
#5645=DIRECTION('',(0.975945384031215,-0.218015154033302,0.));
#5646=DIRECTION('center_axis',(0.,0.,1.));
#5647=DIRECTION('ref_axis',(1.,0.,0.));
#5648=DIRECTION('',(0.983186062974218,-0.182606586883545,0.));
#5649=DIRECTION('center_axis',(-0.182606586883545,-0.983186062974218,0.));
#5650=DIRECTION('ref_axis',(0.,0.,-1.));
#5651=DIRECTION('',(0.983186062974218,-0.182606586883545,0.));
#5652=DIRECTION('center_axis',(0.,0.,1.));
#5653=DIRECTION('ref_axis',(1.,0.,0.));
#5654=DIRECTION('',(0.997645497241647,0.0685817893720123,0.));
#5655=DIRECTION('',(0.99327893765125,0.115745203003862,0.));
#5656=DIRECTION('',(0.991327593635196,0.131413858087541,0.));
#5657=DIRECTION('',(0.993646180553131,0.112548957668098,0.));
#5658=DIRECTION('',(0.998445135941839,0.0557432553237002,0.));
#5659=DIRECTION('center_axis',(0.,0.,-1.));
#5660=DIRECTION('ref_axis',(-1.,0.,0.));
#5661=DIRECTION('',(0.983186062974218,-0.182606586883545,0.));
#5662=DIRECTION('center_axis',(-0.182606586883545,-0.983186062974218,0.));
#5663=DIRECTION('ref_axis',(0.,0.,-1.));
#5664=DIRECTION('',(0.983186062974218,-0.182606586883545,0.));
#5665=DIRECTION('center_axis',(0.,0.,-1.));
#5666=DIRECTION('ref_axis',(-1.,0.,0.));
#5667=DIRECTION('',(0.975945384031215,-0.218015154033302,0.));
#5668=DIRECTION('center_axis',(0.218015154033302,0.975945384031215,0.));
#5669=DIRECTION('ref_axis',(0.,0.,1.));
#5670=DIRECTION('',(0.975945384031215,-0.218015154033302,0.));
#5671=DIRECTION('center_axis',(0.,0.,1.));
#5672=DIRECTION('ref_axis',(1.,0.,0.));
#5673=DIRECTION('',(0.983186062974218,-0.182606586883545,0.));
#5674=DIRECTION('center_axis',(-0.182606586883545,-0.983186062974218,0.));
#5675=DIRECTION('ref_axis',(0.,0.,-1.));
#5676=DIRECTION('',(0.983186062974218,-0.182606586883545,0.));
#5677=DIRECTION('center_axis',(0.,0.,1.));
#5678=DIRECTION('ref_axis',(1.,0.,0.));
#5679=DIRECTION('',(0.997645497241647,0.0685817893720123,0.));
#5680=DIRECTION('',(0.99327893765125,0.115745203003862,0.));
#5681=DIRECTION('',(0.991327593635196,0.131413858087541,0.));
#5682=DIRECTION('',(0.993646180553131,0.112548957668098,0.));
#5683=DIRECTION('',(0.998445135941839,0.0557432553237002,0.));
#5684=DIRECTION('center_axis',(0.,0.,-1.));
#5685=DIRECTION('ref_axis',(-1.,0.,0.));
#5686=DIRECTION('',(0.983186062974218,-0.182606586883545,0.));
#5687=DIRECTION('center_axis',(-0.182606586883545,-0.983186062974218,0.));
#5688=DIRECTION('ref_axis',(0.,0.,-1.));
#5689=DIRECTION('',(0.983186062974218,-0.182606586883545,0.));
#5690=DIRECTION('center_axis',(0.,0.,-1.));
#5691=DIRECTION('ref_axis',(-1.,0.,0.));
#5692=DIRECTION('',(0.975945384031215,-0.218015154033302,0.));
#5693=DIRECTION('center_axis',(0.218015154033302,0.975945384031215,0.));
#5694=DIRECTION('ref_axis',(0.,0.,1.));
#5695=DIRECTION('',(0.975945384031215,-0.218015154033302,0.));
#5696=DIRECTION('center_axis',(0.,0.,1.));
#5697=DIRECTION('ref_axis',(1.,0.,0.));
#5698=DIRECTION('',(0.983186062974218,-0.182606586883545,0.));
#5699=DIRECTION('center_axis',(-0.182606586883545,-0.983186062974218,0.));
#5700=DIRECTION('ref_axis',(0.,0.,-1.));
#5701=DIRECTION('',(0.983186062974218,-0.182606586883545,0.));
#5702=DIRECTION('center_axis',(0.,0.,1.));
#5703=DIRECTION('ref_axis',(1.,0.,0.));
#5704=DIRECTION('',(0.997628252164655,0.0688321907460178,0.));
#5705=DIRECTION('',(0.988076067104294,0.15396650809741,0.));
#5706=DIRECTION('',(0.982783710174723,0.184759787332652,0.));
#5707=DIRECTION('',(0.986430439620002,0.164179742328611,0.));
#5708=DIRECTION('',(0.994779742429989,0.10204540190976,0.));
#5709=DIRECTION('center_axis',(0.10204540190976,-0.994779742429989,0.));
#5710=DIRECTION('ref_axis',(0.,0.,-1.));
#5711=DIRECTION('',(0.994779742429989,0.10204540190976,0.));
#5712=DIRECTION('',(0.986430439620002,0.164179742328611,0.));
#5713=DIRECTION('',(0.982783710174723,0.184759787332652,0.));
#5714=DIRECTION('',(0.986430439620002,0.164179742328611,0.));
#5715=DIRECTION('',(0.994779742429989,0.10204540190976,0.));
#5716=DIRECTION('center_axis',(0.,0.,1.));
#5717=DIRECTION('ref_axis',(1.,0.,0.));
#5718=DIRECTION('center_axis',(0.,0.,1.));
#5719=DIRECTION('ref_axis',(1.,0.,0.));
#5720=DIRECTION('',(0.998794656434052,0.0490839513363071,0.));
#5721=DIRECTION('',(0.987796021879468,-0.155753071106473,0.));
#5722=DIRECTION('',(0.967164444711874,0.254151405436153,0.));
#5723=DIRECTION('',(0.944602036127876,0.328217905274943,0.));
#5724=DIRECTION('',(0.967164444711874,0.254151405436153,0.));
#5725=DIRECTION('',(0.998812508567905,0.0487193260245647,0.));
#5726=DIRECTION('',(0.987796021879468,-0.155753071106473,0.));
#5727=DIRECTION('',(0.972911461085875,-0.231178045860216,0.));
#5728=DIRECTION('',(0.998731121619394,0.0503601698653496,0.));
#5729=DIRECTION('',(0.990865844714867,-0.134851317299803,0.));
#5730=DIRECTION('',(0.972827017086007,0.231533139804091,0.));
#5731=DIRECTION('',(0.955845396786421,0.293870000922532,0.));
#5732=DIRECTION('',(0.972827017086007,0.231533139804091,0.));
#5733=DIRECTION('',(0.998731121619394,0.0503601698653496,0.));
#5734=DIRECTION('',(0.990865844714867,-0.134851317299803,0.));
#5735=DIRECTION('',(0.980629767907343,-0.195870514100489,0.));
#5736=DIRECTION('center_axis',(0.,0.,1.));
#5737=DIRECTION('ref_axis',(1.,0.,0.));
#5738=DIRECTION('center_axis',(0.,0.,1.));
#5739=DIRECTION('ref_axis',(1.,0.,0.));
#5740=DIRECTION('center_axis',(0.,0.,-1.));
#5741=DIRECTION('ref_axis',(1.,0.,0.));
#5742=DIRECTION('',(0.,0.,-1.));
#5743=DIRECTION('center_axis',(0.,0.,-1.));
#5744=DIRECTION('ref_axis',(1.,0.,0.));
#5745=DIRECTION('center_axis',(0.,0.,1.));
#5746=DIRECTION('ref_axis',(1.,0.,0.));
#5747=DIRECTION('center_axis',(0.,0.,1.));
#5748=DIRECTION('ref_axis',(1.,0.,0.));
#5749=DIRECTION('center_axis',(0.,0.,1.));
#5750=DIRECTION('ref_axis',(1.,0.,0.));
#5751=CARTESIAN_POINT('',(0.,0.,0.));
#5752=CARTESIAN_POINT('Origin',(0.,0.,0.2));
#5753=CARTESIAN_POINT('',(5.71639320225002,7.00056263780318E-16,-0.1));
#5754=CARTESIAN_POINT('Origin',(0.,0.,-0.1));
#5755=CARTESIAN_POINT('',(5.94,7.27440198693528E-16,0.));
#5756=CARTESIAN_POINT('Origin',(5.71639320225002,7.00056263780318E-16,0.2));
#5757=CARTESIAN_POINT('Origin',(0.,0.,0.));
#5758=CARTESIAN_POINT('Origin',(0.,0.,-0.1));
#5759=CARTESIAN_POINT('Origin',(0.,0.,66.63));
#5760=CARTESIAN_POINT('',(-2.5,3.06161699786838E-16,67.13));
#5761=CARTESIAN_POINT('Origin',(0.,0.,67.13));
#5762=CARTESIAN_POINT('',(-3.,-3.67394039744206E-16,66.63));
#5763=CARTESIAN_POINT('Origin',(-2.5,-3.06161699786838E-16,66.63));
#5764=CARTESIAN_POINT('Origin',(0.,0.,66.63));
#5765=CARTESIAN_POINT('Origin',(0.,0.,64.8));
#5766=CARTESIAN_POINT('',(-3.,-3.67394039744206E-16,64.8));
#5767=CARTESIAN_POINT('',(-3.,-3.67394039744206E-16,64.8));
#5768=CARTESIAN_POINT('Origin',(0.,0.,64.8));
#5769=CARTESIAN_POINT('Origin',(0.,0.,67.13));
#5770=CARTESIAN_POINT('Origin',(0.,0.,0.));
#5771=CARTESIAN_POINT('',(-7.2,-8.81745695386094E-16,64.8));
#5772=CARTESIAN_POINT('Origin',(0.,0.,64.8));
#5773=CARTESIAN_POINT('',(-7.2,-8.81745695386094E-16,0.));
#5774=CARTESIAN_POINT('',(-7.2,-8.81745695386094E-16,0.));
#5775=CARTESIAN_POINT('Origin',(0.,0.,0.));
#5776=CARTESIAN_POINT('Origin',(0.,0.,64.8));
#5777=CARTESIAN_POINT('Origin',(0.,0.,0.));
#5778=CARTESIAN_POINT('Origin',(0.,0.,0.4));
#5779=CARTESIAN_POINT('',(7.2,8.81745695386094E-16,0.));
#5780=CARTESIAN_POINT('Origin',(0.,0.,0.));
#5781=CARTESIAN_POINT('',(7.5,-9.18485099360515E-16,-0.1));
#5782=CARTESIAN_POINT('Origin',(7.5,9.18485099360515E-16,0.4));
#5783=CARTESIAN_POINT('Origin',(0.,0.,-0.1));
#5784=CARTESIAN_POINT('Origin',(0.,0.,-0.1));
#5785=CARTESIAN_POINT('',(-9.1,-1.11442858722409E-15,-0.1));
#5786=CARTESIAN_POINT('Origin',(0.,0.,-0.1));
#5787=CARTESIAN_POINT('Origin',(0.,0.,0.));
#5788=CARTESIAN_POINT('',(-9.1,-1.11442858722409E-15,0.));
#5789=CARTESIAN_POINT('',(-9.1,1.11442858722409E-15,0.));
#5790=CARTESIAN_POINT('Origin',(0.,0.,0.));
#5791=CARTESIAN_POINT('Origin',(0.,0.,0.));
#5792=CARTESIAN_POINT('Origin',(0.,0.,64.4));
#5793=CARTESIAN_POINT('',(7.2,-8.81745695386094E-16,64.8));
#5794=CARTESIAN_POINT('Origin',(0.,0.,64.8));
#5795=CARTESIAN_POINT('',(7.5,9.18485099360515E-16,64.9));
#5796=CARTESIAN_POINT('Origin',(7.5,-9.18485099360515E-16,64.4));
#5797=CARTESIAN_POINT('Origin',(0.,0.,64.9));
#5798=CARTESIAN_POINT('Origin',(0.,0.,64.9));
#5799=CARTESIAN_POINT('',(-9.1,-1.11442858722409E-15,64.9));
#5800=CARTESIAN_POINT('Origin',(0.,0.,64.9));
#5801=CARTESIAN_POINT('Origin',(0.,0.,64.8));
#5802=CARTESIAN_POINT('',(-9.1,-1.11442858722409E-15,64.8));
#5803=CARTESIAN_POINT('',(-9.1,-1.11442858722409E-15,64.8));
#5804=CARTESIAN_POINT('Origin',(0.,0.,64.8));
#5805=CARTESIAN_POINT('Origin',(0.,0.,64.8));
#5806=CARTESIAN_POINT('Origin',(0.,0.,0.));
#5807=CARTESIAN_POINT('',(8.95682503369512,-1.6635460065091,50.842192992568));
#5808=CARTESIAN_POINT('',(8.95682503369512,-1.6635460065091,50.3504981845617));
#5809=CARTESIAN_POINT('',(8.95682503369512,-1.6635460065091,50.842192992568));
#5810=CARTESIAN_POINT('',(8.89086244852437,-1.98611805324338,50.842192992568));
#5811=CARTESIAN_POINT('Origin',(0.,0.,50.842192992568));
#5812=CARTESIAN_POINT('',(8.89086244852437,-1.98611805324338,49.2408641427755));
#5813=CARTESIAN_POINT('',(8.89086244852437,-1.98611805324338,49.2408641427755));
#5814=CARTESIAN_POINT('',(8.95682503369512,-1.6635460065091,49.2408641427755));
#5815=CARTESIAN_POINT('Origin',(0.,0.,49.2408641427755));
#5816=CARTESIAN_POINT('',(8.95682503369512,-1.6635460065091,49.7325583547354));
#5817=CARTESIAN_POINT('',(8.95682503369512,-1.6635460065091,49.7325583547354));
#5818=CARTESIAN_POINT('',(9.08967579625207,-0.608189048758124,49.7325583547354));
#5819=CARTESIAN_POINT('Origin',(0.,0.,49.7325583547354));
#5820=CARTESIAN_POINT('',(9.08967579625207,-0.608189048758124,48.9950170367956));
#5821=CARTESIAN_POINT('',(9.08967579625207,-0.608189048758124,48.9950170367956));
#5822=CARTESIAN_POINT('',(9.10929817831438,-0.113078285087561,48.9950170367956));
#5823=CARTESIAN_POINT('Origin',(0.,0.,48.9950170367956));
#5824=CARTESIAN_POINT('',(9.10929817831438,-0.113078285087562,49.7325583547354));
#5825=CARTESIAN_POINT('',(9.10929817831438,-0.113078285087561,49.7325583547354));
#5826=CARTESIAN_POINT('',(8.61941863308431,2.94919013080523,49.7325583547354));
#5827=CARTESIAN_POINT('Origin',(0.,0.,49.7325583547354));
#5828=CARTESIAN_POINT('',(8.61941863308431,2.94919013080523,50.1075579971075));
#5829=CARTESIAN_POINT('',(8.61941863308431,2.94919013080523,50.1075579971075));
#5830=CARTESIAN_POINT('',(9.10578474093984,-0.277099714303535,52.5631227344275));
#5831=CARTESIAN_POINT('Ctrl Pts',(9.10578474093984,-0.277099714303535,52.5631227344275));
#5832=CARTESIAN_POINT('Ctrl Pts',(9.13904521012757,0.815873887518105,51.7446011553208));
#5833=CARTESIAN_POINT('Ctrl Pts',(8.97341195177442,1.91459538724023,50.9260795762141));
#5834=CARTESIAN_POINT('Ctrl Pts',(8.61941863308431,2.94919013080523,50.1075579971075));
#5835=CARTESIAN_POINT('',(9.08967579625207,-0.608189048758124,52.5631227344275));
#5836=CARTESIAN_POINT('Origin',(0.,0.,52.5631227344275));
#5837=CARTESIAN_POINT('',(9.08967579625207,-0.608189048758124,50.3504981845617));
#5838=CARTESIAN_POINT('',(9.08967579625207,-0.608189048758124,50.3504981845617));
#5839=CARTESIAN_POINT('Origin',(0.,0.,50.3504981845617));
#5840=CARTESIAN_POINT('',(9.10929817831438,-0.113078285087561,50.3504981845617));
#5841=CARTESIAN_POINT('',(8.86223751916424,2.11017680631686,50.3571429103613));
#5842=CARTESIAN_POINT('Ctrl Pts',(9.10929817831438,-0.113078285087561,50.3504981845617));
#5843=CARTESIAN_POINT('Ctrl Pts',(9.118576963468,0.634396976245042,50.3527130931616));
#5844=CARTESIAN_POINT('Ctrl Pts',(9.03539081032718,1.3829744273895,50.3549280017614));
#5845=CARTESIAN_POINT('Ctrl Pts',(8.86223751916424,2.11017680631686,50.3571429103613));
#5846=CARTESIAN_POINT('',(9.10929817831438,-0.113078285087561,52.0272012799978));
#5847=CARTESIAN_POINT('',(9.10929817831438,-0.113078285087561,52.0272012799978));
#5848=CARTESIAN_POINT('Ctrl Pts',(8.86223751916424,2.11017680631686,50.3571429103613));
#5849=CARTESIAN_POINT('Ctrl Pts',(9.03539081032718,1.3829744273895,50.9138290335735));
#5850=CARTESIAN_POINT('Ctrl Pts',(9.118576963468,0.634396976245042,51.4705151567857));
#5851=CARTESIAN_POINT('Ctrl Pts',(9.10929817831438,-0.113078285087561,52.0272012799978));
#5852=CARTESIAN_POINT('Ctrl Pts',(9.09929894870042,-0.11295415963741,50.3504981845617));
#5853=CARTESIAN_POINT('Ctrl Pts',(9.10263202523841,-0.112995534787461,50.3504981845617));
#5854=CARTESIAN_POINT('Ctrl Pts',(9.10596510177639,-0.113036909937511,50.3504981845617));
#5855=CARTESIAN_POINT('Ctrl Pts',(9.10929817831438,-0.113078285087561,50.3504981845617));
#5856=CARTESIAN_POINT('Ctrl Pts',(9.10856754857945,0.633700601957177,50.3527130931616));
#5857=CARTESIAN_POINT('Ctrl Pts',(9.11190405650598,0.633932730040953,50.3527130931616));
#5858=CARTESIAN_POINT('Ctrl Pts',(9.11524045554147,0.634164848161267,50.3527130931616));
#5859=CARTESIAN_POINT('Ctrl Pts',(9.118576963468,0.634396976245042,50.3527130931616));
#5860=CARTESIAN_POINT('Ctrl Pts',(9.02547270844976,1.38145634349555,50.3549280017614));
#5861=CARTESIAN_POINT('Ctrl Pts',(9.02877877854952,1.38196237618873,50.3549280017614));
#5862=CARTESIAN_POINT('Ctrl Pts',(9.03208474022742,1.38246839469633,50.3549280017614));
#5863=CARTESIAN_POINT('Ctrl Pts',(9.03539081032718,1.3829744273895,50.3549280017614));
#5864=CARTESIAN_POINT('Ctrl Pts',(8.85250948676121,2.10786047612332,50.3571429103613));
#5865=CARTESIAN_POINT('Ctrl Pts',(8.85575216422889,2.10863258618783,50.3571429103613));
#5866=CARTESIAN_POINT('Ctrl Pts',(8.85899484169656,2.10940469625235,50.3571429103613));
#5867=CARTESIAN_POINT('Ctrl Pts',(8.86223751916424,2.11017680631686,50.3571429103613));
#5868=CARTESIAN_POINT('',(9.09929894870042,-0.11295415963741,50.3504981845617));
#5869=CARTESIAN_POINT('',(8.85250948676121,2.10786047612332,50.3571429103613));
#5870=CARTESIAN_POINT('Ctrl Pts',(9.09929894870042,-0.11295415963741,50.3504981845617));
#5871=CARTESIAN_POINT('Ctrl Pts',(9.10856754857945,0.633700601957177,50.3527130931616));
#5872=CARTESIAN_POINT('Ctrl Pts',(9.02547270844976,1.38145634349555,50.3549280017614));
#5873=CARTESIAN_POINT('Ctrl Pts',(8.85250948676121,2.10786047612332,50.3571429103613));
#5874=CARTESIAN_POINT('',(9.09929894870042,-0.11295415963741,50.3504981845617));
#5875=CARTESIAN_POINT('',(8.85250948676121,2.10786047612332,50.3571429103613));
#5876=CARTESIAN_POINT('Origin',(9.09929894870042,-0.11295415963741,51.1888497322798));
#5877=CARTESIAN_POINT('',(9.09929894870042,-0.11295415963741,52.0272012799978));
#5878=CARTESIAN_POINT('',(9.09929894870042,-0.11295415963741,0.));
#5879=CARTESIAN_POINT('',(9.09929894870042,-0.11295415963741,52.0272012799978));
#5880=CARTESIAN_POINT('Ctrl Pts',(8.85250948676121,2.10786047612332,50.3571429103613));
#5881=CARTESIAN_POINT('Ctrl Pts',(8.85575216422889,2.10863258618783,50.3571429103613));
#5882=CARTESIAN_POINT('Ctrl Pts',(8.85899484169656,2.10940469625235,50.3571429103613));
#5883=CARTESIAN_POINT('Ctrl Pts',(8.86223751916424,2.11017680631686,50.3571429103613));
#5884=CARTESIAN_POINT('Ctrl Pts',(9.02547270844976,1.38145634349555,50.9138290335735));
#5885=CARTESIAN_POINT('Ctrl Pts',(9.02877877854952,1.38196237618873,50.9138290335735));
#5886=CARTESIAN_POINT('Ctrl Pts',(9.03208474022742,1.38246839469633,50.9138290335735));
#5887=CARTESIAN_POINT('Ctrl Pts',(9.03539081032718,1.3829744273895,50.9138290335735));
#5888=CARTESIAN_POINT('Ctrl Pts',(9.10856754857945,0.633700601957177,51.4705151567857));
#5889=CARTESIAN_POINT('Ctrl Pts',(9.11190405650598,0.633932730040953,51.4705151567857));
#5890=CARTESIAN_POINT('Ctrl Pts',(9.11524045554147,0.634164848161267,51.4705151567857));
#5891=CARTESIAN_POINT('Ctrl Pts',(9.118576963468,0.634396976245042,51.4705151567857));
#5892=CARTESIAN_POINT('Ctrl Pts',(9.09929894870042,-0.11295415963741,52.0272012799978));
#5893=CARTESIAN_POINT('Ctrl Pts',(9.10263202523841,-0.11299553478746,52.0272012799978));
#5894=CARTESIAN_POINT('Ctrl Pts',(9.10596510177639,-0.113036909937511,52.0272012799978));
#5895=CARTESIAN_POINT('Ctrl Pts',(9.10929817831438,-0.113078285087561,52.0272012799978));
#5896=CARTESIAN_POINT('Ctrl Pts',(8.85250948676121,2.10786047612332,50.3571429103613));
#5897=CARTESIAN_POINT('Ctrl Pts',(9.02547270844976,1.38145634349555,50.9138290335735));
#5898=CARTESIAN_POINT('Ctrl Pts',(9.10856754857945,0.633700601957177,51.4705151567857));
#5899=CARTESIAN_POINT('Ctrl Pts',(9.09929894870042,-0.11295415963741,52.0272012799978));
#5900=CARTESIAN_POINT('Origin',(8.94699317306538,-1.66171994064026,50.5963455885649));
#5901=CARTESIAN_POINT('',(8.94699317306538,-1.66171994064026,50.842192992568));
#5902=CARTESIAN_POINT('',(8.94699317306538,-1.66171994064026,50.3504981845617));
#5903=CARTESIAN_POINT('',(8.94699317306538,-1.66171994064026,0.));
#5904=CARTESIAN_POINT('',(8.94699317306538,-1.66171994064026,50.842192992568));
#5905=CARTESIAN_POINT('',(8.94699317306538,-1.66171994064026,50.3504981845617));
#5906=CARTESIAN_POINT('Origin',(8.91550387500552,-1.82312661512074,50.842192992568));
#5907=CARTESIAN_POINT('',(8.88110299468406,-1.98393790170304,50.842192992568));
#5908=CARTESIAN_POINT('Origin',(0.,0.,50.842192992568));
#5909=CARTESIAN_POINT('',(8.88110299468406,-1.98393790170304,50.842192992568));
#5910=CARTESIAN_POINT('Origin',(8.88110299468406,-1.98393790170304,50.0415285676718));
#5911=CARTESIAN_POINT('',(8.88110299468406,-1.98393790170304,49.2408641427755));
#5912=CARTESIAN_POINT('',(8.88110299468406,-1.98393790170304,0.));
#5913=CARTESIAN_POINT('',(8.88110299468406,-1.98393790170304,49.2408641427755));
#5914=CARTESIAN_POINT('Origin',(8.91550387500552,-1.82312661512074,49.2408641427755));
#5915=CARTESIAN_POINT('',(8.94699317306538,-1.66171994064026,49.2408641427755));
#5916=CARTESIAN_POINT('Origin',(0.,0.,49.2408641427755));
#5917=CARTESIAN_POINT('',(8.94699317306538,-1.66171994064026,49.2408641427755));
#5918=CARTESIAN_POINT('Origin',(8.94699317306538,-1.66171994064026,49.4867112487555));
#5919=CARTESIAN_POINT('',(8.94699317306538,-1.66171994064026,49.7325583547354));
#5920=CARTESIAN_POINT('',(8.94699317306538,-1.66171994064026,0.));
#5921=CARTESIAN_POINT('',(8.94699317306538,-1.66171994064026,49.7325583547354));
#5922=CARTESIAN_POINT('Origin',(9.02874483171047,-1.13655917745687,49.7325583547354));
#5923=CARTESIAN_POINT('',(9.07969810602567,-0.60752144277705,49.7325583547354));
#5924=CARTESIAN_POINT('Origin',(0.,0.,49.7325583547354));
#5925=CARTESIAN_POINT('',(9.07969810602567,-0.60752144277705,49.7325583547354));
#5926=CARTESIAN_POINT('Origin',(9.07969810602567,-0.60752144277705,49.3637876957655));
#5927=CARTESIAN_POINT('',(9.07969810602567,-0.60752144277705,48.9950170367956));
#5928=CARTESIAN_POINT('',(9.07969810602567,-0.60752144277705,0.));
#5929=CARTESIAN_POINT('',(9.07969810602567,-0.60752144277705,48.9950170367956));
#5930=CARTESIAN_POINT('Origin',(9.09286163307916,-0.36037108884733,48.9950170367956));
#5931=CARTESIAN_POINT('',(9.09929894870042,-0.11295415963741,48.9950170367956));
#5932=CARTESIAN_POINT('Origin',(0.,0.,48.9950170367956));
#5933=CARTESIAN_POINT('',(9.09929894870042,-0.11295415963741,48.9950170367956));
#5934=CARTESIAN_POINT('Origin',(9.09929894870042,-0.11295415963741,49.3637876957655));
#5935=CARTESIAN_POINT('',(9.09929894870042,-0.112954159637411,49.7325583547354));
#5936=CARTESIAN_POINT('',(9.09929894870042,-0.11295415963741,0.));
#5937=CARTESIAN_POINT('',(9.09929894870042,-0.112954159637411,49.7325583547354));
#5938=CARTESIAN_POINT('Origin',(8.98574792638662,1.43747494010806,49.7325583547354));
#5939=CARTESIAN_POINT('',(8.60995714171979,2.94595282001401,49.7325583547354));
#5940=CARTESIAN_POINT('Origin',(0.,0.,49.7325583547354));
#5941=CARTESIAN_POINT('',(8.60995714171979,2.94595282001401,49.7325583547354));
#5942=CARTESIAN_POINT('Origin',(8.60995714171979,2.94595282001401,49.9200581759214));
#5943=CARTESIAN_POINT('',(8.60995714171979,2.94595282001401,50.1075579971075));
#5944=CARTESIAN_POINT('',(8.60995714171979,2.94595282001401,0.));
#5945=CARTESIAN_POINT('',(8.60995714171979,2.94595282001401,50.1075579971075));
#5946=CARTESIAN_POINT('Ctrl Pts',(9.09578936800797,-0.276795543376747,52.5631227344275));
#5947=CARTESIAN_POINT('Ctrl Pts',(9.09912115898526,-0.276896933685676,52.5631227344275));
#5948=CARTESIAN_POINT('Ctrl Pts',(9.10245294996255,-0.276998323994605,52.5631227344275));
#5949=CARTESIAN_POINT('Ctrl Pts',(9.10578474093984,-0.277099714303535,52.5631227344275));
#5950=CARTESIAN_POINT('Ctrl Pts',(9.12901332735026,0.814978306961005,51.7446011553208));
#5951=CARTESIAN_POINT('Ctrl Pts',(9.13235745376554,0.815276853970144,51.7446011553208));
#5952=CARTESIAN_POINT('Ctrl Pts',(9.13570108371229,0.815575340508965,51.7446011553208));
#5953=CARTESIAN_POINT('Ctrl Pts',(9.13904521012757,0.815873887518105,51.7446011553208));
#5954=CARTESIAN_POINT('Ctrl Pts',(8.96356188377028,1.91249374576137,50.9260795762141));
#5955=CARTESIAN_POINT('Ctrl Pts',(8.96684540384879,1.91319432244669,50.9260795762141));
#5956=CARTESIAN_POINT('Ctrl Pts',(8.9701284316959,1.91389481055492,50.9260795762141));
#5957=CARTESIAN_POINT('Ctrl Pts',(8.97341195177442,1.91459538724023,50.9260795762141));
#5958=CARTESIAN_POINT('Ctrl Pts',(8.60995714171979,2.94595282001401,50.1075579971075));
#5959=CARTESIAN_POINT('Ctrl Pts',(8.61311097217463,2.94703192361108,50.1075579971075));
#5960=CARTESIAN_POINT('Ctrl Pts',(8.61626480262947,2.94811102720816,50.1075579971075));
#5961=CARTESIAN_POINT('Ctrl Pts',(8.61941863308431,2.94919013080523,50.1075579971075));
#5962=CARTESIAN_POINT('',(9.09578936800797,-0.276795543376747,52.5631227344275));
#5963=CARTESIAN_POINT('Ctrl Pts',(9.09578936800797,-0.276795543376747,52.5631227344275));
#5964=CARTESIAN_POINT('Ctrl Pts',(9.12901332735026,0.814978306961005,51.7446011553208));
#5965=CARTESIAN_POINT('Ctrl Pts',(8.96356188377028,1.91249374576137,50.9260795762141));
#5966=CARTESIAN_POINT('Ctrl Pts',(8.60995714171979,2.94595282001401,50.1075579971075));
#5967=CARTESIAN_POINT('',(9.09578936800797,-0.276795543376747,52.5631227344275));
#5968=CARTESIAN_POINT('Origin',(9.08924810613188,-0.442231687216192,52.5631227344275));
#5969=CARTESIAN_POINT('',(9.07969810602567,-0.60752144277705,52.5631227344275));
#5970=CARTESIAN_POINT('Origin',(0.,0.,52.5631227344275));
#5971=CARTESIAN_POINT('',(9.07969810602567,-0.60752144277705,52.5631227344275));
#5972=CARTESIAN_POINT('Origin',(9.07969810602567,-0.60752144277705,51.4568104594946));
#5973=CARTESIAN_POINT('',(9.07969810602567,-0.60752144277705,50.3504981845617));
#5974=CARTESIAN_POINT('',(9.07969810602567,-0.60752144277705,0.));
#5975=CARTESIAN_POINT('',(9.07969810602567,-0.60752144277705,50.3504981845617));
#5976=CARTESIAN_POINT('Origin',(9.02874483171047,-1.13655917745687,50.3504981845617));
#5977=CARTESIAN_POINT('Origin',(0.,0.,50.3504981845617));
#5978=CARTESIAN_POINT('Origin',(0.,0.,0.));
#5979=CARTESIAN_POINT('',(-9.1,-1.11442858722409E-15,64.8));
#5980=CARTESIAN_POINT('Origin',(0.,0.,64.8));
#5981=CARTESIAN_POINT('',(-9.1,-1.11442858722409E-15,0.));
#5982=CARTESIAN_POINT('',(-9.1,-1.11442858722409E-15,0.));
#5983=CARTESIAN_POINT('Origin',(0.,0.,0.));
#5984=CARTESIAN_POINT('',(9.08903137354987,0.446663957160394,44.636212810874));
#5985=CARTESIAN_POINT('',(8.98894379910316,-1.4173529470689,45.1046516746283));
#5986=CARTESIAN_POINT('Ctrl Pts',(9.08903137354987,0.446663957160394,44.636212810874));
#5987=CARTESIAN_POINT('Ctrl Pts',(9.10660717271166,0.0890192727486375,44.6479751794591));
#5988=CARTESIAN_POINT('Ctrl Pts',(9.09799349940223,-0.570828822081167,44.6696184766619));
#5989=CARTESIAN_POINT('Ctrl Pts',(9.03058833747537,-1.15324059894734,44.9682952102403));
#5990=CARTESIAN_POINT('Ctrl Pts',(8.98894379910316,-1.4173529470689,45.1046516746283));
#5991=CARTESIAN_POINT('',(8.85349429588146,-2.10372021732797,46.3571431487799));
#5992=CARTESIAN_POINT('Ctrl Pts',(8.98894379910316,-1.4173529470689,45.1046516746283));
#5993=CARTESIAN_POINT('Ctrl Pts',(8.9571586080437,-1.61893667867794,45.2710414068777));
#5994=CARTESIAN_POINT('Ctrl Pts',(8.87766778147829,-2.01066306228423,45.5968470670996));
#5995=CARTESIAN_POINT('Ctrl Pts',(8.86079383652996,-2.07300014297505,46.1073535509058));
#5996=CARTESIAN_POINT('Ctrl Pts',(8.85349429588146,-2.10372021732797,46.3571431487799));
#5997=CARTESIAN_POINT('',(8.98894379910316,-1.4173529470689,47.607974037528));
#5998=CARTESIAN_POINT('Ctrl Pts',(8.85349429588146,-2.10372021732797,46.3571431487799));
#5999=CARTESIAN_POINT('Ctrl Pts',(8.86083381168687,-2.07283190775976,46.6061510070584));
#6000=CARTESIAN_POINT('Ctrl Pts',(8.87779936386545,-2.01004529305243,47.1158852873756));
#6001=CARTESIAN_POINT('Ctrl Pts',(8.95715926899668,-1.61893248687152,47.4414495947364));
#6002=CARTESIAN_POINT('Ctrl Pts',(8.98894379910316,-1.4173529470689,47.607974037528));
#6003=CARTESIAN_POINT('',(9.08919382796794,0.443345866823539,48.0780734866858));
#6004=CARTESIAN_POINT('Ctrl Pts',(8.98894379910316,-1.4173529470689,47.607974037528));
#6005=CARTESIAN_POINT('Ctrl Pts',(9.03053846276349,-1.15355690758662,47.7448199419568));
#6006=CARTESIAN_POINT('Ctrl Pts',(9.09783335655019,-0.572478329975737,48.0442442027533));
#6007=CARTESIAN_POINT('Ctrl Pts',(9.10660018772576,0.086491795279565,48.066168988368));
#6008=CARTESIAN_POINT('Ctrl Pts',(9.08919382796794,0.443345866823539,48.0780734866858));
#6009=CARTESIAN_POINT('',(8.80119644687806,2.31277778946899,47.6112964004278));
#6010=CARTESIAN_POINT('Ctrl Pts',(9.08919382796794,0.443345866823539,48.0780734866858));
#6011=CARTESIAN_POINT('Ctrl Pts',(9.07148765682246,0.806346479968983,48.0666864208839));
#6012=CARTESIAN_POINT('Ctrl Pts',(8.99701506808743,1.46997404001134,48.0457967516648));
#6013=CARTESIAN_POINT('Ctrl Pts',(8.86991363684938,2.0512768830832,47.7471495026899));
#6014=CARTESIAN_POINT('Ctrl Pts',(8.80119644687806,2.31277778946899,47.6112964004278));
#6015=CARTESIAN_POINT('',(8.59587852876367,2.98678293800199,46.3571431487799));
#6016=CARTESIAN_POINT('Ctrl Pts',(8.80119644687806,2.31277778946899,47.6112964004278));
#6017=CARTESIAN_POINT('Ctrl Pts',(8.74896131180698,2.51155680199803,47.4452531958817));
#6018=CARTESIAN_POINT('Ctrl Pts',(8.62956498265333,2.89603549587127,47.1201000973504));
#6019=CARTESIAN_POINT('Ctrl Pts',(8.60631298927507,2.95675284979974,46.6078209851587));
#6020=CARTESIAN_POINT('Ctrl Pts',(8.59587852876367,2.98678293800199,46.3571431487799));
#6021=CARTESIAN_POINT('',(8.80119644687806,2.31277778946899,45.1029910892248));
#6022=CARTESIAN_POINT('Ctrl Pts',(8.59587852876367,2.98678293800199,46.3571431487799));
#6023=CARTESIAN_POINT('Ctrl Pts',(8.6063130179589,2.95675276724845,46.1064657512565));
#6024=CARTESIAN_POINT('Ctrl Pts',(8.6295650850418,2.89603519424502,45.5941871207149));
#6025=CARTESIAN_POINT('Ctrl Pts',(8.74896131232853,2.5115568000133,45.2690342873258));
#6026=CARTESIAN_POINT('Ctrl Pts',(8.80119644687806,2.31277778946899,45.1029910892248));
#6027=CARTESIAN_POINT('Ctrl Pts',(8.80119644687806,2.31277778946899,45.1029910892248));
#6028=CARTESIAN_POINT('Ctrl Pts',(8.86984139848679,2.05155178369104,44.9671330624889));
#6029=CARTESIAN_POINT('Ctrl Pts',(8.99673656912921,1.47132750397844,44.6687116417103));
#6030=CARTESIAN_POINT('Ctrl Pts',(9.07123395133463,0.808818382852112,44.6476733190585));
#6031=CARTESIAN_POINT('Ctrl Pts',(9.08903137354987,0.446663957160394,44.636212810874));
#6032=CARTESIAN_POINT('',(8.95830458003444,1.599618408038,39.573090299964));
#6033=CARTESIAN_POINT('',(8.95830458003444,1.599618408038,38.4235884994268));
#6034=CARTESIAN_POINT('',(8.95830458003444,1.599618408038,0.));
#6035=CARTESIAN_POINT('',(9.0524956561129,0.928613157378815,38.4235884994268));
#6036=CARTESIAN_POINT('Origin',(0.,0.,38.4235884994268));
#6037=CARTESIAN_POINT('',(8.97651700054202,1.49403565519036,37.8264906257391));
#6038=CARTESIAN_POINT('Ctrl Pts',(9.0524956561129,0.928613157378814,38.4235884994268));
#6039=CARTESIAN_POINT('Ctrl Pts',(9.04062225833259,1.0443598286116,38.3313797782032));
#6040=CARTESIAN_POINT('Ctrl Pts',(9.01372322964886,1.26074958684044,38.1585992573037));
#6041=CARTESIAN_POINT('Ctrl Pts',(8.98885072202821,1.41993176067078,37.9321087233838));
#6042=CARTESIAN_POINT('Ctrl Pts',(8.97651700054202,1.49403565519036,37.8264906257391));
#6043=CARTESIAN_POINT('',(8.94333176258998,1.68131406472713,37.1763386577368));
#6044=CARTESIAN_POINT('Ctrl Pts',(8.97651700054202,1.49403565519036,37.8264906257391));
#6045=CARTESIAN_POINT('Ctrl Pts',(8.96741025236595,1.54875113640272,37.7226376189038));
#6046=CARTESIAN_POINT('Ctrl Pts',(8.9482803970636,1.65579699799865,37.5190448277115));
#6047=CARTESIAN_POINT('Ctrl Pts',(8.94491079785739,1.67291477957416,37.289025003505));
#6048=CARTESIAN_POINT('Ctrl Pts',(8.94333176258998,1.68131406472713,37.1763386577368));
#6049=CARTESIAN_POINT('',(8.97651700054202,1.49403565519036,36.5510287135839));
#6050=CARTESIAN_POINT('Ctrl Pts',(8.94333176258998,1.68131406472713,37.1763386577368));
#6051=CARTESIAN_POINT('Ctrl Pts',(8.94429948918522,1.67616648392811,37.0550501842217));
#6052=CARTESIAN_POINT('Ctrl Pts',(8.94631448300152,1.66663418724019,36.8295059789051));
#6053=CARTESIAN_POINT('Ctrl Pts',(8.96742296654712,1.54867474661707,36.6390604195323));
#6054=CARTESIAN_POINT('Ctrl Pts',(8.97651700054202,1.49403565519036,36.5510287135839));
#6055=CARTESIAN_POINT('',(9.0524956561129,0.928613157378814,36.2541522830725));
#6056=CARTESIAN_POINT('Ctrl Pts',(8.97651700054202,1.49403565519036,36.5510287135839));
#6057=CARTESIAN_POINT('Ctrl Pts',(8.98887177947046,1.41980524261364,36.4804159775017));
#6058=CARTESIAN_POINT('Ctrl Pts',(9.01384043421596,1.25990569597357,36.3285709940772));
#6059=CARTESIAN_POINT('Ctrl Pts',(9.04063381837618,1.04424713664338,36.2800887467903));
#6060=CARTESIAN_POINT('Ctrl Pts',(9.0524956561129,0.928613157378814,36.2541522830725));
#6061=CARTESIAN_POINT('',(9.0524956561129,0.928613157378814,36.210965141654));
#6062=CARTESIAN_POINT('',(9.0524956561129,0.928613157378814,0.));
#6063=CARTESIAN_POINT('',(8.97651700054202,1.49403565519036,35.6146182864904));
#6064=CARTESIAN_POINT('Ctrl Pts',(9.0524956561129,0.928613157378814,36.210965141654));
#6065=CARTESIAN_POINT('Ctrl Pts',(9.04062581200225,1.04432518600625,36.1187228656728));
#6066=CARTESIAN_POINT('Ctrl Pts',(9.01375940122556,1.26048914472953,35.9460086060552));
#6067=CARTESIAN_POINT('Ctrl Pts',(8.98885724259264,1.4198925835887,35.7199464276664));
#6068=CARTESIAN_POINT('Ctrl Pts',(8.97651700054202,1.49403565519036,35.6146182864904));
#6069=CARTESIAN_POINT('',(8.94333176258998,1.68131406472713,34.965118393302));
#6070=CARTESIAN_POINT('Ctrl Pts',(8.97651700054202,1.49403565519036,35.6146182864904));
#6071=CARTESIAN_POINT('Ctrl Pts',(8.96741013521469,1.54875184027499,35.5110174238535));
#6072=CARTESIAN_POINT('Ctrl Pts',(8.94825884054412,1.65591582509255,35.3076973221875));
#6073=CARTESIAN_POINT('Ctrl Pts',(8.94490465794112,1.67294743933084,35.0778486745173));
#6074=CARTESIAN_POINT('Ctrl Pts',(8.94333176258998,1.68131406472713,34.965118393302));
#6075=CARTESIAN_POINT('',(8.99149221064908,1.40109522368643,34.257475361228));
#6076=CARTESIAN_POINT('Ctrl Pts',(8.94333176258998,1.68131406472713,34.965118393302));
#6077=CARTESIAN_POINT('Ctrl Pts',(8.94511288175968,1.67183984454568,34.8255930453317));
#6078=CARTESIAN_POINT('Ctrl Pts',(8.94895424555747,1.65376189848616,34.5581997959338));
#6079=CARTESIAN_POINT('Ctrl Pts',(8.97873008295332,1.48299584673315,34.3547604151563));
#6080=CARTESIAN_POINT('Ctrl Pts',(8.99149221064908,1.40109522368643,34.257475361228));
#6081=CARTESIAN_POINT('',(9.07841709469836,0.626372935788762,33.9983405917883));
#6082=CARTESIAN_POINT('Ctrl Pts',(8.99149221064908,1.40109522368643,34.257475361228));
#6083=CARTESIAN_POINT('Ctrl Pts',(9.00822231010541,1.29373024491706,34.1819920785391));
#6084=CARTESIAN_POINT('Ctrl Pts',(9.04054825828775,1.06233685180088,34.019720928818));
#6085=CARTESIAN_POINT('Ctrl Pts',(9.06792184366728,0.778487212970501,34.0057908494478));
#6086=CARTESIAN_POINT('Ctrl Pts',(9.07841709469836,0.626372935788762,33.9983405917883));
#6087=CARTESIAN_POINT('',(8.94699317306538,-1.66171994064026,33.9983405917883));
#6088=CARTESIAN_POINT('Origin',(0.,0.,33.9983405917883));
#6089=CARTESIAN_POINT('',(8.94699317306538,-1.66171994064026,33.5066451877356));
#6090=CARTESIAN_POINT('',(8.94699317306538,-1.66171994064026,0.));
#6091=CARTESIAN_POINT('',(8.88110299468406,-1.98393790170304,33.5066451877356));
#6092=CARTESIAN_POINT('Origin',(0.,0.,33.5066451877356));
#6093=CARTESIAN_POINT('',(8.88110299468406,-1.98393790170304,35.1478423923254));
#6094=CARTESIAN_POINT('',(8.88110299468406,-1.98393790170304,0.));
#6095=CARTESIAN_POINT('',(8.94699317306538,-1.66171994064026,35.1478423923254));
#6096=CARTESIAN_POINT('Origin',(0.,0.,35.1478423923254));
#6097=CARTESIAN_POINT('',(8.94699317306538,-1.66171994064026,34.6561469882727));
#6098=CARTESIAN_POINT('',(8.94699317306538,-1.66171994064026,0.));
#6099=CARTESIAN_POINT('',(9.08585073707073,0.507263623445672,34.6561469882727));
#6100=CARTESIAN_POINT('Origin',(0.,0.,34.6561469882727));
#6101=CARTESIAN_POINT('',(9.04218024303349,1.02419551477969,34.7774090617895));
#6102=CARTESIAN_POINT('Ctrl Pts',(9.08585073707073,0.507263623445671,34.6561469882727));
#6103=CARTESIAN_POINT('Ctrl Pts',(9.08011027500776,0.610083890965868,34.6580058545465));
#6104=CARTESIAN_POINT('Ctrl Pts',(9.06669218047246,0.792002699441348,34.6612981080226));
#6105=CARTESIAN_POINT('Ctrl Pts',(9.05015068335776,0.953827936530853,34.7421901430242));
#6106=CARTESIAN_POINT('Ctrl Pts',(9.04218024303349,1.02419551477969,34.7774090617895));
#6107=CARTESIAN_POINT('',(9.02108110208028,1.19586610859662,35.1445188373327));
#6108=CARTESIAN_POINT('Ctrl Pts',(9.04218024303349,1.02419551477969,34.7774090617895));
#6109=CARTESIAN_POINT('Ctrl Pts',(9.03650549947611,1.07429537690402,34.8247269482664));
#6110=CARTESIAN_POINT('Ctrl Pts',(9.02346916526963,1.17908352686294,34.9238239669803));
#6111=CARTESIAN_POINT('Ctrl Pts',(9.02184556839187,1.19009931535194,35.0687786437767));
#6112=CARTESIAN_POINT('Ctrl Pts',(9.02108110208028,1.19586610859662,35.1445188373327));
#6113=CARTESIAN_POINT('',(9.03883833262637,1.05328134733514,35.6627907603979));
#6114=CARTESIAN_POINT('Ctrl Pts',(9.02108110208028,1.19586610859662,35.1445188373327));
#6115=CARTESIAN_POINT('Ctrl Pts',(9.02200543508161,1.18889335227353,35.2311283990174));
#6116=CARTESIAN_POINT('Ctrl Pts',(9.02401896743487,1.1742719612952,35.4128628557614));
#6117=CARTESIAN_POINT('Ctrl Pts',(9.03399076855338,1.09488119914458,35.5769191236044));
#6118=CARTESIAN_POINT('Ctrl Pts',(9.03883833262637,1.05328134733514,35.6627907603979));
#6119=CARTESIAN_POINT('',(9.07857402489899,0.624094283285312,36.210965141654));
#6120=CARTESIAN_POINT('Ctrl Pts',(9.03883833262637,1.05328134733514,35.6627907603979));
#6121=CARTESIAN_POINT('Ctrl Pts',(9.04543002095773,0.996714120243343,35.755039926354));
#6122=CARTESIAN_POINT('Ctrl Pts',(9.05871325945473,0.874604558774598,35.9539913602822));
#6123=CARTESIAN_POINT('Ctrl Pts',(9.07255773851259,0.711611991389246,36.1212568046986));
#6124=CARTESIAN_POINT('Ctrl Pts',(9.07857402489899,0.624094283285312,36.210965141654));
#6125=CARTESIAN_POINT('',(8.94699317306538,-1.66171994064026,36.210965141654));
#6126=CARTESIAN_POINT('Origin',(0.,0.,36.210965141654));
#6127=CARTESIAN_POINT('',(8.94699317306538,-1.66171994064026,35.7192697376013));
#6128=CARTESIAN_POINT('',(8.94699317306538,-1.66171994064026,0.));
#6129=CARTESIAN_POINT('',(8.88110299468406,-1.98393790170304,35.7192697376013));
#6130=CARTESIAN_POINT('Origin',(0.,0.,35.7192697376013));
#6131=CARTESIAN_POINT('',(8.88110299468406,-1.98393790170304,37.3604645580053));
#6132=CARTESIAN_POINT('',(8.88110299468406,-1.98393790170304,0.));
#6133=CARTESIAN_POINT('',(8.94699317306538,-1.66171994064026,37.3604645580053));
#6134=CARTESIAN_POINT('Origin',(0.,0.,37.3604645580053));
#6135=CARTESIAN_POINT('',(8.94699317306538,-1.66171994064026,36.8687715381384));
#6136=CARTESIAN_POINT('',(8.94699317306538,-1.66171994064026,0.));
#6137=CARTESIAN_POINT('',(9.08585073707073,0.507263623445672,36.8687715381384));
#6138=CARTESIAN_POINT('Origin',(0.,0.,36.8687715381384));
#6139=CARTESIAN_POINT('',(9.04218024303349,1.02419551477969,36.989773735404));
#6140=CARTESIAN_POINT('Ctrl Pts',(9.08585073707073,0.507263623445671,36.8687715381384));
#6141=CARTESIAN_POINT('Ctrl Pts',(9.08011070377599,0.610076211085229,36.87062232145));
#6142=CARTESIAN_POINT('Ctrl Pts',(9.06669618864831,0.791957590830817,36.8738998283277));
#6143=CARTESIAN_POINT('Ctrl Pts',(9.05015128251244,0.953822646852719,36.9546308919799));
#6144=CARTESIAN_POINT('Ctrl Pts',(9.04218024303349,1.02419551477969,36.989773735404));
#6145=CARTESIAN_POINT('',(9.02108110208028,1.19586610859662,37.3561062663794));
#6146=CARTESIAN_POINT('Ctrl Pts',(9.04218024303349,1.02419551477969,36.989773735404));
#6147=CARTESIAN_POINT('Ctrl Pts',(9.03650544539714,1.07429585434393,37.0369768245037));
#6148=CARTESIAN_POINT('Ctrl Pts',(9.02347449303805,1.17904146467001,37.1357923407416));
#6149=CARTESIAN_POINT('Ctrl Pts',(9.02184728926399,1.19008633385938,37.2805156800873));
#6150=CARTESIAN_POINT('Ctrl Pts',(9.02108110208028,1.19586610859662,37.3561062663794));
#6151=CARTESIAN_POINT('',(9.03883833262637,1.05328134733514,37.8749492019415));
#6152=CARTESIAN_POINT('Ctrl Pts',(9.02108110208028,1.19586610859662,37.3561062663794));
#6153=CARTESIAN_POINT('Ctrl Pts',(9.0220090945438,1.18886574692125,37.4426670861604));
#6154=CARTESIAN_POINT('Ctrl Pts',(9.02403253936751,1.17416566550316,37.6245552112491));
#6155=CARTESIAN_POINT('Ctrl Pts',(9.03399095868702,1.09487956749396,37.7888451046198));
#6156=CARTESIAN_POINT('Ctrl Pts',(9.03883833262637,1.05328134733514,37.8749492019415));
#6157=CARTESIAN_POINT('',(9.07857402489899,0.624094283285312,38.4235884994268));
#6158=CARTESIAN_POINT('Ctrl Pts',(9.03883833262637,1.05328134733514,37.8749492019415));
#6159=CARTESIAN_POINT('Ctrl Pts',(9.04542559834733,0.996752073313086,37.9674459825687));
#6160=CARTESIAN_POINT('Ctrl Pts',(9.05868869022753,0.874860551815695,38.1667095242394));
#6161=CARTESIAN_POINT('Ctrl Pts',(9.07255535735437,0.711646629618939,38.3339694783113));
#6162=CARTESIAN_POINT('Ctrl Pts',(9.07857402489899,0.624094283285312,38.4235884994268));
#6163=CARTESIAN_POINT('',(8.94699317306538,-1.66171994064026,38.4235884994268));
#6164=CARTESIAN_POINT('Origin',(0.,0.,38.4235884994268));
#6165=CARTESIAN_POINT('',(8.94699317306538,-1.66171994064026,37.931894287467));
#6166=CARTESIAN_POINT('',(8.94699317306538,-1.66171994064026,0.));
#6167=CARTESIAN_POINT('',(8.88110299468406,-1.98393790170304,37.931894287467));
#6168=CARTESIAN_POINT('Origin',(0.,0.,37.931894287467));
#6169=CARTESIAN_POINT('',(8.88110299468406,-1.98393790170304,39.573090299964));
#6170=CARTESIAN_POINT('',(8.88110299468406,-1.98393790170304,0.));
#6171=CARTESIAN_POINT('',(8.94699317306538,-1.66171994064026,39.573090299964));
#6172=CARTESIAN_POINT('Origin',(0.,0.,39.573090299964));
#6173=CARTESIAN_POINT('',(8.94699317306538,-1.66171994064026,39.0813960880041));
#6174=CARTESIAN_POINT('',(8.94699317306538,-1.66171994064026,0.));
#6175=CARTESIAN_POINT('',(9.01025675583149,1.27486202939493,39.0813960880041));
#6176=CARTESIAN_POINT('Origin',(0.,0.,39.0813960880041));
#6177=CARTESIAN_POINT('',(9.01025675583149,1.27486202939493,39.573090299964));
#6178=CARTESIAN_POINT('',(9.01025675583149,1.27486202939493,0.));
#6179=CARTESIAN_POINT('Origin',(0.,0.,39.573090299964));
#6180=CARTESIAN_POINT('',(8.94638589143806,-1.66498633071806,29.6129574626684));
#6181=CARTESIAN_POINT('',(9.08486472339949,-0.524626493356425,30.0656690448523));
#6182=CARTESIAN_POINT('Ctrl Pts',(8.94638589143806,-1.66498633071806,29.6129574626684));
#6183=CARTESIAN_POINT('Ctrl Pts',(9.01649225746813,-1.28828737987388,29.7638613233964));
#6184=CARTESIAN_POINT('Ctrl Pts',(9.06277465797748,-0.907156271458345,29.9147651841243));
#6185=CARTESIAN_POINT('Ctrl Pts',(9.08486472339949,-0.524626493356425,30.0656690448523));
#6186=CARTESIAN_POINT('',(9.08486472339949,-0.524626493356425,32.0872106403112));
#6187=CARTESIAN_POINT('',(9.08486472339949,-0.524626493356425,0.));
#6188=CARTESIAN_POINT('',(8.94638589143806,-1.66498633071806,32.5384678691626));
#6189=CARTESIAN_POINT('Ctrl Pts',(9.08486472339949,-0.524626493356425,32.0872106403112));
#6190=CARTESIAN_POINT('Ctrl Pts',(9.06277465797748,-0.907156271458345,32.237629716595));
#6191=CARTESIAN_POINT('Ctrl Pts',(9.01649225746813,-1.28828737987388,32.3880487928788));
#6192=CARTESIAN_POINT('Ctrl Pts',(8.94638589143806,-1.66498633071806,32.5384678691626));
#6193=CARTESIAN_POINT('',(8.94638589143806,-1.66498633071806,32.0481743663549));
#6194=CARTESIAN_POINT('',(8.94638589143806,-1.66498633071806,0.));
#6195=CARTESIAN_POINT('',(8.88110299468406,-1.98393790170304,32.0481743663549));
#6196=CARTESIAN_POINT('Origin',(0.,0.,32.0481743663549));
#6197=CARTESIAN_POINT('',(8.88110299468406,-1.98393790170304,33.2209315150976));
#6198=CARTESIAN_POINT('',(8.88110299468406,-1.98393790170304,0.));
#6199=CARTESIAN_POINT('',(8.94638589143806,-1.66498633071806,33.2209315150976));
#6200=CARTESIAN_POINT('Origin',(0.,0.,33.2209315150976));
#6201=CARTESIAN_POINT('',(8.94638589143806,-1.66498633071806,32.9343857616186));
#6202=CARTESIAN_POINT('',(8.94638589143806,-1.66498633071806,0.));
#6203=CARTESIAN_POINT('',(8.60995714171978,2.94595282001401,31.0958280414343));
#6204=CARTESIAN_POINT('Ctrl Pts',(8.94638589143806,-1.66498633071806,32.9343857616186));
#6205=CARTESIAN_POINT('Ctrl Pts',(9.23147169819951,-0.133149346591027,32.3215331882238));
#6206=CARTESIAN_POINT('Ctrl Pts',(9.11437529872211,1.47172054996881,31.7086806148291));
#6207=CARTESIAN_POINT('Ctrl Pts',(8.60995714171978,2.94595282001401,31.0958280414343));
#6208=CARTESIAN_POINT('',(8.60995714171979,2.94595282001401,30.7029189914465));
#6209=CARTESIAN_POINT('',(8.60995714171979,2.94595282001401,0.));
#6210=CARTESIAN_POINT('',(8.94638589143806,-1.66498633071806,28.8654508441687));
#6211=CARTESIAN_POINT('Ctrl Pts',(8.60995714171979,2.94595282001401,30.7029189914465));
#6212=CARTESIAN_POINT('Ctrl Pts',(9.11437529872211,1.47172054996881,30.0904296090206));
#6213=CARTESIAN_POINT('Ctrl Pts',(9.23147169819952,-0.133149346591027,29.4779402265946));
#6214=CARTESIAN_POINT('Ctrl Pts',(8.94638589143806,-1.66498633071806,28.8654508441687));
#6215=CARTESIAN_POINT('',(8.94638589143806,-1.66498633071806,28.5797347873449));
#6216=CARTESIAN_POINT('',(8.94638589143806,-1.66498633071806,0.));
#6217=CARTESIAN_POINT('',(8.88110299468406,-1.98393790170304,28.5797347873449));
#6218=CARTESIAN_POINT('Origin',(0.,0.,28.5797347873449));
#6219=CARTESIAN_POINT('',(8.88110299468406,-1.98393790170304,30.0614633411169));
#6220=CARTESIAN_POINT('',(8.88110299468406,-1.98393790170304,0.));
#6221=CARTESIAN_POINT('',(8.94638589143806,-1.66498633071806,30.0614633411169));
#6222=CARTESIAN_POINT('Origin',(0.,0.,30.0614633411169));
#6223=CARTESIAN_POINT('',(8.94638589143806,-1.66498633071806,0.));
#6224=CARTESIAN_POINT('',(8.85349429588146,-2.10372021732797,19.8986735194921));
#6225=CARTESIAN_POINT('',(8.86337901410441,-2.06167709700952,20.5797352641821));
#6226=CARTESIAN_POINT('Ctrl Pts',(8.85349429588146,-2.10372021732797,19.8986735194921));
#6227=CARTESIAN_POINT('Ctrl Pts',(8.85385001136706,-2.10222319077627,20.0164701382982));
#6228=CARTESIAN_POINT('Ctrl Pts',(8.85454720821643,-2.09933094345541,20.2442283966184));
#6229=CARTESIAN_POINT('Ctrl Pts',(8.86052600927676,-2.07394248190087,20.4704941875913));
#6230=CARTESIAN_POINT('Ctrl Pts',(8.86337901410441,-2.06167709700952,20.5797352641821));
#6231=CARTESIAN_POINT('',(8.8918342648435,-1.9352734707413,21.1611308902502));
#6232=CARTESIAN_POINT('Ctrl Pts',(8.86337901410441,-2.06167709700952,20.5797352641821));
#6233=CARTESIAN_POINT('Ctrl Pts',(8.86693475598146,-2.04639056742717,20.6813037226832));
#6234=CARTESIAN_POINT('Ctrl Pts',(8.87378501438952,-2.01678238168843,20.8779743452108));
#6235=CARTESIAN_POINT('Ctrl Pts',(8.8860473628041,-1.96186205091829,21.0688371554247));
#6236=CARTESIAN_POINT('Ctrl Pts',(8.8918342648435,-1.9352734707413,21.1611308902502));
#6237=CARTESIAN_POINT('',(9.01394171874658,-1.2485410249727,21.1611308902502));
#6238=CARTESIAN_POINT('Origin',(0.,0.,21.1611308902502));
#6239=CARTESIAN_POINT('',(9.01394171874658,-1.2485410249727,20.7923593372107));
#6240=CARTESIAN_POINT('',(9.01394171874658,-1.2485410249727,0.));
#6241=CARTESIAN_POINT('',(8.96293820408934,-1.57344804479712,20.7524933665991));
#6242=CARTESIAN_POINT('Ctrl Pts',(9.01394171874658,-1.2485410249727,20.7923593372107));
#6243=CARTESIAN_POINT('Ctrl Pts',(8.998899598584,-1.35713881371967,20.7790706803401));
#6244=CARTESIAN_POINT('Ctrl Pts',(8.98189472540984,-1.46546473405355,20.7657820234696));
#6245=CARTESIAN_POINT('Ctrl Pts',(8.96293820408934,-1.57344804479712,20.7524933665991));
#6246=CARTESIAN_POINT('',(8.93399028237079,-1.73026519195883,20.3647222369909));
#6247=CARTESIAN_POINT('Ctrl Pts',(8.96293820408933,-1.57344804479712,20.7524933665991));
#6248=CARTESIAN_POINT('Ctrl Pts',(8.9572297957783,-1.60596523600957,20.6888257666103));
#6249=CARTESIAN_POINT('Ctrl Pts',(8.94566036034452,-1.66951664586921,20.5642553324194));
#6250=CARTESIAN_POINT('Ctrl Pts',(8.93785244099453,-1.71032345830212,20.4302418190525));
#6251=CARTESIAN_POINT('Ctrl Pts',(8.93399028237079,-1.73026519195883,20.3647222369909));
#6252=CARTESIAN_POINT('',(8.92373088795682,-1.78242167831445,19.9736299365759));
#6253=CARTESIAN_POINT('Ctrl Pts',(8.93399028237079,-1.73026519195883,20.3647222369909));
#6254=CARTESIAN_POINT('Ctrl Pts',(8.93104242428912,-1.74548605843515,20.2999784257871));
#6255=CARTESIAN_POINT('Ctrl Pts',(8.92508649474048,-1.77569785930896,20.1713851716004));
#6256=CARTESIAN_POINT('Ctrl Pts',(8.92417663800404,-1.78019002151121,20.0392419955886));
#6257=CARTESIAN_POINT('Ctrl Pts',(8.92373088795682,-1.78242167831445,19.9736299365759));
#6258=CARTESIAN_POINT('',(8.97963349530982,-1.4751888997379,19.2297568172216));
#6259=CARTESIAN_POINT('Ctrl Pts',(8.92373088795682,-1.78242167831445,19.9736299365759));
#6260=CARTESIAN_POINT('Ctrl Pts',(8.92590831473535,-1.77152034624686,19.8270338503951));
#6261=CARTESIAN_POINT('Ctrl Pts',(8.93061509417937,-1.75054344489921,19.5436365410377));
#6262=CARTESIAN_POINT('Ctrl Pts',(8.96487264402338,-1.56503978910846,19.3319445376057));
#6263=CARTESIAN_POINT('Ctrl Pts',(8.97963349530982,-1.4751888997379,19.2297568172216));
#6264=CARTESIAN_POINT('',(9.07788499794683,-0.634037825410926,18.955151066184));
#6265=CARTESIAN_POINT('Ctrl Pts',(8.97963349530982,-1.4751888997379,19.2297568172216));
#6266=CARTESIAN_POINT('Ctrl Pts',(8.99889353320043,-1.35795097760184,19.1497658646176));
#6267=CARTESIAN_POINT('Ctrl Pts',(9.03588983598655,-1.10536633597005,18.9779333140277));
#6268=CARTESIAN_POINT('Ctrl Pts',(9.06640238601381,-0.798440998891114,18.9630864593918));
#6269=CARTESIAN_POINT('Ctrl Pts',(9.07788499794683,-0.634037825410926,18.955151066184));
#6270=CARTESIAN_POINT('',(9.09845345027346,0.167764159482846,19.3030013889074));
#6271=CARTESIAN_POINT('Ctrl Pts',(9.07788499794683,-0.634037825410926,18.955151066184));
#6272=CARTESIAN_POINT('Ctrl Pts',(9.08899817793218,-0.474924022061591,18.9675125469451));
#6273=CARTESIAN_POINT('Ctrl Pts',(9.10140285199063,-0.166843737210131,18.9914019512418));
#6274=CARTESIAN_POINT('Ctrl Pts',(9.10046110446321,0.0588818556224058,19.201579437817));
#6275=CARTESIAN_POINT('Ctrl Pts',(9.09845345027346,0.167764159482846,19.3030013889074));
#6276=CARTESIAN_POINT('',(9.08845320673649,0.458277545774681,20.2600207179785));
#6277=CARTESIAN_POINT('Ctrl Pts',(9.09845345027346,0.167764159482846,19.3030013889074));
#6278=CARTESIAN_POINT('Ctrl Pts',(9.09689300995766,0.252392447306686,19.4369055982795));
#6279=CARTESIAN_POINT('Ctrl Pts',(9.09008134504816,0.436325383674585,19.7280727179319));
#6280=CARTESIAN_POINT('Ctrl Pts',(9.08884183032682,0.450570453536997,20.0734683351738));
#6281=CARTESIAN_POINT('Ctrl Pts',(9.08845320673649,0.458277545774681,20.2600207179785));
#6282=CARTESIAN_POINT('',(9.08845320673649,0.458277545774681,20.6694354861975));
#6283=CARTESIAN_POINT('',(9.08845320673649,0.458277545774681,0.));
#6284=CARTESIAN_POINT('',(9.06595752004142,0.786393187155423,20.6694354861975));
#6285=CARTESIAN_POINT('Origin',(0.,0.,20.6694354861975));
#6286=CARTESIAN_POINT('',(9.06595752004142,0.786393187155423,20.4501666873693));
#6287=CARTESIAN_POINT('',(9.06595752004142,0.786393187155423,0.));
#6288=CARTESIAN_POINT('',(9.04008168066175,1.04255609295798,19.4086398929358));
#6289=CARTESIAN_POINT('Ctrl Pts',(9.06595752004142,0.786393187155423,20.4501666873693));
#6290=CARTESIAN_POINT('Ctrl Pts',(9.06559439574257,0.790579476560788,20.2430185593374));
#6291=CARTESIAN_POINT('Ctrl Pts',(9.06542293050877,0.798063080055311,19.8748213386541));
#6292=CARTESIAN_POINT('Ctrl Pts',(9.04865102768118,0.968250645482469,19.5504984131601));
#6293=CARTESIAN_POINT('Ctrl Pts',(9.04008168066175,1.04255609295798,19.4086398929358));
#6294=CARTESIAN_POINT('',(8.91914671660438,1.80522071993572,19.0614642947912));
#6295=CARTESIAN_POINT('Ctrl Pts',(9.04008168066175,1.04255609295798,19.4086398929358));
#6296=CARTESIAN_POINT('Ctrl Pts',(9.02855758904779,1.14248235130446,19.3074530956666));
#6297=CARTESIAN_POINT('Ctrl Pts',(9.00160264222779,1.35288831167186,19.0941095001694));
#6298=CARTESIAN_POINT('Ctrl Pts',(8.95057269853145,1.64995275717336,19.0727127657095));
#6299=CARTESIAN_POINT('Ctrl Pts',(8.91914671660438,1.80522071993572,19.0614642947912));
#6300=CARTESIAN_POINT('',(8.76144647798121,2.45907617073378,19.2890372127295));
#6301=CARTESIAN_POINT('Ctrl Pts',(8.91914671660438,1.80522071993572,19.0614642947912));
#6302=CARTESIAN_POINT('Ctrl Pts',(8.89222416429177,1.93823835673206,19.066810645914));
#6303=CARTESIAN_POINT('Ctrl Pts',(8.83708650900847,2.18012022812662,19.0765817601926));
#6304=CARTESIAN_POINT('Ctrl Pts',(8.78578906107989,2.37234594192135,19.2228162226573));
#6305=CARTESIAN_POINT('Ctrl Pts',(8.76144647798121,2.45907617073378,19.2890372127295));
#6306=CARTESIAN_POINT('',(8.69819311075643,2.67421700839504,19.9750842899084));
#6307=CARTESIAN_POINT('Ctrl Pts',(8.76144647798121,2.45907617073378,19.2890372127295));
#6308=CARTESIAN_POINT('Ctrl Pts',(8.74381747158456,2.52188658622333,19.3809343995685));
#6309=CARTESIAN_POINT('Ctrl Pts',(8.70264459733536,2.66086651110879,19.5851143105685));
#6310=CARTESIAN_POINT('Ctrl Pts',(8.69965996122904,2.66944591142151,19.8367207462976));
#6311=CARTESIAN_POINT('Ctrl Pts',(8.69819311075643,2.67421700839504,19.9750842899084));
#6312=CARTESIAN_POINT('',(8.71174779685144,2.6297243817659,20.343855842948));
#6313=CARTESIAN_POINT('Ctrl Pts',(8.69819311075643,2.67421700839504,19.9750842899084));
#6314=CARTESIAN_POINT('Ctrl Pts',(8.69875012092878,2.67240526984558,20.0376272055033));
#6315=CARTESIAN_POINT('Ctrl Pts',(8.6998676440415,2.6688043584147,20.1620351005821));
#6316=CARTESIAN_POINT('Ctrl Pts',(8.70782756298129,2.64271132785739,20.2834695063833));
#6317=CARTESIAN_POINT('Ctrl Pts',(8.71174779685144,2.6297243817659,20.343855842948));
#6318=CARTESIAN_POINT('',(8.75104495748834,2.49583896756538,20.6893696635962));
#6319=CARTESIAN_POINT('Ctrl Pts',(8.71174779685144,2.6297243817659,20.343855842948));
#6320=CARTESIAN_POINT('Ctrl Pts',(8.71681830247041,2.61292681679627,20.403288523634));
#6321=CARTESIAN_POINT('Ctrl Pts',(8.72696830393601,2.57908293273795,20.522968580159));
#6322=CARTESIAN_POINT('Ctrl Pts',(8.74308678764459,2.52374233111851,20.6336514860947));
#6323=CARTESIAN_POINT('Ctrl Pts',(8.75104495748834,2.49583896756538,20.6893696635962));
#6324=CARTESIAN_POINT('',(8.84497471081653,2.13925743308653,20.7325591892004));
#6325=CARTESIAN_POINT('Ctrl Pts',(8.75104495748834,2.49583896756538,20.6893696635962));
#6326=CARTESIAN_POINT('Ctrl Pts',(8.78475895678328,2.37762912816436,20.7037661721309));
#6327=CARTESIAN_POINT('Ctrl Pts',(8.81607744439508,2.25873608336784,20.7181626806656));
#6328=CARTESIAN_POINT('Ctrl Pts',(8.84497471081653,2.13925743308653,20.7325591892004));
#6329=CARTESIAN_POINT('',(8.84497471081653,2.13925743308653,21.10133074224));
#6330=CARTESIAN_POINT('',(8.84497471081653,2.13925743308653,0.));
#6331=CARTESIAN_POINT('',(8.66737094360386,2.77248641583175,21.10133074224));
#6332=CARTESIAN_POINT('Origin',(0.,0.,21.10133074224));
#6333=CARTESIAN_POINT('',(8.61424997530342,2.9333764441314,20.5315627902746));
#6334=CARTESIAN_POINT('Ctrl Pts',(8.66737094360386,2.77248641583175,21.10133074224));
#6335=CARTESIAN_POINT('Ctrl Pts',(8.65655536218916,2.80629817972593,21.0108699931506));
#6336=CARTESIAN_POINT('Ctrl Pts',(8.63394378423258,2.87532675081526,20.8257748097028));
#6337=CARTESIAN_POINT('Ctrl Pts',(8.62093479310439,2.91374558778766,20.6310967197112));
#6338=CARTESIAN_POINT('Ctrl Pts',(8.61424997530342,2.9333764441314,20.5315627902746));
#6339=CARTESIAN_POINT('',(8.59587852876367,2.98678293800199,19.8754157871008));
#6340=CARTESIAN_POINT('Ctrl Pts',(8.61424997530342,2.9333764441314,20.5315627902746));
#6341=CARTESIAN_POINT('Ctrl Pts',(8.60894113503393,2.94896655949211,20.4258712326411));
#6342=CARTESIAN_POINT('Ctrl Pts',(8.5979066131556,2.98099530868082,20.2084700959094));
#6343=CARTESIAN_POINT('Ctrl Pts',(8.59656174592718,2.98481665793804,19.9884639343178));
#6344=CARTESIAN_POINT('Ctrl Pts',(8.59587852876367,2.98678293800199,19.8754157871008));
#6345=CARTESIAN_POINT('',(8.69083811707548,2.69802387365048,18.8006653636694));
#6346=CARTESIAN_POINT('Ctrl Pts',(8.59587852876367,2.98678293800199,19.8754157871008));
#6347=CARTESIAN_POINT('Ctrl Pts',(8.59843796881482,2.97941694045945,19.6671150165375));
#6348=CARTESIAN_POINT('Ctrl Pts',(8.60370481966646,2.96601927306544,19.2829420338892));
#6349=CARTESIAN_POINT('Ctrl Pts',(8.66460019720638,2.78254110729624,18.9521157566487));
#6350=CARTESIAN_POINT('Ctrl Pts',(8.69083811707548,2.69802387365048,18.8006653636694));
#6351=CARTESIAN_POINT('',(8.90022747700421,1.89629925317161,18.4069790691137));
#6352=CARTESIAN_POINT('Ctrl Pts',(8.69083811707548,2.69802387365048,18.8006653636694));
#6353=CARTESIAN_POINT('Ctrl Pts',(8.72400742710884,2.59117933948222,18.6858482169904));
#6354=CARTESIAN_POINT('Ctrl Pts',(8.78839364239105,2.37309425435425,18.4525368383792));
#6355=CARTESIAN_POINT('Ctrl Pts',(8.86585688864745,2.05761664776639,18.422323716032));
#6356=CARTESIAN_POINT('Ctrl Pts',(8.90022747700421,1.89629925317161,18.4069790691137));
#6357=CARTESIAN_POINT('',(9.02644450876701,1.15468590107872,18.6644544452429));
#6358=CARTESIAN_POINT('Ctrl Pts',(8.90022747700421,1.89629925317161,18.4069790691137));
#6359=CARTESIAN_POINT('Ctrl Pts',(8.92936712155546,1.75953314694054,18.4167752949185));
#6360=CARTESIAN_POINT('Ctrl Pts',(8.97977177645105,1.49023690967082,18.4359641700505));
#6361=CARTESIAN_POINT('Ctrl Pts',(9.01231920775572,1.2651066186339,18.5893664620028));
#6362=CARTESIAN_POINT('Ctrl Pts',(9.02644450876701,1.15468590107872,18.6644544452429));
#6363=CARTESIAN_POINT('',(9.07623507412228,0.657234265138745,19.4402017444372));
#6364=CARTESIAN_POINT('Ctrl Pts',(9.02644450876701,1.15468590107872,18.6644544452429));
#6365=CARTESIAN_POINT('Ctrl Pts',(9.0393067858062,1.05413853158008,18.767145337186));
#6366=CARTESIAN_POINT('Ctrl Pts',(9.06286079760124,0.835076001733721,18.9903283482156));
#6367=CARTESIAN_POINT('Ctrl Pts',(9.0717195355391,0.719592684109101,19.2824766311505));
#6368=CARTESIAN_POINT('Ctrl Pts',(9.07623507412228,0.657234265138745,19.4402017444372));
#6369=CARTESIAN_POINT('',(9.09799500158555,0.191015578224465,18.5332240909338));
#6370=CARTESIAN_POINT('Ctrl Pts',(9.07623507412228,0.657234265138745,19.4402017444372));
#6371=CARTESIAN_POINT('Ctrl Pts',(9.08007096850827,0.604261556603331,19.2516219449773));
#6372=CARTESIAN_POINT('Ctrl Pts',(9.08687833536702,0.510084963192995,18.9164171438433));
#6373=CARTESIAN_POINT('Ctrl Pts',(9.09595568212385,0.288147542232974,18.6498330713184));
#6374=CARTESIAN_POINT('Ctrl Pts',(9.09799500158555,0.191015578224465,18.5332240909338));
#6375=CARTESIAN_POINT('',(9.07671249619534,-0.650607609401611,18.2607974857092));
#6376=CARTESIAN_POINT('Ctrl Pts',(9.09799500158555,0.191015578224465,18.5332240909338));
#6377=CARTESIAN_POINT('Ctrl Pts',(9.10043994626481,0.0745638485913448,18.4538984836786));
#6378=CARTESIAN_POINT('Ctrl Pts',(9.10145350962666,-0.178499592973882,18.2815896571095));
#6379=CARTESIAN_POINT('Ctrl Pts',(9.08855789447435,-0.485350897017981,18.2680850130336));
#6380=CARTESIAN_POINT('Ctrl Pts',(9.07671249619534,-0.650607609401611,18.2607974857092));
#6381=CARTESIAN_POINT('',(8.93682092264185,-1.71558497213948,18.7026586383581));
#6382=CARTESIAN_POINT('Ctrl Pts',(9.07671249619534,-0.650607609401611,18.2607974857092));
#6383=CARTESIAN_POINT('Ctrl Pts',(9.06159110404645,-0.861568143976374,18.276278654542));
#6384=CARTESIAN_POINT('Ctrl Pts',(9.01667870670775,-1.26696907580145,18.3061197518672));
#6385=CARTESIAN_POINT('Ctrl Pts',(8.96472319167199,-1.57023654247425,18.5738319889954));
#6386=CARTESIAN_POINT('Ctrl Pts',(8.93682092264185,-1.71558497213948,18.7026586383581));
#6387=CARTESIAN_POINT('Ctrl Pts',(8.93682092264185,-1.71558497213948,18.7026586383581));
#6388=CARTESIAN_POINT('Ctrl Pts',(8.91501582402985,-1.82917203699525,18.8702966500921));
#6389=CARTESIAN_POINT('Ctrl Pts',(8.86220102941373,-2.07106376109056,19.2291210015773));
#6390=CARTESIAN_POINT('Ctrl Pts',(8.85620882265868,-2.09229614717825,19.665933870589));
#6391=CARTESIAN_POINT('Ctrl Pts',(8.85349429588146,-2.10372021732797,19.8986735194921));
#6392=CARTESIAN_POINT('',(8.7618952299885,2.45747675038948,11.4634575694799));
#6393=CARTESIAN_POINT('',(8.88110299468406,-1.98393790170304,13.5963501781225));
#6394=CARTESIAN_POINT('Ctrl Pts',(8.7618952299885,2.45747675038948,11.4634575694799));
#6395=CARTESIAN_POINT('Ctrl Pts',(8.97668427250587,1.69166723183004,12.0495804721556));
#6396=CARTESIAN_POINT('Ctrl Pts',(9.19140550579187,0.329547591779382,13.0550012706515));
#6397=CARTESIAN_POINT('Ctrl Pts',(9.03051587609949,-1.31509076316918,13.437029984801));
#6398=CARTESIAN_POINT('Ctrl Pts',(8.88110299468406,-1.98393790170304,13.5963501781225));
#6399=CARTESIAN_POINT('',(8.88110299468406,-1.98393790170304,14.3604626506567));
#6400=CARTESIAN_POINT('',(8.88110299468406,-1.98393790170304,0.));
#6401=CARTESIAN_POINT('',(8.810302892807,2.27784172781969,12.0083107799292));
#6402=CARTESIAN_POINT('Ctrl Pts',(8.88110299468406,-1.98393790170304,14.3604626506567));
#6403=CARTESIAN_POINT('Ctrl Pts',(9.01856774043946,-1.36857662242924,14.1409675586988));
#6404=CARTESIAN_POINT('Ctrl Pts',(9.18771408407783,0.189514456160162,13.5980049428747));
#6405=CARTESIAN_POINT('Ctrl Pts',(9.00767544418137,1.51443839777414,12.6017970992952));
#6406=CARTESIAN_POINT('Ctrl Pts',(8.810302892807,2.27784172781969,12.0083107799292));
#6407=CARTESIAN_POINT('',(8.810302892807,2.27784172781969,14.6196045726538));
#6408=CARTESIAN_POINT('',(8.810302892807,2.27784172781969,0.));
#6409=CARTESIAN_POINT('',(8.63648608591484,2.86724747585542,14.6196045726538));
#6410=CARTESIAN_POINT('Origin',(0.,0.,14.6196045726538));
#6411=CARTESIAN_POINT('',(8.63648608591484,2.86724747585542,11.4634575694799));
#6412=CARTESIAN_POINT('',(8.63648608591484,2.86724747585542,0.));
#6413=CARTESIAN_POINT('Origin',(0.,0.,11.4634575694799));
#6414=CARTESIAN_POINT('',(8.98861612644059,-1.41942950916632,53.5664453357458));
#6415=CARTESIAN_POINT('',(8.88110299468406,-1.98393790170304,53.5664453357458));
#6416=CARTESIAN_POINT('Origin',(0.,0.,53.5664453357458));
#6417=CARTESIAN_POINT('',(8.88110299468406,-1.98393790170304,56.4966777712107));
#6418=CARTESIAN_POINT('',(8.88110299468406,-1.98393790170304,0.));
#6419=CARTESIAN_POINT('',(8.94699317306538,-1.66171994064026,56.4966777712107));
#6420=CARTESIAN_POINT('Origin',(0.,0.,56.4966777712107));
#6421=CARTESIAN_POINT('',(9.09561873860077,-0.282346882424014,55.6096345931292));
#6422=CARTESIAN_POINT('Ctrl Pts',(8.94699317306538,-1.66171994064026,56.4966777712107));
#6423=CARTESIAN_POINT('Ctrl Pts',(8.99483191816667,-1.40414770156348,56.3910520917215));
#6424=CARTESIAN_POINT('Ctrl Pts',(9.06524935716813,-0.890134959358066,56.182032029124));
#6425=CARTESIAN_POINT('Ctrl Pts',(9.08937233173171,-0.483570763061103,55.7990710311716));
#6426=CARTESIAN_POINT('Ctrl Pts',(9.09561873860077,-0.282346882424014,55.6096345931292));
#6427=CARTESIAN_POINT('',(9.09989751349491,0.0431884694006836,55.2607973664999));
#6428=CARTESIAN_POINT('Ctrl Pts',(9.09561873860077,-0.282346882424014,55.6096345931292));
#6429=CARTESIAN_POINT('Ctrl Pts',(9.09898601822846,-0.173872188399484,55.4933555175861));
#6430=CARTESIAN_POINT('Ctrl Pts',(9.10041258081889,-0.0653372534555057,
55.377076442043));
#6431=CARTESIAN_POINT('Ctrl Pts',(9.09989751349491,0.0431884694006836,55.2607973664999));
#6432=CARTESIAN_POINT('',(9.0518152404243,0.935222354962928,54.4534885138273));
#6433=CARTESIAN_POINT('Ctrl Pts',(9.09989751349491,0.0431884694006836,55.2607973664999));
#6434=CARTESIAN_POINT('Ctrl Pts',(9.09912761361982,0.205407924179902,55.0884479455025));
#6435=CARTESIAN_POINT('Ctrl Pts',(9.09107303481366,0.481684084079714,54.7949234028652));
#6436=CARTESIAN_POINT('Ctrl Pts',(9.06548456395594,0.802919923981245,54.5532556893889));
#6437=CARTESIAN_POINT('Ctrl Pts',(9.0518152404243,0.935222354962928,54.4534885138273));
#6438=CARTESIAN_POINT('',(8.94820426690561,1.65518591032316,54.2408638447523));
#6439=CARTESIAN_POINT('Ctrl Pts',(9.0518152404243,0.935222354962928,54.4534885138273));
#6440=CARTESIAN_POINT('Ctrl Pts',(9.04010215576023,1.0485907723366,54.3914731296905));
#6441=CARTESIAN_POINT('Ctrl Pts',(9.01281177182877,1.27413815114922,54.2678761461262));
#6442=CARTESIAN_POINT('Ctrl Pts',(8.97158002402338,1.5288127649992,54.2498468529164));
#6443=CARTESIAN_POINT('Ctrl Pts',(8.94820426690561,1.65518591032316,54.2408638447523));
#6444=CARTESIAN_POINT('',(8.77916827686223,2.39503744574815,54.4933553785086));
#6445=CARTESIAN_POINT('Ctrl Pts',(8.94820426690561,1.65518591032316,54.2408638447523));
#6446=CARTESIAN_POINT('Ctrl Pts',(8.921685951398,1.79854823747709,54.2489290361965));
#6447=CARTESIAN_POINT('Ctrl Pts',(8.86428635054409,2.06931024218162,54.2642364528584));
#6448=CARTESIAN_POINT('Ctrl Pts',(8.80762310797929,2.290734378959,54.4197696927556));
#6449=CARTESIAN_POINT('Ctrl Pts',(8.77916827686223,2.39503744574815,54.4933553785086));
#6450=CARTESIAN_POINT('',(8.69819319833652,2.67421672353091,55.1511628180742));
#6451=CARTESIAN_POINT('Ctrl Pts',(8.77916827686223,2.39503744574815,54.4933553785086));
#6452=CARTESIAN_POINT('Ctrl Pts',(8.75685450640071,2.47683004824827,54.5848556004224));
#6453=CARTESIAN_POINT('Ctrl Pts',(8.70851934413997,2.64200920589691,54.7705911100168));
#6454=CARTESIAN_POINT('Ctrl Pts',(8.70153830983134,2.66333636899722,55.0230662996482));
#6455=CARTESIAN_POINT('Ctrl Pts',(8.69819319833652,2.67421672353091,55.1511628180742));
#6456=CARTESIAN_POINT('',(8.72601823047227,2.58197711869519,55.5963455885649));
#6457=CARTESIAN_POINT('Ctrl Pts',(8.69819319833652,2.67421672353091,55.1511628180742));
#6458=CARTESIAN_POINT('Ctrl Pts',(8.69937747049783,2.67036474400812,55.2278860812756));
#6459=CARTESIAN_POINT('Ctrl Pts',(8.70178814933546,2.66266547824984,55.3814820037342));
#6460=CARTESIAN_POINT('Ctrl Pts',(8.71804507077926,2.6089231114896,55.5246779667983));
#6461=CARTESIAN_POINT('Ctrl Pts',(8.72601823047227,2.58197711869519,55.5963455885649));
#6462=CARTESIAN_POINT('',(8.80445303104588,2.30034928306705,56.0049834102392));
#6463=CARTESIAN_POINT('Ctrl Pts',(8.72601823047227,2.58197711869519,55.5963455885649));
#6464=CARTESIAN_POINT('Ctrl Pts',(8.73668578261301,2.54592519020189,55.6678394887025));
#6465=CARTESIAN_POINT('Ctrl Pts',(8.75866119831535,2.47040794903784,55.8173938826543));
#6466=CARTESIAN_POINT('Ctrl Pts',(8.7891851879169,2.35878606425674,55.9406496080816));
#6467=CARTESIAN_POINT('Ctrl Pts',(8.80445303104588,2.30034928306705,56.0049834102392));
#6468=CARTESIAN_POINT('',(8.89535236484162,1.91903785926871,56.0448505729437));
#6469=CARTESIAN_POINT('Ctrl Pts',(8.80445303104588,2.30034928306705,56.0049834102392));
#6470=CARTESIAN_POINT('Ctrl Pts',(8.83748592905557,2.17391778801255,56.018272464474));
#6471=CARTESIAN_POINT('Ctrl Pts',(8.86779507936824,2.04677466410574,56.0315615187089));
#6472=CARTESIAN_POINT('Ctrl Pts',(8.89535236484162,1.91903785926871,56.0448505729437));
#6473=CARTESIAN_POINT('',(8.89535236484162,1.91903785926872,56.4136213064194));
#6474=CARTESIAN_POINT('',(8.89535236484162,1.91903785926872,0.));
#6475=CARTESIAN_POINT('',(8.69819319833652,2.67421672353091,56.4136213064194));
#6476=CARTESIAN_POINT('Origin',(0.,0.,56.4136213064194));
#6477=CARTESIAN_POINT('',(8.62251533052287,2.90899112664477,55.7026579231024));
#6478=CARTESIAN_POINT('Ctrl Pts',(8.69819319833652,2.67421672353091,56.4136213064194));
#6479=CARTESIAN_POINT('Ctrl Pts',(8.68334648285965,2.72250734950828,56.2910247838803));
#6480=CARTESIAN_POINT('Ctrl Pts',(8.65435052773828,2.81375583581175,56.0586942106711));
#6481=CARTESIAN_POINT('Ctrl Pts',(8.63281276532667,2.87846858958802,55.81687407202));
#6482=CARTESIAN_POINT('Ctrl Pts',(8.62251533052287,2.90899112664477,55.7026579231024));
#6483=CARTESIAN_POINT('',(8.59587852876367,2.98678293800199,55.1079734414816));
#6484=CARTESIAN_POINT('Ctrl Pts',(8.62251533052287,2.90899112664477,55.7026579231024));
#6485=CARTESIAN_POINT('Ctrl Pts',(8.61485605056186,2.93169393184748,55.5992960021872));
#6486=CARTESIAN_POINT('Ctrl Pts',(8.60012707506092,2.97462678833531,55.4034910412111));
#6487=CARTESIAN_POINT('Ctrl Pts',(8.59723399871469,2.98288193304439,55.2027478899156));
#6488=CARTESIAN_POINT('Ctrl Pts',(8.59587852876367,2.98678293800199,55.1079734414816));
#6489=CARTESIAN_POINT('',(8.70990815076019,2.63581107162884,53.9734222739935));
#6490=CARTESIAN_POINT('Ctrl Pts',(8.59587852876367,2.98678293800199,55.1079734414816));
#6491=CARTESIAN_POINT('Ctrl Pts',(8.59955123515154,2.97621299079213,54.8888752449306));
#6492=CARTESIAN_POINT('Ctrl Pts',(8.6072113032424,2.95656064965954,54.4762390306909));
#6493=CARTESIAN_POINT('Ctrl Pts',(8.67876203256602,2.73873188854319,54.13396053713));
#6494=CARTESIAN_POINT('Ctrl Pts',(8.70990815076019,2.63581107162884,53.9734222739935));
#6495=CARTESIAN_POINT('',(8.94289994158771,1.68360940682528,53.5465117543936));
#6496=CARTESIAN_POINT('Ctrl Pts',(8.70990815076019,2.63581107162884,53.9734222739935));
#6497=CARTESIAN_POINT('Ctrl Pts',(8.74912473901869,2.50622178300557,53.8489252667424));
#6498=CARTESIAN_POINT('Ctrl Pts',(8.82468767693992,2.23941446399099,53.5940304657934));
#6499=CARTESIAN_POINT('Ctrl Pts',(8.90732387602811,1.87258031262152,53.56259390913));
#6500=CARTESIAN_POINT('Ctrl Pts',(8.94289994158771,1.68360940682528,53.5465117543936));
#6501=CARTESIAN_POINT('',(9.09771683741277,0.203834114554513,54.4568105787039));
#6502=CARTESIAN_POINT('Ctrl Pts',(8.94289994158771,1.68360940682528,53.5465117543936));
#6503=CARTESIAN_POINT('Ctrl Pts',(8.99381356452216,1.41316934292403,53.5969230737057));
#6504=CARTESIAN_POINT('Ctrl Pts',(9.07475501533656,0.810292898923226,53.7082697531957));
#6505=CARTESIAN_POINT('Ctrl Pts',(9.09291187847117,0.418293583037495,54.1920551526705));
#6506=CARTESIAN_POINT('Ctrl Pts',(9.09771683741277,0.203834114554513,54.4568105787039));
#6507=CARTESIAN_POINT('',(9.09968741652263,-0.0754249400381252,54.8388703912497));
#6508=CARTESIAN_POINT('Ctrl Pts',(9.09771683741277,0.203834114554513,54.4568105787039));
#6509=CARTESIAN_POINT('Ctrl Pts',(9.09980204522573,0.110765148788212,54.5841638495525));
#6510=CARTESIAN_POINT('Ctrl Pts',(9.10045900804254,0.0176641846057268,54.7115171204011));
#6511=CARTESIAN_POINT('Ctrl Pts',(9.09968741652263,-0.0754249400381252,
54.8388703912497));
#6512=CARTESIAN_POINT('',(8.98861612644059,-1.41942950916632,55.862126275897));
#6513=CARTESIAN_POINT('Ctrl Pts',(9.09968741652263,-0.0754249400381253,
54.8388703912497));
#6514=CARTESIAN_POINT('Ctrl Pts',(9.09794884317767,-0.285176170623769,55.1205286118908));
#6515=CARTESIAN_POINT('Ctrl Pts',(9.0868963490314,-0.640406005204656,55.5972146923506));
#6516=CARTESIAN_POINT('Ctrl Pts',(9.0241702404981,-1.19428110911206,55.7852108866484));
#6517=CARTESIAN_POINT('Ctrl Pts',(8.98861612644059,-1.41942950916632,55.862126275897));
#6518=CARTESIAN_POINT('',(8.98861612644059,-1.41942950916632,0.));
#6519=CARTESIAN_POINT('',(9.02367892883993,-1.17610313714839,16.0514988750219));
#6520=CARTESIAN_POINT('',(8.88110299468406,-1.98393790170304,16.0514988750219));
#6521=CARTESIAN_POINT('Origin',(0.,0.,16.0514988750219));
#6522=CARTESIAN_POINT('',(8.88110299468406,-1.98393790170304,16.8720974773169));
#6523=CARTESIAN_POINT('',(8.88110299468406,-1.98393790170304,0.));
#6524=CARTESIAN_POINT('',(9.02367892883993,-1.17610313714839,16.8720974773169));
#6525=CARTESIAN_POINT('Origin',(0.,0.,16.8720974773169));
#6526=CARTESIAN_POINT('',(9.02367892883993,-1.17610313714839,0.));
#6527=CARTESIAN_POINT('',(8.5272364725839,3.17745781099211,28.1279077380896));
#6528=CARTESIAN_POINT('',(8.52723647258391,3.17745781099211,26.9784059375525));
#6529=CARTESIAN_POINT('',(8.5272364725839,3.17745781099211,0.));
#6530=CARTESIAN_POINT('',(9.05222512414474,0.931246638545749,26.9784059375525));
#6531=CARTESIAN_POINT('Origin',(0.,0.,26.9784059375525));
#6532=CARTESIAN_POINT('',(8.97640619976013,1.49470121994591,26.4044847339392));
#6533=CARTESIAN_POINT('Ctrl Pts',(9.05222512414474,0.931246638545748,26.9784059375525));
#6534=CARTESIAN_POINT('Ctrl Pts',(9.04027795024945,1.04737968345682,26.8951621830402));
#6535=CARTESIAN_POINT('Ctrl Pts',(9.01264692544409,1.26840893491585,26.7363563380126));
#6536=CARTESIAN_POINT('Ctrl Pts',(8.98854173269167,1.42182145535461,26.5114827843695));
#6537=CARTESIAN_POINT('Ctrl Pts',(8.97640619976013,1.49470121994591,26.4044847339392));
#6538=CARTESIAN_POINT('',(8.94333176258998,1.68131406472713,25.6779494136572));
#6539=CARTESIAN_POINT('Ctrl Pts',(8.97640619976013,1.49470121994591,26.4044847339392));
#6540=CARTESIAN_POINT('Ctrl Pts',(8.96732737207616,1.5492239861158,26.2918335009417));
#6541=CARTESIAN_POINT('Ctrl Pts',(8.94752893692406,1.65992966349409,26.0626325036622));
#6542=CARTESIAN_POINT('Ctrl Pts',(8.94468894751537,1.67409485725981,25.8076229486073));
#6543=CARTESIAN_POINT('Ctrl Pts',(8.94333176258998,1.68131406472713,25.6779494136572));
#6544=CARTESIAN_POINT('',(8.99479564656918,1.37972869668649,24.9497785419226));
#6545=CARTESIAN_POINT('Ctrl Pts',(8.94333176258998,1.68131406472713,25.6779494136572));
#6546=CARTESIAN_POINT('Ctrl Pts',(8.94528637293904,1.67091700139135,25.5334325031006));
#6547=CARTESIAN_POINT('Ctrl Pts',(8.94953389108387,1.65101327062174,25.2555239912193));
#6548=CARTESIAN_POINT('Ctrl Pts',(8.98127144380929,1.46789634906636,25.0489369758007));
#6549=CARTESIAN_POINT('Ctrl Pts',(8.99479564656918,1.37972869668649,24.9497785419226));
#6550=CARTESIAN_POINT('',(9.08376205053587,0.543384770898424,24.6860470622778));
#6551=CARTESIAN_POINT('Ctrl Pts',(8.99479564656918,1.37972869668649,24.9497785419226));
#6552=CARTESIAN_POINT('Ctrl Pts',(9.01261562191567,1.26355583092417,24.8729771685009));
#6553=CARTESIAN_POINT('Ctrl Pts',(9.04686704151721,1.01117528789411,24.7065839716988));
#6554=CARTESIAN_POINT('Ctrl Pts',(9.07395649981306,0.707304141316637,24.6932347452145));
#6555=CARTESIAN_POINT('Ctrl Pts',(9.08376205053587,0.543384770898424,24.6860470622778));
#6556=CARTESIAN_POINT('',(8.94699317306538,-1.66171994064026,24.6860470622778));
#6557=CARTESIAN_POINT('Origin',(0.,0.,24.6860470622778));
#6558=CARTESIAN_POINT('',(8.94699317306538,-1.66171994064026,24.1943540424109));
#6559=CARTESIAN_POINT('',(8.94699317306538,-1.66171994064026,0.));
#6560=CARTESIAN_POINT('',(8.88110299468406,-1.98393790170304,24.1943540424109));
#6561=CARTESIAN_POINT('Origin',(0.,0.,24.1943540424109));
#6562=CARTESIAN_POINT('',(8.88110299468406,-1.98393790170304,25.8355488628149));
#6563=CARTESIAN_POINT('',(8.88110299468406,-1.98393790170304,0.));
#6564=CARTESIAN_POINT('',(8.94699317306538,-1.66171994064026,25.8355488628149));
#6565=CARTESIAN_POINT('Origin',(0.,0.,25.8355488628149));
#6566=CARTESIAN_POINT('',(8.94699317306538,-1.66171994064026,25.343855842948));
#6567=CARTESIAN_POINT('',(8.94699317306538,-1.66171994064026,0.));
#6568=CARTESIAN_POINT('',(9.08931741118014,0.440804944184602,25.343855842948));
#6569=CARTESIAN_POINT('Origin',(0.,0.,25.343855842948));
#6570=CARTESIAN_POINT('',(9.04161509579845,1.0291727063178,25.467945560813));
#6571=CARTESIAN_POINT('Ctrl Pts',(9.08931741118014,0.440804944184602,25.343855842948));
#6572=CARTESIAN_POINT('Ctrl Pts',(9.08340609961523,0.562695108618327,25.344029355875));
#6573=CARTESIAN_POINT('Ctrl Pts',(9.06904612749226,0.768831490947679,25.3443231070812));
#6574=CARTESIAN_POINT('Ctrl Pts',(9.05021355364167,0.953632473120226,25.4320409022915));
#6575=CARTESIAN_POINT('Ctrl Pts',(9.04161509579845,1.0291727063178,25.467945560813));
#6576=CARTESIAN_POINT('',(9.02108110208028,1.19586610859662,25.9030332416296));
#6577=CARTESIAN_POINT('Ctrl Pts',(9.04161509579845,1.0291727063178,25.467945560813));
#6578=CARTESIAN_POINT('Ctrl Pts',(9.03609372936366,1.07767969625237,25.5220247088947));
#6579=CARTESIAN_POINT('Ctrl Pts',(9.02242724811971,1.18720277680323,25.6442847428895));
#6580=CARTESIAN_POINT('Ctrl Pts',(9.02149346560167,1.19275542192088,25.8103971533283));
#6581=CARTESIAN_POINT('Ctrl Pts',(9.02108110208028,1.19586610859662,25.9030332416296));
#6582=CARTESIAN_POINT('',(9.03876922017763,1.05387427351153,26.4059915393591));
#6583=CARTESIAN_POINT('Ctrl Pts',(9.02108110208028,1.19586610859662,25.9030332416296));
#6584=CARTESIAN_POINT('Ctrl Pts',(9.02205439715572,1.18852400420158,25.9853486124618));
#6585=CARTESIAN_POINT('Ctrl Pts',(9.02420632155211,1.17279659125738,26.161771729577));
#6586=CARTESIAN_POINT('Ctrl Pts',(9.03394250376103,1.09527159848425,26.321036441787));
#6587=CARTESIAN_POINT('Ctrl Pts',(9.03876922017763,1.05387427351153,26.4059915393591));
#6588=CARTESIAN_POINT('',(9.07840995537896,0.626476401851083,26.9784059375525));
#6589=CARTESIAN_POINT('Ctrl Pts',(9.03876922017763,1.05387427351153,26.4059915393591));
#6590=CARTESIAN_POINT('Ctrl Pts',(9.04536811727258,0.997277476864993,26.5003203546789));
#6591=CARTESIAN_POINT('Ctrl Pts',(9.05875174017923,0.874125223687451,26.7053833028094));
#6592=CARTESIAN_POINT('Ctrl Pts',(9.07241306351687,0.713378705946226,26.8826706489112));
#6593=CARTESIAN_POINT('Ctrl Pts',(9.07840995537896,0.626476401851083,26.9784059375525));
#6594=CARTESIAN_POINT('',(8.94699317306538,-1.66171994064026,26.9784059375525));
#6595=CARTESIAN_POINT('Origin',(0.,0.,26.9784059375525));
#6596=CARTESIAN_POINT('',(8.94699317306538,-1.66171994064026,26.4867105334997));
#6597=CARTESIAN_POINT('',(8.94699317306538,-1.66171994064026,0.));
#6598=CARTESIAN_POINT('',(8.88110299468406,-1.98393790170304,26.4867105334997));
#6599=CARTESIAN_POINT('Origin',(0.,0.,26.4867105334997));
#6600=CARTESIAN_POINT('',(8.88110299468406,-1.98393790170304,28.1279077380896));
#6601=CARTESIAN_POINT('',(8.88110299468406,-1.98393790170304,0.));
#6602=CARTESIAN_POINT('',(8.94699317306538,-1.66171994064026,28.1279077380896));
#6603=CARTESIAN_POINT('Origin',(0.,0.,28.1279077380896));
#6604=CARTESIAN_POINT('',(8.94699317306538,-1.66171994064026,27.6362123340368));
#6605=CARTESIAN_POINT('',(8.94699317306538,-1.66171994064026,0.));
#6606=CARTESIAN_POINT('',(8.63648608591484,2.86724747585542,27.6362123340368));
#6607=CARTESIAN_POINT('Origin',(0.,0.,27.6362123340368));
#6608=CARTESIAN_POINT('',(8.63648608591484,2.86724747585542,28.1279077380896));
#6609=CARTESIAN_POINT('',(8.63648608591484,2.86724747585542,0.));
#6610=CARTESIAN_POINT('Origin',(0.,0.,28.1279077380896));
#6611=CARTESIAN_POINT('',(8.73352191291983,2.5564809791096,6.79142616689205));
#6612=CARTESIAN_POINT('',(8.86712764825907,-2.04549438265656,8.50996635854244));
#6613=CARTESIAN_POINT('Ctrl Pts',(8.73352191291983,2.5564809791096,6.79142616689205));
#6614=CARTESIAN_POINT('Ctrl Pts',(9.16938649531431,1.06746818671493,7.36427289744218));
#6615=CARTESIAN_POINT('Ctrl Pts',(9.21587209899908,-0.533702618497573,7.93711962799231));
#6616=CARTESIAN_POINT('Ctrl Pts',(8.86712764825907,-2.04549438265656,8.50996635854244));
#6617=CARTESIAN_POINT('',(8.86712764825907,-2.04549438265656,8.83555077016354));
#6618=CARTESIAN_POINT('',(8.86712764825907,-2.04549438265656,0.));
#6619=CARTESIAN_POINT('',(8.73352191291983,2.5564809791096,10.6265606731176));
#6620=CARTESIAN_POINT('Ctrl Pts',(8.86712764825907,-2.04549438265656,8.83555077016354));
#6621=CARTESIAN_POINT('Ctrl Pts',(9.21587209899908,-0.533702618497573,9.43255407114824));
#6622=CARTESIAN_POINT('Ctrl Pts',(9.16938649531431,1.06746818671493,10.0295573721329));
#6623=CARTESIAN_POINT('Ctrl Pts',(8.73352191291983,2.5564809791096,10.6265606731176));
#6624=CARTESIAN_POINT('',(8.73352191291983,2.5564809791096,10.9119572490454));
#6625=CARTESIAN_POINT('',(8.73352191291983,2.5564809791096,0.));
#6626=CARTESIAN_POINT('',(8.63648608591484,2.86724747585542,10.9119572490454));
#6627=CARTESIAN_POINT('Origin',(0.,0.,10.9119572490454));
#6628=CARTESIAN_POINT('',(8.63648608591484,2.86724747585542,9.39036034047604));
#6629=CARTESIAN_POINT('',(8.63648608591484,2.86724747585542,0.));
#6630=CARTESIAN_POINT('',(8.73352191291983,2.5564809791096,9.39036034047604));
#6631=CARTESIAN_POINT('Origin',(0.,0.,9.39036034047604));
#6632=CARTESIAN_POINT('',(8.73352191291983,2.5564809791096,9.88205574452877));
#6633=CARTESIAN_POINT('',(8.73352191291983,2.5564809791096,0.));
#6634=CARTESIAN_POINT('',(9.04619781254442,-0.988081543353845,8.50664757192135));
#6635=CARTESIAN_POINT('Ctrl Pts',(8.73352191291983,2.5564809791096,9.88205574452877));
#6636=CARTESIAN_POINT('Ctrl Pts',(9.06889807920463,1.41075952792184,9.42358635365963));
#6637=CARTESIAN_POINT('Ctrl Pts',(9.17582091660608,0.198658810521881,8.96511696279049));
#6638=CARTESIAN_POINT('Ctrl Pts',(9.04619781254442,-0.988081543353845,8.50664757192135));
#6639=CARTESIAN_POINT('',(8.73352191291983,2.5564809791096,7.18438766896725));
#6640=CARTESIAN_POINT('Ctrl Pts',(9.04619781254442,-0.988081543353845,8.50664757192135));
#6641=CARTESIAN_POINT('Ctrl Pts',(9.17582091660608,0.198658810521881,8.06589427093665));
#6642=CARTESIAN_POINT('Ctrl Pts',(9.06889807920463,1.41075952792184,7.62514096995195));
#6643=CARTESIAN_POINT('Ctrl Pts',(8.73352191291983,2.5564809791096,7.18438766896725));
#6644=CARTESIAN_POINT('',(8.73352191291983,2.5564809791096,7.67608307301998));
#6645=CARTESIAN_POINT('',(8.73352191291983,2.5564809791096,0.));
#6646=CARTESIAN_POINT('',(8.63648608591484,2.86724747585542,7.67608307301998));
#6647=CARTESIAN_POINT('Origin',(0.,0.,7.67608307301998));
#6648=CARTESIAN_POINT('',(8.63648608591484,2.86724747585542,6.50332115590572));
#6649=CARTESIAN_POINT('',(8.63648608591484,2.86724747585542,0.));
#6650=CARTESIAN_POINT('',(8.73352191291983,2.5564809791096,6.50332115590572));
#6651=CARTESIAN_POINT('Origin',(0.,0.,6.50332115590572));
#6652=CARTESIAN_POINT('',(8.73352191291983,2.5564809791096,0.));
#6653=CARTESIAN_POINT('',(9.08903137354987,0.446663957160394,40.3338875621557));
#6654=CARTESIAN_POINT('',(8.98894379910316,-1.4173529470689,40.80232642591));
#6655=CARTESIAN_POINT('Ctrl Pts',(9.08903137354987,0.446663957160394,40.3338875621557));
#6656=CARTESIAN_POINT('Ctrl Pts',(9.10660717271166,0.0890192727486375,40.3456499307408));
#6657=CARTESIAN_POINT('Ctrl Pts',(9.09799351275525,-0.570828824347436,40.3672932279437));
#6658=CARTESIAN_POINT('Ctrl Pts',(9.03058833747537,-1.15324059894734,40.6659699615221));
#6659=CARTESIAN_POINT('Ctrl Pts',(8.98894379910316,-1.4173529470689,40.80232642591));
#6660=CARTESIAN_POINT('',(8.85349429588146,-2.10372021732797,42.0548179000616));
#6661=CARTESIAN_POINT('Ctrl Pts',(8.98894379910316,-1.4173529470689,40.80232642591));
#6662=CARTESIAN_POINT('Ctrl Pts',(8.9571586080437,-1.61893667867794,40.9687161581594));
#6663=CARTESIAN_POINT('Ctrl Pts',(8.87766781083543,-2.01066306960481,41.2945218183813));
#6664=CARTESIAN_POINT('Ctrl Pts',(8.86079383652996,-2.07300014297505,41.8050283021875));
#6665=CARTESIAN_POINT('Ctrl Pts',(8.85349429588146,-2.10372021732797,42.0548179000616));
#6666=CARTESIAN_POINT('',(8.98894379910316,-1.4173529470689,43.3056487888098));
#6667=CARTESIAN_POINT('Ctrl Pts',(8.85349429588146,-2.10372021732797,42.0548179000616));
#6668=CARTESIAN_POINT('Ctrl Pts',(8.86083381168687,-2.07283190775976,42.3038257583402));
#6669=CARTESIAN_POINT('Ctrl Pts',(8.87779939238255,-2.01004530016178,42.8135600386574));
#6670=CARTESIAN_POINT('Ctrl Pts',(8.95715926899668,-1.61893248687152,43.1391243460181));
#6671=CARTESIAN_POINT('Ctrl Pts',(8.98894379910316,-1.4173529470689,43.3056487888098));
#6672=CARTESIAN_POINT('',(9.08919382796794,0.443345866823539,43.7757482379675));
#6673=CARTESIAN_POINT('Ctrl Pts',(8.98894379910316,-1.4173529470689,43.3056487888098));
#6674=CARTESIAN_POINT('Ctrl Pts',(9.03053846993585,-1.15355686209902,43.4424941266978));
#6675=CARTESIAN_POINT('Ctrl Pts',(9.09783339186114,-0.572477977315006,43.7419172546592));
#6676=CARTESIAN_POINT('Ctrl Pts',(9.10660018502257,0.086491850698729,43.7638431393247));
#6677=CARTESIAN_POINT('Ctrl Pts',(9.08919382796794,0.443345866823539,43.7757482379675));
#6678=CARTESIAN_POINT('',(8.80119644687806,2.31277778946899,43.3089711517096));
#6679=CARTESIAN_POINT('Ctrl Pts',(9.08919382796794,0.443345866823539,43.7757482379675));
#6680=CARTESIAN_POINT('Ctrl Pts',(9.07148765682246,0.806346479968983,43.7643611721656));
#6681=CARTESIAN_POINT('Ctrl Pts',(8.99701508097363,1.46997404351467,43.7434715029465));
#6682=CARTESIAN_POINT('Ctrl Pts',(8.86991363684938,2.0512768830832,43.4448242539717));
#6683=CARTESIAN_POINT('Ctrl Pts',(8.80119644687806,2.31277778946899,43.3089711517096));
#6684=CARTESIAN_POINT('',(8.59587852876367,2.98678293800199,42.0548179000616));
#6685=CARTESIAN_POINT('Ctrl Pts',(8.80119644687806,2.31277778946899,43.3089711517096));
#6686=CARTESIAN_POINT('Ctrl Pts',(8.74896131180698,2.51155680199803,43.1429279471635));
#6687=CARTESIAN_POINT('Ctrl Pts',(8.62956501138186,2.89603550621451,42.8177748486321));
#6688=CARTESIAN_POINT('Ctrl Pts',(8.60631298927507,2.95675284979974,42.3054957364404));
#6689=CARTESIAN_POINT('Ctrl Pts',(8.59587852876367,2.98678293800199,42.0548179000616));
#6690=CARTESIAN_POINT('',(8.80119644687806,2.31277778946899,40.8006658405066));
#6691=CARTESIAN_POINT('Ctrl Pts',(8.59587852876367,2.98678293800199,42.0548179000616));
#6692=CARTESIAN_POINT('Ctrl Pts',(8.6063130179589,2.95675276724845,41.8041405025382));
#6693=CARTESIAN_POINT('Ctrl Pts',(8.62956511458165,2.89603520488036,41.2918618719967));
#6694=CARTESIAN_POINT('Ctrl Pts',(8.74896131232853,2.5115568000133,40.9667090386076));
#6695=CARTESIAN_POINT('Ctrl Pts',(8.80119644687806,2.31277778946899,40.8006658405066));
#6696=CARTESIAN_POINT('Ctrl Pts',(8.80119644687806,2.31277778946899,40.8006658405066));
#6697=CARTESIAN_POINT('Ctrl Pts',(8.86984139848679,2.05155178369104,40.6648078137706));
#6698=CARTESIAN_POINT('Ctrl Pts',(8.99673658306172,1.47132750777562,40.3663863929921));
#6699=CARTESIAN_POINT('Ctrl Pts',(9.07123395133463,0.808818382852112,40.3453480703402));
#6700=CARTESIAN_POINT('Ctrl Pts',(9.08903137354987,0.446663957160394,40.3338875621557));
#6701=CARTESIAN_POINT('Origin',(0.,0.,0.));
#6702=CARTESIAN_POINT('',(9.09901932011421,0.447154796673757,40.3338875621557));
#6703=CARTESIAN_POINT('',(8.99882175932195,-1.41891047777997,40.80232642591));
#6704=CARTESIAN_POINT('Ctrl Pts',(9.09901932011421,0.447154796673757,40.3338875621557));
#6705=CARTESIAN_POINT('Ctrl Pts',(9.11661443334101,0.0891170961252843,40.3456499307408));
#6706=CARTESIAN_POINT('Ctrl Pts',(9.10799130782421,-0.571456108769796,40.3672932279437));
#6707=CARTESIAN_POINT('Ctrl Pts',(9.04051206092314,-1.15450789630882,40.6659699615221));
#6708=CARTESIAN_POINT('Ctrl Pts',(8.99882175932195,-1.41891047777997,40.80232642591));
#6709=CARTESIAN_POINT('',(8.81086809132518,2.31531930352335,40.8006658405066));
#6710=CARTESIAN_POINT('Ctrl Pts',(8.81086809132518,2.31531930352335,40.8006658405066));
#6711=CARTESIAN_POINT('Ctrl Pts',(8.87958847694667,2.05380623620059,40.6648078137706));
#6712=CARTESIAN_POINT('Ctrl Pts',(9.00662310677937,1.47294435119076,40.3663863929921));
#6713=CARTESIAN_POINT('Ctrl Pts',(9.08120234029214,0.80970719426184,40.3453480703402));
#6714=CARTESIAN_POINT('Ctrl Pts',(9.09901932011421,0.447154796673757,40.3338875621557));
#6715=CARTESIAN_POINT('',(8.60532454912495,2.99006511705473,42.0548179000616));
#6716=CARTESIAN_POINT('Ctrl Pts',(8.60532454912495,2.99006511705473,42.0548179000616));
#6717=CARTESIAN_POINT('Ctrl Pts',(8.61577050479182,2.96000194611356,41.8041405025382));
#6718=CARTESIAN_POINT('Ctrl Pts',(8.6390481531691,2.89921766114946,41.2918618719967));
#6719=CARTESIAN_POINT('Ctrl Pts',(8.75857555552889,2.51431675254079,40.9667090386076));
#6720=CARTESIAN_POINT('Ctrl Pts',(8.81086809132518,2.31531930352335,40.8006658405066));
#6721=CARTESIAN_POINT('',(8.81086809132518,2.31531930352335,43.3089711517096));
#6722=CARTESIAN_POINT('Ctrl Pts',(8.81086809132518,2.31531930352335,43.3089711517096));
#6723=CARTESIAN_POINT('Ctrl Pts',(8.75857555500677,2.5143167545277,43.1429279471635));
#6724=CARTESIAN_POINT('Ctrl Pts',(8.63904804985591,2.89921796281475,42.8177748486321));
#6725=CARTESIAN_POINT('Ctrl Pts',(8.61577047607647,2.96000202875556,42.3054957364404));
#6726=CARTESIAN_POINT('Ctrl Pts',(8.60532454912495,2.99006511705473,42.0548179000616));
#6727=CARTESIAN_POINT('',(9.09918195305362,0.443833060083784,43.7757482379675));
#6728=CARTESIAN_POINT('Ctrl Pts',(9.09918195305362,0.443833060083784,43.7757482379675));
#6729=CARTESIAN_POINT('Ctrl Pts',(9.08145632457721,0.807232575001916,43.7643611721656));
#6730=CARTESIAN_POINT('Ctrl Pts',(9.00690191073294,1.47158939960644,43.7434715029465));
#6731=CARTESIAN_POINT('Ctrl Pts',(8.87966079469207,2.05353103350417,43.4448242539717));
#6732=CARTESIAN_POINT('Ctrl Pts',(8.81086809132518,2.31531930352335,43.3089711517096));
#6733=CARTESIAN_POINT('',(8.99882175932195,-1.41891047777997,43.3056487888098));
#6734=CARTESIAN_POINT('Ctrl Pts',(8.99882175932195,-1.41891047777997,43.3056487888098));
#6735=CARTESIAN_POINT('Ctrl Pts',(9.04046213858413,-1.15482450700243,43.4424941266978));
#6736=CARTESIAN_POINT('Ctrl Pts',(9.10783101097308,-0.573107073993374,43.7419172546592));
#6737=CARTESIAN_POINT('Ctrl Pts',(9.11660743797314,0.0865868966885078,43.7638431393247));
#6738=CARTESIAN_POINT('Ctrl Pts',(9.09918195305362,0.443833060083784,43.7757482379675));
#6739=CARTESIAN_POINT('',(8.86322341049232,-2.10603199778657,42.0548179000616));
#6740=CARTESIAN_POINT('Ctrl Pts',(8.86322341049232,-2.10603199778657,42.0548179000616));
#6741=CARTESIAN_POINT('Ctrl Pts',(8.87057099169972,-2.07510974502103,42.3038257583402));
#6742=CARTESIAN_POINT('Ctrl Pts',(8.88755521589067,-2.01225414115097,42.8135600386574));
#6743=CARTESIAN_POINT('Ctrl Pts',(8.96700230116041,-1.62071153356039,43.1391243460181));
#6744=CARTESIAN_POINT('Ctrl Pts',(8.99882175932195,-1.41891047777997,43.3056487888098));
#6745=CARTESIAN_POINT('Ctrl Pts',(8.99882175932195,-1.41891047777997,40.80232642591));
#6746=CARTESIAN_POINT('Ctrl Pts',(8.96700163948111,-1.62071572997319,40.9687161581594));
#6747=CARTESIAN_POINT('Ctrl Pts',(8.88742348974844,-2.01287258946152,41.2945218183813));
#6748=CARTESIAN_POINT('Ctrl Pts',(8.87053097261406,-2.07527816511019,41.8050283021875));
#6749=CARTESIAN_POINT('Ctrl Pts',(8.86322341049232,-2.10603199778657,42.0548179000616));
#6750=CARTESIAN_POINT('',(9.09844051795268,0.458781147473335,43.0813958495855));
#6751=CARTESIAN_POINT('',(9.02678784535244,-1.22849550060121,42.8251674026251));
#6752=CARTESIAN_POINT('Ctrl Pts',(9.09844051795268,0.458781147473335,43.0813958495855));
#6753=CARTESIAN_POINT('Ctrl Pts',(9.11515985270021,0.12720720739774,43.0788327358147));
#6754=CARTESIAN_POINT('Ctrl Pts',(9.11191989285564,-0.450899084604959,43.0743758219289));
#6755=CARTESIAN_POINT('Ctrl Pts',(9.05823178896153,-0.997450447655074,42.8994820282043));
#6756=CARTESIAN_POINT('Ctrl Pts',(9.02678784535244,-1.22849550060121,42.8251674026251));
#6757=CARTESIAN_POINT('',(8.86245412565353,2.10926690361527,42.8135135024786));
#6758=CARTESIAN_POINT('Ctrl Pts',(8.86245412565353,2.10926690361527,42.8135135024786));
#6759=CARTESIAN_POINT('Ctrl Pts',(8.91694724490841,1.88030452396932,42.8913130965837));
#6760=CARTESIAN_POINT('Ctrl Pts',(9.02238194932942,1.34933534038431,43.0701156625615));
#6761=CARTESIAN_POINT('Ctrl Pts',(9.08220069183825,0.780845584379261,43.0773239773079));
#6762=CARTESIAN_POINT('Ctrl Pts',(9.09844051795268,0.458781147473335,43.0813958495855));
#6763=CARTESIAN_POINT('',(8.7077515647243,2.67715570840426,42.0564796775579));
#6764=CARTESIAN_POINT('Ctrl Pts',(8.7077515647243,2.67715570840426,42.0564796775579));
#6765=CARTESIAN_POINT('Ctrl Pts',(8.71719552268081,2.64643816761469,42.213480433038));
#6766=CARTESIAN_POINT('Ctrl Pts',(8.7388609523779,2.57933772343716,42.5578880454574));
#6767=CARTESIAN_POINT('Ctrl Pts',(8.82279695400723,2.27589345233041,42.7234332842555));
#6768=CARTESIAN_POINT('Ctrl Pts',(8.86245412565353,2.10926690361527,42.8135135024786));
#6769=CARTESIAN_POINT('',(8.86245412565353,2.10926690361527,41.2961234897375));
#6770=CARTESIAN_POINT('Ctrl Pts',(8.86245412565353,2.10926690361527,41.2961234897375));
#6771=CARTESIAN_POINT('Ctrl Pts',(8.82279219875486,2.27591343235568,41.3865199449326));
#6772=CARTESIAN_POINT('Ctrl Pts',(8.73867693478005,2.5799808071777,41.5529685434271));
#6773=CARTESIAN_POINT('Ctrl Pts',(8.71714885840881,2.64658994843424,41.8985704660542));
#6774=CARTESIAN_POINT('Ctrl Pts',(8.7077515647243,2.67715570840426,42.0564796775579));
#6775=CARTESIAN_POINT('',(9.09844051795268,0.458781147473335,41.0282399505377));
#6776=CARTESIAN_POINT('Ctrl Pts',(9.09844051795268,0.458781147473335,41.0282399505377));
#6777=CARTESIAN_POINT('Ctrl Pts',(9.08220068994653,0.780845621895336,41.0323116913698));
#6778=CARTESIAN_POINT('Ctrl Pts',(9.02238191837262,1.34933555145023,41.0395197747982));
#6779=CARTESIAN_POINT('Ctrl Pts',(8.91694723936407,1.88030454726485,41.2183234107759));
#6780=CARTESIAN_POINT('Ctrl Pts',(8.86245412565353,2.10926690361527,41.2961234897375));
#6781=CARTESIAN_POINT('',(9.02678784535244,-1.22849550060121,41.284469589591));
#6782=CARTESIAN_POINT('Ctrl Pts',(9.02678784535244,-1.22849550060121,41.284469589591));
#6783=CARTESIAN_POINT('Ctrl Pts',(9.05823178590891,-0.997450470085247,41.2101544811289));
#6784=CARTESIAN_POINT('Ctrl Pts',(9.1119198829921,-0.450899296353587,41.035259594254));
#6785=CARTESIAN_POINT('Ctrl Pts',(9.11515985465207,0.127207168688841,41.0308029238289));
#6786=CARTESIAN_POINT('Ctrl Pts',(9.09844051795268,0.458781147473335,41.0282399505377));
#6787=CARTESIAN_POINT('',(8.9335371856359,-1.78438038345546,42.0564796775579));
#6788=CARTESIAN_POINT('Ctrl Pts',(8.9335371856359,-1.78438038345546,42.0564796775579));
#6789=CARTESIAN_POINT('Ctrl Pts',(8.93911806000312,-1.75643962085225,41.8932296960867));
#6790=CARTESIAN_POINT('Ctrl Pts',(8.95203020407818,-1.69732026523929,41.5466172972448));
#6791=CARTESIAN_POINT('Ctrl Pts',(9.00463759370524,-1.39125199604026,41.3751683094417));
#6792=CARTESIAN_POINT('Ctrl Pts',(9.02678784535244,-1.22849550060121,41.284469589591));
#6793=CARTESIAN_POINT('Ctrl Pts',(9.02678784535244,-1.22849550060121,42.8251674026251));
#6794=CARTESIAN_POINT('Ctrl Pts',(9.00463926998783,-1.39123967898473,42.7347856862516));
#6795=CARTESIAN_POINT('Ctrl Pts',(8.95214279334997,-1.69669568055712,42.5642653808617));
#6796=CARTESIAN_POINT('Ctrl Pts',(8.93914956178113,-1.75628190655103,42.2188247237286));
#6797=CARTESIAN_POINT('Ctrl Pts',(8.9335371856359,-1.78438038345546,42.0564796775579));
#6798=CARTESIAN_POINT('Ctrl Pts',(9.08903137354987,0.446663957160394,40.3338875621557));
#6799=CARTESIAN_POINT('Ctrl Pts',(9.09236068907132,0.446827570331515,40.3338875621557));
#6800=CARTESIAN_POINT('Ctrl Pts',(9.09569000459276,0.446991183502636,40.3338875621557));
#6801=CARTESIAN_POINT('Ctrl Pts',(9.09901932011421,0.447154796673757,40.3338875621557));
#6802=CARTESIAN_POINT('Ctrl Pts',(9.10660717271166,0.0890192727486375,40.3456499307408));
#6803=CARTESIAN_POINT('Ctrl Pts',(9.10994308604082,0.0890518669483827,40.3456499307408));
#6804=CARTESIAN_POINT('Ctrl Pts',(9.11327852001185,0.0890845019255391,40.3456499307408));
#6805=CARTESIAN_POINT('Ctrl Pts',(9.11661443334101,0.0891170961252843,40.3456499307408));
#6806=CARTESIAN_POINT('Ctrl Pts',(9.09799351275525,-0.570828824347436,40.3672932279437));
#6807=CARTESIAN_POINT('Ctrl Pts',(9.10132610140619,-0.571037917461438,40.3672932279437));
#6808=CARTESIAN_POINT('Ctrl Pts',(9.10465871917326,-0.571247015655795,40.3672932279437));
#6809=CARTESIAN_POINT('Ctrl Pts',(9.10799130782421,-0.571456108769796,40.3672932279437));
#6810=CARTESIAN_POINT('Ctrl Pts',(9.03058833747537,-1.15324059894734,40.6659699615221));
#6811=CARTESIAN_POINT('Ctrl Pts',(9.03389612622232,-1.15366302324426,40.6659699615221));
#6812=CARTESIAN_POINT('Ctrl Pts',(9.03720427217619,-1.1540854720119,40.6659699615221));
#6813=CARTESIAN_POINT('Ctrl Pts',(9.04051206092314,-1.15450789630882,40.6659699615221));
#6814=CARTESIAN_POINT('Ctrl Pts',(8.98894379910316,-1.4173529470689,40.80232642591));
#6815=CARTESIAN_POINT('Ctrl Pts',(8.99223645250942,-1.41787212397259,40.80232642591));
#6816=CARTESIAN_POINT('Ctrl Pts',(8.99552910591569,-1.41839130087628,40.80232642591));
#6817=CARTESIAN_POINT('Ctrl Pts',(8.99882175932195,-1.41891047777997,40.80232642591));
#6818=CARTESIAN_POINT('',(9.08903137354987,0.446663957160394,40.3338875621557));
#6819=CARTESIAN_POINT('',(8.98894379910316,-1.4173529470689,40.80232642591));
#6820=CARTESIAN_POINT('Ctrl Pts',(8.80119644687806,2.31277778946899,40.8006658405066));
#6821=CARTESIAN_POINT('Ctrl Pts',(8.80442032836043,2.31362496082045,40.8006658405066));
#6822=CARTESIAN_POINT('Ctrl Pts',(8.8076442098428,2.3144721321719,40.8006658405066));
#6823=CARTESIAN_POINT('Ctrl Pts',(8.81086809132518,2.31531930352335,40.8006658405066));
#6824=CARTESIAN_POINT('Ctrl Pts',(8.86984139848679,2.05155178369104,40.6648078137706));
#6825=CARTESIAN_POINT('Ctrl Pts',(8.87309030744528,2.052303247948,40.6648078137706));
#6826=CARTESIAN_POINT('Ctrl Pts',(8.87633956798818,2.05305477194363,40.6648078137706));
#6827=CARTESIAN_POINT('Ctrl Pts',(8.87958847694667,2.05380623620059,40.6648078137706));
#6828=CARTESIAN_POINT('Ctrl Pts',(8.99673658306172,1.47132750777562,40.3663863929921));
#6829=CARTESIAN_POINT('Ctrl Pts',(9.00003208126626,1.47186645289015,40.3663863929921));
#6830=CARTESIAN_POINT('Ctrl Pts',(9.00332760857482,1.47240540607623,40.3663863929921));
#6831=CARTESIAN_POINT('Ctrl Pts',(9.00662310677937,1.47294435119076,40.3663863929921));
#6832=CARTESIAN_POINT('Ctrl Pts',(9.07123395133463,0.808818382852112,40.3453480703402));
#6833=CARTESIAN_POINT('Ctrl Pts',(9.0745569058845,0.809114682899815,40.3453480703402));
#6834=CARTESIAN_POINT('Ctrl Pts',(9.07787938574227,0.809410894214137,40.3453480703402));
#6835=CARTESIAN_POINT('Ctrl Pts',(9.08120234029214,0.80970719426184,40.3453480703402));
#6836=CARTESIAN_POINT('Ctrl Pts',(9.08903137354987,0.446663957160394,40.3338875621557));
#6837=CARTESIAN_POINT('Ctrl Pts',(9.09236068907132,0.446827570331515,40.3338875621557));
#6838=CARTESIAN_POINT('Ctrl Pts',(9.09569000459276,0.446991183502636,40.3338875621557));
#6839=CARTESIAN_POINT('Ctrl Pts',(9.09901932011421,0.447154796673757,40.3338875621557));
#6840=CARTESIAN_POINT('',(8.80119644687806,2.31277778946899,40.8006658405066));
#6841=CARTESIAN_POINT('Ctrl Pts',(8.59587852876367,2.98678293800199,42.0548179000616));
#6842=CARTESIAN_POINT('Ctrl Pts',(8.59902720221743,2.98787699768623,42.0548179000616));
#6843=CARTESIAN_POINT('Ctrl Pts',(8.60217587567119,2.98897105737049,42.0548179000616));
#6844=CARTESIAN_POINT('Ctrl Pts',(8.60532454912495,2.99006511705473,42.0548179000616));
#6845=CARTESIAN_POINT('Ctrl Pts',(8.6063130179589,2.95675276724845,41.8041405025382));
#6846=CARTESIAN_POINT('Ctrl Pts',(8.60946532818726,2.95783576368206,41.8041405025382));
#6847=CARTESIAN_POINT('Ctrl Pts',(8.61261819456347,2.95891894967995,41.8041405025382));
#6848=CARTESIAN_POINT('Ctrl Pts',(8.61577050479182,2.96000194611356,41.8041405025382));
#6849=CARTESIAN_POINT('Ctrl Pts',(8.62956511458165,2.89603520488036,41.2918618719967));
#6850=CARTESIAN_POINT('Ctrl Pts',(8.63272610515959,2.89709601515376,41.2918618719967));
#6851=CARTESIAN_POINT('Ctrl Pts',(8.63588716259116,2.89815685087607,41.2918618719967));
#6852=CARTESIAN_POINT('Ctrl Pts',(8.6390481531691,2.89921766114946,41.2918618719967));
#6853=CARTESIAN_POINT('Ctrl Pts',(8.74896131232853,2.5115568000133,40.9667090386076));
#6854=CARTESIAN_POINT('Ctrl Pts',(8.75216632279087,2.51247687573932,40.9667090386076));
#6855=CARTESIAN_POINT('Ctrl Pts',(8.75537054506655,2.51339667681477,40.9667090386076));
#6856=CARTESIAN_POINT('Ctrl Pts',(8.75857555552889,2.51431675254079,40.9667090386076));
#6857=CARTESIAN_POINT('Ctrl Pts',(8.80119644687806,2.31277778946899,40.8006658405066));
#6858=CARTESIAN_POINT('Ctrl Pts',(8.80442032836043,2.31362496082045,40.8006658405066));
#6859=CARTESIAN_POINT('Ctrl Pts',(8.8076442098428,2.3144721321719,40.8006658405066));
#6860=CARTESIAN_POINT('Ctrl Pts',(8.81086809132518,2.31531930352335,40.8006658405066));
#6861=CARTESIAN_POINT('',(8.59587852876367,2.98678293800199,42.0548179000616));
#6862=CARTESIAN_POINT('Ctrl Pts',(8.80119644687806,2.31277778946899,43.3089711517096));
#6863=CARTESIAN_POINT('Ctrl Pts',(8.80442032836043,2.31362496082045,43.3089711517096));
#6864=CARTESIAN_POINT('Ctrl Pts',(8.8076442098428,2.3144721321719,43.3089711517096));
#6865=CARTESIAN_POINT('Ctrl Pts',(8.81086809132518,2.31531930352335,43.3089711517096));
#6866=CARTESIAN_POINT('Ctrl Pts',(8.74896131180698,2.51155680199803,43.1429279471635));
#6867=CARTESIAN_POINT('Ctrl Pts',(8.75216632226943,2.51247687772487,43.1429279471635));
#6868=CARTESIAN_POINT('Ctrl Pts',(8.75537054454433,2.51339667880085,43.1429279471635));
#6869=CARTESIAN_POINT('Ctrl Pts',(8.75857555500677,2.5143167545277,43.1429279471635));
#6870=CARTESIAN_POINT('Ctrl Pts',(8.62956501138186,2.89603550621451,42.8177748486321));
#6871=CARTESIAN_POINT('Ctrl Pts',(8.63272600192415,2.89709631659906,42.8177748486321));
#6872=CARTESIAN_POINT('Ctrl Pts',(8.63588705931361,2.8981571524302,42.8177748486321));
#6873=CARTESIAN_POINT('Ctrl Pts',(8.63904804985591,2.89921796281475,42.8177748486321));
#6874=CARTESIAN_POINT('Ctrl Pts',(8.60631298927507,2.95675284979974,42.3054957364404));
#6875=CARTESIAN_POINT('Ctrl Pts',(8.60946529949234,2.95783584626339,42.3054957364404));
#6876=CARTESIAN_POINT('Ctrl Pts',(8.6126181658592,2.95891903229191,42.3054957364404));
#6877=CARTESIAN_POINT('Ctrl Pts',(8.61577047607647,2.96000202875556,42.3054957364404));
#6878=CARTESIAN_POINT('Ctrl Pts',(8.59587852876367,2.98678293800199,42.0548179000616));
#6879=CARTESIAN_POINT('Ctrl Pts',(8.59902720221743,2.98787699768623,42.0548179000616));
#6880=CARTESIAN_POINT('Ctrl Pts',(8.60217587567119,2.98897105737049,42.0548179000616));
#6881=CARTESIAN_POINT('Ctrl Pts',(8.60532454912495,2.99006511705473,42.0548179000616));
#6882=CARTESIAN_POINT('',(8.80119644687806,2.31277778946899,43.3089711517096));
#6883=CARTESIAN_POINT('Ctrl Pts',(9.08919382796794,0.443345866823539,43.7757482379675));
#6884=CARTESIAN_POINT('Ctrl Pts',(9.0925232029965,0.443508264576954,43.7757482379675));
#6885=CARTESIAN_POINT('Ctrl Pts',(9.09585257802506,0.443670662330369,43.7757482379675));
#6886=CARTESIAN_POINT('Ctrl Pts',(9.09918195305362,0.443833060083784,43.7757482379675));
#6887=CARTESIAN_POINT('Ctrl Pts',(9.07148765682246,0.806346479968983,43.7643611721656));
#6888=CARTESIAN_POINT('Ctrl Pts',(9.07481070477567,0.806641874641347,43.7643611721656));
#6889=CARTESIAN_POINT('Ctrl Pts',(9.078133276624,0.806937180329553,43.7643611721656));
#6890=CARTESIAN_POINT('Ctrl Pts',(9.08145632457721,0.807232575001916,43.7643611721656));
#6891=CARTESIAN_POINT('Ctrl Pts',(8.99701508097363,1.46997404351467,43.7434715029465));
#6892=CARTESIAN_POINT('Ctrl Pts',(9.00031068112093,1.47051249284226,43.7434715029465));
#6893=CARTESIAN_POINT('Ctrl Pts',(9.00360631058564,1.47105095027886,43.7434715029465));
#6894=CARTESIAN_POINT('Ctrl Pts',(9.00690191073294,1.47158939960644,43.7434715029465));
#6895=CARTESIAN_POINT('Ctrl Pts',(8.86991363684938,2.0512768830832,43.4448242539717));
#6896=CARTESIAN_POINT('Ctrl Pts',(8.87316257216878,2.05202824662861,43.4448242539717));
#6897=CARTESIAN_POINT('Ctrl Pts',(8.87641185937268,2.05277966995875,43.4448242539717));
#6898=CARTESIAN_POINT('Ctrl Pts',(8.87966079469207,2.05353103350417,43.4448242539717));
#6899=CARTESIAN_POINT('Ctrl Pts',(8.80119644687806,2.31277778946899,43.3089711517096));
#6900=CARTESIAN_POINT('Ctrl Pts',(8.80442032836043,2.31362496082045,43.3089711517096));
#6901=CARTESIAN_POINT('Ctrl Pts',(8.8076442098428,2.3144721321719,43.3089711517096));
#6902=CARTESIAN_POINT('Ctrl Pts',(8.81086809132518,2.31531930352335,43.3089711517096));
#6903=CARTESIAN_POINT('',(9.08919382796794,0.443345866823539,43.7757482379675));
#6904=CARTESIAN_POINT('Ctrl Pts',(8.98894379910316,-1.4173529470689,43.3056487888098));
#6905=CARTESIAN_POINT('Ctrl Pts',(8.99223645250942,-1.41787212397259,43.3056487888098));
#6906=CARTESIAN_POINT('Ctrl Pts',(8.99552910591569,-1.41839130087628,43.3056487888098));
#6907=CARTESIAN_POINT('Ctrl Pts',(8.99882175932195,-1.41891047777997,43.3056487888098));
#6908=CARTESIAN_POINT('Ctrl Pts',(9.03053846993585,-1.15355686209902,43.4424941266978));
#6909=CARTESIAN_POINT('Ctrl Pts',(9.03384623971633,-1.15397940219364,43.4424941266978));
#6910=CARTESIAN_POINT('Ctrl Pts',(9.03715436880366,-1.15440196690781,43.4424941266978));
#6911=CARTESIAN_POINT('Ctrl Pts',(9.04046213858413,-1.15482450700243,43.4424941266978));
#6912=CARTESIAN_POINT('Ctrl Pts',(9.09783339186114,-0.572477977315006,43.7419172546592));
#6913=CARTESIAN_POINT('Ctrl Pts',(9.10116592189704,-0.572687674510524,43.7419172546592));
#6914=CARTESIAN_POINT('Ctrl Pts',(9.10449848093718,-0.572897376797856,43.7419172546592));
#6915=CARTESIAN_POINT('Ctrl Pts',(9.10783101097308,-0.573107073993374,43.7419172546592));
#6916=CARTESIAN_POINT('Ctrl Pts',(9.10660018502257,0.086491850698729,43.7638431393247));
#6917=CARTESIAN_POINT('Ctrl Pts',(9.10993609627195,0.0865235190555784,43.7638431393247));
#6918=CARTESIAN_POINT('Ctrl Pts',(9.11327152672376,0.0865552283316585,43.7638431393247));
#6919=CARTESIAN_POINT('Ctrl Pts',(9.11660743797314,0.0865868966885078,43.7638431393247));
#6920=CARTESIAN_POINT('Ctrl Pts',(9.08919382796794,0.443345866823539,43.7757482379675));
#6921=CARTESIAN_POINT('Ctrl Pts',(9.0925232029965,0.443508264576954,43.7757482379675));
#6922=CARTESIAN_POINT('Ctrl Pts',(9.09585257802506,0.443670662330369,43.7757482379675));
#6923=CARTESIAN_POINT('Ctrl Pts',(9.09918195305362,0.443833060083784,43.7757482379675));
#6924=CARTESIAN_POINT('',(8.98894379910316,-1.4173529470689,43.3056487888098));
#6925=CARTESIAN_POINT('Ctrl Pts',(8.85349429588146,-2.10372021732797,42.0548179000616));
#6926=CARTESIAN_POINT('Ctrl Pts',(8.85673733408508,-2.10449081081417,42.0548179000616));
#6927=CARTESIAN_POINT('Ctrl Pts',(8.8599803722887,-2.10526140430037,42.0548179000616));
#6928=CARTESIAN_POINT('Ctrl Pts',(8.86322341049232,-2.10603199778657,42.0548179000616));
#6929=CARTESIAN_POINT('Ctrl Pts',(8.86083381168687,-2.07283190775976,42.3038257583402));
#6930=CARTESIAN_POINT('Ctrl Pts',(8.86407935145443,-2.07359114358517,42.3038257583402));
#6931=CARTESIAN_POINT('Ctrl Pts',(8.86732545193216,-2.07435050919562,42.3038257583402));
#6932=CARTESIAN_POINT('Ctrl Pts',(8.87057099169972,-2.07510974502103,42.3038257583402));
#6933=CARTESIAN_POINT('Ctrl Pts',(8.87779939238255,-2.01004530016178,42.8135600386574));
#6934=CARTESIAN_POINT('Ctrl Pts',(8.88105131074301,-2.01078157437488,42.8135600386574));
#6935=CARTESIAN_POINT('Ctrl Pts',(8.8843032975302,-2.01151786693787,42.8135600386574));
#6936=CARTESIAN_POINT('Ctrl Pts',(8.88755521589067,-2.01225414115097,42.8135600386574));
#6937=CARTESIAN_POINT('Ctrl Pts',(8.95715926899668,-1.61893248687152,43.1391243460181));
#6938=CARTESIAN_POINT('Ctrl Pts',(8.96044054589267,-1.61952556593299,43.1391243460181));
#6939=CARTESIAN_POINT('Ctrl Pts',(8.96372102426442,-1.62011845449891,43.1391243460181));
#6940=CARTESIAN_POINT('Ctrl Pts',(8.96700230116041,-1.62071153356039,43.1391243460181));
#6941=CARTESIAN_POINT('Ctrl Pts',(8.98894379910316,-1.4173529470689,43.3056487888098));
#6942=CARTESIAN_POINT('Ctrl Pts',(8.99223645250942,-1.41787212397259,43.3056487888098));
#6943=CARTESIAN_POINT('Ctrl Pts',(8.99552910591569,-1.41839130087628,43.3056487888098));
#6944=CARTESIAN_POINT('Ctrl Pts',(8.99882175932195,-1.41891047777997,43.3056487888098));
#6945=CARTESIAN_POINT('',(8.85349429588146,-2.10372021732797,42.0548179000616));
#6946=CARTESIAN_POINT('Ctrl Pts',(8.98894379910316,-1.4173529470689,40.80232642591));
#6947=CARTESIAN_POINT('Ctrl Pts',(8.99223645250942,-1.41787212397259,40.80232642591));
#6948=CARTESIAN_POINT('Ctrl Pts',(8.99552910591569,-1.41839130087628,40.80232642591));
#6949=CARTESIAN_POINT('Ctrl Pts',(8.99882175932195,-1.41891047777997,40.80232642591));
#6950=CARTESIAN_POINT('Ctrl Pts',(8.9571586080437,-1.61893667867794,40.9687161581594));
#6951=CARTESIAN_POINT('Ctrl Pts',(8.96043988530132,-1.61952975941499,40.9687161581594));
#6952=CARTESIAN_POINT('Ctrl Pts',(8.9637203622235,-1.62012264923614,40.9687161581594));
#6953=CARTESIAN_POINT('Ctrl Pts',(8.96700163948111,-1.62071572997319,40.9687161581594));
#6954=CARTESIAN_POINT('Ctrl Pts',(8.87766781083543,-2.01066306960481,41.2945218183813));
#6955=CARTESIAN_POINT('Ctrl Pts',(8.88091968110378,-2.01139957012635,41.2945218183813));
#6956=CARTESIAN_POINT('Ctrl Pts',(8.88417161948009,-2.01213608893999,41.2945218183813));
#6957=CARTESIAN_POINT('Ctrl Pts',(8.88742348974844,-2.01287258946152,41.2945218183813));
#6958=CARTESIAN_POINT('Ctrl Pts',(8.86079383652996,-2.07300014297505,41.8050283021875));
#6959=CARTESIAN_POINT('Ctrl Pts',(8.86403936049497,-2.07375944016485,41.8050283021875));
#6960=CARTESIAN_POINT('Ctrl Pts',(8.86728544864905,-2.07451886792039,41.8050283021875));
#6961=CARTESIAN_POINT('Ctrl Pts',(8.87053097261406,-2.07527816511019,41.8050283021875));
#6962=CARTESIAN_POINT('Ctrl Pts',(8.85349429588146,-2.10372021732797,42.0548179000616));
#6963=CARTESIAN_POINT('Ctrl Pts',(8.85673733408508,-2.10449081081417,42.0548179000616));
#6964=CARTESIAN_POINT('Ctrl Pts',(8.8599803722887,-2.10526140430037,42.0548179000616));
#6965=CARTESIAN_POINT('Ctrl Pts',(8.86322341049232,-2.10603199778657,42.0548179000616));
#6966=CARTESIAN_POINT('Ctrl Pts',(9.08845320673649,0.458277545774681,43.0813958495855));
#6967=CARTESIAN_POINT('Ctrl Pts',(9.09178231047522,0.458445413007566,43.0813958495855));
#6968=CARTESIAN_POINT('Ctrl Pts',(9.09511141421395,0.45861328024045,43.0813958495855));
#6969=CARTESIAN_POINT('Ctrl Pts',(9.09844051795268,0.458781147473335,43.0813958495855));
#6970=CARTESIAN_POINT('Ctrl Pts',(9.10515418875652,0.127067572702463,43.0788327358147));
#6971=CARTESIAN_POINT('Ctrl Pts',(9.10848947235173,0.127114112938751,43.0788327358147));
#6972=CARTESIAN_POINT('Ctrl Pts',(9.111824569105,0.127160667161452,43.0788327358147));
#6973=CARTESIAN_POINT('Ctrl Pts',(9.11515985270021,0.12720720739774,43.0788327358147));
#6974=CARTESIAN_POINT('Ctrl Pts',(9.10191778539916,-0.450404135006051,43.0743758219289));
#6975=CARTESIAN_POINT('Ctrl Pts',(9.10525181647639,-0.450569117684072,43.0743758219289));
#6976=CARTESIAN_POINT('Ctrl Pts',(9.10858586177842,-0.450734101926939,43.0743758219289));
#6977=CARTESIAN_POINT('Ctrl Pts',(9.11191989285564,-0.450899084604959,43.0743758219289));
#6978=CARTESIAN_POINT('Ctrl Pts',(9.04828861465971,-0.996355551444695,42.8994820282043));
#6979=CARTESIAN_POINT('Ctrl Pts',(9.05160296736091,-0.996720514368315,42.8994820282043));
#6980=CARTESIAN_POINT('Ctrl Pts',(9.05491743626033,-0.997085484731454,42.8994820282043));
#6981=CARTESIAN_POINT('Ctrl Pts',(9.05823178896153,-0.997450447655074,42.8994820282043));
#6982=CARTESIAN_POINT('Ctrl Pts',(9.01687918690529,-1.22714698742821,42.8251674026251));
#6983=CARTESIAN_POINT('Ctrl Pts',(9.02018207305434,-1.22759649181921,42.8251674026251));
#6984=CARTESIAN_POINT('Ctrl Pts',(9.02348495920339,-1.22804599621021,42.8251674026251));
#6985=CARTESIAN_POINT('Ctrl Pts',(9.02678784535244,-1.22849550060121,42.8251674026251));
#6986=CARTESIAN_POINT('',(9.08845320673649,0.458277545774681,43.0813958495855));
#6987=CARTESIAN_POINT('',(9.01687918690529,-1.22714698742821,42.8251674026251));
#6988=CARTESIAN_POINT('Ctrl Pts',(9.08845320673649,0.458277545774681,43.0813958495855));
#6989=CARTESIAN_POINT('Ctrl Pts',(9.10515418875652,0.127067572702463,43.0788327358147));
#6990=CARTESIAN_POINT('Ctrl Pts',(9.10191778539916,-0.450404135006051,43.0743758219289));
#6991=CARTESIAN_POINT('Ctrl Pts',(9.04828861465971,-0.996355551444695,42.8994820282043));
#6992=CARTESIAN_POINT('Ctrl Pts',(9.01687918690529,-1.22714698742821,42.8251674026251));
#6993=CARTESIAN_POINT('',(9.08845320673649,0.458277545774681,43.0813958495855));
#6994=CARTESIAN_POINT('',(9.01687918690529,-1.22714698742821,42.8251674026251));
#6995=CARTESIAN_POINT('Ctrl Pts',(8.85272585548267,2.10695157221723,42.8135135024786));
#6996=CARTESIAN_POINT('Ctrl Pts',(8.85596861220629,2.10772334934991,42.8135135024786));
#6997=CARTESIAN_POINT('Ctrl Pts',(8.85921136892991,2.10849512648259,42.8135135024786));
#6998=CARTESIAN_POINT('Ctrl Pts',(8.86245412565353,2.10926690361527,42.8135135024786));
#6999=CARTESIAN_POINT('Ctrl Pts',(8.90715915792169,1.87824052339417,42.8913130965837));
#7000=CARTESIAN_POINT('Ctrl Pts',(8.91042181284195,1.87892851703653,42.8913130965837));
#7001=CARTESIAN_POINT('Ctrl Pts',(8.91368458998815,1.87961653032696,42.8913130965837));
#7002=CARTESIAN_POINT('Ctrl Pts',(8.91694724490841,1.88030452396932,42.8913130965837));
#7003=CARTESIAN_POINT('Ctrl Pts',(9.0124781272116,1.34785418194262,43.0701156625615));
#7004=CARTESIAN_POINT('Ctrl Pts',(9.01577939674467,1.3483479004289,43.0701156625615));
#7005=CARTESIAN_POINT('Ctrl Pts',(9.01908067979636,1.34884162189803,43.0701156625615));
#7006=CARTESIAN_POINT('Ctrl Pts',(9.02238194932942,1.34933534038431,43.0701156625615));
#7007=CARTESIAN_POINT('Ctrl Pts',(9.0722312069954,0.7799884542098,43.0773239773079));
#7008=CARTESIAN_POINT('Ctrl Pts',(9.07555443035153,0.780274174962452,43.0773239773079));
#7009=CARTESIAN_POINT('Ctrl Pts',(9.07887746848211,0.780559863626608,43.0773239773079));
#7010=CARTESIAN_POINT('Ctrl Pts',(9.08220069183825,0.780845584379261,43.0773239773079));
#7011=CARTESIAN_POINT('Ctrl Pts',(9.08845320673649,0.458277545774681,43.0813958495855));
#7012=CARTESIAN_POINT('Ctrl Pts',(9.09178231047522,0.458445413007566,43.0813958495855));
#7013=CARTESIAN_POINT('Ctrl Pts',(9.09511141421395,0.45861328024045,43.0813958495855));
#7014=CARTESIAN_POINT('Ctrl Pts',(9.09844051795268,0.458781147473335,43.0813958495855));
#7015=CARTESIAN_POINT('',(8.85272585548267,2.10695157221723,42.8135135024786));
#7016=CARTESIAN_POINT('Ctrl Pts',(8.85272585548267,2.10695157221723,42.8135135024786));
#7017=CARTESIAN_POINT('Ctrl Pts',(8.90715915792169,1.87824052339417,42.8913130965837));
#7018=CARTESIAN_POINT('Ctrl Pts',(9.0124781272116,1.34785418194262,43.0701156625615));
#7019=CARTESIAN_POINT('Ctrl Pts',(9.0722312069954,0.7799884542098,43.0773239773079));
#7020=CARTESIAN_POINT('Ctrl Pts',(9.08845320673649,0.458277545774681,43.0813958495855));
#7021=CARTESIAN_POINT('',(8.85272585548267,2.10695157221723,42.8135135024786));
#7022=CARTESIAN_POINT('Ctrl Pts',(8.69819311075643,2.67421700839504,42.0564796775579));
#7023=CARTESIAN_POINT('Ctrl Pts',(8.70137926207906,2.67519657506478,42.0564796775579));
#7024=CARTESIAN_POINT('Ctrl Pts',(8.70456541340168,2.67617614173452,42.0564796775579));
#7025=CARTESIAN_POINT('Ctrl Pts',(8.7077515647243,2.67715570840426,42.0564796775579));
#7026=CARTESIAN_POINT('Ctrl Pts',(8.70762670212902,2.64353318609151,42.213480433038));
#7027=CARTESIAN_POINT('Ctrl Pts',(8.7108162085288,2.64450148275129,42.213480433038));
#7028=CARTESIAN_POINT('Ctrl Pts',(8.71400601628102,2.64546987095491,42.213480433038));
#7029=CARTESIAN_POINT('Ctrl Pts',(8.71719552268081,2.64643816761469,42.213480433038));
#7030=CARTESIAN_POINT('Ctrl Pts',(8.72926834979571,2.57650639772537,42.5578880454574));
#7031=CARTESIAN_POINT('Ctrl Pts',(8.73246586635652,2.57745016727843,42.5578880454574));
#7032=CARTESIAN_POINT('Ctrl Pts',(8.73566343581708,2.5783939538841,42.5578880454574));
#7033=CARTESIAN_POINT('Ctrl Pts',(8.7388609523779,2.57933772343716,42.5578880454574));
#7034=CARTESIAN_POINT('Ctrl Pts',(8.81311221530909,2.2733952158295,42.7234332842555));
#7035=CARTESIAN_POINT('Ctrl Pts',(8.81634062941258,2.27422801313329,42.7234332842555));
#7036=CARTESIAN_POINT('Ctrl Pts',(8.81956853990373,2.27506065502662,42.7234332842555));
#7037=CARTESIAN_POINT('Ctrl Pts',(8.82279695400723,2.27589345233041,42.7234332842555));
#7038=CARTESIAN_POINT('Ctrl Pts',(8.85272585548267,2.10695157221723,42.8135135024786));
#7039=CARTESIAN_POINT('Ctrl Pts',(8.85596861220629,2.10772334934991,42.8135135024786));
#7040=CARTESIAN_POINT('Ctrl Pts',(8.85921136892991,2.10849512648259,42.8135135024786));
#7041=CARTESIAN_POINT('Ctrl Pts',(8.86245412565353,2.10926690361527,42.8135135024786));
#7042=CARTESIAN_POINT('',(8.69819311075643,2.67421700839504,42.0564796775579));
#7043=CARTESIAN_POINT('Ctrl Pts',(8.69819311075643,2.67421700839504,42.0564796775579));
#7044=CARTESIAN_POINT('Ctrl Pts',(8.70762670212902,2.64353318609151,42.213480433038));
#7045=CARTESIAN_POINT('Ctrl Pts',(8.72926834979571,2.57650639772537,42.5578880454574));
#7046=CARTESIAN_POINT('Ctrl Pts',(8.81311221530909,2.2733952158295,42.7234332842555));
#7047=CARTESIAN_POINT('Ctrl Pts',(8.85272585548267,2.10695157221723,42.8135135024786));
#7048=CARTESIAN_POINT('',(8.69819311075643,2.67421700839504,42.0564796775579));
#7049=CARTESIAN_POINT('Ctrl Pts',(8.85272585548267,2.10695157221723,41.2961234897375));
#7050=CARTESIAN_POINT('Ctrl Pts',(8.85596861220629,2.10772334934991,41.2961234897375));
#7051=CARTESIAN_POINT('Ctrl Pts',(8.85921136892991,2.10849512648259,41.2961234897375));
#7052=CARTESIAN_POINT('Ctrl Pts',(8.86245412565353,2.10926690361527,41.2961234897375));
#7053=CARTESIAN_POINT('Ctrl Pts',(8.81310746527653,2.2734151739228,41.3865199449326));
#7054=CARTESIAN_POINT('Ctrl Pts',(8.81633587816778,2.27424797869959,41.3865199449326));
#7055=CARTESIAN_POINT('Ctrl Pts',(8.81956378586361,2.27508062757889,41.3865199449326));
#7056=CARTESIAN_POINT('Ctrl Pts',(8.82279219875486,2.27591343235568,41.3865199449326));
#7057=CARTESIAN_POINT('Ctrl Pts',(8.72908453419302,2.57714877555621,41.5529685434271));
#7058=CARTESIAN_POINT('Ctrl Pts',(8.73228198344144,2.57809278041312,41.5529685434271));
#7059=CARTESIAN_POINT('Ctrl Pts',(8.73547948553164,2.57903680232079,41.5529685434271));
#7060=CARTESIAN_POINT('Ctrl Pts',(8.73867693478005,2.5799808071777,41.5529685434271));
#7061=CARTESIAN_POINT('Ctrl Pts',(8.70758008908015,2.64368480030204,41.8985704660542));
#7062=CARTESIAN_POINT('Ctrl Pts',(8.71076957757291,2.64465315225103,41.8985704660542));
#7063=CARTESIAN_POINT('Ctrl Pts',(8.71395936991605,2.64562159648525,41.8985704660542));
#7064=CARTESIAN_POINT('Ctrl Pts',(8.71714885840881,2.64658994843424,41.8985704660542));
#7065=CARTESIAN_POINT('Ctrl Pts',(8.69819311075643,2.67421700839504,42.0564796775579));
#7066=CARTESIAN_POINT('Ctrl Pts',(8.70137926207906,2.67519657506478,42.0564796775579));
#7067=CARTESIAN_POINT('Ctrl Pts',(8.70456541340168,2.67617614173452,42.0564796775579));
#7068=CARTESIAN_POINT('Ctrl Pts',(8.7077515647243,2.67715570840426,42.0564796775579));
#7069=CARTESIAN_POINT('',(8.85272585548267,2.10695157221723,41.2961234897375));
#7070=CARTESIAN_POINT('Ctrl Pts',(8.85272585548267,2.10695157221723,41.2961234897375));
#7071=CARTESIAN_POINT('Ctrl Pts',(8.81310746527653,2.2734151739228,41.3865199449326));
#7072=CARTESIAN_POINT('Ctrl Pts',(8.72908453419302,2.57714877555621,41.5529685434271));
#7073=CARTESIAN_POINT('Ctrl Pts',(8.70758008908015,2.64368480030204,41.8985704660542));
#7074=CARTESIAN_POINT('Ctrl Pts',(8.69819311075643,2.67421700839504,42.0564796775579));
#7075=CARTESIAN_POINT('',(8.85272585548267,2.10695157221723,41.2961234897375));
#7076=CARTESIAN_POINT('Ctrl Pts',(9.08845320673649,0.458277545774681,41.0282399505377));
#7077=CARTESIAN_POINT('Ctrl Pts',(9.09178231047522,0.458445413007566,41.0282399505377));
#7078=CARTESIAN_POINT('Ctrl Pts',(9.09511141421395,0.45861328024045,41.0282399505377));
#7079=CARTESIAN_POINT('Ctrl Pts',(9.09844051795268,0.458781147473335,41.0282399505377));
#7080=CARTESIAN_POINT('Ctrl Pts',(9.07223120510576,0.779988491684694,41.0323116913698));
#7081=CARTESIAN_POINT('Ctrl Pts',(9.07555442846191,0.780274212451199,41.0323116913698));
#7082=CARTESIAN_POINT('Ctrl Pts',(9.07887746659038,0.780559901128831,41.0323116913698));
#7083=CARTESIAN_POINT('Ctrl Pts',(9.08220068994653,0.780845621895336,41.0323116913698));
#7084=CARTESIAN_POINT('Ctrl Pts',(9.01247809628878,1.34785439277685,41.0395197747982));
#7085=CARTESIAN_POINT('Ctrl Pts',(9.01577936580979,1.3483481113402,41.0395197747982));
#7086=CARTESIAN_POINT('Ctrl Pts',(9.01908064885161,1.34884183288688,41.0395197747982));
#7087=CARTESIAN_POINT('Ctrl Pts',(9.02238191837262,1.34933555145023,41.0395197747982));
#7088=CARTESIAN_POINT('Ctrl Pts',(8.90715915238343,1.87824054666412,41.2183234107759));
#7089=CARTESIAN_POINT('Ctrl Pts',(8.91042180730116,1.87892854031492,41.2183234107759));
#7090=CARTESIAN_POINT('Ctrl Pts',(8.91368458444634,1.87961655361404,41.2183234107759));
#7091=CARTESIAN_POINT('Ctrl Pts',(8.91694723936407,1.88030454726485,41.2183234107759));
#7092=CARTESIAN_POINT('Ctrl Pts',(8.85272585548267,2.10695157221723,41.2961234897375));
#7093=CARTESIAN_POINT('Ctrl Pts',(8.85596861220629,2.10772334934991,41.2961234897375));
#7094=CARTESIAN_POINT('Ctrl Pts',(8.85921136892991,2.10849512648259,41.2961234897375));
#7095=CARTESIAN_POINT('Ctrl Pts',(8.86245412565353,2.10926690361527,41.2961234897375));
#7096=CARTESIAN_POINT('',(9.08845320673649,0.458277545774681,41.0282399505377));
#7097=CARTESIAN_POINT('Ctrl Pts',(9.08845320673649,0.458277545774681,41.0282399505377));
#7098=CARTESIAN_POINT('Ctrl Pts',(9.07223120510576,0.779988491684694,41.0323116913698));
#7099=CARTESIAN_POINT('Ctrl Pts',(9.01247809628878,1.34785439277685,41.0395197747982));
#7100=CARTESIAN_POINT('Ctrl Pts',(8.90715915238343,1.87824054666412,41.2183234107759));
#7101=CARTESIAN_POINT('Ctrl Pts',(8.85272585548267,2.10695157221723,41.2961234897375));
#7102=CARTESIAN_POINT('',(9.08845320673649,0.458277545774681,41.0282399505377));
#7103=CARTESIAN_POINT('Ctrl Pts',(9.01687918690529,-1.22714698742821,41.284469589591));
#7104=CARTESIAN_POINT('Ctrl Pts',(9.02018207305434,-1.22759649181921,41.284469589591));
#7105=CARTESIAN_POINT('Ctrl Pts',(9.02348495920339,-1.22804599621021,41.284469589591));
#7106=CARTESIAN_POINT('Ctrl Pts',(9.02678784535244,-1.22849550060121,41.284469589591));
#7107=CARTESIAN_POINT('Ctrl Pts',(9.04828861161044,-0.996355573850247,41.2101544811289));
#7108=CARTESIAN_POINT('Ctrl Pts',(9.05160296431002,-0.996720536782042,41.2101544811289));
#7109=CARTESIAN_POINT('Ctrl Pts',(9.05491743320933,-0.997085507153452,41.2101544811289));
#7110=CARTESIAN_POINT('Ctrl Pts',(9.05823178590891,-0.997450470085247,41.2101544811289));
#7111=CARTESIAN_POINT('Ctrl Pts',(9.10191777554645,-0.450404346522244,41.035259594254));
#7112=CARTESIAN_POINT('Ctrl Pts',(9.10525180661921,-0.450569329277648,41.035259594254));
#7113=CARTESIAN_POINT('Ctrl Pts',(9.10858585191933,-0.450734313598183,41.035259594254));
#7114=CARTESIAN_POINT('Ctrl Pts',(9.1119198829921,-0.450899296353587,41.035259594254));
#7115=CARTESIAN_POINT('Ctrl Pts',(9.10515419070624,0.127067534036054,41.0308029238289));
#7116=CARTESIAN_POINT('Ctrl Pts',(9.10848947430291,0.12711407425812,41.0308029238289));
#7117=CARTESIAN_POINT('Ctrl Pts',(9.11182457105541,0.127160628466775,41.0308029238289));
#7118=CARTESIAN_POINT('Ctrl Pts',(9.11515985465207,0.127207168688841,41.0308029238289));
#7119=CARTESIAN_POINT('Ctrl Pts',(9.08845320673649,0.458277545774681,41.0282399505377));
#7120=CARTESIAN_POINT('Ctrl Pts',(9.09178231047522,0.458445413007566,41.0282399505377));
#7121=CARTESIAN_POINT('Ctrl Pts',(9.09511141421395,0.45861328024045,41.0282399505377));
#7122=CARTESIAN_POINT('Ctrl Pts',(9.09844051795268,0.458781147473335,41.0282399505377));
#7123=CARTESIAN_POINT('',(9.01687918690529,-1.22714698742821,41.284469589591));
#7124=CARTESIAN_POINT('Ctrl Pts',(9.01687918690529,-1.22714698742821,41.284469589591));
#7125=CARTESIAN_POINT('Ctrl Pts',(9.04828861161044,-0.996355573850247,41.2101544811289));
#7126=CARTESIAN_POINT('Ctrl Pts',(9.10191777554645,-0.450404346522244,41.035259594254));
#7127=CARTESIAN_POINT('Ctrl Pts',(9.10515419070624,0.127067534036054,41.0308029238289));
#7128=CARTESIAN_POINT('Ctrl Pts',(9.08845320673649,0.458277545774681,41.0282399505377));
#7129=CARTESIAN_POINT('',(9.01687918690529,-1.22714698742821,41.284469589591));
#7130=CARTESIAN_POINT('Ctrl Pts',(8.92373088795682,-1.78242167831445,42.0564796775579));
#7131=CARTESIAN_POINT('Ctrl Pts',(8.92699965384985,-1.78307458002812,42.0564796775579));
#7132=CARTESIAN_POINT('Ctrl Pts',(8.93026841974287,-1.78372748174179,42.0564796775579));
#7133=CARTESIAN_POINT('Ctrl Pts',(8.9335371856359,-1.78438038345546,42.0564796775579));
#7134=CARTESIAN_POINT('Ctrl Pts',(8.92930563622705,-1.7545115861422,41.8932296960867));
#7135=CARTESIAN_POINT('Ctrl Pts',(8.93257633782092,-1.75515424357316,41.8932296960867));
#7136=CARTESIAN_POINT('Ctrl Pts',(8.93584735840925,-1.75579696342129,41.8932296960867));
#7137=CARTESIAN_POINT('Ctrl Pts',(8.93911806000312,-1.75643962085225,41.8932296960867));
#7138=CARTESIAN_POINT('Ctrl Pts',(8.94220360670816,-1.69545712554089,41.5466172972448));
#7139=CARTESIAN_POINT('Ctrl Pts',(8.94547912307507,-1.69607816860352,41.5466172972448));
#7140=CARTESIAN_POINT('Ctrl Pts',(8.94875468771127,-1.69669922217667,41.5466172972448));
#7141=CARTESIAN_POINT('Ctrl Pts',(8.95203020407818,-1.69732026523929,41.5466172972448));
#7142=CARTESIAN_POINT('Ctrl Pts',(8.99475324947504,-1.3897248259019,41.3751683094417));
#7143=CARTESIAN_POINT('Ctrl Pts',(8.99804819600079,-1.39023391575463,41.3751683094417));
#7144=CARTESIAN_POINT('Ctrl Pts',(9.00134264717949,-1.39074290618753,41.3751683094417));
#7145=CARTESIAN_POINT('Ctrl Pts',(9.00463759370524,-1.39125199604026,41.3751683094417));
#7146=CARTESIAN_POINT('Ctrl Pts',(9.01687918690529,-1.22714698742821,41.284469589591));
#7147=CARTESIAN_POINT('Ctrl Pts',(9.02018207305434,-1.22759649181921,41.284469589591));
#7148=CARTESIAN_POINT('Ctrl Pts',(9.02348495920339,-1.22804599621021,41.284469589591));
#7149=CARTESIAN_POINT('Ctrl Pts',(9.02678784535244,-1.22849550060121,41.284469589591));
#7150=CARTESIAN_POINT('',(8.92373088795682,-1.78242167831445,42.0564796775579));
#7151=CARTESIAN_POINT('Ctrl Pts',(8.92373088795682,-1.78242167831445,42.0564796775579));
#7152=CARTESIAN_POINT('Ctrl Pts',(8.92930563622705,-1.7545115861422,41.8932296960867));
#7153=CARTESIAN_POINT('Ctrl Pts',(8.94220360670816,-1.69545712554089,41.5466172972448));
#7154=CARTESIAN_POINT('Ctrl Pts',(8.99475324947504,-1.3897248259019,41.3751683094417));
#7155=CARTESIAN_POINT('Ctrl Pts',(9.01687918690529,-1.22714698742821,41.284469589591));
#7156=CARTESIAN_POINT('',(8.92373088795682,-1.78242167831445,42.0564796775579));
#7157=CARTESIAN_POINT('Ctrl Pts',(9.01687918690529,-1.22714698742821,42.8251674026251));
#7158=CARTESIAN_POINT('Ctrl Pts',(9.02018207305434,-1.22759649181921,42.8251674026251));
#7159=CARTESIAN_POINT('Ctrl Pts',(9.02348495920339,-1.22804599621021,42.8251674026251));
#7160=CARTESIAN_POINT('Ctrl Pts',(9.02678784535244,-1.22849550060121,42.8251674026251));
#7161=CARTESIAN_POINT('Ctrl Pts',(8.99475492391759,-1.38971252236674,42.7347856862516));
#7162=CARTESIAN_POINT('Ctrl Pts',(8.99804987056814,-1.39022160761596,42.7347856862516));
#7163=CARTESIAN_POINT('Ctrl Pts',(9.00134432333727,-1.39073059373551,42.7347856862516));
#7164=CARTESIAN_POINT('Ctrl Pts',(9.00463926998783,-1.39123967898473,42.7347856862516));
#7165=CARTESIAN_POINT('Ctrl Pts',(8.94231607239129,-1.6948332264621,42.5642653808617));
#7166=CARTESIAN_POINT('Ctrl Pts',(8.94559162990256,-1.69545404098419,42.5642653808617));
#7167=CARTESIAN_POINT('Ctrl Pts',(8.9488672358387,-1.69607486603502,42.5642653808617));
#7168=CARTESIAN_POINT('Ctrl Pts',(8.95214279334997,-1.69669568055712,42.5642653808617));
#7169=CARTESIAN_POINT('Ctrl Pts',(8.92933710342572,-1.75435404496316,42.2188247237286));
#7170=CARTESIAN_POINT('Ctrl Pts',(8.93260781739147,-1.75499664484705,42.2188247237286));
#7171=CARTESIAN_POINT('Ctrl Pts',(8.93587884781538,-1.75563930666714,42.2188247237286));
#7172=CARTESIAN_POINT('Ctrl Pts',(8.93914956178113,-1.75628190655103,42.2188247237286));
#7173=CARTESIAN_POINT('Ctrl Pts',(8.92373088795682,-1.78242167831445,42.0564796775579));
#7174=CARTESIAN_POINT('Ctrl Pts',(8.92699965384985,-1.78307458002812,42.0564796775579));
#7175=CARTESIAN_POINT('Ctrl Pts',(8.93026841974287,-1.78372748174179,42.0564796775579));
#7176=CARTESIAN_POINT('Ctrl Pts',(8.9335371856359,-1.78438038345546,42.0564796775579));
#7177=CARTESIAN_POINT('Ctrl Pts',(9.01687918690529,-1.22714698742821,42.8251674026251));
#7178=CARTESIAN_POINT('Ctrl Pts',(8.99475492391759,-1.38971252236674,42.7347856862516));
#7179=CARTESIAN_POINT('Ctrl Pts',(8.94231607239129,-1.6948332264621,42.5642653808617));
#7180=CARTESIAN_POINT('Ctrl Pts',(8.92933710342572,-1.75435404496316,42.2188247237286));
#7181=CARTESIAN_POINT('Ctrl Pts',(8.92373088795682,-1.78242167831445,42.0564796775579));
#7182=CARTESIAN_POINT('Origin',(0.,0.,0.));
#7183=CARTESIAN_POINT('Origin',(0.,0.,0.));
#7184=CARTESIAN_POINT('',(8.74311918974721,2.55929029886686,6.79142616689205));
#7185=CARTESIAN_POINT('',(8.87687174457584,-2.04774217868145,8.50996635854244));
#7186=CARTESIAN_POINT('Ctrl Pts',(8.74311918974721,2.55929029886686,6.79142616689205));
#7187=CARTESIAN_POINT('Ctrl Pts',(9.17946274421026,1.06864122867835,7.36427289744218));
#7188=CARTESIAN_POINT('Ctrl Pts',(9.225999430976,-0.534289104891526,7.93711962799231));
#7189=CARTESIAN_POINT('Ctrl Pts',(8.87687174457584,-2.04774217868145,8.50996635854244));
#7190=CARTESIAN_POINT('',(8.74311918974721,2.55929029886686,6.50332115590572));
#7191=CARTESIAN_POINT('',(8.74311918974721,2.55929029886686,6.50332115590572));
#7192=CARTESIAN_POINT('',(8.6459767299653,2.87039829725746,6.50332115590572));
#7193=CARTESIAN_POINT('Origin',(0.,0.,6.50332115590572));
#7194=CARTESIAN_POINT('',(8.6459767299653,2.87039829725746,7.67608307301998));
#7195=CARTESIAN_POINT('',(8.6459767299653,2.87039829725746,7.67608307301998));
#7196=CARTESIAN_POINT('',(8.74311918974721,2.55929029886686,7.67608307301998));
#7197=CARTESIAN_POINT('Origin',(0.,0.,7.67608307301998));
#7198=CARTESIAN_POINT('',(8.74311918974722,2.55929029886686,7.18438766896725));
#7199=CARTESIAN_POINT('',(8.74311918974721,2.55929029886686,7.18438766896725));
#7200=CARTESIAN_POINT('',(9.0561386892615,-0.989167347247641,8.50664757192135));
#7201=CARTESIAN_POINT('Ctrl Pts',(9.0561386892615,-0.98916734724764,8.50664757192135));
#7202=CARTESIAN_POINT('Ctrl Pts',(9.18590423629466,0.19887711690707,8.06589427093665));
#7203=CARTESIAN_POINT('Ctrl Pts',(9.07886390126969,1.41230981311736,7.62514096995195));
#7204=CARTESIAN_POINT('Ctrl Pts',(8.74311918974722,2.55929029886686,7.18438766896725));
#7205=CARTESIAN_POINT('',(8.74311918974721,2.55929029886686,9.88205574452877));
#7206=CARTESIAN_POINT('Ctrl Pts',(8.74311918974721,2.55929029886686,9.88205574452877));
#7207=CARTESIAN_POINT('Ctrl Pts',(9.07886390126969,1.41230981311736,9.42358635365963));
#7208=CARTESIAN_POINT('Ctrl Pts',(9.18590423629466,0.19887711690707,8.96511696279049));
#7209=CARTESIAN_POINT('Ctrl Pts',(9.0561386892615,-0.989167347247641,8.50664757192135));
#7210=CARTESIAN_POINT('',(8.74311918974721,2.55929029886686,9.39036034047604));
#7211=CARTESIAN_POINT('',(8.74311918974721,2.55929029886686,9.39036034047604));
#7212=CARTESIAN_POINT('',(8.6459767299653,2.87039829725746,9.39036034047604));
#7213=CARTESIAN_POINT('Origin',(0.,0.,9.39036034047604));
#7214=CARTESIAN_POINT('',(8.6459767299653,2.87039829725746,10.9119572490454));
#7215=CARTESIAN_POINT('',(8.6459767299653,2.87039829725746,10.9119572490454));
#7216=CARTESIAN_POINT('',(8.74311918974721,2.55929029886686,10.9119572490454));
#7217=CARTESIAN_POINT('Origin',(0.,0.,10.9119572490454));
#7218=CARTESIAN_POINT('',(8.74311918974721,2.55929029886686,10.6265606731176));
#7219=CARTESIAN_POINT('',(8.74311918974721,2.55929029886686,10.6265606731176));
#7220=CARTESIAN_POINT('',(8.87687174457584,-2.04774217868145,8.83555077016354));
#7221=CARTESIAN_POINT('Ctrl Pts',(8.87687174457584,-2.04774217868145,8.83555077016354));
#7222=CARTESIAN_POINT('Ctrl Pts',(9.225999430976,-0.534289104891526,9.43255407114824));
#7223=CARTESIAN_POINT('Ctrl Pts',(9.17946274421026,1.06864122867835,10.0295573721329));
#7224=CARTESIAN_POINT('Ctrl Pts',(8.74311918974721,2.55929029886686,10.6265606731176));
#7225=CARTESIAN_POINT('',(8.87687174457584,-2.04774217868145,8.50996635854244));
#7226=CARTESIAN_POINT('Ctrl Pts',(8.73352191291983,2.5564809791096,6.79142616689205));
#7227=CARTESIAN_POINT('Ctrl Pts',(8.73672100519562,2.55741741902868,6.79142616689205));
#7228=CARTESIAN_POINT('Ctrl Pts',(8.73992009747142,2.55835385894777,6.79142616689205));
#7229=CARTESIAN_POINT('Ctrl Pts',(8.74311918974721,2.55929029886686,6.79142616689205));
#7230=CARTESIAN_POINT('Ctrl Pts',(9.16938649531431,1.06746818671493,7.36427289744218));
#7231=CARTESIAN_POINT('Ctrl Pts',(9.17274592065246,1.06785924767455,7.36427289744218));
#7232=CARTESIAN_POINT('Ctrl Pts',(9.1761033188721,1.06825016771873,7.36427289744218));
#7233=CARTESIAN_POINT('Ctrl Pts',(9.17946274421026,1.06864122867835,7.36427289744218));
#7234=CARTESIAN_POINT('Ctrl Pts',(9.21587209899908,-0.533702618497573,7.93711962799231));
#7235=CARTESIAN_POINT('Ctrl Pts',(9.21924855361788,-0.533898121653408,7.93711962799231));
#7236=CARTESIAN_POINT('Ctrl Pts',(9.2226229763572,-0.53409360173569,7.93711962799231));
#7237=CARTESIAN_POINT('Ctrl Pts',(9.225999430976,-0.534289104891526,7.93711962799231));
#7238=CARTESIAN_POINT('Ctrl Pts',(8.86712764825907,-2.04549438265656,8.50996635854244));
#7239=CARTESIAN_POINT('Ctrl Pts',(8.87037568036466,-2.04624364799819,8.50996635854244));
#7240=CARTESIAN_POINT('Ctrl Pts',(8.87362371247025,-2.04699291333982,8.50996635854244));
#7241=CARTESIAN_POINT('Ctrl Pts',(8.87687174457584,-2.04774217868145,8.50996635854244));
#7242=CARTESIAN_POINT('',(8.73352191291983,2.5564809791096,6.79142616689205));
#7243=CARTESIAN_POINT('',(8.86712764825907,-2.04549438265656,8.50996635854244));
#7244=CARTESIAN_POINT('Origin',(8.73352191291983,2.5564809791096,6.64737366139889));
#7245=CARTESIAN_POINT('',(8.73352191291983,2.5564809791096,6.50332115590572));
#7246=CARTESIAN_POINT('Origin',(8.68639386763979,2.71229820931068,6.50332115590572));
#7247=CARTESIAN_POINT('',(8.63648608591484,2.86724747585542,6.50332115590572));
#7248=CARTESIAN_POINT('Origin',(8.63648608591484,2.86724747585542,7.08970211446285));
#7249=CARTESIAN_POINT('',(8.63648608591484,2.86724747585542,7.67608307301998));
#7250=CARTESIAN_POINT('Origin',(8.68639386763978,2.71229820931068,7.67608307301998));
#7251=CARTESIAN_POINT('',(8.73352191291983,2.5564809791096,7.67608307301998));
#7252=CARTESIAN_POINT('Origin',(8.73352191291983,2.5564809791096,7.43023537099361));
#7253=CARTESIAN_POINT('',(8.73352191291983,2.5564809791096,7.18438766896725));
#7254=CARTESIAN_POINT('Ctrl Pts',(9.04619781254442,-0.988081543353845,8.50664757192135));
#7255=CARTESIAN_POINT('Ctrl Pts',(9.04951143811678,-0.98844347798511,8.50664757192135));
#7256=CARTESIAN_POINT('Ctrl Pts',(9.05282506368914,-0.988805412616375,8.50664757192135));
#7257=CARTESIAN_POINT('Ctrl Pts',(9.0561386892615,-0.98916734724764,8.50664757192135));
#7258=CARTESIAN_POINT('Ctrl Pts',(9.17582091660608,0.198658810521881,8.06589427093665));
#7259=CARTESIAN_POINT('Ctrl Pts',(9.17918226057672,0.198731592845217,8.06589427093665));
#7260=CARTESIAN_POINT('Ctrl Pts',(9.18254289232402,0.198804334583734,8.06589427093665));
#7261=CARTESIAN_POINT('Ctrl Pts',(9.18590423629466,0.19887711690707,8.06589427093665));
#7262=CARTESIAN_POINT('Ctrl Pts',(9.06889807920463,1.41075952792184,7.62514096995195));
#7263=CARTESIAN_POINT('Ctrl Pts',(9.07222025600282,1.41127631789574,7.62514096995195));
#7264=CARTESIAN_POINT('Ctrl Pts',(9.0755417244715,1.41179302314346,7.62514096995195));
#7265=CARTESIAN_POINT('Ctrl Pts',(9.07886390126969,1.41230981311736,7.62514096995195));
#7266=CARTESIAN_POINT('Ctrl Pts',(8.73352191291983,2.5564809791096,7.18438766896725));
#7267=CARTESIAN_POINT('Ctrl Pts',(8.73672100519563,2.55741741902868,7.18438766896725));
#7268=CARTESIAN_POINT('Ctrl Pts',(8.73992009747142,2.55835385894777,7.18438766896725));
#7269=CARTESIAN_POINT('Ctrl Pts',(8.74311918974722,2.55929029886686,7.18438766896725));
#7270=CARTESIAN_POINT('',(9.04619781254442,-0.988081543353845,8.50664757192135));
#7271=CARTESIAN_POINT('Ctrl Pts',(8.73352191291983,2.5564809791096,9.88205574452877));
#7272=CARTESIAN_POINT('Ctrl Pts',(8.73672100519562,2.55741741902868,9.88205574452877));
#7273=CARTESIAN_POINT('Ctrl Pts',(8.73992009747142,2.55835385894777,9.88205574452877));
#7274=CARTESIAN_POINT('Ctrl Pts',(8.74311918974721,2.55929029886686,9.88205574452877));
#7275=CARTESIAN_POINT('Ctrl Pts',(9.06889807920463,1.41075952792184,9.42358635365963));
#7276=CARTESIAN_POINT('Ctrl Pts',(9.07222025600282,1.41127631789574,9.42358635365963));
#7277=CARTESIAN_POINT('Ctrl Pts',(9.0755417244715,1.41179302314346,9.42358635365963));
#7278=CARTESIAN_POINT('Ctrl Pts',(9.07886390126969,1.41230981311736,9.42358635365963));
#7279=CARTESIAN_POINT('Ctrl Pts',(9.17582091660608,0.198658810521881,8.96511696279049));
#7280=CARTESIAN_POINT('Ctrl Pts',(9.17918226057672,0.198731592845217,8.96511696279049));
#7281=CARTESIAN_POINT('Ctrl Pts',(9.18254289232402,0.198804334583734,8.96511696279049));
#7282=CARTESIAN_POINT('Ctrl Pts',(9.18590423629466,0.19887711690707,8.96511696279049));
#7283=CARTESIAN_POINT('Ctrl Pts',(9.04619781254442,-0.988081543353845,8.50664757192135));
#7284=CARTESIAN_POINT('Ctrl Pts',(9.04951143811678,-0.98844347798511,8.50664757192135));
#7285=CARTESIAN_POINT('Ctrl Pts',(9.05282506368914,-0.988805412616376,8.50664757192135));
#7286=CARTESIAN_POINT('Ctrl Pts',(9.0561386892615,-0.989167347247641,8.50664757192135));
#7287=CARTESIAN_POINT('',(8.73352191291983,2.5564809791096,9.88205574452877));
#7288=CARTESIAN_POINT('Origin',(8.73352191291983,2.5564809791096,9.6362080425024));
#7289=CARTESIAN_POINT('',(8.73352191291983,2.5564809791096,9.39036034047604));
#7290=CARTESIAN_POINT('Origin',(8.68639386763979,2.71229820931068,9.39036034047604));
#7291=CARTESIAN_POINT('',(8.63648608591484,2.86724747585542,9.39036034047604));
#7292=CARTESIAN_POINT('Origin',(8.63648608591484,2.86724747585542,10.1511587947607));
#7293=CARTESIAN_POINT('',(8.63648608591484,2.86724747585542,10.9119572490454));
#7294=CARTESIAN_POINT('Origin',(8.68639386763978,2.71229820931068,10.9119572490454));
#7295=CARTESIAN_POINT('',(8.73352191291983,2.5564809791096,10.9119572490454));
#7296=CARTESIAN_POINT('Origin',(8.73352191291983,2.5564809791096,10.7692589610815));
#7297=CARTESIAN_POINT('',(8.73352191291983,2.5564809791096,10.6265606731176));
#7298=CARTESIAN_POINT('Ctrl Pts',(8.86712764825907,-2.04549438265656,8.83555077016354));
#7299=CARTESIAN_POINT('Ctrl Pts',(8.87037568036466,-2.04624364799819,8.83555077016354));
#7300=CARTESIAN_POINT('Ctrl Pts',(8.87362371247025,-2.04699291333982,8.83555077016354));
#7301=CARTESIAN_POINT('Ctrl Pts',(8.87687174457584,-2.04774217868145,8.83555077016354));
#7302=CARTESIAN_POINT('Ctrl Pts',(9.21587209899908,-0.533702618497573,9.43255407114824));
#7303=CARTESIAN_POINT('Ctrl Pts',(9.21924855361788,-0.533898121653409,9.43255407114824));
#7304=CARTESIAN_POINT('Ctrl Pts',(9.2226229763572,-0.534093601735691,9.43255407114824));
#7305=CARTESIAN_POINT('Ctrl Pts',(9.225999430976,-0.534289104891526,9.43255407114824));
#7306=CARTESIAN_POINT('Ctrl Pts',(9.16938649531431,1.06746818671493,10.0295573721329));
#7307=CARTESIAN_POINT('Ctrl Pts',(9.17274592065246,1.06785924767455,10.0295573721329));
#7308=CARTESIAN_POINT('Ctrl Pts',(9.1761033188721,1.06825016771873,10.0295573721329));
#7309=CARTESIAN_POINT('Ctrl Pts',(9.17946274421026,1.06864122867835,10.0295573721329));
#7310=CARTESIAN_POINT('Ctrl Pts',(8.73352191291983,2.5564809791096,10.6265606731176));
#7311=CARTESIAN_POINT('Ctrl Pts',(8.73672100519562,2.55741741902868,10.6265606731176));
#7312=CARTESIAN_POINT('Ctrl Pts',(8.73992009747142,2.55835385894777,10.6265606731176));
#7313=CARTESIAN_POINT('Ctrl Pts',(8.74311918974721,2.55929029886686,10.6265606731176));
#7314=CARTESIAN_POINT('',(8.86712764825907,-2.04549438265656,8.83555077016354));
#7315=CARTESIAN_POINT('Origin',(8.86712764825907,-2.04549438265656,8.67275856435299));
#7316=CARTESIAN_POINT('Origin',(0.,0.,0.));
#7317=CARTESIAN_POINT('',(8.53660706211422,3.18094952287233,28.1279077380896));
#7318=CARTESIAN_POINT('',(8.53660706211422,3.18094952287233,26.9784059375525));
#7319=CARTESIAN_POINT('',(8.53660706211422,3.18094952287233,28.1279077380896));
#7320=CARTESIAN_POINT('',(8.6459767299653,2.87039829725746,28.1279077380896));
#7321=CARTESIAN_POINT('Origin',(0.,0.,28.1279077380896));
#7322=CARTESIAN_POINT('',(8.6459767299653,2.87039829725746,27.6362123340368));
#7323=CARTESIAN_POINT('',(8.6459767299653,2.87039829725746,27.6362123340368));
#7324=CARTESIAN_POINT('',(8.95682503369512,-1.6635460065091,27.6362123340368));
#7325=CARTESIAN_POINT('Origin',(0.,0.,27.6362123340368));
#7326=CARTESIAN_POINT('',(8.95682503369512,-1.6635460065091,28.1279077380896));
#7327=CARTESIAN_POINT('',(8.95682503369512,-1.6635460065091,28.1279077380896));
#7328=CARTESIAN_POINT('',(8.89086244852437,-1.98611805324338,28.1279077380896));
#7329=CARTESIAN_POINT('Origin',(0.,0.,28.1279077380896));
#7330=CARTESIAN_POINT('',(8.89086244852437,-1.98611805324338,26.4867105334997));
#7331=CARTESIAN_POINT('',(8.89086244852437,-1.98611805324338,26.4867105334997));
#7332=CARTESIAN_POINT('',(8.95682503369512,-1.6635460065091,26.4867105334997));
#7333=CARTESIAN_POINT('Origin',(0.,0.,26.4867105334997));
#7334=CARTESIAN_POINT('',(8.95682503369512,-1.6635460065091,26.9784059375525));
#7335=CARTESIAN_POINT('',(8.95682503369512,-1.6635460065091,26.9784059375525));
#7336=CARTESIAN_POINT('',(9.0883862300552,0.627164837457513,26.9784059375525));
#7337=CARTESIAN_POINT('Origin',(0.,0.,26.9784059375525));
#7338=CARTESIAN_POINT('',(9.0487019336064,1.0550323771088,26.4059915393591));
#7339=CARTESIAN_POINT('Ctrl Pts',(9.0487019336064,1.0550323771088,26.4059915393591));
#7340=CARTESIAN_POINT('Ctrl Pts',(9.05530808223662,0.998373386180229,26.5003203546789));
#7341=CARTESIAN_POINT('Ctrl Pts',(9.06870641242118,0.875085800856338,26.7053833028094));
#7342=CARTESIAN_POINT('Ctrl Pts',(9.08238274820205,0.714162638590123,26.8826706489112));
#7343=CARTESIAN_POINT('Ctrl Pts',(9.0883862300552,0.627164837457513,26.9784059375525));
#7344=CARTESIAN_POINT('',(9.03099437801663,1.1971802471775,25.9030332416296));
#7345=CARTESIAN_POINT('Ctrl Pts',(9.03099437801663,1.1971802471775,25.9030332416296));
#7346=CARTESIAN_POINT('Ctrl Pts',(9.0319687426471,1.18983007453587,25.9853486124618));
#7347=CARTESIAN_POINT('Ctrl Pts',(9.03412303179558,1.1740853787203,26.161771729577));
#7348=CARTESIAN_POINT('Ctrl Pts',(9.04386991310582,1.09647519364742,26.321036441787));
#7349=CARTESIAN_POINT('Ctrl Pts',(9.0487019336064,1.0550323771088,26.4059915393591));
#7350=CARTESIAN_POINT('',(9.05155093656307,1.03030366533573,25.467945560813));
#7351=CARTESIAN_POINT('Ctrl Pts',(9.05155093656307,1.03030366533573,25.467945560813));
#7352=CARTESIAN_POINT('Ctrl Pts',(9.04602350269263,1.07886395965485,25.5220247088947));
#7353=CARTESIAN_POINT('Ctrl Pts',(9.03234200333743,1.18850739523928,25.6442847428895));
#7354=CARTESIAN_POINT('Ctrl Pts',(9.03140719468475,1.19406614216475,25.8103971533283));
#7355=CARTESIAN_POINT('Ctrl Pts',(9.03099437801663,1.1971802471775,25.9030332416296));
#7356=CARTESIAN_POINT('',(9.09930567207155,0.441289345222168,25.343855842948));
#7357=CARTESIAN_POINT('Ctrl Pts',(9.09930567207154,0.441289345222168,25.343855842948));
#7358=CARTESIAN_POINT('Ctrl Pts',(9.09338786455986,0.563313454891534,25.344029355875));
#7359=CARTESIAN_POINT('Ctrl Pts',(9.07901211224775,0.769676360717952,25.3443231070812));
#7360=CARTESIAN_POINT('Ctrl Pts',(9.06015884326106,0.954680420892886,25.4320409022915));
#7361=CARTESIAN_POINT('Ctrl Pts',(9.05155093656307,1.03030366533573,25.467945560813));
#7362=CARTESIAN_POINT('',(8.95682503369512,-1.6635460065091,25.343855842948));
#7363=CARTESIAN_POINT('Origin',(0.,0.,25.343855842948));
#7364=CARTESIAN_POINT('',(8.95682503369512,-1.6635460065091,25.8355488628149));
#7365=CARTESIAN_POINT('',(8.95682503369512,-1.6635460065091,25.8355488628149));
#7366=CARTESIAN_POINT('',(8.89086244852437,-1.98611805324338,25.8355488628149));
#7367=CARTESIAN_POINT('Origin',(0.,0.,25.8355488628149));
#7368=CARTESIAN_POINT('',(8.89086244852437,-1.98611805324338,24.1943540424109));
#7369=CARTESIAN_POINT('',(8.89086244852437,-1.98611805324338,24.1943540424109));
#7370=CARTESIAN_POINT('',(8.95682503369512,-1.6635460065091,24.1943540424109));
#7371=CARTESIAN_POINT('Origin',(0.,0.,24.1943540424109));
#7372=CARTESIAN_POINT('',(8.95682503369512,-1.6635460065091,24.6860470622778));
#7373=CARTESIAN_POINT('',(8.95682503369512,-1.6635460065091,24.6860470622778));
#7374=CARTESIAN_POINT('',(9.09374420663536,0.543981897020291,24.6860470622778));
#7375=CARTESIAN_POINT('Origin',(0.,0.,24.6860470622778));
#7376=CARTESIAN_POINT('',(9.00468003738958,1.38124488206747,24.9497785419226));
#7377=CARTESIAN_POINT('Ctrl Pts',(9.00468003738958,1.38124488206747,24.9497785419226));
#7378=CARTESIAN_POINT('Ctrl Pts',(9.02251959512656,1.2649443538153,24.8729771685009));
#7379=CARTESIAN_POINT('Ctrl Pts',(9.05680865365075,1.01228646952916,24.7065839716988));
#7380=CARTESIAN_POINT('Ctrl Pts',(9.08392788058208,0.708081398614787,24.6932347452145));
#7381=CARTESIAN_POINT('Ctrl Pts',(9.09374420663536,0.543981897020291,24.6860470622778));
#7382=CARTESIAN_POINT('',(8.95315959969172,1.68316166260046,25.6779494136572));
#7383=CARTESIAN_POINT('Ctrl Pts',(8.95315959969172,1.68316166260046,25.6779494136572));
#7384=CARTESIAN_POINT('Ctrl Pts',(8.95511635796425,1.67275317392035,25.5334325031006));
#7385=CARTESIAN_POINT('Ctrl Pts',(8.95936854371143,1.65282757091913,25.2555239912193));
#7386=CARTESIAN_POINT('Ctrl Pts',(8.99114097286842,1.46950942197742,25.0489369758007));
#7387=CARTESIAN_POINT('Ctrl Pts',(9.00468003738958,1.38124488206747,24.9497785419226));
#7388=CARTESIAN_POINT('',(8.98627038239723,1.49634374875904,26.4044847339392));
#7389=CARTESIAN_POINT('Ctrl Pts',(8.98627038239723,1.49634374875904,26.4044847339392));
#7390=CARTESIAN_POINT('Ctrl Pts',(8.97718157797954,1.55092643005659,26.2918335009417));
#7391=CARTESIAN_POINT('Ctrl Pts',(8.95736138630529,1.6617537620254,26.0626325036622));
#7392=CARTESIAN_POINT('Ctrl Pts',(8.95451827602913,1.67593452193811,25.8076229486073));
#7393=CARTESIAN_POINT('Ctrl Pts',(8.95315959969172,1.68316166260046,25.6779494136572));
#7394=CARTESIAN_POINT('',(9.06217262428116,0.932269986500195,26.9784059375525));
#7395=CARTESIAN_POINT('Ctrl Pts',(9.06217262428116,0.932269986500194,26.9784059375525));
#7396=CARTESIAN_POINT('Ctrl Pts',(9.05021232162334,1.04853065014194,26.8951621830402));
#7397=CARTESIAN_POINT('Ctrl Pts',(9.02255093305447,1.26980279088828,26.7363563380126));
#7398=CARTESIAN_POINT('Ctrl Pts',(8.99841925107924,1.42338389651435,26.5114827843695));
#7399=CARTESIAN_POINT('Ctrl Pts',(8.98627038239723,1.49634374875904,26.4044847339392));
#7400=CARTESIAN_POINT('Origin',(0.,0.,26.9784059375525));
#7401=CARTESIAN_POINT('Origin',(8.52723647258391,3.17745781099211,27.553156837821));
#7402=CARTESIAN_POINT('',(8.5272364725839,3.17745781099211,28.1279077380896));
#7403=CARTESIAN_POINT('',(8.52723647258391,3.17745781099211,26.9784059375525));
#7404=CARTESIAN_POINT('Origin',(8.58326281953932,3.02284623669711,28.1279077380896));
#7405=CARTESIAN_POINT('',(8.63648608591484,2.86724747585542,28.1279077380896));
#7406=CARTESIAN_POINT('Origin',(8.63648608591484,2.86724747585542,27.8820600360632));
#7407=CARTESIAN_POINT('',(8.63648608591484,2.86724747585542,27.6362123340368));
#7408=CARTESIAN_POINT('Origin',(9.07868780042947,0.622437002702411,27.6362123340368));
#7409=CARTESIAN_POINT('',(8.94699317306538,-1.66171994064026,27.6362123340368));
#7410=CARTESIAN_POINT('Origin',(8.94699317306538,-1.66171994064026,27.8820600360632));
#7411=CARTESIAN_POINT('',(8.94699317306538,-1.66171994064026,28.1279077380896));
#7412=CARTESIAN_POINT('Origin',(8.91550387500552,-1.82312661512074,28.1279077380896));
#7413=CARTESIAN_POINT('',(8.88110299468406,-1.98393790170304,28.1279077380896));
#7414=CARTESIAN_POINT('Origin',(8.88110299468406,-1.98393790170304,27.3073091357946));
#7415=CARTESIAN_POINT('',(8.88110299468406,-1.98393790170304,26.4867105334997));
#7416=CARTESIAN_POINT('Origin',(8.91550387500552,-1.82312661512074,26.4867105334997));
#7417=CARTESIAN_POINT('',(8.94699317306538,-1.66171994064026,26.4867105334997));
#7418=CARTESIAN_POINT('Origin',(8.94699317306538,-1.66171994064026,26.7325582355261));
#7419=CARTESIAN_POINT('',(8.94699317306538,-1.66171994064026,26.9784059375525));
#7420=CARTESIAN_POINT('Origin',(9.08502889985389,-0.521775707387379,26.9784059375525));
#7421=CARTESIAN_POINT('',(9.07840995537896,0.626476401851083,26.9784059375525));
#7422=CARTESIAN_POINT('Ctrl Pts',(9.03876922017763,1.05387427351153,26.4059915393591));
#7423=CARTESIAN_POINT('Ctrl Pts',(9.04208012465389,1.05426030804395,26.4059915393591));
#7424=CARTESIAN_POINT('Ctrl Pts',(9.04539102913014,1.05464634257637,26.4059915393591));
#7425=CARTESIAN_POINT('Ctrl Pts',(9.0487019336064,1.0550323771088,26.4059915393591));
#7426=CARTESIAN_POINT('Ctrl Pts',(9.04536811727258,0.997277476864993,26.5003203546789));
#7427=CARTESIAN_POINT('Ctrl Pts',(9.04868142509432,0.997642778611923,26.5003203546789));
#7428=CARTESIAN_POINT('Ctrl Pts',(9.05199477441487,0.998008084433299,26.5003203546789));
#7429=CARTESIAN_POINT('Ctrl Pts',(9.05530808223662,0.998373386180229,26.5003203546789));
#7430=CARTESIAN_POINT('Ctrl Pts',(9.05875174017923,0.874125223687451,26.7053833028094));
#7431=CARTESIAN_POINT('Ctrl Pts',(9.06206996318753,0.874445415942881,26.7053833028094));
#7432=CARTESIAN_POINT('Ctrl Pts',(9.06538818941287,0.874765608600908,26.7053833028094));
#7433=CARTESIAN_POINT('Ctrl Pts',(9.06870641242118,0.875085800856338,26.7053833028094));
#7434=CARTESIAN_POINT('Ctrl Pts',(9.07241306351687,0.713378705946226,26.8826706489112));
#7435=CARTESIAN_POINT('Ctrl Pts',(9.07573631005954,0.713640018700079,26.8826706489112));
#7436=CARTESIAN_POINT('Ctrl Pts',(9.07905950165938,0.713901325836269,26.8826706489112));
#7437=CARTESIAN_POINT('Ctrl Pts',(9.08238274820205,0.714162638590123,26.8826706489112));
#7438=CARTESIAN_POINT('Ctrl Pts',(9.07840995537896,0.626476401851083,26.9784059375525));
#7439=CARTESIAN_POINT('Ctrl Pts',(9.08173538027104,0.62670588038656,26.9784059375525));
#7440=CARTESIAN_POINT('Ctrl Pts',(9.08506080516312,0.626935358922037,26.9784059375525));
#7441=CARTESIAN_POINT('Ctrl Pts',(9.0883862300552,0.627164837457513,26.9784059375525));
#7442=CARTESIAN_POINT('',(9.03876922017763,1.05387427351153,26.4059915393591));
#7443=CARTESIAN_POINT('Ctrl Pts',(9.02108110208028,1.19586610859662,25.9030332416296));
#7444=CARTESIAN_POINT('Ctrl Pts',(9.0243855273924,1.19630415479025,25.9030332416296));
#7445=CARTESIAN_POINT('Ctrl Pts',(9.02768995270452,1.19674220098387,25.9030332416296));
#7446=CARTESIAN_POINT('Ctrl Pts',(9.03099437801663,1.1971802471775,25.9030332416296));
#7447=CARTESIAN_POINT('Ctrl Pts',(9.02205439715572,1.18852400420158,25.9853486124618));
#7448=CARTESIAN_POINT('Ctrl Pts',(9.02535917228776,1.18895936009813,25.9853486124618));
#7449=CARTESIAN_POINT('Ctrl Pts',(9.02866396751507,1.18939471863932,25.9853486124618));
#7450=CARTESIAN_POINT('Ctrl Pts',(9.0319687426471,1.18983007453587,25.9853486124618));
#7451=CARTESIAN_POINT('Ctrl Pts',(9.02420632155211,1.17279659125738,26.161771729577));
#7452=CARTESIAN_POINT('Ctrl Pts',(9.02751189057118,1.17322618693314,26.161771729577));
#7453=CARTESIAN_POINT('Ctrl Pts',(9.03081746277651,1.17365578304455,26.161771729577));
#7454=CARTESIAN_POINT('Ctrl Pts',(9.03412303179558,1.1740853787203,26.161771729577));
#7455=CARTESIAN_POINT('Ctrl Pts',(9.03394250376103,1.09527159848425,26.321036441787));
#7456=CARTESIAN_POINT('Ctrl Pts',(9.03725165083944,1.09567279828389,26.321036441787));
#7457=CARTESIAN_POINT('Ctrl Pts',(9.0405607660274,1.09607399384778,26.321036441787));
#7458=CARTESIAN_POINT('Ctrl Pts',(9.04386991310582,1.09647519364742,26.321036441787));
#7459=CARTESIAN_POINT('Ctrl Pts',(9.03876922017763,1.05387427351153,26.4059915393591));
#7460=CARTESIAN_POINT('Ctrl Pts',(9.04208012465389,1.05426030804395,26.4059915393591));
#7461=CARTESIAN_POINT('Ctrl Pts',(9.04539102913014,1.05464634257637,26.4059915393591));
#7462=CARTESIAN_POINT('Ctrl Pts',(9.0487019336064,1.0550323771088,26.4059915393591));
#7463=CARTESIAN_POINT('',(9.02108110208028,1.19586610859662,25.9030332416296));
#7464=CARTESIAN_POINT('Ctrl Pts',(9.04161509579845,1.0291727063178,25.467945560813));
#7465=CARTESIAN_POINT('Ctrl Pts',(9.04492704271999,1.02954969265711,25.467945560813));
#7466=CARTESIAN_POINT('Ctrl Pts',(9.04823898964153,1.02992667899642,25.467945560813));
#7467=CARTESIAN_POINT('Ctrl Pts',(9.05155093656307,1.03030366533573,25.467945560813));
#7468=CARTESIAN_POINT('Ctrl Pts',(9.03609372936366,1.07767969625237,25.5220247088947));
#7469=CARTESIAN_POINT('Ctrl Pts',(9.039403672987,1.07807445325682,25.5220247088947));
#7470=CARTESIAN_POINT('Ctrl Pts',(9.04271355906929,1.07846920265041,25.5220247088947));
#7471=CARTESIAN_POINT('Ctrl Pts',(9.04602350269263,1.07886395965485,25.5220247088947));
#7472=CARTESIAN_POINT('Ctrl Pts',(9.02242724811971,1.18720277680323,25.6442847428895));
#7473=CARTESIAN_POINT('Ctrl Pts',(9.0257321658366,1.18763764950959,25.6442847428895));
#7474=CARTESIAN_POINT('Ctrl Pts',(9.02903708562054,1.18807252253292,25.6442847428895));
#7475=CARTESIAN_POINT('Ctrl Pts',(9.03234200333743,1.18850739523928,25.6442847428895));
#7476=CARTESIAN_POINT('Ctrl Pts',(9.02149346560167,1.19275542192088,25.8103971533283));
#7477=CARTESIAN_POINT('Ctrl Pts',(9.02479802313788,1.19319232621338,25.8103971533283));
#7478=CARTESIAN_POINT('Ctrl Pts',(9.02810263714854,1.19362923787225,25.8103971533283));
#7479=CARTESIAN_POINT('Ctrl Pts',(9.03140719468475,1.19406614216475,25.8103971533283));
#7480=CARTESIAN_POINT('Ctrl Pts',(9.02108110208028,1.19586610859662,25.9030332416296));
#7481=CARTESIAN_POINT('Ctrl Pts',(9.0243855273924,1.19630415479025,25.9030332416296));
#7482=CARTESIAN_POINT('Ctrl Pts',(9.02768995270452,1.19674220098387,25.9030332416296));
#7483=CARTESIAN_POINT('Ctrl Pts',(9.03099437801663,1.1971802471775,25.9030332416296));
#7484=CARTESIAN_POINT('',(9.04161509579845,1.0291727063178,25.467945560813));
#7485=CARTESIAN_POINT('Ctrl Pts',(9.08931741118014,0.440804944184602,25.343855842948));
#7486=CARTESIAN_POINT('Ctrl Pts',(9.09264683147727,0.440966411197124,25.343855842948));
#7487=CARTESIAN_POINT('Ctrl Pts',(9.09597625177441,0.441127878209646,25.343855842948));
#7488=CARTESIAN_POINT('Ctrl Pts',(9.09930567207154,0.441289345222168,25.343855842948));
#7489=CARTESIAN_POINT('Ctrl Pts',(9.08340609961523,0.562695108618327,25.344029355875));
#7490=CARTESIAN_POINT('Ctrl Pts',(9.08673337056356,0.562901225577936,25.344029355875));
#7491=CARTESIAN_POINT('Ctrl Pts',(9.09006059361152,0.563107337931925,25.344029355875));
#7492=CARTESIAN_POINT('Ctrl Pts',(9.09338786455986,0.563313454891534,25.344029355875));
#7493=CARTESIAN_POINT('Ctrl Pts',(9.06904612749226,0.768831490947679,25.3443231070812));
#7494=CARTESIAN_POINT('Ctrl Pts',(9.07236812130097,0.76911311408707,25.3443231070812));
#7495=CARTESIAN_POINT('Ctrl Pts',(9.07569011843904,0.769394737578561,25.3443231070812));
#7496=CARTESIAN_POINT('Ctrl Pts',(9.07901211224775,0.769676360717952,25.3443231070812));
#7497=CARTESIAN_POINT('Ctrl Pts',(9.05021355364167,0.953632473120226,25.4320409022915));
#7498=CARTESIAN_POINT('Ctrl Pts',(9.05352864078947,0.95398178817434,25.4320409022915));
#7499=CARTESIAN_POINT('Ctrl Pts',(9.05684375611326,0.954331105838772,25.4320409022915));
#7500=CARTESIAN_POINT('Ctrl Pts',(9.06015884326106,0.954680420892886,25.4320409022915));
#7501=CARTESIAN_POINT('Ctrl Pts',(9.04161509579845,1.0291727063178,25.467945560813));
#7502=CARTESIAN_POINT('Ctrl Pts',(9.04492704271999,1.02954969265711,25.467945560813));
#7503=CARTESIAN_POINT('Ctrl Pts',(9.04823898964153,1.02992667899642,25.467945560813));
#7504=CARTESIAN_POINT('Ctrl Pts',(9.05155093656307,1.03030366533573,25.467945560813));
#7505=CARTESIAN_POINT('',(9.08931741118014,0.440804944184602,25.343855842948));
#7506=CARTESIAN_POINT('Origin',(9.07922230125845,-0.614591249800482,25.343855842948));
#7507=CARTESIAN_POINT('',(8.94699317306538,-1.66171994064026,25.343855842948));
#7508=CARTESIAN_POINT('Origin',(8.94699317306538,-1.66171994064026,25.5897023528814));
#7509=CARTESIAN_POINT('',(8.94699317306538,-1.66171994064026,25.8355488628149));
#7510=CARTESIAN_POINT('Origin',(8.91550387500552,-1.82312661512074,25.8355488628149));
#7511=CARTESIAN_POINT('',(8.88110299468406,-1.98393790170304,25.8355488628149));
#7512=CARTESIAN_POINT('Origin',(8.88110299468406,-1.98393790170304,25.0149514526129));
#7513=CARTESIAN_POINT('',(8.88110299468406,-1.98393790170304,24.1943540424109));
#7514=CARTESIAN_POINT('Origin',(8.91550387500552,-1.82312661512074,24.1943540424109));
#7515=CARTESIAN_POINT('',(8.94699317306538,-1.66171994064026,24.1943540424109));
#7516=CARTESIAN_POINT('Origin',(8.94699317306538,-1.66171994064026,24.4402005523443));
#7517=CARTESIAN_POINT('',(8.94699317306538,-1.66171994064026,24.6860470622778));
#7518=CARTESIAN_POINT('Origin',(9.08254673429036,-0.563333666161993,24.6860470622778));
#7519=CARTESIAN_POINT('',(9.08376205053587,0.543384770898424,24.6860470622778));
#7520=CARTESIAN_POINT('Ctrl Pts',(8.99479564656918,1.37972869668649,24.9497785419226));
#7521=CARTESIAN_POINT('Ctrl Pts',(8.99809044350931,1.38023409181348,24.9497785419226));
#7522=CARTESIAN_POINT('Ctrl Pts',(9.00138524044945,1.38073948694048,24.9497785419226));
#7523=CARTESIAN_POINT('Ctrl Pts',(9.00468003738958,1.38124488206747,24.9497785419226));
#7524=CARTESIAN_POINT('Ctrl Pts',(9.01261562191567,1.26355583092417,24.8729771685009));
#7525=CARTESIAN_POINT('Ctrl Pts',(9.01591690933359,1.26401866766141,24.8729771685009));
#7526=CARTESIAN_POINT('Ctrl Pts',(9.01921830770864,1.26448151707806,24.8729771685009));
#7527=CARTESIAN_POINT('Ctrl Pts',(9.02251959512656,1.2649443538153,24.8729771685009));
#7528=CARTESIAN_POINT('Ctrl Pts',(9.04686704151721,1.01117528789411,24.7065839716988));
#7529=CARTESIAN_POINT('Ctrl Pts',(9.05018090964767,1.01154568132665,24.7065839716988));
#7530=CARTESIAN_POINT('Ctrl Pts',(9.05349478552029,1.01191607609662,24.7065839716988));
#7531=CARTESIAN_POINT('Ctrl Pts',(9.05680865365075,1.01228646952916,24.7065839716988));
#7532=CARTESIAN_POINT('Ctrl Pts',(9.07395649981306,0.707304141316637,24.6932347452145));
#7533=CARTESIAN_POINT('Ctrl Pts',(9.07728034124426,0.707563232935098,24.6932347452145));
#7534=CARTESIAN_POINT('Ctrl Pts',(9.08060403915088,0.707822306996326,24.6932347452145));
#7535=CARTESIAN_POINT('Ctrl Pts',(9.08392788058208,0.708081398614787,24.6932347452145));
#7536=CARTESIAN_POINT('Ctrl Pts',(9.08376205053587,0.543384770898424,24.6860470622778));
#7537=CARTESIAN_POINT('Ctrl Pts',(9.08708943590237,0.543583812939046,24.6860470622778));
#7538=CARTESIAN_POINT('Ctrl Pts',(9.09041682126887,0.543782854979669,24.6860470622778));
#7539=CARTESIAN_POINT('Ctrl Pts',(9.09374420663536,0.543981897020291,24.6860470622778));
#7540=CARTESIAN_POINT('',(8.99479564656918,1.37972869668649,24.9497785419226));
#7541=CARTESIAN_POINT('Ctrl Pts',(8.94333176258998,1.68131406472713,25.6779494136572));
#7542=CARTESIAN_POINT('Ctrl Pts',(8.94660770829056,1.68192993068491,25.6779494136572));
#7543=CARTESIAN_POINT('Ctrl Pts',(8.94988365399114,1.68254579664268,25.6779494136572));
#7544=CARTESIAN_POINT('Ctrl Pts',(8.95315959969172,1.68316166260046,25.6779494136572));
#7545=CARTESIAN_POINT('Ctrl Pts',(8.94528637293904,1.67091700139135,25.5334325031006));
#7546=CARTESIAN_POINT('Ctrl Pts',(8.94856298851666,1.67152905038755,25.5334325031006));
#7547=CARTESIAN_POINT('Ctrl Pts',(8.95183974238664,1.67214112492415,25.5334325031006));
#7548=CARTESIAN_POINT('Ctrl Pts',(8.95511635796425,1.67275317392035,25.5334325031006));
#7549=CARTESIAN_POINT('Ctrl Pts',(8.94953389108387,1.65101327062174,25.2555239912193));
#7550=CARTESIAN_POINT('Ctrl Pts',(8.95281210525019,1.65161803667733,25.2555239912193));
#7551=CARTESIAN_POINT('Ctrl Pts',(8.95609032954511,1.65222280486354,25.2555239912193));
#7552=CARTESIAN_POINT('Ctrl Pts',(8.95936854371143,1.65282757091913,25.2555239912193));
#7553=CARTESIAN_POINT('Ctrl Pts',(8.98127144380929,1.46789634906636,25.0489369758007));
#7554=CARTESIAN_POINT('Ctrl Pts',(8.98456134304551,1.4684340506101,25.0489369758007));
#7555=CARTESIAN_POINT('Ctrl Pts',(8.98785107363219,1.46897172043368,25.0489369758007));
#7556=CARTESIAN_POINT('Ctrl Pts',(8.99114097286842,1.46950942197742,25.0489369758007));
#7557=CARTESIAN_POINT('Ctrl Pts',(8.99479564656918,1.37972869668649,24.9497785419226));
#7558=CARTESIAN_POINT('Ctrl Pts',(8.99809044350931,1.38023409181348,24.9497785419226));
#7559=CARTESIAN_POINT('Ctrl Pts',(9.00138524044945,1.38073948694048,24.9497785419226));
#7560=CARTESIAN_POINT('Ctrl Pts',(9.00468003738958,1.38124488206747,24.9497785419226));
#7561=CARTESIAN_POINT('',(8.94333176258998,1.68131406472713,25.6779494136572));
#7562=CARTESIAN_POINT('Ctrl Pts',(8.97640619976013,1.49470121994591,26.4044847339392));
#7563=CARTESIAN_POINT('Ctrl Pts',(8.97969426063917,1.49524872955029,26.4044847339392));
#7564=CARTESIAN_POINT('Ctrl Pts',(8.9829823215182,1.49579623915467,26.4044847339392));
#7565=CARTESIAN_POINT('Ctrl Pts',(8.98627038239723,1.49634374875904,26.4044847339392));
#7566=CARTESIAN_POINT('Ctrl Pts',(8.96732737207616,1.5492239861158,26.2918335009417));
#7567=CARTESIAN_POINT('Ctrl Pts',(8.97061212823312,1.54979147135329,26.2918335009417));
#7568=CARTESIAN_POINT('Ctrl Pts',(8.97389682182259,1.55035894481911,26.2918335009417));
#7569=CARTESIAN_POINT('Ctrl Pts',(8.97718157797954,1.55092643005659,26.2918335009417));
#7570=CARTESIAN_POINT('Ctrl Pts',(8.94752893692406,1.65992966349409,26.0626325036622));
#7571=CARTESIAN_POINT('Ctrl Pts',(8.95080641860123,1.66053769604872,26.0626325036622));
#7572=CARTESIAN_POINT('Ctrl Pts',(8.95408390462812,1.66114572947077,26.0626325036622));
#7573=CARTESIAN_POINT('Ctrl Pts',(8.95736138630529,1.6617537620254,26.0626325036622));
#7574=CARTESIAN_POINT('Ctrl Pts',(8.94468894751537,1.67409485725981,25.8076229486073));
#7575=CARTESIAN_POINT('Ctrl Pts',(8.94796537419229,1.67470807581185,25.8076229486073));
#7576=CARTESIAN_POINT('Ctrl Pts',(8.95124184935221,1.67532130338607,25.8076229486073));
#7577=CARTESIAN_POINT('Ctrl Pts',(8.95451827602913,1.67593452193811,25.8076229486073));
#7578=CARTESIAN_POINT('Ctrl Pts',(8.94333176258998,1.68131406472713,25.6779494136572));
#7579=CARTESIAN_POINT('Ctrl Pts',(8.94660770829056,1.68192993068491,25.6779494136572));
#7580=CARTESIAN_POINT('Ctrl Pts',(8.94988365399114,1.68254579664268,25.6779494136572));
#7581=CARTESIAN_POINT('Ctrl Pts',(8.95315959969172,1.68316166260046,25.6779494136572));
#7582=CARTESIAN_POINT('',(8.97640619976013,1.49470121994591,26.4044847339392));
#7583=CARTESIAN_POINT('Ctrl Pts',(9.05222512414474,0.931246638545748,26.9784059375525));
#7584=CARTESIAN_POINT('Ctrl Pts',(9.05554095752355,0.931587754530563,26.9784059375525));
#7585=CARTESIAN_POINT('Ctrl Pts',(9.05885679090236,0.931928870515378,26.9784059375525));
#7586=CARTESIAN_POINT('Ctrl Pts',(9.06217262428116,0.932269986500194,26.9784059375525));
#7587=CARTESIAN_POINT('Ctrl Pts',(9.04027795024945,1.04737968345682,26.8951621830402));
#7588=CARTESIAN_POINT('Ctrl Pts',(9.04358944937493,1.04776334520833,26.8951621830402));
#7589=CARTESIAN_POINT('Ctrl Pts',(9.04690082249786,1.04814698839043,26.8951621830402));
#7590=CARTESIAN_POINT('Ctrl Pts',(9.05021232162334,1.04853065014194,26.8951621830402));
#7591=CARTESIAN_POINT('Ctrl Pts',(9.01264692544409,1.26840893491585,26.7363563380126));
#7592=CARTESIAN_POINT('Ctrl Pts',(9.01594825928087,1.26887355318682,26.7363563380126));
#7593=CARTESIAN_POINT('Ctrl Pts',(9.0192495992177,1.26933817261732,26.7363563380126));
#7594=CARTESIAN_POINT('Ctrl Pts',(9.02255093305447,1.26980279088828,26.7363563380126));
#7595=CARTESIAN_POINT('Ctrl Pts',(8.98854173269167,1.42182145535461,26.5114827843695));
#7596=CARTESIAN_POINT('Ctrl Pts',(8.99183420474611,1.42234226424919,26.5114827843695));
#7597=CARTESIAN_POINT('Ctrl Pts',(8.99512677902479,1.42286308761977,26.5114827843695));
#7598=CARTESIAN_POINT('Ctrl Pts',(8.99841925107924,1.42338389651435,26.5114827843695));
#7599=CARTESIAN_POINT('Ctrl Pts',(8.97640619976013,1.49470121994591,26.4044847339392));
#7600=CARTESIAN_POINT('Ctrl Pts',(8.97969426063917,1.49524872955029,26.4044847339392));
#7601=CARTESIAN_POINT('Ctrl Pts',(8.9829823215182,1.49579623915467,26.4044847339392));
#7602=CARTESIAN_POINT('Ctrl Pts',(8.98627038239723,1.49634374875904,26.4044847339392));
#7603=CARTESIAN_POINT('',(9.05222512414474,0.931246638545749,26.9784059375525));
#7604=CARTESIAN_POINT('Origin',(8.86119256452087,2.07105440162251,26.9784059375525));
#7605=CARTESIAN_POINT('Origin',(0.,0.,0.));
#7606=CARTESIAN_POINT('',(9.03359505953096,-1.17739555817823,16.0514988750219));
#7607=CARTESIAN_POINT('',(8.89086244852437,-1.98611805324338,16.0514988750219));
#7608=CARTESIAN_POINT('Origin',(0.,0.,16.0514988750219));
#7609=CARTESIAN_POINT('',(9.03359505953096,-1.17739555817823,16.8720974773169));
#7610=CARTESIAN_POINT('',(9.03359505953096,-1.17739555817823,16.8720974773169));
#7611=CARTESIAN_POINT('',(8.89086244852437,-1.98611805324338,16.8720974773169));
#7612=CARTESIAN_POINT('Origin',(0.,0.,16.8720974773169));
#7613=CARTESIAN_POINT('',(8.89086244852437,-1.98611805324338,16.0514988750219));
#7614=CARTESIAN_POINT('Origin',(8.96149837828159,-1.58162790063163,16.0514988750219));
#7615=CARTESIAN_POINT('',(9.02367892883993,-1.17610313714839,16.0514988750219));
#7616=CARTESIAN_POINT('',(8.88110299468406,-1.98393790170304,16.0514988750219));
#7617=CARTESIAN_POINT('Origin',(9.02367892883993,-1.17610313714839,16.4617981761694));
#7618=CARTESIAN_POINT('',(9.02367892883993,-1.17610313714839,16.8720974773169));
#7619=CARTESIAN_POINT('Origin',(8.96149837828159,-1.58162790063163,16.8720974773169));
#7620=CARTESIAN_POINT('',(8.88110299468406,-1.98393790170304,16.8720974773169));
#7621=CARTESIAN_POINT('Origin',(8.88110299468406,-1.98393790170304,16.4617981761694));
#7622=CARTESIAN_POINT('Origin',(0.,0.,0.));
#7623=CARTESIAN_POINT('',(8.99849372657954,-1.42098932181376,53.5664453357458));
#7624=CARTESIAN_POINT('',(8.89086244852437,-1.98611805324338,53.5664453357458));
#7625=CARTESIAN_POINT('Origin',(0.,0.,53.5664453357458));
#7626=CARTESIAN_POINT('',(8.99849372657954,-1.42098932181376,55.862126275897));
#7627=CARTESIAN_POINT('',(8.99849372657954,-1.42098932181376,55.862126275897));
#7628=CARTESIAN_POINT('',(9.1096870730243,-0.0755078245876177,54.8388703912497));
#7629=CARTESIAN_POINT('Ctrl Pts',(9.1096870730243,-0.0755078245876177,54.8388703912497));
#7630=CARTESIAN_POINT('Ctrl Pts',(9.10794658915918,-0.285489551031048,55.1205286118908));
#7631=CARTESIAN_POINT('Ctrl Pts',(9.09688194941495,-0.641109748067518,55.5972146923506));
#7632=CARTESIAN_POINT('Ctrl Pts',(9.03408691109205,-1.19559350593526,55.7852108866484));
#7633=CARTESIAN_POINT('Ctrl Pts',(8.99849372657954,-1.42098932181376,55.862126275897));
#7634=CARTESIAN_POINT('',(9.10771432844289,0.204058108086991,54.4568105787039));
#7635=CARTESIAN_POINT('Ctrl Pts',(9.10771432844289,0.204058108086991,54.4568105787039));
#7636=CARTESIAN_POINT('Ctrl Pts',(9.10980182769301,0.110886868731935,54.5841638495525));
#7637=CARTESIAN_POINT('Ctrl Pts',(9.11045951244698,0.0176835957976012,54.7115171204011));
#7638=CARTESIAN_POINT('Ctrl Pts',(9.1096870730243,-0.0755078245876177,54.8388703912497));
#7639=CARTESIAN_POINT('',(8.95272730416088,1.68545952705256,53.5465117543936));
#7640=CARTESIAN_POINT('Ctrl Pts',(8.95272730416088,1.68545952705256,53.5465117543936));
#7641=CARTESIAN_POINT('Ctrl Pts',(9.00369687613153,1.41472227626791,53.5969230737057));
#7642=CARTESIAN_POINT('Ctrl Pts',(9.08472727359517,0.811183330680284,53.7082697531957));
#7643=CARTESIAN_POINT('Ctrl Pts',(9.10290408932663,0.418753246315558,54.1920551526705));
#7644=CARTESIAN_POINT('Ctrl Pts',(9.10771432844289,0.204058108086991,54.4568105787039));
#7645=CARTESIAN_POINT('',(8.71947947839839,2.63870756731195,53.9734222739935));
#7646=CARTESIAN_POINT('Ctrl Pts',(8.71947947839839,2.63870756731195,53.9734222739935));
#7647=CARTESIAN_POINT('Ctrl Pts',(8.75873916180882,2.50897587287701,53.8489252667424));
#7648=CARTESIAN_POINT('Ctrl Pts',(8.83438513592557,2.24187535900636,53.5940304657934));
#7649=CARTESIAN_POINT('Ctrl Pts',(8.91711214402375,1.87463809318484,53.56259390913));
#7650=CARTESIAN_POINT('Ctrl Pts',(8.95272730416088,1.68545952705256,53.5465117543936));
#7651=CARTESIAN_POINT('',(8.60532454912495,2.99006511705473,55.1079734414816));
#7652=CARTESIAN_POINT('Ctrl Pts',(8.60532454912495,2.99006511705473,55.1079734414816));
#7653=CARTESIAN_POINT('Ctrl Pts',(8.60900129145391,2.97948355451828,54.8888752449306));
#7654=CARTESIAN_POINT('Ctrl Pts',(8.61666977720201,2.95980961740642,54.4762390306909));
#7655=CARTESIAN_POINT('Ctrl Pts',(8.68829913370071,2.74174148402511,54.13396053713));
#7656=CARTESIAN_POINT('Ctrl Pts',(8.71947947839839,2.63870756731195,53.9734222739935));
#7657=CARTESIAN_POINT('',(8.63199062209488,2.91218782019053,55.7026579231024));
#7658=CARTESIAN_POINT('Ctrl Pts',(8.63199062209488,2.91218782019053,55.7026579231024));
#7659=CARTESIAN_POINT('Ctrl Pts',(8.62432292534269,2.93491557353083,55.5992960021872));
#7660=CARTESIAN_POINT('Ctrl Pts',(8.60957776415439,2.97789560898183,55.4034910412111));
#7661=CARTESIAN_POINT('Ctrl Pts',(8.60668150860339,2.9861598252785,55.2027478899156));
#7662=CARTESIAN_POINT('Ctrl Pts',(8.60532454912495,2.99006511705473,55.1079734414816));
#7663=CARTESIAN_POINT('',(8.70775165240062,2.6771554232271,56.4136213064194));
#7664=CARTESIAN_POINT('Ctrl Pts',(8.70775165240062,2.6771554232271,56.4136213064194));
#7665=CARTESIAN_POINT('Ctrl Pts',(8.69288862185181,2.72549911582642,56.2910247838803));
#7666=CARTESIAN_POINT('Ctrl Pts',(8.66386080304349,2.81684787519177,56.0586942106711));
#7667=CARTESIAN_POINT('Ctrl Pts',(8.64229937276109,2.88163174188427,55.81687407202));
#7668=CARTESIAN_POINT('Ctrl Pts',(8.63199062209488,2.91218782019053,55.7026579231024));
#7669=CARTESIAN_POINT('',(8.90512747733045,1.9211466920811,56.4136213064194));
#7670=CARTESIAN_POINT('Origin',(0.,0.,56.4136213064194));
#7671=CARTESIAN_POINT('',(8.90512747733045,1.9211466920811,56.0448505729437));
#7672=CARTESIAN_POINT('',(8.90512747733045,1.9211466920811,56.0448505729437));
#7673=CARTESIAN_POINT('',(8.81412825415692,2.30287713942206,56.0049834102392));
#7674=CARTESIAN_POINT('Ctrl Pts',(8.81412825415692,2.30287713942206,56.0049834102392));
#7675=CARTESIAN_POINT('Ctrl Pts',(8.84719745205454,2.17630670865872,56.018272464474));
#7676=CARTESIAN_POINT('Ctrl Pts',(8.87753990912578,2.04902386703333,56.0315615187089));
#7677=CARTESIAN_POINT('Ctrl Pts',(8.90512747733045,1.9211466920811,56.0448505729437));
#7678=CARTESIAN_POINT('',(8.73560726149477,2.58481445618826,55.5963455885649));
#7679=CARTESIAN_POINT('Ctrl Pts',(8.73560726149477,2.58481445618826,55.5963455885649));
#7680=CARTESIAN_POINT('Ctrl Pts',(8.74628653622027,2.54872291019112,55.6678394887025));
#7681=CARTESIAN_POINT('Ctrl Pts',(8.76828610073108,2.47312268304778,55.8173938826543));
#7682=CARTESIAN_POINT('Ctrl Pts',(8.79884363317835,2.36137813685483,55.9406496080816));
#7683=CARTESIAN_POINT('Ctrl Pts',(8.81412825415692,2.30287713942206,56.0049834102392));
#7684=CARTESIAN_POINT('',(8.70775165240062,2.6771554232271,55.1511628180742));
#7685=CARTESIAN_POINT('Ctrl Pts',(8.70775165240062,2.6771554232271,55.1511628180742));
#7686=CARTESIAN_POINT('Ctrl Pts',(8.70893722595992,2.67329921075978,55.2278860812756));
#7687=CARTESIAN_POINT('Ctrl Pts',(8.71135055389517,2.6655914842699,55.3814820037342));
#7688=CARTESIAN_POINT('Ctrl Pts',(8.72762534008781,2.61179005996377,55.5246779667983));
#7689=CARTESIAN_POINT('Ctrl Pts',(8.73560726149477,2.58481445618826,55.5963455885649));
#7690=CARTESIAN_POINT('',(8.78881571452911,2.3976693550292,54.4933553785086));
#7691=CARTESIAN_POINT('Ctrl Pts',(8.78881571452911,2.3976693550292,54.4933553785086));
#7692=CARTESIAN_POINT('Ctrl Pts',(8.76647742344071,2.47955183951008,54.5848556004224));
#7693=CARTESIAN_POINT('Ctrl Pts',(8.71808914561704,2.64491251271658,54.7705911100168));
#7694=CARTESIAN_POINT('Ctrl Pts',(8.71110043984214,2.66626311225985,55.0230662996482));
#7695=CARTESIAN_POINT('Ctrl Pts',(8.70775165240062,2.6771554232271,55.1511628180742));
#7696=CARTESIAN_POINT('',(8.9580374584077,1.6570047959389,54.2408638447523));
#7697=CARTESIAN_POINT('Ctrl Pts',(8.9580374584077,1.6570047959389,54.2408638447523));
#7698=CARTESIAN_POINT('Ctrl Pts',(8.93149000189404,1.80052466411168,54.2489290361965));
#7699=CARTESIAN_POINT('Ctrl Pts',(8.87402732455568,2.07158420948073,54.2642364528584));
#7700=CARTESIAN_POINT('Ctrl Pts',(8.81730181469136,2.29325166948533,54.4197696927556));
#7701=CARTESIAN_POINT('Ctrl Pts',(8.78881571452911,2.3976693550292,54.4933553785086));
#7702=CARTESIAN_POINT('',(9.06176229013905,0.936250071836513,54.4534885138273));
#7703=CARTESIAN_POINT('Ctrl Pts',(9.06176229013905,0.936250071836513,54.4534885138273));
#7704=CARTESIAN_POINT('Ctrl Pts',(9.05003633395337,1.04974306988862,54.3914731296905));
#7705=CARTESIAN_POINT('Ctrl Pts',(9.02271596058902,1.27553830296367,54.2678761461262));
#7706=CARTESIAN_POINT('Ctrl Pts',(8.98143890317066,1.53049277902667,54.2498468529164));
#7707=CARTESIAN_POINT('Ctrl Pts',(8.9580374584077,1.6570047959389,54.2408638447523));
#7708=CARTESIAN_POINT('',(9.10989740087238,0.0432359292571678,55.2607973664999));
#7709=CARTESIAN_POINT('Ctrl Pts',(9.10989740087238,0.0432359292571678,55.2607973664999));
#7710=CARTESIAN_POINT('Ctrl Pts',(9.10912665495347,0.205633647173506,55.0884479455025));
#7711=CARTESIAN_POINT('Ctrl Pts',(9.10106322496181,0.482213407249032,54.7949234028652));
#7712=CARTESIAN_POINT('Ctrl Pts',(9.07544663490534,0.803802253568038,54.5532556893889));
#7713=CARTESIAN_POINT('Ctrl Pts',(9.06176229013905,0.936250071836513,54.4534885138273));
#7714=CARTESIAN_POINT('',(9.1056139240278,-0.282657153723382,55.6096345931292));
#7715=CARTESIAN_POINT('Ctrl Pts',(9.1056139240278,-0.282657153723382,55.6096345931292));
#7716=CARTESIAN_POINT('Ctrl Pts',(9.10898490396278,-0.174063256738384,55.4933555175861));
#7717=CARTESIAN_POINT('Ctrl Pts',(9.1104130342044,-0.0654090526351271,55.377076442043));
#7718=CARTESIAN_POINT('Ctrl Pts',(9.10989740087238,0.0432359292571678,55.2607973664999));
#7719=CARTESIAN_POINT('',(8.95682503369512,-1.6635460065091,56.4966777712107));
#7720=CARTESIAN_POINT('Ctrl Pts',(8.95682503369512,-1.6635460065091,56.4966777712107));
#7721=CARTESIAN_POINT('Ctrl Pts',(9.00471634884597,-1.40569072101575,56.3910520917215));
#7722=CARTESIAN_POINT('Ctrl Pts',(9.07521116964853,-0.891113129643075,56.182032029124));
#7723=CARTESIAN_POINT('Ctrl Pts',(9.09936065297537,-0.484102159504027,55.7990710311716));
#7724=CARTESIAN_POINT('Ctrl Pts',(9.1056139240278,-0.282657153723382,55.6096345931292));
#7725=CARTESIAN_POINT('',(8.89086244852437,-1.98611805324338,56.4966777712107));
#7726=CARTESIAN_POINT('Origin',(0.,0.,56.4966777712107));
#7727=CARTESIAN_POINT('',(8.89086244852437,-1.98611805324338,53.5664453357458));
#7728=CARTESIAN_POINT('Origin',(8.93931668519933,-1.70253258462707,53.5664453357458));
#7729=CARTESIAN_POINT('',(8.98861612644059,-1.41942950916632,53.5664453357458));
#7730=CARTESIAN_POINT('',(8.88110299468406,-1.98393790170304,53.5664453357458));
#7731=CARTESIAN_POINT('Origin',(8.98861612644059,-1.41942950916632,54.7142858058214));
#7732=CARTESIAN_POINT('',(8.98861612644059,-1.41942950916632,55.862126275897));
#7733=CARTESIAN_POINT('Ctrl Pts',(9.09968741652263,-0.0754249400381253,
54.8388703912497));
#7734=CARTESIAN_POINT('Ctrl Pts',(9.10302063535652,-0.0754525682212894,
54.8388703912497));
#7735=CARTESIAN_POINT('Ctrl Pts',(9.10635385419041,-0.0754801964044536,
54.8388703912497));
#7736=CARTESIAN_POINT('Ctrl Pts',(9.1096870730243,-0.0755078245876177,54.8388703912497));
#7737=CARTESIAN_POINT('Ctrl Pts',(9.09794884317767,-0.285176170623769,55.1205286118908));
#7738=CARTESIAN_POINT('Ctrl Pts',(9.10128107620957,-0.285280598416887,55.1205286118908));
#7739=CARTESIAN_POINT('Ctrl Pts',(9.10461435612727,-0.28538512323793,55.1205286118908));
#7740=CARTESIAN_POINT('Ctrl Pts',(9.10794658915918,-0.285489551031048,55.1205286118908));
#7741=CARTESIAN_POINT('Ctrl Pts',(9.0868963490314,-0.640406005204656,55.5972146923506));
#7742=CARTESIAN_POINT('Ctrl Pts',(9.09022489764462,-0.640640588353797,55.5972146923506));
#7743=CARTESIAN_POINT('Ctrl Pts',(9.09355340080174,-0.640875164918377,55.5972146923506));
#7744=CARTESIAN_POINT('Ctrl Pts',(9.09688194941495,-0.641109748067518,55.5972146923506));
#7745=CARTESIAN_POINT('Ctrl Pts',(9.0241702404981,-1.19428110911206,55.7852108866484));
#7746=CARTESIAN_POINT('Ctrl Pts',(9.02747602822684,-1.19471859396775,55.7852108866484));
#7747=CARTESIAN_POINT('Ctrl Pts',(9.03078112336331,-1.19515602107958,55.7852108866484));
#7748=CARTESIAN_POINT('Ctrl Pts',(9.03408691109205,-1.19559350593526,55.7852108866484));
#7749=CARTESIAN_POINT('Ctrl Pts',(8.98861612644059,-1.41942950916632,55.862126275897));
#7750=CARTESIAN_POINT('Ctrl Pts',(8.99190865982024,-1.41994944671547,55.862126275897));
#7751=CARTESIAN_POINT('Ctrl Pts',(8.99520119319989,-1.42046938426461,55.862126275897));
#7752=CARTESIAN_POINT('Ctrl Pts',(8.99849372657954,-1.42098932181376,55.862126275897));
#7753=CARTESIAN_POINT('',(9.09968741652263,-0.0754249400381252,54.8388703912497));
#7754=CARTESIAN_POINT('Ctrl Pts',(9.09771683741277,0.203834114554513,54.4568105787039));
#7755=CARTESIAN_POINT('Ctrl Pts',(9.10104933442281,0.203908779065339,54.4568105787039));
#7756=CARTESIAN_POINT('Ctrl Pts',(9.10438183143285,0.203983443576165,54.4568105787039));
#7757=CARTESIAN_POINT('Ctrl Pts',(9.10771432844289,0.204058108086991,54.4568105787039));
#7758=CARTESIAN_POINT('Ctrl Pts',(9.09980204522573,0.110765148788212,54.5841638495525));
#7759=CARTESIAN_POINT('Ctrl Pts',(9.10313530605697,0.11080572210287,54.5841638495525));
#7760=CARTESIAN_POINT('Ctrl Pts',(9.10646856686177,0.110846295417277,54.5841638495525));
#7761=CARTESIAN_POINT('Ctrl Pts',(9.10980182769301,0.110886868731935,54.5841638495525));
#7762=CARTESIAN_POINT('Ctrl Pts',(9.10045900804254,0.0176641846057268,54.7115171204011));
#7763=CARTESIAN_POINT('Ctrl Pts',(9.1037925095195,0.0176706550030591,54.7115171204011));
#7764=CARTESIAN_POINT('Ctrl Pts',(9.10712601097003,0.0176771254002689,54.7115171204011));
#7765=CARTESIAN_POINT('Ctrl Pts',(9.11045951244698,0.0176835957976012,54.7115171204011));
#7766=CARTESIAN_POINT('Ctrl Pts',(9.09968741652263,-0.0754249400381252,
54.8388703912497));
#7767=CARTESIAN_POINT('Ctrl Pts',(9.10302063535652,-0.0754525682212893,
54.8388703912497));
#7768=CARTESIAN_POINT('Ctrl Pts',(9.10635385419041,-0.0754801964044535,
54.8388703912497));
#7769=CARTESIAN_POINT('Ctrl Pts',(9.1096870730243,-0.0755078245876177,54.8388703912497));
#7770=CARTESIAN_POINT('',(9.09771683741277,0.203834114554513,54.4568105787039));
#7771=CARTESIAN_POINT('Ctrl Pts',(8.94289994158771,1.68360940682528,53.5465117543936));
#7772=CARTESIAN_POINT('Ctrl Pts',(8.9461757291121,1.68422611356771,53.5465117543936));
#7773=CARTESIAN_POINT('Ctrl Pts',(8.94945151663649,1.68484282031013,53.5465117543936));
#7774=CARTESIAN_POINT('Ctrl Pts',(8.95272730416088,1.68545952705256,53.5465117543936));
#7775=CARTESIAN_POINT('Ctrl Pts',(8.99381356452216,1.41316934292403,53.5969230737057));
#7776=CARTESIAN_POINT('Ctrl Pts',(8.99710830210244,1.41368701454358,53.5969230737057));
#7777=CARTESIAN_POINT('Ctrl Pts',(9.00040213855125,1.41420460464837,53.5969230737057));
#7778=CARTESIAN_POINT('Ctrl Pts',(9.00369687613153,1.41472227626791,53.5969230737057));
#7779=CARTESIAN_POINT('Ctrl Pts',(9.07475501533656,0.810292898923226,53.7082697531957));
#7780=CARTESIAN_POINT('Ctrl Pts',(9.07807911166769,0.810589712428603,53.7082697531957));
#7781=CARTESIAN_POINT('Ctrl Pts',(9.08140317726404,0.810886517174907,53.7082697531957));
#7782=CARTESIAN_POINT('Ctrl Pts',(9.08472727359517,0.811183330680284,53.7082697531957));
#7783=CARTESIAN_POINT('Ctrl Pts',(9.09291187847117,0.418293583037495,54.1920551526705));
#7784=CARTESIAN_POINT('Ctrl Pts',(9.09624225678695,0.418446766569275,54.1920551526705));
#7785=CARTESIAN_POINT('Ctrl Pts',(9.09957371101085,0.418600062783778,54.1920551526705));
#7786=CARTESIAN_POINT('Ctrl Pts',(9.10290408932663,0.418753246315558,54.1920551526705));
#7787=CARTESIAN_POINT('Ctrl Pts',(9.09771683741277,0.203834114554513,54.4568105787039));
#7788=CARTESIAN_POINT('Ctrl Pts',(9.10104933442281,0.203908779065339,54.4568105787039));
#7789=CARTESIAN_POINT('Ctrl Pts',(9.10438183143285,0.203983443576165,54.4568105787039));
#7790=CARTESIAN_POINT('Ctrl Pts',(9.10771432844289,0.204058108086991,54.4568105787039));
#7791=CARTESIAN_POINT('',(8.94289994158771,1.68360940682528,53.5465117543936));
#7792=CARTESIAN_POINT('Ctrl Pts',(8.70990815076019,2.63581107162884,53.9734222739935));
#7793=CARTESIAN_POINT('Ctrl Pts',(8.71309859330626,2.63677657018988,53.9734222739935));
#7794=CARTESIAN_POINT('Ctrl Pts',(8.71628903585232,2.63774206875091,53.9734222739935));
#7795=CARTESIAN_POINT('Ctrl Pts',(8.71947947839839,2.63870756731195,53.9734222739935));
#7796=CARTESIAN_POINT('Ctrl Pts',(8.74912473901869,2.50622178300557,53.8489252667424));
#7797=CARTESIAN_POINT('Ctrl Pts',(8.75232945839987,2.50713979069149,53.8489252667424));
#7798=CARTESIAN_POINT('Ctrl Pts',(8.75553444242764,2.50805786519109,53.8489252667424));
#7799=CARTESIAN_POINT('Ctrl Pts',(8.75873916180882,2.50897587287701,53.8489252667424));
#7800=CARTESIAN_POINT('Ctrl Pts',(8.82468767693992,2.23941446399099,53.5940304657934));
#7801=CARTESIAN_POINT('Ctrl Pts',(8.82792016011027,2.24023476108501,53.5940304657934));
#7802=CARTESIAN_POINT('Ctrl Pts',(8.83115265275522,2.24105506191234,53.5940304657934));
#7803=CARTESIAN_POINT('Ctrl Pts',(8.83438513592557,2.24187535900636,53.5940304657934));
#7804=CARTESIAN_POINT('Ctrl Pts',(8.90732387602811,1.87258031262152,53.56259390913));
#7805=CARTESIAN_POINT('Ctrl Pts',(8.91058673211454,1.87326626581386,53.56259390913));
#7806=CARTESIAN_POINT('Ctrl Pts',(8.91384928793732,1.8739521399925,53.56259390913));
#7807=CARTESIAN_POINT('Ctrl Pts',(8.91711214402375,1.87463809318484,53.56259390913));
#7808=CARTESIAN_POINT('Ctrl Pts',(8.94289994158771,1.68360940682528,53.5465117543936));
#7809=CARTESIAN_POINT('Ctrl Pts',(8.9461757291121,1.68422611356771,53.5465117543936));
#7810=CARTESIAN_POINT('Ctrl Pts',(8.94945151663649,1.68484282031013,53.5465117543936));
#7811=CARTESIAN_POINT('Ctrl Pts',(8.95272730416088,1.68545952705256,53.5465117543936));
#7812=CARTESIAN_POINT('',(8.70990815076019,2.63581107162884,53.9734222739935));
#7813=CARTESIAN_POINT('Ctrl Pts',(8.59587852876367,2.98678293800199,55.1079734414816));
#7814=CARTESIAN_POINT('Ctrl Pts',(8.59902720221743,2.98787699768623,55.1079734414816));
#7815=CARTESIAN_POINT('Ctrl Pts',(8.60217587567119,2.98897105737049,55.1079734414816));
#7816=CARTESIAN_POINT('Ctrl Pts',(8.60532454912495,2.99006511705473,55.1079734414816));
#7817=CARTESIAN_POINT('Ctrl Pts',(8.59955123515154,2.97621299079213,54.8888752449306));
#7818=CARTESIAN_POINT('Ctrl Pts',(8.60270118361903,2.97730315459657,54.8888752449306));
#7819=CARTESIAN_POINT('Ctrl Pts',(8.60585134298642,2.97839339071384,54.8888752449306));
#7820=CARTESIAN_POINT('Ctrl Pts',(8.60900129145391,2.97948355451828,54.8888752449306));
#7821=CARTESIAN_POINT('Ctrl Pts',(8.6072113032424,2.95656064965954,54.4762390306909));
#7822=CARTESIAN_POINT('Ctrl Pts',(8.61036412373095,2.95764363731487,54.4762390306909));
#7823=CARTESIAN_POINT('Ctrl Pts',(8.61351695671347,2.95872662975109,54.4762390306909));
#7824=CARTESIAN_POINT('Ctrl Pts',(8.61666977720201,2.95980961740642,54.4762390306909));
#7825=CARTESIAN_POINT('Ctrl Pts',(8.67876203256602,2.73873188854319,54.13396053713));
#7826=CARTESIAN_POINT('Ctrl Pts',(8.68194114750762,2.73973511525371,54.13396053713));
#7827=CARTESIAN_POINT('Ctrl Pts',(8.68512001875911,2.74073825731459,54.13396053713));
#7828=CARTESIAN_POINT('Ctrl Pts',(8.68829913370071,2.74174148402511,54.13396053713));
#7829=CARTESIAN_POINT('Ctrl Pts',(8.70990815076019,2.63581107162884,53.9734222739935));
#7830=CARTESIAN_POINT('Ctrl Pts',(8.71309859330626,2.63677657018988,53.9734222739935));
#7831=CARTESIAN_POINT('Ctrl Pts',(8.71628903585232,2.63774206875091,53.9734222739935));
#7832=CARTESIAN_POINT('Ctrl Pts',(8.71947947839839,2.63870756731195,53.9734222739935));
#7833=CARTESIAN_POINT('',(8.59587852876367,2.98678293800199,55.1079734414816));
#7834=CARTESIAN_POINT('Ctrl Pts',(8.62251533052287,2.90899112664477,55.7026579231024));
#7835=CARTESIAN_POINT('Ctrl Pts',(8.62567376104687,2.91005669116003,55.7026579231024));
#7836=CARTESIAN_POINT('Ctrl Pts',(8.62883219157088,2.91112225567528,55.7026579231024));
#7837=CARTESIAN_POINT('Ctrl Pts',(8.63199062209488,2.91218782019053,55.7026579231024));
#7838=CARTESIAN_POINT('Ctrl Pts',(8.61485605056186,2.93169393184748,55.5992960021872));
#7839=CARTESIAN_POINT('Ctrl Pts',(8.61801167888758,2.93276781359009,55.5992960021872));
#7840=CARTESIAN_POINT('Ctrl Pts',(8.62116729701698,2.93384169178822,55.5992960021872));
#7841=CARTESIAN_POINT('Ctrl Pts',(8.62432292534269,2.93491557353083,55.5992960021872));
#7842=CARTESIAN_POINT('Ctrl Pts',(8.60012707506092,2.97462678833531,55.4034910412111));
#7843=CARTESIAN_POINT('Ctrl Pts',(8.60327730443029,2.9757163951024,55.4034910412111));
#7844=CARTESIAN_POINT('Ctrl Pts',(8.60642753478502,2.97680600221474,55.4034910412111));
#7845=CARTESIAN_POINT('Ctrl Pts',(8.60957776415439,2.97789560898183,55.4034910412111));
#7846=CARTESIAN_POINT('Ctrl Pts',(8.59723399871469,2.98288193304439,55.2027478899156));
#7847=CARTESIAN_POINT('Ctrl Pts',(8.60038316647671,2.98397456302578,55.2027478899156));
#7848=CARTESIAN_POINT('Ctrl Pts',(8.60353234084138,2.98506719529711,55.2027478899156));
#7849=CARTESIAN_POINT('Ctrl Pts',(8.60668150860339,2.9861598252785,55.2027478899156));
#7850=CARTESIAN_POINT('Ctrl Pts',(8.59587852876367,2.98678293800199,55.1079734414816));
#7851=CARTESIAN_POINT('Ctrl Pts',(8.59902720221743,2.98787699768623,55.1079734414816));
#7852=CARTESIAN_POINT('Ctrl Pts',(8.60217587567119,2.98897105737049,55.1079734414816));
#7853=CARTESIAN_POINT('Ctrl Pts',(8.60532454912495,2.99006511705473,55.1079734414816));
#7854=CARTESIAN_POINT('',(8.62251533052287,2.90899112664477,55.7026579231024));
#7855=CARTESIAN_POINT('Ctrl Pts',(8.69819319833652,2.67421672353091,56.4136213064194));
#7856=CARTESIAN_POINT('Ctrl Pts',(8.70137934969122,2.67519629009631,56.4136213064194));
#7857=CARTESIAN_POINT('Ctrl Pts',(8.70456550104592,2.6761758566617,56.4136213064194));
#7858=CARTESIAN_POINT('Ctrl Pts',(8.70775165240062,2.6771554232271,56.4136213064194));
#7859=CARTESIAN_POINT('Ctrl Pts',(8.68334648285965,2.72250734950828,56.2910247838803));
#7860=CARTESIAN_POINT('Ctrl Pts',(8.68652720304958,2.72350460730948,56.2910247838803));
#7861=CARTESIAN_POINT('Ctrl Pts',(8.68970790166189,2.72450185802522,56.2910247838803));
#7862=CARTESIAN_POINT('Ctrl Pts',(8.69288862185181,2.72549911582642,56.2910247838803));
#7863=CARTESIAN_POINT('Ctrl Pts',(8.65435052773828,2.81375583581175,56.0586942106711));
#7864=CARTESIAN_POINT('Ctrl Pts',(8.65752061914223,2.8147865154786,56.0586942106711));
#7865=CARTESIAN_POINT('Ctrl Pts',(8.66069071163954,2.81581719552492,56.0586942106711));
#7866=CARTESIAN_POINT('Ctrl Pts',(8.66386080304349,2.81684787519177,56.0586942106711));
#7867=CARTESIAN_POINT('Ctrl Pts',(8.63281276532667,2.87846858958802,55.81687407202));
#7868=CARTESIAN_POINT('Ctrl Pts',(8.6359749620573,2.8795229718149,55.81687407202));
#7869=CARTESIAN_POINT('Ctrl Pts',(8.63913717603047,2.88057735965738,55.81687407202));
#7870=CARTESIAN_POINT('Ctrl Pts',(8.64229937276109,2.88163174188427,55.81687407202));
#7871=CARTESIAN_POINT('Ctrl Pts',(8.62251533052287,2.90899112664477,55.7026579231024));
#7872=CARTESIAN_POINT('Ctrl Pts',(8.62567376104687,2.91005669116003,55.7026579231024));
#7873=CARTESIAN_POINT('Ctrl Pts',(8.62883219157088,2.91112225567528,55.7026579231024));
#7874=CARTESIAN_POINT('Ctrl Pts',(8.63199062209488,2.91218782019053,55.7026579231024));
#7875=CARTESIAN_POINT('',(8.69819319833652,2.67421672353091,56.4136213064194));
#7876=CARTESIAN_POINT('Origin',(8.80487280715419,2.2987420146325,56.4136213064194));
#7877=CARTESIAN_POINT('',(8.89535236484162,1.91903785926872,56.4136213064194));
#7878=CARTESIAN_POINT('Origin',(8.89535236484162,1.91903785926872,56.2292359396815));
#7879=CARTESIAN_POINT('',(8.89535236484162,1.91903785926871,56.0448505729437));
#7880=CARTESIAN_POINT('Ctrl Pts',(8.80445303104588,2.30034928306705,56.0049834102392));
#7881=CARTESIAN_POINT('Ctrl Pts',(8.80767810541622,2.30119190185205,56.0049834102392));
#7882=CARTESIAN_POINT('Ctrl Pts',(8.81090317978657,2.30203452063706,56.0049834102392));
#7883=CARTESIAN_POINT('Ctrl Pts',(8.81412825415692,2.30287713942206,56.0049834102392));
#7884=CARTESIAN_POINT('Ctrl Pts',(8.83748592905557,2.17391778801255,56.018272464474));
#7885=CARTESIAN_POINT('Ctrl Pts',(8.84072310342182,2.17471409490266,56.018272464474));
#7886=CARTESIAN_POINT('Ctrl Pts',(8.84396027768829,2.17551040176862,56.018272464474));
#7887=CARTESIAN_POINT('Ctrl Pts',(8.84719745205454,2.17630670865872,56.018272464474));
#7888=CARTESIAN_POINT('Ctrl Pts',(8.86779507936824,2.04677466410574,56.0315615187089));
#7889=CARTESIAN_POINT('Ctrl Pts',(8.87104335598739,2.04752439842275,56.0315615187089));
#7890=CARTESIAN_POINT('Ctrl Pts',(8.87429163250662,2.04827413271631,56.0315615187089));
#7891=CARTESIAN_POINT('Ctrl Pts',(8.87753990912578,2.04902386703333,56.0315615187089));
#7892=CARTESIAN_POINT('Ctrl Pts',(8.89535236484162,1.91903785926871,56.0448505729437));
#7893=CARTESIAN_POINT('Ctrl Pts',(8.89861073567123,1.91974080353951,56.0448505729437));
#7894=CARTESIAN_POINT('Ctrl Pts',(8.90186910650084,1.9204437478103,56.0448505729437));
#7895=CARTESIAN_POINT('Ctrl Pts',(8.90512747733045,1.9211466920811,56.0448505729437));
#7896=CARTESIAN_POINT('',(8.80445303104588,2.30034928306705,56.0049834102392));
#7897=CARTESIAN_POINT('Ctrl Pts',(8.72601823047227,2.58197711869519,55.5963455885649));
#7898=CARTESIAN_POINT('Ctrl Pts',(8.72921457414644,2.58292289785955,55.5963455885649));
#7899=CARTESIAN_POINT('Ctrl Pts',(8.73241091782061,2.58386867702391,55.5963455885649));
#7900=CARTESIAN_POINT('Ctrl Pts',(8.73560726149477,2.58481445618826,55.5963455885649));
#7901=CARTESIAN_POINT('Ctrl Pts',(8.73668578261301,2.54592519020189,55.6678394887025));
#7902=CARTESIAN_POINT('Ctrl Pts',(8.7398860244189,2.54685776087756,55.6678394887025));
#7903=CARTESIAN_POINT('Ctrl Pts',(8.74308629441437,2.54779033951545,55.6678394887025));
#7904=CARTESIAN_POINT('Ctrl Pts',(8.74628653622027,2.54872291019112,55.6678394887025));
#7905=CARTESIAN_POINT('Ctrl Pts',(8.75866119831535,2.47040794903784,55.8173938826543));
#7906=CARTESIAN_POINT('Ctrl Pts',(8.76186949858053,2.4713128602071,55.8173938826543));
#7907=CARTESIAN_POINT('Ctrl Pts',(8.7650778004659,2.47221777187852,55.8173938826543));
#7908=CARTESIAN_POINT('Ctrl Pts',(8.76828610073108,2.47312268304778,55.8173938826543));
#7909=CARTESIAN_POINT('Ctrl Pts',(8.7891851879169,2.35878606425674,55.9406496080816));
#7910=CARTESIAN_POINT('Ctrl Pts',(8.79240468115405,2.35965009173592,55.9406496080816));
#7911=CARTESIAN_POINT('Ctrl Pts',(8.7956241399412,2.36051410937565,55.9406496080816));
#7912=CARTESIAN_POINT('Ctrl Pts',(8.79884363317835,2.36137813685483,55.9406496080816));
#7913=CARTESIAN_POINT('Ctrl Pts',(8.80445303104588,2.30034928306705,56.0049834102392));
#7914=CARTESIAN_POINT('Ctrl Pts',(8.80767810541622,2.30119190185205,56.0049834102392));
#7915=CARTESIAN_POINT('Ctrl Pts',(8.81090317978657,2.30203452063706,56.0049834102392));
#7916=CARTESIAN_POINT('Ctrl Pts',(8.81412825415692,2.30287713942206,56.0049834102392));
#7917=CARTESIAN_POINT('',(8.72601823047227,2.58197711869519,55.5963455885649));
#7918=CARTESIAN_POINT('Ctrl Pts',(8.69819319833652,2.67421672353091,55.1511628180742));
#7919=CARTESIAN_POINT('Ctrl Pts',(8.70137934969122,2.67519629009631,55.1511628180742));
#7920=CARTESIAN_POINT('Ctrl Pts',(8.70456550104592,2.6761758566617,55.1511628180742));
#7921=CARTESIAN_POINT('Ctrl Pts',(8.70775165240062,2.6771554232271,55.1511628180742));
#7922=CARTESIAN_POINT('Ctrl Pts',(8.69937747049783,2.67036474400812,55.2278860812756));
#7923=CARTESIAN_POINT('Ctrl Pts',(8.70256405186563,2.67134289843158,55.2278860812756));
#7924=CARTESIAN_POINT('Ctrl Pts',(8.70575064459212,2.67232105633632,55.2278860812756));
#7925=CARTESIAN_POINT('Ctrl Pts',(8.70893722595992,2.67329921075978,55.2278860812756));
#7926=CARTESIAN_POINT('Ctrl Pts',(8.70178814933546,2.66266547824984,55.3814820037342));
#7927=CARTESIAN_POINT('Ctrl Pts',(8.70497561713001,2.66364081346727,55.3814820037342));
#7928=CARTESIAN_POINT('Ctrl Pts',(8.70816308610062,2.66461614905248,55.3814820037342));
#7929=CARTESIAN_POINT('Ctrl Pts',(8.71135055389517,2.6655914842699,55.3814820037342));
#7930=CARTESIAN_POINT('Ctrl Pts',(8.71804507077926,2.6089231114896,55.5246779667983));
#7931=CARTESIAN_POINT('Ctrl Pts',(8.72123849898979,2.6098787625519,55.5246779667983));
#7932=CARTESIAN_POINT('Ctrl Pts',(8.72443191187728,2.61083440890148,55.5246779667983));
#7933=CARTESIAN_POINT('Ctrl Pts',(8.72762534008781,2.61179005996377,55.5246779667983));
#7934=CARTESIAN_POINT('Ctrl Pts',(8.72601823047227,2.58197711869519,55.5963455885649));
#7935=CARTESIAN_POINT('Ctrl Pts',(8.72921457414644,2.58292289785955,55.5963455885649));
#7936=CARTESIAN_POINT('Ctrl Pts',(8.73241091782061,2.58386867702391,55.5963455885649));
#7937=CARTESIAN_POINT('Ctrl Pts',(8.73560726149477,2.58481445618826,55.5963455885649));
#7938=CARTESIAN_POINT('',(8.69819319833652,2.67421672353091,55.1511628180742));
#7939=CARTESIAN_POINT('Ctrl Pts',(8.77916827686223,2.39503744574815,54.4933553785086));
#7940=CARTESIAN_POINT('Ctrl Pts',(8.78238408941786,2.39591474884184,54.4933553785086));
#7941=CARTESIAN_POINT('Ctrl Pts',(8.78559990197349,2.39679205193552,54.4933553785086));
#7942=CARTESIAN_POINT('Ctrl Pts',(8.78881571452911,2.3976693550292,54.4933553785086));
#7943=CARTESIAN_POINT('Ctrl Pts',(8.75685450640071,2.47683004824827,54.5848556004224));
#7944=CARTESIAN_POINT('Ctrl Pts',(8.7600621929842,2.47773732663926,54.5848556004224));
#7945=CARTESIAN_POINT('Ctrl Pts',(8.76326973685722,2.47864456111909,54.5848556004224));
#7946=CARTESIAN_POINT('Ctrl Pts',(8.76647742344071,2.47955183951008,54.5848556004224));
#7947=CARTESIAN_POINT('Ctrl Pts',(8.70851934413997,2.64200920589691,54.7705911100168));
#7948=CARTESIAN_POINT('Ctrl Pts',(8.71170927462567,2.6429769737491,54.7705911100168));
#7949=CARTESIAN_POINT('Ctrl Pts',(8.71489921513134,2.64394474486439,54.7705911100168));
#7950=CARTESIAN_POINT('Ctrl Pts',(8.71808914561704,2.64491251271658,54.7705911100168));
#7951=CARTESIAN_POINT('Ctrl Pts',(8.70153830983134,2.66333636899722,55.0230662996482));
#7952=CARTESIAN_POINT('Ctrl Pts',(8.70472564983024,2.6643119389228,55.0230662996482));
#7953=CARTESIAN_POINT('Ctrl Pts',(8.70791309984324,2.66528754233427,55.0230662996482));
#7954=CARTESIAN_POINT('Ctrl Pts',(8.71110043984214,2.66626311225985,55.0230662996482));
#7955=CARTESIAN_POINT('Ctrl Pts',(8.69819319833652,2.67421672353091,55.1511628180742));
#7956=CARTESIAN_POINT('Ctrl Pts',(8.70137934969122,2.67519629009631,55.1511628180742));
#7957=CARTESIAN_POINT('Ctrl Pts',(8.70456550104592,2.6761758566617,55.1511628180742));
#7958=CARTESIAN_POINT('Ctrl Pts',(8.70775165240062,2.6771554232271,55.1511628180742));
#7959=CARTESIAN_POINT('',(8.77916827686223,2.39503744574815,54.4933553785086));
#7960=CARTESIAN_POINT('Ctrl Pts',(8.94820426690561,1.65518591032316,54.2408638447523));
#7961=CARTESIAN_POINT('Ctrl Pts',(8.9514819974063,1.65579220552841,54.2408638447523));
#7962=CARTESIAN_POINT('Ctrl Pts',(8.954759727907,1.65639850073366,54.2408638447523));
#7963=CARTESIAN_POINT('Ctrl Pts',(8.9580374584077,1.6570047959389,54.2408638447523));
#7964=CARTESIAN_POINT('Ctrl Pts',(8.921685951398,1.79854823747709,54.2489290361965));
#7965=CARTESIAN_POINT('Ctrl Pts',(8.92495400745479,1.79920705584932,54.2489290361965));
#7966=CARTESIAN_POINT('Ctrl Pts',(8.92822194583725,1.79986584573945,54.2489290361965));
#7967=CARTESIAN_POINT('Ctrl Pts',(8.93149000189404,1.80052466411168,54.2489290361965));
#7968=CARTESIAN_POINT('Ctrl Pts',(8.86428635054409,2.06931024218162,54.2642364528584));
#7969=CARTESIAN_POINT('Ctrl Pts',(8.86753334019178,2.07006823075979,54.2642364528584));
#7970=CARTESIAN_POINT('Ctrl Pts',(8.870780334908,2.07082622090256,54.2642364528584));
#7971=CARTESIAN_POINT('Ctrl Pts',(8.87402732455568,2.07158420948073,54.2642364528584));
#7972=CARTESIAN_POINT('Ctrl Pts',(8.80762310797929,2.290734378959,54.4197696927556));
#7973=CARTESIAN_POINT('Ctrl Pts',(8.81084931118399,2.29157346822427,54.4197696927556));
#7974=CARTESIAN_POINT('Ctrl Pts',(8.81407561148666,2.29241258022006,54.4197696927556));
#7975=CARTESIAN_POINT('Ctrl Pts',(8.81730181469136,2.29325166948533,54.4197696927556));
#7976=CARTESIAN_POINT('Ctrl Pts',(8.77916827686223,2.39503744574815,54.4933553785086));
#7977=CARTESIAN_POINT('Ctrl Pts',(8.78238408941786,2.39591474884184,54.4933553785086));
#7978=CARTESIAN_POINT('Ctrl Pts',(8.78559990197349,2.39679205193552,54.4933553785086));
#7979=CARTESIAN_POINT('Ctrl Pts',(8.78881571452911,2.3976693550292,54.4933553785086));
#7980=CARTESIAN_POINT('',(8.94820426690561,1.65518591032316,54.2408638447523));
#7981=CARTESIAN_POINT('Ctrl Pts',(9.0518152404243,0.935222354962928,54.4534885138273));
#7982=CARTESIAN_POINT('Ctrl Pts',(9.05513092366255,0.935564927254123,54.4534885138273));
#7983=CARTESIAN_POINT('Ctrl Pts',(9.0584466069008,0.935907499545318,54.4534885138273));
#7984=CARTESIAN_POINT('Ctrl Pts',(9.06176229013905,0.936250071836513,54.4534885138273));
#7985=CARTESIAN_POINT('Ctrl Pts',(9.04010215576023,1.0485907723366,54.3914731296905));
#7986=CARTESIAN_POINT('Ctrl Pts',(9.04341352639884,1.04897486831908,54.3914731296905));
#7987=CARTESIAN_POINT('Ctrl Pts',(9.04672496331476,1.04935897390614,54.3914731296905));
#7988=CARTESIAN_POINT('Ctrl Pts',(9.05003633395337,1.04974306988862,54.3914731296905));
#7989=CARTESIAN_POINT('Ctrl Pts',(9.01281177182877,1.27413815114922,54.2678761461262));
#7990=CARTESIAN_POINT('Ctrl Pts',(9.01611316793378,1.27460486847332,54.2678761461262));
#7991=CARTESIAN_POINT('Ctrl Pts',(9.019414564484,1.27507158563957,54.2678761461262));
#7992=CARTESIAN_POINT('Ctrl Pts',(9.02271596058902,1.27553830296367,54.2678761461262));
#7993=CARTESIAN_POINT('Ctrl Pts',(8.97158002402338,1.5288127649992,54.2498468529164));
#7994=CARTESIAN_POINT('Ctrl Pts',(8.97486633959966,1.52937277276558,54.2498468529164));
#7995=CARTESIAN_POINT('Ctrl Pts',(8.97815258759439,1.52993277126029,54.2498468529164));
#7996=CARTESIAN_POINT('Ctrl Pts',(8.98143890317066,1.53049277902667,54.2498468529164));
#7997=CARTESIAN_POINT('Ctrl Pts',(8.94820426690561,1.65518591032316,54.2408638447523));
#7998=CARTESIAN_POINT('Ctrl Pts',(8.9514819974063,1.65579220552841,54.2408638447523));
#7999=CARTESIAN_POINT('Ctrl Pts',(8.954759727907,1.65639850073366,54.2408638447523));
#8000=CARTESIAN_POINT('Ctrl Pts',(8.9580374584077,1.6570047959389,54.2408638447523));
#8001=CARTESIAN_POINT('',(9.0518152404243,0.935222354962928,54.4534885138273));
#8002=CARTESIAN_POINT('Ctrl Pts',(9.09989751349491,0.0431884694006836,55.2607973664999));
#8003=CARTESIAN_POINT('Ctrl Pts',(9.1032308092874,0.043204289352845,55.2607973664999));
#8004=CARTESIAN_POINT('Ctrl Pts',(9.10656410507989,0.0432201093050064,55.2607973664999));
#8005=CARTESIAN_POINT('Ctrl Pts',(9.10989740087238,0.0432359292571678,55.2607973664999));
#8006=CARTESIAN_POINT('Ctrl Pts',(9.09912761361982,0.205407924179902,55.0884479455025));
#8007=CARTESIAN_POINT('Ctrl Pts',(9.10246057515797,0.205483161593785,55.0884479455025));
#8008=CARTESIAN_POINT('Ctrl Pts',(9.10579369341533,0.205558409759622,55.0884479455025));
#8009=CARTESIAN_POINT('Ctrl Pts',(9.10912665495347,0.205633647173506,55.0884479455025));
#8010=CARTESIAN_POINT('Ctrl Pts',(9.09107303481366,0.481684084079714,54.7949234028652));
#8011=CARTESIAN_POINT('Ctrl Pts',(9.09440310117792,0.481860525414002,54.7949234028652));
#8012=CARTESIAN_POINT('Ctrl Pts',(9.09773315859755,0.482036965914745,54.7949234028652));
#8013=CARTESIAN_POINT('Ctrl Pts',(9.10106322496181,0.482213407249032,54.7949234028652));
#8014=CARTESIAN_POINT('Ctrl Pts',(9.06548456395594,0.802919923981245,54.5532556893889));
#8015=CARTESIAN_POINT('Ctrl Pts',(9.06880528751844,0.803214035921427,54.5532556893889));
#8016=CARTESIAN_POINT('Ctrl Pts',(9.07212591134284,0.803508141627856,54.5532556893889));
#8017=CARTESIAN_POINT('Ctrl Pts',(9.07544663490534,0.803802253568038,54.5532556893889));
#8018=CARTESIAN_POINT('Ctrl Pts',(9.0518152404243,0.935222354962928,54.4534885138273));
#8019=CARTESIAN_POINT('Ctrl Pts',(9.05513092366255,0.935564927254123,54.4534885138273));
#8020=CARTESIAN_POINT('Ctrl Pts',(9.0584466069008,0.935907499545318,54.4534885138273));
#8021=CARTESIAN_POINT('Ctrl Pts',(9.06176229013905,0.936250071836513,54.4534885138273));
#8022=CARTESIAN_POINT('',(9.09989751349491,0.0431884694006836,55.2607973664999));
#8023=CARTESIAN_POINT('Ctrl Pts',(9.09561873860077,-0.282346882424014,55.6096345931292));
#8024=CARTESIAN_POINT('Ctrl Pts',(9.09895046707645,-0.28245030619047,55.6096345931292));
#8025=CARTESIAN_POINT('Ctrl Pts',(9.10228219555212,-0.282553729956926,55.6096345931292));
#8026=CARTESIAN_POINT('Ctrl Pts',(9.1056139240278,-0.282657153723382,55.6096345931292));
#8027=CARTESIAN_POINT('Ctrl Pts',(9.09898601822846,-0.173872188399484,55.4933555175861));
#8028=CARTESIAN_POINT('Ctrl Pts',(9.10231898015617,-0.173935877846044,55.4933555175861));
#8029=CARTESIAN_POINT('Ctrl Pts',(9.10565194203506,-0.173999567291824,55.4933555175861));
#8030=CARTESIAN_POINT('Ctrl Pts',(9.10898490396278,-0.174063256738384,55.4933555175861));
#8031=CARTESIAN_POINT('Ctrl Pts',(9.10041258081889,-0.0653372534555057,
55.377076442043));
#8032=CARTESIAN_POINT('Ctrl Pts',(9.103746065297,-0.0653611865155475,55.377076442043));
#8033=CARTESIAN_POINT('Ctrl Pts',(9.10707954972629,-0.0653851195750853,
55.377076442043));
#8034=CARTESIAN_POINT('Ctrl Pts',(9.1104130342044,-0.0654090526351271,55.377076442043));
#8035=CARTESIAN_POINT('Ctrl Pts',(9.09989751349491,0.0431884694006836,55.2607973664999));
#8036=CARTESIAN_POINT('Ctrl Pts',(9.1032308092874,0.043204289352845,55.2607973664999));
#8037=CARTESIAN_POINT('Ctrl Pts',(9.10656410507989,0.0432201093050064,55.2607973664999));
#8038=CARTESIAN_POINT('Ctrl Pts',(9.10989740087238,0.0432359292571678,55.2607973664999));
#8039=CARTESIAN_POINT('',(9.09561873860077,-0.282346882424014,55.6096345931292));
#8040=CARTESIAN_POINT('Ctrl Pts',(8.94699317306538,-1.66171994064026,56.4966777712107));
#8041=CARTESIAN_POINT('Ctrl Pts',(8.95027045994196,-1.66232862926321,56.4966777712107));
#8042=CARTESIAN_POINT('Ctrl Pts',(8.95354774681854,-1.66293731788615,56.4966777712107));
#8043=CARTESIAN_POINT('Ctrl Pts',(8.95682503369512,-1.6635460065091,56.4966777712107));
#8044=CARTESIAN_POINT('Ctrl Pts',(8.99483191816667,-1.40414770156348,56.3910520917215));
#8045=CARTESIAN_POINT('Ctrl Pts',(8.99812689027876,-1.40466205560054,56.3910520917215));
#8046=CARTESIAN_POINT('Ctrl Pts',(9.00142137673388,-1.40517636697869,56.3910520917215));
#8047=CARTESIAN_POINT('Ctrl Pts',(9.00471634884597,-1.40569072101575,56.3910520917215));
#8048=CARTESIAN_POINT('Ctrl Pts',(9.06524935716813,-0.890134959358066,56.182032029124));
#8049=CARTESIAN_POINT('Ctrl Pts',(9.068569957518,-0.89046101671371,56.182032029124));
#8050=CARTESIAN_POINT('Ctrl Pts',(9.07189056929866,-0.890787072287431,56.182032029124));
#8051=CARTESIAN_POINT('Ctrl Pts',(9.07521116964853,-0.891113129643075,56.182032029124));
#8052=CARTESIAN_POINT('Ctrl Pts',(9.08937233173171,-0.483570763061103,55.7990710311716));
#8053=CARTESIAN_POINT('Ctrl Pts',(9.09270162366728,-0.483747880036549,55.7990710311716));
#8054=CARTESIAN_POINT('Ctrl Pts',(9.09603136103981,-0.483925042528581,55.7990710311716));
#8055=CARTESIAN_POINT('Ctrl Pts',(9.09936065297537,-0.484102159504027,55.7990710311716));
#8056=CARTESIAN_POINT('Ctrl Pts',(9.09561873860077,-0.282346882424014,55.6096345931292));
#8057=CARTESIAN_POINT('Ctrl Pts',(9.09895046707645,-0.28245030619047,55.6096345931292));
#8058=CARTESIAN_POINT('Ctrl Pts',(9.10228219555212,-0.282553729956926,55.6096345931292));
#8059=CARTESIAN_POINT('Ctrl Pts',(9.1056139240278,-0.282657153723382,55.6096345931292));
#8060=CARTESIAN_POINT('',(8.94699317306538,-1.66171994064026,56.4966777712107));
#8061=CARTESIAN_POINT('Origin',(8.91550387500552,-1.82312661512074,56.4966777712107));
#8062=CARTESIAN_POINT('',(8.88110299468406,-1.98393790170304,56.4966777712107));
#8063=CARTESIAN_POINT('Origin',(8.88110299468406,-1.98393790170304,55.0315615534782));
#8064=CARTESIAN_POINT('Origin',(0.,0.,0.));
#8065=CARTESIAN_POINT('',(8.77152368628519,2.46017727429101,11.4634575694799));
#8066=CARTESIAN_POINT('',(8.89086244852437,-1.98611805324338,13.5963501781225));
#8067=CARTESIAN_POINT('Ctrl Pts',(8.77152368628519,2.46017727429101,11.4634575694799));
#8068=CARTESIAN_POINT('Ctrl Pts',(8.98654876071742,1.69352620681007,12.0495804721556));
#8069=CARTESIAN_POINT('Ctrl Pts',(9.20150595140263,0.329909731990129,13.0550012706515));
#8070=CARTESIAN_POINT('Ctrl Pts',(9.04043951991938,-1.31653591785398,13.437029984801));
#8071=CARTESIAN_POINT('Ctrl Pts',(8.89086244852437,-1.98611805324338,13.5963501781225));
#8072=CARTESIAN_POINT('',(8.6459767299653,2.87039829725746,11.4634575694799));
#8073=CARTESIAN_POINT('Origin',(0.,0.,11.4634575694799));
#8074=CARTESIAN_POINT('',(8.6459767299653,2.87039829725746,14.6196045726538));
#8075=CARTESIAN_POINT('',(8.6459767299653,2.87039829725746,14.6196045726538));
#8076=CARTESIAN_POINT('',(8.81998454433756,2.28034485059751,14.6196045726538));
#8077=CARTESIAN_POINT('Origin',(0.,0.,14.6196045726538));
#8078=CARTESIAN_POINT('',(8.81998454433756,2.28034485059751,12.0083107799292));
#8079=CARTESIAN_POINT('',(8.81998454433756,2.28034485059751,12.0083107799292));
#8080=CARTESIAN_POINT('',(8.89086244852437,-1.98611805324338,14.3604626506567));
#8081=CARTESIAN_POINT('Ctrl Pts',(8.89086244852437,-1.98611805324338,14.3604626506567));
#8082=CARTESIAN_POINT('Ctrl Pts',(9.02847825443994,-1.37008055278356,14.1409675586988));
#8083=CARTESIAN_POINT('Ctrl Pts',(9.19781047318122,0.189722713804294,13.5980049428747));
#8084=CARTESIAN_POINT('Ctrl Pts',(9.01757398862552,1.51610261579367,12.6017970992952));
#8085=CARTESIAN_POINT('Ctrl Pts',(8.81998454433756,2.28034485059751,12.0083107799292));
#8086=CARTESIAN_POINT('',(8.89086244852437,-1.98611805324338,13.5963501781225));
#8087=CARTESIAN_POINT('Ctrl Pts',(8.7618952299885,2.45747675038948,11.4634575694799));
#8088=CARTESIAN_POINT('Ctrl Pts',(8.76510471542073,2.45837692502332,11.4634575694799));
#8089=CARTESIAN_POINT('Ctrl Pts',(8.76831420085296,2.45927709965716,11.4634575694799));
#8090=CARTESIAN_POINT('Ctrl Pts',(8.77152368628519,2.46017727429101,11.4634575694799));
#8091=CARTESIAN_POINT('Ctrl Pts',(8.97668427250587,1.69166723183004,12.0495804721556));
#8092=CARTESIAN_POINT('Ctrl Pts',(8.97997092086402,1.6922869646985,12.0495804721556));
#8093=CARTESIAN_POINT('Ctrl Pts',(8.98326211235927,1.69290647394161,12.0495804721556));
#8094=CARTESIAN_POINT('Ctrl Pts',(8.98654876071742,1.69352620681007,12.0495804721556));
#8095=CARTESIAN_POINT('Ctrl Pts',(9.19140550579187,0.329547591779382,13.0550012706515));
#8096=CARTESIAN_POINT('Ctrl Pts',(9.19477238417158,0.329668286236545,13.0550012706515));
#8097=CARTESIAN_POINT('Ctrl Pts',(9.19813907302291,0.329789037532966,13.0550012706515));
#8098=CARTESIAN_POINT('Ctrl Pts',(9.20150595140263,0.329909731990129,13.0550012706515));
#8099=CARTESIAN_POINT('Ctrl Pts',(9.03051587609949,-1.31509076316918,13.437029984801));
#8100=CARTESIAN_POINT('Ctrl Pts',(9.033824826872,-1.31557249646264,13.437029984801));
#8101=CARTESIAN_POINT('Ctrl Pts',(9.03713056914686,-1.31605418456052,13.437029984801));
#8102=CARTESIAN_POINT('Ctrl Pts',(9.04043951991938,-1.31653591785398,13.437029984801));
#8103=CARTESIAN_POINT('Ctrl Pts',(8.88110299468406,-1.98393790170304,13.5963501781225));
#8104=CARTESIAN_POINT('Ctrl Pts',(8.88435614596416,-1.98466461888315,13.5963501781225));
#8105=CARTESIAN_POINT('Ctrl Pts',(8.88760929724427,-1.98539133606327,13.5963501781225));
#8106=CARTESIAN_POINT('Ctrl Pts',(8.89086244852437,-1.98611805324338,13.5963501781225));
#8107=CARTESIAN_POINT('',(8.7618952299885,2.45747675038948,11.4634575694799));
#8108=CARTESIAN_POINT('',(8.88110299468406,-1.98393790170304,13.5963501781225));
#8109=CARTESIAN_POINT('Origin',(8.70160307732178,2.66310042708572,11.4634575694799));
#8110=CARTESIAN_POINT('',(8.63648608591484,2.86724747585542,11.4634575694799));
#8111=CARTESIAN_POINT('Origin',(8.63648608591484,2.86724747585542,13.0415310710669));
#8112=CARTESIAN_POINT('',(8.63648608591484,2.86724747585542,14.6196045726538));
#8113=CARTESIAN_POINT('Origin',(8.72837105082998,2.57401219869547,14.6196045726538));
#8114=CARTESIAN_POINT('',(8.810302892807,2.27784172781969,14.6196045726538));
#8115=CARTESIAN_POINT('Origin',(8.810302892807,2.27784172781969,13.3139576762915));
#8116=CARTESIAN_POINT('',(8.810302892807,2.27784172781969,12.0083107799292));
#8117=CARTESIAN_POINT('Ctrl Pts',(8.88110299468406,-1.98393790170304,14.3604626506567));
#8118=CARTESIAN_POINT('Ctrl Pts',(8.88435614596416,-1.98466461888315,14.3604626506567));
#8119=CARTESIAN_POINT('Ctrl Pts',(8.88760929724427,-1.98539133606327,14.3604626506567));
#8120=CARTESIAN_POINT('Ctrl Pts',(8.89086244852437,-1.98611805324338,14.3604626506567));
#8121=CARTESIAN_POINT('Ctrl Pts',(9.01856774043946,-1.36857662242924,14.1409675586988));
#8122=CARTESIAN_POINT('Ctrl Pts',(9.02187207529181,-1.36907796531466,14.1409675586988));
#8123=CARTESIAN_POINT('Ctrl Pts',(9.02517391958759,-1.36957920989814,14.1409675586988));
#8124=CARTESIAN_POINT('Ctrl Pts',(9.02847825443994,-1.37008055278356,14.1409675586988));
#8125=CARTESIAN_POINT('Ctrl Pts',(9.18771408407783,0.189514456160162,13.5980049428747));
#8126=CARTESIAN_POINT('Ctrl Pts',(9.19107960190093,0.189583861824258,13.5980049428747));
#8127=CARTESIAN_POINT('Ctrl Pts',(9.19444495535812,0.189653308140199,13.5980049428747));
#8128=CARTESIAN_POINT('Ctrl Pts',(9.19781047318122,0.189722713804294,13.5980049428747));
#8129=CARTESIAN_POINT('Ctrl Pts',(9.00767544418137,1.51443839777414,12.6017970992952));
#8130=CARTESIAN_POINT('Ctrl Pts',(9.01097369733227,1.51499322583475,12.6017970992952));
#8131=CARTESIAN_POINT('Ctrl Pts',(9.01427573547462,1.51554778773307,12.6017970992952));
#8132=CARTESIAN_POINT('Ctrl Pts',(9.01757398862552,1.51610261579367,12.6017970992952));
#8133=CARTESIAN_POINT('Ctrl Pts',(8.810302892807,2.27784172781969,12.0083107799292));
#8134=CARTESIAN_POINT('Ctrl Pts',(8.81353010998385,2.27867610207896,12.0083107799292));
#8135=CARTESIAN_POINT('Ctrl Pts',(8.81675732716071,2.27951047633824,12.0083107799292));
#8136=CARTESIAN_POINT('Ctrl Pts',(8.81998454433756,2.28034485059751,12.0083107799292));
#8137=CARTESIAN_POINT('',(8.88110299468406,-1.98393790170304,14.3604626506567));
#8138=CARTESIAN_POINT('Origin',(8.88110299468406,-1.98393790170304,13.9784064143896));
#8139=CARTESIAN_POINT('Origin',(0.,0.,0.));
#8140=CARTESIAN_POINT('',(8.86322341049232,-2.10603199778657,19.8986735194921));
#8141=CARTESIAN_POINT('',(8.87311899104298,-2.063942676237,20.5797352641821));
#8142=CARTESIAN_POINT('Ctrl Pts',(8.86322341049232,-2.10603199778657,19.8986735194921));
#8143=CARTESIAN_POINT('Ctrl Pts',(8.86357951687405,-2.10453332615075,20.0164701382982));
#8144=CARTESIAN_POINT('Ctrl Pts',(8.86427747987382,-2.10163790053613,20.2442283966184));
#8145=CARTESIAN_POINT('Ctrl Pts',(8.8702628510452,-2.07622153957329,20.4704941875913));
#8146=CARTESIAN_POINT('Ctrl Pts',(8.87311899104298,-2.063942676237,20.5797352641821));
#8147=CARTESIAN_POINT('',(8.94664160497443,-1.71747023035063,18.7026586383581));
#8148=CARTESIAN_POINT('Ctrl Pts',(8.94664160497443,-1.71747023035063,18.7026586383581));
#8149=CARTESIAN_POINT('Ctrl Pts',(8.9248125447156,-1.83118211615678,18.8702966500921));
#8150=CARTESIAN_POINT('Ctrl Pts',(8.87193971186364,-2.07333965533351,19.2291210015773));
#8151=CARTESIAN_POINT('Ctrl Pts',(8.865940920266,-2.09459537371361,19.665933870589));
#8152=CARTESIAN_POINT('Ctrl Pts',(8.86322341049232,-2.10603199778657,19.8986735194921));
#8153=CARTESIAN_POINT('',(9.08668690553182,-0.651322562818536,18.2607974857092));
#8154=CARTESIAN_POINT('Ctrl Pts',(9.08668690553182,-0.651322562818536,18.2607974857092));
#8155=CARTESIAN_POINT('Ctrl Pts',(9.07154889646848,-0.862514922156568,18.276278654542));
#8156=CARTESIAN_POINT('Ctrl Pts',(9.02658714484699,-1.26836134951112,18.3061197518672));
#8157=CARTESIAN_POINT('Ctrl Pts',(8.97457453583867,-1.57196207713631,18.5738319889954));
#8158=CARTESIAN_POINT('Ctrl Pts',(8.94664160497443,-1.71747023035063,18.7026586383581));
#8159=CARTESIAN_POINT('',(9.10799279829059,0.191225485453283,18.5332240909338));
#8160=CARTESIAN_POINT('Ctrl Pts',(9.10799279829059,0.191225485453283,18.5332240909338));
#8161=CARTESIAN_POINT('Ctrl Pts',(9.11044042972225,0.0746457868865001,18.4538984836786));
#8162=CARTESIAN_POINT('Ctrl Pts',(9.11145510688999,-0.178695746372754,18.2815896571095));
#8163=CARTESIAN_POINT('Ctrl Pts',(9.09854532073202,-0.485884249652067,18.2680850130336));
#8164=CARTESIAN_POINT('Ctrl Pts',(9.08668690553182,-0.651322562818536,18.2607974857092));
#8165=CARTESIAN_POINT('',(9.08620895881912,0.657956500594941,19.4402017444372));
#8166=CARTESIAN_POINT('Ctrl Pts',(9.08620895881912,0.657956500594941,19.4402017444372));
#8167=CARTESIAN_POINT('Ctrl Pts',(9.09004906847366,0.604925580291906,19.2516219449773));
#8168=CARTESIAN_POINT('Ctrl Pts',(9.09686391595534,0.51064549611958,18.9164171438433));
#8169=CARTESIAN_POINT('Ctrl Pts',(9.10595123781849,0.288464187883779,18.6498330713184));
#8170=CARTESIAN_POINT('Ctrl Pts',(9.10799279829059,0.191225485453283,18.5332240909338));
#8171=CARTESIAN_POINT('',(9.03636367855686,1.1559547866843,18.6644544452429));
#8172=CARTESIAN_POINT('Ctrl Pts',(9.03636367855686,1.1559547866843,18.6644544452429));
#8173=CARTESIAN_POINT('Ctrl Pts',(9.04924008996642,1.05529692557083,18.767145337186));
#8174=CARTESIAN_POINT('Ctrl Pts',(9.07281998529091,0.835993667669692,18.9903283482156));
#8175=CARTESIAN_POINT('Ctrl Pts',(9.08168845810563,0.72038344530043,19.2824766311505));
#8176=CARTESIAN_POINT('Ctrl Pts',(9.08620895881912,0.657956500594941,19.4402017444372));
#8177=CARTESIAN_POINT('',(8.91000794675916,1.89838309850477,18.4069790691137));
#8178=CARTESIAN_POINT('Ctrl Pts',(8.91000794675916,1.89838309850477,18.4069790691137));
#8179=CARTESIAN_POINT('Ctrl Pts',(8.93917961289783,1.76146669984927,18.4167752949185));
#8180=CARTESIAN_POINT('Ctrl Pts',(8.98963965752407,1.49187453264848,18.4359641700505));
#8181=CARTESIAN_POINT('Ctrl Pts',(9.02222285523677,1.26649684568735,18.5893664620028));
#8182=CARTESIAN_POINT('Ctrl Pts',(9.03636367855686,1.1559547866843,18.6644544452429));
#8183=CARTESIAN_POINT('',(8.70038848863271,2.70098873505009,18.8006653636694));
#8184=CARTESIAN_POINT('Ctrl Pts',(8.70038848863271,2.70098873505009,18.8006653636694));
#8185=CARTESIAN_POINT('Ctrl Pts',(8.73359424845731,2.59402678930582,18.6858482169904));
#8186=CARTESIAN_POINT('Ctrl Pts',(8.79805121782225,2.37570205023815,18.4525368383792));
#8187=CARTESIAN_POINT('Ctrl Pts',(8.87559958852508,2.05987776496174,18.422323716032));
#8188=CARTESIAN_POINT('Ctrl Pts',(8.91000794675916,1.89838309850477,18.4069790691137));
#8189=CARTESIAN_POINT('',(8.60532454912495,2.99006511705473,19.8754157871008));
#8190=CARTESIAN_POINT('Ctrl Pts',(8.60532454912495,2.99006511705473,19.8754157871008));
#8191=CARTESIAN_POINT('Ctrl Pts',(8.60788680174759,2.98269102500941,19.6671150165375));
#8192=CARTESIAN_POINT('Ctrl Pts',(8.61315944034741,2.96927863490398,19.2829420338892));
#8193=CARTESIAN_POINT('Ctrl Pts',(8.67412173588463,2.78559884477679,18.9521157566487));
#8194=CARTESIAN_POINT('Ctrl Pts',(8.70038848863271,2.70098873505009,18.8006653636694));
#8195=CARTESIAN_POINT('',(8.62371618406749,2.93659993472935,20.5315627902746));
#8196=CARTESIAN_POINT('Ctrl Pts',(8.62371618406749,2.93659993472935,20.5315627902746));
#8197=CARTESIAN_POINT('Ctrl Pts',(8.61840150990759,2.95220718208496,20.4258712326411));
#8198=CARTESIAN_POINT('Ctrl Pts',(8.60735486218105,2.98427112770134,20.2084700959094));
#8199=CARTESIAN_POINT('Ctrl Pts',(8.60600851707655,2.98809667624347,19.9884639343178));
#8200=CARTESIAN_POINT('Ctrl Pts',(8.60532454912495,2.99006511705473,19.8754157871008));
#8201=CARTESIAN_POINT('',(8.67689552705837,2.7755331042008,21.10133074224));
#8202=CARTESIAN_POINT('Ctrl Pts',(8.67689552705837,2.7755331042008,21.10133074224));
#8203=CARTESIAN_POINT('Ctrl Pts',(8.66606806038937,2.80938202387948,21.0108699931506));
#8204=CARTESIAN_POINT('Ctrl Pts',(8.64343163454493,2.87848645054143,20.8257748097028));
#8205=CARTESIAN_POINT('Ctrl Pts',(8.63040834782208,2.916947506016,20.6310967197112));
#8206=CARTESIAN_POINT('Ctrl Pts',(8.62371618406749,2.93659993472935,20.5315627902746));
#8207=CARTESIAN_POINT('',(8.854694463246,2.14160826543059,21.10133074224));
#8208=CARTESIAN_POINT('Origin',(0.,0.,21.10133074224));
#8209=CARTESIAN_POINT('',(8.854694463246,2.14160826543058,20.7325591892004));
#8210=CARTESIAN_POINT('',(8.854694463246,2.14160826543059,20.7325591892004));
#8211=CARTESIAN_POINT('',(8.76066149040866,2.49858164774952,20.6893696635962));
#8212=CARTESIAN_POINT('Ctrl Pts',(8.76066149040866,2.49858164774952,20.6893696635962));
#8213=CARTESIAN_POINT('Ctrl Pts',(8.79441253805447,2.38024190742608,20.7037661721309));
#8214=CARTESIAN_POINT('Ctrl Pts',(8.82576544158673,2.26121821093198,20.7181626806656));
#8215=CARTESIAN_POINT('Ctrl Pts',(8.854694463246,2.14160826543058,20.7325591892004));
#8216=CARTESIAN_POINT('',(8.72132114607875,2.63261418877883,20.343855842948));
#8217=CARTESIAN_POINT('Ctrl Pts',(8.72132114607875,2.63261418877883,20.343855842948));
#8218=CARTESIAN_POINT('Ctrl Pts',(8.72639722368191,2.61579816494659,20.403288523634));
#8219=CARTESIAN_POINT('Ctrl Pts',(8.73655837899528,2.58191708980689,20.522968580159));
#8220=CARTESIAN_POINT('Ctrl Pts',(8.75269457532332,2.52651567433952,20.6336514860947));
#8221=CARTESIAN_POINT('Ctrl Pts',(8.76066149040866,2.49858164774952,20.6893696635962));
#8222=CARTESIAN_POINT('',(8.7077515647243,2.67715570840426,19.9750842899084));
#8223=CARTESIAN_POINT('Ctrl Pts',(8.7077515647243,2.67715570840426,19.9750842899084));
#8224=CARTESIAN_POINT('Ctrl Pts',(8.70830918699573,2.67534197893332,20.0376272055033));
#8225=CARTESIAN_POINT('Ctrl Pts',(8.70942793815583,2.67173711045692,20.1620351005821));
#8226=CARTESIAN_POINT('Ctrl Pts',(8.71739660425929,2.64561540623965,20.2834695063833));
#8227=CARTESIAN_POINT('Ctrl Pts',(8.72132114607875,2.63261418877883,20.343855842948));
#8228=CARTESIAN_POINT('',(8.77107444114382,2.46177845224008,19.2890372127295));
#8229=CARTESIAN_POINT('Ctrl Pts',(8.77107444114382,2.46177845224008,19.2890372127295));
#8230=CARTESIAN_POINT('Ctrl Pts',(8.75342606221267,2.52465789016423,19.3809343995685));
#8231=CARTESIAN_POINT('Ctrl Pts',(8.71220794304672,2.66379054024187,19.5851143105685));
#8232=CARTESIAN_POINT('Ctrl Pts',(8.7092200271205,2.67237936846703,19.8367207462976));
#8233=CARTESIAN_POINT('Ctrl Pts',(8.7077515647243,2.67715570840426,19.9750842899084));
#8234=CARTESIAN_POINT('',(8.92894797673252,1.80720447896862,19.0614642947912));
#8235=CARTESIAN_POINT('Ctrl Pts',(8.92894797673252,1.80720447896862,19.0614642947912));
#8236=CARTESIAN_POINT('Ctrl Pts',(8.90199583919759,1.9403682889922,19.066810645914));
#8237=CARTESIAN_POINT('Ctrl Pts',(8.84679759308431,2.18251596464105,19.0765817601926));
#8238=CARTESIAN_POINT('Ctrl Pts',(8.79544377433383,2.3749529154839,19.2228162226573));
#8239=CARTESIAN_POINT('Ctrl Pts',(8.77107444114382,2.46177845224008,19.2890372127295));
#8240=CARTESIAN_POINT('',(9.05001583635479,1.0437017589942,19.4086398929358));
#8241=CARTESIAN_POINT('Ctrl Pts',(9.05001583635479,1.0437017589942,19.4086398929358));
#8242=CARTESIAN_POINT('Ctrl Pts',(9.03847908090389,1.14373782641578,19.3074530956666));
#8243=CARTESIAN_POINT('Ctrl Pts',(9.0114945132632,1.35437500212425,19.0941095001694));
#8244=CARTESIAN_POINT('Ctrl Pts',(8.96040849270566,1.65176589207136,19.0727127657095));
#8245=CARTESIAN_POINT('Ctrl Pts',(8.92894797673252,1.80720447896862,19.0614642947912));
#8246=CARTESIAN_POINT('',(9.07592011072278,0.787257355492956,20.4501666873693));
#8247=CARTESIAN_POINT('Ctrl Pts',(9.07592011072278,0.787257355492956,20.4501666873693));
#8248=CARTESIAN_POINT('Ctrl Pts',(9.07555658738625,0.791448245216349,20.2430185593374));
#8249=CARTESIAN_POINT('Ctrl Pts',(9.07538493372911,0.798940072450977,19.8748213386541));
#8250=CARTESIAN_POINT('Ctrl Pts',(9.05859460023907,0.969314657180801,19.5504984131601));
#8251=CARTESIAN_POINT('Ctrl Pts',(9.05001583635479,1.0437017589942,19.4086398929358));
#8252=CARTESIAN_POINT('',(9.07592011072278,0.787257355492956,20.6694354861975));
#8253=CARTESIAN_POINT('',(9.07592011072278,0.787257355492956,20.6694354861975));
#8254=CARTESIAN_POINT('',(9.09844051795268,0.458781147473335,20.6694354861975));
#8255=CARTESIAN_POINT('Origin',(0.,0.,20.6694354861975));
#8256=CARTESIAN_POINT('',(9.09844051795268,0.458781147473335,20.2600207179785));
#8257=CARTESIAN_POINT('',(9.09844051795268,0.458781147473335,20.2600207179785));
#8258=CARTESIAN_POINT('',(9.10845175076826,0.167948515702058,19.3030013889074));
#8259=CARTESIAN_POINT('Ctrl Pts',(9.10845175076826,0.167948515702058,19.3030013889074));
#8260=CARTESIAN_POINT('Ctrl Pts',(9.10688959568289,0.252669801644385,19.4369055982795));
#8261=CARTESIAN_POINT('Ctrl Pts',(9.10007044542734,0.436804862118184,19.7280727179319));
#8262=CARTESIAN_POINT('Ctrl Pts',(9.0988295686019,0.451065585903521,20.0734683351738));
#8263=CARTESIAN_POINT('Ctrl Pts',(9.09844051795268,0.458781147473335,20.2600207179785));
#8264=CARTESIAN_POINT('',(9.08786069574677,-0.634734570274015,18.955151066184));
#8265=CARTESIAN_POINT('Ctrl Pts',(9.08786069574677,-0.634734570274015,18.955151066184));
#8266=CARTESIAN_POINT('Ctrl Pts',(9.09898608801782,-0.475445916591329,18.9675125469451));
#8267=CARTESIAN_POINT('Ctrl Pts',(9.11140439358623,-0.167027081976296,18.9914019512418));
#8268=CARTESIAN_POINT('Ctrl Pts',(9.11046161117141,0.0589465609582546,19.201579437817));
#8269=CARTESIAN_POINT('Ctrl Pts',(9.10845175076826,0.167948515702058,19.3030013889074));
#8270=CARTESIAN_POINT('',(8.98950122442555,-1.47680998644091,19.2297568172216));
#8271=CARTESIAN_POINT('Ctrl Pts',(8.98950122442555,-1.47680998644091,19.2297568172216));
#8272=CARTESIAN_POINT('Ctrl Pts',(9.00878242719296,-1.35944323142338,19.1497658646176));
#8273=CARTESIAN_POINT('Ctrl Pts',(9.04581938525686,-1.10658102425133,18.9779333140277));
#8274=CARTESIAN_POINT('Ctrl Pts',(9.07636546555888,-0.799318406582203,18.9630864593918));
#8275=CARTESIAN_POINT('Ctrl Pts',(9.08786069574677,-0.634734570274015,18.955151066184));
#8276=CARTESIAN_POINT('',(8.9335371856359,-1.78438038345546,19.9736299365759));
#8277=CARTESIAN_POINT('Ctrl Pts',(8.9335371856359,-1.78438038345546,19.9736299365759));
#8278=CARTESIAN_POINT('Ctrl Pts',(8.9357170051911,-1.77346707190207,19.8270338503951));
#8279=CARTESIAN_POINT('Ctrl Pts',(8.94042895692023,-1.75246711901448,19.5436365410377));
#8280=CARTESIAN_POINT('Ctrl Pts',(8.9747241524234,-1.56675961305253,19.3319445376057));
#8281=CARTESIAN_POINT('Ctrl Pts',(8.98950122442555,-1.47680998644091,19.2297568172216));
#8282=CARTESIAN_POINT('',(8.94380785410966,-1.73216658227967,20.3647222369909));
#8283=CARTESIAN_POINT('Ctrl Pts',(8.94380785410966,-1.73216658227967,20.3647222369909));
#8284=CARTESIAN_POINT('Ctrl Pts',(8.94085675662351,-1.74740417498288,20.2999784257871));
#8285=CARTESIAN_POINT('Ctrl Pts',(8.93489428209734,-1.77764917563787,20.1713851716004));
#8286=CARTESIAN_POINT('Ctrl Pts',(8.93398342551833,-1.7821462742821,20.0392419955886));
#8287=CARTESIAN_POINT('Ctrl Pts',(8.9335371856359,-1.78438038345546,19.9736299365759));
#8288=CARTESIAN_POINT('',(8.97278758673119,-1.57517710858261,20.7524933665991));
#8289=CARTESIAN_POINT('Ctrl Pts',(8.97278758673119,-1.57517710858261,20.7524933665991));
#8290=CARTESIAN_POINT('Ctrl Pts',(8.96707290544399,-1.60773003297222,20.6888257666103));
#8291=CARTESIAN_POINT('Ctrl Pts',(8.9554907563449,-1.67135127954599,20.5642553324194));
#8292=CARTESIAN_POINT('Ctrl Pts',(8.94767425686376,-1.71220293462992,20.4302418190525));
#8293=CARTESIAN_POINT('Ctrl Pts',(8.94380785410966,-1.73216658227967,20.3647222369909));
#8294=CARTESIAN_POINT('',(9.02384714920674,-1.24991304807707,20.7923593372107));
#8295=CARTESIAN_POINT('Ctrl Pts',(9.02384714920674,-1.24991304807707,20.7923593372107));
#8296=CARTESIAN_POINT('Ctrl Pts',(9.00878849924178,-1.35863017505343,20.7790706803401));
#8297=CARTESIAN_POINT('Ctrl Pts',(8.99176493939381,-1.4670751348602,20.7657820234696));
#8298=CARTESIAN_POINT('Ctrl Pts',(8.97278758673119,-1.57517710858261,20.7524933665991));
#8299=CARTESIAN_POINT('',(9.02384714920674,-1.24991304807707,21.1611308902502));
#8300=CARTESIAN_POINT('',(9.02384714920674,-1.24991304807707,21.1611308902502));
#8301=CARTESIAN_POINT('',(8.90160551128838,-1.93740014488497,21.1611308902502));
#8302=CARTESIAN_POINT('Origin',(0.,0.,21.1611308902502));
#8303=CARTESIAN_POINT('Ctrl Pts',(8.87311899104298,-2.063942676237,20.5797352641821));
#8304=CARTESIAN_POINT('Ctrl Pts',(8.8766786403287,-2.0486393482705,20.6813037226832));
#8305=CARTESIAN_POINT('Ctrl Pts',(8.88353642649325,-2.01899862606391,20.8779743452108));
#8306=CARTESIAN_POINT('Ctrl Pts',(8.89581225001597,-1.96401794328194,21.0688371554247));
#8307=CARTESIAN_POINT('Ctrl Pts',(8.90160551128838,-1.93740014488497,21.1611308902502));
#8308=CARTESIAN_POINT('Ctrl Pts',(8.85349429588146,-2.10372021732797,19.8986735194921));
#8309=CARTESIAN_POINT('Ctrl Pts',(8.85673733408508,-2.10449081081417,19.8986735194921));
#8310=CARTESIAN_POINT('Ctrl Pts',(8.8599803722887,-2.10526140430037,19.8986735194921));
#8311=CARTESIAN_POINT('Ctrl Pts',(8.86322341049232,-2.10603199778657,19.8986735194921));
#8312=CARTESIAN_POINT('Ctrl Pts',(8.85385001136706,-2.10222319077627,20.0164701382982));
#8313=CARTESIAN_POINT('Ctrl Pts',(8.8570931789804,-2.10299323569028,20.0164701382982));
#8314=CARTESIAN_POINT('Ctrl Pts',(8.86033634926072,-2.10376328123675,20.0164701382982));
#8315=CARTESIAN_POINT('Ctrl Pts',(8.86357951687405,-2.10453332615075,20.0164701382982));
#8316=CARTESIAN_POINT('Ctrl Pts',(8.85454720821643,-2.09933094345541,20.2442283966184));
#8317=CARTESIAN_POINT('Ctrl Pts',(8.85779063203363,-2.10009992913247,20.2442283966184));
#8318=CARTESIAN_POINT('Ctrl Pts',(8.86103405605662,-2.10086891485907,20.2442283966184));
#8319=CARTESIAN_POINT('Ctrl Pts',(8.86427747987382,-2.10163790053613,20.2442283966184));
#8320=CARTESIAN_POINT('Ctrl Pts',(8.86052600927676,-2.07394248190087,20.4704941875913));
#8321=CARTESIAN_POINT('Ctrl Pts',(8.86377162429907,-2.07470216805295,20.4704941875913));
#8322=CARTESIAN_POINT('Ctrl Pts',(8.86701723602289,-2.07546185342121,20.4704941875913));
#8323=CARTESIAN_POINT('Ctrl Pts',(8.8702628510452,-2.07622153957329,20.4704941875913));
#8324=CARTESIAN_POINT('Ctrl Pts',(8.86337901410441,-2.06167709700952,20.5797352641821));
#8325=CARTESIAN_POINT('Ctrl Pts',(8.86662567308393,-2.06243229008535,20.5797352641821));
#8326=CARTESIAN_POINT('Ctrl Pts',(8.86987233206346,-2.06318748316118,20.5797352641821));
#8327=CARTESIAN_POINT('Ctrl Pts',(8.87311899104298,-2.063942676237,20.5797352641821));
#8328=CARTESIAN_POINT('',(8.85349429588146,-2.10372021732797,19.8986735194921));
#8329=CARTESIAN_POINT('',(8.86337901410441,-2.06167709700952,20.5797352641821));
#8330=CARTESIAN_POINT('Ctrl Pts',(8.93682092264185,-1.71558497213948,18.7026586383581));
#8331=CARTESIAN_POINT('Ctrl Pts',(8.94009448341938,-1.7162133915432,18.7026586383581));
#8332=CARTESIAN_POINT('Ctrl Pts',(8.9433680441969,-1.71684181094691,18.7026586383581));
#8333=CARTESIAN_POINT('Ctrl Pts',(8.94664160497443,-1.71747023035063,18.7026586383581));
#8334=CARTESIAN_POINT('Ctrl Pts',(8.91501582402985,-1.82917203699525,18.8702966500921));
#8335=CARTESIAN_POINT('Ctrl Pts',(8.91828149495562,-1.82984208650362,18.8702966500921));
#8336=CARTESIAN_POINT('Ctrl Pts',(8.92154687378983,-1.83051206664842,18.8702966500921));
#8337=CARTESIAN_POINT('Ctrl Pts',(8.9248125447156,-1.83118211615678,18.8702966500921));
#8338=CARTESIAN_POINT('Ctrl Pts',(8.86220102941373,-2.07106376109056,19.2291210015773));
#8339=CARTESIAN_POINT('Ctrl Pts',(8.8654472519872,-2.07182239115926,19.2291210015773));
#8340=CARTESIAN_POINT('Ctrl Pts',(8.86869348929017,-2.07258102526481,19.2291210015773));
#8341=CARTESIAN_POINT('Ctrl Pts',(8.87193971186364,-2.07333965533351,19.2291210015773));
#8342=CARTESIAN_POINT('Ctrl Pts',(8.85620882265868,-2.09229614717825,19.665933870589));
#8343=CARTESIAN_POINT('Ctrl Pts',(8.85945277021442,-2.09306253623019,19.665933870589));
#8344=CARTESIAN_POINT('Ctrl Pts',(8.86269697271027,-2.09382898466166,19.665933870589));
#8345=CARTESIAN_POINT('Ctrl Pts',(8.865940920266,-2.09459537371361,19.665933870589));
#8346=CARTESIAN_POINT('Ctrl Pts',(8.85349429588146,-2.10372021732797,19.8986735194921));
#8347=CARTESIAN_POINT('Ctrl Pts',(8.85673733408508,-2.10449081081417,19.8986735194921));
#8348=CARTESIAN_POINT('Ctrl Pts',(8.8599803722887,-2.10526140430037,19.8986735194921));
#8349=CARTESIAN_POINT('Ctrl Pts',(8.86322341049232,-2.10603199778657,19.8986735194921));
#8350=CARTESIAN_POINT('',(8.93682092264185,-1.71558497213948,18.7026586383581));
#8351=CARTESIAN_POINT('Ctrl Pts',(9.07671249619534,-0.650607609401611,18.2607974857092));
#8352=CARTESIAN_POINT('Ctrl Pts',(9.0800372993075,-0.650845927207252,18.2607974857092));
#8353=CARTESIAN_POINT('Ctrl Pts',(9.08336210241966,-0.651084245012894,18.2607974857092));
#8354=CARTESIAN_POINT('Ctrl Pts',(9.08668690553182,-0.651322562818536,18.2607974857092));
#8355=CARTESIAN_POINT('Ctrl Pts',(9.06159110404645,-0.861568143976374,18.276278654542));
#8356=CARTESIAN_POINT('Ctrl Pts',(9.06491048401233,-0.861883754243347,18.276278654542));
#8357=CARTESIAN_POINT('Ctrl Pts',(9.0682295165026,-0.862199311889596,18.276278654542));
#8358=CARTESIAN_POINT('Ctrl Pts',(9.07154889646848,-0.862514922156568,18.276278654542));
#8359=CARTESIAN_POINT('Ctrl Pts',(9.01667870670775,-1.26696907580145,18.3061197518672));
#8360=CARTESIAN_POINT('Ctrl Pts',(9.01998151484749,-1.2674331658678,18.3061197518672));
#8361=CARTESIAN_POINT('Ctrl Pts',(9.02328433670724,-1.26789725944477,18.3061197518672));
#8362=CARTESIAN_POINT('Ctrl Pts',(9.02658714484699,-1.26836134951112,18.3061197518672));
#8363=CARTESIAN_POINT('Ctrl Pts',(8.96472319167199,-1.57023654247425,18.5738319889954));
#8364=CARTESIAN_POINT('Ctrl Pts',(8.96800687485868,-1.57081170690591,18.5738319889954));
#8365=CARTESIAN_POINT('Ctrl Pts',(8.97129085265198,-1.57138691270464,18.5738319889954));
#8366=CARTESIAN_POINT('Ctrl Pts',(8.97457453583867,-1.57196207713631,18.5738319889954));
#8367=CARTESIAN_POINT('Ctrl Pts',(8.93682092264185,-1.71558497213948,18.7026586383581));
#8368=CARTESIAN_POINT('Ctrl Pts',(8.94009448341938,-1.7162133915432,18.7026586383581));
#8369=CARTESIAN_POINT('Ctrl Pts',(8.9433680441969,-1.71684181094691,18.7026586383581));
#8370=CARTESIAN_POINT('Ctrl Pts',(8.94664160497443,-1.71747023035063,18.7026586383581));
#8371=CARTESIAN_POINT('',(9.07671249619534,-0.650607609401611,18.2607974857092));
#8372=CARTESIAN_POINT('Ctrl Pts',(9.09799500158555,0.191015578224465,18.5332240909338));
#8373=CARTESIAN_POINT('Ctrl Pts',(9.10132760048723,0.191085547300737,18.5332240909338));
#8374=CARTESIAN_POINT('Ctrl Pts',(9.10466019938891,0.19115551637701,18.5332240909338));
#8375=CARTESIAN_POINT('Ctrl Pts',(9.10799279829059,0.191225485453283,18.5332240909338));
#8376=CARTESIAN_POINT('Ctrl Pts',(9.10043994626481,0.0745638485913448,18.4538984836786));
#8377=CARTESIAN_POINT('Ctrl Pts',(9.10377340098595,0.0745911620268186,18.4538984836786));
#8378=CARTESIAN_POINT('Ctrl Pts',(9.10710697500111,0.0746184734510263,18.4538984836786));
#8379=CARTESIAN_POINT('Ctrl Pts',(9.11044042972225,0.0746457868865001,18.4538984836786));
#8380=CARTESIAN_POINT('Ctrl Pts',(9.10145350962666,-0.178499592973882,18.2815896571095));
#8381=CARTESIAN_POINT('Ctrl Pts',(9.10478737247726,-0.178564977551345,18.2815896571095));
#8382=CARTESIAN_POINT('Ctrl Pts',(9.10812124403939,-0.178630361795292,18.2815896571095));
#8383=CARTESIAN_POINT('Ctrl Pts',(9.11145510688999,-0.178695746372754,18.2815896571095));
#8384=CARTESIAN_POINT('Ctrl Pts',(9.08855789447435,-0.485350897017981,18.2680850130336));
#8385=CARTESIAN_POINT('Ctrl Pts',(9.09188708852542,-0.485528681694903,18.2680850130336));
#8386=CARTESIAN_POINT('Ctrl Pts',(9.09521612668095,-0.485706464975145,18.2680850130336));
#8387=CARTESIAN_POINT('Ctrl Pts',(9.09854532073202,-0.485884249652067,18.2680850130336));
#8388=CARTESIAN_POINT('Ctrl Pts',(9.07671249619534,-0.650607609401611,18.2607974857092));
#8389=CARTESIAN_POINT('Ctrl Pts',(9.0800372993075,-0.650845927207252,18.2607974857092));
#8390=CARTESIAN_POINT('Ctrl Pts',(9.08336210241966,-0.651084245012894,18.2607974857092));
#8391=CARTESIAN_POINT('Ctrl Pts',(9.08668690553182,-0.651322562818536,18.2607974857092));
#8392=CARTESIAN_POINT('',(9.09799500158555,0.191015578224465,18.5332240909338));
#8393=CARTESIAN_POINT('Ctrl Pts',(9.07623507412228,0.657234265138745,19.4402017444372));
#8394=CARTESIAN_POINT('Ctrl Pts',(9.07955970235456,0.65747501029081,19.4402017444372));
#8395=CARTESIAN_POINT('Ctrl Pts',(9.08288433058684,0.657715755442876,19.4402017444372));
#8396=CARTESIAN_POINT('Ctrl Pts',(9.08620895881912,0.657956500594941,19.4402017444372));
#8397=CARTESIAN_POINT('Ctrl Pts',(9.08007096850827,0.604261556603331,19.2516219449773));
#8398=CARTESIAN_POINT('Ctrl Pts',(9.083396932918,0.604482894309732,19.2516219449773));
#8399=CARTESIAN_POINT('Ctrl Pts',(9.08672310406392,0.604704242585505,19.2516219449773));
#8400=CARTESIAN_POINT('Ctrl Pts',(9.09004906847366,0.604925580291906,19.2516219449773));
#8401=CARTESIAN_POINT('Ctrl Pts',(9.08687833536702,0.510084963192995,18.9164171438433));
#8402=CARTESIAN_POINT('Ctrl Pts',(9.09020686371662,0.510271807473848,18.9164171438433));
#8403=CARTESIAN_POINT('Ctrl Pts',(9.09353538760574,0.510458651838727,18.9164171438433));
#8404=CARTESIAN_POINT('Ctrl Pts',(9.09686391595534,0.51064549611958,18.9164171438433));
#8405=CARTESIAN_POINT('Ctrl Pts',(9.09595568212385,0.288147542232974,18.6498330713184));
#8406=CARTESIAN_POINT('Ctrl Pts',(9.09928759071276,0.288253093925418,18.6498330713184));
#8407=CARTESIAN_POINT('Ctrl Pts',(9.10261932922958,0.288358636191335,18.6498330713184));
#8408=CARTESIAN_POINT('Ctrl Pts',(9.10595123781849,0.288464187883779,18.6498330713184));
#8409=CARTESIAN_POINT('Ctrl Pts',(9.09799500158555,0.191015578224465,18.5332240909338));
#8410=CARTESIAN_POINT('Ctrl Pts',(9.10132760048723,0.191085547300737,18.5332240909338));
#8411=CARTESIAN_POINT('Ctrl Pts',(9.10466019938891,0.19115551637701,18.5332240909338));
#8412=CARTESIAN_POINT('Ctrl Pts',(9.10799279829059,0.191225485453283,18.5332240909338));
#8413=CARTESIAN_POINT('',(9.07623507412228,0.657234265138745,19.4402017444372));
#8414=CARTESIAN_POINT('Ctrl Pts',(9.02644450876701,1.15468590107872,18.6644544452429));
#8415=CARTESIAN_POINT('Ctrl Pts',(9.02975089869696,1.15510886294725,18.6644544452429));
#8416=CARTESIAN_POINT('Ctrl Pts',(9.03305728862691,1.15553182481578,18.6644544452429));
#8417=CARTESIAN_POINT('Ctrl Pts',(9.03636367855686,1.1559547866843,18.6644544452429));
#8418=CARTESIAN_POINT('Ctrl Pts',(9.0393067858062,1.05413853158008,18.767145337186));
#8419=CARTESIAN_POINT('Ctrl Pts',(9.04261793788902,1.05452466753209,18.767145337186));
#8420=CARTESIAN_POINT('Ctrl Pts',(9.0459289378836,1.05491078961882,18.767145337186));
#8421=CARTESIAN_POINT('Ctrl Pts',(9.04924008996642,1.05529692557083,18.767145337186));
#8422=CARTESIAN_POINT('Ctrl Pts',(9.06286079760124,0.835076001733721,18.9903283482156));
#8423=CARTESIAN_POINT('Ctrl Pts',(9.06618052759396,0.835381890562962,18.9903283482156));
#8424=CARTESIAN_POINT('Ctrl Pts',(9.06950025529819,0.835687778840451,18.9903283482156));
#8425=CARTESIAN_POINT('Ctrl Pts',(9.07281998529091,0.835993667669692,18.9903283482156));
#8426=CARTESIAN_POINT('Ctrl Pts',(9.0717195355391,0.719592684109101,19.2824766311505));
#8427=CARTESIAN_POINT('Ctrl Pts',(9.07504245346414,0.719856265760242,19.2824766311505));
#8428=CARTESIAN_POINT('Ctrl Pts',(9.0783655401806,0.720119863649289,19.2824766311505));
#8429=CARTESIAN_POINT('Ctrl Pts',(9.08168845810563,0.72038344530043,19.2824766311505));
#8430=CARTESIAN_POINT('Ctrl Pts',(9.07623507412228,0.657234265138745,19.4402017444372));
#8431=CARTESIAN_POINT('Ctrl Pts',(9.07955970235456,0.65747501029081,19.4402017444372));
#8432=CARTESIAN_POINT('Ctrl Pts',(9.08288433058684,0.657715755442876,19.4402017444372));
#8433=CARTESIAN_POINT('Ctrl Pts',(9.08620895881912,0.657956500594941,19.4402017444372));
#8434=CARTESIAN_POINT('',(9.02644450876701,1.15468590107872,18.6644544452429));
#8435=CARTESIAN_POINT('Ctrl Pts',(8.90022747700421,1.89629925317161,18.4069790691137));
#8436=CARTESIAN_POINT('Ctrl Pts',(8.9034876335892,1.89699386828266,18.4069790691137));
#8437=CARTESIAN_POINT('Ctrl Pts',(8.90674779017418,1.89768848339372,18.4069790691137));
#8438=CARTESIAN_POINT('Ctrl Pts',(8.91000794675916,1.89838309850477,18.4069790691137));
#8439=CARTESIAN_POINT('Ctrl Pts',(8.92936712155546,1.75953314694054,18.4167752949185));
#8440=CARTESIAN_POINT('Ctrl Pts',(8.93263798844119,1.76017767039659,18.4167752949185));
#8441=CARTESIAN_POINT('Ctrl Pts',(8.9359087460121,1.76082217639322,18.4167752949185));
#8442=CARTESIAN_POINT('Ctrl Pts',(8.93917961289783,1.76146669984927,18.4167752949185));
#8443=CARTESIAN_POINT('Ctrl Pts',(8.97977177645105,1.49023690967082,18.4359641700505));
#8444=CARTESIAN_POINT('Ctrl Pts',(8.98306106921319,1.49078278396243,18.4359641700505));
#8445=CARTESIAN_POINT('Ctrl Pts',(8.98635036476192,1.49132865835687,18.4359641700505));
#8446=CARTESIAN_POINT('Ctrl Pts',(8.98963965752407,1.49187453264848,18.4359641700505));
#8447=CARTESIAN_POINT('Ctrl Pts',(9.01231920775572,1.2651066186339,18.5893664620028));
#8448=CARTESIAN_POINT('Ctrl Pts',(9.01562039063291,1.26557002212693,18.5893664620028));
#8449=CARTESIAN_POINT('Ctrl Pts',(9.01892167235958,1.26603344219433,18.5893664620028));
#8450=CARTESIAN_POINT('Ctrl Pts',(9.02222285523677,1.26649684568735,18.5893664620028));
#8451=CARTESIAN_POINT('Ctrl Pts',(9.02644450876701,1.15468590107872,18.6644544452429));
#8452=CARTESIAN_POINT('Ctrl Pts',(9.02975089869696,1.15510886294725,18.6644544452429));
#8453=CARTESIAN_POINT('Ctrl Pts',(9.03305728862691,1.15553182481578,18.6644544452429));
#8454=CARTESIAN_POINT('Ctrl Pts',(9.03636367855686,1.1559547866843,18.6644544452429));
#8455=CARTESIAN_POINT('',(8.90022747700421,1.89629925317161,18.4069790691137));
#8456=CARTESIAN_POINT('Ctrl Pts',(8.69083811707548,2.69802387365048,18.8006653636694));
#8457=CARTESIAN_POINT('Ctrl Pts',(8.69402157426122,2.69901216078368,18.8006653636694));
#8458=CARTESIAN_POINT('Ctrl Pts',(8.69720503144696,2.70000044791689,18.8006653636694));
#8459=CARTESIAN_POINT('Ctrl Pts',(8.70038848863271,2.70098873505009,18.8006653636694));
#8460=CARTESIAN_POINT('Ctrl Pts',(8.72400742710884,2.59117933948222,18.6858482169904));
#8461=CARTESIAN_POINT('Ctrl Pts',(8.72720296045382,2.59212846960561,18.6858482169904));
#8462=CARTESIAN_POINT('Ctrl Pts',(8.73039871511234,2.59307765918242,18.6858482169904));
#8463=CARTESIAN_POINT('Ctrl Pts',(8.73359424845731,2.59402678930582,18.6858482169904));
#8464=CARTESIAN_POINT('Ctrl Pts',(8.78839364239105,2.37309425435425,18.4525368383792));
#8465=CARTESIAN_POINT('Ctrl Pts',(8.79161283175502,2.37396351867264,18.4525368383792));
#8466=CARTESIAN_POINT('Ctrl Pts',(8.79483202845828,2.37483278591976,18.4525368383792));
#8467=CARTESIAN_POINT('Ctrl Pts',(8.79805121782225,2.37570205023815,18.4525368383792));
#8468=CARTESIAN_POINT('Ctrl Pts',(8.86585688864745,2.05761664776639,18.422323716032));
#8469=CARTESIAN_POINT('Ctrl Pts',(8.86910453797437,2.05837037647282,18.422323716032));
#8470=CARTESIAN_POINT('Ctrl Pts',(8.87235193919817,2.0591240362553,18.422323716032));
#8471=CARTESIAN_POINT('Ctrl Pts',(8.87559958852508,2.05987776496174,18.422323716032));
#8472=CARTESIAN_POINT('Ctrl Pts',(8.90022747700421,1.89629925317161,18.4069790691137));
#8473=CARTESIAN_POINT('Ctrl Pts',(8.9034876335892,1.89699386828266,18.4069790691137));
#8474=CARTESIAN_POINT('Ctrl Pts',(8.90674779017418,1.89768848339372,18.4069790691137));
#8475=CARTESIAN_POINT('Ctrl Pts',(8.91000794675916,1.89838309850477,18.4069790691137));
#8476=CARTESIAN_POINT('',(8.69083811707548,2.69802387365048,18.8006653636694));
#8477=CARTESIAN_POINT('Ctrl Pts',(8.59587852876367,2.98678293800199,19.8754157871008));
#8478=CARTESIAN_POINT('Ctrl Pts',(8.59902720221743,2.98787699768623,19.8754157871008));
#8479=CARTESIAN_POINT('Ctrl Pts',(8.60217587567119,2.98897105737049,19.8754157871008));
#8480=CARTESIAN_POINT('Ctrl Pts',(8.60532454912495,2.99006511705473,19.8754157871008));
#8481=CARTESIAN_POINT('Ctrl Pts',(8.59843796881482,2.97941694045945,19.6671150165375));
#8482=CARTESIAN_POINT('Ctrl Pts',(8.60158752771371,2.98050828408807,19.6671150165375));
#8483=CARTESIAN_POINT('Ctrl Pts',(8.6047372428487,2.98159968138079,19.6671150165375));
#8484=CARTESIAN_POINT('Ctrl Pts',(8.60788680174759,2.98269102500941,19.6671150165375));
#8485=CARTESIAN_POINT('Ctrl Pts',(8.60370481966646,2.96601927306544,19.2829420338892));
#8486=CARTESIAN_POINT('Ctrl Pts',(8.60685635739693,2.96710572605817,19.2829420338892));
#8487=CARTESIAN_POINT('Ctrl Pts',(8.61000790261693,2.96819218191125,19.2829420338892));
#8488=CARTESIAN_POINT('Ctrl Pts',(8.61315944034741,2.96927863490398,19.2829420338892));
#8489=CARTESIAN_POINT('Ctrl Pts',(8.66460019720638,2.78254110729624,18.9521157566487));
#8490=CARTESIAN_POINT('Ctrl Pts',(8.66777410045668,2.78356037292108,18.9521157566487));
#8491=CARTESIAN_POINT('Ctrl Pts',(8.67094783263432,2.78457957915195,18.9521157566487));
#8492=CARTESIAN_POINT('Ctrl Pts',(8.67412173588463,2.78559884477679,18.9521157566487));
#8493=CARTESIAN_POINT('Ctrl Pts',(8.69083811707548,2.69802387365048,18.8006653636694));
#8494=CARTESIAN_POINT('Ctrl Pts',(8.69402157426122,2.69901216078368,18.8006653636694));
#8495=CARTESIAN_POINT('Ctrl Pts',(8.69720503144696,2.70000044791689,18.8006653636694));
#8496=CARTESIAN_POINT('Ctrl Pts',(8.70038848863271,2.70098873505009,18.8006653636694));
#8497=CARTESIAN_POINT('',(8.59587852876367,2.98678293800199,19.8754157871008));
#8498=CARTESIAN_POINT('Ctrl Pts',(8.61424997530342,2.9333764441314,20.5315627902746));
#8499=CARTESIAN_POINT('Ctrl Pts',(8.61740537822478,2.93445094099738,20.5315627902746));
#8500=CARTESIAN_POINT('Ctrl Pts',(8.62056078114614,2.93552543786336,20.5315627902746));
#8501=CARTESIAN_POINT('Ctrl Pts',(8.62371618406749,2.93659993472935,20.5315627902746));
#8502=CARTESIAN_POINT('Ctrl Pts',(8.60894113503393,2.94896655949211,20.4258712326411));
#8503=CARTESIAN_POINT('Ctrl Pts',(8.61209459513281,2.95004676765123,20.4258712326411));
#8504=CARTESIAN_POINT('Ctrl Pts',(8.61524804980871,2.95112697392585,20.4258712326411));
#8505=CARTESIAN_POINT('Ctrl Pts',(8.61840150990759,2.95220718208496,20.4258712326411));
#8506=CARTESIAN_POINT('Ctrl Pts',(8.5979066131556,2.98099530868082,20.2084700959094));
#8507=CARTESIAN_POINT('Ctrl Pts',(8.60105602937973,2.98208724831296,20.2084700959094));
#8508=CARTESIAN_POINT('Ctrl Pts',(8.60420544595692,2.9831791880692,20.2084700959094));
#8509=CARTESIAN_POINT('Ctrl Pts',(8.60735486218105,2.98427112770134,20.2084700959094));
#8510=CARTESIAN_POINT('Ctrl Pts',(8.59656174592718,2.98481665793804,19.9884639343178));
#8511=CARTESIAN_POINT('Ctrl Pts',(8.5997106682058,2.9859099968745,19.9884639343178));
#8512=CARTESIAN_POINT('Ctrl Pts',(8.60285959479793,2.98700333730701,19.9884639343178));
#8513=CARTESIAN_POINT('Ctrl Pts',(8.60600851707655,2.98809667624347,19.9884639343178));
#8514=CARTESIAN_POINT('Ctrl Pts',(8.59587852876367,2.98678293800199,19.8754157871008));
#8515=CARTESIAN_POINT('Ctrl Pts',(8.59902720221743,2.98787699768623,19.8754157871008));
#8516=CARTESIAN_POINT('Ctrl Pts',(8.60217587567119,2.98897105737049,19.8754157871008));
#8517=CARTESIAN_POINT('Ctrl Pts',(8.60532454912495,2.99006511705473,19.8754157871008));
#8518=CARTESIAN_POINT('',(8.61424997530342,2.9333764441314,20.5315627902746));
#8519=CARTESIAN_POINT('Ctrl Pts',(8.66737094360386,2.77248641583175,21.10133074224));
#8520=CARTESIAN_POINT('Ctrl Pts',(8.67054580475536,2.77350197862143,21.10133074224));
#8521=CARTESIAN_POINT('Ctrl Pts',(8.67372066590686,2.77451754141112,21.10133074224));
#8522=CARTESIAN_POINT('Ctrl Pts',(8.67689552705837,2.7755331042008,21.10133074224));
#8523=CARTESIAN_POINT('Ctrl Pts',(8.65655536218916,2.80629817972593,21.0108699931506));
#8524=CARTESIAN_POINT('Ctrl Pts',(8.65972626691407,2.80732612955733,21.0108699931506));
#8525=CARTESIAN_POINT('Ctrl Pts',(8.66289715566446,2.80835407404807,21.0108699931506));
#8526=CARTESIAN_POINT('Ctrl Pts',(8.66606806038937,2.80938202387948,21.0108699931506));
#8527=CARTESIAN_POINT('Ctrl Pts',(8.63394378423258,2.87532675081526,20.8257748097028));
#8528=CARTESIAN_POINT('Ctrl Pts',(8.63710640091259,2.87637998402265,20.8257748097028));
#8529=CARTESIAN_POINT('Ctrl Pts',(8.64026901786492,2.87743321733405,20.8257748097028));
#8530=CARTESIAN_POINT('Ctrl Pts',(8.64343163454493,2.87848645054143,20.8257748097028));
#8531=CARTESIAN_POINT('Ctrl Pts',(8.62093479310439,2.91374558778766,20.6310967197112));
#8532=CARTESIAN_POINT('Ctrl Pts',(8.62409263959274,2.91481289217401,20.6310967197112));
#8533=CARTESIAN_POINT('Ctrl Pts',(8.62725050133372,2.91588020162965,20.6310967197112));
#8534=CARTESIAN_POINT('Ctrl Pts',(8.63040834782208,2.916947506016,20.6310967197112));
#8535=CARTESIAN_POINT('Ctrl Pts',(8.61424997530342,2.9333764441314,20.5315627902746));
#8536=CARTESIAN_POINT('Ctrl Pts',(8.61740537822478,2.93445094099738,20.5315627902746));
#8537=CARTESIAN_POINT('Ctrl Pts',(8.62056078114614,2.93552543786336,20.5315627902746));
#8538=CARTESIAN_POINT('Ctrl Pts',(8.62371618406749,2.93659993472935,20.5315627902746));
#8539=CARTESIAN_POINT('',(8.66737094360386,2.77248641583175,21.10133074224));
#8540=CARTESIAN_POINT('Origin',(8.76189518974755,2.45747689386466,21.10133074224));
#8541=CARTESIAN_POINT('',(8.84497471081653,2.13925743308653,21.10133074224));
#8542=CARTESIAN_POINT('Origin',(8.84497471081653,2.13925743308653,20.9169449657202));
#8543=CARTESIAN_POINT('',(8.84497471081653,2.13925743308653,20.7325591892004));
#8544=CARTESIAN_POINT('Ctrl Pts',(8.75104495748834,2.49583896756538,20.6893696635962));
#8545=CARTESIAN_POINT('Ctrl Pts',(8.75425046846178,2.49675319429343,20.6893696635962));
#8546=CARTESIAN_POINT('Ctrl Pts',(8.75745597943522,2.49766742102148,20.6893696635962));
#8547=CARTESIAN_POINT('Ctrl Pts',(8.76066149040866,2.49858164774952,20.6893696635962));
#8548=CARTESIAN_POINT('Ctrl Pts',(8.78475895678328,2.37762912816436,20.7037661721309));
#8549=CARTESIAN_POINT('Ctrl Pts',(8.7879768172329,2.37850005459184,20.7037661721309));
#8550=CARTESIAN_POINT('Ctrl Pts',(8.79119467760486,2.3793709809986,20.7037661721309));
#8551=CARTESIAN_POINT('Ctrl Pts',(8.79441253805447,2.38024190742608,20.7037661721309));
#8552=CARTESIAN_POINT('Ctrl Pts',(8.81607744439508,2.25873608336784,20.7181626806656));
#8553=CARTESIAN_POINT('Ctrl Pts',(8.81930677681823,2.2595634592293,20.7181626806656));
#8554=CARTESIAN_POINT('Ctrl Pts',(8.82253610916359,2.26039083507053,20.7181626806656));
#8555=CARTESIAN_POINT('Ctrl Pts',(8.82576544158673,2.26121821093198,20.7181626806656));
#8556=CARTESIAN_POINT('Ctrl Pts',(8.84497471081653,2.13925743308653,20.7325591892004));
#8557=CARTESIAN_POINT('Ctrl Pts',(8.84821462829302,2.14004104386788,20.7325591892004));
#8558=CARTESIAN_POINT('Ctrl Pts',(8.85145454576951,2.14082465464923,20.7325591892004));
#8559=CARTESIAN_POINT('Ctrl Pts',(8.854694463246,2.14160826543058,20.7325591892004));
#8560=CARTESIAN_POINT('',(8.75104495748834,2.49583896756538,20.6893696635962));
#8561=CARTESIAN_POINT('Ctrl Pts',(8.71174779685144,2.6297243817659,20.343855842948));
#8562=CARTESIAN_POINT('Ctrl Pts',(8.71493891326054,2.63068765077021,20.343855842948));
#8563=CARTESIAN_POINT('Ctrl Pts',(8.71813002966965,2.63165091977452,20.343855842948));
#8564=CARTESIAN_POINT('Ctrl Pts',(8.72132114607875,2.63261418877883,20.343855842948));
#8565=CARTESIAN_POINT('Ctrl Pts',(8.71681830247041,2.61292681679627,20.403288523634));
#8566=CARTESIAN_POINT('Ctrl Pts',(8.72001127338206,2.613883932012,20.403288523634));
#8567=CARTESIAN_POINT('Ctrl Pts',(8.72320425277026,2.61484104973086,20.403288523634));
#8568=CARTESIAN_POINT('Ctrl Pts',(8.72639722368191,2.61579816494659,20.403288523634));
#8569=CARTESIAN_POINT('Ctrl Pts',(8.72696830393601,2.57908293273795,20.522968580159));
#8570=CARTESIAN_POINT('Ctrl Pts',(8.73016499552474,2.58002765172997,20.522968580159));
#8571=CARTESIAN_POINT('Ctrl Pts',(8.73336168740656,2.58097237081487,20.522968580159));
#8572=CARTESIAN_POINT('Ctrl Pts',(8.73655837899528,2.58191708980689,20.522968580159));
#8573=CARTESIAN_POINT('Ctrl Pts',(8.74308678764459,2.52374233111851,20.6336514860947));
#8574=CARTESIAN_POINT('Ctrl Pts',(8.74628938670313,2.52466677979865,20.6336514860947));
#8575=CARTESIAN_POINT('Ctrl Pts',(8.74949197626478,2.52559122565938,20.6336514860947));
#8576=CARTESIAN_POINT('Ctrl Pts',(8.75269457532332,2.52651567433952,20.6336514860947));
#8577=CARTESIAN_POINT('Ctrl Pts',(8.75104495748834,2.49583896756538,20.6893696635962));
#8578=CARTESIAN_POINT('Ctrl Pts',(8.75425046846178,2.49675319429343,20.6893696635962));
#8579=CARTESIAN_POINT('Ctrl Pts',(8.75745597943522,2.49766742102148,20.6893696635962));
#8580=CARTESIAN_POINT('Ctrl Pts',(8.76066149040866,2.49858164774952,20.6893696635962));
#8581=CARTESIAN_POINT('',(8.71174779685144,2.6297243817659,20.343855842948));
#8582=CARTESIAN_POINT('Ctrl Pts',(8.69819311075643,2.67421700839504,19.9750842899084));
#8583=CARTESIAN_POINT('Ctrl Pts',(8.70137926207906,2.67519657506478,19.9750842899084));
#8584=CARTESIAN_POINT('Ctrl Pts',(8.70456541340168,2.67617614173452,19.9750842899084));
#8585=CARTESIAN_POINT('Ctrl Pts',(8.7077515647243,2.67715570840426,19.9750842899084));
#8586=CARTESIAN_POINT('Ctrl Pts',(8.69875012092878,2.67240526984558,20.0376272055033));
#8587=CARTESIAN_POINT('Ctrl Pts',(8.70193647537978,2.67338417259713,20.0376272055033));
#8588=CARTESIAN_POINT('Ctrl Pts',(8.70512283254473,2.67436307618178,20.0376272055033));
#8589=CARTESIAN_POINT('Ctrl Pts',(8.70830918699573,2.67534197893332,20.0376272055033));
#8590=CARTESIAN_POINT('Ctrl Pts',(8.6998676440415,2.6688043584147,20.1620351005821));
#8591=CARTESIAN_POINT('Ctrl Pts',(8.70305440865713,2.66978194240113,20.1620351005821));
#8592=CARTESIAN_POINT('Ctrl Pts',(8.70624117354019,2.67075952647049,20.1620351005821));
#8593=CARTESIAN_POINT('Ctrl Pts',(8.70942793815583,2.67173711045692,20.1620351005821));
#8594=CARTESIAN_POINT('Ctrl Pts',(8.70782756298129,2.64271132785739,20.2834695063833));
#8595=CARTESIAN_POINT('Ctrl Pts',(8.71101724460865,2.64367935435422,20.2834695063833));
#8596=CARTESIAN_POINT('Ctrl Pts',(8.71420692263193,2.64464737974282,20.2834695063833));
#8597=CARTESIAN_POINT('Ctrl Pts',(8.71739660425929,2.64561540623965,20.2834695063833));
#8598=CARTESIAN_POINT('Ctrl Pts',(8.71174779685144,2.6297243817659,20.343855842948));
#8599=CARTESIAN_POINT('Ctrl Pts',(8.71493891326054,2.63068765077021,20.343855842948));
#8600=CARTESIAN_POINT('Ctrl Pts',(8.71813002966965,2.63165091977452,20.343855842948));
#8601=CARTESIAN_POINT('Ctrl Pts',(8.72132114607875,2.63261418877883,20.343855842948));
#8602=CARTESIAN_POINT('',(8.69819311075643,2.67421700839504,19.9750842899084));
#8603=CARTESIAN_POINT('Ctrl Pts',(8.76144647798121,2.45907617073378,19.2890372127295));
#8604=CARTESIAN_POINT('Ctrl Pts',(8.76465579903541,2.45997693123588,19.2890372127295));
#8605=CARTESIAN_POINT('Ctrl Pts',(8.76786512008962,2.46087769173798,19.2890372127295));
#8606=CARTESIAN_POINT('Ctrl Pts',(8.77107444114382,2.46177845224008,19.2890372127295));
#8607=CARTESIAN_POINT('Ctrl Pts',(8.74381747158456,2.52188658622333,19.3809343995685));
#8608=CARTESIAN_POINT('Ctrl Pts',(8.74702036729191,2.52281036408254,19.3809343995685));
#8609=CARTESIAN_POINT('Ctrl Pts',(8.75022316650533,2.52373411230501,19.3809343995685));
#8610=CARTESIAN_POINT('Ctrl Pts',(8.75342606221267,2.52465789016423,19.3809343995685));
#8611=CARTESIAN_POINT('Ctrl Pts',(8.70264459733536,2.66086651110879,19.5851143105685));
#8612=CARTESIAN_POINT('Ctrl Pts',(8.70583237797643,2.6618411870634,19.5851143105685));
#8613=CARTESIAN_POINT('Ctrl Pts',(8.70902016240564,2.66281586428727,19.5851143105685));
#8614=CARTESIAN_POINT('Ctrl Pts',(8.71220794304672,2.66379054024187,19.5851143105685));
#8615=CARTESIAN_POINT('Ctrl Pts',(8.69965996122904,2.66944591142151,19.8367207462976));
#8616=CARTESIAN_POINT('Ctrl Pts',(8.70284661940041,2.67042372116252,19.8367207462976));
#8617=CARTESIAN_POINT('Ctrl Pts',(8.70603336894912,2.67140155872603,19.8367207462976));
#8618=CARTESIAN_POINT('Ctrl Pts',(8.7092200271205,2.67237936846703,19.8367207462976));
#8619=CARTESIAN_POINT('Ctrl Pts',(8.69819311075643,2.67421700839504,19.9750842899084));
#8620=CARTESIAN_POINT('Ctrl Pts',(8.70137926207906,2.67519657506478,19.9750842899084));
#8621=CARTESIAN_POINT('Ctrl Pts',(8.70456541340168,2.67617614173452,19.9750842899084));
#8622=CARTESIAN_POINT('Ctrl Pts',(8.7077515647243,2.67715570840426,19.9750842899084));
#8623=CARTESIAN_POINT('',(8.76144647798121,2.45907617073378,19.2890372127295));
#8624=CARTESIAN_POINT('Ctrl Pts',(8.91914671660438,1.80522071993572,19.0614642947912));
#8625=CARTESIAN_POINT('Ctrl Pts',(8.92241380331376,1.80588197294669,19.0614642947912));
#8626=CARTESIAN_POINT('Ctrl Pts',(8.92568089002314,1.80654322595765,19.0614642947912));
#8627=CARTESIAN_POINT('Ctrl Pts',(8.92894797673252,1.80720447896862,19.0614642947912));
#8628=CARTESIAN_POINT('Ctrl Pts',(8.89222416429177,1.93823835673206,19.066810645914));
#8629=CARTESIAN_POINT('Ctrl Pts',(8.89548142656381,1.93894834372817,19.066810645914));
#8630=CARTESIAN_POINT('Ctrl Pts',(8.89873857692555,1.93965830199609,19.066810645914));
#8631=CARTESIAN_POINT('Ctrl Pts',(8.90199583919759,1.9403682889922,19.066810645914));
#8632=CARTESIAN_POINT('Ctrl Pts',(8.83708650900847,2.18012022812662,19.0765817601926));
#8633=CARTESIAN_POINT('Ctrl Pts',(8.84032353472414,2.18091880629571,19.0765817601926));
#8634=CARTESIAN_POINT('Ctrl Pts',(8.84356056736864,2.18171738647196,19.0765817601926));
#8635=CARTESIAN_POINT('Ctrl Pts',(8.84679759308431,2.18251596464105,19.0765817601926));
#8636=CARTESIAN_POINT('Ctrl Pts',(8.78578906107989,2.37234594192135,19.2228162226573));
#8637=CARTESIAN_POINT('Ctrl Pts',(8.78900727154075,2.37321492627926,19.2228162226573));
#8638=CARTESIAN_POINT('Ctrl Pts',(8.79222556387297,2.37408393112599,19.2228162226573));
#8639=CARTESIAN_POINT('Ctrl Pts',(8.79544377433383,2.3749529154839,19.2228162226573));
#8640=CARTESIAN_POINT('Ctrl Pts',(8.76144647798121,2.45907617073378,19.2890372127295));
#8641=CARTESIAN_POINT('Ctrl Pts',(8.76465579903541,2.45997693123588,19.2890372127295));
#8642=CARTESIAN_POINT('Ctrl Pts',(8.76786512008962,2.46087769173798,19.2890372127295));
#8643=CARTESIAN_POINT('Ctrl Pts',(8.77107444114382,2.46177845224008,19.2890372127295));
#8644=CARTESIAN_POINT('',(8.91914671660438,1.80522071993572,19.0614642947912));
#8645=CARTESIAN_POINT('Ctrl Pts',(9.04008168066175,1.04255609295798,19.4086398929358));
#8646=CARTESIAN_POINT('Ctrl Pts',(9.04339306589277,1.04293798163672,19.4086398929358));
#8647=CARTESIAN_POINT('Ctrl Pts',(9.04670445112377,1.04331987031546,19.4086398929358));
#8648=CARTESIAN_POINT('Ctrl Pts',(9.05001583635479,1.0437017589942,19.4086398929358));
#8649=CARTESIAN_POINT('Ctrl Pts',(9.02855758904779,1.14248235130446,19.3074530956666));
#8650=CARTESIAN_POINT('Ctrl Pts',(9.03186469202169,1.1429008339264,19.3074530956666));
#8651=CARTESIAN_POINT('Ctrl Pts',(9.03517197792999,1.14331934379384,19.3074530956666));
#8652=CARTESIAN_POINT('Ctrl Pts',(9.03847908090389,1.14373782641578,19.3074530956666));
#8653=CARTESIAN_POINT('Ctrl Pts',(9.00160264222779,1.35288831167186,19.0941095001694));
#8654=CARTESIAN_POINT('Ctrl Pts',(9.00489992874294,1.3533838748251,19.0941095001694));
#8655=CARTESIAN_POINT('Ctrl Pts',(9.00819722674805,1.35387943897101,19.0941095001694));
#8656=CARTESIAN_POINT('Ctrl Pts',(9.0114945132632,1.35437500212425,19.0941095001694));
#8657=CARTESIAN_POINT('Ctrl Pts',(8.95057269853145,1.64995275717336,19.0727127657095));
#8658=CARTESIAN_POINT('Ctrl Pts',(8.95385137247808,1.65055714618545,19.0727127657095));
#8659=CARTESIAN_POINT('Ctrl Pts',(8.95712981875903,1.65116150305927,19.0727127657095));
#8660=CARTESIAN_POINT('Ctrl Pts',(8.96040849270566,1.65176589207136,19.0727127657095));
#8661=CARTESIAN_POINT('Ctrl Pts',(8.91914671660438,1.80522071993572,19.0614642947912));
#8662=CARTESIAN_POINT('Ctrl Pts',(8.92241380331376,1.80588197294669,19.0614642947912));
#8663=CARTESIAN_POINT('Ctrl Pts',(8.92568089002314,1.80654322595765,19.0614642947912));
#8664=CARTESIAN_POINT('Ctrl Pts',(8.92894797673252,1.80720447896862,19.0614642947912));
#8665=CARTESIAN_POINT('',(9.04008168066175,1.04255609295798,19.4086398929358));
#8666=CARTESIAN_POINT('Ctrl Pts',(9.06595752004142,0.786393187155423,20.4501666873693));
#8667=CARTESIAN_POINT('Ctrl Pts',(9.06927838360187,0.786681243267934,20.4501666873693));
#8668=CARTESIAN_POINT('Ctrl Pts',(9.07259924716233,0.786969299380445,20.4501666873693));
#8669=CARTESIAN_POINT('Ctrl Pts',(9.07592011072278,0.787257355492956,20.4501666873693));
#8670=CARTESIAN_POINT('Ctrl Pts',(9.06559439574257,0.790579476560788,20.2430185593374));
#8671=CARTESIAN_POINT('Ctrl Pts',(9.06891508009198,0.790869061953629,20.2430185593374));
#8672=CARTESIAN_POINT('Ctrl Pts',(9.07223590303684,0.791158659823507,20.2430185593374));
#8673=CARTESIAN_POINT('Ctrl Pts',(9.07555658738625,0.791448245216349,20.2430185593374));
#8674=CARTESIAN_POINT('Ctrl Pts',(9.06542293050877,0.798063080055311,19.8748213386541));
#8675=CARTESIAN_POINT('Ctrl Pts',(9.0687435966424,0.798355410766147,19.8748213386541));
#8676=CARTESIAN_POINT('Ctrl Pts',(9.07206426759548,0.798647741740141,19.8748213386541));
#8677=CARTESIAN_POINT('Ctrl Pts',(9.07538493372911,0.798940072450977,19.8748213386541));
#8678=CARTESIAN_POINT('Ctrl Pts',(9.04865102768118,0.968250645482469,19.5504984131601));
#8679=CARTESIAN_POINT('Ctrl Pts',(9.05196559790437,0.968605320066377,19.5504984131601));
#8680=CARTESIAN_POINT('Ctrl Pts',(9.05528003001588,0.968959982596894,19.5504984131601));
#8681=CARTESIAN_POINT('Ctrl Pts',(9.05859460023907,0.969314657180801,19.5504984131601));
#8682=CARTESIAN_POINT('Ctrl Pts',(9.04008168066175,1.04255609295798,19.4086398929358));
#8683=CARTESIAN_POINT('Ctrl Pts',(9.04339306589277,1.04293798163672,19.4086398929358));
#8684=CARTESIAN_POINT('Ctrl Pts',(9.04670445112377,1.04331987031546,19.4086398929358));
#8685=CARTESIAN_POINT('Ctrl Pts',(9.05001583635479,1.0437017589942,19.4086398929358));
#8686=CARTESIAN_POINT('',(9.06595752004142,0.786393187155423,20.4501666873693));
#8687=CARTESIAN_POINT('Origin',(9.06595752004142,0.786393187155423,20.5598010867834));
#8688=CARTESIAN_POINT('',(9.06595752004142,0.786393187155423,20.6694354861975));
#8689=CARTESIAN_POINT('Origin',(9.07868780042947,0.622437002702411,20.6694354861975));
#8690=CARTESIAN_POINT('',(9.08845320673649,0.458277545774681,20.6694354861975));
#8691=CARTESIAN_POINT('Origin',(9.08845320673649,0.458277545774681,20.464728102088));
#8692=CARTESIAN_POINT('',(9.08845320673649,0.458277545774681,20.2600207179785));
#8693=CARTESIAN_POINT('Ctrl Pts',(9.09845345027346,0.167764159482846,19.3030013889074));
#8694=CARTESIAN_POINT('Ctrl Pts',(9.10178621710506,0.167825611555917,19.3030013889074));
#8695=CARTESIAN_POINT('Ctrl Pts',(9.10511898393666,0.167887063628987,19.3030013889074));
#8696=CARTESIAN_POINT('Ctrl Pts',(9.10845175076826,0.167948515702058,19.3030013889074));
#8697=CARTESIAN_POINT('Ctrl Pts',(9.09689300995766,0.252392447306686,19.4369055982795));
#8698=CARTESIAN_POINT('Ctrl Pts',(9.10022525997521,0.252484901503286,19.4369055982795));
#8699=CARTESIAN_POINT('Ctrl Pts',(9.10355734566533,0.252577347447785,19.4369055982795));
#8700=CARTESIAN_POINT('Ctrl Pts',(9.10688959568289,0.252669801644385,19.4369055982795));
#8701=CARTESIAN_POINT('Ctrl Pts',(9.09008134504816,0.436325383674585,19.7280727179319));
#8702=CARTESIAN_POINT('Ctrl Pts',(9.09341104268633,0.436485209626425,19.7280727179319));
#8703=CARTESIAN_POINT('Ctrl Pts',(9.09674074778918,0.436645036166344,19.7280727179319));
#8704=CARTESIAN_POINT('Ctrl Pts',(9.10007044542734,0.436804862118184,19.7280727179319));
#8705=CARTESIAN_POINT('Ctrl Pts',(9.08884183032682,0.450570453536997,20.0734683351738));
#8706=CARTESIAN_POINT('Ctrl Pts',(9.09217102693861,0.450735495331522,20.0734683351738));
#8707=CARTESIAN_POINT('Ctrl Pts',(9.09550037199011,0.450900544108996,20.0734683351738));
#8708=CARTESIAN_POINT('Ctrl Pts',(9.0988295686019,0.451065585903521,20.0734683351738));
#8709=CARTESIAN_POINT('Ctrl Pts',(9.08845320673649,0.458277545774681,20.2600207179785));
#8710=CARTESIAN_POINT('Ctrl Pts',(9.09178231047522,0.458445413007566,20.2600207179785));
#8711=CARTESIAN_POINT('Ctrl Pts',(9.09511141421395,0.45861328024045,20.2600207179785));
#8712=CARTESIAN_POINT('Ctrl Pts',(9.09844051795268,0.458781147473335,20.2600207179785));
#8713=CARTESIAN_POINT('',(9.09845345027346,0.167764159482846,19.3030013889074));
#8714=CARTESIAN_POINT('Ctrl Pts',(9.07788499794683,-0.634037825410926,18.955151066184));
#8715=CARTESIAN_POINT('Ctrl Pts',(9.08121023054681,-0.634270073698623,18.955151066184));
#8716=CARTESIAN_POINT('Ctrl Pts',(9.08453546314679,-0.634502321986319,18.955151066184));
#8717=CARTESIAN_POINT('Ctrl Pts',(9.08786069574677,-0.634734570274015,18.955151066184));
#8718=CARTESIAN_POINT('Ctrl Pts',(9.08899817793218,-0.474924022061591,18.9675125469451));
#8719=CARTESIAN_POINT('Ctrl Pts',(9.09232755319216,-0.475097987645509,18.9675125469451));
#8720=CARTESIAN_POINT('Ctrl Pts',(9.09565671275784,-0.475271951007412,18.9675125469451));
#8721=CARTESIAN_POINT('Ctrl Pts',(9.09898608801782,-0.475445916591329,18.9675125469451));
#8722=CARTESIAN_POINT('Ctrl Pts',(9.10140285199063,-0.166843737210131,18.9914019512418));
#8723=CARTESIAN_POINT('Ctrl Pts',(9.10473669635109,-0.166904852321322,18.9914019512418));
#8724=CARTESIAN_POINT('Ctrl Pts',(9.10807054922577,-0.166965966865105,18.9914019512418));
#8725=CARTESIAN_POINT('Ctrl Pts',(9.11140439358623,-0.167027081976296,18.9914019512418));
#8726=CARTESIAN_POINT('Ctrl Pts',(9.10046110446321,0.0588818556224058,19.201579437817));
#8727=CARTESIAN_POINT('Ctrl Pts',(9.10379454561758,0.0589034251926973,19.201579437817));
#8728=CARTESIAN_POINT('Ctrl Pts',(9.10712817001704,0.0589249913879631,19.201579437817));
#8729=CARTESIAN_POINT('Ctrl Pts',(9.11046161117141,0.0589465609582546,19.201579437817));
#8730=CARTESIAN_POINT('Ctrl Pts',(9.09845345027346,0.167764159482846,19.3030013889074));
#8731=CARTESIAN_POINT('Ctrl Pts',(9.10178621710506,0.167825611555917,19.3030013889074));
#8732=CARTESIAN_POINT('Ctrl Pts',(9.10511898393666,0.167887063628987,19.3030013889074));
#8733=CARTESIAN_POINT('Ctrl Pts',(9.10845175076826,0.167948515702058,19.3030013889074));
#8734=CARTESIAN_POINT('',(9.07788499794683,-0.634037825410926,18.955151066184));
#8735=CARTESIAN_POINT('Ctrl Pts',(8.97963349530982,-1.4751888997379,19.2297568172216));
#8736=CARTESIAN_POINT('Ctrl Pts',(8.9829227383484,-1.47572926197224,19.2297568172216));
#8737=CARTESIAN_POINT('Ctrl Pts',(8.98621198138697,-1.47626962420658,19.2297568172216));
#8738=CARTESIAN_POINT('Ctrl Pts',(8.98950122442555,-1.47680998644091,19.2297568172216));
#8739=CARTESIAN_POINT('Ctrl Pts',(8.99889353320043,-1.35795097760184,19.1497658646176));
#8740=CARTESIAN_POINT('Ctrl Pts',(9.00218979152748,-1.35844839061314,19.1497658646176));
#8741=CARTESIAN_POINT('Ctrl Pts',(9.00548616886591,-1.35894581841208,19.1497658646176));
#8742=CARTESIAN_POINT('Ctrl Pts',(9.00878242719296,-1.35944323142338,19.1497658646176));
#8743=CARTESIAN_POINT('Ctrl Pts',(9.03588983598655,-1.10536633597005,18.9779333140277));
#8744=CARTESIAN_POINT('Ctrl Pts',(9.03919968318798,-1.1057712315814,18.9779333140277));
#8745=CARTESIAN_POINT('Ctrl Pts',(9.04250953805543,-1.10617612863998,18.9779333140277));
#8746=CARTESIAN_POINT('Ctrl Pts',(9.04581938525686,-1.10658102425133,18.9779333140277));
#8747=CARTESIAN_POINT('Ctrl Pts',(9.06640238601381,-0.798440998891114,18.9630864593918));
#8748=CARTESIAN_POINT('Ctrl Pts',(9.06972346278166,-0.798733474781297,18.9630864593918));
#8749=CARTESIAN_POINT('Ctrl Pts',(9.07304438879104,-0.799025930692019,18.9630864593918));
#8750=CARTESIAN_POINT('Ctrl Pts',(9.07636546555888,-0.799318406582203,18.9630864593918));
#8751=CARTESIAN_POINT('Ctrl Pts',(9.07788499794683,-0.634037825410926,18.955151066184));
#8752=CARTESIAN_POINT('Ctrl Pts',(9.08121023054681,-0.634270073698623,18.955151066184));
#8753=CARTESIAN_POINT('Ctrl Pts',(9.08453546314679,-0.634502321986319,18.955151066184));
#8754=CARTESIAN_POINT('Ctrl Pts',(9.08786069574677,-0.634734570274015,18.955151066184));
#8755=CARTESIAN_POINT('',(8.97963349530982,-1.4751888997379,19.2297568172216));
#8756=CARTESIAN_POINT('Ctrl Pts',(8.92373088795682,-1.78242167831445,19.9736299365759));
#8757=CARTESIAN_POINT('Ctrl Pts',(8.92699965384985,-1.78307458002812,19.9736299365759));
#8758=CARTESIAN_POINT('Ctrl Pts',(8.93026841974287,-1.78372748174179,19.9736299365759));
#8759=CARTESIAN_POINT('Ctrl Pts',(8.9335371856359,-1.78438038345546,19.9736299365759));
#8760=CARTESIAN_POINT('Ctrl Pts',(8.92590831473535,-1.77152034624686,19.8270338503951));
#8761=CARTESIAN_POINT('Ctrl Pts',(8.92917783131225,-1.77216924558584,19.8270338503951));
#8762=CARTESIAN_POINT('Ctrl Pts',(8.9324474886142,-1.77281817256309,19.8270338503951));
#8763=CARTESIAN_POINT('Ctrl Pts',(8.9357170051911,-1.77346707190207,19.8270338503951));
#8764=CARTESIAN_POINT('Ctrl Pts',(8.93061509417937,-1.75054344489921,19.5436365410377));
#8765=CARTESIAN_POINT('Ctrl Pts',(8.9338863781469,-1.75118466880362,19.5436365410377));
#8766=CARTESIAN_POINT('Ctrl Pts',(8.93715767295269,-1.75182589511006,19.5436365410377));
#8767=CARTESIAN_POINT('Ctrl Pts',(8.94042895692023,-1.75246711901448,19.5436365410377));
#8768=CARTESIAN_POINT('Ctrl Pts',(8.96487264402338,-1.56503978910846,19.3319445376057));
#8769=CARTESIAN_POINT('Ctrl Pts',(8.96815653813022,-1.56561307534344,19.3319445376057));
#8770=CARTESIAN_POINT('Ctrl Pts',(8.97144025831656,-1.56618632681755,19.3319445376057));
#8771=CARTESIAN_POINT('Ctrl Pts',(8.9747241524234,-1.56675961305253,19.3319445376057));
#8772=CARTESIAN_POINT('Ctrl Pts',(8.97963349530982,-1.4751888997379,19.2297568172216));
#8773=CARTESIAN_POINT('Ctrl Pts',(8.9829227383484,-1.47572926197224,19.2297568172216));
#8774=CARTESIAN_POINT('Ctrl Pts',(8.98621198138697,-1.47626962420658,19.2297568172216));
#8775=CARTESIAN_POINT('Ctrl Pts',(8.98950122442555,-1.47680998644091,19.2297568172216));
#8776=CARTESIAN_POINT('',(8.92373088795682,-1.78242167831445,19.9736299365759));
#8777=CARTESIAN_POINT('Ctrl Pts',(8.93399028237079,-1.73026519195883,20.3647222369909));
#8778=CARTESIAN_POINT('Ctrl Pts',(8.93726280628374,-1.73089898873244,20.3647222369909));
#8779=CARTESIAN_POINT('Ctrl Pts',(8.9405353301967,-1.73153278550606,20.3647222369909));
#8780=CARTESIAN_POINT('Ctrl Pts',(8.94380785410966,-1.73216658227967,20.3647222369909));
#8781=CARTESIAN_POINT('Ctrl Pts',(8.93104242428912,-1.74548605843515,20.2999784257871));
#8782=CARTESIAN_POINT('Ctrl Pts',(8.93431386998207,-1.74612543093371,20.2999784257871));
#8783=CARTESIAN_POINT('Ctrl Pts',(8.93758531093056,-1.74676480248431,20.2999784257871));
#8784=CARTESIAN_POINT('Ctrl Pts',(8.94085675662351,-1.74740417498288,20.2999784257871));
#8785=CARTESIAN_POINT('Ctrl Pts',(8.92508649474048,-1.77569785930896,20.1713851716004));
#8786=CARTESIAN_POINT('Ctrl Pts',(8.92835575706746,-1.7763482980599,20.1713851716004));
#8787=CARTESIAN_POINT('Ctrl Pts',(8.93162501977036,-1.77699873688692,20.1713851716004));
#8788=CARTESIAN_POINT('Ctrl Pts',(8.93489428209734,-1.77764917563787,20.1713851716004));
#8789=CARTESIAN_POINT('Ctrl Pts',(8.92417663800404,-1.78019002151121,20.0392419955886));
#8790=CARTESIAN_POINT('Ctrl Pts',(8.92744556602054,-1.78084210553806,20.0392419955886));
#8791=CARTESIAN_POINT('Ctrl Pts',(8.93071449750182,-1.78149419025525,20.0392419955886));
#8792=CARTESIAN_POINT('Ctrl Pts',(8.93398342551833,-1.7821462742821,20.0392419955886));
#8793=CARTESIAN_POINT('Ctrl Pts',(8.92373088795682,-1.78242167831445,19.9736299365759));
#8794=CARTESIAN_POINT('Ctrl Pts',(8.92699965384985,-1.78307458002812,19.9736299365759));
#8795=CARTESIAN_POINT('Ctrl Pts',(8.93026841974287,-1.78372748174179,19.9736299365759));
#8796=CARTESIAN_POINT('Ctrl Pts',(8.9335371856359,-1.78438038345546,19.9736299365759));
#8797=CARTESIAN_POINT('',(8.93399028237079,-1.73026519195883,20.3647222369909));
#8798=CARTESIAN_POINT('Ctrl Pts',(8.96293820408933,-1.57344804479712,20.7524933665991));
#8799=CARTESIAN_POINT('Ctrl Pts',(8.96622133163662,-1.57402439939228,20.7524933665991));
#8800=CARTESIAN_POINT('Ctrl Pts',(8.9695044591839,-1.57460075398745,20.7524933665991));
#8801=CARTESIAN_POINT('Ctrl Pts',(8.97278758673119,-1.57517710858261,20.7524933665991));
#8802=CARTESIAN_POINT('Ctrl Pts',(8.9572297957783,-1.60596523600957,20.6888257666103));
#8803=CARTESIAN_POINT('Ctrl Pts',(8.96051083622315,-1.60655350239604,20.6888257666103));
#8804=CARTESIAN_POINT('Ctrl Pts',(8.96379186499914,-1.60714176658575,20.6888257666103));
#8805=CARTESIAN_POINT('Ctrl Pts',(8.96707290544399,-1.60773003297222,20.6888257666103));
#8806=CARTESIAN_POINT('Ctrl Pts',(8.94566036034452,-1.66951664586921,20.5642553324194));
#8807=CARTESIAN_POINT('Ctrl Pts',(8.94893715886445,-1.67012819039798,20.5642553324194));
#8808=CARTESIAN_POINT('Ctrl Pts',(8.95221395782498,-1.67073973501722,20.5642553324194));
#8809=CARTESIAN_POINT('Ctrl Pts',(8.9554907563449,-1.67135127954599,20.5642553324194));
#8810=CARTESIAN_POINT('Ctrl Pts',(8.93785244099453,-1.71032345830212,20.4302418190525));
#8811=CARTESIAN_POINT('Ctrl Pts',(8.9411263762666,-1.71094994978621,20.4302418190525));
#8812=CARTESIAN_POINT('Ctrl Pts',(8.9444003215917,-1.71157644314583,20.4302418190525));
#8813=CARTESIAN_POINT('Ctrl Pts',(8.94767425686376,-1.71220293462992,20.4302418190525));
#8814=CARTESIAN_POINT('Ctrl Pts',(8.93399028237079,-1.73026519195883,20.3647222369909));
#8815=CARTESIAN_POINT('Ctrl Pts',(8.93726280628374,-1.73089898873244,20.3647222369909));
#8816=CARTESIAN_POINT('Ctrl Pts',(8.9405353301967,-1.73153278550606,20.3647222369909));
#8817=CARTESIAN_POINT('Ctrl Pts',(8.94380785410966,-1.73216658227967,20.3647222369909));
#8818=CARTESIAN_POINT('',(8.96293820408934,-1.57344804479712,20.7524933665991));
#8819=CARTESIAN_POINT('Ctrl Pts',(9.01394171874658,-1.2485410249727,20.7923593372107));
#8820=CARTESIAN_POINT('Ctrl Pts',(9.01724352889997,-1.24899836600749,20.7923593372107));
#8821=CARTESIAN_POINT('Ctrl Pts',(9.02054533905336,-1.24945570704228,20.7923593372107));
#8822=CARTESIAN_POINT('Ctrl Pts',(9.02384714920674,-1.24991304807707,20.7923593372107));
#8823=CARTESIAN_POINT('Ctrl Pts',(8.998899598584,-1.35713881371967,20.7790706803401));
#8824=CARTESIAN_POINT('Ctrl Pts',(9.00219589882002,-1.35763593416684,20.7790706803401));
#8825=CARTESIAN_POINT('Ctrl Pts',(9.00549219900577,-1.35813305460626,20.7790706803401));
#8826=CARTESIAN_POINT('Ctrl Pts',(9.00878849924178,-1.35863017505343,20.7790706803401));
#8827=CARTESIAN_POINT('Ctrl Pts',(8.98189472540984,-1.46546473405355,20.7657820234696));
#8828=CARTESIAN_POINT('Ctrl Pts',(8.98518479675457,-1.46600153432511,20.7657820234696));
#8829=CARTESIAN_POINT('Ctrl Pts',(8.98847486804908,-1.46653833458864,20.7657820234696));
#8830=CARTESIAN_POINT('Ctrl Pts',(8.99176493939381,-1.4670751348602,20.7657820234696));
#8831=CARTESIAN_POINT('Ctrl Pts',(8.96293820408934,-1.57344804479712,20.7524933665991));
#8832=CARTESIAN_POINT('Ctrl Pts',(8.96622133163662,-1.57402439939228,20.7524933665991));
#8833=CARTESIAN_POINT('Ctrl Pts',(8.96950445918391,-1.57460075398745,20.7524933665991));
#8834=CARTESIAN_POINT('Ctrl Pts',(8.97278758673119,-1.57517710858261,20.7524933665991));
#8835=CARTESIAN_POINT('',(9.01394171874658,-1.2485410249727,20.7923593372107));
#8836=CARTESIAN_POINT('Origin',(9.01394171874658,-1.2485410249727,20.9767451137304));
#8837=CARTESIAN_POINT('',(9.01394171874658,-1.2485410249727,21.1611308902502));
#8838=CARTESIAN_POINT('Origin',(8.959470060034,-1.59307760117149,21.1611308902502));
#8839=CARTESIAN_POINT('',(8.8918342648435,-1.9352734707413,21.1611308902502));
#8840=CARTESIAN_POINT('Ctrl Pts',(8.86337901410441,-2.06167709700952,20.5797352641821));
#8841=CARTESIAN_POINT('Ctrl Pts',(8.86662567308393,-2.06243229008535,20.5797352641821));
#8842=CARTESIAN_POINT('Ctrl Pts',(8.86987233206346,-2.06318748316118,20.5797352641821));
#8843=CARTESIAN_POINT('Ctrl Pts',(8.87311899104298,-2.063942676237,20.5797352641821));
#8844=CARTESIAN_POINT('Ctrl Pts',(8.86693475598146,-2.04639056742717,20.6813037226832));
#8845=CARTESIAN_POINT('Ctrl Pts',(8.87018271415826,-2.04714016029981,20.6813037226832));
#8846=CARTESIAN_POINT('Ctrl Pts',(8.8734306821519,-2.04788975539785,20.6813037226832));
#8847=CARTESIAN_POINT('Ctrl Pts',(8.8766786403287,-2.0486393482705,20.6813037226832));
#8848=CARTESIAN_POINT('Ctrl Pts',(8.87378501438952,-2.01678238168843,20.8779743452108));
#8849=CARTESIAN_POINT('Ctrl Pts',(8.87703548504976,-2.01752112980224,20.8779743452108));
#8850=CARTESIAN_POINT('Ctrl Pts',(8.88028595583301,-2.0182598779501,20.8779743452108));
#8851=CARTESIAN_POINT('Ctrl Pts',(8.88353642649325,-2.01899862606391,20.8779743452108));
#8852=CARTESIAN_POINT('Ctrl Pts',(8.8860473628041,-1.96186205091829,21.0688371554247));
#8853=CARTESIAN_POINT('Ctrl Pts',(8.8893023285561,-1.96258068246991,21.0688371554247));
#8854=CARTESIAN_POINT('Ctrl Pts',(8.89255728426397,-1.96329931173032,21.0688371554247));
#8855=CARTESIAN_POINT('Ctrl Pts',(8.89581225001597,-1.96401794328194,21.0688371554247));
#8856=CARTESIAN_POINT('Ctrl Pts',(8.8918342648435,-1.9352734707413,21.1611308902502));
#8857=CARTESIAN_POINT('Ctrl Pts',(8.89509134699179,-1.93598236212252,21.1611308902502));
#8858=CARTESIAN_POINT('Ctrl Pts',(8.89834842914009,-1.93669125350375,21.1611308902502));
#8859=CARTESIAN_POINT('Ctrl Pts',(8.90160551128838,-1.93740014488497,21.1611308902502));
#8860=CARTESIAN_POINT('Origin',(0.,0.,0.));
#8861=CARTESIAN_POINT('',(8.95621708472536,-1.66681598602654,29.6129574626684));
#8862=CARTESIAN_POINT('',(9.09484809122741,-0.525203005986487,30.0656690448523));
#8863=CARTESIAN_POINT('Ctrl Pts',(8.95621708472536,-1.66681598602654,29.6129574626684));
#8864=CARTESIAN_POINT('Ctrl Pts',(9.02640049071809,-1.28970308029132,29.7638613233964));
#8865=CARTESIAN_POINT('Ctrl Pts',(9.07273375100822,-0.908153146481926,29.9147651841243));
#8866=CARTESIAN_POINT('Ctrl Pts',(9.0948480912274,-0.525203005986487,30.0656690448523));
#8867=CARTESIAN_POINT('',(8.95621708472536,-1.66681598602654,30.0614633411169));
#8868=CARTESIAN_POINT('',(8.95621708472536,-1.66681598602654,30.0614633411169));
#8869=CARTESIAN_POINT('',(8.89086244852437,-1.98611805324338,30.0614633411169));
#8870=CARTESIAN_POINT('Origin',(0.,0.,30.0614633411169));
#8871=CARTESIAN_POINT('',(8.89086244852437,-1.98611805324338,28.5797347873449));
#8872=CARTESIAN_POINT('',(8.89086244852437,-1.98611805324338,28.5797347873449));
#8873=CARTESIAN_POINT('',(8.95621708472536,-1.66681598602654,28.5797347873449));
#8874=CARTESIAN_POINT('Origin',(0.,0.,28.5797347873449));
#8875=CARTESIAN_POINT('',(8.95621708472536,-1.66681598602655,28.8654508441687));
#8876=CARTESIAN_POINT('',(8.95621708472536,-1.66681598602654,28.8654508441687));
#8877=CARTESIAN_POINT('',(8.61941863308431,2.94919013080523,30.7029189914465));
#8878=CARTESIAN_POINT('Ctrl Pts',(8.61941863308431,2.94919013080523,30.7029189914465));
#8879=CARTESIAN_POINT('Ctrl Pts',(9.12439109575367,1.47333782529844,30.0904296090206));
#8880=CARTESIAN_POINT('Ctrl Pts',(9.24161617259314,-0.133295664554315,29.4779402265946));
#8881=CARTESIAN_POINT('Ctrl Pts',(8.95621708472536,-1.66681598602655,28.8654508441687));
#8882=CARTESIAN_POINT('',(8.61941863308431,2.94919013080523,31.0958280414343));
#8883=CARTESIAN_POINT('',(8.61941863308431,2.94919013080523,31.0958280414343));
#8884=CARTESIAN_POINT('',(8.95621708472536,-1.66681598602654,32.9343857616186));
#8885=CARTESIAN_POINT('Ctrl Pts',(8.95621708472536,-1.66681598602654,32.9343857616186));
#8886=CARTESIAN_POINT('Ctrl Pts',(9.24161617259314,-0.133295664554315,32.3215331882238));
#8887=CARTESIAN_POINT('Ctrl Pts',(9.12439109575367,1.47333782529844,31.7086806148291));
#8888=CARTESIAN_POINT('Ctrl Pts',(8.61941863308431,2.94919013080523,31.0958280414343));
#8889=CARTESIAN_POINT('',(8.95621708472536,-1.66681598602654,33.2209315150976));
#8890=CARTESIAN_POINT('',(8.95621708472536,-1.66681598602654,33.2209315150976));
#8891=CARTESIAN_POINT('',(8.89086244852437,-1.98611805324338,33.2209315150976));
#8892=CARTESIAN_POINT('Origin',(0.,0.,33.2209315150976));
#8893=CARTESIAN_POINT('',(8.89086244852437,-1.98611805324338,32.0481743663549));
#8894=CARTESIAN_POINT('',(8.89086244852437,-1.98611805324338,32.0481743663549));
#8895=CARTESIAN_POINT('',(8.95621708472536,-1.66681598602654,32.0481743663549));
#8896=CARTESIAN_POINT('Origin',(0.,0.,32.0481743663549));
#8897=CARTESIAN_POINT('',(8.95621708472536,-1.66681598602654,32.5384678691626));
#8898=CARTESIAN_POINT('',(8.95621708472536,-1.66681598602654,32.5384678691626));
#8899=CARTESIAN_POINT('',(9.09484809122741,-0.525203005986487,32.0872106403112));
#8900=CARTESIAN_POINT('Ctrl Pts',(9.09484809122741,-0.525203005986487,32.0872106403112));
#8901=CARTESIAN_POINT('Ctrl Pts',(9.07273375100823,-0.908153146481926,32.237629716595));
#8902=CARTESIAN_POINT('Ctrl Pts',(9.02640049071809,-1.28970308029132,32.3880487928788));
#8903=CARTESIAN_POINT('Ctrl Pts',(8.95621708472536,-1.66681598602654,32.5384678691626));
#8904=CARTESIAN_POINT('',(9.09484809122741,-0.525203005986487,30.0656690448523));
#8905=CARTESIAN_POINT('',(9.10781446584358,-0.199538607217767,30.1951851695776));
#8906=CARTESIAN_POINT('',(8.88081522231335,2.03057159123421,31.0780753940344));
#8907=CARTESIAN_POINT('Ctrl Pts',(9.10781446584358,-0.199538607217767,30.1951851695776));
#8908=CARTESIAN_POINT('Ctrl Pts',(9.12422239051517,0.549390814321458,30.4894819110632));
#8909=CARTESIAN_POINT('Ctrl Pts',(9.0477877504561,1.30030816391177,30.7837786525488));
#8910=CARTESIAN_POINT('Ctrl Pts',(8.88081522231335,2.03057159123421,31.0780753940344));
#8911=CARTESIAN_POINT('',(9.10781446584358,-0.199538607217767,31.9593038409948));
#8912=CARTESIAN_POINT('',(9.10781446584358,-0.199538607217767,31.9593038409948));
#8913=CARTESIAN_POINT('Ctrl Pts',(8.88081522231335,2.03057159123421,31.0780753940344));
#8914=CARTESIAN_POINT('Ctrl Pts',(9.0477877504561,1.30030816391177,31.3718182096879));
#8915=CARTESIAN_POINT('Ctrl Pts',(9.12422239051517,0.549390814321458,31.6655610253414));
#8916=CARTESIAN_POINT('Ctrl Pts',(9.10781446584358,-0.199538607217767,31.9593038409948));
#8917=CARTESIAN_POINT('Ctrl Pts',(8.94638589143806,-1.66498633071806,29.6129574626684));
#8918=CARTESIAN_POINT('Ctrl Pts',(8.94966295586716,-1.66559621582089,29.6129574626684));
#8919=CARTESIAN_POINT('Ctrl Pts',(8.95294002029626,-1.66620610092372,29.6129574626684));
#8920=CARTESIAN_POINT('Ctrl Pts',(8.95621708472536,-1.66681598602654,29.6129574626684));
#8921=CARTESIAN_POINT('Ctrl Pts',(9.01649225746813,-1.28828737987388,29.7638613233964));
#8922=CARTESIAN_POINT('Ctrl Pts',(9.01979500439191,-1.28875928034286,29.7638613233964));
#8923=CARTESIAN_POINT('Ctrl Pts',(9.02309774379432,-1.28923117982233,29.7638613233964));
#8924=CARTESIAN_POINT('Ctrl Pts',(9.02640049071809,-1.28970308029132,29.7638613233964));
#8925=CARTESIAN_POINT('Ctrl Pts',(9.06277465797748,-0.907156271458345,29.9147651841243));
#8926=CARTESIAN_POINT('Ctrl Pts',(9.06609435816759,-0.907488563412671,29.9147651841243));
#8927=CARTESIAN_POINT('Ctrl Pts',(9.06941405081811,-0.907820854527601,29.9147651841243));
#8928=CARTESIAN_POINT('Ctrl Pts',(9.07273375100822,-0.908153146481926,29.9147651841243));
#8929=CARTESIAN_POINT('Ctrl Pts',(9.08486472339949,-0.524626493356425,30.0656690448523));
#8930=CARTESIAN_POINT('Ctrl Pts',(9.08819251267546,-0.524818664233112,30.0656690448523));
#8931=CARTESIAN_POINT('Ctrl Pts',(9.09152030195143,-0.525010835109799,30.0656690448523));
#8932=CARTESIAN_POINT('Ctrl Pts',(9.0948480912274,-0.525203005986487,30.0656690448523));
#8933=CARTESIAN_POINT('',(8.94638589143806,-1.66498633071806,29.6129574626684));
#8934=CARTESIAN_POINT('',(9.08486472339949,-0.524626493356425,30.0656690448523));
#8935=CARTESIAN_POINT('Origin',(8.94638589143806,-1.66498633071806,29.8372104018927));
#8936=CARTESIAN_POINT('',(8.94638589143806,-1.66498633071806,30.0614633411169));
#8937=CARTESIAN_POINT('Origin',(8.91517091941374,-1.8247540868949,30.0614633411169));
#8938=CARTESIAN_POINT('',(8.88110299468406,-1.98393790170304,30.0614633411169));
#8939=CARTESIAN_POINT('Origin',(8.88110299468406,-1.98393790170304,29.3205990642309));
#8940=CARTESIAN_POINT('',(8.88110299468406,-1.98393790170304,28.5797347873449));
#8941=CARTESIAN_POINT('Origin',(8.91517091941374,-1.8247540868949,28.5797347873449));
#8942=CARTESIAN_POINT('',(8.94638589143806,-1.66498633071806,28.5797347873449));
#8943=CARTESIAN_POINT('Origin',(8.94638589143806,-1.66498633071806,28.7225928157568));
#8944=CARTESIAN_POINT('',(8.94638589143806,-1.66498633071806,28.8654508441687));
#8945=CARTESIAN_POINT('Ctrl Pts',(8.60995714171979,2.94595282001401,30.7029189914465));
#8946=CARTESIAN_POINT('Ctrl Pts',(8.61311097217463,2.94703192361108,30.7029189914465));
#8947=CARTESIAN_POINT('Ctrl Pts',(8.61626480262947,2.94811102720816,30.7029189914465));
#8948=CARTESIAN_POINT('Ctrl Pts',(8.61941863308431,2.94919013080523,30.7029189914465));
#8949=CARTESIAN_POINT('Ctrl Pts',(9.11437529872211,1.47172054996881,30.0904296090206));
#8950=CARTESIAN_POINT('Ctrl Pts',(9.11771458230037,1.47225971970053,30.0904296090206));
#8951=CARTESIAN_POINT('Ctrl Pts',(9.12105181217541,1.47279865556672,30.0904296090206));
#8952=CARTESIAN_POINT('Ctrl Pts',(9.12439109575367,1.47333782529844,30.0904296090206));
#8953=CARTESIAN_POINT('Ctrl Pts',(9.23147169819952,-0.133149346591027,29.4779402265946));
#8954=CARTESIAN_POINT('Ctrl Pts',(9.23485387829711,-0.133198097007543,29.4779402265946));
#8955=CARTESIAN_POINT('Ctrl Pts',(9.23823399249555,-0.133246914137799,29.4779402265946));
#8956=CARTESIAN_POINT('Ctrl Pts',(9.24161617259314,-0.133295664554315,29.4779402265946));
#8957=CARTESIAN_POINT('Ctrl Pts',(8.94638589143806,-1.66498633071806,28.8654508441687));
#8958=CARTESIAN_POINT('Ctrl Pts',(8.94966295586716,-1.66559621582089,28.8654508441687));
#8959=CARTESIAN_POINT('Ctrl Pts',(8.95294002029626,-1.66620610092372,28.8654508441687));
#8960=CARTESIAN_POINT('Ctrl Pts',(8.95621708472536,-1.66681598602655,28.8654508441687));
#8961=CARTESIAN_POINT('',(8.60995714171979,2.94595282001401,30.7029189914465));
#8962=CARTESIAN_POINT('Origin',(8.60995714171979,2.94595282001401,30.8993735164404));
#8963=CARTESIAN_POINT('',(8.60995714171978,2.94595282001401,31.0958280414343));
#8964=CARTESIAN_POINT('Ctrl Pts',(8.94638589143806,-1.66498633071806,32.9343857616186));
#8965=CARTESIAN_POINT('Ctrl Pts',(8.94966295586716,-1.66559621582089,32.9343857616186));
#8966=CARTESIAN_POINT('Ctrl Pts',(8.95294002029626,-1.66620610092372,32.9343857616186));
#8967=CARTESIAN_POINT('Ctrl Pts',(8.95621708472536,-1.66681598602654,32.9343857616186));
#8968=CARTESIAN_POINT('Ctrl Pts',(9.23147169819951,-0.133149346591027,32.3215331882238));
#8969=CARTESIAN_POINT('Ctrl Pts',(9.23485387829711,-0.133198097007543,32.3215331882238));
#8970=CARTESIAN_POINT('Ctrl Pts',(9.23823399249555,-0.133246914137799,32.3215331882238));
#8971=CARTESIAN_POINT('Ctrl Pts',(9.24161617259314,-0.133295664554315,32.3215331882238));
#8972=CARTESIAN_POINT('Ctrl Pts',(9.11437529872211,1.47172054996881,31.7086806148291));
#8973=CARTESIAN_POINT('Ctrl Pts',(9.11771458230037,1.47225971970053,31.7086806148291));
#8974=CARTESIAN_POINT('Ctrl Pts',(9.12105181217541,1.47279865556672,31.7086806148291));
#8975=CARTESIAN_POINT('Ctrl Pts',(9.12439109575367,1.47333782529844,31.7086806148291));
#8976=CARTESIAN_POINT('Ctrl Pts',(8.60995714171978,2.94595282001401,31.0958280414343));
#8977=CARTESIAN_POINT('Ctrl Pts',(8.61311097217463,2.94703192361108,31.0958280414343));
#8978=CARTESIAN_POINT('Ctrl Pts',(8.61626480262947,2.94811102720815,31.0958280414343));
#8979=CARTESIAN_POINT('Ctrl Pts',(8.61941863308431,2.94919013080523,31.0958280414343));
#8980=CARTESIAN_POINT('',(8.94638589143806,-1.66498633071806,32.9343857616186));
#8981=CARTESIAN_POINT('Origin',(8.94638589143806,-1.66498633071806,33.0776586383581));
#8982=CARTESIAN_POINT('',(8.94638589143806,-1.66498633071806,33.2209315150976));
#8983=CARTESIAN_POINT('Origin',(8.91517091941374,-1.8247540868949,33.2209315150976));
#8984=CARTESIAN_POINT('',(8.88110299468406,-1.98393790170304,33.2209315150976));
#8985=CARTESIAN_POINT('Origin',(8.88110299468406,-1.98393790170304,32.6345529407263));
#8986=CARTESIAN_POINT('',(8.88110299468406,-1.98393790170304,32.0481743663549));
#8987=CARTESIAN_POINT('Origin',(8.91517091941374,-1.8247540868949,32.0481743663549));
#8988=CARTESIAN_POINT('',(8.94638589143806,-1.66498633071806,32.0481743663549));
#8989=CARTESIAN_POINT('Origin',(8.94638589143806,-1.66498633071806,32.2933211177588));
#8990=CARTESIAN_POINT('',(8.94638589143806,-1.66498633071806,32.5384678691626));
#8991=CARTESIAN_POINT('Ctrl Pts',(9.08486472339949,-0.524626493356425,32.0872106403112));
#8992=CARTESIAN_POINT('Ctrl Pts',(9.08819251267546,-0.524818664233112,32.0872106403112));
#8993=CARTESIAN_POINT('Ctrl Pts',(9.09152030195143,-0.525010835109799,32.0872106403112));
#8994=CARTESIAN_POINT('Ctrl Pts',(9.09484809122741,-0.525203005986487,32.0872106403112));
#8995=CARTESIAN_POINT('Ctrl Pts',(9.06277465797748,-0.907156271458345,32.237629716595));
#8996=CARTESIAN_POINT('Ctrl Pts',(9.06609435816759,-0.907488563412671,32.237629716595));
#8997=CARTESIAN_POINT('Ctrl Pts',(9.06941405081811,-0.9078208545276,32.237629716595));
#8998=CARTESIAN_POINT('Ctrl Pts',(9.07273375100823,-0.908153146481926,32.237629716595));
#8999=CARTESIAN_POINT('Ctrl Pts',(9.01649225746813,-1.28828737987388,32.3880487928788));
#9000=CARTESIAN_POINT('Ctrl Pts',(9.01979500439191,-1.28875928034286,32.3880487928788));
#9001=CARTESIAN_POINT('Ctrl Pts',(9.02309774379432,-1.28923117982233,32.3880487928788));
#9002=CARTESIAN_POINT('Ctrl Pts',(9.02640049071809,-1.28970308029132,32.3880487928788));
#9003=CARTESIAN_POINT('Ctrl Pts',(8.94638589143806,-1.66498633071806,32.5384678691626));
#9004=CARTESIAN_POINT('Ctrl Pts',(8.94966295586716,-1.66559621582089,32.5384678691626));
#9005=CARTESIAN_POINT('Ctrl Pts',(8.95294002029626,-1.66620610092372,32.5384678691626));
#9006=CARTESIAN_POINT('Ctrl Pts',(8.95621708472536,-1.66681598602654,32.5384678691626));
#9007=CARTESIAN_POINT('',(9.08486472339949,-0.524626493356425,32.0872106403112));
#9008=CARTESIAN_POINT('Origin',(9.08486472339949,-0.524626493356425,31.0764398425817));
#9009=CARTESIAN_POINT('Ctrl Pts',(9.09781686489315,-0.199319574718077,30.1951851695776));
#9010=CARTESIAN_POINT('Ctrl Pts',(9.10114939854329,-0.199392585551307,30.1951851695776));
#9011=CARTESIAN_POINT('Ctrl Pts',(9.10448193219344,-0.199465596384537,30.1951851695776));
#9012=CARTESIAN_POINT('Ctrl Pts',(9.10781446584358,-0.199538607217767,30.1951851695776));
#9013=CARTESIAN_POINT('Ctrl Pts',(9.11420677867047,0.548787750858975,30.4894819110632));
#9014=CARTESIAN_POINT('Ctrl Pts',(9.11754535258552,0.54898877502279,30.4894819110632));
#9015=CARTESIAN_POINT('Ctrl Pts',(9.12088381660012,0.549189790157643,30.4894819110632));
#9016=CARTESIAN_POINT('Ctrl Pts',(9.12422239051517,0.549390814321458,30.4894819110632));
#9017=CARTESIAN_POINT('Ctrl Pts',(9.03785604052146,1.29888082234875,30.7837786525488));
#9018=CARTESIAN_POINT('Ctrl Pts',(9.04116664698825,1.29935660730307,30.7837786525488));
#9019=CARTESIAN_POINT('Ctrl Pts',(9.04447714398932,1.29983237895744,30.7837786525488));
#9020=CARTESIAN_POINT('Ctrl Pts',(9.0477877504561,1.30030816391177,30.7837786525488));
#9021=CARTESIAN_POINT('Ctrl Pts',(8.87106679726142,2.02834264327457,31.0780753940344));
#9022=CARTESIAN_POINT('Ctrl Pts',(8.87431627227873,2.02908562592778,31.0780753940344));
#9023=CARTESIAN_POINT('Ctrl Pts',(8.87756574729604,2.029828608581,31.0780753940344));
#9024=CARTESIAN_POINT('Ctrl Pts',(8.88081522231335,2.03057159123421,31.0780753940344));
#9025=CARTESIAN_POINT('',(9.09781686489315,-0.199319574718077,30.1951851695776));
#9026=CARTESIAN_POINT('',(8.87106679726142,2.02834264327457,31.0780753940344));
#9027=CARTESIAN_POINT('Ctrl Pts',(9.09781686489315,-0.199319574718077,30.1951851695776));
#9028=CARTESIAN_POINT('Ctrl Pts',(9.11420677867047,0.548787750858975,30.4894819110632));
#9029=CARTESIAN_POINT('Ctrl Pts',(9.03785604052146,1.29888082234875,30.7837786525488));
#9030=CARTESIAN_POINT('Ctrl Pts',(8.87106679726142,2.02834264327457,31.0780753940344));
#9031=CARTESIAN_POINT('',(9.09781686489315,-0.199319574718077,30.1951851695776));
#9032=CARTESIAN_POINT('',(8.87106679726142,2.02834264327457,31.0780753940344));
#9033=CARTESIAN_POINT('Origin',(9.09781686489315,-0.199319574718077,31.0772445052862));
#9034=CARTESIAN_POINT('',(9.09781686489315,-0.199319574718077,31.9593038409948));
#9035=CARTESIAN_POINT('',(9.09781686489315,-0.199319574718077,0.));
#9036=CARTESIAN_POINT('',(9.09781686489315,-0.199319574718077,31.9593038409948));
#9037=CARTESIAN_POINT('Ctrl Pts',(8.87106679726142,2.02834264327457,31.0780753940344));
#9038=CARTESIAN_POINT('Ctrl Pts',(8.87431627227873,2.02908562592778,31.0780753940344));
#9039=CARTESIAN_POINT('Ctrl Pts',(8.87756574729604,2.029828608581,31.0780753940344));
#9040=CARTESIAN_POINT('Ctrl Pts',(8.88081522231335,2.03057159123421,31.0780753940344));
#9041=CARTESIAN_POINT('Ctrl Pts',(9.03785604052146,1.29888082234875,31.3718182096879));
#9042=CARTESIAN_POINT('Ctrl Pts',(9.04116664698825,1.29935660730307,31.3718182096879));
#9043=CARTESIAN_POINT('Ctrl Pts',(9.04447714398932,1.29983237895744,31.3718182096879));
#9044=CARTESIAN_POINT('Ctrl Pts',(9.0477877504561,1.30030816391177,31.3718182096879));
#9045=CARTESIAN_POINT('Ctrl Pts',(9.11420677867048,0.548787750858975,31.6655610253414));
#9046=CARTESIAN_POINT('Ctrl Pts',(9.11754535258553,0.54898877502279,31.6655610253414));
#9047=CARTESIAN_POINT('Ctrl Pts',(9.12088381660012,0.549189790157643,31.6655610253414));
#9048=CARTESIAN_POINT('Ctrl Pts',(9.12422239051517,0.549390814321458,31.6655610253414));
#9049=CARTESIAN_POINT('Ctrl Pts',(9.09781686489315,-0.199319574718077,31.9593038409948));
#9050=CARTESIAN_POINT('Ctrl Pts',(9.10114939854329,-0.199392585551307,31.9593038409948));
#9051=CARTESIAN_POINT('Ctrl Pts',(9.10448193219344,-0.199465596384537,31.9593038409948));
#9052=CARTESIAN_POINT('Ctrl Pts',(9.10781446584358,-0.199538607217767,31.9593038409948));
#9053=CARTESIAN_POINT('Ctrl Pts',(8.87106679726142,2.02834264327457,31.0780753940344));
#9054=CARTESIAN_POINT('Ctrl Pts',(9.03785604052146,1.29888082234875,31.3718182096879));
#9055=CARTESIAN_POINT('Ctrl Pts',(9.11420677867048,0.548787750858975,31.6655610253414));
#9056=CARTESIAN_POINT('Ctrl Pts',(9.09781686489315,-0.199319574718077,31.9593038409948));
#9057=CARTESIAN_POINT('Origin',(0.,0.,0.));
#9058=CARTESIAN_POINT('Origin',(0.,0.,0.));
#9059=CARTESIAN_POINT('',(8.96814887078173,1.60137623046442,39.573090299964));
#9060=CARTESIAN_POINT('',(8.96814887078173,1.60137623046442,38.4235884994268));
#9061=CARTESIAN_POINT('',(8.96814887078173,1.60137623046442,39.573090299964));
#9062=CARTESIAN_POINT('',(9.02015813688186,1.27626297667998,39.573090299964));
#9063=CARTESIAN_POINT('Origin',(0.,0.,39.573090299964));
#9064=CARTESIAN_POINT('',(9.02015813688186,1.27626297667998,39.0813960880041));
#9065=CARTESIAN_POINT('',(9.02015813688186,1.27626297667998,39.0813960880041));
#9066=CARTESIAN_POINT('',(8.95682503369512,-1.6635460065091,39.0813960880041));
#9067=CARTESIAN_POINT('Origin',(0.,0.,39.0813960880041));
#9068=CARTESIAN_POINT('',(8.95682503369512,-1.6635460065091,39.573090299964));
#9069=CARTESIAN_POINT('',(8.95682503369512,-1.6635460065091,39.573090299964));
#9070=CARTESIAN_POINT('',(8.89086244852437,-1.98611805324338,39.573090299964));
#9071=CARTESIAN_POINT('Origin',(0.,0.,39.573090299964));
#9072=CARTESIAN_POINT('',(8.89086244852437,-1.98611805324338,37.931894287467));
#9073=CARTESIAN_POINT('',(8.89086244852437,-1.98611805324338,37.931894287467));
#9074=CARTESIAN_POINT('',(8.95682503369512,-1.6635460065091,37.931894287467));
#9075=CARTESIAN_POINT('Origin',(0.,0.,37.931894287467));
#9076=CARTESIAN_POINT('',(8.95682503369512,-1.6635460065091,38.4235884994268));
#9077=CARTESIAN_POINT('',(8.95682503369512,-1.6635460065091,38.4235884994268));
#9078=CARTESIAN_POINT('',(9.0885504798714,0.624780101179032,38.4235884994268));
#9079=CARTESIAN_POINT('Origin',(0.,0.,38.4235884994268));
#9080=CARTESIAN_POINT('',(9.04877112200288,1.05443879936518,37.8749492019415));
#9081=CARTESIAN_POINT('Ctrl Pts',(9.04877112200288,1.05443879936518,37.8749492019415));
#9082=CARTESIAN_POINT('Ctrl Pts',(9.05536562647739,0.997847405261782,37.9674459825687));
#9083=CARTESIAN_POINT('Ctrl Pts',(9.06864329318382,0.87582193703747,38.1667095242394));
#9084=CARTESIAN_POINT('Ctrl Pts',(9.08252519840641,0.712428658882257,38.3339694783113));
#9085=CARTESIAN_POINT('Ctrl Pts',(9.0885504798714,0.624780101179032,38.4235884994268));
#9086=CARTESIAN_POINT('',(9.03099437801663,1.1971802471775,37.3561062663794));
#9087=CARTESIAN_POINT('Ctrl Pts',(9.03099437801663,1.1971802471775,37.3561062663794));
#9088=CARTESIAN_POINT('Ctrl Pts',(9.03192339025209,1.19017219279699,37.4426670861604));
#9089=CARTESIAN_POINT('Ctrl Pts',(9.03394905864154,1.17545595744327,37.6245552112491));
#9090=CARTESIAN_POINT('Ctrl Pts',(9.04391842127898,1.09608273185385,37.7888451046198));
#9091=CARTESIAN_POINT('Ctrl Pts',(9.04877112200288,1.05443879936518,37.8749492019415));
#9092=CARTESIAN_POINT('',(9.05211670483902,1.02532100435637,36.989773735404));
#9093=CARTESIAN_POINT('Ctrl Pts',(9.05211670483902,1.02532100435637,36.989773735404));
#9094=CARTESIAN_POINT('Ctrl Pts',(9.04643567116131,1.07547639923881,37.0369768245037));
#9095=CARTESIAN_POINT('Ctrl Pts',(9.03339039907436,1.18033711463118,37.1357923407416));
#9096=CARTESIAN_POINT('Ctrl Pts',(9.03176140716428,1.19139412103944,37.2805156800873));
#9097=CARTESIAN_POINT('Ctrl Pts',(9.03099437801663,1.1971802471775,37.3561062663794));
#9098=CARTESIAN_POINT('',(9.09583518843015,0.507821055998908,36.8687715381384));
#9099=CARTESIAN_POINT('Ctrl Pts',(9.09583518843015,0.507821055998908,36.8687715381384));
#9100=CARTESIAN_POINT('Ctrl Pts',(9.09008884740651,0.610746624504004,36.87062232145));
#9101=CARTESIAN_POINT('Ctrl Pts',(9.07665959105341,0.792827873897664,36.8738998283277));
#9102=CARTESIAN_POINT('Ctrl Pts',(9.06009650370201,0.954870803607503,36.9546308919799));
#9103=CARTESIAN_POINT('Ctrl Pts',(9.05211670483902,1.02532100435637,36.989773735404));
#9104=CARTESIAN_POINT('',(8.95682503369512,-1.6635460065091,36.8687715381384));
#9105=CARTESIAN_POINT('Origin',(0.,0.,36.8687715381384));
#9106=CARTESIAN_POINT('',(8.95682503369512,-1.6635460065091,37.3604645580053));
#9107=CARTESIAN_POINT('',(8.95682503369512,-1.6635460065091,37.3604645580053));
#9108=CARTESIAN_POINT('',(8.89086244852437,-1.98611805324338,37.3604645580053));
#9109=CARTESIAN_POINT('Origin',(0.,0.,37.3604645580053));
#9110=CARTESIAN_POINT('',(8.89086244852437,-1.98611805324338,35.7192697376013));
#9111=CARTESIAN_POINT('',(8.89086244852437,-1.98611805324338,35.7192697376013));
#9112=CARTESIAN_POINT('',(8.95682503369512,-1.6635460065091,35.7192697376013));
#9113=CARTESIAN_POINT('Origin',(0.,0.,35.7192697376013));
#9114=CARTESIAN_POINT('',(8.95682503369512,-1.6635460065091,36.210965141654));
#9115=CARTESIAN_POINT('',(8.95682503369512,-1.6635460065091,36.210965141654));
#9116=CARTESIAN_POINT('',(9.0885504798714,0.624780101179032,36.210965141654));
#9117=CARTESIAN_POINT('Origin',(0.,0.,36.210965141654));
#9118=CARTESIAN_POINT('',(9.04877112200288,1.05443879936518,35.6627907603979));
#9119=CARTESIAN_POINT('Ctrl Pts',(9.04877112200288,1.05443879936518,35.6627907603979));
#9120=CARTESIAN_POINT('Ctrl Pts',(9.0553700539478,0.997809410485369,35.755039926354));
#9121=CARTESIAN_POINT('Ctrl Pts',(9.06866788941018,0.875565662685339,35.9539913602822));
#9122=CARTESIAN_POINT('Ctrl Pts',(9.08252758218129,0.712393982588575,36.1212568046986));
#9123=CARTESIAN_POINT('Ctrl Pts',(9.0885504798714,0.624780101179032,36.210965141654));
#9124=CARTESIAN_POINT('',(9.03099437801663,1.1971802471775,35.1445188373327));
#9125=CARTESIAN_POINT('Ctrl Pts',(9.03099437801663,1.1971802471775,35.1445188373327));
#9126=CARTESIAN_POINT('Ctrl Pts',(9.03191972676851,1.19019982848482,35.2311283990174));
#9127=CARTESIAN_POINT('Ctrl Pts',(9.03393547179468,1.17556237004388,35.4128628557614));
#9128=CARTESIAN_POINT('Ctrl Pts',(9.04391823093641,1.09608436529748,35.5769191236044));
#9129=CARTESIAN_POINT('Ctrl Pts',(9.04877112200288,1.05443879936518,35.6627907603979));
#9130=CARTESIAN_POINT('',(9.05211670483902,1.02532100435637,34.7774090617895));
#9131=CARTESIAN_POINT('Ctrl Pts',(9.05211670483902,1.02532100435637,34.7774090617895));
#9132=CARTESIAN_POINT('Ctrl Pts',(9.04643572529971,1.07547592127424,34.8247269482664));
#9133=CARTESIAN_POINT('Ctrl Pts',(9.03338506545125,1.18037922304631,34.9238239669803));
#9134=CARTESIAN_POINT('Ctrl Pts',(9.03175968440109,1.19140711679738,35.0687786437767));
#9135=CARTESIAN_POINT('Ctrl Pts',(9.03099437801663,1.1971802471775,35.1445188373327));
#9136=CARTESIAN_POINT('',(9.09583518843015,0.507821055998908,34.6561469882727));
#9137=CARTESIAN_POINT('Ctrl Pts',(9.09583518843015,0.507821055998908,34.6561469882727));
#9138=CARTESIAN_POINT('Ctrl Pts',(9.09008841816711,0.610754312824072,34.6580058545465));
#9139=CARTESIAN_POINT('Ctrl Pts',(9.07665557847298,0.792873032078097,34.6612981080226));
#9140=CARTESIAN_POINT('Ctrl Pts',(9.06009590388892,0.954876099098469,34.7421901430242));
#9141=CARTESIAN_POINT('Ctrl Pts',(9.05211670483902,1.02532100435637,34.7774090617895));
#9142=CARTESIAN_POINT('',(8.95682503369512,-1.6635460065091,34.6561469882727));
#9143=CARTESIAN_POINT('Origin',(0.,0.,34.6561469882727));
#9144=CARTESIAN_POINT('',(8.95682503369512,-1.6635460065091,35.1478423923254));
#9145=CARTESIAN_POINT('',(8.95682503369512,-1.6635460065091,35.1478423923254));
#9146=CARTESIAN_POINT('',(8.89086244852437,-1.98611805324338,35.1478423923254));
#9147=CARTESIAN_POINT('Origin',(0.,0.,35.1478423923254));
#9148=CARTESIAN_POINT('',(8.89086244852437,-1.98611805324338,33.5066451877356));
#9149=CARTESIAN_POINT('',(8.89086244852437,-1.98611805324338,33.5066451877356));
#9150=CARTESIAN_POINT('',(8.95682503369512,-1.6635460065091,33.5066451877356));
#9151=CARTESIAN_POINT('Origin',(0.,0.,33.5066451877356));
#9152=CARTESIAN_POINT('',(8.95682503369512,-1.6635460065091,33.9983405917883));
#9153=CARTESIAN_POINT('',(8.95682503369512,-1.6635460065091,33.9983405917883));
#9154=CARTESIAN_POINT('',(9.08839337722,0.627061257696222,33.9983405917883));
#9155=CARTESIAN_POINT('Origin',(0.,0.,33.9983405917883));
#9156=CARTESIAN_POINT('',(9.00137297132012,1.4026348887674,34.257475361228));
#9157=CARTESIAN_POINT('Ctrl Pts',(9.00137297132012,1.4026348887674,34.257475361228));
#9158=CARTESIAN_POINT('Ctrl Pts',(9.01812145550113,1.29515192650488,34.1819920785391));
#9159=CARTESIAN_POINT('Ctrl Pts',(9.05048292670346,1.06350425493473,34.019720928818));
#9160=CARTESIAN_POINT('Ctrl Pts',(9.07788659294603,0.779342693424314,34.0057908494478));
#9161=CARTESIAN_POINT('Ctrl Pts',(9.08839337722,0.627061257696222,33.9983405917883));
#9162=CARTESIAN_POINT('',(8.95315959969172,1.68316166260046,34.965118393302));
#9163=CARTESIAN_POINT('Ctrl Pts',(8.95315959969172,1.68316166260046,34.965118393302));
#9164=CARTESIAN_POINT('Ctrl Pts',(8.95494267613524,1.67367703118804,34.8255930453317));
#9165=CARTESIAN_POINT('Ctrl Pts',(8.95878826121192,1.65557921925373,34.5581997959338));
#9166=CARTESIAN_POINT('Ctrl Pts',(8.98859681930822,1.4846255124988,34.3547604151563));
#9167=CARTESIAN_POINT('Ctrl Pts',(9.00137297132012,1.4026348887674,34.257475361228));
#9168=CARTESIAN_POINT('',(8.98638130493822,1.49567745261364,35.6146182864904));
#9169=CARTESIAN_POINT('Ctrl Pts',(8.98638130493822,1.49567745261364,35.6146182864904));
#9170=CARTESIAN_POINT('Ctrl Pts',(8.97726443206657,1.55045376537419,35.5110174238535));
#9171=CARTESIAN_POINT('Ctrl Pts',(8.95809209201725,1.65773551281243,35.3076973221875));
#9172=CARTESIAN_POINT('Ctrl Pts',(8.95473422349929,1.67478584311033,35.0778486745173));
#9173=CARTESIAN_POINT('Ctrl Pts',(8.95315959969172,1.68316166260046,34.965118393302));
#9174=CARTESIAN_POINT('',(9.0624434535372,0.929633611397912,36.210965141654));
#9175=CARTESIAN_POINT('Ctrl Pts',(9.0624434535372,0.929633611397912,36.210965141654));
#9176=CARTESIAN_POINT('Ctrl Pts',(9.05056056564181,1.04547279610076,36.1187228656728));
#9177=CARTESIAN_POINT('Ctrl Pts',(9.0236646313368,1.26187429763582,35.9460086060552));
#9178=CARTESIAN_POINT('Ctrl Pts',(8.99873510769439,1.42145290510912,35.7199464276664));
#9179=CARTESIAN_POINT('Ctrl Pts',(8.98638130493822,1.49567745261364,35.6146182864904));
#9180=CARTESIAN_POINT('',(9.0624434535372,0.929633611397912,36.2541522830725));
#9181=CARTESIAN_POINT('',(9.0624434535372,0.929633611397912,36.2541522830725));
#9182=CARTESIAN_POINT('',(8.98638130493822,1.49567745261364,36.5510287135839));
#9183=CARTESIAN_POINT('Ctrl Pts',(8.98638130493822,1.49567745261364,36.5510287135839));
#9184=CARTESIAN_POINT('Ctrl Pts',(8.9987496605468,1.42136546815497,36.4804159775017));
#9185=CARTESIAN_POINT('Ctrl Pts',(9.02374575337444,1.26129020772739,36.3285709940772));
#9186=CARTESIAN_POINT('Ctrl Pts',(9.05056858081396,1.04539466096936,36.2800887467903));
#9187=CARTESIAN_POINT('Ctrl Pts',(9.0624434535372,0.929633611397912,36.2541522830725));
#9188=CARTESIAN_POINT('',(8.95315959969172,1.68316166260046,37.1763386577368));
#9189=CARTESIAN_POINT('Ctrl Pts',(8.95315959969172,1.68316166260046,37.1763386577368));
#9190=CARTESIAN_POINT('Ctrl Pts',(8.95412838972278,1.67800842511924,37.0550501842217));
#9191=CARTESIAN_POINT('Ctrl Pts',(8.956145597818,1.66846565338002,36.8295059789051));
#9192=CARTESIAN_POINT('Ctrl Pts',(8.97727727749937,1.55037658699797,36.6390604195323));
#9193=CARTESIAN_POINT('Ctrl Pts',(8.98638130493822,1.49567745261364,36.5510287135839));
#9194=CARTESIAN_POINT('',(8.98638130493822,1.49567745261364,37.8264906257391));
#9195=CARTESIAN_POINT('Ctrl Pts',(8.98638130493822,1.49567745261364,37.8264906257391));
#9196=CARTESIAN_POINT('Ctrl Pts',(8.97726454934657,1.55045306072844,37.7226376189038));
#9197=CARTESIAN_POINT('Ctrl Pts',(8.95811367222521,1.6576165551393,37.5190448277115));
#9198=CARTESIAN_POINT('Ctrl Pts',(8.95474037016273,1.67475314746381,37.289025003505));
#9199=CARTESIAN_POINT('Ctrl Pts',(8.95315959969172,1.68316166260046,37.1763386577368));
#9200=CARTESIAN_POINT('',(9.0624434535372,0.929633611397912,38.4235884994268));
#9201=CARTESIAN_POINT('Ctrl Pts',(9.0624434535372,0.929633611397912,38.4235884994268));
#9202=CARTESIAN_POINT('Ctrl Pts',(9.05055700806702,1.04550747677491,38.3313797782032));
#9203=CARTESIAN_POINT('Ctrl Pts',(9.02362842001111,1.26213502594685,38.1585992573037));
#9204=CARTESIAN_POINT('Ctrl Pts',(8.9987285799645,1.42149212524294,37.9321087233838));
#9205=CARTESIAN_POINT('Ctrl Pts',(8.98638130493822,1.49567745261364,37.8264906257391));
#9206=CARTESIAN_POINT('Origin',(0.,0.,38.4235884994268));
#9207=CARTESIAN_POINT('Origin',(8.95830458003444,1.599618408038,38.9983393996954));
#9208=CARTESIAN_POINT('',(8.95830458003444,1.599618408038,39.573090299964));
#9209=CARTESIAN_POINT('',(8.95830458003444,1.599618408038,38.4235884994268));
#9210=CARTESIAN_POINT('Origin',(8.98574792638662,1.43747494010806,39.573090299964));
#9211=CARTESIAN_POINT('',(9.01025675583149,1.27486202939493,39.573090299964));
#9212=CARTESIAN_POINT('Origin',(9.01025675583149,1.27486202939493,39.327243193984));
#9213=CARTESIAN_POINT('',(9.01025675583149,1.27486202939493,39.0813960880041));
#9214=CARTESIAN_POINT('Origin',(9.09788902267447,-0.195998293613431,39.0813960880041));
#9215=CARTESIAN_POINT('',(8.94699317306538,-1.66171994064026,39.0813960880041));
#9216=CARTESIAN_POINT('Origin',(8.94699317306538,-1.66171994064026,39.327243193984));
#9217=CARTESIAN_POINT('',(8.94699317306538,-1.66171994064026,39.573090299964));
#9218=CARTESIAN_POINT('Origin',(8.91550387500552,-1.82312661512074,39.573090299964));
#9219=CARTESIAN_POINT('',(8.88110299468406,-1.98393790170304,39.573090299964));
#9220=CARTESIAN_POINT('Origin',(8.88110299468406,-1.98393790170304,38.7524922937155));
#9221=CARTESIAN_POINT('',(8.88110299468406,-1.98393790170304,37.931894287467));
#9222=CARTESIAN_POINT('Origin',(8.91550387500552,-1.82312661512074,37.931894287467));
#9223=CARTESIAN_POINT('',(8.94699317306538,-1.66171994064026,37.931894287467));
#9224=CARTESIAN_POINT('Origin',(8.94699317306538,-1.66171994064026,38.1777413934469));
#9225=CARTESIAN_POINT('',(8.94699317306538,-1.66171994064026,38.4235884994268));
#9226=CARTESIAN_POINT('Origin',(9.08496036692826,-0.522967619784091,38.4235884994268));
#9227=CARTESIAN_POINT('',(9.07857402489899,0.624094283285312,38.4235884994268));
#9228=CARTESIAN_POINT('Ctrl Pts',(9.03883833262637,1.05328134733514,37.8749492019415));
#9229=CARTESIAN_POINT('Ctrl Pts',(9.04214926241854,1.05366716467849,37.8749492019415));
#9230=CARTESIAN_POINT('Ctrl Pts',(9.04546019221071,1.05405298202184,37.8749492019415));
#9231=CARTESIAN_POINT('Ctrl Pts',(9.04877112200288,1.05443879936518,37.8749492019415));
#9232=CARTESIAN_POINT('Ctrl Pts',(9.04542559834733,0.996752073313086,37.9674459825687));
#9233=CARTESIAN_POINT('Ctrl Pts',(9.04873892563253,0.997117182451126,37.9674459825687));
#9234=CARTESIAN_POINT('Ctrl Pts',(9.05205229919219,0.997482296123742,37.9674459825687));
#9235=CARTESIAN_POINT('Ctrl Pts',(9.05536562647739,0.997847405261782,37.9674459825687));
#9236=CARTESIAN_POINT('Ctrl Pts',(9.05868869022753,0.874860551815695,38.1667095242394));
#9237=CARTESIAN_POINT('Ctrl Pts',(9.06200689008724,0.875181013413175,38.1667095242394));
#9238=CARTESIAN_POINT('Ctrl Pts',(9.06532509332411,0.87550147543999,38.1667095242394));
#9239=CARTESIAN_POINT('Ctrl Pts',(9.06864329318382,0.87582193703747,38.1667095242394));
#9240=CARTESIAN_POINT('Ctrl Pts',(9.07255535735437,0.711646629618939,38.3339694783113));
#9241=CARTESIAN_POINT('Ctrl Pts',(9.07587865774547,0.711907308087131,38.3339694783113));
#9242=CARTESIAN_POINT('Ctrl Pts',(9.07920189801531,0.712167980414065,38.3339694783113));
#9243=CARTESIAN_POINT('Ctrl Pts',(9.08252519840641,0.712428658882257,38.3339694783113));
#9244=CARTESIAN_POINT('Ctrl Pts',(9.07857402489899,0.624094283285312,38.4235884994268));
#9245=CARTESIAN_POINT('Ctrl Pts',(9.08189950988979,0.624322889249885,38.4235884994268));
#9246=CARTESIAN_POINT('Ctrl Pts',(9.0852249948806,0.624551495214459,38.4235884994268));
#9247=CARTESIAN_POINT('Ctrl Pts',(9.0885504798714,0.624780101179032,38.4235884994268));
#9248=CARTESIAN_POINT('',(9.03883833262637,1.05328134733514,37.8749492019415));
#9249=CARTESIAN_POINT('Ctrl Pts',(9.02108110208028,1.19586610859662,37.3561062663794));
#9250=CARTESIAN_POINT('Ctrl Pts',(9.0243855273924,1.19630415479025,37.3561062663794));
#9251=CARTESIAN_POINT('Ctrl Pts',(9.02768995270452,1.19674220098387,37.3561062663794));
#9252=CARTESIAN_POINT('Ctrl Pts',(9.03099437801663,1.1971802471775,37.3561062663794));
#9253=CARTESIAN_POINT('Ctrl Pts',(9.0220090945438,1.18886574692125,37.4426670861604));
#9254=CARTESIAN_POINT('Ctrl Pts',(9.02531385251569,1.18930122792465,37.4426670861604));
#9255=CARTESIAN_POINT('Ctrl Pts',(9.02861863228019,1.18973671179359,37.4426670861604));
#9256=CARTESIAN_POINT('Ctrl Pts',(9.03192339025209,1.19017219279699,37.4426670861604));
#9257=CARTESIAN_POINT('Ctrl Pts',(9.02403253936751,1.17416566550316,37.6245552112491));
#9258=CARTESIAN_POINT('Ctrl Pts',(9.02733804475361,1.17459576267373,37.6245552112491));
#9259=CARTESIAN_POINT('Ctrl Pts',(9.03064355325544,1.17502586027269,37.6245552112491));
#9260=CARTESIAN_POINT('Ctrl Pts',(9.03394905864154,1.17545595744327,37.6245552112491));
#9261=CARTESIAN_POINT('Ctrl Pts',(9.03399095868702,1.09487956749396,37.7888451046198));
#9262=CARTESIAN_POINT('Ctrl Pts',(9.03730012389679,1.09528062374308,37.7888451046198));
#9263=CARTESIAN_POINT('Ctrl Pts',(9.0406092560692,1.09568167560473,37.7888451046198));
#9264=CARTESIAN_POINT('Ctrl Pts',(9.04391842127898,1.09608273185385,37.7888451046198));
#9265=CARTESIAN_POINT('Ctrl Pts',(9.03883833262637,1.05328134733514,37.8749492019415));
#9266=CARTESIAN_POINT('Ctrl Pts',(9.04214926241854,1.05366716467849,37.8749492019415));
#9267=CARTESIAN_POINT('Ctrl Pts',(9.04546019221071,1.05405298202184,37.8749492019415));
#9268=CARTESIAN_POINT('Ctrl Pts',(9.04877112200288,1.05443879936518,37.8749492019415));
#9269=CARTESIAN_POINT('',(9.02108110208028,1.19586610859662,37.3561062663794));
#9270=CARTESIAN_POINT('Ctrl Pts',(9.04218024303349,1.02419551477969,36.989773735404));
#9271=CARTESIAN_POINT('Ctrl Pts',(9.04549239696867,1.02457067797192,36.989773735404));
#9272=CARTESIAN_POINT('Ctrl Pts',(9.04880455090384,1.02494584116415,36.989773735404));
#9273=CARTESIAN_POINT('Ctrl Pts',(9.05211670483902,1.02532100435637,36.989773735404));
#9274=CARTESIAN_POINT('Ctrl Pts',(9.03650544539714,1.07429585434393,37.0369768245037));
#9275=CARTESIAN_POINT('Ctrl Pts',(9.03981553889319,1.07468937172762,37.0369768245037));
#9276=CARTESIAN_POINT('Ctrl Pts',(9.04312557766526,1.07508288185512,37.0369768245037));
#9277=CARTESIAN_POINT('Ctrl Pts',(9.04643567116131,1.07547639923881,37.0369768245037));
#9278=CARTESIAN_POINT('Ctrl Pts',(9.02347449303805,1.17904146467001,37.1357923407416));
#9279=CARTESIAN_POINT('Ctrl Pts',(9.02677979398964,1.1794733478361,37.1357923407416));
#9280=CARTESIAN_POINT('Ctrl Pts',(9.03008509812278,1.17990523146509,37.1357923407416));
#9281=CARTESIAN_POINT('Ctrl Pts',(9.03339039907436,1.18033711463118,37.1357923407416));
#9282=CARTESIAN_POINT('Ctrl Pts',(9.02184728926399,1.19008633385938,37.2805156800873));
#9283=CARTESIAN_POINT('Ctrl Pts',(9.02515198010774,1.19052226094285,37.2805156800873));
#9284=CARTESIAN_POINT('Ctrl Pts',(9.02845671632052,1.19095819395597,37.2805156800873));
#9285=CARTESIAN_POINT('Ctrl Pts',(9.03176140716428,1.19139412103944,37.2805156800873));
#9286=CARTESIAN_POINT('Ctrl Pts',(9.02108110208028,1.19586610859662,37.3561062663794));
#9287=CARTESIAN_POINT('Ctrl Pts',(9.0243855273924,1.19630415479025,37.3561062663794));
#9288=CARTESIAN_POINT('Ctrl Pts',(9.02768995270452,1.19674220098387,37.3561062663794));
#9289=CARTESIAN_POINT('Ctrl Pts',(9.03099437801663,1.1971802471775,37.3561062663794));
#9290=CARTESIAN_POINT('',(9.04218024303349,1.02419551477969,36.989773735404));
#9291=CARTESIAN_POINT('Ctrl Pts',(9.08585073707073,0.507263623445671,36.8687715381384));
#9292=CARTESIAN_POINT('Ctrl Pts',(9.08917888752387,0.50744943429675,36.8687715381384));
#9293=CARTESIAN_POINT('Ctrl Pts',(9.09250703797701,0.507635245147829,36.8687715381384));
#9294=CARTESIAN_POINT('Ctrl Pts',(9.09583518843015,0.507821055998908,36.8687715381384));
#9295=CARTESIAN_POINT('Ctrl Pts',(9.08011070377599,0.610076211085229,36.87062232145));
#9296=CARTESIAN_POINT('Ctrl Pts',(9.08343676398806,0.610299683404235,36.87062232145));
#9297=CARTESIAN_POINT('Ctrl Pts',(9.08676278719444,0.610523152184997,36.87062232145));
#9298=CARTESIAN_POINT('Ctrl Pts',(9.09008884740651,0.610746624504004,36.87062232145));
#9299=CARTESIAN_POINT('Ctrl Pts',(9.06669618864831,0.791957590830817,36.8738998283277));
#9300=CARTESIAN_POINT('Ctrl Pts',(9.07001732195907,0.792247685093158,36.8738998283277));
#9301=CARTESIAN_POINT('Ctrl Pts',(9.07333845774265,0.792537779635322,36.8738998283277));
#9302=CARTESIAN_POINT('Ctrl Pts',(9.07665959105341,0.792827873897664,36.8738998283277));
#9303=CARTESIAN_POINT('Ctrl Pts',(9.05015128251244,0.953822646852719,36.9546308919799));
#9304=CARTESIAN_POINT('Ctrl Pts',(9.05346634789291,0.954172031674519,36.9546308919799));
#9305=CARTESIAN_POINT('Ctrl Pts',(9.05678143832154,0.954521418785703,36.9546308919799));
#9306=CARTESIAN_POINT('Ctrl Pts',(9.06009650370201,0.954870803607503,36.9546308919799));
#9307=CARTESIAN_POINT('Ctrl Pts',(9.04218024303349,1.02419551477969,36.989773735404));
#9308=CARTESIAN_POINT('Ctrl Pts',(9.04549239696867,1.02457067797192,36.989773735404));
#9309=CARTESIAN_POINT('Ctrl Pts',(9.04880455090384,1.02494584116415,36.989773735404));
#9310=CARTESIAN_POINT('Ctrl Pts',(9.05211670483902,1.02532100435637,36.989773735404));
#9311=CARTESIAN_POINT('',(9.08585073707073,0.507263623445672,36.8687715381384));
#9312=CARTESIAN_POINT('Origin',(9.08140888283046,-0.581388598828701,36.8687715381384));
#9313=CARTESIAN_POINT('',(8.94699317306538,-1.66171994064026,36.8687715381384));
#9314=CARTESIAN_POINT('Origin',(8.94699317306538,-1.66171994064026,37.1146180480719));
#9315=CARTESIAN_POINT('',(8.94699317306538,-1.66171994064026,37.3604645580053));
#9316=CARTESIAN_POINT('Origin',(8.91550387500552,-1.82312661512074,37.3604645580053));
#9317=CARTESIAN_POINT('',(8.88110299468406,-1.98393790170304,37.3604645580053));
#9318=CARTESIAN_POINT('Origin',(8.88110299468406,-1.98393790170304,36.5398671478033));
#9319=CARTESIAN_POINT('',(8.88110299468406,-1.98393790170304,35.7192697376013));
#9320=CARTESIAN_POINT('Origin',(8.91550387500552,-1.82312661512074,35.7192697376013));
#9321=CARTESIAN_POINT('',(8.94699317306538,-1.66171994064026,35.7192697376013));
#9322=CARTESIAN_POINT('Origin',(8.94699317306538,-1.66171994064026,35.9651174396276));
#9323=CARTESIAN_POINT('',(8.94699317306538,-1.66171994064026,36.210965141654));
#9324=CARTESIAN_POINT('Origin',(9.08496036692826,-0.522967619784091,36.210965141654));
#9325=CARTESIAN_POINT('',(9.07857402489899,0.624094283285312,36.210965141654));
#9326=CARTESIAN_POINT('Ctrl Pts',(9.03883833262637,1.05328134733514,35.6627907603979));
#9327=CARTESIAN_POINT('Ctrl Pts',(9.04214926241854,1.05366716467849,35.6627907603979));
#9328=CARTESIAN_POINT('Ctrl Pts',(9.04546019221071,1.05405298202184,35.6627907603979));
#9329=CARTESIAN_POINT('Ctrl Pts',(9.04877112200288,1.05443879936518,35.6627907603979));
#9330=CARTESIAN_POINT('Ctrl Pts',(9.04543002095773,0.996714120243343,35.755039926354));
#9331=CARTESIAN_POINT('Ctrl Pts',(9.04874335004626,0.997079215497039,35.755039926354));
#9332=CARTESIAN_POINT('Ctrl Pts',(9.05205672485928,0.997444315231673,35.755039926354));
#9333=CARTESIAN_POINT('Ctrl Pts',(9.0553700539478,0.997809410485369,35.755039926354));
#9334=CARTESIAN_POINT('Ctrl Pts',(9.05871325945473,0.874604558774598,35.9539913602822));
#9335=CARTESIAN_POINT('Ctrl Pts',(9.06203146831886,0.874924926602624,35.9539913602822));
#9336=CARTESIAN_POINT('Ctrl Pts',(9.06534968054605,0.875245294857314,35.9539913602822));
#9337=CARTESIAN_POINT('Ctrl Pts',(9.06866788941018,0.875565662685339,35.9539913602822));
#9338=CARTESIAN_POINT('Ctrl Pts',(9.07255773851259,0.711611991389246,36.1212568046986));
#9339=CARTESIAN_POINT('Ctrl Pts',(9.07588103958386,0.71187265714976,36.1212568046986));
#9340=CARTESIAN_POINT('Ctrl Pts',(9.07920428111002,0.712133316828062,36.1212568046986));
#9341=CARTESIAN_POINT('Ctrl Pts',(9.08252758218129,0.712393982588575,36.1212568046986));
#9342=CARTESIAN_POINT('Ctrl Pts',(9.07857402489899,0.624094283285312,36.210965141654));
#9343=CARTESIAN_POINT('Ctrl Pts',(9.08189950988979,0.624322889249885,36.210965141654));
#9344=CARTESIAN_POINT('Ctrl Pts',(9.0852249948806,0.624551495214459,36.210965141654));
#9345=CARTESIAN_POINT('Ctrl Pts',(9.0885504798714,0.624780101179032,36.210965141654));
#9346=CARTESIAN_POINT('',(9.03883833262637,1.05328134733514,35.6627907603979));
#9347=CARTESIAN_POINT('Ctrl Pts',(9.02108110208028,1.19586610859662,35.1445188373327));
#9348=CARTESIAN_POINT('Ctrl Pts',(9.0243855273924,1.19630415479025,35.1445188373327));
#9349=CARTESIAN_POINT('Ctrl Pts',(9.02768995270452,1.19674220098387,35.1445188373327));
#9350=CARTESIAN_POINT('Ctrl Pts',(9.03099437801663,1.1971802471775,35.1445188373327));
#9351=CARTESIAN_POINT('Ctrl Pts',(9.02200543508161,1.18889335227353,35.2311283990174));
#9352=CARTESIAN_POINT('Ctrl Pts',(9.02531019167494,1.18932884338383,35.2311283990174));
#9353=CARTESIAN_POINT('Ctrl Pts',(9.02861497017518,1.18976433737452,35.2311283990174));
#9354=CARTESIAN_POINT('Ctrl Pts',(9.03191972676851,1.19019982848482,35.2311283990174));
#9355=CARTESIAN_POINT('Ctrl Pts',(9.02401896743487,1.1742719612952,35.4128628557614));
#9356=CARTESIAN_POINT('Ctrl Pts',(9.02732446785234,1.17470209740229,35.4128628557614));
#9357=CARTESIAN_POINT('Ctrl Pts',(9.03062997137722,1.17513223393679,35.4128628557614));
#9358=CARTESIAN_POINT('Ctrl Pts',(9.03393547179468,1.17556237004388,35.4128628557614));
#9359=CARTESIAN_POINT('Ctrl Pts',(9.03399076855338,1.09488119914458,35.5769191236044));
#9360=CARTESIAN_POINT('Ctrl Pts',(9.03729993371479,1.09528225599418,35.5769191236044));
#9361=CARTESIAN_POINT('Ctrl Pts',(9.040609065775,1.09568330844788,35.5769191236044));
#9362=CARTESIAN_POINT('Ctrl Pts',(9.04391823093641,1.09608436529748,35.5769191236044));
#9363=CARTESIAN_POINT('Ctrl Pts',(9.03883833262637,1.05328134733514,35.6627907603979));
#9364=CARTESIAN_POINT('Ctrl Pts',(9.04214926241854,1.05366716467849,35.6627907603979));
#9365=CARTESIAN_POINT('Ctrl Pts',(9.04546019221071,1.05405298202184,35.6627907603979));
#9366=CARTESIAN_POINT('Ctrl Pts',(9.04877112200288,1.05443879936518,35.6627907603979));
#9367=CARTESIAN_POINT('',(9.02108110208028,1.19586610859662,35.1445188373327));
#9368=CARTESIAN_POINT('Ctrl Pts',(9.04218024303349,1.02419551477969,34.7774090617895));
#9369=CARTESIAN_POINT('Ctrl Pts',(9.04549239696867,1.02457067797192,34.7774090617895));
#9370=CARTESIAN_POINT('Ctrl Pts',(9.04880455090384,1.02494584116415,34.7774090617895));
#9371=CARTESIAN_POINT('Ctrl Pts',(9.05211670483902,1.02532100435637,34.7774090617895));
#9372=CARTESIAN_POINT('Ctrl Pts',(9.03650549947611,1.07429537690402,34.8247269482664));
#9373=CARTESIAN_POINT('Ctrl Pts',(9.03981559300266,1.07468889411421,34.8247269482664));
#9374=CARTESIAN_POINT('Ctrl Pts',(9.04312563177316,1.07508240406405,34.8247269482664));
#9375=CARTESIAN_POINT('Ctrl Pts',(9.04643572529971,1.07547592127424,34.8247269482664));
#9376=CARTESIAN_POINT('Ctrl Pts',(9.02346916526963,1.17908352686294,34.9238239669803));
#9377=CARTESIAN_POINT('Ctrl Pts',(9.02677446427188,1.17951542543671,34.9238239669803));
#9378=CARTESIAN_POINT('Ctrl Pts',(9.030079766449,1.17994732447254,34.9238239669803));
#9379=CARTESIAN_POINT('Ctrl Pts',(9.03338506545125,1.18037922304631,34.9238239669803));
#9380=CARTESIAN_POINT('Ctrl Pts',(9.02184556839187,1.19009931535194,35.0687786437767));
#9381=CARTESIAN_POINT('Ctrl Pts',(9.02515025858174,1.19053524718749,35.0687786437767));
#9382=CARTESIAN_POINT('Ctrl Pts',(9.02845499421121,1.19097118496183,35.0687786437767));
#9383=CARTESIAN_POINT('Ctrl Pts',(9.03175968440109,1.19140711679738,35.0687786437767));
#9384=CARTESIAN_POINT('Ctrl Pts',(9.02108110208028,1.19586610859662,35.1445188373327));
#9385=CARTESIAN_POINT('Ctrl Pts',(9.0243855273924,1.19630415479025,35.1445188373327));
#9386=CARTESIAN_POINT('Ctrl Pts',(9.02768995270452,1.19674220098387,35.1445188373327));
#9387=CARTESIAN_POINT('Ctrl Pts',(9.03099437801663,1.1971802471775,35.1445188373327));
#9388=CARTESIAN_POINT('',(9.04218024303349,1.02419551477969,34.7774090617895));
#9389=CARTESIAN_POINT('Ctrl Pts',(9.08585073707073,0.507263623445671,34.6561469882727));
#9390=CARTESIAN_POINT('Ctrl Pts',(9.08917888752387,0.50744943429675,34.6561469882727));
#9391=CARTESIAN_POINT('Ctrl Pts',(9.09250703797701,0.507635245147829,34.6561469882727));
#9392=CARTESIAN_POINT('Ctrl Pts',(9.09583518843015,0.507821055998908,34.6561469882727));
#9393=CARTESIAN_POINT('Ctrl Pts',(9.08011027500776,0.610083890965868,34.6580058545465));
#9394=CARTESIAN_POINT('Ctrl Pts',(9.08343633510913,0.610307366102465,34.6580058545465));
#9395=CARTESIAN_POINT('Ctrl Pts',(9.08676235806575,0.610530837687474,34.6580058545465));
#9396=CARTESIAN_POINT('Ctrl Pts',(9.09008841816711,0.610754312824072,34.6580058545465));
#9397=CARTESIAN_POINT('Ctrl Pts',(9.06669218047246,0.792002699441348,34.6612981080226));
#9398=CARTESIAN_POINT('Ctrl Pts',(9.07001331231203,0.792292810226629,34.6612981080226));
#9399=CARTESIAN_POINT('Ctrl Pts',(9.07333444663342,0.792582921292816,34.6612981080226));
#9400=CARTESIAN_POINT('Ctrl Pts',(9.07665557847298,0.792873032078097,34.6612981080226));
#9401=CARTESIAN_POINT('Ctrl Pts',(9.05015068335776,0.953827936530853,34.7421901430242));
#9402=CARTESIAN_POINT('Ctrl Pts',(9.05346574848465,0.954177323287156,34.7421901430242));
#9403=CARTESIAN_POINT('Ctrl Pts',(9.05678083876202,0.954526712342166,34.7421901430242));
#9404=CARTESIAN_POINT('Ctrl Pts',(9.06009590388892,0.954876099098469,34.7421901430242));
#9405=CARTESIAN_POINT('Ctrl Pts',(9.04218024303349,1.02419551477969,34.7774090617895));
#9406=CARTESIAN_POINT('Ctrl Pts',(9.04549239696867,1.02457067797192,34.7774090617895));
#9407=CARTESIAN_POINT('Ctrl Pts',(9.04880455090384,1.02494584116415,34.7774090617895));
#9408=CARTESIAN_POINT('Ctrl Pts',(9.05211670483902,1.02532100435637,34.7774090617895));
#9409=CARTESIAN_POINT('',(9.08585073707073,0.507263623445672,34.6561469882727));
#9410=CARTESIAN_POINT('Origin',(9.08140888283046,-0.581388598828701,34.6561469882727));
#9411=CARTESIAN_POINT('',(8.94699317306538,-1.66171994064026,34.6561469882727));
#9412=CARTESIAN_POINT('Origin',(8.94699317306538,-1.66171994064026,34.901994690299));
#9413=CARTESIAN_POINT('',(8.94699317306538,-1.66171994064026,35.1478423923254));
#9414=CARTESIAN_POINT('Origin',(8.91550387500552,-1.82312661512074,35.1478423923254));
#9415=CARTESIAN_POINT('',(8.88110299468406,-1.98393790170304,35.1478423923254));
#9416=CARTESIAN_POINT('Origin',(8.88110299468406,-1.98393790170304,34.3272437900305));
#9417=CARTESIAN_POINT('',(8.88110299468406,-1.98393790170304,33.5066451877356));
#9418=CARTESIAN_POINT('Origin',(8.91550387500552,-1.82312661512074,33.5066451877356));
#9419=CARTESIAN_POINT('',(8.94699317306538,-1.66171994064026,33.5066451877356));
#9420=CARTESIAN_POINT('Origin',(8.94699317306538,-1.66171994064026,33.7524928897619));
#9421=CARTESIAN_POINT('',(8.94699317306538,-1.66171994064026,33.9983405917883));
#9422=CARTESIAN_POINT('Origin',(9.08502592638524,-0.521827478107555,33.9983405917883));
#9423=CARTESIAN_POINT('',(9.07841709469836,0.626372935788762,33.9983405917883));
#9424=CARTESIAN_POINT('Ctrl Pts',(8.99149221064908,1.40109522368643,34.257475361228));
#9425=CARTESIAN_POINT('Ctrl Pts',(8.99478579753943,1.40160844538009,34.257475361228));
#9426=CARTESIAN_POINT('Ctrl Pts',(8.99807938442978,1.40212166707374,34.257475361228));
#9427=CARTESIAN_POINT('Ctrl Pts',(9.00137297132012,1.4026348887674,34.257475361228));
#9428=CARTESIAN_POINT('Ctrl Pts',(9.00822231010541,1.29373024491706,34.1819920785391));
#9429=CARTESIAN_POINT('Ctrl Pts',(9.01152198990045,1.29420413456062,34.1819920785391));
#9430=CARTESIAN_POINT('Ctrl Pts',(9.01482177570608,1.29467803686132,34.1819920785391));
#9431=CARTESIAN_POINT('Ctrl Pts',(9.01812145550113,1.29515192650488,34.1819920785391));
#9432=CARTESIAN_POINT('Ctrl Pts',(9.04054825828775,1.06233685180088,34.019720928818));
#9433=CARTESIAN_POINT('Ctrl Pts',(9.0438598121145,1.06272598576772,34.019720928818));
#9434=CARTESIAN_POINT('Ctrl Pts',(9.04717137287671,1.06311512096788,34.019720928818));
#9435=CARTESIAN_POINT('Ctrl Pts',(9.05048292670346,1.06350425493473,34.019720928818));
#9436=CARTESIAN_POINT('Ctrl Pts',(9.06792184366728,0.778487212970501,34.0057908494478));
#9437=CARTESIAN_POINT('Ctrl Pts',(9.07124347167968,0.778772378826293,34.0057908494478));
#9438=CARTESIAN_POINT('Ctrl Pts',(9.07456496493363,0.779057527568522,34.0057908494478));
#9439=CARTESIAN_POINT('Ctrl Pts',(9.07788659294603,0.779342693424314,34.0057908494478));
#9440=CARTESIAN_POINT('Ctrl Pts',(9.07841709469836,0.626372935788762,33.9983405917883));
#9441=CARTESIAN_POINT('Ctrl Pts',(9.08174252220557,0.626602376424582,33.9983405917883));
#9442=CARTESIAN_POINT('Ctrl Pts',(9.08506794971279,0.626831817060402,33.9983405917883));
#9443=CARTESIAN_POINT('Ctrl Pts',(9.08839337722,0.627061257696222,33.9983405917883));
#9444=CARTESIAN_POINT('',(8.99149221064908,1.40109522368643,34.257475361228));
#9445=CARTESIAN_POINT('Ctrl Pts',(8.94333176258998,1.68131406472713,34.965118393302));
#9446=CARTESIAN_POINT('Ctrl Pts',(8.94660770829056,1.68192993068491,34.965118393302));
#9447=CARTESIAN_POINT('Ctrl Pts',(8.94988365399114,1.68254579664268,34.965118393302));
#9448=CARTESIAN_POINT('Ctrl Pts',(8.95315959969172,1.68316166260046,34.965118393302));
#9449=CARTESIAN_POINT('Ctrl Pts',(8.94511288175968,1.67183984454568,34.8255930453317));
#9450=CARTESIAN_POINT('Ctrl Pts',(8.94838943951522,1.67245223262935,34.8255930453317));
#9451=CARTESIAN_POINT('Ctrl Pts',(8.9516661183797,1.67306464310437,34.8255930453317));
#9452=CARTESIAN_POINT('Ctrl Pts',(8.95494267613524,1.67367703118804,34.8255930453317));
#9453=CARTESIAN_POINT('Ctrl Pts',(8.94895424555747,1.65376189848616,34.5581997959338));
#9454=CARTESIAN_POINT('Ctrl Pts',(8.95223224791701,1.65436767147668,34.5581997959338));
#9455=CARTESIAN_POINT('Ctrl Pts',(8.95551025885238,1.6549734462632,34.5581997959338));
#9456=CARTESIAN_POINT('Ctrl Pts',(8.95878826121192,1.65557921925373,34.5581997959338));
#9457=CARTESIAN_POINT('Ctrl Pts',(8.97873008295332,1.48299584673315,34.3547604151563));
#9458=CARTESIAN_POINT('Ctrl Pts',(8.98201904387702,1.48353907783312,34.3547604151563));
#9459=CARTESIAN_POINT('Ctrl Pts',(8.98530785838452,1.48408228139883,34.3547604151563));
#9460=CARTESIAN_POINT('Ctrl Pts',(8.98859681930822,1.4846255124988,34.3547604151563));
#9461=CARTESIAN_POINT('Ctrl Pts',(8.99149221064908,1.40109522368643,34.257475361228));
#9462=CARTESIAN_POINT('Ctrl Pts',(8.99478579753943,1.40160844538009,34.257475361228));
#9463=CARTESIAN_POINT('Ctrl Pts',(8.99807938442978,1.40212166707374,34.257475361228));
#9464=CARTESIAN_POINT('Ctrl Pts',(9.00137297132012,1.4026348887674,34.257475361228));
#9465=CARTESIAN_POINT('',(8.94333176258998,1.68131406472713,34.965118393302));
#9466=CARTESIAN_POINT('Ctrl Pts',(8.97651700054202,1.49403565519036,35.6146182864904));
#9467=CARTESIAN_POINT('Ctrl Pts',(8.97980510200742,1.49458292099812,35.6146182864904));
#9468=CARTESIAN_POINT('Ctrl Pts',(8.98309320347282,1.49513018680588,35.6146182864904));
#9469=CARTESIAN_POINT('Ctrl Pts',(8.98638130493822,1.49567745261364,35.6146182864904));
#9470=CARTESIAN_POINT('Ctrl Pts',(8.96741013521469,1.54875184027499,35.5110174238535));
#9471=CARTESIAN_POINT('Ctrl Pts',(8.97069492077667,1.54931915239611,35.5110174238535));
#9472=CARTESIAN_POINT('Ctrl Pts',(8.97397964650459,1.54988645325307,35.5110174238535));
#9473=CARTESIAN_POINT('Ctrl Pts',(8.97726443206657,1.55045376537419,35.5110174238535));
#9474=CARTESIAN_POINT('Ctrl Pts',(8.94825884054412,1.65591582509255,35.3076973221875));
#9475=CARTESIAN_POINT('Ctrl Pts',(8.95153658936038,1.65652238733678,35.3076973221875));
#9476=CARTESIAN_POINT('Ctrl Pts',(8.95481434320099,1.6571289505682,35.3076973221875));
#9477=CARTESIAN_POINT('Ctrl Pts',(8.95809209201725,1.65773551281243,35.3076973221875));
#9478=CARTESIAN_POINT('Ctrl Pts',(8.94490465794112,1.67294743933084,35.0778486745173));
#9479=CARTESIAN_POINT('Ctrl Pts',(8.94818116565641,1.6735602379564,35.0778486745173));
#9480=CARTESIAN_POINT('Ctrl Pts',(8.951457715784,1.67417304448477,35.0778486745173));
#9481=CARTESIAN_POINT('Ctrl Pts',(8.95473422349929,1.67478584311033,35.0778486745173));
#9482=CARTESIAN_POINT('Ctrl Pts',(8.94333176258998,1.68131406472713,34.965118393302));
#9483=CARTESIAN_POINT('Ctrl Pts',(8.94660770829056,1.68192993068491,34.965118393302));
#9484=CARTESIAN_POINT('Ctrl Pts',(8.94988365399114,1.68254579664268,34.965118393302));
#9485=CARTESIAN_POINT('Ctrl Pts',(8.95315959969172,1.68316166260046,34.965118393302));
#9486=CARTESIAN_POINT('',(8.97651700054202,1.49403565519036,35.6146182864904));
#9487=CARTESIAN_POINT('Ctrl Pts',(9.0524956561129,0.928613157378814,36.210965141654));
#9488=CARTESIAN_POINT('Ctrl Pts',(9.05581158858767,0.928953308718513,36.210965141654));
#9489=CARTESIAN_POINT('Ctrl Pts',(9.05912752106243,0.929293460058213,36.210965141654));
#9490=CARTESIAN_POINT('Ctrl Pts',(9.0624434535372,0.929633611397912,36.210965141654));
#9491=CARTESIAN_POINT('Ctrl Pts',(9.04062581200225,1.04432518600625,36.1187228656728));
#9492=CARTESIAN_POINT('Ctrl Pts',(9.04393743260562,1.04470772801075,36.1187228656728));
#9493=CARTESIAN_POINT('Ctrl Pts',(9.04724894503844,1.04509025409625,36.1187228656728));
#9494=CARTESIAN_POINT('Ctrl Pts',(9.05056056564181,1.04547279610076,36.1187228656728));
#9495=CARTESIAN_POINT('Ctrl Pts',(9.01375940122556,1.26048914472953,35.9460086060552));
#9496=CARTESIAN_POINT('Ctrl Pts',(9.01706114260768,1.26095086200361,35.9460086060552));
#9497=CARTESIAN_POINT('Ctrl Pts',(9.02036288995468,1.26141258036174,35.9460086060552));
#9498=CARTESIAN_POINT('Ctrl Pts',(9.0236646313368,1.26187429763582,35.9460086060552));
#9499=CARTESIAN_POINT('Ctrl Pts',(8.98885724259264,1.4198925835887,35.7199464276664));
#9500=CARTESIAN_POINT('Ctrl Pts',(8.99214983632504,1.42041268680251,35.7199464276664));
#9501=CARTESIAN_POINT('Ctrl Pts',(8.99544251396199,1.42093280189531,35.7199464276664));
#9502=CARTESIAN_POINT('Ctrl Pts',(8.99873510769439,1.42145290510912,35.7199464276664));
#9503=CARTESIAN_POINT('Ctrl Pts',(8.97651700054202,1.49403565519036,35.6146182864904));
#9504=CARTESIAN_POINT('Ctrl Pts',(8.97980510200742,1.49458292099812,35.6146182864904));
#9505=CARTESIAN_POINT('Ctrl Pts',(8.98309320347282,1.49513018680588,35.6146182864904));
#9506=CARTESIAN_POINT('Ctrl Pts',(8.98638130493822,1.49567745261364,35.6146182864904));
#9507=CARTESIAN_POINT('',(9.0524956561129,0.928613157378814,36.210965141654));
#9508=CARTESIAN_POINT('Origin',(9.0524956561129,0.928613157378814,36.2325587123632));
#9509=CARTESIAN_POINT('',(9.0524956561129,0.928613157378814,36.2541522830725));
#9510=CARTESIAN_POINT('Ctrl Pts',(8.97651700054202,1.49403565519036,36.5510287135839));
#9511=CARTESIAN_POINT('Ctrl Pts',(8.97980510200742,1.49458292099812,36.5510287135839));
#9512=CARTESIAN_POINT('Ctrl Pts',(8.98309320347282,1.49513018680588,36.5510287135839));
#9513=CARTESIAN_POINT('Ctrl Pts',(8.98638130493822,1.49567745261364,36.5510287135839));
#9514=CARTESIAN_POINT('Ctrl Pts',(8.98887177947046,1.41980524261364,36.4804159775017));
#9515=CARTESIAN_POINT('Ctrl Pts',(8.99216437908504,1.42032531391298,36.4804159775017));
#9516=CARTESIAN_POINT('Ctrl Pts',(8.99545706093223,1.42084539685563,36.4804159775017));
#9517=CARTESIAN_POINT('Ctrl Pts',(8.9987496605468,1.42136546815497,36.4804159775017));
#9518=CARTESIAN_POINT('Ctrl Pts',(9.01384043421596,1.25990569597357,36.3285709940772));
#9519=CARTESIAN_POINT('Ctrl Pts',(9.01714220529379,1.26036719953382,36.3285709940772));
#9520=CARTESIAN_POINT('Ctrl Pts',(9.0204439822966,1.26082870416714,36.3285709940772));
#9521=CARTESIAN_POINT('Ctrl Pts',(9.02374575337444,1.26129020772739,36.3285709940772));
#9522=CARTESIAN_POINT('Ctrl Pts',(9.04063381837618,1.04424713664338,36.2800887467903));
#9523=CARTESIAN_POINT('Ctrl Pts',(9.04394544133689,1.04462964997344,36.2800887467903));
#9524=CARTESIAN_POINT('Ctrl Pts',(9.04725695785326,1.0450121476393,36.2800887467903));
#9525=CARTESIAN_POINT('Ctrl Pts',(9.05056858081396,1.04539466096936,36.2800887467903));
#9526=CARTESIAN_POINT('Ctrl Pts',(9.0524956561129,0.928613157378814,36.2541522830725));
#9527=CARTESIAN_POINT('Ctrl Pts',(9.05581158858767,0.928953308718513,36.2541522830725));
#9528=CARTESIAN_POINT('Ctrl Pts',(9.05912752106243,0.929293460058213,36.2541522830725));
#9529=CARTESIAN_POINT('Ctrl Pts',(9.0624434535372,0.929633611397912,36.2541522830725));
#9530=CARTESIAN_POINT('',(8.97651700054202,1.49403565519036,36.5510287135839));
#9531=CARTESIAN_POINT('Ctrl Pts',(8.94333176258998,1.68131406472713,37.1763386577368));
#9532=CARTESIAN_POINT('Ctrl Pts',(8.94660770829056,1.68192993068491,37.1763386577368));
#9533=CARTESIAN_POINT('Ctrl Pts',(8.94988365399114,1.68254579664268,37.1763386577368));
#9534=CARTESIAN_POINT('Ctrl Pts',(8.95315959969172,1.68316166260046,37.1763386577368));
#9535=CARTESIAN_POINT('Ctrl Pts',(8.94429948918522,1.67616648392811,37.0550501842217));
#9536=CARTESIAN_POINT('Ctrl Pts',(8.94757576889841,1.67678046052387,37.0550501842217));
#9537=CARTESIAN_POINT('Ctrl Pts',(8.95085211000959,1.67739444852348,37.0550501842217));
#9538=CARTESIAN_POINT('Ctrl Pts',(8.95412838972278,1.67800842511924,37.0550501842217));
#9539=CARTESIAN_POINT('Ctrl Pts',(8.94631448300152,1.66663418724019,36.8295059789051));
#9540=CARTESIAN_POINT('Ctrl Pts',(8.94959152020624,1.66724467573291,36.8295059789051));
#9541=CARTESIAN_POINT('Ctrl Pts',(8.95286856061328,1.6678551648873,36.8295059789051));
#9542=CARTESIAN_POINT('Ctrl Pts',(8.956145597818,1.66846565338002,36.8295059789051));
#9543=CARTESIAN_POINT('Ctrl Pts',(8.96742296654712,1.54867474661707,36.6390604195323));
#9544=CARTESIAN_POINT('Ctrl Pts',(8.97070775976977,1.54924203104755,36.6390604195323));
#9545=CARTESIAN_POINT('Ctrl Pts',(8.97399248427672,1.5498093025675,36.6390604195323));
#9546=CARTESIAN_POINT('Ctrl Pts',(8.97727727749937,1.55037658699797,36.6390604195323));
#9547=CARTESIAN_POINT('Ctrl Pts',(8.97651700054202,1.49403565519036,36.5510287135839));
#9548=CARTESIAN_POINT('Ctrl Pts',(8.97980510200742,1.49458292099812,36.5510287135839));
#9549=CARTESIAN_POINT('Ctrl Pts',(8.98309320347282,1.49513018680588,36.5510287135839));
#9550=CARTESIAN_POINT('Ctrl Pts',(8.98638130493822,1.49567745261364,36.5510287135839));
#9551=CARTESIAN_POINT('',(8.94333176258998,1.68131406472713,37.1763386577368));
#9552=CARTESIAN_POINT('Ctrl Pts',(8.97651700054202,1.49403565519036,37.8264906257391));
#9553=CARTESIAN_POINT('Ctrl Pts',(8.97980510200742,1.49458292099812,37.8264906257391));
#9554=CARTESIAN_POINT('Ctrl Pts',(8.98309320347282,1.49513018680588,37.8264906257391));
#9555=CARTESIAN_POINT('Ctrl Pts',(8.98638130493822,1.49567745261364,37.8264906257391));
#9556=CARTESIAN_POINT('Ctrl Pts',(8.96741025236595,1.54875113640272,37.7226376189038));
#9557=CARTESIAN_POINT('Ctrl Pts',(8.97069503793917,1.54931844826011,37.7226376189038));
#9558=CARTESIAN_POINT('Ctrl Pts',(8.97397976377335,1.54988574887105,37.7226376189038));
#9559=CARTESIAN_POINT('Ctrl Pts',(8.97726454934657,1.55045306072844,37.7226376189038));
#9560=CARTESIAN_POINT('Ctrl Pts',(8.9482803970636,1.65579699799865,37.5190448277115));
#9561=CARTESIAN_POINT('Ctrl Pts',(8.95155815377034,1.65640351671548,37.5190448277115));
#9562=CARTESIAN_POINT('Ctrl Pts',(8.95483591551847,1.65701003642246,37.5190448277115));
#9563=CARTESIAN_POINT('Ctrl Pts',(8.95811367222521,1.6576165551393,37.5190448277115));
#9564=CARTESIAN_POINT('Ctrl Pts',(8.94491079785739,1.67291477957416,37.289025003505));
#9565=CARTESIAN_POINT('Ctrl Pts',(8.94818730788292,1.67352756624773,37.289025003505));
#9566=CARTESIAN_POINT('Ctrl Pts',(8.9514638601372,1.67414036079024,37.289025003505));
#9567=CARTESIAN_POINT('Ctrl Pts',(8.95474037016273,1.67475314746381,37.289025003505));
#9568=CARTESIAN_POINT('Ctrl Pts',(8.94333176258998,1.68131406472713,37.1763386577368));
#9569=CARTESIAN_POINT('Ctrl Pts',(8.94660770829056,1.68192993068491,37.1763386577368));
#9570=CARTESIAN_POINT('Ctrl Pts',(8.94988365399114,1.68254579664268,37.1763386577368));
#9571=CARTESIAN_POINT('Ctrl Pts',(8.95315959969172,1.68316166260046,37.1763386577368));
#9572=CARTESIAN_POINT('',(8.97651700054202,1.49403565519036,37.8264906257391));
#9573=CARTESIAN_POINT('Ctrl Pts',(9.0524956561129,0.928613157378814,38.4235884994268));
#9574=CARTESIAN_POINT('Ctrl Pts',(9.05581158858767,0.928953308718513,38.4235884994268));
#9575=CARTESIAN_POINT('Ctrl Pts',(9.05912752106243,0.929293460058213,38.4235884994268));
#9576=CARTESIAN_POINT('Ctrl Pts',(9.0624434535372,0.929633611397912,38.4235884994268));
#9577=CARTESIAN_POINT('Ctrl Pts',(9.04062225833259,1.0443598286116,38.3313797782032));
#9578=CARTESIAN_POINT('Ctrl Pts',(9.04393387789041,1.04474238334352,38.3313797782032));
#9579=CARTESIAN_POINT('Ctrl Pts',(9.0472453885092,1.04512492204299,38.3313797782032));
#9580=CARTESIAN_POINT('Ctrl Pts',(9.05055700806702,1.04550747677491,38.3313797782032));
#9581=CARTESIAN_POINT('Ctrl Pts',(9.01372322964886,1.26074958684044,38.1585992573037));
#9582=CARTESIAN_POINT('Ctrl Pts',(9.01702495777633,1.26121139951307,38.1585992573037));
#9583=CARTESIAN_POINT('Ctrl Pts',(9.02032669188365,1.26167321327421,38.1585992573037));
#9584=CARTESIAN_POINT('Ctrl Pts',(9.02362842001111,1.26213502594685,38.1585992573037));
#9585=CARTESIAN_POINT('Ctrl Pts',(8.98885072202821,1.41993176067078,37.9321087233838));
#9586=CARTESIAN_POINT('Ctrl Pts',(8.99214331312254,1.42045187819999,37.9321087233838));
#9587=CARTESIAN_POINT('Ctrl Pts',(8.99543598887018,1.42097200771373,37.9321087233838));
#9588=CARTESIAN_POINT('Ctrl Pts',(8.9987285799645,1.42149212524294,37.9321087233838));
#9589=CARTESIAN_POINT('Ctrl Pts',(8.97651700054202,1.49403565519036,37.8264906257391));
#9590=CARTESIAN_POINT('Ctrl Pts',(8.97980510200742,1.49458292099812,37.8264906257391));
#9591=CARTESIAN_POINT('Ctrl Pts',(8.98309320347282,1.49513018680588,37.8264906257391));
#9592=CARTESIAN_POINT('Ctrl Pts',(8.98638130493822,1.49567745261364,37.8264906257391));
#9593=CARTESIAN_POINT('',(9.0524956561129,0.928613157378815,38.4235884994268));
#9594=CARTESIAN_POINT('Origin',(9.01164764614131,1.2649927674875,38.4235884994268));
#9595=CARTESIAN_POINT('Origin',(0.,0.,0.));
#9596=CARTESIAN_POINT('',(9.09901932011421,0.447154796673757,44.636212810874));
#9597=CARTESIAN_POINT('',(8.99882175932195,-1.41891047777997,45.1046516746283));
#9598=CARTESIAN_POINT('Ctrl Pts',(9.09901932011421,0.447154796673757,44.636212810874));
#9599=CARTESIAN_POINT('Ctrl Pts',(9.11661443334101,0.0891170961252843,44.6479751794591));
#9600=CARTESIAN_POINT('Ctrl Pts',(9.10799129445652,-0.571456106501037,44.6696184766619));
#9601=CARTESIAN_POINT('Ctrl Pts',(9.04051206092314,-1.15450789630882,44.9682952102403));
#9602=CARTESIAN_POINT('Ctrl Pts',(8.99882175932195,-1.41891047777997,45.1046516746283));
#9603=CARTESIAN_POINT('',(8.81086809132518,2.31531930352335,45.1029910892248));
#9604=CARTESIAN_POINT('Ctrl Pts',(8.81086809132518,2.31531930352335,45.1029910892248));
#9605=CARTESIAN_POINT('Ctrl Pts',(8.87958847694667,2.05380623620059,44.9671330624889));
#9606=CARTESIAN_POINT('Ctrl Pts',(9.00662309283155,1.47294434738941,44.6687116417103));
#9607=CARTESIAN_POINT('Ctrl Pts',(9.08120234029214,0.80970719426184,44.6476733190585));
#9608=CARTESIAN_POINT('Ctrl Pts',(9.09901932011421,0.447154796673757,44.636212810874));
#9609=CARTESIAN_POINT('',(8.60532454912495,2.99006511705473,46.3571431487799));
#9610=CARTESIAN_POINT('Ctrl Pts',(8.60532454912495,2.99006511705473,46.3571431487799));
#9611=CARTESIAN_POINT('Ctrl Pts',(8.61577050479182,2.96000194611356,46.1064657512565));
#9612=CARTESIAN_POINT('Ctrl Pts',(8.63904812359679,2.89921765050243,45.5941871207149));
#9613=CARTESIAN_POINT('Ctrl Pts',(8.75857555552889,2.51431675254079,45.2690342873258));
#9614=CARTESIAN_POINT('Ctrl Pts',(8.81086809132518,2.31531930352335,45.1029910892248));
#9615=CARTESIAN_POINT('',(8.81086809132518,2.31531930352335,47.6112964004278));
#9616=CARTESIAN_POINT('Ctrl Pts',(8.81086809132518,2.31531930352335,47.6112964004278));
#9617=CARTESIAN_POINT('Ctrl Pts',(8.75857555500677,2.5143167545277,47.4452531958817));
#9618=CARTESIAN_POINT('Ctrl Pts',(8.63904802109581,2.89921795246014,47.1201000973504));
#9619=CARTESIAN_POINT('Ctrl Pts',(8.61577047607647,2.96000202875556,46.6078209851587));
#9620=CARTESIAN_POINT('Ctrl Pts',(8.60532454912495,2.99006511705473,46.3571431487799));
#9621=CARTESIAN_POINT('',(9.09918195305362,0.443833060083784,48.0780734866858));
#9622=CARTESIAN_POINT('Ctrl Pts',(9.09918195305362,0.443833060083784,48.0780734866858));
#9623=CARTESIAN_POINT('Ctrl Pts',(9.08145632457721,0.807232575001916,48.0666864208839));
#9624=CARTESIAN_POINT('Ctrl Pts',(9.00690189783258,1.47158939609927,48.0457967516648));
#9625=CARTESIAN_POINT('Ctrl Pts',(8.87966079469207,2.05353103350417,47.7471495026899));
#9626=CARTESIAN_POINT('Ctrl Pts',(8.81086809132518,2.31531930352335,47.6112964004278));
#9627=CARTESIAN_POINT('',(8.99882175932195,-1.41891047777997,47.607974037528));
#9628=CARTESIAN_POINT('Ctrl Pts',(8.99882175932195,-1.41891047777997,47.607974037528));
#9629=CARTESIAN_POINT('Ctrl Pts',(9.04046213140389,-1.15482455254001,47.7448199419568));
#9630=CARTESIAN_POINT('Ctrl Pts',(9.10783097562332,-0.573107427041645,48.0442442027533));
#9631=CARTESIAN_POINT('Ctrl Pts',(9.11660744067931,0.0865868412084436,48.066168988368));
#9632=CARTESIAN_POINT('Ctrl Pts',(9.09918195305362,0.443833060083784,48.0780734866858));
#9633=CARTESIAN_POINT('',(8.86322341049232,-2.10603199778657,46.3571431487799));
#9634=CARTESIAN_POINT('Ctrl Pts',(8.86322341049232,-2.10603199778657,46.3571431487799));
#9635=CARTESIAN_POINT('Ctrl Pts',(8.87057099169972,-2.07510974502103,46.6061510070584));
#9636=CARTESIAN_POINT('Ctrl Pts',(8.88755518734223,-2.01225413403381,47.1158852873756));
#9637=CARTESIAN_POINT('Ctrl Pts',(8.96700230116041,-1.62071153356039,47.4414495947364));
#9638=CARTESIAN_POINT('Ctrl Pts',(8.99882175932195,-1.41891047777997,47.607974037528));
#9639=CARTESIAN_POINT('Ctrl Pts',(8.99882175932195,-1.41891047777997,45.1046516746283));
#9640=CARTESIAN_POINT('Ctrl Pts',(8.96700163948111,-1.62071572997319,45.2710414068777));
#9641=CARTESIAN_POINT('Ctrl Pts',(8.88742346035904,-2.0128725821329,45.5968470670996));
#9642=CARTESIAN_POINT('Ctrl Pts',(8.87053097261406,-2.07527816511019,46.1073535509058));
#9643=CARTESIAN_POINT('Ctrl Pts',(8.86322341049232,-2.10603199778657,46.3571431487799));
#9644=CARTESIAN_POINT('',(9.09844051795268,0.458781147473335,47.3837210983038));
#9645=CARTESIAN_POINT('',(9.02678784535244,-1.22849550060121,47.1274914592505));
#9646=CARTESIAN_POINT('Ctrl Pts',(9.09844051795268,0.458781147473335,47.3837210983038));
#9647=CARTESIAN_POINT('Ctrl Pts',(9.11515985465207,0.127207168688841,47.3811581250126));
#9648=CARTESIAN_POINT('Ctrl Pts',(9.11191987529204,-0.450899295507723,47.3767014545874));
#9649=CARTESIAN_POINT('Ctrl Pts',(9.05823178590891,-0.997450470085248,47.2018065677126));
#9650=CARTESIAN_POINT('Ctrl Pts',(9.02678784535244,-1.22849550060121,47.1274914592505));
#9651=CARTESIAN_POINT('',(8.86245412565353,2.10926690361527,47.115837559104));
#9652=CARTESIAN_POINT('Ctrl Pts',(8.86245412565353,2.10926690361527,47.115837559104));
#9653=CARTESIAN_POINT('Ctrl Pts',(8.91694723936407,1.88030454726485,47.1936376380655));
#9654=CARTESIAN_POINT('Ctrl Pts',(9.02238191170673,1.34933554998957,47.3724412740433));
#9655=CARTESIAN_POINT('Ctrl Pts',(9.08220068994653,0.780845621895336,47.3796493574717));
#9656=CARTESIAN_POINT('Ctrl Pts',(9.09844051795268,0.458781147473335,47.3837210983038));
#9657=CARTESIAN_POINT('',(8.7077515647243,2.67715570840426,46.3588049262762));
#9658=CARTESIAN_POINT('Ctrl Pts',(8.7077515647243,2.67715570840426,46.3588049262762));
#9659=CARTESIAN_POINT('Ctrl Pts',(8.71719550855109,2.64643821357316,46.5158057398096));
#9660=CARTESIAN_POINT('Ctrl Pts',(8.73886088770734,2.57933791582924,46.8602132380629));
#9661=CARTESIAN_POINT('Ctrl Pts',(8.82279695253276,2.27589345852566,47.0257577754617));
#9662=CARTESIAN_POINT('Ctrl Pts',(8.86245412565353,2.10926690361527,47.115837559104));
#9663=CARTESIAN_POINT('',(8.86245412565353,2.10926690361527,45.5984487384558));
#9664=CARTESIAN_POINT('Ctrl Pts',(8.86245412565353,2.10926690361527,45.5984487384558));
#9665=CARTESIAN_POINT('Ctrl Pts',(8.82279219875486,2.27591343235568,45.6888451936509));
#9666=CARTESIAN_POINT('Ctrl Pts',(8.73867692577377,2.57998080433552,45.8552937921454));
#9667=CARTESIAN_POINT('Ctrl Pts',(8.71714885840881,2.64658994843424,46.2008957147725));
#9668=CARTESIAN_POINT('Ctrl Pts',(8.7077515647243,2.67715570840426,46.3588049262762));
#9669=CARTESIAN_POINT('',(9.09844051795268,0.458781147473335,45.3305651992559));
#9670=CARTESIAN_POINT('Ctrl Pts',(9.09844051795268,0.458781147473335,45.3305651992559));
#9671=CARTESIAN_POINT('Ctrl Pts',(9.08220068994653,0.780845621895336,45.3346369400881));
#9672=CARTESIAN_POINT('Ctrl Pts',(9.02238191331322,1.34933555034159,45.3418450235165));
#9673=CARTESIAN_POINT('Ctrl Pts',(8.91694723936407,1.88030454726485,45.5206486594942));
#9674=CARTESIAN_POINT('Ctrl Pts',(8.86245412565353,2.10926690361527,45.5984487384558));
#9675=CARTESIAN_POINT('',(9.02678784535244,-1.22849550060121,45.5867948383093));
#9676=CARTESIAN_POINT('Ctrl Pts',(9.02678784535244,-1.22849550060121,45.5867948383093));
#9677=CARTESIAN_POINT('Ctrl Pts',(9.05823178590891,-0.997450470085247,45.5124797298472));
#9678=CARTESIAN_POINT('Ctrl Pts',(9.11191987716672,-0.450899295713661,45.3375848429723));
#9679=CARTESIAN_POINT('Ctrl Pts',(9.11515985465207,0.127207168688841,45.3331281725471));
#9680=CARTESIAN_POINT('Ctrl Pts',(9.09844051795268,0.458781147473335,45.3305651992559));
#9681=CARTESIAN_POINT('',(8.9335371856359,-1.78438038345546,46.3588049262762));
#9682=CARTESIAN_POINT('Ctrl Pts',(8.9335371856359,-1.78438038345546,46.3588049262762));
#9683=CARTESIAN_POINT('Ctrl Pts',(8.93911806000312,-1.75643962085225,46.195554944805));
#9684=CARTESIAN_POINT('Ctrl Pts',(8.95203019564646,-1.69732026348556,45.848942545963));
#9685=CARTESIAN_POINT('Ctrl Pts',(9.00463759370524,-1.39125199604026,45.67749355816));
#9686=CARTESIAN_POINT('Ctrl Pts',(9.02678784535244,-1.22849550060121,45.5867948383093));
#9687=CARTESIAN_POINT('Ctrl Pts',(9.02678784535244,-1.22849550060121,47.1274914592505));
#9688=CARTESIAN_POINT('Ctrl Pts',(9.00463926942209,-1.39123968314165,47.0371101743769));
#9689=CARTESIAN_POINT('Ctrl Pts',(8.95214274783269,-1.69669588554039,46.8665905741789));
#9690=CARTESIAN_POINT('Ctrl Pts',(8.93914955137953,-1.75628195862688,46.5211500342855));
#9691=CARTESIAN_POINT('Ctrl Pts',(8.9335371856359,-1.78438038345546,46.3588049262762));
#9692=CARTESIAN_POINT('Ctrl Pts',(9.08903137354987,0.446663957160394,44.636212810874));
#9693=CARTESIAN_POINT('Ctrl Pts',(9.09236068907132,0.446827570331515,44.636212810874));
#9694=CARTESIAN_POINT('Ctrl Pts',(9.09569000459276,0.446991183502636,44.636212810874));
#9695=CARTESIAN_POINT('Ctrl Pts',(9.09901932011421,0.447154796673757,44.636212810874));
#9696=CARTESIAN_POINT('Ctrl Pts',(9.10660717271166,0.0890192727486375,44.6479751794591));
#9697=CARTESIAN_POINT('Ctrl Pts',(9.10994308604082,0.0890518669483827,44.6479751794591));
#9698=CARTESIAN_POINT('Ctrl Pts',(9.11327852001185,0.0890845019255391,44.6479751794591));
#9699=CARTESIAN_POINT('Ctrl Pts',(9.11661443334101,0.0891170961252843,44.6479751794591));
#9700=CARTESIAN_POINT('Ctrl Pts',(9.09799349940223,-0.570828822081167,44.6696184766619));
#9701=CARTESIAN_POINT('Ctrl Pts',(9.10132608805318,-0.571037915195169,44.6696184766619));
#9702=CARTESIAN_POINT('Ctrl Pts',(9.10465870580558,-0.571247013387035,44.6696184766619));
#9703=CARTESIAN_POINT('Ctrl Pts',(9.10799129445652,-0.571456106501037,44.6696184766619));
#9704=CARTESIAN_POINT('Ctrl Pts',(9.03058833747537,-1.15324059894734,44.9682952102403));
#9705=CARTESIAN_POINT('Ctrl Pts',(9.03389612622232,-1.15366302324426,44.9682952102403));
#9706=CARTESIAN_POINT('Ctrl Pts',(9.03720427217619,-1.1540854720119,44.9682952102403));
#9707=CARTESIAN_POINT('Ctrl Pts',(9.04051206092314,-1.15450789630882,44.9682952102403));
#9708=CARTESIAN_POINT('Ctrl Pts',(8.98894379910316,-1.4173529470689,45.1046516746283));
#9709=CARTESIAN_POINT('Ctrl Pts',(8.99223645250942,-1.41787212397259,45.1046516746283));
#9710=CARTESIAN_POINT('Ctrl Pts',(8.99552910591569,-1.41839130087628,45.1046516746283));
#9711=CARTESIAN_POINT('Ctrl Pts',(8.99882175932195,-1.41891047777997,45.1046516746283));
#9712=CARTESIAN_POINT('',(9.08903137354987,0.446663957160394,44.636212810874));
#9713=CARTESIAN_POINT('',(8.98894379910316,-1.4173529470689,45.1046516746283));
#9714=CARTESIAN_POINT('Ctrl Pts',(8.80119644687806,2.31277778946899,45.1029910892248));
#9715=CARTESIAN_POINT('Ctrl Pts',(8.80442032836043,2.31362496082045,45.1029910892248));
#9716=CARTESIAN_POINT('Ctrl Pts',(8.8076442098428,2.3144721321719,45.1029910892248));
#9717=CARTESIAN_POINT('Ctrl Pts',(8.81086809132518,2.31531930352335,45.1029910892248));
#9718=CARTESIAN_POINT('Ctrl Pts',(8.86984139848679,2.05155178369104,44.9671330624889));
#9719=CARTESIAN_POINT('Ctrl Pts',(8.87309030744528,2.052303247948,44.9671330624889));
#9720=CARTESIAN_POINT('Ctrl Pts',(8.87633956798818,2.05305477194363,44.9671330624889));
#9721=CARTESIAN_POINT('Ctrl Pts',(8.87958847694667,2.05380623620059,44.9671330624889));
#9722=CARTESIAN_POINT('Ctrl Pts',(8.99673656912921,1.47132750397844,44.6687116417103));
#9723=CARTESIAN_POINT('Ctrl Pts',(9.00003206733375,1.47186644909297,44.6687116417103));
#9724=CARTESIAN_POINT('Ctrl Pts',(9.003327594627,1.47240540227487,44.6687116417103));
#9725=CARTESIAN_POINT('Ctrl Pts',(9.00662309283155,1.47294434738941,44.6687116417103));
#9726=CARTESIAN_POINT('Ctrl Pts',(9.07123395133463,0.808818382852112,44.6476733190585));
#9727=CARTESIAN_POINT('Ctrl Pts',(9.0745569058845,0.809114682899815,44.6476733190585));
#9728=CARTESIAN_POINT('Ctrl Pts',(9.07787938574227,0.809410894214137,44.6476733190585));
#9729=CARTESIAN_POINT('Ctrl Pts',(9.08120234029214,0.80970719426184,44.6476733190585));
#9730=CARTESIAN_POINT('Ctrl Pts',(9.08903137354987,0.446663957160394,44.636212810874));
#9731=CARTESIAN_POINT('Ctrl Pts',(9.09236068907132,0.446827570331515,44.636212810874));
#9732=CARTESIAN_POINT('Ctrl Pts',(9.09569000459276,0.446991183502636,44.636212810874));
#9733=CARTESIAN_POINT('Ctrl Pts',(9.09901932011421,0.447154796673757,44.636212810874));
#9734=CARTESIAN_POINT('',(8.80119644687806,2.31277778946899,45.1029910892248));
#9735=CARTESIAN_POINT('Ctrl Pts',(8.59587852876367,2.98678293800199,46.3571431487799));
#9736=CARTESIAN_POINT('Ctrl Pts',(8.59902720221743,2.98787699768623,46.3571431487799));
#9737=CARTESIAN_POINT('Ctrl Pts',(8.60217587567119,2.98897105737049,46.3571431487799));
#9738=CARTESIAN_POINT('Ctrl Pts',(8.60532454912495,2.99006511705473,46.3571431487799));
#9739=CARTESIAN_POINT('Ctrl Pts',(8.6063130179589,2.95675276724845,46.1064657512565));
#9740=CARTESIAN_POINT('Ctrl Pts',(8.60946532818726,2.95783576368206,46.1064657512565));
#9741=CARTESIAN_POINT('Ctrl Pts',(8.61261819456347,2.95891894967995,46.1064657512565));
#9742=CARTESIAN_POINT('Ctrl Pts',(8.61577050479182,2.96000194611356,46.1064657512565));
#9743=CARTESIAN_POINT('Ctrl Pts',(8.6295650850418,2.89603519424502,45.5941871207149));
#9744=CARTESIAN_POINT('Ctrl Pts',(8.63272607561974,2.89709600451841,45.5941871207149));
#9745=CARTESIAN_POINT('Ctrl Pts',(8.63588713301885,2.89815684022903,45.5941871207149));
#9746=CARTESIAN_POINT('Ctrl Pts',(8.63904812359679,2.89921765050243,45.5941871207149));
#9747=CARTESIAN_POINT('Ctrl Pts',(8.74896131232853,2.5115568000133,45.2690342873258));
#9748=CARTESIAN_POINT('Ctrl Pts',(8.75216632279087,2.51247687573932,45.2690342873258));
#9749=CARTESIAN_POINT('Ctrl Pts',(8.75537054506655,2.51339667681477,45.2690342873258));
#9750=CARTESIAN_POINT('Ctrl Pts',(8.75857555552889,2.51431675254079,45.2690342873258));
#9751=CARTESIAN_POINT('Ctrl Pts',(8.80119644687806,2.31277778946899,45.1029910892248));
#9752=CARTESIAN_POINT('Ctrl Pts',(8.80442032836043,2.31362496082045,45.1029910892248));
#9753=CARTESIAN_POINT('Ctrl Pts',(8.8076442098428,2.3144721321719,45.1029910892248));
#9754=CARTESIAN_POINT('Ctrl Pts',(8.81086809132518,2.31531930352335,45.1029910892248));
#9755=CARTESIAN_POINT('',(8.59587852876367,2.98678293800199,46.3571431487799));
#9756=CARTESIAN_POINT('Ctrl Pts',(8.80119644687806,2.31277778946899,47.6112964004278));
#9757=CARTESIAN_POINT('Ctrl Pts',(8.80442032836043,2.31362496082045,47.6112964004278));
#9758=CARTESIAN_POINT('Ctrl Pts',(8.8076442098428,2.3144721321719,47.6112964004278));
#9759=CARTESIAN_POINT('Ctrl Pts',(8.81086809132518,2.31531930352335,47.6112964004278));
#9760=CARTESIAN_POINT('Ctrl Pts',(8.74896131180698,2.51155680199803,47.4452531958817));
#9761=CARTESIAN_POINT('Ctrl Pts',(8.75216632226943,2.51247687772487,47.4452531958817));
#9762=CARTESIAN_POINT('Ctrl Pts',(8.75537054454433,2.51339667880085,47.4452531958817));
#9763=CARTESIAN_POINT('Ctrl Pts',(8.75857555500677,2.5143167545277,47.4452531958817));
#9764=CARTESIAN_POINT('Ctrl Pts',(8.62956498265333,2.89603549587127,47.1201000973504));
#9765=CARTESIAN_POINT('Ctrl Pts',(8.63272597319563,2.89709630625582,47.1201000973504));
#9766=CARTESIAN_POINT('Ctrl Pts',(8.63588703055351,2.89815714207559,47.1201000973504));
#9767=CARTESIAN_POINT('Ctrl Pts',(8.63904802109581,2.89921795246014,47.1201000973504));
#9768=CARTESIAN_POINT('Ctrl Pts',(8.60631298927507,2.95675284979974,46.6078209851587));
#9769=CARTESIAN_POINT('Ctrl Pts',(8.60946529949234,2.95783584626339,46.6078209851587));
#9770=CARTESIAN_POINT('Ctrl Pts',(8.6126181658592,2.95891903229191,46.6078209851587));
#9771=CARTESIAN_POINT('Ctrl Pts',(8.61577047607647,2.96000202875556,46.6078209851587));
#9772=CARTESIAN_POINT('Ctrl Pts',(8.59587852876367,2.98678293800199,46.3571431487799));
#9773=CARTESIAN_POINT('Ctrl Pts',(8.59902720221743,2.98787699768623,46.3571431487799));
#9774=CARTESIAN_POINT('Ctrl Pts',(8.60217587567119,2.98897105737049,46.3571431487799));
#9775=CARTESIAN_POINT('Ctrl Pts',(8.60532454912495,2.99006511705473,46.3571431487799));
#9776=CARTESIAN_POINT('',(8.80119644687806,2.31277778946899,47.6112964004278));
#9777=CARTESIAN_POINT('Ctrl Pts',(9.08919382796794,0.443345866823539,48.0780734866858));
#9778=CARTESIAN_POINT('Ctrl Pts',(9.0925232029965,0.443508264576954,48.0780734866858));
#9779=CARTESIAN_POINT('Ctrl Pts',(9.09585257802506,0.443670662330369,48.0780734866858));
#9780=CARTESIAN_POINT('Ctrl Pts',(9.09918195305362,0.443833060083784,48.0780734866858));
#9781=CARTESIAN_POINT('Ctrl Pts',(9.07148765682246,0.806346479968983,48.0666864208839));
#9782=CARTESIAN_POINT('Ctrl Pts',(9.07481070477567,0.806641874641347,48.0666864208839));
#9783=CARTESIAN_POINT('Ctrl Pts',(9.078133276624,0.806937180329553,48.0666864208839));
#9784=CARTESIAN_POINT('Ctrl Pts',(9.08145632457721,0.807232575001916,48.0666864208839));
#9785=CARTESIAN_POINT('Ctrl Pts',(8.99701506808743,1.46997404001134,48.0457967516648));
#9786=CARTESIAN_POINT('Ctrl Pts',(9.00031066823473,1.47051248933893,48.0457967516648));
#9787=CARTESIAN_POINT('Ctrl Pts',(9.00360629768528,1.47105094677168,48.0457967516648));
#9788=CARTESIAN_POINT('Ctrl Pts',(9.00690189783258,1.47158939609927,48.0457967516648));
#9789=CARTESIAN_POINT('Ctrl Pts',(8.86991363684938,2.0512768830832,47.7471495026899));
#9790=CARTESIAN_POINT('Ctrl Pts',(8.87316257216878,2.05202824662861,47.7471495026899));
#9791=CARTESIAN_POINT('Ctrl Pts',(8.87641185937268,2.05277966995875,47.7471495026899));
#9792=CARTESIAN_POINT('Ctrl Pts',(8.87966079469207,2.05353103350417,47.7471495026899));
#9793=CARTESIAN_POINT('Ctrl Pts',(8.80119644687806,2.31277778946899,47.6112964004278));
#9794=CARTESIAN_POINT('Ctrl Pts',(8.80442032836043,2.31362496082045,47.6112964004278));
#9795=CARTESIAN_POINT('Ctrl Pts',(8.8076442098428,2.3144721321719,47.6112964004278));
#9796=CARTESIAN_POINT('Ctrl Pts',(8.81086809132518,2.31531930352335,47.6112964004278));
#9797=CARTESIAN_POINT('',(9.08919382796794,0.443345866823539,48.0780734866858));
#9798=CARTESIAN_POINT('Ctrl Pts',(8.98894379910316,-1.4173529470689,47.607974037528));
#9799=CARTESIAN_POINT('Ctrl Pts',(8.99223645250942,-1.41787212397259,47.607974037528));
#9800=CARTESIAN_POINT('Ctrl Pts',(8.99552910591569,-1.41839130087628,47.607974037528));
#9801=CARTESIAN_POINT('Ctrl Pts',(8.99882175932195,-1.41891047777997,47.607974037528));
#9802=CARTESIAN_POINT('Ctrl Pts',(9.03053846276349,-1.15355690758662,47.7448199419568));
#9803=CARTESIAN_POINT('Ctrl Pts',(9.0338462325403,-1.15397944769783,47.7448199419568));
#9804=CARTESIAN_POINT('Ctrl Pts',(9.03715436162708,-1.1544020124288,47.7448199419568));
#9805=CARTESIAN_POINT('Ctrl Pts',(9.04046213140389,-1.15482455254001,47.7448199419568));
#9806=CARTESIAN_POINT('Ctrl Pts',(9.09783335655019,-0.572478329975737,48.0442442027533));
#9807=CARTESIAN_POINT('Ctrl Pts',(9.10116588657753,-0.572688027301178,48.0442442027533));
#9808=CARTESIAN_POINT('Ctrl Pts',(9.10449844559599,-0.572897729716204,48.0442442027533));
#9809=CARTESIAN_POINT('Ctrl Pts',(9.10783097562332,-0.573107427041645,48.0442442027533));
#9810=CARTESIAN_POINT('Ctrl Pts',(9.10660018772576,0.086491795279565,48.066168988368));
#9811=CARTESIAN_POINT('Ctrl Pts',(9.10993609897737,0.0865234636160059,48.066168988368));
#9812=CARTESIAN_POINT('Ctrl Pts',(9.11327152942769,0.0865551728720027,48.066168988368));
#9813=CARTESIAN_POINT('Ctrl Pts',(9.11660744067931,0.0865868412084436,48.066168988368));
#9814=CARTESIAN_POINT('Ctrl Pts',(9.08919382796794,0.443345866823539,48.0780734866858));
#9815=CARTESIAN_POINT('Ctrl Pts',(9.0925232029965,0.443508264576954,48.0780734866858));
#9816=CARTESIAN_POINT('Ctrl Pts',(9.09585257802506,0.443670662330369,48.0780734866858));
#9817=CARTESIAN_POINT('Ctrl Pts',(9.09918195305362,0.443833060083784,48.0780734866858));
#9818=CARTESIAN_POINT('',(8.98894379910316,-1.4173529470689,47.607974037528));
#9819=CARTESIAN_POINT('Ctrl Pts',(8.85349429588146,-2.10372021732797,46.3571431487799));
#9820=CARTESIAN_POINT('Ctrl Pts',(8.85673733408508,-2.10449081081417,46.3571431487799));
#9821=CARTESIAN_POINT('Ctrl Pts',(8.8599803722887,-2.10526140430037,46.3571431487799));
#9822=CARTESIAN_POINT('Ctrl Pts',(8.86322341049232,-2.10603199778657,46.3571431487799));
#9823=CARTESIAN_POINT('Ctrl Pts',(8.86083381168687,-2.07283190775976,46.6061510070584));
#9824=CARTESIAN_POINT('Ctrl Pts',(8.86407935145443,-2.07359114358517,46.6061510070584));
#9825=CARTESIAN_POINT('Ctrl Pts',(8.86732545193216,-2.07435050919562,46.6061510070584));
#9826=CARTESIAN_POINT('Ctrl Pts',(8.87057099169972,-2.07510974502103,46.6061510070584));
#9827=CARTESIAN_POINT('Ctrl Pts',(8.87779936386545,-2.01004529305243,47.1158852873756));
#9828=CARTESIAN_POINT('Ctrl Pts',(8.88105128222592,-2.01078156726554,47.1158852873756));
#9829=CARTESIAN_POINT('Ctrl Pts',(8.88430326898176,-2.0115178598207,47.1158852873756));
#9830=CARTESIAN_POINT('Ctrl Pts',(8.88755518734223,-2.01225413403381,47.1158852873756));
#9831=CARTESIAN_POINT('Ctrl Pts',(8.95715926899668,-1.61893248687152,47.4414495947364));
#9832=CARTESIAN_POINT('Ctrl Pts',(8.96044054589267,-1.61952556593299,47.4414495947364));
#9833=CARTESIAN_POINT('Ctrl Pts',(8.96372102426442,-1.62011845449891,47.4414495947364));
#9834=CARTESIAN_POINT('Ctrl Pts',(8.96700230116041,-1.62071153356039,47.4414495947364));
#9835=CARTESIAN_POINT('Ctrl Pts',(8.98894379910316,-1.4173529470689,47.607974037528));
#9836=CARTESIAN_POINT('Ctrl Pts',(8.99223645250942,-1.41787212397259,47.607974037528));
#9837=CARTESIAN_POINT('Ctrl Pts',(8.99552910591569,-1.41839130087628,47.607974037528));
#9838=CARTESIAN_POINT('Ctrl Pts',(8.99882175932195,-1.41891047777997,47.607974037528));
#9839=CARTESIAN_POINT('',(8.85349429588146,-2.10372021732797,46.3571431487799));
#9840=CARTESIAN_POINT('Ctrl Pts',(8.98894379910316,-1.4173529470689,45.1046516746283));
#9841=CARTESIAN_POINT('Ctrl Pts',(8.99223645250942,-1.41787212397259,45.1046516746283));
#9842=CARTESIAN_POINT('Ctrl Pts',(8.99552910591569,-1.41839130087628,45.1046516746283));
#9843=CARTESIAN_POINT('Ctrl Pts',(8.99882175932195,-1.41891047777997,45.1046516746283));
#9844=CARTESIAN_POINT('Ctrl Pts',(8.9571586080437,-1.61893667867794,45.2710414068777));
#9845=CARTESIAN_POINT('Ctrl Pts',(8.96043988530132,-1.61952975941499,45.2710414068777));
#9846=CARTESIAN_POINT('Ctrl Pts',(8.9637203622235,-1.62012264923614,45.2710414068777));
#9847=CARTESIAN_POINT('Ctrl Pts',(8.96700163948111,-1.62071572997319,45.2710414068777));
#9848=CARTESIAN_POINT('Ctrl Pts',(8.87766778147829,-2.01066306228423,45.5968470670996));
#9849=CARTESIAN_POINT('Ctrl Pts',(8.88091965174664,-2.01139956280577,45.5968470670996));
#9850=CARTESIAN_POINT('Ctrl Pts',(8.8841715900907,-2.01213608161136,45.5968470670996));
#9851=CARTESIAN_POINT('Ctrl Pts',(8.88742346035904,-2.0128725821329,45.5968470670996));
#9852=CARTESIAN_POINT('Ctrl Pts',(8.86079383652996,-2.07300014297505,46.1073535509058));
#9853=CARTESIAN_POINT('Ctrl Pts',(8.86403936049497,-2.07375944016485,46.1073535509058));
#9854=CARTESIAN_POINT('Ctrl Pts',(8.86728544864905,-2.07451886792039,46.1073535509058));
#9855=CARTESIAN_POINT('Ctrl Pts',(8.87053097261406,-2.07527816511019,46.1073535509058));
#9856=CARTESIAN_POINT('Ctrl Pts',(8.85349429588146,-2.10372021732797,46.3571431487799));
#9857=CARTESIAN_POINT('Ctrl Pts',(8.85673733408508,-2.10449081081417,46.3571431487799));
#9858=CARTESIAN_POINT('Ctrl Pts',(8.8599803722887,-2.10526140430037,46.3571431487799));
#9859=CARTESIAN_POINT('Ctrl Pts',(8.86322341049232,-2.10603199778657,46.3571431487799));
#9860=CARTESIAN_POINT('Ctrl Pts',(9.08845320673649,0.458277545774681,47.3837210983038));
#9861=CARTESIAN_POINT('Ctrl Pts',(9.09178231047522,0.458445413007566,47.3837210983038));
#9862=CARTESIAN_POINT('Ctrl Pts',(9.09511141421395,0.45861328024045,47.3837210983038));
#9863=CARTESIAN_POINT('Ctrl Pts',(9.09844051795268,0.458781147473335,47.3837210983038));
#9864=CARTESIAN_POINT('Ctrl Pts',(9.10515419070624,0.127067534036054,47.3811581250126));
#9865=CARTESIAN_POINT('Ctrl Pts',(9.10848947430291,0.12711407425812,47.3811581250126));
#9866=CARTESIAN_POINT('Ctrl Pts',(9.11182457105541,0.127160628466775,47.3811581250126));
#9867=CARTESIAN_POINT('Ctrl Pts',(9.11515985465207,0.127207168688841,47.3811581250126));
#9868=CARTESIAN_POINT('Ctrl Pts',(9.10191776785484,-0.450404345677308,47.3767014545874));
#9869=CARTESIAN_POINT('Ctrl Pts',(9.1052517989276,-0.450569328432713,47.3767014545874));
#9870=CARTESIAN_POINT('Ctrl Pts',(9.10858584421927,-0.450734312752319,47.3767014545874));
#9871=CARTESIAN_POINT('Ctrl Pts',(9.11191987529204,-0.450899295507723,47.3767014545874));
#9872=CARTESIAN_POINT('Ctrl Pts',(9.04828861161044,-0.996355573850248,47.2018065677126));
#9873=CARTESIAN_POINT('Ctrl Pts',(9.05160296431002,-0.996720536782043,47.2018065677126));
#9874=CARTESIAN_POINT('Ctrl Pts',(9.05491743320933,-0.997085507153453,47.2018065677126));
#9875=CARTESIAN_POINT('Ctrl Pts',(9.05823178590891,-0.997450470085248,47.2018065677126));
#9876=CARTESIAN_POINT('Ctrl Pts',(9.01687918690529,-1.22714698742821,47.1274914592505));
#9877=CARTESIAN_POINT('Ctrl Pts',(9.02018207305434,-1.22759649181921,47.1274914592505));
#9878=CARTESIAN_POINT('Ctrl Pts',(9.02348495920339,-1.22804599621021,47.1274914592505));
#9879=CARTESIAN_POINT('Ctrl Pts',(9.02678784535244,-1.22849550060121,47.1274914592505));
#9880=CARTESIAN_POINT('',(9.08845320673649,0.458277545774681,47.3837210983038));
#9881=CARTESIAN_POINT('',(9.01687918690529,-1.22714698742821,47.1274914592505));
#9882=CARTESIAN_POINT('Ctrl Pts',(9.08845320673649,0.458277545774681,47.3837210983038));
#9883=CARTESIAN_POINT('Ctrl Pts',(9.10515419070624,0.127067534036054,47.3811581250126));
#9884=CARTESIAN_POINT('Ctrl Pts',(9.10191776785484,-0.450404345677308,47.3767014545874));
#9885=CARTESIAN_POINT('Ctrl Pts',(9.04828861161044,-0.996355573850248,47.2018065677126));
#9886=CARTESIAN_POINT('Ctrl Pts',(9.01687918690529,-1.22714698742821,47.1274914592505));
#9887=CARTESIAN_POINT('',(9.08845320673649,0.458277545774681,47.3837210983038));
#9888=CARTESIAN_POINT('',(9.01687918690529,-1.22714698742821,47.1274914592505));
#9889=CARTESIAN_POINT('Ctrl Pts',(8.85272585548267,2.10695157221723,47.115837559104));
#9890=CARTESIAN_POINT('Ctrl Pts',(8.85596861220629,2.10772334934991,47.115837559104));
#9891=CARTESIAN_POINT('Ctrl Pts',(8.85921136892991,2.10849512648259,47.115837559104));
#9892=CARTESIAN_POINT('Ctrl Pts',(8.86245412565353,2.10926690361527,47.115837559104));
#9893=CARTESIAN_POINT('Ctrl Pts',(8.90715915238343,1.87824054666412,47.1936376380655));
#9894=CARTESIAN_POINT('Ctrl Pts',(8.91042180730116,1.87892854031492,47.1936376380655));
#9895=CARTESIAN_POINT('Ctrl Pts',(8.91368458444634,1.87961655361404,47.1936376380655));
#9896=CARTESIAN_POINT('Ctrl Pts',(8.91694723936407,1.88030454726485,47.1936376380655));
#9897=CARTESIAN_POINT('Ctrl Pts',(9.01247808963021,1.34785439131779,47.3724412740433));
#9898=CARTESIAN_POINT('Ctrl Pts',(9.01577935915122,1.34834810988114,47.3724412740433));
#9899=CARTESIAN_POINT('Ctrl Pts',(9.01908064218572,1.34884183142622,47.3724412740433));
#9900=CARTESIAN_POINT('Ctrl Pts',(9.02238191170673,1.34933554998957,47.3724412740433));
#9901=CARTESIAN_POINT('Ctrl Pts',(9.07223120510576,0.779988491684693,47.3796493574717));
#9902=CARTESIAN_POINT('Ctrl Pts',(9.07555442846191,0.780274212451198,47.3796493574717));
#9903=CARTESIAN_POINT('Ctrl Pts',(9.07887746659038,0.78055990112883,47.3796493574717));
#9904=CARTESIAN_POINT('Ctrl Pts',(9.08220068994653,0.780845621895336,47.3796493574717));
#9905=CARTESIAN_POINT('Ctrl Pts',(9.08845320673649,0.458277545774681,47.3837210983038));
#9906=CARTESIAN_POINT('Ctrl Pts',(9.09178231047522,0.458445413007566,47.3837210983038));
#9907=CARTESIAN_POINT('Ctrl Pts',(9.09511141421395,0.45861328024045,47.3837210983038));
#9908=CARTESIAN_POINT('Ctrl Pts',(9.09844051795268,0.458781147473335,47.3837210983038));
#9909=CARTESIAN_POINT('',(8.85272585548267,2.10695157221723,47.115837559104));
#9910=CARTESIAN_POINT('Ctrl Pts',(8.85272585548267,2.10695157221723,47.115837559104));
#9911=CARTESIAN_POINT('Ctrl Pts',(8.90715915238343,1.87824054666412,47.1936376380655));
#9912=CARTESIAN_POINT('Ctrl Pts',(9.01247808963021,1.34785439131779,47.3724412740433));
#9913=CARTESIAN_POINT('Ctrl Pts',(9.07223120510576,0.779988491684693,47.3796493574717));
#9914=CARTESIAN_POINT('Ctrl Pts',(9.08845320673649,0.458277545774681,47.3837210983038));
#9915=CARTESIAN_POINT('',(8.85272585548267,2.10695157221723,47.115837559104));
#9916=CARTESIAN_POINT('Ctrl Pts',(8.69819311075643,2.67421700839504,46.3588049262762));
#9917=CARTESIAN_POINT('Ctrl Pts',(8.70137926207906,2.67519657506478,46.3588049262762));
#9918=CARTESIAN_POINT('Ctrl Pts',(8.70456541340168,2.67617614173452,46.3588049262762));
#9919=CARTESIAN_POINT('Ctrl Pts',(8.7077515647243,2.67715570840426,46.3588049262762));
#9920=CARTESIAN_POINT('Ctrl Pts',(8.70762668801482,2.64353323199954,46.5158057398096));
#9921=CARTESIAN_POINT('Ctrl Pts',(8.71081619440918,2.64450152867606,46.5158057398096));
#9922=CARTESIAN_POINT('Ctrl Pts',(8.71400600215673,2.64546991689664,46.5158057398096));
#9923=CARTESIAN_POINT('Ctrl Pts',(8.71719550855109,2.64643821357316,46.5158057398096));
#9924=CARTESIAN_POINT('Ctrl Pts',(8.72926828519614,2.57650658990627,46.8602132380629));
#9925=CARTESIAN_POINT('Ctrl Pts',(8.73246580173653,2.57745035953074,46.8602132380629));
#9926=CARTESIAN_POINT('Ctrl Pts',(8.73566337116696,2.57839414620477,46.8602132380629));
#9927=CARTESIAN_POINT('Ctrl Pts',(8.73886088770734,2.57933791582924,46.8602132380629));
#9928=CARTESIAN_POINT('Ctrl Pts',(8.81311221383624,2.27339522201795,47.0257577754617));
#9929=CARTESIAN_POINT('Ctrl Pts',(8.81634062793935,2.27422801932405,47.0257577754617));
#9930=CARTESIAN_POINT('Ctrl Pts',(8.81956853842964,2.27506066121955,47.0257577754617));
#9931=CARTESIAN_POINT('Ctrl Pts',(8.82279695253276,2.27589345852566,47.0257577754617));
#9932=CARTESIAN_POINT('Ctrl Pts',(8.85272585548267,2.10695157221723,47.115837559104));
#9933=CARTESIAN_POINT('Ctrl Pts',(8.85596861220629,2.10772334934991,47.115837559104));
#9934=CARTESIAN_POINT('Ctrl Pts',(8.85921136892991,2.10849512648259,47.115837559104));
#9935=CARTESIAN_POINT('Ctrl Pts',(8.86245412565353,2.10926690361527,47.115837559104));
#9936=CARTESIAN_POINT('',(8.69819311075643,2.67421700839504,46.3588049262762));
#9937=CARTESIAN_POINT('Ctrl Pts',(8.69819311075643,2.67421700839504,46.3588049262762));
#9938=CARTESIAN_POINT('Ctrl Pts',(8.70762668801482,2.64353323199954,46.5158057398096));
#9939=CARTESIAN_POINT('Ctrl Pts',(8.72926828519614,2.57650658990627,46.8602132380629));
#9940=CARTESIAN_POINT('Ctrl Pts',(8.81311221383624,2.27339522201795,47.0257577754617));
#9941=CARTESIAN_POINT('Ctrl Pts',(8.85272585548267,2.10695157221723,47.115837559104));
#9942=CARTESIAN_POINT('',(8.69819311075643,2.67421700839504,46.3588049262762));
#9943=CARTESIAN_POINT('Ctrl Pts',(8.85272585548267,2.10695157221723,45.5984487384558));
#9944=CARTESIAN_POINT('Ctrl Pts',(8.85596861220629,2.10772334934991,45.5984487384558));
#9945=CARTESIAN_POINT('Ctrl Pts',(8.85921136892991,2.10849512648259,45.5984487384558));
#9946=CARTESIAN_POINT('Ctrl Pts',(8.86245412565353,2.10926690361527,45.5984487384558));
#9947=CARTESIAN_POINT('Ctrl Pts',(8.81310746527653,2.2734151739228,45.6888451936509));
#9948=CARTESIAN_POINT('Ctrl Pts',(8.81633587816778,2.27424797869959,45.6888451936509));
#9949=CARTESIAN_POINT('Ctrl Pts',(8.81956378586361,2.27508062757889,45.6888451936509));
#9950=CARTESIAN_POINT('Ctrl Pts',(8.82279219875486,2.27591343235568,45.6888451936509));
#9951=CARTESIAN_POINT('Ctrl Pts',(8.72908452519663,2.57714877271715,45.8552937921454));
#9952=CARTESIAN_POINT('Ctrl Pts',(8.73228197444505,2.57809277757406,45.8552937921454));
#9953=CARTESIAN_POINT('Ctrl Pts',(8.73547947652536,2.57903679947861,45.8552937921454));
#9954=CARTESIAN_POINT('Ctrl Pts',(8.73867692577377,2.57998080433552,45.8552937921454));
#9955=CARTESIAN_POINT('Ctrl Pts',(8.70758008908015,2.64368480030204,46.2008957147725));
#9956=CARTESIAN_POINT('Ctrl Pts',(8.71076957757291,2.64465315225103,46.2008957147725));
#9957=CARTESIAN_POINT('Ctrl Pts',(8.71395936991605,2.64562159648525,46.2008957147725));
#9958=CARTESIAN_POINT('Ctrl Pts',(8.71714885840881,2.64658994843424,46.2008957147725));
#9959=CARTESIAN_POINT('Ctrl Pts',(8.69819311075643,2.67421700839504,46.3588049262762));
#9960=CARTESIAN_POINT('Ctrl Pts',(8.70137926207906,2.67519657506478,46.3588049262762));
#9961=CARTESIAN_POINT('Ctrl Pts',(8.70456541340168,2.67617614173452,46.3588049262762));
#9962=CARTESIAN_POINT('Ctrl Pts',(8.7077515647243,2.67715570840426,46.3588049262762));
#9963=CARTESIAN_POINT('',(8.85272585548267,2.10695157221723,45.5984487384558));
#9964=CARTESIAN_POINT('Ctrl Pts',(8.85272585548267,2.10695157221723,45.5984487384558));
#9965=CARTESIAN_POINT('Ctrl Pts',(8.81310746527653,2.2734151739228,45.6888451936509));
#9966=CARTESIAN_POINT('Ctrl Pts',(8.72908452519663,2.57714877271715,45.8552937921454));
#9967=CARTESIAN_POINT('Ctrl Pts',(8.70758008908015,2.64368480030204,46.2008957147725));
#9968=CARTESIAN_POINT('Ctrl Pts',(8.69819311075643,2.67421700839504,46.3588049262762));
#9969=CARTESIAN_POINT('',(8.85272585548267,2.10695157221723,45.5984487384558));
#9970=CARTESIAN_POINT('Ctrl Pts',(9.08845320673649,0.458277545774681,45.3305651992559));
#9971=CARTESIAN_POINT('Ctrl Pts',(9.09178231047522,0.458445413007566,45.3305651992559));
#9972=CARTESIAN_POINT('Ctrl Pts',(9.09511141421395,0.45861328024045,45.3305651992559));
#9973=CARTESIAN_POINT('Ctrl Pts',(9.09844051795268,0.458781147473335,45.3305651992559));
#9974=CARTESIAN_POINT('Ctrl Pts',(9.07223120510576,0.779988491684694,45.3346369400881));
#9975=CARTESIAN_POINT('Ctrl Pts',(9.07555442846191,0.780274212451199,45.3346369400881));
#9976=CARTESIAN_POINT('Ctrl Pts',(9.07887746659038,0.780559901128831,45.3346369400881));
#9977=CARTESIAN_POINT('Ctrl Pts',(9.08220068994653,0.780845621895336,45.3346369400881));
#9978=CARTESIAN_POINT('Ctrl Pts',(9.01247809123494,1.34785439166943,45.3418450235165));
#9979=CARTESIAN_POINT('Ctrl Pts',(9.01577936075595,1.34834811023278,45.3418450235165));
#9980=CARTESIAN_POINT('Ctrl Pts',(9.01908064379222,1.34884183177824,45.3418450235165));
#9981=CARTESIAN_POINT('Ctrl Pts',(9.02238191331322,1.34933555034159,45.3418450235165));
#9982=CARTESIAN_POINT('Ctrl Pts',(8.90715915238343,1.87824054666412,45.5206486594942));
#9983=CARTESIAN_POINT('Ctrl Pts',(8.91042180730116,1.87892854031492,45.5206486594942));
#9984=CARTESIAN_POINT('Ctrl Pts',(8.91368458444634,1.87961655361404,45.5206486594942));
#9985=CARTESIAN_POINT('Ctrl Pts',(8.91694723936407,1.88030454726485,45.5206486594942));
#9986=CARTESIAN_POINT('Ctrl Pts',(8.85272585548267,2.10695157221723,45.5984487384558));
#9987=CARTESIAN_POINT('Ctrl Pts',(8.85596861220629,2.10772334934991,45.5984487384558));
#9988=CARTESIAN_POINT('Ctrl Pts',(8.85921136892991,2.10849512648259,45.5984487384558));
#9989=CARTESIAN_POINT('Ctrl Pts',(8.86245412565353,2.10926690361527,45.5984487384558));
#9990=CARTESIAN_POINT('',(9.08845320673649,0.458277545774681,45.3305651992559));
#9991=CARTESIAN_POINT('Ctrl Pts',(9.08845320673649,0.458277545774681,45.3305651992559));
#9992=CARTESIAN_POINT('Ctrl Pts',(9.07223120510576,0.779988491684694,45.3346369400881));
#9993=CARTESIAN_POINT('Ctrl Pts',(9.01247809123494,1.34785439166943,45.3418450235165));
#9994=CARTESIAN_POINT('Ctrl Pts',(8.90715915238343,1.87824054666412,45.5206486594942));
#9995=CARTESIAN_POINT('Ctrl Pts',(8.85272585548267,2.10695157221723,45.5984487384558));
#9996=CARTESIAN_POINT('',(9.08845320673649,0.458277545774681,45.3305651992559));
#9997=CARTESIAN_POINT('Ctrl Pts',(9.01687918690529,-1.22714698742821,45.5867948383093));
#9998=CARTESIAN_POINT('Ctrl Pts',(9.02018207305434,-1.22759649181921,45.5867948383093));
#9999=CARTESIAN_POINT('Ctrl Pts',(9.02348495920339,-1.22804599621021,45.5867948383093));
#10000=CARTESIAN_POINT('Ctrl Pts',(9.02678784535244,-1.22849550060121,45.5867948383093));
#10001=CARTESIAN_POINT('Ctrl Pts',(9.04828861161044,-0.996355573850247,
45.5124797298472));
#10002=CARTESIAN_POINT('Ctrl Pts',(9.05160296431002,-0.996720536782042,
45.5124797298472));
#10003=CARTESIAN_POINT('Ctrl Pts',(9.05491743320933,-0.997085507153452,
45.5124797298472));
#10004=CARTESIAN_POINT('Ctrl Pts',(9.05823178590891,-0.997450470085247,
45.5124797298472));
#10005=CARTESIAN_POINT('Ctrl Pts',(9.10191776972747,-0.450404345883021,
45.3375848429723));
#10006=CARTESIAN_POINT('Ctrl Pts',(9.10525180080023,-0.450569328638425,
45.3375848429723));
#10007=CARTESIAN_POINT('Ctrl Pts',(9.10858584609396,-0.450734312958257,
45.3375848429723));
#10008=CARTESIAN_POINT('Ctrl Pts',(9.11191987716672,-0.450899295713661,
45.3375848429723));
#10009=CARTESIAN_POINT('Ctrl Pts',(9.10515419070624,0.127067534036054,45.3331281725471));
#10010=CARTESIAN_POINT('Ctrl Pts',(9.10848947430291,0.12711407425812,45.3331281725471));
#10011=CARTESIAN_POINT('Ctrl Pts',(9.11182457105541,0.127160628466775,45.3331281725471));
#10012=CARTESIAN_POINT('Ctrl Pts',(9.11515985465207,0.127207168688841,45.3331281725471));
#10013=CARTESIAN_POINT('Ctrl Pts',(9.08845320673649,0.458277545774681,45.3305651992559));
#10014=CARTESIAN_POINT('Ctrl Pts',(9.09178231047522,0.458445413007566,45.3305651992559));
#10015=CARTESIAN_POINT('Ctrl Pts',(9.09511141421395,0.45861328024045,45.3305651992559));
#10016=CARTESIAN_POINT('Ctrl Pts',(9.09844051795268,0.458781147473335,45.3305651992559));
#10017=CARTESIAN_POINT('',(9.01687918690529,-1.22714698742821,45.5867948383093));
#10018=CARTESIAN_POINT('Ctrl Pts',(9.01687918690529,-1.22714698742821,45.5867948383093));
#10019=CARTESIAN_POINT('Ctrl Pts',(9.04828861161044,-0.996355573850247,
45.5124797298472));
#10020=CARTESIAN_POINT('Ctrl Pts',(9.10191776972747,-0.450404345883021,
45.3375848429723));
#10021=CARTESIAN_POINT('Ctrl Pts',(9.10515419070624,0.127067534036054,45.3331281725471));
#10022=CARTESIAN_POINT('Ctrl Pts',(9.08845320673649,0.458277545774681,45.3305651992559));
#10023=CARTESIAN_POINT('',(9.01687918690529,-1.22714698742821,45.5867948383093));
#10024=CARTESIAN_POINT('Ctrl Pts',(8.92373088795682,-1.78242167831445,46.3588049262762));
#10025=CARTESIAN_POINT('Ctrl Pts',(8.92699965384985,-1.78307458002812,46.3588049262762));
#10026=CARTESIAN_POINT('Ctrl Pts',(8.93026841974287,-1.78372748174179,46.3588049262762));
#10027=CARTESIAN_POINT('Ctrl Pts',(8.9335371856359,-1.78438038345546,46.3588049262762));
#10028=CARTESIAN_POINT('Ctrl Pts',(8.92930563622705,-1.7545115861422,46.195554944805));
#10029=CARTESIAN_POINT('Ctrl Pts',(8.93257633782092,-1.75515424357316,46.195554944805));
#10030=CARTESIAN_POINT('Ctrl Pts',(8.93584735840925,-1.75579696342129,46.195554944805));
#10031=CARTESIAN_POINT('Ctrl Pts',(8.93911806000312,-1.75643962085225,46.195554944805));
#10032=CARTESIAN_POINT('Ctrl Pts',(8.94220359828571,-1.69545712378909,45.848942545963));
#10033=CARTESIAN_POINT('Ctrl Pts',(8.94547911465261,-1.69607816685171,45.848942545963));
#10034=CARTESIAN_POINT('Ctrl Pts',(8.94875467927956,-1.69669922042294,45.848942545963));
#10035=CARTESIAN_POINT('Ctrl Pts',(8.95203019564646,-1.69732026348556,45.848942545963));
#10036=CARTESIAN_POINT('Ctrl Pts',(8.99475324947504,-1.3897248259019,45.67749355816));
#10037=CARTESIAN_POINT('Ctrl Pts',(8.99804819600079,-1.39023391575463,45.67749355816));
#10038=CARTESIAN_POINT('Ctrl Pts',(9.00134264717949,-1.39074290618753,45.67749355816));
#10039=CARTESIAN_POINT('Ctrl Pts',(9.00463759370524,-1.39125199604026,45.67749355816));
#10040=CARTESIAN_POINT('Ctrl Pts',(9.01687918690529,-1.22714698742821,45.5867948383093));
#10041=CARTESIAN_POINT('Ctrl Pts',(9.02018207305434,-1.22759649181921,45.5867948383093));
#10042=CARTESIAN_POINT('Ctrl Pts',(9.02348495920339,-1.22804599621021,45.5867948383093));
#10043=CARTESIAN_POINT('Ctrl Pts',(9.02678784535244,-1.22849550060121,45.5867948383093));
#10044=CARTESIAN_POINT('',(8.92373088795682,-1.78242167831445,46.3588049262762));
#10045=CARTESIAN_POINT('Ctrl Pts',(8.92373088795682,-1.78242167831445,46.3588049262762));
#10046=CARTESIAN_POINT('Ctrl Pts',(8.92930563622705,-1.7545115861422,46.195554944805));
#10047=CARTESIAN_POINT('Ctrl Pts',(8.94220359828571,-1.69545712378909,45.848942545963));
#10048=CARTESIAN_POINT('Ctrl Pts',(8.99475324947504,-1.3897248259019,45.67749355816));
#10049=CARTESIAN_POINT('Ctrl Pts',(9.01687918690529,-1.22714698742821,45.5867948383093));
#10050=CARTESIAN_POINT('',(8.92373088795682,-1.78242167831445,46.3588049262762));
#10051=CARTESIAN_POINT('Ctrl Pts',(9.01687918690529,-1.22714698742821,47.1274914592505));
#10052=CARTESIAN_POINT('Ctrl Pts',(9.02018207305434,-1.22759649181921,47.1274914592505));
#10053=CARTESIAN_POINT('Ctrl Pts',(9.02348495920339,-1.22804599621021,47.1274914592505));
#10054=CARTESIAN_POINT('Ctrl Pts',(9.02678784535244,-1.22849550060121,47.1274914592505));
#10055=CARTESIAN_POINT('Ctrl Pts',(8.99475492335247,-1.38971252651911,47.0371101743769));
#10056=CARTESIAN_POINT('Ctrl Pts',(8.99804987000298,-1.39022161176987,47.0371101743769));
#10057=CARTESIAN_POINT('Ctrl Pts',(9.00134432277158,-1.39073059789089,47.0371101743769));
#10058=CARTESIAN_POINT('Ctrl Pts',(9.00463926942209,-1.39123968314165,47.0371101743769));
#10059=CARTESIAN_POINT('Ctrl Pts',(8.94231602692398,-1.69483343122036,46.8665905741789));
#10060=CARTESIAN_POINT('Ctrl Pts',(8.94559158442163,-1.69545424581809,46.8665905741789));
#10061=CARTESIAN_POINT('Ctrl Pts',(8.94886719033504,-1.69607507094266,46.8665905741789));
#10062=CARTESIAN_POINT('Ctrl Pts',(8.95214274783269,-1.69669588554039,46.8665905741789));
#10063=CARTESIAN_POINT('Ctrl Pts',(8.92933709303553,-1.75435409698185,46.5211500342855));
#10064=CARTESIAN_POINT('Ctrl Pts',(8.9326078069972,-1.75499669688474,46.5211500342855));
#10065=CARTESIAN_POINT('Ctrl Pts',(8.93587883741786,-1.75563935872399,46.5211500342855));
#10066=CARTESIAN_POINT('Ctrl Pts',(8.93914955137953,-1.75628195862688,46.5211500342855));
#10067=CARTESIAN_POINT('Ctrl Pts',(8.92373088795682,-1.78242167831445,46.3588049262762));
#10068=CARTESIAN_POINT('Ctrl Pts',(8.92699965384985,-1.78307458002812,46.3588049262762));
#10069=CARTESIAN_POINT('Ctrl Pts',(8.93026841974287,-1.78372748174179,46.3588049262762));
#10070=CARTESIAN_POINT('Ctrl Pts',(8.9335371856359,-1.78438038345546,46.3588049262762));
#10071=CARTESIAN_POINT('Ctrl Pts',(9.01687918690529,-1.22714698742821,47.1274914592505));
#10072=CARTESIAN_POINT('Ctrl Pts',(8.99475492335247,-1.38971252651911,47.0371101743769));
#10073=CARTESIAN_POINT('Ctrl Pts',(8.94231602692398,-1.69483343122036,46.8665905741789));
#10074=CARTESIAN_POINT('Ctrl Pts',(8.92933709303553,-1.75435409698185,46.5211500342855));
#10075=CARTESIAN_POINT('Ctrl Pts',(8.92373088795682,-1.78242167831445,46.3588049262762));
#10076=CARTESIAN_POINT('Origin',(0.,0.,0.));
#10077=CARTESIAN_POINT('Origin',(0.,0.,0.));
#10078=CARTESIAN_POINT('',(-7.2,-8.81745695386094E-16,64.8));
#10079=CARTESIAN_POINT('Origin',(0.,0.,64.8));
#10080=CARTESIAN_POINT('',(-7.2,-8.81745695386094E-16,0.));
#10081=CARTESIAN_POINT('',(-7.2,-8.81745695386094E-16,0.));
#10082=CARTESIAN_POINT('Origin',(0.,0.,0.));
#10083=CARTESIAN_POINT('Origin',(0.,0.,0.));
#10084=CARTESIAN_POINT('Origin',(0.,0.,64.8));
#10085=CARTESIAN_POINT('Origin',(0.,0.,0.));
#10086=UNCERTAINTY_MEASURE_WITH_UNIT(LENGTH_MEASURE(0.01),#10090,
'DISTANCE_ACCURACY_VALUE',
'Maximum model space distance between geometric entities at asserted c
onnectivities');
#10087=UNCERTAINTY_MEASURE_WITH_UNIT(LENGTH_MEASURE(0.01),#10090,
'DISTANCE_ACCURACY_VALUE',
'Maximum model space distance between geometric entities at asserted c
onnectivities');
#10088=(
GEOMETRIC_REPRESENTATION_CONTEXT(3)
GLOBAL_UNCERTAINTY_ASSIGNED_CONTEXT((#10086))
GLOBAL_UNIT_ASSIGNED_CONTEXT((#10090,#10092,#10093))
REPRESENTATION_CONTEXT('','3D')
);
#10089=(
GEOMETRIC_REPRESENTATION_CONTEXT(3)
GLOBAL_UNCERTAINTY_ASSIGNED_CONTEXT((#10087))
GLOBAL_UNIT_ASSIGNED_CONTEXT((#10090,#10092,#10093))
REPRESENTATION_CONTEXT('','3D')
);
#10090=(
LENGTH_UNIT()
NAMED_UNIT(*)
SI_UNIT(.MILLI.,.METRE.)
);
#10091=(
LENGTH_UNIT()
NAMED_UNIT(*)
SI_UNIT($,.METRE.)
);
#10092=(
NAMED_UNIT(*)
PLANE_ANGLE_UNIT()
SI_UNIT($,.RADIAN.)
);
#10093=(
NAMED_UNIT(*)
SI_UNIT($,.STERADIAN.)
SOLID_ANGLE_UNIT()
);
#10094=SHAPE_DEFINITION_REPRESENTATION(#10095,#10096);
#10095=PRODUCT_DEFINITION_SHAPE('',$,#10098);
#10096=SHAPE_REPRESENTATION('',(#4629),#10088);
#10097=PRODUCT_DEFINITION_CONTEXT('part definition',#10102,'design');
#10098=PRODUCT_DEFINITION('2400mah li-ion cell',
'2400mah li-ion cell v1',#10099,#10097);
#10099=PRODUCT_DEFINITION_FORMATION('',$,#10104);
#10100=PRODUCT_RELATED_PRODUCT_CATEGORY('2400mah li-ion cell v1',
'2400mah li-ion cell v1',(#10104));
#10101=APPLICATION_PROTOCOL_DEFINITION('international standard',
'automotive_design',2009,#10102);
#10102=APPLICATION_CONTEXT(
'Core Data for Automotive Mechanical Design Process');
#10103=PRODUCT_CONTEXT('part definition',#10102,'mechanical');
#10104=PRODUCT('2400mah li-ion cell','2400mah li-ion cell v1',$,(#10103));
#10105=PRESENTATION_STYLE_ASSIGNMENT((#10109));
#10106=PRESENTATION_STYLE_ASSIGNMENT((#10110));
#10107=PRESENTATION_STYLE_ASSIGNMENT((#10111));
#10108=PRESENTATION_STYLE_ASSIGNMENT((#10112));
#10109=SURFACE_STYLE_USAGE(.BOTH.,#10113);
#10110=SURFACE_STYLE_USAGE(.BOTH.,#10114);
#10111=SURFACE_STYLE_USAGE(.BOTH.,#10115);
#10112=SURFACE_STYLE_USAGE(.BOTH.,#10116);
#10113=SURFACE_SIDE_STYLE('',(#10117));
#10114=SURFACE_SIDE_STYLE('',(#10118));
#10115=SURFACE_SIDE_STYLE('',(#10119));
#10116=SURFACE_SIDE_STYLE('',(#10120));
#10117=SURFACE_STYLE_FILL_AREA(#10121);
#10118=SURFACE_STYLE_FILL_AREA(#10122);
#10119=SURFACE_STYLE_FILL_AREA(#10123);
#10120=SURFACE_STYLE_FILL_AREA(#10124);
#10121=FILL_AREA_STYLE('Steel - Satin',(#10125));
#10122=FILL_AREA_STYLE('Silver - Polished',(#10126));
#10123=FILL_AREA_STYLE('Plastic - Translucent Matte (Blue)',(#10127));
#10124=FILL_AREA_STYLE('Plastic - Matte (Black)',(#10128));
#10125=FILL_AREA_STYLE_COLOUR('Steel - Satin',#10129);
#10126=FILL_AREA_STYLE_COLOUR('Silver - Polished',#10130);
#10127=FILL_AREA_STYLE_COLOUR('Plastic - Translucent Matte (Blue)',#10131);
#10128=FILL_AREA_STYLE_COLOUR('Plastic - Matte (Black)',#10132);
#10129=COLOUR_RGB('Steel - Satin',0.627450980392157,0.627450980392157,0.627450980392157);
#10130=COLOUR_RGB('Silver - Polished',0.984313725490196,0.980392156862745,
0.96078431372549);
#10131=COLOUR_RGB('Plastic - Translucent Matte (Blue)',0.643137254901961,
0.490196078431373,0.670588235294118);
#10132=COLOUR_RGB('Plastic - Matte (Black)',0.0980392156862745,0.0980392156862745,
0.0980392156862745);
ENDSEC;
END-ISO-10303-21;
